FPR,TPR,FDR,NPrecision,NRecall,alpha,NTP,NTN,NFP,NFN,NTPR,NFPR,NACC,run,dim
0.0,0.0,0.0,,0.0,0.02,0,4940,0,10,0.0,0.0,0.997979797979798,0,100
0.0,0.0,0.0,,0.0,0.04,0,4940,0,10,0.0,0.0,0.997979797979798,0,100
0.0,0.0,0.0,,0.0,0.06,0,4940,0,10,0.0,0.0,0.997979797979798,0,100
0.0,0.0,0.0,,0.0,0.08,0,4940,0,10,0.0,0.0,0.997979797979798,0,100
0.0,0.0,0.0,,0.0,0.1,0,4940,0,10,0.0,0.0,0.997979797979798,0,100
0.0,0.0,0.0,,0.0,0.12,0,4940,0,10,0.0,0.0,0.997979797979798,0,100
0.0,0.0,0.0,,0.0,0.14,0,4940,0,10,0.0,0.0,0.997979797979798,0,100
0.0,0.0,0.0,,0.0,0.16,0,4940,0,10,0.0,0.0,0.997979797979798,0,100
0.0,0.0,0.0,,0.0,0.18,0,4940,0,10,0.0,0.0,0.997979797979798,0,100
0.0,0.0,0.0,,0.0,0.2,0,4940,0,10,0.0,0.0,0.997979797979798,0,100
0.0,0.0,0.0,,0.0,0.22,0,4940,0,10,0.0,0.0,0.997979797979798,0,100
0.0,0.0,0.0,,0.0,0.24,0,4940,0,10,0.0,0.0,0.997979797979798,0,100
0.0,0.0,0.0,,0.0,0.26,0,4940,0,10,0.0,0.0,0.997979797979798,0,100
0.0,0.0,0.0,,0.0,0.28,0,4940,0,10,0.0,0.0,0.997979797979798,0,100
0.0,0.0,0.0,,0.0,0.3,0,4940,0,10,0.0,0.0,0.997979797979798,0,100
0.0,0.0,0.0,,0.0,0.32,0,4940,0,10,0.0,0.0,0.997979797979798,0,100
0.0,0.0,0.0,,0.0,0.34,0,4940,0,10,0.0,0.0,0.997979797979798,0,100
0.0,0.0,0.0,,0.0,0.36,0,4940,0,10,0.0,0.0,0.997979797979798,0,100
0.0,0.0,0.0,,0.0,0.38,0,4940,0,10,0.0,0.0,0.997979797979798,0,100
0.0,0.0,0.0,,0.0,0.4,0,4940,0,10,0.0,0.0,0.997979797979798,0,100
0.0,0.0,0.0,,0.0,0.42,0,4940,0,10,0.0,0.0,0.997979797979798,0,100
0.0,0.0,0.0,,0.0,0.44,0,4940,0,10,0.0,0.0,0.997979797979798,0,100
0.0,0.0,0.0,,0.0,0.46,0,4940,0,10,0.0,0.0,0.997979797979798,0,100
0.0,0.0,0.0,,0.0,0.48,0,4940,0,10,0.0,0.0,0.997979797979798,0,100
0.0,0.0,0.0,,0.0,0.5,0,4940,0,10,0.0,0.0,0.997979797979798,0,100
0.0,0.0,0.0,,0.0,0.52,0,4940,0,10,0.0,0.0,0.997979797979798,0,100
0.0,0.0,0.0,,0.0,0.54,0,4940,0,10,0.0,0.0,0.997979797979798,0,100
0.002834008097165992,0.0,1.0,0.0,0.0,0.56,0,4926,14,10,0.0,0.002834008097165992,0.9951515151515151,0,100
0.003036437246963563,0.0,1.0,0.0,0.0,0.58,0,4925,15,10,0.0,0.003036437246963563,0.9949494949494949,0,100
0.0034412955465587046,0.0,1.0,0.0,0.0,0.6,0,4923,17,10,0.0,0.0034412955465587046,0.9945454545454545,0,100
0.004251012145748988,0.0,1.0,0.0,0.0,0.62,0,4919,21,10,0.0,0.004251012145748988,0.9937373737373737,0,100
0.00465587044534413,0.0,1.0,0.0,0.0,0.64,0,4917,23,10,0.0,0.00465587044534413,0.9933333333333333,0,100
0.00465587044534413,0.0,1.0,0.0,0.0,0.66,0,4917,23,10,0.0,0.00465587044534413,0.9933333333333333,0,100
0.00465587044534413,0.0,1.0,0.0,0.0,0.68,0,4917,23,10,0.0,0.00465587044534413,0.9933333333333333,0,100
0.004858299595141701,0.0,1.0,0.0,0.0,0.7,0,4916,24,10,0.0,0.004858299595141701,0.9931313131313131,0,100
0.004858299595141701,0.0,1.0,0.0,0.0,0.72,0,4916,24,10,0.0,0.004858299595141701,0.9931313131313131,0,100
0.005263157894736842,0.0,1.0,0.0,0.0,0.74,0,4914,26,10,0.0,0.005263157894736842,0.9927272727272727,0,100
0.005263157894736842,0.0,1.0,0.0,0.0,0.76,0,4914,26,10,0.0,0.005263157894736842,0.9927272727272727,0,100
0.009919028340080972,0.1,0.98,0.02,0.1,0.78,1,4891,49,9,0.1,0.009919028340080972,0.9882828282828283,0,100
0.013967611336032389,0.1,0.9857142857142858,0.014285714285714285,0.1,0.8,1,4871,69,9,0.1,0.013967611336032389,0.9842424242424243,0,100
0.015182186234817813,0.1,0.9868421052631579,0.013157894736842105,0.1,0.82,1,4865,75,9,0.1,0.015182186234817813,0.983030303030303,0,100
0.015182186234817813,0.1,0.9868421052631579,0.013157894736842105,0.1,0.84,1,4865,75,9,0.1,0.015182186234817813,0.983030303030303,0,100
0.016194331983805668,0.1,0.9876543209876543,0.012345679012345678,0.1,0.86,1,4860,80,9,0.1,0.016194331983805668,0.982020202020202,0,100
0.016194331983805668,0.1,0.9876543209876543,0.012345679012345678,0.1,0.88,1,4860,80,9,0.1,0.016194331983805668,0.982020202020202,0,100
0.01720647773279352,0.1,0.9883720930232558,0.011627906976744186,0.1,0.9,1,4855,85,9,0.1,0.01720647773279352,0.981010101010101,0,100
0.01720647773279352,0.1,0.9883720930232558,0.011627906976744186,0.1,0.92,1,4855,85,9,0.1,0.01720647773279352,0.981010101010101,0,100
0.018421052631578946,0.1,0.9891304347826086,0.010869565217391304,0.1,0.94,1,4849,91,9,0.1,0.018421052631578946,0.9797979797979798,0,100
0.018421052631578946,0.1,0.9891304347826086,0.010869565217391304,0.1,0.96,1,4849,91,9,0.1,0.018421052631578946,0.9797979797979798,0,100
0.018421052631578946,0.1,0.9891304347826086,0.010869565217391304,0.1,0.98,1,4849,91,9,0.1,0.018421052631578946,0.9797979797979798,0,100
0.9724696356275304,1.0,0.9979227253842958,0.002077274615704196,1.0,1.0,10,136,4804,0,1.0,0.9724696356275304,0.029494949494949494,0,100
0.0,0.0,0.0,,0.0,0.02,0,4940,0,10,0.0,0.0,0.997979797979798,1,100
0.0,0.0,0.0,,0.0,0.04,0,4940,0,10,0.0,0.0,0.997979797979798,1,100
0.0,0.0,0.0,,0.0,0.06,0,4940,0,10,0.0,0.0,0.997979797979798,1,100
0.0,0.0,0.0,,0.0,0.08,0,4940,0,10,0.0,0.0,0.997979797979798,1,100
0.0,0.0,0.0,,0.0,0.1,0,4940,0,10,0.0,0.0,0.997979797979798,1,100
0.0006072874493927126,0.0,1.0,0.0,0.0,0.12,0,4937,3,10,0.0,0.0006072874493927126,0.9973737373737374,1,100
0.0006072874493927126,0.0,1.0,0.0,0.0,0.14,0,4937,3,10,0.0,0.0006072874493927126,0.9973737373737374,1,100
0.0006072874493927126,0.0,1.0,0.0,0.0,0.16,0,4937,3,10,0.0,0.0006072874493927126,0.9973737373737374,1,100
0.0006072874493927126,0.0,1.0,0.0,0.0,0.18,0,4937,3,10,0.0,0.0006072874493927126,0.9973737373737374,1,100
0.0006072874493927126,0.0,1.0,0.0,0.0,0.2,0,4937,3,10,0.0,0.0006072874493927126,0.9973737373737374,1,100
0.0006072874493927126,0.0,1.0,0.0,0.0,0.22,0,4937,3,10,0.0,0.0006072874493927126,0.9973737373737374,1,100
0.0006072874493927126,0.0,1.0,0.0,0.0,0.24,0,4937,3,10,0.0,0.0006072874493927126,0.9973737373737374,1,100
0.0006072874493927126,0.0,1.0,0.0,0.0,0.26,0,4937,3,10,0.0,0.0006072874493927126,0.9973737373737374,1,100
0.0006072874493927126,0.0,1.0,0.0,0.0,0.28,0,4937,3,10,0.0,0.0006072874493927126,0.9973737373737374,1,100
0.0006072874493927126,0.0,1.0,0.0,0.0,0.3,0,4937,3,10,0.0,0.0006072874493927126,0.9973737373737374,1,100
0.0006072874493927126,0.0,1.0,0.0,0.0,0.32,0,4937,3,10,0.0,0.0006072874493927126,0.9973737373737374,1,100
0.0006072874493927126,0.0,1.0,0.0,0.0,0.34,0,4937,3,10,0.0,0.0006072874493927126,0.9973737373737374,1,100
0.0006072874493927126,0.0,1.0,0.0,0.0,0.36,0,4937,3,10,0.0,0.0006072874493927126,0.9973737373737374,1,100
0.0006072874493927126,0.0,1.0,0.0,0.0,0.38,0,4937,3,10,0.0,0.0006072874493927126,0.9973737373737374,1,100
0.0006072874493927126,0.0,1.0,0.0,0.0,0.4,0,4937,3,10,0.0,0.0006072874493927126,0.9973737373737374,1,100
0.0006072874493927126,0.1,0.75,0.25,0.1,0.42,1,4937,3,9,0.1,0.0006072874493927126,0.9975757575757576,1,100
0.0006072874493927126,0.1,0.75,0.25,0.1,0.44,1,4937,3,9,0.1,0.0006072874493927126,0.9975757575757576,1,100
0.0006072874493927126,0.1,0.75,0.25,0.1,0.46,1,4937,3,9,0.1,0.0006072874493927126,0.9975757575757576,1,100
0.0006072874493927126,0.1,0.75,0.25,0.1,0.48,1,4937,3,9,0.1,0.0006072874493927126,0.9975757575757576,1,100
0.0006072874493927126,0.1,0.75,0.25,0.1,0.5,1,4937,3,9,0.1,0.0006072874493927126,0.9975757575757576,1,100
0.0006072874493927126,0.1,0.75,0.25,0.1,0.52,1,4937,3,9,0.1,0.0006072874493927126,0.9975757575757576,1,100
0.0006072874493927126,0.1,0.75,0.25,0.1,0.54,1,4937,3,9,0.1,0.0006072874493927126,0.9975757575757576,1,100
0.0006072874493927126,0.1,0.75,0.25,0.1,0.56,1,4937,3,9,0.1,0.0006072874493927126,0.9975757575757576,1,100
0.0006072874493927126,0.1,0.75,0.25,0.1,0.58,1,4937,3,9,0.1,0.0006072874493927126,0.9975757575757576,1,100
0.0010121457489878543,0.1,0.8333333333333334,0.16666666666666666,0.1,0.6,1,4935,5,9,0.1,0.0010121457489878543,0.9971717171717172,1,100
0.0010121457489878543,0.1,0.8333333333333334,0.16666666666666666,0.1,0.62,1,4935,5,9,0.1,0.0010121457489878543,0.9971717171717172,1,100
0.0010121457489878543,0.1,0.8333333333333334,0.16666666666666666,0.1,0.64,1,4935,5,9,0.1,0.0010121457489878543,0.9971717171717172,1,100
0.0010121457489878543,0.1,0.8333333333333334,0.16666666666666666,0.1,0.66,1,4935,5,9,0.1,0.0010121457489878543,0.9971717171717172,1,100
0.0010121457489878543,0.1,0.8333333333333334,0.16666666666666666,0.1,0.68,1,4935,5,9,0.1,0.0010121457489878543,0.9971717171717172,1,100
0.0012145748987854252,0.1,0.8571428571428571,0.14285714285714285,0.1,0.7,1,4934,6,9,0.1,0.0012145748987854252,0.996969696969697,1,100
0.001417004048582996,0.1,0.875,0.125,0.1,0.72,1,4933,7,9,0.1,0.001417004048582996,0.9967676767676767,1,100
0.001417004048582996,0.1,0.875,0.125,0.1,0.74,1,4933,7,9,0.1,0.001417004048582996,0.9967676767676767,1,100
0.0018218623481781376,0.1,0.9,0.1,0.1,0.76,1,4931,9,9,0.1,0.0018218623481781376,0.9963636363636363,1,100
0.0024291497975708503,0.1,0.9230769230769231,0.07692307692307693,0.1,0.78,1,4928,12,9,0.1,0.0024291497975708503,0.9957575757575757,1,100
0.0024291497975708503,0.1,0.9230769230769231,0.07692307692307693,0.1,0.8,1,4928,12,9,0.1,0.0024291497975708503,0.9957575757575757,1,100
0.0024291497975708503,0.1,0.9230769230769231,0.07692307692307693,0.1,0.82,1,4928,12,9,0.1,0.0024291497975708503,0.9957575757575757,1,100
0.0024291497975708503,0.1,0.9230769230769231,0.07692307692307693,0.1,0.84,1,4928,12,9,0.1,0.0024291497975708503,0.9957575757575757,1,100
0.02874493927125506,0.2,0.9861111111111112,0.013888888888888888,0.2,0.86,2,4798,142,8,0.2,0.02874493927125506,0.9696969696969697,1,100
0.02874493927125506,0.2,0.9861111111111112,0.013888888888888888,0.2,0.88,2,4798,142,8,0.2,0.02874493927125506,0.9696969696969697,1,100
0.03097165991902834,0.2,0.9870967741935484,0.012903225806451613,0.2,0.9,2,4787,153,8,0.2,0.03097165991902834,0.9674747474747475,1,100
0.03360323886639676,0.2,0.9880952380952381,0.011904761904761904,0.2,0.92,2,4774,166,8,0.2,0.03360323886639676,0.9648484848484848,1,100
0.05445344129554656,0.2,0.992619926199262,0.007380073800738007,0.2,0.94,2,4671,269,8,0.2,0.05445344129554656,0.944040404040404,1,100
0.10182186234817814,0.3,0.9940711462450593,0.005928853754940711,0.3,0.96,3,4437,503,7,0.3,0.10182186234817814,0.896969696969697,1,100
0.12753036437246965,0.5,0.9921259842519685,0.007874015748031496,0.5,0.98,5,4310,630,5,0.5,0.12753036437246965,0.8717171717171717,1,100
0.9700404858299595,1.0,0.9979175343606831,0.0020824656393169513,1.0,1.0,10,148,4792,0,1.0,0.9700404858299595,0.03191919191919192,1,100
0.0,0.0,0.0,,0.0,0.02,0,4940,0,10,0.0,0.0,0.997979797979798,2,100
0.0,0.0,0.0,,0.0,0.04,0,4940,0,10,0.0,0.0,0.997979797979798,2,100
0.0,0.0,0.0,,0.0,0.06,0,4940,0,10,0.0,0.0,0.997979797979798,2,100
0.0,0.0,0.0,,0.0,0.08,0,4940,0,10,0.0,0.0,0.997979797979798,2,100
0.0,0.0,0.0,,0.0,0.1,0,4940,0,10,0.0,0.0,0.997979797979798,2,100
0.0,0.0,0.0,,0.0,0.12,0,4940,0,10,0.0,0.0,0.997979797979798,2,100
0.00020242914979757084,0.0,1.0,0.0,0.0,0.14,0,4939,1,10,0.0,0.00020242914979757084,0.9977777777777778,2,100
0.00020242914979757084,0.0,1.0,0.0,0.0,0.16,0,4939,1,10,0.0,0.00020242914979757084,0.9977777777777778,2,100
0.00020242914979757084,0.0,1.0,0.0,0.0,0.18,0,4939,1,10,0.0,0.00020242914979757084,0.9977777777777778,2,100
0.00020242914979757084,0.0,1.0,0.0,0.0,0.2,0,4939,1,10,0.0,0.00020242914979757084,0.9977777777777778,2,100
0.00020242914979757084,0.0,1.0,0.0,0.0,0.22,0,4939,1,10,0.0,0.00020242914979757084,0.9977777777777778,2,100
0.00020242914979757084,0.0,1.0,0.0,0.0,0.24,0,4939,1,10,0.0,0.00020242914979757084,0.9977777777777778,2,100
0.00020242914979757084,0.0,1.0,0.0,0.0,0.26,0,4939,1,10,0.0,0.00020242914979757084,0.9977777777777778,2,100
0.00020242914979757084,0.0,1.0,0.0,0.0,0.28,0,4939,1,10,0.0,0.00020242914979757084,0.9977777777777778,2,100
0.0004048582995951417,0.0,1.0,0.0,0.0,0.3,0,4938,2,10,0.0,0.0004048582995951417,0.9975757575757576,2,100
0.0004048582995951417,0.0,1.0,0.0,0.0,0.32,0,4938,2,10,0.0,0.0004048582995951417,0.9975757575757576,2,100
0.0004048582995951417,0.0,1.0,0.0,0.0,0.34,0,4938,2,10,0.0,0.0004048582995951417,0.9975757575757576,2,100
0.0004048582995951417,0.0,1.0,0.0,0.0,0.36,0,4938,2,10,0.0,0.0004048582995951417,0.9975757575757576,2,100
0.0004048582995951417,0.0,1.0,0.0,0.0,0.38,0,4938,2,10,0.0,0.0004048582995951417,0.9975757575757576,2,100
0.0008097165991902834,0.0,1.0,0.0,0.0,0.4,0,4936,4,10,0.0,0.0008097165991902834,0.9971717171717172,2,100
0.0008097165991902834,0.0,1.0,0.0,0.0,0.42,0,4936,4,10,0.0,0.0008097165991902834,0.9971717171717172,2,100
0.001417004048582996,0.0,1.0,0.0,0.0,0.44,0,4933,7,10,0.0,0.001417004048582996,0.9965656565656565,2,100
0.003036437246963563,0.2,0.8823529411764706,0.11764705882352941,0.2,0.46,2,4925,15,8,0.2,0.003036437246963563,0.9953535353535353,2,100
0.003036437246963563,0.2,0.8823529411764706,0.11764705882352941,0.2,0.48,2,4925,15,8,0.2,0.003036437246963563,0.9953535353535353,2,100
0.0032388663967611335,0.2,0.8888888888888888,0.1111111111111111,0.2,0.5,2,4924,16,8,0.2,0.0032388663967611335,0.9951515151515151,2,100
0.0032388663967611335,0.2,0.8888888888888888,0.1111111111111111,0.2,0.52,2,4924,16,8,0.2,0.0032388663967611335,0.9951515151515151,2,100
0.0034412955465587046,0.2,0.8947368421052632,0.10526315789473684,0.2,0.54,2,4923,17,8,0.2,0.0034412955465587046,0.9949494949494949,2,100
0.0034412955465587046,0.2,0.8947368421052632,0.10526315789473684,0.2,0.56,2,4923,17,8,0.2,0.0034412955465587046,0.9949494949494949,2,100
0.0034412955465587046,0.2,0.8947368421052632,0.10526315789473684,0.2,0.58,2,4923,17,8,0.2,0.0034412955465587046,0.9949494949494949,2,100
0.0036437246963562753,0.2,0.9,0.1,0.2,0.6,2,4922,18,8,0.2,0.0036437246963562753,0.9947474747474747,2,100
0.004048582995951417,0.2,0.9090909090909091,0.09090909090909091,0.2,0.62,2,4920,20,8,0.2,0.004048582995951417,0.9943434343434343,2,100
0.004048582995951417,0.2,0.9090909090909091,0.09090909090909091,0.2,0.64,2,4920,20,8,0.2,0.004048582995951417,0.9943434343434343,2,100
0.004453441295546558,0.2,0.9166666666666666,0.08333333333333333,0.2,0.66,2,4918,22,8,0.2,0.004453441295546558,0.9939393939393939,2,100
0.005060728744939271,0.2,0.9259259259259259,0.07407407407407407,0.2,0.68,2,4915,25,8,0.2,0.005060728744939271,0.9933333333333333,2,100
0.010931174089068825,0.3,0.9473684210526315,0.05263157894736842,0.3,0.7,3,4886,54,7,0.3,0.010931174089068825,0.9876767676767677,2,100
0.010931174089068825,0.3,0.9473684210526315,0.05263157894736842,0.3,0.72,3,4886,54,7,0.3,0.010931174089068825,0.9876767676767677,2,100
0.013360323886639677,0.3,0.9565217391304348,0.043478260869565216,0.3,0.74,3,4874,66,7,0.3,0.013360323886639677,0.9852525252525253,2,100
0.013360323886639677,0.3,0.9565217391304348,0.043478260869565216,0.3,0.76,3,4874,66,7,0.3,0.013360323886639677,0.9852525252525253,2,100
0.016194331983805668,0.3,0.963855421686747,0.03614457831325301,0.3,0.78,3,4860,80,7,0.3,0.016194331983805668,0.9824242424242424,2,100
0.016194331983805668,0.3,0.963855421686747,0.03614457831325301,0.3,0.8,3,4860,80,7,0.3,0.016194331983805668,0.9824242424242424,2,100
0.017611336032388663,0.3,0.9666666666666667,0.03333333333333333,0.3,0.82,3,4853,87,7,0.3,0.017611336032388663,0.981010101010101,2,100
0.027732793522267207,0.3,0.9785714285714285,0.02142857142857143,0.3,0.84,3,4803,137,7,0.3,0.027732793522267207,0.9709090909090909,2,100
0.030364372469635626,0.3,0.9803921568627451,0.0196078431372549,0.3,0.86,3,4790,150,7,0.3,0.030364372469635626,0.9682828282828283,2,100
0.03279352226720648,0.3,0.9818181818181818,0.01818181818181818,0.3,0.88,3,4778,162,7,0.3,0.03279352226720648,0.9658585858585859,2,100
0.06558704453441296,0.4,0.9878048780487805,0.012195121951219513,0.4,0.9,4,4616,324,6,0.4,0.06558704453441296,0.9333333333333333,2,100
0.0854251012145749,0.5,0.9882903981264637,0.0117096018735363,0.5,0.92,5,4518,422,5,0.5,0.0854251012145749,0.9137373737373737,2,100
0.10121457489878542,0.5,0.9900990099009901,0.009900990099009901,0.5,0.94,5,4440,500,5,0.5,0.10121457489878542,0.897979797979798,2,100
0.11700404858299596,0.7,0.9880341880341881,0.011965811965811967,0.7,0.96,7,4362,578,3,0.7,0.11700404858299596,0.8826262626262626,2,100
0.21781376518218623,0.8,0.992619926199262,0.007380073800738007,0.8,0.98,8,3864,1076,2,0.8,0.21781376518218623,0.7822222222222223,2,100
0.9700404858299595,1.0,0.9979175343606831,0.0020824656393169513,1.0,1.0,10,148,4792,0,1.0,0.9700404858299595,0.03191919191919192,2,100
0.0,0.0,0.0,,0.0,0.02,0,4940,0,10,0.0,0.0,0.997979797979798,3,100
0.0,0.0,0.0,,0.0,0.04,0,4940,0,10,0.0,0.0,0.997979797979798,3,100
0.0,0.0,0.0,,0.0,0.06,0,4940,0,10,0.0,0.0,0.997979797979798,3,100
0.0,0.0,0.0,,0.0,0.08,0,4940,0,10,0.0,0.0,0.997979797979798,3,100
0.0,0.0,0.0,,0.0,0.1,0,4940,0,10,0.0,0.0,0.997979797979798,3,100
0.0,0.0,0.0,,0.0,0.12,0,4940,0,10,0.0,0.0,0.997979797979798,3,100
0.0,0.0,0.0,,0.0,0.14,0,4940,0,10,0.0,0.0,0.997979797979798,3,100
0.0,0.0,0.0,,0.0,0.16,0,4940,0,10,0.0,0.0,0.997979797979798,3,100
0.0,0.0,0.0,,0.0,0.18,0,4940,0,10,0.0,0.0,0.997979797979798,3,100
0.0,0.0,0.0,,0.0,0.2,0,4940,0,10,0.0,0.0,0.997979797979798,3,100
0.0,0.0,0.0,,0.0,0.22,0,4940,0,10,0.0,0.0,0.997979797979798,3,100
0.0,0.0,0.0,,0.0,0.24,0,4940,0,10,0.0,0.0,0.997979797979798,3,100
0.0,0.0,0.0,,0.0,0.26,0,4940,0,10,0.0,0.0,0.997979797979798,3,100
0.0,0.0,0.0,,0.0,0.28,0,4940,0,10,0.0,0.0,0.997979797979798,3,100
0.0,0.0,0.0,,0.0,0.3,0,4940,0,10,0.0,0.0,0.997979797979798,3,100
0.0,0.0,0.0,,0.0,0.32,0,4940,0,10,0.0,0.0,0.997979797979798,3,100
0.0,0.0,0.0,,0.0,0.34,0,4940,0,10,0.0,0.0,0.997979797979798,3,100
0.0,0.0,0.0,,0.0,0.36,0,4940,0,10,0.0,0.0,0.997979797979798,3,100
0.0,0.0,0.0,,0.0,0.38,0,4940,0,10,0.0,0.0,0.997979797979798,3,100
0.0,0.0,0.0,,0.0,0.4,0,4940,0,10,0.0,0.0,0.997979797979798,3,100
0.0,0.0,0.0,,0.0,0.42,0,4940,0,10,0.0,0.0,0.997979797979798,3,100
0.0,0.0,0.0,,0.0,0.44,0,4940,0,10,0.0,0.0,0.997979797979798,3,100
0.0,0.0,0.0,,0.0,0.46,0,4940,0,10,0.0,0.0,0.997979797979798,3,100
0.0,0.0,0.0,,0.0,0.48,0,4940,0,10,0.0,0.0,0.997979797979798,3,100
0.0,0.0,0.0,,0.0,0.5,0,4940,0,10,0.0,0.0,0.997979797979798,3,100
0.0,0.0,0.0,,0.0,0.52,0,4940,0,10,0.0,0.0,0.997979797979798,3,100
0.0,0.0,0.0,,0.0,0.54,0,4940,0,10,0.0,0.0,0.997979797979798,3,100
0.0,0.0,0.0,,0.0,0.56,0,4940,0,10,0.0,0.0,0.997979797979798,3,100
0.0,0.0,0.0,,0.0,0.58,0,4940,0,10,0.0,0.0,0.997979797979798,3,100
0.0,0.0,0.0,,0.0,0.6,0,4940,0,10,0.0,0.0,0.997979797979798,3,100
0.0,0.0,0.0,,0.0,0.62,0,4940,0,10,0.0,0.0,0.997979797979798,3,100
0.0,0.0,0.0,,0.0,0.64,0,4940,0,10,0.0,0.0,0.997979797979798,3,100
0.0,0.0,0.0,,0.0,0.66,0,4940,0,10,0.0,0.0,0.997979797979798,3,100
0.0,0.0,0.0,,0.0,0.68,0,4940,0,10,0.0,0.0,0.997979797979798,3,100
0.0,0.0,0.0,,0.0,0.7,0,4940,0,10,0.0,0.0,0.997979797979798,3,100
0.0036437246963562753,0.0,1.0,0.0,0.0,0.72,0,4922,18,10,0.0,0.0036437246963562753,0.9943434343434343,3,100
0.0036437246963562753,0.0,1.0,0.0,0.0,0.74,0,4922,18,10,0.0,0.0036437246963562753,0.9943434343434343,3,100
0.005465587044534413,0.1,0.9642857142857143,0.03571428571428571,0.1,0.76,1,4913,27,9,0.1,0.005465587044534413,0.9927272727272727,3,100
0.00951417004048583,0.1,0.9791666666666666,0.020833333333333332,0.1,0.78,1,4893,47,9,0.1,0.00951417004048583,0.9886868686868687,3,100
0.01639676113360324,0.1,0.9878048780487805,0.012195121951219513,0.1,0.8,1,4859,81,9,0.1,0.01639676113360324,0.9818181818181818,3,100
0.01639676113360324,0.1,0.9878048780487805,0.012195121951219513,0.1,0.82,1,4859,81,9,0.1,0.01639676113360324,0.9818181818181818,3,100
0.019230769230769232,0.2,0.979381443298969,0.020618556701030927,0.2,0.84,2,4845,95,8,0.2,0.019230769230769232,0.9791919191919192,3,100
0.020445344129554656,0.2,0.9805825242718447,0.019417475728155338,0.2,0.86,2,4839,101,8,0.2,0.020445344129554656,0.977979797979798,3,100
0.022267206477732792,0.2,0.9821428571428571,0.017857142857142856,0.2,0.88,2,4830,110,8,0.2,0.022267206477732792,0.9761616161616161,3,100
0.022267206477732792,0.2,0.9821428571428571,0.017857142857142856,0.2,0.9,2,4830,110,8,0.2,0.022267206477732792,0.9761616161616161,3,100
0.04149797570850203,0.3,0.9855769230769231,0.014423076923076924,0.3,0.92,3,4735,205,7,0.3,0.04149797570850203,0.9571717171717171,3,100
0.04149797570850203,0.3,0.9855769230769231,0.014423076923076924,0.3,0.94,3,4735,205,7,0.3,0.04149797570850203,0.9571717171717171,3,100
0.10931174089068826,0.4,0.9926470588235294,0.007352941176470588,0.4,0.96,4,4400,540,6,0.4,0.10931174089068826,0.8896969696969697,3,100
0.12469635627530365,0.4,0.9935483870967742,0.0064516129032258064,0.4,0.98,4,4324,616,6,0.4,0.12469635627530365,0.8743434343434343,3,100
0.6091093117408907,0.7,0.9976790450928382,0.0023209549071618036,0.7,1.0,7,1931,3009,3,0.7,0.6091093117408907,0.39151515151515154,3,100
0.0,0.0,0.0,,0.0,0.02,0,4940,0,10,0.0,0.0,0.997979797979798,4,100
0.0,0.0,0.0,,0.0,0.04,0,4940,0,10,0.0,0.0,0.997979797979798,4,100
0.0,0.0,0.0,,0.0,0.06,0,4940,0,10,0.0,0.0,0.997979797979798,4,100
0.0,0.0,0.0,,0.0,0.08,0,4940,0,10,0.0,0.0,0.997979797979798,4,100
0.0,0.0,0.0,,0.0,0.1,0,4940,0,10,0.0,0.0,0.997979797979798,4,100
0.0,0.0,0.0,,0.0,0.12,0,4940,0,10,0.0,0.0,0.997979797979798,4,100
0.0,0.0,0.0,,0.0,0.14,0,4940,0,10,0.0,0.0,0.997979797979798,4,100
0.0,0.0,0.0,,0.0,0.16,0,4940,0,10,0.0,0.0,0.997979797979798,4,100
0.0,0.0,0.0,,0.0,0.18,0,4940,0,10,0.0,0.0,0.997979797979798,4,100
0.0,0.0,0.0,,0.0,0.2,0,4940,0,10,0.0,0.0,0.997979797979798,4,100
0.0,0.0,0.0,,0.0,0.22,0,4940,0,10,0.0,0.0,0.997979797979798,4,100
0.00020242914979757084,0.0,1.0,0.0,0.0,0.24,0,4939,1,10,0.0,0.00020242914979757084,0.9977777777777778,4,100
0.00020242914979757084,0.0,1.0,0.0,0.0,0.26,0,4939,1,10,0.0,0.00020242914979757084,0.9977777777777778,4,100
0.00020242914979757084,0.0,1.0,0.0,0.0,0.28,0,4939,1,10,0.0,0.00020242914979757084,0.9977777777777778,4,100
0.00020242914979757084,0.0,1.0,0.0,0.0,0.3,0,4939,1,10,0.0,0.00020242914979757084,0.9977777777777778,4,100
0.00020242914979757084,0.0,1.0,0.0,0.0,0.32,0,4939,1,10,0.0,0.00020242914979757084,0.9977777777777778,4,100
0.00020242914979757084,0.0,1.0,0.0,0.0,0.34,0,4939,1,10,0.0,0.00020242914979757084,0.9977777777777778,4,100
0.00020242914979757084,0.0,1.0,0.0,0.0,0.36,0,4939,1,10,0.0,0.00020242914979757084,0.9977777777777778,4,100
0.00020242914979757084,0.0,1.0,0.0,0.0,0.38,0,4939,1,10,0.0,0.00020242914979757084,0.9977777777777778,4,100
0.00020242914979757084,0.0,1.0,0.0,0.0,0.4,0,4939,1,10,0.0,0.00020242914979757084,0.9977777777777778,4,100
0.00020242914979757084,0.0,1.0,0.0,0.0,0.42,0,4939,1,10,0.0,0.00020242914979757084,0.9977777777777778,4,100
0.00020242914979757084,0.0,1.0,0.0,0.0,0.44,0,4939,1,10,0.0,0.00020242914979757084,0.9977777777777778,4,100
0.00020242914979757084,0.0,1.0,0.0,0.0,0.46,0,4939,1,10,0.0,0.00020242914979757084,0.9977777777777778,4,100
0.00020242914979757084,0.0,1.0,0.0,0.0,0.48,0,4939,1,10,0.0,0.00020242914979757084,0.9977777777777778,4,100
0.00020242914979757084,0.0,1.0,0.0,0.0,0.5,0,4939,1,10,0.0,0.00020242914979757084,0.9977777777777778,4,100
0.00020242914979757084,0.0,1.0,0.0,0.0,0.52,0,4939,1,10,0.0,0.00020242914979757084,0.9977777777777778,4,100
0.00020242914979757084,0.0,1.0,0.0,0.0,0.54,0,4939,1,10,0.0,0.00020242914979757084,0.9977777777777778,4,100
0.00020242914979757084,0.0,1.0,0.0,0.0,0.56,0,4939,1,10,0.0,0.00020242914979757084,0.9977777777777778,4,100
0.00020242914979757084,0.0,1.0,0.0,0.0,0.58,0,4939,1,10,0.0,0.00020242914979757084,0.9977777777777778,4,100
0.00020242914979757084,0.0,1.0,0.0,0.0,0.6,0,4939,1,10,0.0,0.00020242914979757084,0.9977777777777778,4,100
0.00020242914979757084,0.0,1.0,0.0,0.0,0.62,0,4939,1,10,0.0,0.00020242914979757084,0.9977777777777778,4,100
0.00020242914979757084,0.0,1.0,0.0,0.0,0.64,0,4939,1,10,0.0,0.00020242914979757084,0.9977777777777778,4,100
0.007489878542510121,0.0,1.0,0.0,0.0,0.66,0,4903,37,10,0.0,0.007489878542510121,0.9905050505050506,4,100
0.008299595141700405,0.0,1.0,0.0,0.0,0.68,0,4899,41,10,0.0,0.008299595141700405,0.9896969696969697,4,100
0.008299595141700405,0.0,1.0,0.0,0.0,0.7,0,4899,41,10,0.0,0.008299595141700405,0.9896969696969697,4,100
0.008906882591093117,0.0,1.0,0.0,0.0,0.72,0,4896,44,10,0.0,0.008906882591093117,0.9890909090909091,4,100
0.009919028340080972,0.0,1.0,0.0,0.0,0.74,0,4891,49,10,0.0,0.009919028340080972,0.9880808080808081,4,100
0.009919028340080972,0.0,1.0,0.0,0.0,0.76,0,4891,49,10,0.0,0.009919028340080972,0.9880808080808081,4,100
0.010526315789473684,0.0,1.0,0.0,0.0,0.78,0,4888,52,10,0.0,0.010526315789473684,0.9874747474747475,4,100
0.010526315789473684,0.0,1.0,0.0,0.0,0.8,0,4888,52,10,0.0,0.010526315789473684,0.9874747474747475,4,100
0.012753036437246963,0.0,1.0,0.0,0.0,0.82,0,4877,63,10,0.0,0.012753036437246963,0.9852525252525253,4,100
0.013967611336032389,0.0,1.0,0.0,0.0,0.84,0,4871,69,10,0.0,0.013967611336032389,0.984040404040404,4,100
0.017408906882591092,0.1,0.9885057471264368,0.011494252873563218,0.1,0.86,1,4854,86,9,0.1,0.017408906882591092,0.9808080808080808,4,100
0.029554655870445343,0.2,0.9864864864864865,0.013513513513513514,0.2,0.88,2,4794,146,8,0.2,0.029554655870445343,0.9688888888888889,4,100
0.03906882591093117,0.2,0.9897435897435898,0.010256410256410256,0.2,0.9,2,4747,193,8,0.2,0.03906882591093117,0.9593939393939394,4,100
0.03906882591093117,0.2,0.9897435897435898,0.010256410256410256,0.2,0.92,2,4747,193,8,0.2,0.03906882591093117,0.9593939393939394,4,100
0.060931174089068826,0.3,0.9901315789473685,0.009868421052631578,0.3,0.94,3,4639,301,7,0.3,0.060931174089068826,0.9377777777777778,4,100
0.06619433198380567,0.3,0.990909090909091,0.00909090909090909,0.3,0.96,3,4613,327,7,0.3,0.06619433198380567,0.9325252525252525,4,100
0.07105263157894737,0.3,0.9915254237288136,0.00847457627118644,0.3,0.98,3,4589,351,7,0.3,0.07105263157894737,0.9276767676767677,4,100
0.97165991902834,0.9,0.9981285090455396,0.0018714909544603868,0.9,1.0,9,140,4800,1,0.9,0.97165991902834,0.0301010101010101,4,100
0.0,0.0,0.0,,0.0,0.02,0,4940,0,10,0.0,0.0,0.997979797979798,5,100
0.0,0.0,0.0,,0.0,0.04,0,4940,0,10,0.0,0.0,0.997979797979798,5,100
0.0,0.0,0.0,,0.0,0.06,0,4940,0,10,0.0,0.0,0.997979797979798,5,100
0.0,0.0,0.0,,0.0,0.08,0,4940,0,10,0.0,0.0,0.997979797979798,5,100
0.0,0.0,0.0,,0.0,0.1,0,4940,0,10,0.0,0.0,0.997979797979798,5,100
0.0004048582995951417,0.0,1.0,0.0,0.0,0.12,0,4938,2,10,0.0,0.0004048582995951417,0.9975757575757576,5,100
0.0004048582995951417,0.0,1.0,0.0,0.0,0.14,0,4938,2,10,0.0,0.0004048582995951417,0.9975757575757576,5,100
0.0004048582995951417,0.0,1.0,0.0,0.0,0.16,0,4938,2,10,0.0,0.0004048582995951417,0.9975757575757576,5,100
0.0004048582995951417,0.0,1.0,0.0,0.0,0.18,0,4938,2,10,0.0,0.0004048582995951417,0.9975757575757576,5,100
0.0004048582995951417,0.0,1.0,0.0,0.0,0.2,0,4938,2,10,0.0,0.0004048582995951417,0.9975757575757576,5,100
0.0004048582995951417,0.0,1.0,0.0,0.0,0.22,0,4938,2,10,0.0,0.0004048582995951417,0.9975757575757576,5,100
0.0004048582995951417,0.0,1.0,0.0,0.0,0.24,0,4938,2,10,0.0,0.0004048582995951417,0.9975757575757576,5,100
0.0004048582995951417,0.0,1.0,0.0,0.0,0.26,0,4938,2,10,0.0,0.0004048582995951417,0.9975757575757576,5,100
0.0004048582995951417,0.0,1.0,0.0,0.0,0.28,0,4938,2,10,0.0,0.0004048582995951417,0.9975757575757576,5,100
0.0004048582995951417,0.0,1.0,0.0,0.0,0.3,0,4938,2,10,0.0,0.0004048582995951417,0.9975757575757576,5,100
0.0004048582995951417,0.0,1.0,0.0,0.0,0.32,0,4938,2,10,0.0,0.0004048582995951417,0.9975757575757576,5,100
0.0004048582995951417,0.0,1.0,0.0,0.0,0.34,0,4938,2,10,0.0,0.0004048582995951417,0.9975757575757576,5,100
0.0004048582995951417,0.0,1.0,0.0,0.0,0.36,0,4938,2,10,0.0,0.0004048582995951417,0.9975757575757576,5,100
0.0004048582995951417,0.0,1.0,0.0,0.0,0.38,0,4938,2,10,0.0,0.0004048582995951417,0.9975757575757576,5,100
0.0004048582995951417,0.0,1.0,0.0,0.0,0.4,0,4938,2,10,0.0,0.0004048582995951417,0.9975757575757576,5,100
0.0004048582995951417,0.0,1.0,0.0,0.0,0.42,0,4938,2,10,0.0,0.0004048582995951417,0.9975757575757576,5,100
0.0004048582995951417,0.0,1.0,0.0,0.0,0.44,0,4938,2,10,0.0,0.0004048582995951417,0.9975757575757576,5,100
0.0004048582995951417,0.0,1.0,0.0,0.0,0.46,0,4938,2,10,0.0,0.0004048582995951417,0.9975757575757576,5,100
0.0004048582995951417,0.0,1.0,0.0,0.0,0.48,0,4938,2,10,0.0,0.0004048582995951417,0.9975757575757576,5,100
0.0004048582995951417,0.0,1.0,0.0,0.0,0.5,0,4938,2,10,0.0,0.0004048582995951417,0.9975757575757576,5,100
0.0016194331983805667,0.0,1.0,0.0,0.0,0.52,0,4932,8,10,0.0,0.0016194331983805667,0.9963636363636363,5,100
0.0018218623481781376,0.0,1.0,0.0,0.0,0.54,0,4931,9,10,0.0,0.0018218623481781376,0.9961616161616161,5,100
0.0018218623481781376,0.0,1.0,0.0,0.0,0.56,0,4931,9,10,0.0,0.0018218623481781376,0.9961616161616161,5,100
0.0018218623481781376,0.0,1.0,0.0,0.0,0.58,0,4931,9,10,0.0,0.0018218623481781376,0.9961616161616161,5,100
0.0018218623481781376,0.0,1.0,0.0,0.0,0.6,0,4931,9,10,0.0,0.0018218623481781376,0.9961616161616161,5,100
0.0018218623481781376,0.0,1.0,0.0,0.0,0.62,0,4931,9,10,0.0,0.0018218623481781376,0.9961616161616161,5,100
0.0018218623481781376,0.0,1.0,0.0,0.0,0.64,0,4931,9,10,0.0,0.0018218623481781376,0.9961616161616161,5,100
0.0018218623481781376,0.0,1.0,0.0,0.0,0.66,0,4931,9,10,0.0,0.0018218623481781376,0.9961616161616161,5,100
0.0018218623481781376,0.0,1.0,0.0,0.0,0.68,0,4931,9,10,0.0,0.0018218623481781376,0.9961616161616161,5,100
0.0018218623481781376,0.0,1.0,0.0,0.0,0.7,0,4931,9,10,0.0,0.0018218623481781376,0.9961616161616161,5,100
0.0032388663967611335,0.0,1.0,0.0,0.0,0.72,0,4924,16,10,0.0,0.0032388663967611335,0.9947474747474747,5,100
0.015182186234817813,0.0,1.0,0.0,0.0,0.74,0,4865,75,10,0.0,0.015182186234817813,0.9828282828282828,5,100
0.029352226720647773,0.0,1.0,0.0,0.0,0.76,0,4795,145,10,0.0,0.029352226720647773,0.9686868686868687,5,100
0.035222672064777326,0.1,0.9942857142857143,0.005714285714285714,0.1,0.78,1,4766,174,9,0.1,0.035222672064777326,0.963030303030303,5,100
0.03825910931174089,0.2,0.9895287958115183,0.010471204188481676,0.2,0.8,2,4751,189,8,0.2,0.03825910931174089,0.9602020202020202,5,100
0.05526315789473684,0.2,0.9927272727272727,0.007272727272727273,0.2,0.82,2,4667,273,8,0.2,0.05526315789473684,0.9432323232323232,5,100
0.0597165991902834,0.2,0.9932659932659933,0.006734006734006734,0.2,0.84,2,4645,295,8,0.2,0.0597165991902834,0.9387878787878788,5,100
0.06518218623481781,0.2,0.9938271604938271,0.006172839506172839,0.2,0.86,2,4618,322,8,0.2,0.06518218623481781,0.9333333333333333,5,100
0.0757085020242915,0.3,0.9920424403183024,0.007957559681697613,0.3,0.88,3,4566,374,7,0.3,0.0757085020242915,0.923030303030303,5,100
0.08137651821862348,0.4,0.9901477832512315,0.009852216748768473,0.4,0.9,4,4538,402,6,0.4,0.08137651821862348,0.9175757575757576,5,100
0.0874493927125506,0.4,0.9908256880733946,0.009174311926605505,0.4,0.92,4,4508,432,6,0.4,0.0874493927125506,0.9115151515151515,5,100
0.11133603238866396,0.4,0.9927797833935018,0.007220216606498195,0.4,0.94,4,4390,550,6,0.4,0.11133603238866396,0.8876767676767677,5,100
0.15040485829959513,0.5,0.9933155080213903,0.0066844919786096255,0.5,0.96,5,4197,743,5,0.5,0.15040485829959513,0.8488888888888889,5,100
0.21680161943319837,0.5,0.9953531598513011,0.004646840148698885,0.5,0.98,5,3869,1071,5,0.5,0.21680161943319837,0.7826262626262627,5,100
0.9006072874493927,1.0,0.9977573446961202,0.002242655303879794,1.0,1.0,10,491,4449,0,1.0,0.9006072874493927,0.10121212121212121,5,100
0.00020242914979757084,0.0,1.0,0.0,0.0,0.02,0,4939,1,10,0.0,0.00020242914979757084,0.9977777777777778,6,100
0.00020242914979757084,0.0,1.0,0.0,0.0,0.04,0,4939,1,10,0.0,0.00020242914979757084,0.9977777777777778,6,100
0.00020242914979757084,0.0,1.0,0.0,0.0,0.06,0,4939,1,10,0.0,0.00020242914979757084,0.9977777777777778,6,100
0.00020242914979757084,0.0,1.0,0.0,0.0,0.08,0,4939,1,10,0.0,0.00020242914979757084,0.9977777777777778,6,100
0.00020242914979757084,0.0,1.0,0.0,0.0,0.1,0,4939,1,10,0.0,0.00020242914979757084,0.9977777777777778,6,100
0.0004048582995951417,0.0,1.0,0.0,0.0,0.12,0,4938,2,10,0.0,0.0004048582995951417,0.9975757575757576,6,100
0.0004048582995951417,0.0,1.0,0.0,0.0,0.14,0,4938,2,10,0.0,0.0004048582995951417,0.9975757575757576,6,100
0.0004048582995951417,0.0,1.0,0.0,0.0,0.16,0,4938,2,10,0.0,0.0004048582995951417,0.9975757575757576,6,100
0.0004048582995951417,0.0,1.0,0.0,0.0,0.18,0,4938,2,10,0.0,0.0004048582995951417,0.9975757575757576,6,100
0.0004048582995951417,0.0,1.0,0.0,0.0,0.2,0,4938,2,10,0.0,0.0004048582995951417,0.9975757575757576,6,100
0.0004048582995951417,0.0,1.0,0.0,0.0,0.22,0,4938,2,10,0.0,0.0004048582995951417,0.9975757575757576,6,100
0.0004048582995951417,0.0,1.0,0.0,0.0,0.24,0,4938,2,10,0.0,0.0004048582995951417,0.9975757575757576,6,100
0.0004048582995951417,0.0,1.0,0.0,0.0,0.26,0,4938,2,10,0.0,0.0004048582995951417,0.9975757575757576,6,100
0.0006072874493927126,0.0,1.0,0.0,0.0,0.28,0,4937,3,10,0.0,0.0006072874493927126,0.9973737373737374,6,100
0.0006072874493927126,0.0,1.0,0.0,0.0,0.3,0,4937,3,10,0.0,0.0006072874493927126,0.9973737373737374,6,100
0.0006072874493927126,0.0,1.0,0.0,0.0,0.32,0,4937,3,10,0.0,0.0006072874493927126,0.9973737373737374,6,100
0.0006072874493927126,0.0,1.0,0.0,0.0,0.34,0,4937,3,10,0.0,0.0006072874493927126,0.9973737373737374,6,100
0.0006072874493927126,0.0,1.0,0.0,0.0,0.36,0,4937,3,10,0.0,0.0006072874493927126,0.9973737373737374,6,100
0.0016194331983805667,0.0,1.0,0.0,0.0,0.38,0,4932,8,10,0.0,0.0016194331983805667,0.9963636363636363,6,100
0.0016194331983805667,0.0,1.0,0.0,0.0,0.4,0,4932,8,10,0.0,0.0016194331983805667,0.9963636363636363,6,100
0.0016194331983805667,0.0,1.0,0.0,0.0,0.42,0,4932,8,10,0.0,0.0016194331983805667,0.9963636363636363,6,100
0.0016194331983805667,0.0,1.0,0.0,0.0,0.44,0,4932,8,10,0.0,0.0016194331983805667,0.9963636363636363,6,100
0.0016194331983805667,0.0,1.0,0.0,0.0,0.46,0,4932,8,10,0.0,0.0016194331983805667,0.9963636363636363,6,100
0.002834008097165992,0.1,0.9333333333333333,0.06666666666666667,0.1,0.48,1,4926,14,9,0.1,0.002834008097165992,0.9953535353535353,6,100
0.002834008097165992,0.1,0.9333333333333333,0.06666666666666667,0.1,0.5,1,4926,14,9,0.1,0.002834008097165992,0.9953535353535353,6,100
0.002834008097165992,0.1,0.9333333333333333,0.06666666666666667,0.1,0.52,1,4926,14,9,0.1,0.002834008097165992,0.9953535353535353,6,100
0.002834008097165992,0.1,0.9333333333333333,0.06666666666666667,0.1,0.54,1,4926,14,9,0.1,0.002834008097165992,0.9953535353535353,6,100
0.002834008097165992,0.1,0.9333333333333333,0.06666666666666667,0.1,0.56,1,4926,14,9,0.1,0.002834008097165992,0.9953535353535353,6,100
0.002834008097165992,0.1,0.9333333333333333,0.06666666666666667,0.1,0.58,1,4926,14,9,0.1,0.002834008097165992,0.9953535353535353,6,100
0.002834008097165992,0.1,0.9333333333333333,0.06666666666666667,0.1,0.6,1,4926,14,9,0.1,0.002834008097165992,0.9953535353535353,6,100
0.003036437246963563,0.1,0.9375,0.0625,0.1,0.62,1,4925,15,9,0.1,0.003036437246963563,0.9951515151515151,6,100
0.003036437246963563,0.1,0.9375,0.0625,0.1,0.64,1,4925,15,9,0.1,0.003036437246963563,0.9951515151515151,6,100
0.0034412955465587046,0.1,0.9444444444444444,0.05555555555555555,0.1,0.66,1,4923,17,9,0.1,0.0034412955465587046,0.9947474747474747,6,100
0.008299595141700405,0.2,0.9534883720930233,0.046511627906976744,0.2,0.68,2,4899,41,8,0.2,0.008299595141700405,0.9901010101010101,6,100
0.008299595141700405,0.2,0.9534883720930233,0.046511627906976744,0.2,0.7,2,4899,41,8,0.2,0.008299595141700405,0.9901010101010101,6,100
0.009109311740890687,0.2,0.9574468085106383,0.0425531914893617,0.2,0.72,2,4895,45,8,0.2,0.009109311740890687,0.9892929292929293,6,100
0.010121457489878543,0.3,0.9433962264150944,0.05660377358490566,0.3,0.74,3,4890,50,7,0.3,0.010121457489878543,0.9884848484848485,6,100
0.010121457489878543,0.3,0.9433962264150944,0.05660377358490566,0.3,0.76,3,4890,50,7,0.3,0.010121457489878543,0.9884848484848485,6,100
0.011133603238866396,0.3,0.9482758620689655,0.05172413793103448,0.3,0.78,3,4885,55,7,0.3,0.011133603238866396,0.9874747474747475,6,100
0.011133603238866396,0.3,0.9482758620689655,0.05172413793103448,0.3,0.8,3,4885,55,7,0.3,0.011133603238866396,0.9874747474747475,6,100
0.01194331983805668,0.3,0.9516129032258065,0.04838709677419355,0.3,0.82,3,4881,59,7,0.3,0.01194331983805668,0.9866666666666667,6,100
0.03805668016194332,0.4,0.9791666666666666,0.020833333333333332,0.4,0.84,4,4752,188,6,0.4,0.03805668016194332,0.9608080808080808,6,100
0.04190283400809717,0.4,0.981042654028436,0.018957345971563982,0.4,0.86,4,4733,207,6,0.4,0.04190283400809717,0.9569696969696969,6,100
0.04190283400809717,0.4,0.981042654028436,0.018957345971563982,0.4,0.88,4,4733,207,6,0.4,0.04190283400809717,0.9569696969696969,6,100
0.0451417004048583,0.4,0.9823788546255506,0.01762114537444934,0.4,0.9,4,4717,223,6,0.4,0.0451417004048583,0.9537373737373738,6,100
0.04939271255060729,0.4,0.9838709677419355,0.016129032258064516,0.4,0.92,4,4696,244,6,0.4,0.04939271255060729,0.9494949494949495,6,100
0.04939271255060729,0.4,0.9838709677419355,0.016129032258064516,0.4,0.94,4,4696,244,6,0.4,0.04939271255060729,0.9494949494949495,6,100
0.08117408906882591,0.6,0.9852579852579852,0.014742014742014743,0.6,0.96,6,4539,401,4,0.6,0.08117408906882591,0.9181818181818182,6,100
0.09838056680161944,0.6,0.9878048780487805,0.012195121951219513,0.6,0.98,6,4454,486,4,0.6,0.09838056680161944,0.901010101010101,6,100
0.9645748987854251,1.0,0.9979057591623036,0.0020942408376963353,1.0,1.0,10,175,4765,0,1.0,0.9645748987854251,0.03737373737373737,6,100
0.00020242914979757084,0.0,1.0,0.0,0.0,0.02,0,4939,1,10,0.0,0.00020242914979757084,0.9977777777777778,7,100
0.00020242914979757084,0.0,1.0,0.0,0.0,0.04,0,4939,1,10,0.0,0.00020242914979757084,0.9977777777777778,7,100
0.00020242914979757084,0.0,1.0,0.0,0.0,0.06,0,4939,1,10,0.0,0.00020242914979757084,0.9977777777777778,7,100
0.00020242914979757084,0.0,1.0,0.0,0.0,0.08,0,4939,1,10,0.0,0.00020242914979757084,0.9977777777777778,7,100
0.00020242914979757084,0.0,1.0,0.0,0.0,0.1,0,4939,1,10,0.0,0.00020242914979757084,0.9977777777777778,7,100
0.00020242914979757084,0.0,1.0,0.0,0.0,0.12,0,4939,1,10,0.0,0.00020242914979757084,0.9977777777777778,7,100
0.00020242914979757084,0.0,1.0,0.0,0.0,0.14,0,4939,1,10,0.0,0.00020242914979757084,0.9977777777777778,7,100
0.00020242914979757084,0.0,1.0,0.0,0.0,0.16,0,4939,1,10,0.0,0.00020242914979757084,0.9977777777777778,7,100
0.00020242914979757084,0.0,1.0,0.0,0.0,0.18,0,4939,1,10,0.0,0.00020242914979757084,0.9977777777777778,7,100
0.00020242914979757084,0.0,1.0,0.0,0.0,0.2,0,4939,1,10,0.0,0.00020242914979757084,0.9977777777777778,7,100
0.00020242914979757084,0.0,1.0,0.0,0.0,0.22,0,4939,1,10,0.0,0.00020242914979757084,0.9977777777777778,7,100
0.00020242914979757084,0.0,1.0,0.0,0.0,0.24,0,4939,1,10,0.0,0.00020242914979757084,0.9977777777777778,7,100
0.00020242914979757084,0.0,1.0,0.0,0.0,0.26,0,4939,1,10,0.0,0.00020242914979757084,0.9977777777777778,7,100
0.00020242914979757084,0.0,1.0,0.0,0.0,0.28,0,4939,1,10,0.0,0.00020242914979757084,0.9977777777777778,7,100
0.00020242914979757084,0.0,1.0,0.0,0.0,0.3,0,4939,1,10,0.0,0.00020242914979757084,0.9977777777777778,7,100
0.00020242914979757084,0.0,1.0,0.0,0.0,0.32,0,4939,1,10,0.0,0.00020242914979757084,0.9977777777777778,7,100
0.00020242914979757084,0.0,1.0,0.0,0.0,0.34,0,4939,1,10,0.0,0.00020242914979757084,0.9977777777777778,7,100
0.00020242914979757084,0.0,1.0,0.0,0.0,0.36,0,4939,1,10,0.0,0.00020242914979757084,0.9977777777777778,7,100
0.00020242914979757084,0.0,1.0,0.0,0.0,0.38,0,4939,1,10,0.0,0.00020242914979757084,0.9977777777777778,7,100
0.00020242914979757084,0.0,1.0,0.0,0.0,0.4,0,4939,1,10,0.0,0.00020242914979757084,0.9977777777777778,7,100
0.0012145748987854252,0.0,1.0,0.0,0.0,0.42,0,4934,6,10,0.0,0.0012145748987854252,0.9967676767676767,7,100
0.0012145748987854252,0.0,1.0,0.0,0.0,0.44,0,4934,6,10,0.0,0.0012145748987854252,0.9967676767676767,7,100
0.0012145748987854252,0.0,1.0,0.0,0.0,0.46,0,4934,6,10,0.0,0.0012145748987854252,0.9967676767676767,7,100
0.0012145748987854252,0.0,1.0,0.0,0.0,0.48,0,4934,6,10,0.0,0.0012145748987854252,0.9967676767676767,7,100
0.0012145748987854252,0.0,1.0,0.0,0.0,0.5,0,4934,6,10,0.0,0.0012145748987854252,0.9967676767676767,7,100
0.0012145748987854252,0.0,1.0,0.0,0.0,0.52,0,4934,6,10,0.0,0.0012145748987854252,0.9967676767676767,7,100
0.0012145748987854252,0.0,1.0,0.0,0.0,0.54,0,4934,6,10,0.0,0.0012145748987854252,0.9967676767676767,7,100
0.0012145748987854252,0.0,1.0,0.0,0.0,0.56,0,4934,6,10,0.0,0.0012145748987854252,0.9967676767676767,7,100
0.0012145748987854252,0.0,1.0,0.0,0.0,0.58,0,4934,6,10,0.0,0.0012145748987854252,0.9967676767676767,7,100
0.001417004048582996,0.0,1.0,0.0,0.0,0.6,0,4933,7,10,0.0,0.001417004048582996,0.9965656565656565,7,100
0.0016194331983805667,0.0,1.0,0.0,0.0,0.62,0,4932,8,10,0.0,0.0016194331983805667,0.9963636363636363,7,100
0.0016194331983805667,0.0,1.0,0.0,0.0,0.64,0,4932,8,10,0.0,0.0016194331983805667,0.9963636363636363,7,100
0.002834008097165992,0.0,1.0,0.0,0.0,0.66,0,4926,14,10,0.0,0.002834008097165992,0.9951515151515151,7,100
0.0032388663967611335,0.0,1.0,0.0,0.0,0.68,0,4924,16,10,0.0,0.0032388663967611335,0.9947474747474747,7,100
0.0032388663967611335,0.0,1.0,0.0,0.0,0.7,0,4924,16,10,0.0,0.0032388663967611335,0.9947474747474747,7,100
0.0032388663967611335,0.0,1.0,0.0,0.0,0.72,0,4924,16,10,0.0,0.0032388663967611335,0.9947474747474747,7,100
0.0032388663967611335,0.0,1.0,0.0,0.0,0.74,0,4924,16,10,0.0,0.0032388663967611335,0.9947474747474747,7,100
0.0032388663967611335,0.0,1.0,0.0,0.0,0.76,0,4924,16,10,0.0,0.0032388663967611335,0.9947474747474747,7,100
0.014777327935222672,0.0,1.0,0.0,0.0,0.78,0,4867,73,10,0.0,0.014777327935222672,0.9832323232323232,7,100
0.014777327935222672,0.0,1.0,0.0,0.0,0.8,0,4867,73,10,0.0,0.014777327935222672,0.9832323232323232,7,100
0.014777327935222672,0.0,1.0,0.0,0.0,0.82,0,4867,73,10,0.0,0.014777327935222672,0.9832323232323232,7,100
0.015789473684210527,0.0,1.0,0.0,0.0,0.84,0,4862,78,10,0.0,0.015789473684210527,0.9822222222222222,7,100
0.01720647773279352,0.0,1.0,0.0,0.0,0.86,0,4855,85,10,0.0,0.01720647773279352,0.9808080808080808,7,100
0.01902834008097166,0.0,1.0,0.0,0.0,0.88,0,4846,94,10,0.0,0.01902834008097166,0.978989898989899,7,100
0.02388663967611336,0.0,1.0,0.0,0.0,0.9,0,4822,118,10,0.0,0.02388663967611336,0.9741414141414141,7,100
0.02388663967611336,0.0,1.0,0.0,0.0,0.92,0,4822,118,10,0.0,0.02388663967611336,0.9741414141414141,7,100
0.06700404858299595,0.1,0.9969879518072289,0.0030120481927710845,0.1,0.94,1,4609,331,9,0.1,0.06700404858299595,0.9313131313131313,7,100
0.20850202429149797,0.3,0.9970958373668926,0.002904162633107454,0.3,0.96,3,3910,1030,7,0.3,0.20850202429149797,0.7905050505050505,7,100
0.2757085020242915,0.4,0.9970717423133236,0.0029282576866764276,0.4,0.98,4,3578,1362,6,0.4,0.2757085020242915,0.7236363636363636,7,100
0.4020242914979757,0.5,0.9974886991461577,0.0025113008538422904,0.5,1.0,5,2954,1986,5,0.5,0.4020242914979757,0.5977777777777777,7,100
0.0,0.0,0.0,,0.0,0.02,0,4940,0,10,0.0,0.0,0.997979797979798,8,100
0.0,0.0,0.0,,0.0,0.04,0,4940,0,10,0.0,0.0,0.997979797979798,8,100
0.0,0.0,0.0,,0.0,0.06,0,4940,0,10,0.0,0.0,0.997979797979798,8,100
0.0,0.0,0.0,,0.0,0.08,0,4940,0,10,0.0,0.0,0.997979797979798,8,100
0.0,0.0,0.0,,0.0,0.1,0,4940,0,10,0.0,0.0,0.997979797979798,8,100
0.0,0.0,0.0,,0.0,0.12,0,4940,0,10,0.0,0.0,0.997979797979798,8,100
0.0,0.0,0.0,,0.0,0.14,0,4940,0,10,0.0,0.0,0.997979797979798,8,100
0.0,0.0,0.0,,0.0,0.16,0,4940,0,10,0.0,0.0,0.997979797979798,8,100
0.0,0.0,0.0,,0.0,0.18,0,4940,0,10,0.0,0.0,0.997979797979798,8,100
0.0,0.0,0.0,,0.0,0.2,0,4940,0,10,0.0,0.0,0.997979797979798,8,100
0.0,0.0,0.0,,0.0,0.22,0,4940,0,10,0.0,0.0,0.997979797979798,8,100
0.0,0.0,0.0,,0.0,0.24,0,4940,0,10,0.0,0.0,0.997979797979798,8,100
0.0,0.0,0.0,,0.0,0.26,0,4940,0,10,0.0,0.0,0.997979797979798,8,100
0.0,0.0,0.0,,0.0,0.28,0,4940,0,10,0.0,0.0,0.997979797979798,8,100
0.0,0.0,0.0,,0.0,0.3,0,4940,0,10,0.0,0.0,0.997979797979798,8,100
0.0,0.0,0.0,,0.0,0.32,0,4940,0,10,0.0,0.0,0.997979797979798,8,100
0.0,0.0,0.0,,0.0,0.34,0,4940,0,10,0.0,0.0,0.997979797979798,8,100
0.0,0.0,0.0,,0.0,0.36,0,4940,0,10,0.0,0.0,0.997979797979798,8,100
0.0,0.0,0.0,,0.0,0.38,0,4940,0,10,0.0,0.0,0.997979797979798,8,100
0.0,0.0,0.0,,0.0,0.4,0,4940,0,10,0.0,0.0,0.997979797979798,8,100
0.0,0.0,0.0,,0.0,0.42,0,4940,0,10,0.0,0.0,0.997979797979798,8,100
0.0,0.0,0.0,,0.0,0.44,0,4940,0,10,0.0,0.0,0.997979797979798,8,100
0.0,0.0,0.0,,0.0,0.46,0,4940,0,10,0.0,0.0,0.997979797979798,8,100
0.0,0.0,0.0,,0.0,0.48,0,4940,0,10,0.0,0.0,0.997979797979798,8,100
0.0,0.0,0.0,,0.0,0.5,0,4940,0,10,0.0,0.0,0.997979797979798,8,100
0.0,0.0,0.0,,0.0,0.52,0,4940,0,10,0.0,0.0,0.997979797979798,8,100
0.0,0.0,0.0,,0.0,0.54,0,4940,0,10,0.0,0.0,0.997979797979798,8,100
0.0,0.0,0.0,,0.0,0.56,0,4940,0,10,0.0,0.0,0.997979797979798,8,100
0.0,0.0,0.0,,0.0,0.58,0,4940,0,10,0.0,0.0,0.997979797979798,8,100
0.0,0.0,0.0,,0.0,0.6,0,4940,0,10,0.0,0.0,0.997979797979798,8,100
0.0,0.0,0.0,,0.0,0.62,0,4940,0,10,0.0,0.0,0.997979797979798,8,100
0.0,0.0,0.0,,0.0,0.64,0,4940,0,10,0.0,0.0,0.997979797979798,8,100
0.0,0.0,0.0,,0.0,0.66,0,4940,0,10,0.0,0.0,0.997979797979798,8,100
0.0,0.0,0.0,,0.0,0.68,0,4940,0,10,0.0,0.0,0.997979797979798,8,100
0.0,0.0,0.0,,0.0,0.7,0,4940,0,10,0.0,0.0,0.997979797979798,8,100
0.0,0.0,0.0,,0.0,0.72,0,4940,0,10,0.0,0.0,0.997979797979798,8,100
0.0,0.0,0.0,,0.0,0.74,0,4940,0,10,0.0,0.0,0.997979797979798,8,100
0.0,0.0,0.0,,0.0,0.76,0,4940,0,10,0.0,0.0,0.997979797979798,8,100
0.0,0.0,0.0,,0.0,0.78,0,4940,0,10,0.0,0.0,0.997979797979798,8,100
0.0,0.0,0.0,,0.0,0.8,0,4940,0,10,0.0,0.0,0.997979797979798,8,100
0.0,0.0,0.0,,0.0,0.82,0,4940,0,10,0.0,0.0,0.997979797979798,8,100
0.0,0.0,0.0,,0.0,0.84,0,4940,0,10,0.0,0.0,0.997979797979798,8,100
0.0,0.0,0.0,,0.0,0.86,0,4940,0,10,0.0,0.0,0.997979797979798,8,100
0.004858299595141701,0.1,0.96,0.04,0.1,0.88,1,4916,24,9,0.1,0.004858299595141701,0.9933333333333333,8,100
0.005263157894736842,0.1,0.9629629629629629,0.037037037037037035,0.1,0.9,1,4914,26,9,0.1,0.005263157894736842,0.9929292929292929,8,100
0.005263157894736842,0.1,0.9629629629629629,0.037037037037037035,0.1,0.92,1,4914,26,9,0.1,0.005263157894736842,0.9929292929292929,8,100
0.005263157894736842,0.1,0.9629629629629629,0.037037037037037035,0.1,0.94,1,4914,26,9,0.1,0.005263157894736842,0.9929292929292929,8,100
0.04251012145748988,0.2,0.9905660377358491,0.009433962264150943,0.2,0.96,2,4730,210,8,0.2,0.04251012145748988,0.955959595959596,8,100
0.05263157894736842,0.3,0.9885931558935361,0.011406844106463879,0.3,0.98,3,4680,260,7,0.3,0.05263157894736842,0.946060606060606,8,100
0.9726720647773279,0.9,0.9981304528458662,0.0018695471541337765,0.9,1.0,9,135,4805,1,0.9,0.9726720647773279,0.02909090909090909,8,100
0.0,0.1,0.0,1.0,0.1,0.02,1,4940,0,9,0.1,0.0,0.9981818181818182,9,100
0.0,0.1,0.0,1.0,0.1,0.04,1,4940,0,9,0.1,0.0,0.9981818181818182,9,100
0.0,0.1,0.0,1.0,0.1,0.06,1,4940,0,9,0.1,0.0,0.9981818181818182,9,100
0.0,0.1,0.0,1.0,0.1,0.08,1,4940,0,9,0.1,0.0,0.9981818181818182,9,100
0.0,0.1,0.0,1.0,0.1,0.1,1,4940,0,9,0.1,0.0,0.9981818181818182,9,100
0.0,0.1,0.0,1.0,0.1,0.12,1,4940,0,9,0.1,0.0,0.9981818181818182,9,100
0.0,0.1,0.0,1.0,0.1,0.14,1,4940,0,9,0.1,0.0,0.9981818181818182,9,100
0.0,0.1,0.0,1.0,0.1,0.16,1,4940,0,9,0.1,0.0,0.9981818181818182,9,100
0.0,0.1,0.0,1.0,0.1,0.18,1,4940,0,9,0.1,0.0,0.9981818181818182,9,100
0.0,0.1,0.0,1.0,0.1,0.2,1,4940,0,9,0.1,0.0,0.9981818181818182,9,100
0.00020242914979757084,0.1,0.5,0.5,0.1,0.22,1,4939,1,9,0.1,0.00020242914979757084,0.997979797979798,9,100
0.00020242914979757084,0.1,0.5,0.5,0.1,0.24,1,4939,1,9,0.1,0.00020242914979757084,0.997979797979798,9,100
0.00020242914979757084,0.1,0.5,0.5,0.1,0.26,1,4939,1,9,0.1,0.00020242914979757084,0.997979797979798,9,100
0.00020242914979757084,0.1,0.5,0.5,0.1,0.28,1,4939,1,9,0.1,0.00020242914979757084,0.997979797979798,9,100
0.00020242914979757084,0.1,0.5,0.5,0.1,0.3,1,4939,1,9,0.1,0.00020242914979757084,0.997979797979798,9,100
0.00020242914979757084,0.1,0.5,0.5,0.1,0.32,1,4939,1,9,0.1,0.00020242914979757084,0.997979797979798,9,100
0.00020242914979757084,0.1,0.5,0.5,0.1,0.34,1,4939,1,9,0.1,0.00020242914979757084,0.997979797979798,9,100
0.00020242914979757084,0.1,0.5,0.5,0.1,0.36,1,4939,1,9,0.1,0.00020242914979757084,0.997979797979798,9,100
0.00020242914979757084,0.1,0.5,0.5,0.1,0.38,1,4939,1,9,0.1,0.00020242914979757084,0.997979797979798,9,100
0.00020242914979757084,0.1,0.5,0.5,0.1,0.4,1,4939,1,9,0.1,0.00020242914979757084,0.997979797979798,9,100
0.00020242914979757084,0.1,0.5,0.5,0.1,0.42,1,4939,1,9,0.1,0.00020242914979757084,0.997979797979798,9,100
0.00020242914979757084,0.1,0.5,0.5,0.1,0.44,1,4939,1,9,0.1,0.00020242914979757084,0.997979797979798,9,100
0.00020242914979757084,0.1,0.5,0.5,0.1,0.46,1,4939,1,9,0.1,0.00020242914979757084,0.997979797979798,9,100
0.00020242914979757084,0.1,0.5,0.5,0.1,0.48,1,4939,1,9,0.1,0.00020242914979757084,0.997979797979798,9,100
0.0004048582995951417,0.1,0.6666666666666666,0.3333333333333333,0.1,0.5,1,4938,2,9,0.1,0.0004048582995951417,0.9977777777777778,9,100
0.0006072874493927126,0.2,0.6,0.4,0.2,0.52,2,4937,3,8,0.2,0.0006072874493927126,0.9977777777777778,9,100
0.0010121457489878543,0.2,0.7142857142857143,0.2857142857142857,0.2,0.54,2,4935,5,8,0.2,0.0010121457489878543,0.9973737373737374,9,100
0.0012145748987854252,0.2,0.75,0.25,0.2,0.56,2,4934,6,8,0.2,0.0012145748987854252,0.9971717171717172,9,100
0.0012145748987854252,0.2,0.75,0.25,0.2,0.58,2,4934,6,8,0.2,0.0012145748987854252,0.9971717171717172,9,100
0.0012145748987854252,0.2,0.75,0.25,0.2,0.6,2,4934,6,8,0.2,0.0012145748987854252,0.9971717171717172,9,100
0.003036437246963563,0.2,0.8823529411764706,0.11764705882352941,0.2,0.62,2,4925,15,8,0.2,0.003036437246963563,0.9953535353535353,9,100
0.003036437246963563,0.2,0.8823529411764706,0.11764705882352941,0.2,0.64,2,4925,15,8,0.2,0.003036437246963563,0.9953535353535353,9,100
0.0034412955465587046,0.2,0.8947368421052632,0.10526315789473684,0.2,0.66,2,4923,17,8,0.2,0.0034412955465587046,0.9949494949494949,9,100
0.0034412955465587046,0.2,0.8947368421052632,0.10526315789473684,0.2,0.68,2,4923,17,8,0.2,0.0034412955465587046,0.9949494949494949,9,100
0.0034412955465587046,0.2,0.8947368421052632,0.10526315789473684,0.2,0.7,2,4923,17,8,0.2,0.0034412955465587046,0.9949494949494949,9,100
0.0036437246963562753,0.2,0.9,0.1,0.2,0.72,2,4922,18,8,0.2,0.0036437246963562753,0.9947474747474747,9,100
0.004251012145748988,0.2,0.9130434782608695,0.08695652173913043,0.2,0.74,2,4919,21,8,0.2,0.004251012145748988,0.9941414141414141,9,100
0.004251012145748988,0.2,0.9130434782608695,0.08695652173913043,0.2,0.76,2,4919,21,8,0.2,0.004251012145748988,0.9941414141414141,9,100
0.004858299595141701,0.2,0.9230769230769231,0.07692307692307693,0.2,0.78,2,4916,24,8,0.2,0.004858299595141701,0.9935353535353535,9,100
0.005465587044534413,0.2,0.9310344827586207,0.06896551724137931,0.2,0.8,2,4913,27,8,0.2,0.005465587044534413,0.9929292929292929,9,100
0.005465587044534413,0.2,0.9310344827586207,0.06896551724137931,0.2,0.82,2,4913,27,8,0.2,0.005465587044534413,0.9929292929292929,9,100
0.015182186234817813,0.4,0.9493670886075949,0.05063291139240506,0.4,0.84,4,4865,75,6,0.4,0.015182186234817813,0.9836363636363636,9,100
0.01700404858299595,0.4,0.9545454545454546,0.045454545454545456,0.4,0.86,4,4856,84,6,0.4,0.01700404858299595,0.9818181818181818,9,100
0.08299595141700405,0.7,0.9832134292565947,0.016786570743405275,0.7,0.88,7,4530,410,3,0.7,0.08299595141700405,0.9165656565656566,9,100
0.08299595141700405,0.7,0.9832134292565947,0.016786570743405275,0.7,0.9,7,4530,410,3,0.7,0.08299595141700405,0.9165656565656566,9,100
0.09919028340080972,0.7,0.9859154929577465,0.014084507042253521,0.7,0.92,7,4450,490,3,0.7,0.09919028340080972,0.9004040404040404,9,100
0.1317813765182186,0.8,0.9878603945371776,0.012139605462822459,0.8,0.94,8,4289,651,2,0.8,0.1317813765182186,0.8680808080808081,9,100
0.15668016194331985,0.8,0.989769820971867,0.010230179028132993,0.8,0.96,8,4166,774,2,0.8,0.15668016194331985,0.8432323232323232,9,100
0.2582995951417004,0.9,0.9929961089494164,0.007003891050583658,0.9,0.98,9,3664,1276,1,0.9,0.2582995951417004,0.742020202020202,9,100
0.9639676113360324,1.0,0.9979044425817267,0.0020955574182732607,1.0,1.0,10,178,4762,0,1.0,0.9639676113360324,0.03797979797979798,9,100
0.0,0.0,0.0,,0.0,0.02,0,4940,0,10,0.0,0.0,0.997979797979798,10,100
0.0,0.0,0.0,,0.0,0.04,0,4940,0,10,0.0,0.0,0.997979797979798,10,100
0.0,0.0,0.0,,0.0,0.06,0,4940,0,10,0.0,0.0,0.997979797979798,10,100
0.0,0.0,0.0,,0.0,0.08,0,4940,0,10,0.0,0.0,0.997979797979798,10,100
0.0,0.0,0.0,,0.0,0.1,0,4940,0,10,0.0,0.0,0.997979797979798,10,100
0.0,0.0,0.0,,0.0,0.12,0,4940,0,10,0.0,0.0,0.997979797979798,10,100
0.0,0.0,0.0,,0.0,0.14,0,4940,0,10,0.0,0.0,0.997979797979798,10,100
0.0,0.0,0.0,,0.0,0.16,0,4940,0,10,0.0,0.0,0.997979797979798,10,100
0.0,0.0,0.0,,0.0,0.18,0,4940,0,10,0.0,0.0,0.997979797979798,10,100
0.0,0.0,0.0,,0.0,0.2,0,4940,0,10,0.0,0.0,0.997979797979798,10,100
0.0,0.0,0.0,,0.0,0.22,0,4940,0,10,0.0,0.0,0.997979797979798,10,100
0.0,0.0,0.0,,0.0,0.24,0,4940,0,10,0.0,0.0,0.997979797979798,10,100
0.0,0.0,0.0,,0.0,0.26,0,4940,0,10,0.0,0.0,0.997979797979798,10,100
0.0,0.0,0.0,,0.0,0.28,0,4940,0,10,0.0,0.0,0.997979797979798,10,100
0.0,0.0,0.0,,0.0,0.3,0,4940,0,10,0.0,0.0,0.997979797979798,10,100
0.0,0.0,0.0,,0.0,0.32,0,4940,0,10,0.0,0.0,0.997979797979798,10,100
0.0,0.0,0.0,,0.0,0.34,0,4940,0,10,0.0,0.0,0.997979797979798,10,100
0.0,0.0,0.0,,0.0,0.36,0,4940,0,10,0.0,0.0,0.997979797979798,10,100
0.0,0.0,0.0,,0.0,0.38,0,4940,0,10,0.0,0.0,0.997979797979798,10,100
0.0,0.0,0.0,,0.0,0.4,0,4940,0,10,0.0,0.0,0.997979797979798,10,100
0.0,0.0,0.0,,0.0,0.42,0,4940,0,10,0.0,0.0,0.997979797979798,10,100
0.0,0.0,0.0,,0.0,0.44,0,4940,0,10,0.0,0.0,0.997979797979798,10,100
0.0,0.0,0.0,,0.0,0.46,0,4940,0,10,0.0,0.0,0.997979797979798,10,100
0.0,0.0,0.0,,0.0,0.48,0,4940,0,10,0.0,0.0,0.997979797979798,10,100
0.0,0.0,0.0,,0.0,0.5,0,4940,0,10,0.0,0.0,0.997979797979798,10,100
0.0,0.0,0.0,,0.0,0.52,0,4940,0,10,0.0,0.0,0.997979797979798,10,100
0.0,0.0,0.0,,0.0,0.54,0,4940,0,10,0.0,0.0,0.997979797979798,10,100
0.0,0.0,0.0,,0.0,0.56,0,4940,0,10,0.0,0.0,0.997979797979798,10,100
0.0,0.0,0.0,,0.0,0.58,0,4940,0,10,0.0,0.0,0.997979797979798,10,100
0.0,0.0,0.0,,0.0,0.6,0,4940,0,10,0.0,0.0,0.997979797979798,10,100
0.0004048582995951417,0.1,0.6666666666666666,0.3333333333333333,0.1,0.62,1,4938,2,9,0.1,0.0004048582995951417,0.9977777777777778,10,100
0.0004048582995951417,0.1,0.6666666666666666,0.3333333333333333,0.1,0.64,1,4938,2,9,0.1,0.0004048582995951417,0.9977777777777778,10,100
0.0004048582995951417,0.1,0.6666666666666666,0.3333333333333333,0.1,0.66,1,4938,2,9,0.1,0.0004048582995951417,0.9977777777777778,10,100
0.0004048582995951417,0.1,0.6666666666666666,0.3333333333333333,0.1,0.68,1,4938,2,9,0.1,0.0004048582995951417,0.9977777777777778,10,100
0.0004048582995951417,0.1,0.6666666666666666,0.3333333333333333,0.1,0.7,1,4938,2,9,0.1,0.0004048582995951417,0.9977777777777778,10,100
0.0004048582995951417,0.1,0.6666666666666666,0.3333333333333333,0.1,0.72,1,4938,2,9,0.1,0.0004048582995951417,0.9977777777777778,10,100
0.0004048582995951417,0.1,0.6666666666666666,0.3333333333333333,0.1,0.74,1,4938,2,9,0.1,0.0004048582995951417,0.9977777777777778,10,100
0.0004048582995951417,0.1,0.6666666666666666,0.3333333333333333,0.1,0.76,1,4938,2,9,0.1,0.0004048582995951417,0.9977777777777778,10,100
0.0004048582995951417,0.1,0.6666666666666666,0.3333333333333333,0.1,0.78,1,4938,2,9,0.1,0.0004048582995951417,0.9977777777777778,10,100
0.0004048582995951417,0.1,0.6666666666666666,0.3333333333333333,0.1,0.8,1,4938,2,9,0.1,0.0004048582995951417,0.9977777777777778,10,100
0.0004048582995951417,0.1,0.6666666666666666,0.3333333333333333,0.1,0.82,1,4938,2,9,0.1,0.0004048582995951417,0.9977777777777778,10,100
0.0004048582995951417,0.1,0.6666666666666666,0.3333333333333333,0.1,0.84,1,4938,2,9,0.1,0.0004048582995951417,0.9977777777777778,10,100
0.01882591093117409,0.2,0.9789473684210527,0.021052631578947368,0.2,0.86,2,4847,93,8,0.2,0.01882591093117409,0.9795959595959596,10,100
0.01882591093117409,0.2,0.9789473684210527,0.021052631578947368,0.2,0.88,2,4847,93,8,0.2,0.01882591093117409,0.9795959595959596,10,100
0.09331983805668016,0.5,0.9892703862660944,0.01072961373390558,0.5,0.9,5,4479,461,5,0.5,0.09331983805668016,0.9058585858585858,10,100
0.09331983805668016,0.5,0.9892703862660944,0.01072961373390558,0.5,0.92,5,4479,461,5,0.5,0.09331983805668016,0.9058585858585858,10,100
0.152834008097166,0.5,0.993421052631579,0.006578947368421052,0.5,0.94,5,4185,755,5,0.5,0.152834008097166,0.8464646464646465,10,100
0.1728744939271255,0.5,0.9941792782305006,0.005820721769499418,0.5,0.96,5,4086,854,5,0.5,0.1728744939271255,0.8264646464646465,10,100
0.1931174089068826,0.5,0.9947862356621481,0.005213764337851929,0.5,0.98,5,3986,954,5,0.5,0.1931174089068826,0.8062626262626262,10,100
0.7392712550607288,0.9,0.9975416552854411,0.002458344714558864,0.9,1.0,9,1288,3652,1,0.9,0.7392712550607288,0.26202020202020204,10,100
0.0,0.0,0.0,,0.0,0.02,0,4940,0,10,0.0,0.0,0.997979797979798,11,100
0.0,0.0,0.0,,0.0,0.04,0,4940,0,10,0.0,0.0,0.997979797979798,11,100
0.0,0.0,0.0,,0.0,0.06,0,4940,0,10,0.0,0.0,0.997979797979798,11,100
0.0,0.0,0.0,,0.0,0.08,0,4940,0,10,0.0,0.0,0.997979797979798,11,100
0.0,0.0,0.0,,0.0,0.1,0,4940,0,10,0.0,0.0,0.997979797979798,11,100
0.0,0.0,0.0,,0.0,0.12,0,4940,0,10,0.0,0.0,0.997979797979798,11,100
0.0,0.0,0.0,,0.0,0.14,0,4940,0,10,0.0,0.0,0.997979797979798,11,100
0.0,0.0,0.0,,0.0,0.16,0,4940,0,10,0.0,0.0,0.997979797979798,11,100
0.0,0.0,0.0,,0.0,0.18,0,4940,0,10,0.0,0.0,0.997979797979798,11,100
0.0,0.0,0.0,,0.0,0.2,0,4940,0,10,0.0,0.0,0.997979797979798,11,100
0.0,0.0,0.0,,0.0,0.22,0,4940,0,10,0.0,0.0,0.997979797979798,11,100
0.0,0.0,0.0,,0.0,0.24,0,4940,0,10,0.0,0.0,0.997979797979798,11,100
0.0,0.0,0.0,,0.0,0.26,0,4940,0,10,0.0,0.0,0.997979797979798,11,100
0.0,0.0,0.0,,0.0,0.28,0,4940,0,10,0.0,0.0,0.997979797979798,11,100
0.0,0.0,0.0,,0.0,0.3,0,4940,0,10,0.0,0.0,0.997979797979798,11,100
0.0,0.0,0.0,,0.0,0.32,0,4940,0,10,0.0,0.0,0.997979797979798,11,100
0.0,0.0,0.0,,0.0,0.34,0,4940,0,10,0.0,0.0,0.997979797979798,11,100
0.0,0.0,0.0,,0.0,0.36,0,4940,0,10,0.0,0.0,0.997979797979798,11,100
0.0,0.0,0.0,,0.0,0.38,0,4940,0,10,0.0,0.0,0.997979797979798,11,100
0.00020242914979757084,0.0,1.0,0.0,0.0,0.4,0,4939,1,10,0.0,0.00020242914979757084,0.9977777777777778,11,100
0.00020242914979757084,0.0,1.0,0.0,0.0,0.42,0,4939,1,10,0.0,0.00020242914979757084,0.9977777777777778,11,100
0.00020242914979757084,0.0,1.0,0.0,0.0,0.44,0,4939,1,10,0.0,0.00020242914979757084,0.9977777777777778,11,100
0.00020242914979757084,0.0,1.0,0.0,0.0,0.46,0,4939,1,10,0.0,0.00020242914979757084,0.9977777777777778,11,100
0.00020242914979757084,0.0,1.0,0.0,0.0,0.48,0,4939,1,10,0.0,0.00020242914979757084,0.9977777777777778,11,100
0.00020242914979757084,0.0,1.0,0.0,0.0,0.5,0,4939,1,10,0.0,0.00020242914979757084,0.9977777777777778,11,100
0.00020242914979757084,0.0,1.0,0.0,0.0,0.52,0,4939,1,10,0.0,0.00020242914979757084,0.9977777777777778,11,100
0.00020242914979757084,0.0,1.0,0.0,0.0,0.54,0,4939,1,10,0.0,0.00020242914979757084,0.9977777777777778,11,100
0.00020242914979757084,0.0,1.0,0.0,0.0,0.56,0,4939,1,10,0.0,0.00020242914979757084,0.9977777777777778,11,100
0.00020242914979757084,0.0,1.0,0.0,0.0,0.58,0,4939,1,10,0.0,0.00020242914979757084,0.9977777777777778,11,100
0.00020242914979757084,0.0,1.0,0.0,0.0,0.6,0,4939,1,10,0.0,0.00020242914979757084,0.9977777777777778,11,100
0.00020242914979757084,0.0,1.0,0.0,0.0,0.62,0,4939,1,10,0.0,0.00020242914979757084,0.9977777777777778,11,100
0.00020242914979757084,0.0,1.0,0.0,0.0,0.64,0,4939,1,10,0.0,0.00020242914979757084,0.9977777777777778,11,100
0.00020242914979757084,0.0,1.0,0.0,0.0,0.66,0,4939,1,10,0.0,0.00020242914979757084,0.9977777777777778,11,100
0.0008097165991902834,0.0,1.0,0.0,0.0,0.68,0,4936,4,10,0.0,0.0008097165991902834,0.9971717171717172,11,100
0.0012145748987854252,0.0,1.0,0.0,0.0,0.7,0,4934,6,10,0.0,0.0012145748987854252,0.9967676767676767,11,100
0.0012145748987854252,0.0,1.0,0.0,0.0,0.72,0,4934,6,10,0.0,0.0012145748987854252,0.9967676767676767,11,100
0.0012145748987854252,0.0,1.0,0.0,0.0,0.74,0,4934,6,10,0.0,0.0012145748987854252,0.9967676767676767,11,100
0.0012145748987854252,0.0,1.0,0.0,0.0,0.76,0,4934,6,10,0.0,0.0012145748987854252,0.9967676767676767,11,100
0.009109311740890687,0.0,1.0,0.0,0.0,0.78,0,4895,45,10,0.0,0.009109311740890687,0.9888888888888889,11,100
0.009109311740890687,0.0,1.0,0.0,0.0,0.8,0,4895,45,10,0.0,0.009109311740890687,0.9888888888888889,11,100
0.009109311740890687,0.0,1.0,0.0,0.0,0.82,0,4895,45,10,0.0,0.009109311740890687,0.9888888888888889,11,100
0.009109311740890687,0.0,1.0,0.0,0.0,0.84,0,4895,45,10,0.0,0.009109311740890687,0.9888888888888889,11,100
0.04311740890688259,0.3,0.9861111111111112,0.013888888888888888,0.3,0.86,3,4727,213,7,0.3,0.04311740890688259,0.9555555555555556,11,100
0.055870445344129556,0.3,0.989247311827957,0.010752688172043012,0.3,0.88,3,4664,276,7,0.3,0.055870445344129556,0.9428282828282828,11,100
0.06538461538461539,0.4,0.9877675840978594,0.012232415902140673,0.4,0.9,4,4617,323,6,0.4,0.06538461538461539,0.9335353535353536,11,100
0.06538461538461539,0.4,0.9877675840978594,0.012232415902140673,0.4,0.92,4,4617,323,6,0.4,0.06538461538461539,0.9335353535353536,11,100
0.07489878542510121,0.5,0.9866666666666667,0.013333333333333334,0.5,0.94,5,4570,370,5,0.5,0.07489878542510121,0.9242424242424242,11,100
0.08825910931174089,0.5,0.9886621315192744,0.011337868480725623,0.5,0.96,5,4504,436,5,0.5,0.08825910931174089,0.9109090909090909,11,100
0.18866396761133603,0.7,0.9925452609158679,0.007454739084132056,0.7,0.98,7,4008,932,3,0.7,0.18866396761133603,0.8111111111111111,11,100
0.6309716599190284,0.8,0.99744,0.00256,0.8,1.0,8,1823,3117,2,0.8,0.6309716599190284,0.3698989898989899,11,100
0.0,0.1,0.0,1.0,0.1,0.02,1,4940,0,9,0.1,0.0,0.9981818181818182,12,100
0.0,0.1,0.0,1.0,0.1,0.04,1,4940,0,9,0.1,0.0,0.9981818181818182,12,100
0.0,0.1,0.0,1.0,0.1,0.06,1,4940,0,9,0.1,0.0,0.9981818181818182,12,100
0.0,0.1,0.0,1.0,0.1,0.08,1,4940,0,9,0.1,0.0,0.9981818181818182,12,100
0.0,0.1,0.0,1.0,0.1,0.1,1,4940,0,9,0.1,0.0,0.9981818181818182,12,100
0.0,0.0,0.0,,0.0,0.12,0,4940,0,10,0.0,0.0,0.997979797979798,12,100
0.0,0.1,0.0,1.0,0.1,0.14,1,4940,0,9,0.1,0.0,0.9981818181818182,12,100
0.0,0.1,0.0,1.0,0.1,0.16,1,4940,0,9,0.1,0.0,0.9981818181818182,12,100
0.0,0.1,0.0,1.0,0.1,0.18,1,4940,0,9,0.1,0.0,0.9981818181818182,12,100
0.0,0.1,0.0,1.0,0.1,0.2,1,4940,0,9,0.1,0.0,0.9981818181818182,12,100
0.0,0.1,0.0,1.0,0.1,0.22,1,4940,0,9,0.1,0.0,0.9981818181818182,12,100
0.0,0.1,0.0,1.0,0.1,0.24,1,4940,0,9,0.1,0.0,0.9981818181818182,12,100
0.0,0.1,0.0,1.0,0.1,0.26,1,4940,0,9,0.1,0.0,0.9981818181818182,12,100
0.0,0.1,0.0,1.0,0.1,0.28,1,4940,0,9,0.1,0.0,0.9981818181818182,12,100
0.0,0.1,0.0,1.0,0.1,0.3,1,4940,0,9,0.1,0.0,0.9981818181818182,12,100
0.0,0.1,0.0,1.0,0.1,0.32,1,4940,0,9,0.1,0.0,0.9981818181818182,12,100
0.0,0.1,0.0,1.0,0.1,0.34,1,4940,0,9,0.1,0.0,0.9981818181818182,12,100
0.0,0.1,0.0,1.0,0.1,0.36,1,4940,0,9,0.1,0.0,0.9981818181818182,12,100
0.0,0.1,0.0,1.0,0.1,0.38,1,4940,0,9,0.1,0.0,0.9981818181818182,12,100
0.0,0.1,0.0,1.0,0.1,0.4,1,4940,0,9,0.1,0.0,0.9981818181818182,12,100
0.0,0.1,0.0,1.0,0.1,0.42,1,4940,0,9,0.1,0.0,0.9981818181818182,12,100
0.0,0.1,0.0,1.0,0.1,0.44,1,4940,0,9,0.1,0.0,0.9981818181818182,12,100
0.0,0.1,0.0,1.0,0.1,0.46,1,4940,0,9,0.1,0.0,0.9981818181818182,12,100
0.0,0.1,0.0,1.0,0.1,0.48,1,4940,0,9,0.1,0.0,0.9981818181818182,12,100
0.0,0.1,0.0,1.0,0.1,0.5,1,4940,0,9,0.1,0.0,0.9981818181818182,12,100
0.0,0.1,0.0,1.0,0.1,0.52,1,4940,0,9,0.1,0.0,0.9981818181818182,12,100
0.0004048582995951417,0.1,0.6666666666666666,0.3333333333333333,0.1,0.54,1,4938,2,9,0.1,0.0004048582995951417,0.9977777777777778,12,100
0.0004048582995951417,0.1,0.6666666666666666,0.3333333333333333,0.1,0.56,1,4938,2,9,0.1,0.0004048582995951417,0.9977777777777778,12,100
0.0004048582995951417,0.1,0.6666666666666666,0.3333333333333333,0.1,0.58,1,4938,2,9,0.1,0.0004048582995951417,0.9977777777777778,12,100
0.0004048582995951417,0.1,0.6666666666666666,0.3333333333333333,0.1,0.6,1,4938,2,9,0.1,0.0004048582995951417,0.9977777777777778,12,100
0.0008097165991902834,0.1,0.8,0.2,0.1,0.62,1,4936,4,9,0.1,0.0008097165991902834,0.9973737373737374,12,100
0.0008097165991902834,0.1,0.8,0.2,0.1,0.64,1,4936,4,9,0.1,0.0008097165991902834,0.9973737373737374,12,100
0.0008097165991902834,0.1,0.8,0.2,0.1,0.66,1,4936,4,9,0.1,0.0008097165991902834,0.9973737373737374,12,100
0.0008097165991902834,0.1,0.8,0.2,0.1,0.68,1,4936,4,9,0.1,0.0008097165991902834,0.9973737373737374,12,100
0.0012145748987854252,0.1,0.8571428571428571,0.14285714285714285,0.1,0.7,1,4934,6,9,0.1,0.0012145748987854252,0.996969696969697,12,100
0.001417004048582996,0.1,0.875,0.125,0.1,0.72,1,4933,7,9,0.1,0.001417004048582996,0.9967676767676767,12,100
0.0016194331983805667,0.1,0.8888888888888888,0.1111111111111111,0.1,0.74,1,4932,8,9,0.1,0.0016194331983805667,0.9965656565656565,12,100
0.0016194331983805667,0.1,0.8888888888888888,0.1111111111111111,0.1,0.76,1,4932,8,9,0.1,0.0016194331983805667,0.9965656565656565,12,100
0.0018218623481781376,0.1,0.9,0.1,0.1,0.78,1,4931,9,9,0.1,0.0018218623481781376,0.9963636363636363,12,100
0.0018218623481781376,0.1,0.9,0.1,0.1,0.8,1,4931,9,9,0.1,0.0018218623481781376,0.9963636363636363,12,100
0.0020242914979757085,0.1,0.9090909090909091,0.09090909090909091,0.1,0.82,1,4930,10,9,0.1,0.0020242914979757085,0.9961616161616161,12,100
0.0020242914979757085,0.1,0.9090909090909091,0.09090909090909091,0.1,0.84,1,4930,10,9,0.1,0.0020242914979757085,0.9961616161616161,12,100
0.002226720647773279,0.1,0.9166666666666666,0.08333333333333333,0.1,0.86,1,4929,11,9,0.1,0.002226720647773279,0.9959595959595959,12,100
0.004048582995951417,0.1,0.9523809523809523,0.047619047619047616,0.1,0.88,1,4920,20,9,0.1,0.004048582995951417,0.9941414141414141,12,100
0.004048582995951417,0.1,0.9523809523809523,0.047619047619047616,0.1,0.9,1,4920,20,9,0.1,0.004048582995951417,0.9941414141414141,12,100
0.005060728744939271,0.1,0.9615384615384616,0.038461538461538464,0.1,0.92,1,4915,25,9,0.1,0.005060728744939271,0.9931313131313131,12,100
0.005060728744939271,0.1,0.9615384615384616,0.038461538461538464,0.1,0.94,1,4915,25,9,0.1,0.005060728744939271,0.9931313131313131,12,100
0.005060728744939271,0.1,0.9615384615384616,0.038461538461538464,0.1,0.96,1,4915,25,9,0.1,0.005060728744939271,0.9931313131313131,12,100
0.20506072874493927,0.6,0.9941118743866536,0.005888125613346418,0.6,0.98,6,3927,1013,4,0.6,0.20506072874493927,0.7945454545454546,12,100
0.32854251012145747,0.7,0.9957055214723927,0.004294478527607362,0.7,1.0,7,3317,1623,3,0.7,0.32854251012145747,0.6715151515151515,12,100
0.0,0.0,0.0,,0.0,0.02,0,4940,0,10,0.0,0.0,0.997979797979798,13,100
0.0,0.0,0.0,,0.0,0.04,0,4940,0,10,0.0,0.0,0.997979797979798,13,100
0.0,0.0,0.0,,0.0,0.06,0,4940,0,10,0.0,0.0,0.997979797979798,13,100
0.0,0.0,0.0,,0.0,0.08,0,4940,0,10,0.0,0.0,0.997979797979798,13,100
0.0,0.0,0.0,,0.0,0.1,0,4940,0,10,0.0,0.0,0.997979797979798,13,100
0.0,0.0,0.0,,0.0,0.12,0,4940,0,10,0.0,0.0,0.997979797979798,13,100
0.0,0.0,0.0,,0.0,0.14,0,4940,0,10,0.0,0.0,0.997979797979798,13,100
0.0,0.0,0.0,,0.0,0.16,0,4940,0,10,0.0,0.0,0.997979797979798,13,100
0.0,0.0,0.0,,0.0,0.18,0,4940,0,10,0.0,0.0,0.997979797979798,13,100
0.0,0.0,0.0,,0.0,0.2,0,4940,0,10,0.0,0.0,0.997979797979798,13,100
0.0,0.0,0.0,,0.0,0.22,0,4940,0,10,0.0,0.0,0.997979797979798,13,100
0.0,0.0,0.0,,0.0,0.24,0,4940,0,10,0.0,0.0,0.997979797979798,13,100
0.0,0.0,0.0,,0.0,0.26,0,4940,0,10,0.0,0.0,0.997979797979798,13,100
0.0,0.0,0.0,,0.0,0.28,0,4940,0,10,0.0,0.0,0.997979797979798,13,100
0.0,0.0,0.0,,0.0,0.3,0,4940,0,10,0.0,0.0,0.997979797979798,13,100
0.0,0.0,0.0,,0.0,0.32,0,4940,0,10,0.0,0.0,0.997979797979798,13,100
0.0,0.0,0.0,,0.0,0.34,0,4940,0,10,0.0,0.0,0.997979797979798,13,100
0.0,0.0,0.0,,0.0,0.36,0,4940,0,10,0.0,0.0,0.997979797979798,13,100
0.0,0.0,0.0,,0.0,0.38,0,4940,0,10,0.0,0.0,0.997979797979798,13,100
0.0,0.0,0.0,,0.0,0.4,0,4940,0,10,0.0,0.0,0.997979797979798,13,100
0.0,0.0,0.0,,0.0,0.42,0,4940,0,10,0.0,0.0,0.997979797979798,13,100
0.0,0.0,0.0,,0.0,0.44,0,4940,0,10,0.0,0.0,0.997979797979798,13,100
0.0,0.0,0.0,,0.0,0.46,0,4940,0,10,0.0,0.0,0.997979797979798,13,100
0.0,0.0,0.0,,0.0,0.48,0,4940,0,10,0.0,0.0,0.997979797979798,13,100
0.0,0.0,0.0,,0.0,0.5,0,4940,0,10,0.0,0.0,0.997979797979798,13,100
0.0,0.0,0.0,,0.0,0.52,0,4940,0,10,0.0,0.0,0.997979797979798,13,100
0.0,0.0,0.0,,0.0,0.54,0,4940,0,10,0.0,0.0,0.997979797979798,13,100
0.0,0.0,0.0,,0.0,0.56,0,4940,0,10,0.0,0.0,0.997979797979798,13,100
0.0,0.0,0.0,,0.0,0.58,0,4940,0,10,0.0,0.0,0.997979797979798,13,100
0.0,0.0,0.0,,0.0,0.6,0,4940,0,10,0.0,0.0,0.997979797979798,13,100
0.0,0.0,0.0,,0.0,0.62,0,4940,0,10,0.0,0.0,0.997979797979798,13,100
0.0,0.0,0.0,,0.0,0.64,0,4940,0,10,0.0,0.0,0.997979797979798,13,100
0.0,0.0,0.0,,0.0,0.66,0,4940,0,10,0.0,0.0,0.997979797979798,13,100
0.0,0.0,0.0,,0.0,0.68,0,4940,0,10,0.0,0.0,0.997979797979798,13,100
0.0,0.0,0.0,,0.0,0.7,0,4940,0,10,0.0,0.0,0.997979797979798,13,100
0.0,0.0,0.0,,0.0,0.72,0,4940,0,10,0.0,0.0,0.997979797979798,13,100
0.0,0.0,0.0,,0.0,0.74,0,4940,0,10,0.0,0.0,0.997979797979798,13,100
0.0,0.0,0.0,,0.0,0.76,0,4940,0,10,0.0,0.0,0.997979797979798,13,100
0.0,0.0,0.0,,0.0,0.78,0,4940,0,10,0.0,0.0,0.997979797979798,13,100
0.0,0.0,0.0,,0.0,0.8,0,4940,0,10,0.0,0.0,0.997979797979798,13,100
0.018218623481781375,0.3,0.967741935483871,0.03225806451612903,0.3,0.82,3,4850,90,7,0.3,0.018218623481781375,0.9804040404040404,13,100
0.018218623481781375,0.3,0.967741935483871,0.03225806451612903,0.3,0.84,3,4850,90,7,0.3,0.018218623481781375,0.9804040404040404,13,100
0.019230769230769232,0.4,0.9595959595959596,0.04040404040404041,0.4,0.86,4,4845,95,6,0.4,0.019230769230769232,0.9795959595959596,13,100
0.020445344129554656,0.4,0.9619047619047619,0.0380952380952381,0.4,0.88,4,4839,101,6,0.4,0.020445344129554656,0.9783838383838384,13,100
0.024493927125506073,0.4,0.968,0.032,0.4,0.9,4,4819,121,6,0.4,0.024493927125506073,0.9743434343434343,13,100
0.05101214574898785,0.4,0.984375,0.015625,0.4,0.92,4,4688,252,6,0.4,0.05101214574898785,0.9478787878787879,13,100
0.05910931174089069,0.4,0.9864864864864865,0.013513513513513514,0.4,0.94,4,4648,292,6,0.4,0.05910931174089069,0.9397979797979797,13,100
0.06376518218623482,0.4,0.987460815047022,0.012539184952978056,0.4,0.96,4,4625,315,6,0.4,0.06376518218623482,0.9351515151515152,13,100
0.0728744939271255,0.4,0.989010989010989,0.01098901098901099,0.4,0.98,4,4580,360,6,0.4,0.0728744939271255,0.926060606060606,13,100
0.5831983805668016,0.8,0.9972308757355486,0.0027691242644513675,0.8,1.0,8,2059,2881,2,0.8,0.5831983805668016,0.4175757575757576,13,100
0.0,0.0,0.0,,0.0,0.02,0,4940,0,10,0.0,0.0,0.997979797979798,14,100
0.0,0.0,0.0,,0.0,0.04,0,4940,0,10,0.0,0.0,0.997979797979798,14,100
0.0,0.0,0.0,,0.0,0.06,0,4940,0,10,0.0,0.0,0.997979797979798,14,100
0.0,0.0,0.0,,0.0,0.08,0,4940,0,10,0.0,0.0,0.997979797979798,14,100
0.0,0.0,0.0,,0.0,0.1,0,4940,0,10,0.0,0.0,0.997979797979798,14,100
0.0,0.0,0.0,,0.0,0.12,0,4940,0,10,0.0,0.0,0.997979797979798,14,100
0.0,0.0,0.0,,0.0,0.14,0,4940,0,10,0.0,0.0,0.997979797979798,14,100
0.0,0.0,0.0,,0.0,0.16,0,4940,0,10,0.0,0.0,0.997979797979798,14,100
0.0,0.0,0.0,,0.0,0.18,0,4940,0,10,0.0,0.0,0.997979797979798,14,100
0.0,0.0,0.0,,0.0,0.2,0,4940,0,10,0.0,0.0,0.997979797979798,14,100
0.0,0.0,0.0,,0.0,0.22,0,4940,0,10,0.0,0.0,0.997979797979798,14,100
0.0,0.0,0.0,,0.0,0.24,0,4940,0,10,0.0,0.0,0.997979797979798,14,100
0.0,0.0,0.0,,0.0,0.26,0,4940,0,10,0.0,0.0,0.997979797979798,14,100
0.0,0.0,0.0,,0.0,0.28,0,4940,0,10,0.0,0.0,0.997979797979798,14,100
0.0,0.0,0.0,,0.0,0.3,0,4940,0,10,0.0,0.0,0.997979797979798,14,100
0.0,0.0,0.0,,0.0,0.32,0,4940,0,10,0.0,0.0,0.997979797979798,14,100
0.0,0.0,0.0,,0.0,0.34,0,4940,0,10,0.0,0.0,0.997979797979798,14,100
0.0,0.0,0.0,,0.0,0.36,0,4940,0,10,0.0,0.0,0.997979797979798,14,100
0.0,0.0,0.0,,0.0,0.38,0,4940,0,10,0.0,0.0,0.997979797979798,14,100
0.0,0.0,0.0,,0.0,0.4,0,4940,0,10,0.0,0.0,0.997979797979798,14,100
0.0,0.0,0.0,,0.0,0.42,0,4940,0,10,0.0,0.0,0.997979797979798,14,100
0.0,0.0,0.0,,0.0,0.44,0,4940,0,10,0.0,0.0,0.997979797979798,14,100
0.0,0.0,0.0,,0.0,0.46,0,4940,0,10,0.0,0.0,0.997979797979798,14,100
0.0,0.0,0.0,,0.0,0.48,0,4940,0,10,0.0,0.0,0.997979797979798,14,100
0.0,0.0,0.0,,0.0,0.5,0,4940,0,10,0.0,0.0,0.997979797979798,14,100
0.0,0.0,0.0,,0.0,0.52,0,4940,0,10,0.0,0.0,0.997979797979798,14,100
0.0,0.0,0.0,,0.0,0.54,0,4940,0,10,0.0,0.0,0.997979797979798,14,100
0.0,0.0,0.0,,0.0,0.56,0,4940,0,10,0.0,0.0,0.997979797979798,14,100
0.0,0.0,0.0,,0.0,0.58,0,4940,0,10,0.0,0.0,0.997979797979798,14,100
0.0,0.0,0.0,,0.0,0.6,0,4940,0,10,0.0,0.0,0.997979797979798,14,100
0.0,0.0,0.0,,0.0,0.62,0,4940,0,10,0.0,0.0,0.997979797979798,14,100
0.0036437246963562753,0.0,1.0,0.0,0.0,0.64,0,4922,18,10,0.0,0.0036437246963562753,0.9943434343434343,14,100
0.004453441295546558,0.0,1.0,0.0,0.0,0.66,0,4918,22,10,0.0,0.004453441295546558,0.9935353535353535,14,100
0.004453441295546558,0.0,1.0,0.0,0.0,0.68,0,4918,22,10,0.0,0.004453441295546558,0.9935353535353535,14,100
0.004453441295546558,0.0,1.0,0.0,0.0,0.7,0,4918,22,10,0.0,0.004453441295546558,0.9935353535353535,14,100
0.004453441295546558,0.0,1.0,0.0,0.0,0.72,0,4918,22,10,0.0,0.004453441295546558,0.9935353535353535,14,100
0.005668016194331984,0.0,1.0,0.0,0.0,0.74,0,4912,28,10,0.0,0.005668016194331984,0.9923232323232323,14,100
0.005668016194331984,0.0,1.0,0.0,0.0,0.76,0,4912,28,10,0.0,0.005668016194331984,0.9923232323232323,14,100
0.005668016194331984,0.0,1.0,0.0,0.0,0.78,0,4912,28,10,0.0,0.005668016194331984,0.9923232323232323,14,100
0.0066801619433198385,0.0,1.0,0.0,0.0,0.8,0,4907,33,10,0.0,0.0066801619433198385,0.9913131313131314,14,100
0.0072874493927125505,0.0,1.0,0.0,0.0,0.82,0,4904,36,10,0.0,0.0072874493927125505,0.9907070707070708,14,100
0.0072874493927125505,0.0,1.0,0.0,0.0,0.84,0,4904,36,10,0.0,0.0072874493927125505,0.9907070707070708,14,100
0.0072874493927125505,0.0,1.0,0.0,0.0,0.86,0,4904,36,10,0.0,0.0072874493927125505,0.9907070707070708,14,100
0.00951417004048583,0.0,1.0,0.0,0.0,0.88,0,4893,47,10,0.0,0.00951417004048583,0.9884848484848485,14,100
0.00951417004048583,0.0,1.0,0.0,0.0,0.9,0,4893,47,10,0.0,0.00951417004048583,0.9884848484848485,14,100
0.013967611336032389,0.0,1.0,0.0,0.0,0.92,0,4871,69,10,0.0,0.013967611336032389,0.984040404040404,14,100
0.022672064777327937,0.0,1.0,0.0,0.0,0.94,0,4828,112,10,0.0,0.022672064777327937,0.9753535353535353,14,100
0.024493927125506073,0.0,1.0,0.0,0.0,0.96,0,4819,121,10,0.0,0.024493927125506073,0.9735353535353536,14,100
0.1394736842105263,0.5,0.9927953890489913,0.007204610951008645,0.5,0.98,5,4251,689,5,0.5,0.1394736842105263,0.8597979797979798,14,100
0.8251012145748988,1.0,0.9975526186979932,0.0024473813020068525,1.0,1.0,10,864,4076,0,1.0,0.8251012145748988,0.17656565656565656,14,100
0.0,0.0,0.0,,0.0,0.02,0,4940,0,10,0.0,0.0,0.997979797979798,15,100
0.0,0.0,0.0,,0.0,0.04,0,4940,0,10,0.0,0.0,0.997979797979798,15,100
0.0,0.0,0.0,,0.0,0.06,0,4940,0,10,0.0,0.0,0.997979797979798,15,100
0.0,0.0,0.0,,0.0,0.08,0,4940,0,10,0.0,0.0,0.997979797979798,15,100
0.0,0.0,0.0,,0.0,0.1,0,4940,0,10,0.0,0.0,0.997979797979798,15,100
0.0,0.0,0.0,,0.0,0.12,0,4940,0,10,0.0,0.0,0.997979797979798,15,100
0.0,0.0,0.0,,0.0,0.14,0,4940,0,10,0.0,0.0,0.997979797979798,15,100
0.0,0.0,0.0,,0.0,0.16,0,4940,0,10,0.0,0.0,0.997979797979798,15,100
0.0,0.0,0.0,,0.0,0.18,0,4940,0,10,0.0,0.0,0.997979797979798,15,100
0.0,0.0,0.0,,0.0,0.2,0,4940,0,10,0.0,0.0,0.997979797979798,15,100
0.0,0.0,0.0,,0.0,0.22,0,4940,0,10,0.0,0.0,0.997979797979798,15,100
0.0,0.0,0.0,,0.0,0.24,0,4940,0,10,0.0,0.0,0.997979797979798,15,100
0.0,0.0,0.0,,0.0,0.26,0,4940,0,10,0.0,0.0,0.997979797979798,15,100
0.0,0.0,0.0,,0.0,0.28,0,4940,0,10,0.0,0.0,0.997979797979798,15,100
0.0,0.0,0.0,,0.0,0.3,0,4940,0,10,0.0,0.0,0.997979797979798,15,100
0.0,0.0,0.0,,0.0,0.32,0,4940,0,10,0.0,0.0,0.997979797979798,15,100
0.0,0.0,0.0,,0.0,0.34,0,4940,0,10,0.0,0.0,0.997979797979798,15,100
0.0,0.0,0.0,,0.0,0.36,0,4940,0,10,0.0,0.0,0.997979797979798,15,100
0.0,0.0,0.0,,0.0,0.38,0,4940,0,10,0.0,0.0,0.997979797979798,15,100
0.0,0.0,0.0,,0.0,0.4,0,4940,0,10,0.0,0.0,0.997979797979798,15,100
0.0,0.0,0.0,,0.0,0.42,0,4940,0,10,0.0,0.0,0.997979797979798,15,100
0.0,0.0,0.0,,0.0,0.44,0,4940,0,10,0.0,0.0,0.997979797979798,15,100
0.0,0.0,0.0,,0.0,0.46,0,4940,0,10,0.0,0.0,0.997979797979798,15,100
0.00020242914979757084,0.1,0.5,0.5,0.1,0.48,1,4939,1,9,0.1,0.00020242914979757084,0.997979797979798,15,100
0.00020242914979757084,0.1,0.5,0.5,0.1,0.5,1,4939,1,9,0.1,0.00020242914979757084,0.997979797979798,15,100
0.00020242914979757084,0.1,0.5,0.5,0.1,0.52,1,4939,1,9,0.1,0.00020242914979757084,0.997979797979798,15,100
0.00020242914979757084,0.1,0.5,0.5,0.1,0.54,1,4939,1,9,0.1,0.00020242914979757084,0.997979797979798,15,100
0.00020242914979757084,0.1,0.5,0.5,0.1,0.56,1,4939,1,9,0.1,0.00020242914979757084,0.997979797979798,15,100
0.00020242914979757084,0.1,0.5,0.5,0.1,0.58,1,4939,1,9,0.1,0.00020242914979757084,0.997979797979798,15,100
0.00020242914979757084,0.1,0.5,0.5,0.1,0.6,1,4939,1,9,0.1,0.00020242914979757084,0.997979797979798,15,100
0.00020242914979757084,0.1,0.5,0.5,0.1,0.62,1,4939,1,9,0.1,0.00020242914979757084,0.997979797979798,15,100
0.00020242914979757084,0.1,0.5,0.5,0.1,0.64,1,4939,1,9,0.1,0.00020242914979757084,0.997979797979798,15,100
0.00020242914979757084,0.1,0.5,0.5,0.1,0.66,1,4939,1,9,0.1,0.00020242914979757084,0.997979797979798,15,100
0.00020242914979757084,0.1,0.5,0.5,0.1,0.68,1,4939,1,9,0.1,0.00020242914979757084,0.997979797979798,15,100
0.00020242914979757084,0.1,0.5,0.5,0.1,0.7,1,4939,1,9,0.1,0.00020242914979757084,0.997979797979798,15,100
0.00020242914979757084,0.1,0.5,0.5,0.1,0.72,1,4939,1,9,0.1,0.00020242914979757084,0.997979797979798,15,100
0.00020242914979757084,0.1,0.5,0.5,0.1,0.74,1,4939,1,9,0.1,0.00020242914979757084,0.997979797979798,15,100
0.00020242914979757084,0.1,0.5,0.5,0.1,0.76,1,4939,1,9,0.1,0.00020242914979757084,0.997979797979798,15,100
0.00020242914979757084,0.1,0.5,0.5,0.1,0.78,1,4939,1,9,0.1,0.00020242914979757084,0.997979797979798,15,100
0.00020242914979757084,0.1,0.5,0.5,0.1,0.8,1,4939,1,9,0.1,0.00020242914979757084,0.997979797979798,15,100
0.00020242914979757084,0.1,0.5,0.5,0.1,0.82,1,4939,1,9,0.1,0.00020242914979757084,0.997979797979798,15,100
0.00020242914979757084,0.1,0.5,0.5,0.1,0.84,1,4939,1,9,0.1,0.00020242914979757084,0.997979797979798,15,100
0.018016194331983804,0.5,0.9468085106382979,0.05319148936170213,0.5,0.86,5,4851,89,5,0.5,0.018016194331983804,0.981010101010101,15,100
0.019635627530364373,0.5,0.9509803921568627,0.049019607843137254,0.5,0.88,5,4843,97,5,0.5,0.019635627530364373,0.9793939393939394,15,100
0.019635627530364373,0.5,0.9509803921568627,0.049019607843137254,0.5,0.9,5,4843,97,5,0.5,0.019635627530364373,0.9793939393939394,15,100
0.019635627530364373,0.5,0.9509803921568627,0.049019607843137254,0.5,0.92,5,4843,97,5,0.5,0.019635627530364373,0.9793939393939394,15,100
0.020445344129554656,0.5,0.9528301886792453,0.04716981132075472,0.5,0.94,5,4839,101,5,0.5,0.020445344129554656,0.9785858585858586,15,100
0.07064777327935223,0.5,0.9858757062146892,0.014124293785310734,0.5,0.96,5,4591,349,5,0.5,0.07064777327935223,0.9284848484848485,15,100
0.14291497975708503,0.5,0.9929676511954993,0.007032348804500703,0.5,0.98,5,4234,706,5,0.5,0.14291497975708503,0.8563636363636363,15,100
0.37388663967611335,0.5,0.9973002159827213,0.0026997840172786176,0.5,1.0,5,3093,1847,5,0.5,0.37388663967611335,0.6258585858585859,15,100
0.00020242914979757084,0.0,1.0,0.0,0.0,0.02,0,4939,1,10,0.0,0.00020242914979757084,0.9977777777777778,16,100
0.00020242914979757084,0.0,1.0,0.0,0.0,0.04,0,4939,1,10,0.0,0.00020242914979757084,0.9977777777777778,16,100
0.00020242914979757084,0.0,1.0,0.0,0.0,0.06,0,4939,1,10,0.0,0.00020242914979757084,0.9977777777777778,16,100
0.0,0.0,0.0,,0.0,0.08,0,4940,0,10,0.0,0.0,0.997979797979798,16,100
0.00020242914979757084,0.0,1.0,0.0,0.0,0.1,0,4939,1,10,0.0,0.00020242914979757084,0.9977777777777778,16,100
0.00020242914979757084,0.0,1.0,0.0,0.0,0.12,0,4939,1,10,0.0,0.00020242914979757084,0.9977777777777778,16,100
0.00020242914979757084,0.0,1.0,0.0,0.0,0.14,0,4939,1,10,0.0,0.00020242914979757084,0.9977777777777778,16,100
0.00020242914979757084,0.0,1.0,0.0,0.0,0.16,0,4939,1,10,0.0,0.00020242914979757084,0.9977777777777778,16,100
0.00020242914979757084,0.0,1.0,0.0,0.0,0.18,0,4939,1,10,0.0,0.00020242914979757084,0.9977777777777778,16,100
0.00020242914979757084,0.0,1.0,0.0,0.0,0.2,0,4939,1,10,0.0,0.00020242914979757084,0.9977777777777778,16,100
0.00020242914979757084,0.0,1.0,0.0,0.0,0.22,0,4939,1,10,0.0,0.00020242914979757084,0.9977777777777778,16,100
0.00020242914979757084,0.0,1.0,0.0,0.0,0.24,0,4939,1,10,0.0,0.00020242914979757084,0.9977777777777778,16,100
0.00020242914979757084,0.0,1.0,0.0,0.0,0.26,0,4939,1,10,0.0,0.00020242914979757084,0.9977777777777778,16,100
0.00020242914979757084,0.0,1.0,0.0,0.0,0.28,0,4939,1,10,0.0,0.00020242914979757084,0.9977777777777778,16,100
0.00020242914979757084,0.0,1.0,0.0,0.0,0.3,0,4939,1,10,0.0,0.00020242914979757084,0.9977777777777778,16,100
0.00020242914979757084,0.1,0.5,0.5,0.1,0.32,1,4939,1,9,0.1,0.00020242914979757084,0.997979797979798,16,100
0.00020242914979757084,0.1,0.5,0.5,0.1,0.34,1,4939,1,9,0.1,0.00020242914979757084,0.997979797979798,16,100
0.00020242914979757084,0.1,0.5,0.5,0.1,0.36,1,4939,1,9,0.1,0.00020242914979757084,0.997979797979798,16,100
0.00020242914979757084,0.1,0.5,0.5,0.1,0.38,1,4939,1,9,0.1,0.00020242914979757084,0.997979797979798,16,100
0.00020242914979757084,0.1,0.5,0.5,0.1,0.4,1,4939,1,9,0.1,0.00020242914979757084,0.997979797979798,16,100
0.0010121457489878543,0.1,0.8333333333333334,0.16666666666666666,0.1,0.42,1,4935,5,9,0.1,0.0010121457489878543,0.9971717171717172,16,100
0.0010121457489878543,0.1,0.8333333333333334,0.16666666666666666,0.1,0.44,1,4935,5,9,0.1,0.0010121457489878543,0.9971717171717172,16,100
0.0010121457489878543,0.1,0.8333333333333334,0.16666666666666666,0.1,0.46,1,4935,5,9,0.1,0.0010121457489878543,0.9971717171717172,16,100
0.0010121457489878543,0.1,0.8333333333333334,0.16666666666666666,0.1,0.48,1,4935,5,9,0.1,0.0010121457489878543,0.9971717171717172,16,100
0.0010121457489878543,0.1,0.8333333333333334,0.16666666666666666,0.1,0.5,1,4935,5,9,0.1,0.0010121457489878543,0.9971717171717172,16,100
0.0010121457489878543,0.1,0.8333333333333334,0.16666666666666666,0.1,0.52,1,4935,5,9,0.1,0.0010121457489878543,0.9971717171717172,16,100
0.0010121457489878543,0.1,0.8333333333333334,0.16666666666666666,0.1,0.54,1,4935,5,9,0.1,0.0010121457489878543,0.9971717171717172,16,100
0.0010121457489878543,0.1,0.8333333333333334,0.16666666666666666,0.1,0.56,1,4935,5,9,0.1,0.0010121457489878543,0.9971717171717172,16,100
0.0010121457489878543,0.1,0.8333333333333334,0.16666666666666666,0.1,0.58,1,4935,5,9,0.1,0.0010121457489878543,0.9971717171717172,16,100
0.0010121457489878543,0.1,0.8333333333333334,0.16666666666666666,0.1,0.6,1,4935,5,9,0.1,0.0010121457489878543,0.9971717171717172,16,100
0.0010121457489878543,0.1,0.8333333333333334,0.16666666666666666,0.1,0.62,1,4935,5,9,0.1,0.0010121457489878543,0.9971717171717172,16,100
0.0010121457489878543,0.1,0.8333333333333334,0.16666666666666666,0.1,0.64,1,4935,5,9,0.1,0.0010121457489878543,0.9971717171717172,16,100
0.0010121457489878543,0.1,0.8333333333333334,0.16666666666666666,0.1,0.66,1,4935,5,9,0.1,0.0010121457489878543,0.9971717171717172,16,100
0.0012145748987854252,0.1,0.8571428571428571,0.14285714285714285,0.1,0.68,1,4934,6,9,0.1,0.0012145748987854252,0.996969696969697,16,100
0.0012145748987854252,0.1,0.8571428571428571,0.14285714285714285,0.1,0.7,1,4934,6,9,0.1,0.0012145748987854252,0.996969696969697,16,100
0.0012145748987854252,0.1,0.8571428571428571,0.14285714285714285,0.1,0.72,1,4934,6,9,0.1,0.0012145748987854252,0.996969696969697,16,100
0.006072874493927126,0.2,0.9375,0.0625,0.2,0.74,2,4910,30,8,0.2,0.006072874493927126,0.9923232323232323,16,100
0.006072874493927126,0.2,0.9375,0.0625,0.2,0.76,2,4910,30,8,0.2,0.006072874493927126,0.9923232323232323,16,100
0.007692307692307693,0.2,0.95,0.05,0.2,0.78,2,4902,38,8,0.2,0.007692307692307693,0.9907070707070708,16,100
0.011336032388663968,0.2,0.9655172413793104,0.034482758620689655,0.2,0.8,2,4884,56,8,0.2,0.011336032388663968,0.9870707070707071,16,100
0.029352226720647773,0.4,0.9731543624161074,0.026845637583892617,0.4,0.82,4,4795,145,6,0.4,0.029352226720647773,0.9694949494949495,16,100
0.031983805668016195,0.4,0.9753086419753086,0.024691358024691357,0.4,0.84,4,4782,158,6,0.4,0.031983805668016195,0.9668686868686869,16,100
0.034817813765182185,0.4,0.9772727272727273,0.022727272727272728,0.4,0.86,4,4768,172,6,0.4,0.034817813765182185,0.964040404040404,16,100
0.03785425101214575,0.4,0.9790575916230366,0.020942408376963352,0.4,0.88,4,4753,187,6,0.4,0.03785425101214575,0.961010101010101,16,100
0.05668016194331984,0.4,0.9859154929577465,0.014084507042253521,0.4,0.9,4,4660,280,6,0.4,0.05668016194331984,0.9422222222222222,16,100
0.06174089068825911,0.4,0.9870550161812298,0.012944983818770227,0.4,0.92,4,4635,305,6,0.4,0.06174089068825911,0.9371717171717172,16,100
0.06720647773279352,0.4,0.9880952380952381,0.011904761904761904,0.4,0.94,4,4608,332,6,0.4,0.06720647773279352,0.9317171717171717,16,100
0.12408906882591093,0.5,0.9919093851132686,0.008090614886731391,0.5,0.96,5,4327,613,5,0.5,0.12408906882591093,0.8751515151515151,16,100
0.1325910931174089,0.5,0.9924242424242424,0.007575757575757576,0.5,0.98,5,4285,655,5,0.5,0.1325910931174089,0.8666666666666667,16,100
0.9665991902834008,1.0,0.9979101358411703,0.0020898641588296763,1.0,1.0,10,165,4775,0,1.0,0.9665991902834008,0.03535353535353535,16,100
0.00020242914979757084,0.0,1.0,0.0,0.0,0.02,0,4939,1,10,0.0,0.00020242914979757084,0.9977777777777778,17,100
0.00020242914979757084,0.0,1.0,0.0,0.0,0.04,0,4939,1,10,0.0,0.00020242914979757084,0.9977777777777778,17,100
0.00020242914979757084,0.0,1.0,0.0,0.0,0.06,0,4939,1,10,0.0,0.00020242914979757084,0.9977777777777778,17,100
0.00020242914979757084,0.0,1.0,0.0,0.0,0.08,0,4939,1,10,0.0,0.00020242914979757084,0.9977777777777778,17,100
0.00020242914979757084,0.0,1.0,0.0,0.0,0.1,0,4939,1,10,0.0,0.00020242914979757084,0.9977777777777778,17,100
0.00020242914979757084,0.0,1.0,0.0,0.0,0.12,0,4939,1,10,0.0,0.00020242914979757084,0.9977777777777778,17,100
0.00020242914979757084,0.0,1.0,0.0,0.0,0.14,0,4939,1,10,0.0,0.00020242914979757084,0.9977777777777778,17,100
0.00020242914979757084,0.0,1.0,0.0,0.0,0.16,0,4939,1,10,0.0,0.00020242914979757084,0.9977777777777778,17,100
0.00020242914979757084,0.0,1.0,0.0,0.0,0.18,0,4939,1,10,0.0,0.00020242914979757084,0.9977777777777778,17,100
0.00020242914979757084,0.0,1.0,0.0,0.0,0.2,0,4939,1,10,0.0,0.00020242914979757084,0.9977777777777778,17,100
0.0004048582995951417,0.0,1.0,0.0,0.0,0.22,0,4938,2,10,0.0,0.0004048582995951417,0.9975757575757576,17,100
0.0004048582995951417,0.0,1.0,0.0,0.0,0.24,0,4938,2,10,0.0,0.0004048582995951417,0.9975757575757576,17,100
0.0004048582995951417,0.0,1.0,0.0,0.0,0.26,0,4938,2,10,0.0,0.0004048582995951417,0.9975757575757576,17,100
0.0004048582995951417,0.0,1.0,0.0,0.0,0.28,0,4938,2,10,0.0,0.0004048582995951417,0.9975757575757576,17,100
0.0004048582995951417,0.0,1.0,0.0,0.0,0.3,0,4938,2,10,0.0,0.0004048582995951417,0.9975757575757576,17,100
0.0004048582995951417,0.0,1.0,0.0,0.0,0.32,0,4938,2,10,0.0,0.0004048582995951417,0.9975757575757576,17,100
0.0004048582995951417,0.0,1.0,0.0,0.0,0.34,0,4938,2,10,0.0,0.0004048582995951417,0.9975757575757576,17,100
0.0006072874493927126,0.0,1.0,0.0,0.0,0.36,0,4937,3,10,0.0,0.0006072874493927126,0.9973737373737374,17,100
0.0008097165991902834,0.0,1.0,0.0,0.0,0.38,0,4936,4,10,0.0,0.0008097165991902834,0.9971717171717172,17,100
0.0008097165991902834,0.0,1.0,0.0,0.0,0.4,0,4936,4,10,0.0,0.0008097165991902834,0.9971717171717172,17,100
0.0010121457489878543,0.0,1.0,0.0,0.0,0.42,0,4935,5,10,0.0,0.0010121457489878543,0.996969696969697,17,100
0.0010121457489878543,0.0,1.0,0.0,0.0,0.44,0,4935,5,10,0.0,0.0010121457489878543,0.996969696969697,17,100
0.0010121457489878543,0.0,1.0,0.0,0.0,0.46,0,4935,5,10,0.0,0.0010121457489878543,0.996969696969697,17,100
0.0010121457489878543,0.0,1.0,0.0,0.0,0.48,0,4935,5,10,0.0,0.0010121457489878543,0.996969696969697,17,100
0.0010121457489878543,0.0,1.0,0.0,0.0,0.5,0,4935,5,10,0.0,0.0010121457489878543,0.996969696969697,17,100
0.0010121457489878543,0.0,1.0,0.0,0.0,0.52,0,4935,5,10,0.0,0.0010121457489878543,0.996969696969697,17,100
0.0010121457489878543,0.0,1.0,0.0,0.0,0.54,0,4935,5,10,0.0,0.0010121457489878543,0.996969696969697,17,100
0.0010121457489878543,0.0,1.0,0.0,0.0,0.56,0,4935,5,10,0.0,0.0010121457489878543,0.996969696969697,17,100
0.0036437246963562753,0.0,1.0,0.0,0.0,0.58,0,4922,18,10,0.0,0.0036437246963562753,0.9943434343434343,17,100
0.004048582995951417,0.0,1.0,0.0,0.0,0.6,0,4920,20,10,0.0,0.004048582995951417,0.9939393939393939,17,100
0.004048582995951417,0.0,1.0,0.0,0.0,0.62,0,4920,20,10,0.0,0.004048582995951417,0.9939393939393939,17,100
0.004453441295546558,0.0,1.0,0.0,0.0,0.64,0,4918,22,10,0.0,0.004453441295546558,0.9935353535353535,17,100
0.008502024291497975,0.2,0.9545454545454546,0.045454545454545456,0.2,0.66,2,4898,42,8,0.2,0.008502024291497975,0.98989898989899,17,100
0.00931174089068826,0.2,0.9583333333333334,0.041666666666666664,0.2,0.68,2,4894,46,8,0.2,0.00931174089068826,0.9890909090909091,17,100
0.010323886639676113,0.2,0.9622641509433962,0.03773584905660377,0.2,0.7,2,4889,51,8,0.2,0.010323886639676113,0.9880808080808081,17,100
0.010323886639676113,0.2,0.9622641509433962,0.03773584905660377,0.2,0.72,2,4889,51,8,0.2,0.010323886639676113,0.9880808080808081,17,100
0.010323886639676113,0.2,0.9622641509433962,0.03773584905660377,0.2,0.74,2,4889,51,8,0.2,0.010323886639676113,0.9880808080808081,17,100
0.010931174089068825,0.2,0.9642857142857143,0.03571428571428571,0.2,0.76,2,4886,54,8,0.2,0.010931174089068825,0.9874747474747475,17,100
0.012145748987854251,0.2,0.967741935483871,0.03225806451612903,0.2,0.78,2,4880,60,8,0.2,0.012145748987854251,0.9862626262626263,17,100
0.013562753036437248,0.2,0.9710144927536232,0.028985507246376812,0.2,0.8,2,4873,67,8,0.2,0.013562753036437248,0.9848484848484849,17,100
0.013562753036437248,0.2,0.9710144927536232,0.028985507246376812,0.2,0.82,2,4873,67,8,0.2,0.013562753036437248,0.9848484848484849,17,100
0.03076923076923077,0.2,0.987012987012987,0.012987012987012988,0.2,0.84,2,4788,152,8,0.2,0.03076923076923077,0.9676767676767677,17,100
0.034210526315789476,0.2,0.9883040935672515,0.011695906432748537,0.2,0.86,2,4771,169,8,0.2,0.034210526315789476,0.9642424242424242,17,100
0.051417004048582994,0.2,0.9921875,0.0078125,0.2,0.88,2,4686,254,8,0.2,0.051417004048582994,0.9470707070707071,17,100
0.051417004048582994,0.2,0.9921875,0.0078125,0.2,0.9,2,4686,254,8,0.2,0.051417004048582994,0.9470707070707071,17,100
0.06700404858299595,0.2,0.993993993993994,0.006006006006006006,0.2,0.92,2,4609,331,8,0.2,0.06700404858299595,0.9315151515151515,17,100
0.0722672064777328,0.3,0.9916666666666667,0.008333333333333333,0.3,0.94,3,4583,357,7,0.3,0.0722672064777328,0.9264646464646464,17,100
0.11417004048582996,0.4,0.9929577464788732,0.007042253521126761,0.4,0.96,4,4376,564,6,0.4,0.11417004048582996,0.8848484848484849,17,100
0.25303643724696356,0.8,0.9936406995230525,0.006359300476947536,0.8,0.98,8,3690,1250,2,0.8,0.25303643724696356,0.7470707070707071,17,100
0.9676113360323887,0.9,0.9981206932553769,0.0018793067446230946,0.9,1.0,9,160,4780,1,0.9,0.9676113360323887,0.03414141414141414,17,100
0.0,0.0,0.0,,0.0,0.02,0,4940,0,10,0.0,0.0,0.997979797979798,18,100
0.0,0.0,0.0,,0.0,0.04,0,4940,0,10,0.0,0.0,0.997979797979798,18,100
0.0,0.0,0.0,,0.0,0.06,0,4940,0,10,0.0,0.0,0.997979797979798,18,100
0.0,0.0,0.0,,0.0,0.08,0,4940,0,10,0.0,0.0,0.997979797979798,18,100
0.0,0.0,0.0,,0.0,0.1,0,4940,0,10,0.0,0.0,0.997979797979798,18,100
0.0,0.0,0.0,,0.0,0.12,0,4940,0,10,0.0,0.0,0.997979797979798,18,100
0.0,0.0,0.0,,0.0,0.14,0,4940,0,10,0.0,0.0,0.997979797979798,18,100
0.0,0.0,0.0,,0.0,0.16,0,4940,0,10,0.0,0.0,0.997979797979798,18,100
0.0,0.0,0.0,,0.0,0.18,0,4940,0,10,0.0,0.0,0.997979797979798,18,100
0.0,0.0,0.0,,0.0,0.2,0,4940,0,10,0.0,0.0,0.997979797979798,18,100
0.0,0.0,0.0,,0.0,0.22,0,4940,0,10,0.0,0.0,0.997979797979798,18,100
0.0,0.0,0.0,,0.0,0.24,0,4940,0,10,0.0,0.0,0.997979797979798,18,100
0.0,0.0,0.0,,0.0,0.26,0,4940,0,10,0.0,0.0,0.997979797979798,18,100
0.0,0.0,0.0,,0.0,0.28,0,4940,0,10,0.0,0.0,0.997979797979798,18,100
0.0,0.0,0.0,,0.0,0.3,0,4940,0,10,0.0,0.0,0.997979797979798,18,100
0.0,0.0,0.0,,0.0,0.32,0,4940,0,10,0.0,0.0,0.997979797979798,18,100
0.0,0.0,0.0,,0.0,0.34,0,4940,0,10,0.0,0.0,0.997979797979798,18,100
0.0,0.0,0.0,,0.0,0.36,0,4940,0,10,0.0,0.0,0.997979797979798,18,100
0.0,0.0,0.0,,0.0,0.38,0,4940,0,10,0.0,0.0,0.997979797979798,18,100
0.0,0.0,0.0,,0.0,0.4,0,4940,0,10,0.0,0.0,0.997979797979798,18,100
0.0,0.0,0.0,,0.0,0.42,0,4940,0,10,0.0,0.0,0.997979797979798,18,100
0.0,0.0,0.0,,0.0,0.44,0,4940,0,10,0.0,0.0,0.997979797979798,18,100
0.0,0.0,0.0,,0.0,0.46,0,4940,0,10,0.0,0.0,0.997979797979798,18,100
0.0,0.0,0.0,,0.0,0.48,0,4940,0,10,0.0,0.0,0.997979797979798,18,100
0.0,0.0,0.0,,0.0,0.5,0,4940,0,10,0.0,0.0,0.997979797979798,18,100
0.0,0.0,0.0,,0.0,0.52,0,4940,0,10,0.0,0.0,0.997979797979798,18,100
0.0,0.0,0.0,,0.0,0.54,0,4940,0,10,0.0,0.0,0.997979797979798,18,100
0.0,0.0,0.0,,0.0,0.56,0,4940,0,10,0.0,0.0,0.997979797979798,18,100
0.0,0.0,0.0,,0.0,0.58,0,4940,0,10,0.0,0.0,0.997979797979798,18,100
0.0,0.0,0.0,,0.0,0.6,0,4940,0,10,0.0,0.0,0.997979797979798,18,100
0.0,0.0,0.0,,0.0,0.62,0,4940,0,10,0.0,0.0,0.997979797979798,18,100
0.0,0.0,0.0,,0.0,0.64,0,4940,0,10,0.0,0.0,0.997979797979798,18,100
0.0018218623481781376,0.0,1.0,0.0,0.0,0.66,0,4931,9,10,0.0,0.0018218623481781376,0.9961616161616161,18,100
0.0020242914979757085,0.0,1.0,0.0,0.0,0.68,0,4930,10,10,0.0,0.0020242914979757085,0.9959595959595959,18,100
0.0020242914979757085,0.0,1.0,0.0,0.0,0.7,0,4930,10,10,0.0,0.0020242914979757085,0.9959595959595959,18,100
0.0020242914979757085,0.0,1.0,0.0,0.0,0.72,0,4930,10,10,0.0,0.0020242914979757085,0.9959595959595959,18,100
0.0020242914979757085,0.0,1.0,0.0,0.0,0.74,0,4930,10,10,0.0,0.0020242914979757085,0.9959595959595959,18,100
0.0020242914979757085,0.0,1.0,0.0,0.0,0.76,0,4930,10,10,0.0,0.0020242914979757085,0.9959595959595959,18,100
0.0066801619433198385,0.0,1.0,0.0,0.0,0.78,0,4907,33,10,0.0,0.0066801619433198385,0.9913131313131314,18,100
0.0066801619433198385,0.0,1.0,0.0,0.0,0.8,0,4907,33,10,0.0,0.0066801619433198385,0.9913131313131314,18,100
0.00708502024291498,0.0,1.0,0.0,0.0,0.82,0,4905,35,10,0.0,0.00708502024291498,0.990909090909091,18,100
0.00708502024291498,0.0,1.0,0.0,0.0,0.84,0,4905,35,10,0.0,0.00708502024291498,0.990909090909091,18,100
0.007489878542510121,0.0,1.0,0.0,0.0,0.86,0,4903,37,10,0.0,0.007489878542510121,0.9905050505050506,18,100
0.007489878542510121,0.0,1.0,0.0,0.0,0.88,0,4903,37,10,0.0,0.007489878542510121,0.9905050505050506,18,100
0.008906882591093117,0.0,1.0,0.0,0.0,0.9,0,4896,44,10,0.0,0.008906882591093117,0.9890909090909091,18,100
0.018016194331983804,0.0,1.0,0.0,0.0,0.92,0,4851,89,10,0.0,0.018016194331983804,0.98,18,100
0.10040485829959514,0.3,0.9939879759519038,0.006012024048096192,0.3,0.94,3,4444,496,7,0.3,0.10040485829959514,0.8983838383838384,18,100
0.1862348178137652,0.5,0.9945945945945946,0.005405405405405406,0.5,0.96,5,4020,920,5,0.5,0.1862348178137652,0.8131313131313131,18,100
0.2657894736842105,0.6,0.9954510993176648,0.004548900682335102,0.6,0.98,6,3627,1313,4,0.6,0.2657894736842105,0.7339393939393939,18,100
0.9133603238866397,1.0,0.9977885891198585,0.0022114108801415304,1.0,1.0,10,428,4512,0,1.0,0.9133603238866397,0.08848484848484849,18,100
0.0,0.0,0.0,,0.0,0.02,0,4940,0,10,0.0,0.0,0.997979797979798,19,100
0.0,0.0,0.0,,0.0,0.04,0,4940,0,10,0.0,0.0,0.997979797979798,19,100
0.0,0.0,0.0,,0.0,0.06,0,4940,0,10,0.0,0.0,0.997979797979798,19,100
0.0,0.0,0.0,,0.0,0.08,0,4940,0,10,0.0,0.0,0.997979797979798,19,100
0.0,0.0,0.0,,0.0,0.1,0,4940,0,10,0.0,0.0,0.997979797979798,19,100
0.0,0.0,0.0,,0.0,0.12,0,4940,0,10,0.0,0.0,0.997979797979798,19,100
0.0,0.0,0.0,,0.0,0.14,0,4940,0,10,0.0,0.0,0.997979797979798,19,100
0.0,0.0,0.0,,0.0,0.16,0,4940,0,10,0.0,0.0,0.997979797979798,19,100
0.0,0.0,0.0,,0.0,0.18,0,4940,0,10,0.0,0.0,0.997979797979798,19,100
0.0,0.0,0.0,,0.0,0.2,0,4940,0,10,0.0,0.0,0.997979797979798,19,100
0.0,0.0,0.0,,0.0,0.22,0,4940,0,10,0.0,0.0,0.997979797979798,19,100
0.0,0.0,0.0,,0.0,0.24,0,4940,0,10,0.0,0.0,0.997979797979798,19,100
0.0,0.0,0.0,,0.0,0.26,0,4940,0,10,0.0,0.0,0.997979797979798,19,100
0.0,0.0,0.0,,0.0,0.28,0,4940,0,10,0.0,0.0,0.997979797979798,19,100
0.0,0.0,0.0,,0.0,0.3,0,4940,0,10,0.0,0.0,0.997979797979798,19,100
0.0,0.0,0.0,,0.0,0.32,0,4940,0,10,0.0,0.0,0.997979797979798,19,100
0.0,0.0,0.0,,0.0,0.34,0,4940,0,10,0.0,0.0,0.997979797979798,19,100
0.0,0.0,0.0,,0.0,0.36,0,4940,0,10,0.0,0.0,0.997979797979798,19,100
0.0,0.0,0.0,,0.0,0.38,0,4940,0,10,0.0,0.0,0.997979797979798,19,100
0.0,0.0,0.0,,0.0,0.4,0,4940,0,10,0.0,0.0,0.997979797979798,19,100
0.0,0.0,0.0,,0.0,0.42,0,4940,0,10,0.0,0.0,0.997979797979798,19,100
0.0,0.0,0.0,,0.0,0.44,0,4940,0,10,0.0,0.0,0.997979797979798,19,100
0.0,0.0,0.0,,0.0,0.46,0,4940,0,10,0.0,0.0,0.997979797979798,19,100
0.0,0.0,0.0,,0.0,0.48,0,4940,0,10,0.0,0.0,0.997979797979798,19,100
0.0,0.0,0.0,,0.0,0.5,0,4940,0,10,0.0,0.0,0.997979797979798,19,100
0.0008097165991902834,0.0,1.0,0.0,0.0,0.52,0,4936,4,10,0.0,0.0008097165991902834,0.9971717171717172,19,100
0.0010121457489878543,0.0,1.0,0.0,0.0,0.54,0,4935,5,10,0.0,0.0010121457489878543,0.996969696969697,19,100
0.003036437246963563,0.1,0.9375,0.0625,0.1,0.56,1,4925,15,9,0.1,0.003036437246963563,0.9951515151515151,19,100
0.0038461538461538464,0.1,0.95,0.05,0.1,0.58,1,4921,19,9,0.1,0.0038461538461538464,0.9943434343434343,19,100
0.0038461538461538464,0.1,0.95,0.05,0.1,0.6,1,4921,19,9,0.1,0.0038461538461538464,0.9943434343434343,19,100
0.004048582995951417,0.1,0.9523809523809523,0.047619047619047616,0.1,0.62,1,4920,20,9,0.1,0.004048582995951417,0.9941414141414141,19,100
0.004048582995951417,0.1,0.9523809523809523,0.047619047619047616,0.1,0.64,1,4920,20,9,0.1,0.004048582995951417,0.9941414141414141,19,100
0.004048582995951417,0.1,0.9523809523809523,0.047619047619047616,0.1,0.66,1,4920,20,9,0.1,0.004048582995951417,0.9941414141414141,19,100
0.004048582995951417,0.1,0.9523809523809523,0.047619047619047616,0.1,0.68,1,4920,20,9,0.1,0.004048582995951417,0.9941414141414141,19,100
0.005263157894736842,0.1,0.9629629629629629,0.037037037037037035,0.1,0.7,1,4914,26,9,0.1,0.005263157894736842,0.9929292929292929,19,100
0.005263157894736842,0.1,0.9629629629629629,0.037037037037037035,0.1,0.72,1,4914,26,9,0.1,0.005263157894736842,0.9929292929292929,19,100
0.005263157894736842,0.1,0.9629629629629629,0.037037037037037035,0.1,0.74,1,4914,26,9,0.1,0.005263157894736842,0.9929292929292929,19,100
0.005263157894736842,0.1,0.9629629629629629,0.037037037037037035,0.1,0.76,1,4914,26,9,0.1,0.005263157894736842,0.9929292929292929,19,100
0.005263157894736842,0.1,0.9629629629629629,0.037037037037037035,0.1,0.78,1,4914,26,9,0.1,0.005263157894736842,0.9929292929292929,19,100
0.005263157894736842,0.1,0.9629629629629629,0.037037037037037035,0.1,0.8,1,4914,26,9,0.1,0.005263157894736842,0.9929292929292929,19,100
0.008097165991902834,0.1,0.975609756097561,0.024390243902439025,0.1,0.82,1,4900,40,9,0.1,0.008097165991902834,0.9901010101010101,19,100
0.008097165991902834,0.1,0.975609756097561,0.024390243902439025,0.1,0.84,1,4900,40,9,0.1,0.008097165991902834,0.9901010101010101,19,100
0.015182186234817813,0.1,0.9868421052631579,0.013157894736842105,0.1,0.86,1,4865,75,9,0.1,0.015182186234817813,0.983030303030303,19,100
0.015182186234817813,0.1,0.9868421052631579,0.013157894736842105,0.1,0.88,1,4865,75,9,0.1,0.015182186234817813,0.983030303030303,19,100
0.019635627530364373,0.1,0.9897959183673469,0.01020408163265306,0.1,0.9,1,4843,97,9,0.1,0.019635627530364373,0.9785858585858586,19,100
0.02165991902834008,0.1,0.9907407407407407,0.009259259259259259,0.1,0.92,1,4833,107,9,0.1,0.02165991902834008,0.9765656565656565,19,100
0.025708502024291497,0.1,0.9921875,0.0078125,0.1,0.94,1,4813,127,9,0.1,0.025708502024291497,0.9725252525252526,19,100
0.04008097165991903,0.1,0.9949748743718593,0.005025125628140704,0.1,0.96,1,4742,198,9,0.1,0.04008097165991903,0.9581818181818181,19,100
0.04331983805668016,0.1,0.9953488372093023,0.004651162790697674,0.1,0.98,1,4726,214,9,0.1,0.04331983805668016,0.954949494949495,19,100
0.4074898785425101,0.9,0.9955489614243324,0.004451038575667656,0.9,1.0,9,2927,2013,1,0.9,0.4074898785425101,0.5931313131313132,19,100
0.0004048582995951417,0.0,1.0,0.0,0.0,0.02,0,4938,2,10,0.0,0.0004048582995951417,0.9975757575757576,20,100
0.00020242914979757084,0.0,1.0,0.0,0.0,0.04,0,4939,1,10,0.0,0.00020242914979757084,0.9977777777777778,20,100
0.00020242914979757084,0.0,1.0,0.0,0.0,0.06,0,4939,1,10,0.0,0.00020242914979757084,0.9977777777777778,20,100
0.0004048582995951417,0.0,1.0,0.0,0.0,0.08,0,4938,2,10,0.0,0.0004048582995951417,0.9975757575757576,20,100
0.0004048582995951417,0.0,1.0,0.0,0.0,0.1,0,4938,2,10,0.0,0.0004048582995951417,0.9975757575757576,20,100
0.0004048582995951417,0.0,1.0,0.0,0.0,0.12,0,4938,2,10,0.0,0.0004048582995951417,0.9975757575757576,20,100
0.0004048582995951417,0.0,1.0,0.0,0.0,0.14,0,4938,2,10,0.0,0.0004048582995951417,0.9975757575757576,20,100
0.0004048582995951417,0.0,1.0,0.0,0.0,0.16,0,4938,2,10,0.0,0.0004048582995951417,0.9975757575757576,20,100
0.0004048582995951417,0.0,1.0,0.0,0.0,0.18,0,4938,2,10,0.0,0.0004048582995951417,0.9975757575757576,20,100
0.0004048582995951417,0.0,1.0,0.0,0.0,0.2,0,4938,2,10,0.0,0.0004048582995951417,0.9975757575757576,20,100
0.0004048582995951417,0.0,1.0,0.0,0.0,0.22,0,4938,2,10,0.0,0.0004048582995951417,0.9975757575757576,20,100
0.0004048582995951417,0.0,1.0,0.0,0.0,0.24,0,4938,2,10,0.0,0.0004048582995951417,0.9975757575757576,20,100
0.0004048582995951417,0.0,1.0,0.0,0.0,0.26,0,4938,2,10,0.0,0.0004048582995951417,0.9975757575757576,20,100
0.0004048582995951417,0.0,1.0,0.0,0.0,0.28,0,4938,2,10,0.0,0.0004048582995951417,0.9975757575757576,20,100
0.0004048582995951417,0.0,1.0,0.0,0.0,0.3,0,4938,2,10,0.0,0.0004048582995951417,0.9975757575757576,20,100
0.0004048582995951417,0.0,1.0,0.0,0.0,0.32,0,4938,2,10,0.0,0.0004048582995951417,0.9975757575757576,20,100
0.0004048582995951417,0.0,1.0,0.0,0.0,0.34,0,4938,2,10,0.0,0.0004048582995951417,0.9975757575757576,20,100
0.0004048582995951417,0.0,1.0,0.0,0.0,0.36,0,4938,2,10,0.0,0.0004048582995951417,0.9975757575757576,20,100
0.0004048582995951417,0.0,1.0,0.0,0.0,0.38,0,4938,2,10,0.0,0.0004048582995951417,0.9975757575757576,20,100
0.0004048582995951417,0.0,1.0,0.0,0.0,0.4,0,4938,2,10,0.0,0.0004048582995951417,0.9975757575757576,20,100
0.0004048582995951417,0.0,1.0,0.0,0.0,0.42,0,4938,2,10,0.0,0.0004048582995951417,0.9975757575757576,20,100
0.0004048582995951417,0.0,1.0,0.0,0.0,0.44,0,4938,2,10,0.0,0.0004048582995951417,0.9975757575757576,20,100
0.0004048582995951417,0.0,1.0,0.0,0.0,0.46,0,4938,2,10,0.0,0.0004048582995951417,0.9975757575757576,20,100
0.0004048582995951417,0.0,1.0,0.0,0.0,0.48,0,4938,2,10,0.0,0.0004048582995951417,0.9975757575757576,20,100
0.0004048582995951417,0.0,1.0,0.0,0.0,0.5,0,4938,2,10,0.0,0.0004048582995951417,0.9975757575757576,20,100
0.0004048582995951417,0.0,1.0,0.0,0.0,0.52,0,4938,2,10,0.0,0.0004048582995951417,0.9975757575757576,20,100
0.0004048582995951417,0.0,1.0,0.0,0.0,0.54,0,4938,2,10,0.0,0.0004048582995951417,0.9975757575757576,20,100
0.0004048582995951417,0.0,1.0,0.0,0.0,0.56,0,4938,2,10,0.0,0.0004048582995951417,0.9975757575757576,20,100
0.0004048582995951417,0.0,1.0,0.0,0.0,0.58,0,4938,2,10,0.0,0.0004048582995951417,0.9975757575757576,20,100
0.0004048582995951417,0.0,1.0,0.0,0.0,0.6,0,4938,2,10,0.0,0.0004048582995951417,0.9975757575757576,20,100
0.0004048582995951417,0.0,1.0,0.0,0.0,0.62,0,4938,2,10,0.0,0.0004048582995951417,0.9975757575757576,20,100
0.0004048582995951417,0.0,1.0,0.0,0.0,0.64,0,4938,2,10,0.0,0.0004048582995951417,0.9975757575757576,20,100
0.0004048582995951417,0.0,1.0,0.0,0.0,0.66,0,4938,2,10,0.0,0.0004048582995951417,0.9975757575757576,20,100
0.0004048582995951417,0.0,1.0,0.0,0.0,0.68,0,4938,2,10,0.0,0.0004048582995951417,0.9975757575757576,20,100
0.0004048582995951417,0.0,1.0,0.0,0.0,0.7,0,4938,2,10,0.0,0.0004048582995951417,0.9975757575757576,20,100
0.0004048582995951417,0.0,1.0,0.0,0.0,0.72,0,4938,2,10,0.0,0.0004048582995951417,0.9975757575757576,20,100
0.0004048582995951417,0.0,1.0,0.0,0.0,0.74,0,4938,2,10,0.0,0.0004048582995951417,0.9975757575757576,20,100
0.0004048582995951417,0.0,1.0,0.0,0.0,0.76,0,4938,2,10,0.0,0.0004048582995951417,0.9975757575757576,20,100
0.002226720647773279,0.0,1.0,0.0,0.0,0.78,0,4929,11,10,0.0,0.002226720647773279,0.9957575757575757,20,100
0.002226720647773279,0.0,1.0,0.0,0.0,0.8,0,4929,11,10,0.0,0.002226720647773279,0.9957575757575757,20,100
0.002226720647773279,0.0,1.0,0.0,0.0,0.82,0,4929,11,10,0.0,0.002226720647773279,0.9957575757575757,20,100
0.002226720647773279,0.0,1.0,0.0,0.0,0.84,0,4929,11,10,0.0,0.002226720647773279,0.9957575757575757,20,100
0.002226720647773279,0.0,1.0,0.0,0.0,0.86,0,4929,11,10,0.0,0.002226720647773279,0.9957575757575757,20,100
0.002226720647773279,0.0,1.0,0.0,0.0,0.88,0,4929,11,10,0.0,0.002226720647773279,0.9957575757575757,20,100
0.002631578947368421,0.0,1.0,0.0,0.0,0.9,0,4927,13,10,0.0,0.002631578947368421,0.9953535353535353,20,100
0.002631578947368421,0.0,1.0,0.0,0.0,0.92,0,4927,13,10,0.0,0.002631578947368421,0.9953535353535353,20,100
0.002631578947368421,0.0,1.0,0.0,0.0,0.94,0,4927,13,10,0.0,0.002631578947368421,0.9953535353535353,20,100
0.06295546558704454,0.4,0.9873015873015873,0.012698412698412698,0.4,0.96,4,4629,311,6,0.4,0.06295546558704454,0.935959595959596,20,100
0.07550607287449393,0.4,0.9893899204244032,0.010610079575596816,0.4,0.98,4,4567,373,6,0.4,0.07550607287449393,0.9234343434343434,20,100
0.965991902834008,1.0,0.9979088247595148,0.002091175240485153,1.0,1.0,10,168,4772,0,1.0,0.965991902834008,0.03595959595959596,20,100
0.0,0.0,0.0,,0.0,0.02,0,4940,0,10,0.0,0.0,0.997979797979798,21,100
0.0,0.0,0.0,,0.0,0.04,0,4940,0,10,0.0,0.0,0.997979797979798,21,100
0.0,0.0,0.0,,0.0,0.06,0,4940,0,10,0.0,0.0,0.997979797979798,21,100
0.0,0.0,0.0,,0.0,0.08,0,4940,0,10,0.0,0.0,0.997979797979798,21,100
0.0,0.0,0.0,,0.0,0.1,0,4940,0,10,0.0,0.0,0.997979797979798,21,100
0.0,0.0,0.0,,0.0,0.12,0,4940,0,10,0.0,0.0,0.997979797979798,21,100
0.0,0.0,0.0,,0.0,0.14,0,4940,0,10,0.0,0.0,0.997979797979798,21,100
0.0,0.0,0.0,,0.0,0.16,0,4940,0,10,0.0,0.0,0.997979797979798,21,100
0.0,0.0,0.0,,0.0,0.18,0,4940,0,10,0.0,0.0,0.997979797979798,21,100
0.0,0.0,0.0,,0.0,0.2,0,4940,0,10,0.0,0.0,0.997979797979798,21,100
0.0,0.0,0.0,,0.0,0.22,0,4940,0,10,0.0,0.0,0.997979797979798,21,100
0.0,0.0,0.0,,0.0,0.24,0,4940,0,10,0.0,0.0,0.997979797979798,21,100
0.0,0.0,0.0,,0.0,0.26,0,4940,0,10,0.0,0.0,0.997979797979798,21,100
0.0,0.0,0.0,,0.0,0.28,0,4940,0,10,0.0,0.0,0.997979797979798,21,100
0.0,0.0,0.0,,0.0,0.3,0,4940,0,10,0.0,0.0,0.997979797979798,21,100
0.0,0.0,0.0,,0.0,0.32,0,4940,0,10,0.0,0.0,0.997979797979798,21,100
0.0,0.0,0.0,,0.0,0.34,0,4940,0,10,0.0,0.0,0.997979797979798,21,100
0.0,0.0,0.0,,0.0,0.36,0,4940,0,10,0.0,0.0,0.997979797979798,21,100
0.0,0.0,0.0,,0.0,0.38,0,4940,0,10,0.0,0.0,0.997979797979798,21,100
0.0010121457489878543,0.0,1.0,0.0,0.0,0.4,0,4935,5,10,0.0,0.0010121457489878543,0.996969696969697,21,100
0.0010121457489878543,0.0,1.0,0.0,0.0,0.42,0,4935,5,10,0.0,0.0010121457489878543,0.996969696969697,21,100
0.0016194331983805667,0.0,1.0,0.0,0.0,0.44,0,4932,8,10,0.0,0.0016194331983805667,0.9963636363636363,21,100
0.0016194331983805667,0.0,1.0,0.0,0.0,0.46,0,4932,8,10,0.0,0.0016194331983805667,0.9963636363636363,21,100
0.0016194331983805667,0.0,1.0,0.0,0.0,0.48,0,4932,8,10,0.0,0.0016194331983805667,0.9963636363636363,21,100
0.0016194331983805667,0.0,1.0,0.0,0.0,0.5,0,4932,8,10,0.0,0.0016194331983805667,0.9963636363636363,21,100
0.0016194331983805667,0.0,1.0,0.0,0.0,0.52,0,4932,8,10,0.0,0.0016194331983805667,0.9963636363636363,21,100
0.0016194331983805667,0.0,1.0,0.0,0.0,0.54,0,4932,8,10,0.0,0.0016194331983805667,0.9963636363636363,21,100
0.0016194331983805667,0.0,1.0,0.0,0.0,0.56,0,4932,8,10,0.0,0.0016194331983805667,0.9963636363636363,21,100
0.0016194331983805667,0.0,1.0,0.0,0.0,0.58,0,4932,8,10,0.0,0.0016194331983805667,0.9963636363636363,21,100
0.0018218623481781376,0.0,1.0,0.0,0.0,0.6,0,4931,9,10,0.0,0.0018218623481781376,0.9961616161616161,21,100
0.0018218623481781376,0.0,1.0,0.0,0.0,0.62,0,4931,9,10,0.0,0.0018218623481781376,0.9961616161616161,21,100
0.0018218623481781376,0.0,1.0,0.0,0.0,0.64,0,4931,9,10,0.0,0.0018218623481781376,0.9961616161616161,21,100
0.006477732793522267,0.0,1.0,0.0,0.0,0.66,0,4908,32,10,0.0,0.006477732793522267,0.9915151515151515,21,100
0.00708502024291498,0.0,1.0,0.0,0.0,0.68,0,4905,35,10,0.0,0.00708502024291498,0.990909090909091,21,100
0.007489878542510121,0.1,0.9736842105263158,0.02631578947368421,0.1,0.7,1,4903,37,9,0.1,0.007489878542510121,0.9907070707070708,21,100
0.008299595141700405,0.1,0.9761904761904762,0.023809523809523808,0.1,0.72,1,4899,41,9,0.1,0.008299595141700405,0.98989898989899,21,100
0.008299595141700405,0.1,0.9761904761904762,0.023809523809523808,0.1,0.74,1,4899,41,9,0.1,0.008299595141700405,0.98989898989899,21,100
0.008299595141700405,0.1,0.9761904761904762,0.023809523809523808,0.1,0.76,1,4899,41,9,0.1,0.008299595141700405,0.98989898989899,21,100
0.008299595141700405,0.1,0.9761904761904762,0.023809523809523808,0.1,0.78,1,4899,41,9,0.1,0.008299595141700405,0.98989898989899,21,100
0.008299595141700405,0.2,0.9534883720930233,0.046511627906976744,0.2,0.8,2,4899,41,8,0.2,0.008299595141700405,0.9901010101010101,21,100
0.008299595141700405,0.2,0.9534883720930233,0.046511627906976744,0.2,0.82,2,4899,41,8,0.2,0.008299595141700405,0.9901010101010101,21,100
0.008299595141700405,0.2,0.9534883720930233,0.046511627906976744,0.2,0.84,2,4899,41,8,0.2,0.008299595141700405,0.9901010101010101,21,100
0.012145748987854251,0.3,0.9523809523809523,0.047619047619047616,0.3,0.86,3,4880,60,7,0.3,0.012145748987854251,0.9864646464646465,21,100
0.01882591093117409,0.5,0.9489795918367347,0.05102040816326531,0.5,0.88,5,4847,93,5,0.5,0.01882591093117409,0.9802020202020202,21,100
0.020242914979757085,0.5,0.9523809523809523,0.047619047619047616,0.5,0.9,5,4840,100,5,0.5,0.020242914979757085,0.9787878787878788,21,100
0.020242914979757085,0.5,0.9523809523809523,0.047619047619047616,0.5,0.92,5,4840,100,5,0.5,0.020242914979757085,0.9787878787878788,21,100
0.02165991902834008,0.5,0.9553571428571429,0.044642857142857144,0.5,0.94,5,4833,107,5,0.5,0.02165991902834008,0.9773737373737373,21,100
0.02651821862348178,0.5,0.9632352941176471,0.03676470588235294,0.5,0.96,5,4809,131,5,0.5,0.02651821862348178,0.9725252525252526,21,100
0.06255060728744939,0.5,0.9840764331210191,0.01592356687898089,0.5,0.98,5,4631,309,5,0.5,0.06255060728744939,0.9365656565656566,21,100
0.8771255060728745,1.0,0.997697444163021,0.002302555836979047,1.0,1.0,10,607,4333,0,1.0,0.8771255060728745,0.12464646464646464,21,100
0.0,0.0,0.0,,0.0,0.02,0,4940,0,10,0.0,0.0,0.997979797979798,22,100
0.0,0.0,0.0,,0.0,0.04,0,4940,0,10,0.0,0.0,0.997979797979798,22,100
0.0,0.0,0.0,,0.0,0.06,0,4940,0,10,0.0,0.0,0.997979797979798,22,100
0.0,0.0,0.0,,0.0,0.08,0,4940,0,10,0.0,0.0,0.997979797979798,22,100
0.0,0.0,0.0,,0.0,0.1,0,4940,0,10,0.0,0.0,0.997979797979798,22,100
0.0,0.0,0.0,,0.0,0.12,0,4940,0,10,0.0,0.0,0.997979797979798,22,100
0.0,0.0,0.0,,0.0,0.14,0,4940,0,10,0.0,0.0,0.997979797979798,22,100
0.0,0.0,0.0,,0.0,0.16,0,4940,0,10,0.0,0.0,0.997979797979798,22,100
0.0,0.0,0.0,,0.0,0.18,0,4940,0,10,0.0,0.0,0.997979797979798,22,100
0.0,0.0,0.0,,0.0,0.2,0,4940,0,10,0.0,0.0,0.997979797979798,22,100
0.0,0.0,0.0,,0.0,0.22,0,4940,0,10,0.0,0.0,0.997979797979798,22,100
0.0,0.0,0.0,,0.0,0.24,0,4940,0,10,0.0,0.0,0.997979797979798,22,100
0.0,0.0,0.0,,0.0,0.26,0,4940,0,10,0.0,0.0,0.997979797979798,22,100
0.0,0.0,0.0,,0.0,0.28,0,4940,0,10,0.0,0.0,0.997979797979798,22,100
0.0,0.0,0.0,,0.0,0.3,0,4940,0,10,0.0,0.0,0.997979797979798,22,100
0.0,0.0,0.0,,0.0,0.32,0,4940,0,10,0.0,0.0,0.997979797979798,22,100
0.0,0.0,0.0,,0.0,0.34,0,4940,0,10,0.0,0.0,0.997979797979798,22,100
0.00020242914979757084,0.0,1.0,0.0,0.0,0.36,0,4939,1,10,0.0,0.00020242914979757084,0.9977777777777778,22,100
0.00020242914979757084,0.0,1.0,0.0,0.0,0.38,0,4939,1,10,0.0,0.00020242914979757084,0.9977777777777778,22,100
0.00020242914979757084,0.0,1.0,0.0,0.0,0.4,0,4939,1,10,0.0,0.00020242914979757084,0.9977777777777778,22,100
0.00020242914979757084,0.0,1.0,0.0,0.0,0.42,0,4939,1,10,0.0,0.00020242914979757084,0.9977777777777778,22,100
0.0006072874493927126,0.0,1.0,0.0,0.0,0.44,0,4937,3,10,0.0,0.0006072874493927126,0.9973737373737374,22,100
0.0006072874493927126,0.0,1.0,0.0,0.0,0.46,0,4937,3,10,0.0,0.0006072874493927126,0.9973737373737374,22,100
0.0006072874493927126,0.0,1.0,0.0,0.0,0.48,0,4937,3,10,0.0,0.0006072874493927126,0.9973737373737374,22,100
0.0006072874493927126,0.0,1.0,0.0,0.0,0.5,0,4937,3,10,0.0,0.0006072874493927126,0.9973737373737374,22,100
0.0006072874493927126,0.0,1.0,0.0,0.0,0.52,0,4937,3,10,0.0,0.0006072874493927126,0.9973737373737374,22,100
0.0006072874493927126,0.0,1.0,0.0,0.0,0.54,0,4937,3,10,0.0,0.0006072874493927126,0.9973737373737374,22,100
0.0006072874493927126,0.0,1.0,0.0,0.0,0.56,0,4937,3,10,0.0,0.0006072874493927126,0.9973737373737374,22,100
0.0006072874493927126,0.0,1.0,0.0,0.0,0.58,0,4937,3,10,0.0,0.0006072874493927126,0.9973737373737374,22,100
0.0006072874493927126,0.0,1.0,0.0,0.0,0.6,0,4937,3,10,0.0,0.0006072874493927126,0.9973737373737374,22,100
0.0006072874493927126,0.0,1.0,0.0,0.0,0.62,0,4937,3,10,0.0,0.0006072874493927126,0.9973737373737374,22,100
0.0006072874493927126,0.0,1.0,0.0,0.0,0.64,0,4937,3,10,0.0,0.0006072874493927126,0.9973737373737374,22,100
0.0018218623481781376,0.0,1.0,0.0,0.0,0.66,0,4931,9,10,0.0,0.0018218623481781376,0.9961616161616161,22,100
0.0020242914979757085,0.0,1.0,0.0,0.0,0.68,0,4930,10,10,0.0,0.0020242914979757085,0.9959595959595959,22,100
0.0020242914979757085,0.0,1.0,0.0,0.0,0.7,0,4930,10,10,0.0,0.0020242914979757085,0.9959595959595959,22,100
0.002226720647773279,0.0,1.0,0.0,0.0,0.72,0,4929,11,10,0.0,0.002226720647773279,0.9957575757575757,22,100
0.002226720647773279,0.0,1.0,0.0,0.0,0.74,0,4929,11,10,0.0,0.002226720647773279,0.9957575757575757,22,100
0.0036437246963562753,0.0,1.0,0.0,0.0,0.76,0,4922,18,10,0.0,0.0036437246963562753,0.9943434343434343,22,100
0.0036437246963562753,0.0,1.0,0.0,0.0,0.78,0,4922,18,10,0.0,0.0036437246963562753,0.9943434343434343,22,100
0.0036437246963562753,0.0,1.0,0.0,0.0,0.8,0,4922,18,10,0.0,0.0036437246963562753,0.9943434343434343,22,100
0.014574898785425101,0.1,0.9863013698630136,0.0136986301369863,0.1,0.82,1,4868,72,9,0.1,0.014574898785425101,0.9836363636363636,22,100
0.020040485829959515,0.1,0.99,0.01,0.1,0.84,1,4841,99,9,0.1,0.020040485829959515,0.9781818181818182,22,100
0.020040485829959515,0.1,0.99,0.01,0.1,0.86,1,4841,99,9,0.1,0.020040485829959515,0.9781818181818182,22,100
0.020040485829959515,0.1,0.99,0.01,0.1,0.88,1,4841,99,9,0.1,0.020040485829959515,0.9781818181818182,22,100
0.020647773279352227,0.1,0.9902912621359223,0.009708737864077669,0.1,0.9,1,4838,102,9,0.1,0.020647773279352227,0.9775757575757575,22,100
0.1346153846153846,0.3,0.9955089820359282,0.004491017964071856,0.3,0.92,3,4275,665,7,0.3,0.1346153846153846,0.8642424242424243,22,100
0.154251012145749,0.3,0.996078431372549,0.00392156862745098,0.3,0.94,3,4178,762,7,0.3,0.154251012145749,0.8446464646464646,22,100
0.16538461538461538,0.3,0.9963414634146341,0.003658536585365854,0.3,0.96,3,4123,817,7,0.3,0.16538461538461538,0.8335353535353536,22,100
0.1728744939271255,0.3,0.9964994165694282,0.003500583430571762,0.3,0.98,3,4086,854,7,0.3,0.1728744939271255,0.826060606060606,22,100
0.9676113360323887,1.0,0.9979123173277662,0.0020876826722338203,1.0,1.0,10,160,4780,0,1.0,0.9676113360323887,0.03434343434343434,22,100
0.0,0.0,0.0,,0.0,0.02,0,4940,0,10,0.0,0.0,0.997979797979798,23,100
0.0,0.0,0.0,,0.0,0.04,0,4940,0,10,0.0,0.0,0.997979797979798,23,100
0.0,0.0,0.0,,0.0,0.06,0,4940,0,10,0.0,0.0,0.997979797979798,23,100
0.0,0.0,0.0,,0.0,0.08,0,4940,0,10,0.0,0.0,0.997979797979798,23,100
0.0,0.0,0.0,,0.0,0.1,0,4940,0,10,0.0,0.0,0.997979797979798,23,100
0.0,0.0,0.0,,0.0,0.12,0,4940,0,10,0.0,0.0,0.997979797979798,23,100
0.0,0.0,0.0,,0.0,0.14,0,4940,0,10,0.0,0.0,0.997979797979798,23,100
0.0,0.0,0.0,,0.0,0.16,0,4940,0,10,0.0,0.0,0.997979797979798,23,100
0.0,0.0,0.0,,0.0,0.18,0,4940,0,10,0.0,0.0,0.997979797979798,23,100
0.0,0.0,0.0,,0.0,0.2,0,4940,0,10,0.0,0.0,0.997979797979798,23,100
0.0,0.0,0.0,,0.0,0.22,0,4940,0,10,0.0,0.0,0.997979797979798,23,100
0.0,0.0,0.0,,0.0,0.24,0,4940,0,10,0.0,0.0,0.997979797979798,23,100
0.0,0.0,0.0,,0.0,0.26,0,4940,0,10,0.0,0.0,0.997979797979798,23,100
0.0,0.0,0.0,,0.0,0.28,0,4940,0,10,0.0,0.0,0.997979797979798,23,100
0.0,0.0,0.0,,0.0,0.3,0,4940,0,10,0.0,0.0,0.997979797979798,23,100
0.0,0.0,0.0,,0.0,0.32,0,4940,0,10,0.0,0.0,0.997979797979798,23,100
0.0,0.0,0.0,,0.0,0.34,0,4940,0,10,0.0,0.0,0.997979797979798,23,100
0.0,0.0,0.0,,0.0,0.36,0,4940,0,10,0.0,0.0,0.997979797979798,23,100
0.0,0.0,0.0,,0.0,0.38,0,4940,0,10,0.0,0.0,0.997979797979798,23,100
0.00020242914979757084,0.0,1.0,0.0,0.0,0.4,0,4939,1,10,0.0,0.00020242914979757084,0.9977777777777778,23,100
0.00020242914979757084,0.0,1.0,0.0,0.0,0.42,0,4939,1,10,0.0,0.00020242914979757084,0.9977777777777778,23,100
0.00020242914979757084,0.0,1.0,0.0,0.0,0.44,0,4939,1,10,0.0,0.00020242914979757084,0.9977777777777778,23,100
0.00020242914979757084,0.0,1.0,0.0,0.0,0.46,0,4939,1,10,0.0,0.00020242914979757084,0.9977777777777778,23,100
0.00020242914979757084,0.0,1.0,0.0,0.0,0.48,0,4939,1,10,0.0,0.00020242914979757084,0.9977777777777778,23,100
0.0018218623481781376,0.1,0.9,0.1,0.1,0.5,1,4931,9,9,0.1,0.0018218623481781376,0.9963636363636363,23,100
0.0018218623481781376,0.1,0.9,0.1,0.1,0.52,1,4931,9,9,0.1,0.0018218623481781376,0.9963636363636363,23,100
0.0018218623481781376,0.1,0.9,0.1,0.1,0.54,1,4931,9,9,0.1,0.0018218623481781376,0.9963636363636363,23,100
0.003036437246963563,0.1,0.9375,0.0625,0.1,0.56,1,4925,15,9,0.1,0.003036437246963563,0.9951515151515151,23,100
0.003036437246963563,0.1,0.9375,0.0625,0.1,0.58,1,4925,15,9,0.1,0.003036437246963563,0.9951515151515151,23,100
0.003036437246963563,0.1,0.9375,0.0625,0.1,0.6,1,4925,15,9,0.1,0.003036437246963563,0.9951515151515151,23,100
0.003036437246963563,0.1,0.9375,0.0625,0.1,0.62,1,4925,15,9,0.1,0.003036437246963563,0.9951515151515151,23,100
0.003036437246963563,0.1,0.9375,0.0625,0.1,0.64,1,4925,15,9,0.1,0.003036437246963563,0.9951515151515151,23,100
0.0034412955465587046,0.1,0.9444444444444444,0.05555555555555555,0.1,0.66,1,4923,17,9,0.1,0.0034412955465587046,0.9947474747474747,23,100
0.005465587044534413,0.2,0.9310344827586207,0.06896551724137931,0.2,0.68,2,4913,27,8,0.2,0.005465587044534413,0.9929292929292929,23,100
0.006072874493927126,0.2,0.9375,0.0625,0.2,0.7,2,4910,30,8,0.2,0.006072874493927126,0.9923232323232323,23,100
0.006072874493927126,0.2,0.9375,0.0625,0.2,0.72,2,4910,30,8,0.2,0.006072874493927126,0.9923232323232323,23,100
0.006072874493927126,0.2,0.9375,0.0625,0.2,0.74,2,4910,30,8,0.2,0.006072874493927126,0.9923232323232323,23,100
0.0072874493927125505,0.2,0.9473684210526315,0.05263157894736842,0.2,0.76,2,4904,36,8,0.2,0.0072874493927125505,0.9911111111111112,23,100
0.0072874493927125505,0.2,0.9473684210526315,0.05263157894736842,0.2,0.78,2,4904,36,8,0.2,0.0072874493927125505,0.9911111111111112,23,100
0.0072874493927125505,0.2,0.9473684210526315,0.05263157894736842,0.2,0.8,2,4904,36,8,0.2,0.0072874493927125505,0.9911111111111112,23,100
0.007692307692307693,0.2,0.95,0.05,0.2,0.82,2,4902,38,8,0.2,0.007692307692307693,0.9907070707070708,23,100
0.007692307692307693,0.2,0.95,0.05,0.2,0.84,2,4902,38,8,0.2,0.007692307692307693,0.9907070707070708,23,100
0.00951417004048583,0.2,0.9591836734693877,0.04081632653061224,0.2,0.86,2,4893,47,8,0.2,0.00951417004048583,0.9888888888888889,23,100
0.01639676113360324,0.3,0.9642857142857143,0.03571428571428571,0.3,0.88,3,4859,81,7,0.3,0.01639676113360324,0.9822222222222222,23,100
0.01639676113360324,0.3,0.9642857142857143,0.03571428571428571,0.3,0.9,3,4859,81,7,0.3,0.01639676113360324,0.9822222222222222,23,100
0.01639676113360324,0.3,0.9642857142857143,0.03571428571428571,0.3,0.92,3,4859,81,7,0.3,0.01639676113360324,0.9822222222222222,23,100
0.019635627530364373,0.3,0.97,0.03,0.3,0.94,3,4843,97,7,0.3,0.019635627530364373,0.978989898989899,23,100
0.029149797570850202,0.3,0.9795918367346939,0.02040816326530612,0.3,0.96,3,4796,144,7,0.3,0.029149797570850202,0.9694949494949495,23,100
0.05708502024291498,0.3,0.9894736842105263,0.010526315789473684,0.3,0.98,3,4658,282,7,0.3,0.05708502024291498,0.9416161616161616,23,100
0.9720647773279352,1.0,0.9979218620116376,0.0020781379883624274,1.0,1.0,10,138,4802,0,1.0,0.9720647773279352,0.0298989898989899,23,100
0.00020242914979757084,0.0,1.0,0.0,0.0,0.02,0,4939,1,10,0.0,0.00020242914979757084,0.9977777777777778,24,100
0.00020242914979757084,0.0,1.0,0.0,0.0,0.04,0,4939,1,10,0.0,0.00020242914979757084,0.9977777777777778,24,100
0.00020242914979757084,0.0,1.0,0.0,0.0,0.06,0,4939,1,10,0.0,0.00020242914979757084,0.9977777777777778,24,100
0.0,0.0,0.0,,0.0,0.08,0,4940,0,10,0.0,0.0,0.997979797979798,24,100
0.00020242914979757084,0.0,1.0,0.0,0.0,0.1,0,4939,1,10,0.0,0.00020242914979757084,0.9977777777777778,24,100
0.00020242914979757084,0.0,1.0,0.0,0.0,0.12,0,4939,1,10,0.0,0.00020242914979757084,0.9977777777777778,24,100
0.00020242914979757084,0.0,1.0,0.0,0.0,0.14,0,4939,1,10,0.0,0.00020242914979757084,0.9977777777777778,24,100
0.0004048582995951417,0.0,1.0,0.0,0.0,0.16,0,4938,2,10,0.0,0.0004048582995951417,0.9975757575757576,24,100
0.0004048582995951417,0.0,1.0,0.0,0.0,0.18,0,4938,2,10,0.0,0.0004048582995951417,0.9975757575757576,24,100
0.0006072874493927126,0.0,1.0,0.0,0.0,0.2,0,4937,3,10,0.0,0.0006072874493927126,0.9973737373737374,24,100
0.0006072874493927126,0.0,1.0,0.0,0.0,0.22,0,4937,3,10,0.0,0.0006072874493927126,0.9973737373737374,24,100
0.0008097165991902834,0.1,0.8,0.2,0.1,0.24,1,4936,4,9,0.1,0.0008097165991902834,0.9973737373737374,24,100
0.0008097165991902834,0.1,0.8,0.2,0.1,0.26,1,4936,4,9,0.1,0.0008097165991902834,0.9973737373737374,24,100
0.0010121457489878543,0.1,0.8333333333333334,0.16666666666666666,0.1,0.28,1,4935,5,9,0.1,0.0010121457489878543,0.9971717171717172,24,100
0.0010121457489878543,0.1,0.8333333333333334,0.16666666666666666,0.1,0.3,1,4935,5,9,0.1,0.0010121457489878543,0.9971717171717172,24,100
0.0010121457489878543,0.1,0.8333333333333334,0.16666666666666666,0.1,0.32,1,4935,5,9,0.1,0.0010121457489878543,0.9971717171717172,24,100
0.0010121457489878543,0.1,0.8333333333333334,0.16666666666666666,0.1,0.34,1,4935,5,9,0.1,0.0010121457489878543,0.9971717171717172,24,100
0.0010121457489878543,0.1,0.8333333333333334,0.16666666666666666,0.1,0.36,1,4935,5,9,0.1,0.0010121457489878543,0.9971717171717172,24,100
0.0010121457489878543,0.1,0.8333333333333334,0.16666666666666666,0.1,0.38,1,4935,5,9,0.1,0.0010121457489878543,0.9971717171717172,24,100
0.0012145748987854252,0.1,0.8571428571428571,0.14285714285714285,0.1,0.4,1,4934,6,9,0.1,0.0012145748987854252,0.996969696969697,24,100
0.0012145748987854252,0.1,0.8571428571428571,0.14285714285714285,0.1,0.42,1,4934,6,9,0.1,0.0012145748987854252,0.996969696969697,24,100
0.0012145748987854252,0.1,0.8571428571428571,0.14285714285714285,0.1,0.44,1,4934,6,9,0.1,0.0012145748987854252,0.996969696969697,24,100
0.0012145748987854252,0.1,0.8571428571428571,0.14285714285714285,0.1,0.46,1,4934,6,9,0.1,0.0012145748987854252,0.996969696969697,24,100
0.0012145748987854252,0.1,0.8571428571428571,0.14285714285714285,0.1,0.48,1,4934,6,9,0.1,0.0012145748987854252,0.996969696969697,24,100
0.0012145748987854252,0.1,0.8571428571428571,0.14285714285714285,0.1,0.5,1,4934,6,9,0.1,0.0012145748987854252,0.996969696969697,24,100
0.0012145748987854252,0.1,0.8571428571428571,0.14285714285714285,0.1,0.52,1,4934,6,9,0.1,0.0012145748987854252,0.996969696969697,24,100
0.0012145748987854252,0.1,0.8571428571428571,0.14285714285714285,0.1,0.54,1,4934,6,9,0.1,0.0012145748987854252,0.996969696969697,24,100
0.001417004048582996,0.1,0.875,0.125,0.1,0.56,1,4933,7,9,0.1,0.001417004048582996,0.9967676767676767,24,100
0.0016194331983805667,0.1,0.8888888888888888,0.1111111111111111,0.1,0.58,1,4932,8,9,0.1,0.0016194331983805667,0.9965656565656565,24,100
0.0018218623481781376,0.1,0.9,0.1,0.1,0.6,1,4931,9,9,0.1,0.0018218623481781376,0.9963636363636363,24,100
0.0018218623481781376,0.1,0.9,0.1,0.1,0.62,1,4931,9,9,0.1,0.0018218623481781376,0.9963636363636363,24,100
0.0020242914979757085,0.1,0.9090909090909091,0.09090909090909091,0.1,0.64,1,4930,10,9,0.1,0.0020242914979757085,0.9961616161616161,24,100
0.0020242914979757085,0.1,0.9090909090909091,0.09090909090909091,0.1,0.66,1,4930,10,9,0.1,0.0020242914979757085,0.9961616161616161,24,100
0.012753036437246963,0.1,0.984375,0.015625,0.1,0.68,1,4877,63,9,0.1,0.012753036437246963,0.9854545454545455,24,100
0.016194331983805668,0.1,0.9876543209876543,0.012345679012345678,0.1,0.7,1,4860,80,9,0.1,0.016194331983805668,0.982020202020202,24,100
0.016194331983805668,0.1,0.9876543209876543,0.012345679012345678,0.1,0.72,1,4860,80,9,0.1,0.016194331983805668,0.982020202020202,24,100
0.01720647773279352,0.1,0.9883720930232558,0.011627906976744186,0.1,0.74,1,4855,85,9,0.1,0.01720647773279352,0.981010101010101,24,100
0.01720647773279352,0.1,0.9883720930232558,0.011627906976744186,0.1,0.76,1,4855,85,9,0.1,0.01720647773279352,0.981010101010101,24,100
0.01720647773279352,0.1,0.9883720930232558,0.011627906976744186,0.1,0.78,1,4855,85,9,0.1,0.01720647773279352,0.981010101010101,24,100
0.020242914979757085,0.1,0.9900990099009901,0.009900990099009901,0.1,0.8,1,4840,100,9,0.1,0.020242914979757085,0.977979797979798,24,100
0.022267206477732792,0.1,0.990990990990991,0.009009009009009009,0.1,0.82,1,4830,110,9,0.1,0.022267206477732792,0.9759595959595959,24,100
0.024493927125506073,0.2,0.983739837398374,0.016260162601626018,0.2,0.84,2,4819,121,8,0.2,0.024493927125506073,0.973939393939394,24,100
0.03340080971659919,0.3,0.9821428571428571,0.017857142857142856,0.3,0.86,3,4775,165,7,0.3,0.03340080971659919,0.9652525252525253,24,100
0.03684210526315789,0.3,0.9837837837837838,0.016216216216216217,0.3,0.88,3,4758,182,7,0.3,0.03684210526315789,0.9618181818181818,24,100
0.048987854251012146,0.3,0.9877551020408163,0.012244897959183673,0.3,0.9,3,4698,242,7,0.3,0.048987854251012146,0.9496969696969697,24,100
0.05303643724696356,0.3,0.9886792452830189,0.011320754716981131,0.3,0.92,3,4678,262,7,0.3,0.05303643724696356,0.9456565656565656,24,100
0.05303643724696356,0.3,0.9886792452830189,0.011320754716981131,0.3,0.94,3,4678,262,7,0.3,0.05303643724696356,0.9456565656565656,24,100
0.0757085020242915,0.4,0.9894179894179894,0.010582010582010581,0.4,0.96,4,4566,374,6,0.4,0.0757085020242915,0.9232323232323232,24,100
0.5840080971659919,0.9,0.9968901174844506,0.0031098825155494126,0.9,0.98,9,2055,2885,1,0.9,0.5840080971659919,0.416969696969697,24,100
0.8611336032388665,1.0,0.9976547842401501,0.0023452157598499064,1.0,1.0,10,686,4254,0,1.0,0.8611336032388665,0.1406060606060606,24,100
0.0,0.1,0.0,1.0,0.1,0.02,1,4940,0,9,0.1,0.0,0.9981818181818182,25,100
0.0,0.1,0.0,1.0,0.1,0.04,1,4940,0,9,0.1,0.0,0.9981818181818182,25,100
0.0,0.1,0.0,1.0,0.1,0.06,1,4940,0,9,0.1,0.0,0.9981818181818182,25,100
0.0,0.1,0.0,1.0,0.1,0.08,1,4940,0,9,0.1,0.0,0.9981818181818182,25,100
0.0,0.1,0.0,1.0,0.1,0.1,1,4940,0,9,0.1,0.0,0.9981818181818182,25,100
0.0,0.1,0.0,1.0,0.1,0.12,1,4940,0,9,0.1,0.0,0.9981818181818182,25,100
0.0,0.1,0.0,1.0,0.1,0.14,1,4940,0,9,0.1,0.0,0.9981818181818182,25,100
0.0,0.1,0.0,1.0,0.1,0.16,1,4940,0,9,0.1,0.0,0.9981818181818182,25,100
0.00020242914979757084,0.1,0.5,0.5,0.1,0.18,1,4939,1,9,0.1,0.00020242914979757084,0.997979797979798,25,100
0.00020242914979757084,0.1,0.5,0.5,0.1,0.2,1,4939,1,9,0.1,0.00020242914979757084,0.997979797979798,25,100
0.00020242914979757084,0.1,0.5,0.5,0.1,0.22,1,4939,1,9,0.1,0.00020242914979757084,0.997979797979798,25,100
0.00020242914979757084,0.1,0.5,0.5,0.1,0.24,1,4939,1,9,0.1,0.00020242914979757084,0.997979797979798,25,100
0.00020242914979757084,0.1,0.5,0.5,0.1,0.26,1,4939,1,9,0.1,0.00020242914979757084,0.997979797979798,25,100
0.00020242914979757084,0.1,0.5,0.5,0.1,0.28,1,4939,1,9,0.1,0.00020242914979757084,0.997979797979798,25,100
0.00020242914979757084,0.1,0.5,0.5,0.1,0.3,1,4939,1,9,0.1,0.00020242914979757084,0.997979797979798,25,100
0.00020242914979757084,0.1,0.5,0.5,0.1,0.32,1,4939,1,9,0.1,0.00020242914979757084,0.997979797979798,25,100
0.00020242914979757084,0.1,0.5,0.5,0.1,0.34,1,4939,1,9,0.1,0.00020242914979757084,0.997979797979798,25,100
0.00020242914979757084,0.1,0.5,0.5,0.1,0.36,1,4939,1,9,0.1,0.00020242914979757084,0.997979797979798,25,100
0.00020242914979757084,0.1,0.5,0.5,0.1,0.38,1,4939,1,9,0.1,0.00020242914979757084,0.997979797979798,25,100
0.00020242914979757084,0.1,0.5,0.5,0.1,0.4,1,4939,1,9,0.1,0.00020242914979757084,0.997979797979798,25,100
0.00020242914979757084,0.1,0.5,0.5,0.1,0.42,1,4939,1,9,0.1,0.00020242914979757084,0.997979797979798,25,100
0.00020242914979757084,0.1,0.5,0.5,0.1,0.44,1,4939,1,9,0.1,0.00020242914979757084,0.997979797979798,25,100
0.00020242914979757084,0.1,0.5,0.5,0.1,0.46,1,4939,1,9,0.1,0.00020242914979757084,0.997979797979798,25,100
0.00020242914979757084,0.1,0.5,0.5,0.1,0.48,1,4939,1,9,0.1,0.00020242914979757084,0.997979797979798,25,100
0.00020242914979757084,0.1,0.5,0.5,0.1,0.5,1,4939,1,9,0.1,0.00020242914979757084,0.997979797979798,25,100
0.00020242914979757084,0.1,0.5,0.5,0.1,0.52,1,4939,1,9,0.1,0.00020242914979757084,0.997979797979798,25,100
0.00020242914979757084,0.1,0.5,0.5,0.1,0.54,1,4939,1,9,0.1,0.00020242914979757084,0.997979797979798,25,100
0.00020242914979757084,0.1,0.5,0.5,0.1,0.56,1,4939,1,9,0.1,0.00020242914979757084,0.997979797979798,25,100
0.00020242914979757084,0.1,0.5,0.5,0.1,0.58,1,4939,1,9,0.1,0.00020242914979757084,0.997979797979798,25,100
0.00020242914979757084,0.1,0.5,0.5,0.1,0.6,1,4939,1,9,0.1,0.00020242914979757084,0.997979797979798,25,100
0.00020242914979757084,0.1,0.5,0.5,0.1,0.62,1,4939,1,9,0.1,0.00020242914979757084,0.997979797979798,25,100
0.00020242914979757084,0.1,0.5,0.5,0.1,0.64,1,4939,1,9,0.1,0.00020242914979757084,0.997979797979798,25,100
0.002631578947368421,0.2,0.8666666666666667,0.13333333333333333,0.2,0.66,2,4927,13,8,0.2,0.002631578947368421,0.9957575757575757,25,100
0.002631578947368421,0.2,0.8666666666666667,0.13333333333333333,0.2,0.68,2,4927,13,8,0.2,0.002631578947368421,0.9957575757575757,25,100
0.002631578947368421,0.2,0.8666666666666667,0.13333333333333333,0.2,0.7,2,4927,13,8,0.2,0.002631578947368421,0.9957575757575757,25,100
0.002834008097165992,0.2,0.875,0.125,0.2,0.72,2,4926,14,8,0.2,0.002834008097165992,0.9955555555555555,25,100
0.0038461538461538464,0.2,0.9047619047619048,0.09523809523809523,0.2,0.74,2,4921,19,8,0.2,0.0038461538461538464,0.9945454545454545,25,100
0.0038461538461538464,0.2,0.9047619047619048,0.09523809523809523,0.2,0.76,2,4921,19,8,0.2,0.0038461538461538464,0.9945454545454545,25,100
0.004251012145748988,0.2,0.9130434782608695,0.08695652173913043,0.2,0.78,2,4919,21,8,0.2,0.004251012145748988,0.9941414141414141,25,100
0.004251012145748988,0.2,0.9130434782608695,0.08695652173913043,0.2,0.8,2,4919,21,8,0.2,0.004251012145748988,0.9941414141414141,25,100
0.004251012145748988,0.2,0.9130434782608695,0.08695652173913043,0.2,0.82,2,4919,21,8,0.2,0.004251012145748988,0.9941414141414141,25,100
0.004251012145748988,0.2,0.9130434782608695,0.08695652173913043,0.2,0.84,2,4919,21,8,0.2,0.004251012145748988,0.9941414141414141,25,100
0.004453441295546558,0.2,0.9166666666666666,0.08333333333333333,0.2,0.86,2,4918,22,8,0.2,0.004453441295546558,0.9939393939393939,25,100
0.005060728744939271,0.2,0.9259259259259259,0.07407407407407407,0.2,0.88,2,4915,25,8,0.2,0.005060728744939271,0.9933333333333333,25,100
0.007692307692307693,0.2,0.95,0.05,0.2,0.9,2,4902,38,8,0.2,0.007692307692307693,0.9907070707070708,25,100
0.007692307692307693,0.2,0.95,0.05,0.2,0.92,2,4902,38,8,0.2,0.007692307692307693,0.9907070707070708,25,100
0.008502024291497975,0.2,0.9545454545454546,0.045454545454545456,0.2,0.94,2,4898,42,8,0.2,0.008502024291497975,0.98989898989899,25,100
0.022874493927125508,0.3,0.9741379310344828,0.02586206896551724,0.3,0.96,3,4827,113,7,0.3,0.022874493927125508,0.9757575757575757,25,100
0.022874493927125508,0.3,0.9741379310344828,0.02586206896551724,0.3,0.98,3,4827,113,7,0.3,0.022874493927125508,0.9757575757575757,25,100
0.9645748987854251,1.0,0.9979057591623036,0.0020942408376963353,1.0,1.0,10,175,4765,0,1.0,0.9645748987854251,0.03737373737373737,25,100
0.0,0.0,0.0,,0.0,0.02,0,4940,0,10,0.0,0.0,0.997979797979798,26,100
0.00020242914979757084,0.0,1.0,0.0,0.0,0.04,0,4939,1,10,0.0,0.00020242914979757084,0.9977777777777778,26,100
0.00020242914979757084,0.0,1.0,0.0,0.0,0.06,0,4939,1,10,0.0,0.00020242914979757084,0.9977777777777778,26,100
0.00020242914979757084,0.0,1.0,0.0,0.0,0.08,0,4939,1,10,0.0,0.00020242914979757084,0.9977777777777778,26,100
0.00020242914979757084,0.0,1.0,0.0,0.0,0.1,0,4939,1,10,0.0,0.00020242914979757084,0.9977777777777778,26,100
0.00020242914979757084,0.0,1.0,0.0,0.0,0.12,0,4939,1,10,0.0,0.00020242914979757084,0.9977777777777778,26,100
0.00020242914979757084,0.0,1.0,0.0,0.0,0.14,0,4939,1,10,0.0,0.00020242914979757084,0.9977777777777778,26,100
0.00020242914979757084,0.0,1.0,0.0,0.0,0.16,0,4939,1,10,0.0,0.00020242914979757084,0.9977777777777778,26,100
0.00020242914979757084,0.0,1.0,0.0,0.0,0.18,0,4939,1,10,0.0,0.00020242914979757084,0.9977777777777778,26,100
0.00020242914979757084,0.0,1.0,0.0,0.0,0.2,0,4939,1,10,0.0,0.00020242914979757084,0.9977777777777778,26,100
0.00020242914979757084,0.0,1.0,0.0,0.0,0.22,0,4939,1,10,0.0,0.00020242914979757084,0.9977777777777778,26,100
0.00020242914979757084,0.0,1.0,0.0,0.0,0.24,0,4939,1,10,0.0,0.00020242914979757084,0.9977777777777778,26,100
0.00020242914979757084,0.0,1.0,0.0,0.0,0.26,0,4939,1,10,0.0,0.00020242914979757084,0.9977777777777778,26,100
0.00020242914979757084,0.0,1.0,0.0,0.0,0.28,0,4939,1,10,0.0,0.00020242914979757084,0.9977777777777778,26,100
0.00020242914979757084,0.0,1.0,0.0,0.0,0.3,0,4939,1,10,0.0,0.00020242914979757084,0.9977777777777778,26,100
0.00020242914979757084,0.0,1.0,0.0,0.0,0.32,0,4939,1,10,0.0,0.00020242914979757084,0.9977777777777778,26,100
0.00020242914979757084,0.0,1.0,0.0,0.0,0.34,0,4939,1,10,0.0,0.00020242914979757084,0.9977777777777778,26,100
0.00020242914979757084,0.0,1.0,0.0,0.0,0.36,0,4939,1,10,0.0,0.00020242914979757084,0.9977777777777778,26,100
0.0004048582995951417,0.0,1.0,0.0,0.0,0.38,0,4938,2,10,0.0,0.0004048582995951417,0.9975757575757576,26,100
0.0004048582995951417,0.0,1.0,0.0,0.0,0.4,0,4938,2,10,0.0,0.0004048582995951417,0.9975757575757576,26,100
0.0004048582995951417,0.0,1.0,0.0,0.0,0.42,0,4938,2,10,0.0,0.0004048582995951417,0.9975757575757576,26,100
0.0004048582995951417,0.0,1.0,0.0,0.0,0.44,0,4938,2,10,0.0,0.0004048582995951417,0.9975757575757576,26,100
0.0004048582995951417,0.0,1.0,0.0,0.0,0.46,0,4938,2,10,0.0,0.0004048582995951417,0.9975757575757576,26,100
0.0004048582995951417,0.0,1.0,0.0,0.0,0.48,0,4938,2,10,0.0,0.0004048582995951417,0.9975757575757576,26,100
0.0004048582995951417,0.0,1.0,0.0,0.0,0.5,0,4938,2,10,0.0,0.0004048582995951417,0.9975757575757576,26,100
0.0006072874493927126,0.0,1.0,0.0,0.0,0.52,0,4937,3,10,0.0,0.0006072874493927126,0.9973737373737374,26,100
0.001417004048582996,0.0,1.0,0.0,0.0,0.54,0,4933,7,10,0.0,0.001417004048582996,0.9965656565656565,26,100
0.0016194331983805667,0.0,1.0,0.0,0.0,0.56,0,4932,8,10,0.0,0.0016194331983805667,0.9963636363636363,26,100
0.0016194331983805667,0.0,1.0,0.0,0.0,0.58,0,4932,8,10,0.0,0.0016194331983805667,0.9963636363636363,26,100
0.0016194331983805667,0.0,1.0,0.0,0.0,0.6,0,4932,8,10,0.0,0.0016194331983805667,0.9963636363636363,26,100
0.0016194331983805667,0.0,1.0,0.0,0.0,0.62,0,4932,8,10,0.0,0.0016194331983805667,0.9963636363636363,26,100
0.0016194331983805667,0.0,1.0,0.0,0.0,0.64,0,4932,8,10,0.0,0.0016194331983805667,0.9963636363636363,26,100
0.0016194331983805667,0.0,1.0,0.0,0.0,0.66,0,4932,8,10,0.0,0.0016194331983805667,0.9963636363636363,26,100
0.0016194331983805667,0.0,1.0,0.0,0.0,0.68,0,4932,8,10,0.0,0.0016194331983805667,0.9963636363636363,26,100
0.0016194331983805667,0.0,1.0,0.0,0.0,0.7,0,4932,8,10,0.0,0.0016194331983805667,0.9963636363636363,26,100
0.0016194331983805667,0.0,1.0,0.0,0.0,0.72,0,4932,8,10,0.0,0.0016194331983805667,0.9963636363636363,26,100
0.0016194331983805667,0.0,1.0,0.0,0.0,0.74,0,4932,8,10,0.0,0.0016194331983805667,0.9963636363636363,26,100
0.0016194331983805667,0.0,1.0,0.0,0.0,0.76,0,4932,8,10,0.0,0.0016194331983805667,0.9963636363636363,26,100
0.0016194331983805667,0.0,1.0,0.0,0.0,0.78,0,4932,8,10,0.0,0.0016194331983805667,0.9963636363636363,26,100
0.0016194331983805667,0.0,1.0,0.0,0.0,0.8,0,4932,8,10,0.0,0.0016194331983805667,0.9963636363636363,26,100
0.0016194331983805667,0.0,1.0,0.0,0.0,0.82,0,4932,8,10,0.0,0.0016194331983805667,0.9963636363636363,26,100
0.0016194331983805667,0.0,1.0,0.0,0.0,0.84,0,4932,8,10,0.0,0.0016194331983805667,0.9963636363636363,26,100
0.0016194331983805667,0.0,1.0,0.0,0.0,0.86,0,4932,8,10,0.0,0.0016194331983805667,0.9963636363636363,26,100
0.019230769230769232,0.3,0.9693877551020408,0.030612244897959183,0.3,0.88,3,4845,95,7,0.3,0.019230769230769232,0.9793939393939394,26,100
0.038866396761133605,0.4,0.9795918367346939,0.02040816326530612,0.4,0.9,4,4748,192,6,0.4,0.038866396761133605,0.96,26,100
0.04817813765182186,0.4,0.9834710743801653,0.01652892561983471,0.4,0.92,4,4702,238,6,0.4,0.04817813765182186,0.9507070707070707,26,100
0.1194331983805668,0.5,0.9915966386554622,0.008403361344537815,0.5,0.94,5,4350,590,5,0.5,0.1194331983805668,0.8797979797979798,26,100
0.1536437246963563,0.5,0.993455497382199,0.006544502617801047,0.5,0.96,5,4181,759,5,0.5,0.1536437246963563,0.8456565656565657,26,100
0.16376518218623481,0.5,0.9938574938574939,0.006142506142506142,0.5,0.98,5,4131,809,5,0.5,0.16376518218623481,0.8355555555555556,26,100
0.9629554655870445,1.0,0.9979022445982798,0.0020977554017201595,1.0,1.0,10,183,4757,0,1.0,0.9629554655870445,0.03898989898989899,26,100
0.0,0.0,0.0,,0.0,0.02,0,4940,0,10,0.0,0.0,0.997979797979798,27,100
0.0,0.0,0.0,,0.0,0.04,0,4940,0,10,0.0,0.0,0.997979797979798,27,100
0.0,0.0,0.0,,0.0,0.06,0,4940,0,10,0.0,0.0,0.997979797979798,27,100
0.0,0.0,0.0,,0.0,0.08,0,4940,0,10,0.0,0.0,0.997979797979798,27,100
0.0,0.0,0.0,,0.0,0.1,0,4940,0,10,0.0,0.0,0.997979797979798,27,100
0.0,0.0,0.0,,0.0,0.12,0,4940,0,10,0.0,0.0,0.997979797979798,27,100
0.0,0.0,0.0,,0.0,0.14,0,4940,0,10,0.0,0.0,0.997979797979798,27,100
0.0,0.0,0.0,,0.0,0.16,0,4940,0,10,0.0,0.0,0.997979797979798,27,100
0.0,0.0,0.0,,0.0,0.18,0,4940,0,10,0.0,0.0,0.997979797979798,27,100
0.0,0.0,0.0,,0.0,0.2,0,4940,0,10,0.0,0.0,0.997979797979798,27,100
0.0,0.0,0.0,,0.0,0.22,0,4940,0,10,0.0,0.0,0.997979797979798,27,100
0.0,0.0,0.0,,0.0,0.24,0,4940,0,10,0.0,0.0,0.997979797979798,27,100
0.0,0.0,0.0,,0.0,0.26,0,4940,0,10,0.0,0.0,0.997979797979798,27,100
0.0,0.0,0.0,,0.0,0.28,0,4940,0,10,0.0,0.0,0.997979797979798,27,100
0.0,0.0,0.0,,0.0,0.3,0,4940,0,10,0.0,0.0,0.997979797979798,27,100
0.0,0.0,0.0,,0.0,0.32,0,4940,0,10,0.0,0.0,0.997979797979798,27,100
0.0,0.0,0.0,,0.0,0.34,0,4940,0,10,0.0,0.0,0.997979797979798,27,100
0.0,0.0,0.0,,0.0,0.36,0,4940,0,10,0.0,0.0,0.997979797979798,27,100
0.0,0.0,0.0,,0.0,0.38,0,4940,0,10,0.0,0.0,0.997979797979798,27,100
0.0,0.0,0.0,,0.0,0.4,0,4940,0,10,0.0,0.0,0.997979797979798,27,100
0.0,0.0,0.0,,0.0,0.42,0,4940,0,10,0.0,0.0,0.997979797979798,27,100
0.0,0.0,0.0,,0.0,0.44,0,4940,0,10,0.0,0.0,0.997979797979798,27,100
0.0,0.0,0.0,,0.0,0.46,0,4940,0,10,0.0,0.0,0.997979797979798,27,100
0.0,0.0,0.0,,0.0,0.48,0,4940,0,10,0.0,0.0,0.997979797979798,27,100
0.0,0.0,0.0,,0.0,0.5,0,4940,0,10,0.0,0.0,0.997979797979798,27,100
0.0,0.0,0.0,,0.0,0.52,0,4940,0,10,0.0,0.0,0.997979797979798,27,100
0.0,0.0,0.0,,0.0,0.54,0,4940,0,10,0.0,0.0,0.997979797979798,27,100
0.0,0.0,0.0,,0.0,0.56,0,4940,0,10,0.0,0.0,0.997979797979798,27,100
0.0,0.0,0.0,,0.0,0.58,0,4940,0,10,0.0,0.0,0.997979797979798,27,100
0.0,0.0,0.0,,0.0,0.6,0,4940,0,10,0.0,0.0,0.997979797979798,27,100
0.0,0.0,0.0,,0.0,0.62,0,4940,0,10,0.0,0.0,0.997979797979798,27,100
0.002226720647773279,0.0,1.0,0.0,0.0,0.64,0,4929,11,10,0.0,0.002226720647773279,0.9957575757575757,27,100
0.002226720647773279,0.0,1.0,0.0,0.0,0.66,0,4929,11,10,0.0,0.002226720647773279,0.9957575757575757,27,100
0.002226720647773279,0.0,1.0,0.0,0.0,0.68,0,4929,11,10,0.0,0.002226720647773279,0.9957575757575757,27,100
0.002226720647773279,0.0,1.0,0.0,0.0,0.7,0,4929,11,10,0.0,0.002226720647773279,0.9957575757575757,27,100
0.015991902834008098,0.0,1.0,0.0,0.0,0.72,0,4861,79,10,0.0,0.015991902834008098,0.982020202020202,27,100
0.015991902834008098,0.0,1.0,0.0,0.0,0.74,0,4861,79,10,0.0,0.015991902834008098,0.982020202020202,27,100
0.030161943319838055,0.0,1.0,0.0,0.0,0.76,0,4791,149,10,0.0,0.030161943319838055,0.9678787878787879,27,100
0.03299595141700405,0.0,1.0,0.0,0.0,0.78,0,4777,163,10,0.0,0.03299595141700405,0.965050505050505,27,100
0.03866396761133603,0.0,1.0,0.0,0.0,0.8,0,4749,191,10,0.0,0.03866396761133603,0.9593939393939394,27,100
0.06902834008097165,0.1,0.9970760233918129,0.0029239766081871343,0.1,0.82,1,4599,341,9,0.1,0.06902834008097165,0.9292929292929293,27,100
0.06902834008097165,0.1,0.9970760233918129,0.0029239766081871343,0.1,0.84,1,4599,341,9,0.1,0.06902834008097165,0.9292929292929293,27,100
0.07732793522267206,0.1,0.9973890339425587,0.0026109660574412533,0.1,0.86,1,4558,382,9,0.1,0.07732793522267206,0.9210101010101011,27,100
0.11194331983805668,0.3,0.9946043165467626,0.00539568345323741,0.3,0.88,3,4387,553,7,0.3,0.11194331983805668,0.8868686868686869,27,100
0.13846153846153847,0.3,0.9956331877729258,0.004366812227074236,0.3,0.9,3,4256,684,7,0.3,0.13846153846153847,0.8604040404040404,27,100
0.14473684210526316,0.3,0.9958217270194986,0.004178272980501393,0.3,0.92,3,4225,715,7,0.3,0.14473684210526316,0.8541414141414141,27,100
0.16214574898785425,0.3,0.996268656716418,0.0037313432835820895,0.3,0.94,3,4139,801,7,0.3,0.16214574898785425,0.8367676767676767,27,100
0.16214574898785425,0.3,0.996268656716418,0.0037313432835820895,0.3,0.96,3,4139,801,7,0.3,0.16214574898785425,0.8367676767676767,27,100
0.1799595141700405,0.3,0.9966367713004485,0.0033632286995515697,0.3,0.98,3,4051,889,7,0.3,0.1799595141700405,0.8189898989898989,27,100
0.9734817813765182,1.0,0.9979248806806391,0.002075119319360863,1.0,1.0,10,131,4809,0,1.0,0.9734817813765182,0.028484848484848484,27,100
0.0,0.0,0.0,,0.0,0.02,0,4940,0,10,0.0,0.0,0.997979797979798,28,100
0.0,0.0,0.0,,0.0,0.04,0,4940,0,10,0.0,0.0,0.997979797979798,28,100
0.0,0.0,0.0,,0.0,0.06,0,4940,0,10,0.0,0.0,0.997979797979798,28,100
0.0,0.0,0.0,,0.0,0.08,0,4940,0,10,0.0,0.0,0.997979797979798,28,100
0.0,0.0,0.0,,0.0,0.1,0,4940,0,10,0.0,0.0,0.997979797979798,28,100
0.0,0.0,0.0,,0.0,0.12,0,4940,0,10,0.0,0.0,0.997979797979798,28,100
0.0,0.0,0.0,,0.0,0.14,0,4940,0,10,0.0,0.0,0.997979797979798,28,100
0.0,0.0,0.0,,0.0,0.16,0,4940,0,10,0.0,0.0,0.997979797979798,28,100
0.0,0.0,0.0,,0.0,0.18,0,4940,0,10,0.0,0.0,0.997979797979798,28,100
0.0,0.0,0.0,,0.0,0.2,0,4940,0,10,0.0,0.0,0.997979797979798,28,100
0.0,0.0,0.0,,0.0,0.22,0,4940,0,10,0.0,0.0,0.997979797979798,28,100
0.0,0.0,0.0,,0.0,0.24,0,4940,0,10,0.0,0.0,0.997979797979798,28,100
0.0,0.0,0.0,,0.0,0.26,0,4940,0,10,0.0,0.0,0.997979797979798,28,100
0.0,0.0,0.0,,0.0,0.28,0,4940,0,10,0.0,0.0,0.997979797979798,28,100
0.0,0.0,0.0,,0.0,0.3,0,4940,0,10,0.0,0.0,0.997979797979798,28,100
0.0,0.0,0.0,,0.0,0.32,0,4940,0,10,0.0,0.0,0.997979797979798,28,100
0.0,0.0,0.0,,0.0,0.34,0,4940,0,10,0.0,0.0,0.997979797979798,28,100
0.0,0.0,0.0,,0.0,0.36,0,4940,0,10,0.0,0.0,0.997979797979798,28,100
0.0,0.0,0.0,,0.0,0.38,0,4940,0,10,0.0,0.0,0.997979797979798,28,100
0.0,0.0,0.0,,0.0,0.4,0,4940,0,10,0.0,0.0,0.997979797979798,28,100
0.0,0.0,0.0,,0.0,0.42,0,4940,0,10,0.0,0.0,0.997979797979798,28,100
0.0,0.0,0.0,,0.0,0.44,0,4940,0,10,0.0,0.0,0.997979797979798,28,100
0.0,0.0,0.0,,0.0,0.46,0,4940,0,10,0.0,0.0,0.997979797979798,28,100
0.0,0.0,0.0,,0.0,0.48,0,4940,0,10,0.0,0.0,0.997979797979798,28,100
0.0,0.0,0.0,,0.0,0.5,0,4940,0,10,0.0,0.0,0.997979797979798,28,100
0.0,0.0,0.0,,0.0,0.52,0,4940,0,10,0.0,0.0,0.997979797979798,28,100
0.0,0.0,0.0,,0.0,0.54,0,4940,0,10,0.0,0.0,0.997979797979798,28,100
0.0,0.0,0.0,,0.0,0.56,0,4940,0,10,0.0,0.0,0.997979797979798,28,100
0.0,0.0,0.0,,0.0,0.58,0,4940,0,10,0.0,0.0,0.997979797979798,28,100
0.0,0.0,0.0,,0.0,0.6,0,4940,0,10,0.0,0.0,0.997979797979798,28,100
0.0,0.0,0.0,,0.0,0.62,0,4940,0,10,0.0,0.0,0.997979797979798,28,100
0.0,0.0,0.0,,0.0,0.64,0,4940,0,10,0.0,0.0,0.997979797979798,28,100
0.0,0.0,0.0,,0.0,0.66,0,4940,0,10,0.0,0.0,0.997979797979798,28,100
0.0,0.0,0.0,,0.0,0.68,0,4940,0,10,0.0,0.0,0.997979797979798,28,100
0.0,0.0,0.0,,0.0,0.7,0,4940,0,10,0.0,0.0,0.997979797979798,28,100
0.0,0.0,0.0,,0.0,0.72,0,4940,0,10,0.0,0.0,0.997979797979798,28,100
0.001417004048582996,0.1,0.875,0.125,0.1,0.74,1,4933,7,9,0.1,0.001417004048582996,0.9967676767676767,28,100
0.001417004048582996,0.1,0.875,0.125,0.1,0.76,1,4933,7,9,0.1,0.001417004048582996,0.9967676767676767,28,100
0.001417004048582996,0.1,0.875,0.125,0.1,0.78,1,4933,7,9,0.1,0.001417004048582996,0.9967676767676767,28,100
0.001417004048582996,0.1,0.875,0.125,0.1,0.8,1,4933,7,9,0.1,0.001417004048582996,0.9967676767676767,28,100
0.001417004048582996,0.1,0.875,0.125,0.1,0.82,1,4933,7,9,0.1,0.001417004048582996,0.9967676767676767,28,100
0.002226720647773279,0.1,0.9166666666666666,0.08333333333333333,0.1,0.84,1,4929,11,9,0.1,0.002226720647773279,0.9959595959595959,28,100
0.002834008097165992,0.1,0.9333333333333333,0.06666666666666667,0.1,0.86,1,4926,14,9,0.1,0.002834008097165992,0.9953535353535353,28,100
0.010728744939271255,0.1,0.9814814814814815,0.018518518518518517,0.1,0.88,1,4887,53,9,0.1,0.010728744939271255,0.9874747474747475,28,100
0.010728744939271255,0.1,0.9814814814814815,0.018518518518518517,0.1,0.9,1,4887,53,9,0.1,0.010728744939271255,0.9874747474747475,28,100
0.012550607287449392,0.1,0.9841269841269841,0.015873015873015872,0.1,0.92,1,4878,62,9,0.1,0.012550607287449392,0.9856565656565657,28,100
0.012550607287449392,0.1,0.9841269841269841,0.015873015873015872,0.1,0.94,1,4878,62,9,0.1,0.012550607287449392,0.9856565656565657,28,100
0.012550607287449392,0.1,0.9841269841269841,0.015873015873015872,0.1,0.96,1,4878,62,9,0.1,0.012550607287449392,0.9856565656565657,28,100
0.013360323886639677,0.1,0.9850746268656716,0.014925373134328358,0.1,0.98,1,4874,66,9,0.1,0.013360323886639677,0.9848484848484849,28,100
0.5532388663967611,0.6,0.9978094194961665,0.002190580503833516,0.6,1.0,6,2207,2733,4,0.6,0.5532388663967611,0.44707070707070706,28,100
0.0,0.0,0.0,,0.0,0.02,0,4940,0,10,0.0,0.0,0.997979797979798,29,100
0.0,0.0,0.0,,0.0,0.04,0,4940,0,10,0.0,0.0,0.997979797979798,29,100
0.0,0.0,0.0,,0.0,0.06,0,4940,0,10,0.0,0.0,0.997979797979798,29,100
0.0,0.0,0.0,,0.0,0.08,0,4940,0,10,0.0,0.0,0.997979797979798,29,100
0.0,0.0,0.0,,0.0,0.1,0,4940,0,10,0.0,0.0,0.997979797979798,29,100
0.0,0.0,0.0,,0.0,0.12,0,4940,0,10,0.0,0.0,0.997979797979798,29,100
0.0,0.0,0.0,,0.0,0.14,0,4940,0,10,0.0,0.0,0.997979797979798,29,100
0.0,0.0,0.0,,0.0,0.16,0,4940,0,10,0.0,0.0,0.997979797979798,29,100
0.0,0.0,0.0,,0.0,0.18,0,4940,0,10,0.0,0.0,0.997979797979798,29,100
0.0,0.0,0.0,,0.0,0.2,0,4940,0,10,0.0,0.0,0.997979797979798,29,100
0.0,0.0,0.0,,0.0,0.22,0,4940,0,10,0.0,0.0,0.997979797979798,29,100
0.0,0.0,0.0,,0.0,0.24,0,4940,0,10,0.0,0.0,0.997979797979798,29,100
0.0,0.0,0.0,,0.0,0.26,0,4940,0,10,0.0,0.0,0.997979797979798,29,100
0.0,0.0,0.0,,0.0,0.28,0,4940,0,10,0.0,0.0,0.997979797979798,29,100
0.0,0.0,0.0,,0.0,0.3,0,4940,0,10,0.0,0.0,0.997979797979798,29,100
0.0,0.0,0.0,,0.0,0.32,0,4940,0,10,0.0,0.0,0.997979797979798,29,100
0.0,0.0,0.0,,0.0,0.34,0,4940,0,10,0.0,0.0,0.997979797979798,29,100
0.0,0.0,0.0,,0.0,0.36,0,4940,0,10,0.0,0.0,0.997979797979798,29,100
0.0,0.0,0.0,,0.0,0.38,0,4940,0,10,0.0,0.0,0.997979797979798,29,100
0.0,0.0,0.0,,0.0,0.4,0,4940,0,10,0.0,0.0,0.997979797979798,29,100
0.0,0.0,0.0,,0.0,0.42,0,4940,0,10,0.0,0.0,0.997979797979798,29,100
0.0,0.0,0.0,,0.0,0.44,0,4940,0,10,0.0,0.0,0.997979797979798,29,100
0.0,0.0,0.0,,0.0,0.46,0,4940,0,10,0.0,0.0,0.997979797979798,29,100
0.0,0.0,0.0,,0.0,0.48,0,4940,0,10,0.0,0.0,0.997979797979798,29,100
0.0,0.0,0.0,,0.0,0.5,0,4940,0,10,0.0,0.0,0.997979797979798,29,100
0.0,0.0,0.0,,0.0,0.52,0,4940,0,10,0.0,0.0,0.997979797979798,29,100
0.0,0.0,0.0,,0.0,0.54,0,4940,0,10,0.0,0.0,0.997979797979798,29,100
0.0,0.0,0.0,,0.0,0.56,0,4940,0,10,0.0,0.0,0.997979797979798,29,100
0.0,0.0,0.0,,0.0,0.58,0,4940,0,10,0.0,0.0,0.997979797979798,29,100
0.0,0.0,0.0,,0.0,0.6,0,4940,0,10,0.0,0.0,0.997979797979798,29,100
0.0,0.0,0.0,,0.0,0.62,0,4940,0,10,0.0,0.0,0.997979797979798,29,100
0.0,0.0,0.0,,0.0,0.64,0,4940,0,10,0.0,0.0,0.997979797979798,29,100
0.0,0.0,0.0,,0.0,0.66,0,4940,0,10,0.0,0.0,0.997979797979798,29,100
0.0,0.0,0.0,,0.0,0.68,0,4940,0,10,0.0,0.0,0.997979797979798,29,100
0.0,0.0,0.0,,0.0,0.7,0,4940,0,10,0.0,0.0,0.997979797979798,29,100
0.0,0.0,0.0,,0.0,0.72,0,4940,0,10,0.0,0.0,0.997979797979798,29,100
0.0,0.0,0.0,,0.0,0.74,0,4940,0,10,0.0,0.0,0.997979797979798,29,100
0.0,0.0,0.0,,0.0,0.76,0,4940,0,10,0.0,0.0,0.997979797979798,29,100
0.0,0.0,0.0,,0.0,0.78,0,4940,0,10,0.0,0.0,0.997979797979798,29,100
0.0,0.0,0.0,,0.0,0.8,0,4940,0,10,0.0,0.0,0.997979797979798,29,100
0.0,0.0,0.0,,0.0,0.82,0,4940,0,10,0.0,0.0,0.997979797979798,29,100
0.0,0.0,0.0,,0.0,0.84,0,4940,0,10,0.0,0.0,0.997979797979798,29,100
0.02145748987854251,0.1,0.9906542056074766,0.009345794392523364,0.1,0.86,1,4834,106,9,0.1,0.02145748987854251,0.9767676767676767,29,100
0.02145748987854251,0.1,0.9906542056074766,0.009345794392523364,0.1,0.88,1,4834,106,9,0.1,0.02145748987854251,0.9767676767676767,29,100
0.027125506072874495,0.1,0.9925925925925926,0.007407407407407408,0.1,0.9,1,4806,134,9,0.1,0.027125506072874495,0.9711111111111111,29,100
0.027125506072874495,0.1,0.9925925925925926,0.007407407407407408,0.1,0.92,1,4806,134,9,0.1,0.027125506072874495,0.9711111111111111,29,100
0.0340080971659919,0.2,0.9882352941176471,0.011764705882352941,0.2,0.94,2,4772,168,8,0.2,0.0340080971659919,0.9644444444444444,29,100
0.05951417004048583,0.3,0.98989898989899,0.010101010101010102,0.3,0.96,3,4646,294,7,0.3,0.05951417004048583,0.9391919191919192,29,100
0.06396761133603239,0.3,0.9905956112852664,0.009404388714733543,0.3,0.98,3,4624,316,7,0.3,0.06396761133603239,0.9347474747474748,29,100
0.977327935222672,1.0,0.9979330301777594,0.002066969822240595,1.0,1.0,10,112,4828,0,1.0,0.977327935222672,0.024646464646464646,29,100
0.0,0.0,0.0,,0.0,0.02,0,4940,0,10,0.0,0.0,0.997979797979798,30,100
0.0,0.0,0.0,,0.0,0.04,0,4940,0,10,0.0,0.0,0.997979797979798,30,100
0.0,0.0,0.0,,0.0,0.06,0,4940,0,10,0.0,0.0,0.997979797979798,30,100
0.0,0.0,0.0,,0.0,0.08,0,4940,0,10,0.0,0.0,0.997979797979798,30,100
0.0,0.0,0.0,,0.0,0.1,0,4940,0,10,0.0,0.0,0.997979797979798,30,100
0.0,0.0,0.0,,0.0,0.12,0,4940,0,10,0.0,0.0,0.997979797979798,30,100
0.0,0.0,0.0,,0.0,0.14,0,4940,0,10,0.0,0.0,0.997979797979798,30,100
0.0,0.0,0.0,,0.0,0.16,0,4940,0,10,0.0,0.0,0.997979797979798,30,100
0.0,0.0,0.0,,0.0,0.18,0,4940,0,10,0.0,0.0,0.997979797979798,30,100
0.0,0.0,0.0,,0.0,0.2,0,4940,0,10,0.0,0.0,0.997979797979798,30,100
0.0,0.0,0.0,,0.0,0.22,0,4940,0,10,0.0,0.0,0.997979797979798,30,100
0.0,0.0,0.0,,0.0,0.24,0,4940,0,10,0.0,0.0,0.997979797979798,30,100
0.0,0.0,0.0,,0.0,0.26,0,4940,0,10,0.0,0.0,0.997979797979798,30,100
0.0,0.0,0.0,,0.0,0.28,0,4940,0,10,0.0,0.0,0.997979797979798,30,100
0.0,0.0,0.0,,0.0,0.3,0,4940,0,10,0.0,0.0,0.997979797979798,30,100
0.0,0.0,0.0,,0.0,0.32,0,4940,0,10,0.0,0.0,0.997979797979798,30,100
0.0,0.0,0.0,,0.0,0.34,0,4940,0,10,0.0,0.0,0.997979797979798,30,100
0.0,0.0,0.0,,0.0,0.36,0,4940,0,10,0.0,0.0,0.997979797979798,30,100
0.0,0.0,0.0,,0.0,0.38,0,4940,0,10,0.0,0.0,0.997979797979798,30,100
0.0,0.0,0.0,,0.0,0.4,0,4940,0,10,0.0,0.0,0.997979797979798,30,100
0.0,0.0,0.0,,0.0,0.42,0,4940,0,10,0.0,0.0,0.997979797979798,30,100
0.0010121457489878543,0.0,1.0,0.0,0.0,0.44,0,4935,5,10,0.0,0.0010121457489878543,0.996969696969697,30,100
0.0010121457489878543,0.0,1.0,0.0,0.0,0.46,0,4935,5,10,0.0,0.0010121457489878543,0.996969696969697,30,100
0.0012145748987854252,0.0,1.0,0.0,0.0,0.48,0,4934,6,10,0.0,0.0012145748987854252,0.9967676767676767,30,100
0.0012145748987854252,0.0,1.0,0.0,0.0,0.5,0,4934,6,10,0.0,0.0012145748987854252,0.9967676767676767,30,100
0.0012145748987854252,0.0,1.0,0.0,0.0,0.52,0,4934,6,10,0.0,0.0012145748987854252,0.9967676767676767,30,100
0.0012145748987854252,0.0,1.0,0.0,0.0,0.54,0,4934,6,10,0.0,0.0012145748987854252,0.9967676767676767,30,100
0.002834008097165992,0.0,1.0,0.0,0.0,0.56,0,4926,14,10,0.0,0.002834008097165992,0.9951515151515151,30,100
0.004048582995951417,0.0,1.0,0.0,0.0,0.58,0,4920,20,10,0.0,0.004048582995951417,0.9939393939393939,30,100
0.004048582995951417,0.0,1.0,0.0,0.0,0.6,0,4920,20,10,0.0,0.004048582995951417,0.9939393939393939,30,100
0.005668016194331984,0.0,1.0,0.0,0.0,0.62,0,4912,28,10,0.0,0.005668016194331984,0.9923232323232323,30,100
0.005668016194331984,0.0,1.0,0.0,0.0,0.64,0,4912,28,10,0.0,0.005668016194331984,0.9923232323232323,30,100
0.005668016194331984,0.0,1.0,0.0,0.0,0.66,0,4912,28,10,0.0,0.005668016194331984,0.9923232323232323,30,100
0.005870445344129555,0.0,1.0,0.0,0.0,0.68,0,4911,29,10,0.0,0.005870445344129555,0.9921212121212121,30,100
0.005870445344129555,0.0,1.0,0.0,0.0,0.7,0,4911,29,10,0.0,0.005870445344129555,0.9921212121212121,30,100
0.005870445344129555,0.0,1.0,0.0,0.0,0.72,0,4911,29,10,0.0,0.005870445344129555,0.9921212121212121,30,100
0.015182186234817813,0.1,0.9868421052631579,0.013157894736842105,0.1,0.74,1,4865,75,9,0.1,0.015182186234817813,0.983030303030303,30,100
0.01659919028340081,0.1,0.9879518072289156,0.012048192771084338,0.1,0.76,1,4858,82,9,0.1,0.01659919028340081,0.9816161616161616,30,100
0.020040485829959515,0.2,0.9801980198019802,0.019801980198019802,0.2,0.78,2,4841,99,8,0.2,0.020040485829959515,0.9783838383838384,30,100
0.02206477732793522,0.2,0.9819819819819819,0.018018018018018018,0.2,0.8,2,4831,109,8,0.2,0.02206477732793522,0.9763636363636363,30,100
0.02408906882591093,0.2,0.9834710743801653,0.01652892561983471,0.2,0.82,2,4821,119,8,0.2,0.02408906882591093,0.9743434343434343,30,100
0.025708502024291497,0.2,0.9844961240310077,0.015503875968992248,0.2,0.84,2,4813,127,8,0.2,0.025708502024291497,0.9727272727272728,30,100
0.027935222672064778,0.2,0.9857142857142858,0.014285714285714285,0.2,0.86,2,4802,138,8,0.2,0.027935222672064778,0.9705050505050505,30,100
0.036639676113360324,0.2,0.9890710382513661,0.01092896174863388,0.2,0.88,2,4759,181,8,0.2,0.036639676113360324,0.9618181818181818,30,100
0.039473684210526314,0.3,0.9848484848484849,0.015151515151515152,0.3,0.9,3,4745,195,7,0.3,0.039473684210526314,0.9591919191919192,30,100
0.039473684210526314,0.3,0.9848484848484849,0.015151515151515152,0.3,0.92,3,4745,195,7,0.3,0.039473684210526314,0.9591919191919192,30,100
0.046153846153846156,0.3,0.987012987012987,0.012987012987012988,0.3,0.94,3,4712,228,7,0.3,0.046153846153846156,0.9525252525252526,30,100
0.0645748987854251,0.3,0.9906832298136646,0.009316770186335404,0.3,0.96,3,4621,319,7,0.3,0.0645748987854251,0.9341414141414142,30,100
0.20607287449392714,0.5,0.9951124144672532,0.004887585532746823,0.5,0.98,5,3922,1018,5,0.5,0.20607287449392714,0.7933333333333333,30,100
0.9396761133603239,1.0,0.9978503869303526,0.0021496130696474634,1.0,1.0,10,298,4642,0,1.0,0.9396761133603239,0.06222222222222222,30,100
0.0,0.0,0.0,,0.0,0.02,0,4940,0,10,0.0,0.0,0.997979797979798,31,100
0.0,0.0,0.0,,0.0,0.04,0,4940,0,10,0.0,0.0,0.997979797979798,31,100
0.0,0.0,0.0,,0.0,0.06,0,4940,0,10,0.0,0.0,0.997979797979798,31,100
0.0,0.0,0.0,,0.0,0.08,0,4940,0,10,0.0,0.0,0.997979797979798,31,100
0.0,0.0,0.0,,0.0,0.1,0,4940,0,10,0.0,0.0,0.997979797979798,31,100
0.0,0.0,0.0,,0.0,0.12,0,4940,0,10,0.0,0.0,0.997979797979798,31,100
0.0,0.0,0.0,,0.0,0.14,0,4940,0,10,0.0,0.0,0.997979797979798,31,100
0.0,0.0,0.0,,0.0,0.16,0,4940,0,10,0.0,0.0,0.997979797979798,31,100
0.0,0.0,0.0,,0.0,0.18,0,4940,0,10,0.0,0.0,0.997979797979798,31,100
0.0,0.0,0.0,,0.0,0.2,0,4940,0,10,0.0,0.0,0.997979797979798,31,100
0.0,0.0,0.0,,0.0,0.22,0,4940,0,10,0.0,0.0,0.997979797979798,31,100
0.0,0.0,0.0,,0.0,0.24,0,4940,0,10,0.0,0.0,0.997979797979798,31,100
0.0,0.0,0.0,,0.0,0.26,0,4940,0,10,0.0,0.0,0.997979797979798,31,100
0.0,0.0,0.0,,0.0,0.28,0,4940,0,10,0.0,0.0,0.997979797979798,31,100
0.0,0.0,0.0,,0.0,0.3,0,4940,0,10,0.0,0.0,0.997979797979798,31,100
0.0,0.0,0.0,,0.0,0.32,0,4940,0,10,0.0,0.0,0.997979797979798,31,100
0.0,0.0,0.0,,0.0,0.34,0,4940,0,10,0.0,0.0,0.997979797979798,31,100
0.0,0.0,0.0,,0.0,0.36,0,4940,0,10,0.0,0.0,0.997979797979798,31,100
0.0,0.0,0.0,,0.0,0.38,0,4940,0,10,0.0,0.0,0.997979797979798,31,100
0.0,0.0,0.0,,0.0,0.4,0,4940,0,10,0.0,0.0,0.997979797979798,31,100
0.0,0.0,0.0,,0.0,0.42,0,4940,0,10,0.0,0.0,0.997979797979798,31,100
0.0,0.0,0.0,,0.0,0.44,0,4940,0,10,0.0,0.0,0.997979797979798,31,100
0.0,0.0,0.0,,0.0,0.46,0,4940,0,10,0.0,0.0,0.997979797979798,31,100
0.0,0.0,0.0,,0.0,0.48,0,4940,0,10,0.0,0.0,0.997979797979798,31,100
0.0,0.0,0.0,,0.0,0.5,0,4940,0,10,0.0,0.0,0.997979797979798,31,100
0.0,0.0,0.0,,0.0,0.52,0,4940,0,10,0.0,0.0,0.997979797979798,31,100
0.0,0.0,0.0,,0.0,0.54,0,4940,0,10,0.0,0.0,0.997979797979798,31,100
0.0,0.0,0.0,,0.0,0.56,0,4940,0,10,0.0,0.0,0.997979797979798,31,100
0.0,0.0,0.0,,0.0,0.58,0,4940,0,10,0.0,0.0,0.997979797979798,31,100
0.0,0.0,0.0,,0.0,0.6,0,4940,0,10,0.0,0.0,0.997979797979798,31,100
0.0010121457489878543,0.0,1.0,0.0,0.0,0.62,0,4935,5,10,0.0,0.0010121457489878543,0.996969696969697,31,100
0.0010121457489878543,0.0,1.0,0.0,0.0,0.64,0,4935,5,10,0.0,0.0010121457489878543,0.996969696969697,31,100
0.0010121457489878543,0.0,1.0,0.0,0.0,0.66,0,4935,5,10,0.0,0.0010121457489878543,0.996969696969697,31,100
0.0010121457489878543,0.0,1.0,0.0,0.0,0.68,0,4935,5,10,0.0,0.0010121457489878543,0.996969696969697,31,100
0.0010121457489878543,0.0,1.0,0.0,0.0,0.7,0,4935,5,10,0.0,0.0010121457489878543,0.996969696969697,31,100
0.0010121457489878543,0.0,1.0,0.0,0.0,0.72,0,4935,5,10,0.0,0.0010121457489878543,0.996969696969697,31,100
0.0036437246963562753,0.0,1.0,0.0,0.0,0.74,0,4922,18,10,0.0,0.0036437246963562753,0.9943434343434343,31,100
0.0036437246963562753,0.0,1.0,0.0,0.0,0.76,0,4922,18,10,0.0,0.0036437246963562753,0.9943434343434343,31,100
0.004453441295546558,0.0,1.0,0.0,0.0,0.78,0,4918,22,10,0.0,0.004453441295546558,0.9935353535353535,31,100
0.004453441295546558,0.0,1.0,0.0,0.0,0.8,0,4918,22,10,0.0,0.004453441295546558,0.9935353535353535,31,100
0.005465587044534413,0.0,1.0,0.0,0.0,0.82,0,4913,27,10,0.0,0.005465587044534413,0.9925252525252525,31,100
0.007692307692307693,0.0,1.0,0.0,0.0,0.84,0,4902,38,10,0.0,0.007692307692307693,0.9903030303030304,31,100
0.007692307692307693,0.0,1.0,0.0,0.0,0.86,0,4902,38,10,0.0,0.007692307692307693,0.9903030303030304,31,100
0.007692307692307693,0.0,1.0,0.0,0.0,0.88,0,4902,38,10,0.0,0.007692307692307693,0.9903030303030304,31,100
0.007692307692307693,0.0,1.0,0.0,0.0,0.9,0,4902,38,10,0.0,0.007692307692307693,0.9903030303030304,31,100
0.03137651821862348,0.1,0.9935897435897436,0.00641025641025641,0.1,0.92,1,4785,155,9,0.1,0.03137651821862348,0.9668686868686869,31,100
0.04473684210526316,0.1,0.9954954954954955,0.0045045045045045045,0.1,0.94,1,4719,221,9,0.1,0.04473684210526316,0.9535353535353536,31,100
0.05263157894736842,0.1,0.9961685823754789,0.0038314176245210726,0.1,0.96,1,4680,260,9,0.1,0.05263157894736842,0.9456565656565656,31,100
0.05263157894736842,0.1,0.9961685823754789,0.0038314176245210726,0.1,0.98,1,4680,260,9,0.1,0.05263157894736842,0.9456565656565656,31,100
0.07874493927125506,0.2,0.9948849104859335,0.005115089514066497,0.2,1.0,2,4551,389,8,0.2,0.07874493927125506,0.9197979797979798,31,100
0.0,0.0,0.0,,0.0,0.02,0,4940,0,10,0.0,0.0,0.997979797979798,32,100
0.0,0.0,0.0,,0.0,0.04,0,4940,0,10,0.0,0.0,0.997979797979798,32,100
0.0,0.0,0.0,,0.0,0.06,0,4940,0,10,0.0,0.0,0.997979797979798,32,100
0.0,0.0,0.0,,0.0,0.08,0,4940,0,10,0.0,0.0,0.997979797979798,32,100
0.0,0.0,0.0,,0.0,0.1,0,4940,0,10,0.0,0.0,0.997979797979798,32,100
0.0,0.0,0.0,,0.0,0.12,0,4940,0,10,0.0,0.0,0.997979797979798,32,100
0.0,0.0,0.0,,0.0,0.14,0,4940,0,10,0.0,0.0,0.997979797979798,32,100
0.0006072874493927126,0.0,1.0,0.0,0.0,0.16,0,4937,3,10,0.0,0.0006072874493927126,0.9973737373737374,32,100
0.0006072874493927126,0.0,1.0,0.0,0.0,0.18,0,4937,3,10,0.0,0.0006072874493927126,0.9973737373737374,32,100
0.0008097165991902834,0.1,0.8,0.2,0.1,0.2,1,4936,4,9,0.1,0.0008097165991902834,0.9973737373737374,32,100
0.0008097165991902834,0.1,0.8,0.2,0.1,0.22,1,4936,4,9,0.1,0.0008097165991902834,0.9973737373737374,32,100
0.0008097165991902834,0.1,0.8,0.2,0.1,0.24,1,4936,4,9,0.1,0.0008097165991902834,0.9973737373737374,32,100
0.0008097165991902834,0.1,0.8,0.2,0.1,0.26,1,4936,4,9,0.1,0.0008097165991902834,0.9973737373737374,32,100
0.0008097165991902834,0.1,0.8,0.2,0.1,0.28,1,4936,4,9,0.1,0.0008097165991902834,0.9973737373737374,32,100
0.0008097165991902834,0.1,0.8,0.2,0.1,0.3,1,4936,4,9,0.1,0.0008097165991902834,0.9973737373737374,32,100
0.0008097165991902834,0.1,0.8,0.2,0.1,0.32,1,4936,4,9,0.1,0.0008097165991902834,0.9973737373737374,32,100
0.0008097165991902834,0.1,0.8,0.2,0.1,0.34,1,4936,4,9,0.1,0.0008097165991902834,0.9973737373737374,32,100
0.0012145748987854252,0.1,0.8571428571428571,0.14285714285714285,0.1,0.36,1,4934,6,9,0.1,0.0012145748987854252,0.996969696969697,32,100
0.0012145748987854252,0.1,0.8571428571428571,0.14285714285714285,0.1,0.38,1,4934,6,9,0.1,0.0012145748987854252,0.996969696969697,32,100
0.0012145748987854252,0.1,0.8571428571428571,0.14285714285714285,0.1,0.4,1,4934,6,9,0.1,0.0012145748987854252,0.996969696969697,32,100
0.0012145748987854252,0.1,0.8571428571428571,0.14285714285714285,0.1,0.42,1,4934,6,9,0.1,0.0012145748987854252,0.996969696969697,32,100
0.0012145748987854252,0.1,0.8571428571428571,0.14285714285714285,0.1,0.44,1,4934,6,9,0.1,0.0012145748987854252,0.996969696969697,32,100
0.0012145748987854252,0.1,0.8571428571428571,0.14285714285714285,0.1,0.46,1,4934,6,9,0.1,0.0012145748987854252,0.996969696969697,32,100
0.0012145748987854252,0.1,0.8571428571428571,0.14285714285714285,0.1,0.48,1,4934,6,9,0.1,0.0012145748987854252,0.996969696969697,32,100
0.0012145748987854252,0.1,0.8571428571428571,0.14285714285714285,0.1,0.5,1,4934,6,9,0.1,0.0012145748987854252,0.996969696969697,32,100
0.0012145748987854252,0.1,0.8571428571428571,0.14285714285714285,0.1,0.52,1,4934,6,9,0.1,0.0012145748987854252,0.996969696969697,32,100
0.0012145748987854252,0.1,0.8571428571428571,0.14285714285714285,0.1,0.54,1,4934,6,9,0.1,0.0012145748987854252,0.996969696969697,32,100
0.0012145748987854252,0.1,0.8571428571428571,0.14285714285714285,0.1,0.56,1,4934,6,9,0.1,0.0012145748987854252,0.996969696969697,32,100
0.0012145748987854252,0.1,0.8571428571428571,0.14285714285714285,0.1,0.58,1,4934,6,9,0.1,0.0012145748987854252,0.996969696969697,32,100
0.0012145748987854252,0.1,0.8571428571428571,0.14285714285714285,0.1,0.6,1,4934,6,9,0.1,0.0012145748987854252,0.996969696969697,32,100
0.0012145748987854252,0.1,0.8571428571428571,0.14285714285714285,0.1,0.62,1,4934,6,9,0.1,0.0012145748987854252,0.996969696969697,32,100
0.0012145748987854252,0.1,0.8571428571428571,0.14285714285714285,0.1,0.64,1,4934,6,9,0.1,0.0012145748987854252,0.996969696969697,32,100
0.001417004048582996,0.1,0.875,0.125,0.1,0.66,1,4933,7,9,0.1,0.001417004048582996,0.9967676767676767,32,100
0.001417004048582996,0.1,0.875,0.125,0.1,0.68,1,4933,7,9,0.1,0.001417004048582996,0.9967676767676767,32,100
0.002834008097165992,0.1,0.9333333333333333,0.06666666666666667,0.1,0.7,1,4926,14,9,0.1,0.002834008097165992,0.9953535353535353,32,100
0.002834008097165992,0.1,0.9333333333333333,0.06666666666666667,0.1,0.72,1,4926,14,9,0.1,0.002834008097165992,0.9953535353535353,32,100
0.003036437246963563,0.1,0.9375,0.0625,0.1,0.74,1,4925,15,9,0.1,0.003036437246963563,0.9951515151515151,32,100
0.003036437246963563,0.1,0.9375,0.0625,0.1,0.76,1,4925,15,9,0.1,0.003036437246963563,0.9951515151515151,32,100
0.0038461538461538464,0.1,0.95,0.05,0.1,0.78,1,4921,19,9,0.1,0.0038461538461538464,0.9943434343434343,32,100
0.004858299595141701,0.1,0.96,0.04,0.1,0.8,1,4916,24,9,0.1,0.004858299595141701,0.9933333333333333,32,100
0.004858299595141701,0.1,0.96,0.04,0.1,0.82,1,4916,24,9,0.1,0.004858299595141701,0.9933333333333333,32,100
0.009919028340080972,0.1,0.98,0.02,0.1,0.84,1,4891,49,9,0.1,0.009919028340080972,0.9882828282828283,32,100
0.012348178137651822,0.1,0.9838709677419355,0.016129032258064516,0.1,0.86,1,4879,61,9,0.1,0.012348178137651822,0.9858585858585859,32,100
0.013765182186234818,0.1,0.9855072463768116,0.014492753623188406,0.1,0.88,1,4872,68,9,0.1,0.013765182186234818,0.9844444444444445,32,100
0.013765182186234818,0.1,0.9855072463768116,0.014492753623188406,0.1,0.9,1,4872,68,9,0.1,0.013765182186234818,0.9844444444444445,32,100
0.046153846153846156,0.3,0.987012987012987,0.012987012987012988,0.3,0.92,3,4712,228,7,0.3,0.046153846153846156,0.9525252525252526,32,100
0.05506072874493927,0.3,0.9890909090909091,0.01090909090909091,0.3,0.94,3,4668,272,7,0.3,0.05506072874493927,0.9436363636363636,32,100
0.07105263157894737,0.3,0.9915254237288136,0.00847457627118644,0.3,0.96,3,4589,351,7,0.3,0.07105263157894737,0.9276767676767677,32,100
0.08380566801619434,0.3,0.9928057553956835,0.007194244604316547,0.3,0.98,3,4526,414,7,0.3,0.08380566801619434,0.914949494949495,32,100
0.08927125506072875,0.4,0.9910112359550561,0.008988764044943821,0.4,1.0,4,4499,441,6,0.4,0.08927125506072875,0.9096969696969697,32,100
0.0,0.0,0.0,,0.0,0.02,0,4940,0,10,0.0,0.0,0.997979797979798,33,100
0.0,0.0,0.0,,0.0,0.04,0,4940,0,10,0.0,0.0,0.997979797979798,33,100
0.0,0.0,0.0,,0.0,0.06,0,4940,0,10,0.0,0.0,0.997979797979798,33,100
0.0,0.0,0.0,,0.0,0.08,0,4940,0,10,0.0,0.0,0.997979797979798,33,100
0.0,0.0,0.0,,0.0,0.1,0,4940,0,10,0.0,0.0,0.997979797979798,33,100
0.0,0.0,0.0,,0.0,0.12,0,4940,0,10,0.0,0.0,0.997979797979798,33,100
0.0,0.0,0.0,,0.0,0.14,0,4940,0,10,0.0,0.0,0.997979797979798,33,100
0.0,0.0,0.0,,0.0,0.16,0,4940,0,10,0.0,0.0,0.997979797979798,33,100
0.0,0.0,0.0,,0.0,0.18,0,4940,0,10,0.0,0.0,0.997979797979798,33,100
0.0,0.0,0.0,,0.0,0.2,0,4940,0,10,0.0,0.0,0.997979797979798,33,100
0.0,0.0,0.0,,0.0,0.22,0,4940,0,10,0.0,0.0,0.997979797979798,33,100
0.0,0.0,0.0,,0.0,0.24,0,4940,0,10,0.0,0.0,0.997979797979798,33,100
0.0,0.0,0.0,,0.0,0.26,0,4940,0,10,0.0,0.0,0.997979797979798,33,100
0.0,0.0,0.0,,0.0,0.28,0,4940,0,10,0.0,0.0,0.997979797979798,33,100
0.0,0.0,0.0,,0.0,0.3,0,4940,0,10,0.0,0.0,0.997979797979798,33,100
0.0,0.0,0.0,,0.0,0.32,0,4940,0,10,0.0,0.0,0.997979797979798,33,100
0.0,0.0,0.0,,0.0,0.34,0,4940,0,10,0.0,0.0,0.997979797979798,33,100
0.0,0.0,0.0,,0.0,0.36,0,4940,0,10,0.0,0.0,0.997979797979798,33,100
0.0,0.0,0.0,,0.0,0.38,0,4940,0,10,0.0,0.0,0.997979797979798,33,100
0.0,0.0,0.0,,0.0,0.4,0,4940,0,10,0.0,0.0,0.997979797979798,33,100
0.0,0.0,0.0,,0.0,0.42,0,4940,0,10,0.0,0.0,0.997979797979798,33,100
0.0,0.0,0.0,,0.0,0.44,0,4940,0,10,0.0,0.0,0.997979797979798,33,100
0.0,0.0,0.0,,0.0,0.46,0,4940,0,10,0.0,0.0,0.997979797979798,33,100
0.0,0.0,0.0,,0.0,0.48,0,4940,0,10,0.0,0.0,0.997979797979798,33,100
0.0,0.0,0.0,,0.0,0.5,0,4940,0,10,0.0,0.0,0.997979797979798,33,100
0.0,0.0,0.0,,0.0,0.52,0,4940,0,10,0.0,0.0,0.997979797979798,33,100
0.0,0.0,0.0,,0.0,0.54,0,4940,0,10,0.0,0.0,0.997979797979798,33,100
0.0,0.0,0.0,,0.0,0.56,0,4940,0,10,0.0,0.0,0.997979797979798,33,100
0.0,0.0,0.0,,0.0,0.58,0,4940,0,10,0.0,0.0,0.997979797979798,33,100
0.0,0.0,0.0,,0.0,0.6,0,4940,0,10,0.0,0.0,0.997979797979798,33,100
0.0,0.0,0.0,,0.0,0.62,0,4940,0,10,0.0,0.0,0.997979797979798,33,100
0.0,0.0,0.0,,0.0,0.64,0,4940,0,10,0.0,0.0,0.997979797979798,33,100
0.0,0.0,0.0,,0.0,0.66,0,4940,0,10,0.0,0.0,0.997979797979798,33,100
0.0,0.0,0.0,,0.0,0.68,0,4940,0,10,0.0,0.0,0.997979797979798,33,100
0.0,0.0,0.0,,0.0,0.7,0,4940,0,10,0.0,0.0,0.997979797979798,33,100
0.0,0.0,0.0,,0.0,0.72,0,4940,0,10,0.0,0.0,0.997979797979798,33,100
0.0,0.0,0.0,,0.0,0.74,0,4940,0,10,0.0,0.0,0.997979797979798,33,100
0.0,0.0,0.0,,0.0,0.76,0,4940,0,10,0.0,0.0,0.997979797979798,33,100
0.0018218623481781376,0.0,1.0,0.0,0.0,0.78,0,4931,9,10,0.0,0.0018218623481781376,0.9961616161616161,33,100
0.0020242914979757085,0.0,1.0,0.0,0.0,0.8,0,4930,10,10,0.0,0.0020242914979757085,0.9959595959595959,33,100
0.0020242914979757085,0.0,1.0,0.0,0.0,0.82,0,4930,10,10,0.0,0.0020242914979757085,0.9959595959595959,33,100
0.0020242914979757085,0.0,1.0,0.0,0.0,0.84,0,4930,10,10,0.0,0.0020242914979757085,0.9959595959595959,33,100
0.0020242914979757085,0.0,1.0,0.0,0.0,0.86,0,4930,10,10,0.0,0.0020242914979757085,0.9959595959595959,33,100
0.0020242914979757085,0.0,1.0,0.0,0.0,0.88,0,4930,10,10,0.0,0.0020242914979757085,0.9959595959595959,33,100
0.0020242914979757085,0.0,1.0,0.0,0.0,0.9,0,4930,10,10,0.0,0.0020242914979757085,0.9959595959595959,33,100
0.0036437246963562753,0.0,1.0,0.0,0.0,0.92,0,4922,18,10,0.0,0.0036437246963562753,0.9943434343434343,33,100
0.0036437246963562753,0.0,1.0,0.0,0.0,0.94,0,4922,18,10,0.0,0.0036437246963562753,0.9943434343434343,33,100
0.13279352226720648,0.5,0.9924357034795764,0.007564296520423601,0.5,0.96,5,4284,656,5,0.5,0.13279352226720648,0.8664646464646465,33,100
0.5168016194331984,0.8,0.996876220226474,0.0031237797735259665,0.8,0.98,8,2387,2553,2,0.8,0.5168016194331984,0.48383838383838385,33,100
0.9732793522267207,1.0,0.9979244499792445,0.0020755500207555004,1.0,1.0,10,132,4808,0,1.0,0.9732793522267207,0.028686868686868688,33,100
0.00020242914979757084,0.0,1.0,0.0,0.0,0.02,0,4939,1,10,0.0,0.00020242914979757084,0.9977777777777778,34,100
0.00020242914979757084,0.0,1.0,0.0,0.0,0.04,0,4939,1,10,0.0,0.00020242914979757084,0.9977777777777778,34,100
0.00020242914979757084,0.0,1.0,0.0,0.0,0.06,0,4939,1,10,0.0,0.00020242914979757084,0.9977777777777778,34,100
0.00020242914979757084,0.0,1.0,0.0,0.0,0.08,0,4939,1,10,0.0,0.00020242914979757084,0.9977777777777778,34,100
0.00020242914979757084,0.0,1.0,0.0,0.0,0.1,0,4939,1,10,0.0,0.00020242914979757084,0.9977777777777778,34,100
0.00020242914979757084,0.0,1.0,0.0,0.0,0.12,0,4939,1,10,0.0,0.00020242914979757084,0.9977777777777778,34,100
0.00020242914979757084,0.0,1.0,0.0,0.0,0.14,0,4939,1,10,0.0,0.00020242914979757084,0.9977777777777778,34,100
0.00020242914979757084,0.0,1.0,0.0,0.0,0.16,0,4939,1,10,0.0,0.00020242914979757084,0.9977777777777778,34,100
0.00020242914979757084,0.0,1.0,0.0,0.0,0.18,0,4939,1,10,0.0,0.00020242914979757084,0.9977777777777778,34,100
0.00020242914979757084,0.0,1.0,0.0,0.0,0.2,0,4939,1,10,0.0,0.00020242914979757084,0.9977777777777778,34,100
0.00020242914979757084,0.0,1.0,0.0,0.0,0.22,0,4939,1,10,0.0,0.00020242914979757084,0.9977777777777778,34,100
0.00020242914979757084,0.0,1.0,0.0,0.0,0.24,0,4939,1,10,0.0,0.00020242914979757084,0.9977777777777778,34,100
0.00020242914979757084,0.0,1.0,0.0,0.0,0.26,0,4939,1,10,0.0,0.00020242914979757084,0.9977777777777778,34,100
0.00020242914979757084,0.0,1.0,0.0,0.0,0.28,0,4939,1,10,0.0,0.00020242914979757084,0.9977777777777778,34,100
0.00020242914979757084,0.0,1.0,0.0,0.0,0.3,0,4939,1,10,0.0,0.00020242914979757084,0.9977777777777778,34,100
0.00020242914979757084,0.0,1.0,0.0,0.0,0.32,0,4939,1,10,0.0,0.00020242914979757084,0.9977777777777778,34,100
0.00020242914979757084,0.0,1.0,0.0,0.0,0.34,0,4939,1,10,0.0,0.00020242914979757084,0.9977777777777778,34,100
0.00020242914979757084,0.0,1.0,0.0,0.0,0.36,0,4939,1,10,0.0,0.00020242914979757084,0.9977777777777778,34,100
0.00020242914979757084,0.0,1.0,0.0,0.0,0.38,0,4939,1,10,0.0,0.00020242914979757084,0.9977777777777778,34,100
0.00020242914979757084,0.0,1.0,0.0,0.0,0.4,0,4939,1,10,0.0,0.00020242914979757084,0.9977777777777778,34,100
0.00020242914979757084,0.0,1.0,0.0,0.0,0.42,0,4939,1,10,0.0,0.00020242914979757084,0.9977777777777778,34,100
0.00020242914979757084,0.0,1.0,0.0,0.0,0.44,0,4939,1,10,0.0,0.00020242914979757084,0.9977777777777778,34,100
0.00020242914979757084,0.0,1.0,0.0,0.0,0.46,0,4939,1,10,0.0,0.00020242914979757084,0.9977777777777778,34,100
0.0006072874493927126,0.0,1.0,0.0,0.0,0.48,0,4937,3,10,0.0,0.0006072874493927126,0.9973737373737374,34,100
0.0006072874493927126,0.0,1.0,0.0,0.0,0.5,0,4937,3,10,0.0,0.0006072874493927126,0.9973737373737374,34,100
0.0012145748987854252,0.1,0.8571428571428571,0.14285714285714285,0.1,0.52,1,4934,6,9,0.1,0.0012145748987854252,0.996969696969697,34,100
0.0012145748987854252,0.1,0.8571428571428571,0.14285714285714285,0.1,0.54,1,4934,6,9,0.1,0.0012145748987854252,0.996969696969697,34,100
0.0012145748987854252,0.1,0.8571428571428571,0.14285714285714285,0.1,0.56,1,4934,6,9,0.1,0.0012145748987854252,0.996969696969697,34,100
0.0012145748987854252,0.1,0.8571428571428571,0.14285714285714285,0.1,0.58,1,4934,6,9,0.1,0.0012145748987854252,0.996969696969697,34,100
0.0012145748987854252,0.1,0.8571428571428571,0.14285714285714285,0.1,0.6,1,4934,6,9,0.1,0.0012145748987854252,0.996969696969697,34,100
0.0012145748987854252,0.1,0.8571428571428571,0.14285714285714285,0.1,0.62,1,4934,6,9,0.1,0.0012145748987854252,0.996969696969697,34,100
0.0012145748987854252,0.1,0.8571428571428571,0.14285714285714285,0.1,0.64,1,4934,6,9,0.1,0.0012145748987854252,0.996969696969697,34,100
0.008097165991902834,0.1,0.975609756097561,0.024390243902439025,0.1,0.66,1,4900,40,9,0.1,0.008097165991902834,0.9901010101010101,34,100
0.008097165991902834,0.1,0.975609756097561,0.024390243902439025,0.1,0.68,1,4900,40,9,0.1,0.008097165991902834,0.9901010101010101,34,100
0.009109311740890687,0.1,0.9782608695652174,0.021739130434782608,0.1,0.7,1,4895,45,9,0.1,0.009109311740890687,0.9890909090909091,34,100
0.013562753036437248,0.1,0.9852941176470589,0.014705882352941176,0.1,0.72,1,4873,67,9,0.1,0.013562753036437248,0.9846464646464647,34,100
0.015384615384615385,0.1,0.987012987012987,0.012987012987012988,0.1,0.74,1,4864,76,9,0.1,0.015384615384615385,0.9828282828282828,34,100
0.019838056680161944,0.1,0.98989898989899,0.010101010101010102,0.1,0.76,1,4842,98,9,0.1,0.019838056680161944,0.9783838383838384,34,100
0.02206477732793522,0.2,0.9819819819819819,0.018018018018018018,0.2,0.78,2,4831,109,8,0.2,0.02206477732793522,0.9763636363636363,34,100
0.02206477732793522,0.2,0.9819819819819819,0.018018018018018018,0.2,0.8,2,4831,109,8,0.2,0.02206477732793522,0.9763636363636363,34,100
0.02408906882591093,0.2,0.9834710743801653,0.01652892561983471,0.2,0.82,2,4821,119,8,0.2,0.02408906882591093,0.9743434343434343,34,100
0.026720647773279354,0.2,0.9850746268656716,0.014925373134328358,0.2,0.84,2,4808,132,8,0.2,0.026720647773279354,0.9717171717171718,34,100
0.0340080971659919,0.2,0.9882352941176471,0.011764705882352941,0.2,0.86,2,4772,168,8,0.2,0.0340080971659919,0.9644444444444444,34,100
0.03805668016194332,0.2,0.9894736842105263,0.010526315789473684,0.2,0.88,2,4752,188,8,0.2,0.03805668016194332,0.9604040404040404,34,100
0.0465587044534413,0.2,0.9913793103448276,0.008620689655172414,0.2,0.9,2,4710,230,8,0.2,0.0465587044534413,0.9519191919191919,34,100
0.0465587044534413,0.2,0.9913793103448276,0.008620689655172414,0.2,0.92,2,4710,230,8,0.2,0.0465587044534413,0.9519191919191919,34,100
0.050809716599190285,0.3,0.9881889763779528,0.011811023622047244,0.3,0.94,3,4689,251,7,0.3,0.050809716599190285,0.9478787878787879,34,100
0.062348178137651825,0.3,0.9903536977491961,0.00964630225080386,0.3,0.96,3,4632,308,7,0.3,0.062348178137651825,0.9363636363636364,34,100
0.0854251012145749,0.4,0.9906103286384976,0.009389671361502348,0.4,0.98,4,4518,422,6,0.4,0.0854251012145749,0.9135353535353535,34,100
0.5544534412955465,0.7,0.9974508375819373,0.0025491624180626364,0.7,1.0,7,2201,2739,3,0.7,0.5544534412955465,0.44606060606060605,34,100
0.0,0.0,0.0,,0.0,0.02,0,4940,0,10,0.0,0.0,0.997979797979798,35,100
0.0,0.0,0.0,,0.0,0.04,0,4940,0,10,0.0,0.0,0.997979797979798,35,100
0.0,0.0,0.0,,0.0,0.06,0,4940,0,10,0.0,0.0,0.997979797979798,35,100
0.0,0.0,0.0,,0.0,0.08,0,4940,0,10,0.0,0.0,0.997979797979798,35,100
0.0,0.0,0.0,,0.0,0.1,0,4940,0,10,0.0,0.0,0.997979797979798,35,100
0.0,0.0,0.0,,0.0,0.12,0,4940,0,10,0.0,0.0,0.997979797979798,35,100
0.0,0.0,0.0,,0.0,0.14,0,4940,0,10,0.0,0.0,0.997979797979798,35,100
0.0,0.0,0.0,,0.0,0.16,0,4940,0,10,0.0,0.0,0.997979797979798,35,100
0.0,0.0,0.0,,0.0,0.18,0,4940,0,10,0.0,0.0,0.997979797979798,35,100
0.0,0.0,0.0,,0.0,0.2,0,4940,0,10,0.0,0.0,0.997979797979798,35,100
0.0,0.0,0.0,,0.0,0.22,0,4940,0,10,0.0,0.0,0.997979797979798,35,100
0.0,0.0,0.0,,0.0,0.24,0,4940,0,10,0.0,0.0,0.997979797979798,35,100
0.0,0.0,0.0,,0.0,0.26,0,4940,0,10,0.0,0.0,0.997979797979798,35,100
0.0,0.0,0.0,,0.0,0.28,0,4940,0,10,0.0,0.0,0.997979797979798,35,100
0.0,0.0,0.0,,0.0,0.3,0,4940,0,10,0.0,0.0,0.997979797979798,35,100
0.0,0.0,0.0,,0.0,0.32,0,4940,0,10,0.0,0.0,0.997979797979798,35,100
0.0,0.0,0.0,,0.0,0.34,0,4940,0,10,0.0,0.0,0.997979797979798,35,100
0.0,0.0,0.0,,0.0,0.36,0,4940,0,10,0.0,0.0,0.997979797979798,35,100
0.0,0.0,0.0,,0.0,0.38,0,4940,0,10,0.0,0.0,0.997979797979798,35,100
0.0020242914979757085,0.2,0.8333333333333334,0.16666666666666666,0.2,0.4,2,4930,10,8,0.2,0.0020242914979757085,0.9963636363636363,35,100
0.0020242914979757085,0.2,0.8333333333333334,0.16666666666666666,0.2,0.42,2,4930,10,8,0.2,0.0020242914979757085,0.9963636363636363,35,100
0.0020242914979757085,0.2,0.8333333333333334,0.16666666666666666,0.2,0.44,2,4930,10,8,0.2,0.0020242914979757085,0.9963636363636363,35,100
0.0020242914979757085,0.2,0.8333333333333334,0.16666666666666666,0.2,0.46,2,4930,10,8,0.2,0.0020242914979757085,0.9963636363636363,35,100
0.0020242914979757085,0.2,0.8333333333333334,0.16666666666666666,0.2,0.48,2,4930,10,8,0.2,0.0020242914979757085,0.9963636363636363,35,100
0.0020242914979757085,0.2,0.8333333333333334,0.16666666666666666,0.2,0.5,2,4930,10,8,0.2,0.0020242914979757085,0.9963636363636363,35,100
0.0020242914979757085,0.2,0.8333333333333334,0.16666666666666666,0.2,0.52,2,4930,10,8,0.2,0.0020242914979757085,0.9963636363636363,35,100
0.002631578947368421,0.2,0.8666666666666667,0.13333333333333333,0.2,0.54,2,4927,13,8,0.2,0.002631578947368421,0.9957575757575757,35,100
0.002631578947368421,0.2,0.8666666666666667,0.13333333333333333,0.2,0.56,2,4927,13,8,0.2,0.002631578947368421,0.9957575757575757,35,100
0.002834008097165992,0.2,0.875,0.125,0.2,0.58,2,4926,14,8,0.2,0.002834008097165992,0.9955555555555555,35,100
0.002834008097165992,0.2,0.875,0.125,0.2,0.6,2,4926,14,8,0.2,0.002834008097165992,0.9955555555555555,35,100
0.002834008097165992,0.2,0.875,0.125,0.2,0.62,2,4926,14,8,0.2,0.002834008097165992,0.9955555555555555,35,100
0.002834008097165992,0.2,0.875,0.125,0.2,0.64,2,4926,14,8,0.2,0.002834008097165992,0.9955555555555555,35,100
0.002834008097165992,0.2,0.875,0.125,0.2,0.66,2,4926,14,8,0.2,0.002834008097165992,0.9955555555555555,35,100
0.002834008097165992,0.2,0.875,0.125,0.2,0.68,2,4926,14,8,0.2,0.002834008097165992,0.9955555555555555,35,100
0.002834008097165992,0.2,0.875,0.125,0.2,0.7,2,4926,14,8,0.2,0.002834008097165992,0.9955555555555555,35,100
0.002834008097165992,0.2,0.875,0.125,0.2,0.72,2,4926,14,8,0.2,0.002834008097165992,0.9955555555555555,35,100
0.002834008097165992,0.2,0.875,0.125,0.2,0.74,2,4926,14,8,0.2,0.002834008097165992,0.9955555555555555,35,100
0.002834008097165992,0.2,0.875,0.125,0.2,0.76,2,4926,14,8,0.2,0.002834008097165992,0.9955555555555555,35,100
0.002834008097165992,0.2,0.875,0.125,0.2,0.78,2,4926,14,8,0.2,0.002834008097165992,0.9955555555555555,35,100
0.002834008097165992,0.2,0.875,0.125,0.2,0.8,2,4926,14,8,0.2,0.002834008097165992,0.9955555555555555,35,100
0.002834008097165992,0.2,0.875,0.125,0.2,0.82,2,4926,14,8,0.2,0.002834008097165992,0.9955555555555555,35,100
0.0038461538461538464,0.2,0.9047619047619048,0.09523809523809523,0.2,0.84,2,4921,19,8,0.2,0.0038461538461538464,0.9945454545454545,35,100
0.0038461538461538464,0.2,0.9047619047619048,0.09523809523809523,0.2,0.86,2,4921,19,8,0.2,0.0038461538461538464,0.9945454545454545,35,100
0.030364372469635626,0.2,0.9868421052631579,0.013157894736842105,0.2,0.88,2,4790,150,8,0.2,0.030364372469635626,0.9680808080808081,35,100
0.032591093117408904,0.2,0.9877300613496932,0.012269938650306749,0.2,0.9,2,4779,161,8,0.2,0.032591093117408904,0.9658585858585859,35,100
0.03562753036437247,0.3,0.9832402234636871,0.01675977653631285,0.3,0.92,3,4764,176,7,0.3,0.03562753036437247,0.963030303030303,35,100
0.03805668016194332,0.3,0.9842931937172775,0.015706806282722512,0.3,0.94,3,4752,188,7,0.3,0.03805668016194332,0.9606060606060606,35,100
0.05384615384615385,0.4,0.9851851851851852,0.014814814814814815,0.4,0.96,4,4674,266,6,0.4,0.05384615384615385,0.945050505050505,35,100
0.05384615384615385,0.4,0.9851851851851852,0.014814814814814815,0.4,0.98,4,4674,266,6,0.4,0.05384615384615385,0.945050505050505,35,100
0.3151821862348178,0.8,0.994888178913738,0.005111821086261981,0.8,1.0,8,3383,1557,2,0.8,0.3151821862348178,0.685050505050505,35,100
0.00020242914979757084,0.0,1.0,0.0,0.0,0.02,0,4939,1,10,0.0,0.00020242914979757084,0.9977777777777778,36,100
0.00020242914979757084,0.0,1.0,0.0,0.0,0.04,0,4939,1,10,0.0,0.00020242914979757084,0.9977777777777778,36,100
0.00020242914979757084,0.0,1.0,0.0,0.0,0.06,0,4939,1,10,0.0,0.00020242914979757084,0.9977777777777778,36,100
0.00020242914979757084,0.0,1.0,0.0,0.0,0.08,0,4939,1,10,0.0,0.00020242914979757084,0.9977777777777778,36,100
0.00020242914979757084,0.0,1.0,0.0,0.0,0.1,0,4939,1,10,0.0,0.00020242914979757084,0.9977777777777778,36,100
0.0,0.0,0.0,,0.0,0.12,0,4940,0,10,0.0,0.0,0.997979797979798,36,100
0.00020242914979757084,0.0,1.0,0.0,0.0,0.14,0,4939,1,10,0.0,0.00020242914979757084,0.9977777777777778,36,100
0.00020242914979757084,0.0,1.0,0.0,0.0,0.16,0,4939,1,10,0.0,0.00020242914979757084,0.9977777777777778,36,100
0.00020242914979757084,0.0,1.0,0.0,0.0,0.18,0,4939,1,10,0.0,0.00020242914979757084,0.9977777777777778,36,100
0.00020242914979757084,0.0,1.0,0.0,0.0,0.2,0,4939,1,10,0.0,0.00020242914979757084,0.9977777777777778,36,100
0.00020242914979757084,0.0,1.0,0.0,0.0,0.22,0,4939,1,10,0.0,0.00020242914979757084,0.9977777777777778,36,100
0.00020242914979757084,0.0,1.0,0.0,0.0,0.24,0,4939,1,10,0.0,0.00020242914979757084,0.9977777777777778,36,100
0.00020242914979757084,0.0,1.0,0.0,0.0,0.26,0,4939,1,10,0.0,0.00020242914979757084,0.9977777777777778,36,100
0.00020242914979757084,0.0,1.0,0.0,0.0,0.28,0,4939,1,10,0.0,0.00020242914979757084,0.9977777777777778,36,100
0.00020242914979757084,0.0,1.0,0.0,0.0,0.3,0,4939,1,10,0.0,0.00020242914979757084,0.9977777777777778,36,100
0.00020242914979757084,0.0,1.0,0.0,0.0,0.32,0,4939,1,10,0.0,0.00020242914979757084,0.9977777777777778,36,100
0.00020242914979757084,0.0,1.0,0.0,0.0,0.34,0,4939,1,10,0.0,0.00020242914979757084,0.9977777777777778,36,100
0.00020242914979757084,0.0,1.0,0.0,0.0,0.36,0,4939,1,10,0.0,0.00020242914979757084,0.9977777777777778,36,100
0.00020242914979757084,0.0,1.0,0.0,0.0,0.38,0,4939,1,10,0.0,0.00020242914979757084,0.9977777777777778,36,100
0.00020242914979757084,0.0,1.0,0.0,0.0,0.4,0,4939,1,10,0.0,0.00020242914979757084,0.9977777777777778,36,100
0.00020242914979757084,0.0,1.0,0.0,0.0,0.42,0,4939,1,10,0.0,0.00020242914979757084,0.9977777777777778,36,100
0.00020242914979757084,0.0,1.0,0.0,0.0,0.44,0,4939,1,10,0.0,0.00020242914979757084,0.9977777777777778,36,100
0.00020242914979757084,0.0,1.0,0.0,0.0,0.46,0,4939,1,10,0.0,0.00020242914979757084,0.9977777777777778,36,100
0.00020242914979757084,0.1,0.5,0.5,0.1,0.48,1,4939,1,9,0.1,0.00020242914979757084,0.997979797979798,36,100
0.00020242914979757084,0.1,0.5,0.5,0.1,0.5,1,4939,1,9,0.1,0.00020242914979757084,0.997979797979798,36,100
0.00020242914979757084,0.1,0.5,0.5,0.1,0.52,1,4939,1,9,0.1,0.00020242914979757084,0.997979797979798,36,100
0.0008097165991902834,0.1,0.8,0.2,0.1,0.54,1,4936,4,9,0.1,0.0008097165991902834,0.9973737373737374,36,100
0.0008097165991902834,0.1,0.8,0.2,0.1,0.56,1,4936,4,9,0.1,0.0008097165991902834,0.9973737373737374,36,100
0.0008097165991902834,0.1,0.8,0.2,0.1,0.58,1,4936,4,9,0.1,0.0008097165991902834,0.9973737373737374,36,100
0.0008097165991902834,0.1,0.8,0.2,0.1,0.6,1,4936,4,9,0.1,0.0008097165991902834,0.9973737373737374,36,100
0.0008097165991902834,0.1,0.8,0.2,0.1,0.62,1,4936,4,9,0.1,0.0008097165991902834,0.9973737373737374,36,100
0.0008097165991902834,0.1,0.8,0.2,0.1,0.64,1,4936,4,9,0.1,0.0008097165991902834,0.9973737373737374,36,100
0.0008097165991902834,0.1,0.8,0.2,0.1,0.66,1,4936,4,9,0.1,0.0008097165991902834,0.9973737373737374,36,100
0.0008097165991902834,0.1,0.8,0.2,0.1,0.68,1,4936,4,9,0.1,0.0008097165991902834,0.9973737373737374,36,100
0.0012145748987854252,0.1,0.8571428571428571,0.14285714285714285,0.1,0.7,1,4934,6,9,0.1,0.0012145748987854252,0.996969696969697,36,100
0.001417004048582996,0.1,0.875,0.125,0.1,0.72,1,4933,7,9,0.1,0.001417004048582996,0.9967676767676767,36,100
0.0016194331983805667,0.1,0.8888888888888888,0.1111111111111111,0.1,0.74,1,4932,8,9,0.1,0.0016194331983805667,0.9965656565656565,36,100
0.0016194331983805667,0.1,0.8888888888888888,0.1111111111111111,0.1,0.76,1,4932,8,9,0.1,0.0016194331983805667,0.9965656565656565,36,100
0.0016194331983805667,0.1,0.8888888888888888,0.1111111111111111,0.1,0.78,1,4932,8,9,0.1,0.0016194331983805667,0.9965656565656565,36,100
0.0016194331983805667,0.1,0.8888888888888888,0.1111111111111111,0.1,0.8,1,4932,8,9,0.1,0.0016194331983805667,0.9965656565656565,36,100
0.0016194331983805667,0.1,0.8888888888888888,0.1111111111111111,0.1,0.82,1,4932,8,9,0.1,0.0016194331983805667,0.9965656565656565,36,100
0.0016194331983805667,0.1,0.8888888888888888,0.1111111111111111,0.1,0.84,1,4932,8,9,0.1,0.0016194331983805667,0.9965656565656565,36,100
0.0016194331983805667,0.1,0.8888888888888888,0.1111111111111111,0.1,0.86,1,4932,8,9,0.1,0.0016194331983805667,0.9965656565656565,36,100
0.0016194331983805667,0.1,0.8888888888888888,0.1111111111111111,0.1,0.88,1,4932,8,9,0.1,0.0016194331983805667,0.9965656565656565,36,100
0.0018218623481781376,0.1,0.9,0.1,0.1,0.9,1,4931,9,9,0.1,0.0018218623481781376,0.9963636363636363,36,100
0.002834008097165992,0.1,0.9333333333333333,0.06666666666666667,0.1,0.92,1,4926,14,9,0.1,0.002834008097165992,0.9953535353535353,36,100
0.03097165991902834,0.4,0.9745222929936306,0.025477707006369428,0.4,0.94,4,4787,153,6,0.4,0.03097165991902834,0.9678787878787879,36,100
0.034210526315789476,0.4,0.976878612716763,0.023121387283236993,0.4,0.96,4,4771,169,6,0.4,0.034210526315789476,0.9646464646464646,36,100
0.034210526315789476,0.4,0.976878612716763,0.023121387283236993,0.4,0.98,4,4771,169,6,0.4,0.034210526315789476,0.9646464646464646,36,100
0.3493927125506073,0.9,0.9948126801152738,0.005187319884726225,0.9,1.0,9,3214,1726,1,0.9,0.3493927125506073,0.6511111111111111,36,100
0.00020242914979757084,0.0,1.0,0.0,0.0,0.02,0,4939,1,10,0.0,0.00020242914979757084,0.9977777777777778,37,100
0.00020242914979757084,0.0,1.0,0.0,0.0,0.04,0,4939,1,10,0.0,0.00020242914979757084,0.9977777777777778,37,100
0.00020242914979757084,0.0,1.0,0.0,0.0,0.06,0,4939,1,10,0.0,0.00020242914979757084,0.9977777777777778,37,100
0.00020242914979757084,0.0,1.0,0.0,0.0,0.08,0,4939,1,10,0.0,0.00020242914979757084,0.9977777777777778,37,100
0.0,0.0,0.0,,0.0,0.1,0,4940,0,10,0.0,0.0,0.997979797979798,37,100
0.00020242914979757084,0.0,1.0,0.0,0.0,0.12,0,4939,1,10,0.0,0.00020242914979757084,0.9977777777777778,37,100
0.00020242914979757084,0.0,1.0,0.0,0.0,0.14,0,4939,1,10,0.0,0.00020242914979757084,0.9977777777777778,37,100
0.00020242914979757084,0.0,1.0,0.0,0.0,0.16,0,4939,1,10,0.0,0.00020242914979757084,0.9977777777777778,37,100
0.00020242914979757084,0.0,1.0,0.0,0.0,0.18,0,4939,1,10,0.0,0.00020242914979757084,0.9977777777777778,37,100
0.00020242914979757084,0.0,1.0,0.0,0.0,0.2,0,4939,1,10,0.0,0.00020242914979757084,0.9977777777777778,37,100
0.00020242914979757084,0.0,1.0,0.0,0.0,0.22,0,4939,1,10,0.0,0.00020242914979757084,0.9977777777777778,37,100
0.00020242914979757084,0.0,1.0,0.0,0.0,0.24,0,4939,1,10,0.0,0.00020242914979757084,0.9977777777777778,37,100
0.00020242914979757084,0.0,1.0,0.0,0.0,0.26,0,4939,1,10,0.0,0.00020242914979757084,0.9977777777777778,37,100
0.00020242914979757084,0.0,1.0,0.0,0.0,0.28,0,4939,1,10,0.0,0.00020242914979757084,0.9977777777777778,37,100
0.00020242914979757084,0.0,1.0,0.0,0.0,0.3,0,4939,1,10,0.0,0.00020242914979757084,0.9977777777777778,37,100
0.00020242914979757084,0.0,1.0,0.0,0.0,0.32,0,4939,1,10,0.0,0.00020242914979757084,0.9977777777777778,37,100
0.00020242914979757084,0.0,1.0,0.0,0.0,0.34,0,4939,1,10,0.0,0.00020242914979757084,0.9977777777777778,37,100
0.00020242914979757084,0.0,1.0,0.0,0.0,0.36,0,4939,1,10,0.0,0.00020242914979757084,0.9977777777777778,37,100
0.00020242914979757084,0.0,1.0,0.0,0.0,0.38,0,4939,1,10,0.0,0.00020242914979757084,0.9977777777777778,37,100
0.00020242914979757084,0.0,1.0,0.0,0.0,0.4,0,4939,1,10,0.0,0.00020242914979757084,0.9977777777777778,37,100
0.00020242914979757084,0.0,1.0,0.0,0.0,0.42,0,4939,1,10,0.0,0.00020242914979757084,0.9977777777777778,37,100
0.00020242914979757084,0.0,1.0,0.0,0.0,0.44,0,4939,1,10,0.0,0.00020242914979757084,0.9977777777777778,37,100
0.00020242914979757084,0.0,1.0,0.0,0.0,0.46,0,4939,1,10,0.0,0.00020242914979757084,0.9977777777777778,37,100
0.00020242914979757084,0.0,1.0,0.0,0.0,0.48,0,4939,1,10,0.0,0.00020242914979757084,0.9977777777777778,37,100
0.00020242914979757084,0.0,1.0,0.0,0.0,0.5,0,4939,1,10,0.0,0.00020242914979757084,0.9977777777777778,37,100
0.00020242914979757084,0.0,1.0,0.0,0.0,0.52,0,4939,1,10,0.0,0.00020242914979757084,0.9977777777777778,37,100
0.00020242914979757084,0.0,1.0,0.0,0.0,0.54,0,4939,1,10,0.0,0.00020242914979757084,0.9977777777777778,37,100
0.00020242914979757084,0.0,1.0,0.0,0.0,0.56,0,4939,1,10,0.0,0.00020242914979757084,0.9977777777777778,37,100
0.00020242914979757084,0.0,1.0,0.0,0.0,0.58,0,4939,1,10,0.0,0.00020242914979757084,0.9977777777777778,37,100
0.00020242914979757084,0.0,1.0,0.0,0.0,0.6,0,4939,1,10,0.0,0.00020242914979757084,0.9977777777777778,37,100
0.00020242914979757084,0.0,1.0,0.0,0.0,0.62,0,4939,1,10,0.0,0.00020242914979757084,0.9977777777777778,37,100
0.00020242914979757084,0.0,1.0,0.0,0.0,0.64,0,4939,1,10,0.0,0.00020242914979757084,0.9977777777777778,37,100
0.00020242914979757084,0.0,1.0,0.0,0.0,0.66,0,4939,1,10,0.0,0.00020242914979757084,0.9977777777777778,37,100
0.00020242914979757084,0.0,1.0,0.0,0.0,0.68,0,4939,1,10,0.0,0.00020242914979757084,0.9977777777777778,37,100
0.00020242914979757084,0.0,1.0,0.0,0.0,0.7,0,4939,1,10,0.0,0.00020242914979757084,0.9977777777777778,37,100
0.00020242914979757084,0.1,0.5,0.5,0.1,0.72,1,4939,1,9,0.1,0.00020242914979757084,0.997979797979798,37,100
0.0024291497975708503,0.1,0.9230769230769231,0.07692307692307693,0.1,0.74,1,4928,12,9,0.1,0.0024291497975708503,0.9957575757575757,37,100
0.0024291497975708503,0.1,0.9230769230769231,0.07692307692307693,0.1,0.76,1,4928,12,9,0.1,0.0024291497975708503,0.9957575757575757,37,100
0.002631578947368421,0.1,0.9285714285714286,0.07142857142857142,0.1,0.78,1,4927,13,9,0.1,0.002631578947368421,0.9955555555555555,37,100
0.003036437246963563,0.1,0.9375,0.0625,0.1,0.8,1,4925,15,9,0.1,0.003036437246963563,0.9951515151515151,37,100
0.003036437246963563,0.1,0.9375,0.0625,0.1,0.82,1,4925,15,9,0.1,0.003036437246963563,0.9951515151515151,37,100
0.004453441295546558,0.1,0.9565217391304348,0.043478260869565216,0.1,0.84,1,4918,22,9,0.1,0.004453441295546558,0.9937373737373737,37,100
0.004453441295546558,0.1,0.9565217391304348,0.043478260869565216,0.1,0.86,1,4918,22,9,0.1,0.004453441295546558,0.9937373737373737,37,100
0.006477732793522267,0.1,0.9696969696969697,0.030303030303030304,0.1,0.88,1,4908,32,9,0.1,0.006477732793522267,0.9917171717171717,37,100
0.006477732793522267,0.1,0.9696969696969697,0.030303030303030304,0.1,0.9,1,4908,32,9,0.1,0.006477732793522267,0.9917171717171717,37,100
0.006477732793522267,0.1,0.9696969696969697,0.030303030303030304,0.1,0.92,1,4908,32,9,0.1,0.006477732793522267,0.9917171717171717,37,100
0.006882591093117409,0.1,0.9714285714285714,0.02857142857142857,0.1,0.94,1,4906,34,9,0.1,0.006882591093117409,0.9913131313131314,37,100
0.05506072874493927,0.2,0.9927007299270073,0.0072992700729927005,0.2,0.96,2,4668,272,8,0.2,0.05506072874493927,0.9434343434343434,37,100
0.05910931174089069,0.2,0.9931972789115646,0.006802721088435374,0.2,0.98,2,4648,292,8,0.2,0.05910931174089069,0.9393939393939394,37,100
0.9668016194331984,1.0,0.9979105725031342,0.002089427496865859,1.0,1.0,10,164,4776,0,1.0,0.9668016194331984,0.03515151515151515,37,100
0.0,0.0,0.0,,0.0,0.02,0,4940,0,10,0.0,0.0,0.997979797979798,38,100
0.0,0.0,0.0,,0.0,0.04,0,4940,0,10,0.0,0.0,0.997979797979798,38,100
0.0,0.0,0.0,,0.0,0.06,0,4940,0,10,0.0,0.0,0.997979797979798,38,100
0.0,0.0,0.0,,0.0,0.08,0,4940,0,10,0.0,0.0,0.997979797979798,38,100
0.0,0.0,0.0,,0.0,0.1,0,4940,0,10,0.0,0.0,0.997979797979798,38,100
0.0,0.0,0.0,,0.0,0.12,0,4940,0,10,0.0,0.0,0.997979797979798,38,100
0.0,0.0,0.0,,0.0,0.14,0,4940,0,10,0.0,0.0,0.997979797979798,38,100
0.0,0.0,0.0,,0.0,0.16,0,4940,0,10,0.0,0.0,0.997979797979798,38,100
0.0,0.0,0.0,,0.0,0.18,0,4940,0,10,0.0,0.0,0.997979797979798,38,100
0.0,0.0,0.0,,0.0,0.2,0,4940,0,10,0.0,0.0,0.997979797979798,38,100
0.0,0.0,0.0,,0.0,0.22,0,4940,0,10,0.0,0.0,0.997979797979798,38,100
0.0,0.0,0.0,,0.0,0.24,0,4940,0,10,0.0,0.0,0.997979797979798,38,100
0.0,0.0,0.0,,0.0,0.26,0,4940,0,10,0.0,0.0,0.997979797979798,38,100
0.0,0.0,0.0,,0.0,0.28,0,4940,0,10,0.0,0.0,0.997979797979798,38,100
0.0,0.0,0.0,,0.0,0.3,0,4940,0,10,0.0,0.0,0.997979797979798,38,100
0.0,0.0,0.0,,0.0,0.32,0,4940,0,10,0.0,0.0,0.997979797979798,38,100
0.0,0.0,0.0,,0.0,0.34,0,4940,0,10,0.0,0.0,0.997979797979798,38,100
0.0,0.0,0.0,,0.0,0.36,0,4940,0,10,0.0,0.0,0.997979797979798,38,100
0.0,0.0,0.0,,0.0,0.38,0,4940,0,10,0.0,0.0,0.997979797979798,38,100
0.0,0.0,0.0,,0.0,0.4,0,4940,0,10,0.0,0.0,0.997979797979798,38,100
0.0,0.0,0.0,,0.0,0.42,0,4940,0,10,0.0,0.0,0.997979797979798,38,100
0.0,0.0,0.0,,0.0,0.44,0,4940,0,10,0.0,0.0,0.997979797979798,38,100
0.0,0.0,0.0,,0.0,0.46,0,4940,0,10,0.0,0.0,0.997979797979798,38,100
0.0,0.0,0.0,,0.0,0.48,0,4940,0,10,0.0,0.0,0.997979797979798,38,100
0.0,0.0,0.0,,0.0,0.5,0,4940,0,10,0.0,0.0,0.997979797979798,38,100
0.0,0.0,0.0,,0.0,0.52,0,4940,0,10,0.0,0.0,0.997979797979798,38,100
0.0,0.0,0.0,,0.0,0.54,0,4940,0,10,0.0,0.0,0.997979797979798,38,100
0.0,0.0,0.0,,0.0,0.56,0,4940,0,10,0.0,0.0,0.997979797979798,38,100
0.0,0.0,0.0,,0.0,0.58,0,4940,0,10,0.0,0.0,0.997979797979798,38,100
0.0,0.0,0.0,,0.0,0.6,0,4940,0,10,0.0,0.0,0.997979797979798,38,100
0.0,0.0,0.0,,0.0,0.62,0,4940,0,10,0.0,0.0,0.997979797979798,38,100
0.0,0.0,0.0,,0.0,0.64,0,4940,0,10,0.0,0.0,0.997979797979798,38,100
0.0,0.0,0.0,,0.0,0.66,0,4940,0,10,0.0,0.0,0.997979797979798,38,100
0.0,0.0,0.0,,0.0,0.68,0,4940,0,10,0.0,0.0,0.997979797979798,38,100
0.0,0.0,0.0,,0.0,0.7,0,4940,0,10,0.0,0.0,0.997979797979798,38,100
0.0,0.0,0.0,,0.0,0.72,0,4940,0,10,0.0,0.0,0.997979797979798,38,100
0.0,0.0,0.0,,0.0,0.74,0,4940,0,10,0.0,0.0,0.997979797979798,38,100
0.0,0.0,0.0,,0.0,0.76,0,4940,0,10,0.0,0.0,0.997979797979798,38,100
0.0,0.0,0.0,,0.0,0.78,0,4940,0,10,0.0,0.0,0.997979797979798,38,100
0.0,0.0,0.0,,0.0,0.8,0,4940,0,10,0.0,0.0,0.997979797979798,38,100
0.0,0.0,0.0,,0.0,0.82,0,4940,0,10,0.0,0.0,0.997979797979798,38,100
0.0,0.0,0.0,,0.0,0.84,0,4940,0,10,0.0,0.0,0.997979797979798,38,100
0.0,0.0,0.0,,0.0,0.86,0,4940,0,10,0.0,0.0,0.997979797979798,38,100
0.0,0.0,0.0,,0.0,0.88,0,4940,0,10,0.0,0.0,0.997979797979798,38,100
0.0,0.0,0.0,,0.0,0.9,0,4940,0,10,0.0,0.0,0.997979797979798,38,100
0.006072874493927126,0.0,1.0,0.0,0.0,0.92,0,4910,30,10,0.0,0.006072874493927126,0.9919191919191919,38,100
0.006072874493927126,0.0,1.0,0.0,0.0,0.94,0,4910,30,10,0.0,0.006072874493927126,0.9919191919191919,38,100
0.015384615384615385,0.2,0.9743589743589743,0.02564102564102564,0.2,0.96,2,4864,76,8,0.2,0.015384615384615385,0.983030303030303,38,100
0.01659919028340081,0.2,0.9761904761904762,0.023809523809523808,0.2,0.98,2,4858,82,8,0.2,0.01659919028340081,0.9818181818181818,38,100
0.9720647773279352,1.0,0.9979218620116376,0.0020781379883624274,1.0,1.0,10,138,4802,0,1.0,0.9720647773279352,0.0298989898989899,38,100
0.00020242914979757084,0.0,1.0,0.0,0.0,0.02,0,4939,1,10,0.0,0.00020242914979757084,0.9977777777777778,39,100
0.00020242914979757084,0.0,1.0,0.0,0.0,0.04,0,4939,1,10,0.0,0.00020242914979757084,0.9977777777777778,39,100
0.00020242914979757084,0.0,1.0,0.0,0.0,0.06,0,4939,1,10,0.0,0.00020242914979757084,0.9977777777777778,39,100
0.00020242914979757084,0.0,1.0,0.0,0.0,0.08,0,4939,1,10,0.0,0.00020242914979757084,0.9977777777777778,39,100
0.0004048582995951417,0.0,1.0,0.0,0.0,0.1,0,4938,2,10,0.0,0.0004048582995951417,0.9975757575757576,39,100
0.0004048582995951417,0.0,1.0,0.0,0.0,0.12,0,4938,2,10,0.0,0.0004048582995951417,0.9975757575757576,39,100
0.0004048582995951417,0.0,1.0,0.0,0.0,0.14,0,4938,2,10,0.0,0.0004048582995951417,0.9975757575757576,39,100
0.0004048582995951417,0.0,1.0,0.0,0.0,0.16,0,4938,2,10,0.0,0.0004048582995951417,0.9975757575757576,39,100
0.0004048582995951417,0.0,1.0,0.0,0.0,0.18,0,4938,2,10,0.0,0.0004048582995951417,0.9975757575757576,39,100
0.0004048582995951417,0.0,1.0,0.0,0.0,0.2,0,4938,2,10,0.0,0.0004048582995951417,0.9975757575757576,39,100
0.0004048582995951417,0.0,1.0,0.0,0.0,0.22,0,4938,2,10,0.0,0.0004048582995951417,0.9975757575757576,39,100
0.0004048582995951417,0.0,1.0,0.0,0.0,0.24,0,4938,2,10,0.0,0.0004048582995951417,0.9975757575757576,39,100
0.0004048582995951417,0.0,1.0,0.0,0.0,0.26,0,4938,2,10,0.0,0.0004048582995951417,0.9975757575757576,39,100
0.0004048582995951417,0.0,1.0,0.0,0.0,0.28,0,4938,2,10,0.0,0.0004048582995951417,0.9975757575757576,39,100
0.0004048582995951417,0.0,1.0,0.0,0.0,0.3,0,4938,2,10,0.0,0.0004048582995951417,0.9975757575757576,39,100
0.0004048582995951417,0.0,1.0,0.0,0.0,0.32,0,4938,2,10,0.0,0.0004048582995951417,0.9975757575757576,39,100
0.0004048582995951417,0.0,1.0,0.0,0.0,0.34,0,4938,2,10,0.0,0.0004048582995951417,0.9975757575757576,39,100
0.0004048582995951417,0.0,1.0,0.0,0.0,0.36,0,4938,2,10,0.0,0.0004048582995951417,0.9975757575757576,39,100
0.0004048582995951417,0.0,1.0,0.0,0.0,0.38,0,4938,2,10,0.0,0.0004048582995951417,0.9975757575757576,39,100
0.0004048582995951417,0.0,1.0,0.0,0.0,0.4,0,4938,2,10,0.0,0.0004048582995951417,0.9975757575757576,39,100
0.0004048582995951417,0.0,1.0,0.0,0.0,0.42,0,4938,2,10,0.0,0.0004048582995951417,0.9975757575757576,39,100
0.0004048582995951417,0.0,1.0,0.0,0.0,0.44,0,4938,2,10,0.0,0.0004048582995951417,0.9975757575757576,39,100
0.0004048582995951417,0.0,1.0,0.0,0.0,0.46,0,4938,2,10,0.0,0.0004048582995951417,0.9975757575757576,39,100
0.0004048582995951417,0.0,1.0,0.0,0.0,0.48,0,4938,2,10,0.0,0.0004048582995951417,0.9975757575757576,39,100
0.0004048582995951417,0.0,1.0,0.0,0.0,0.5,0,4938,2,10,0.0,0.0004048582995951417,0.9975757575757576,39,100
0.0004048582995951417,0.0,1.0,0.0,0.0,0.52,0,4938,2,10,0.0,0.0004048582995951417,0.9975757575757576,39,100
0.0004048582995951417,0.0,1.0,0.0,0.0,0.54,0,4938,2,10,0.0,0.0004048582995951417,0.9975757575757576,39,100
0.0004048582995951417,0.0,1.0,0.0,0.0,0.56,0,4938,2,10,0.0,0.0004048582995951417,0.9975757575757576,39,100
0.0004048582995951417,0.0,1.0,0.0,0.0,0.58,0,4938,2,10,0.0,0.0004048582995951417,0.9975757575757576,39,100
0.0004048582995951417,0.0,1.0,0.0,0.0,0.6,0,4938,2,10,0.0,0.0004048582995951417,0.9975757575757576,39,100
0.0004048582995951417,0.0,1.0,0.0,0.0,0.62,0,4938,2,10,0.0,0.0004048582995951417,0.9975757575757576,39,100
0.0004048582995951417,0.0,1.0,0.0,0.0,0.64,0,4938,2,10,0.0,0.0004048582995951417,0.9975757575757576,39,100
0.0004048582995951417,0.0,1.0,0.0,0.0,0.66,0,4938,2,10,0.0,0.0004048582995951417,0.9975757575757576,39,100
0.0004048582995951417,0.0,1.0,0.0,0.0,0.68,0,4938,2,10,0.0,0.0004048582995951417,0.9975757575757576,39,100
0.0004048582995951417,0.0,1.0,0.0,0.0,0.7,0,4938,2,10,0.0,0.0004048582995951417,0.9975757575757576,39,100
0.0004048582995951417,0.0,1.0,0.0,0.0,0.72,0,4938,2,10,0.0,0.0004048582995951417,0.9975757575757576,39,100
0.0004048582995951417,0.0,1.0,0.0,0.0,0.74,0,4938,2,10,0.0,0.0004048582995951417,0.9975757575757576,39,100
0.0004048582995951417,0.0,1.0,0.0,0.0,0.76,0,4938,2,10,0.0,0.0004048582995951417,0.9975757575757576,39,100
0.0004048582995951417,0.0,1.0,0.0,0.0,0.78,0,4938,2,10,0.0,0.0004048582995951417,0.9975757575757576,39,100
0.0004048582995951417,0.0,1.0,0.0,0.0,0.8,0,4938,2,10,0.0,0.0004048582995951417,0.9975757575757576,39,100
0.0004048582995951417,0.0,1.0,0.0,0.0,0.82,0,4938,2,10,0.0,0.0004048582995951417,0.9975757575757576,39,100
0.0004048582995951417,0.0,1.0,0.0,0.0,0.84,0,4938,2,10,0.0,0.0004048582995951417,0.9975757575757576,39,100
0.0004048582995951417,0.0,1.0,0.0,0.0,0.86,0,4938,2,10,0.0,0.0004048582995951417,0.9975757575757576,39,100
0.0004048582995951417,0.0,1.0,0.0,0.0,0.88,0,4938,2,10,0.0,0.0004048582995951417,0.9975757575757576,39,100
0.0004048582995951417,0.0,1.0,0.0,0.0,0.9,0,4938,2,10,0.0,0.0004048582995951417,0.9975757575757576,39,100
0.010931174089068825,0.0,1.0,0.0,0.0,0.92,0,4886,54,10,0.0,0.010931174089068825,0.9870707070707071,39,100
0.019635627530364373,0.1,0.9897959183673469,0.01020408163265306,0.1,0.94,1,4843,97,9,0.1,0.019635627530364373,0.9785858585858586,39,100
0.053238866396761134,0.2,0.9924528301886792,0.007547169811320755,0.2,0.96,2,4677,263,8,0.2,0.053238866396761134,0.9452525252525252,39,100
0.05809716599190284,0.2,0.9930795847750865,0.006920415224913495,0.2,0.98,2,4653,287,8,0.2,0.05809716599190284,0.9404040404040404,39,100
0.9670040485829959,1.0,0.9979110089826614,0.0020889910173386254,1.0,1.0,10,163,4777,0,1.0,0.9670040485829959,0.03494949494949495,39,100
0.0,0.0,0.0,,0.0,0.02,0,4940,0,10,0.0,0.0,0.997979797979798,40,100
0.0,0.0,0.0,,0.0,0.04,0,4940,0,10,0.0,0.0,0.997979797979798,40,100
0.0,0.0,0.0,,0.0,0.06,0,4940,0,10,0.0,0.0,0.997979797979798,40,100
0.0,0.0,0.0,,0.0,0.08,0,4940,0,10,0.0,0.0,0.997979797979798,40,100
0.0,0.0,0.0,,0.0,0.1,0,4940,0,10,0.0,0.0,0.997979797979798,40,100
0.0,0.0,0.0,,0.0,0.12,0,4940,0,10,0.0,0.0,0.997979797979798,40,100
0.0,0.0,0.0,,0.0,0.14,0,4940,0,10,0.0,0.0,0.997979797979798,40,100
0.0,0.0,0.0,,0.0,0.16,0,4940,0,10,0.0,0.0,0.997979797979798,40,100
0.0,0.0,0.0,,0.0,0.18,0,4940,0,10,0.0,0.0,0.997979797979798,40,100
0.0,0.0,0.0,,0.0,0.2,0,4940,0,10,0.0,0.0,0.997979797979798,40,100
0.0,0.0,0.0,,0.0,0.22,0,4940,0,10,0.0,0.0,0.997979797979798,40,100
0.0,0.0,0.0,,0.0,0.24,0,4940,0,10,0.0,0.0,0.997979797979798,40,100
0.0,0.0,0.0,,0.0,0.26,0,4940,0,10,0.0,0.0,0.997979797979798,40,100
0.0,0.0,0.0,,0.0,0.28,0,4940,0,10,0.0,0.0,0.997979797979798,40,100
0.0,0.0,0.0,,0.0,0.3,0,4940,0,10,0.0,0.0,0.997979797979798,40,100
0.0,0.0,0.0,,0.0,0.32,0,4940,0,10,0.0,0.0,0.997979797979798,40,100
0.0,0.0,0.0,,0.0,0.34,0,4940,0,10,0.0,0.0,0.997979797979798,40,100
0.0,0.0,0.0,,0.0,0.36,0,4940,0,10,0.0,0.0,0.997979797979798,40,100
0.0,0.0,0.0,,0.0,0.38,0,4940,0,10,0.0,0.0,0.997979797979798,40,100
0.0,0.0,0.0,,0.0,0.4,0,4940,0,10,0.0,0.0,0.997979797979798,40,100
0.0,0.0,0.0,,0.0,0.42,0,4940,0,10,0.0,0.0,0.997979797979798,40,100
0.0004048582995951417,0.0,1.0,0.0,0.0,0.44,0,4938,2,10,0.0,0.0004048582995951417,0.9975757575757576,40,100
0.0006072874493927126,0.0,1.0,0.0,0.0,0.46,0,4937,3,10,0.0,0.0006072874493927126,0.9973737373737374,40,100
0.0006072874493927126,0.0,1.0,0.0,0.0,0.48,0,4937,3,10,0.0,0.0006072874493927126,0.9973737373737374,40,100
0.0006072874493927126,0.0,1.0,0.0,0.0,0.5,0,4937,3,10,0.0,0.0006072874493927126,0.9973737373737374,40,100
0.0006072874493927126,0.0,1.0,0.0,0.0,0.52,0,4937,3,10,0.0,0.0006072874493927126,0.9973737373737374,40,100
0.0006072874493927126,0.0,1.0,0.0,0.0,0.54,0,4937,3,10,0.0,0.0006072874493927126,0.9973737373737374,40,100
0.0006072874493927126,0.0,1.0,0.0,0.0,0.56,0,4937,3,10,0.0,0.0006072874493927126,0.9973737373737374,40,100
0.0006072874493927126,0.0,1.0,0.0,0.0,0.58,0,4937,3,10,0.0,0.0006072874493927126,0.9973737373737374,40,100
0.0006072874493927126,0.0,1.0,0.0,0.0,0.6,0,4937,3,10,0.0,0.0006072874493927126,0.9973737373737374,40,100
0.0006072874493927126,0.0,1.0,0.0,0.0,0.62,0,4937,3,10,0.0,0.0006072874493927126,0.9973737373737374,40,100
0.0006072874493927126,0.0,1.0,0.0,0.0,0.64,0,4937,3,10,0.0,0.0006072874493927126,0.9973737373737374,40,100
0.0006072874493927126,0.0,1.0,0.0,0.0,0.66,0,4937,3,10,0.0,0.0006072874493927126,0.9973737373737374,40,100
0.0006072874493927126,0.0,1.0,0.0,0.0,0.68,0,4937,3,10,0.0,0.0006072874493927126,0.9973737373737374,40,100
0.0006072874493927126,0.0,1.0,0.0,0.0,0.7,0,4937,3,10,0.0,0.0006072874493927126,0.9973737373737374,40,100
0.0012145748987854252,0.0,1.0,0.0,0.0,0.72,0,4934,6,10,0.0,0.0012145748987854252,0.9967676767676767,40,100
0.002226720647773279,0.2,0.8461538461538461,0.15384615384615385,0.2,0.74,2,4929,11,8,0.2,0.002226720647773279,0.9961616161616161,40,100
0.002226720647773279,0.2,0.8461538461538461,0.15384615384615385,0.2,0.76,2,4929,11,8,0.2,0.002226720647773279,0.9961616161616161,40,100
0.002226720647773279,0.2,0.8461538461538461,0.15384615384615385,0.2,0.78,2,4929,11,8,0.2,0.002226720647773279,0.9961616161616161,40,100
0.0024291497975708503,0.2,0.8571428571428571,0.14285714285714285,0.2,0.8,2,4928,12,8,0.2,0.0024291497975708503,0.9959595959595959,40,100
0.0024291497975708503,0.2,0.8571428571428571,0.14285714285714285,0.2,0.82,2,4928,12,8,0.2,0.0024291497975708503,0.9959595959595959,40,100
0.0034412955465587046,0.2,0.8947368421052632,0.10526315789473684,0.2,0.84,2,4923,17,8,0.2,0.0034412955465587046,0.9949494949494949,40,100
0.013157894736842105,0.3,0.9558823529411765,0.04411764705882353,0.3,0.86,3,4875,65,7,0.3,0.013157894736842105,0.9854545454545455,40,100
0.017813765182186234,0.3,0.967032967032967,0.03296703296703297,0.3,0.88,3,4852,88,7,0.3,0.017813765182186234,0.9808080808080808,40,100
0.017813765182186234,0.3,0.967032967032967,0.03296703296703297,0.3,0.9,3,4852,88,7,0.3,0.017813765182186234,0.9808080808080808,40,100
0.046356275303643724,0.4,0.9828326180257511,0.017167381974248927,0.4,0.92,4,4711,229,6,0.4,0.046356275303643724,0.9525252525252526,40,100
0.06396761133603239,0.5,0.9844236760124611,0.01557632398753894,0.5,0.94,5,4624,316,5,0.5,0.06396761133603239,0.9351515151515152,40,100
0.09534412955465588,0.6,0.9874213836477987,0.012578616352201259,0.6,0.96,6,4469,471,4,0.6,0.09534412955465588,0.9040404040404041,40,100
0.11032388663967611,0.6,0.9891107078039928,0.010889292196007259,0.6,0.98,6,4395,545,4,0.6,0.11032388663967611,0.889090909090909,40,100
0.9696356275303644,1.0,0.9979166666666667,0.0020833333333333333,1.0,1.0,10,150,4790,0,1.0,0.9696356275303644,0.03232323232323232,40,100
0.0,0.0,0.0,,0.0,0.02,0,4940,0,10,0.0,0.0,0.997979797979798,41,100
0.0,0.0,0.0,,0.0,0.04,0,4940,0,10,0.0,0.0,0.997979797979798,41,100
0.0,0.0,0.0,,0.0,0.06,0,4940,0,10,0.0,0.0,0.997979797979798,41,100
0.0,0.0,0.0,,0.0,0.08,0,4940,0,10,0.0,0.0,0.997979797979798,41,100
0.0,0.0,0.0,,0.0,0.1,0,4940,0,10,0.0,0.0,0.997979797979798,41,100
0.0,0.0,0.0,,0.0,0.12,0,4940,0,10,0.0,0.0,0.997979797979798,41,100
0.0,0.0,0.0,,0.0,0.14,0,4940,0,10,0.0,0.0,0.997979797979798,41,100
0.0,0.0,0.0,,0.0,0.16,0,4940,0,10,0.0,0.0,0.997979797979798,41,100
0.0,0.0,0.0,,0.0,0.18,0,4940,0,10,0.0,0.0,0.997979797979798,41,100
0.0,0.0,0.0,,0.0,0.2,0,4940,0,10,0.0,0.0,0.997979797979798,41,100
0.0,0.0,0.0,,0.0,0.22,0,4940,0,10,0.0,0.0,0.997979797979798,41,100
0.0,0.0,0.0,,0.0,0.24,0,4940,0,10,0.0,0.0,0.997979797979798,41,100
0.0,0.0,0.0,,0.0,0.26,0,4940,0,10,0.0,0.0,0.997979797979798,41,100
0.0,0.0,0.0,,0.0,0.28,0,4940,0,10,0.0,0.0,0.997979797979798,41,100
0.0,0.0,0.0,,0.0,0.3,0,4940,0,10,0.0,0.0,0.997979797979798,41,100
0.0,0.0,0.0,,0.0,0.32,0,4940,0,10,0.0,0.0,0.997979797979798,41,100
0.0,0.0,0.0,,0.0,0.34,0,4940,0,10,0.0,0.0,0.997979797979798,41,100
0.0004048582995951417,0.0,1.0,0.0,0.0,0.36,0,4938,2,10,0.0,0.0004048582995951417,0.9975757575757576,41,100
0.0004048582995951417,0.0,1.0,0.0,0.0,0.38,0,4938,2,10,0.0,0.0004048582995951417,0.9975757575757576,41,100
0.0004048582995951417,0.0,1.0,0.0,0.0,0.4,0,4938,2,10,0.0,0.0004048582995951417,0.9975757575757576,41,100
0.0004048582995951417,0.0,1.0,0.0,0.0,0.42,0,4938,2,10,0.0,0.0004048582995951417,0.9975757575757576,41,100
0.0004048582995951417,0.0,1.0,0.0,0.0,0.44,0,4938,2,10,0.0,0.0004048582995951417,0.9975757575757576,41,100
0.0004048582995951417,0.0,1.0,0.0,0.0,0.46,0,4938,2,10,0.0,0.0004048582995951417,0.9975757575757576,41,100
0.0004048582995951417,0.0,1.0,0.0,0.0,0.48,0,4938,2,10,0.0,0.0004048582995951417,0.9975757575757576,41,100
0.0004048582995951417,0.0,1.0,0.0,0.0,0.5,0,4938,2,10,0.0,0.0004048582995951417,0.9975757575757576,41,100
0.0004048582995951417,0.0,1.0,0.0,0.0,0.52,0,4938,2,10,0.0,0.0004048582995951417,0.9975757575757576,41,100
0.0004048582995951417,0.0,1.0,0.0,0.0,0.54,0,4938,2,10,0.0,0.0004048582995951417,0.9975757575757576,41,100
0.0004048582995951417,0.0,1.0,0.0,0.0,0.56,0,4938,2,10,0.0,0.0004048582995951417,0.9975757575757576,41,100
0.0004048582995951417,0.0,1.0,0.0,0.0,0.58,0,4938,2,10,0.0,0.0004048582995951417,0.9975757575757576,41,100
0.0004048582995951417,0.0,1.0,0.0,0.0,0.6,0,4938,2,10,0.0,0.0004048582995951417,0.9975757575757576,41,100
0.0006072874493927126,0.0,1.0,0.0,0.0,0.62,0,4937,3,10,0.0,0.0006072874493927126,0.9973737373737374,41,100
0.0008097165991902834,0.0,1.0,0.0,0.0,0.64,0,4936,4,10,0.0,0.0008097165991902834,0.9971717171717172,41,100
0.0012145748987854252,0.0,1.0,0.0,0.0,0.66,0,4934,6,10,0.0,0.0012145748987854252,0.9967676767676767,41,100
0.0012145748987854252,0.0,1.0,0.0,0.0,0.68,0,4934,6,10,0.0,0.0012145748987854252,0.9967676767676767,41,100
0.0012145748987854252,0.0,1.0,0.0,0.0,0.7,0,4934,6,10,0.0,0.0012145748987854252,0.9967676767676767,41,100
0.0012145748987854252,0.0,1.0,0.0,0.0,0.72,0,4934,6,10,0.0,0.0012145748987854252,0.9967676767676767,41,100
0.0012145748987854252,0.0,1.0,0.0,0.0,0.74,0,4934,6,10,0.0,0.0012145748987854252,0.9967676767676767,41,100
0.0012145748987854252,0.0,1.0,0.0,0.0,0.76,0,4934,6,10,0.0,0.0012145748987854252,0.9967676767676767,41,100
0.0012145748987854252,0.0,1.0,0.0,0.0,0.78,0,4934,6,10,0.0,0.0012145748987854252,0.9967676767676767,41,100
0.0012145748987854252,0.0,1.0,0.0,0.0,0.8,0,4934,6,10,0.0,0.0012145748987854252,0.9967676767676767,41,100
0.0012145748987854252,0.0,1.0,0.0,0.0,0.82,0,4934,6,10,0.0,0.0012145748987854252,0.9967676767676767,41,100
0.0012145748987854252,0.0,1.0,0.0,0.0,0.84,0,4934,6,10,0.0,0.0012145748987854252,0.9967676767676767,41,100
0.0012145748987854252,0.0,1.0,0.0,0.0,0.86,0,4934,6,10,0.0,0.0012145748987854252,0.9967676767676767,41,100
0.0016194331983805667,0.0,1.0,0.0,0.0,0.88,0,4932,8,10,0.0,0.0016194331983805667,0.9963636363636363,41,100
0.0016194331983805667,0.0,1.0,0.0,0.0,0.9,0,4932,8,10,0.0,0.0016194331983805667,0.9963636363636363,41,100
0.0016194331983805667,0.0,1.0,0.0,0.0,0.92,0,4932,8,10,0.0,0.0016194331983805667,0.9963636363636363,41,100
0.0016194331983805667,0.0,1.0,0.0,0.0,0.94,0,4932,8,10,0.0,0.0016194331983805667,0.9963636363636363,41,100
0.02408906882591093,0.4,0.967479674796748,0.032520325203252036,0.4,0.96,4,4821,119,6,0.4,0.02408906882591093,0.9747474747474747,41,100
0.6135627530364373,0.8,0.9973675551168147,0.0026324448831852583,0.8,0.98,8,1909,3031,2,0.8,0.6135627530364373,0.38727272727272727,41,100
0.9706477732793523,1.0,0.9979188345473465,0.002081165452653486,1.0,1.0,10,145,4795,0,1.0,0.9706477732793523,0.031313131313131314,41,100
0.00020242914979757084,0.0,1.0,0.0,0.0,0.02,0,4939,1,10,0.0,0.00020242914979757084,0.9977777777777778,42,100
0.00020242914979757084,0.0,1.0,0.0,0.0,0.04,0,4939,1,10,0.0,0.00020242914979757084,0.9977777777777778,42,100
0.00020242914979757084,0.0,1.0,0.0,0.0,0.06,0,4939,1,10,0.0,0.00020242914979757084,0.9977777777777778,42,100
0.0,0.0,0.0,,0.0,0.08,0,4940,0,10,0.0,0.0,0.997979797979798,42,100
0.0004048582995951417,0.0,1.0,0.0,0.0,0.1,0,4938,2,10,0.0,0.0004048582995951417,0.9975757575757576,42,100
0.0004048582995951417,0.0,1.0,0.0,0.0,0.12,0,4938,2,10,0.0,0.0004048582995951417,0.9975757575757576,42,100
0.0004048582995951417,0.0,1.0,0.0,0.0,0.14,0,4938,2,10,0.0,0.0004048582995951417,0.9975757575757576,42,100
0.0004048582995951417,0.0,1.0,0.0,0.0,0.16,0,4938,2,10,0.0,0.0004048582995951417,0.9975757575757576,42,100
0.0004048582995951417,0.0,1.0,0.0,0.0,0.18,0,4938,2,10,0.0,0.0004048582995951417,0.9975757575757576,42,100
0.0006072874493927126,0.0,1.0,0.0,0.0,0.2,0,4937,3,10,0.0,0.0006072874493927126,0.9973737373737374,42,100
0.0006072874493927126,0.0,1.0,0.0,0.0,0.22,0,4937,3,10,0.0,0.0006072874493927126,0.9973737373737374,42,100
0.0010121457489878543,0.0,1.0,0.0,0.0,0.24,0,4935,5,10,0.0,0.0010121457489878543,0.996969696969697,42,100
0.002631578947368421,0.0,1.0,0.0,0.0,0.26,0,4927,13,10,0.0,0.002631578947368421,0.9953535353535353,42,100
0.002834008097165992,0.0,1.0,0.0,0.0,0.28,0,4926,14,10,0.0,0.002834008097165992,0.9951515151515151,42,100
0.003036437246963563,0.0,1.0,0.0,0.0,0.3,0,4925,15,10,0.0,0.003036437246963563,0.9949494949494949,42,100
0.003036437246963563,0.0,1.0,0.0,0.0,0.32,0,4925,15,10,0.0,0.003036437246963563,0.9949494949494949,42,100
0.003036437246963563,0.0,1.0,0.0,0.0,0.34,0,4925,15,10,0.0,0.003036437246963563,0.9949494949494949,42,100
0.003036437246963563,0.0,1.0,0.0,0.0,0.36,0,4925,15,10,0.0,0.003036437246963563,0.9949494949494949,42,100
0.003036437246963563,0.0,1.0,0.0,0.0,0.38,0,4925,15,10,0.0,0.003036437246963563,0.9949494949494949,42,100
0.003036437246963563,0.0,1.0,0.0,0.0,0.4,0,4925,15,10,0.0,0.003036437246963563,0.9949494949494949,42,100
0.0034412955465587046,0.0,1.0,0.0,0.0,0.42,0,4923,17,10,0.0,0.0034412955465587046,0.9945454545454545,42,100
0.0038461538461538464,0.0,1.0,0.0,0.0,0.44,0,4921,19,10,0.0,0.0038461538461538464,0.9941414141414141,42,100
0.004251012145748988,0.0,1.0,0.0,0.0,0.46,0,4919,21,10,0.0,0.004251012145748988,0.9937373737373737,42,100
0.004251012145748988,0.0,1.0,0.0,0.0,0.48,0,4919,21,10,0.0,0.004251012145748988,0.9937373737373737,42,100
0.004251012145748988,0.0,1.0,0.0,0.0,0.5,0,4919,21,10,0.0,0.004251012145748988,0.9937373737373737,42,100
0.004858299595141701,0.0,1.0,0.0,0.0,0.52,0,4916,24,10,0.0,0.004858299595141701,0.9931313131313131,42,100
0.005465587044534413,0.0,1.0,0.0,0.0,0.54,0,4913,27,10,0.0,0.005465587044534413,0.9925252525252525,42,100
0.006072874493927126,0.0,1.0,0.0,0.0,0.56,0,4910,30,10,0.0,0.006072874493927126,0.9919191919191919,42,100
0.006072874493927126,0.0,1.0,0.0,0.0,0.58,0,4910,30,10,0.0,0.006072874493927126,0.9919191919191919,42,100
0.006477732793522267,0.0,1.0,0.0,0.0,0.6,0,4908,32,10,0.0,0.006477732793522267,0.9915151515151515,42,100
0.006477732793522267,0.0,1.0,0.0,0.0,0.62,0,4908,32,10,0.0,0.006477732793522267,0.9915151515151515,42,100
0.00708502024291498,0.0,1.0,0.0,0.0,0.64,0,4905,35,10,0.0,0.00708502024291498,0.990909090909091,42,100
0.013157894736842105,0.0,1.0,0.0,0.0,0.66,0,4875,65,10,0.0,0.013157894736842105,0.9848484848484849,42,100
0.013157894736842105,0.0,1.0,0.0,0.0,0.68,0,4875,65,10,0.0,0.013157894736842105,0.9848484848484849,42,100
0.013157894736842105,0.0,1.0,0.0,0.0,0.7,0,4875,65,10,0.0,0.013157894736842105,0.9848484848484849,42,100
0.015384615384615385,0.1,0.987012987012987,0.012987012987012988,0.1,0.72,1,4864,76,9,0.1,0.015384615384615385,0.9828282828282828,42,100
0.015384615384615385,0.1,0.987012987012987,0.012987012987012988,0.1,0.74,1,4864,76,9,0.1,0.015384615384615385,0.9828282828282828,42,100
0.01680161943319838,0.1,0.9880952380952381,0.011904761904761904,0.1,0.76,1,4857,83,9,0.1,0.01680161943319838,0.9814141414141414,42,100
0.018421052631578946,0.1,0.9891304347826086,0.010869565217391304,0.1,0.78,1,4849,91,9,0.1,0.018421052631578946,0.9797979797979798,42,100
0.040283400809716596,0.1,0.995,0.005,0.1,0.8,1,4741,199,9,0.1,0.040283400809716596,0.9579797979797979,42,100
0.053643724696356275,0.1,0.9962406015037594,0.0037593984962406013,0.1,0.82,1,4675,265,9,0.1,0.053643724696356275,0.9446464646464646,42,100
0.05931174089068826,0.1,0.9965986394557823,0.003401360544217687,0.1,0.84,1,4647,293,9,0.1,0.05931174089068826,0.938989898989899,42,100
0.06336032388663967,0.1,0.9968152866242038,0.0031847133757961785,0.1,0.86,1,4627,313,9,0.1,0.06336032388663967,0.934949494949495,42,100
0.06821862348178137,0.1,0.9970414201183432,0.0029585798816568047,0.1,0.88,1,4603,337,9,0.1,0.06821862348178137,0.9301010101010101,42,100
0.08076923076923077,0.2,0.9950124688279302,0.004987531172069825,0.2,0.9,2,4541,399,8,0.2,0.08076923076923077,0.9177777777777778,42,100
0.08765182186234818,0.2,0.9954022988505747,0.004597701149425287,0.2,0.92,2,4507,433,8,0.2,0.08765182186234818,0.9109090909090909,42,100
0.15931174089068825,0.2,0.9974651457541192,0.0025348542458808617,0.2,0.94,2,4153,787,8,0.2,0.15931174089068825,0.8393939393939394,42,100
0.1694331983805668,0.2,0.9976162097735399,0.0023837902264600714,0.2,0.96,2,4103,837,8,0.2,0.1694331983805668,0.8292929292929293,42,100
0.2089068825910931,0.2,0.9980657640232108,0.0019342359767891683,0.2,0.98,2,3908,1032,8,0.2,0.2089068825910931,0.7898989898989899,42,100
0.9653846153846154,1.0,0.9979075120318058,0.002092487968194183,1.0,1.0,10,171,4769,0,1.0,0.9653846153846154,0.036565656565656565,42,100
0.00020242914979757084,0.0,1.0,0.0,0.0,0.02,0,4939,1,10,0.0,0.00020242914979757084,0.9977777777777778,43,100
0.00020242914979757084,0.0,1.0,0.0,0.0,0.04,0,4939,1,10,0.0,0.00020242914979757084,0.9977777777777778,43,100
0.00020242914979757084,0.0,1.0,0.0,0.0,0.06,0,4939,1,10,0.0,0.00020242914979757084,0.9977777777777778,43,100
0.00020242914979757084,0.0,1.0,0.0,0.0,0.08,0,4939,1,10,0.0,0.00020242914979757084,0.9977777777777778,43,100
0.0,0.0,0.0,,0.0,0.1,0,4940,0,10,0.0,0.0,0.997979797979798,43,100
0.00020242914979757084,0.0,1.0,0.0,0.0,0.12,0,4939,1,10,0.0,0.00020242914979757084,0.9977777777777778,43,100
0.0004048582995951417,0.0,1.0,0.0,0.0,0.14,0,4938,2,10,0.0,0.0004048582995951417,0.9975757575757576,43,100
0.0004048582995951417,0.0,1.0,0.0,0.0,0.16,0,4938,2,10,0.0,0.0004048582995951417,0.9975757575757576,43,100
0.0004048582995951417,0.0,1.0,0.0,0.0,0.18,0,4938,2,10,0.0,0.0004048582995951417,0.9975757575757576,43,100
0.0004048582995951417,0.0,1.0,0.0,0.0,0.2,0,4938,2,10,0.0,0.0004048582995951417,0.9975757575757576,43,100
0.0004048582995951417,0.0,1.0,0.0,0.0,0.22,0,4938,2,10,0.0,0.0004048582995951417,0.9975757575757576,43,100
0.0004048582995951417,0.0,1.0,0.0,0.0,0.24,0,4938,2,10,0.0,0.0004048582995951417,0.9975757575757576,43,100
0.0004048582995951417,0.0,1.0,0.0,0.0,0.26,0,4938,2,10,0.0,0.0004048582995951417,0.9975757575757576,43,100
0.0004048582995951417,0.0,1.0,0.0,0.0,0.28,0,4938,2,10,0.0,0.0004048582995951417,0.9975757575757576,43,100
0.0004048582995951417,0.0,1.0,0.0,0.0,0.3,0,4938,2,10,0.0,0.0004048582995951417,0.9975757575757576,43,100
0.0004048582995951417,0.0,1.0,0.0,0.0,0.32,0,4938,2,10,0.0,0.0004048582995951417,0.9975757575757576,43,100
0.0004048582995951417,0.0,1.0,0.0,0.0,0.34,0,4938,2,10,0.0,0.0004048582995951417,0.9975757575757576,43,100
0.0004048582995951417,0.0,1.0,0.0,0.0,0.36,0,4938,2,10,0.0,0.0004048582995951417,0.9975757575757576,43,100
0.0004048582995951417,0.0,1.0,0.0,0.0,0.38,0,4938,2,10,0.0,0.0004048582995951417,0.9975757575757576,43,100
0.0004048582995951417,0.0,1.0,0.0,0.0,0.4,0,4938,2,10,0.0,0.0004048582995951417,0.9975757575757576,43,100
0.0004048582995951417,0.0,1.0,0.0,0.0,0.42,0,4938,2,10,0.0,0.0004048582995951417,0.9975757575757576,43,100
0.0004048582995951417,0.0,1.0,0.0,0.0,0.44,0,4938,2,10,0.0,0.0004048582995951417,0.9975757575757576,43,100
0.0004048582995951417,0.0,1.0,0.0,0.0,0.46,0,4938,2,10,0.0,0.0004048582995951417,0.9975757575757576,43,100
0.0004048582995951417,0.0,1.0,0.0,0.0,0.48,0,4938,2,10,0.0,0.0004048582995951417,0.9975757575757576,43,100
0.0004048582995951417,0.0,1.0,0.0,0.0,0.5,0,4938,2,10,0.0,0.0004048582995951417,0.9975757575757576,43,100
0.0006072874493927126,0.0,1.0,0.0,0.0,0.52,0,4937,3,10,0.0,0.0006072874493927126,0.9973737373737374,43,100
0.0006072874493927126,0.0,1.0,0.0,0.0,0.54,0,4937,3,10,0.0,0.0006072874493927126,0.9973737373737374,43,100
0.0006072874493927126,0.0,1.0,0.0,0.0,0.56,0,4937,3,10,0.0,0.0006072874493927126,0.9973737373737374,43,100
0.0006072874493927126,0.0,1.0,0.0,0.0,0.58,0,4937,3,10,0.0,0.0006072874493927126,0.9973737373737374,43,100
0.0006072874493927126,0.0,1.0,0.0,0.0,0.6,0,4937,3,10,0.0,0.0006072874493927126,0.9973737373737374,43,100
0.0006072874493927126,0.0,1.0,0.0,0.0,0.62,0,4937,3,10,0.0,0.0006072874493927126,0.9973737373737374,43,100
0.0006072874493927126,0.0,1.0,0.0,0.0,0.64,0,4937,3,10,0.0,0.0006072874493927126,0.9973737373737374,43,100
0.0006072874493927126,0.0,1.0,0.0,0.0,0.66,0,4937,3,10,0.0,0.0006072874493927126,0.9973737373737374,43,100
0.0006072874493927126,0.0,1.0,0.0,0.0,0.68,0,4937,3,10,0.0,0.0006072874493927126,0.9973737373737374,43,100
0.0006072874493927126,0.0,1.0,0.0,0.0,0.7,0,4937,3,10,0.0,0.0006072874493927126,0.9973737373737374,43,100
0.0006072874493927126,0.0,1.0,0.0,0.0,0.72,0,4937,3,10,0.0,0.0006072874493927126,0.9973737373737374,43,100
0.0006072874493927126,0.0,1.0,0.0,0.0,0.74,0,4937,3,10,0.0,0.0006072874493927126,0.9973737373737374,43,100
0.0006072874493927126,0.0,1.0,0.0,0.0,0.76,0,4937,3,10,0.0,0.0006072874493927126,0.9973737373737374,43,100
0.0006072874493927126,0.0,1.0,0.0,0.0,0.78,0,4937,3,10,0.0,0.0006072874493927126,0.9973737373737374,43,100
0.0006072874493927126,0.0,1.0,0.0,0.0,0.8,0,4937,3,10,0.0,0.0006072874493927126,0.9973737373737374,43,100
0.0006072874493927126,0.0,1.0,0.0,0.0,0.82,0,4937,3,10,0.0,0.0006072874493927126,0.9973737373737374,43,100
0.0006072874493927126,0.0,1.0,0.0,0.0,0.84,0,4937,3,10,0.0,0.0006072874493927126,0.9973737373737374,43,100
0.0006072874493927126,0.0,1.0,0.0,0.0,0.86,0,4937,3,10,0.0,0.0006072874493927126,0.9973737373737374,43,100
0.0006072874493927126,0.0,1.0,0.0,0.0,0.88,0,4937,3,10,0.0,0.0006072874493927126,0.9973737373737374,43,100
0.0006072874493927126,0.0,1.0,0.0,0.0,0.9,0,4937,3,10,0.0,0.0006072874493927126,0.9973737373737374,43,100
0.0006072874493927126,0.0,1.0,0.0,0.0,0.92,0,4937,3,10,0.0,0.0006072874493927126,0.9973737373737374,43,100
0.0006072874493927126,0.0,1.0,0.0,0.0,0.94,0,4937,3,10,0.0,0.0006072874493927126,0.9973737373737374,43,100
0.001417004048582996,0.0,1.0,0.0,0.0,0.96,0,4933,7,10,0.0,0.001417004048582996,0.9965656565656565,43,100
0.001417004048582996,0.0,1.0,0.0,0.0,0.98,0,4933,7,10,0.0,0.001417004048582996,0.9965656565656565,43,100
0.342914979757085,0.3,0.9982321744254566,0.0017678255745433118,0.3,1.0,3,3246,1694,7,0.3,0.342914979757085,0.6563636363636364,43,100
0.0,0.0,0.0,,0.0,0.02,0,4940,0,10,0.0,0.0,0.997979797979798,44,100
0.0,0.0,0.0,,0.0,0.04,0,4940,0,10,0.0,0.0,0.997979797979798,44,100
0.0,0.0,0.0,,0.0,0.06,0,4940,0,10,0.0,0.0,0.997979797979798,44,100
0.0,0.0,0.0,,0.0,0.08,0,4940,0,10,0.0,0.0,0.997979797979798,44,100
0.0,0.0,0.0,,0.0,0.1,0,4940,0,10,0.0,0.0,0.997979797979798,44,100
0.0,0.0,0.0,,0.0,0.12,0,4940,0,10,0.0,0.0,0.997979797979798,44,100
0.0,0.0,0.0,,0.0,0.14,0,4940,0,10,0.0,0.0,0.997979797979798,44,100
0.0,0.0,0.0,,0.0,0.16,0,4940,0,10,0.0,0.0,0.997979797979798,44,100
0.0,0.0,0.0,,0.0,0.18,0,4940,0,10,0.0,0.0,0.997979797979798,44,100
0.0,0.0,0.0,,0.0,0.2,0,4940,0,10,0.0,0.0,0.997979797979798,44,100
0.0,0.0,0.0,,0.0,0.22,0,4940,0,10,0.0,0.0,0.997979797979798,44,100
0.0,0.0,0.0,,0.0,0.24,0,4940,0,10,0.0,0.0,0.997979797979798,44,100
0.0,0.0,0.0,,0.0,0.26,0,4940,0,10,0.0,0.0,0.997979797979798,44,100
0.0,0.0,0.0,,0.0,0.28,0,4940,0,10,0.0,0.0,0.997979797979798,44,100
0.0,0.0,0.0,,0.0,0.3,0,4940,0,10,0.0,0.0,0.997979797979798,44,100
0.0,0.0,0.0,,0.0,0.32,0,4940,0,10,0.0,0.0,0.997979797979798,44,100
0.0,0.0,0.0,,0.0,0.34,0,4940,0,10,0.0,0.0,0.997979797979798,44,100
0.0,0.0,0.0,,0.0,0.36,0,4940,0,10,0.0,0.0,0.997979797979798,44,100
0.0,0.0,0.0,,0.0,0.38,0,4940,0,10,0.0,0.0,0.997979797979798,44,100
0.0,0.0,0.0,,0.0,0.4,0,4940,0,10,0.0,0.0,0.997979797979798,44,100
0.0,0.0,0.0,,0.0,0.42,0,4940,0,10,0.0,0.0,0.997979797979798,44,100
0.0,0.0,0.0,,0.0,0.44,0,4940,0,10,0.0,0.0,0.997979797979798,44,100
0.0,0.0,0.0,,0.0,0.46,0,4940,0,10,0.0,0.0,0.997979797979798,44,100
0.0,0.0,0.0,,0.0,0.48,0,4940,0,10,0.0,0.0,0.997979797979798,44,100
0.0,0.0,0.0,,0.0,0.5,0,4940,0,10,0.0,0.0,0.997979797979798,44,100
0.0,0.0,0.0,,0.0,0.52,0,4940,0,10,0.0,0.0,0.997979797979798,44,100
0.0,0.0,0.0,,0.0,0.54,0,4940,0,10,0.0,0.0,0.997979797979798,44,100
0.0,0.0,0.0,,0.0,0.56,0,4940,0,10,0.0,0.0,0.997979797979798,44,100
0.0,0.0,0.0,,0.0,0.58,0,4940,0,10,0.0,0.0,0.997979797979798,44,100
0.0,0.0,0.0,,0.0,0.6,0,4940,0,10,0.0,0.0,0.997979797979798,44,100
0.0,0.0,0.0,,0.0,0.62,0,4940,0,10,0.0,0.0,0.997979797979798,44,100
0.0,0.0,0.0,,0.0,0.64,0,4940,0,10,0.0,0.0,0.997979797979798,44,100
0.0,0.0,0.0,,0.0,0.66,0,4940,0,10,0.0,0.0,0.997979797979798,44,100
0.0,0.0,0.0,,0.0,0.68,0,4940,0,10,0.0,0.0,0.997979797979798,44,100
0.0,0.0,0.0,,0.0,0.7,0,4940,0,10,0.0,0.0,0.997979797979798,44,100
0.0,0.0,0.0,,0.0,0.72,0,4940,0,10,0.0,0.0,0.997979797979798,44,100
0.0,0.0,0.0,,0.0,0.74,0,4940,0,10,0.0,0.0,0.997979797979798,44,100
0.0,0.0,0.0,,0.0,0.76,0,4940,0,10,0.0,0.0,0.997979797979798,44,100
0.0,0.0,0.0,,0.0,0.78,0,4940,0,10,0.0,0.0,0.997979797979798,44,100
0.0,0.0,0.0,,0.0,0.8,0,4940,0,10,0.0,0.0,0.997979797979798,44,100
0.0,0.0,0.0,,0.0,0.82,0,4940,0,10,0.0,0.0,0.997979797979798,44,100
0.0,0.0,0.0,,0.0,0.84,0,4940,0,10,0.0,0.0,0.997979797979798,44,100
0.0,0.0,0.0,,0.0,0.86,0,4940,0,10,0.0,0.0,0.997979797979798,44,100
0.0,0.0,0.0,,0.0,0.88,0,4940,0,10,0.0,0.0,0.997979797979798,44,100
0.0,0.0,0.0,,0.0,0.9,0,4940,0,10,0.0,0.0,0.997979797979798,44,100
0.0,0.0,0.0,,0.0,0.92,0,4940,0,10,0.0,0.0,0.997979797979798,44,100
0.0,0.0,0.0,,0.0,0.94,0,4940,0,10,0.0,0.0,0.997979797979798,44,100
0.0,0.0,0.0,,0.0,0.96,0,4940,0,10,0.0,0.0,0.997979797979798,44,100
0.0,0.0,0.0,,0.0,0.98,0,4940,0,10,0.0,0.0,0.997979797979798,44,100
0.9722672064777328,1.0,0.9979222937876584,0.002077706212341575,1.0,1.0,10,137,4803,0,1.0,0.9722672064777328,0.029696969696969697,44,100
0.00020242914979757084,0.0,1.0,0.0,0.0,0.02,0,4939,1,10,0.0,0.00020242914979757084,0.9977777777777778,45,100
0.00020242914979757084,0.0,1.0,0.0,0.0,0.04,0,4939,1,10,0.0,0.00020242914979757084,0.9977777777777778,45,100
0.00020242914979757084,0.0,1.0,0.0,0.0,0.06,0,4939,1,10,0.0,0.00020242914979757084,0.9977777777777778,45,100
0.0,0.0,0.0,,0.0,0.08,0,4940,0,10,0.0,0.0,0.997979797979798,45,100
0.00020242914979757084,0.0,1.0,0.0,0.0,0.1,0,4939,1,10,0.0,0.00020242914979757084,0.9977777777777778,45,100
0.00020242914979757084,0.0,1.0,0.0,0.0,0.12,0,4939,1,10,0.0,0.00020242914979757084,0.9977777777777778,45,100
0.00020242914979757084,0.0,1.0,0.0,0.0,0.14,0,4939,1,10,0.0,0.00020242914979757084,0.9977777777777778,45,100
0.00020242914979757084,0.0,1.0,0.0,0.0,0.16,0,4939,1,10,0.0,0.00020242914979757084,0.9977777777777778,45,100
0.00020242914979757084,0.0,1.0,0.0,0.0,0.18,0,4939,1,10,0.0,0.00020242914979757084,0.9977777777777778,45,100
0.00020242914979757084,0.0,1.0,0.0,0.0,0.2,0,4939,1,10,0.0,0.00020242914979757084,0.9977777777777778,45,100
0.00020242914979757084,0.0,1.0,0.0,0.0,0.22,0,4939,1,10,0.0,0.00020242914979757084,0.9977777777777778,45,100
0.00020242914979757084,0.0,1.0,0.0,0.0,0.24,0,4939,1,10,0.0,0.00020242914979757084,0.9977777777777778,45,100
0.00020242914979757084,0.0,1.0,0.0,0.0,0.26,0,4939,1,10,0.0,0.00020242914979757084,0.9977777777777778,45,100
0.00020242914979757084,0.0,1.0,0.0,0.0,0.28,0,4939,1,10,0.0,0.00020242914979757084,0.9977777777777778,45,100
0.00020242914979757084,0.0,1.0,0.0,0.0,0.3,0,4939,1,10,0.0,0.00020242914979757084,0.9977777777777778,45,100
0.00020242914979757084,0.0,1.0,0.0,0.0,0.32,0,4939,1,10,0.0,0.00020242914979757084,0.9977777777777778,45,100
0.00020242914979757084,0.0,1.0,0.0,0.0,0.34,0,4939,1,10,0.0,0.00020242914979757084,0.9977777777777778,45,100
0.00020242914979757084,0.0,1.0,0.0,0.0,0.36,0,4939,1,10,0.0,0.00020242914979757084,0.9977777777777778,45,100
0.00020242914979757084,0.0,1.0,0.0,0.0,0.38,0,4939,1,10,0.0,0.00020242914979757084,0.9977777777777778,45,100
0.00020242914979757084,0.0,1.0,0.0,0.0,0.4,0,4939,1,10,0.0,0.00020242914979757084,0.9977777777777778,45,100
0.00020242914979757084,0.0,1.0,0.0,0.0,0.42,0,4939,1,10,0.0,0.00020242914979757084,0.9977777777777778,45,100
0.00020242914979757084,0.0,1.0,0.0,0.0,0.44,0,4939,1,10,0.0,0.00020242914979757084,0.9977777777777778,45,100
0.00020242914979757084,0.0,1.0,0.0,0.0,0.46,0,4939,1,10,0.0,0.00020242914979757084,0.9977777777777778,45,100
0.0004048582995951417,0.0,1.0,0.0,0.0,0.48,0,4938,2,10,0.0,0.0004048582995951417,0.9975757575757576,45,100
0.0004048582995951417,0.0,1.0,0.0,0.0,0.5,0,4938,2,10,0.0,0.0004048582995951417,0.9975757575757576,45,100
0.0004048582995951417,0.0,1.0,0.0,0.0,0.52,0,4938,2,10,0.0,0.0004048582995951417,0.9975757575757576,45,100
0.0004048582995951417,0.0,1.0,0.0,0.0,0.54,0,4938,2,10,0.0,0.0004048582995951417,0.9975757575757576,45,100
0.0004048582995951417,0.0,1.0,0.0,0.0,0.56,0,4938,2,10,0.0,0.0004048582995951417,0.9975757575757576,45,100
0.0004048582995951417,0.0,1.0,0.0,0.0,0.58,0,4938,2,10,0.0,0.0004048582995951417,0.9975757575757576,45,100
0.0004048582995951417,0.0,1.0,0.0,0.0,0.6,0,4938,2,10,0.0,0.0004048582995951417,0.9975757575757576,45,100
0.0004048582995951417,0.0,1.0,0.0,0.0,0.62,0,4938,2,10,0.0,0.0004048582995951417,0.9975757575757576,45,100
0.0006072874493927126,0.0,1.0,0.0,0.0,0.64,0,4937,3,10,0.0,0.0006072874493927126,0.9973737373737374,45,100
0.0006072874493927126,0.0,1.0,0.0,0.0,0.66,0,4937,3,10,0.0,0.0006072874493927126,0.9973737373737374,45,100
0.0006072874493927126,0.0,1.0,0.0,0.0,0.68,0,4937,3,10,0.0,0.0006072874493927126,0.9973737373737374,45,100
0.0006072874493927126,0.0,1.0,0.0,0.0,0.7,0,4937,3,10,0.0,0.0006072874493927126,0.9973737373737374,45,100
0.0006072874493927126,0.0,1.0,0.0,0.0,0.72,0,4937,3,10,0.0,0.0006072874493927126,0.9973737373737374,45,100
0.0006072874493927126,0.0,1.0,0.0,0.0,0.74,0,4937,3,10,0.0,0.0006072874493927126,0.9973737373737374,45,100
0.0006072874493927126,0.0,1.0,0.0,0.0,0.76,0,4937,3,10,0.0,0.0006072874493927126,0.9973737373737374,45,100
0.0006072874493927126,0.0,1.0,0.0,0.0,0.78,0,4937,3,10,0.0,0.0006072874493927126,0.9973737373737374,45,100
0.0006072874493927126,0.0,1.0,0.0,0.0,0.8,0,4937,3,10,0.0,0.0006072874493927126,0.9973737373737374,45,100
0.0006072874493927126,0.0,1.0,0.0,0.0,0.82,0,4937,3,10,0.0,0.0006072874493927126,0.9973737373737374,45,100
0.002226720647773279,0.0,1.0,0.0,0.0,0.84,0,4929,11,10,0.0,0.002226720647773279,0.9957575757575757,45,100
0.002226720647773279,0.0,1.0,0.0,0.0,0.86,0,4929,11,10,0.0,0.002226720647773279,0.9957575757575757,45,100
0.0024291497975708503,0.0,1.0,0.0,0.0,0.88,0,4928,12,10,0.0,0.0024291497975708503,0.9955555555555555,45,100
0.043522267206477734,0.2,0.9907834101382489,0.009216589861751152,0.2,0.9,2,4725,215,8,0.2,0.043522267206477734,0.954949494949495,45,100
0.047165991902834006,0.2,0.9914893617021276,0.00851063829787234,0.2,0.92,2,4707,233,8,0.2,0.047165991902834006,0.9513131313131313,45,100
0.05789473684210526,0.2,0.9930555555555556,0.006944444444444444,0.2,0.94,2,4654,286,8,0.2,0.05789473684210526,0.9406060606060606,45,100
0.06862348178137652,0.3,0.9912280701754386,0.008771929824561403,0.3,0.96,3,4601,339,7,0.3,0.06862348178137652,0.9301010101010101,45,100
0.07388663967611336,0.3,0.9918478260869565,0.008152173913043478,0.3,0.98,3,4575,365,7,0.3,0.07388663967611336,0.9248484848484848,45,100
0.09574898785425101,0.3,0.9936974789915967,0.0063025210084033615,0.3,1.0,3,4467,473,7,0.3,0.09574898785425101,0.9030303030303031,45,100
0.0,0.0,0.0,,0.0,0.02,0,4940,0,10,0.0,0.0,0.997979797979798,46,100
0.0,0.0,0.0,,0.0,0.04,0,4940,0,10,0.0,0.0,0.997979797979798,46,100
0.0,0.0,0.0,,0.0,0.06,0,4940,0,10,0.0,0.0,0.997979797979798,46,100
0.0,0.0,0.0,,0.0,0.08,0,4940,0,10,0.0,0.0,0.997979797979798,46,100
0.0,0.0,0.0,,0.0,0.1,0,4940,0,10,0.0,0.0,0.997979797979798,46,100
0.0,0.0,0.0,,0.0,0.12,0,4940,0,10,0.0,0.0,0.997979797979798,46,100
0.0,0.0,0.0,,0.0,0.14,0,4940,0,10,0.0,0.0,0.997979797979798,46,100
0.0,0.0,0.0,,0.0,0.16,0,4940,0,10,0.0,0.0,0.997979797979798,46,100
0.0,0.0,0.0,,0.0,0.18,0,4940,0,10,0.0,0.0,0.997979797979798,46,100
0.0,0.0,0.0,,0.0,0.2,0,4940,0,10,0.0,0.0,0.997979797979798,46,100
0.0,0.0,0.0,,0.0,0.22,0,4940,0,10,0.0,0.0,0.997979797979798,46,100
0.0,0.0,0.0,,0.0,0.24,0,4940,0,10,0.0,0.0,0.997979797979798,46,100
0.0,0.0,0.0,,0.0,0.26,0,4940,0,10,0.0,0.0,0.997979797979798,46,100
0.0,0.0,0.0,,0.0,0.28,0,4940,0,10,0.0,0.0,0.997979797979798,46,100
0.0,0.0,0.0,,0.0,0.3,0,4940,0,10,0.0,0.0,0.997979797979798,46,100
0.0,0.0,0.0,,0.0,0.32,0,4940,0,10,0.0,0.0,0.997979797979798,46,100
0.0008097165991902834,0.0,1.0,0.0,0.0,0.34,0,4936,4,10,0.0,0.0008097165991902834,0.9971717171717172,46,100
0.0012145748987854252,0.0,1.0,0.0,0.0,0.36,0,4934,6,10,0.0,0.0012145748987854252,0.9967676767676767,46,100
0.0012145748987854252,0.0,1.0,0.0,0.0,0.38,0,4934,6,10,0.0,0.0012145748987854252,0.9967676767676767,46,100
0.001417004048582996,0.0,1.0,0.0,0.0,0.4,0,4933,7,10,0.0,0.001417004048582996,0.9965656565656565,46,100
0.001417004048582996,0.0,1.0,0.0,0.0,0.42,0,4933,7,10,0.0,0.001417004048582996,0.9965656565656565,46,100
0.001417004048582996,0.0,1.0,0.0,0.0,0.44,0,4933,7,10,0.0,0.001417004048582996,0.9965656565656565,46,100
0.001417004048582996,0.0,1.0,0.0,0.0,0.46,0,4933,7,10,0.0,0.001417004048582996,0.9965656565656565,46,100
0.001417004048582996,0.0,1.0,0.0,0.0,0.48,0,4933,7,10,0.0,0.001417004048582996,0.9965656565656565,46,100
0.001417004048582996,0.0,1.0,0.0,0.0,0.5,0,4933,7,10,0.0,0.001417004048582996,0.9965656565656565,46,100
0.001417004048582996,0.0,1.0,0.0,0.0,0.52,0,4933,7,10,0.0,0.001417004048582996,0.9965656565656565,46,100
0.002834008097165992,0.0,1.0,0.0,0.0,0.54,0,4926,14,10,0.0,0.002834008097165992,0.9951515151515151,46,100
0.002834008097165992,0.0,1.0,0.0,0.0,0.56,0,4926,14,10,0.0,0.002834008097165992,0.9951515151515151,46,100
0.003036437246963563,0.0,1.0,0.0,0.0,0.58,0,4925,15,10,0.0,0.003036437246963563,0.9949494949494949,46,100
0.003036437246963563,0.0,1.0,0.0,0.0,0.6,0,4925,15,10,0.0,0.003036437246963563,0.9949494949494949,46,100
0.003036437246963563,0.0,1.0,0.0,0.0,0.62,0,4925,15,10,0.0,0.003036437246963563,0.9949494949494949,46,100
0.003036437246963563,0.0,1.0,0.0,0.0,0.64,0,4925,15,10,0.0,0.003036437246963563,0.9949494949494949,46,100
0.003036437246963563,0.0,1.0,0.0,0.0,0.66,0,4925,15,10,0.0,0.003036437246963563,0.9949494949494949,46,100
0.004453441295546558,0.0,1.0,0.0,0.0,0.68,0,4918,22,10,0.0,0.004453441295546558,0.9935353535353535,46,100
0.004453441295546558,0.0,1.0,0.0,0.0,0.7,0,4918,22,10,0.0,0.004453441295546558,0.9935353535353535,46,100
0.004453441295546558,0.0,1.0,0.0,0.0,0.72,0,4918,22,10,0.0,0.004453441295546558,0.9935353535353535,46,100
0.00465587044534413,0.0,1.0,0.0,0.0,0.74,0,4917,23,10,0.0,0.00465587044534413,0.9933333333333333,46,100
0.005060728744939271,0.0,1.0,0.0,0.0,0.76,0,4915,25,10,0.0,0.005060728744939271,0.9929292929292929,46,100
0.005060728744939271,0.0,1.0,0.0,0.0,0.78,0,4915,25,10,0.0,0.005060728744939271,0.9929292929292929,46,100
0.007894736842105263,0.0,1.0,0.0,0.0,0.8,0,4901,39,10,0.0,0.007894736842105263,0.9901010101010101,46,100
0.008704453441295546,0.0,1.0,0.0,0.0,0.82,0,4897,43,10,0.0,0.008704453441295546,0.9892929292929293,46,100
0.008704453441295546,0.0,1.0,0.0,0.0,0.84,0,4897,43,10,0.0,0.008704453441295546,0.9892929292929293,46,100
0.008704453441295546,0.0,1.0,0.0,0.0,0.86,0,4897,43,10,0.0,0.008704453441295546,0.9892929292929293,46,100
0.009109311740890687,0.0,1.0,0.0,0.0,0.88,0,4895,45,10,0.0,0.009109311740890687,0.9888888888888889,46,100
0.009109311740890687,0.0,1.0,0.0,0.0,0.9,0,4895,45,10,0.0,0.009109311740890687,0.9888888888888889,46,100
0.009109311740890687,0.0,1.0,0.0,0.0,0.92,0,4895,45,10,0.0,0.009109311740890687,0.9888888888888889,46,100
0.03502024291497976,0.1,0.9942528735632183,0.005747126436781609,0.1,0.94,1,4767,173,9,0.1,0.03502024291497976,0.9632323232323232,46,100
0.03785425101214575,0.1,0.9946808510638298,0.005319148936170213,0.1,0.96,1,4753,187,9,0.1,0.03785425101214575,0.9604040404040404,46,100
0.04068825910931174,0.1,0.995049504950495,0.0049504950495049506,0.1,0.98,1,4739,201,9,0.1,0.04068825910931174,0.9575757575757575,46,100
0.9712550607287449,1.0,0.9979201331114809,0.0020798668885191347,1.0,1.0,10,142,4798,0,1.0,0.9712550607287449,0.030707070707070707,46,100
0.0,0.0,0.0,,0.0,0.02,0,4940,0,10,0.0,0.0,0.997979797979798,47,100
0.0,0.0,0.0,,0.0,0.04,0,4940,0,10,0.0,0.0,0.997979797979798,47,100
0.0,0.0,0.0,,0.0,0.06,0,4940,0,10,0.0,0.0,0.997979797979798,47,100
0.0,0.0,0.0,,0.0,0.08,0,4940,0,10,0.0,0.0,0.997979797979798,47,100
0.0,0.0,0.0,,0.0,0.1,0,4940,0,10,0.0,0.0,0.997979797979798,47,100
0.0,0.0,0.0,,0.0,0.12,0,4940,0,10,0.0,0.0,0.997979797979798,47,100
0.0,0.0,0.0,,0.0,0.14,0,4940,0,10,0.0,0.0,0.997979797979798,47,100
0.0,0.0,0.0,,0.0,0.16,0,4940,0,10,0.0,0.0,0.997979797979798,47,100
0.0,0.0,0.0,,0.0,0.18,0,4940,0,10,0.0,0.0,0.997979797979798,47,100
0.0,0.0,0.0,,0.0,0.2,0,4940,0,10,0.0,0.0,0.997979797979798,47,100
0.0,0.0,0.0,,0.0,0.22,0,4940,0,10,0.0,0.0,0.997979797979798,47,100
0.0,0.0,0.0,,0.0,0.24,0,4940,0,10,0.0,0.0,0.997979797979798,47,100
0.0,0.0,0.0,,0.0,0.26,0,4940,0,10,0.0,0.0,0.997979797979798,47,100
0.0,0.0,0.0,,0.0,0.28,0,4940,0,10,0.0,0.0,0.997979797979798,47,100
0.0,0.0,0.0,,0.0,0.3,0,4940,0,10,0.0,0.0,0.997979797979798,47,100
0.0,0.0,0.0,,0.0,0.32,0,4940,0,10,0.0,0.0,0.997979797979798,47,100
0.0,0.0,0.0,,0.0,0.34,0,4940,0,10,0.0,0.0,0.997979797979798,47,100
0.0,0.0,0.0,,0.0,0.36,0,4940,0,10,0.0,0.0,0.997979797979798,47,100
0.0,0.0,0.0,,0.0,0.38,0,4940,0,10,0.0,0.0,0.997979797979798,47,100
0.0,0.0,0.0,,0.0,0.4,0,4940,0,10,0.0,0.0,0.997979797979798,47,100
0.0,0.0,0.0,,0.0,0.42,0,4940,0,10,0.0,0.0,0.997979797979798,47,100
0.0,0.0,0.0,,0.0,0.44,0,4940,0,10,0.0,0.0,0.997979797979798,47,100
0.0,0.0,0.0,,0.0,0.46,0,4940,0,10,0.0,0.0,0.997979797979798,47,100
0.0,0.0,0.0,,0.0,0.48,0,4940,0,10,0.0,0.0,0.997979797979798,47,100
0.0,0.0,0.0,,0.0,0.5,0,4940,0,10,0.0,0.0,0.997979797979798,47,100
0.0,0.0,0.0,,0.0,0.52,0,4940,0,10,0.0,0.0,0.997979797979798,47,100
0.0,0.0,0.0,,0.0,0.54,0,4940,0,10,0.0,0.0,0.997979797979798,47,100
0.0,0.0,0.0,,0.0,0.56,0,4940,0,10,0.0,0.0,0.997979797979798,47,100
0.0,0.0,0.0,,0.0,0.58,0,4940,0,10,0.0,0.0,0.997979797979798,47,100
0.0,0.0,0.0,,0.0,0.6,0,4940,0,10,0.0,0.0,0.997979797979798,47,100
0.0,0.0,0.0,,0.0,0.62,0,4940,0,10,0.0,0.0,0.997979797979798,47,100
0.0,0.0,0.0,,0.0,0.64,0,4940,0,10,0.0,0.0,0.997979797979798,47,100
0.0,0.0,0.0,,0.0,0.66,0,4940,0,10,0.0,0.0,0.997979797979798,47,100
0.0024291497975708503,0.0,1.0,0.0,0.0,0.68,0,4928,12,10,0.0,0.0024291497975708503,0.9955555555555555,47,100
0.0024291497975708503,0.0,1.0,0.0,0.0,0.7,0,4928,12,10,0.0,0.0024291497975708503,0.9955555555555555,47,100
0.002631578947368421,0.0,1.0,0.0,0.0,0.72,0,4927,13,10,0.0,0.002631578947368421,0.9953535353535353,47,100
0.002631578947368421,0.0,1.0,0.0,0.0,0.74,0,4927,13,10,0.0,0.002631578947368421,0.9953535353535353,47,100
0.002631578947368421,0.0,1.0,0.0,0.0,0.76,0,4927,13,10,0.0,0.002631578947368421,0.9953535353535353,47,100
0.002631578947368421,0.0,1.0,0.0,0.0,0.78,0,4927,13,10,0.0,0.002631578947368421,0.9953535353535353,47,100
0.002631578947368421,0.0,1.0,0.0,0.0,0.8,0,4927,13,10,0.0,0.002631578947368421,0.9953535353535353,47,100
0.002631578947368421,0.0,1.0,0.0,0.0,0.82,0,4927,13,10,0.0,0.002631578947368421,0.9953535353535353,47,100
0.002631578947368421,0.0,1.0,0.0,0.0,0.84,0,4927,13,10,0.0,0.002631578947368421,0.9953535353535353,47,100
0.004048582995951417,0.0,1.0,0.0,0.0,0.86,0,4920,20,10,0.0,0.004048582995951417,0.9939393939393939,47,100
0.004048582995951417,0.0,1.0,0.0,0.0,0.88,0,4920,20,10,0.0,0.004048582995951417,0.9939393939393939,47,100
0.004048582995951417,0.0,1.0,0.0,0.0,0.9,0,4920,20,10,0.0,0.004048582995951417,0.9939393939393939,47,100
0.004251012145748988,0.0,1.0,0.0,0.0,0.92,0,4919,21,10,0.0,0.004251012145748988,0.9937373737373737,47,100
0.004251012145748988,0.0,1.0,0.0,0.0,0.94,0,4919,21,10,0.0,0.004251012145748988,0.9937373737373737,47,100
0.013967611336032389,0.1,0.9857142857142858,0.014285714285714285,0.1,0.96,1,4871,69,9,0.1,0.013967611336032389,0.9842424242424243,47,100
0.020445344129554656,0.1,0.9901960784313726,0.00980392156862745,0.1,0.98,1,4839,101,9,0.1,0.020445344129554656,0.9777777777777777,47,100
0.7419028340080972,0.9,0.997550353837779,0.0024496461622210124,0.9,1.0,9,1275,3665,1,0.9,0.7419028340080972,0.2593939393939394,47,100
0.0,0.0,0.0,,0.0,0.02,0,4940,0,10,0.0,0.0,0.997979797979798,48,100
0.0,0.0,0.0,,0.0,0.04,0,4940,0,10,0.0,0.0,0.997979797979798,48,100
0.0,0.0,0.0,,0.0,0.06,0,4940,0,10,0.0,0.0,0.997979797979798,48,100
0.0,0.0,0.0,,0.0,0.08,0,4940,0,10,0.0,0.0,0.997979797979798,48,100
0.0,0.0,0.0,,0.0,0.1,0,4940,0,10,0.0,0.0,0.997979797979798,48,100
0.0,0.0,0.0,,0.0,0.12,0,4940,0,10,0.0,0.0,0.997979797979798,48,100
0.0,0.0,0.0,,0.0,0.14,0,4940,0,10,0.0,0.0,0.997979797979798,48,100
0.0,0.0,0.0,,0.0,0.16,0,4940,0,10,0.0,0.0,0.997979797979798,48,100
0.0,0.0,0.0,,0.0,0.18,0,4940,0,10,0.0,0.0,0.997979797979798,48,100
0.0,0.0,0.0,,0.0,0.2,0,4940,0,10,0.0,0.0,0.997979797979798,48,100
0.0,0.0,0.0,,0.0,0.22,0,4940,0,10,0.0,0.0,0.997979797979798,48,100
0.0,0.0,0.0,,0.0,0.24,0,4940,0,10,0.0,0.0,0.997979797979798,48,100
0.0,0.0,0.0,,0.0,0.26,0,4940,0,10,0.0,0.0,0.997979797979798,48,100
0.0,0.0,0.0,,0.0,0.28,0,4940,0,10,0.0,0.0,0.997979797979798,48,100
0.0,0.0,0.0,,0.0,0.3,0,4940,0,10,0.0,0.0,0.997979797979798,48,100
0.0,0.0,0.0,,0.0,0.32,0,4940,0,10,0.0,0.0,0.997979797979798,48,100
0.0,0.0,0.0,,0.0,0.34,0,4940,0,10,0.0,0.0,0.997979797979798,48,100
0.0,0.0,0.0,,0.0,0.36,0,4940,0,10,0.0,0.0,0.997979797979798,48,100
0.0,0.0,0.0,,0.0,0.38,0,4940,0,10,0.0,0.0,0.997979797979798,48,100
0.0,0.0,0.0,,0.0,0.4,0,4940,0,10,0.0,0.0,0.997979797979798,48,100
0.0,0.0,0.0,,0.0,0.42,0,4940,0,10,0.0,0.0,0.997979797979798,48,100
0.0,0.0,0.0,,0.0,0.44,0,4940,0,10,0.0,0.0,0.997979797979798,48,100
0.0,0.0,0.0,,0.0,0.46,0,4940,0,10,0.0,0.0,0.997979797979798,48,100
0.0,0.0,0.0,,0.0,0.48,0,4940,0,10,0.0,0.0,0.997979797979798,48,100
0.0,0.0,0.0,,0.0,0.5,0,4940,0,10,0.0,0.0,0.997979797979798,48,100
0.0,0.0,0.0,,0.0,0.52,0,4940,0,10,0.0,0.0,0.997979797979798,48,100
0.0,0.0,0.0,,0.0,0.54,0,4940,0,10,0.0,0.0,0.997979797979798,48,100
0.0,0.0,0.0,,0.0,0.56,0,4940,0,10,0.0,0.0,0.997979797979798,48,100
0.0,0.0,0.0,,0.0,0.58,0,4940,0,10,0.0,0.0,0.997979797979798,48,100
0.0,0.0,0.0,,0.0,0.6,0,4940,0,10,0.0,0.0,0.997979797979798,48,100
0.0,0.0,0.0,,0.0,0.62,0,4940,0,10,0.0,0.0,0.997979797979798,48,100
0.0,0.0,0.0,,0.0,0.64,0,4940,0,10,0.0,0.0,0.997979797979798,48,100
0.0,0.0,0.0,,0.0,0.66,0,4940,0,10,0.0,0.0,0.997979797979798,48,100
0.0,0.0,0.0,,0.0,0.68,0,4940,0,10,0.0,0.0,0.997979797979798,48,100
0.0,0.0,0.0,,0.0,0.7,0,4940,0,10,0.0,0.0,0.997979797979798,48,100
0.0,0.0,0.0,,0.0,0.72,0,4940,0,10,0.0,0.0,0.997979797979798,48,100
0.0,0.0,0.0,,0.0,0.74,0,4940,0,10,0.0,0.0,0.997979797979798,48,100
0.0,0.0,0.0,,0.0,0.76,0,4940,0,10,0.0,0.0,0.997979797979798,48,100
0.0,0.0,0.0,,0.0,0.78,0,4940,0,10,0.0,0.0,0.997979797979798,48,100
0.0,0.0,0.0,,0.0,0.8,0,4940,0,10,0.0,0.0,0.997979797979798,48,100
0.0,0.0,0.0,,0.0,0.82,0,4940,0,10,0.0,0.0,0.997979797979798,48,100
0.01639676113360324,0.1,0.9878048780487805,0.012195121951219513,0.1,0.84,1,4859,81,9,0.1,0.01639676113360324,0.9818181818181818,48,100
0.017611336032388663,0.1,0.9886363636363636,0.011363636363636364,0.1,0.86,1,4853,87,9,0.1,0.017611336032388663,0.9806060606060606,48,100
0.033805668016194335,0.2,0.9881656804733728,0.011834319526627219,0.2,0.88,2,4773,167,8,0.2,0.033805668016194335,0.9646464646464646,48,100
0.03603238866396761,0.2,0.9888888888888889,0.011111111111111112,0.2,0.9,2,4762,178,8,0.2,0.03603238866396761,0.9624242424242424,48,100
0.03603238866396761,0.2,0.9888888888888889,0.011111111111111112,0.2,0.92,2,4762,178,8,0.2,0.03603238866396761,0.9624242424242424,48,100
0.03603238866396761,0.2,0.9888888888888889,0.011111111111111112,0.2,0.94,2,4762,178,8,0.2,0.03603238866396761,0.9624242424242424,48,100
0.04089068825910931,0.2,0.9901960784313726,0.00980392156862745,0.2,0.96,2,4738,202,8,0.2,0.04089068825910931,0.9575757575757575,48,100
0.11295546558704453,0.3,0.9946524064171123,0.0053475935828877,0.3,0.98,3,4382,558,7,0.3,0.11295546558704453,0.8858585858585859,48,100
0.9722672064777328,1.0,0.9979222937876584,0.002077706212341575,1.0,1.0,10,137,4803,0,1.0,0.9722672064777328,0.029696969696969697,48,100
0.0,0.0,0.0,,0.0,0.02,0,4940,0,10,0.0,0.0,0.997979797979798,49,100
0.0,0.0,0.0,,0.0,0.04,0,4940,0,10,0.0,0.0,0.997979797979798,49,100
0.0,0.0,0.0,,0.0,0.06,0,4940,0,10,0.0,0.0,0.997979797979798,49,100
0.0,0.0,0.0,,0.0,0.08,0,4940,0,10,0.0,0.0,0.997979797979798,49,100
0.0,0.0,0.0,,0.0,0.1,0,4940,0,10,0.0,0.0,0.997979797979798,49,100
0.0,0.0,0.0,,0.0,0.12,0,4940,0,10,0.0,0.0,0.997979797979798,49,100
0.0,0.0,0.0,,0.0,0.14,0,4940,0,10,0.0,0.0,0.997979797979798,49,100
0.0,0.0,0.0,,0.0,0.16,0,4940,0,10,0.0,0.0,0.997979797979798,49,100
0.0,0.0,0.0,,0.0,0.18,0,4940,0,10,0.0,0.0,0.997979797979798,49,100
0.0,0.0,0.0,,0.0,0.2,0,4940,0,10,0.0,0.0,0.997979797979798,49,100
0.0,0.0,0.0,,0.0,0.22,0,4940,0,10,0.0,0.0,0.997979797979798,49,100
0.0,0.0,0.0,,0.0,0.24,0,4940,0,10,0.0,0.0,0.997979797979798,49,100
0.0,0.0,0.0,,0.0,0.26,0,4940,0,10,0.0,0.0,0.997979797979798,49,100
0.0,0.0,0.0,,0.0,0.28,0,4940,0,10,0.0,0.0,0.997979797979798,49,100
0.0,0.0,0.0,,0.0,0.3,0,4940,0,10,0.0,0.0,0.997979797979798,49,100
0.0,0.0,0.0,,0.0,0.32,0,4940,0,10,0.0,0.0,0.997979797979798,49,100
0.0,0.0,0.0,,0.0,0.34,0,4940,0,10,0.0,0.0,0.997979797979798,49,100
0.0,0.0,0.0,,0.0,0.36,0,4940,0,10,0.0,0.0,0.997979797979798,49,100
0.0,0.0,0.0,,0.0,0.38,0,4940,0,10,0.0,0.0,0.997979797979798,49,100
0.0,0.0,0.0,,0.0,0.4,0,4940,0,10,0.0,0.0,0.997979797979798,49,100
0.0,0.0,0.0,,0.0,0.42,0,4940,0,10,0.0,0.0,0.997979797979798,49,100
0.0,0.0,0.0,,0.0,0.44,0,4940,0,10,0.0,0.0,0.997979797979798,49,100
0.0,0.0,0.0,,0.0,0.46,0,4940,0,10,0.0,0.0,0.997979797979798,49,100
0.0,0.0,0.0,,0.0,0.48,0,4940,0,10,0.0,0.0,0.997979797979798,49,100
0.0,0.0,0.0,,0.0,0.5,0,4940,0,10,0.0,0.0,0.997979797979798,49,100
0.0,0.0,0.0,,0.0,0.52,0,4940,0,10,0.0,0.0,0.997979797979798,49,100
0.0,0.0,0.0,,0.0,0.54,0,4940,0,10,0.0,0.0,0.997979797979798,49,100
0.002834008097165992,0.0,1.0,0.0,0.0,0.56,0,4926,14,10,0.0,0.002834008097165992,0.9951515151515151,49,100
0.00465587044534413,0.0,1.0,0.0,0.0,0.58,0,4917,23,10,0.0,0.00465587044534413,0.9933333333333333,49,100
0.00465587044534413,0.0,1.0,0.0,0.0,0.6,0,4917,23,10,0.0,0.00465587044534413,0.9933333333333333,49,100
0.004858299595141701,0.0,1.0,0.0,0.0,0.62,0,4916,24,10,0.0,0.004858299595141701,0.9931313131313131,49,100
0.005263157894736842,0.0,1.0,0.0,0.0,0.64,0,4914,26,10,0.0,0.005263157894736842,0.9927272727272727,49,100
0.005263157894736842,0.0,1.0,0.0,0.0,0.66,0,4914,26,10,0.0,0.005263157894736842,0.9927272727272727,49,100
0.005465587044534413,0.1,0.9642857142857143,0.03571428571428571,0.1,0.68,1,4913,27,9,0.1,0.005465587044534413,0.9927272727272727,49,100
0.0066801619433198385,0.1,0.9705882352941176,0.029411764705882353,0.1,0.7,1,4907,33,9,0.1,0.0066801619433198385,0.9915151515151515,49,100
0.0066801619433198385,0.1,0.9705882352941176,0.029411764705882353,0.1,0.72,1,4907,33,9,0.1,0.0066801619433198385,0.9915151515151515,49,100
0.015789473684210527,0.1,0.9873417721518988,0.012658227848101266,0.1,0.74,1,4862,78,9,0.1,0.015789473684210527,0.9824242424242424,49,100
0.01882591093117409,0.1,0.9893617021276596,0.010638297872340425,0.1,0.76,1,4847,93,9,0.1,0.01882591093117409,0.9793939393939394,49,100
0.01882591093117409,0.1,0.9893617021276596,0.010638297872340425,0.1,0.78,1,4847,93,9,0.1,0.01882591093117409,0.9793939393939394,49,100
0.026923076923076925,0.1,0.9925373134328358,0.007462686567164179,0.1,0.8,1,4807,133,9,0.1,0.026923076923076925,0.9713131313131314,49,100
0.026923076923076925,0.1,0.9925373134328358,0.007462686567164179,0.1,0.82,1,4807,133,9,0.1,0.026923076923076925,0.9713131313131314,49,100
0.02834008097165992,0.1,0.9929078014184397,0.0070921985815602835,0.1,0.84,1,4800,140,9,0.1,0.02834008097165992,0.9698989898989899,49,100
0.02834008097165992,0.1,0.9929078014184397,0.0070921985815602835,0.1,0.86,1,4800,140,9,0.1,0.02834008097165992,0.9698989898989899,49,100
0.029959514170040485,0.1,0.9932885906040269,0.006711409395973154,0.1,0.88,1,4792,148,9,0.1,0.029959514170040485,0.9682828282828283,49,100
0.029959514170040485,0.1,0.9932885906040269,0.006711409395973154,0.1,0.9,1,4792,148,9,0.1,0.029959514170040485,0.9682828282828283,49,100
0.03137651821862348,0.1,0.9935897435897436,0.00641025641025641,0.1,0.92,1,4785,155,9,0.1,0.03137651821862348,0.9668686868686869,49,100
0.05809716599190284,0.1,0.9965277777777778,0.003472222222222222,0.1,0.94,1,4653,287,9,0.1,0.05809716599190284,0.9402020202020202,49,100
0.09939271255060729,0.3,0.9939271255060729,0.006072874493927126,0.3,0.96,3,4449,491,7,0.3,0.09939271255060729,0.8993939393939394,49,100
0.12226720647773279,0.3,0.9950576606260296,0.004942339373970346,0.3,0.98,3,4336,604,7,0.3,0.12226720647773279,0.8765656565656565,49,100
0.9722672064777328,0.9,0.9981296758104738,0.0018703241895261845,0.9,1.0,9,137,4803,1,0.9,0.9722672064777328,0.029494949494949494,49,100
