FPR,TPR,FDR,NPrecision,NRecall,alpha,NTP,NTN,NFP,NFN,NTPR,NFPR,NACC,run,dim
0.0,0.0,0.0,,0.0,0.02,0,19890,0,10,0.0,0.0,0.9994974874371859,0,200
0.0,0.0,0.0,,0.0,0.04,0,19890,0,10,0.0,0.0,0.9994974874371859,0,200
0.0,0.0,0.0,,0.0,0.06,0,19890,0,10,0.0,0.0,0.9994974874371859,0,200
0.0,0.0,0.0,,0.0,0.08,0,19890,0,10,0.0,0.0,0.9994974874371859,0,200
0.0,0.0,0.0,,0.0,0.1,0,19890,0,10,0.0,0.0,0.9994974874371859,0,200
0.0,0.0,0.0,,0.0,0.12,0,19890,0,10,0.0,0.0,0.9994974874371859,0,200
0.0,0.0,0.0,,0.0,0.14,0,19890,0,10,0.0,0.0,0.9994974874371859,0,200
0.0,0.0,0.0,,0.0,0.16,0,19890,0,10,0.0,0.0,0.9994974874371859,0,200
0.0,0.0,0.0,,0.0,0.18,0,19890,0,10,0.0,0.0,0.9994974874371859,0,200
0.0,0.0,0.0,,0.0,0.2,0,19890,0,10,0.0,0.0,0.9994974874371859,0,200
0.0,0.0,0.0,,0.0,0.22,0,19890,0,10,0.0,0.0,0.9994974874371859,0,200
0.0,0.0,0.0,,0.0,0.24,0,19890,0,10,0.0,0.0,0.9994974874371859,0,200
0.0,0.0,0.0,,0.0,0.26,0,19890,0,10,0.0,0.0,0.9994974874371859,0,200
5.0276520864756156e-05,0.0,1.0,0.0,0.0,0.28,0,19889,1,10,0.0,5.0276520864756156e-05,0.9994472361809045,0,200
0.00015082956259426848,0.0,1.0,0.0,0.0,0.3,0,19887,3,10,0.0,0.00015082956259426848,0.9993467336683417,0,200
0.00015082956259426848,0.0,1.0,0.0,0.0,0.32,0,19887,3,10,0.0,0.00015082956259426848,0.9993467336683417,0,200
0.00015082956259426848,0.0,1.0,0.0,0.0,0.34,0,19887,3,10,0.0,0.00015082956259426848,0.9993467336683417,0,200
0.00015082956259426848,0.0,1.0,0.0,0.0,0.36,0,19887,3,10,0.0,0.00015082956259426848,0.9993467336683417,0,200
0.00015082956259426848,0.0,1.0,0.0,0.0,0.38,0,19887,3,10,0.0,0.00015082956259426848,0.9993467336683417,0,200
0.00020110608345902463,0.0,1.0,0.0,0.0,0.4,0,19886,4,10,0.0,0.00020110608345902463,0.9992964824120603,0,200
0.00020110608345902463,0.0,1.0,0.0,0.0,0.42,0,19886,4,10,0.0,0.00020110608345902463,0.9992964824120603,0,200
0.00020110608345902463,0.0,1.0,0.0,0.0,0.44,0,19886,4,10,0.0,0.00020110608345902463,0.9992964824120603,0,200
0.00020110608345902463,0.0,1.0,0.0,0.0,0.46,0,19886,4,10,0.0,0.00020110608345902463,0.9992964824120603,0,200
0.00020110608345902463,0.0,1.0,0.0,0.0,0.48,0,19886,4,10,0.0,0.00020110608345902463,0.9992964824120603,0,200
0.00020110608345902463,0.0,1.0,0.0,0.0,0.5,0,19886,4,10,0.0,0.00020110608345902463,0.9992964824120603,0,200
0.00020110608345902463,0.0,1.0,0.0,0.0,0.52,0,19886,4,10,0.0,0.00020110608345902463,0.9992964824120603,0,200
0.00030165912518853697,0.0,1.0,0.0,0.0,0.54,0,19884,6,10,0.0,0.00030165912518853697,0.9991959798994975,0,200
0.0003519356460532931,0.0,1.0,0.0,0.0,0.56,0,19883,7,10,0.0,0.0003519356460532931,0.999145728643216,0,200
0.0003519356460532931,0.0,1.0,0.0,0.0,0.58,0,19883,7,10,0.0,0.0003519356460532931,0.999145728643216,0,200
0.0003519356460532931,0.0,1.0,0.0,0.0,0.6,0,19883,7,10,0.0,0.0003519356460532931,0.999145728643216,0,200
0.0003519356460532931,0.0,1.0,0.0,0.0,0.62,0,19883,7,10,0.0,0.0003519356460532931,0.999145728643216,0,200
0.0003519356460532931,0.0,1.0,0.0,0.0,0.64,0,19883,7,10,0.0,0.0003519356460532931,0.999145728643216,0,200
0.0003519356460532931,0.0,1.0,0.0,0.0,0.66,0,19883,7,10,0.0,0.0003519356460532931,0.999145728643216,0,200
0.0003519356460532931,0.0,1.0,0.0,0.0,0.68,0,19883,7,10,0.0,0.0003519356460532931,0.999145728643216,0,200
0.0005530417295123177,0.0,1.0,0.0,0.0,0.7,0,19879,11,10,0.0,0.0005530417295123177,0.9989447236180905,0,200
0.0014580191050779286,0.0,1.0,0.0,0.0,0.72,0,19861,29,10,0.0,0.0014580191050779286,0.9980402010050251,0,200
0.0014580191050779286,0.0,1.0,0.0,0.0,0.74,0,19861,29,10,0.0,0.0014580191050779286,0.9980402010050251,0,200
0.002212166918049271,0.0,1.0,0.0,0.0,0.76,0,19846,44,10,0.0,0.002212166918049271,0.997286432160804,0,200
0.002212166918049271,0.0,1.0,0.0,0.0,0.78,0,19846,44,10,0.0,0.002212166918049271,0.997286432160804,0,200
0.002212166918049271,0.0,1.0,0.0,0.0,0.8,0,19846,44,10,0.0,0.002212166918049271,0.997286432160804,0,200
0.0023629964806435393,0.0,1.0,0.0,0.0,0.82,0,19843,47,10,0.0,0.0023629964806435393,0.9971356783919598,0,200
0.012317747611865259,0.1,0.9959349593495935,0.0040650406504065045,0.1,0.84,1,19645,245,9,0.1,0.012317747611865259,0.9872361809045226,0,200
0.015334338863750628,0.1,0.9967320261437909,0.0032679738562091504,0.1,0.86,1,19585,305,9,0.1,0.015334338863750628,0.9842211055276382,0,200
0.015334338863750628,0.1,0.9967320261437909,0.0032679738562091504,0.1,0.88,1,19585,305,9,0.1,0.015334338863750628,0.9842211055276382,0,200
0.016540975364504776,0.1,0.996969696969697,0.0030303030303030303,0.1,0.9,1,19561,329,9,0.1,0.016540975364504776,0.9830150753768844,0,200
0.016540975364504776,0.1,0.996969696969697,0.0030303030303030303,0.1,0.92,1,19561,329,9,0.1,0.016540975364504776,0.9830150753768844,0,200
0.022825540472599295,0.1,0.9978021978021978,0.002197802197802198,0.1,0.94,1,19436,454,9,0.1,0.022825540472599295,0.9767336683417085,0,200
0.02790346907993967,0.1,0.9982014388489209,0.0017985611510791368,0.1,0.96,1,19335,555,9,0.1,0.02790346907993967,0.9716582914572864,0,200
0.030819507290095527,0.1,0.998371335504886,0.0016286644951140066,0.1,0.98,1,19277,613,9,0.1,0.030819507290095527,0.9687437185929648,0,200
0.965158371040724,1.0,0.999479356484615,0.0005206435153850159,1.0,1.0,10,693,19197,0,1.0,0.965158371040724,0.035326633165829145,0,200
0.0,0.0,0.0,,0.0,0.02,0,19890,0,10,0.0,0.0,0.9994974874371859,1,200
0.0,0.0,0.0,,0.0,0.04,0,19890,0,10,0.0,0.0,0.9994974874371859,1,200
0.0,0.0,0.0,,0.0,0.06,0,19890,0,10,0.0,0.0,0.9994974874371859,1,200
0.0,0.0,0.0,,0.0,0.08,0,19890,0,10,0.0,0.0,0.9994974874371859,1,200
0.0,0.0,0.0,,0.0,0.1,0,19890,0,10,0.0,0.0,0.9994974874371859,1,200
0.0,0.0,0.0,,0.0,0.12,0,19890,0,10,0.0,0.0,0.9994974874371859,1,200
0.0,0.0,0.0,,0.0,0.14,0,19890,0,10,0.0,0.0,0.9994974874371859,1,200
0.0,0.0,0.0,,0.0,0.16,0,19890,0,10,0.0,0.0,0.9994974874371859,1,200
0.0,0.0,0.0,,0.0,0.18,0,19890,0,10,0.0,0.0,0.9994974874371859,1,200
0.0,0.0,0.0,,0.0,0.2,0,19890,0,10,0.0,0.0,0.9994974874371859,1,200
0.0,0.0,0.0,,0.0,0.22,0,19890,0,10,0.0,0.0,0.9994974874371859,1,200
0.0,0.0,0.0,,0.0,0.24,0,19890,0,10,0.0,0.0,0.9994974874371859,1,200
0.0,0.0,0.0,,0.0,0.26,0,19890,0,10,0.0,0.0,0.9994974874371859,1,200
0.0,0.0,0.0,,0.0,0.28,0,19890,0,10,0.0,0.0,0.9994974874371859,1,200
0.0,0.0,0.0,,0.0,0.3,0,19890,0,10,0.0,0.0,0.9994974874371859,1,200
0.0,0.0,0.0,,0.0,0.32,0,19890,0,10,0.0,0.0,0.9994974874371859,1,200
0.0,0.0,0.0,,0.0,0.34,0,19890,0,10,0.0,0.0,0.9994974874371859,1,200
0.0,0.0,0.0,,0.0,0.36,0,19890,0,10,0.0,0.0,0.9994974874371859,1,200
0.0,0.0,0.0,,0.0,0.38,0,19890,0,10,0.0,0.0,0.9994974874371859,1,200
0.0,0.0,0.0,,0.0,0.4,0,19890,0,10,0.0,0.0,0.9994974874371859,1,200
0.0,0.0,0.0,,0.0,0.42,0,19890,0,10,0.0,0.0,0.9994974874371859,1,200
0.0,0.0,0.0,,0.0,0.44,0,19890,0,10,0.0,0.0,0.9994974874371859,1,200
0.0,0.0,0.0,,0.0,0.46,0,19890,0,10,0.0,0.0,0.9994974874371859,1,200
0.0,0.0,0.0,,0.0,0.48,0,19890,0,10,0.0,0.0,0.9994974874371859,1,200
0.0,0.0,0.0,,0.0,0.5,0,19890,0,10,0.0,0.0,0.9994974874371859,1,200
0.0,0.0,0.0,,0.0,0.52,0,19890,0,10,0.0,0.0,0.9994974874371859,1,200
0.0,0.0,0.0,,0.0,0.54,0,19890,0,10,0.0,0.0,0.9994974874371859,1,200
0.0,0.0,0.0,,0.0,0.56,0,19890,0,10,0.0,0.0,0.9994974874371859,1,200
0.0005530417295123177,0.0,1.0,0.0,0.0,0.58,0,19879,11,10,0.0,0.0005530417295123177,0.9989447236180905,1,200
0.0005530417295123177,0.0,1.0,0.0,0.0,0.6,0,19879,11,10,0.0,0.0005530417295123177,0.9989447236180905,1,200
0.0007038712921065862,0.0,1.0,0.0,0.0,0.62,0,19876,14,10,0.0,0.0007038712921065862,0.9987939698492462,1,200
0.0007038712921065862,0.0,1.0,0.0,0.0,0.64,0,19876,14,10,0.0,0.0007038712921065862,0.9987939698492462,1,200
0.0007038712921065862,0.0,1.0,0.0,0.0,0.66,0,19876,14,10,0.0,0.0007038712921065862,0.9987939698492462,1,200
0.0007541478129713424,0.0,1.0,0.0,0.0,0.68,0,19875,15,10,0.0,0.0007541478129713424,0.9987437185929648,1,200
0.0008547008547008547,0.0,1.0,0.0,0.0,0.7,0,19873,17,10,0.0,0.0008547008547008547,0.998643216080402,1,200
0.0008547008547008547,0.0,1.0,0.0,0.0,0.72,0,19873,17,10,0.0,0.0008547008547008547,0.998643216080402,1,200
0.000955253896430367,0.0,1.0,0.0,0.0,0.74,0,19871,19,10,0.0,0.000955253896430367,0.9985427135678392,1,200
0.001256913021618904,0.0,1.0,0.0,0.0,0.76,0,19865,25,10,0.0,0.001256913021618904,0.9982412060301508,1,200
0.001256913021618904,0.0,1.0,0.0,0.0,0.78,0,19865,25,10,0.0,0.001256913021618904,0.9982412060301508,1,200
0.001256913021618904,0.0,1.0,0.0,0.0,0.8,0,19865,25,10,0.0,0.001256913021618904,0.9982412060301508,1,200
0.0013574660633484162,0.0,1.0,0.0,0.0,0.82,0,19863,27,10,0.0,0.0013574660633484162,0.998140703517588,1,200
0.0013574660633484162,0.0,1.0,0.0,0.0,0.84,0,19863,27,10,0.0,0.0013574660633484162,0.998140703517588,1,200
0.005329311211664153,0.1,0.9906542056074766,0.009345794392523364,0.1,0.86,1,19784,106,9,0.1,0.005329311211664153,0.9942211055276382,1,200
0.006033182503770739,0.1,0.9917355371900827,0.008264462809917356,0.1,0.88,1,19770,120,9,0.1,0.006033182503770739,0.9935175879396985,1,200
0.006636500754147813,0.1,0.9924812030075187,0.007518796992481203,0.1,0.9,1,19758,132,9,0.1,0.006636500754147813,0.9929145728643216,1,200
0.007440925087983911,0.1,0.9932885906040269,0.006711409395973154,0.1,0.92,1,19742,148,9,0.1,0.007440925087983911,0.9921105527638191,1,200
0.008195072900955254,0.1,0.9939024390243902,0.006097560975609756,0.1,0.94,1,19727,163,9,0.1,0.008195072900955254,0.991356783919598,1,200
0.011613876319758673,0.2,0.9914163090128756,0.008583690987124463,0.2,0.96,2,19659,231,8,0.2,0.011613876319758673,0.9879899497487438,1,200
0.011613876319758673,0.2,0.9914163090128756,0.008583690987124463,0.2,0.98,2,19659,231,8,0.2,0.011613876319758673,0.9879899497487438,1,200
0.6446455505279035,0.8,0.9993764614185503,0.0006235385814497272,0.8,1.0,8,7068,12822,2,0.8,0.6446455505279035,0.3555778894472362,1,200
0.0,0.0,0.0,,0.0,0.02,0,19890,0,10,0.0,0.0,0.9994974874371859,2,200
0.0,0.0,0.0,,0.0,0.04,0,19890,0,10,0.0,0.0,0.9994974874371859,2,200
0.0,0.0,0.0,,0.0,0.06,0,19890,0,10,0.0,0.0,0.9994974874371859,2,200
0.0,0.0,0.0,,0.0,0.08,0,19890,0,10,0.0,0.0,0.9994974874371859,2,200
0.0,0.0,0.0,,0.0,0.1,0,19890,0,10,0.0,0.0,0.9994974874371859,2,200
0.0,0.0,0.0,,0.0,0.12,0,19890,0,10,0.0,0.0,0.9994974874371859,2,200
0.0,0.0,0.0,,0.0,0.14,0,19890,0,10,0.0,0.0,0.9994974874371859,2,200
0.0,0.0,0.0,,0.0,0.16,0,19890,0,10,0.0,0.0,0.9994974874371859,2,200
0.0,0.0,0.0,,0.0,0.18,0,19890,0,10,0.0,0.0,0.9994974874371859,2,200
0.0,0.0,0.0,,0.0,0.2,0,19890,0,10,0.0,0.0,0.9994974874371859,2,200
0.0,0.0,0.0,,0.0,0.22,0,19890,0,10,0.0,0.0,0.9994974874371859,2,200
0.0,0.0,0.0,,0.0,0.24,0,19890,0,10,0.0,0.0,0.9994974874371859,2,200
0.0,0.0,0.0,,0.0,0.26,0,19890,0,10,0.0,0.0,0.9994974874371859,2,200
0.0,0.0,0.0,,0.0,0.28,0,19890,0,10,0.0,0.0,0.9994974874371859,2,200
0.0,0.0,0.0,,0.0,0.3,0,19890,0,10,0.0,0.0,0.9994974874371859,2,200
0.0,0.0,0.0,,0.0,0.32,0,19890,0,10,0.0,0.0,0.9994974874371859,2,200
0.0,0.0,0.0,,0.0,0.34,0,19890,0,10,0.0,0.0,0.9994974874371859,2,200
0.0,0.0,0.0,,0.0,0.36,0,19890,0,10,0.0,0.0,0.9994974874371859,2,200
0.0,0.0,0.0,,0.0,0.38,0,19890,0,10,0.0,0.0,0.9994974874371859,2,200
0.0,0.0,0.0,,0.0,0.4,0,19890,0,10,0.0,0.0,0.9994974874371859,2,200
0.0,0.0,0.0,,0.0,0.42,0,19890,0,10,0.0,0.0,0.9994974874371859,2,200
0.0,0.0,0.0,,0.0,0.44,0,19890,0,10,0.0,0.0,0.9994974874371859,2,200
0.0,0.0,0.0,,0.0,0.46,0,19890,0,10,0.0,0.0,0.9994974874371859,2,200
0.0,0.0,0.0,,0.0,0.48,0,19890,0,10,0.0,0.0,0.9994974874371859,2,200
0.0,0.0,0.0,,0.0,0.5,0,19890,0,10,0.0,0.0,0.9994974874371859,2,200
0.0,0.0,0.0,,0.0,0.52,0,19890,0,10,0.0,0.0,0.9994974874371859,2,200
0.0,0.0,0.0,,0.0,0.54,0,19890,0,10,0.0,0.0,0.9994974874371859,2,200
0.0,0.0,0.0,,0.0,0.56,0,19890,0,10,0.0,0.0,0.9994974874371859,2,200
0.0,0.0,0.0,,0.0,0.58,0,19890,0,10,0.0,0.0,0.9994974874371859,2,200
0.0,0.0,0.0,,0.0,0.6,0,19890,0,10,0.0,0.0,0.9994974874371859,2,200
0.0,0.0,0.0,,0.0,0.62,0,19890,0,10,0.0,0.0,0.9994974874371859,2,200
0.0,0.0,0.0,,0.0,0.64,0,19890,0,10,0.0,0.0,0.9994974874371859,2,200
0.0,0.0,0.0,,0.0,0.66,0,19890,0,10,0.0,0.0,0.9994974874371859,2,200
0.0,0.0,0.0,,0.0,0.68,0,19890,0,10,0.0,0.0,0.9994974874371859,2,200
0.0,0.0,0.0,,0.0,0.7,0,19890,0,10,0.0,0.0,0.9994974874371859,2,200
0.0,0.0,0.0,,0.0,0.72,0,19890,0,10,0.0,0.0,0.9994974874371859,2,200
0.0,0.0,0.0,,0.0,0.74,0,19890,0,10,0.0,0.0,0.9994974874371859,2,200
0.0,0.0,0.0,,0.0,0.76,0,19890,0,10,0.0,0.0,0.9994974874371859,2,200
0.0,0.0,0.0,,0.0,0.78,0,19890,0,10,0.0,0.0,0.9994974874371859,2,200
0.0,0.0,0.0,,0.0,0.8,0,19890,0,10,0.0,0.0,0.9994974874371859,2,200
0.0,0.0,0.0,,0.0,0.82,0,19890,0,10,0.0,0.0,0.9994974874371859,2,200
0.0,0.0,0.0,,0.0,0.84,0,19890,0,10,0.0,0.0,0.9994974874371859,2,200
0.0,0.0,0.0,,0.0,0.86,0,19890,0,10,0.0,0.0,0.9994974874371859,2,200
0.0,0.0,0.0,,0.0,0.88,0,19890,0,10,0.0,0.0,0.9994974874371859,2,200
0.0,0.0,0.0,,0.0,0.9,0,19890,0,10,0.0,0.0,0.9994974874371859,2,200
0.0,0.0,0.0,,0.0,0.92,0,19890,0,10,0.0,0.0,0.9994974874371859,2,200
0.005982905982905983,0.0,1.0,0.0,0.0,0.94,0,19771,119,10,0.0,0.005982905982905983,0.9935175879396985,2,200
0.012267471091000503,0.0,1.0,0.0,0.0,0.96,0,19646,244,10,0.0,0.012267471091000503,0.9872361809045226,2,200
0.01895424836601307,0.0,1.0,0.0,0.0,0.98,0,19513,377,10,0.0,0.01895424836601307,0.9805527638190955,2,200
0.5091503267973856,0.7,0.999309255970002,0.0006907440299980265,0.7,1.0,7,9763,10127,3,0.7,0.5091503267973856,0.4909547738693467,2,200
5.0276520864756156e-05,0.0,1.0,0.0,0.0,0.02,0,19889,1,10,0.0,5.0276520864756156e-05,0.9994472361809045,3,200
5.0276520864756156e-05,0.0,1.0,0.0,0.0,0.04,0,19889,1,10,0.0,5.0276520864756156e-05,0.9994472361809045,3,200
5.0276520864756156e-05,0.0,1.0,0.0,0.0,0.06,0,19889,1,10,0.0,5.0276520864756156e-05,0.9994472361809045,3,200
0.00010055304172951231,0.0,1.0,0.0,0.0,0.08,0,19888,2,10,0.0,0.00010055304172951231,0.9993969849246231,3,200
0.00010055304172951231,0.0,1.0,0.0,0.0,0.1,0,19888,2,10,0.0,0.00010055304172951231,0.9993969849246231,3,200
0.00010055304172951231,0.0,1.0,0.0,0.0,0.12,0,19888,2,10,0.0,0.00010055304172951231,0.9993969849246231,3,200
0.00015082956259426848,0.0,1.0,0.0,0.0,0.14,0,19887,3,10,0.0,0.00015082956259426848,0.9993467336683417,3,200
0.00015082956259426848,0.0,1.0,0.0,0.0,0.16,0,19887,3,10,0.0,0.00015082956259426848,0.9993467336683417,3,200
0.00015082956259426848,0.0,1.0,0.0,0.0,0.18,0,19887,3,10,0.0,0.00015082956259426848,0.9993467336683417,3,200
0.00015082956259426848,0.0,1.0,0.0,0.0,0.2,0,19887,3,10,0.0,0.00015082956259426848,0.9993467336683417,3,200
0.00015082956259426848,0.0,1.0,0.0,0.0,0.22,0,19887,3,10,0.0,0.00015082956259426848,0.9993467336683417,3,200
0.00015082956259426848,0.0,1.0,0.0,0.0,0.24,0,19887,3,10,0.0,0.00015082956259426848,0.9993467336683417,3,200
0.00015082956259426848,0.0,1.0,0.0,0.0,0.26,0,19887,3,10,0.0,0.00015082956259426848,0.9993467336683417,3,200
0.00015082956259426848,0.0,1.0,0.0,0.0,0.28,0,19887,3,10,0.0,0.00015082956259426848,0.9993467336683417,3,200
0.00015082956259426848,0.0,1.0,0.0,0.0,0.3,0,19887,3,10,0.0,0.00015082956259426848,0.9993467336683417,3,200
0.00015082956259426848,0.0,1.0,0.0,0.0,0.32,0,19887,3,10,0.0,0.00015082956259426848,0.9993467336683417,3,200
0.00015082956259426848,0.0,1.0,0.0,0.0,0.34,0,19887,3,10,0.0,0.00015082956259426848,0.9993467336683417,3,200
0.00015082956259426848,0.0,1.0,0.0,0.0,0.36,0,19887,3,10,0.0,0.00015082956259426848,0.9993467336683417,3,200
0.00015082956259426848,0.0,1.0,0.0,0.0,0.38,0,19887,3,10,0.0,0.00015082956259426848,0.9993467336683417,3,200
0.00015082956259426848,0.0,1.0,0.0,0.0,0.4,0,19887,3,10,0.0,0.00015082956259426848,0.9993467336683417,3,200
0.0005027652086475615,0.0,1.0,0.0,0.0,0.42,0,19880,10,10,0.0,0.0005027652086475615,0.9989949748743718,3,200
0.0005027652086475615,0.0,1.0,0.0,0.0,0.44,0,19880,10,10,0.0,0.0005027652086475615,0.9989949748743718,3,200
0.001256913021618904,0.1,0.9615384615384616,0.038461538461538464,0.1,0.46,1,19865,25,9,0.1,0.001256913021618904,0.9982914572864322,3,200
0.001256913021618904,0.1,0.9615384615384616,0.038461538461538464,0.1,0.48,1,19865,25,9,0.1,0.001256913021618904,0.9982914572864322,3,200
0.001256913021618904,0.1,0.9615384615384616,0.038461538461538464,0.1,0.5,1,19865,25,9,0.1,0.001256913021618904,0.9982914572864322,3,200
0.001256913021618904,0.1,0.9615384615384616,0.038461538461538464,0.1,0.52,1,19865,25,9,0.1,0.001256913021618904,0.9982914572864322,3,200
0.00130718954248366,0.1,0.9629629629629629,0.037037037037037035,0.1,0.54,1,19864,26,9,0.1,0.00130718954248366,0.9982412060301508,3,200
0.00130718954248366,0.1,0.9629629629629629,0.037037037037037035,0.1,0.56,1,19864,26,9,0.1,0.00130718954248366,0.9982412060301508,3,200
0.00130718954248366,0.1,0.9629629629629629,0.037037037037037035,0.1,0.58,1,19864,26,9,0.1,0.00130718954248366,0.9982412060301508,3,200
0.0013574660633484162,0.1,0.9642857142857143,0.03571428571428571,0.1,0.6,1,19863,27,9,0.1,0.0013574660633484162,0.9981909547738693,3,200
0.0013574660633484162,0.1,0.9642857142857143,0.03571428571428571,0.1,0.62,1,19863,27,9,0.1,0.0013574660633484162,0.9981909547738693,3,200
0.0013574660633484162,0.1,0.9642857142857143,0.03571428571428571,0.1,0.64,1,19863,27,9,0.1,0.0013574660633484162,0.9981909547738693,3,200
0.0017596782302664656,0.1,0.9722222222222222,0.027777777777777776,0.1,0.66,1,19855,35,9,0.1,0.0017596782302664656,0.9977889447236181,3,200
0.0017596782302664656,0.1,0.9722222222222222,0.027777777777777776,0.1,0.68,1,19855,35,9,0.1,0.0017596782302664656,0.9977889447236181,3,200
0.0017596782302664656,0.1,0.9722222222222222,0.027777777777777776,0.1,0.7,1,19855,35,9,0.1,0.0017596782302664656,0.9977889447236181,3,200
0.0026646556058320765,0.1,0.9814814814814815,0.018518518518518517,0.1,0.72,1,19837,53,9,0.1,0.0026646556058320765,0.9968844221105527,3,200
0.0026646556058320765,0.1,0.9814814814814815,0.018518518518518517,0.1,0.74,1,19837,53,9,0.1,0.0026646556058320765,0.9968844221105527,3,200
0.0029160382101558573,0.1,0.9830508474576272,0.01694915254237288,0.1,0.76,1,19832,58,9,0.1,0.0029160382101558573,0.9966331658291457,3,200
0.0029160382101558573,0.1,0.9830508474576272,0.01694915254237288,0.1,0.78,1,19832,58,9,0.1,0.0029160382101558573,0.9966331658291457,3,200
0.0029160382101558573,0.1,0.9830508474576272,0.01694915254237288,0.1,0.8,1,19832,58,9,0.1,0.0029160382101558573,0.9966331658291457,3,200
0.003217697335344394,0.1,0.9846153846153847,0.015384615384615385,0.1,0.82,1,19826,64,9,0.1,0.003217697335344394,0.9963316582914573,3,200
0.003217697335344394,0.1,0.9846153846153847,0.015384615384615385,0.1,0.84,1,19826,64,9,0.1,0.003217697335344394,0.9963316582914573,3,200
0.004876822523881347,0.1,0.9897959183673469,0.01020408163265306,0.1,0.86,1,19793,97,9,0.1,0.004876822523881347,0.9946733668341708,3,200
0.021317244846656612,0.2,0.9953051643192489,0.004694835680751174,0.2,0.88,2,19466,424,8,0.2,0.021317244846656612,0.9782914572864322,3,200
0.023629964806435394,0.3,0.9936575052854123,0.006342494714587738,0.3,0.9,3,19420,470,7,0.3,0.023629964806435394,0.9760301507537689,3,200
0.04746103569632981,0.3,0.996832101372756,0.0031678986272439284,0.3,0.92,3,18946,944,7,0.3,0.04746103569632981,0.952211055276382,3,200
0.05168426344896933,0.3,0.997090203685742,0.002909796314258002,0.3,0.94,3,18862,1028,7,0.3,0.05168426344896933,0.9479899497487437,3,200
0.10417295123177477,0.6,0.9971126082771896,0.0028873917228103944,0.6,0.96,6,17818,2072,4,0.6,0.10417295123177477,0.895678391959799,3,200
0.14866767219708396,0.6,0.9979750253121836,0.0020249746878164025,0.6,0.98,6,16933,2957,4,0.6,0.14866767219708396,0.8512060301507538,3,200
0.9642533936651584,1.0,0.9994788681015165,0.0005211318984835062,1.0,1.0,10,711,19179,0,1.0,0.9642533936651584,0.03623115577889447,3,200
0.0,0.0,0.0,,0.0,0.02,0,19890,0,10,0.0,0.0,0.9994974874371859,4,200
0.0,0.0,0.0,,0.0,0.04,0,19890,0,10,0.0,0.0,0.9994974874371859,4,200
0.0,0.0,0.0,,0.0,0.06,0,19890,0,10,0.0,0.0,0.9994974874371859,4,200
0.0,0.0,0.0,,0.0,0.08,0,19890,0,10,0.0,0.0,0.9994974874371859,4,200
0.0,0.0,0.0,,0.0,0.1,0,19890,0,10,0.0,0.0,0.9994974874371859,4,200
0.0,0.0,0.0,,0.0,0.12,0,19890,0,10,0.0,0.0,0.9994974874371859,4,200
0.0,0.0,0.0,,0.0,0.14,0,19890,0,10,0.0,0.0,0.9994974874371859,4,200
0.0,0.0,0.0,,0.0,0.16,0,19890,0,10,0.0,0.0,0.9994974874371859,4,200
0.0,0.0,0.0,,0.0,0.18,0,19890,0,10,0.0,0.0,0.9994974874371859,4,200
0.0,0.0,0.0,,0.0,0.2,0,19890,0,10,0.0,0.0,0.9994974874371859,4,200
0.0,0.0,0.0,,0.0,0.22,0,19890,0,10,0.0,0.0,0.9994974874371859,4,200
0.0,0.0,0.0,,0.0,0.24,0,19890,0,10,0.0,0.0,0.9994974874371859,4,200
0.0,0.0,0.0,,0.0,0.26,0,19890,0,10,0.0,0.0,0.9994974874371859,4,200
0.0,0.0,0.0,,0.0,0.28,0,19890,0,10,0.0,0.0,0.9994974874371859,4,200
0.0,0.0,0.0,,0.0,0.3,0,19890,0,10,0.0,0.0,0.9994974874371859,4,200
0.0,0.0,0.0,,0.0,0.32,0,19890,0,10,0.0,0.0,0.9994974874371859,4,200
0.0,0.0,0.0,,0.0,0.34,0,19890,0,10,0.0,0.0,0.9994974874371859,4,200
0.0,0.0,0.0,,0.0,0.36,0,19890,0,10,0.0,0.0,0.9994974874371859,4,200
0.0,0.0,0.0,,0.0,0.38,0,19890,0,10,0.0,0.0,0.9994974874371859,4,200
0.0,0.0,0.0,,0.0,0.4,0,19890,0,10,0.0,0.0,0.9994974874371859,4,200
0.0,0.0,0.0,,0.0,0.42,0,19890,0,10,0.0,0.0,0.9994974874371859,4,200
0.0,0.0,0.0,,0.0,0.44,0,19890,0,10,0.0,0.0,0.9994974874371859,4,200
5.0276520864756156e-05,0.0,1.0,0.0,0.0,0.46,0,19889,1,10,0.0,5.0276520864756156e-05,0.9994472361809045,4,200
0.00030165912518853697,0.0,1.0,0.0,0.0,0.48,0,19884,6,10,0.0,0.00030165912518853697,0.9991959798994975,4,200
0.0003519356460532931,0.0,1.0,0.0,0.0,0.5,0,19883,7,10,0.0,0.0003519356460532931,0.999145728643216,4,200
0.0003519356460532931,0.0,1.0,0.0,0.0,0.52,0,19883,7,10,0.0,0.0003519356460532931,0.999145728643216,4,200
0.0003519356460532931,0.0,1.0,0.0,0.0,0.54,0,19883,7,10,0.0,0.0003519356460532931,0.999145728643216,4,200
0.0003519356460532931,0.0,1.0,0.0,0.0,0.56,0,19883,7,10,0.0,0.0003519356460532931,0.999145728643216,4,200
0.0003519356460532931,0.0,1.0,0.0,0.0,0.58,0,19883,7,10,0.0,0.0003519356460532931,0.999145728643216,4,200
0.0003519356460532931,0.0,1.0,0.0,0.0,0.6,0,19883,7,10,0.0,0.0003519356460532931,0.999145728643216,4,200
0.0005530417295123177,0.0,1.0,0.0,0.0,0.62,0,19879,11,10,0.0,0.0005530417295123177,0.9989447236180905,4,200
0.0005530417295123177,0.0,1.0,0.0,0.0,0.64,0,19879,11,10,0.0,0.0005530417295123177,0.9989447236180905,4,200
0.0005530417295123177,0.0,1.0,0.0,0.0,0.66,0,19879,11,10,0.0,0.0005530417295123177,0.9989447236180905,4,200
0.0006033182503770739,0.0,1.0,0.0,0.0,0.68,0,19878,12,10,0.0,0.0006033182503770739,0.9988944723618091,4,200
0.0006033182503770739,0.0,1.0,0.0,0.0,0.7,0,19878,12,10,0.0,0.0006033182503770739,0.9988944723618091,4,200
0.0006033182503770739,0.0,1.0,0.0,0.0,0.72,0,19878,12,10,0.0,0.0006033182503770739,0.9988944723618091,4,200
0.0007541478129713424,0.0,1.0,0.0,0.0,0.74,0,19875,15,10,0.0,0.0007541478129713424,0.9987437185929648,4,200
0.0008547008547008547,0.0,1.0,0.0,0.0,0.76,0,19873,17,10,0.0,0.0008547008547008547,0.998643216080402,4,200
0.0013574660633484162,0.0,1.0,0.0,0.0,0.78,0,19863,27,10,0.0,0.0013574660633484162,0.998140703517588,4,200
0.0013574660633484162,0.0,1.0,0.0,0.0,0.8,0,19863,27,10,0.0,0.0013574660633484162,0.998140703517588,4,200
0.0026646556058320765,0.0,1.0,0.0,0.0,0.82,0,19837,53,10,0.0,0.0026646556058320765,0.9968341708542714,4,200
0.0030668677727501256,0.0,1.0,0.0,0.0,0.84,0,19829,61,10,0.0,0.0030668677727501256,0.9964321608040201,4,200
0.0030668677727501256,0.0,1.0,0.0,0.0,0.86,0,19829,61,10,0.0,0.0030668677727501256,0.9964321608040201,4,200
0.0033182503770739064,0.0,1.0,0.0,0.0,0.88,0,19824,66,10,0.0,0.0033182503770739064,0.9961809045226131,4,200
0.0033182503770739064,0.0,1.0,0.0,0.0,0.9,0,19824,66,10,0.0,0.0033182503770739064,0.9961809045226131,4,200
0.00628456510809452,0.0,1.0,0.0,0.0,0.92,0,19765,125,10,0.0,0.00628456510809452,0.99321608040201,4,200
0.045449974861739566,0.2,0.9977924944812362,0.002207505518763797,0.2,0.94,2,18986,904,8,0.2,0.045449974861739566,0.9541708542713568,4,200
0.0604323780794369,0.2,0.9983388704318937,0.0016611295681063123,0.2,0.96,2,18688,1202,8,0.2,0.0604323780794369,0.9391959798994974,4,200
0.09462041226747109,0.2,0.9989384288747346,0.0010615711252653928,0.2,0.98,2,18008,1882,8,0.2,0.09462041226747109,0.9050251256281407,4,200
0.6983911513323278,0.8,0.9994244190229513,0.0005755809770487086,0.8,1.0,8,5999,13891,2,0.8,0.6983911513323278,0.30185929648241205,4,200
0.0,0.0,0.0,,0.0,0.02,0,19890,0,10,0.0,0.0,0.9994974874371859,5,200
0.0,0.0,0.0,,0.0,0.04,0,19890,0,10,0.0,0.0,0.9994974874371859,5,200
0.0,0.0,0.0,,0.0,0.06,0,19890,0,10,0.0,0.0,0.9994974874371859,5,200
0.0,0.0,0.0,,0.0,0.08,0,19890,0,10,0.0,0.0,0.9994974874371859,5,200
0.0,0.0,0.0,,0.0,0.1,0,19890,0,10,0.0,0.0,0.9994974874371859,5,200
0.0,0.0,0.0,,0.0,0.12,0,19890,0,10,0.0,0.0,0.9994974874371859,5,200
0.0,0.0,0.0,,0.0,0.14,0,19890,0,10,0.0,0.0,0.9994974874371859,5,200
0.0,0.0,0.0,,0.0,0.16,0,19890,0,10,0.0,0.0,0.9994974874371859,5,200
0.0,0.0,0.0,,0.0,0.18,0,19890,0,10,0.0,0.0,0.9994974874371859,5,200
0.00010055304172951231,0.0,1.0,0.0,0.0,0.2,0,19888,2,10,0.0,0.00010055304172951231,0.9993969849246231,5,200
0.00010055304172951231,0.0,1.0,0.0,0.0,0.22,0,19888,2,10,0.0,0.00010055304172951231,0.9993969849246231,5,200
0.00015082956259426848,0.0,1.0,0.0,0.0,0.24,0,19887,3,10,0.0,0.00015082956259426848,0.9993467336683417,5,200
0.00015082956259426848,0.0,1.0,0.0,0.0,0.26,0,19887,3,10,0.0,0.00015082956259426848,0.9993467336683417,5,200
0.00015082956259426848,0.0,1.0,0.0,0.0,0.28,0,19887,3,10,0.0,0.00015082956259426848,0.9993467336683417,5,200
0.00015082956259426848,0.0,1.0,0.0,0.0,0.3,0,19887,3,10,0.0,0.00015082956259426848,0.9993467336683417,5,200
0.00020110608345902463,0.0,1.0,0.0,0.0,0.32,0,19886,4,10,0.0,0.00020110608345902463,0.9992964824120603,5,200
0.00020110608345902463,0.0,1.0,0.0,0.0,0.34,0,19886,4,10,0.0,0.00020110608345902463,0.9992964824120603,5,200
0.00030165912518853697,0.0,1.0,0.0,0.0,0.36,0,19884,6,10,0.0,0.00030165912518853697,0.9991959798994975,5,200
0.00030165912518853697,0.0,1.0,0.0,0.0,0.38,0,19884,6,10,0.0,0.00030165912518853697,0.9991959798994975,5,200
0.00030165912518853697,0.0,1.0,0.0,0.0,0.4,0,19884,6,10,0.0,0.00030165912518853697,0.9991959798994975,5,200
0.00030165912518853697,0.0,1.0,0.0,0.0,0.42,0,19884,6,10,0.0,0.00030165912518853697,0.9991959798994975,5,200
0.00030165912518853697,0.0,1.0,0.0,0.0,0.44,0,19884,6,10,0.0,0.00030165912518853697,0.9991959798994975,5,200
0.00030165912518853697,0.0,1.0,0.0,0.0,0.46,0,19884,6,10,0.0,0.00030165912518853697,0.9991959798994975,5,200
0.00030165912518853697,0.0,1.0,0.0,0.0,0.48,0,19884,6,10,0.0,0.00030165912518853697,0.9991959798994975,5,200
0.00030165912518853697,0.0,1.0,0.0,0.0,0.5,0,19884,6,10,0.0,0.00030165912518853697,0.9991959798994975,5,200
0.00030165912518853697,0.0,1.0,0.0,0.0,0.52,0,19884,6,10,0.0,0.00030165912518853697,0.9991959798994975,5,200
0.00040221216691804925,0.0,1.0,0.0,0.0,0.54,0,19882,8,10,0.0,0.00040221216691804925,0.9990954773869347,5,200
0.00040221216691804925,0.0,1.0,0.0,0.0,0.56,0,19882,8,10,0.0,0.00040221216691804925,0.9990954773869347,5,200
0.00040221216691804925,0.0,1.0,0.0,0.0,0.58,0,19882,8,10,0.0,0.00040221216691804925,0.9990954773869347,5,200
0.00040221216691804925,0.0,1.0,0.0,0.0,0.6,0,19882,8,10,0.0,0.00040221216691804925,0.9990954773869347,5,200
0.0005027652086475615,0.0,1.0,0.0,0.0,0.62,0,19880,10,10,0.0,0.0005027652086475615,0.9989949748743718,5,200
0.0005027652086475615,0.0,1.0,0.0,0.0,0.64,0,19880,10,10,0.0,0.0005027652086475615,0.9989949748743718,5,200
0.0005027652086475615,0.0,1.0,0.0,0.0,0.66,0,19880,10,10,0.0,0.0005027652086475615,0.9989949748743718,5,200
0.0005027652086475615,0.0,1.0,0.0,0.0,0.68,0,19880,10,10,0.0,0.0005027652086475615,0.9989949748743718,5,200
0.0005027652086475615,0.0,1.0,0.0,0.0,0.7,0,19880,10,10,0.0,0.0005027652086475615,0.9989949748743718,5,200
0.0005027652086475615,0.0,1.0,0.0,0.0,0.72,0,19880,10,10,0.0,0.0005027652086475615,0.9989949748743718,5,200
0.0005027652086475615,0.0,1.0,0.0,0.0,0.74,0,19880,10,10,0.0,0.0005027652086475615,0.9989949748743718,5,200
0.0005027652086475615,0.0,1.0,0.0,0.0,0.76,0,19880,10,10,0.0,0.0005027652086475615,0.9989949748743718,5,200
0.0005530417295123177,0.0,1.0,0.0,0.0,0.78,0,19879,11,10,0.0,0.0005530417295123177,0.9989447236180905,5,200
0.0005530417295123177,0.0,1.0,0.0,0.0,0.8,0,19879,11,10,0.0,0.0005530417295123177,0.9989447236180905,5,200
0.0005530417295123177,0.0,1.0,0.0,0.0,0.82,0,19879,11,10,0.0,0.0005530417295123177,0.9989447236180905,5,200
0.0006033182503770739,0.0,1.0,0.0,0.0,0.84,0,19878,12,10,0.0,0.0006033182503770739,0.9988944723618091,5,200
0.0006033182503770739,0.0,1.0,0.0,0.0,0.86,0,19878,12,10,0.0,0.0006033182503770739,0.9988944723618091,5,200
0.0006033182503770739,0.0,1.0,0.0,0.0,0.88,0,19878,12,10,0.0,0.0006033182503770739,0.9988944723618091,5,200
0.00196078431372549,0.0,1.0,0.0,0.0,0.9,0,19851,39,10,0.0,0.00196078431372549,0.997537688442211,5,200
0.005178481649069884,0.0,1.0,0.0,0.0,0.92,0,19787,103,10,0.0,0.005178481649069884,0.994321608040201,5,200
0.005178481649069884,0.0,1.0,0.0,0.0,0.94,0,19787,103,10,0.0,0.005178481649069884,0.994321608040201,5,200
0.017747611865258923,0.1,0.9971751412429378,0.002824858757062147,0.1,0.96,1,19537,353,9,0.1,0.017747611865258923,0.9818090452261307,5,200
0.01975867269984917,0.1,0.9974619289340102,0.0025380710659898475,0.1,0.98,1,19497,393,9,0.1,0.01975867269984917,0.9797989949748743,5,200
0.8968325791855204,1.0,0.9994397131331242,0.0005602868668758404,1.0,1.0,10,2052,17838,0,1.0,0.8968325791855204,0.10361809045226131,5,200
0.0,0.0,0.0,,0.0,0.02,0,19890,0,10,0.0,0.0,0.9994974874371859,6,200
0.0,0.0,0.0,,0.0,0.04,0,19890,0,10,0.0,0.0,0.9994974874371859,6,200
0.0,0.0,0.0,,0.0,0.06,0,19890,0,10,0.0,0.0,0.9994974874371859,6,200
0.0,0.0,0.0,,0.0,0.08,0,19890,0,10,0.0,0.0,0.9994974874371859,6,200
0.0,0.0,0.0,,0.0,0.1,0,19890,0,10,0.0,0.0,0.9994974874371859,6,200
0.0,0.0,0.0,,0.0,0.12,0,19890,0,10,0.0,0.0,0.9994974874371859,6,200
0.0,0.0,0.0,,0.0,0.14,0,19890,0,10,0.0,0.0,0.9994974874371859,6,200
0.0,0.0,0.0,,0.0,0.16,0,19890,0,10,0.0,0.0,0.9994974874371859,6,200
0.0,0.0,0.0,,0.0,0.18,0,19890,0,10,0.0,0.0,0.9994974874371859,6,200
0.0,0.0,0.0,,0.0,0.2,0,19890,0,10,0.0,0.0,0.9994974874371859,6,200
0.0,0.0,0.0,,0.0,0.22,0,19890,0,10,0.0,0.0,0.9994974874371859,6,200
0.0,0.0,0.0,,0.0,0.24,0,19890,0,10,0.0,0.0,0.9994974874371859,6,200
0.0,0.0,0.0,,0.0,0.26,0,19890,0,10,0.0,0.0,0.9994974874371859,6,200
0.0,0.0,0.0,,0.0,0.28,0,19890,0,10,0.0,0.0,0.9994974874371859,6,200
0.0,0.0,0.0,,0.0,0.3,0,19890,0,10,0.0,0.0,0.9994974874371859,6,200
0.0,0.0,0.0,,0.0,0.32,0,19890,0,10,0.0,0.0,0.9994974874371859,6,200
0.0,0.0,0.0,,0.0,0.34,0,19890,0,10,0.0,0.0,0.9994974874371859,6,200
0.00015082956259426848,0.0,1.0,0.0,0.0,0.36,0,19887,3,10,0.0,0.00015082956259426848,0.9993467336683417,6,200
0.00015082956259426848,0.0,1.0,0.0,0.0,0.38,0,19887,3,10,0.0,0.00015082956259426848,0.9993467336683417,6,200
0.00015082956259426848,0.0,1.0,0.0,0.0,0.4,0,19887,3,10,0.0,0.00015082956259426848,0.9993467336683417,6,200
0.00015082956259426848,0.0,1.0,0.0,0.0,0.42,0,19887,3,10,0.0,0.00015082956259426848,0.9993467336683417,6,200
0.00015082956259426848,0.0,1.0,0.0,0.0,0.44,0,19887,3,10,0.0,0.00015082956259426848,0.9993467336683417,6,200
0.00015082956259426848,0.0,1.0,0.0,0.0,0.46,0,19887,3,10,0.0,0.00015082956259426848,0.9993467336683417,6,200
0.00015082956259426848,0.0,1.0,0.0,0.0,0.48,0,19887,3,10,0.0,0.00015082956259426848,0.9993467336683417,6,200
0.00015082956259426848,0.0,1.0,0.0,0.0,0.5,0,19887,3,10,0.0,0.00015082956259426848,0.9993467336683417,6,200
0.0005027652086475615,0.0,1.0,0.0,0.0,0.52,0,19880,10,10,0.0,0.0005027652086475615,0.9989949748743718,6,200
0.0005027652086475615,0.0,1.0,0.0,0.0,0.54,0,19880,10,10,0.0,0.0005027652086475615,0.9989949748743718,6,200
0.0005530417295123177,0.0,1.0,0.0,0.0,0.56,0,19879,11,10,0.0,0.0005530417295123177,0.9989447236180905,6,200
0.0005530417295123177,0.0,1.0,0.0,0.0,0.58,0,19879,11,10,0.0,0.0005530417295123177,0.9989447236180905,6,200
0.0005530417295123177,0.0,1.0,0.0,0.0,0.6,0,19879,11,10,0.0,0.0005530417295123177,0.9989447236180905,6,200
0.0005530417295123177,0.0,1.0,0.0,0.0,0.62,0,19879,11,10,0.0,0.0005530417295123177,0.9989447236180905,6,200
0.0005530417295123177,0.0,1.0,0.0,0.0,0.64,0,19879,11,10,0.0,0.0005530417295123177,0.9989447236180905,6,200
0.0005530417295123177,0.0,1.0,0.0,0.0,0.66,0,19879,11,10,0.0,0.0005530417295123177,0.9989447236180905,6,200
0.0005530417295123177,0.0,1.0,0.0,0.0,0.68,0,19879,11,10,0.0,0.0005530417295123177,0.9989447236180905,6,200
0.0011563599798893917,0.0,1.0,0.0,0.0,0.7,0,19867,23,10,0.0,0.0011563599798893917,0.9983417085427135,6,200
0.0011563599798893917,0.0,1.0,0.0,0.0,0.72,0,19867,23,10,0.0,0.0011563599798893917,0.9983417085427135,6,200
0.0011563599798893917,0.0,1.0,0.0,0.0,0.74,0,19867,23,10,0.0,0.0011563599798893917,0.9983417085427135,6,200
0.0011563599798893917,0.0,1.0,0.0,0.0,0.76,0,19867,23,10,0.0,0.0011563599798893917,0.9983417085427135,6,200
0.0011563599798893917,0.0,1.0,0.0,0.0,0.78,0,19867,23,10,0.0,0.0011563599798893917,0.9983417085427135,6,200
0.0011563599798893917,0.0,1.0,0.0,0.0,0.8,0,19867,23,10,0.0,0.0011563599798893917,0.9983417085427135,6,200
0.0011563599798893917,0.0,1.0,0.0,0.0,0.82,0,19867,23,10,0.0,0.0011563599798893917,0.9983417085427135,6,200
0.0011563599798893917,0.0,1.0,0.0,0.0,0.84,0,19867,23,10,0.0,0.0011563599798893917,0.9983417085427135,6,200
0.008697838109602816,0.0,1.0,0.0,0.0,0.86,0,19717,173,10,0.0,0.008697838109602816,0.9908040201005025,6,200
0.008697838109602816,0.0,1.0,0.0,0.0,0.88,0,19717,173,10,0.0,0.008697838109602816,0.9908040201005025,6,200
0.019406737053795878,0.0,1.0,0.0,0.0,0.9,0,19504,386,10,0.0,0.019406737053795878,0.9801005025125629,6,200
0.03675213675213675,0.0,1.0,0.0,0.0,0.92,0,19159,731,10,0.0,0.03675213675213675,0.9627638190954774,6,200
0.040271493212669686,0.0,1.0,0.0,0.0,0.94,0,19089,801,10,0.0,0.040271493212669686,0.9592462311557789,6,200
0.044092508798391154,0.0,1.0,0.0,0.0,0.96,0,19013,877,10,0.0,0.044092508798391154,0.955427135678392,6,200
0.19240824534942183,0.3,0.9992167101827676,0.000783289817232376,0.3,0.98,3,16063,3827,7,0.3,0.19240824534942183,0.8073366834170854,6,200
0.9324283559577677,1.0,0.9994610907523173,0.0005389092476826903,1.0,1.0,10,1344,18546,0,1.0,0.9324283559577677,0.06804020100502513,6,200
0.0,0.0,0.0,,0.0,0.02,0,19890,0,10,0.0,0.0,0.9994974874371859,7,200
0.0,0.0,0.0,,0.0,0.04,0,19890,0,10,0.0,0.0,0.9994974874371859,7,200
0.0,0.0,0.0,,0.0,0.06,0,19890,0,10,0.0,0.0,0.9994974874371859,7,200
0.0,0.0,0.0,,0.0,0.08,0,19890,0,10,0.0,0.0,0.9994974874371859,7,200
0.0,0.0,0.0,,0.0,0.1,0,19890,0,10,0.0,0.0,0.9994974874371859,7,200
0.0,0.0,0.0,,0.0,0.12,0,19890,0,10,0.0,0.0,0.9994974874371859,7,200
0.0,0.0,0.0,,0.0,0.14,0,19890,0,10,0.0,0.0,0.9994974874371859,7,200
0.0,0.0,0.0,,0.0,0.16,0,19890,0,10,0.0,0.0,0.9994974874371859,7,200
0.0,0.0,0.0,,0.0,0.18,0,19890,0,10,0.0,0.0,0.9994974874371859,7,200
0.0,0.0,0.0,,0.0,0.2,0,19890,0,10,0.0,0.0,0.9994974874371859,7,200
0.0,0.0,0.0,,0.0,0.22,0,19890,0,10,0.0,0.0,0.9994974874371859,7,200
0.0,0.0,0.0,,0.0,0.24,0,19890,0,10,0.0,0.0,0.9994974874371859,7,200
0.0,0.0,0.0,,0.0,0.26,0,19890,0,10,0.0,0.0,0.9994974874371859,7,200
0.0,0.0,0.0,,0.0,0.28,0,19890,0,10,0.0,0.0,0.9994974874371859,7,200
0.0,0.0,0.0,,0.0,0.3,0,19890,0,10,0.0,0.0,0.9994974874371859,7,200
0.0,0.0,0.0,,0.0,0.32,0,19890,0,10,0.0,0.0,0.9994974874371859,7,200
0.0,0.0,0.0,,0.0,0.34,0,19890,0,10,0.0,0.0,0.9994974874371859,7,200
0.0,0.0,0.0,,0.0,0.36,0,19890,0,10,0.0,0.0,0.9994974874371859,7,200
0.0,0.0,0.0,,0.0,0.38,0,19890,0,10,0.0,0.0,0.9994974874371859,7,200
0.0,0.0,0.0,,0.0,0.4,0,19890,0,10,0.0,0.0,0.9994974874371859,7,200
0.0,0.0,0.0,,0.0,0.42,0,19890,0,10,0.0,0.0,0.9994974874371859,7,200
0.0,0.0,0.0,,0.0,0.44,0,19890,0,10,0.0,0.0,0.9994974874371859,7,200
5.0276520864756156e-05,0.0,1.0,0.0,0.0,0.46,0,19889,1,10,0.0,5.0276520864756156e-05,0.9994472361809045,7,200
5.0276520864756156e-05,0.0,1.0,0.0,0.0,0.48,0,19889,1,10,0.0,5.0276520864756156e-05,0.9994472361809045,7,200
0.00045248868778280545,0.1,0.9,0.1,0.1,0.5,1,19881,9,9,0.1,0.00045248868778280545,0.9990954773869347,7,200
0.00045248868778280545,0.1,0.9,0.1,0.1,0.52,1,19881,9,9,0.1,0.00045248868778280545,0.9990954773869347,7,200
0.00045248868778280545,0.1,0.9,0.1,0.1,0.54,1,19881,9,9,0.1,0.00045248868778280545,0.9990954773869347,7,200
0.00045248868778280545,0.1,0.9,0.1,0.1,0.56,1,19881,9,9,0.1,0.00045248868778280545,0.9990954773869347,7,200
0.00045248868778280545,0.1,0.9,0.1,0.1,0.58,1,19881,9,9,0.1,0.00045248868778280545,0.9990954773869347,7,200
0.00045248868778280545,0.1,0.9,0.1,0.1,0.6,1,19881,9,9,0.1,0.00045248868778280545,0.9990954773869347,7,200
0.0005027652086475615,0.1,0.9090909090909091,0.09090909090909091,0.1,0.62,1,19880,10,9,0.1,0.0005027652086475615,0.9990452261306533,7,200
0.0005027652086475615,0.1,0.9090909090909091,0.09090909090909091,0.1,0.64,1,19880,10,9,0.1,0.0005027652086475615,0.9990452261306533,7,200
0.0008044243338360985,0.1,0.9411764705882353,0.058823529411764705,0.1,0.66,1,19874,16,9,0.1,0.0008044243338360985,0.9987437185929648,7,200
0.0008044243338360985,0.1,0.9411764705882353,0.058823529411764705,0.1,0.68,1,19874,16,9,0.1,0.0008044243338360985,0.9987437185929648,7,200
0.0010558069381598793,0.1,0.9545454545454546,0.045454545454545456,0.1,0.7,1,19869,21,9,0.1,0.0010558069381598793,0.9984924623115577,7,200
0.0010558069381598793,0.1,0.9545454545454546,0.045454545454545456,0.1,0.72,1,19869,21,9,0.1,0.0010558069381598793,0.9984924623115577,7,200
0.0011563599798893917,0.1,0.9583333333333334,0.041666666666666664,0.1,0.74,1,19867,23,9,0.1,0.0011563599798893917,0.998391959798995,7,200
0.0011563599798893917,0.1,0.9583333333333334,0.041666666666666664,0.1,0.76,1,19867,23,9,0.1,0.0011563599798893917,0.998391959798995,7,200
0.0011563599798893917,0.1,0.9583333333333334,0.041666666666666664,0.1,0.78,1,19867,23,9,0.1,0.0011563599798893917,0.998391959798995,7,200
0.0011563599798893917,0.1,0.9583333333333334,0.041666666666666664,0.1,0.8,1,19867,23,9,0.1,0.0011563599798893917,0.998391959798995,7,200
0.0011563599798893917,0.1,0.9583333333333334,0.041666666666666664,0.1,0.82,1,19867,23,9,0.1,0.0011563599798893917,0.998391959798995,7,200
0.014881850175967822,0.1,0.9966329966329966,0.003367003367003367,0.1,0.84,1,19594,296,9,0.1,0.014881850175967822,0.9846733668341708,7,200
0.018501759678230267,0.1,0.997289972899729,0.0027100271002710027,0.1,0.86,1,19522,368,9,0.1,0.018501759678230267,0.9810552763819096,7,200
0.022724987430869783,0.1,0.9977924944812362,0.002207505518763797,0.1,0.88,1,19438,452,9,0.1,0.022724987430869783,0.9768341708542714,7,200
0.022724987430869783,0.1,0.9977924944812362,0.002207505518763797,0.1,0.9,1,19438,452,9,0.1,0.022724987430869783,0.9768341708542714,7,200
0.027300150829562594,0.1,0.9981617647058824,0.001838235294117647,0.1,0.92,1,19347,543,9,0.1,0.027300150829562594,0.9722613065326633,7,200
0.06168929110105581,0.3,0.9975609756097561,0.0024390243902439024,0.3,0.94,3,18663,1227,7,0.3,0.06168929110105581,0.9379899497487437,7,200
0.08124685771744596,0.3,0.9981470043236566,0.0018529956763434219,0.3,0.96,3,18274,1616,7,0.3,0.08124685771744596,0.9184422110552763,7,200
0.11312217194570136,0.4,0.9982253771073647,0.001774622892635315,0.4,0.98,4,17640,2250,6,0.4,0.11312217194570136,0.8866331658291458,7,200
0.9666163901458019,1.0,0.9994801414015387,0.0005198585984612185,1.0,1.0,10,664,19226,0,1.0,0.9666163901458019,0.03386934673366834,7,200
0.0,0.0,0.0,,0.0,0.02,0,19890,0,10,0.0,0.0,0.9994974874371859,8,200
0.0,0.0,0.0,,0.0,0.04,0,19890,0,10,0.0,0.0,0.9994974874371859,8,200
0.0,0.0,0.0,,0.0,0.06,0,19890,0,10,0.0,0.0,0.9994974874371859,8,200
0.0,0.0,0.0,,0.0,0.08,0,19890,0,10,0.0,0.0,0.9994974874371859,8,200
0.0,0.0,0.0,,0.0,0.1,0,19890,0,10,0.0,0.0,0.9994974874371859,8,200
0.0,0.0,0.0,,0.0,0.12,0,19890,0,10,0.0,0.0,0.9994974874371859,8,200
0.0,0.0,0.0,,0.0,0.14,0,19890,0,10,0.0,0.0,0.9994974874371859,8,200
0.0,0.0,0.0,,0.0,0.16,0,19890,0,10,0.0,0.0,0.9994974874371859,8,200
0.0,0.0,0.0,,0.0,0.18,0,19890,0,10,0.0,0.0,0.9994974874371859,8,200
0.0,0.0,0.0,,0.0,0.2,0,19890,0,10,0.0,0.0,0.9994974874371859,8,200
0.0,0.0,0.0,,0.0,0.22,0,19890,0,10,0.0,0.0,0.9994974874371859,8,200
0.0,0.0,0.0,,0.0,0.24,0,19890,0,10,0.0,0.0,0.9994974874371859,8,200
0.0,0.0,0.0,,0.0,0.26,0,19890,0,10,0.0,0.0,0.9994974874371859,8,200
0.0,0.0,0.0,,0.0,0.28,0,19890,0,10,0.0,0.0,0.9994974874371859,8,200
0.00010055304172951231,0.0,1.0,0.0,0.0,0.3,0,19888,2,10,0.0,0.00010055304172951231,0.9993969849246231,8,200
0.00010055304172951231,0.0,1.0,0.0,0.0,0.32,0,19888,2,10,0.0,0.00010055304172951231,0.9993969849246231,8,200
0.00010055304172951231,0.0,1.0,0.0,0.0,0.34,0,19888,2,10,0.0,0.00010055304172951231,0.9993969849246231,8,200
0.00010055304172951231,0.0,1.0,0.0,0.0,0.36,0,19888,2,10,0.0,0.00010055304172951231,0.9993969849246231,8,200
0.00010055304172951231,0.0,1.0,0.0,0.0,0.38,0,19888,2,10,0.0,0.00010055304172951231,0.9993969849246231,8,200
0.00010055304172951231,0.0,1.0,0.0,0.0,0.4,0,19888,2,10,0.0,0.00010055304172951231,0.9993969849246231,8,200
0.00015082956259426848,0.0,1.0,0.0,0.0,0.42,0,19887,3,10,0.0,0.00015082956259426848,0.9993467336683417,8,200
0.00015082956259426848,0.0,1.0,0.0,0.0,0.44,0,19887,3,10,0.0,0.00015082956259426848,0.9993467336683417,8,200
0.00015082956259426848,0.0,1.0,0.0,0.0,0.46,0,19887,3,10,0.0,0.00015082956259426848,0.9993467336683417,8,200
0.00015082956259426848,0.0,1.0,0.0,0.0,0.48,0,19887,3,10,0.0,0.00015082956259426848,0.9993467336683417,8,200
0.00015082956259426848,0.0,1.0,0.0,0.0,0.5,0,19887,3,10,0.0,0.00015082956259426848,0.9993467336683417,8,200
0.00015082956259426848,0.0,1.0,0.0,0.0,0.52,0,19887,3,10,0.0,0.00015082956259426848,0.9993467336683417,8,200
0.00015082956259426848,0.0,1.0,0.0,0.0,0.54,0,19887,3,10,0.0,0.00015082956259426848,0.9993467336683417,8,200
0.00015082956259426848,0.0,1.0,0.0,0.0,0.56,0,19887,3,10,0.0,0.00015082956259426848,0.9993467336683417,8,200
0.00015082956259426848,0.0,1.0,0.0,0.0,0.58,0,19887,3,10,0.0,0.00015082956259426848,0.9993467336683417,8,200
0.00015082956259426848,0.0,1.0,0.0,0.0,0.6,0,19887,3,10,0.0,0.00015082956259426848,0.9993467336683417,8,200
0.00015082956259426848,0.0,1.0,0.0,0.0,0.62,0,19887,3,10,0.0,0.00015082956259426848,0.9993467336683417,8,200
0.00015082956259426848,0.0,1.0,0.0,0.0,0.64,0,19887,3,10,0.0,0.00015082956259426848,0.9993467336683417,8,200
0.00015082956259426848,0.0,1.0,0.0,0.0,0.66,0,19887,3,10,0.0,0.00015082956259426848,0.9993467336683417,8,200
0.00015082956259426848,0.0,1.0,0.0,0.0,0.68,0,19887,3,10,0.0,0.00015082956259426848,0.9993467336683417,8,200
0.00030165912518853697,0.0,1.0,0.0,0.0,0.7,0,19884,6,10,0.0,0.00030165912518853697,0.9991959798994975,8,200
0.00030165912518853697,0.0,1.0,0.0,0.0,0.72,0,19884,6,10,0.0,0.00030165912518853697,0.9991959798994975,8,200
0.00030165912518853697,0.0,1.0,0.0,0.0,0.74,0,19884,6,10,0.0,0.00030165912518853697,0.9991959798994975,8,200
0.00030165912518853697,0.0,1.0,0.0,0.0,0.76,0,19884,6,10,0.0,0.00030165912518853697,0.9991959798994975,8,200
0.00030165912518853697,0.0,1.0,0.0,0.0,0.78,0,19884,6,10,0.0,0.00030165912518853697,0.9991959798994975,8,200
0.0007038712921065862,0.0,1.0,0.0,0.0,0.8,0,19876,14,10,0.0,0.0007038712921065862,0.9987939698492462,8,200
0.0007038712921065862,0.0,1.0,0.0,0.0,0.82,0,19876,14,10,0.0,0.0007038712921065862,0.9987939698492462,8,200
0.0007038712921065862,0.0,1.0,0.0,0.0,0.84,0,19876,14,10,0.0,0.0007038712921065862,0.9987939698492462,8,200
0.0007038712921065862,0.0,1.0,0.0,0.0,0.86,0,19876,14,10,0.0,0.0007038712921065862,0.9987939698492462,8,200
0.0007038712921065862,0.0,1.0,0.0,0.0,0.88,0,19876,14,10,0.0,0.0007038712921065862,0.9987939698492462,8,200
0.0007038712921065862,0.0,1.0,0.0,0.0,0.9,0,19876,14,10,0.0,0.0007038712921065862,0.9987939698492462,8,200
0.0015082956259426848,0.1,0.967741935483871,0.03225806451612903,0.1,0.92,1,19860,30,9,0.1,0.0015082956259426848,0.9980402010050251,8,200
0.0015082956259426848,0.1,0.967741935483871,0.03225806451612903,0.1,0.94,1,19860,30,9,0.1,0.0015082956259426848,0.9980402010050251,8,200
0.0015082956259426848,0.1,0.967741935483871,0.03225806451612903,0.1,0.96,1,19860,30,9,0.1,0.0015082956259426848,0.9980402010050251,8,200
0.0015082956259426848,0.1,0.967741935483871,0.03225806451612903,0.1,0.98,1,19860,30,9,0.1,0.0015082956259426848,0.9980402010050251,8,200
0.7670688788335848,0.9,0.9994104546050046,0.0005895453949954147,0.9,1.0,9,4633,15257,1,0.9,0.7670688788335848,0.23326633165829147,8,200
0.0,0.0,0.0,,0.0,0.02,0,19890,0,10,0.0,0.0,0.9994974874371859,9,200
0.0,0.0,0.0,,0.0,0.04,0,19890,0,10,0.0,0.0,0.9994974874371859,9,200
0.0,0.0,0.0,,0.0,0.06,0,19890,0,10,0.0,0.0,0.9994974874371859,9,200
0.0,0.0,0.0,,0.0,0.08,0,19890,0,10,0.0,0.0,0.9994974874371859,9,200
0.0,0.0,0.0,,0.0,0.1,0,19890,0,10,0.0,0.0,0.9994974874371859,9,200
0.0,0.0,0.0,,0.0,0.12,0,19890,0,10,0.0,0.0,0.9994974874371859,9,200
0.0,0.0,0.0,,0.0,0.14,0,19890,0,10,0.0,0.0,0.9994974874371859,9,200
0.0,0.0,0.0,,0.0,0.16,0,19890,0,10,0.0,0.0,0.9994974874371859,9,200
0.0,0.0,0.0,,0.0,0.18,0,19890,0,10,0.0,0.0,0.9994974874371859,9,200
0.0,0.0,0.0,,0.0,0.2,0,19890,0,10,0.0,0.0,0.9994974874371859,9,200
0.0,0.0,0.0,,0.0,0.22,0,19890,0,10,0.0,0.0,0.9994974874371859,9,200
0.0,0.0,0.0,,0.0,0.24,0,19890,0,10,0.0,0.0,0.9994974874371859,9,200
0.0,0.0,0.0,,0.0,0.26,0,19890,0,10,0.0,0.0,0.9994974874371859,9,200
0.0,0.0,0.0,,0.0,0.28,0,19890,0,10,0.0,0.0,0.9994974874371859,9,200
0.0,0.0,0.0,,0.0,0.3,0,19890,0,10,0.0,0.0,0.9994974874371859,9,200
0.0,0.0,0.0,,0.0,0.32,0,19890,0,10,0.0,0.0,0.9994974874371859,9,200
0.0,0.0,0.0,,0.0,0.34,0,19890,0,10,0.0,0.0,0.9994974874371859,9,200
0.0,0.0,0.0,,0.0,0.36,0,19890,0,10,0.0,0.0,0.9994974874371859,9,200
0.0,0.0,0.0,,0.0,0.38,0,19890,0,10,0.0,0.0,0.9994974874371859,9,200
0.0,0.0,0.0,,0.0,0.4,0,19890,0,10,0.0,0.0,0.9994974874371859,9,200
0.0,0.0,0.0,,0.0,0.42,0,19890,0,10,0.0,0.0,0.9994974874371859,9,200
0.0,0.0,0.0,,0.0,0.44,0,19890,0,10,0.0,0.0,0.9994974874371859,9,200
0.0,0.0,0.0,,0.0,0.46,0,19890,0,10,0.0,0.0,0.9994974874371859,9,200
0.0,0.0,0.0,,0.0,0.48,0,19890,0,10,0.0,0.0,0.9994974874371859,9,200
0.0,0.0,0.0,,0.0,0.5,0,19890,0,10,0.0,0.0,0.9994974874371859,9,200
0.0,0.0,0.0,,0.0,0.52,0,19890,0,10,0.0,0.0,0.9994974874371859,9,200
0.0,0.0,0.0,,0.0,0.54,0,19890,0,10,0.0,0.0,0.9994974874371859,9,200
0.0,0.0,0.0,,0.0,0.56,0,19890,0,10,0.0,0.0,0.9994974874371859,9,200
0.0,0.0,0.0,,0.0,0.58,0,19890,0,10,0.0,0.0,0.9994974874371859,9,200
0.0,0.0,0.0,,0.0,0.6,0,19890,0,10,0.0,0.0,0.9994974874371859,9,200
0.0,0.0,0.0,,0.0,0.62,0,19890,0,10,0.0,0.0,0.9994974874371859,9,200
0.0,0.0,0.0,,0.0,0.64,0,19890,0,10,0.0,0.0,0.9994974874371859,9,200
0.0,0.0,0.0,,0.0,0.66,0,19890,0,10,0.0,0.0,0.9994974874371859,9,200
0.0,0.0,0.0,,0.0,0.68,0,19890,0,10,0.0,0.0,0.9994974874371859,9,200
0.0,0.0,0.0,,0.0,0.7,0,19890,0,10,0.0,0.0,0.9994974874371859,9,200
0.0,0.0,0.0,,0.0,0.72,0,19890,0,10,0.0,0.0,0.9994974874371859,9,200
0.0,0.0,0.0,,0.0,0.74,0,19890,0,10,0.0,0.0,0.9994974874371859,9,200
0.0,0.0,0.0,,0.0,0.76,0,19890,0,10,0.0,0.0,0.9994974874371859,9,200
0.0,0.0,0.0,,0.0,0.78,0,19890,0,10,0.0,0.0,0.9994974874371859,9,200
0.0,0.0,0.0,,0.0,0.8,0,19890,0,10,0.0,0.0,0.9994974874371859,9,200
0.0,0.0,0.0,,0.0,0.82,0,19890,0,10,0.0,0.0,0.9994974874371859,9,200
0.0,0.0,0.0,,0.0,0.84,0,19890,0,10,0.0,0.0,0.9994974874371859,9,200
0.0,0.0,0.0,,0.0,0.86,0,19890,0,10,0.0,0.0,0.9994974874371859,9,200
5.0276520864756156e-05,0.0,1.0,0.0,0.0,0.88,0,19889,1,10,0.0,5.0276520864756156e-05,0.9994472361809045,9,200
5.0276520864756156e-05,0.0,1.0,0.0,0.0,0.9,0,19889,1,10,0.0,5.0276520864756156e-05,0.9994472361809045,9,200
5.0276520864756156e-05,0.0,1.0,0.0,0.0,0.92,0,19889,1,10,0.0,5.0276520864756156e-05,0.9994472361809045,9,200
0.029914529914529916,0.5,0.9916666666666667,0.008333333333333333,0.5,0.94,5,19295,595,5,0.5,0.029914529914529916,0.9698492462311558,9,200
0.03202614379084967,0.5,0.9922118380062306,0.00778816199376947,0.5,0.96,5,19253,637,5,0.5,0.03202614379084967,0.9677386934673367,9,200
0.14947209653092006,0.7,0.9976510067114094,0.002348993288590604,0.7,0.98,7,16917,2973,3,0.7,0.14947209653092006,0.8504522613065326,9,200
0.3622423328305681,0.9,0.9987524258386471,0.001247574161352925,0.9,1.0,9,12685,7205,1,0.9,0.3622423328305681,0.6378894472361809,9,200
0.0,0.0,0.0,,0.0,0.02,0,19890,0,10,0.0,0.0,0.9994974874371859,10,200
0.0,0.0,0.0,,0.0,0.04,0,19890,0,10,0.0,0.0,0.9994974874371859,10,200
0.0,0.0,0.0,,0.0,0.06,0,19890,0,10,0.0,0.0,0.9994974874371859,10,200
0.0,0.0,0.0,,0.0,0.08,0,19890,0,10,0.0,0.0,0.9994974874371859,10,200
0.0,0.0,0.0,,0.0,0.1,0,19890,0,10,0.0,0.0,0.9994974874371859,10,200
0.0,0.0,0.0,,0.0,0.12,0,19890,0,10,0.0,0.0,0.9994974874371859,10,200
0.0,0.0,0.0,,0.0,0.14,0,19890,0,10,0.0,0.0,0.9994974874371859,10,200
0.0,0.0,0.0,,0.0,0.16,0,19890,0,10,0.0,0.0,0.9994974874371859,10,200
0.0,0.0,0.0,,0.0,0.18,0,19890,0,10,0.0,0.0,0.9994974874371859,10,200
0.0,0.0,0.0,,0.0,0.2,0,19890,0,10,0.0,0.0,0.9994974874371859,10,200
0.0,0.0,0.0,,0.0,0.22,0,19890,0,10,0.0,0.0,0.9994974874371859,10,200
0.0,0.0,0.0,,0.0,0.24,0,19890,0,10,0.0,0.0,0.9994974874371859,10,200
0.0,0.0,0.0,,0.0,0.26,0,19890,0,10,0.0,0.0,0.9994974874371859,10,200
0.00010055304172951231,0.0,1.0,0.0,0.0,0.28,0,19888,2,10,0.0,0.00010055304172951231,0.9993969849246231,10,200
0.00010055304172951231,0.0,1.0,0.0,0.0,0.3,0,19888,2,10,0.0,0.00010055304172951231,0.9993969849246231,10,200
0.00010055304172951231,0.0,1.0,0.0,0.0,0.32,0,19888,2,10,0.0,0.00010055304172951231,0.9993969849246231,10,200
0.00010055304172951231,0.0,1.0,0.0,0.0,0.34,0,19888,2,10,0.0,0.00010055304172951231,0.9993969849246231,10,200
0.00010055304172951231,0.0,1.0,0.0,0.0,0.36,0,19888,2,10,0.0,0.00010055304172951231,0.9993969849246231,10,200
0.00010055304172951231,0.0,1.0,0.0,0.0,0.38,0,19888,2,10,0.0,0.00010055304172951231,0.9993969849246231,10,200
0.00015082956259426848,0.0,1.0,0.0,0.0,0.4,0,19887,3,10,0.0,0.00015082956259426848,0.9993467336683417,10,200
0.00015082956259426848,0.0,1.0,0.0,0.0,0.42,0,19887,3,10,0.0,0.00015082956259426848,0.9993467336683417,10,200
0.00015082956259426848,0.0,1.0,0.0,0.0,0.44,0,19887,3,10,0.0,0.00015082956259426848,0.9993467336683417,10,200
0.00015082956259426848,0.0,1.0,0.0,0.0,0.46,0,19887,3,10,0.0,0.00015082956259426848,0.9993467336683417,10,200
0.00015082956259426848,0.0,1.0,0.0,0.0,0.48,0,19887,3,10,0.0,0.00015082956259426848,0.9993467336683417,10,200
0.00015082956259426848,0.0,1.0,0.0,0.0,0.5,0,19887,3,10,0.0,0.00015082956259426848,0.9993467336683417,10,200
0.00020110608345902463,0.0,1.0,0.0,0.0,0.52,0,19886,4,10,0.0,0.00020110608345902463,0.9992964824120603,10,200
0.00020110608345902463,0.0,1.0,0.0,0.0,0.54,0,19886,4,10,0.0,0.00020110608345902463,0.9992964824120603,10,200
0.00020110608345902463,0.0,1.0,0.0,0.0,0.56,0,19886,4,10,0.0,0.00020110608345902463,0.9992964824120603,10,200
0.00020110608345902463,0.0,1.0,0.0,0.0,0.58,0,19886,4,10,0.0,0.00020110608345902463,0.9992964824120603,10,200
0.00025138260432378077,0.0,1.0,0.0,0.0,0.6,0,19885,5,10,0.0,0.00025138260432378077,0.9992462311557789,10,200
0.00025138260432378077,0.0,1.0,0.0,0.0,0.62,0,19885,5,10,0.0,0.00025138260432378077,0.9992462311557789,10,200
0.00025138260432378077,0.0,1.0,0.0,0.0,0.64,0,19885,5,10,0.0,0.00025138260432378077,0.9992462311557789,10,200
0.00025138260432378077,0.0,1.0,0.0,0.0,0.66,0,19885,5,10,0.0,0.00025138260432378077,0.9992462311557789,10,200
0.00025138260432378077,0.0,1.0,0.0,0.0,0.68,0,19885,5,10,0.0,0.00025138260432378077,0.9992462311557789,10,200
0.00030165912518853697,0.0,1.0,0.0,0.0,0.7,0,19884,6,10,0.0,0.00030165912518853697,0.9991959798994975,10,200
0.00030165912518853697,0.0,1.0,0.0,0.0,0.72,0,19884,6,10,0.0,0.00030165912518853697,0.9991959798994975,10,200
0.00040221216691804925,0.0,1.0,0.0,0.0,0.74,0,19882,8,10,0.0,0.00040221216691804925,0.9990954773869347,10,200
0.00040221216691804925,0.0,1.0,0.0,0.0,0.76,0,19882,8,10,0.0,0.00040221216691804925,0.9990954773869347,10,200
0.00040221216691804925,0.0,1.0,0.0,0.0,0.78,0,19882,8,10,0.0,0.00040221216691804925,0.9990954773869347,10,200
0.00040221216691804925,0.0,1.0,0.0,0.0,0.8,0,19882,8,10,0.0,0.00040221216691804925,0.9990954773869347,10,200
0.00040221216691804925,0.0,1.0,0.0,0.0,0.82,0,19882,8,10,0.0,0.00040221216691804925,0.9990954773869347,10,200
0.00040221216691804925,0.0,1.0,0.0,0.0,0.84,0,19882,8,10,0.0,0.00040221216691804925,0.9990954773869347,10,200
0.00040221216691804925,0.0,1.0,0.0,0.0,0.86,0,19882,8,10,0.0,0.00040221216691804925,0.9990954773869347,10,200
0.00040221216691804925,0.0,1.0,0.0,0.0,0.88,0,19882,8,10,0.0,0.00040221216691804925,0.9990954773869347,10,200
0.0342885872297637,0.0,1.0,0.0,0.0,0.9,0,19208,682,10,0.0,0.0342885872297637,0.9652261306532663,10,200
0.037858220211161385,0.0,1.0,0.0,0.0,0.92,0,19137,753,10,0.0,0.037858220211161385,0.9616582914572864,10,200
0.04555052790346908,0.1,0.9988974641675854,0.0011025358324145535,0.1,0.94,1,18984,906,9,0.1,0.04555052790346908,0.9540201005025125,10,200
0.06706887883358471,0.1,0.9992509363295881,0.000749063670411985,0.1,0.96,1,18556,1334,9,0.1,0.06706887883358471,0.9325125628140704,10,200
0.20568124685771744,0.3,0.9992672203224231,0.0007327796775769418,0.3,0.98,3,15799,4091,7,0.3,0.20568124685771744,0.7940703517587939,10,200
0.9666163901458019,1.0,0.9994801414015387,0.0005198585984612185,1.0,1.0,10,664,19226,0,1.0,0.9666163901458019,0.03386934673366834,10,200
0.0,0.0,0.0,,0.0,0.02,0,19890,0,10,0.0,0.0,0.9994974874371859,11,200
0.0,0.0,0.0,,0.0,0.04,0,19890,0,10,0.0,0.0,0.9994974874371859,11,200
0.0,0.0,0.0,,0.0,0.06,0,19890,0,10,0.0,0.0,0.9994974874371859,11,200
0.0,0.0,0.0,,0.0,0.08,0,19890,0,10,0.0,0.0,0.9994974874371859,11,200
0.0,0.0,0.0,,0.0,0.1,0,19890,0,10,0.0,0.0,0.9994974874371859,11,200
0.0,0.0,0.0,,0.0,0.12,0,19890,0,10,0.0,0.0,0.9994974874371859,11,200
0.0,0.0,0.0,,0.0,0.14,0,19890,0,10,0.0,0.0,0.9994974874371859,11,200
0.0,0.0,0.0,,0.0,0.16,0,19890,0,10,0.0,0.0,0.9994974874371859,11,200
0.0,0.0,0.0,,0.0,0.18,0,19890,0,10,0.0,0.0,0.9994974874371859,11,200
0.0,0.0,0.0,,0.0,0.2,0,19890,0,10,0.0,0.0,0.9994974874371859,11,200
0.0,0.0,0.0,,0.0,0.22,0,19890,0,10,0.0,0.0,0.9994974874371859,11,200
0.0,0.0,0.0,,0.0,0.24,0,19890,0,10,0.0,0.0,0.9994974874371859,11,200
0.0,0.0,0.0,,0.0,0.26,0,19890,0,10,0.0,0.0,0.9994974874371859,11,200
0.0,0.0,0.0,,0.0,0.28,0,19890,0,10,0.0,0.0,0.9994974874371859,11,200
0.0,0.0,0.0,,0.0,0.3,0,19890,0,10,0.0,0.0,0.9994974874371859,11,200
0.0,0.0,0.0,,0.0,0.32,0,19890,0,10,0.0,0.0,0.9994974874371859,11,200
0.0,0.0,0.0,,0.0,0.34,0,19890,0,10,0.0,0.0,0.9994974874371859,11,200
0.0,0.0,0.0,,0.0,0.36,0,19890,0,10,0.0,0.0,0.9994974874371859,11,200
0.0,0.0,0.0,,0.0,0.38,0,19890,0,10,0.0,0.0,0.9994974874371859,11,200
0.0,0.0,0.0,,0.0,0.4,0,19890,0,10,0.0,0.0,0.9994974874371859,11,200
0.0,0.0,0.0,,0.0,0.42,0,19890,0,10,0.0,0.0,0.9994974874371859,11,200
0.0,0.0,0.0,,0.0,0.44,0,19890,0,10,0.0,0.0,0.9994974874371859,11,200
0.0,0.0,0.0,,0.0,0.46,0,19890,0,10,0.0,0.0,0.9994974874371859,11,200
0.0,0.0,0.0,,0.0,0.48,0,19890,0,10,0.0,0.0,0.9994974874371859,11,200
0.00030165912518853697,0.0,1.0,0.0,0.0,0.5,0,19884,6,10,0.0,0.00030165912518853697,0.9991959798994975,11,200
0.00030165912518853697,0.0,1.0,0.0,0.0,0.52,0,19884,6,10,0.0,0.00030165912518853697,0.9991959798994975,11,200
0.00030165912518853697,0.0,1.0,0.0,0.0,0.54,0,19884,6,10,0.0,0.00030165912518853697,0.9991959798994975,11,200
0.00030165912518853697,0.0,1.0,0.0,0.0,0.56,0,19884,6,10,0.0,0.00030165912518853697,0.9991959798994975,11,200
0.0005027652086475615,0.0,1.0,0.0,0.0,0.58,0,19880,10,10,0.0,0.0005027652086475615,0.9989949748743718,11,200
0.0005027652086475615,0.0,1.0,0.0,0.0,0.6,0,19880,10,10,0.0,0.0005027652086475615,0.9989949748743718,11,200
0.0005027652086475615,0.0,1.0,0.0,0.0,0.62,0,19880,10,10,0.0,0.0005027652086475615,0.9989949748743718,11,200
0.0005027652086475615,0.0,1.0,0.0,0.0,0.64,0,19880,10,10,0.0,0.0005027652086475615,0.9989949748743718,11,200
0.0005027652086475615,0.0,1.0,0.0,0.0,0.66,0,19880,10,10,0.0,0.0005027652086475615,0.9989949748743718,11,200
0.0005027652086475615,0.0,1.0,0.0,0.0,0.68,0,19880,10,10,0.0,0.0005027652086475615,0.9989949748743718,11,200
0.0005027652086475615,0.0,1.0,0.0,0.0,0.7,0,19880,10,10,0.0,0.0005027652086475615,0.9989949748743718,11,200
0.0011563599798893917,0.0,1.0,0.0,0.0,0.72,0,19867,23,10,0.0,0.0011563599798893917,0.9983417085427135,11,200
0.0011563599798893917,0.0,1.0,0.0,0.0,0.74,0,19867,23,10,0.0,0.0011563599798893917,0.9983417085427135,11,200
0.00196078431372549,0.0,1.0,0.0,0.0,0.76,0,19851,39,10,0.0,0.00196078431372549,0.997537688442211,11,200
0.00196078431372549,0.0,1.0,0.0,0.0,0.78,0,19851,39,10,0.0,0.00196078431372549,0.997537688442211,11,200
0.005429864253393665,0.0,1.0,0.0,0.0,0.8,0,19782,108,10,0.0,0.005429864253393665,0.994070351758794,11,200
0.006133735545500251,0.0,1.0,0.0,0.0,0.82,0,19768,122,10,0.0,0.006133735545500251,0.9933668341708543,11,200
0.013775766716943187,0.0,1.0,0.0,0.0,0.84,0,19616,274,10,0.0,0.013775766716943187,0.9857286432160804,11,200
0.017094017094017096,0.0,1.0,0.0,0.0,0.86,0,19550,340,10,0.0,0.017094017094017096,0.9824120603015075,11,200
0.020613373554550025,0.0,1.0,0.0,0.0,0.88,0,19480,410,10,0.0,0.020613373554550025,0.978894472361809,11,200
0.03433886375062846,0.0,1.0,0.0,0.0,0.9,0,19207,683,10,0.0,0.03433886375062846,0.9651758793969849,11,200
0.045198592257415786,0.0,1.0,0.0,0.0,0.92,0,18991,899,10,0.0,0.045198592257415786,0.954321608040201,11,200
0.10095525389643037,0.2,0.9990049751243781,0.0009950248756218905,0.2,0.94,2,17882,2008,8,0.2,0.10095525389643037,0.8986934673366834,11,200
0.12689793866264454,0.3,0.998812821527503,0.001187178472497032,0.3,0.96,3,17366,2524,7,0.3,0.12689793866264454,0.8728140703517588,11,200
0.1964303670186023,0.3,0.99923273657289,0.0007672634271099745,0.3,0.98,3,15983,3907,7,0.3,0.1964303670186023,0.8033165829145729,11,200
0.5409753645047762,0.6,0.9994426899498421,0.0005573100501579045,0.6,1.0,6,9130,10760,4,0.6,0.5409753645047762,0.4590954773869347,11,200
0.0,0.0,0.0,,0.0,0.02,0,19890,0,10,0.0,0.0,0.9994974874371859,12,200
0.0,0.0,0.0,,0.0,0.04,0,19890,0,10,0.0,0.0,0.9994974874371859,12,200
0.0,0.0,0.0,,0.0,0.06,0,19890,0,10,0.0,0.0,0.9994974874371859,12,200
0.0,0.0,0.0,,0.0,0.08,0,19890,0,10,0.0,0.0,0.9994974874371859,12,200
0.0,0.0,0.0,,0.0,0.1,0,19890,0,10,0.0,0.0,0.9994974874371859,12,200
0.0,0.0,0.0,,0.0,0.12,0,19890,0,10,0.0,0.0,0.9994974874371859,12,200
0.0,0.0,0.0,,0.0,0.14,0,19890,0,10,0.0,0.0,0.9994974874371859,12,200
0.0,0.0,0.0,,0.0,0.16,0,19890,0,10,0.0,0.0,0.9994974874371859,12,200
0.0,0.0,0.0,,0.0,0.18,0,19890,0,10,0.0,0.0,0.9994974874371859,12,200
0.0,0.0,0.0,,0.0,0.2,0,19890,0,10,0.0,0.0,0.9994974874371859,12,200
0.0,0.0,0.0,,0.0,0.22,0,19890,0,10,0.0,0.0,0.9994974874371859,12,200
0.0,0.0,0.0,,0.0,0.24,0,19890,0,10,0.0,0.0,0.9994974874371859,12,200
0.0,0.0,0.0,,0.0,0.26,0,19890,0,10,0.0,0.0,0.9994974874371859,12,200
0.0,0.0,0.0,,0.0,0.28,0,19890,0,10,0.0,0.0,0.9994974874371859,12,200
5.0276520864756156e-05,0.0,1.0,0.0,0.0,0.3,0,19889,1,10,0.0,5.0276520864756156e-05,0.9994472361809045,12,200
5.0276520864756156e-05,0.0,1.0,0.0,0.0,0.32,0,19889,1,10,0.0,5.0276520864756156e-05,0.9994472361809045,12,200
5.0276520864756156e-05,0.0,1.0,0.0,0.0,0.34,0,19889,1,10,0.0,5.0276520864756156e-05,0.9994472361809045,12,200
5.0276520864756156e-05,0.0,1.0,0.0,0.0,0.36,0,19889,1,10,0.0,5.0276520864756156e-05,0.9994472361809045,12,200
5.0276520864756156e-05,0.0,1.0,0.0,0.0,0.38,0,19889,1,10,0.0,5.0276520864756156e-05,0.9994472361809045,12,200
5.0276520864756156e-05,0.0,1.0,0.0,0.0,0.4,0,19889,1,10,0.0,5.0276520864756156e-05,0.9994472361809045,12,200
5.0276520864756156e-05,0.0,1.0,0.0,0.0,0.42,0,19889,1,10,0.0,5.0276520864756156e-05,0.9994472361809045,12,200
5.0276520864756156e-05,0.0,1.0,0.0,0.0,0.44,0,19889,1,10,0.0,5.0276520864756156e-05,0.9994472361809045,12,200
5.0276520864756156e-05,0.0,1.0,0.0,0.0,0.46,0,19889,1,10,0.0,5.0276520864756156e-05,0.9994472361809045,12,200
5.0276520864756156e-05,0.0,1.0,0.0,0.0,0.48,0,19889,1,10,0.0,5.0276520864756156e-05,0.9994472361809045,12,200
5.0276520864756156e-05,0.0,1.0,0.0,0.0,0.5,0,19889,1,10,0.0,5.0276520864756156e-05,0.9994472361809045,12,200
0.0005530417295123177,0.0,1.0,0.0,0.0,0.52,0,19879,11,10,0.0,0.0005530417295123177,0.9989447236180905,12,200
0.0005530417295123177,0.0,1.0,0.0,0.0,0.54,0,19879,11,10,0.0,0.0005530417295123177,0.9989447236180905,12,200
0.0005530417295123177,0.0,1.0,0.0,0.0,0.56,0,19879,11,10,0.0,0.0005530417295123177,0.9989447236180905,12,200
0.0005530417295123177,0.0,1.0,0.0,0.0,0.58,0,19879,11,10,0.0,0.0005530417295123177,0.9989447236180905,12,200
0.0005530417295123177,0.0,1.0,0.0,0.0,0.6,0,19879,11,10,0.0,0.0005530417295123177,0.9989447236180905,12,200
0.0005530417295123177,0.0,1.0,0.0,0.0,0.62,0,19879,11,10,0.0,0.0005530417295123177,0.9989447236180905,12,200
0.0005530417295123177,0.0,1.0,0.0,0.0,0.64,0,19879,11,10,0.0,0.0005530417295123177,0.9989447236180905,12,200
0.0005530417295123177,0.0,1.0,0.0,0.0,0.66,0,19879,11,10,0.0,0.0005530417295123177,0.9989447236180905,12,200
0.0005530417295123177,0.0,1.0,0.0,0.0,0.68,0,19879,11,10,0.0,0.0005530417295123177,0.9989447236180905,12,200
0.0005530417295123177,0.0,1.0,0.0,0.0,0.7,0,19879,11,10,0.0,0.0005530417295123177,0.9989447236180905,12,200
0.0005530417295123177,0.0,1.0,0.0,0.0,0.72,0,19879,11,10,0.0,0.0005530417295123177,0.9989447236180905,12,200
0.0009049773755656109,0.0,1.0,0.0,0.0,0.74,0,19872,18,10,0.0,0.0009049773755656109,0.9985929648241206,12,200
0.0009049773755656109,0.0,1.0,0.0,0.0,0.76,0,19872,18,10,0.0,0.0009049773755656109,0.9985929648241206,12,200
0.0009049773755656109,0.0,1.0,0.0,0.0,0.78,0,19872,18,10,0.0,0.0009049773755656109,0.9985929648241206,12,200
0.0009049773755656109,0.0,1.0,0.0,0.0,0.8,0,19872,18,10,0.0,0.0009049773755656109,0.9985929648241206,12,200
0.000955253896430367,0.0,1.0,0.0,0.0,0.82,0,19871,19,10,0.0,0.000955253896430367,0.9985427135678392,12,200
0.003167420814479638,0.0,1.0,0.0,0.0,0.84,0,19827,63,10,0.0,0.003167420814479638,0.9963316582914573,12,200
0.003569632981397687,0.0,1.0,0.0,0.0,0.86,0,19819,71,10,0.0,0.003569632981397687,0.995929648241206,12,200
0.003569632981397687,0.0,1.0,0.0,0.0,0.88,0,19819,71,10,0.0,0.003569632981397687,0.995929648241206,12,200
0.003569632981397687,0.0,1.0,0.0,0.0,0.9,0,19819,71,10,0.0,0.003569632981397687,0.995929648241206,12,200
0.0038712921065862244,0.0,1.0,0.0,0.0,0.92,0,19813,77,10,0.0,0.0038712921065862244,0.9956281407035176,12,200
0.0038712921065862244,0.0,1.0,0.0,0.0,0.94,0,19813,77,10,0.0,0.0038712921065862244,0.9956281407035176,12,200
0.0038712921065862244,0.0,1.0,0.0,0.0,0.96,0,19813,77,10,0.0,0.0038712921065862244,0.9956281407035176,12,200
0.0220211161387632,0.1,0.9977220956719818,0.002277904328018223,0.1,0.98,1,19452,438,9,0.1,0.0220211161387632,0.977537688442211,12,200
0.9668677727501257,0.9,0.9995322245322246,0.0004677754677754678,0.9,1.0,9,659,19231,1,0.9,0.9668677727501257,0.0335678391959799,12,200
0.0,0.0,0.0,,0.0,0.02,0,19890,0,10,0.0,0.0,0.9994974874371859,13,200
0.0,0.0,0.0,,0.0,0.04,0,19890,0,10,0.0,0.0,0.9994974874371859,13,200
0.0,0.0,0.0,,0.0,0.06,0,19890,0,10,0.0,0.0,0.9994974874371859,13,200
0.0,0.0,0.0,,0.0,0.08,0,19890,0,10,0.0,0.0,0.9994974874371859,13,200
0.0,0.0,0.0,,0.0,0.1,0,19890,0,10,0.0,0.0,0.9994974874371859,13,200
0.0,0.0,0.0,,0.0,0.12,0,19890,0,10,0.0,0.0,0.9994974874371859,13,200
0.0,0.0,0.0,,0.0,0.14,0,19890,0,10,0.0,0.0,0.9994974874371859,13,200
0.0,0.0,0.0,,0.0,0.16,0,19890,0,10,0.0,0.0,0.9994974874371859,13,200
0.0,0.0,0.0,,0.0,0.18,0,19890,0,10,0.0,0.0,0.9994974874371859,13,200
0.0,0.0,0.0,,0.0,0.2,0,19890,0,10,0.0,0.0,0.9994974874371859,13,200
0.0,0.0,0.0,,0.0,0.22,0,19890,0,10,0.0,0.0,0.9994974874371859,13,200
0.0,0.0,0.0,,0.0,0.24,0,19890,0,10,0.0,0.0,0.9994974874371859,13,200
0.0,0.0,0.0,,0.0,0.26,0,19890,0,10,0.0,0.0,0.9994974874371859,13,200
0.0,0.0,0.0,,0.0,0.28,0,19890,0,10,0.0,0.0,0.9994974874371859,13,200
0.0,0.0,0.0,,0.0,0.3,0,19890,0,10,0.0,0.0,0.9994974874371859,13,200
0.0,0.0,0.0,,0.0,0.32,0,19890,0,10,0.0,0.0,0.9994974874371859,13,200
0.0,0.0,0.0,,0.0,0.34,0,19890,0,10,0.0,0.0,0.9994974874371859,13,200
0.0,0.0,0.0,,0.0,0.36,0,19890,0,10,0.0,0.0,0.9994974874371859,13,200
0.0,0.0,0.0,,0.0,0.38,0,19890,0,10,0.0,0.0,0.9994974874371859,13,200
0.0,0.0,0.0,,0.0,0.4,0,19890,0,10,0.0,0.0,0.9994974874371859,13,200
0.0,0.0,0.0,,0.0,0.42,0,19890,0,10,0.0,0.0,0.9994974874371859,13,200
0.0,0.0,0.0,,0.0,0.44,0,19890,0,10,0.0,0.0,0.9994974874371859,13,200
0.0,0.0,0.0,,0.0,0.46,0,19890,0,10,0.0,0.0,0.9994974874371859,13,200
0.0005530417295123177,0.0,1.0,0.0,0.0,0.48,0,19879,11,10,0.0,0.0005530417295123177,0.9989447236180905,13,200
0.0005530417295123177,0.0,1.0,0.0,0.0,0.5,0,19879,11,10,0.0,0.0005530417295123177,0.9989447236180905,13,200
0.0006033182503770739,0.0,1.0,0.0,0.0,0.52,0,19878,12,10,0.0,0.0006033182503770739,0.9988944723618091,13,200
0.0006033182503770739,0.0,1.0,0.0,0.0,0.54,0,19878,12,10,0.0,0.0006033182503770739,0.9988944723618091,13,200
0.0006033182503770739,0.0,1.0,0.0,0.0,0.56,0,19878,12,10,0.0,0.0006033182503770739,0.9988944723618091,13,200
0.0008547008547008547,0.0,1.0,0.0,0.0,0.58,0,19873,17,10,0.0,0.0008547008547008547,0.998643216080402,13,200
0.0008547008547008547,0.0,1.0,0.0,0.0,0.6,0,19873,17,10,0.0,0.0008547008547008547,0.998643216080402,13,200
0.0008547008547008547,0.0,1.0,0.0,0.0,0.62,0,19873,17,10,0.0,0.0008547008547008547,0.998643216080402,13,200
0.001608848667672197,0.0,1.0,0.0,0.0,0.64,0,19858,32,10,0.0,0.001608848667672197,0.9978894472361809,13,200
0.003217697335344394,0.0,1.0,0.0,0.0,0.66,0,19826,64,10,0.0,0.003217697335344394,0.9962814070351759,13,200
0.003217697335344394,0.0,1.0,0.0,0.0,0.68,0,19826,64,10,0.0,0.003217697335344394,0.9962814070351759,13,200
0.003217697335344394,0.0,1.0,0.0,0.0,0.7,0,19826,64,10,0.0,0.003217697335344394,0.9962814070351759,13,200
0.003368526897938663,0.0,1.0,0.0,0.0,0.72,0,19823,67,10,0.0,0.003368526897938663,0.9961306532663317,13,200
0.003368526897938663,0.0,1.0,0.0,0.0,0.74,0,19823,67,10,0.0,0.003368526897938663,0.9961306532663317,13,200
0.0036199095022624436,0.0,1.0,0.0,0.0,0.76,0,19818,72,10,0.0,0.0036199095022624436,0.9958793969849247,13,200
0.004072398190045249,0.0,1.0,0.0,0.0,0.78,0,19809,81,10,0.0,0.004072398190045249,0.9954271356783919,13,200
0.006636500754147813,0.0,1.0,0.0,0.0,0.8,0,19758,132,10,0.0,0.006636500754147813,0.9928643216080402,13,200
0.008295625942684766,0.0,1.0,0.0,0.0,0.82,0,19725,165,10,0.0,0.008295625942684766,0.9912060301507538,13,200
0.008295625942684766,0.0,1.0,0.0,0.0,0.84,0,19725,165,10,0.0,0.008295625942684766,0.9912060301507538,13,200
0.011513323278029161,0.0,1.0,0.0,0.0,0.86,0,19661,229,10,0.0,0.011513323278029161,0.9879899497487438,13,200
0.012619406737053796,0.0,1.0,0.0,0.0,0.88,0,19639,251,10,0.0,0.012619406737053796,0.9868844221105527,13,200
0.017496229260935144,0.0,1.0,0.0,0.0,0.9,0,19542,348,10,0.0,0.017496229260935144,0.9820100502512563,13,200
0.02921065862242333,0.1,0.9982817869415808,0.001718213058419244,0.1,0.92,1,19309,581,9,0.1,0.02921065862242333,0.9703517587939698,13,200
0.038964303670186023,0.2,0.9974259974259975,0.002574002574002574,0.2,0.94,2,19115,775,8,0.2,0.038964303670186023,0.9606532663316583,13,200
0.07456008044243338,0.2,0.9986531986531987,0.0013468013468013469,0.2,0.96,2,18407,1483,8,0.2,0.07456008044243338,0.9250753768844221,13,200
0.11322272498743087,0.2,0.9991126885536823,0.0008873114463176575,0.2,0.98,2,17638,2252,8,0.2,0.11322272498743087,0.8864321608040201,13,200
0.967621920563097,1.0,0.9994806813460739,0.000519318653926049,1.0,1.0,10,644,19246,0,1.0,0.967621920563097,0.0328643216080402,13,200
0.0,0.0,0.0,,0.0,0.02,0,19890,0,10,0.0,0.0,0.9994974874371859,14,200
0.0,0.0,0.0,,0.0,0.04,0,19890,0,10,0.0,0.0,0.9994974874371859,14,200
0.0,0.0,0.0,,0.0,0.06,0,19890,0,10,0.0,0.0,0.9994974874371859,14,200
0.0,0.0,0.0,,0.0,0.08,0,19890,0,10,0.0,0.0,0.9994974874371859,14,200
0.0,0.0,0.0,,0.0,0.1,0,19890,0,10,0.0,0.0,0.9994974874371859,14,200
0.0,0.0,0.0,,0.0,0.12,0,19890,0,10,0.0,0.0,0.9994974874371859,14,200
0.0,0.0,0.0,,0.0,0.14,0,19890,0,10,0.0,0.0,0.9994974874371859,14,200
0.0,0.0,0.0,,0.0,0.16,0,19890,0,10,0.0,0.0,0.9994974874371859,14,200
0.0,0.0,0.0,,0.0,0.18,0,19890,0,10,0.0,0.0,0.9994974874371859,14,200
0.0,0.0,0.0,,0.0,0.2,0,19890,0,10,0.0,0.0,0.9994974874371859,14,200
0.0,0.0,0.0,,0.0,0.22,0,19890,0,10,0.0,0.0,0.9994974874371859,14,200
0.0,0.0,0.0,,0.0,0.24,0,19890,0,10,0.0,0.0,0.9994974874371859,14,200
0.0,0.0,0.0,,0.0,0.26,0,19890,0,10,0.0,0.0,0.9994974874371859,14,200
0.0,0.0,0.0,,0.0,0.28,0,19890,0,10,0.0,0.0,0.9994974874371859,14,200
0.0,0.0,0.0,,0.0,0.3,0,19890,0,10,0.0,0.0,0.9994974874371859,14,200
0.0,0.0,0.0,,0.0,0.32,0,19890,0,10,0.0,0.0,0.9994974874371859,14,200
0.0,0.0,0.0,,0.0,0.34,0,19890,0,10,0.0,0.0,0.9994974874371859,14,200
0.0,0.0,0.0,,0.0,0.36,0,19890,0,10,0.0,0.0,0.9994974874371859,14,200
0.0,0.0,0.0,,0.0,0.38,0,19890,0,10,0.0,0.0,0.9994974874371859,14,200
0.0,0.0,0.0,,0.0,0.4,0,19890,0,10,0.0,0.0,0.9994974874371859,14,200
0.0,0.0,0.0,,0.0,0.42,0,19890,0,10,0.0,0.0,0.9994974874371859,14,200
0.0005530417295123177,0.0,1.0,0.0,0.0,0.44,0,19879,11,10,0.0,0.0005530417295123177,0.9989447236180905,14,200
0.0005530417295123177,0.0,1.0,0.0,0.0,0.46,0,19879,11,10,0.0,0.0005530417295123177,0.9989447236180905,14,200
0.0006033182503770739,0.0,1.0,0.0,0.0,0.48,0,19878,12,10,0.0,0.0006033182503770739,0.9988944723618091,14,200
0.0010558069381598793,0.1,0.9545454545454546,0.045454545454545456,0.1,0.5,1,19869,21,9,0.1,0.0010558069381598793,0.9984924623115577,14,200
0.0010558069381598793,0.1,0.9545454545454546,0.045454545454545456,0.1,0.52,1,19869,21,9,0.1,0.0010558069381598793,0.9984924623115577,14,200
0.0010558069381598793,0.1,0.9545454545454546,0.045454545454545456,0.1,0.54,1,19869,21,9,0.1,0.0010558069381598793,0.9984924623115577,14,200
0.0011060834590246355,0.1,0.9565217391304348,0.043478260869565216,0.1,0.56,1,19868,22,9,0.1,0.0011060834590246355,0.9984422110552764,14,200
0.001256913021618904,0.1,0.9615384615384616,0.038461538461538464,0.1,0.58,1,19865,25,9,0.1,0.001256913021618904,0.9982914572864322,14,200
0.001256913021618904,0.1,0.9615384615384616,0.038461538461538464,0.1,0.6,1,19865,25,9,0.1,0.001256913021618904,0.9982914572864322,14,200
0.0018602312719959778,0.1,0.9736842105263158,0.02631578947368421,0.1,0.62,1,19853,37,9,0.1,0.0018602312719959778,0.9976884422110552,14,200
0.0018602312719959778,0.1,0.9736842105263158,0.02631578947368421,0.1,0.64,1,19853,37,9,0.1,0.0018602312719959778,0.9976884422110552,14,200
0.0023127199597787833,0.1,0.9787234042553191,0.02127659574468085,0.1,0.66,1,19844,46,9,0.1,0.0023127199597787833,0.9972361809045226,14,200
0.0029663147310206132,0.1,0.9833333333333333,0.016666666666666666,0.1,0.68,1,19831,59,9,0.1,0.0029663147310206132,0.9965829145728643,14,200
0.0029663147310206132,0.1,0.9833333333333333,0.016666666666666666,0.1,0.7,1,19831,59,9,0.1,0.0029663147310206132,0.9965829145728643,14,200
0.003217697335344394,0.1,0.9846153846153847,0.015384615384615385,0.1,0.72,1,19826,64,9,0.1,0.003217697335344394,0.9963316582914573,14,200
0.0036701860231271996,0.1,0.9864864864864865,0.013513513513513514,0.1,0.74,1,19817,73,9,0.1,0.0036701860231271996,0.9958793969849247,14,200
0.004122674710910005,0.1,0.9879518072289156,0.012048192771084338,0.1,0.76,1,19808,82,9,0.1,0.004122674710910005,0.9954271356783919,14,200
0.004122674710910005,0.1,0.9879518072289156,0.012048192771084338,0.1,0.78,1,19808,82,9,0.1,0.004122674710910005,0.9954271356783919,14,200
0.010960281548516842,0.1,0.9954337899543378,0.0045662100456621,0.1,0.8,1,19672,218,9,0.1,0.010960281548516842,0.9885929648241206,14,200
0.010960281548516842,0.1,0.9954337899543378,0.0045662100456621,0.1,0.82,1,19672,218,9,0.1,0.010960281548516842,0.9885929648241206,14,200
0.011764705882352941,0.2,0.9915254237288136,0.00847457627118644,0.2,0.84,2,19656,234,8,0.2,0.011764705882352941,0.9878391959798994,14,200
0.01297134238310709,0.2,0.9923076923076923,0.007692307692307693,0.2,0.86,2,19632,258,8,0.2,0.01297134238310709,0.9866331658291457,14,200
0.01297134238310709,0.2,0.9923076923076923,0.007692307692307693,0.2,0.88,2,19632,258,8,0.2,0.01297134238310709,0.9866331658291457,14,200
0.024534942182001005,0.2,0.9959183673469387,0.004081632653061225,0.2,0.9,2,19402,488,8,0.2,0.024534942182001005,0.9750753768844221,14,200
0.03328305681246858,0.2,0.9969879518072289,0.0030120481927710845,0.2,0.92,2,19228,662,8,0.2,0.03328305681246858,0.9663316582914573,14,200
0.03986928104575163,0.2,0.9974842767295597,0.0025157232704402514,0.2,0.94,2,19097,793,8,0.2,0.03986928104575163,0.959748743718593,14,200
0.04379084967320261,0.2,0.997709049255441,0.002290950744558992,0.2,0.96,2,19019,871,8,0.2,0.04379084967320261,0.9558291457286432,14,200
0.08240321769733534,0.6,0.9963525835866262,0.00364741641337386,0.6,0.98,6,18251,1639,4,0.6,0.08240321769733534,0.9174371859296483,14,200
0.8357466063348417,1.0,0.9993987855468045,0.0006012144531954548,1.0,1.0,10,3267,16623,0,1.0,0.8357466063348417,0.16467336683417086,14,200
5.0276520864756156e-05,0.0,1.0,0.0,0.0,0.02,0,19889,1,10,0.0,5.0276520864756156e-05,0.9994472361809045,15,200
5.0276520864756156e-05,0.0,1.0,0.0,0.0,0.04,0,19889,1,10,0.0,5.0276520864756156e-05,0.9994472361809045,15,200
5.0276520864756156e-05,0.0,1.0,0.0,0.0,0.06,0,19889,1,10,0.0,5.0276520864756156e-05,0.9994472361809045,15,200
5.0276520864756156e-05,0.0,1.0,0.0,0.0,0.08,0,19889,1,10,0.0,5.0276520864756156e-05,0.9994472361809045,15,200
5.0276520864756156e-05,0.0,1.0,0.0,0.0,0.1,0,19889,1,10,0.0,5.0276520864756156e-05,0.9994472361809045,15,200
5.0276520864756156e-05,0.0,1.0,0.0,0.0,0.12,0,19889,1,10,0.0,5.0276520864756156e-05,0.9994472361809045,15,200
5.0276520864756156e-05,0.0,1.0,0.0,0.0,0.14,0,19889,1,10,0.0,5.0276520864756156e-05,0.9994472361809045,15,200
5.0276520864756156e-05,0.0,1.0,0.0,0.0,0.16,0,19889,1,10,0.0,5.0276520864756156e-05,0.9994472361809045,15,200
5.0276520864756156e-05,0.0,1.0,0.0,0.0,0.18,0,19889,1,10,0.0,5.0276520864756156e-05,0.9994472361809045,15,200
5.0276520864756156e-05,0.0,1.0,0.0,0.0,0.2,0,19889,1,10,0.0,5.0276520864756156e-05,0.9994472361809045,15,200
0.00010055304172951231,0.0,1.0,0.0,0.0,0.22,0,19888,2,10,0.0,0.00010055304172951231,0.9993969849246231,15,200
0.00010055304172951231,0.0,1.0,0.0,0.0,0.24,0,19888,2,10,0.0,0.00010055304172951231,0.9993969849246231,15,200
0.00010055304172951231,0.0,1.0,0.0,0.0,0.26,0,19888,2,10,0.0,0.00010055304172951231,0.9993969849246231,15,200
0.00010055304172951231,0.0,1.0,0.0,0.0,0.28,0,19888,2,10,0.0,0.00010055304172951231,0.9993969849246231,15,200
0.00010055304172951231,0.0,1.0,0.0,0.0,0.3,0,19888,2,10,0.0,0.00010055304172951231,0.9993969849246231,15,200
0.00010055304172951231,0.0,1.0,0.0,0.0,0.32,0,19888,2,10,0.0,0.00010055304172951231,0.9993969849246231,15,200
0.00010055304172951231,0.0,1.0,0.0,0.0,0.34,0,19888,2,10,0.0,0.00010055304172951231,0.9993969849246231,15,200
0.00010055304172951231,0.0,1.0,0.0,0.0,0.36,0,19888,2,10,0.0,0.00010055304172951231,0.9993969849246231,15,200
0.00010055304172951231,0.0,1.0,0.0,0.0,0.38,0,19888,2,10,0.0,0.00010055304172951231,0.9993969849246231,15,200
0.00010055304172951231,0.0,1.0,0.0,0.0,0.4,0,19888,2,10,0.0,0.00010055304172951231,0.9993969849246231,15,200
0.00010055304172951231,0.0,1.0,0.0,0.0,0.42,0,19888,2,10,0.0,0.00010055304172951231,0.9993969849246231,15,200
0.00010055304172951231,0.0,1.0,0.0,0.0,0.44,0,19888,2,10,0.0,0.00010055304172951231,0.9993969849246231,15,200
0.00010055304172951231,0.0,1.0,0.0,0.0,0.46,0,19888,2,10,0.0,0.00010055304172951231,0.9993969849246231,15,200
0.00010055304172951231,0.0,1.0,0.0,0.0,0.48,0,19888,2,10,0.0,0.00010055304172951231,0.9993969849246231,15,200
0.00010055304172951231,0.0,1.0,0.0,0.0,0.5,0,19888,2,10,0.0,0.00010055304172951231,0.9993969849246231,15,200
0.00010055304172951231,0.0,1.0,0.0,0.0,0.52,0,19888,2,10,0.0,0.00010055304172951231,0.9993969849246231,15,200
0.00010055304172951231,0.0,1.0,0.0,0.0,0.54,0,19888,2,10,0.0,0.00010055304172951231,0.9993969849246231,15,200
0.00261437908496732,0.0,1.0,0.0,0.0,0.56,0,19838,52,10,0.0,0.00261437908496732,0.9968844221105527,15,200
0.0030165912518853697,0.0,1.0,0.0,0.0,0.58,0,19830,60,10,0.0,0.0030165912518853697,0.9964824120603015,15,200
0.0030165912518853697,0.0,1.0,0.0,0.0,0.6,0,19830,60,10,0.0,0.0030165912518853697,0.9964824120603015,15,200
0.004022121669180492,0.0,1.0,0.0,0.0,0.62,0,19810,80,10,0.0,0.004022121669180492,0.9954773869346734,15,200
0.0047762694821518355,0.0,1.0,0.0,0.0,0.64,0,19795,95,10,0.0,0.0047762694821518355,0.9947236180904523,15,200
0.005429864253393665,0.0,1.0,0.0,0.0,0.66,0,19782,108,10,0.0,0.005429864253393665,0.994070351758794,15,200
0.005429864253393665,0.0,1.0,0.0,0.0,0.68,0,19782,108,10,0.0,0.005429864253393665,0.994070351758794,15,200
0.00718954248366013,0.0,1.0,0.0,0.0,0.7,0,19747,143,10,0.0,0.00718954248366013,0.9923115577889448,15,200
0.00824534942182001,0.0,1.0,0.0,0.0,0.72,0,19726,164,10,0.0,0.00824534942182001,0.9912562814070351,15,200
0.009250879839115133,0.1,0.9945945945945946,0.005405405405405406,0.1,0.74,1,19706,184,9,0.1,0.009250879839115133,0.9903015075376884,15,200
0.009250879839115133,0.1,0.9945945945945946,0.005405405405405406,0.1,0.76,1,19706,184,9,0.1,0.009250879839115133,0.9903015075376884,15,200
0.013976872800402213,0.2,0.9928571428571429,0.007142857142857143,0.2,0.78,2,19612,278,8,0.2,0.013976872800402213,0.9856281407035176,15,200
0.015887380593262945,0.2,0.9937106918238994,0.006289308176100629,0.2,0.8,2,19574,316,8,0.2,0.015887380593262945,0.9837185929648241,15,200
0.02423328305681247,0.2,0.9958677685950413,0.004132231404958678,0.2,0.82,2,19408,482,8,0.2,0.02423328305681247,0.9753768844221106,15,200
0.03092006033182504,0.2,0.9967585089141004,0.0032414910858995136,0.2,0.84,2,19275,615,8,0.2,0.03092006033182504,0.9686934673366834,15,200
0.03459024635495224,0.2,0.9971014492753624,0.002898550724637681,0.2,0.86,2,19202,688,8,0.2,0.03459024635495224,0.9650251256281407,15,200
0.03459024635495224,0.2,0.9971014492753624,0.002898550724637681,0.2,0.88,2,19202,688,8,0.2,0.03459024635495224,0.9650251256281407,15,200
0.04333836098541981,0.3,0.9965317919075144,0.003468208092485549,0.3,0.9,3,19028,862,7,0.3,0.04333836098541981,0.9563316582914573,15,200
0.06143790849673202,0.3,0.9975510204081632,0.0024489795918367346,0.3,0.92,3,18668,1222,7,0.3,0.06143790849673202,0.9382412060301507,15,200
0.08547008547008547,0.4,0.9976525821596244,0.002347417840375587,0.4,0.94,4,18190,1700,6,0.4,0.08547008547008547,0.9142713567839196,15,200
0.11689291101055807,0.5,0.9978540772532188,0.002145922746781116,0.5,0.96,5,17565,2325,5,0.5,0.11689291101055807,0.8829145728643216,15,200
0.1412770236299648,0.6,0.9978693181818182,0.002130681818181818,0.6,0.98,6,17080,2810,4,0.6,0.1412770236299648,0.8585929648241206,15,200
0.5965309200603318,0.8,0.9993262023077571,0.000673797692242904,0.8,1.0,8,8025,11865,2,0.8,0.5965309200603318,0.4036683417085427,15,200
0.0,0.0,0.0,,0.0,0.02,0,19890,0,10,0.0,0.0,0.9994974874371859,16,200
0.0,0.0,0.0,,0.0,0.04,0,19890,0,10,0.0,0.0,0.9994974874371859,16,200
0.0,0.0,0.0,,0.0,0.06,0,19890,0,10,0.0,0.0,0.9994974874371859,16,200
0.0,0.0,0.0,,0.0,0.08,0,19890,0,10,0.0,0.0,0.9994974874371859,16,200
0.0,0.0,0.0,,0.0,0.1,0,19890,0,10,0.0,0.0,0.9994974874371859,16,200
0.0,0.0,0.0,,0.0,0.12,0,19890,0,10,0.0,0.0,0.9994974874371859,16,200
0.0,0.0,0.0,,0.0,0.14,0,19890,0,10,0.0,0.0,0.9994974874371859,16,200
0.0,0.0,0.0,,0.0,0.16,0,19890,0,10,0.0,0.0,0.9994974874371859,16,200
0.0,0.0,0.0,,0.0,0.18,0,19890,0,10,0.0,0.0,0.9994974874371859,16,200
0.0,0.0,0.0,,0.0,0.2,0,19890,0,10,0.0,0.0,0.9994974874371859,16,200
0.0,0.0,0.0,,0.0,0.22,0,19890,0,10,0.0,0.0,0.9994974874371859,16,200
0.0,0.0,0.0,,0.0,0.24,0,19890,0,10,0.0,0.0,0.9994974874371859,16,200
0.0,0.0,0.0,,0.0,0.26,0,19890,0,10,0.0,0.0,0.9994974874371859,16,200
0.0,0.0,0.0,,0.0,0.28,0,19890,0,10,0.0,0.0,0.9994974874371859,16,200
0.0,0.0,0.0,,0.0,0.3,0,19890,0,10,0.0,0.0,0.9994974874371859,16,200
0.0,0.0,0.0,,0.0,0.32,0,19890,0,10,0.0,0.0,0.9994974874371859,16,200
0.0,0.0,0.0,,0.0,0.34,0,19890,0,10,0.0,0.0,0.9994974874371859,16,200
0.0,0.0,0.0,,0.0,0.36,0,19890,0,10,0.0,0.0,0.9994974874371859,16,200
0.0,0.0,0.0,,0.0,0.38,0,19890,0,10,0.0,0.0,0.9994974874371859,16,200
0.0,0.0,0.0,,0.0,0.4,0,19890,0,10,0.0,0.0,0.9994974874371859,16,200
0.0,0.0,0.0,,0.0,0.42,0,19890,0,10,0.0,0.0,0.9994974874371859,16,200
0.0,0.0,0.0,,0.0,0.44,0,19890,0,10,0.0,0.0,0.9994974874371859,16,200
0.0,0.0,0.0,,0.0,0.46,0,19890,0,10,0.0,0.0,0.9994974874371859,16,200
0.0,0.0,0.0,,0.0,0.48,0,19890,0,10,0.0,0.0,0.9994974874371859,16,200
0.0,0.0,0.0,,0.0,0.5,0,19890,0,10,0.0,0.0,0.9994974874371859,16,200
0.0,0.0,0.0,,0.0,0.52,0,19890,0,10,0.0,0.0,0.9994974874371859,16,200
0.0,0.0,0.0,,0.0,0.54,0,19890,0,10,0.0,0.0,0.9994974874371859,16,200
0.0,0.0,0.0,,0.0,0.56,0,19890,0,10,0.0,0.0,0.9994974874371859,16,200
0.0,0.0,0.0,,0.0,0.58,0,19890,0,10,0.0,0.0,0.9994974874371859,16,200
0.0,0.0,0.0,,0.0,0.6,0,19890,0,10,0.0,0.0,0.9994974874371859,16,200
0.0,0.0,0.0,,0.0,0.62,0,19890,0,10,0.0,0.0,0.9994974874371859,16,200
0.0,0.0,0.0,,0.0,0.64,0,19890,0,10,0.0,0.0,0.9994974874371859,16,200
0.0,0.0,0.0,,0.0,0.66,0,19890,0,10,0.0,0.0,0.9994974874371859,16,200
0.0,0.0,0.0,,0.0,0.68,0,19890,0,10,0.0,0.0,0.9994974874371859,16,200
0.0,0.0,0.0,,0.0,0.7,0,19890,0,10,0.0,0.0,0.9994974874371859,16,200
0.0,0.0,0.0,,0.0,0.72,0,19890,0,10,0.0,0.0,0.9994974874371859,16,200
0.0,0.0,0.0,,0.0,0.74,0,19890,0,10,0.0,0.0,0.9994974874371859,16,200
0.0011060834590246355,0.1,0.9565217391304348,0.043478260869565216,0.1,0.76,1,19868,22,9,0.1,0.0011060834590246355,0.9984422110552764,16,200
0.0011060834590246355,0.1,0.9565217391304348,0.043478260869565216,0.1,0.78,1,19868,22,9,0.1,0.0011060834590246355,0.9984422110552764,16,200
0.0014077425842131724,0.1,0.9655172413793104,0.034482758620689655,0.1,0.8,1,19862,28,9,0.1,0.0014077425842131724,0.998140703517588,16,200
0.001608848667672197,0.1,0.9696969696969697,0.030303030303030304,0.1,0.82,1,19858,32,9,0.1,0.001608848667672197,0.9979396984924623,16,200
0.001608848667672197,0.1,0.9696969696969697,0.030303030303030304,0.1,0.84,1,19858,32,9,0.1,0.001608848667672197,0.9979396984924623,16,200
0.008396178984414278,0.1,0.9940476190476191,0.005952380952380952,0.1,0.86,1,19723,167,9,0.1,0.008396178984414278,0.9911557788944724,16,200
0.009401709401709401,0.1,0.9946808510638298,0.005319148936170213,0.1,0.88,1,19703,187,9,0.1,0.009401709401709401,0.9901507537688442,16,200
0.030568124685771744,0.2,0.9967213114754099,0.003278688524590164,0.2,0.9,2,19282,608,8,0.2,0.030568124685771744,0.9690452261306532,16,200
0.04917043740573152,0.3,0.9969418960244648,0.0030581039755351682,0.3,0.92,3,18912,978,7,0.3,0.04917043740573152,0.950502512562814,16,200
0.05314228255404726,0.4,0.9962299717247879,0.003770028275212064,0.4,0.94,4,18833,1057,6,0.4,0.05314228255404726,0.9465829145728644,16,200
0.06219205630970337,0.4,0.9967767929089444,0.0032232070910556,0.4,0.96,4,18653,1237,6,0.4,0.06219205630970337,0.9375376884422111,16,200
0.0865761689291101,0.6,0.9965277777777778,0.003472222222222222,0.6,0.98,6,18168,1722,4,0.6,0.0865761689291101,0.9132663316582914,16,200
0.689693313222725,1.0,0.9992715617715617,0.0007284382284382285,1.0,1.0,10,6172,13718,0,1.0,0.689693313222725,0.3106532663316583,16,200
0.0,0.0,0.0,,0.0,0.02,0,19890,0,10,0.0,0.0,0.9994974874371859,17,200
0.0,0.0,0.0,,0.0,0.04,0,19890,0,10,0.0,0.0,0.9994974874371859,17,200
0.0,0.0,0.0,,0.0,0.06,0,19890,0,10,0.0,0.0,0.9994974874371859,17,200
0.0,0.0,0.0,,0.0,0.08,0,19890,0,10,0.0,0.0,0.9994974874371859,17,200
0.0,0.0,0.0,,0.0,0.1,0,19890,0,10,0.0,0.0,0.9994974874371859,17,200
0.0,0.0,0.0,,0.0,0.12,0,19890,0,10,0.0,0.0,0.9994974874371859,17,200
0.0,0.0,0.0,,0.0,0.14,0,19890,0,10,0.0,0.0,0.9994974874371859,17,200
0.0,0.0,0.0,,0.0,0.16,0,19890,0,10,0.0,0.0,0.9994974874371859,17,200
0.0,0.0,0.0,,0.0,0.18,0,19890,0,10,0.0,0.0,0.9994974874371859,17,200
0.0,0.0,0.0,,0.0,0.2,0,19890,0,10,0.0,0.0,0.9994974874371859,17,200
0.0,0.0,0.0,,0.0,0.22,0,19890,0,10,0.0,0.0,0.9994974874371859,17,200
0.0,0.0,0.0,,0.0,0.24,0,19890,0,10,0.0,0.0,0.9994974874371859,17,200
0.0,0.0,0.0,,0.0,0.26,0,19890,0,10,0.0,0.0,0.9994974874371859,17,200
0.0,0.0,0.0,,0.0,0.28,0,19890,0,10,0.0,0.0,0.9994974874371859,17,200
0.0,0.0,0.0,,0.0,0.3,0,19890,0,10,0.0,0.0,0.9994974874371859,17,200
0.0,0.0,0.0,,0.0,0.32,0,19890,0,10,0.0,0.0,0.9994974874371859,17,200
0.0,0.0,0.0,,0.0,0.34,0,19890,0,10,0.0,0.0,0.9994974874371859,17,200
0.0,0.0,0.0,,0.0,0.36,0,19890,0,10,0.0,0.0,0.9994974874371859,17,200
0.0,0.0,0.0,,0.0,0.38,0,19890,0,10,0.0,0.0,0.9994974874371859,17,200
0.0,0.0,0.0,,0.0,0.4,0,19890,0,10,0.0,0.0,0.9994974874371859,17,200
0.0,0.0,0.0,,0.0,0.42,0,19890,0,10,0.0,0.0,0.9994974874371859,17,200
0.0,0.0,0.0,,0.0,0.44,0,19890,0,10,0.0,0.0,0.9994974874371859,17,200
0.0,0.0,0.0,,0.0,0.46,0,19890,0,10,0.0,0.0,0.9994974874371859,17,200
0.0,0.0,0.0,,0.0,0.48,0,19890,0,10,0.0,0.0,0.9994974874371859,17,200
0.0,0.0,0.0,,0.0,0.5,0,19890,0,10,0.0,0.0,0.9994974874371859,17,200
0.0,0.0,0.0,,0.0,0.52,0,19890,0,10,0.0,0.0,0.9994974874371859,17,200
0.0,0.0,0.0,,0.0,0.54,0,19890,0,10,0.0,0.0,0.9994974874371859,17,200
0.0,0.0,0.0,,0.0,0.56,0,19890,0,10,0.0,0.0,0.9994974874371859,17,200
0.0,0.0,0.0,,0.0,0.58,0,19890,0,10,0.0,0.0,0.9994974874371859,17,200
0.0,0.0,0.0,,0.0,0.6,0,19890,0,10,0.0,0.0,0.9994974874371859,17,200
0.0,0.0,0.0,,0.0,0.62,0,19890,0,10,0.0,0.0,0.9994974874371859,17,200
0.0,0.0,0.0,,0.0,0.64,0,19890,0,10,0.0,0.0,0.9994974874371859,17,200
0.0,0.0,0.0,,0.0,0.66,0,19890,0,10,0.0,0.0,0.9994974874371859,17,200
0.0,0.0,0.0,,0.0,0.68,0,19890,0,10,0.0,0.0,0.9994974874371859,17,200
0.0,0.0,0.0,,0.0,0.7,0,19890,0,10,0.0,0.0,0.9994974874371859,17,200
0.0012066365007541479,0.0,1.0,0.0,0.0,0.72,0,19866,24,10,0.0,0.0012066365007541479,0.9982914572864322,17,200
0.0012066365007541479,0.0,1.0,0.0,0.0,0.74,0,19866,24,10,0.0,0.0012066365007541479,0.9982914572864322,17,200
0.0012066365007541479,0.0,1.0,0.0,0.0,0.76,0,19866,24,10,0.0,0.0012066365007541479,0.9982914572864322,17,200
0.0012066365007541479,0.0,1.0,0.0,0.0,0.78,0,19866,24,10,0.0,0.0012066365007541479,0.9982914572864322,17,200
0.0012066365007541479,0.0,1.0,0.0,0.0,0.8,0,19866,24,10,0.0,0.0012066365007541479,0.9982914572864322,17,200
0.0012066365007541479,0.0,1.0,0.0,0.0,0.82,0,19866,24,10,0.0,0.0012066365007541479,0.9982914572864322,17,200
0.0012066365007541479,0.0,1.0,0.0,0.0,0.84,0,19866,24,10,0.0,0.0012066365007541479,0.9982914572864322,17,200
0.0012066365007541479,0.0,1.0,0.0,0.0,0.86,0,19866,24,10,0.0,0.0012066365007541479,0.9982914572864322,17,200
0.0012066365007541479,0.0,1.0,0.0,0.0,0.88,0,19866,24,10,0.0,0.0012066365007541479,0.9982914572864322,17,200
0.0017596782302664656,0.0,1.0,0.0,0.0,0.9,0,19855,35,10,0.0,0.0017596782302664656,0.9977386934673367,17,200
0.003418803418803419,0.0,1.0,0.0,0.0,0.92,0,19822,68,10,0.0,0.003418803418803419,0.9960804020100502,17,200
0.003770739064856712,0.1,0.9868421052631579,0.013157894736842105,0.1,0.94,1,19815,75,9,0.1,0.003770739064856712,0.9957788944723618,17,200
0.007993966817496229,0.3,0.9814814814814815,0.018518518518518517,0.3,0.96,3,19731,159,7,0.3,0.007993966817496229,0.9916582914572865,17,200
0.020211161387631977,0.3,0.9925925925925926,0.007407407407407408,0.3,0.98,3,19488,402,7,0.3,0.020211161387631977,0.9794472361809046,17,200
0.8362493715434892,0.9,0.9994591996154308,0.0005408003845691623,0.9,1.0,9,3257,16633,1,0.9,0.8362493715434892,0.1641206030150754,17,200
0.0,0.0,0.0,,0.0,0.02,0,19890,0,10,0.0,0.0,0.9994974874371859,18,200
0.00010055304172951231,0.0,1.0,0.0,0.0,0.04,0,19888,2,10,0.0,0.00010055304172951231,0.9993969849246231,18,200
0.00010055304172951231,0.0,1.0,0.0,0.0,0.06,0,19888,2,10,0.0,0.00010055304172951231,0.9993969849246231,18,200
0.00010055304172951231,0.0,1.0,0.0,0.0,0.08,0,19888,2,10,0.0,0.00010055304172951231,0.9993969849246231,18,200
0.00010055304172951231,0.0,1.0,0.0,0.0,0.1,0,19888,2,10,0.0,0.00010055304172951231,0.9993969849246231,18,200
0.00010055304172951231,0.1,0.6666666666666666,0.3333333333333333,0.1,0.12,1,19888,2,9,0.1,0.00010055304172951231,0.9994472361809045,18,200
0.00010055304172951231,0.1,0.6666666666666666,0.3333333333333333,0.1,0.14,1,19888,2,9,0.1,0.00010055304172951231,0.9994472361809045,18,200
0.00010055304172951231,0.1,0.6666666666666666,0.3333333333333333,0.1,0.16,1,19888,2,9,0.1,0.00010055304172951231,0.9994472361809045,18,200
0.00010055304172951231,0.1,0.6666666666666666,0.3333333333333333,0.1,0.18,1,19888,2,9,0.1,0.00010055304172951231,0.9994472361809045,18,200
0.00010055304172951231,0.1,0.6666666666666666,0.3333333333333333,0.1,0.2,1,19888,2,9,0.1,0.00010055304172951231,0.9994472361809045,18,200
0.00010055304172951231,0.1,0.6666666666666666,0.3333333333333333,0.1,0.22,1,19888,2,9,0.1,0.00010055304172951231,0.9994472361809045,18,200
0.00010055304172951231,0.1,0.6666666666666666,0.3333333333333333,0.1,0.24,1,19888,2,9,0.1,0.00010055304172951231,0.9994472361809045,18,200
0.00010055304172951231,0.1,0.6666666666666666,0.3333333333333333,0.1,0.26,1,19888,2,9,0.1,0.00010055304172951231,0.9994472361809045,18,200
0.00010055304172951231,0.1,0.6666666666666666,0.3333333333333333,0.1,0.28,1,19888,2,9,0.1,0.00010055304172951231,0.9994472361809045,18,200
0.00010055304172951231,0.1,0.6666666666666666,0.3333333333333333,0.1,0.3,1,19888,2,9,0.1,0.00010055304172951231,0.9994472361809045,18,200
0.00015082956259426848,0.1,0.75,0.25,0.1,0.32,1,19887,3,9,0.1,0.00015082956259426848,0.9993969849246231,18,200
0.00015082956259426848,0.1,0.75,0.25,0.1,0.34,1,19887,3,9,0.1,0.00015082956259426848,0.9993969849246231,18,200
0.00015082956259426848,0.1,0.75,0.25,0.1,0.36,1,19887,3,9,0.1,0.00015082956259426848,0.9993969849246231,18,200
0.00015082956259426848,0.1,0.75,0.25,0.1,0.38,1,19887,3,9,0.1,0.00015082956259426848,0.9993969849246231,18,200
0.00020110608345902463,0.1,0.8,0.2,0.1,0.4,1,19886,4,9,0.1,0.00020110608345902463,0.9993467336683417,18,200
0.00020110608345902463,0.1,0.8,0.2,0.1,0.42,1,19886,4,9,0.1,0.00020110608345902463,0.9993467336683417,18,200
0.00020110608345902463,0.1,0.8,0.2,0.1,0.44,1,19886,4,9,0.1,0.00020110608345902463,0.9993467336683417,18,200
0.00020110608345902463,0.1,0.8,0.2,0.1,0.46,1,19886,4,9,0.1,0.00020110608345902463,0.9993467336683417,18,200
0.00020110608345902463,0.1,0.8,0.2,0.1,0.48,1,19886,4,9,0.1,0.00020110608345902463,0.9993467336683417,18,200
0.00020110608345902463,0.1,0.8,0.2,0.1,0.5,1,19886,4,9,0.1,0.00020110608345902463,0.9993467336683417,18,200
0.00020110608345902463,0.1,0.8,0.2,0.1,0.52,1,19886,4,9,0.1,0.00020110608345902463,0.9993467336683417,18,200
0.0003519356460532931,0.1,0.875,0.125,0.1,0.54,1,19883,7,9,0.1,0.0003519356460532931,0.9991959798994975,18,200
0.0003519356460532931,0.1,0.875,0.125,0.1,0.56,1,19883,7,9,0.1,0.0003519356460532931,0.9991959798994975,18,200
0.0003519356460532931,0.1,0.875,0.125,0.1,0.58,1,19883,7,9,0.1,0.0003519356460532931,0.9991959798994975,18,200
0.0003519356460532931,0.1,0.875,0.125,0.1,0.6,1,19883,7,9,0.1,0.0003519356460532931,0.9991959798994975,18,200
0.0003519356460532931,0.1,0.875,0.125,0.1,0.62,1,19883,7,9,0.1,0.0003519356460532931,0.9991959798994975,18,200
0.0003519356460532931,0.1,0.875,0.125,0.1,0.64,1,19883,7,9,0.1,0.0003519356460532931,0.9991959798994975,18,200
0.0003519356460532931,0.1,0.875,0.125,0.1,0.66,1,19883,7,9,0.1,0.0003519356460532931,0.9991959798994975,18,200
0.0003519356460532931,0.1,0.875,0.125,0.1,0.68,1,19883,7,9,0.1,0.0003519356460532931,0.9991959798994975,18,200
0.00040221216691804925,0.1,0.8888888888888888,0.1111111111111111,0.1,0.7,1,19882,8,9,0.1,0.00040221216691804925,0.999145728643216,18,200
0.00040221216691804925,0.1,0.8888888888888888,0.1111111111111111,0.1,0.72,1,19882,8,9,0.1,0.00040221216691804925,0.999145728643216,18,200
0.00040221216691804925,0.1,0.8888888888888888,0.1111111111111111,0.1,0.74,1,19882,8,9,0.1,0.00040221216691804925,0.999145728643216,18,200
0.00040221216691804925,0.1,0.8888888888888888,0.1111111111111111,0.1,0.76,1,19882,8,9,0.1,0.00040221216691804925,0.999145728643216,18,200
0.00040221216691804925,0.1,0.8888888888888888,0.1111111111111111,0.1,0.78,1,19882,8,9,0.1,0.00040221216691804925,0.999145728643216,18,200
0.00040221216691804925,0.1,0.8888888888888888,0.1111111111111111,0.1,0.8,1,19882,8,9,0.1,0.00040221216691804925,0.999145728643216,18,200
0.00040221216691804925,0.1,0.8888888888888888,0.1111111111111111,0.1,0.82,1,19882,8,9,0.1,0.00040221216691804925,0.999145728643216,18,200
0.00040221216691804925,0.1,0.8888888888888888,0.1111111111111111,0.1,0.84,1,19882,8,9,0.1,0.00040221216691804925,0.999145728643216,18,200
0.002161890397184515,0.1,0.9772727272727273,0.022727272727272728,0.1,0.86,1,19847,43,9,0.1,0.002161890397184515,0.9973869346733668,18,200
0.002161890397184515,0.1,0.9772727272727273,0.022727272727272728,0.1,0.88,1,19847,43,9,0.1,0.002161890397184515,0.9973869346733668,18,200
0.0029160382101558573,0.1,0.9830508474576272,0.01694915254237288,0.1,0.9,1,19832,58,9,0.1,0.0029160382101558573,0.9966331658291457,18,200
0.0029160382101558573,0.1,0.9830508474576272,0.01694915254237288,0.1,0.92,1,19832,58,9,0.1,0.0029160382101558573,0.9966331658291457,18,200
0.0033182503770739064,0.1,0.9850746268656716,0.014925373134328358,0.1,0.94,1,19824,66,9,0.1,0.0033182503770739064,0.9962311557788944,18,200
0.003770739064856712,0.1,0.9868421052631579,0.013157894736842105,0.1,0.96,1,19815,75,9,0.1,0.003770739064856712,0.9957788944723618,18,200
0.003770739064856712,0.1,0.9868421052631579,0.013157894736842105,0.1,0.98,1,19815,75,9,0.1,0.003770739064856712,0.9957788944723618,18,200
0.9615384615384616,1.0,0.9994773974392475,0.0005226025607525476,1.0,1.0,10,765,19125,0,1.0,0.9615384615384616,0.038944723618090454,18,200
5.0276520864756156e-05,0.0,1.0,0.0,0.0,0.02,0,19889,1,10,0.0,5.0276520864756156e-05,0.9994472361809045,19,200
5.0276520864756156e-05,0.0,1.0,0.0,0.0,0.04,0,19889,1,10,0.0,5.0276520864756156e-05,0.9994472361809045,19,200
5.0276520864756156e-05,0.0,1.0,0.0,0.0,0.06,0,19889,1,10,0.0,5.0276520864756156e-05,0.9994472361809045,19,200
5.0276520864756156e-05,0.0,1.0,0.0,0.0,0.08,0,19889,1,10,0.0,5.0276520864756156e-05,0.9994472361809045,19,200
5.0276520864756156e-05,0.0,1.0,0.0,0.0,0.1,0,19889,1,10,0.0,5.0276520864756156e-05,0.9994472361809045,19,200
5.0276520864756156e-05,0.0,1.0,0.0,0.0,0.12,0,19889,1,10,0.0,5.0276520864756156e-05,0.9994472361809045,19,200
5.0276520864756156e-05,0.0,1.0,0.0,0.0,0.14,0,19889,1,10,0.0,5.0276520864756156e-05,0.9994472361809045,19,200
5.0276520864756156e-05,0.0,1.0,0.0,0.0,0.16,0,19889,1,10,0.0,5.0276520864756156e-05,0.9994472361809045,19,200
5.0276520864756156e-05,0.0,1.0,0.0,0.0,0.18,0,19889,1,10,0.0,5.0276520864756156e-05,0.9994472361809045,19,200
5.0276520864756156e-05,0.0,1.0,0.0,0.0,0.2,0,19889,1,10,0.0,5.0276520864756156e-05,0.9994472361809045,19,200
0.00025138260432378077,0.0,1.0,0.0,0.0,0.22,0,19885,5,10,0.0,0.00025138260432378077,0.9992462311557789,19,200
0.00025138260432378077,0.0,1.0,0.0,0.0,0.24,0,19885,5,10,0.0,0.00025138260432378077,0.9992462311557789,19,200
0.00025138260432378077,0.0,1.0,0.0,0.0,0.26,0,19885,5,10,0.0,0.00025138260432378077,0.9992462311557789,19,200
0.00025138260432378077,0.0,1.0,0.0,0.0,0.28,0,19885,5,10,0.0,0.00025138260432378077,0.9992462311557789,19,200
0.0003519356460532931,0.0,1.0,0.0,0.0,0.3,0,19883,7,10,0.0,0.0003519356460532931,0.999145728643216,19,200
0.0003519356460532931,0.0,1.0,0.0,0.0,0.32,0,19883,7,10,0.0,0.0003519356460532931,0.999145728643216,19,200
0.0003519356460532931,0.0,1.0,0.0,0.0,0.34,0,19883,7,10,0.0,0.0003519356460532931,0.999145728643216,19,200
0.0005027652086475615,0.1,0.9090909090909091,0.09090909090909091,0.1,0.36,1,19880,10,9,0.1,0.0005027652086475615,0.9990452261306533,19,200
0.0005027652086475615,0.1,0.9090909090909091,0.09090909090909091,0.1,0.38,1,19880,10,9,0.1,0.0005027652086475615,0.9990452261306533,19,200
0.0005027652086475615,0.1,0.9090909090909091,0.09090909090909091,0.1,0.4,1,19880,10,9,0.1,0.0005027652086475615,0.9990452261306533,19,200
0.0005027652086475615,0.1,0.9090909090909091,0.09090909090909091,0.1,0.42,1,19880,10,9,0.1,0.0005027652086475615,0.9990452261306533,19,200
0.0005027652086475615,0.1,0.9090909090909091,0.09090909090909091,0.1,0.44,1,19880,10,9,0.1,0.0005027652086475615,0.9990452261306533,19,200
0.0006033182503770739,0.1,0.9230769230769231,0.07692307692307693,0.1,0.46,1,19878,12,9,0.1,0.0006033182503770739,0.9989447236180905,19,200
0.0006033182503770739,0.1,0.9230769230769231,0.07692307692307693,0.1,0.48,1,19878,12,9,0.1,0.0006033182503770739,0.9989447236180905,19,200
0.0006033182503770739,0.1,0.9230769230769231,0.07692307692307693,0.1,0.5,1,19878,12,9,0.1,0.0006033182503770739,0.9989447236180905,19,200
0.0006033182503770739,0.1,0.9230769230769231,0.07692307692307693,0.1,0.52,1,19878,12,9,0.1,0.0006033182503770739,0.9989447236180905,19,200
0.0006033182503770739,0.1,0.9230769230769231,0.07692307692307693,0.1,0.54,1,19878,12,9,0.1,0.0006033182503770739,0.9989447236180905,19,200
0.0006033182503770739,0.1,0.9230769230769231,0.07692307692307693,0.1,0.56,1,19878,12,9,0.1,0.0006033182503770739,0.9989447236180905,19,200
0.001608848667672197,0.1,0.9696969696969697,0.030303030303030304,0.1,0.58,1,19858,32,9,0.1,0.001608848667672197,0.9979396984924623,19,200
0.001608848667672197,0.1,0.9696969696969697,0.030303030303030304,0.1,0.6,1,19858,32,9,0.1,0.001608848667672197,0.9979396984924623,19,200
0.001608848667672197,0.1,0.9696969696969697,0.030303030303030304,0.1,0.62,1,19858,32,9,0.1,0.001608848667672197,0.9979396984924623,19,200
0.0017596782302664656,0.1,0.9722222222222222,0.027777777777777776,0.1,0.64,1,19855,35,9,0.1,0.0017596782302664656,0.9977889447236181,19,200
0.0017596782302664656,0.1,0.9722222222222222,0.027777777777777776,0.1,0.66,1,19855,35,9,0.1,0.0017596782302664656,0.9977889447236181,19,200
0.00196078431372549,0.1,0.975,0.025,0.1,0.68,1,19851,39,9,0.1,0.00196078431372549,0.9975879396984925,19,200
0.003217697335344394,0.1,0.9846153846153847,0.015384615384615385,0.1,0.7,1,19826,64,9,0.1,0.003217697335344394,0.9963316582914573,19,200
0.0037204625439919555,0.1,0.9866666666666667,0.013333333333333334,0.1,0.72,1,19816,74,9,0.1,0.0037204625439919555,0.9958291457286432,19,200
0.0037204625439919555,0.1,0.9866666666666667,0.013333333333333334,0.1,0.74,1,19816,74,9,0.1,0.0037204625439919555,0.9958291457286432,19,200
0.0037204625439919555,0.1,0.9866666666666667,0.013333333333333334,0.1,0.76,1,19816,74,9,0.1,0.0037204625439919555,0.9958291457286432,19,200
0.006636500754147813,0.2,0.9850746268656716,0.014925373134328358,0.2,0.78,2,19758,132,8,0.2,0.006636500754147813,0.992964824120603,19,200
0.007642031171442936,0.2,0.987012987012987,0.012987012987012988,0.2,0.8,2,19738,152,8,0.2,0.007642031171442936,0.9919597989949749,19,200
0.007642031171442936,0.2,0.987012987012987,0.012987012987012988,0.2,0.82,2,19738,152,8,0.2,0.007642031171442936,0.9919597989949749,19,200
0.00849673202614379,0.2,0.9883040935672515,0.011695906432748537,0.2,0.84,2,19721,169,8,0.2,0.00849673202614379,0.9911055276381909,19,200
0.011362493715434891,0.2,0.9912280701754386,0.008771929824561403,0.2,0.86,2,19664,226,8,0.2,0.011362493715434891,0.9882412060301508,19,200
0.011362493715434891,0.2,0.9912280701754386,0.008771929824561403,0.2,0.88,2,19664,226,8,0.2,0.011362493715434891,0.9882412060301508,19,200
0.014479638009049774,0.2,0.993103448275862,0.006896551724137931,0.2,0.9,2,19602,288,8,0.2,0.014479638009049774,0.9851256281407035,19,200
0.03247863247863248,0.2,0.9969135802469136,0.0030864197530864196,0.2,0.92,2,19244,646,8,0.2,0.03247863247863248,0.9671356783919598,19,200
0.03614881850175968,0.2,0.9972260748959778,0.0027739251040221915,0.2,0.94,2,19171,719,8,0.2,0.03614881850175968,0.9634673366834171,19,200
0.06561085972850679,0.3,0.9977064220183486,0.0022935779816513763,0.3,0.96,3,18585,1305,7,0.3,0.06561085972850679,0.9340703517587939,19,200
0.11121166415284062,0.3,0.9986455981941309,0.0013544018058690745,0.3,0.98,3,17678,2212,7,0.3,0.11121166415284062,0.8884924623115578,19,200
0.9593262946204123,1.0,0.9994761929705097,0.0005238070294903358,1.0,1.0,10,809,19081,0,1.0,0.9593262946204123,0.04115577889447236,19,200
5.0276520864756156e-05,0.0,1.0,0.0,0.0,0.02,0,19889,1,10,0.0,5.0276520864756156e-05,0.9994472361809045,20,200
5.0276520864756156e-05,0.0,1.0,0.0,0.0,0.04,0,19889,1,10,0.0,5.0276520864756156e-05,0.9994472361809045,20,200
5.0276520864756156e-05,0.0,1.0,0.0,0.0,0.06,0,19889,1,10,0.0,5.0276520864756156e-05,0.9994472361809045,20,200
0.0,0.0,0.0,,0.0,0.08,0,19890,0,10,0.0,0.0,0.9994974874371859,20,200
5.0276520864756156e-05,0.0,1.0,0.0,0.0,0.1,0,19889,1,10,0.0,5.0276520864756156e-05,0.9994472361809045,20,200
5.0276520864756156e-05,0.0,1.0,0.0,0.0,0.12,0,19889,1,10,0.0,5.0276520864756156e-05,0.9994472361809045,20,200
5.0276520864756156e-05,0.0,1.0,0.0,0.0,0.14,0,19889,1,10,0.0,5.0276520864756156e-05,0.9994472361809045,20,200
5.0276520864756156e-05,0.0,1.0,0.0,0.0,0.16,0,19889,1,10,0.0,5.0276520864756156e-05,0.9994472361809045,20,200
5.0276520864756156e-05,0.0,1.0,0.0,0.0,0.18,0,19889,1,10,0.0,5.0276520864756156e-05,0.9994472361809045,20,200
5.0276520864756156e-05,0.0,1.0,0.0,0.0,0.2,0,19889,1,10,0.0,5.0276520864756156e-05,0.9994472361809045,20,200
5.0276520864756156e-05,0.0,1.0,0.0,0.0,0.22,0,19889,1,10,0.0,5.0276520864756156e-05,0.9994472361809045,20,200
5.0276520864756156e-05,0.0,1.0,0.0,0.0,0.24,0,19889,1,10,0.0,5.0276520864756156e-05,0.9994472361809045,20,200
5.0276520864756156e-05,0.0,1.0,0.0,0.0,0.26,0,19889,1,10,0.0,5.0276520864756156e-05,0.9994472361809045,20,200
5.0276520864756156e-05,0.0,1.0,0.0,0.0,0.28,0,19889,1,10,0.0,5.0276520864756156e-05,0.9994472361809045,20,200
5.0276520864756156e-05,0.0,1.0,0.0,0.0,0.3,0,19889,1,10,0.0,5.0276520864756156e-05,0.9994472361809045,20,200
0.00015082956259426848,0.0,1.0,0.0,0.0,0.32,0,19887,3,10,0.0,0.00015082956259426848,0.9993467336683417,20,200
0.00015082956259426848,0.0,1.0,0.0,0.0,0.34,0,19887,3,10,0.0,0.00015082956259426848,0.9993467336683417,20,200
0.00015082956259426848,0.0,1.0,0.0,0.0,0.36,0,19887,3,10,0.0,0.00015082956259426848,0.9993467336683417,20,200
0.00015082956259426848,0.0,1.0,0.0,0.0,0.38,0,19887,3,10,0.0,0.00015082956259426848,0.9993467336683417,20,200
0.00015082956259426848,0.0,1.0,0.0,0.0,0.4,0,19887,3,10,0.0,0.00015082956259426848,0.9993467336683417,20,200
0.00015082956259426848,0.0,1.0,0.0,0.0,0.42,0,19887,3,10,0.0,0.00015082956259426848,0.9993467336683417,20,200
0.00015082956259426848,0.0,1.0,0.0,0.0,0.44,0,19887,3,10,0.0,0.00015082956259426848,0.9993467336683417,20,200
0.0005027652086475615,0.0,1.0,0.0,0.0,0.46,0,19880,10,10,0.0,0.0005027652086475615,0.9989949748743718,20,200
0.0005027652086475615,0.0,1.0,0.0,0.0,0.48,0,19880,10,10,0.0,0.0005027652086475615,0.9989949748743718,20,200
0.0005530417295123177,0.0,1.0,0.0,0.0,0.5,0,19879,11,10,0.0,0.0005530417295123177,0.9989447236180905,20,200
0.0005530417295123177,0.0,1.0,0.0,0.0,0.52,0,19879,11,10,0.0,0.0005530417295123177,0.9989447236180905,20,200
0.0005530417295123177,0.0,1.0,0.0,0.0,0.54,0,19879,11,10,0.0,0.0005530417295123177,0.9989447236180905,20,200
0.0005530417295123177,0.0,1.0,0.0,0.0,0.56,0,19879,11,10,0.0,0.0005530417295123177,0.9989447236180905,20,200
0.0005530417295123177,0.0,1.0,0.0,0.0,0.58,0,19879,11,10,0.0,0.0005530417295123177,0.9989447236180905,20,200
0.0005530417295123177,0.0,1.0,0.0,0.0,0.6,0,19879,11,10,0.0,0.0005530417295123177,0.9989447236180905,20,200
0.0009049773755656109,0.0,1.0,0.0,0.0,0.62,0,19872,18,10,0.0,0.0009049773755656109,0.9985929648241206,20,200
0.0009049773755656109,0.0,1.0,0.0,0.0,0.64,0,19872,18,10,0.0,0.0009049773755656109,0.9985929648241206,20,200
0.001005530417295123,0.0,1.0,0.0,0.0,0.66,0,19870,20,10,0.0,0.001005530417295123,0.9984924623115577,20,200
0.001005530417295123,0.0,1.0,0.0,0.0,0.68,0,19870,20,10,0.0,0.001005530417295123,0.9984924623115577,20,200
0.0011060834590246355,0.0,1.0,0.0,0.0,0.7,0,19868,22,10,0.0,0.0011060834590246355,0.998391959798995,20,200
0.0017596782302664656,0.0,1.0,0.0,0.0,0.72,0,19855,35,10,0.0,0.0017596782302664656,0.9977386934673367,20,200
0.0017596782302664656,0.0,1.0,0.0,0.0,0.74,0,19855,35,10,0.0,0.0017596782302664656,0.9977386934673367,20,200
0.0017596782302664656,0.0,1.0,0.0,0.0,0.76,0,19855,35,10,0.0,0.0017596782302664656,0.9977386934673367,20,200
0.0017596782302664656,0.0,1.0,0.0,0.0,0.78,0,19855,35,10,0.0,0.0017596782302664656,0.9977386934673367,20,200
0.0030165912518853697,0.0,1.0,0.0,0.0,0.8,0,19830,60,10,0.0,0.0030165912518853697,0.9964824120603015,20,200
0.0030165912518853697,0.0,1.0,0.0,0.0,0.82,0,19830,60,10,0.0,0.0030165912518853697,0.9964824120603015,20,200
0.0030165912518853697,0.0,1.0,0.0,0.0,0.84,0,19830,60,10,0.0,0.0030165912518853697,0.9964824120603015,20,200
0.005128205128205128,0.0,1.0,0.0,0.0,0.86,0,19788,102,10,0.0,0.005128205128205128,0.9943718592964824,20,200
0.006686777275012569,0.1,0.9925373134328358,0.007462686567164179,0.1,0.88,1,19757,133,9,0.1,0.006686777275012569,0.9928643216080402,20,200
0.007491201608848668,0.1,0.9933333333333333,0.006666666666666667,0.1,0.9,1,19741,149,9,0.1,0.007491201608848668,0.9920603015075377,20,200
0.009703368526897939,0.1,0.9948453608247423,0.005154639175257732,0.1,0.92,1,19697,193,9,0.1,0.009703368526897939,0.9898492462311558,20,200
0.04791352438411262,0.3,0.9968619246861925,0.0031380753138075313,0.3,0.94,3,18937,953,7,0.3,0.04791352438411262,0.9517587939698492,20,200
0.09688285570638512,0.5,0.9974120082815735,0.002587991718426501,0.5,0.96,5,17963,1927,5,0.5,0.09688285570638512,0.9029145728643216,20,200
0.15128205128205127,0.7,0.9976790450928382,0.0023209549071618036,0.7,0.98,7,16881,3009,3,0.7,0.15128205128205127,0.848643216080402,20,200
0.42780291603821013,0.8,0.9990607021251614,0.0009392978748385582,0.8,1.0,8,11381,8509,2,0.8,0.42780291603821013,0.5723115577889447,20,200
0.0,0.0,0.0,,0.0,0.02,0,19890,0,10,0.0,0.0,0.9994974874371859,21,200
0.0,0.0,0.0,,0.0,0.04,0,19890,0,10,0.0,0.0,0.9994974874371859,21,200
0.0,0.0,0.0,,0.0,0.06,0,19890,0,10,0.0,0.0,0.9994974874371859,21,200
0.0,0.0,0.0,,0.0,0.08,0,19890,0,10,0.0,0.0,0.9994974874371859,21,200
0.0,0.0,0.0,,0.0,0.1,0,19890,0,10,0.0,0.0,0.9994974874371859,21,200
0.0,0.0,0.0,,0.0,0.12,0,19890,0,10,0.0,0.0,0.9994974874371859,21,200
0.0,0.0,0.0,,0.0,0.14,0,19890,0,10,0.0,0.0,0.9994974874371859,21,200
0.0,0.0,0.0,,0.0,0.16,0,19890,0,10,0.0,0.0,0.9994974874371859,21,200
0.00015082956259426848,0.0,1.0,0.0,0.0,0.18,0,19887,3,10,0.0,0.00015082956259426848,0.9993467336683417,21,200
0.00015082956259426848,0.0,1.0,0.0,0.0,0.2,0,19887,3,10,0.0,0.00015082956259426848,0.9993467336683417,21,200
0.00015082956259426848,0.0,1.0,0.0,0.0,0.22,0,19887,3,10,0.0,0.00015082956259426848,0.9993467336683417,21,200
0.00015082956259426848,0.0,1.0,0.0,0.0,0.24,0,19887,3,10,0.0,0.00015082956259426848,0.9993467336683417,21,200
0.00015082956259426848,0.0,1.0,0.0,0.0,0.26,0,19887,3,10,0.0,0.00015082956259426848,0.9993467336683417,21,200
0.00015082956259426848,0.0,1.0,0.0,0.0,0.28,0,19887,3,10,0.0,0.00015082956259426848,0.9993467336683417,21,200
0.00015082956259426848,0.0,1.0,0.0,0.0,0.3,0,19887,3,10,0.0,0.00015082956259426848,0.9993467336683417,21,200
0.00015082956259426848,0.0,1.0,0.0,0.0,0.32,0,19887,3,10,0.0,0.00015082956259426848,0.9993467336683417,21,200
0.00015082956259426848,0.0,1.0,0.0,0.0,0.34,0,19887,3,10,0.0,0.00015082956259426848,0.9993467336683417,21,200
0.00015082956259426848,0.0,1.0,0.0,0.0,0.36,0,19887,3,10,0.0,0.00015082956259426848,0.9993467336683417,21,200
0.00015082956259426848,0.0,1.0,0.0,0.0,0.38,0,19887,3,10,0.0,0.00015082956259426848,0.9993467336683417,21,200
0.00015082956259426848,0.0,1.0,0.0,0.0,0.4,0,19887,3,10,0.0,0.00015082956259426848,0.9993467336683417,21,200
0.00015082956259426848,0.0,1.0,0.0,0.0,0.42,0,19887,3,10,0.0,0.00015082956259426848,0.9993467336683417,21,200
0.00015082956259426848,0.0,1.0,0.0,0.0,0.44,0,19887,3,10,0.0,0.00015082956259426848,0.9993467336683417,21,200
0.00015082956259426848,0.0,1.0,0.0,0.0,0.46,0,19887,3,10,0.0,0.00015082956259426848,0.9993467336683417,21,200
0.00015082956259426848,0.0,1.0,0.0,0.0,0.48,0,19887,3,10,0.0,0.00015082956259426848,0.9993467336683417,21,200
0.00015082956259426848,0.0,1.0,0.0,0.0,0.5,0,19887,3,10,0.0,0.00015082956259426848,0.9993467336683417,21,200
0.00025138260432378077,0.0,1.0,0.0,0.0,0.52,0,19885,5,10,0.0,0.00025138260432378077,0.9992462311557789,21,200
0.00025138260432378077,0.0,1.0,0.0,0.0,0.54,0,19885,5,10,0.0,0.00025138260432378077,0.9992462311557789,21,200
0.00025138260432378077,0.0,1.0,0.0,0.0,0.56,0,19885,5,10,0.0,0.00025138260432378077,0.9992462311557789,21,200
0.00025138260432378077,0.0,1.0,0.0,0.0,0.58,0,19885,5,10,0.0,0.00025138260432378077,0.9992462311557789,21,200
0.00025138260432378077,0.0,1.0,0.0,0.0,0.6,0,19885,5,10,0.0,0.00025138260432378077,0.9992462311557789,21,200
0.00025138260432378077,0.0,1.0,0.0,0.0,0.62,0,19885,5,10,0.0,0.00025138260432378077,0.9992462311557789,21,200
0.00025138260432378077,0.0,1.0,0.0,0.0,0.64,0,19885,5,10,0.0,0.00025138260432378077,0.9992462311557789,21,200
0.00025138260432378077,0.0,1.0,0.0,0.0,0.66,0,19885,5,10,0.0,0.00025138260432378077,0.9992462311557789,21,200
0.00025138260432378077,0.0,1.0,0.0,0.0,0.68,0,19885,5,10,0.0,0.00025138260432378077,0.9992462311557789,21,200
0.0007541478129713424,0.0,1.0,0.0,0.0,0.7,0,19875,15,10,0.0,0.0007541478129713424,0.9987437185929648,21,200
0.0007541478129713424,0.0,1.0,0.0,0.0,0.72,0,19875,15,10,0.0,0.0007541478129713424,0.9987437185929648,21,200
0.0007541478129713424,0.0,1.0,0.0,0.0,0.74,0,19875,15,10,0.0,0.0007541478129713424,0.9987437185929648,21,200
0.0007541478129713424,0.0,1.0,0.0,0.0,0.76,0,19875,15,10,0.0,0.0007541478129713424,0.9987437185929648,21,200
0.00130718954248366,0.0,1.0,0.0,0.0,0.78,0,19864,26,10,0.0,0.00130718954248366,0.9981909547738693,21,200
0.00130718954248366,0.0,1.0,0.0,0.0,0.8,0,19864,26,10,0.0,0.00130718954248366,0.9981909547738693,21,200
0.00130718954248366,0.0,1.0,0.0,0.0,0.82,0,19864,26,10,0.0,0.00130718954248366,0.9981909547738693,21,200
0.00130718954248366,0.0,1.0,0.0,0.0,0.84,0,19864,26,10,0.0,0.00130718954248366,0.9981909547738693,21,200
0.0016591251885369532,0.0,1.0,0.0,0.0,0.86,0,19857,33,10,0.0,0.0016591251885369532,0.9978391959798995,21,200
0.0018602312719959778,0.0,1.0,0.0,0.0,0.88,0,19853,37,10,0.0,0.0018602312719959778,0.9976381909547739,21,200
0.002161890397184515,0.0,1.0,0.0,0.0,0.9,0,19847,43,10,0.0,0.002161890397184515,0.9973366834170855,21,200
0.002161890397184515,0.0,1.0,0.0,0.0,0.92,0,19847,43,10,0.0,0.002161890397184515,0.9973366834170855,21,200
0.002161890397184515,0.0,1.0,0.0,0.0,0.94,0,19847,43,10,0.0,0.002161890397184515,0.9973366834170855,21,200
0.003167420814479638,0.0,1.0,0.0,0.0,0.96,0,19827,63,10,0.0,0.003167420814479638,0.9963316582914573,21,200
0.03594771241830065,0.1,0.9986033519553073,0.0013966480446927375,0.1,0.98,1,19175,715,9,0.1,0.03594771241830065,0.9636180904522613,21,200
0.9298139768728004,1.0,0.9994595763078253,0.000540423692174665,1.0,1.0,10,1396,18494,0,1.0,0.9298139768728004,0.07065326633165829,21,200
0.0,0.0,0.0,,0.0,0.02,0,19890,0,10,0.0,0.0,0.9994974874371859,22,200
0.0,0.0,0.0,,0.0,0.04,0,19890,0,10,0.0,0.0,0.9994974874371859,22,200
0.0,0.0,0.0,,0.0,0.06,0,19890,0,10,0.0,0.0,0.9994974874371859,22,200
0.0,0.0,0.0,,0.0,0.08,0,19890,0,10,0.0,0.0,0.9994974874371859,22,200
0.0,0.0,0.0,,0.0,0.1,0,19890,0,10,0.0,0.0,0.9994974874371859,22,200
0.0,0.0,0.0,,0.0,0.12,0,19890,0,10,0.0,0.0,0.9994974874371859,22,200
0.0,0.0,0.0,,0.0,0.14,0,19890,0,10,0.0,0.0,0.9994974874371859,22,200
0.0,0.0,0.0,,0.0,0.16,0,19890,0,10,0.0,0.0,0.9994974874371859,22,200
0.0,0.0,0.0,,0.0,0.18,0,19890,0,10,0.0,0.0,0.9994974874371859,22,200
0.0,0.0,0.0,,0.0,0.2,0,19890,0,10,0.0,0.0,0.9994974874371859,22,200
0.0,0.0,0.0,,0.0,0.22,0,19890,0,10,0.0,0.0,0.9994974874371859,22,200
0.0,0.0,0.0,,0.0,0.24,0,19890,0,10,0.0,0.0,0.9994974874371859,22,200
0.0,0.0,0.0,,0.0,0.26,0,19890,0,10,0.0,0.0,0.9994974874371859,22,200
0.0,0.0,0.0,,0.0,0.28,0,19890,0,10,0.0,0.0,0.9994974874371859,22,200
0.0,0.0,0.0,,0.0,0.3,0,19890,0,10,0.0,0.0,0.9994974874371859,22,200
0.0,0.0,0.0,,0.0,0.32,0,19890,0,10,0.0,0.0,0.9994974874371859,22,200
0.0,0.0,0.0,,0.0,0.34,0,19890,0,10,0.0,0.0,0.9994974874371859,22,200
0.0,0.0,0.0,,0.0,0.36,0,19890,0,10,0.0,0.0,0.9994974874371859,22,200
0.0,0.0,0.0,,0.0,0.38,0,19890,0,10,0.0,0.0,0.9994974874371859,22,200
0.0,0.0,0.0,,0.0,0.4,0,19890,0,10,0.0,0.0,0.9994974874371859,22,200
0.0,0.0,0.0,,0.0,0.42,0,19890,0,10,0.0,0.0,0.9994974874371859,22,200
0.0,0.0,0.0,,0.0,0.44,0,19890,0,10,0.0,0.0,0.9994974874371859,22,200
0.0,0.0,0.0,,0.0,0.46,0,19890,0,10,0.0,0.0,0.9994974874371859,22,200
0.00020110608345902463,0.0,1.0,0.0,0.0,0.48,0,19886,4,10,0.0,0.00020110608345902463,0.9992964824120603,22,200
0.00020110608345902463,0.0,1.0,0.0,0.0,0.5,0,19886,4,10,0.0,0.00020110608345902463,0.9992964824120603,22,200
0.00020110608345902463,0.0,1.0,0.0,0.0,0.52,0,19886,4,10,0.0,0.00020110608345902463,0.9992964824120603,22,200
0.00020110608345902463,0.0,1.0,0.0,0.0,0.54,0,19886,4,10,0.0,0.00020110608345902463,0.9992964824120603,22,200
0.00020110608345902463,0.0,1.0,0.0,0.0,0.56,0,19886,4,10,0.0,0.00020110608345902463,0.9992964824120603,22,200
0.00020110608345902463,0.0,1.0,0.0,0.0,0.58,0,19886,4,10,0.0,0.00020110608345902463,0.9992964824120603,22,200
0.00020110608345902463,0.0,1.0,0.0,0.0,0.6,0,19886,4,10,0.0,0.00020110608345902463,0.9992964824120603,22,200
0.00020110608345902463,0.0,1.0,0.0,0.0,0.62,0,19886,4,10,0.0,0.00020110608345902463,0.9992964824120603,22,200
0.00020110608345902463,0.0,1.0,0.0,0.0,0.64,0,19886,4,10,0.0,0.00020110608345902463,0.9992964824120603,22,200
0.00025138260432378077,0.0,1.0,0.0,0.0,0.66,0,19885,5,10,0.0,0.00025138260432378077,0.9992462311557789,22,200
0.00025138260432378077,0.0,1.0,0.0,0.0,0.68,0,19885,5,10,0.0,0.00025138260432378077,0.9992462311557789,22,200
0.00025138260432378077,0.0,1.0,0.0,0.0,0.7,0,19885,5,10,0.0,0.00025138260432378077,0.9992462311557789,22,200
0.00045248868778280545,0.0,1.0,0.0,0.0,0.72,0,19881,9,10,0.0,0.00045248868778280545,0.9990452261306533,22,200
0.000955253896430367,0.0,1.0,0.0,0.0,0.74,0,19871,19,10,0.0,0.000955253896430367,0.9985427135678392,22,200
0.0011060834590246355,0.0,1.0,0.0,0.0,0.76,0,19868,22,10,0.0,0.0011060834590246355,0.998391959798995,22,200
0.0011060834590246355,0.0,1.0,0.0,0.0,0.78,0,19868,22,10,0.0,0.0011060834590246355,0.998391959798995,22,200
0.0011060834590246355,0.0,1.0,0.0,0.0,0.8,0,19868,22,10,0.0,0.0011060834590246355,0.998391959798995,22,200
0.005681246857717446,0.0,1.0,0.0,0.0,0.82,0,19777,113,10,0.0,0.005681246857717446,0.9938190954773869,22,200
0.007239819004524887,0.0,1.0,0.0,0.0,0.84,0,19746,144,10,0.0,0.007239819004524887,0.9922613065326633,22,200
0.007893413775766717,0.1,0.9936708860759493,0.006329113924050633,0.1,0.86,1,19733,157,9,0.1,0.007893413775766717,0.9916582914572865,22,200
0.007893413775766717,0.1,0.9936708860759493,0.006329113924050633,0.1,0.88,1,19733,157,9,0.1,0.007893413775766717,0.9916582914572865,22,200
0.007893413775766717,0.1,0.9936708860759493,0.006329113924050633,0.1,0.9,1,19733,157,9,0.1,0.007893413775766717,0.9916582914572865,22,200
0.008547008547008548,0.1,0.9941520467836257,0.005847953216374269,0.1,0.92,1,19720,170,9,0.1,0.008547008547008548,0.9910050251256282,22,200
0.009250879839115133,0.2,0.989247311827957,0.010752688172043012,0.2,0.94,2,19706,184,8,0.2,0.009250879839115133,0.9903517587939699,22,200
0.011764705882352941,0.2,0.9915254237288136,0.00847457627118644,0.2,0.96,2,19656,234,8,0.2,0.011764705882352941,0.9878391959798994,22,200
0.025892408245349424,0.2,0.9961315280464217,0.0038684719535783366,0.2,0.98,2,19375,515,8,0.2,0.025892408245349424,0.9737185929648241,22,200
0.967219708396179,0.9,0.9995323946589079,0.00046760534109211826,0.9,1.0,9,652,19238,1,0.9,0.967219708396179,0.03321608040201005,22,200
5.0276520864756156e-05,0.0,1.0,0.0,0.0,0.02,0,19889,1,10,0.0,5.0276520864756156e-05,0.9994472361809045,23,200
5.0276520864756156e-05,0.0,1.0,0.0,0.0,0.04,0,19889,1,10,0.0,5.0276520864756156e-05,0.9994472361809045,23,200
5.0276520864756156e-05,0.0,1.0,0.0,0.0,0.06,0,19889,1,10,0.0,5.0276520864756156e-05,0.9994472361809045,23,200
5.0276520864756156e-05,0.0,1.0,0.0,0.0,0.08,0,19889,1,10,0.0,5.0276520864756156e-05,0.9994472361809045,23,200
5.0276520864756156e-05,0.0,1.0,0.0,0.0,0.1,0,19889,1,10,0.0,5.0276520864756156e-05,0.9994472361809045,23,200
5.0276520864756156e-05,0.0,1.0,0.0,0.0,0.12,0,19889,1,10,0.0,5.0276520864756156e-05,0.9994472361809045,23,200
5.0276520864756156e-05,0.0,1.0,0.0,0.0,0.14,0,19889,1,10,0.0,5.0276520864756156e-05,0.9994472361809045,23,200
5.0276520864756156e-05,0.0,1.0,0.0,0.0,0.16,0,19889,1,10,0.0,5.0276520864756156e-05,0.9994472361809045,23,200
5.0276520864756156e-05,0.0,1.0,0.0,0.0,0.18,0,19889,1,10,0.0,5.0276520864756156e-05,0.9994472361809045,23,200
5.0276520864756156e-05,0.0,1.0,0.0,0.0,0.2,0,19889,1,10,0.0,5.0276520864756156e-05,0.9994472361809045,23,200
5.0276520864756156e-05,0.0,1.0,0.0,0.0,0.22,0,19889,1,10,0.0,5.0276520864756156e-05,0.9994472361809045,23,200
5.0276520864756156e-05,0.0,1.0,0.0,0.0,0.24,0,19889,1,10,0.0,5.0276520864756156e-05,0.9994472361809045,23,200
5.0276520864756156e-05,0.0,1.0,0.0,0.0,0.26,0,19889,1,10,0.0,5.0276520864756156e-05,0.9994472361809045,23,200
5.0276520864756156e-05,0.0,1.0,0.0,0.0,0.28,0,19889,1,10,0.0,5.0276520864756156e-05,0.9994472361809045,23,200
5.0276520864756156e-05,0.0,1.0,0.0,0.0,0.3,0,19889,1,10,0.0,5.0276520864756156e-05,0.9994472361809045,23,200
5.0276520864756156e-05,0.0,1.0,0.0,0.0,0.32,0,19889,1,10,0.0,5.0276520864756156e-05,0.9994472361809045,23,200
5.0276520864756156e-05,0.0,1.0,0.0,0.0,0.34,0,19889,1,10,0.0,5.0276520864756156e-05,0.9994472361809045,23,200
5.0276520864756156e-05,0.0,1.0,0.0,0.0,0.36,0,19889,1,10,0.0,5.0276520864756156e-05,0.9994472361809045,23,200
5.0276520864756156e-05,0.0,1.0,0.0,0.0,0.38,0,19889,1,10,0.0,5.0276520864756156e-05,0.9994472361809045,23,200
5.0276520864756156e-05,0.0,1.0,0.0,0.0,0.4,0,19889,1,10,0.0,5.0276520864756156e-05,0.9994472361809045,23,200
5.0276520864756156e-05,0.0,1.0,0.0,0.0,0.42,0,19889,1,10,0.0,5.0276520864756156e-05,0.9994472361809045,23,200
5.0276520864756156e-05,0.0,1.0,0.0,0.0,0.44,0,19889,1,10,0.0,5.0276520864756156e-05,0.9994472361809045,23,200
0.00025138260432378077,0.0,1.0,0.0,0.0,0.46,0,19885,5,10,0.0,0.00025138260432378077,0.9992462311557789,23,200
0.00025138260432378077,0.0,1.0,0.0,0.0,0.48,0,19885,5,10,0.0,0.00025138260432378077,0.9992462311557789,23,200
0.00025138260432378077,0.0,1.0,0.0,0.0,0.5,0,19885,5,10,0.0,0.00025138260432378077,0.9992462311557789,23,200
0.00025138260432378077,0.0,1.0,0.0,0.0,0.52,0,19885,5,10,0.0,0.00025138260432378077,0.9992462311557789,23,200
0.00065359477124183,0.0,1.0,0.0,0.0,0.54,0,19877,13,10,0.0,0.00065359477124183,0.9988442211055276,23,200
0.00065359477124183,0.0,1.0,0.0,0.0,0.56,0,19877,13,10,0.0,0.00065359477124183,0.9988442211055276,23,200
0.00065359477124183,0.0,1.0,0.0,0.0,0.58,0,19877,13,10,0.0,0.00065359477124183,0.9988442211055276,23,200
0.00065359477124183,0.0,1.0,0.0,0.0,0.6,0,19877,13,10,0.0,0.00065359477124183,0.9988442211055276,23,200
0.00065359477124183,0.0,1.0,0.0,0.0,0.62,0,19877,13,10,0.0,0.00065359477124183,0.9988442211055276,23,200
0.00065359477124183,0.0,1.0,0.0,0.0,0.64,0,19877,13,10,0.0,0.00065359477124183,0.9988442211055276,23,200
0.0011060834590246355,0.0,1.0,0.0,0.0,0.66,0,19868,22,10,0.0,0.0011060834590246355,0.998391959798995,23,200
0.003368526897938663,0.1,0.9852941176470589,0.014705882352941176,0.1,0.68,1,19823,67,9,0.1,0.003368526897938663,0.9961809045226131,23,200
0.003821015585721468,0.1,0.987012987012987,0.012987012987012988,0.1,0.7,1,19814,76,9,0.1,0.003821015585721468,0.9957286432160805,23,200
0.003821015585721468,0.1,0.987012987012987,0.012987012987012988,0.1,0.72,1,19814,76,9,0.1,0.003821015585721468,0.9957286432160805,23,200
0.003821015585721468,0.1,0.987012987012987,0.012987012987012988,0.1,0.74,1,19814,76,9,0.1,0.003821015585721468,0.9957286432160805,23,200
0.004172951231774761,0.1,0.9880952380952381,0.011904761904761904,0.1,0.76,1,19807,83,9,0.1,0.004172951231774761,0.9953768844221106,23,200
0.004172951231774761,0.1,0.9880952380952381,0.011904761904761904,0.1,0.78,1,19807,83,9,0.1,0.004172951231774761,0.9953768844221106,23,200
0.005329311211664153,0.1,0.9906542056074766,0.009345794392523364,0.1,0.8,1,19784,106,9,0.1,0.005329311211664153,0.9942211055276382,23,200
0.006083459024635495,0.1,0.9918032786885246,0.00819672131147541,0.1,0.82,1,19769,121,9,0.1,0.006083459024635495,0.9934673366834171,23,200
0.009150326797385621,0.1,0.994535519125683,0.00546448087431694,0.1,0.84,1,19708,182,9,0.1,0.009150326797385621,0.9904020100502513,23,200
0.009150326797385621,0.1,0.994535519125683,0.00546448087431694,0.1,0.86,1,19708,182,9,0.1,0.009150326797385621,0.9904020100502513,23,200
0.010055304172951232,0.1,0.9950248756218906,0.004975124378109453,0.1,0.88,1,19690,200,9,0.1,0.010055304172951232,0.9894974874371859,23,200
0.011463046757164403,0.1,0.9956331877729258,0.004366812227074236,0.1,0.9,1,19662,228,9,0.1,0.011463046757164403,0.9880904522613065,23,200
0.016591251885369532,0.1,0.9969788519637462,0.0030211480362537764,0.1,0.92,1,19560,330,9,0.1,0.016591251885369532,0.982964824120603,23,200
0.038813474107591756,0.2,0.9974160206718347,0.002583979328165375,0.2,0.94,2,19118,772,8,0.2,0.038813474107591756,0.9608040201005025,23,200
0.05364504776269482,0.3,0.997196261682243,0.002803738317757009,0.3,0.96,3,18823,1067,7,0.3,0.05364504776269482,0.9460301507537688,23,200
0.0725992961287079,0.3,0.9979267449896337,0.002073255010366275,0.3,0.98,3,18446,1444,7,0.3,0.0725992961287079,0.9270854271356784,23,200
0.9254399195575667,1.0,0.9994570234022914,0.0005429765977086388,1.0,1.0,10,1483,18407,0,1.0,0.9254399195575667,0.0750251256281407,23,200
5.0276520864756156e-05,0.0,1.0,0.0,0.0,0.02,0,19889,1,10,0.0,5.0276520864756156e-05,0.9994472361809045,24,200
5.0276520864756156e-05,0.0,1.0,0.0,0.0,0.04,0,19889,1,10,0.0,5.0276520864756156e-05,0.9994472361809045,24,200
5.0276520864756156e-05,0.0,1.0,0.0,0.0,0.06,0,19889,1,10,0.0,5.0276520864756156e-05,0.9994472361809045,24,200
5.0276520864756156e-05,0.0,1.0,0.0,0.0,0.08,0,19889,1,10,0.0,5.0276520864756156e-05,0.9994472361809045,24,200
5.0276520864756156e-05,0.0,1.0,0.0,0.0,0.1,0,19889,1,10,0.0,5.0276520864756156e-05,0.9994472361809045,24,200
5.0276520864756156e-05,0.0,1.0,0.0,0.0,0.12,0,19889,1,10,0.0,5.0276520864756156e-05,0.9994472361809045,24,200
5.0276520864756156e-05,0.0,1.0,0.0,0.0,0.14,0,19889,1,10,0.0,5.0276520864756156e-05,0.9994472361809045,24,200
5.0276520864756156e-05,0.0,1.0,0.0,0.0,0.16,0,19889,1,10,0.0,5.0276520864756156e-05,0.9994472361809045,24,200
5.0276520864756156e-05,0.0,1.0,0.0,0.0,0.18,0,19889,1,10,0.0,5.0276520864756156e-05,0.9994472361809045,24,200
5.0276520864756156e-05,0.0,1.0,0.0,0.0,0.2,0,19889,1,10,0.0,5.0276520864756156e-05,0.9994472361809045,24,200
0.00010055304172951231,0.0,1.0,0.0,0.0,0.22,0,19888,2,10,0.0,0.00010055304172951231,0.9993969849246231,24,200
0.00010055304172951231,0.0,1.0,0.0,0.0,0.24,0,19888,2,10,0.0,0.00010055304172951231,0.9993969849246231,24,200
0.00020110608345902463,0.0,1.0,0.0,0.0,0.26,0,19886,4,10,0.0,0.00020110608345902463,0.9992964824120603,24,200
0.00020110608345902463,0.0,1.0,0.0,0.0,0.28,0,19886,4,10,0.0,0.00020110608345902463,0.9992964824120603,24,200
0.00020110608345902463,0.0,1.0,0.0,0.0,0.3,0,19886,4,10,0.0,0.00020110608345902463,0.9992964824120603,24,200
0.00025138260432378077,0.0,1.0,0.0,0.0,0.32,0,19885,5,10,0.0,0.00025138260432378077,0.9992462311557789,24,200
0.00025138260432378077,0.0,1.0,0.0,0.0,0.34,0,19885,5,10,0.0,0.00025138260432378077,0.9992462311557789,24,200
0.00040221216691804925,0.0,1.0,0.0,0.0,0.36,0,19882,8,10,0.0,0.00040221216691804925,0.9990954773869347,24,200
0.00045248868778280545,0.0,1.0,0.0,0.0,0.38,0,19881,9,10,0.0,0.00045248868778280545,0.9990452261306533,24,200
0.00045248868778280545,0.0,1.0,0.0,0.0,0.4,0,19881,9,10,0.0,0.00045248868778280545,0.9990452261306533,24,200
0.00045248868778280545,0.0,1.0,0.0,0.0,0.42,0,19881,9,10,0.0,0.00045248868778280545,0.9990452261306533,24,200
0.0008547008547008547,0.0,1.0,0.0,0.0,0.44,0,19873,17,10,0.0,0.0008547008547008547,0.998643216080402,24,200
0.0008547008547008547,0.0,1.0,0.0,0.0,0.46,0,19873,17,10,0.0,0.0008547008547008547,0.998643216080402,24,200
0.000955253896430367,0.0,1.0,0.0,0.0,0.48,0,19871,19,10,0.0,0.000955253896430367,0.9985427135678392,24,200
0.000955253896430367,0.0,1.0,0.0,0.0,0.5,0,19871,19,10,0.0,0.000955253896430367,0.9985427135678392,24,200
0.0010558069381598793,0.0,1.0,0.0,0.0,0.52,0,19869,21,10,0.0,0.0010558069381598793,0.9984422110552764,24,200
0.0010558069381598793,0.0,1.0,0.0,0.0,0.54,0,19869,21,10,0.0,0.0010558069381598793,0.9984422110552764,24,200
0.0010558069381598793,0.0,1.0,0.0,0.0,0.56,0,19869,21,10,0.0,0.0010558069381598793,0.9984422110552764,24,200
0.0010558069381598793,0.0,1.0,0.0,0.0,0.58,0,19869,21,10,0.0,0.0010558069381598793,0.9984422110552764,24,200
0.0011060834590246355,0.0,1.0,0.0,0.0,0.6,0,19868,22,10,0.0,0.0011060834590246355,0.998391959798995,24,200
0.001256913021618904,0.0,1.0,0.0,0.0,0.62,0,19865,25,10,0.0,0.001256913021618904,0.9982412060301508,24,200
0.001256913021618904,0.0,1.0,0.0,0.0,0.64,0,19865,25,10,0.0,0.001256913021618904,0.9982412060301508,24,200
0.0014077425842131724,0.0,1.0,0.0,0.0,0.66,0,19862,28,10,0.0,0.0014077425842131724,0.9980904522613065,24,200
0.0014077425842131724,0.0,1.0,0.0,0.0,0.68,0,19862,28,10,0.0,0.0014077425842131724,0.9980904522613065,24,200
0.001910507792860734,0.0,1.0,0.0,0.0,0.7,0,19852,38,10,0.0,0.001910507792860734,0.9975879396984925,24,200
0.001910507792860734,0.0,1.0,0.0,0.0,0.72,0,19852,38,10,0.0,0.001910507792860734,0.9975879396984925,24,200
0.001910507792860734,0.0,1.0,0.0,0.0,0.74,0,19852,38,10,0.0,0.001910507792860734,0.9975879396984925,24,200
0.005429864253393665,0.1,0.9908256880733946,0.009174311926605505,0.1,0.76,1,19782,108,9,0.1,0.005429864253393665,0.9941206030150753,24,200
0.005429864253393665,0.1,0.9908256880733946,0.009174311926605505,0.1,0.78,1,19782,108,9,0.1,0.005429864253393665,0.9941206030150753,24,200
0.005429864253393665,0.1,0.9908256880733946,0.009174311926605505,0.1,0.8,1,19782,108,9,0.1,0.005429864253393665,0.9941206030150753,24,200
0.005429864253393665,0.1,0.9908256880733946,0.009174311926605505,0.1,0.82,1,19782,108,9,0.1,0.005429864253393665,0.9941206030150753,24,200
0.005731523378582202,0.1,0.991304347826087,0.008695652173913044,0.1,0.84,1,19776,114,9,0.1,0.005731523378582202,0.9938190954773869,24,200
0.005731523378582202,0.1,0.991304347826087,0.008695652173913044,0.1,0.86,1,19776,114,9,0.1,0.005731523378582202,0.9938190954773869,24,200
0.005731523378582202,0.1,0.991304347826087,0.008695652173913044,0.1,0.88,1,19776,114,9,0.1,0.005731523378582202,0.9938190954773869,24,200
0.006133735545500251,0.1,0.991869918699187,0.008130081300813009,0.1,0.9,1,19768,122,9,0.1,0.006133735545500251,0.9934170854271357,24,200
0.007038712921065862,0.1,0.9929078014184397,0.0070921985815602835,0.1,0.92,1,19750,140,9,0.1,0.007038712921065862,0.9925125628140703,24,200
0.007038712921065862,0.1,0.9929078014184397,0.0070921985815602835,0.1,0.94,1,19750,140,9,0.1,0.007038712921065862,0.9925125628140703,24,200
0.007038712921065862,0.1,0.9929078014184397,0.0070921985815602835,0.1,0.96,1,19750,140,9,0.1,0.007038712921065862,0.9925125628140703,24,200
0.033433886375062845,0.2,0.9970014992503748,0.0029985007496251873,0.2,0.98,2,19225,665,8,0.2,0.033433886375062845,0.9661809045226131,24,200
0.847410759175465,0.9,0.9994663187855788,0.0005336812144212524,0.9,1.0,9,3035,16855,1,0.9,0.847410759175465,0.15296482412060303,24,200
0.0,0.0,0.0,,0.0,0.02,0,19890,0,10,0.0,0.0,0.9994974874371859,25,200
0.0,0.0,0.0,,0.0,0.04,0,19890,0,10,0.0,0.0,0.9994974874371859,25,200
0.0,0.0,0.0,,0.0,0.06,0,19890,0,10,0.0,0.0,0.9994974874371859,25,200
0.0,0.0,0.0,,0.0,0.08,0,19890,0,10,0.0,0.0,0.9994974874371859,25,200
0.0,0.0,0.0,,0.0,0.1,0,19890,0,10,0.0,0.0,0.9994974874371859,25,200
0.0,0.0,0.0,,0.0,0.12,0,19890,0,10,0.0,0.0,0.9994974874371859,25,200
0.0,0.0,0.0,,0.0,0.14,0,19890,0,10,0.0,0.0,0.9994974874371859,25,200
0.0,0.0,0.0,,0.0,0.16,0,19890,0,10,0.0,0.0,0.9994974874371859,25,200
5.0276520864756156e-05,0.0,1.0,0.0,0.0,0.18,0,19889,1,10,0.0,5.0276520864756156e-05,0.9994472361809045,25,200
5.0276520864756156e-05,0.0,1.0,0.0,0.0,0.2,0,19889,1,10,0.0,5.0276520864756156e-05,0.9994472361809045,25,200
5.0276520864756156e-05,0.0,1.0,0.0,0.0,0.22,0,19889,1,10,0.0,5.0276520864756156e-05,0.9994472361809045,25,200
5.0276520864756156e-05,0.0,1.0,0.0,0.0,0.24,0,19889,1,10,0.0,5.0276520864756156e-05,0.9994472361809045,25,200
5.0276520864756156e-05,0.0,1.0,0.0,0.0,0.26,0,19889,1,10,0.0,5.0276520864756156e-05,0.9994472361809045,25,200
5.0276520864756156e-05,0.0,1.0,0.0,0.0,0.28,0,19889,1,10,0.0,5.0276520864756156e-05,0.9994472361809045,25,200
5.0276520864756156e-05,0.0,1.0,0.0,0.0,0.3,0,19889,1,10,0.0,5.0276520864756156e-05,0.9994472361809045,25,200
5.0276520864756156e-05,0.0,1.0,0.0,0.0,0.32,0,19889,1,10,0.0,5.0276520864756156e-05,0.9994472361809045,25,200
5.0276520864756156e-05,0.0,1.0,0.0,0.0,0.34,0,19889,1,10,0.0,5.0276520864756156e-05,0.9994472361809045,25,200
5.0276520864756156e-05,0.0,1.0,0.0,0.0,0.36,0,19889,1,10,0.0,5.0276520864756156e-05,0.9994472361809045,25,200
5.0276520864756156e-05,0.0,1.0,0.0,0.0,0.38,0,19889,1,10,0.0,5.0276520864756156e-05,0.9994472361809045,25,200
5.0276520864756156e-05,0.0,1.0,0.0,0.0,0.4,0,19889,1,10,0.0,5.0276520864756156e-05,0.9994472361809045,25,200
5.0276520864756156e-05,0.0,1.0,0.0,0.0,0.42,0,19889,1,10,0.0,5.0276520864756156e-05,0.9994472361809045,25,200
5.0276520864756156e-05,0.0,1.0,0.0,0.0,0.44,0,19889,1,10,0.0,5.0276520864756156e-05,0.9994472361809045,25,200
0.00010055304172951231,0.0,1.0,0.0,0.0,0.46,0,19888,2,10,0.0,0.00010055304172951231,0.9993969849246231,25,200
0.00010055304172951231,0.0,1.0,0.0,0.0,0.48,0,19888,2,10,0.0,0.00010055304172951231,0.9993969849246231,25,200
0.00020110608345902463,0.0,1.0,0.0,0.0,0.5,0,19886,4,10,0.0,0.00020110608345902463,0.9992964824120603,25,200
0.00020110608345902463,0.0,1.0,0.0,0.0,0.52,0,19886,4,10,0.0,0.00020110608345902463,0.9992964824120603,25,200
0.00020110608345902463,0.0,1.0,0.0,0.0,0.54,0,19886,4,10,0.0,0.00020110608345902463,0.9992964824120603,25,200
0.00020110608345902463,0.0,1.0,0.0,0.0,0.56,0,19886,4,10,0.0,0.00020110608345902463,0.9992964824120603,25,200
0.00020110608345902463,0.0,1.0,0.0,0.0,0.58,0,19886,4,10,0.0,0.00020110608345902463,0.9992964824120603,25,200
0.00020110608345902463,0.0,1.0,0.0,0.0,0.6,0,19886,4,10,0.0,0.00020110608345902463,0.9992964824120603,25,200
0.00020110608345902463,0.0,1.0,0.0,0.0,0.62,0,19886,4,10,0.0,0.00020110608345902463,0.9992964824120603,25,200
0.00020110608345902463,0.0,1.0,0.0,0.0,0.64,0,19886,4,10,0.0,0.00020110608345902463,0.9992964824120603,25,200
0.00020110608345902463,0.0,1.0,0.0,0.0,0.66,0,19886,4,10,0.0,0.00020110608345902463,0.9992964824120603,25,200
0.00030165912518853697,0.0,1.0,0.0,0.0,0.68,0,19884,6,10,0.0,0.00030165912518853697,0.9991959798994975,25,200
0.00030165912518853697,0.0,1.0,0.0,0.0,0.7,0,19884,6,10,0.0,0.00030165912518853697,0.9991959798994975,25,200
0.00030165912518853697,0.0,1.0,0.0,0.0,0.72,0,19884,6,10,0.0,0.00030165912518853697,0.9991959798994975,25,200
0.00030165912518853697,0.0,1.0,0.0,0.0,0.74,0,19884,6,10,0.0,0.00030165912518853697,0.9991959798994975,25,200
0.00030165912518853697,0.0,1.0,0.0,0.0,0.76,0,19884,6,10,0.0,0.00030165912518853697,0.9991959798994975,25,200
0.0007038712921065862,0.1,0.9333333333333333,0.06666666666666667,0.1,0.78,1,19876,14,9,0.1,0.0007038712921065862,0.9988442211055276,25,200
0.000955253896430367,0.1,0.95,0.05,0.1,0.8,1,19871,19,9,0.1,0.000955253896430367,0.9985929648241206,25,200
0.000955253896430367,0.1,0.95,0.05,0.1,0.82,1,19871,19,9,0.1,0.000955253896430367,0.9985929648241206,25,200
0.0023629964806435393,0.2,0.9591836734693877,0.04081632653061224,0.2,0.84,2,19843,47,8,0.2,0.0023629964806435393,0.9972361809045226,25,200
0.0023629964806435393,0.2,0.9591836734693877,0.04081632653061224,0.2,0.86,2,19843,47,8,0.2,0.0023629964806435393,0.9972361809045226,25,200
0.0023629964806435393,0.2,0.9591836734693877,0.04081632653061224,0.2,0.88,2,19843,47,8,0.2,0.0023629964806435393,0.9972361809045226,25,200
0.0023629964806435393,0.2,0.9591836734693877,0.04081632653061224,0.2,0.9,2,19843,47,8,0.2,0.0023629964806435393,0.9972361809045226,25,200
0.002564102564102564,0.2,0.9622641509433962,0.03773584905660377,0.2,0.92,2,19839,51,8,0.2,0.002564102564102564,0.9970351758793969,25,200
0.015284062342885872,0.3,0.990228013029316,0.009771986970684038,0.3,0.94,3,19586,304,7,0.3,0.015284062342885872,0.9843718592964824,25,200
0.06621417797888386,0.3,0.9977272727272727,0.0022727272727272726,0.3,0.96,3,18573,1317,7,0.3,0.06621417797888386,0.9334673366834171,25,200
0.10603318250377074,0.4,0.9981069569332702,0.001893043066729768,0.4,0.98,4,17781,2109,6,0.4,0.10603318250377074,0.8937185929648241,25,200
0.6843640020110608,0.8,0.9994126284875183,0.0005873715124816446,0.8,1.0,8,6278,13612,2,0.8,0.6843640020110608,0.3158793969849246,25,200
0.00010055304172951231,0.0,1.0,0.0,0.0,0.02,0,19888,2,10,0.0,0.00010055304172951231,0.9993969849246231,26,200
5.0276520864756156e-05,0.0,1.0,0.0,0.0,0.04,0,19889,1,10,0.0,5.0276520864756156e-05,0.9994472361809045,26,200
0.00010055304172951231,0.0,1.0,0.0,0.0,0.06,0,19888,2,10,0.0,0.00010055304172951231,0.9993969849246231,26,200
0.00010055304172951231,0.0,1.0,0.0,0.0,0.08,0,19888,2,10,0.0,0.00010055304172951231,0.9993969849246231,26,200
0.00010055304172951231,0.0,1.0,0.0,0.0,0.1,0,19888,2,10,0.0,0.00010055304172951231,0.9993969849246231,26,200
0.00010055304172951231,0.0,1.0,0.0,0.0,0.12,0,19888,2,10,0.0,0.00010055304172951231,0.9993969849246231,26,200
0.00010055304172951231,0.0,1.0,0.0,0.0,0.14,0,19888,2,10,0.0,0.00010055304172951231,0.9993969849246231,26,200
0.00010055304172951231,0.0,1.0,0.0,0.0,0.16,0,19888,2,10,0.0,0.00010055304172951231,0.9993969849246231,26,200
0.00010055304172951231,0.0,1.0,0.0,0.0,0.18,0,19888,2,10,0.0,0.00010055304172951231,0.9993969849246231,26,200
0.00010055304172951231,0.0,1.0,0.0,0.0,0.2,0,19888,2,10,0.0,0.00010055304172951231,0.9993969849246231,26,200
0.00010055304172951231,0.0,1.0,0.0,0.0,0.22,0,19888,2,10,0.0,0.00010055304172951231,0.9993969849246231,26,200
0.00010055304172951231,0.0,1.0,0.0,0.0,0.24,0,19888,2,10,0.0,0.00010055304172951231,0.9993969849246231,26,200
0.00010055304172951231,0.0,1.0,0.0,0.0,0.26,0,19888,2,10,0.0,0.00010055304172951231,0.9993969849246231,26,200
0.00010055304172951231,0.0,1.0,0.0,0.0,0.28,0,19888,2,10,0.0,0.00010055304172951231,0.9993969849246231,26,200
0.00010055304172951231,0.0,1.0,0.0,0.0,0.3,0,19888,2,10,0.0,0.00010055304172951231,0.9993969849246231,26,200
0.00010055304172951231,0.0,1.0,0.0,0.0,0.32,0,19888,2,10,0.0,0.00010055304172951231,0.9993969849246231,26,200
0.00010055304172951231,0.0,1.0,0.0,0.0,0.34,0,19888,2,10,0.0,0.00010055304172951231,0.9993969849246231,26,200
0.00010055304172951231,0.0,1.0,0.0,0.0,0.36,0,19888,2,10,0.0,0.00010055304172951231,0.9993969849246231,26,200
0.00010055304172951231,0.0,1.0,0.0,0.0,0.38,0,19888,2,10,0.0,0.00010055304172951231,0.9993969849246231,26,200
0.00010055304172951231,0.0,1.0,0.0,0.0,0.4,0,19888,2,10,0.0,0.00010055304172951231,0.9993969849246231,26,200
0.00010055304172951231,0.0,1.0,0.0,0.0,0.42,0,19888,2,10,0.0,0.00010055304172951231,0.9993969849246231,26,200
0.00010055304172951231,0.0,1.0,0.0,0.0,0.44,0,19888,2,10,0.0,0.00010055304172951231,0.9993969849246231,26,200
0.00010055304172951231,0.0,1.0,0.0,0.0,0.46,0,19888,2,10,0.0,0.00010055304172951231,0.9993969849246231,26,200
0.00010055304172951231,0.0,1.0,0.0,0.0,0.48,0,19888,2,10,0.0,0.00010055304172951231,0.9993969849246231,26,200
0.00010055304172951231,0.0,1.0,0.0,0.0,0.5,0,19888,2,10,0.0,0.00010055304172951231,0.9993969849246231,26,200
0.00010055304172951231,0.0,1.0,0.0,0.0,0.52,0,19888,2,10,0.0,0.00010055304172951231,0.9993969849246231,26,200
0.00010055304172951231,0.0,1.0,0.0,0.0,0.54,0,19888,2,10,0.0,0.00010055304172951231,0.9993969849246231,26,200
0.00010055304172951231,0.0,1.0,0.0,0.0,0.56,0,19888,2,10,0.0,0.00010055304172951231,0.9993969849246231,26,200
0.00010055304172951231,0.0,1.0,0.0,0.0,0.58,0,19888,2,10,0.0,0.00010055304172951231,0.9993969849246231,26,200
0.00010055304172951231,0.0,1.0,0.0,0.0,0.6,0,19888,2,10,0.0,0.00010055304172951231,0.9993969849246231,26,200
0.00010055304172951231,0.0,1.0,0.0,0.0,0.62,0,19888,2,10,0.0,0.00010055304172951231,0.9993969849246231,26,200
0.00010055304172951231,0.0,1.0,0.0,0.0,0.64,0,19888,2,10,0.0,0.00010055304172951231,0.9993969849246231,26,200
0.00010055304172951231,0.0,1.0,0.0,0.0,0.66,0,19888,2,10,0.0,0.00010055304172951231,0.9993969849246231,26,200
0.00010055304172951231,0.0,1.0,0.0,0.0,0.68,0,19888,2,10,0.0,0.00010055304172951231,0.9993969849246231,26,200
0.0017596782302664656,0.0,1.0,0.0,0.0,0.7,0,19855,35,10,0.0,0.0017596782302664656,0.9977386934673367,26,200
0.0017596782302664656,0.0,1.0,0.0,0.0,0.72,0,19855,35,10,0.0,0.0017596782302664656,0.9977386934673367,26,200
0.0017596782302664656,0.0,1.0,0.0,0.0,0.74,0,19855,35,10,0.0,0.0017596782302664656,0.9977386934673367,26,200
0.0027149321266968325,0.0,1.0,0.0,0.0,0.76,0,19836,54,10,0.0,0.0027149321266968325,0.99678391959799,26,200
0.003117144293614882,0.0,1.0,0.0,0.0,0.78,0,19828,62,10,0.0,0.003117144293614882,0.9963819095477386,26,200
0.003569632981397687,0.0,1.0,0.0,0.0,0.8,0,19819,71,10,0.0,0.003569632981397687,0.995929648241206,26,200
0.003569632981397687,0.0,1.0,0.0,0.0,0.82,0,19819,71,10,0.0,0.003569632981397687,0.995929648241206,26,200
0.003971845148315736,0.0,1.0,0.0,0.0,0.84,0,19811,79,10,0.0,0.003971845148315736,0.9955276381909548,26,200
0.003971845148315736,0.0,1.0,0.0,0.0,0.86,0,19811,79,10,0.0,0.003971845148315736,0.9955276381909548,26,200
0.004424333836098542,0.0,1.0,0.0,0.0,0.88,0,19802,88,10,0.0,0.004424333836098542,0.9950753768844222,26,200
0.004424333836098542,0.0,1.0,0.0,0.0,0.9,0,19802,88,10,0.0,0.004424333836098542,0.9950753768844222,26,200
0.004424333836098542,0.0,1.0,0.0,0.0,0.92,0,19802,88,10,0.0,0.004424333836098542,0.9950753768844222,26,200
0.0047762694821518355,0.0,1.0,0.0,0.0,0.94,0,19795,95,10,0.0,0.0047762694821518355,0.9947236180904523,26,200
0.058823529411764705,0.3,0.9974424552429667,0.0025575447570332483,0.3,0.96,3,18720,1170,7,0.3,0.058823529411764705,0.9408542713567839,26,200
0.06470588235294118,0.3,0.9976744186046511,0.002325581395348837,0.3,0.98,3,18603,1287,7,0.3,0.06470588235294118,0.9349748743718593,26,200
0.9610859728506788,1.0,0.9994771515214891,0.0005228484785109275,1.0,1.0,10,774,19116,0,1.0,0.9610859728506788,0.03939698492462312,26,200
5.0276520864756156e-05,0.0,1.0,0.0,0.0,0.02,0,19889,1,10,0.0,5.0276520864756156e-05,0.9994472361809045,27,200
5.0276520864756156e-05,0.0,1.0,0.0,0.0,0.04,0,19889,1,10,0.0,5.0276520864756156e-05,0.9994472361809045,27,200
5.0276520864756156e-05,0.0,1.0,0.0,0.0,0.06,0,19889,1,10,0.0,5.0276520864756156e-05,0.9994472361809045,27,200
0.0,0.0,0.0,,0.0,0.08,0,19890,0,10,0.0,0.0,0.9994974874371859,27,200
5.0276520864756156e-05,0.0,1.0,0.0,0.0,0.1,0,19889,1,10,0.0,5.0276520864756156e-05,0.9994472361809045,27,200
5.0276520864756156e-05,0.0,1.0,0.0,0.0,0.12,0,19889,1,10,0.0,5.0276520864756156e-05,0.9994472361809045,27,200
5.0276520864756156e-05,0.0,1.0,0.0,0.0,0.14,0,19889,1,10,0.0,5.0276520864756156e-05,0.9994472361809045,27,200
5.0276520864756156e-05,0.0,1.0,0.0,0.0,0.16,0,19889,1,10,0.0,5.0276520864756156e-05,0.9994472361809045,27,200
5.0276520864756156e-05,0.0,1.0,0.0,0.0,0.18,0,19889,1,10,0.0,5.0276520864756156e-05,0.9994472361809045,27,200
5.0276520864756156e-05,0.0,1.0,0.0,0.0,0.2,0,19889,1,10,0.0,5.0276520864756156e-05,0.9994472361809045,27,200
5.0276520864756156e-05,0.0,1.0,0.0,0.0,0.22,0,19889,1,10,0.0,5.0276520864756156e-05,0.9994472361809045,27,200
5.0276520864756156e-05,0.0,1.0,0.0,0.0,0.24,0,19889,1,10,0.0,5.0276520864756156e-05,0.9994472361809045,27,200
5.0276520864756156e-05,0.0,1.0,0.0,0.0,0.26,0,19889,1,10,0.0,5.0276520864756156e-05,0.9994472361809045,27,200
5.0276520864756156e-05,0.0,1.0,0.0,0.0,0.28,0,19889,1,10,0.0,5.0276520864756156e-05,0.9994472361809045,27,200
5.0276520864756156e-05,0.0,1.0,0.0,0.0,0.3,0,19889,1,10,0.0,5.0276520864756156e-05,0.9994472361809045,27,200
5.0276520864756156e-05,0.0,1.0,0.0,0.0,0.32,0,19889,1,10,0.0,5.0276520864756156e-05,0.9994472361809045,27,200
5.0276520864756156e-05,0.0,1.0,0.0,0.0,0.34,0,19889,1,10,0.0,5.0276520864756156e-05,0.9994472361809045,27,200
5.0276520864756156e-05,0.0,1.0,0.0,0.0,0.36,0,19889,1,10,0.0,5.0276520864756156e-05,0.9994472361809045,27,200
5.0276520864756156e-05,0.0,1.0,0.0,0.0,0.38,0,19889,1,10,0.0,5.0276520864756156e-05,0.9994472361809045,27,200
0.0008044243338360985,0.0,1.0,0.0,0.0,0.4,0,19874,16,10,0.0,0.0008044243338360985,0.9986934673366834,27,200
0.0008044243338360985,0.0,1.0,0.0,0.0,0.42,0,19874,16,10,0.0,0.0008044243338360985,0.9986934673366834,27,200
0.0008044243338360985,0.0,1.0,0.0,0.0,0.44,0,19874,16,10,0.0,0.0008044243338360985,0.9986934673366834,27,200
0.0008547008547008547,0.0,1.0,0.0,0.0,0.46,0,19873,17,10,0.0,0.0008547008547008547,0.998643216080402,27,200
0.0008547008547008547,0.0,1.0,0.0,0.0,0.48,0,19873,17,10,0.0,0.0008547008547008547,0.998643216080402,27,200
0.0008547008547008547,0.0,1.0,0.0,0.0,0.5,0,19873,17,10,0.0,0.0008547008547008547,0.998643216080402,27,200
0.0008547008547008547,0.0,1.0,0.0,0.0,0.52,0,19873,17,10,0.0,0.0008547008547008547,0.998643216080402,27,200
0.0008547008547008547,0.0,1.0,0.0,0.0,0.54,0,19873,17,10,0.0,0.0008547008547008547,0.998643216080402,27,200
0.0011563599798893917,0.0,1.0,0.0,0.0,0.56,0,19867,23,10,0.0,0.0011563599798893917,0.9983417085427135,27,200
0.0011563599798893917,0.0,1.0,0.0,0.0,0.58,0,19867,23,10,0.0,0.0011563599798893917,0.9983417085427135,27,200
0.0011563599798893917,0.0,1.0,0.0,0.0,0.6,0,19867,23,10,0.0,0.0011563599798893917,0.9983417085427135,27,200
0.001256913021618904,0.0,1.0,0.0,0.0,0.62,0,19865,25,10,0.0,0.001256913021618904,0.9982412060301508,27,200
0.001256913021618904,0.0,1.0,0.0,0.0,0.64,0,19865,25,10,0.0,0.001256913021618904,0.9982412060301508,27,200
0.001256913021618904,0.0,1.0,0.0,0.0,0.66,0,19865,25,10,0.0,0.001256913021618904,0.9982412060301508,27,200
0.001256913021618904,0.0,1.0,0.0,0.0,0.68,0,19865,25,10,0.0,0.001256913021618904,0.9982412060301508,27,200
0.00130718954248366,0.0,1.0,0.0,0.0,0.7,0,19864,26,10,0.0,0.00130718954248366,0.9981909547738693,27,200
0.00130718954248366,0.0,1.0,0.0,0.0,0.72,0,19864,26,10,0.0,0.00130718954248366,0.9981909547738693,27,200
0.0017094017094017094,0.0,1.0,0.0,0.0,0.74,0,19856,34,10,0.0,0.0017094017094017094,0.9977889447236181,27,200
0.003167420814479638,0.0,1.0,0.0,0.0,0.76,0,19827,63,10,0.0,0.003167420814479638,0.9963316582914573,27,200
0.006535947712418301,0.1,0.9923664122137404,0.007633587786259542,0.1,0.78,1,19760,130,9,0.1,0.006535947712418301,0.9930150753768844,27,200
0.006535947712418301,0.1,0.9923664122137404,0.007633587786259542,0.1,0.8,1,19760,130,9,0.1,0.006535947712418301,0.9930150753768844,27,200
0.00718954248366013,0.1,0.9930555555555556,0.006944444444444444,0.1,0.82,1,19747,143,9,0.1,0.00718954248366013,0.9923618090452261,27,200
0.012217194570135747,0.1,0.9959016393442623,0.004098360655737705,0.1,0.84,1,19647,243,9,0.1,0.012217194570135747,0.9873366834170855,27,200
0.013675213675213675,0.1,0.9963369963369964,0.003663003663003663,0.1,0.86,1,19618,272,9,0.1,0.013675213675213675,0.9858793969849247,27,200
0.015485168426344897,0.1,0.9967637540453075,0.003236245954692557,0.1,0.88,1,19582,308,9,0.1,0.015485168426344897,0.984070351758794,27,200
0.017094017094017096,0.1,0.9970674486803519,0.002932551319648094,0.1,0.9,1,19550,340,9,0.1,0.017094017094017096,0.982462311557789,27,200
0.021518350930115636,0.1,0.9976689976689976,0.002331002331002331,0.1,0.92,1,19462,428,9,0.1,0.021518350930115636,0.9780402010050251,27,200
0.02699849170437406,0.1,0.9981412639405205,0.0018587360594795538,0.1,0.94,1,19353,537,9,0.1,0.02699849170437406,0.9725628140703517,27,200
0.02956259426847662,0.1,0.99830220713073,0.001697792869269949,0.1,0.96,1,19302,588,9,0.1,0.02956259426847662,0.97,27,200
0.03288084464555053,0.1,0.9984732824427481,0.0015267175572519084,0.1,0.98,1,19236,654,9,0.1,0.03288084464555053,0.9666834170854272,27,200
0.9651080945198592,1.0,0.9994793293762366,0.0005206706237634072,1.0,1.0,10,694,19196,0,1.0,0.9651080945198592,0.03537688442211055,27,200
5.0276520864756156e-05,0.0,1.0,0.0,0.0,0.02,0,19889,1,10,0.0,5.0276520864756156e-05,0.9994472361809045,28,200
5.0276520864756156e-05,0.0,1.0,0.0,0.0,0.04,0,19889,1,10,0.0,5.0276520864756156e-05,0.9994472361809045,28,200
5.0276520864756156e-05,0.0,1.0,0.0,0.0,0.06,0,19889,1,10,0.0,5.0276520864756156e-05,0.9994472361809045,28,200
0.00010055304172951231,0.0,1.0,0.0,0.0,0.08,0,19888,2,10,0.0,0.00010055304172951231,0.9993969849246231,28,200
0.00010055304172951231,0.0,1.0,0.0,0.0,0.1,0,19888,2,10,0.0,0.00010055304172951231,0.9993969849246231,28,200
0.00010055304172951231,0.0,1.0,0.0,0.0,0.12,0,19888,2,10,0.0,0.00010055304172951231,0.9993969849246231,28,200
0.00010055304172951231,0.0,1.0,0.0,0.0,0.14,0,19888,2,10,0.0,0.00010055304172951231,0.9993969849246231,28,200
0.00010055304172951231,0.0,1.0,0.0,0.0,0.16,0,19888,2,10,0.0,0.00010055304172951231,0.9993969849246231,28,200
0.00010055304172951231,0.0,1.0,0.0,0.0,0.18,0,19888,2,10,0.0,0.00010055304172951231,0.9993969849246231,28,200
0.00010055304172951231,0.0,1.0,0.0,0.0,0.2,0,19888,2,10,0.0,0.00010055304172951231,0.9993969849246231,28,200
0.00010055304172951231,0.0,1.0,0.0,0.0,0.22,0,19888,2,10,0.0,0.00010055304172951231,0.9993969849246231,28,200
0.00010055304172951231,0.0,1.0,0.0,0.0,0.24,0,19888,2,10,0.0,0.00010055304172951231,0.9993969849246231,28,200
0.00010055304172951231,0.0,1.0,0.0,0.0,0.26,0,19888,2,10,0.0,0.00010055304172951231,0.9993969849246231,28,200
0.00015082956259426848,0.0,1.0,0.0,0.0,0.28,0,19887,3,10,0.0,0.00015082956259426848,0.9993467336683417,28,200
0.00015082956259426848,0.0,1.0,0.0,0.0,0.3,0,19887,3,10,0.0,0.00015082956259426848,0.9993467336683417,28,200
0.00015082956259426848,0.0,1.0,0.0,0.0,0.32,0,19887,3,10,0.0,0.00015082956259426848,0.9993467336683417,28,200
0.00015082956259426848,0.0,1.0,0.0,0.0,0.34,0,19887,3,10,0.0,0.00015082956259426848,0.9993467336683417,28,200
0.00015082956259426848,0.0,1.0,0.0,0.0,0.36,0,19887,3,10,0.0,0.00015082956259426848,0.9993467336683417,28,200
0.00015082956259426848,0.0,1.0,0.0,0.0,0.38,0,19887,3,10,0.0,0.00015082956259426848,0.9993467336683417,28,200
0.00020110608345902463,0.0,1.0,0.0,0.0,0.4,0,19886,4,10,0.0,0.00020110608345902463,0.9992964824120603,28,200
0.00020110608345902463,0.0,1.0,0.0,0.0,0.42,0,19886,4,10,0.0,0.00020110608345902463,0.9992964824120603,28,200
0.00020110608345902463,0.0,1.0,0.0,0.0,0.44,0,19886,4,10,0.0,0.00020110608345902463,0.9992964824120603,28,200
0.00020110608345902463,0.0,1.0,0.0,0.0,0.46,0,19886,4,10,0.0,0.00020110608345902463,0.9992964824120603,28,200
0.0007038712921065862,0.0,1.0,0.0,0.0,0.48,0,19876,14,10,0.0,0.0007038712921065862,0.9987939698492462,28,200
0.0008044243338360985,0.0,1.0,0.0,0.0,0.5,0,19874,16,10,0.0,0.0008044243338360985,0.9986934673366834,28,200
0.0014077425842131724,0.0,1.0,0.0,0.0,0.52,0,19862,28,10,0.0,0.0014077425842131724,0.9980904522613065,28,200
0.0014077425842131724,0.0,1.0,0.0,0.0,0.54,0,19862,28,10,0.0,0.0014077425842131724,0.9980904522613065,28,200
0.0018602312719959778,0.0,1.0,0.0,0.0,0.56,0,19853,37,10,0.0,0.0018602312719959778,0.9976381909547739,28,200
0.0018602312719959778,0.0,1.0,0.0,0.0,0.58,0,19853,37,10,0.0,0.0018602312719959778,0.9976381909547739,28,200
0.0018602312719959778,0.0,1.0,0.0,0.0,0.6,0,19853,37,10,0.0,0.0018602312719959778,0.9976381909547739,28,200
0.0018602312719959778,0.0,1.0,0.0,0.0,0.62,0,19853,37,10,0.0,0.0018602312719959778,0.9976381909547739,28,200
0.00196078431372549,0.0,1.0,0.0,0.0,0.64,0,19851,39,10,0.0,0.00196078431372549,0.997537688442211,28,200
0.0022624434389140274,0.0,1.0,0.0,0.0,0.66,0,19845,45,10,0.0,0.0022624434389140274,0.9972361809045226,28,200
0.0022624434389140274,0.0,1.0,0.0,0.0,0.68,0,19845,45,10,0.0,0.0022624434389140274,0.9972361809045226,28,200
0.0022624434389140274,0.0,1.0,0.0,0.0,0.7,0,19845,45,10,0.0,0.0022624434389140274,0.9972361809045226,28,200
0.0022624434389140274,0.0,1.0,0.0,0.0,0.72,0,19845,45,10,0.0,0.0022624434389140274,0.9972361809045226,28,200
0.0024132730015082957,0.0,1.0,0.0,0.0,0.74,0,19842,48,10,0.0,0.0024132730015082957,0.9970854271356784,28,200
0.00392156862745098,0.0,1.0,0.0,0.0,0.76,0,19812,78,10,0.0,0.00392156862745098,0.9955778894472361,28,200
0.00392156862745098,0.0,1.0,0.0,0.0,0.78,0,19812,78,10,0.0,0.00392156862745098,0.9955778894472361,28,200
0.00392156862745098,0.0,1.0,0.0,0.0,0.8,0,19812,78,10,0.0,0.00392156862745098,0.9955778894472361,28,200
0.004273504273504274,0.0,1.0,0.0,0.0,0.82,0,19805,85,10,0.0,0.004273504273504274,0.9952261306532664,28,200
0.004273504273504274,0.0,1.0,0.0,0.0,0.84,0,19805,85,10,0.0,0.004273504273504274,0.9952261306532664,28,200
0.005731523378582202,0.0,1.0,0.0,0.0,0.86,0,19776,114,10,0.0,0.005731523378582202,0.9937688442211056,28,200
0.005731523378582202,0.0,1.0,0.0,0.0,0.88,0,19776,114,10,0.0,0.005731523378582202,0.9937688442211056,28,200
0.007340372046254399,0.1,0.9931972789115646,0.006802721088435374,0.1,0.9,1,19744,146,9,0.1,0.007340372046254399,0.9922110552763819,28,200
0.011312217194570135,0.1,0.995575221238938,0.004424778761061947,0.1,0.92,1,19665,225,9,0.1,0.011312217194570135,0.9882412060301508,28,200
0.025892408245349424,0.1,0.998062015503876,0.001937984496124031,0.1,0.94,1,19375,515,9,0.1,0.025892408245349424,0.9736683417085427,28,200
0.02895927601809955,0.1,0.9982668977469671,0.0017331022530329288,0.1,0.96,1,19314,576,9,0.1,0.02895927601809955,0.9706030150753768,28,200
0.09306184012066365,0.4,0.997843665768194,0.00215633423180593,0.4,0.98,4,18039,1851,6,0.4,0.09306184012066365,0.9066834170854271,28,200
0.8792860734037204,1.0,0.9994285387736442,0.0005714612263557917,1.0,1.0,10,2401,17489,0,1.0,0.8792860734037204,0.12115577889447236,28,200
0.0,0.0,0.0,,0.0,0.02,0,19890,0,10,0.0,0.0,0.9994974874371859,29,200
0.0,0.0,0.0,,0.0,0.04,0,19890,0,10,0.0,0.0,0.9994974874371859,29,200
0.0,0.0,0.0,,0.0,0.06,0,19890,0,10,0.0,0.0,0.9994974874371859,29,200
0.0,0.0,0.0,,0.0,0.08,0,19890,0,10,0.0,0.0,0.9994974874371859,29,200
0.0,0.0,0.0,,0.0,0.1,0,19890,0,10,0.0,0.0,0.9994974874371859,29,200
0.0,0.0,0.0,,0.0,0.12,0,19890,0,10,0.0,0.0,0.9994974874371859,29,200
0.0,0.0,0.0,,0.0,0.14,0,19890,0,10,0.0,0.0,0.9994974874371859,29,200
0.0,0.0,0.0,,0.0,0.16,0,19890,0,10,0.0,0.0,0.9994974874371859,29,200
0.0,0.0,0.0,,0.0,0.18,0,19890,0,10,0.0,0.0,0.9994974874371859,29,200
0.0,0.0,0.0,,0.0,0.2,0,19890,0,10,0.0,0.0,0.9994974874371859,29,200
0.00015082956259426848,0.0,1.0,0.0,0.0,0.22,0,19887,3,10,0.0,0.00015082956259426848,0.9993467336683417,29,200
0.00015082956259426848,0.0,1.0,0.0,0.0,0.24,0,19887,3,10,0.0,0.00015082956259426848,0.9993467336683417,29,200
0.00015082956259426848,0.0,1.0,0.0,0.0,0.26,0,19887,3,10,0.0,0.00015082956259426848,0.9993467336683417,29,200
0.00015082956259426848,0.0,1.0,0.0,0.0,0.28,0,19887,3,10,0.0,0.00015082956259426848,0.9993467336683417,29,200
0.00020110608345902463,0.0,1.0,0.0,0.0,0.3,0,19886,4,10,0.0,0.00020110608345902463,0.9992964824120603,29,200
0.00020110608345902463,0.0,1.0,0.0,0.0,0.32,0,19886,4,10,0.0,0.00020110608345902463,0.9992964824120603,29,200
0.00020110608345902463,0.0,1.0,0.0,0.0,0.34,0,19886,4,10,0.0,0.00020110608345902463,0.9992964824120603,29,200
0.00030165912518853697,0.0,1.0,0.0,0.0,0.36,0,19884,6,10,0.0,0.00030165912518853697,0.9991959798994975,29,200
0.00030165912518853697,0.0,1.0,0.0,0.0,0.38,0,19884,6,10,0.0,0.00030165912518853697,0.9991959798994975,29,200
0.00030165912518853697,0.0,1.0,0.0,0.0,0.4,0,19884,6,10,0.0,0.00030165912518853697,0.9991959798994975,29,200
0.00030165912518853697,0.0,1.0,0.0,0.0,0.42,0,19884,6,10,0.0,0.00030165912518853697,0.9991959798994975,29,200
0.0011563599798893917,0.0,1.0,0.0,0.0,0.44,0,19867,23,10,0.0,0.0011563599798893917,0.9983417085427135,29,200
0.0011563599798893917,0.0,1.0,0.0,0.0,0.46,0,19867,23,10,0.0,0.0011563599798893917,0.9983417085427135,29,200
0.0011563599798893917,0.0,1.0,0.0,0.0,0.48,0,19867,23,10,0.0,0.0011563599798893917,0.9983417085427135,29,200
0.0012066365007541479,0.0,1.0,0.0,0.0,0.5,0,19866,24,10,0.0,0.0012066365007541479,0.9982914572864322,29,200
0.0013574660633484162,0.0,1.0,0.0,0.0,0.52,0,19863,27,10,0.0,0.0013574660633484162,0.998140703517588,29,200
0.0013574660633484162,0.0,1.0,0.0,0.0,0.54,0,19863,27,10,0.0,0.0013574660633484162,0.998140703517588,29,200
0.0015082956259426848,0.0,1.0,0.0,0.0,0.56,0,19860,30,10,0.0,0.0015082956259426848,0.9979899497487437,29,200
0.0015082956259426848,0.0,1.0,0.0,0.0,0.58,0,19860,30,10,0.0,0.0015082956259426848,0.9979899497487437,29,200
0.001910507792860734,0.0,1.0,0.0,0.0,0.6,0,19852,38,10,0.0,0.001910507792860734,0.9975879396984925,29,200
0.001910507792860734,0.0,1.0,0.0,0.0,0.62,0,19852,38,10,0.0,0.001910507792860734,0.9975879396984925,29,200
0.0021116138763197585,0.0,1.0,0.0,0.0,0.64,0,19848,42,10,0.0,0.0021116138763197585,0.9973869346733668,29,200
0.0023629964806435393,0.0,1.0,0.0,0.0,0.66,0,19843,47,10,0.0,0.0023629964806435393,0.9971356783919598,29,200
0.0026646556058320765,0.0,1.0,0.0,0.0,0.68,0,19837,53,10,0.0,0.0026646556058320765,0.9968341708542714,29,200
0.00628456510809452,0.0,1.0,0.0,0.0,0.7,0,19765,125,10,0.0,0.00628456510809452,0.99321608040201,29,200
0.00628456510809452,0.0,1.0,0.0,0.0,0.72,0,19765,125,10,0.0,0.00628456510809452,0.99321608040201,29,200
0.00628456510809452,0.0,1.0,0.0,0.0,0.74,0,19765,125,10,0.0,0.00628456510809452,0.99321608040201,29,200
0.006636500754147813,0.0,1.0,0.0,0.0,0.76,0,19758,132,10,0.0,0.006636500754147813,0.9928643216080402,29,200
0.007491201608848668,0.0,1.0,0.0,0.0,0.78,0,19741,149,10,0.0,0.007491201608848668,0.9920100502512563,29,200
0.00824534942182001,0.0,1.0,0.0,0.0,0.8,0,19726,164,10,0.0,0.00824534942182001,0.9912562814070351,29,200
0.013775766716943187,0.0,1.0,0.0,0.0,0.82,0,19616,274,10,0.0,0.013775766716943187,0.9857286432160804,29,200
0.015133232780291604,0.0,1.0,0.0,0.0,0.84,0,19589,301,10,0.0,0.015133232780291604,0.9843718592964824,29,200
0.01689291101055807,0.0,1.0,0.0,0.0,0.86,0,19554,336,10,0.0,0.01689291101055807,0.9826130653266332,29,200
0.01870286576168929,0.0,1.0,0.0,0.0,0.88,0,19518,372,10,0.0,0.01870286576168929,0.9808040201005025,29,200
0.01870286576168929,0.0,1.0,0.0,0.0,0.9,0,19518,372,10,0.0,0.01870286576168929,0.9808040201005025,29,200
0.028456510809451985,0.0,1.0,0.0,0.0,0.92,0,19324,566,10,0.0,0.028456510809451985,0.9710552763819096,29,200
0.039064856711915535,0.0,1.0,0.0,0.0,0.94,0,19113,777,10,0.0,0.039064856711915535,0.9604522613065327,29,200
0.042735042735042736,0.0,1.0,0.0,0.0,0.96,0,19040,850,10,0.0,0.042735042735042736,0.9567839195979899,29,200
0.11171442936148819,0.0,1.0,0.0,0.0,0.98,0,17668,2222,10,0.0,0.11171442936148819,0.8878391959798995,29,200
0.8950226244343892,1.0,0.9994385807320907,0.0005614192679092747,1.0,1.0,10,2088,17802,0,1.0,0.8950226244343892,0.10542713567839196,29,200
0.0,0.0,0.0,,0.0,0.02,0,19890,0,10,0.0,0.0,0.9994974874371859,30,200
0.0,0.0,0.0,,0.0,0.04,0,19890,0,10,0.0,0.0,0.9994974874371859,30,200
0.0,0.0,0.0,,0.0,0.06,0,19890,0,10,0.0,0.0,0.9994974874371859,30,200
0.0,0.0,0.0,,0.0,0.08,0,19890,0,10,0.0,0.0,0.9994974874371859,30,200
0.0,0.0,0.0,,0.0,0.1,0,19890,0,10,0.0,0.0,0.9994974874371859,30,200
0.0,0.0,0.0,,0.0,0.12,0,19890,0,10,0.0,0.0,0.9994974874371859,30,200
0.0,0.0,0.0,,0.0,0.14,0,19890,0,10,0.0,0.0,0.9994974874371859,30,200
0.0,0.0,0.0,,0.0,0.16,0,19890,0,10,0.0,0.0,0.9994974874371859,30,200
0.0,0.0,0.0,,0.0,0.18,0,19890,0,10,0.0,0.0,0.9994974874371859,30,200
0.0,0.0,0.0,,0.0,0.2,0,19890,0,10,0.0,0.0,0.9994974874371859,30,200
0.0,0.0,0.0,,0.0,0.22,0,19890,0,10,0.0,0.0,0.9994974874371859,30,200
0.0,0.0,0.0,,0.0,0.24,0,19890,0,10,0.0,0.0,0.9994974874371859,30,200
0.0,0.0,0.0,,0.0,0.26,0,19890,0,10,0.0,0.0,0.9994974874371859,30,200
0.0,0.0,0.0,,0.0,0.28,0,19890,0,10,0.0,0.0,0.9994974874371859,30,200
0.0,0.0,0.0,,0.0,0.3,0,19890,0,10,0.0,0.0,0.9994974874371859,30,200
0.0,0.0,0.0,,0.0,0.32,0,19890,0,10,0.0,0.0,0.9994974874371859,30,200
0.0,0.0,0.0,,0.0,0.34,0,19890,0,10,0.0,0.0,0.9994974874371859,30,200
0.0,0.0,0.0,,0.0,0.36,0,19890,0,10,0.0,0.0,0.9994974874371859,30,200
0.0,0.0,0.0,,0.0,0.38,0,19890,0,10,0.0,0.0,0.9994974874371859,30,200
0.0,0.0,0.0,,0.0,0.4,0,19890,0,10,0.0,0.0,0.9994974874371859,30,200
0.0,0.0,0.0,,0.0,0.42,0,19890,0,10,0.0,0.0,0.9994974874371859,30,200
0.0,0.0,0.0,,0.0,0.44,0,19890,0,10,0.0,0.0,0.9994974874371859,30,200
0.0,0.0,0.0,,0.0,0.46,0,19890,0,10,0.0,0.0,0.9994974874371859,30,200
0.0,0.0,0.0,,0.0,0.48,0,19890,0,10,0.0,0.0,0.9994974874371859,30,200
0.0,0.0,0.0,,0.0,0.5,0,19890,0,10,0.0,0.0,0.9994974874371859,30,200
0.0,0.0,0.0,,0.0,0.52,0,19890,0,10,0.0,0.0,0.9994974874371859,30,200
0.0,0.0,0.0,,0.0,0.54,0,19890,0,10,0.0,0.0,0.9994974874371859,30,200
0.0,0.0,0.0,,0.0,0.56,0,19890,0,10,0.0,0.0,0.9994974874371859,30,200
0.0,0.0,0.0,,0.0,0.58,0,19890,0,10,0.0,0.0,0.9994974874371859,30,200
0.0005027652086475615,0.0,1.0,0.0,0.0,0.6,0,19880,10,10,0.0,0.0005027652086475615,0.9989949748743718,30,200
0.0007541478129713424,0.0,1.0,0.0,0.0,0.62,0,19875,15,10,0.0,0.0007541478129713424,0.9987437185929648,30,200
0.0008547008547008547,0.0,1.0,0.0,0.0,0.64,0,19873,17,10,0.0,0.0008547008547008547,0.998643216080402,30,200
0.0008547008547008547,0.0,1.0,0.0,0.0,0.66,0,19873,17,10,0.0,0.0008547008547008547,0.998643216080402,30,200
0.0008547008547008547,0.0,1.0,0.0,0.0,0.68,0,19873,17,10,0.0,0.0008547008547008547,0.998643216080402,30,200
0.0009049773755656109,0.0,1.0,0.0,0.0,0.7,0,19872,18,10,0.0,0.0009049773755656109,0.9985929648241206,30,200
0.001005530417295123,0.0,1.0,0.0,0.0,0.72,0,19870,20,10,0.0,0.001005530417295123,0.9984924623115577,30,200
0.001005530417295123,0.0,1.0,0.0,0.0,0.74,0,19870,20,10,0.0,0.001005530417295123,0.9984924623115577,30,200
0.0011060834590246355,0.0,1.0,0.0,0.0,0.76,0,19868,22,10,0.0,0.0011060834590246355,0.998391959798995,30,200
0.0011060834590246355,0.0,1.0,0.0,0.0,0.78,0,19868,22,10,0.0,0.0011060834590246355,0.998391959798995,30,200
0.0012066365007541479,0.0,1.0,0.0,0.0,0.8,0,19866,24,10,0.0,0.0012066365007541479,0.9982914572864322,30,200
0.0013574660633484162,0.0,1.0,0.0,0.0,0.82,0,19863,27,10,0.0,0.0013574660633484162,0.998140703517588,30,200
0.0013574660633484162,0.0,1.0,0.0,0.0,0.84,0,19863,27,10,0.0,0.0013574660633484162,0.998140703517588,30,200
0.008697838109602816,0.2,0.9885714285714285,0.011428571428571429,0.2,0.86,2,19717,173,8,0.2,0.008697838109602816,0.9909045226130653,30,200
0.008697838109602816,0.2,0.9885714285714285,0.011428571428571429,0.2,0.88,2,19717,173,8,0.2,0.008697838109602816,0.9909045226130653,30,200
0.01649069884364002,0.2,0.9939393939393939,0.006060606060606061,0.2,0.9,2,19562,328,8,0.2,0.01649069884364002,0.9831155778894473,30,200
0.024534942182001005,0.3,0.9938900203665988,0.006109979633401222,0.3,0.92,3,19402,488,7,0.3,0.024534942182001005,0.9751256281407035,30,200
0.08994469582704877,0.5,0.9972129319955407,0.002787068004459309,0.5,0.94,5,18101,1789,5,0.5,0.08994469582704877,0.9098492462311558,30,200
0.12106586224233283,0.5,0.9979278905926233,0.0020721094073767096,0.5,0.96,5,17482,2408,5,0.5,0.12106586224233283,0.8787437185929649,30,200
0.12870789341377575,0.5,0.9980506822612085,0.001949317738791423,0.5,0.98,5,17330,2560,5,0.5,0.12870789341377575,0.8711055276381909,30,200
0.40965309200603317,0.8,0.9990191270230505,0.000980872976949485,0.8,1.0,8,11742,8148,2,0.8,0.40965309200603317,0.5904522613065326,30,200
0.0,0.0,0.0,,0.0,0.02,0,19890,0,10,0.0,0.0,0.9994974874371859,31,200
0.0,0.0,0.0,,0.0,0.04,0,19890,0,10,0.0,0.0,0.9994974874371859,31,200
0.0,0.0,0.0,,0.0,0.06,0,19890,0,10,0.0,0.0,0.9994974874371859,31,200
0.0,0.0,0.0,,0.0,0.08,0,19890,0,10,0.0,0.0,0.9994974874371859,31,200
0.0,0.0,0.0,,0.0,0.1,0,19890,0,10,0.0,0.0,0.9994974874371859,31,200
0.0,0.0,0.0,,0.0,0.12,0,19890,0,10,0.0,0.0,0.9994974874371859,31,200
0.0,0.0,0.0,,0.0,0.14,0,19890,0,10,0.0,0.0,0.9994974874371859,31,200
0.0,0.0,0.0,,0.0,0.16,0,19890,0,10,0.0,0.0,0.9994974874371859,31,200
0.0,0.0,0.0,,0.0,0.18,0,19890,0,10,0.0,0.0,0.9994974874371859,31,200
0.0,0.0,0.0,,0.0,0.2,0,19890,0,10,0.0,0.0,0.9994974874371859,31,200
0.0,0.0,0.0,,0.0,0.22,0,19890,0,10,0.0,0.0,0.9994974874371859,31,200
0.0,0.0,0.0,,0.0,0.24,0,19890,0,10,0.0,0.0,0.9994974874371859,31,200
0.0,0.0,0.0,,0.0,0.26,0,19890,0,10,0.0,0.0,0.9994974874371859,31,200
0.0,0.0,0.0,,0.0,0.28,0,19890,0,10,0.0,0.0,0.9994974874371859,31,200
0.0,0.0,0.0,,0.0,0.3,0,19890,0,10,0.0,0.0,0.9994974874371859,31,200
0.0,0.0,0.0,,0.0,0.32,0,19890,0,10,0.0,0.0,0.9994974874371859,31,200
0.0,0.0,0.0,,0.0,0.34,0,19890,0,10,0.0,0.0,0.9994974874371859,31,200
0.0,0.0,0.0,,0.0,0.36,0,19890,0,10,0.0,0.0,0.9994974874371859,31,200
0.0,0.0,0.0,,0.0,0.38,0,19890,0,10,0.0,0.0,0.9994974874371859,31,200
0.0,0.0,0.0,,0.0,0.4,0,19890,0,10,0.0,0.0,0.9994974874371859,31,200
0.0,0.0,0.0,,0.0,0.42,0,19890,0,10,0.0,0.0,0.9994974874371859,31,200
0.0,0.0,0.0,,0.0,0.44,0,19890,0,10,0.0,0.0,0.9994974874371859,31,200
5.0276520864756156e-05,0.0,1.0,0.0,0.0,0.46,0,19889,1,10,0.0,5.0276520864756156e-05,0.9994472361809045,31,200
5.0276520864756156e-05,0.0,1.0,0.0,0.0,0.48,0,19889,1,10,0.0,5.0276520864756156e-05,0.9994472361809045,31,200
5.0276520864756156e-05,0.0,1.0,0.0,0.0,0.5,0,19889,1,10,0.0,5.0276520864756156e-05,0.9994472361809045,31,200
5.0276520864756156e-05,0.0,1.0,0.0,0.0,0.52,0,19889,1,10,0.0,5.0276520864756156e-05,0.9994472361809045,31,200
5.0276520864756156e-05,0.0,1.0,0.0,0.0,0.54,0,19889,1,10,0.0,5.0276520864756156e-05,0.9994472361809045,31,200
0.00015082956259426848,0.0,1.0,0.0,0.0,0.56,0,19887,3,10,0.0,0.00015082956259426848,0.9993467336683417,31,200
0.00015082956259426848,0.0,1.0,0.0,0.0,0.58,0,19887,3,10,0.0,0.00015082956259426848,0.9993467336683417,31,200
0.00020110608345902463,0.0,1.0,0.0,0.0,0.6,0,19886,4,10,0.0,0.00020110608345902463,0.9992964824120603,31,200
0.00020110608345902463,0.0,1.0,0.0,0.0,0.62,0,19886,4,10,0.0,0.00020110608345902463,0.9992964824120603,31,200
0.00020110608345902463,0.0,1.0,0.0,0.0,0.64,0,19886,4,10,0.0,0.00020110608345902463,0.9992964824120603,31,200
0.00020110608345902463,0.0,1.0,0.0,0.0,0.66,0,19886,4,10,0.0,0.00020110608345902463,0.9992964824120603,31,200
0.00020110608345902463,0.0,1.0,0.0,0.0,0.68,0,19886,4,10,0.0,0.00020110608345902463,0.9992964824120603,31,200
0.00020110608345902463,0.0,1.0,0.0,0.0,0.7,0,19886,4,10,0.0,0.00020110608345902463,0.9992964824120603,31,200
0.0010558069381598793,0.0,1.0,0.0,0.0,0.72,0,19869,21,10,0.0,0.0010558069381598793,0.9984422110552764,31,200
0.0010558069381598793,0.0,1.0,0.0,0.0,0.74,0,19869,21,10,0.0,0.0010558069381598793,0.9984422110552764,31,200
0.0010558069381598793,0.0,1.0,0.0,0.0,0.76,0,19869,21,10,0.0,0.0010558069381598793,0.9984422110552764,31,200
0.0010558069381598793,0.0,1.0,0.0,0.0,0.78,0,19869,21,10,0.0,0.0010558069381598793,0.9984422110552764,31,200
0.0011060834590246355,0.0,1.0,0.0,0.0,0.8,0,19868,22,10,0.0,0.0011060834590246355,0.998391959798995,31,200
0.001256913021618904,0.0,1.0,0.0,0.0,0.82,0,19865,25,10,0.0,0.001256913021618904,0.9982412060301508,31,200
0.001256913021618904,0.0,1.0,0.0,0.0,0.84,0,19865,25,10,0.0,0.001256913021618904,0.9982412060301508,31,200
0.0018602312719959778,0.1,0.9736842105263158,0.02631578947368421,0.1,0.86,1,19853,37,9,0.1,0.0018602312719959778,0.9976884422110552,31,200
0.0018602312719959778,0.1,0.9736842105263158,0.02631578947368421,0.1,0.88,1,19853,37,9,0.1,0.0018602312719959778,0.9976884422110552,31,200
0.003117144293614882,0.2,0.96875,0.03125,0.2,0.9,2,19828,62,8,0.2,0.003117144293614882,0.9964824120603015,31,200
0.015082956259426848,0.2,0.9933774834437086,0.006622516556291391,0.2,0.92,2,19590,300,8,0.2,0.015082956259426848,0.9845226130653266,31,200
0.015082956259426848,0.2,0.9933774834437086,0.006622516556291391,0.2,0.94,2,19590,300,8,0.2,0.015082956259426848,0.9845226130653266,31,200
0.025791855203619908,0.3,0.9941860465116279,0.005813953488372093,0.3,0.96,3,19377,513,7,0.3,0.025791855203619908,0.9738693467336683,31,200
0.14650578179989945,0.3,0.9989715461090161,0.0010284538909838875,0.3,0.98,3,16976,2914,7,0.3,0.14650578179989945,0.85321608040201,31,200
0.9661639014580191,1.0,0.9994798980600198,0.0005201019399802361,1.0,1.0,10,673,19217,0,1.0,0.9661639014580191,0.034321608040201006,31,200
5.0276520864756156e-05,0.0,1.0,0.0,0.0,0.02,0,19889,1,10,0.0,5.0276520864756156e-05,0.9994472361809045,32,200
5.0276520864756156e-05,0.0,1.0,0.0,0.0,0.04,0,19889,1,10,0.0,5.0276520864756156e-05,0.9994472361809045,32,200
5.0276520864756156e-05,0.0,1.0,0.0,0.0,0.06,0,19889,1,10,0.0,5.0276520864756156e-05,0.9994472361809045,32,200
0.00010055304172951231,0.1,0.6666666666666666,0.3333333333333333,0.1,0.08,1,19888,2,9,0.1,0.00010055304172951231,0.9994472361809045,32,200
0.00010055304172951231,0.1,0.6666666666666666,0.3333333333333333,0.1,0.1,1,19888,2,9,0.1,0.00010055304172951231,0.9994472361809045,32,200
0.00010055304172951231,0.1,0.6666666666666666,0.3333333333333333,0.1,0.12,1,19888,2,9,0.1,0.00010055304172951231,0.9994472361809045,32,200
0.00010055304172951231,0.1,0.6666666666666666,0.3333333333333333,0.1,0.14,1,19888,2,9,0.1,0.00010055304172951231,0.9994472361809045,32,200
0.00010055304172951231,0.1,0.6666666666666666,0.3333333333333333,0.1,0.16,1,19888,2,9,0.1,0.00010055304172951231,0.9994472361809045,32,200
0.00010055304172951231,0.1,0.6666666666666666,0.3333333333333333,0.1,0.18,1,19888,2,9,0.1,0.00010055304172951231,0.9994472361809045,32,200
0.00010055304172951231,0.1,0.6666666666666666,0.3333333333333333,0.1,0.2,1,19888,2,9,0.1,0.00010055304172951231,0.9994472361809045,32,200
0.00010055304172951231,0.1,0.6666666666666666,0.3333333333333333,0.1,0.22,1,19888,2,9,0.1,0.00010055304172951231,0.9994472361809045,32,200
0.00010055304172951231,0.1,0.6666666666666666,0.3333333333333333,0.1,0.24,1,19888,2,9,0.1,0.00010055304172951231,0.9994472361809045,32,200
0.00010055304172951231,0.1,0.6666666666666666,0.3333333333333333,0.1,0.26,1,19888,2,9,0.1,0.00010055304172951231,0.9994472361809045,32,200
0.00020110608345902463,0.1,0.8,0.2,0.1,0.28,1,19886,4,9,0.1,0.00020110608345902463,0.9993467336683417,32,200
0.00020110608345902463,0.1,0.8,0.2,0.1,0.3,1,19886,4,9,0.1,0.00020110608345902463,0.9993467336683417,32,200
0.00020110608345902463,0.1,0.8,0.2,0.1,0.32,1,19886,4,9,0.1,0.00020110608345902463,0.9993467336683417,32,200
0.00020110608345902463,0.1,0.8,0.2,0.1,0.34,1,19886,4,9,0.1,0.00020110608345902463,0.9993467336683417,32,200
0.00020110608345902463,0.1,0.8,0.2,0.1,0.36,1,19886,4,9,0.1,0.00020110608345902463,0.9993467336683417,32,200
0.00020110608345902463,0.1,0.8,0.2,0.1,0.38,1,19886,4,9,0.1,0.00020110608345902463,0.9993467336683417,32,200
0.00020110608345902463,0.1,0.8,0.2,0.1,0.4,1,19886,4,9,0.1,0.00020110608345902463,0.9993467336683417,32,200
0.00020110608345902463,0.1,0.8,0.2,0.1,0.42,1,19886,4,9,0.1,0.00020110608345902463,0.9993467336683417,32,200
0.00020110608345902463,0.1,0.8,0.2,0.1,0.44,1,19886,4,9,0.1,0.00020110608345902463,0.9993467336683417,32,200
0.00020110608345902463,0.1,0.8,0.2,0.1,0.46,1,19886,4,9,0.1,0.00020110608345902463,0.9993467336683417,32,200
0.00020110608345902463,0.1,0.8,0.2,0.1,0.48,1,19886,4,9,0.1,0.00020110608345902463,0.9993467336683417,32,200
0.00020110608345902463,0.1,0.8,0.2,0.1,0.5,1,19886,4,9,0.1,0.00020110608345902463,0.9993467336683417,32,200
0.00020110608345902463,0.1,0.8,0.2,0.1,0.52,1,19886,4,9,0.1,0.00020110608345902463,0.9993467336683417,32,200
0.00020110608345902463,0.1,0.8,0.2,0.1,0.54,1,19886,4,9,0.1,0.00020110608345902463,0.9993467336683417,32,200
0.00020110608345902463,0.1,0.8,0.2,0.1,0.56,1,19886,4,9,0.1,0.00020110608345902463,0.9993467336683417,32,200
0.00020110608345902463,0.1,0.8,0.2,0.1,0.58,1,19886,4,9,0.1,0.00020110608345902463,0.9993467336683417,32,200
0.00020110608345902463,0.1,0.8,0.2,0.1,0.6,1,19886,4,9,0.1,0.00020110608345902463,0.9993467336683417,32,200
0.00020110608345902463,0.1,0.8,0.2,0.1,0.62,1,19886,4,9,0.1,0.00020110608345902463,0.9993467336683417,32,200
0.00020110608345902463,0.1,0.8,0.2,0.1,0.64,1,19886,4,9,0.1,0.00020110608345902463,0.9993467336683417,32,200
0.00020110608345902463,0.1,0.8,0.2,0.1,0.66,1,19886,4,9,0.1,0.00020110608345902463,0.9993467336683417,32,200
0.00020110608345902463,0.1,0.8,0.2,0.1,0.68,1,19886,4,9,0.1,0.00020110608345902463,0.9993467336683417,32,200
0.00020110608345902463,0.1,0.8,0.2,0.1,0.7,1,19886,4,9,0.1,0.00020110608345902463,0.9993467336683417,32,200
0.00020110608345902463,0.1,0.8,0.2,0.1,0.72,1,19886,4,9,0.1,0.00020110608345902463,0.9993467336683417,32,200
0.00020110608345902463,0.1,0.8,0.2,0.1,0.74,1,19886,4,9,0.1,0.00020110608345902463,0.9993467336683417,32,200
0.00020110608345902463,0.1,0.8,0.2,0.1,0.76,1,19886,4,9,0.1,0.00020110608345902463,0.9993467336683417,32,200
0.00020110608345902463,0.1,0.8,0.2,0.1,0.78,1,19886,4,9,0.1,0.00020110608345902463,0.9993467336683417,32,200
0.00020110608345902463,0.1,0.8,0.2,0.1,0.8,1,19886,4,9,0.1,0.00020110608345902463,0.9993467336683417,32,200
0.00864756158873806,0.2,0.9885057471264368,0.011494252873563218,0.2,0.82,2,19718,172,8,0.2,0.00864756158873806,0.9909547738693467,32,200
0.009954751131221719,0.2,0.99,0.01,0.2,0.84,2,19692,198,8,0.2,0.009954751131221719,0.9896482412060301,32,200
0.009954751131221719,0.2,0.99,0.01,0.2,0.86,2,19692,198,8,0.2,0.009954751131221719,0.9896482412060301,32,200
0.010960281548516842,0.2,0.990909090909091,0.00909090909090909,0.2,0.88,2,19672,218,8,0.2,0.010960281548516842,0.9886432160804021,32,200
0.019457013574660634,0.2,0.9948586118251928,0.005141388174807198,0.2,0.9,2,19503,387,8,0.2,0.019457013574660634,0.9801507537688442,32,200
0.022071392659627955,0.2,0.9954648526077098,0.0045351473922902496,0.2,0.92,2,19451,439,8,0.2,0.022071392659627955,0.977537688442211,32,200
0.027953745600804426,0.2,0.996415770609319,0.0035842293906810036,0.2,0.94,2,19334,556,8,0.2,0.027953745600804426,0.9716582914572864,32,200
0.07365510306686777,0.3,0.9979564032697548,0.0020435967302452314,0.3,0.96,3,18425,1465,7,0.3,0.07365510306686777,0.9260301507537688,32,200
0.10060331825037708,0.3,0.9985029940119761,0.0014970059880239522,0.3,0.98,3,17889,2001,7,0.3,0.10060331825037708,0.8990954773869346,32,200
0.9595776772247361,0.9,0.999528672427337,0.0004713275726630008,0.9,1.0,9,804,19086,1,0.9,0.9595776772247361,0.04085427135678392,32,200
0.0,0.0,0.0,,0.0,0.02,0,19890,0,10,0.0,0.0,0.9994974874371859,33,200
0.0,0.0,0.0,,0.0,0.04,0,19890,0,10,0.0,0.0,0.9994974874371859,33,200
0.0,0.0,0.0,,0.0,0.06,0,19890,0,10,0.0,0.0,0.9994974874371859,33,200
0.0,0.0,0.0,,0.0,0.08,0,19890,0,10,0.0,0.0,0.9994974874371859,33,200
0.0,0.0,0.0,,0.0,0.1,0,19890,0,10,0.0,0.0,0.9994974874371859,33,200
0.0,0.0,0.0,,0.0,0.12,0,19890,0,10,0.0,0.0,0.9994974874371859,33,200
0.0,0.0,0.0,,0.0,0.14,0,19890,0,10,0.0,0.0,0.9994974874371859,33,200
0.0,0.0,0.0,,0.0,0.16,0,19890,0,10,0.0,0.0,0.9994974874371859,33,200
0.0,0.0,0.0,,0.0,0.18,0,19890,0,10,0.0,0.0,0.9994974874371859,33,200
0.0,0.0,0.0,,0.0,0.2,0,19890,0,10,0.0,0.0,0.9994974874371859,33,200
5.0276520864756156e-05,0.0,1.0,0.0,0.0,0.22,0,19889,1,10,0.0,5.0276520864756156e-05,0.9994472361809045,33,200
0.00010055304172951231,0.0,1.0,0.0,0.0,0.24,0,19888,2,10,0.0,0.00010055304172951231,0.9993969849246231,33,200
0.00010055304172951231,0.0,1.0,0.0,0.0,0.26,0,19888,2,10,0.0,0.00010055304172951231,0.9993969849246231,33,200
0.00010055304172951231,0.0,1.0,0.0,0.0,0.28,0,19888,2,10,0.0,0.00010055304172951231,0.9993969849246231,33,200
0.00010055304172951231,0.0,1.0,0.0,0.0,0.3,0,19888,2,10,0.0,0.00010055304172951231,0.9993969849246231,33,200
0.00010055304172951231,0.0,1.0,0.0,0.0,0.32,0,19888,2,10,0.0,0.00010055304172951231,0.9993969849246231,33,200
0.00010055304172951231,0.0,1.0,0.0,0.0,0.34,0,19888,2,10,0.0,0.00010055304172951231,0.9993969849246231,33,200
0.00010055304172951231,0.0,1.0,0.0,0.0,0.36,0,19888,2,10,0.0,0.00010055304172951231,0.9993969849246231,33,200
0.00010055304172951231,0.0,1.0,0.0,0.0,0.38,0,19888,2,10,0.0,0.00010055304172951231,0.9993969849246231,33,200
0.00010055304172951231,0.0,1.0,0.0,0.0,0.4,0,19888,2,10,0.0,0.00010055304172951231,0.9993969849246231,33,200
0.00010055304172951231,0.0,1.0,0.0,0.0,0.42,0,19888,2,10,0.0,0.00010055304172951231,0.9993969849246231,33,200
0.00010055304172951231,0.0,1.0,0.0,0.0,0.44,0,19888,2,10,0.0,0.00010055304172951231,0.9993969849246231,33,200
0.00010055304172951231,0.0,1.0,0.0,0.0,0.46,0,19888,2,10,0.0,0.00010055304172951231,0.9993969849246231,33,200
0.00010055304172951231,0.0,1.0,0.0,0.0,0.48,0,19888,2,10,0.0,0.00010055304172951231,0.9993969849246231,33,200
0.00130718954248366,0.0,1.0,0.0,0.0,0.5,0,19864,26,10,0.0,0.00130718954248366,0.9981909547738693,33,200
0.0014580191050779286,0.0,1.0,0.0,0.0,0.52,0,19861,29,10,0.0,0.0014580191050779286,0.9980402010050251,33,200
0.0016591251885369532,0.0,1.0,0.0,0.0,0.54,0,19857,33,10,0.0,0.0016591251885369532,0.9978391959798995,33,200
0.0016591251885369532,0.0,1.0,0.0,0.0,0.56,0,19857,33,10,0.0,0.0016591251885369532,0.9978391959798995,33,200
0.0016591251885369532,0.0,1.0,0.0,0.0,0.58,0,19857,33,10,0.0,0.0016591251885369532,0.9978391959798995,33,200
0.0017596782302664656,0.0,1.0,0.0,0.0,0.6,0,19855,35,10,0.0,0.0017596782302664656,0.9977386934673367,33,200
0.0023127199597787833,0.0,1.0,0.0,0.0,0.62,0,19844,46,10,0.0,0.0023127199597787833,0.9971859296482412,33,200
0.0030165912518853697,0.0,1.0,0.0,0.0,0.64,0,19830,60,10,0.0,0.0030165912518853697,0.9964824120603015,33,200
0.0030165912518853697,0.0,1.0,0.0,0.0,0.66,0,19830,60,10,0.0,0.0030165912518853697,0.9964824120603015,33,200
0.003368526897938663,0.0,1.0,0.0,0.0,0.68,0,19823,67,10,0.0,0.003368526897938663,0.9961306532663317,33,200
0.003770739064856712,0.0,1.0,0.0,0.0,0.7,0,19815,75,10,0.0,0.003770739064856712,0.9957286432160805,33,200
0.004172951231774761,0.0,1.0,0.0,0.0,0.72,0,19807,83,10,0.0,0.004172951231774761,0.9953266331658291,33,200
0.004725992961287079,0.0,1.0,0.0,0.0,0.74,0,19796,94,10,0.0,0.004725992961287079,0.9947738693467336,33,200
0.004725992961287079,0.0,1.0,0.0,0.0,0.76,0,19796,94,10,0.0,0.004725992961287079,0.9947738693467336,33,200
0.004725992961287079,0.0,1.0,0.0,0.0,0.78,0,19796,94,10,0.0,0.004725992961287079,0.9947738693467336,33,200
0.005128205128205128,0.0,1.0,0.0,0.0,0.8,0,19788,102,10,0.0,0.005128205128205128,0.9943718592964824,33,200
0.00563097033685269,0.0,1.0,0.0,0.0,0.82,0,19778,112,10,0.0,0.00563097033685269,0.9938693467336683,33,200
0.00563097033685269,0.0,1.0,0.0,0.0,0.84,0,19778,112,10,0.0,0.00563097033685269,0.9938693467336683,33,200
0.00563097033685269,0.0,1.0,0.0,0.0,0.86,0,19778,112,10,0.0,0.00563097033685269,0.9938693467336683,33,200
0.0069381598793363496,0.0,1.0,0.0,0.0,0.88,0,19752,138,10,0.0,0.0069381598793363496,0.9925628140703517,33,200
0.007792860734037205,0.0,1.0,0.0,0.0,0.9,0,19735,155,10,0.0,0.007792860734037205,0.9917085427135678,33,200
0.021367521367521368,0.1,0.9976525821596244,0.002347417840375587,0.1,0.92,1,19465,425,9,0.1,0.021367521367521368,0.9781909547738693,33,200
0.023479135243841126,0.1,0.9978632478632479,0.002136752136752137,0.1,0.94,1,19423,467,9,0.1,0.023479135243841126,0.9760804020100502,33,200
0.0915032679738562,0.2,0.9989023051591658,0.0010976948408342481,0.2,0.96,2,18070,1820,8,0.2,0.0915032679738562,0.9081407035175879,33,200
0.18144796380090497,0.4,0.9988928867976751,0.0011071132023249377,0.4,0.98,4,16281,3609,6,0.4,0.18144796380090497,0.8183417085427136,33,200
0.9643036701860231,1.0,0.9994788952579469,0.0005211047420531526,1.0,1.0,10,710,19180,0,1.0,0.9643036701860231,0.036180904522613064,33,200
0.0,0.0,0.0,,0.0,0.02,0,19890,0,10,0.0,0.0,0.9994974874371859,34,200
0.0,0.0,0.0,,0.0,0.04,0,19890,0,10,0.0,0.0,0.9994974874371859,34,200
0.0,0.0,0.0,,0.0,0.06,0,19890,0,10,0.0,0.0,0.9994974874371859,34,200
0.0,0.0,0.0,,0.0,0.08,0,19890,0,10,0.0,0.0,0.9994974874371859,34,200
0.0,0.0,0.0,,0.0,0.1,0,19890,0,10,0.0,0.0,0.9994974874371859,34,200
0.0,0.0,0.0,,0.0,0.12,0,19890,0,10,0.0,0.0,0.9994974874371859,34,200
0.0,0.0,0.0,,0.0,0.14,0,19890,0,10,0.0,0.0,0.9994974874371859,34,200
0.0,0.0,0.0,,0.0,0.16,0,19890,0,10,0.0,0.0,0.9994974874371859,34,200
0.0,0.0,0.0,,0.0,0.18,0,19890,0,10,0.0,0.0,0.9994974874371859,34,200
0.0,0.0,0.0,,0.0,0.2,0,19890,0,10,0.0,0.0,0.9994974874371859,34,200
0.0,0.0,0.0,,0.0,0.22,0,19890,0,10,0.0,0.0,0.9994974874371859,34,200
0.0,0.0,0.0,,0.0,0.24,0,19890,0,10,0.0,0.0,0.9994974874371859,34,200
0.0,0.0,0.0,,0.0,0.26,0,19890,0,10,0.0,0.0,0.9994974874371859,34,200
0.0,0.0,0.0,,0.0,0.28,0,19890,0,10,0.0,0.0,0.9994974874371859,34,200
0.0,0.0,0.0,,0.0,0.3,0,19890,0,10,0.0,0.0,0.9994974874371859,34,200
0.0,0.0,0.0,,0.0,0.32,0,19890,0,10,0.0,0.0,0.9994974874371859,34,200
0.0,0.0,0.0,,0.0,0.34,0,19890,0,10,0.0,0.0,0.9994974874371859,34,200
0.0,0.0,0.0,,0.0,0.36,0,19890,0,10,0.0,0.0,0.9994974874371859,34,200
0.0,0.0,0.0,,0.0,0.38,0,19890,0,10,0.0,0.0,0.9994974874371859,34,200
0.0,0.0,0.0,,0.0,0.4,0,19890,0,10,0.0,0.0,0.9994974874371859,34,200
0.0,0.0,0.0,,0.0,0.42,0,19890,0,10,0.0,0.0,0.9994974874371859,34,200
0.0,0.0,0.0,,0.0,0.44,0,19890,0,10,0.0,0.0,0.9994974874371859,34,200
0.0,0.0,0.0,,0.0,0.46,0,19890,0,10,0.0,0.0,0.9994974874371859,34,200
0.0,0.0,0.0,,0.0,0.48,0,19890,0,10,0.0,0.0,0.9994974874371859,34,200
0.0,0.0,0.0,,0.0,0.5,0,19890,0,10,0.0,0.0,0.9994974874371859,34,200
0.0,0.0,0.0,,0.0,0.52,0,19890,0,10,0.0,0.0,0.9994974874371859,34,200
0.0,0.0,0.0,,0.0,0.54,0,19890,0,10,0.0,0.0,0.9994974874371859,34,200
0.0,0.0,0.0,,0.0,0.56,0,19890,0,10,0.0,0.0,0.9994974874371859,34,200
0.0,0.0,0.0,,0.0,0.58,0,19890,0,10,0.0,0.0,0.9994974874371859,34,200
0.0,0.0,0.0,,0.0,0.6,0,19890,0,10,0.0,0.0,0.9994974874371859,34,200
0.0,0.0,0.0,,0.0,0.62,0,19890,0,10,0.0,0.0,0.9994974874371859,34,200
0.0,0.0,0.0,,0.0,0.64,0,19890,0,10,0.0,0.0,0.9994974874371859,34,200
0.0,0.0,0.0,,0.0,0.66,0,19890,0,10,0.0,0.0,0.9994974874371859,34,200
0.0,0.0,0.0,,0.0,0.68,0,19890,0,10,0.0,0.0,0.9994974874371859,34,200
0.0,0.0,0.0,,0.0,0.7,0,19890,0,10,0.0,0.0,0.9994974874371859,34,200
0.0010558069381598793,0.0,1.0,0.0,0.0,0.72,0,19869,21,10,0.0,0.0010558069381598793,0.9984422110552764,34,200
0.0010558069381598793,0.0,1.0,0.0,0.0,0.74,0,19869,21,10,0.0,0.0010558069381598793,0.9984422110552764,34,200
0.0011563599798893917,0.0,1.0,0.0,0.0,0.76,0,19867,23,10,0.0,0.0011563599798893917,0.9983417085427135,34,200
0.0011563599798893917,0.0,1.0,0.0,0.0,0.78,0,19867,23,10,0.0,0.0011563599798893917,0.9983417085427135,34,200
0.001910507792860734,0.0,1.0,0.0,0.0,0.8,0,19852,38,10,0.0,0.001910507792860734,0.9975879396984925,34,200
0.009954751131221719,0.1,0.9949748743718593,0.005025125628140704,0.1,0.82,1,19692,198,9,0.1,0.009954751131221719,0.9895979899497488,34,200
0.013675213675213675,0.1,0.9963369963369964,0.003663003663003663,0.1,0.84,1,19618,272,9,0.1,0.013675213675213675,0.9858793969849247,34,200
0.015233785822021116,0.1,0.9967105263157895,0.003289473684210526,0.1,0.86,1,19587,303,9,0.1,0.015233785822021116,0.984321608040201,34,200
0.01649069884364002,0.1,0.9969604863221885,0.00303951367781155,0.1,0.88,1,19562,328,9,0.1,0.01649069884364002,0.9830653266331658,34,200
0.017948717948717947,0.1,0.9972067039106145,0.002793296089385475,0.1,0.9,1,19533,357,9,0.1,0.017948717948717947,0.981608040201005,34,200
0.03283056812468577,0.2,0.9969465648854962,0.0030534351145038168,0.2,0.92,2,19237,653,8,0.2,0.03283056812468577,0.9667839195979899,34,200
0.05253896430367019,0.2,0.9980897803247374,0.0019102196752626551,0.2,0.94,2,18845,1045,8,0.2,0.05253896430367019,0.9470854271356783,34,200
0.062493715434891906,0.2,0.9983935742971888,0.001606425702811245,0.2,0.96,2,18647,1243,8,0.2,0.062493715434891906,0.9371356783919598,34,200
0.07320261437908497,0.2,0.9986282578875172,0.0013717421124828531,0.2,0.98,2,18434,1456,8,0.2,0.07320261437908497,0.9264321608040201,34,200
0.9688285570638512,0.9,0.9995331708076145,0.00046682919238549717,0.9,1.0,9,620,19270,1,0.9,0.9688285570638512,0.03160804020100502,34,200
0.0,0.0,0.0,,0.0,0.02,0,19890,0,10,0.0,0.0,0.9994974874371859,35,200
0.0,0.0,0.0,,0.0,0.04,0,19890,0,10,0.0,0.0,0.9994974874371859,35,200
0.0,0.0,0.0,,0.0,0.06,0,19890,0,10,0.0,0.0,0.9994974874371859,35,200
0.0,0.0,0.0,,0.0,0.08,0,19890,0,10,0.0,0.0,0.9994974874371859,35,200
0.0,0.0,0.0,,0.0,0.1,0,19890,0,10,0.0,0.0,0.9994974874371859,35,200
0.0,0.0,0.0,,0.0,0.12,0,19890,0,10,0.0,0.0,0.9994974874371859,35,200
0.0,0.0,0.0,,0.0,0.14,0,19890,0,10,0.0,0.0,0.9994974874371859,35,200
0.0,0.0,0.0,,0.0,0.16,0,19890,0,10,0.0,0.0,0.9994974874371859,35,200
0.0,0.0,0.0,,0.0,0.18,0,19890,0,10,0.0,0.0,0.9994974874371859,35,200
0.0,0.0,0.0,,0.0,0.2,0,19890,0,10,0.0,0.0,0.9994974874371859,35,200
0.0,0.0,0.0,,0.0,0.22,0,19890,0,10,0.0,0.0,0.9994974874371859,35,200
0.0,0.0,0.0,,0.0,0.24,0,19890,0,10,0.0,0.0,0.9994974874371859,35,200
0.0,0.0,0.0,,0.0,0.26,0,19890,0,10,0.0,0.0,0.9994974874371859,35,200
0.0,0.0,0.0,,0.0,0.28,0,19890,0,10,0.0,0.0,0.9994974874371859,35,200
0.0,0.0,0.0,,0.0,0.3,0,19890,0,10,0.0,0.0,0.9994974874371859,35,200
0.0,0.0,0.0,,0.0,0.32,0,19890,0,10,0.0,0.0,0.9994974874371859,35,200
0.0,0.0,0.0,,0.0,0.34,0,19890,0,10,0.0,0.0,0.9994974874371859,35,200
0.0,0.0,0.0,,0.0,0.36,0,19890,0,10,0.0,0.0,0.9994974874371859,35,200
0.0,0.0,0.0,,0.0,0.38,0,19890,0,10,0.0,0.0,0.9994974874371859,35,200
0.0,0.0,0.0,,0.0,0.4,0,19890,0,10,0.0,0.0,0.9994974874371859,35,200
0.0,0.0,0.0,,0.0,0.42,0,19890,0,10,0.0,0.0,0.9994974874371859,35,200
0.0,0.0,0.0,,0.0,0.44,0,19890,0,10,0.0,0.0,0.9994974874371859,35,200
0.0,0.0,0.0,,0.0,0.46,0,19890,0,10,0.0,0.0,0.9994974874371859,35,200
0.0,0.0,0.0,,0.0,0.48,0,19890,0,10,0.0,0.0,0.9994974874371859,35,200
0.0,0.0,0.0,,0.0,0.5,0,19890,0,10,0.0,0.0,0.9994974874371859,35,200
0.0,0.0,0.0,,0.0,0.52,0,19890,0,10,0.0,0.0,0.9994974874371859,35,200
0.0,0.0,0.0,,0.0,0.54,0,19890,0,10,0.0,0.0,0.9994974874371859,35,200
0.0,0.0,0.0,,0.0,0.56,0,19890,0,10,0.0,0.0,0.9994974874371859,35,200
5.0276520864756156e-05,0.0,1.0,0.0,0.0,0.58,0,19889,1,10,0.0,5.0276520864756156e-05,0.9994472361809045,35,200
5.0276520864756156e-05,0.0,1.0,0.0,0.0,0.6,0,19889,1,10,0.0,5.0276520864756156e-05,0.9994472361809045,35,200
5.0276520864756156e-05,0.0,1.0,0.0,0.0,0.62,0,19889,1,10,0.0,5.0276520864756156e-05,0.9994472361809045,35,200
5.0276520864756156e-05,0.0,1.0,0.0,0.0,0.64,0,19889,1,10,0.0,5.0276520864756156e-05,0.9994472361809045,35,200
5.0276520864756156e-05,0.0,1.0,0.0,0.0,0.66,0,19889,1,10,0.0,5.0276520864756156e-05,0.9994472361809045,35,200
5.0276520864756156e-05,0.0,1.0,0.0,0.0,0.68,0,19889,1,10,0.0,5.0276520864756156e-05,0.9994472361809045,35,200
5.0276520864756156e-05,0.0,1.0,0.0,0.0,0.7,0,19889,1,10,0.0,5.0276520864756156e-05,0.9994472361809045,35,200
5.0276520864756156e-05,0.0,1.0,0.0,0.0,0.72,0,19889,1,10,0.0,5.0276520864756156e-05,0.9994472361809045,35,200
0.0011563599798893917,0.1,0.9583333333333334,0.041666666666666664,0.1,0.74,1,19867,23,9,0.1,0.0011563599798893917,0.998391959798995,35,200
0.0011563599798893917,0.1,0.9583333333333334,0.041666666666666664,0.1,0.76,1,19867,23,9,0.1,0.0011563599798893917,0.998391959798995,35,200
0.0011563599798893917,0.1,0.9583333333333334,0.041666666666666664,0.1,0.78,1,19867,23,9,0.1,0.0011563599798893917,0.998391959798995,35,200
0.0011563599798893917,0.1,0.9583333333333334,0.041666666666666664,0.1,0.8,1,19867,23,9,0.1,0.0011563599798893917,0.998391959798995,35,200
0.0011563599798893917,0.1,0.9583333333333334,0.041666666666666664,0.1,0.82,1,19867,23,9,0.1,0.0011563599798893917,0.998391959798995,35,200
0.011161387631975868,0.5,0.9779735682819384,0.022026431718061675,0.5,0.84,5,19668,222,5,0.5,0.011161387631975868,0.9885929648241206,35,200
0.011161387631975868,0.5,0.9779735682819384,0.022026431718061675,0.5,0.86,5,19668,222,5,0.5,0.011161387631975868,0.9885929648241206,35,200
0.013725490196078431,0.5,0.9820143884892086,0.017985611510791366,0.5,0.88,5,19617,273,5,0.5,0.013725490196078431,0.9860301507537689,35,200
0.019105077928607342,0.6,0.9844559585492227,0.015544041450777202,0.6,0.9,6,19510,380,4,0.6,0.019105077928607342,0.9807035175879397,35,200
0.02629462041226747,0.6,0.9886578449905482,0.011342155009451797,0.6,0.92,6,19367,523,4,0.6,0.02629462041226747,0.9735175879396984,35,200
0.04007038712921066,0.6,0.9925280199252802,0.007471980074719801,0.6,0.94,6,19093,797,4,0.6,0.04007038712921066,0.959748743718593,35,200
0.06470588235294118,0.6,0.9953596287703016,0.004640371229698376,0.6,0.96,6,18603,1287,4,0.6,0.06470588235294118,0.9351256281407035,35,200
0.09180492709904475,0.6,0.9967248908296943,0.0032751091703056767,0.6,0.98,6,18064,1826,4,0.6,0.09180492709904475,0.9080402010050251,35,200
0.9332327802916038,1.0,0.9994615550290761,0.0005384449709239715,1.0,1.0,10,1328,18562,0,1.0,0.9332327802916038,0.06723618090452262,35,200
0.0,0.0,0.0,,0.0,0.02,0,19890,0,10,0.0,0.0,0.9994974874371859,36,200
0.0,0.0,0.0,,0.0,0.04,0,19890,0,10,0.0,0.0,0.9994974874371859,36,200
0.0,0.0,0.0,,0.0,0.06,0,19890,0,10,0.0,0.0,0.9994974874371859,36,200
0.0,0.0,0.0,,0.0,0.08,0,19890,0,10,0.0,0.0,0.9994974874371859,36,200
0.00010055304172951231,0.0,1.0,0.0,0.0,0.1,0,19888,2,10,0.0,0.00010055304172951231,0.9993969849246231,36,200
0.00010055304172951231,0.0,1.0,0.0,0.0,0.12,0,19888,2,10,0.0,0.00010055304172951231,0.9993969849246231,36,200
0.00010055304172951231,0.0,1.0,0.0,0.0,0.14,0,19888,2,10,0.0,0.00010055304172951231,0.9993969849246231,36,200
0.00015082956259426848,0.0,1.0,0.0,0.0,0.16,0,19887,3,10,0.0,0.00015082956259426848,0.9993467336683417,36,200
0.00015082956259426848,0.0,1.0,0.0,0.0,0.18,0,19887,3,10,0.0,0.00015082956259426848,0.9993467336683417,36,200
0.00015082956259426848,0.0,1.0,0.0,0.0,0.2,0,19887,3,10,0.0,0.00015082956259426848,0.9993467336683417,36,200
0.00015082956259426848,0.0,1.0,0.0,0.0,0.22,0,19887,3,10,0.0,0.00015082956259426848,0.9993467336683417,36,200
0.00015082956259426848,0.0,1.0,0.0,0.0,0.24,0,19887,3,10,0.0,0.00015082956259426848,0.9993467336683417,36,200
0.00015082956259426848,0.0,1.0,0.0,0.0,0.26,0,19887,3,10,0.0,0.00015082956259426848,0.9993467336683417,36,200
0.00015082956259426848,0.0,1.0,0.0,0.0,0.28,0,19887,3,10,0.0,0.00015082956259426848,0.9993467336683417,36,200
0.00015082956259426848,0.0,1.0,0.0,0.0,0.3,0,19887,3,10,0.0,0.00015082956259426848,0.9993467336683417,36,200
0.00015082956259426848,0.0,1.0,0.0,0.0,0.32,0,19887,3,10,0.0,0.00015082956259426848,0.9993467336683417,36,200
0.00015082956259426848,0.0,1.0,0.0,0.0,0.34,0,19887,3,10,0.0,0.00015082956259426848,0.9993467336683417,36,200
0.00015082956259426848,0.0,1.0,0.0,0.0,0.36,0,19887,3,10,0.0,0.00015082956259426848,0.9993467336683417,36,200
0.00015082956259426848,0.0,1.0,0.0,0.0,0.38,0,19887,3,10,0.0,0.00015082956259426848,0.9993467336683417,36,200
0.00015082956259426848,0.0,1.0,0.0,0.0,0.4,0,19887,3,10,0.0,0.00015082956259426848,0.9993467336683417,36,200
0.00015082956259426848,0.0,1.0,0.0,0.0,0.42,0,19887,3,10,0.0,0.00015082956259426848,0.9993467336683417,36,200
0.00015082956259426848,0.0,1.0,0.0,0.0,0.44,0,19887,3,10,0.0,0.00015082956259426848,0.9993467336683417,36,200
0.00015082956259426848,0.0,1.0,0.0,0.0,0.46,0,19887,3,10,0.0,0.00015082956259426848,0.9993467336683417,36,200
0.00015082956259426848,0.0,1.0,0.0,0.0,0.48,0,19887,3,10,0.0,0.00015082956259426848,0.9993467336683417,36,200
0.00015082956259426848,0.0,1.0,0.0,0.0,0.5,0,19887,3,10,0.0,0.00015082956259426848,0.9993467336683417,36,200
0.00015082956259426848,0.0,1.0,0.0,0.0,0.52,0,19887,3,10,0.0,0.00015082956259426848,0.9993467336683417,36,200
0.00020110608345902463,0.0,1.0,0.0,0.0,0.54,0,19886,4,10,0.0,0.00020110608345902463,0.9992964824120603,36,200
0.00020110608345902463,0.0,1.0,0.0,0.0,0.56,0,19886,4,10,0.0,0.00020110608345902463,0.9992964824120603,36,200
0.00020110608345902463,0.0,1.0,0.0,0.0,0.58,0,19886,4,10,0.0,0.00020110608345902463,0.9992964824120603,36,200
0.00020110608345902463,0.0,1.0,0.0,0.0,0.6,0,19886,4,10,0.0,0.00020110608345902463,0.9992964824120603,36,200
0.00020110608345902463,0.0,1.0,0.0,0.0,0.62,0,19886,4,10,0.0,0.00020110608345902463,0.9992964824120603,36,200
0.00020110608345902463,0.0,1.0,0.0,0.0,0.64,0,19886,4,10,0.0,0.00020110608345902463,0.9992964824120603,36,200
0.00020110608345902463,0.0,1.0,0.0,0.0,0.66,0,19886,4,10,0.0,0.00020110608345902463,0.9992964824120603,36,200
0.0009049773755656109,0.0,1.0,0.0,0.0,0.68,0,19872,18,10,0.0,0.0009049773755656109,0.9985929648241206,36,200
0.0009049773755656109,0.0,1.0,0.0,0.0,0.7,0,19872,18,10,0.0,0.0009049773755656109,0.9985929648241206,36,200
0.0030668677727501256,0.1,0.9838709677419355,0.016129032258064516,0.1,0.72,1,19829,61,9,0.1,0.0030668677727501256,0.9964824120603015,36,200
0.004625439919557567,0.1,0.989247311827957,0.010752688172043012,0.1,0.74,1,19798,92,9,0.1,0.004625439919557567,0.9949246231155779,36,200
0.005178481649069884,0.1,0.9903846153846154,0.009615384615384616,0.1,0.76,1,19787,103,9,0.1,0.005178481649069884,0.9943718592964824,36,200
0.005178481649069884,0.1,0.9903846153846154,0.009615384615384616,0.1,0.78,1,19787,103,9,0.1,0.005178481649069884,0.9943718592964824,36,200
0.005731523378582202,0.1,0.991304347826087,0.008695652173913044,0.1,0.8,1,19776,114,9,0.1,0.005731523378582202,0.9938190954773869,36,200
0.006435394670688788,0.1,0.9922480620155039,0.007751937984496124,0.1,0.82,1,19762,128,9,0.1,0.006435394670688788,0.9931155778894473,36,200
0.00718954248366013,0.1,0.9930555555555556,0.006944444444444444,0.1,0.84,1,19747,143,9,0.1,0.00718954248366013,0.9923618090452261,36,200
0.008094519859225742,0.1,0.9938271604938271,0.006172839506172839,0.1,0.86,1,19729,161,9,0.1,0.008094519859225742,0.9914572864321608,36,200
0.00904977375565611,0.1,0.994475138121547,0.0055248618784530384,0.1,0.88,1,19710,180,9,0.1,0.00904977375565611,0.9905025125628141,36,200
0.00904977375565611,0.1,0.994475138121547,0.0055248618784530384,0.1,0.9,1,19710,180,9,0.1,0.00904977375565611,0.9905025125628141,36,200
0.04193061840120663,0.3,0.996415770609319,0.0035842293906810036,0.3,0.92,3,19056,834,7,0.3,0.04193061840120663,0.9577386934673366,36,200
0.06219205630970337,0.3,0.9975806451612903,0.0024193548387096775,0.3,0.94,3,18653,1237,7,0.3,0.06219205630970337,0.9374874371859296,36,200
0.06219205630970337,0.3,0.9975806451612903,0.0024193548387096775,0.3,0.96,3,18653,1237,7,0.3,0.06219205630970337,0.9374874371859296,36,200
0.09778783308195073,0.3,0.9984599589322382,0.001540041067761807,0.3,0.98,3,17945,1945,7,0.3,0.09778783308195073,0.9019095477386935,36,200
0.85771744595274,1.0,0.9994141769185706,0.0005858230814294083,1.0,1.0,10,2830,17060,0,1.0,0.85771744595274,0.14271356783919598,36,200
0.0,0.0,0.0,,0.0,0.02,0,19890,0,10,0.0,0.0,0.9994974874371859,37,200
0.0,0.0,0.0,,0.0,0.04,0,19890,0,10,0.0,0.0,0.9994974874371859,37,200
0.0,0.0,0.0,,0.0,0.06,0,19890,0,10,0.0,0.0,0.9994974874371859,37,200
0.0,0.0,0.0,,0.0,0.08,0,19890,0,10,0.0,0.0,0.9994974874371859,37,200
0.0,0.0,0.0,,0.0,0.1,0,19890,0,10,0.0,0.0,0.9994974874371859,37,200
0.0,0.0,0.0,,0.0,0.12,0,19890,0,10,0.0,0.0,0.9994974874371859,37,200
0.0,0.0,0.0,,0.0,0.14,0,19890,0,10,0.0,0.0,0.9994974874371859,37,200
0.0,0.0,0.0,,0.0,0.16,0,19890,0,10,0.0,0.0,0.9994974874371859,37,200
0.0,0.0,0.0,,0.0,0.18,0,19890,0,10,0.0,0.0,0.9994974874371859,37,200
0.0,0.0,0.0,,0.0,0.2,0,19890,0,10,0.0,0.0,0.9994974874371859,37,200
0.0,0.0,0.0,,0.0,0.22,0,19890,0,10,0.0,0.0,0.9994974874371859,37,200
0.0,0.0,0.0,,0.0,0.24,0,19890,0,10,0.0,0.0,0.9994974874371859,37,200
0.0,0.0,0.0,,0.0,0.26,0,19890,0,10,0.0,0.0,0.9994974874371859,37,200
0.0,0.0,0.0,,0.0,0.28,0,19890,0,10,0.0,0.0,0.9994974874371859,37,200
0.0,0.0,0.0,,0.0,0.3,0,19890,0,10,0.0,0.0,0.9994974874371859,37,200
0.0,0.0,0.0,,0.0,0.32,0,19890,0,10,0.0,0.0,0.9994974874371859,37,200
0.0,0.0,0.0,,0.0,0.34,0,19890,0,10,0.0,0.0,0.9994974874371859,37,200
0.0,0.0,0.0,,0.0,0.36,0,19890,0,10,0.0,0.0,0.9994974874371859,37,200
0.0,0.0,0.0,,0.0,0.38,0,19890,0,10,0.0,0.0,0.9994974874371859,37,200
0.0,0.0,0.0,,0.0,0.4,0,19890,0,10,0.0,0.0,0.9994974874371859,37,200
0.0,0.0,0.0,,0.0,0.42,0,19890,0,10,0.0,0.0,0.9994974874371859,37,200
0.0,0.0,0.0,,0.0,0.44,0,19890,0,10,0.0,0.0,0.9994974874371859,37,200
0.0,0.0,0.0,,0.0,0.46,0,19890,0,10,0.0,0.0,0.9994974874371859,37,200
0.0,0.0,0.0,,0.0,0.48,0,19890,0,10,0.0,0.0,0.9994974874371859,37,200
0.0,0.0,0.0,,0.0,0.5,0,19890,0,10,0.0,0.0,0.9994974874371859,37,200
0.0,0.0,0.0,,0.0,0.52,0,19890,0,10,0.0,0.0,0.9994974874371859,37,200
0.0,0.0,0.0,,0.0,0.54,0,19890,0,10,0.0,0.0,0.9994974874371859,37,200
5.0276520864756156e-05,0.0,1.0,0.0,0.0,0.56,0,19889,1,10,0.0,5.0276520864756156e-05,0.9994472361809045,37,200
0.00010055304172951231,0.0,1.0,0.0,0.0,0.58,0,19888,2,10,0.0,0.00010055304172951231,0.9993969849246231,37,200
0.00020110608345902463,0.0,1.0,0.0,0.0,0.6,0,19886,4,10,0.0,0.00020110608345902463,0.9992964824120603,37,200
0.00020110608345902463,0.0,1.0,0.0,0.0,0.62,0,19886,4,10,0.0,0.00020110608345902463,0.9992964824120603,37,200
0.00020110608345902463,0.0,1.0,0.0,0.0,0.64,0,19886,4,10,0.0,0.00020110608345902463,0.9992964824120603,37,200
0.00020110608345902463,0.0,1.0,0.0,0.0,0.66,0,19886,4,10,0.0,0.00020110608345902463,0.9992964824120603,37,200
0.00020110608345902463,0.0,1.0,0.0,0.0,0.68,0,19886,4,10,0.0,0.00020110608345902463,0.9992964824120603,37,200
0.00020110608345902463,0.0,1.0,0.0,0.0,0.7,0,19886,4,10,0.0,0.00020110608345902463,0.9992964824120603,37,200
0.00020110608345902463,0.0,1.0,0.0,0.0,0.72,0,19886,4,10,0.0,0.00020110608345902463,0.9992964824120603,37,200
0.00020110608345902463,0.0,1.0,0.0,0.0,0.74,0,19886,4,10,0.0,0.00020110608345902463,0.9992964824120603,37,200
0.00020110608345902463,0.0,1.0,0.0,0.0,0.76,0,19886,4,10,0.0,0.00020110608345902463,0.9992964824120603,37,200
0.00020110608345902463,0.0,1.0,0.0,0.0,0.78,0,19886,4,10,0.0,0.00020110608345902463,0.9992964824120603,37,200
0.00020110608345902463,0.0,1.0,0.0,0.0,0.8,0,19886,4,10,0.0,0.00020110608345902463,0.9992964824120603,37,200
0.00020110608345902463,0.0,1.0,0.0,0.0,0.82,0,19886,4,10,0.0,0.00020110608345902463,0.9992964824120603,37,200
0.00020110608345902463,0.0,1.0,0.0,0.0,0.84,0,19886,4,10,0.0,0.00020110608345902463,0.9992964824120603,37,200
0.00020110608345902463,0.0,1.0,0.0,0.0,0.86,0,19886,4,10,0.0,0.00020110608345902463,0.9992964824120603,37,200
0.00020110608345902463,0.0,1.0,0.0,0.0,0.88,0,19886,4,10,0.0,0.00020110608345902463,0.9992964824120603,37,200
0.004172951231774761,0.0,1.0,0.0,0.0,0.9,0,19807,83,10,0.0,0.004172951231774761,0.9953266331658291,37,200
0.004675716440422323,0.0,1.0,0.0,0.0,0.92,0,19797,93,10,0.0,0.004675716440422323,0.9948241206030151,37,200
0.007792860734037205,0.0,1.0,0.0,0.0,0.94,0,19735,155,10,0.0,0.007792860734037205,0.9917085427135678,37,200
0.007792860734037205,0.0,1.0,0.0,0.0,0.96,0,19735,155,10,0.0,0.007792860734037205,0.9917085427135678,37,200
0.012217194570135747,0.0,1.0,0.0,0.0,0.98,0,19647,243,10,0.0,0.012217194570135747,0.987286432160804,37,200
0.9693313222724987,1.0,0.9994815966822188,0.0005184033177812338,1.0,1.0,10,610,19280,0,1.0,0.9693313222724987,0.031155778894472363,37,200
0.0,0.0,0.0,,0.0,0.02,0,19890,0,10,0.0,0.0,0.9994974874371859,38,200
0.0,0.0,0.0,,0.0,0.04,0,19890,0,10,0.0,0.0,0.9994974874371859,38,200
0.0,0.0,0.0,,0.0,0.06,0,19890,0,10,0.0,0.0,0.9994974874371859,38,200
0.0,0.0,0.0,,0.0,0.08,0,19890,0,10,0.0,0.0,0.9994974874371859,38,200
0.0,0.0,0.0,,0.0,0.1,0,19890,0,10,0.0,0.0,0.9994974874371859,38,200
0.0,0.0,0.0,,0.0,0.12,0,19890,0,10,0.0,0.0,0.9994974874371859,38,200
0.0,0.0,0.0,,0.0,0.14,0,19890,0,10,0.0,0.0,0.9994974874371859,38,200
0.0,0.0,0.0,,0.0,0.16,0,19890,0,10,0.0,0.0,0.9994974874371859,38,200
0.0,0.0,0.0,,0.0,0.18,0,19890,0,10,0.0,0.0,0.9994974874371859,38,200
0.0,0.0,0.0,,0.0,0.2,0,19890,0,10,0.0,0.0,0.9994974874371859,38,200
0.0,0.0,0.0,,0.0,0.22,0,19890,0,10,0.0,0.0,0.9994974874371859,38,200
0.0,0.0,0.0,,0.0,0.24,0,19890,0,10,0.0,0.0,0.9994974874371859,38,200
0.0,0.0,0.0,,0.0,0.26,0,19890,0,10,0.0,0.0,0.9994974874371859,38,200
0.0,0.0,0.0,,0.0,0.28,0,19890,0,10,0.0,0.0,0.9994974874371859,38,200
0.0,0.0,0.0,,0.0,0.3,0,19890,0,10,0.0,0.0,0.9994974874371859,38,200
0.0,0.0,0.0,,0.0,0.32,0,19890,0,10,0.0,0.0,0.9994974874371859,38,200
0.0,0.0,0.0,,0.0,0.34,0,19890,0,10,0.0,0.0,0.9994974874371859,38,200
0.0,0.0,0.0,,0.0,0.36,0,19890,0,10,0.0,0.0,0.9994974874371859,38,200
0.0,0.0,0.0,,0.0,0.38,0,19890,0,10,0.0,0.0,0.9994974874371859,38,200
0.0,0.0,0.0,,0.0,0.4,0,19890,0,10,0.0,0.0,0.9994974874371859,38,200
0.0,0.0,0.0,,0.0,0.42,0,19890,0,10,0.0,0.0,0.9994974874371859,38,200
0.0,0.0,0.0,,0.0,0.44,0,19890,0,10,0.0,0.0,0.9994974874371859,38,200
0.0,0.0,0.0,,0.0,0.46,0,19890,0,10,0.0,0.0,0.9994974874371859,38,200
0.0,0.0,0.0,,0.0,0.48,0,19890,0,10,0.0,0.0,0.9994974874371859,38,200
0.0,0.0,0.0,,0.0,0.5,0,19890,0,10,0.0,0.0,0.9994974874371859,38,200
0.0,0.0,0.0,,0.0,0.52,0,19890,0,10,0.0,0.0,0.9994974874371859,38,200
0.0,0.0,0.0,,0.0,0.54,0,19890,0,10,0.0,0.0,0.9994974874371859,38,200
0.0,0.0,0.0,,0.0,0.56,0,19890,0,10,0.0,0.0,0.9994974874371859,38,200
0.0,0.0,0.0,,0.0,0.58,0,19890,0,10,0.0,0.0,0.9994974874371859,38,200
0.0,0.0,0.0,,0.0,0.6,0,19890,0,10,0.0,0.0,0.9994974874371859,38,200
0.0,0.0,0.0,,0.0,0.62,0,19890,0,10,0.0,0.0,0.9994974874371859,38,200
0.0,0.0,0.0,,0.0,0.64,0,19890,0,10,0.0,0.0,0.9994974874371859,38,200
0.0,0.0,0.0,,0.0,0.66,0,19890,0,10,0.0,0.0,0.9994974874371859,38,200
0.0,0.0,0.0,,0.0,0.68,0,19890,0,10,0.0,0.0,0.9994974874371859,38,200
0.00020110608345902463,0.0,1.0,0.0,0.0,0.7,0,19886,4,10,0.0,0.00020110608345902463,0.9992964824120603,38,200
0.00020110608345902463,0.0,1.0,0.0,0.0,0.72,0,19886,4,10,0.0,0.00020110608345902463,0.9992964824120603,38,200
0.0008547008547008547,0.1,0.9444444444444444,0.05555555555555555,0.1,0.74,1,19873,17,9,0.1,0.0008547008547008547,0.9986934673366834,38,200
0.0008547008547008547,0.1,0.9444444444444444,0.05555555555555555,0.1,0.76,1,19873,17,9,0.1,0.0008547008547008547,0.9986934673366834,38,200
0.0008547008547008547,0.1,0.9444444444444444,0.05555555555555555,0.1,0.78,1,19873,17,9,0.1,0.0008547008547008547,0.9986934673366834,38,200
0.0013574660633484162,0.2,0.9310344827586207,0.06896551724137931,0.2,0.8,2,19863,27,8,0.2,0.0013574660633484162,0.9982412060301508,38,200
0.0013574660633484162,0.2,0.9310344827586207,0.06896551724137931,0.2,0.82,2,19863,27,8,0.2,0.0013574660633484162,0.9982412060301508,38,200
0.0013574660633484162,0.2,0.9310344827586207,0.06896551724137931,0.2,0.84,2,19863,27,8,0.2,0.0013574660633484162,0.9982412060301508,38,200
0.0013574660633484162,0.2,0.9310344827586207,0.06896551724137931,0.2,0.86,2,19863,27,8,0.2,0.0013574660633484162,0.9982412060301508,38,200
0.0014580191050779286,0.2,0.9354838709677419,0.06451612903225806,0.2,0.88,2,19861,29,8,0.2,0.0014580191050779286,0.998140703517588,38,200
0.014429361488185018,0.2,0.9930795847750865,0.006920415224913495,0.2,0.9,2,19603,287,8,0.2,0.014429361488185018,0.9851758793969849,38,200
0.03675213675213675,0.2,0.9972714870395635,0.002728512960436562,0.2,0.92,2,19159,731,8,0.2,0.03675213675213675,0.9628643216080403,38,200
0.04007038712921066,0.2,0.9974968710888611,0.0025031289111389237,0.2,0.94,2,19093,797,8,0.2,0.04007038712921066,0.9595477386934673,38,200
0.047310206133735544,0.2,0.9978791092258749,0.0021208907741251328,0.2,0.96,2,18949,941,8,0.2,0.047310206133735544,0.9523115577889447,38,200
0.1118149824032177,0.4,0.9982046678635548,0.0017953321364452424,0.4,0.98,4,17666,2224,6,0.4,0.1118149824032177,0.8879396984924623,38,200
0.9689291101055807,1.0,0.9994813815994191,0.0005186184005808527,1.0,1.0,10,618,19272,0,1.0,0.9689291101055807,0.031557788944723615,38,200
0.0,0.0,0.0,,0.0,0.02,0,19890,0,10,0.0,0.0,0.9994974874371859,39,200
0.0,0.0,0.0,,0.0,0.04,0,19890,0,10,0.0,0.0,0.9994974874371859,39,200
0.0,0.0,0.0,,0.0,0.06,0,19890,0,10,0.0,0.0,0.9994974874371859,39,200
0.0,0.0,0.0,,0.0,0.08,0,19890,0,10,0.0,0.0,0.9994974874371859,39,200
0.0,0.0,0.0,,0.0,0.1,0,19890,0,10,0.0,0.0,0.9994974874371859,39,200
0.0,0.0,0.0,,0.0,0.12,0,19890,0,10,0.0,0.0,0.9994974874371859,39,200
0.0,0.0,0.0,,0.0,0.14,0,19890,0,10,0.0,0.0,0.9994974874371859,39,200
0.0,0.0,0.0,,0.0,0.16,0,19890,0,10,0.0,0.0,0.9994974874371859,39,200
0.0,0.0,0.0,,0.0,0.18,0,19890,0,10,0.0,0.0,0.9994974874371859,39,200
0.0,0.0,0.0,,0.0,0.2,0,19890,0,10,0.0,0.0,0.9994974874371859,39,200
0.0,0.0,0.0,,0.0,0.22,0,19890,0,10,0.0,0.0,0.9994974874371859,39,200
0.0,0.0,0.0,,0.0,0.24,0,19890,0,10,0.0,0.0,0.9994974874371859,39,200
0.0,0.0,0.0,,0.0,0.26,0,19890,0,10,0.0,0.0,0.9994974874371859,39,200
0.0,0.0,0.0,,0.0,0.28,0,19890,0,10,0.0,0.0,0.9994974874371859,39,200
0.0,0.0,0.0,,0.0,0.3,0,19890,0,10,0.0,0.0,0.9994974874371859,39,200
0.0,0.0,0.0,,0.0,0.32,0,19890,0,10,0.0,0.0,0.9994974874371859,39,200
0.0,0.0,0.0,,0.0,0.34,0,19890,0,10,0.0,0.0,0.9994974874371859,39,200
0.0,0.0,0.0,,0.0,0.36,0,19890,0,10,0.0,0.0,0.9994974874371859,39,200
0.0,0.0,0.0,,0.0,0.38,0,19890,0,10,0.0,0.0,0.9994974874371859,39,200
0.0,0.0,0.0,,0.0,0.4,0,19890,0,10,0.0,0.0,0.9994974874371859,39,200
0.0,0.0,0.0,,0.0,0.42,0,19890,0,10,0.0,0.0,0.9994974874371859,39,200
0.0,0.0,0.0,,0.0,0.44,0,19890,0,10,0.0,0.0,0.9994974874371859,39,200
0.0,0.0,0.0,,0.0,0.46,0,19890,0,10,0.0,0.0,0.9994974874371859,39,200
0.0,0.0,0.0,,0.0,0.48,0,19890,0,10,0.0,0.0,0.9994974874371859,39,200
0.0,0.0,0.0,,0.0,0.5,0,19890,0,10,0.0,0.0,0.9994974874371859,39,200
0.0,0.0,0.0,,0.0,0.52,0,19890,0,10,0.0,0.0,0.9994974874371859,39,200
0.0012066365007541479,0.2,0.9230769230769231,0.07692307692307693,0.2,0.54,2,19866,24,8,0.2,0.0012066365007541479,0.998391959798995,39,200
0.0012066365007541479,0.2,0.9230769230769231,0.07692307692307693,0.2,0.56,2,19866,24,8,0.2,0.0012066365007541479,0.998391959798995,39,200
0.0012066365007541479,0.2,0.9230769230769231,0.07692307692307693,0.2,0.58,2,19866,24,8,0.2,0.0012066365007541479,0.998391959798995,39,200
0.001256913021618904,0.2,0.9259259259259259,0.07407407407407407,0.2,0.6,2,19865,25,8,0.2,0.001256913021618904,0.9983417085427135,39,200
0.0016591251885369532,0.2,0.9428571428571428,0.05714285714285714,0.2,0.62,2,19857,33,8,0.2,0.0016591251885369532,0.9979396984924623,39,200
0.0016591251885369532,0.2,0.9428571428571428,0.05714285714285714,0.2,0.64,2,19857,33,8,0.2,0.0016591251885369532,0.9979396984924623,39,200
0.0018099547511312218,0.2,0.9473684210526315,0.05263157894736842,0.2,0.66,2,19854,36,8,0.2,0.0018099547511312218,0.9977889447236181,39,200
0.002765208647561589,0.2,0.9649122807017544,0.03508771929824561,0.2,0.68,2,19835,55,8,0.2,0.002765208647561589,0.9968341708542714,39,200
0.002765208647561589,0.2,0.9649122807017544,0.03508771929824561,0.2,0.7,2,19835,55,8,0.2,0.002765208647561589,0.9968341708542714,39,200
0.0030165912518853697,0.2,0.967741935483871,0.03225806451612903,0.2,0.72,2,19830,60,8,0.2,0.0030165912518853697,0.9965829145728643,39,200
0.0030165912518853697,0.2,0.967741935483871,0.03225806451612903,0.2,0.74,2,19830,60,8,0.2,0.0030165912518853697,0.9965829145728643,39,200
0.0033182503770739064,0.2,0.9705882352941176,0.029411764705882353,0.2,0.76,2,19824,66,8,0.2,0.0033182503770739064,0.9962814070351759,39,200
0.0037204625439919555,0.2,0.9736842105263158,0.02631578947368421,0.2,0.78,2,19816,74,8,0.2,0.0037204625439919555,0.9958793969849247,39,200
0.005429864253393665,0.2,0.9818181818181818,0.01818181818181818,0.2,0.8,2,19782,108,8,0.2,0.005429864253393665,0.9941708542713568,39,200
0.005429864253393665,0.2,0.9818181818181818,0.01818181818181818,0.2,0.82,2,19782,108,8,0.2,0.005429864253393665,0.9941708542713568,39,200
0.006686777275012569,0.2,0.9851851851851852,0.014814814814814815,0.2,0.84,2,19757,133,8,0.2,0.006686777275012569,0.9929145728643216,39,200
0.006686777275012569,0.2,0.9851851851851852,0.014814814814814815,0.2,0.86,2,19757,133,8,0.2,0.006686777275012569,0.9929145728643216,39,200
0.01045751633986928,0.2,0.9904761904761905,0.009523809523809525,0.2,0.88,2,19682,208,8,0.2,0.01045751633986928,0.989145728643216,39,200
0.013021618903971846,0.2,0.9923371647509579,0.007662835249042145,0.2,0.9,2,19631,259,8,0.2,0.013021618903971846,0.9865829145728643,39,200
0.028104575163398694,0.3,0.994661921708185,0.005338078291814947,0.3,0.92,3,19331,559,7,0.3,0.028104575163398694,0.9715577889447237,39,200
0.030819507290095527,0.3,0.9951298701298701,0.00487012987012987,0.3,0.94,3,19277,613,7,0.3,0.030819507290095527,0.9688442211055276,39,200
0.03363499245852187,0.3,0.9955357142857143,0.004464285714285714,0.3,0.96,3,19221,669,7,0.3,0.03363499245852187,0.9660301507537689,39,200
0.06485671191553545,0.4,0.9969088098918083,0.0030911901081916537,0.4,0.98,4,18600,1290,6,0.4,0.06485671191553545,0.9348743718592964,39,200
0.5937154348919055,0.5,0.9995767733197901,0.0004232266802099204,0.5,1.0,5,8081,11809,5,0.5,0.5937154348919055,0.4063316582914573,39,200
0.0,0.0,0.0,,0.0,0.02,0,19890,0,10,0.0,0.0,0.9994974874371859,40,200
0.0,0.0,0.0,,0.0,0.04,0,19890,0,10,0.0,0.0,0.9994974874371859,40,200
0.0,0.0,0.0,,0.0,0.06,0,19890,0,10,0.0,0.0,0.9994974874371859,40,200
0.0,0.0,0.0,,0.0,0.08,0,19890,0,10,0.0,0.0,0.9994974874371859,40,200
0.0,0.0,0.0,,0.0,0.1,0,19890,0,10,0.0,0.0,0.9994974874371859,40,200
0.0,0.0,0.0,,0.0,0.12,0,19890,0,10,0.0,0.0,0.9994974874371859,40,200
0.0,0.0,0.0,,0.0,0.14,0,19890,0,10,0.0,0.0,0.9994974874371859,40,200
0.0,0.0,0.0,,0.0,0.16,0,19890,0,10,0.0,0.0,0.9994974874371859,40,200
0.0,0.0,0.0,,0.0,0.18,0,19890,0,10,0.0,0.0,0.9994974874371859,40,200
0.0,0.0,0.0,,0.0,0.2,0,19890,0,10,0.0,0.0,0.9994974874371859,40,200
0.0,0.0,0.0,,0.0,0.22,0,19890,0,10,0.0,0.0,0.9994974874371859,40,200
0.0,0.0,0.0,,0.0,0.24,0,19890,0,10,0.0,0.0,0.9994974874371859,40,200
0.0,0.0,0.0,,0.0,0.26,0,19890,0,10,0.0,0.0,0.9994974874371859,40,200
0.0,0.0,0.0,,0.0,0.28,0,19890,0,10,0.0,0.0,0.9994974874371859,40,200
0.0,0.0,0.0,,0.0,0.3,0,19890,0,10,0.0,0.0,0.9994974874371859,40,200
0.0,0.0,0.0,,0.0,0.32,0,19890,0,10,0.0,0.0,0.9994974874371859,40,200
0.0,0.0,0.0,,0.0,0.34,0,19890,0,10,0.0,0.0,0.9994974874371859,40,200
0.0,0.0,0.0,,0.0,0.36,0,19890,0,10,0.0,0.0,0.9994974874371859,40,200
0.0,0.0,0.0,,0.0,0.38,0,19890,0,10,0.0,0.0,0.9994974874371859,40,200
0.0,0.0,0.0,,0.0,0.4,0,19890,0,10,0.0,0.0,0.9994974874371859,40,200
0.0,0.0,0.0,,0.0,0.42,0,19890,0,10,0.0,0.0,0.9994974874371859,40,200
0.0,0.0,0.0,,0.0,0.44,0,19890,0,10,0.0,0.0,0.9994974874371859,40,200
0.0,0.0,0.0,,0.0,0.46,0,19890,0,10,0.0,0.0,0.9994974874371859,40,200
0.0,0.0,0.0,,0.0,0.48,0,19890,0,10,0.0,0.0,0.9994974874371859,40,200
0.00020110608345902463,0.0,1.0,0.0,0.0,0.5,0,19886,4,10,0.0,0.00020110608345902463,0.9992964824120603,40,200
0.00020110608345902463,0.0,1.0,0.0,0.0,0.52,0,19886,4,10,0.0,0.00020110608345902463,0.9992964824120603,40,200
0.00020110608345902463,0.0,1.0,0.0,0.0,0.54,0,19886,4,10,0.0,0.00020110608345902463,0.9992964824120603,40,200
0.00025138260432378077,0.0,1.0,0.0,0.0,0.56,0,19885,5,10,0.0,0.00025138260432378077,0.9992462311557789,40,200
0.00025138260432378077,0.0,1.0,0.0,0.0,0.58,0,19885,5,10,0.0,0.00025138260432378077,0.9992462311557789,40,200
0.00025138260432378077,0.0,1.0,0.0,0.0,0.6,0,19885,5,10,0.0,0.00025138260432378077,0.9992462311557789,40,200
0.001910507792860734,0.0,1.0,0.0,0.0,0.62,0,19852,38,10,0.0,0.001910507792860734,0.9975879396984925,40,200
0.001910507792860734,0.0,1.0,0.0,0.0,0.64,0,19852,38,10,0.0,0.001910507792860734,0.9975879396984925,40,200
0.0021116138763197585,0.0,1.0,0.0,0.0,0.66,0,19848,42,10,0.0,0.0021116138763197585,0.9973869346733668,40,200
0.0021116138763197585,0.0,1.0,0.0,0.0,0.68,0,19848,42,10,0.0,0.0021116138763197585,0.9973869346733668,40,200
0.0021116138763197585,0.0,1.0,0.0,0.0,0.7,0,19848,42,10,0.0,0.0021116138763197585,0.9973869346733668,40,200
0.0021116138763197585,0.0,1.0,0.0,0.0,0.72,0,19848,42,10,0.0,0.0021116138763197585,0.9973869346733668,40,200
0.002161890397184515,0.0,1.0,0.0,0.0,0.74,0,19847,43,10,0.0,0.002161890397184515,0.9973366834170855,40,200
0.002161890397184515,0.0,1.0,0.0,0.0,0.76,0,19847,43,10,0.0,0.002161890397184515,0.9973366834170855,40,200
0.0023127199597787833,0.0,1.0,0.0,0.0,0.78,0,19844,46,10,0.0,0.0023127199597787833,0.9971859296482412,40,200
0.0023127199597787833,0.0,1.0,0.0,0.0,0.8,0,19844,46,10,0.0,0.0023127199597787833,0.9971859296482412,40,200
0.0029160382101558573,0.0,1.0,0.0,0.0,0.82,0,19832,58,10,0.0,0.0029160382101558573,0.9965829145728643,40,200
0.0029160382101558573,0.0,1.0,0.0,0.0,0.84,0,19832,58,10,0.0,0.0029160382101558573,0.9965829145728643,40,200
0.0029160382101558573,0.0,1.0,0.0,0.0,0.86,0,19832,58,10,0.0,0.0029160382101558573,0.9965829145728643,40,200
0.0029160382101558573,0.0,1.0,0.0,0.0,0.88,0,19832,58,10,0.0,0.0029160382101558573,0.9965829145728643,40,200
0.0030165912518853697,0.0,1.0,0.0,0.0,0.9,0,19830,60,10,0.0,0.0030165912518853697,0.9964824120603015,40,200
0.004927099044746103,0.0,1.0,0.0,0.0,0.92,0,19792,98,10,0.0,0.004927099044746103,0.9945728643216081,40,200
0.004927099044746103,0.0,1.0,0.0,0.0,0.94,0,19792,98,10,0.0,0.004927099044746103,0.9945728643216081,40,200
0.004927099044746103,0.0,1.0,0.0,0.0,0.96,0,19792,98,10,0.0,0.004927099044746103,0.9945728643216081,40,200
0.006686777275012569,0.1,0.9925373134328358,0.007462686567164179,0.1,0.98,1,19757,133,9,0.1,0.006686777275012569,0.9928643216080402,40,200
0.9689793866264454,1.0,0.9994814084945288,0.0005185915054711404,1.0,1.0,10,617,19273,0,1.0,0.9689793866264454,0.03150753768844221,40,200
0.0,0.0,0.0,,0.0,0.02,0,19890,0,10,0.0,0.0,0.9994974874371859,41,200
0.0,0.0,0.0,,0.0,0.04,0,19890,0,10,0.0,0.0,0.9994974874371859,41,200
0.0,0.0,0.0,,0.0,0.06,0,19890,0,10,0.0,0.0,0.9994974874371859,41,200
0.0,0.0,0.0,,0.0,0.08,0,19890,0,10,0.0,0.0,0.9994974874371859,41,200
0.0,0.0,0.0,,0.0,0.1,0,19890,0,10,0.0,0.0,0.9994974874371859,41,200
0.0,0.0,0.0,,0.0,0.12,0,19890,0,10,0.0,0.0,0.9994974874371859,41,200
0.0,0.0,0.0,,0.0,0.14,0,19890,0,10,0.0,0.0,0.9994974874371859,41,200
0.0,0.0,0.0,,0.0,0.16,0,19890,0,10,0.0,0.0,0.9994974874371859,41,200
0.0,0.0,0.0,,0.0,0.18,0,19890,0,10,0.0,0.0,0.9994974874371859,41,200
0.0,0.0,0.0,,0.0,0.2,0,19890,0,10,0.0,0.0,0.9994974874371859,41,200
0.0,0.0,0.0,,0.0,0.22,0,19890,0,10,0.0,0.0,0.9994974874371859,41,200
0.0,0.0,0.0,,0.0,0.24,0,19890,0,10,0.0,0.0,0.9994974874371859,41,200
0.0,0.0,0.0,,0.0,0.26,0,19890,0,10,0.0,0.0,0.9994974874371859,41,200
0.0,0.0,0.0,,0.0,0.28,0,19890,0,10,0.0,0.0,0.9994974874371859,41,200
0.0,0.0,0.0,,0.0,0.3,0,19890,0,10,0.0,0.0,0.9994974874371859,41,200
0.0,0.0,0.0,,0.0,0.32,0,19890,0,10,0.0,0.0,0.9994974874371859,41,200
0.0,0.0,0.0,,0.0,0.34,0,19890,0,10,0.0,0.0,0.9994974874371859,41,200
0.0,0.0,0.0,,0.0,0.36,0,19890,0,10,0.0,0.0,0.9994974874371859,41,200
0.0,0.0,0.0,,0.0,0.38,0,19890,0,10,0.0,0.0,0.9994974874371859,41,200
0.0,0.0,0.0,,0.0,0.4,0,19890,0,10,0.0,0.0,0.9994974874371859,41,200
0.0,0.0,0.0,,0.0,0.42,0,19890,0,10,0.0,0.0,0.9994974874371859,41,200
0.0,0.0,0.0,,0.0,0.44,0,19890,0,10,0.0,0.0,0.9994974874371859,41,200
0.0,0.0,0.0,,0.0,0.46,0,19890,0,10,0.0,0.0,0.9994974874371859,41,200
0.0,0.0,0.0,,0.0,0.48,0,19890,0,10,0.0,0.0,0.9994974874371859,41,200
0.0,0.0,0.0,,0.0,0.5,0,19890,0,10,0.0,0.0,0.9994974874371859,41,200
0.0,0.0,0.0,,0.0,0.52,0,19890,0,10,0.0,0.0,0.9994974874371859,41,200
0.0,0.0,0.0,,0.0,0.54,0,19890,0,10,0.0,0.0,0.9994974874371859,41,200
0.0,0.0,0.0,,0.0,0.56,0,19890,0,10,0.0,0.0,0.9994974874371859,41,200
0.00010055304172951231,0.0,1.0,0.0,0.0,0.58,0,19888,2,10,0.0,0.00010055304172951231,0.9993969849246231,41,200
0.00010055304172951231,0.0,1.0,0.0,0.0,0.6,0,19888,2,10,0.0,0.00010055304172951231,0.9993969849246231,41,200
0.00010055304172951231,0.0,1.0,0.0,0.0,0.62,0,19888,2,10,0.0,0.00010055304172951231,0.9993969849246231,41,200
0.0003519356460532931,0.0,1.0,0.0,0.0,0.64,0,19883,7,10,0.0,0.0003519356460532931,0.999145728643216,41,200
0.00040221216691804925,0.0,1.0,0.0,0.0,0.66,0,19882,8,10,0.0,0.00040221216691804925,0.9990954773869347,41,200
0.00045248868778280545,0.0,1.0,0.0,0.0,0.68,0,19881,9,10,0.0,0.00045248868778280545,0.9990452261306533,41,200
0.00045248868778280545,0.0,1.0,0.0,0.0,0.7,0,19881,9,10,0.0,0.00045248868778280545,0.9990452261306533,41,200
0.00045248868778280545,0.0,1.0,0.0,0.0,0.72,0,19881,9,10,0.0,0.00045248868778280545,0.9990452261306533,41,200
0.0009049773755656109,0.0,1.0,0.0,0.0,0.74,0,19872,18,10,0.0,0.0009049773755656109,0.9985929648241206,41,200
0.0009049773755656109,0.0,1.0,0.0,0.0,0.76,0,19872,18,10,0.0,0.0009049773755656109,0.9985929648241206,41,200
0.001005530417295123,0.0,1.0,0.0,0.0,0.78,0,19870,20,10,0.0,0.001005530417295123,0.9984924623115577,41,200
0.001005530417295123,0.0,1.0,0.0,0.0,0.8,0,19870,20,10,0.0,0.001005530417295123,0.9984924623115577,41,200
0.0038712921065862244,0.1,0.9871794871794872,0.01282051282051282,0.1,0.82,1,19813,77,9,0.1,0.0038712921065862244,0.995678391959799,41,200
0.00432378079436903,0.1,0.9885057471264368,0.011494252873563218,0.1,0.84,1,19804,86,9,0.1,0.00432378079436903,0.9952261306532664,41,200
0.005429864253393665,0.1,0.9908256880733946,0.009174311926605505,0.1,0.86,1,19782,108,9,0.1,0.005429864253393665,0.9941206030150753,41,200
0.006083459024635495,0.1,0.9918032786885246,0.00819672131147541,0.1,0.88,1,19769,121,9,0.1,0.006083459024635495,0.9934673366834171,41,200
0.013926596279537457,0.1,0.9964028776978417,0.0035971223021582736,0.1,0.9,1,19613,277,9,0.1,0.013926596279537457,0.9856281407035176,41,200
0.019306184012066366,0.1,0.9974025974025974,0.0025974025974025974,0.1,0.92,1,19506,384,9,0.1,0.019306184012066366,0.9802512562814071,41,200
0.023227752639517346,0.1,0.9978401727861771,0.0021598272138228943,0.1,0.94,1,19428,462,9,0.1,0.023227752639517346,0.9763316582914573,41,200
0.031473102061337355,0.2,0.9968152866242038,0.0031847133757961785,0.2,0.96,2,19264,626,8,0.2,0.031473102061337355,0.968140703517588,41,200
0.03740573152337858,0.2,0.9973190348525469,0.002680965147453083,0.2,0.98,2,19146,744,8,0.2,0.03740573152337858,0.962211055276382,41,200
0.9351432880844646,0.9,0.999516363050137,0.00048363694986296955,0.9,1.0,9,1290,18600,1,0.9,0.9351432880844646,0.06527638190954774,41,200
5.0276520864756156e-05,0.0,1.0,0.0,0.0,0.02,0,19889,1,10,0.0,5.0276520864756156e-05,0.9994472361809045,42,200
5.0276520864756156e-05,0.0,1.0,0.0,0.0,0.04,0,19889,1,10,0.0,5.0276520864756156e-05,0.9994472361809045,42,200
5.0276520864756156e-05,0.0,1.0,0.0,0.0,0.06,0,19889,1,10,0.0,5.0276520864756156e-05,0.9994472361809045,42,200
5.0276520864756156e-05,0.0,1.0,0.0,0.0,0.08,0,19889,1,10,0.0,5.0276520864756156e-05,0.9994472361809045,42,200
5.0276520864756156e-05,0.0,1.0,0.0,0.0,0.1,0,19889,1,10,0.0,5.0276520864756156e-05,0.9994472361809045,42,200
5.0276520864756156e-05,0.0,1.0,0.0,0.0,0.12,0,19889,1,10,0.0,5.0276520864756156e-05,0.9994472361809045,42,200
5.0276520864756156e-05,0.0,1.0,0.0,0.0,0.14,0,19889,1,10,0.0,5.0276520864756156e-05,0.9994472361809045,42,200
5.0276520864756156e-05,0.0,1.0,0.0,0.0,0.16,0,19889,1,10,0.0,5.0276520864756156e-05,0.9994472361809045,42,200
5.0276520864756156e-05,0.0,1.0,0.0,0.0,0.18,0,19889,1,10,0.0,5.0276520864756156e-05,0.9994472361809045,42,200
0.00020110608345902463,0.0,1.0,0.0,0.0,0.2,0,19886,4,10,0.0,0.00020110608345902463,0.9992964824120603,42,200
0.00020110608345902463,0.0,1.0,0.0,0.0,0.22,0,19886,4,10,0.0,0.00020110608345902463,0.9992964824120603,42,200
0.00020110608345902463,0.0,1.0,0.0,0.0,0.24,0,19886,4,10,0.0,0.00020110608345902463,0.9992964824120603,42,200
0.00020110608345902463,0.0,1.0,0.0,0.0,0.26,0,19886,4,10,0.0,0.00020110608345902463,0.9992964824120603,42,200
0.00020110608345902463,0.0,1.0,0.0,0.0,0.28,0,19886,4,10,0.0,0.00020110608345902463,0.9992964824120603,42,200
0.00020110608345902463,0.0,1.0,0.0,0.0,0.3,0,19886,4,10,0.0,0.00020110608345902463,0.9992964824120603,42,200
0.00020110608345902463,0.0,1.0,0.0,0.0,0.32,0,19886,4,10,0.0,0.00020110608345902463,0.9992964824120603,42,200
0.00020110608345902463,0.0,1.0,0.0,0.0,0.34,0,19886,4,10,0.0,0.00020110608345902463,0.9992964824120603,42,200
0.00020110608345902463,0.0,1.0,0.0,0.0,0.36,0,19886,4,10,0.0,0.00020110608345902463,0.9992964824120603,42,200
0.00020110608345902463,0.0,1.0,0.0,0.0,0.38,0,19886,4,10,0.0,0.00020110608345902463,0.9992964824120603,42,200
0.00020110608345902463,0.0,1.0,0.0,0.0,0.4,0,19886,4,10,0.0,0.00020110608345902463,0.9992964824120603,42,200
0.00020110608345902463,0.0,1.0,0.0,0.0,0.42,0,19886,4,10,0.0,0.00020110608345902463,0.9992964824120603,42,200
0.00030165912518853697,0.0,1.0,0.0,0.0,0.44,0,19884,6,10,0.0,0.00030165912518853697,0.9991959798994975,42,200
0.0003519356460532931,0.0,1.0,0.0,0.0,0.46,0,19883,7,10,0.0,0.0003519356460532931,0.999145728643216,42,200
0.0005027652086475615,0.0,1.0,0.0,0.0,0.48,0,19880,10,10,0.0,0.0005027652086475615,0.9989949748743718,42,200
0.0005027652086475615,0.0,1.0,0.0,0.0,0.5,0,19880,10,10,0.0,0.0005027652086475615,0.9989949748743718,42,200
0.0005530417295123177,0.0,1.0,0.0,0.0,0.52,0,19879,11,10,0.0,0.0005530417295123177,0.9989447236180905,42,200
0.0011060834590246355,0.0,1.0,0.0,0.0,0.54,0,19868,22,10,0.0,0.0011060834590246355,0.998391959798995,42,200
0.0011060834590246355,0.0,1.0,0.0,0.0,0.56,0,19868,22,10,0.0,0.0011060834590246355,0.998391959798995,42,200
0.0012066365007541479,0.0,1.0,0.0,0.0,0.58,0,19866,24,10,0.0,0.0012066365007541479,0.9982914572864322,42,200
0.0012066365007541479,0.0,1.0,0.0,0.0,0.6,0,19866,24,10,0.0,0.0012066365007541479,0.9982914572864322,42,200
0.0012066365007541479,0.0,1.0,0.0,0.0,0.62,0,19866,24,10,0.0,0.0012066365007541479,0.9982914572864322,42,200
0.0012066365007541479,0.0,1.0,0.0,0.0,0.64,0,19866,24,10,0.0,0.0012066365007541479,0.9982914572864322,42,200
0.0018099547511312218,0.0,1.0,0.0,0.0,0.66,0,19854,36,10,0.0,0.0018099547511312218,0.9976884422110552,42,200
0.002815485168426345,0.0,1.0,0.0,0.0,0.68,0,19834,56,10,0.0,0.002815485168426345,0.9966834170854272,42,200
0.002815485168426345,0.0,1.0,0.0,0.0,0.7,0,19834,56,10,0.0,0.002815485168426345,0.9966834170854272,42,200
0.012016088486676723,0.0,1.0,0.0,0.0,0.72,0,19651,239,10,0.0,0.012016088486676723,0.9874874371859297,42,200
0.012016088486676723,0.0,1.0,0.0,0.0,0.74,0,19651,239,10,0.0,0.012016088486676723,0.9874874371859297,42,200
0.013273001508295626,0.0,1.0,0.0,0.0,0.76,0,19626,264,10,0.0,0.013273001508295626,0.9862311557788944,42,200
0.014680744092508798,0.0,1.0,0.0,0.0,0.78,0,19598,292,10,0.0,0.014680744092508798,0.984824120603015,42,200
0.01664152840623429,0.0,1.0,0.0,0.0,0.8,0,19559,331,10,0.0,0.01664152840623429,0.9828643216080402,42,200
0.023881347410759174,0.0,1.0,0.0,0.0,0.82,0,19415,475,10,0.0,0.023881347410759174,0.9756281407035176,42,200
0.02669683257918552,0.0,1.0,0.0,0.0,0.84,0,19359,531,10,0.0,0.02669683257918552,0.9728140703517588,42,200
0.02669683257918552,0.0,1.0,0.0,0.0,0.86,0,19359,531,10,0.0,0.02669683257918552,0.9728140703517588,42,200
0.02865761689291101,0.0,1.0,0.0,0.0,0.88,0,19320,570,10,0.0,0.02865761689291101,0.9708542713567839,42,200
0.03162393162393162,0.0,1.0,0.0,0.0,0.9,0,19261,629,10,0.0,0.03162393162393162,0.9678894472361809,42,200
0.03916540975364505,0.0,1.0,0.0,0.0,0.92,0,19111,779,10,0.0,0.03916540975364505,0.9603517587939698,42,200
0.06098541980894922,0.0,1.0,0.0,0.0,0.94,0,18677,1213,10,0.0,0.06098541980894922,0.9385427135678392,42,200
0.10950226244343891,0.1,0.9995410738871042,0.0004589261128958238,0.1,0.96,1,17712,2178,9,0.1,0.10950226244343891,0.8901005025125628,42,200
0.16978381096028156,0.3,0.999112426035503,0.0008875739644970414,0.3,0.98,3,16513,3377,7,0.3,0.16978381096028156,0.8299497487437186,42,200
0.8883358471593765,1.0,0.9994343571468974,0.000565642853102551,1.0,1.0,10,2221,17669,0,1.0,0.8883358471593765,0.1121105527638191,42,200
0.0,0.0,0.0,,0.0,0.02,0,19890,0,10,0.0,0.0,0.9994974874371859,43,200
0.0,0.0,0.0,,0.0,0.04,0,19890,0,10,0.0,0.0,0.9994974874371859,43,200
0.0,0.0,0.0,,0.0,0.06,0,19890,0,10,0.0,0.0,0.9994974874371859,43,200
0.0,0.0,0.0,,0.0,0.08,0,19890,0,10,0.0,0.0,0.9994974874371859,43,200
0.0,0.0,0.0,,0.0,0.1,0,19890,0,10,0.0,0.0,0.9994974874371859,43,200
0.0,0.0,0.0,,0.0,0.12,0,19890,0,10,0.0,0.0,0.9994974874371859,43,200
0.0,0.0,0.0,,0.0,0.14,0,19890,0,10,0.0,0.0,0.9994974874371859,43,200
0.0,0.0,0.0,,0.0,0.16,0,19890,0,10,0.0,0.0,0.9994974874371859,43,200
0.0,0.0,0.0,,0.0,0.18,0,19890,0,10,0.0,0.0,0.9994974874371859,43,200
0.0,0.0,0.0,,0.0,0.2,0,19890,0,10,0.0,0.0,0.9994974874371859,43,200
0.0,0.0,0.0,,0.0,0.22,0,19890,0,10,0.0,0.0,0.9994974874371859,43,200
0.0,0.0,0.0,,0.0,0.24,0,19890,0,10,0.0,0.0,0.9994974874371859,43,200
0.0,0.0,0.0,,0.0,0.26,0,19890,0,10,0.0,0.0,0.9994974874371859,43,200
0.0,0.0,0.0,,0.0,0.28,0,19890,0,10,0.0,0.0,0.9994974874371859,43,200
0.0,0.0,0.0,,0.0,0.3,0,19890,0,10,0.0,0.0,0.9994974874371859,43,200
0.0,0.0,0.0,,0.0,0.32,0,19890,0,10,0.0,0.0,0.9994974874371859,43,200
0.0,0.0,0.0,,0.0,0.34,0,19890,0,10,0.0,0.0,0.9994974874371859,43,200
0.0,0.0,0.0,,0.0,0.36,0,19890,0,10,0.0,0.0,0.9994974874371859,43,200
0.0,0.0,0.0,,0.0,0.38,0,19890,0,10,0.0,0.0,0.9994974874371859,43,200
0.00065359477124183,0.0,1.0,0.0,0.0,0.4,0,19877,13,10,0.0,0.00065359477124183,0.9988442211055276,43,200
0.00065359477124183,0.0,1.0,0.0,0.0,0.42,0,19877,13,10,0.0,0.00065359477124183,0.9988442211055276,43,200
0.0007038712921065862,0.0,1.0,0.0,0.0,0.44,0,19876,14,10,0.0,0.0007038712921065862,0.9987939698492462,43,200
0.0007038712921065862,0.0,1.0,0.0,0.0,0.46,0,19876,14,10,0.0,0.0007038712921065862,0.9987939698492462,43,200
0.0007038712921065862,0.0,1.0,0.0,0.0,0.48,0,19876,14,10,0.0,0.0007038712921065862,0.9987939698492462,43,200
0.00130718954248366,0.0,1.0,0.0,0.0,0.5,0,19864,26,10,0.0,0.00130718954248366,0.9981909547738693,43,200
0.0017094017094017094,0.0,1.0,0.0,0.0,0.52,0,19856,34,10,0.0,0.0017094017094017094,0.9977889447236181,43,200
0.0017094017094017094,0.0,1.0,0.0,0.0,0.54,0,19856,34,10,0.0,0.0017094017094017094,0.9977889447236181,43,200
0.0017094017094017094,0.0,1.0,0.0,0.0,0.56,0,19856,34,10,0.0,0.0017094017094017094,0.9977889447236181,43,200
0.0017596782302664656,0.0,1.0,0.0,0.0,0.58,0,19855,35,10,0.0,0.0017596782302664656,0.9977386934673367,43,200
0.002011060834590246,0.0,1.0,0.0,0.0,0.6,0,19850,40,10,0.0,0.002011060834590246,0.9974874371859297,43,200
0.002011060834590246,0.0,1.0,0.0,0.0,0.62,0,19850,40,10,0.0,0.002011060834590246,0.9974874371859297,43,200
0.002161890397184515,0.0,1.0,0.0,0.0,0.64,0,19847,43,10,0.0,0.002161890397184515,0.9973366834170855,43,200
0.002161890397184515,0.0,1.0,0.0,0.0,0.66,0,19847,43,10,0.0,0.002161890397184515,0.9973366834170855,43,200
0.002161890397184515,0.0,1.0,0.0,0.0,0.68,0,19847,43,10,0.0,0.002161890397184515,0.9973366834170855,43,200
0.0022624434389140274,0.0,1.0,0.0,0.0,0.7,0,19845,45,10,0.0,0.0022624434389140274,0.9972361809045226,43,200
0.0022624434389140274,0.0,1.0,0.0,0.0,0.72,0,19845,45,10,0.0,0.0022624434389140274,0.9972361809045226,43,200
0.002815485168426345,0.0,1.0,0.0,0.0,0.74,0,19834,56,10,0.0,0.002815485168426345,0.9966834170854272,43,200
0.002815485168426345,0.0,1.0,0.0,0.0,0.76,0,19834,56,10,0.0,0.002815485168426345,0.9966834170854272,43,200
0.002815485168426345,0.0,1.0,0.0,0.0,0.78,0,19834,56,10,0.0,0.002815485168426345,0.9966834170854272,43,200
0.003418803418803419,0.0,1.0,0.0,0.0,0.8,0,19822,68,10,0.0,0.003418803418803419,0.9960804020100502,43,200
0.003770739064856712,0.0,1.0,0.0,0.0,0.82,0,19815,75,10,0.0,0.003770739064856712,0.9957286432160805,43,200
0.003770739064856712,0.0,1.0,0.0,0.0,0.84,0,19815,75,10,0.0,0.003770739064856712,0.9957286432160805,43,200
0.003770739064856712,0.0,1.0,0.0,0.0,0.86,0,19815,75,10,0.0,0.003770739064856712,0.9957286432160805,43,200
0.003770739064856712,0.0,1.0,0.0,0.0,0.88,0,19815,75,10,0.0,0.003770739064856712,0.9957286432160805,43,200
0.004474610356963298,0.0,1.0,0.0,0.0,0.9,0,19801,89,10,0.0,0.004474610356963298,0.9950251256281407,43,200
0.03448969331322273,0.3,0.9956458635703919,0.0043541364296081275,0.3,0.92,3,19204,686,7,0.3,0.03448969331322273,0.9651758793969849,43,200
0.04539969834087481,0.5,0.9944933920704846,0.005506607929515419,0.5,0.94,5,18987,903,5,0.5,0.04539969834087481,0.9543718592964824,43,200
0.07777777777777778,0.5,0.9967783505154639,0.0032216494845360823,0.5,0.96,5,18343,1547,5,0.5,0.07777777777777778,0.9220100502512563,43,200
0.1860231271995978,0.9,0.9975734699379887,0.0024265300620113237,0.9,0.98,9,16190,3700,1,0.9,0.1860231271995978,0.8140201005025126,43,200
0.9679235796882856,1.0,0.9994808431107881,0.0005191568892119198,1.0,1.0,10,638,19252,0,1.0,0.9679235796882856,0.03256281407035176,43,200
5.0276520864756156e-05,0.0,1.0,0.0,0.0,0.02,0,19889,1,10,0.0,5.0276520864756156e-05,0.9994472361809045,44,200
5.0276520864756156e-05,0.0,1.0,0.0,0.0,0.04,0,19889,1,10,0.0,5.0276520864756156e-05,0.9994472361809045,44,200
0.0,0.0,0.0,,0.0,0.06,0,19890,0,10,0.0,0.0,0.9994974874371859,44,200
5.0276520864756156e-05,0.0,1.0,0.0,0.0,0.08,0,19889,1,10,0.0,5.0276520864756156e-05,0.9994472361809045,44,200
5.0276520864756156e-05,0.0,1.0,0.0,0.0,0.1,0,19889,1,10,0.0,5.0276520864756156e-05,0.9994472361809045,44,200
5.0276520864756156e-05,0.0,1.0,0.0,0.0,0.12,0,19889,1,10,0.0,5.0276520864756156e-05,0.9994472361809045,44,200
5.0276520864756156e-05,0.0,1.0,0.0,0.0,0.14,0,19889,1,10,0.0,5.0276520864756156e-05,0.9994472361809045,44,200
5.0276520864756156e-05,0.0,1.0,0.0,0.0,0.16,0,19889,1,10,0.0,5.0276520864756156e-05,0.9994472361809045,44,200
5.0276520864756156e-05,0.0,1.0,0.0,0.0,0.18,0,19889,1,10,0.0,5.0276520864756156e-05,0.9994472361809045,44,200
5.0276520864756156e-05,0.0,1.0,0.0,0.0,0.2,0,19889,1,10,0.0,5.0276520864756156e-05,0.9994472361809045,44,200
5.0276520864756156e-05,0.0,1.0,0.0,0.0,0.22,0,19889,1,10,0.0,5.0276520864756156e-05,0.9994472361809045,44,200
5.0276520864756156e-05,0.0,1.0,0.0,0.0,0.24,0,19889,1,10,0.0,5.0276520864756156e-05,0.9994472361809045,44,200
5.0276520864756156e-05,0.0,1.0,0.0,0.0,0.26,0,19889,1,10,0.0,5.0276520864756156e-05,0.9994472361809045,44,200
5.0276520864756156e-05,0.0,1.0,0.0,0.0,0.28,0,19889,1,10,0.0,5.0276520864756156e-05,0.9994472361809045,44,200
5.0276520864756156e-05,0.0,1.0,0.0,0.0,0.3,0,19889,1,10,0.0,5.0276520864756156e-05,0.9994472361809045,44,200
0.00010055304172951231,0.0,1.0,0.0,0.0,0.32,0,19888,2,10,0.0,0.00010055304172951231,0.9993969849246231,44,200
0.00010055304172951231,0.0,1.0,0.0,0.0,0.34,0,19888,2,10,0.0,0.00010055304172951231,0.9993969849246231,44,200
0.00010055304172951231,0.0,1.0,0.0,0.0,0.36,0,19888,2,10,0.0,0.00010055304172951231,0.9993969849246231,44,200
0.00010055304172951231,0.0,1.0,0.0,0.0,0.38,0,19888,2,10,0.0,0.00010055304172951231,0.9993969849246231,44,200
0.00010055304172951231,0.0,1.0,0.0,0.0,0.4,0,19888,2,10,0.0,0.00010055304172951231,0.9993969849246231,44,200
0.00010055304172951231,0.0,1.0,0.0,0.0,0.42,0,19888,2,10,0.0,0.00010055304172951231,0.9993969849246231,44,200
0.00010055304172951231,0.0,1.0,0.0,0.0,0.44,0,19888,2,10,0.0,0.00010055304172951231,0.9993969849246231,44,200
0.00010055304172951231,0.0,1.0,0.0,0.0,0.46,0,19888,2,10,0.0,0.00010055304172951231,0.9993969849246231,44,200
0.00015082956259426848,0.0,1.0,0.0,0.0,0.48,0,19887,3,10,0.0,0.00015082956259426848,0.9993467336683417,44,200
0.00015082956259426848,0.0,1.0,0.0,0.0,0.5,0,19887,3,10,0.0,0.00015082956259426848,0.9993467336683417,44,200
0.00025138260432378077,0.0,1.0,0.0,0.0,0.52,0,19885,5,10,0.0,0.00025138260432378077,0.9992462311557789,44,200
0.0017596782302664656,0.1,0.9722222222222222,0.027777777777777776,0.1,0.54,1,19855,35,9,0.1,0.0017596782302664656,0.9977889447236181,44,200
0.0017596782302664656,0.1,0.9722222222222222,0.027777777777777776,0.1,0.56,1,19855,35,9,0.1,0.0017596782302664656,0.9977889447236181,44,200
0.0017596782302664656,0.1,0.9722222222222222,0.027777777777777776,0.1,0.58,1,19855,35,9,0.1,0.0017596782302664656,0.9977889447236181,44,200
0.0017596782302664656,0.1,0.9722222222222222,0.027777777777777776,0.1,0.6,1,19855,35,9,0.1,0.0017596782302664656,0.9977889447236181,44,200
0.0018099547511312218,0.1,0.972972972972973,0.02702702702702703,0.1,0.62,1,19854,36,9,0.1,0.0018099547511312218,0.9977386934673367,44,200
0.0018099547511312218,0.1,0.972972972972973,0.02702702702702703,0.1,0.64,1,19854,36,9,0.1,0.0018099547511312218,0.9977386934673367,44,200
0.0018099547511312218,0.1,0.972972972972973,0.02702702702702703,0.1,0.66,1,19854,36,9,0.1,0.0018099547511312218,0.9977386934673367,44,200
0.0018099547511312218,0.1,0.972972972972973,0.02702702702702703,0.1,0.68,1,19854,36,9,0.1,0.0018099547511312218,0.9977386934673367,44,200
0.001910507792860734,0.1,0.9743589743589743,0.02564102564102564,0.1,0.7,1,19852,38,9,0.1,0.001910507792860734,0.9976381909547739,44,200
0.001910507792860734,0.1,0.9743589743589743,0.02564102564102564,0.1,0.72,1,19852,38,9,0.1,0.001910507792860734,0.9976381909547739,44,200
0.001910507792860734,0.1,0.9743589743589743,0.02564102564102564,0.1,0.74,1,19852,38,9,0.1,0.001910507792860734,0.9976381909547739,44,200
0.001910507792860734,0.1,0.9743589743589743,0.02564102564102564,0.1,0.76,1,19852,38,9,0.1,0.001910507792860734,0.9976381909547739,44,200
0.002011060834590246,0.1,0.975609756097561,0.024390243902439025,0.1,0.78,1,19850,40,9,0.1,0.002011060834590246,0.997537688442211,44,200
0.0023127199597787833,0.1,0.9787234042553191,0.02127659574468085,0.1,0.8,1,19844,46,9,0.1,0.0023127199597787833,0.9972361809045226,44,200
0.00261437908496732,0.1,0.9811320754716981,0.018867924528301886,0.1,0.82,1,19838,52,9,0.1,0.00261437908496732,0.9969346733668342,44,200
0.00261437908496732,0.1,0.9811320754716981,0.018867924528301886,0.1,0.84,1,19838,52,9,0.1,0.00261437908496732,0.9969346733668342,44,200
0.0029663147310206132,0.1,0.9833333333333333,0.016666666666666666,0.1,0.86,1,19831,59,9,0.1,0.0029663147310206132,0.9965829145728643,44,200
0.0029663147310206132,0.1,0.9833333333333333,0.016666666666666666,0.1,0.88,1,19831,59,9,0.1,0.0029663147310206132,0.9965829145728643,44,200
0.0029663147310206132,0.1,0.9833333333333333,0.016666666666666666,0.1,0.9,1,19831,59,9,0.1,0.0029663147310206132,0.9965829145728643,44,200
0.003770739064856712,0.1,0.9868421052631579,0.013157894736842105,0.1,0.92,1,19815,75,9,0.1,0.003770739064856712,0.9957788944723618,44,200
0.006586224233283057,0.2,0.9849624060150376,0.015037593984962405,0.2,0.94,2,19759,131,8,0.2,0.006586224233283057,0.9930150753768844,44,200
0.04504776269482152,0.4,0.9955555555555555,0.0044444444444444444,0.4,0.96,4,18994,896,6,0.4,0.04504776269482152,0.9546733668341708,44,200
0.0494218200100553,0.4,0.9959473150962512,0.004052684903748734,0.4,0.98,4,18907,983,6,0.4,0.0494218200100553,0.9503015075376885,44,200
0.9627450980392157,1.0,0.9994780520904014,0.000521947909598622,1.0,1.0,10,741,19149,0,1.0,0.9627450980392157,0.03773869346733668,44,200
5.0276520864756156e-05,0.0,1.0,0.0,0.0,0.02,0,19889,1,10,0.0,5.0276520864756156e-05,0.9994472361809045,45,200
5.0276520864756156e-05,0.0,1.0,0.0,0.0,0.04,0,19889,1,10,0.0,5.0276520864756156e-05,0.9994472361809045,45,200
5.0276520864756156e-05,0.0,1.0,0.0,0.0,0.06,0,19889,1,10,0.0,5.0276520864756156e-05,0.9994472361809045,45,200
5.0276520864756156e-05,0.0,1.0,0.0,0.0,0.08,0,19889,1,10,0.0,5.0276520864756156e-05,0.9994472361809045,45,200
0.0,0.0,0.0,,0.0,0.1,0,19890,0,10,0.0,0.0,0.9994974874371859,45,200
5.0276520864756156e-05,0.0,1.0,0.0,0.0,0.12,0,19889,1,10,0.0,5.0276520864756156e-05,0.9994472361809045,45,200
5.0276520864756156e-05,0.0,1.0,0.0,0.0,0.14,0,19889,1,10,0.0,5.0276520864756156e-05,0.9994472361809045,45,200
5.0276520864756156e-05,0.0,1.0,0.0,0.0,0.16,0,19889,1,10,0.0,5.0276520864756156e-05,0.9994472361809045,45,200
5.0276520864756156e-05,0.0,1.0,0.0,0.0,0.18,0,19889,1,10,0.0,5.0276520864756156e-05,0.9994472361809045,45,200
5.0276520864756156e-05,0.0,1.0,0.0,0.0,0.2,0,19889,1,10,0.0,5.0276520864756156e-05,0.9994472361809045,45,200
5.0276520864756156e-05,0.0,1.0,0.0,0.0,0.22,0,19889,1,10,0.0,5.0276520864756156e-05,0.9994472361809045,45,200
5.0276520864756156e-05,0.0,1.0,0.0,0.0,0.24,0,19889,1,10,0.0,5.0276520864756156e-05,0.9994472361809045,45,200
5.0276520864756156e-05,0.0,1.0,0.0,0.0,0.26,0,19889,1,10,0.0,5.0276520864756156e-05,0.9994472361809045,45,200
5.0276520864756156e-05,0.0,1.0,0.0,0.0,0.28,0,19889,1,10,0.0,5.0276520864756156e-05,0.9994472361809045,45,200
5.0276520864756156e-05,0.0,1.0,0.0,0.0,0.3,0,19889,1,10,0.0,5.0276520864756156e-05,0.9994472361809045,45,200
5.0276520864756156e-05,0.0,1.0,0.0,0.0,0.32,0,19889,1,10,0.0,5.0276520864756156e-05,0.9994472361809045,45,200
5.0276520864756156e-05,0.0,1.0,0.0,0.0,0.34,0,19889,1,10,0.0,5.0276520864756156e-05,0.9994472361809045,45,200
5.0276520864756156e-05,0.0,1.0,0.0,0.0,0.36,0,19889,1,10,0.0,5.0276520864756156e-05,0.9994472361809045,45,200
5.0276520864756156e-05,0.0,1.0,0.0,0.0,0.38,0,19889,1,10,0.0,5.0276520864756156e-05,0.9994472361809045,45,200
5.0276520864756156e-05,0.0,1.0,0.0,0.0,0.4,0,19889,1,10,0.0,5.0276520864756156e-05,0.9994472361809045,45,200
5.0276520864756156e-05,0.0,1.0,0.0,0.0,0.42,0,19889,1,10,0.0,5.0276520864756156e-05,0.9994472361809045,45,200
5.0276520864756156e-05,0.0,1.0,0.0,0.0,0.44,0,19889,1,10,0.0,5.0276520864756156e-05,0.9994472361809045,45,200
5.0276520864756156e-05,0.0,1.0,0.0,0.0,0.46,0,19889,1,10,0.0,5.0276520864756156e-05,0.9994472361809045,45,200
5.0276520864756156e-05,0.0,1.0,0.0,0.0,0.48,0,19889,1,10,0.0,5.0276520864756156e-05,0.9994472361809045,45,200
5.0276520864756156e-05,0.0,1.0,0.0,0.0,0.5,0,19889,1,10,0.0,5.0276520864756156e-05,0.9994472361809045,45,200
5.0276520864756156e-05,0.0,1.0,0.0,0.0,0.52,0,19889,1,10,0.0,5.0276520864756156e-05,0.9994472361809045,45,200
5.0276520864756156e-05,0.0,1.0,0.0,0.0,0.54,0,19889,1,10,0.0,5.0276520864756156e-05,0.9994472361809045,45,200
0.002161890397184515,0.0,1.0,0.0,0.0,0.56,0,19847,43,10,0.0,0.002161890397184515,0.9973366834170855,45,200
0.002815485168426345,0.0,1.0,0.0,0.0,0.58,0,19834,56,10,0.0,0.002815485168426345,0.9966834170854272,45,200
0.002815485168426345,0.0,1.0,0.0,0.0,0.6,0,19834,56,10,0.0,0.002815485168426345,0.9966834170854272,45,200
0.002815485168426345,0.0,1.0,0.0,0.0,0.62,0,19834,56,10,0.0,0.002815485168426345,0.9966834170854272,45,200
0.002815485168426345,0.0,1.0,0.0,0.0,0.64,0,19834,56,10,0.0,0.002815485168426345,0.9966834170854272,45,200
0.0029663147310206132,0.0,1.0,0.0,0.0,0.66,0,19831,59,10,0.0,0.0029663147310206132,0.996532663316583,45,200
0.00392156862745098,0.0,1.0,0.0,0.0,0.68,0,19812,78,10,0.0,0.00392156862745098,0.9955778894472361,45,200
0.00432378079436903,0.0,1.0,0.0,0.0,0.7,0,19804,86,10,0.0,0.00432378079436903,0.9951758793969849,45,200
0.006636500754147813,0.0,1.0,0.0,0.0,0.72,0,19758,132,10,0.0,0.006636500754147813,0.9928643216080402,45,200
0.006636500754147813,0.0,1.0,0.0,0.0,0.74,0,19758,132,10,0.0,0.006636500754147813,0.9928643216080402,45,200
0.007340372046254399,0.0,1.0,0.0,0.0,0.76,0,19744,146,10,0.0,0.007340372046254399,0.9921608040201005,45,200
0.008144796380090498,0.0,1.0,0.0,0.0,0.78,0,19728,162,10,0.0,0.008144796380090498,0.991356783919598,45,200
0.008144796380090498,0.0,1.0,0.0,0.0,0.8,0,19728,162,10,0.0,0.008144796380090498,0.991356783919598,45,200
0.008144796380090498,0.0,1.0,0.0,0.0,0.82,0,19728,162,10,0.0,0.008144796380090498,0.991356783919598,45,200
0.008798391151332328,0.0,1.0,0.0,0.0,0.84,0,19715,175,10,0.0,0.008798391151332328,0.9907035175879397,45,200
0.014429361488185018,0.1,0.9965277777777778,0.003472222222222222,0.1,0.86,1,19603,287,9,0.1,0.014429361488185018,0.9851256281407035,45,200
0.018300653594771243,0.1,0.9972602739726028,0.0027397260273972603,0.1,0.88,1,19526,364,9,0.1,0.018300653594771243,0.9812562814070351,45,200
0.018300653594771243,0.1,0.9972602739726028,0.0027397260273972603,0.1,0.9,1,19526,364,9,0.1,0.018300653594771243,0.9812562814070351,45,200
0.018300653594771243,0.1,0.9972602739726028,0.0027397260273972603,0.1,0.92,1,19526,364,9,0.1,0.018300653594771243,0.9812562814070351,45,200
0.08396178984414278,0.3,0.9982068141063957,0.0017931858936043037,0.3,0.94,3,18220,1670,7,0.3,0.08396178984414278,0.9157286432160804,45,200
0.12126696832579185,0.3,0.9987577639751553,0.0012422360248447205,0.3,0.96,3,17478,2412,7,0.3,0.12126696832579185,0.8784422110552764,45,200
0.14258421317244846,0.3,0.9989432898908066,0.0010567101091933778,0.3,0.98,3,17054,2836,7,0.3,0.14258421317244846,0.8571356783919598,45,200
0.9641528406234289,1.0,0.9994788137801637,0.0005211862198363476,1.0,1.0,10,713,19177,0,1.0,0.9641528406234289,0.036331658291457285,45,200
0.0,0.0,0.0,,0.0,0.02,0,19890,0,10,0.0,0.0,0.9994974874371859,46,200
0.0,0.0,0.0,,0.0,0.04,0,19890,0,10,0.0,0.0,0.9994974874371859,46,200
0.0,0.0,0.0,,0.0,0.06,0,19890,0,10,0.0,0.0,0.9994974874371859,46,200
0.0,0.0,0.0,,0.0,0.08,0,19890,0,10,0.0,0.0,0.9994974874371859,46,200
0.0,0.0,0.0,,0.0,0.1,0,19890,0,10,0.0,0.0,0.9994974874371859,46,200
0.0,0.0,0.0,,0.0,0.12,0,19890,0,10,0.0,0.0,0.9994974874371859,46,200
0.0,0.0,0.0,,0.0,0.14,0,19890,0,10,0.0,0.0,0.9994974874371859,46,200
0.0,0.0,0.0,,0.0,0.16,0,19890,0,10,0.0,0.0,0.9994974874371859,46,200
0.0,0.0,0.0,,0.0,0.18,0,19890,0,10,0.0,0.0,0.9994974874371859,46,200
0.0,0.0,0.0,,0.0,0.2,0,19890,0,10,0.0,0.0,0.9994974874371859,46,200
0.0,0.0,0.0,,0.0,0.22,0,19890,0,10,0.0,0.0,0.9994974874371859,46,200
0.0,0.0,0.0,,0.0,0.24,0,19890,0,10,0.0,0.0,0.9994974874371859,46,200
0.0,0.0,0.0,,0.0,0.26,0,19890,0,10,0.0,0.0,0.9994974874371859,46,200
0.0,0.0,0.0,,0.0,0.28,0,19890,0,10,0.0,0.0,0.9994974874371859,46,200
0.0,0.0,0.0,,0.0,0.3,0,19890,0,10,0.0,0.0,0.9994974874371859,46,200
0.0,0.0,0.0,,0.0,0.32,0,19890,0,10,0.0,0.0,0.9994974874371859,46,200
0.0,0.0,0.0,,0.0,0.34,0,19890,0,10,0.0,0.0,0.9994974874371859,46,200
0.0,0.0,0.0,,0.0,0.36,0,19890,0,10,0.0,0.0,0.9994974874371859,46,200
0.0,0.0,0.0,,0.0,0.38,0,19890,0,10,0.0,0.0,0.9994974874371859,46,200
0.00020110608345902463,0.0,1.0,0.0,0.0,0.4,0,19886,4,10,0.0,0.00020110608345902463,0.9992964824120603,46,200
0.00020110608345902463,0.0,1.0,0.0,0.0,0.42,0,19886,4,10,0.0,0.00020110608345902463,0.9992964824120603,46,200
0.00025138260432378077,0.0,1.0,0.0,0.0,0.44,0,19885,5,10,0.0,0.00025138260432378077,0.9992462311557789,46,200
0.00025138260432378077,0.0,1.0,0.0,0.0,0.46,0,19885,5,10,0.0,0.00025138260432378077,0.9992462311557789,46,200
0.00025138260432378077,0.0,1.0,0.0,0.0,0.48,0,19885,5,10,0.0,0.00025138260432378077,0.9992462311557789,46,200
0.00025138260432378077,0.0,1.0,0.0,0.0,0.5,0,19885,5,10,0.0,0.00025138260432378077,0.9992462311557789,46,200
0.00025138260432378077,0.0,1.0,0.0,0.0,0.52,0,19885,5,10,0.0,0.00025138260432378077,0.9992462311557789,46,200
0.00025138260432378077,0.0,1.0,0.0,0.0,0.54,0,19885,5,10,0.0,0.00025138260432378077,0.9992462311557789,46,200
0.00025138260432378077,0.0,1.0,0.0,0.0,0.56,0,19885,5,10,0.0,0.00025138260432378077,0.9992462311557789,46,200
0.00025138260432378077,0.0,1.0,0.0,0.0,0.58,0,19885,5,10,0.0,0.00025138260432378077,0.9992462311557789,46,200
0.00025138260432378077,0.0,1.0,0.0,0.0,0.6,0,19885,5,10,0.0,0.00025138260432378077,0.9992462311557789,46,200
0.0005530417295123177,0.0,1.0,0.0,0.0,0.62,0,19879,11,10,0.0,0.0005530417295123177,0.9989447236180905,46,200
0.001005530417295123,0.0,1.0,0.0,0.0,0.64,0,19870,20,10,0.0,0.001005530417295123,0.9984924623115577,46,200
0.0011563599798893917,0.0,1.0,0.0,0.0,0.66,0,19867,23,10,0.0,0.0011563599798893917,0.9983417085427135,46,200
0.0011563599798893917,0.0,1.0,0.0,0.0,0.68,0,19867,23,10,0.0,0.0011563599798893917,0.9983417085427135,46,200
0.0011563599798893917,0.0,1.0,0.0,0.0,0.7,0,19867,23,10,0.0,0.0011563599798893917,0.9983417085427135,46,200
0.0012066365007541479,0.0,1.0,0.0,0.0,0.72,0,19866,24,10,0.0,0.0012066365007541479,0.9982914572864322,46,200
0.0013574660633484162,0.0,1.0,0.0,0.0,0.74,0,19863,27,10,0.0,0.0013574660633484162,0.998140703517588,46,200
0.006988436400201106,0.0,1.0,0.0,0.0,0.76,0,19751,139,10,0.0,0.006988436400201106,0.9925125628140703,46,200
0.007742584213172449,0.0,1.0,0.0,0.0,0.78,0,19736,154,10,0.0,0.007742584213172449,0.9917587939698492,46,200
0.008396178984414278,0.0,1.0,0.0,0.0,0.8,0,19723,167,10,0.0,0.008396178984414278,0.9911055276381909,46,200
0.008396178984414278,0.0,1.0,0.0,0.0,0.82,0,19723,167,10,0.0,0.008396178984414278,0.9911055276381909,46,200
0.009150326797385621,0.0,1.0,0.0,0.0,0.84,0,19708,182,10,0.0,0.009150326797385621,0.9903517587939699,46,200
0.009150326797385621,0.0,1.0,0.0,0.0,0.86,0,19708,182,10,0.0,0.009150326797385621,0.9903517587939699,46,200
0.011060834590246356,0.0,1.0,0.0,0.0,0.88,0,19670,220,10,0.0,0.011060834590246356,0.9884422110552764,46,200
0.01925590749120161,0.0,1.0,0.0,0.0,0.9,0,19507,383,10,0.0,0.01925590749120161,0.9802512562814071,46,200
0.01925590749120161,0.0,1.0,0.0,0.0,0.92,0,19507,383,10,0.0,0.01925590749120161,0.9802512562814071,46,200
0.06928104575163399,0.2,0.9985507246376811,0.0014492753623188406,0.2,0.94,2,18512,1378,8,0.2,0.06928104575163399,0.9303517587939698,46,200
0.15771744595274007,0.3,0.9990445859872611,0.0009554140127388535,0.3,0.96,3,16753,3137,7,0.3,0.15771744595274007,0.8420100502512563,46,200
0.19311211664152841,0.3,0.9992195629552549,0.0007804370447450572,0.3,0.98,3,16049,3841,7,0.3,0.19311211664152841,0.8066331658291457,46,200
0.934640522875817,1.0,0.9994623655913979,0.0005376344086021505,1.0,1.0,10,1300,18590,0,1.0,0.934640522875817,0.06582914572864322,46,200
0.0,0.0,0.0,,0.0,0.02,0,19890,0,10,0.0,0.0,0.9994974874371859,47,200
0.0,0.0,0.0,,0.0,0.04,0,19890,0,10,0.0,0.0,0.9994974874371859,47,200
0.0,0.0,0.0,,0.0,0.06,0,19890,0,10,0.0,0.0,0.9994974874371859,47,200
0.0,0.0,0.0,,0.0,0.08,0,19890,0,10,0.0,0.0,0.9994974874371859,47,200
0.0,0.0,0.0,,0.0,0.1,0,19890,0,10,0.0,0.0,0.9994974874371859,47,200
0.0,0.0,0.0,,0.0,0.12,0,19890,0,10,0.0,0.0,0.9994974874371859,47,200
0.0,0.0,0.0,,0.0,0.14,0,19890,0,10,0.0,0.0,0.9994974874371859,47,200
0.0,0.0,0.0,,0.0,0.16,0,19890,0,10,0.0,0.0,0.9994974874371859,47,200
0.0,0.0,0.0,,0.0,0.18,0,19890,0,10,0.0,0.0,0.9994974874371859,47,200
0.0,0.0,0.0,,0.0,0.2,0,19890,0,10,0.0,0.0,0.9994974874371859,47,200
0.0,0.0,0.0,,0.0,0.22,0,19890,0,10,0.0,0.0,0.9994974874371859,47,200
0.0,0.0,0.0,,0.0,0.24,0,19890,0,10,0.0,0.0,0.9994974874371859,47,200
0.0,0.0,0.0,,0.0,0.26,0,19890,0,10,0.0,0.0,0.9994974874371859,47,200
0.0,0.0,0.0,,0.0,0.28,0,19890,0,10,0.0,0.0,0.9994974874371859,47,200
0.0,0.0,0.0,,0.0,0.3,0,19890,0,10,0.0,0.0,0.9994974874371859,47,200
0.0,0.0,0.0,,0.0,0.32,0,19890,0,10,0.0,0.0,0.9994974874371859,47,200
0.0,0.0,0.0,,0.0,0.34,0,19890,0,10,0.0,0.0,0.9994974874371859,47,200
0.0,0.0,0.0,,0.0,0.36,0,19890,0,10,0.0,0.0,0.9994974874371859,47,200
0.0,0.0,0.0,,0.0,0.38,0,19890,0,10,0.0,0.0,0.9994974874371859,47,200
0.0,0.0,0.0,,0.0,0.4,0,19890,0,10,0.0,0.0,0.9994974874371859,47,200
0.0,0.0,0.0,,0.0,0.42,0,19890,0,10,0.0,0.0,0.9994974874371859,47,200
5.0276520864756156e-05,0.1,0.5,0.5,0.1,0.44,1,19889,1,9,0.1,5.0276520864756156e-05,0.9994974874371859,47,200
5.0276520864756156e-05,0.1,0.5,0.5,0.1,0.46,1,19889,1,9,0.1,5.0276520864756156e-05,0.9994974874371859,47,200
5.0276520864756156e-05,0.1,0.5,0.5,0.1,0.48,1,19889,1,9,0.1,5.0276520864756156e-05,0.9994974874371859,47,200
5.0276520864756156e-05,0.1,0.5,0.5,0.1,0.5,1,19889,1,9,0.1,5.0276520864756156e-05,0.9994974874371859,47,200
0.0005027652086475615,0.1,0.9090909090909091,0.09090909090909091,0.1,0.52,1,19880,10,9,0.1,0.0005027652086475615,0.9990452261306533,47,200
0.0005027652086475615,0.1,0.9090909090909091,0.09090909090909091,0.1,0.54,1,19880,10,9,0.1,0.0005027652086475615,0.9990452261306533,47,200
0.0005027652086475615,0.1,0.9090909090909091,0.09090909090909091,0.1,0.56,1,19880,10,9,0.1,0.0005027652086475615,0.9990452261306533,47,200
0.0005027652086475615,0.1,0.9090909090909091,0.09090909090909091,0.1,0.58,1,19880,10,9,0.1,0.0005027652086475615,0.9990452261306533,47,200
0.0005027652086475615,0.1,0.9090909090909091,0.09090909090909091,0.1,0.6,1,19880,10,9,0.1,0.0005027652086475615,0.9990452261306533,47,200
0.0005027652086475615,0.1,0.9090909090909091,0.09090909090909091,0.1,0.62,1,19880,10,9,0.1,0.0005027652086475615,0.9990452261306533,47,200
0.0005027652086475615,0.1,0.9090909090909091,0.09090909090909091,0.1,0.64,1,19880,10,9,0.1,0.0005027652086475615,0.9990452261306533,47,200
0.00065359477124183,0.1,0.9285714285714286,0.07142857142857142,0.1,0.66,1,19877,13,9,0.1,0.00065359477124183,0.9988944723618091,47,200
0.00065359477124183,0.1,0.9285714285714286,0.07142857142857142,0.1,0.68,1,19877,13,9,0.1,0.00065359477124183,0.9988944723618091,47,200
0.00065359477124183,0.1,0.9285714285714286,0.07142857142857142,0.1,0.7,1,19877,13,9,0.1,0.00065359477124183,0.9988944723618091,47,200
0.0007038712921065862,0.1,0.9333333333333333,0.06666666666666667,0.1,0.72,1,19876,14,9,0.1,0.0007038712921065862,0.9988442211055276,47,200
0.0008044243338360985,0.1,0.9411764705882353,0.058823529411764705,0.1,0.74,1,19874,16,9,0.1,0.0008044243338360985,0.9987437185929648,47,200
0.0008044243338360985,0.1,0.9411764705882353,0.058823529411764705,0.1,0.76,1,19874,16,9,0.1,0.0008044243338360985,0.9987437185929648,47,200
0.0010558069381598793,0.1,0.9545454545454546,0.045454545454545456,0.1,0.78,1,19869,21,9,0.1,0.0010558069381598793,0.9984924623115577,47,200
0.002161890397184515,0.1,0.9772727272727273,0.022727272727272728,0.1,0.8,1,19847,43,9,0.1,0.002161890397184515,0.9973869346733668,47,200
0.002161890397184515,0.1,0.9772727272727273,0.022727272727272728,0.1,0.82,1,19847,43,9,0.1,0.002161890397184515,0.9973869346733668,47,200
0.0036199095022624436,0.1,0.9863013698630136,0.0136986301369863,0.1,0.84,1,19818,72,9,0.1,0.0036199095022624436,0.995929648241206,47,200
0.0036199095022624436,0.1,0.9863013698630136,0.0136986301369863,0.1,0.86,1,19818,72,9,0.1,0.0036199095022624436,0.995929648241206,47,200
0.003971845148315736,0.1,0.9875,0.0125,0.1,0.88,1,19811,79,9,0.1,0.003971845148315736,0.9955778894472361,47,200
0.00849673202614379,0.1,0.9941176470588236,0.0058823529411764705,0.1,0.9,1,19721,169,9,0.1,0.00849673202614379,0.9910552763819096,47,200
0.00849673202614379,0.1,0.9941176470588236,0.0058823529411764705,0.1,0.92,1,19721,169,9,0.1,0.00849673202614379,0.9910552763819096,47,200
0.00849673202614379,0.1,0.9941176470588236,0.0058823529411764705,0.1,0.94,1,19721,169,9,0.1,0.00849673202614379,0.9910552763819096,47,200
0.03519356460532931,0.2,0.9971509971509972,0.002849002849002849,0.2,0.96,2,19190,700,8,0.2,0.03519356460532931,0.9644221105527638,47,200
0.20110608345902464,0.5,0.9987515605493134,0.0012484394506866417,0.5,0.98,5,15890,4000,5,0.5,0.20110608345902464,0.7987437185929648,47,200
0.96701860231272,1.0,0.9994803575140303,0.0005196424859696529,1.0,1.0,10,656,19234,0,1.0,0.96701860231272,0.03346733668341709,47,200
0.0,0.0,0.0,,0.0,0.02,0,19890,0,10,0.0,0.0,0.9994974874371859,48,200
0.0,0.0,0.0,,0.0,0.04,0,19890,0,10,0.0,0.0,0.9994974874371859,48,200
0.0,0.0,0.0,,0.0,0.06,0,19890,0,10,0.0,0.0,0.9994974874371859,48,200
0.0,0.0,0.0,,0.0,0.08,0,19890,0,10,0.0,0.0,0.9994974874371859,48,200
0.0,0.0,0.0,,0.0,0.1,0,19890,0,10,0.0,0.0,0.9994974874371859,48,200
0.0,0.0,0.0,,0.0,0.12,0,19890,0,10,0.0,0.0,0.9994974874371859,48,200
0.0,0.0,0.0,,0.0,0.14,0,19890,0,10,0.0,0.0,0.9994974874371859,48,200
0.0,0.0,0.0,,0.0,0.16,0,19890,0,10,0.0,0.0,0.9994974874371859,48,200
0.0,0.0,0.0,,0.0,0.18,0,19890,0,10,0.0,0.0,0.9994974874371859,48,200
0.0,0.0,0.0,,0.0,0.2,0,19890,0,10,0.0,0.0,0.9994974874371859,48,200
0.0,0.0,0.0,,0.0,0.22,0,19890,0,10,0.0,0.0,0.9994974874371859,48,200
0.0,0.0,0.0,,0.0,0.24,0,19890,0,10,0.0,0.0,0.9994974874371859,48,200
0.0,0.0,0.0,,0.0,0.26,0,19890,0,10,0.0,0.0,0.9994974874371859,48,200
5.0276520864756156e-05,0.0,1.0,0.0,0.0,0.28,0,19889,1,10,0.0,5.0276520864756156e-05,0.9994472361809045,48,200
5.0276520864756156e-05,0.0,1.0,0.0,0.0,0.3,0,19889,1,10,0.0,5.0276520864756156e-05,0.9994472361809045,48,200
5.0276520864756156e-05,0.0,1.0,0.0,0.0,0.32,0,19889,1,10,0.0,5.0276520864756156e-05,0.9994472361809045,48,200
5.0276520864756156e-05,0.0,1.0,0.0,0.0,0.34,0,19889,1,10,0.0,5.0276520864756156e-05,0.9994472361809045,48,200
5.0276520864756156e-05,0.0,1.0,0.0,0.0,0.36,0,19889,1,10,0.0,5.0276520864756156e-05,0.9994472361809045,48,200
5.0276520864756156e-05,0.0,1.0,0.0,0.0,0.38,0,19889,1,10,0.0,5.0276520864756156e-05,0.9994472361809045,48,200
5.0276520864756156e-05,0.0,1.0,0.0,0.0,0.4,0,19889,1,10,0.0,5.0276520864756156e-05,0.9994472361809045,48,200
5.0276520864756156e-05,0.0,1.0,0.0,0.0,0.42,0,19889,1,10,0.0,5.0276520864756156e-05,0.9994472361809045,48,200
0.00010055304172951231,0.0,1.0,0.0,0.0,0.44,0,19888,2,10,0.0,0.00010055304172951231,0.9993969849246231,48,200
0.00010055304172951231,0.0,1.0,0.0,0.0,0.46,0,19888,2,10,0.0,0.00010055304172951231,0.9993969849246231,48,200
0.00010055304172951231,0.0,1.0,0.0,0.0,0.48,0,19888,2,10,0.0,0.00010055304172951231,0.9993969849246231,48,200
0.00010055304172951231,0.0,1.0,0.0,0.0,0.5,0,19888,2,10,0.0,0.00010055304172951231,0.9993969849246231,48,200
0.00010055304172951231,0.0,1.0,0.0,0.0,0.52,0,19888,2,10,0.0,0.00010055304172951231,0.9993969849246231,48,200
0.00010055304172951231,0.0,1.0,0.0,0.0,0.54,0,19888,2,10,0.0,0.00010055304172951231,0.9993969849246231,48,200
0.00010055304172951231,0.0,1.0,0.0,0.0,0.56,0,19888,2,10,0.0,0.00010055304172951231,0.9993969849246231,48,200
0.00010055304172951231,0.0,1.0,0.0,0.0,0.58,0,19888,2,10,0.0,0.00010055304172951231,0.9993969849246231,48,200
0.00010055304172951231,0.0,1.0,0.0,0.0,0.6,0,19888,2,10,0.0,0.00010055304172951231,0.9993969849246231,48,200
0.00010055304172951231,0.0,1.0,0.0,0.0,0.62,0,19888,2,10,0.0,0.00010055304172951231,0.9993969849246231,48,200
0.00010055304172951231,0.0,1.0,0.0,0.0,0.64,0,19888,2,10,0.0,0.00010055304172951231,0.9993969849246231,48,200
0.00010055304172951231,0.0,1.0,0.0,0.0,0.66,0,19888,2,10,0.0,0.00010055304172951231,0.9993969849246231,48,200
0.00010055304172951231,0.0,1.0,0.0,0.0,0.68,0,19888,2,10,0.0,0.00010055304172951231,0.9993969849246231,48,200
0.0014580191050779286,0.0,1.0,0.0,0.0,0.7,0,19861,29,10,0.0,0.0014580191050779286,0.9980402010050251,48,200
0.0014580191050779286,0.0,1.0,0.0,0.0,0.72,0,19861,29,10,0.0,0.0014580191050779286,0.9980402010050251,48,200
0.007893413775766717,0.1,0.9936708860759493,0.006329113924050633,0.1,0.74,1,19733,157,9,0.1,0.007893413775766717,0.9916582914572865,48,200
0.007893413775766717,0.1,0.9936708860759493,0.006329113924050633,0.1,0.76,1,19733,157,9,0.1,0.007893413775766717,0.9916582914572865,48,200
0.00864756158873806,0.1,0.9942196531791907,0.005780346820809248,0.1,0.78,1,19718,172,9,0.1,0.00864756158873806,0.9909045226130653,48,200
0.009602815485168427,0.1,0.9947916666666666,0.005208333333333333,0.1,0.8,1,19699,191,9,0.1,0.009602815485168427,0.9899497487437185,48,200
0.012116641528406235,0.1,0.9958677685950413,0.004132231404958678,0.1,0.82,1,19649,241,9,0.1,0.012116641528406235,0.9874371859296482,48,200
0.019557566616390146,0.1,0.9974358974358974,0.002564102564102564,0.1,0.84,1,19501,389,9,0.1,0.019557566616390146,0.98,48,200
0.019557566616390146,0.1,0.9974358974358974,0.002564102564102564,0.1,0.86,1,19501,389,9,0.1,0.019557566616390146,0.98,48,200
0.026897938662644547,0.1,0.9981343283582089,0.0018656716417910447,0.1,0.88,1,19355,535,9,0.1,0.026897938662644547,0.9726633165829146,48,200
0.026897938662644547,0.1,0.9981343283582089,0.0018656716417910447,0.1,0.9,1,19355,535,9,0.1,0.026897938662644547,0.9726633165829146,48,200
0.05505279034690799,0.1,0.9990875912408759,0.0009124087591240876,0.1,0.92,1,18795,1095,9,0.1,0.05505279034690799,0.9445226130653266,48,200
0.073403720462544,0.3,0.9979494190020506,0.002050580997949419,0.3,0.94,3,18430,1460,7,0.3,0.073403720462544,0.9262814070351759,48,200
0.0951734539969834,0.3,0.9984177215189873,0.0015822784810126582,0.3,0.96,3,17997,1893,7,0.3,0.0951734539969834,0.9045226130653267,48,200
0.21905480140774258,0.5,0.9988537368179734,0.0011462631820265932,0.5,0.98,5,15533,4357,5,0.5,0.21905480140774258,0.7808040201005025,48,200
0.3073403720462544,0.5,0.999182739457339,0.0008172605426610003,0.5,1.0,5,13777,6113,5,0.5,0.3073403720462544,0.6925628140703518,48,200
0.0,0.0,0.0,,0.0,0.02,0,19890,0,10,0.0,0.0,0.9994974874371859,49,200
0.0,0.0,0.0,,0.0,0.04,0,19890,0,10,0.0,0.0,0.9994974874371859,49,200
0.0,0.0,0.0,,0.0,0.06,0,19890,0,10,0.0,0.0,0.9994974874371859,49,200
0.0,0.0,0.0,,0.0,0.08,0,19890,0,10,0.0,0.0,0.9994974874371859,49,200
0.0,0.0,0.0,,0.0,0.1,0,19890,0,10,0.0,0.0,0.9994974874371859,49,200
0.0,0.0,0.0,,0.0,0.12,0,19890,0,10,0.0,0.0,0.9994974874371859,49,200
0.0,0.0,0.0,,0.0,0.14,0,19890,0,10,0.0,0.0,0.9994974874371859,49,200
0.0,0.0,0.0,,0.0,0.16,0,19890,0,10,0.0,0.0,0.9994974874371859,49,200
0.0,0.0,0.0,,0.0,0.18,0,19890,0,10,0.0,0.0,0.9994974874371859,49,200
0.0,0.0,0.0,,0.0,0.2,0,19890,0,10,0.0,0.0,0.9994974874371859,49,200
0.0,0.0,0.0,,0.0,0.22,0,19890,0,10,0.0,0.0,0.9994974874371859,49,200
0.0,0.0,0.0,,0.0,0.24,0,19890,0,10,0.0,0.0,0.9994974874371859,49,200
0.0,0.0,0.0,,0.0,0.26,0,19890,0,10,0.0,0.0,0.9994974874371859,49,200
0.0,0.0,0.0,,0.0,0.28,0,19890,0,10,0.0,0.0,0.9994974874371859,49,200
0.0,0.0,0.0,,0.0,0.3,0,19890,0,10,0.0,0.0,0.9994974874371859,49,200
0.0,0.0,0.0,,0.0,0.32,0,19890,0,10,0.0,0.0,0.9994974874371859,49,200
0.0,0.0,0.0,,0.0,0.34,0,19890,0,10,0.0,0.0,0.9994974874371859,49,200
0.0,0.0,0.0,,0.0,0.36,0,19890,0,10,0.0,0.0,0.9994974874371859,49,200
0.0,0.0,0.0,,0.0,0.38,0,19890,0,10,0.0,0.0,0.9994974874371859,49,200
0.0,0.0,0.0,,0.0,0.4,0,19890,0,10,0.0,0.0,0.9994974874371859,49,200
0.0,0.0,0.0,,0.0,0.42,0,19890,0,10,0.0,0.0,0.9994974874371859,49,200
0.0,0.0,0.0,,0.0,0.44,0,19890,0,10,0.0,0.0,0.9994974874371859,49,200
0.0,0.0,0.0,,0.0,0.46,0,19890,0,10,0.0,0.0,0.9994974874371859,49,200
0.0,0.0,0.0,,0.0,0.48,0,19890,0,10,0.0,0.0,0.9994974874371859,49,200
0.0,0.0,0.0,,0.0,0.5,0,19890,0,10,0.0,0.0,0.9994974874371859,49,200
0.0,0.0,0.0,,0.0,0.52,0,19890,0,10,0.0,0.0,0.9994974874371859,49,200
0.0,0.0,0.0,,0.0,0.54,0,19890,0,10,0.0,0.0,0.9994974874371859,49,200
0.0,0.0,0.0,,0.0,0.56,0,19890,0,10,0.0,0.0,0.9994974874371859,49,200
0.0,0.0,0.0,,0.0,0.58,0,19890,0,10,0.0,0.0,0.9994974874371859,49,200
0.0,0.0,0.0,,0.0,0.6,0,19890,0,10,0.0,0.0,0.9994974874371859,49,200
0.0,0.0,0.0,,0.0,0.62,0,19890,0,10,0.0,0.0,0.9994974874371859,49,200
0.0,0.0,0.0,,0.0,0.64,0,19890,0,10,0.0,0.0,0.9994974874371859,49,200
5.0276520864756156e-05,0.0,1.0,0.0,0.0,0.66,0,19889,1,10,0.0,5.0276520864756156e-05,0.9994472361809045,49,200
5.0276520864756156e-05,0.0,1.0,0.0,0.0,0.68,0,19889,1,10,0.0,5.0276520864756156e-05,0.9994472361809045,49,200
5.0276520864756156e-05,0.0,1.0,0.0,0.0,0.7,0,19889,1,10,0.0,5.0276520864756156e-05,0.9994472361809045,49,200
5.0276520864756156e-05,0.0,1.0,0.0,0.0,0.72,0,19889,1,10,0.0,5.0276520864756156e-05,0.9994472361809045,49,200
5.0276520864756156e-05,0.0,1.0,0.0,0.0,0.74,0,19889,1,10,0.0,5.0276520864756156e-05,0.9994472361809045,49,200
5.0276520864756156e-05,0.0,1.0,0.0,0.0,0.76,0,19889,1,10,0.0,5.0276520864756156e-05,0.9994472361809045,49,200
5.0276520864756156e-05,0.0,1.0,0.0,0.0,0.78,0,19889,1,10,0.0,5.0276520864756156e-05,0.9994472361809045,49,200
5.0276520864756156e-05,0.0,1.0,0.0,0.0,0.8,0,19889,1,10,0.0,5.0276520864756156e-05,0.9994472361809045,49,200
5.0276520864756156e-05,0.0,1.0,0.0,0.0,0.82,0,19889,1,10,0.0,5.0276520864756156e-05,0.9994472361809045,49,200
5.0276520864756156e-05,0.0,1.0,0.0,0.0,0.84,0,19889,1,10,0.0,5.0276520864756156e-05,0.9994472361809045,49,200
5.0276520864756156e-05,0.0,1.0,0.0,0.0,0.86,0,19889,1,10,0.0,5.0276520864756156e-05,0.9994472361809045,49,200
0.01608848667672197,0.1,0.9968847352024922,0.003115264797507788,0.1,0.88,1,19570,320,9,0.1,0.01608848667672197,0.9834673366834171,49,200
0.01985922574157868,0.1,0.9974747474747475,0.0025252525252525255,0.1,0.9,1,19495,395,9,0.1,0.01985922574157868,0.9796984924623116,49,200
0.03353443941679236,0.2,0.9970104633781763,0.0029895366218236174,0.2,0.92,2,19223,667,8,0.2,0.03353443941679236,0.9660804020100503,49,200
0.045449974861739566,0.3,0.9966923925027563,0.0033076074972436605,0.3,0.94,3,18986,904,7,0.3,0.045449974861739566,0.9542211055276382,49,200
0.0942684766214178,0.3,0.9984025559105432,0.001597444089456869,0.3,0.96,3,18015,1875,7,0.3,0.0942684766214178,0.905427135678392,49,200
0.12011060834590247,0.4,0.9983284580025074,0.001671541997492687,0.4,0.98,4,17501,2389,6,0.4,0.12011060834590247,0.8796482412060301,49,200
0.9663650075414781,1.0,0.9994800062399252,0.0005199937600748791,1.0,1.0,10,669,19221,0,1.0,0.9663650075414781,0.03412060301507538,49,200
