FPR,TPR,FDR,NPrecision,NRecall,alpha,NTP,NTN,NFP,NFN,NTPR,NFPR,NACC,diffnetfinder_sec,run,dim
0.0,0.3,0.0,1.0,0.3,0.05,3,4940,0,7,0.3,0.0,0.9985858585858586,47.356225800001994,0,100
0.0,0.3,0.0,1.0,0.3,0.1,3,4940,0,7,0.3,0.0,0.9985858585858586,47.356225800001994,0,100
0.0,0.3,0.0,1.0,0.3,0.15,3,4940,0,7,0.3,0.0,0.9985858585858586,47.356225800001994,0,100
0.00020242914979757084,0.3,0.25,0.75,0.3,0.2,3,4939,1,7,0.3,0.00020242914979757084,0.9983838383838384,47.356225800001994,0,100
0.0004048582995951417,0.3,0.4,0.6,0.3,0.25,3,4938,2,7,0.3,0.0004048582995951417,0.9981818181818182,47.356225800001994,0,100
0.0004048582995951417,0.3,0.4,0.6,0.3,0.3,3,4938,2,7,0.3,0.0004048582995951417,0.9981818181818182,47.356225800001994,0,100
0.0004048582995951417,0.3,0.4,0.6,0.3,0.35,3,4938,2,7,0.3,0.0004048582995951417,0.9981818181818182,47.356225800001994,0,100
0.0008097165991902834,0.3,0.5714285714285714,0.42857142857142855,0.3,0.4,3,4936,4,7,0.3,0.0008097165991902834,0.9977777777777778,47.356225800001994,0,100
0.0008097165991902834,0.3,0.5714285714285714,0.42857142857142855,0.3,0.45,3,4936,4,7,0.3,0.0008097165991902834,0.9977777777777778,47.356225800001994,0,100
0.0012145748987854252,0.3,0.6666666666666666,0.3333333333333333,0.3,0.5,3,4934,6,7,0.3,0.0012145748987854252,0.9973737373737374,47.356225800001994,0,100
0.0016194331983805667,0.3,0.7272727272727273,0.2727272727272727,0.3,0.55,3,4932,8,7,0.3,0.0016194331983805667,0.996969696969697,47.356225800001994,0,100
0.0016194331983805667,0.3,0.7272727272727273,0.2727272727272727,0.3,0.6,3,4932,8,7,0.3,0.0016194331983805667,0.996969696969697,47.356225800001994,0,100
0.0016194331983805667,0.3,0.7272727272727273,0.2727272727272727,0.3,0.65,3,4932,8,7,0.3,0.0016194331983805667,0.996969696969697,47.356225800001994,0,100
0.0016194331983805667,0.3,0.7272727272727273,0.2727272727272727,0.3,0.7,3,4932,8,7,0.3,0.0016194331983805667,0.996969696969697,47.356225800001994,0,100
0.006882591093117409,0.4,0.8947368421052632,0.10526315789473684,0.4,0.75,4,4906,34,6,0.4,0.006882591093117409,0.9919191919191919,47.356225800001994,0,100
0.006882591093117409,0.4,0.8947368421052632,0.10526315789473684,0.4,0.8,4,4906,34,6,0.4,0.006882591093117409,0.9919191919191919,47.356225800001994,0,100
0.015991902834008098,0.6,0.9294117647058824,0.07058823529411765,0.6,0.85,6,4861,79,4,0.6,0.015991902834008098,0.9832323232323232,47.356225800001994,0,100
0.03319838056680162,0.7,0.9590643274853801,0.04093567251461988,0.7,0.9,7,4776,164,3,0.7,0.03319838056680162,0.9662626262626263,47.356225800001994,0,100
0.0597165991902834,0.8,0.9735973597359736,0.026402640264026403,0.8,0.95,8,4645,295,2,0.8,0.0597165991902834,0.94,47.356225800001994,0,100
0.979757085020243,1.0,0.9979381443298969,0.002061855670103093,1.0,1.0,10,100,4840,0,1.0,0.979757085020243,0.022222222222222223,47.356225800001994,0,100
0.0004048582995951417,0.3,0.4,0.6,0.3,0.05,3,4938,2,7,0.3,0.0004048582995951417,0.9981818181818182,45.73264719999861,1,100
0.0004048582995951417,0.4,0.3333333333333333,0.6666666666666666,0.4,0.1,4,4938,2,6,0.4,0.0004048582995951417,0.9983838383838384,45.73264719999861,1,100
0.0004048582995951417,0.4,0.3333333333333333,0.6666666666666666,0.4,0.15,4,4938,2,6,0.4,0.0004048582995951417,0.9983838383838384,45.73264719999861,1,100
0.0004048582995951417,0.4,0.3333333333333333,0.6666666666666666,0.4,0.2,4,4938,2,6,0.4,0.0004048582995951417,0.9983838383838384,45.73264719999861,1,100
0.0006072874493927126,0.4,0.42857142857142855,0.5714285714285714,0.4,0.25,4,4937,3,6,0.4,0.0006072874493927126,0.9981818181818182,45.73264719999861,1,100
0.0008097165991902834,0.4,0.5,0.5,0.4,0.3,4,4936,4,6,0.4,0.0008097165991902834,0.997979797979798,45.73264719999861,1,100
0.0008097165991902834,0.4,0.5,0.5,0.4,0.35,4,4936,4,6,0.4,0.0008097165991902834,0.997979797979798,45.73264719999861,1,100
0.0008097165991902834,0.4,0.5,0.5,0.4,0.4,4,4936,4,6,0.4,0.0008097165991902834,0.997979797979798,45.73264719999861,1,100
0.0008097165991902834,0.4,0.5,0.5,0.4,0.45,4,4936,4,6,0.4,0.0008097165991902834,0.997979797979798,45.73264719999861,1,100
0.0008097165991902834,0.4,0.5,0.5,0.4,0.5,4,4936,4,6,0.4,0.0008097165991902834,0.997979797979798,45.73264719999861,1,100
0.0008097165991902834,0.4,0.5,0.5,0.4,0.55,4,4936,4,6,0.4,0.0008097165991902834,0.997979797979798,45.73264719999861,1,100
0.0008097165991902834,0.4,0.5,0.5,0.4,0.6,4,4936,4,6,0.4,0.0008097165991902834,0.997979797979798,45.73264719999861,1,100
0.002631578947368421,0.4,0.7647058823529411,0.23529411764705882,0.4,0.65,4,4927,13,6,0.4,0.002631578947368421,0.9961616161616161,45.73264719999861,1,100
0.013360323886639677,0.5,0.9295774647887324,0.07042253521126761,0.5,0.7,5,4874,66,5,0.5,0.013360323886639677,0.9856565656565657,45.73264719999861,1,100
0.013765182186234818,0.5,0.9315068493150684,0.0684931506849315,0.5,0.75,5,4872,68,5,0.5,0.013765182186234818,0.9852525252525253,45.73264719999861,1,100
0.018016194331983804,0.5,0.9468085106382979,0.05319148936170213,0.5,0.8,5,4851,89,5,0.5,0.018016194331983804,0.981010101010101,45.73264719999861,1,100
0.040283400809716596,0.6,0.9707317073170731,0.02926829268292683,0.6,0.85,6,4741,199,4,0.6,0.040283400809716596,0.958989898989899,45.73264719999861,1,100
0.10384615384615385,0.8,0.9846449136276392,0.015355086372360844,0.8,0.9,8,4427,513,2,0.8,0.10384615384615385,0.895959595959596,45.73264719999861,1,100
0.29331983805668016,0.9,0.9938271604938271,0.006172839506172839,0.9,0.95,9,3491,1449,1,0.9,0.29331983805668016,0.7070707070707071,45.73264719999861,1,100
0.998582995951417,1.0,0.9979769370827433,0.0020230629172567267,1.0,1.0,10,7,4933,0,1.0,0.998582995951417,0.0034343434343434343,45.73264719999861,1,100
0.0,0.1,0.0,1.0,0.1,0.05,1,4940,0,9,0.1,0.0,0.9981818181818182,53.782416100031696,2,100
0.0,0.4,0.0,1.0,0.4,0.1,4,4940,0,6,0.4,0.0,0.9987878787878788,53.782416100031696,2,100
0.0,0.5,0.0,1.0,0.5,0.15,5,4940,0,5,0.5,0.0,0.998989898989899,53.782416100031696,2,100
0.0010121457489878543,0.7,0.4166666666666667,0.5833333333333334,0.7,0.2,7,4935,5,3,0.7,0.0010121457489878543,0.9983838383838384,53.782416100031696,2,100
0.0012145748987854252,0.7,0.46153846153846156,0.5384615384615384,0.7,0.25,7,4934,6,3,0.7,0.0012145748987854252,0.9981818181818182,53.782416100031696,2,100
0.0018218623481781376,0.7,0.5625,0.4375,0.7,0.3,7,4931,9,3,0.7,0.0018218623481781376,0.9975757575757576,53.782416100031696,2,100
0.0032388663967611335,0.7,0.6956521739130435,0.30434782608695654,0.7,0.35,7,4924,16,3,0.7,0.0032388663967611335,0.9961616161616161,53.782416100031696,2,100
0.005060728744939271,0.7,0.78125,0.21875,0.7,0.4,7,4915,25,3,0.7,0.005060728744939271,0.9943434343434343,53.782416100031696,2,100
0.005263157894736842,0.9,0.7428571428571429,0.2571428571428571,0.9,0.45,9,4914,26,1,0.9,0.005263157894736842,0.9945454545454545,53.782416100031696,2,100
0.008097165991902834,0.9,0.8163265306122449,0.1836734693877551,0.9,0.5,9,4900,40,1,0.9,0.008097165991902834,0.9917171717171717,53.782416100031696,2,100
0.008502024291497975,0.9,0.8235294117647058,0.17647058823529413,0.9,0.55,9,4898,42,1,0.9,0.008502024291497975,0.9913131313131314,53.782416100031696,2,100
0.01194331983805668,1.0,0.855072463768116,0.14492753623188406,1.0,0.6,10,4881,59,0,1.0,0.01194331983805668,0.9880808080808081,53.782416100031696,2,100
0.013562753036437248,1.0,0.8701298701298701,0.12987012987012986,1.0,0.65,10,4873,67,0,1.0,0.013562753036437248,0.9864646464646465,53.782416100031696,2,100
0.014777327935222672,1.0,0.8795180722891566,0.12048192771084337,1.0,0.7,10,4867,73,0,1.0,0.014777327935222672,0.9852525252525253,53.782416100031696,2,100
0.020647773279352227,1.0,0.9107142857142857,0.08928571428571429,1.0,0.75,10,4838,102,0,1.0,0.020647773279352227,0.9793939393939394,53.782416100031696,2,100
0.02408906882591093,1.0,0.9224806201550387,0.07751937984496124,1.0,0.8,10,4821,119,0,1.0,0.02408906882591093,0.9759595959595959,53.782416100031696,2,100
0.09271255060728745,1.0,0.9786324786324786,0.021367521367521368,1.0,0.85,10,4482,458,0,1.0,0.09271255060728745,0.9074747474747474,53.782416100031696,2,100
0.14251012145748987,1.0,0.9859943977591037,0.014005602240896359,1.0,0.9,10,4236,704,0,1.0,0.14251012145748987,0.8577777777777778,53.782416100031696,2,100
0.22894736842105262,1.0,0.9912357581069238,0.008764241893076249,1.0,0.95,10,3809,1131,0,1.0,0.22894736842105262,0.7715151515151515,53.782416100031696,2,100
0.9983805668016195,1.0,0.9979765277215702,0.0020234722784297854,1.0,1.0,10,8,4932,0,1.0,0.9983805668016195,0.0036363636363636364,53.782416100031696,2,100
0.0004048582995951417,0.3,0.4,0.6,0.3,0.05,3,4938,2,7,0.3,0.0004048582995951417,0.9981818181818182,46.893795599928126,3,100
0.0008097165991902834,0.5,0.4444444444444444,0.5555555555555556,0.5,0.1,5,4936,4,5,0.5,0.0008097165991902834,0.9981818181818182,46.893795599928126,3,100
0.0012145748987854252,0.6,0.5,0.5,0.6,0.15,6,4934,6,4,0.6,0.0012145748987854252,0.997979797979798,46.893795599928126,3,100
0.0016194331983805667,0.7,0.5333333333333333,0.4666666666666667,0.7,0.2,7,4932,8,3,0.7,0.0016194331983805667,0.9977777777777778,46.893795599928126,3,100
0.0016194331983805667,0.7,0.5333333333333333,0.4666666666666667,0.7,0.25,7,4932,8,3,0.7,0.0016194331983805667,0.9977777777777778,46.893795599928126,3,100
0.0018218623481781376,0.7,0.5625,0.4375,0.7,0.3,7,4931,9,3,0.7,0.0018218623481781376,0.9975757575757576,46.893795599928126,3,100
0.002834008097165992,0.8,0.6363636363636364,0.36363636363636365,0.8,0.35,8,4926,14,2,0.8,0.002834008097165992,0.9967676767676767,46.893795599928126,3,100
0.0032388663967611335,0.8,0.6666666666666666,0.3333333333333333,0.8,0.4,8,4924,16,2,0.8,0.0032388663967611335,0.9963636363636363,46.893795599928126,3,100
0.0034412955465587046,0.8,0.68,0.32,0.8,0.45,8,4923,17,2,0.8,0.0034412955465587046,0.9961616161616161,46.893795599928126,3,100
0.004858299595141701,0.8,0.75,0.25,0.8,0.5,8,4916,24,2,0.8,0.004858299595141701,0.9947474747474747,46.893795599928126,3,100
0.006275303643724696,0.8,0.7948717948717948,0.20512820512820512,0.8,0.55,8,4909,31,2,0.8,0.006275303643724696,0.9933333333333333,46.893795599928126,3,100
0.0066801619433198385,0.8,0.8048780487804879,0.1951219512195122,0.8,0.6,8,4907,33,2,0.8,0.0066801619433198385,0.9929292929292929,46.893795599928126,3,100
0.008704453441295546,0.8,0.8431372549019608,0.1568627450980392,0.8,0.65,8,4897,43,2,0.8,0.008704453441295546,0.990909090909091,46.893795599928126,3,100
0.010121457489878543,0.8,0.8620689655172413,0.13793103448275862,0.8,0.7,8,4890,50,2,0.8,0.010121457489878543,0.9894949494949495,46.893795599928126,3,100
0.012955465587044534,0.8,0.8888888888888888,0.1111111111111111,0.8,0.75,8,4876,64,2,0.8,0.012955465587044534,0.9866666666666667,46.893795599928126,3,100
0.0354251012145749,0.8,0.9562841530054644,0.04371584699453552,0.8,0.8,8,4765,175,2,0.8,0.0354251012145749,0.9642424242424242,46.893795599928126,3,100
0.07753036437246963,0.9,0.9770408163265306,0.02295918367346939,0.9,0.85,9,4557,383,1,0.9,0.07753036437246963,0.9224242424242424,46.893795599928126,3,100
0.15647773279352226,0.9,0.9884910485933504,0.011508951406649617,0.9,0.9,9,4167,773,1,0.9,0.15647773279352226,0.8436363636363636,46.893795599928126,3,100
0.25364372469635627,0.9,0.9928684627575277,0.0071315372424722665,0.9,0.95,9,3687,1253,1,0.9,0.25364372469635627,0.7466666666666667,46.893795599928126,3,100
0.9983805668016195,1.0,0.9979765277215702,0.0020234722784297854,1.0,1.0,10,8,4932,0,1.0,0.9983805668016195,0.0036363636363636364,46.893795599928126,3,100
0.0004048582995951417,0.6,0.25,0.75,0.6,0.05,6,4938,2,4,0.6,0.0004048582995951417,0.9987878787878788,52.46799789997749,4,100
0.0004048582995951417,0.6,0.25,0.75,0.6,0.1,6,4938,2,4,0.6,0.0004048582995951417,0.9987878787878788,52.46799789997749,4,100
0.0008097165991902834,0.7,0.36363636363636365,0.6363636363636364,0.7,0.15,7,4936,4,3,0.7,0.0008097165991902834,0.9985858585858586,52.46799789997749,4,100
0.0010121457489878543,0.7,0.4166666666666667,0.5833333333333334,0.7,0.2,7,4935,5,3,0.7,0.0010121457489878543,0.9983838383838384,52.46799789997749,4,100
0.0012145748987854252,0.7,0.46153846153846156,0.5384615384615384,0.7,0.25,7,4934,6,3,0.7,0.0012145748987854252,0.9981818181818182,52.46799789997749,4,100
0.0024291497975708503,0.7,0.631578947368421,0.3684210526315789,0.7,0.3,7,4928,12,3,0.7,0.0024291497975708503,0.996969696969697,52.46799789997749,4,100
0.0036437246963562753,0.7,0.72,0.28,0.7,0.35,7,4922,18,3,0.7,0.0036437246963562753,0.9957575757575757,52.46799789997749,4,100
0.006072874493927126,0.8,0.7894736842105263,0.21052631578947367,0.8,0.4,8,4910,30,2,0.8,0.006072874493927126,0.9935353535353535,52.46799789997749,4,100
0.006275303643724696,0.8,0.7948717948717948,0.20512820512820512,0.8,0.45,8,4909,31,2,0.8,0.006275303643724696,0.9933333333333333,52.46799789997749,4,100
0.009109311740890687,0.8,0.8490566037735849,0.1509433962264151,0.8,0.5,8,4895,45,2,0.8,0.009109311740890687,0.9905050505050506,52.46799789997749,4,100
0.012550607287449392,0.8,0.8857142857142857,0.11428571428571428,0.8,0.55,8,4878,62,2,0.8,0.012550607287449392,0.9870707070707071,52.46799789997749,4,100
0.02348178137651822,0.8,0.9354838709677419,0.06451612903225806,0.8,0.6,8,4824,116,2,0.8,0.02348178137651822,0.9761616161616161,52.46799789997749,4,100
0.0465587044534413,0.8,0.9663865546218487,0.03361344537815126,0.8,0.65,8,4710,230,2,0.8,0.0465587044534413,0.9531313131313132,52.46799789997749,4,100
0.07510121457489878,0.9,0.9763157894736842,0.02368421052631579,0.9,0.7,9,4569,371,1,0.9,0.07510121457489878,0.9248484848484848,52.46799789997749,4,100
0.09716599190283401,0.9,0.9815950920245399,0.018404907975460124,0.9,0.75,9,4460,480,1,0.9,0.09716599190283401,0.9028282828282829,52.46799789997749,4,100
0.1317813765182186,0.9,0.9863636363636363,0.013636363636363636,0.9,0.8,9,4289,651,1,0.9,0.1317813765182186,0.8682828282828283,52.46799789997749,4,100
0.1882591093117409,0.9,0.9904153354632588,0.009584664536741214,0.9,0.85,9,4010,930,1,0.9,0.1882591093117409,0.8119191919191919,52.46799789997749,4,100
0.30182186234817815,1.0,0.9933377748167888,0.006662225183211193,1.0,0.9,10,3449,1491,0,1.0,0.30182186234817815,0.6987878787878787,52.46799789997749,4,100
0.4342105263157895,1.0,0.9953596287703016,0.004640371229698376,1.0,0.95,10,2795,2145,0,1.0,0.4342105263157895,0.5666666666666667,52.46799789997749,4,100
0.998582995951417,1.0,0.9979769370827433,0.0020230629172567267,1.0,1.0,10,7,4933,0,1.0,0.998582995951417,0.0034343434343434343,52.46799789997749,4,100
0.0,0.0,0.0,,0.0,0.05,0,4940,0,10,0.0,0.0,0.997979797979798,55.98089580005035,5,100
0.0,0.0,0.0,,0.0,0.1,0,4940,0,10,0.0,0.0,0.997979797979798,55.98089580005035,5,100
0.00020242914979757084,0.1,0.5,0.5,0.1,0.15,1,4939,1,9,0.1,0.00020242914979757084,0.997979797979798,55.98089580005035,5,100
0.00020242914979757084,0.1,0.5,0.5,0.1,0.2,1,4939,1,9,0.1,0.00020242914979757084,0.997979797979798,55.98089580005035,5,100
0.00020242914979757084,0.1,0.5,0.5,0.1,0.25,1,4939,1,9,0.1,0.00020242914979757084,0.997979797979798,55.98089580005035,5,100
0.0004048582995951417,0.1,0.6666666666666666,0.3333333333333333,0.1,0.3,1,4938,2,9,0.1,0.0004048582995951417,0.9977777777777778,55.98089580005035,5,100
0.0006072874493927126,0.1,0.75,0.25,0.1,0.35,1,4937,3,9,0.1,0.0006072874493927126,0.9975757575757576,55.98089580005035,5,100
0.0032388663967611335,0.4,0.8,0.2,0.4,0.4,4,4924,16,6,0.4,0.0032388663967611335,0.9955555555555555,55.98089580005035,5,100
0.005060728744939271,0.5,0.8333333333333334,0.16666666666666666,0.5,0.45,5,4915,25,5,0.5,0.005060728744939271,0.9939393939393939,55.98089580005035,5,100
0.005263157894736842,0.5,0.8387096774193549,0.16129032258064516,0.5,0.5,5,4914,26,5,0.5,0.005263157894736842,0.9937373737373737,55.98089580005035,5,100
0.006072874493927126,0.5,0.8571428571428571,0.14285714285714285,0.5,0.55,5,4910,30,5,0.5,0.006072874493927126,0.9929292929292929,55.98089580005035,5,100
0.007894736842105263,0.5,0.8863636363636364,0.11363636363636363,0.5,0.6,5,4901,39,5,0.5,0.007894736842105263,0.9911111111111112,55.98089580005035,5,100
0.021052631578947368,0.6,0.9454545454545454,0.05454545454545454,0.6,0.65,6,4836,104,4,0.6,0.021052631578947368,0.9781818181818182,55.98089580005035,5,100
0.02813765182186235,0.6,0.9586206896551724,0.041379310344827586,0.6,0.7,6,4801,139,4,0.6,0.02813765182186235,0.9711111111111111,55.98089580005035,5,100
0.06558704453441296,0.7,0.9788519637462235,0.021148036253776436,0.7,0.75,7,4616,324,3,0.7,0.06558704453441296,0.933939393939394,55.98089580005035,5,100
0.07692307692307693,0.7,0.9819121447028424,0.01808785529715762,0.7,0.8,7,4560,380,3,0.7,0.07692307692307693,0.9226262626262626,55.98089580005035,5,100
0.1402834008097166,0.8,0.9885877318116976,0.011412268188302425,0.8,0.85,8,4247,693,2,0.8,0.1402834008097166,0.8595959595959596,55.98089580005035,5,100
0.17510121457489877,0.8,0.9908361970217641,0.009163802978235968,0.8,0.9,8,4075,865,2,0.8,0.17510121457489877,0.8248484848484848,55.98089580005035,5,100
0.404251012145749,0.9,0.9955134596211366,0.00448654037886341,0.9,0.95,9,2943,1997,1,0.9,0.404251012145749,0.5963636363636363,55.98089580005035,5,100
0.9993927125506072,1.0,0.997978572872448,0.002021427127552052,1.0,1.0,10,3,4937,0,1.0,0.9993927125506072,0.0026262626262626263,55.98089580005035,5,100
0.0006072874493927126,0.6,0.3333333333333333,0.6666666666666666,0.6,0.05,6,4937,3,4,0.6,0.0006072874493927126,0.9985858585858586,58.24417810002342,6,100
0.0008097165991902834,0.6,0.4,0.6,0.6,0.1,6,4936,4,4,0.6,0.0008097165991902834,0.9983838383838384,58.24417810002342,6,100
0.0008097165991902834,0.6,0.4,0.6,0.6,0.15,6,4936,4,4,0.6,0.0008097165991902834,0.9983838383838384,58.24417810002342,6,100
0.0010121457489878543,0.6,0.45454545454545453,0.5454545454545454,0.6,0.2,6,4935,5,4,0.6,0.0010121457489878543,0.9981818181818182,58.24417810002342,6,100
0.0010121457489878543,0.6,0.45454545454545453,0.5454545454545454,0.6,0.25,6,4935,5,4,0.6,0.0010121457489878543,0.9981818181818182,58.24417810002342,6,100
0.0010121457489878543,0.6,0.45454545454545453,0.5454545454545454,0.6,0.3,6,4935,5,4,0.6,0.0010121457489878543,0.9981818181818182,58.24417810002342,6,100
0.0012145748987854252,0.6,0.5,0.5,0.6,0.35,6,4934,6,4,0.6,0.0012145748987854252,0.997979797979798,58.24417810002342,6,100
0.0012145748987854252,0.6,0.5,0.5,0.6,0.4,6,4934,6,4,0.6,0.0012145748987854252,0.997979797979798,58.24417810002342,6,100
0.0034412955465587046,0.6,0.7391304347826086,0.2608695652173913,0.6,0.45,6,4923,17,4,0.6,0.0034412955465587046,0.9957575757575757,58.24417810002342,6,100
0.0038461538461538464,0.6,0.76,0.24,0.6,0.5,6,4921,19,4,0.6,0.0038461538461538464,0.9953535353535353,58.24417810002342,6,100
0.005465587044534413,0.7,0.7941176470588235,0.20588235294117646,0.7,0.55,7,4913,27,3,0.7,0.005465587044534413,0.9939393939393939,58.24417810002342,6,100
0.006275303643724696,0.8,0.7948717948717948,0.20512820512820512,0.8,0.6,8,4909,31,2,0.8,0.006275303643724696,0.9933333333333333,58.24417810002342,6,100
0.008502024291497975,0.8,0.84,0.16,0.8,0.65,8,4898,42,2,0.8,0.008502024291497975,0.9911111111111112,58.24417810002342,6,100
0.01437246963562753,0.8,0.8987341772151899,0.10126582278481013,0.8,0.7,8,4869,71,2,0.8,0.01437246963562753,0.9852525252525253,58.24417810002342,6,100
0.01902834008097166,0.8,0.9215686274509803,0.0784313725490196,0.8,0.75,8,4846,94,2,0.8,0.01902834008097166,0.9806060606060606,58.24417810002342,6,100
0.032591093117408904,0.9,0.9470588235294117,0.052941176470588235,0.9,0.8,9,4779,161,1,0.9,0.032591093117408904,0.9672727272727273,58.24417810002342,6,100
0.03299595141700405,0.9,0.9476744186046512,0.05232558139534884,0.9,0.85,9,4777,163,1,0.9,0.03299595141700405,0.9668686868686869,58.24417810002342,6,100
0.12267206477732794,0.9,0.9853658536585366,0.014634146341463415,0.9,0.9,9,4334,606,1,0.9,0.12267206477732794,0.8773737373737374,58.24417810002342,6,100
0.24534412955465587,1.0,0.9918166939443536,0.008183306055646482,1.0,0.95,10,3728,1212,0,1.0,0.24534412955465587,0.7551515151515151,58.24417810002342,6,100
0.8536437246963563,1.0,0.9976342559735036,0.0023657440264963333,1.0,1.0,10,723,4217,0,1.0,0.8536437246963563,0.1480808080808081,58.24417810002342,6,100
0.00020242914979757084,0.5,0.16666666666666666,0.8333333333333334,0.5,0.05,5,4939,1,5,0.5,0.00020242914979757084,0.9987878787878788,58.3928428000072,7,100
0.00020242914979757084,0.5,0.16666666666666666,0.8333333333333334,0.5,0.1,5,4939,1,5,0.5,0.00020242914979757084,0.9987878787878788,58.3928428000072,7,100
0.0004048582995951417,0.5,0.2857142857142857,0.7142857142857143,0.5,0.15,5,4938,2,5,0.5,0.0004048582995951417,0.9985858585858586,58.3928428000072,7,100
0.0008097165991902834,0.6,0.4,0.6,0.6,0.2,6,4936,4,4,0.6,0.0008097165991902834,0.9983838383838384,58.3928428000072,7,100
0.0008097165991902834,0.6,0.4,0.6,0.6,0.25,6,4936,4,4,0.6,0.0008097165991902834,0.9983838383838384,58.3928428000072,7,100
0.0008097165991902834,0.6,0.4,0.6,0.6,0.3,6,4936,4,4,0.6,0.0008097165991902834,0.9983838383838384,58.3928428000072,7,100
0.0012145748987854252,0.6,0.5,0.5,0.6,0.35,6,4934,6,4,0.6,0.0012145748987854252,0.997979797979798,58.3928428000072,7,100
0.0020242914979757085,0.6,0.625,0.375,0.6,0.4,6,4930,10,4,0.6,0.0020242914979757085,0.9971717171717172,58.3928428000072,7,100
0.002226720647773279,0.6,0.6470588235294118,0.35294117647058826,0.6,0.45,6,4929,11,4,0.6,0.002226720647773279,0.996969696969697,58.3928428000072,7,100
0.004858299595141701,0.8,0.75,0.25,0.8,0.5,8,4916,24,2,0.8,0.004858299595141701,0.9947474747474747,58.3928428000072,7,100
0.006477732793522267,0.8,0.8,0.2,0.8,0.55,8,4908,32,2,0.8,0.006477732793522267,0.9931313131313131,58.3928428000072,7,100
0.010323886639676113,0.9,0.85,0.15,0.9,0.6,9,4889,51,1,0.9,0.010323886639676113,0.9894949494949495,58.3928428000072,7,100
0.012145748987854251,0.9,0.8695652173913043,0.13043478260869565,0.9,0.65,9,4880,60,1,0.9,0.012145748987854251,0.9876767676767677,58.3928428000072,7,100
0.02145748987854251,0.9,0.9217391304347826,0.0782608695652174,0.9,0.7,9,4834,106,1,0.9,0.02145748987854251,0.9783838383838384,58.3928428000072,7,100
0.02894736842105263,0.9,0.9407894736842105,0.05921052631578947,0.9,0.75,9,4797,143,1,0.9,0.02894736842105263,0.9709090909090909,58.3928428000072,7,100
0.03178137651821862,0.9,0.9457831325301205,0.05421686746987952,0.9,0.8,9,4783,157,1,0.9,0.03178137651821862,0.9680808080808081,58.3928428000072,7,100
0.07530364372469636,1.0,0.9738219895287958,0.02617801047120419,1.0,0.85,10,4568,372,0,1.0,0.07530364372469636,0.9248484848484848,58.3928428000072,7,100
0.23643724696356275,1.0,0.9915110356536503,0.008488964346349746,1.0,0.9,10,3772,1168,0,1.0,0.23643724696356275,0.7640404040404041,58.3928428000072,7,100
0.39493927125506073,1.0,0.9949005609382968,0.005099439061703213,1.0,0.95,10,2989,1951,0,1.0,0.39493927125506073,0.6058585858585859,58.3928428000072,7,100
0.9989878542510121,1.0,0.9979777553083923,0.0020222446916076846,1.0,1.0,10,5,4935,0,1.0,0.9989878542510121,0.0030303030303030303,58.3928428000072,7,100
0.0,0.2,0.0,1.0,0.2,0.05,2,4940,0,8,0.2,0.0,0.9983838383838384,58.92413679999299,8,100
0.00020242914979757084,0.2,0.3333333333333333,0.6666666666666666,0.2,0.1,2,4939,1,8,0.2,0.00020242914979757084,0.9981818181818182,58.92413679999299,8,100
0.00020242914979757084,0.2,0.3333333333333333,0.6666666666666666,0.2,0.15,2,4939,1,8,0.2,0.00020242914979757084,0.9981818181818182,58.92413679999299,8,100
0.00020242914979757084,0.2,0.3333333333333333,0.6666666666666666,0.2,0.2,2,4939,1,8,0.2,0.00020242914979757084,0.9981818181818182,58.92413679999299,8,100
0.0004048582995951417,0.3,0.4,0.6,0.3,0.25,3,4938,2,7,0.3,0.0004048582995951417,0.9981818181818182,58.92413679999299,8,100
0.0004048582995951417,0.3,0.4,0.6,0.3,0.3,3,4938,2,7,0.3,0.0004048582995951417,0.9981818181818182,58.92413679999299,8,100
0.0006072874493927126,0.4,0.42857142857142855,0.5714285714285714,0.4,0.35,4,4937,3,6,0.4,0.0006072874493927126,0.9981818181818182,58.92413679999299,8,100
0.0006072874493927126,0.4,0.42857142857142855,0.5714285714285714,0.4,0.4,4,4937,3,6,0.4,0.0006072874493927126,0.9981818181818182,58.92413679999299,8,100
0.0006072874493927126,0.4,0.42857142857142855,0.5714285714285714,0.4,0.45,4,4937,3,6,0.4,0.0006072874493927126,0.9981818181818182,58.92413679999299,8,100
0.0006072874493927126,0.4,0.42857142857142855,0.5714285714285714,0.4,0.5,4,4937,3,6,0.4,0.0006072874493927126,0.9981818181818182,58.92413679999299,8,100
0.0006072874493927126,0.4,0.42857142857142855,0.5714285714285714,0.4,0.55,4,4937,3,6,0.4,0.0006072874493927126,0.9981818181818182,58.92413679999299,8,100
0.0006072874493927126,0.4,0.42857142857142855,0.5714285714285714,0.4,0.6,4,4937,3,6,0.4,0.0006072874493927126,0.9981818181818182,58.92413679999299,8,100
0.0010121457489878543,0.4,0.5555555555555556,0.4444444444444444,0.4,0.65,4,4935,5,6,0.4,0.0010121457489878543,0.9977777777777778,58.92413679999299,8,100
0.0010121457489878543,0.4,0.5555555555555556,0.4444444444444444,0.4,0.7,4,4935,5,6,0.4,0.0010121457489878543,0.9977777777777778,58.92413679999299,8,100
0.006072874493927126,0.5,0.8571428571428571,0.14285714285714285,0.5,0.75,5,4910,30,5,0.5,0.006072874493927126,0.9929292929292929,58.92413679999299,8,100
0.006275303643724696,0.5,0.8611111111111112,0.1388888888888889,0.5,0.8,5,4909,31,5,0.5,0.006275303643724696,0.9927272727272727,58.92413679999299,8,100
0.007894736842105263,0.5,0.8863636363636364,0.11363636363636363,0.5,0.85,5,4901,39,5,0.5,0.007894736842105263,0.9911111111111112,58.92413679999299,8,100
0.03340080971659919,0.6,0.9649122807017544,0.03508771929824561,0.6,0.9,6,4775,165,4,0.6,0.03340080971659919,0.9658585858585859,58.92413679999299,8,100
0.04331983805668016,0.6,0.9727272727272728,0.02727272727272727,0.6,0.95,6,4726,214,4,0.6,0.04331983805668016,0.955959595959596,58.92413679999299,8,100
0.9898785425101214,1.0,0.9979591836734694,0.0020408163265306124,1.0,1.0,10,50,4890,0,1.0,0.9898785425101214,0.012121212121212121,58.92413679999299,8,100
0.0,0.4,0.0,1.0,0.4,0.05,4,4940,0,6,0.4,0.0,0.9987878787878788,53.37607440003194,9,100
0.0,0.5,0.0,1.0,0.5,0.1,5,4940,0,5,0.5,0.0,0.998989898989899,53.37607440003194,9,100
0.0,0.5,0.0,1.0,0.5,0.15,5,4940,0,5,0.5,0.0,0.998989898989899,53.37607440003194,9,100
0.0010121457489878543,0.7,0.4166666666666667,0.5833333333333334,0.7,0.2,7,4935,5,3,0.7,0.0010121457489878543,0.9983838383838384,53.37607440003194,9,100
0.0016194331983805667,0.7,0.5333333333333333,0.4666666666666667,0.7,0.25,7,4932,8,3,0.7,0.0016194331983805667,0.9977777777777778,53.37607440003194,9,100
0.0020242914979757085,0.7,0.5882352941176471,0.4117647058823529,0.7,0.3,7,4930,10,3,0.7,0.0020242914979757085,0.9973737373737374,53.37607440003194,9,100
0.0020242914979757085,0.7,0.5882352941176471,0.4117647058823529,0.7,0.35,7,4930,10,3,0.7,0.0020242914979757085,0.9973737373737374,53.37607440003194,9,100
0.0020242914979757085,0.8,0.5555555555555556,0.4444444444444444,0.8,0.4,8,4930,10,2,0.8,0.0020242914979757085,0.9975757575757576,53.37607440003194,9,100
0.002226720647773279,0.8,0.5789473684210527,0.42105263157894735,0.8,0.45,8,4929,11,2,0.8,0.002226720647773279,0.9973737373737374,53.37607440003194,9,100
0.00465587044534413,0.9,0.71875,0.28125,0.9,0.5,9,4917,23,1,0.9,0.00465587044534413,0.9951515151515151,53.37607440003194,9,100
0.005060728744939271,0.9,0.7352941176470589,0.2647058823529412,0.9,0.55,9,4915,25,1,0.9,0.005060728744939271,0.9947474747474747,53.37607440003194,9,100
0.006275303643724696,0.9,0.775,0.225,0.9,0.6,9,4909,31,1,0.9,0.006275303643724696,0.9935353535353535,53.37607440003194,9,100
0.0072874493927125505,0.9,0.8,0.2,0.9,0.65,9,4904,36,1,0.9,0.0072874493927125505,0.9925252525252525,53.37607440003194,9,100
0.022469635627530363,0.9,0.925,0.075,0.9,0.7,9,4829,111,1,0.9,0.022469635627530363,0.9773737373737373,53.37607440003194,9,100
0.025303643724696356,0.9,0.9328358208955224,0.06716417910447761,0.9,0.75,9,4815,125,1,0.9,0.025303643724696356,0.9745454545454545,53.37607440003194,9,100
0.04473684210526316,1.0,0.9567099567099567,0.04329004329004329,1.0,0.8,10,4719,221,0,1.0,0.04473684210526316,0.9553535353535354,53.37607440003194,9,100
0.11781376518218624,1.0,0.9831081081081081,0.016891891891891893,1.0,0.85,10,4358,582,0,1.0,0.11781376518218624,0.8824242424242424,53.37607440003194,9,100
0.2180161943319838,1.0,0.9908003679852806,0.00919963201471941,1.0,0.9,10,3863,1077,0,1.0,0.2180161943319838,0.7824242424242425,53.37607440003194,9,100
0.3417004048582996,1.0,0.9941107184923439,0.005889281507656066,1.0,0.95,10,3252,1688,0,1.0,0.3417004048582996,0.658989898989899,53.37607440003194,9,100
0.9989878542510121,1.0,0.9979777553083923,0.0020222446916076846,1.0,1.0,10,5,4935,0,1.0,0.9989878542510121,0.0030303030303030303,53.37607440003194,9,100
0.0,0.7,0.0,1.0,0.7,0.05,7,4940,0,3,0.7,0.0,0.9993939393939394,47.56792299996596,10,100
0.0,0.7,0.0,1.0,0.7,0.1,7,4940,0,3,0.7,0.0,0.9993939393939394,47.56792299996596,10,100
0.00020242914979757084,0.7,0.125,0.875,0.7,0.15,7,4939,1,3,0.7,0.00020242914979757084,0.9991919191919192,47.56792299996596,10,100
0.00020242914979757084,0.7,0.125,0.875,0.7,0.2,7,4939,1,3,0.7,0.00020242914979757084,0.9991919191919192,47.56792299996596,10,100
0.0006072874493927126,0.7,0.3,0.7,0.7,0.25,7,4937,3,3,0.7,0.0006072874493927126,0.9987878787878788,47.56792299996596,10,100
0.0006072874493927126,0.7,0.3,0.7,0.7,0.3,7,4937,3,3,0.7,0.0006072874493927126,0.9987878787878788,47.56792299996596,10,100
0.0006072874493927126,0.7,0.3,0.7,0.7,0.35,7,4937,3,3,0.7,0.0006072874493927126,0.9987878787878788,47.56792299996596,10,100
0.004048582995951417,0.7,0.7407407407407407,0.25925925925925924,0.7,0.4,7,4920,20,3,0.7,0.004048582995951417,0.9953535353535353,47.56792299996596,10,100
0.005060728744939271,0.7,0.78125,0.21875,0.7,0.45,7,4915,25,3,0.7,0.005060728744939271,0.9943434343434343,47.56792299996596,10,100
0.009919028340080972,0.7,0.875,0.125,0.7,0.5,7,4891,49,3,0.7,0.009919028340080972,0.9894949494949495,47.56792299996596,10,100
0.012348178137651822,0.7,0.8970588235294118,0.10294117647058823,0.7,0.55,7,4879,61,3,0.7,0.012348178137651822,0.9870707070707071,47.56792299996596,10,100
0.017813765182186234,0.7,0.9263157894736842,0.07368421052631578,0.7,0.6,7,4852,88,3,0.7,0.017813765182186234,0.9816161616161616,47.56792299996596,10,100
0.01882591093117409,0.7,0.93,0.07,0.7,0.65,7,4847,93,3,0.7,0.01882591093117409,0.9806060606060606,47.56792299996596,10,100
0.03785425101214575,0.7,0.9639175257731959,0.03608247422680412,0.7,0.7,7,4753,187,3,0.7,0.03785425101214575,0.9616161616161616,47.56792299996596,10,100
0.05748987854251012,0.7,0.9759450171821306,0.024054982817869417,0.7,0.75,7,4656,284,3,0.7,0.05748987854251012,0.942020202020202,47.56792299996596,10,100
0.08866396761133603,0.7,0.9842696629213483,0.015730337078651686,0.7,0.8,7,4502,438,3,0.7,0.08866396761133603,0.9109090909090909,47.56792299996596,10,100
0.19149797570850202,0.8,0.9916142557651991,0.008385744234800839,0.8,0.85,8,3994,946,2,0.8,0.19149797570850202,0.8084848484848485,47.56792299996596,10,100
0.2726720647773279,0.9,0.9933628318584071,0.00663716814159292,0.9,0.9,9,3593,1347,1,0.9,0.2726720647773279,0.7276767676767677,47.56792299996596,10,100
0.3967611336032389,1.0,0.9949238578680203,0.005076142131979695,1.0,0.95,10,2980,1960,0,1.0,0.3967611336032389,0.604040404040404,47.56792299996596,10,100
0.9983805668016195,1.0,0.9979765277215702,0.0020234722784297854,1.0,1.0,10,8,4932,0,1.0,0.9983805668016195,0.0036363636363636364,47.56792299996596,10,100
0.0,0.2,0.0,1.0,0.2,0.05,2,4940,0,8,0.2,0.0,0.9983838383838384,46.30000950000249,11,100
0.0,0.2,0.0,1.0,0.2,0.1,2,4940,0,8,0.2,0.0,0.9983838383838384,46.30000950000249,11,100
0.0,0.2,0.0,1.0,0.2,0.15,2,4940,0,8,0.2,0.0,0.9983838383838384,46.30000950000249,11,100
0.0,0.2,0.0,1.0,0.2,0.2,2,4940,0,8,0.2,0.0,0.9983838383838384,46.30000950000249,11,100
0.00020242914979757084,0.2,0.3333333333333333,0.6666666666666666,0.2,0.25,2,4939,1,8,0.2,0.00020242914979757084,0.9981818181818182,46.30000950000249,11,100
0.0004048582995951417,0.2,0.5,0.5,0.2,0.3,2,4938,2,8,0.2,0.0004048582995951417,0.997979797979798,46.30000950000249,11,100
0.0004048582995951417,0.2,0.5,0.5,0.2,0.35,2,4938,2,8,0.2,0.0004048582995951417,0.997979797979798,46.30000950000249,11,100
0.0004048582995951417,0.2,0.5,0.5,0.2,0.4,2,4938,2,8,0.2,0.0004048582995951417,0.997979797979798,46.30000950000249,11,100
0.0004048582995951417,0.2,0.5,0.5,0.2,0.45,2,4938,2,8,0.2,0.0004048582995951417,0.997979797979798,46.30000950000249,11,100
0.0004048582995951417,0.2,0.5,0.5,0.2,0.5,2,4938,2,8,0.2,0.0004048582995951417,0.997979797979798,46.30000950000249,11,100
0.002226720647773279,0.4,0.7333333333333333,0.26666666666666666,0.4,0.55,4,4929,11,6,0.4,0.002226720647773279,0.9965656565656565,46.30000950000249,11,100
0.002226720647773279,0.4,0.7333333333333333,0.26666666666666666,0.4,0.6,4,4929,11,6,0.4,0.002226720647773279,0.9965656565656565,46.30000950000249,11,100
0.01437246963562753,0.5,0.9342105263157895,0.06578947368421052,0.5,0.65,5,4869,71,5,0.5,0.01437246963562753,0.9846464646464647,46.30000950000249,11,100
0.019230769230769232,0.6,0.9405940594059405,0.0594059405940594,0.6,0.7,6,4845,95,4,0.6,0.019230769230769232,0.98,46.30000950000249,11,100
0.02834008097165992,0.7,0.9523809523809523,0.047619047619047616,0.7,0.75,7,4800,140,3,0.7,0.02834008097165992,0.9711111111111111,46.30000950000249,11,100
0.04696356275303644,0.8,0.9666666666666667,0.03333333333333333,0.8,0.8,8,4708,232,2,0.8,0.04696356275303644,0.9527272727272728,46.30000950000249,11,100
0.061133603238866394,0.9,0.9710610932475884,0.028938906752411574,0.9,0.85,9,4638,302,1,0.9,0.061133603238866394,0.9387878787878788,46.30000950000249,11,100
0.09271255060728745,0.9,0.9807280513918629,0.019271948608137045,0.9,0.9,9,4482,458,1,0.9,0.09271255060728745,0.9072727272727272,46.30000950000249,11,100
0.26214574898785425,0.9,0.9930981595092024,0.006901840490797546,0.9,0.95,9,3645,1295,1,0.9,0.26214574898785425,0.7381818181818182,46.30000950000249,11,100
0.9987854251012146,1.0,0.9979773462783171,0.0020226537216828477,1.0,1.0,10,6,4934,0,1.0,0.9987854251012146,0.0032323232323232323,46.30000950000249,11,100
0.0,0.1,0.0,1.0,0.1,0.05,1,4940,0,9,0.1,0.0,0.9981818181818182,51.015742899966426,12,100
0.0,0.1,0.0,1.0,0.1,0.1,1,4940,0,9,0.1,0.0,0.9981818181818182,51.015742899966426,12,100
0.0004048582995951417,0.3,0.4,0.6,0.3,0.15,3,4938,2,7,0.3,0.0004048582995951417,0.9981818181818182,51.015742899966426,12,100
0.0004048582995951417,0.3,0.4,0.6,0.3,0.2,3,4938,2,7,0.3,0.0004048582995951417,0.9981818181818182,51.015742899966426,12,100
0.0004048582995951417,0.3,0.4,0.6,0.3,0.25,3,4938,2,7,0.3,0.0004048582995951417,0.9981818181818182,51.015742899966426,12,100
0.0004048582995951417,0.3,0.4,0.6,0.3,0.3,3,4938,2,7,0.3,0.0004048582995951417,0.9981818181818182,51.015742899966426,12,100
0.0006072874493927126,0.3,0.5,0.5,0.3,0.35,3,4937,3,7,0.3,0.0006072874493927126,0.997979797979798,51.015742899966426,12,100
0.0006072874493927126,0.3,0.5,0.5,0.3,0.4,3,4937,3,7,0.3,0.0006072874493927126,0.997979797979798,51.015742899966426,12,100
0.0016194331983805667,0.4,0.6666666666666666,0.3333333333333333,0.4,0.45,4,4932,8,6,0.4,0.0016194331983805667,0.9971717171717172,51.015742899966426,12,100
0.0018218623481781376,0.4,0.6923076923076923,0.3076923076923077,0.4,0.5,4,4931,9,6,0.4,0.0018218623481781376,0.996969696969697,51.015742899966426,12,100
0.0018218623481781376,0.4,0.6923076923076923,0.3076923076923077,0.4,0.55,4,4931,9,6,0.4,0.0018218623481781376,0.996969696969697,51.015742899966426,12,100
0.002631578947368421,0.4,0.7647058823529411,0.23529411764705882,0.4,0.6,4,4927,13,6,0.4,0.002631578947368421,0.9961616161616161,51.015742899966426,12,100
0.0036437246963562753,0.4,0.8181818181818182,0.18181818181818182,0.4,0.65,4,4922,18,6,0.4,0.0036437246963562753,0.9951515151515151,51.015742899966426,12,100
0.006882591093117409,0.6,0.85,0.15,0.6,0.7,6,4906,34,4,0.6,0.006882591093117409,0.9923232323232323,51.015742899966426,12,100
0.024493927125506073,0.6,0.952755905511811,0.047244094488188976,0.6,0.75,6,4819,121,4,0.6,0.024493927125506073,0.9747474747474747,51.015742899966426,12,100
0.029554655870445343,0.6,0.9605263157894737,0.039473684210526314,0.6,0.8,6,4794,146,4,0.6,0.029554655870445343,0.9696969696969697,51.015742899966426,12,100
0.09493927125506073,0.8,0.9832285115303984,0.016771488469601678,0.8,0.85,8,4471,469,2,0.8,0.09493927125506073,0.9048484848484849,51.015742899966426,12,100
0.2091093117408907,0.8,0.9923150816522575,0.007684918347742555,0.8,0.9,8,3907,1033,2,0.8,0.2091093117408907,0.7909090909090909,51.015742899966426,12,100
0.558502024291498,0.8,0.9971087820744489,0.0028912179255511385,0.8,0.95,8,2181,2759,2,0.8,0.558502024291498,0.44222222222222224,51.015742899966426,12,100
0.998582995951417,1.0,0.9979769370827433,0.0020230629172567267,1.0,1.0,10,7,4933,0,1.0,0.998582995951417,0.0034343434343434343,51.015742899966426,12,100
0.00020242914979757084,0.5,0.16666666666666666,0.8333333333333334,0.5,0.05,5,4939,1,5,0.5,0.00020242914979757084,0.9987878787878788,55.42412430001423,13,100
0.0008097165991902834,0.6,0.4,0.6,0.6,0.1,6,4936,4,4,0.6,0.0008097165991902834,0.9983838383838384,55.42412430001423,13,100
0.0010121457489878543,0.6,0.45454545454545453,0.5454545454545454,0.6,0.15,6,4935,5,4,0.6,0.0010121457489878543,0.9981818181818182,55.42412430001423,13,100
0.0024291497975708503,0.6,0.6666666666666666,0.3333333333333333,0.6,0.2,6,4928,12,4,0.6,0.0024291497975708503,0.9967676767676767,55.42412430001423,13,100
0.0024291497975708503,0.6,0.6666666666666666,0.3333333333333333,0.6,0.25,6,4928,12,4,0.6,0.0024291497975708503,0.9967676767676767,55.42412430001423,13,100
0.003036437246963563,0.6,0.7142857142857143,0.2857142857142857,0.6,0.3,6,4925,15,4,0.6,0.003036437246963563,0.9961616161616161,55.42412430001423,13,100
0.004251012145748988,0.6,0.7777777777777778,0.2222222222222222,0.6,0.35,6,4919,21,4,0.6,0.004251012145748988,0.9949494949494949,55.42412430001423,13,100
0.004251012145748988,0.6,0.7777777777777778,0.2222222222222222,0.6,0.4,6,4919,21,4,0.6,0.004251012145748988,0.9949494949494949,55.42412430001423,13,100
0.008097165991902834,0.6,0.8695652173913043,0.13043478260869565,0.6,0.45,6,4900,40,4,0.6,0.008097165991902834,0.9911111111111112,55.42412430001423,13,100
0.00931174089068826,0.6,0.8846153846153846,0.11538461538461539,0.6,0.5,6,4894,46,4,0.6,0.00931174089068826,0.98989898989899,55.42412430001423,13,100
0.01680161943319838,0.7,0.9222222222222223,0.07777777777777778,0.7,0.55,7,4857,83,3,0.7,0.01680161943319838,0.9826262626262626,55.42412430001423,13,100
0.01700404858299595,0.7,0.9230769230769231,0.07692307692307693,0.7,0.6,7,4856,84,3,0.7,0.01700404858299595,0.9824242424242424,55.42412430001423,13,100
0.01902834008097166,0.7,0.9306930693069307,0.06930693069306931,0.7,0.65,7,4846,94,3,0.7,0.01902834008097166,0.9804040404040404,55.42412430001423,13,100
0.026720647773279354,0.8,0.9428571428571428,0.05714285714285714,0.8,0.7,8,4808,132,2,0.8,0.026720647773279354,0.972929292929293,55.42412430001423,13,100
0.05060728744939271,0.8,0.9689922480620154,0.031007751937984496,0.8,0.75,8,4690,250,2,0.8,0.05060728744939271,0.9490909090909091,55.42412430001423,13,100
0.06538461538461539,0.8,0.9758308157099698,0.02416918429003021,0.8,0.8,8,4617,323,2,0.8,0.06538461538461539,0.9343434343434344,55.42412430001423,13,100
0.08481781376518219,0.8,0.9812646370023419,0.01873536299765808,0.8,0.85,8,4521,419,2,0.8,0.08481781376518219,0.914949494949495,55.42412430001423,13,100
0.21923076923076923,1.0,0.9908508691674291,0.009149130832570906,1.0,0.9,10,3857,1083,0,1.0,0.21923076923076923,0.7812121212121212,55.42412430001423,13,100
0.35748987854251013,1.0,0.9943693693693694,0.00563063063063063,1.0,0.95,10,3174,1766,0,1.0,0.35748987854251013,0.6432323232323233,55.42412430001423,13,100
0.9864372469635627,1.0,0.9979520786401802,0.0020479213598197828,1.0,1.0,10,67,4873,0,1.0,0.9864372469635627,0.015555555555555555,55.42412430001423,13,100
0.0,0.1,0.0,1.0,0.1,0.05,1,4940,0,9,0.1,0.0,0.9981818181818182,58.244293199968524,14,100
0.0,0.1,0.0,1.0,0.1,0.1,1,4940,0,9,0.1,0.0,0.9981818181818182,58.244293199968524,14,100
0.0,0.1,0.0,1.0,0.1,0.15,1,4940,0,9,0.1,0.0,0.9981818181818182,58.244293199968524,14,100
0.00020242914979757084,0.1,0.5,0.5,0.1,0.2,1,4939,1,9,0.1,0.00020242914979757084,0.997979797979798,58.244293199968524,14,100
0.00020242914979757084,0.1,0.5,0.5,0.1,0.25,1,4939,1,9,0.1,0.00020242914979757084,0.997979797979798,58.244293199968524,14,100
0.00020242914979757084,0.1,0.5,0.5,0.1,0.3,1,4939,1,9,0.1,0.00020242914979757084,0.997979797979798,58.244293199968524,14,100
0.00020242914979757084,0.1,0.5,0.5,0.1,0.35,1,4939,1,9,0.1,0.00020242914979757084,0.997979797979798,58.244293199968524,14,100
0.00020242914979757084,0.1,0.5,0.5,0.1,0.4,1,4939,1,9,0.1,0.00020242914979757084,0.997979797979798,58.244293199968524,14,100
0.00020242914979757084,0.1,0.5,0.5,0.1,0.45,1,4939,1,9,0.1,0.00020242914979757084,0.997979797979798,58.244293199968524,14,100
0.00020242914979757084,0.1,0.5,0.5,0.1,0.5,1,4939,1,9,0.1,0.00020242914979757084,0.997979797979798,58.244293199968524,14,100
0.00020242914979757084,0.1,0.5,0.5,0.1,0.55,1,4939,1,9,0.1,0.00020242914979757084,0.997979797979798,58.244293199968524,14,100
0.014777327935222672,0.5,0.9358974358974359,0.0641025641025641,0.5,0.6,5,4867,73,5,0.5,0.014777327935222672,0.9842424242424243,58.244293199968524,14,100
0.014777327935222672,0.5,0.9358974358974359,0.0641025641025641,0.5,0.65,5,4867,73,5,0.5,0.014777327935222672,0.9842424242424243,58.244293199968524,14,100
0.020040485829959515,0.5,0.9519230769230769,0.04807692307692308,0.5,0.7,5,4841,99,5,0.5,0.020040485829959515,0.978989898989899,58.244293199968524,14,100
0.02368421052631579,0.5,0.9590163934426229,0.040983606557377046,0.5,0.75,5,4823,117,5,0.5,0.02368421052631579,0.9753535353535353,58.244293199968524,14,100
0.024898785425101214,0.6,0.9534883720930233,0.046511627906976744,0.6,0.8,6,4817,123,4,0.6,0.024898785425101214,0.9743434343434343,58.244293199968524,14,100
0.03461538461538462,0.6,0.9661016949152542,0.03389830508474576,0.6,0.85,6,4769,171,4,0.6,0.03461538461538462,0.9646464646464646,58.244293199968524,14,100
0.1423076923076923,0.8,0.9887482419127989,0.011251758087201125,0.8,0.9,8,4237,703,2,0.8,0.1423076923076923,0.8575757575757575,58.244293199968524,14,100
0.2975708502024291,0.9,0.9939148073022313,0.006085192697768763,0.9,0.95,9,3470,1470,1,0.9,0.2975708502024291,0.7028282828282828,58.244293199968524,14,100
0.998582995951417,1.0,0.9979769370827433,0.0020230629172567267,1.0,1.0,10,7,4933,0,1.0,0.998582995951417,0.0034343434343434343,58.244293199968524,14,100
0.0,0.1,0.0,1.0,0.1,0.05,1,4940,0,9,0.1,0.0,0.9981818181818182,62.41993009997532,15,100
0.0,0.2,0.0,1.0,0.2,0.1,2,4940,0,8,0.2,0.0,0.9983838383838384,62.41993009997532,15,100
0.0,0.2,0.0,1.0,0.2,0.15,2,4940,0,8,0.2,0.0,0.9983838383838384,62.41993009997532,15,100
0.0,0.2,0.0,1.0,0.2,0.2,2,4940,0,8,0.2,0.0,0.9983838383838384,62.41993009997532,15,100
0.0,0.2,0.0,1.0,0.2,0.25,2,4940,0,8,0.2,0.0,0.9983838383838384,62.41993009997532,15,100
0.0,0.2,0.0,1.0,0.2,0.3,2,4940,0,8,0.2,0.0,0.9983838383838384,62.41993009997532,15,100
0.0,0.2,0.0,1.0,0.2,0.35,2,4940,0,8,0.2,0.0,0.9983838383838384,62.41993009997532,15,100
0.00020242914979757084,0.3,0.25,0.75,0.3,0.4,3,4939,1,7,0.3,0.00020242914979757084,0.9983838383838384,62.41993009997532,15,100
0.00020242914979757084,0.3,0.25,0.75,0.3,0.45,3,4939,1,7,0.3,0.00020242914979757084,0.9983838383838384,62.41993009997532,15,100
0.00020242914979757084,0.3,0.25,0.75,0.3,0.5,3,4939,1,7,0.3,0.00020242914979757084,0.9983838383838384,62.41993009997532,15,100
0.00020242914979757084,0.3,0.25,0.75,0.3,0.55,3,4939,1,7,0.3,0.00020242914979757084,0.9983838383838384,62.41993009997532,15,100
0.0006072874493927126,0.5,0.375,0.625,0.5,0.6,5,4937,3,5,0.5,0.0006072874493927126,0.9983838383838384,62.41993009997532,15,100
0.001417004048582996,0.6,0.5384615384615384,0.46153846153846156,0.6,0.65,6,4933,7,4,0.6,0.001417004048582996,0.9977777777777778,62.41993009997532,15,100
0.01639676113360324,0.7,0.9204545454545454,0.07954545454545454,0.7,0.7,7,4859,81,3,0.7,0.01639676113360324,0.983030303030303,62.41993009997532,15,100
0.02145748987854251,0.7,0.9380530973451328,0.061946902654867256,0.7,0.75,7,4834,106,3,0.7,0.02145748987854251,0.977979797979798,62.41993009997532,15,100
0.08238866396761134,0.9,0.9783653846153846,0.021634615384615384,0.9,0.8,9,4533,407,1,0.9,0.08238866396761134,0.9175757575757576,62.41993009997532,15,100
0.11740890688259109,0.9,0.9847198641765704,0.015280135823429542,0.9,0.85,9,4360,580,1,0.9,0.11740890688259109,0.8826262626262626,62.41993009997532,15,100
0.16923076923076924,1.0,0.9881796690307328,0.01182033096926714,1.0,0.9,10,4104,836,0,1.0,0.16923076923076924,0.8311111111111111,62.41993009997532,15,100
0.42327935222672064,1.0,0.9952403617325083,0.00475963826749167,1.0,0.95,10,2849,2091,0,1.0,0.42327935222672064,0.5775757575757576,62.41993009997532,15,100
0.9989878542510121,1.0,0.9979777553083923,0.0020222446916076846,1.0,1.0,10,5,4935,0,1.0,0.9989878542510121,0.0030303030303030303,62.41993009997532,15,100
0.0,0.2,0.0,1.0,0.2,0.05,2,4940,0,8,0.2,0.0,0.9983838383838384,58.21206799999345,16,100
0.0,0.2,0.0,1.0,0.2,0.1,2,4940,0,8,0.2,0.0,0.9983838383838384,58.21206799999345,16,100
0.0,0.3,0.0,1.0,0.3,0.15,3,4940,0,7,0.3,0.0,0.9985858585858586,58.21206799999345,16,100
0.0,0.3,0.0,1.0,0.3,0.2,3,4940,0,7,0.3,0.0,0.9985858585858586,58.21206799999345,16,100
0.0,0.3,0.0,1.0,0.3,0.25,3,4940,0,7,0.3,0.0,0.9985858585858586,58.21206799999345,16,100
0.00020242914979757084,0.3,0.25,0.75,0.3,0.3,3,4939,1,7,0.3,0.00020242914979757084,0.9983838383838384,58.21206799999345,16,100
0.00020242914979757084,0.3,0.25,0.75,0.3,0.35,3,4939,1,7,0.3,0.00020242914979757084,0.9983838383838384,58.21206799999345,16,100
0.0008097165991902834,0.3,0.5714285714285714,0.42857142857142855,0.3,0.4,3,4936,4,7,0.3,0.0008097165991902834,0.9977777777777778,58.21206799999345,16,100
0.001417004048582996,0.3,0.7,0.3,0.3,0.45,3,4933,7,7,0.3,0.001417004048582996,0.9971717171717172,58.21206799999345,16,100
0.004251012145748988,0.3,0.875,0.125,0.3,0.5,3,4919,21,7,0.3,0.004251012145748988,0.9943434343434343,58.21206799999345,16,100
0.006882591093117409,0.4,0.8947368421052632,0.10526315789473684,0.4,0.55,4,4906,34,6,0.4,0.006882591093117409,0.9919191919191919,58.21206799999345,16,100
0.02631578947368421,0.6,0.9558823529411765,0.04411764705882353,0.6,0.6,6,4810,130,4,0.6,0.02631578947368421,0.972929292929293,58.21206799999345,16,100
0.02813765182186235,0.8,0.9455782312925171,0.05442176870748299,0.8,0.65,8,4801,139,2,0.8,0.02813765182186235,0.9715151515151516,58.21206799999345,16,100
0.03299595141700405,0.8,0.9532163742690059,0.04678362573099415,0.8,0.7,8,4777,163,2,0.8,0.03299595141700405,0.9666666666666667,58.21206799999345,16,100
0.04008097165991903,0.8,0.9611650485436893,0.038834951456310676,0.8,0.75,8,4742,198,2,0.8,0.04008097165991903,0.9595959595959596,58.21206799999345,16,100
0.04595141700404858,0.8,0.9659574468085106,0.03404255319148936,0.8,0.8,8,4713,227,2,0.8,0.04595141700404858,0.9537373737373738,58.21206799999345,16,100
0.07550607287449393,0.8,0.979002624671916,0.02099737532808399,0.8,0.85,8,4567,373,2,0.8,0.07550607287449393,0.9242424242424242,58.21206799999345,16,100
0.10242914979757085,0.8,0.9844357976653697,0.01556420233463035,0.8,0.9,8,4434,506,2,0.8,0.10242914979757085,0.8973737373737374,58.21206799999345,16,100
0.33987854251012145,0.9,0.9946682464454977,0.00533175355450237,0.9,0.95,9,3261,1679,1,0.9,0.33987854251012145,0.6606060606060606,58.21206799999345,16,100
0.9933198380566801,1.0,0.9979662395769778,0.002033760423022168,1.0,1.0,10,33,4907,0,1.0,0.9933198380566801,0.008686868686868687,58.21206799999345,16,100
0.0,0.0,0.0,,0.0,0.05,0,4940,0,10,0.0,0.0,0.997979797979798,53.15087210002821,17,100
0.0,0.0,0.0,,0.0,0.1,0,4940,0,10,0.0,0.0,0.997979797979798,53.15087210002821,17,100
0.0004048582995951417,0.3,0.4,0.6,0.3,0.15,3,4938,2,7,0.3,0.0004048582995951417,0.9981818181818182,53.15087210002821,17,100
0.0004048582995951417,0.3,0.4,0.6,0.3,0.2,3,4938,2,7,0.3,0.0004048582995951417,0.9981818181818182,53.15087210002821,17,100
0.0006072874493927126,0.3,0.5,0.5,0.3,0.25,3,4937,3,7,0.3,0.0006072874493927126,0.997979797979798,53.15087210002821,17,100
0.0006072874493927126,0.3,0.5,0.5,0.3,0.3,3,4937,3,7,0.3,0.0006072874493927126,0.997979797979798,53.15087210002821,17,100
0.0010121457489878543,0.4,0.5555555555555556,0.4444444444444444,0.4,0.35,4,4935,5,6,0.4,0.0010121457489878543,0.9977777777777778,53.15087210002821,17,100
0.0012145748987854252,0.4,0.6,0.4,0.4,0.4,4,4934,6,6,0.4,0.0012145748987854252,0.9975757575757576,53.15087210002821,17,100
0.0012145748987854252,0.4,0.6,0.4,0.4,0.45,4,4934,6,6,0.4,0.0012145748987854252,0.9975757575757576,53.15087210002821,17,100
0.001417004048582996,0.5,0.5833333333333334,0.4166666666666667,0.5,0.5,5,4933,7,5,0.5,0.001417004048582996,0.9975757575757576,53.15087210002821,17,100
0.0018218623481781376,0.5,0.6428571428571429,0.35714285714285715,0.5,0.55,5,4931,9,5,0.5,0.0018218623481781376,0.9971717171717172,53.15087210002821,17,100
0.0018218623481781376,0.5,0.6428571428571429,0.35714285714285715,0.5,0.6,5,4931,9,5,0.5,0.0018218623481781376,0.9971717171717172,53.15087210002821,17,100
0.0020242914979757085,0.5,0.6666666666666666,0.3333333333333333,0.5,0.65,5,4930,10,5,0.5,0.0020242914979757085,0.996969696969697,53.15087210002821,17,100
0.002631578947368421,0.6,0.6842105263157895,0.3157894736842105,0.6,0.7,6,4927,13,4,0.6,0.002631578947368421,0.9965656565656565,53.15087210002821,17,100
0.0072874493927125505,0.7,0.8372093023255814,0.16279069767441862,0.7,0.75,7,4904,36,3,0.7,0.0072874493927125505,0.9921212121212121,53.15087210002821,17,100
0.008906882591093117,0.9,0.8301886792452831,0.16981132075471697,0.9,0.8,9,4896,44,1,0.9,0.008906882591093117,0.990909090909091,53.15087210002821,17,100
0.04878542510121457,0.9,0.964,0.036,0.9,0.85,9,4699,241,1,0.9,0.04878542510121457,0.9511111111111111,53.15087210002821,17,100
0.11680161943319838,1.0,0.9829642248722317,0.017035775127768313,1.0,0.9,10,4363,577,0,1.0,0.11680161943319838,0.8834343434343435,53.15087210002821,17,100
0.4002024291497976,1.0,0.9949672873678913,0.0050327126321087065,1.0,0.95,10,2963,1977,0,1.0,0.4002024291497976,0.6006060606060606,53.15087210002821,17,100
0.9811740890688259,1.0,0.997941115915174,0.0020588840848260242,1.0,1.0,10,93,4847,0,1.0,0.9811740890688259,0.020808080808080807,53.15087210002821,17,100
0.00020242914979757084,0.5,0.16666666666666666,0.8333333333333334,0.5,0.05,5,4939,1,5,0.5,0.00020242914979757084,0.9987878787878788,48.616034299950115,18,100
0.0006072874493927126,0.5,0.375,0.625,0.5,0.1,5,4937,3,5,0.5,0.0006072874493927126,0.9983838383838384,48.616034299950115,18,100
0.0008097165991902834,0.6,0.4,0.6,0.6,0.15,6,4936,4,4,0.6,0.0008097165991902834,0.9983838383838384,48.616034299950115,18,100
0.0008097165991902834,0.6,0.4,0.6,0.6,0.2,6,4936,4,4,0.6,0.0008097165991902834,0.9983838383838384,48.616034299950115,18,100
0.0012145748987854252,0.6,0.5,0.5,0.6,0.25,6,4934,6,4,0.6,0.0012145748987854252,0.997979797979798,48.616034299950115,18,100
0.001417004048582996,0.6,0.5384615384615384,0.46153846153846156,0.6,0.3,6,4933,7,4,0.6,0.001417004048582996,0.9977777777777778,48.616034299950115,18,100
0.0016194331983805667,0.6,0.5714285714285714,0.42857142857142855,0.6,0.35,6,4932,8,4,0.6,0.0016194331983805667,0.9975757575757576,48.616034299950115,18,100
0.0020242914979757085,0.6,0.625,0.375,0.6,0.4,6,4930,10,4,0.6,0.0020242914979757085,0.9971717171717172,48.616034299950115,18,100
0.0036437246963562753,0.7,0.72,0.28,0.7,0.45,7,4922,18,3,0.7,0.0036437246963562753,0.9957575757575757,48.616034299950115,18,100
0.0038461538461538464,0.7,0.7307692307692307,0.2692307692307692,0.7,0.5,7,4921,19,3,0.7,0.0038461538461538464,0.9955555555555555,48.616034299950115,18,100
0.010931174089068825,0.7,0.8852459016393442,0.11475409836065574,0.7,0.55,7,4886,54,3,0.7,0.010931174089068825,0.9884848484848485,48.616034299950115,18,100
0.022469635627530363,0.9,0.925,0.075,0.9,0.6,9,4829,111,1,0.9,0.022469635627530363,0.9773737373737373,48.616034299950115,18,100
0.024291497975708502,0.9,0.9302325581395349,0.06976744186046512,0.9,0.65,9,4820,120,1,0.9,0.024291497975708502,0.9755555555555555,48.616034299950115,18,100
0.032388663967611336,0.9,0.9467455621301775,0.05325443786982249,0.9,0.7,9,4780,160,1,0.9,0.032388663967611336,0.9674747474747475,48.616034299950115,18,100
0.04149797570850203,0.9,0.9579439252336449,0.04205607476635514,0.9,0.75,9,4735,205,1,0.9,0.04149797570850203,0.9583838383838383,48.616034299950115,18,100
0.054048582995951416,0.9,0.967391304347826,0.03260869565217391,0.9,0.8,9,4673,267,1,0.9,0.054048582995951416,0.9458585858585858,48.616034299950115,18,100
0.07935222672064778,0.9,0.9775561097256857,0.022443890274314215,0.9,0.85,9,4548,392,1,0.9,0.07935222672064778,0.9206060606060606,48.616034299950115,18,100
0.15931174089068825,0.9,0.9886934673366834,0.011306532663316583,0.9,0.9,9,4153,787,1,0.9,0.15931174089068825,0.8408080808080808,48.616034299950115,18,100
0.21558704453441296,1.0,0.9906976744186047,0.009302325581395349,1.0,0.95,10,3875,1065,0,1.0,0.21558704453441296,0.7848484848484848,48.616034299950115,18,100
0.998582995951417,1.0,0.9979769370827433,0.0020230629172567267,1.0,1.0,10,7,4933,0,1.0,0.998582995951417,0.0034343434343434343,48.616034299950115,18,100
0.0,0.5,0.0,1.0,0.5,0.05,5,4940,0,5,0.5,0.0,0.998989898989899,44.46518329996616,19,100
0.0,0.5,0.0,1.0,0.5,0.1,5,4940,0,5,0.5,0.0,0.998989898989899,44.46518329996616,19,100
0.0,0.5,0.0,1.0,0.5,0.15,5,4940,0,5,0.5,0.0,0.998989898989899,44.46518329996616,19,100
0.0,0.5,0.0,1.0,0.5,0.2,5,4940,0,5,0.5,0.0,0.998989898989899,44.46518329996616,19,100
0.00020242914979757084,0.5,0.16666666666666666,0.8333333333333334,0.5,0.25,5,4939,1,5,0.5,0.00020242914979757084,0.9987878787878788,44.46518329996616,19,100
0.00020242914979757084,0.5,0.16666666666666666,0.8333333333333334,0.5,0.3,5,4939,1,5,0.5,0.00020242914979757084,0.9987878787878788,44.46518329996616,19,100
0.00020242914979757084,0.5,0.16666666666666666,0.8333333333333334,0.5,0.35,5,4939,1,5,0.5,0.00020242914979757084,0.9987878787878788,44.46518329996616,19,100
0.00020242914979757084,0.5,0.16666666666666666,0.8333333333333334,0.5,0.4,5,4939,1,5,0.5,0.00020242914979757084,0.9987878787878788,44.46518329996616,19,100
0.002226720647773279,0.5,0.6875,0.3125,0.5,0.45,5,4929,11,5,0.5,0.002226720647773279,0.9967676767676767,44.46518329996616,19,100
0.002226720647773279,0.5,0.6875,0.3125,0.5,0.5,5,4929,11,5,0.5,0.002226720647773279,0.9967676767676767,44.46518329996616,19,100
0.0024291497975708503,0.5,0.7058823529411765,0.29411764705882354,0.5,0.55,5,4928,12,5,0.5,0.0024291497975708503,0.9965656565656565,44.46518329996616,19,100
0.0032388663967611335,0.5,0.7619047619047619,0.23809523809523808,0.5,0.6,5,4924,16,5,0.5,0.0032388663967611335,0.9957575757575757,44.46518329996616,19,100
0.0034412955465587046,0.6,0.7391304347826086,0.2608695652173913,0.6,0.65,6,4923,17,4,0.6,0.0034412955465587046,0.9957575757575757,44.46518329996616,19,100
0.0034412955465587046,0.6,0.7391304347826086,0.2608695652173913,0.6,0.7,6,4923,17,4,0.6,0.0034412955465587046,0.9957575757575757,44.46518329996616,19,100
0.0034412955465587046,0.6,0.7391304347826086,0.2608695652173913,0.6,0.75,6,4923,17,4,0.6,0.0034412955465587046,0.9957575757575757,44.46518329996616,19,100
0.0034412955465587046,0.6,0.7391304347826086,0.2608695652173913,0.6,0.8,6,4923,17,4,0.6,0.0034412955465587046,0.9957575757575757,44.46518329996616,19,100
0.0034412955465587046,0.6,0.7391304347826086,0.2608695652173913,0.6,0.85,6,4923,17,4,0.6,0.0034412955465587046,0.9957575757575757,44.46518329996616,19,100
0.0072874493927125505,0.6,0.8571428571428571,0.14285714285714285,0.6,0.9,6,4904,36,4,0.6,0.0072874493927125505,0.9919191919191919,44.46518329996616,19,100
0.024898785425101214,0.7,0.9461538461538461,0.05384615384615385,0.7,0.95,7,4817,123,3,0.7,0.024898785425101214,0.9745454545454545,44.46518329996616,19,100
0.5417004048582996,1.0,0.996276991809382,0.0037230081906180195,1.0,1.0,10,2264,2676,0,1.0,0.5417004048582996,0.4593939393939394,44.46518329996616,19,100
0.0,0.1,0.0,1.0,0.1,0.05,1,4940,0,9,0.1,0.0,0.9981818181818182,50.86682130000554,20,100
0.0004048582995951417,0.1,0.6666666666666666,0.3333333333333333,0.1,0.1,1,4938,2,9,0.1,0.0004048582995951417,0.9977777777777778,50.86682130000554,20,100
0.0004048582995951417,0.1,0.6666666666666666,0.3333333333333333,0.1,0.15,1,4938,2,9,0.1,0.0004048582995951417,0.9977777777777778,50.86682130000554,20,100
0.0006072874493927126,0.1,0.75,0.25,0.1,0.2,1,4937,3,9,0.1,0.0006072874493927126,0.9975757575757576,50.86682130000554,20,100
0.0008097165991902834,0.1,0.8,0.2,0.1,0.25,1,4936,4,9,0.1,0.0008097165991902834,0.9973737373737374,50.86682130000554,20,100
0.0010121457489878543,0.5,0.5,0.5,0.5,0.3,5,4935,5,5,0.5,0.0010121457489878543,0.997979797979798,50.86682130000554,20,100
0.0010121457489878543,0.5,0.5,0.5,0.5,0.35,5,4935,5,5,0.5,0.0010121457489878543,0.997979797979798,50.86682130000554,20,100
0.0012145748987854252,0.5,0.5454545454545454,0.45454545454545453,0.5,0.4,5,4934,6,5,0.5,0.0012145748987854252,0.9977777777777778,50.86682130000554,20,100
0.001417004048582996,0.5,0.5833333333333334,0.4166666666666667,0.5,0.45,5,4933,7,5,0.5,0.001417004048582996,0.9975757575757576,50.86682130000554,20,100
0.0016194331983805667,0.5,0.6153846153846154,0.38461538461538464,0.5,0.5,5,4932,8,5,0.5,0.0016194331983805667,0.9973737373737374,50.86682130000554,20,100
0.002226720647773279,0.6,0.6470588235294118,0.35294117647058826,0.6,0.55,6,4929,11,4,0.6,0.002226720647773279,0.996969696969697,50.86682130000554,20,100
0.00708502024291498,0.7,0.8333333333333334,0.16666666666666666,0.7,0.6,7,4905,35,3,0.7,0.00708502024291498,0.9923232323232323,50.86682130000554,20,100
0.008097165991902834,0.8,0.8333333333333334,0.16666666666666666,0.8,0.65,8,4900,40,2,0.8,0.008097165991902834,0.9915151515151515,50.86682130000554,20,100
0.009716599190283401,0.8,0.8571428571428571,0.14285714285714285,0.8,0.7,8,4892,48,2,0.8,0.009716599190283401,0.98989898989899,50.86682130000554,20,100
0.015587044534412956,0.8,0.9058823529411765,0.09411764705882353,0.8,0.75,8,4863,77,2,0.8,0.015587044534412956,0.984040404040404,50.86682130000554,20,100
0.01680161943319838,0.8,0.9120879120879121,0.08791208791208792,0.8,0.8,8,4857,83,2,0.8,0.01680161943319838,0.9828282828282828,50.86682130000554,20,100
0.06538461538461539,0.9,0.9728915662650602,0.02710843373493976,0.9,0.85,9,4617,323,1,0.9,0.06538461538461539,0.9345454545454546,50.86682130000554,20,100
0.15202429149797572,0.9,0.9881578947368421,0.011842105263157895,0.9,0.9,9,4189,751,1,0.9,0.15202429149797572,0.8480808080808081,50.86682130000554,20,100
0.3493927125506073,1.0,0.9942396313364056,0.00576036866359447,1.0,0.95,10,3214,1726,0,1.0,0.3493927125506073,0.6513131313131313,50.86682130000554,20,100
0.9967611336032388,1.0,0.9979732468585326,0.002026753141467369,1.0,1.0,10,16,4924,0,1.0,0.9967611336032388,0.0052525252525252525,50.86682130000554,20,100
0.00020242914979757084,0.3,0.25,0.75,0.3,0.05,3,4939,1,7,0.3,0.00020242914979757084,0.9983838383838384,59.62576009996701,21,100
0.0004048582995951417,0.4,0.3333333333333333,0.6666666666666666,0.4,0.1,4,4938,2,6,0.4,0.0004048582995951417,0.9983838383838384,59.62576009996701,21,100
0.0004048582995951417,0.4,0.3333333333333333,0.6666666666666666,0.4,0.15,4,4938,2,6,0.4,0.0004048582995951417,0.9983838383838384,59.62576009996701,21,100
0.0004048582995951417,0.4,0.3333333333333333,0.6666666666666666,0.4,0.2,4,4938,2,6,0.4,0.0004048582995951417,0.9983838383838384,59.62576009996701,21,100
0.0008097165991902834,0.4,0.5,0.5,0.4,0.25,4,4936,4,6,0.4,0.0008097165991902834,0.997979797979798,59.62576009996701,21,100
0.001417004048582996,0.4,0.6363636363636364,0.36363636363636365,0.4,0.3,4,4933,7,6,0.4,0.001417004048582996,0.9973737373737374,59.62576009996701,21,100
0.002226720647773279,0.4,0.7333333333333333,0.26666666666666666,0.4,0.35,4,4929,11,6,0.4,0.002226720647773279,0.9965656565656565,59.62576009996701,21,100
0.002226720647773279,0.4,0.7333333333333333,0.26666666666666666,0.4,0.4,4,4929,11,6,0.4,0.002226720647773279,0.9965656565656565,59.62576009996701,21,100
0.0024291497975708503,0.4,0.75,0.25,0.4,0.45,4,4928,12,6,0.4,0.0024291497975708503,0.9963636363636363,59.62576009996701,21,100
0.005870445344129555,0.5,0.8529411764705882,0.14705882352941177,0.5,0.5,5,4911,29,5,0.5,0.005870445344129555,0.9931313131313131,59.62576009996701,21,100
0.010323886639676113,0.5,0.9107142857142857,0.08928571428571429,0.5,0.55,5,4889,51,5,0.5,0.010323886639676113,0.9886868686868687,59.62576009996701,21,100
0.014777327935222672,0.6,0.9240506329113924,0.0759493670886076,0.6,0.6,6,4867,73,4,0.6,0.014777327935222672,0.9844444444444445,59.62576009996701,21,100
0.020242914979757085,0.8,0.9259259259259259,0.07407407407407407,0.8,0.65,8,4840,100,2,0.8,0.020242914979757085,0.9793939393939394,59.62576009996701,21,100
0.02631578947368421,0.8,0.9420289855072463,0.057971014492753624,0.8,0.7,8,4810,130,2,0.8,0.02631578947368421,0.9733333333333334,59.62576009996701,21,100
0.05506072874493927,0.9,0.9679715302491103,0.03202846975088968,0.9,0.75,9,4668,272,1,0.9,0.05506072874493927,0.9448484848484848,59.62576009996701,21,100
0.13097165991902834,0.9,0.9862804878048781,0.013719512195121951,0.9,0.8,9,4293,647,1,0.9,0.13097165991902834,0.8690909090909091,59.62576009996701,21,100
0.2479757085020243,1.0,0.9919028340080972,0.008097165991902834,1.0,0.85,10,3715,1225,0,1.0,0.2479757085020243,0.7525252525252525,59.62576009996701,21,100
0.2959514170040486,1.0,0.9932065217391305,0.006793478260869565,1.0,0.9,10,3478,1462,0,1.0,0.2959514170040486,0.7046464646464646,59.62576009996701,21,100
0.4951417004048583,1.0,0.995928338762215,0.004071661237785016,1.0,0.95,10,2494,2446,0,1.0,0.4951417004048583,0.5058585858585859,59.62576009996701,21,100
0.9991902834008097,1.0,0.9979781641730692,0.0020218358269308533,1.0,1.0,10,4,4936,0,1.0,0.9991902834008097,0.0028282828282828283,59.62576009996701,21,100
0.0,0.1,0.0,1.0,0.1,0.05,1,4940,0,9,0.1,0.0,0.9981818181818182,58.320001199957915,22,100
0.0,0.1,0.0,1.0,0.1,0.1,1,4940,0,9,0.1,0.0,0.9981818181818182,58.320001199957915,22,100
0.0,0.2,0.0,1.0,0.2,0.15,2,4940,0,8,0.2,0.0,0.9983838383838384,58.320001199957915,22,100
0.0,0.2,0.0,1.0,0.2,0.2,2,4940,0,8,0.2,0.0,0.9983838383838384,58.320001199957915,22,100
0.0,0.2,0.0,1.0,0.2,0.25,2,4940,0,8,0.2,0.0,0.9983838383838384,58.320001199957915,22,100
0.0,0.2,0.0,1.0,0.2,0.3,2,4940,0,8,0.2,0.0,0.9983838383838384,58.320001199957915,22,100
0.0,0.2,0.0,1.0,0.2,0.35,2,4940,0,8,0.2,0.0,0.9983838383838384,58.320001199957915,22,100
0.0,0.2,0.0,1.0,0.2,0.4,2,4940,0,8,0.2,0.0,0.9983838383838384,58.320001199957915,22,100
0.0,0.2,0.0,1.0,0.2,0.45,2,4940,0,8,0.2,0.0,0.9983838383838384,58.320001199957915,22,100
0.0018218623481781376,0.3,0.75,0.25,0.3,0.5,3,4931,9,7,0.3,0.0018218623481781376,0.9967676767676767,58.320001199957915,22,100
0.0018218623481781376,0.3,0.75,0.25,0.3,0.55,3,4931,9,7,0.3,0.0018218623481781376,0.9967676767676767,58.320001199957915,22,100
0.0018218623481781376,0.3,0.75,0.25,0.3,0.6,3,4931,9,7,0.3,0.0018218623481781376,0.9967676767676767,58.320001199957915,22,100
0.0018218623481781376,0.3,0.75,0.25,0.3,0.65,3,4931,9,7,0.3,0.0018218623481781376,0.9967676767676767,58.320001199957915,22,100
0.0018218623481781376,0.3,0.75,0.25,0.3,0.7,3,4931,9,7,0.3,0.0018218623481781376,0.9967676767676767,58.320001199957915,22,100
0.0018218623481781376,0.3,0.75,0.25,0.3,0.75,3,4931,9,7,0.3,0.0018218623481781376,0.9967676767676767,58.320001199957915,22,100
0.0024291497975708503,0.4,0.75,0.25,0.4,0.8,4,4928,12,6,0.4,0.0024291497975708503,0.9963636363636363,58.320001199957915,22,100
0.005263157894736842,0.4,0.8666666666666667,0.13333333333333333,0.4,0.85,4,4914,26,6,0.4,0.005263157894736842,0.9935353535353535,58.320001199957915,22,100
0.005870445344129555,0.6,0.8285714285714286,0.17142857142857143,0.6,0.9,6,4911,29,4,0.6,0.005870445344129555,0.9933333333333333,58.320001199957915,22,100
0.006072874493927126,0.6,0.8333333333333334,0.16666666666666666,0.6,0.95,6,4910,30,4,0.6,0.006072874493927126,0.9931313131313131,58.320001199957915,22,100
0.9967611336032388,1.0,0.9979732468585326,0.002026753141467369,1.0,1.0,10,16,4924,0,1.0,0.9967611336032388,0.0052525252525252525,58.320001199957915,22,100
0.00020242914979757084,0.3,0.25,0.75,0.3,0.05,3,4939,1,7,0.3,0.00020242914979757084,0.9983838383838384,56.59904020000249,23,100
0.00020242914979757084,0.4,0.2,0.8,0.4,0.1,4,4939,1,6,0.4,0.00020242914979757084,0.9985858585858586,56.59904020000249,23,100
0.0008097165991902834,0.4,0.5,0.5,0.4,0.15,4,4936,4,6,0.4,0.0008097165991902834,0.997979797979798,56.59904020000249,23,100
0.0008097165991902834,0.4,0.5,0.5,0.4,0.2,4,4936,4,6,0.4,0.0008097165991902834,0.997979797979798,56.59904020000249,23,100
0.0012145748987854252,0.5,0.5454545454545454,0.45454545454545453,0.5,0.25,5,4934,6,5,0.5,0.0012145748987854252,0.9977777777777778,56.59904020000249,23,100
0.0024291497975708503,0.6,0.6666666666666666,0.3333333333333333,0.6,0.3,6,4928,12,4,0.6,0.0024291497975708503,0.9967676767676767,56.59904020000249,23,100
0.002631578947368421,0.6,0.6842105263157895,0.3157894736842105,0.6,0.35,6,4927,13,4,0.6,0.002631578947368421,0.9965656565656565,56.59904020000249,23,100
0.002631578947368421,0.6,0.6842105263157895,0.3157894736842105,0.6,0.4,6,4927,13,4,0.6,0.002631578947368421,0.9965656565656565,56.59904020000249,23,100
0.005060728744939271,0.6,0.8064516129032258,0.1935483870967742,0.6,0.45,6,4915,25,4,0.6,0.005060728744939271,0.9941414141414141,56.59904020000249,23,100
0.011336032388663968,0.6,0.9032258064516129,0.0967741935483871,0.6,0.5,6,4884,56,4,0.6,0.011336032388663968,0.9878787878787879,56.59904020000249,23,100
0.013967611336032389,0.6,0.92,0.08,0.6,0.55,6,4871,69,4,0.6,0.013967611336032389,0.9852525252525253,56.59904020000249,23,100
0.015991902834008098,0.6,0.9294117647058824,0.07058823529411765,0.6,0.6,6,4861,79,4,0.6,0.015991902834008098,0.9832323232323232,56.59904020000249,23,100
0.02327935222672065,0.6,0.9504132231404959,0.049586776859504134,0.6,0.65,6,4825,115,4,0.6,0.02327935222672065,0.9759595959595959,56.59904020000249,23,100
0.03825910931174089,0.7,0.9642857142857143,0.03571428571428571,0.7,0.7,7,4751,189,3,0.7,0.03825910931174089,0.9612121212121212,56.59904020000249,23,100
0.043927125506072875,0.8,0.9644444444444444,0.035555555555555556,0.8,0.75,8,4723,217,2,0.8,0.043927125506072875,0.9557575757575758,56.59904020000249,23,100
0.09109311740890688,1.0,0.9782608695652174,0.021739130434782608,1.0,0.8,10,4490,450,0,1.0,0.09109311740890688,0.9090909090909091,56.59904020000249,23,100
0.1805668016194332,1.0,0.9889135254988913,0.011086474501108648,1.0,0.85,10,4048,892,0,1.0,0.1805668016194332,0.8197979797979797,56.59904020000249,23,100
0.2623481781376518,1.0,0.9923430321592649,0.007656967840735069,1.0,0.9,10,3644,1296,0,1.0,0.2623481781376518,0.7381818181818182,56.59904020000249,23,100
0.42267206477732794,1.0,0.9952335557673975,0.004766444232602479,1.0,0.95,10,2852,2088,0,1.0,0.42267206477732794,0.5781818181818181,56.59904020000249,23,100
0.9971659919028341,1.0,0.9979740680713128,0.002025931928687196,1.0,1.0,10,14,4926,0,1.0,0.9971659919028341,0.0048484848484848485,56.59904020000249,23,100
0.0,0.2,0.0,1.0,0.2,0.05,2,4940,0,8,0.2,0.0,0.9983838383838384,50.14818010001909,24,100
0.0004048582995951417,0.4,0.3333333333333333,0.6666666666666666,0.4,0.1,4,4938,2,6,0.4,0.0004048582995951417,0.9983838383838384,50.14818010001909,24,100
0.0004048582995951417,0.4,0.3333333333333333,0.6666666666666666,0.4,0.15,4,4938,2,6,0.4,0.0004048582995951417,0.9983838383838384,50.14818010001909,24,100
0.0006072874493927126,0.4,0.42857142857142855,0.5714285714285714,0.4,0.2,4,4937,3,6,0.4,0.0006072874493927126,0.9981818181818182,50.14818010001909,24,100
0.0006072874493927126,0.4,0.42857142857142855,0.5714285714285714,0.4,0.25,4,4937,3,6,0.4,0.0006072874493927126,0.9981818181818182,50.14818010001909,24,100
0.0006072874493927126,0.4,0.42857142857142855,0.5714285714285714,0.4,0.3,4,4937,3,6,0.4,0.0006072874493927126,0.9981818181818182,50.14818010001909,24,100
0.0010121457489878543,0.4,0.5555555555555556,0.4444444444444444,0.4,0.35,4,4935,5,6,0.4,0.0010121457489878543,0.9977777777777778,50.14818010001909,24,100
0.0020242914979757085,0.5,0.6666666666666666,0.3333333333333333,0.5,0.4,5,4930,10,5,0.5,0.0020242914979757085,0.996969696969697,50.14818010001909,24,100
0.002226720647773279,0.5,0.6875,0.3125,0.5,0.45,5,4929,11,5,0.5,0.002226720647773279,0.9967676767676767,50.14818010001909,24,100
0.004858299595141701,0.5,0.8275862068965517,0.1724137931034483,0.5,0.5,5,4916,24,5,0.5,0.004858299595141701,0.9941414141414141,50.14818010001909,24,100
0.005668016194331984,0.5,0.8484848484848485,0.15151515151515152,0.5,0.55,5,4912,28,5,0.5,0.005668016194331984,0.9933333333333333,50.14818010001909,24,100
0.00708502024291498,0.6,0.8536585365853658,0.14634146341463414,0.6,0.6,6,4905,35,4,0.6,0.00708502024291498,0.9921212121212121,50.14818010001909,24,100
0.007489878542510121,0.6,0.8604651162790697,0.13953488372093023,0.6,0.65,6,4903,37,4,0.6,0.007489878542510121,0.9917171717171717,50.14818010001909,24,100
0.015182186234817813,0.6,0.9259259259259259,0.07407407407407407,0.6,0.7,6,4865,75,4,0.6,0.015182186234817813,0.984040404040404,50.14818010001909,24,100
0.025101214574898785,0.6,0.9538461538461539,0.046153846153846156,0.6,0.75,6,4816,124,4,0.6,0.025101214574898785,0.9741414141414141,50.14818010001909,24,100
0.026720647773279354,0.6,0.9565217391304348,0.043478260869565216,0.6,0.8,6,4808,132,4,0.6,0.026720647773279354,0.9725252525252526,50.14818010001909,24,100
0.030566801619433197,0.6,0.9617834394904459,0.03821656050955414,0.6,0.85,6,4789,151,4,0.6,0.030566801619433197,0.9686868686868687,50.14818010001909,24,100
0.11133603238866396,0.6,0.9892086330935251,0.01079136690647482,0.6,0.9,6,4390,550,4,0.6,0.11133603238866396,0.888080808080808,50.14818010001909,24,100
0.3277327935222672,0.8,0.9950829748002459,0.004917025199754148,0.8,0.95,8,3321,1619,2,0.8,0.3277327935222672,0.6725252525252525,50.14818010001909,24,100
0.9969635627530364,1.0,0.9979736575481256,0.002026342451874367,1.0,1.0,10,15,4925,0,1.0,0.9969635627530364,0.005050505050505051,50.14818010001909,24,100
0.0004048582995951417,0.5,0.2857142857142857,0.7142857142857143,0.5,0.05,5,4938,2,5,0.5,0.0004048582995951417,0.9985858585858586,46.19468900002539,25,100
0.0004048582995951417,0.7,0.2222222222222222,0.7777777777777778,0.7,0.1,7,4938,2,3,0.7,0.0004048582995951417,0.998989898989899,46.19468900002539,25,100
0.0006072874493927126,0.7,0.3,0.7,0.7,0.15,7,4937,3,3,0.7,0.0006072874493927126,0.9987878787878788,46.19468900002539,25,100
0.0016194331983805667,0.8,0.5,0.5,0.8,0.2,8,4932,8,2,0.8,0.0016194331983805667,0.997979797979798,46.19468900002539,25,100
0.0018218623481781376,0.8,0.5294117647058824,0.47058823529411764,0.8,0.25,8,4931,9,2,0.8,0.0018218623481781376,0.9977777777777778,46.19468900002539,25,100
0.004251012145748988,0.9,0.7,0.3,0.9,0.3,9,4919,21,1,0.9,0.004251012145748988,0.9955555555555555,46.19468900002539,25,100
0.005263157894736842,0.9,0.7428571428571429,0.2571428571428571,0.9,0.35,9,4914,26,1,0.9,0.005263157894736842,0.9945454545454545,46.19468900002539,25,100
0.007692307692307693,0.9,0.8085106382978723,0.19148936170212766,0.9,0.4,9,4902,38,1,0.9,0.007692307692307693,0.9921212121212121,46.19468900002539,25,100
0.009716599190283401,0.9,0.8421052631578947,0.15789473684210525,0.9,0.45,9,4892,48,1,0.9,0.009716599190283401,0.9901010101010101,46.19468900002539,25,100
0.012550607287449392,0.9,0.8732394366197183,0.1267605633802817,0.9,0.5,9,4878,62,1,0.9,0.012550607287449392,0.9872727272727273,46.19468900002539,25,100
0.012550607287449392,0.9,0.8732394366197183,0.1267605633802817,0.9,0.55,9,4878,62,1,0.9,0.012550607287449392,0.9872727272727273,46.19468900002539,25,100
0.019433198380566803,0.9,0.9142857142857143,0.08571428571428572,0.9,0.6,9,4844,96,1,0.9,0.019433198380566803,0.9804040404040404,46.19468900002539,25,100
0.024696356275303644,0.9,0.9312977099236641,0.06870229007633588,0.9,0.65,9,4818,122,1,0.9,0.024696356275303644,0.9751515151515151,46.19468900002539,25,100
0.030161943319838055,0.9,0.9430379746835443,0.056962025316455694,0.9,0.7,9,4791,149,1,0.9,0.030161943319838055,0.9696969696969697,46.19468900002539,25,100
0.046761133603238865,0.9,0.9625,0.0375,0.9,0.75,9,4709,231,1,0.9,0.046761133603238865,0.9531313131313132,46.19468900002539,25,100
0.0722672064777328,1.0,0.9727520435967303,0.027247956403269755,1.0,0.8,10,4583,357,0,1.0,0.0722672064777328,0.9278787878787879,46.19468900002539,25,100
0.11315789473684211,1.0,0.9824253075571178,0.01757469244288225,1.0,0.85,10,4381,559,0,1.0,0.11315789473684211,0.8870707070707071,46.19468900002539,25,100
0.17388663967611337,1.0,0.9884925201380897,0.011507479861910242,1.0,0.9,10,4081,859,0,1.0,0.17388663967611337,0.8264646464646465,46.19468900002539,25,100
0.3678137651821862,1.0,0.9945265462506842,0.005473453749315818,1.0,0.95,10,3123,1817,0,1.0,0.3678137651821862,0.6329292929292929,46.19468900002539,25,100
0.9987854251012146,1.0,0.9979773462783171,0.0020226537216828477,1.0,1.0,10,6,4934,0,1.0,0.9987854251012146,0.0032323232323232323,46.19468900002539,25,100
0.00020242914979757084,0.4,0.2,0.8,0.4,0.05,4,4939,1,6,0.4,0.00020242914979757084,0.9985858585858586,48.211731799994595,26,100
0.0012145748987854252,0.5,0.5454545454545454,0.45454545454545453,0.5,0.1,5,4934,6,5,0.5,0.0012145748987854252,0.9977777777777778,48.211731799994595,26,100
0.001417004048582996,0.5,0.5833333333333334,0.4166666666666667,0.5,0.15,5,4933,7,5,0.5,0.001417004048582996,0.9975757575757576,48.211731799994595,26,100
0.002226720647773279,0.5,0.6875,0.3125,0.5,0.2,5,4929,11,5,0.5,0.002226720647773279,0.9967676767676767,48.211731799994595,26,100
0.0024291497975708503,0.5,0.7058823529411765,0.29411764705882354,0.5,0.25,5,4928,12,5,0.5,0.0024291497975708503,0.9965656565656565,48.211731799994595,26,100
0.002834008097165992,0.5,0.7368421052631579,0.2631578947368421,0.5,0.3,5,4926,14,5,0.5,0.002834008097165992,0.9961616161616161,48.211731799994595,26,100
0.0032388663967611335,0.5,0.7619047619047619,0.23809523809523808,0.5,0.35,5,4924,16,5,0.5,0.0032388663967611335,0.9957575757575757,48.211731799994595,26,100
0.0038461538461538464,0.5,0.7916666666666666,0.20833333333333334,0.5,0.4,5,4921,19,5,0.5,0.0038461538461538464,0.9951515151515151,48.211731799994595,26,100
0.004048582995951417,0.5,0.8,0.2,0.5,0.45,5,4920,20,5,0.5,0.004048582995951417,0.9949494949494949,48.211731799994595,26,100
0.004453441295546558,0.5,0.8148148148148148,0.18518518518518517,0.5,0.5,5,4918,22,5,0.5,0.004453441295546558,0.9945454545454545,48.211731799994595,26,100
0.005263157894736842,0.5,0.8387096774193549,0.16129032258064516,0.5,0.55,5,4914,26,5,0.5,0.005263157894736842,0.9937373737373737,48.211731799994595,26,100
0.007489878542510121,0.5,0.8809523809523809,0.11904761904761904,0.5,0.6,5,4903,37,5,0.5,0.007489878542510121,0.9915151515151515,48.211731799994595,26,100
0.008097165991902834,0.5,0.8888888888888888,0.1111111111111111,0.5,0.65,5,4900,40,5,0.5,0.008097165991902834,0.990909090909091,48.211731799994595,26,100
0.010931174089068825,0.5,0.9152542372881356,0.0847457627118644,0.5,0.7,5,4886,54,5,0.5,0.010931174089068825,0.9880808080808081,48.211731799994595,26,100
0.011336032388663968,0.6,0.9032258064516129,0.0967741935483871,0.6,0.75,6,4884,56,4,0.6,0.011336032388663968,0.9878787878787879,48.211731799994595,26,100
0.012348178137651822,0.6,0.9104477611940298,0.08955223880597014,0.6,0.8,6,4879,61,4,0.6,0.012348178137651822,0.9868686868686869,48.211731799994595,26,100
0.012348178137651822,0.6,0.9104477611940298,0.08955223880597014,0.6,0.85,6,4879,61,4,0.6,0.012348178137651822,0.9868686868686869,48.211731799994595,26,100
0.019230769230769232,0.7,0.9313725490196079,0.06862745098039216,0.7,0.9,7,4845,95,3,0.7,0.019230769230769232,0.9802020202020202,48.211731799994595,26,100
0.26275303643724696,1.0,0.9923547400611621,0.00764525993883792,1.0,0.95,10,3642,1298,0,1.0,0.26275303643724696,0.7377777777777778,48.211731799994595,26,100
0.9914979757085021,1.0,0.9979625101874491,0.002037489812550937,1.0,1.0,10,42,4898,0,1.0,0.9914979757085021,0.010505050505050505,48.211731799994595,26,100
0.0,0.1,0.0,1.0,0.1,0.05,1,4940,0,9,0.1,0.0,0.9981818181818182,52.33823130000383,27,100
0.0,0.2,0.0,1.0,0.2,0.1,2,4940,0,8,0.2,0.0,0.9983838383838384,52.33823130000383,27,100
0.0,0.2,0.0,1.0,0.2,0.15,2,4940,0,8,0.2,0.0,0.9983838383838384,52.33823130000383,27,100
0.0,0.2,0.0,1.0,0.2,0.2,2,4940,0,8,0.2,0.0,0.9983838383838384,52.33823130000383,27,100
0.0,0.2,0.0,1.0,0.2,0.25,2,4940,0,8,0.2,0.0,0.9983838383838384,52.33823130000383,27,100
0.0,0.2,0.0,1.0,0.2,0.3,2,4940,0,8,0.2,0.0,0.9983838383838384,52.33823130000383,27,100
0.0,0.2,0.0,1.0,0.2,0.35,2,4940,0,8,0.2,0.0,0.9983838383838384,52.33823130000383,27,100
0.0,0.3,0.0,1.0,0.3,0.4,3,4940,0,7,0.3,0.0,0.9985858585858586,52.33823130000383,27,100
0.0012145748987854252,0.4,0.6,0.4,0.4,0.45,4,4934,6,6,0.4,0.0012145748987854252,0.9975757575757576,52.33823130000383,27,100
0.0016194331983805667,0.4,0.6666666666666666,0.3333333333333333,0.4,0.5,4,4932,8,6,0.4,0.0016194331983805667,0.9971717171717172,52.33823130000383,27,100
0.0018218623481781376,0.4,0.6923076923076923,0.3076923076923077,0.4,0.55,4,4931,9,6,0.4,0.0018218623481781376,0.996969696969697,52.33823130000383,27,100
0.0018218623481781376,0.4,0.6923076923076923,0.3076923076923077,0.4,0.6,4,4931,9,6,0.4,0.0018218623481781376,0.996969696969697,52.33823130000383,27,100
0.0018218623481781376,0.4,0.6923076923076923,0.3076923076923077,0.4,0.65,4,4931,9,6,0.4,0.0018218623481781376,0.996969696969697,52.33823130000383,27,100
0.0018218623481781376,0.4,0.6923076923076923,0.3076923076923077,0.4,0.7,4,4931,9,6,0.4,0.0018218623481781376,0.996969696969697,52.33823130000383,27,100
0.015587044534412956,0.5,0.9390243902439024,0.06097560975609756,0.5,0.75,5,4863,77,5,0.5,0.015587044534412956,0.9834343434343434,52.33823130000383,27,100
0.03785425101214575,0.6,0.9689119170984456,0.031088082901554404,0.6,0.8,6,4753,187,4,0.6,0.03785425101214575,0.9614141414141414,52.33823130000383,27,100
0.12206477732793522,1.0,0.9836867862969005,0.01631321370309951,1.0,0.85,10,4337,603,0,1.0,0.12206477732793522,0.8781818181818182,52.33823130000383,27,100
0.20465587044534414,1.0,0.990205680705191,0.009794319294809012,1.0,0.9,10,3929,1011,0,1.0,0.20465587044534414,0.7957575757575758,52.33823130000383,27,100
0.5048582995951417,1.0,0.9960063897763578,0.003993610223642172,1.0,0.95,10,2446,2494,0,1.0,0.5048582995951417,0.49616161616161614,52.33823130000383,27,100
0.9983805668016195,1.0,0.9979765277215702,0.0020234722784297854,1.0,1.0,10,8,4932,0,1.0,0.9983805668016195,0.0036363636363636364,52.33823130000383,27,100
0.0,0.3,0.0,1.0,0.3,0.05,3,4940,0,7,0.3,0.0,0.9985858585858586,59.3247049000347,28,100
0.0,0.4,0.0,1.0,0.4,0.1,4,4940,0,6,0.4,0.0,0.9987878787878788,59.3247049000347,28,100
0.0,0.4,0.0,1.0,0.4,0.15,4,4940,0,6,0.4,0.0,0.9987878787878788,59.3247049000347,28,100
0.0,0.5,0.0,1.0,0.5,0.2,5,4940,0,5,0.5,0.0,0.998989898989899,59.3247049000347,28,100
0.00020242914979757084,0.8,0.1111111111111111,0.8888888888888888,0.8,0.25,8,4939,1,2,0.8,0.00020242914979757084,0.9993939393939394,59.3247049000347,28,100
0.0008097165991902834,0.8,0.3333333333333333,0.6666666666666666,0.8,0.3,8,4936,4,2,0.8,0.0008097165991902834,0.9987878787878788,59.3247049000347,28,100
0.0008097165991902834,0.8,0.3333333333333333,0.6666666666666666,0.8,0.35,8,4936,4,2,0.8,0.0008097165991902834,0.9987878787878788,59.3247049000347,28,100
0.0008097165991902834,0.9,0.3076923076923077,0.6923076923076923,0.9,0.4,9,4936,4,1,0.9,0.0008097165991902834,0.998989898989899,59.3247049000347,28,100
0.0012145748987854252,0.9,0.4,0.6,0.9,0.45,9,4934,6,1,0.9,0.0012145748987854252,0.9985858585858586,59.3247049000347,28,100
0.0024291497975708503,0.9,0.5714285714285714,0.42857142857142855,0.9,0.5,9,4928,12,1,0.9,0.0024291497975708503,0.9973737373737374,59.3247049000347,28,100
0.0024291497975708503,0.9,0.5714285714285714,0.42857142857142855,0.9,0.55,9,4928,12,1,0.9,0.0024291497975708503,0.9973737373737374,59.3247049000347,28,100
0.0038461538461538464,0.9,0.6785714285714286,0.32142857142857145,0.9,0.6,9,4921,19,1,0.9,0.0038461538461538464,0.9959595959595959,59.3247049000347,28,100
0.0038461538461538464,0.9,0.6785714285714286,0.32142857142857145,0.9,0.65,9,4921,19,1,0.9,0.0038461538461538464,0.9959595959595959,59.3247049000347,28,100
0.0038461538461538464,0.9,0.6785714285714286,0.32142857142857145,0.9,0.7,9,4921,19,1,0.9,0.0038461538461538464,0.9959595959595959,59.3247049000347,28,100
0.004251012145748988,0.9,0.7,0.3,0.9,0.75,9,4919,21,1,0.9,0.004251012145748988,0.9955555555555555,59.3247049000347,28,100
0.004251012145748988,0.9,0.7,0.3,0.9,0.8,9,4919,21,1,0.9,0.004251012145748988,0.9955555555555555,59.3247049000347,28,100
0.012348178137651822,0.9,0.8714285714285714,0.12857142857142856,0.9,0.85,9,4879,61,1,0.9,0.012348178137651822,0.9874747474747475,59.3247049000347,28,100
0.055465587044534415,0.9,0.9681978798586572,0.03180212014134275,0.9,0.9,9,4666,274,1,0.9,0.055465587044534415,0.9444444444444444,59.3247049000347,28,100
0.31761133603238867,1.0,0.993666877770741,0.006333122229259025,1.0,0.95,10,3371,1569,0,1.0,0.31761133603238867,0.683030303030303,59.3247049000347,28,100
0.9983805668016195,1.0,0.9979765277215702,0.0020234722784297854,1.0,1.0,10,8,4932,0,1.0,0.9983805668016195,0.0036363636363636364,59.3247049000347,28,100
0.0,0.4,0.0,1.0,0.4,0.05,4,4940,0,6,0.4,0.0,0.9987878787878788,57.778208300005645,29,100
0.0,0.4,0.0,1.0,0.4,0.1,4,4940,0,6,0.4,0.0,0.9987878787878788,57.778208300005645,29,100
0.0008097165991902834,0.5,0.4444444444444444,0.5555555555555556,0.5,0.15,5,4936,4,5,0.5,0.0008097165991902834,0.9981818181818182,57.778208300005645,29,100
0.0012145748987854252,0.7,0.46153846153846156,0.5384615384615384,0.7,0.2,7,4934,6,3,0.7,0.0012145748987854252,0.9981818181818182,57.778208300005645,29,100
0.001417004048582996,0.7,0.5,0.5,0.7,0.25,7,4933,7,3,0.7,0.001417004048582996,0.997979797979798,57.778208300005645,29,100
0.0016194331983805667,0.7,0.5333333333333333,0.4666666666666667,0.7,0.3,7,4932,8,3,0.7,0.0016194331983805667,0.9977777777777778,57.778208300005645,29,100
0.0016194331983805667,0.7,0.5333333333333333,0.4666666666666667,0.7,0.35,7,4932,8,3,0.7,0.0016194331983805667,0.9977777777777778,57.778208300005645,29,100
0.0016194331983805667,0.7,0.5333333333333333,0.4666666666666667,0.7,0.4,7,4932,8,3,0.7,0.0016194331983805667,0.9977777777777778,57.778208300005645,29,100
0.0038461538461538464,0.7,0.7307692307692307,0.2692307692307692,0.7,0.45,7,4921,19,3,0.7,0.0038461538461538464,0.9955555555555555,57.778208300005645,29,100
0.004048582995951417,0.7,0.7407407407407407,0.25925925925925924,0.7,0.5,7,4920,20,3,0.7,0.004048582995951417,0.9953535353535353,57.778208300005645,29,100
0.004048582995951417,0.7,0.7407407407407407,0.25925925925925924,0.7,0.55,7,4920,20,3,0.7,0.004048582995951417,0.9953535353535353,57.778208300005645,29,100
0.005465587044534413,0.7,0.7941176470588235,0.20588235294117646,0.7,0.6,7,4913,27,3,0.7,0.005465587044534413,0.9939393939393939,57.778208300005645,29,100
0.008502024291497975,0.7,0.8571428571428571,0.14285714285714285,0.7,0.65,7,4898,42,3,0.7,0.008502024291497975,0.990909090909091,57.778208300005645,29,100
0.010121457489878543,0.7,0.8771929824561403,0.12280701754385964,0.7,0.7,7,4890,50,3,0.7,0.010121457489878543,0.9892929292929293,57.778208300005645,29,100
0.030364372469635626,0.7,0.9554140127388535,0.044585987261146494,0.7,0.75,7,4790,150,3,0.7,0.030364372469635626,0.9690909090909091,57.778208300005645,29,100
0.03461538461538462,0.7,0.9606741573033708,0.03932584269662921,0.7,0.8,7,4769,171,3,0.7,0.03461538461538462,0.9648484848484848,57.778208300005645,29,100
0.0722672064777328,0.7,0.9807692307692307,0.019230769230769232,0.7,0.85,7,4583,357,3,0.7,0.0722672064777328,0.9272727272727272,57.778208300005645,29,100
0.10708502024291498,0.8,0.9851024208566108,0.0148975791433892,0.8,0.9,8,4411,529,2,0.8,0.10708502024291498,0.8927272727272727,57.778208300005645,29,100
0.12530364372469635,0.8,0.9872408293460925,0.012759170653907496,0.8,0.95,8,4321,619,2,0.8,0.12530364372469635,0.8745454545454545,57.778208300005645,29,100
0.9983805668016195,1.0,0.9979765277215702,0.0020234722784297854,1.0,1.0,10,8,4932,0,1.0,0.9983805668016195,0.0036363636363636364,57.778208300005645,29,100
0.0,0.1,0.0,1.0,0.1,0.05,1,4940,0,9,0.1,0.0,0.9981818181818182,57.8483974999981,30,100
0.00020242914979757084,0.1,0.5,0.5,0.1,0.1,1,4939,1,9,0.1,0.00020242914979757084,0.997979797979798,57.8483974999981,30,100
0.0006072874493927126,0.2,0.6,0.4,0.2,0.15,2,4937,3,8,0.2,0.0006072874493927126,0.9977777777777778,57.8483974999981,30,100
0.0006072874493927126,0.2,0.6,0.4,0.2,0.2,2,4937,3,8,0.2,0.0006072874493927126,0.9977777777777778,57.8483974999981,30,100
0.0006072874493927126,0.2,0.6,0.4,0.2,0.25,2,4937,3,8,0.2,0.0006072874493927126,0.9977777777777778,57.8483974999981,30,100
0.0006072874493927126,0.2,0.6,0.4,0.2,0.3,2,4937,3,8,0.2,0.0006072874493927126,0.9977777777777778,57.8483974999981,30,100
0.0010121457489878543,0.2,0.7142857142857143,0.2857142857142857,0.2,0.35,2,4935,5,8,0.2,0.0010121457489878543,0.9973737373737374,57.8483974999981,30,100
0.0020242914979757085,0.2,0.8333333333333334,0.16666666666666666,0.2,0.4,2,4930,10,8,0.2,0.0020242914979757085,0.9963636363636363,57.8483974999981,30,100
0.005060728744939271,0.4,0.8620689655172413,0.13793103448275862,0.4,0.45,4,4915,25,6,0.4,0.005060728744939271,0.9937373737373737,57.8483974999981,30,100
0.009919028340080972,0.4,0.9245283018867925,0.07547169811320754,0.4,0.5,4,4891,49,6,0.4,0.009919028340080972,0.9888888888888889,57.8483974999981,30,100
0.010121457489878543,0.4,0.9259259259259259,0.07407407407407407,0.4,0.55,4,4890,50,6,0.4,0.010121457489878543,0.9886868686868687,57.8483974999981,30,100
0.020445344129554656,0.6,0.9439252336448598,0.056074766355140186,0.6,0.6,6,4839,101,4,0.6,0.020445344129554656,0.9787878787878788,57.8483974999981,30,100
0.024898785425101214,0.9,0.9318181818181818,0.06818181818181818,0.9,0.65,9,4817,123,1,0.9,0.024898785425101214,0.9749494949494949,57.8483974999981,30,100
0.02874493927125506,0.9,0.9403973509933775,0.059602649006622516,0.9,0.7,9,4798,142,1,0.9,0.02874493927125506,0.9711111111111111,57.8483974999981,30,100
0.039878542510121455,0.9,0.9563106796116505,0.043689320388349516,0.9,0.75,9,4743,197,1,0.9,0.039878542510121455,0.96,57.8483974999981,30,100
0.08987854251012145,0.9,0.9801324503311258,0.019867549668874173,0.9,0.8,9,4496,444,1,0.9,0.08987854251012145,0.9101010101010101,57.8483974999981,30,100
0.15101214574898786,1.0,0.9867724867724867,0.013227513227513227,1.0,0.85,10,4194,746,0,1.0,0.15101214574898786,0.8492929292929293,57.8483974999981,30,100
0.2228744939271255,1.0,0.990999099909991,0.009000900090009001,1.0,0.9,10,3839,1101,0,1.0,0.2228744939271255,0.7775757575757576,57.8483974999981,30,100
0.5192307692307693,1.0,0.996116504854369,0.003883495145631068,1.0,0.95,10,2375,2565,0,1.0,0.5192307692307693,0.4818181818181818,57.8483974999981,30,100
0.9917004048582996,1.0,0.9979629252393563,0.002037074760643716,1.0,1.0,10,41,4899,0,1.0,0.9917004048582996,0.010303030303030303,57.8483974999981,30,100
0.0,0.4,0.0,1.0,0.4,0.05,4,4940,0,6,0.4,0.0,0.9987878787878788,57.71745290001854,31,100
0.0,0.4,0.0,1.0,0.4,0.1,4,4940,0,6,0.4,0.0,0.9987878787878788,57.71745290001854,31,100
0.0,0.5,0.0,1.0,0.5,0.15,5,4940,0,5,0.5,0.0,0.998989898989899,57.71745290001854,31,100
0.0,0.6,0.0,1.0,0.6,0.2,6,4940,0,4,0.6,0.0,0.9991919191919192,57.71745290001854,31,100
0.0004048582995951417,0.7,0.2222222222222222,0.7777777777777778,0.7,0.25,7,4938,2,3,0.7,0.0004048582995951417,0.998989898989899,57.71745290001854,31,100
0.0016194331983805667,0.7,0.5333333333333333,0.4666666666666667,0.7,0.3,7,4932,8,3,0.7,0.0016194331983805667,0.9977777777777778,57.71745290001854,31,100
0.0018218623481781376,0.7,0.5625,0.4375,0.7,0.35,7,4931,9,3,0.7,0.0018218623481781376,0.9975757575757576,57.71745290001854,31,100
0.0024291497975708503,0.7,0.631578947368421,0.3684210526315789,0.7,0.4,7,4928,12,3,0.7,0.0024291497975708503,0.996969696969697,57.71745290001854,31,100
0.002631578947368421,0.7,0.65,0.35,0.7,0.45,7,4927,13,3,0.7,0.002631578947368421,0.9967676767676767,57.71745290001854,31,100
0.002631578947368421,0.7,0.65,0.35,0.7,0.5,7,4927,13,3,0.7,0.002631578947368421,0.9967676767676767,57.71745290001854,31,100
0.002631578947368421,0.7,0.65,0.35,0.7,0.55,7,4927,13,3,0.7,0.002631578947368421,0.9967676767676767,57.71745290001854,31,100
0.008704453441295546,0.8,0.8431372549019608,0.1568627450980392,0.8,0.6,8,4897,43,2,0.8,0.008704453441295546,0.990909090909091,57.71745290001854,31,100
0.009919028340080972,0.8,0.8596491228070176,0.14035087719298245,0.8,0.65,8,4891,49,2,0.8,0.009919028340080972,0.9896969696969697,57.71745290001854,31,100
0.010728744939271255,0.8,0.8688524590163934,0.13114754098360656,0.8,0.7,8,4887,53,2,0.8,0.010728744939271255,0.9888888888888889,57.71745290001854,31,100
0.013157894736842105,0.8,0.8904109589041096,0.1095890410958904,0.8,0.75,8,4875,65,2,0.8,0.013157894736842105,0.9864646464646465,57.71745290001854,31,100
0.03643724696356275,0.9,0.9523809523809523,0.047619047619047616,0.9,0.8,9,4760,180,1,0.9,0.03643724696356275,0.9634343434343434,57.71745290001854,31,100
0.06700404858299595,0.9,0.9735294117647059,0.026470588235294117,0.9,0.85,9,4609,331,1,0.9,0.06700404858299595,0.9329292929292929,57.71745290001854,31,100
0.12165991902834009,0.9,0.9852459016393442,0.014754098360655738,0.9,0.9,9,4339,601,1,0.9,0.12165991902834009,0.8783838383838384,57.71745290001854,31,100
0.39493927125506073,0.9,0.9954081632653061,0.004591836734693878,0.9,0.95,9,2989,1951,1,0.9,0.39493927125506073,0.6056565656565657,57.71745290001854,31,100
0.9987854251012146,1.0,0.9979773462783171,0.0020226537216828477,1.0,1.0,10,6,4934,0,1.0,0.9987854251012146,0.0032323232323232323,57.71745290001854,31,100
0.0,0.1,0.0,1.0,0.1,0.05,1,4940,0,9,0.1,0.0,0.9981818181818182,55.31249599996954,32,100
0.00020242914979757084,0.2,0.3333333333333333,0.6666666666666666,0.2,0.1,2,4939,1,8,0.2,0.00020242914979757084,0.9981818181818182,55.31249599996954,32,100
0.0004048582995951417,0.2,0.5,0.5,0.2,0.15,2,4938,2,8,0.2,0.0004048582995951417,0.997979797979798,55.31249599996954,32,100
0.0006072874493927126,0.2,0.6,0.4,0.2,0.2,2,4937,3,8,0.2,0.0006072874493927126,0.9977777777777778,55.31249599996954,32,100
0.0006072874493927126,0.2,0.6,0.4,0.2,0.25,2,4937,3,8,0.2,0.0006072874493927126,0.9977777777777778,55.31249599996954,32,100
0.0006072874493927126,0.2,0.6,0.4,0.2,0.3,2,4937,3,8,0.2,0.0006072874493927126,0.9977777777777778,55.31249599996954,32,100
0.0010121457489878543,0.2,0.7142857142857143,0.2857142857142857,0.2,0.35,2,4935,5,8,0.2,0.0010121457489878543,0.9973737373737374,55.31249599996954,32,100
0.0010121457489878543,0.2,0.7142857142857143,0.2857142857142857,0.2,0.4,2,4935,5,8,0.2,0.0010121457489878543,0.9973737373737374,55.31249599996954,32,100
0.0010121457489878543,0.2,0.7142857142857143,0.2857142857142857,0.2,0.45,2,4935,5,8,0.2,0.0010121457489878543,0.9973737373737374,55.31249599996954,32,100
0.0012145748987854252,0.2,0.75,0.25,0.2,0.5,2,4934,6,8,0.2,0.0012145748987854252,0.9971717171717172,55.31249599996954,32,100
0.006072874493927126,0.4,0.8823529411764706,0.11764705882352941,0.4,0.55,4,4910,30,6,0.4,0.006072874493927126,0.9927272727272727,55.31249599996954,32,100
0.00708502024291498,0.4,0.8974358974358975,0.10256410256410256,0.4,0.6,4,4905,35,6,0.4,0.00708502024291498,0.9917171717171717,55.31249599996954,32,100
0.012753036437246963,0.5,0.9264705882352942,0.07352941176470588,0.5,0.65,5,4877,63,5,0.5,0.012753036437246963,0.9862626262626263,55.31249599996954,32,100
0.013967611336032389,0.5,0.9324324324324325,0.06756756756756757,0.5,0.7,5,4871,69,5,0.5,0.013967611336032389,0.9850505050505051,55.31249599996954,32,100
0.025303643724696356,0.8,0.9398496240601504,0.06015037593984962,0.8,0.75,8,4815,125,2,0.8,0.025303643724696356,0.9743434343434343,55.31249599996954,32,100
0.030364372469635626,0.9,0.9433962264150944,0.05660377358490566,0.9,0.8,9,4790,150,1,0.9,0.030364372469635626,0.9694949494949495,55.31249599996954,32,100
0.05708502024291498,0.9,0.9690721649484536,0.030927835051546393,0.9,0.85,9,4658,282,1,0.9,0.05708502024291498,0.9428282828282828,55.31249599996954,32,100
0.08421052631578947,0.9,0.9788235294117648,0.021176470588235293,0.9,0.9,9,4524,416,1,0.9,0.08421052631578947,0.9157575757575758,55.31249599996954,32,100
0.14210526315789473,0.9,0.9873417721518988,0.012658227848101266,0.9,0.95,9,4238,702,1,0.9,0.14210526315789473,0.857979797979798,55.31249599996954,32,100
0.9991902834008097,1.0,0.9979781641730692,0.0020218358269308533,1.0,1.0,10,4,4936,0,1.0,0.9991902834008097,0.0028282828282828283,55.31249599996954,32,100
0.00020242914979757084,0.4,0.2,0.8,0.4,0.05,4,4939,1,6,0.4,0.00020242914979757084,0.9985858585858586,49.104681299999356,33,100
0.0004048582995951417,0.4,0.3333333333333333,0.6666666666666666,0.4,0.1,4,4938,2,6,0.4,0.0004048582995951417,0.9983838383838384,49.104681299999356,33,100
0.0006072874493927126,0.4,0.42857142857142855,0.5714285714285714,0.4,0.15,4,4937,3,6,0.4,0.0006072874493927126,0.9981818181818182,49.104681299999356,33,100
0.0008097165991902834,0.4,0.5,0.5,0.4,0.2,4,4936,4,6,0.4,0.0008097165991902834,0.997979797979798,49.104681299999356,33,100
0.0008097165991902834,0.4,0.5,0.5,0.4,0.25,4,4936,4,6,0.4,0.0008097165991902834,0.997979797979798,49.104681299999356,33,100
0.0008097165991902834,0.5,0.4444444444444444,0.5555555555555556,0.5,0.3,5,4936,4,5,0.5,0.0008097165991902834,0.9981818181818182,49.104681299999356,33,100
0.0008097165991902834,0.5,0.4444444444444444,0.5555555555555556,0.5,0.35,5,4936,4,5,0.5,0.0008097165991902834,0.9981818181818182,49.104681299999356,33,100
0.0010121457489878543,0.5,0.5,0.5,0.5,0.4,5,4935,5,5,0.5,0.0010121457489878543,0.997979797979798,49.104681299999356,33,100
0.0016194331983805667,0.5,0.6153846153846154,0.38461538461538464,0.5,0.45,5,4932,8,5,0.5,0.0016194331983805667,0.9973737373737374,49.104681299999356,33,100
0.0018218623481781376,0.5,0.6428571428571429,0.35714285714285715,0.5,0.5,5,4931,9,5,0.5,0.0018218623481781376,0.9971717171717172,49.104681299999356,33,100
0.0018218623481781376,0.5,0.6428571428571429,0.35714285714285715,0.5,0.55,5,4931,9,5,0.5,0.0018218623481781376,0.9971717171717172,49.104681299999356,33,100
0.0018218623481781376,0.5,0.6428571428571429,0.35714285714285715,0.5,0.6,5,4931,9,5,0.5,0.0018218623481781376,0.9971717171717172,49.104681299999356,33,100
0.0018218623481781376,0.5,0.6428571428571429,0.35714285714285715,0.5,0.65,5,4931,9,5,0.5,0.0018218623481781376,0.9971717171717172,49.104681299999356,33,100
0.004251012145748988,0.5,0.8076923076923077,0.19230769230769232,0.5,0.7,5,4919,21,5,0.5,0.004251012145748988,0.9947474747474747,49.104681299999356,33,100
0.00465587044534413,0.5,0.8214285714285714,0.17857142857142858,0.5,0.75,5,4917,23,5,0.5,0.00465587044534413,0.9943434343434343,49.104681299999356,33,100
0.004858299595141701,0.5,0.8275862068965517,0.1724137931034483,0.5,0.8,5,4916,24,5,0.5,0.004858299595141701,0.9941414141414141,49.104681299999356,33,100
0.00951417004048583,0.5,0.9038461538461539,0.09615384615384616,0.5,0.85,5,4893,47,5,0.5,0.00951417004048583,0.9894949494949495,49.104681299999356,33,100
0.015991902834008098,0.6,0.9294117647058824,0.07058823529411765,0.6,0.9,6,4861,79,4,0.6,0.015991902834008098,0.9832323232323232,49.104681299999356,33,100
0.07753036437246963,0.8,0.979539641943734,0.020460358056265986,0.8,0.95,8,4557,383,2,0.8,0.07753036437246963,0.9222222222222223,49.104681299999356,33,100
0.9951417004048583,1.0,0.9979699553390174,0.0020300446609825416,1.0,1.0,10,24,4916,0,1.0,0.9951417004048583,0.006868686868686869,49.104681299999356,33,100
0.0,0.4,0.0,1.0,0.4,0.05,4,4940,0,6,0.4,0.0,0.9987878787878788,46.172050099936314,34,100
0.0,0.6,0.0,1.0,0.6,0.1,6,4940,0,4,0.6,0.0,0.9991919191919192,46.172050099936314,34,100
0.00020242914979757084,0.6,0.14285714285714285,0.8571428571428571,0.6,0.15,6,4939,1,4,0.6,0.00020242914979757084,0.998989898989899,46.172050099936314,34,100
0.00020242914979757084,0.6,0.14285714285714285,0.8571428571428571,0.6,0.2,6,4939,1,4,0.6,0.00020242914979757084,0.998989898989899,46.172050099936314,34,100
0.00020242914979757084,0.6,0.14285714285714285,0.8571428571428571,0.6,0.25,6,4939,1,4,0.6,0.00020242914979757084,0.998989898989899,46.172050099936314,34,100
0.0004048582995951417,0.6,0.25,0.75,0.6,0.3,6,4938,2,4,0.6,0.0004048582995951417,0.9987878787878788,46.172050099936314,34,100
0.0010121457489878543,0.6,0.45454545454545453,0.5454545454545454,0.6,0.35,6,4935,5,4,0.6,0.0010121457489878543,0.9981818181818182,46.172050099936314,34,100
0.001417004048582996,0.7,0.5,0.5,0.7,0.4,7,4933,7,3,0.7,0.001417004048582996,0.997979797979798,46.172050099936314,34,100
0.001417004048582996,0.7,0.5,0.5,0.7,0.45,7,4933,7,3,0.7,0.001417004048582996,0.997979797979798,46.172050099936314,34,100
0.0038461538461538464,0.7,0.7307692307692307,0.2692307692307692,0.7,0.5,7,4921,19,3,0.7,0.0038461538461538464,0.9955555555555555,46.172050099936314,34,100
0.004251012145748988,0.7,0.75,0.25,0.7,0.55,7,4919,21,3,0.7,0.004251012145748988,0.9951515151515151,46.172050099936314,34,100
0.004858299595141701,0.7,0.7741935483870968,0.22580645161290322,0.7,0.6,7,4916,24,3,0.7,0.004858299595141701,0.9945454545454545,46.172050099936314,34,100
0.020040485829959515,0.7,0.9339622641509434,0.0660377358490566,0.7,0.65,7,4841,99,3,0.7,0.020040485829959515,0.9793939393939394,46.172050099936314,34,100
0.03218623481781376,0.8,0.9520958083832335,0.04790419161676647,0.8,0.7,8,4781,159,2,0.8,0.03218623481781376,0.9674747474747475,46.172050099936314,34,100
0.047165991902834006,0.8,0.966804979253112,0.03319502074688797,0.8,0.75,8,4707,233,2,0.8,0.047165991902834006,0.9525252525252526,46.172050099936314,34,100
0.0722672064777328,0.8,0.9780821917808219,0.021917808219178082,0.8,0.8,8,4583,357,2,0.8,0.0722672064777328,0.9274747474747475,46.172050099936314,34,100
0.1534412955465587,0.8,0.9895561357702349,0.010443864229765013,0.8,0.85,8,4182,758,2,0.8,0.1534412955465587,0.8464646464646465,46.172050099936314,34,100
0.2710526315789474,0.9,0.9933234421364985,0.0066765578635014835,0.9,0.9,9,3601,1339,1,0.9,0.2710526315789474,0.7292929292929293,46.172050099936314,34,100
0.42611336032388664,0.9,0.9957426679280984,0.004257332071901609,0.9,0.95,9,2835,2105,1,0.9,0.42611336032388664,0.5745454545454546,46.172050099936314,34,100
0.9850202429149798,1.0,0.9979491386382281,0.002050861361771944,1.0,1.0,10,74,4866,0,1.0,0.9850202429149798,0.01696969696969697,46.172050099936314,34,100
0.00020242914979757084,0.4,0.2,0.8,0.4,0.05,4,4939,1,6,0.4,0.00020242914979757084,0.9985858585858586,50.842880499898456,35,100
0.00020242914979757084,0.5,0.16666666666666666,0.8333333333333334,0.5,0.1,5,4939,1,5,0.5,0.00020242914979757084,0.9987878787878788,50.842880499898456,35,100
0.0008097165991902834,0.5,0.4444444444444444,0.5555555555555556,0.5,0.15,5,4936,4,5,0.5,0.0008097165991902834,0.9981818181818182,50.842880499898456,35,100
0.0010121457489878543,0.5,0.5,0.5,0.5,0.2,5,4935,5,5,0.5,0.0010121457489878543,0.997979797979798,50.842880499898456,35,100
0.001417004048582996,0.5,0.5833333333333334,0.4166666666666667,0.5,0.25,5,4933,7,5,0.5,0.001417004048582996,0.9975757575757576,50.842880499898456,35,100
0.001417004048582996,0.5,0.5833333333333334,0.4166666666666667,0.5,0.3,5,4933,7,5,0.5,0.001417004048582996,0.9975757575757576,50.842880499898456,35,100
0.0016194331983805667,0.5,0.6153846153846154,0.38461538461538464,0.5,0.35,5,4932,8,5,0.5,0.0016194331983805667,0.9973737373737374,50.842880499898456,35,100
0.0024291497975708503,0.5,0.7058823529411765,0.29411764705882354,0.5,0.4,5,4928,12,5,0.5,0.0024291497975708503,0.9965656565656565,50.842880499898456,35,100
0.002631578947368421,0.5,0.7222222222222222,0.2777777777777778,0.5,0.45,5,4927,13,5,0.5,0.002631578947368421,0.9963636363636363,50.842880499898456,35,100
0.006477732793522267,0.7,0.8205128205128205,0.1794871794871795,0.7,0.5,7,4908,32,3,0.7,0.006477732793522267,0.9929292929292929,50.842880499898456,35,100
0.009919028340080972,0.7,0.875,0.125,0.7,0.55,7,4891,49,3,0.7,0.009919028340080972,0.9894949494949495,50.842880499898456,35,100
0.010121457489878543,0.7,0.8771929824561403,0.12280701754385964,0.7,0.6,7,4890,50,3,0.7,0.010121457489878543,0.9892929292929293,50.842880499898456,35,100
0.021052631578947368,0.7,0.9369369369369369,0.06306306306306306,0.7,0.65,7,4836,104,3,0.7,0.021052631578947368,0.9783838383838384,50.842880499898456,35,100
0.024291497975708502,0.7,0.9448818897637795,0.05511811023622047,0.7,0.7,7,4820,120,3,0.7,0.024291497975708502,0.9751515151515151,50.842880499898456,35,100
0.051417004048582994,0.8,0.9694656488549618,0.030534351145038167,0.8,0.75,8,4686,254,2,0.8,0.051417004048582994,0.9482828282828283,50.842880499898456,35,100
0.06680161943319839,0.8,0.9763313609467456,0.023668639053254437,0.8,0.8,8,4610,330,2,0.8,0.06680161943319839,0.9329292929292929,50.842880499898456,35,100
0.1317813765182186,1.0,0.9848714069591528,0.015128593040847202,1.0,0.85,10,4289,651,0,1.0,0.1317813765182186,0.8684848484848485,50.842880499898456,35,100
0.2117408906882591,1.0,0.990530303030303,0.00946969696969697,1.0,0.9,10,3894,1046,0,1.0,0.2117408906882591,0.7886868686868687,50.842880499898456,35,100
0.5461538461538461,1.0,0.9963072378138847,0.003692762186115214,1.0,0.95,10,2242,2698,0,1.0,0.5461538461538461,0.45494949494949494,50.842880499898456,35,100
0.9983805668016195,1.0,0.9979765277215702,0.0020234722784297854,1.0,1.0,10,8,4932,0,1.0,0.9983805668016195,0.0036363636363636364,50.842880499898456,35,100
0.0,0.4,0.0,1.0,0.4,0.05,4,4940,0,6,0.4,0.0,0.9987878787878788,58.55867900000885,36,100
0.0,0.4,0.0,1.0,0.4,0.1,4,4940,0,6,0.4,0.0,0.9987878787878788,58.55867900000885,36,100
0.0,0.4,0.0,1.0,0.4,0.15,4,4940,0,6,0.4,0.0,0.9987878787878788,58.55867900000885,36,100
0.00020242914979757084,0.4,0.2,0.8,0.4,0.2,4,4939,1,6,0.4,0.00020242914979757084,0.9985858585858586,58.55867900000885,36,100
0.00020242914979757084,0.5,0.16666666666666666,0.8333333333333334,0.5,0.25,5,4939,1,5,0.5,0.00020242914979757084,0.9987878787878788,58.55867900000885,36,100
0.00020242914979757084,0.5,0.16666666666666666,0.8333333333333334,0.5,0.3,5,4939,1,5,0.5,0.00020242914979757084,0.9987878787878788,58.55867900000885,36,100
0.0006072874493927126,0.5,0.375,0.625,0.5,0.35,5,4937,3,5,0.5,0.0006072874493927126,0.9983838383838384,58.55867900000885,36,100
0.0008097165991902834,0.5,0.4444444444444444,0.5555555555555556,0.5,0.4,5,4936,4,5,0.5,0.0008097165991902834,0.9981818181818182,58.55867900000885,36,100
0.0008097165991902834,0.5,0.4444444444444444,0.5555555555555556,0.5,0.45,5,4936,4,5,0.5,0.0008097165991902834,0.9981818181818182,58.55867900000885,36,100
0.0010121457489878543,0.5,0.5,0.5,0.5,0.5,5,4935,5,5,0.5,0.0010121457489878543,0.997979797979798,58.55867900000885,36,100
0.0010121457489878543,0.5,0.5,0.5,0.5,0.55,5,4935,5,5,0.5,0.0010121457489878543,0.997979797979798,58.55867900000885,36,100
0.0018218623481781376,0.5,0.6428571428571429,0.35714285714285715,0.5,0.6,5,4931,9,5,0.5,0.0018218623481781376,0.9971717171717172,58.55867900000885,36,100
0.0066801619433198385,0.6,0.8461538461538461,0.15384615384615385,0.6,0.65,6,4907,33,4,0.6,0.0066801619433198385,0.9925252525252525,58.55867900000885,36,100
0.01902834008097166,0.6,0.94,0.06,0.6,0.7,6,4846,94,4,0.6,0.01902834008097166,0.9802020202020202,58.55867900000885,36,100
0.025708502024291497,0.6,0.9548872180451128,0.045112781954887216,0.6,0.75,6,4813,127,4,0.6,0.025708502024291497,0.9735353535353536,58.55867900000885,36,100
0.07105263157894737,0.7,0.9804469273743017,0.019553072625698324,0.7,0.8,7,4589,351,3,0.7,0.07105263157894737,0.9284848484848485,58.55867900000885,36,100
0.11821862348178137,0.8,0.9864864864864865,0.013513513513513514,0.8,0.85,8,4356,584,2,0.8,0.11821862348178137,0.8816161616161616,58.55867900000885,36,100
0.245748987854251,0.9,0.9926410466067048,0.007358953393295176,0.9,0.9,9,3726,1214,1,0.9,0.245748987854251,0.7545454545454545,58.55867900000885,36,100
0.5178137651821862,1.0,0.9961059190031153,0.003894080996884735,1.0,0.95,10,2382,2558,0,1.0,0.5178137651821862,0.48323232323232324,58.55867900000885,36,100
0.9850202429149798,1.0,0.9979491386382281,0.002050861361771944,1.0,1.0,10,74,4866,0,1.0,0.9850202429149798,0.01696969696969697,58.55867900000885,36,100
0.0,0.3,0.0,1.0,0.3,0.05,3,4940,0,7,0.3,0.0,0.9985858585858586,58.541459100088105,37,100
0.0,0.3,0.0,1.0,0.3,0.1,3,4940,0,7,0.3,0.0,0.9985858585858586,58.541459100088105,37,100
0.0,0.3,0.0,1.0,0.3,0.15,3,4940,0,7,0.3,0.0,0.9985858585858586,58.541459100088105,37,100
0.0,0.3,0.0,1.0,0.3,0.2,3,4940,0,7,0.3,0.0,0.9985858585858586,58.541459100088105,37,100
0.0,0.3,0.0,1.0,0.3,0.25,3,4940,0,7,0.3,0.0,0.9985858585858586,58.541459100088105,37,100
0.0,0.3,0.0,1.0,0.3,0.3,3,4940,0,7,0.3,0.0,0.9985858585858586,58.541459100088105,37,100
0.0,0.3,0.0,1.0,0.3,0.35,3,4940,0,7,0.3,0.0,0.9985858585858586,58.541459100088105,37,100
0.00020242914979757084,0.3,0.25,0.75,0.3,0.4,3,4939,1,7,0.3,0.00020242914979757084,0.9983838383838384,58.541459100088105,37,100
0.00020242914979757084,0.3,0.25,0.75,0.3,0.45,3,4939,1,7,0.3,0.00020242914979757084,0.9983838383838384,58.541459100088105,37,100
0.00020242914979757084,0.3,0.25,0.75,0.3,0.5,3,4939,1,7,0.3,0.00020242914979757084,0.9983838383838384,58.541459100088105,37,100
0.00020242914979757084,0.3,0.25,0.75,0.3,0.55,3,4939,1,7,0.3,0.00020242914979757084,0.9983838383838384,58.541459100088105,37,100
0.00020242914979757084,0.3,0.25,0.75,0.3,0.6,3,4939,1,7,0.3,0.00020242914979757084,0.9983838383838384,58.541459100088105,37,100
0.00020242914979757084,0.3,0.25,0.75,0.3,0.65,3,4939,1,7,0.3,0.00020242914979757084,0.9983838383838384,58.541459100088105,37,100
0.00020242914979757084,0.3,0.25,0.75,0.3,0.7,3,4939,1,7,0.3,0.00020242914979757084,0.9983838383838384,58.541459100088105,37,100
0.00020242914979757084,0.3,0.25,0.75,0.3,0.75,3,4939,1,7,0.3,0.00020242914979757084,0.9983838383838384,58.541459100088105,37,100
0.00020242914979757084,0.3,0.25,0.75,0.3,0.8,3,4939,1,7,0.3,0.00020242914979757084,0.9983838383838384,58.541459100088105,37,100
0.004251012145748988,0.5,0.8076923076923077,0.19230769230769232,0.5,0.85,5,4919,21,5,0.5,0.004251012145748988,0.9947474747474747,58.541459100088105,37,100
0.08198380566801619,0.8,0.9806295399515739,0.01937046004842615,0.8,0.9,8,4535,405,2,0.8,0.08198380566801619,0.9177777777777778,58.541459100088105,37,100
0.12813765182186235,0.8,0.9875195007800313,0.0124804992199688,0.8,0.95,8,4307,633,2,0.8,0.12813765182186235,0.8717171717171717,58.541459100088105,37,100
0.9898785425101214,1.0,0.9979591836734694,0.0020408163265306124,1.0,1.0,10,50,4890,0,1.0,0.9898785425101214,0.012121212121212121,58.541459100088105,37,100
0.0,0.3,0.0,1.0,0.3,0.05,3,4940,0,7,0.3,0.0,0.9985858585858586,59.966843999922276,38,100
0.0,0.3,0.0,1.0,0.3,0.1,3,4940,0,7,0.3,0.0,0.9985858585858586,59.966843999922276,38,100
0.0,0.3,0.0,1.0,0.3,0.15,3,4940,0,7,0.3,0.0,0.9985858585858586,59.966843999922276,38,100
0.0,0.4,0.0,1.0,0.4,0.2,4,4940,0,6,0.4,0.0,0.9987878787878788,59.966843999922276,38,100
0.0,0.4,0.0,1.0,0.4,0.25,4,4940,0,6,0.4,0.0,0.9987878787878788,59.966843999922276,38,100
0.0,0.4,0.0,1.0,0.4,0.3,4,4940,0,6,0.4,0.0,0.9987878787878788,59.966843999922276,38,100
0.0006072874493927126,0.4,0.42857142857142855,0.5714285714285714,0.4,0.35,4,4937,3,6,0.4,0.0006072874493927126,0.9981818181818182,59.966843999922276,38,100
0.0006072874493927126,0.4,0.42857142857142855,0.5714285714285714,0.4,0.4,4,4937,3,6,0.4,0.0006072874493927126,0.9981818181818182,59.966843999922276,38,100
0.0006072874493927126,0.4,0.42857142857142855,0.5714285714285714,0.4,0.45,4,4937,3,6,0.4,0.0006072874493927126,0.9981818181818182,59.966843999922276,38,100
0.0010121457489878543,0.4,0.5555555555555556,0.4444444444444444,0.4,0.5,4,4935,5,6,0.4,0.0010121457489878543,0.9977777777777778,59.966843999922276,38,100
0.002631578947368421,0.5,0.7222222222222222,0.2777777777777778,0.5,0.55,5,4927,13,5,0.5,0.002631578947368421,0.9963636363636363,59.966843999922276,38,100
0.005465587044534413,0.6,0.8181818181818182,0.18181818181818182,0.6,0.6,6,4913,27,4,0.6,0.005465587044534413,0.9937373737373737,59.966843999922276,38,100
0.005668016194331984,0.6,0.8235294117647058,0.17647058823529413,0.6,0.65,6,4912,28,4,0.6,0.005668016194331984,0.9935353535353535,59.966843999922276,38,100
0.008502024291497975,0.6,0.875,0.125,0.6,0.7,6,4898,42,4,0.6,0.008502024291497975,0.9907070707070708,59.966843999922276,38,100
0.008704453441295546,0.6,0.8775510204081632,0.12244897959183673,0.6,0.75,6,4897,43,4,0.6,0.008704453441295546,0.9905050505050506,59.966843999922276,38,100
0.045748987854251015,0.7,0.9699570815450643,0.030042918454935622,0.7,0.8,7,4714,226,3,0.7,0.045748987854251015,0.9537373737373738,59.966843999922276,38,100
0.07753036437246963,0.7,0.982051282051282,0.017948717948717947,0.7,0.85,7,4557,383,3,0.7,0.07753036437246963,0.9220202020202021,59.966843999922276,38,100
0.13502024291497974,0.7,0.9896142433234422,0.010385756676557863,0.7,0.9,7,4273,667,3,0.7,0.13502024291497974,0.8646464646464647,59.966843999922276,38,100
0.3287449392712551,0.9,0.994488671157379,0.005511328842620943,0.9,0.95,9,3316,1624,1,0.9,0.3287449392712551,0.6717171717171717,59.966843999922276,38,100
0.9983805668016195,1.0,0.9979765277215702,0.0020234722784297854,1.0,1.0,10,8,4932,0,1.0,0.9983805668016195,0.0036363636363636364,59.966843999922276,38,100
0.0,0.4,0.0,1.0,0.4,0.05,4,4940,0,6,0.4,0.0,0.9987878787878788,54.009186599985696,39,100
0.00020242914979757084,0.5,0.16666666666666666,0.8333333333333334,0.5,0.1,5,4939,1,5,0.5,0.00020242914979757084,0.9987878787878788,54.009186599985696,39,100
0.0010121457489878543,0.5,0.5,0.5,0.5,0.15,5,4935,5,5,0.5,0.0010121457489878543,0.997979797979798,54.009186599985696,39,100
0.0012145748987854252,0.5,0.5454545454545454,0.45454545454545453,0.5,0.2,5,4934,6,5,0.5,0.0012145748987854252,0.9977777777777778,54.009186599985696,39,100
0.0012145748987854252,0.5,0.5454545454545454,0.45454545454545453,0.5,0.25,5,4934,6,5,0.5,0.0012145748987854252,0.9977777777777778,54.009186599985696,39,100
0.0012145748987854252,0.6,0.5,0.5,0.6,0.3,6,4934,6,4,0.6,0.0012145748987854252,0.997979797979798,54.009186599985696,39,100
0.0012145748987854252,0.6,0.5,0.5,0.6,0.35,6,4934,6,4,0.6,0.0012145748987854252,0.997979797979798,54.009186599985696,39,100
0.003036437246963563,0.6,0.7142857142857143,0.2857142857142857,0.6,0.4,6,4925,15,4,0.6,0.003036437246963563,0.9961616161616161,54.009186599985696,39,100
0.0038461538461538464,0.6,0.76,0.24,0.6,0.45,6,4921,19,4,0.6,0.0038461538461538464,0.9953535353535353,54.009186599985696,39,100
0.004453441295546558,0.6,0.7857142857142857,0.21428571428571427,0.6,0.5,6,4918,22,4,0.6,0.004453441295546558,0.9947474747474747,54.009186599985696,39,100
0.005060728744939271,0.6,0.8064516129032258,0.1935483870967742,0.6,0.55,6,4915,25,4,0.6,0.005060728744939271,0.9941414141414141,54.009186599985696,39,100
0.005465587044534413,0.6,0.8181818181818182,0.18181818181818182,0.6,0.6,6,4913,27,4,0.6,0.005465587044534413,0.9937373737373737,54.009186599985696,39,100
0.007894736842105263,0.6,0.8666666666666667,0.13333333333333333,0.6,0.65,6,4901,39,4,0.6,0.007894736842105263,0.9913131313131314,54.009186599985696,39,100
0.010323886639676113,0.7,0.8793103448275862,0.1206896551724138,0.7,0.7,7,4889,51,3,0.7,0.010323886639676113,0.9890909090909091,54.009186599985696,39,100
0.011133603238866396,0.7,0.8870967741935484,0.11290322580645161,0.7,0.75,7,4885,55,3,0.7,0.011133603238866396,0.9882828282828283,54.009186599985696,39,100
0.019230769230769232,0.8,0.9223300970873787,0.07766990291262135,0.8,0.8,8,4845,95,2,0.8,0.019230769230769232,0.9804040404040404,54.009186599985696,39,100
0.03178137651821862,0.9,0.9457831325301205,0.05421686746987952,0.9,0.85,9,4783,157,1,0.9,0.03178137651821862,0.9680808080808081,54.009186599985696,39,100
0.08582995951417004,1.0,0.9769585253456221,0.02304147465437788,1.0,0.9,10,4516,424,0,1.0,0.08582995951417004,0.9143434343434343,54.009186599985696,39,100
0.22975708502024292,1.0,0.9912663755458515,0.008733624454148471,1.0,0.95,10,3805,1135,0,1.0,0.22975708502024292,0.7707070707070707,54.009186599985696,39,100
0.9983805668016195,1.0,0.9979765277215702,0.0020234722784297854,1.0,1.0,10,8,4932,0,1.0,0.9983805668016195,0.0036363636363636364,54.009186599985696,39,100
0.0,0.0,0.0,,0.0,0.05,0,4940,0,10,0.0,0.0,0.997979797979798,47.110109200002626,40,100
0.0,0.0,0.0,,0.0,0.1,0,4940,0,10,0.0,0.0,0.997979797979798,47.110109200002626,40,100
0.0,0.0,0.0,,0.0,0.15,0,4940,0,10,0.0,0.0,0.997979797979798,47.110109200002626,40,100
0.0,0.0,0.0,,0.0,0.2,0,4940,0,10,0.0,0.0,0.997979797979798,47.110109200002626,40,100
0.00020242914979757084,0.1,0.5,0.5,0.1,0.25,1,4939,1,9,0.1,0.00020242914979757084,0.997979797979798,47.110109200002626,40,100
0.0006072874493927126,0.1,0.75,0.25,0.1,0.3,1,4937,3,9,0.1,0.0006072874493927126,0.9975757575757576,47.110109200002626,40,100
0.0006072874493927126,0.1,0.75,0.25,0.1,0.35,1,4937,3,9,0.1,0.0006072874493927126,0.9975757575757576,47.110109200002626,40,100
0.0008097165991902834,0.2,0.6666666666666666,0.3333333333333333,0.2,0.4,2,4936,4,8,0.2,0.0008097165991902834,0.9975757575757576,47.110109200002626,40,100
0.0008097165991902834,0.2,0.6666666666666666,0.3333333333333333,0.2,0.45,2,4936,4,8,0.2,0.0008097165991902834,0.9975757575757576,47.110109200002626,40,100
0.0008097165991902834,0.2,0.6666666666666666,0.3333333333333333,0.2,0.5,2,4936,4,8,0.2,0.0008097165991902834,0.9975757575757576,47.110109200002626,40,100
0.0020242914979757085,0.3,0.7692307692307693,0.23076923076923078,0.3,0.55,3,4930,10,7,0.3,0.0020242914979757085,0.9965656565656565,47.110109200002626,40,100
0.0024291497975708503,0.3,0.8,0.2,0.3,0.6,3,4928,12,7,0.3,0.0024291497975708503,0.9961616161616161,47.110109200002626,40,100
0.0024291497975708503,0.3,0.8,0.2,0.3,0.65,3,4928,12,7,0.3,0.0024291497975708503,0.9961616161616161,47.110109200002626,40,100
0.00708502024291498,0.5,0.875,0.125,0.5,0.7,5,4905,35,5,0.5,0.00708502024291498,0.9919191919191919,47.110109200002626,40,100
0.0072874493927125505,0.6,0.8571428571428571,0.14285714285714285,0.6,0.75,6,4904,36,4,0.6,0.0072874493927125505,0.9919191919191919,47.110109200002626,40,100
0.009109311740890687,0.6,0.8823529411764706,0.11764705882352941,0.6,0.8,6,4895,45,4,0.6,0.009109311740890687,0.9901010101010101,47.110109200002626,40,100
0.020647773279352227,0.6,0.9444444444444444,0.05555555555555555,0.6,0.85,6,4838,102,4,0.6,0.020647773279352227,0.9785858585858586,47.110109200002626,40,100
0.037044534412955465,0.8,0.9581151832460733,0.041884816753926704,0.8,0.9,8,4757,183,2,0.8,0.037044534412955465,0.9626262626262626,47.110109200002626,40,100
0.3194331983805668,1.0,0.9937027707808564,0.006297229219143577,1.0,0.95,10,3362,1578,0,1.0,0.3194331983805668,0.6812121212121212,47.110109200002626,40,100
0.990080971659919,1.0,0.997959600081616,0.0020403999183840034,1.0,1.0,10,49,4891,0,1.0,0.990080971659919,0.01191919191919192,47.110109200002626,40,100
0.00020242914979757084,0.4,0.2,0.8,0.4,0.05,4,4939,1,6,0.4,0.00020242914979757084,0.9985858585858586,48.84192979999352,41,100
0.0004048582995951417,0.4,0.3333333333333333,0.6666666666666666,0.4,0.1,4,4938,2,6,0.4,0.0004048582995951417,0.9983838383838384,48.84192979999352,41,100
0.0008097165991902834,0.4,0.5,0.5,0.4,0.15,4,4936,4,6,0.4,0.0008097165991902834,0.997979797979798,48.84192979999352,41,100
0.002834008097165992,0.6,0.7,0.3,0.6,0.2,6,4926,14,4,0.6,0.002834008097165992,0.9963636363636363,48.84192979999352,41,100
0.0034412955465587046,0.6,0.7391304347826086,0.2608695652173913,0.6,0.25,6,4923,17,4,0.6,0.0034412955465587046,0.9957575757575757,48.84192979999352,41,100
0.00465587044534413,0.6,0.7931034482758621,0.20689655172413793,0.6,0.3,6,4917,23,4,0.6,0.00465587044534413,0.9945454545454545,48.84192979999352,41,100
0.005263157894736842,0.6,0.8125,0.1875,0.6,0.35,6,4914,26,4,0.6,0.005263157894736842,0.9939393939393939,48.84192979999352,41,100
0.006275303643724696,0.6,0.8378378378378378,0.16216216216216217,0.6,0.4,6,4909,31,4,0.6,0.006275303643724696,0.9929292929292929,48.84192979999352,41,100
0.007489878542510121,0.6,0.8604651162790697,0.13953488372093023,0.6,0.45,6,4903,37,4,0.6,0.007489878542510121,0.9917171717171717,48.84192979999352,41,100
0.007489878542510121,0.6,0.8604651162790697,0.13953488372093023,0.6,0.5,6,4903,37,4,0.6,0.007489878542510121,0.9917171717171717,48.84192979999352,41,100
0.009919028340080972,0.7,0.875,0.125,0.7,0.55,7,4891,49,3,0.7,0.009919028340080972,0.9894949494949495,48.84192979999352,41,100
0.015789473684210527,0.9,0.896551724137931,0.10344827586206896,0.9,0.6,9,4862,78,1,0.9,0.015789473684210527,0.984040404040404,48.84192979999352,41,100
0.018016194331983804,0.9,0.9081632653061225,0.09183673469387756,0.9,0.65,9,4851,89,1,0.9,0.018016194331983804,0.9818181818181818,48.84192979999352,41,100
0.03299595141700405,1.0,0.9421965317919075,0.057803468208092484,1.0,0.7,10,4777,163,0,1.0,0.03299595141700405,0.9670707070707071,48.84192979999352,41,100
0.0465587044534413,1.0,0.9583333333333334,0.041666666666666664,1.0,0.75,10,4710,230,0,1.0,0.0465587044534413,0.9535353535353536,48.84192979999352,41,100
0.0722672064777328,1.0,0.9727520435967303,0.027247956403269755,1.0,0.8,10,4583,357,0,1.0,0.0722672064777328,0.9278787878787879,48.84192979999352,41,100
0.09959514170040486,1.0,0.9800796812749004,0.0199203187250996,1.0,0.85,10,4448,492,0,1.0,0.09959514170040486,0.9006060606060606,48.84192979999352,41,100
0.19554655870445345,1.0,0.9897540983606558,0.010245901639344262,1.0,0.9,10,3974,966,0,1.0,0.19554655870445345,0.8048484848484848,48.84192979999352,41,100
0.47692307692307695,1.0,0.9957734573119188,0.00422654268808115,1.0,0.95,10,2584,2356,0,1.0,0.47692307692307695,0.5240404040404041,48.84192979999352,41,100
0.998582995951417,1.0,0.9979769370827433,0.0020230629172567267,1.0,1.0,10,7,4933,0,1.0,0.998582995951417,0.0034343434343434343,48.84192979999352,41,100
0.0,0.2,0.0,1.0,0.2,0.05,2,4940,0,8,0.2,0.0,0.9983838383838384,55.16323250008281,42,100
0.00020242914979757084,0.3,0.25,0.75,0.3,0.1,3,4939,1,7,0.3,0.00020242914979757084,0.9983838383838384,55.16323250008281,42,100
0.00020242914979757084,0.3,0.25,0.75,0.3,0.15,3,4939,1,7,0.3,0.00020242914979757084,0.9983838383838384,55.16323250008281,42,100
0.0004048582995951417,0.4,0.3333333333333333,0.6666666666666666,0.4,0.2,4,4938,2,6,0.4,0.0004048582995951417,0.9983838383838384,55.16323250008281,42,100
0.0004048582995951417,0.4,0.3333333333333333,0.6666666666666666,0.4,0.25,4,4938,2,6,0.4,0.0004048582995951417,0.9983838383838384,55.16323250008281,42,100
0.0004048582995951417,0.4,0.3333333333333333,0.6666666666666666,0.4,0.3,4,4938,2,6,0.4,0.0004048582995951417,0.9983838383838384,55.16323250008281,42,100
0.0036437246963562753,0.8,0.6923076923076923,0.3076923076923077,0.8,0.35,8,4922,18,2,0.8,0.0036437246963562753,0.9959595959595959,55.16323250008281,42,100
0.00951417004048583,0.8,0.8545454545454545,0.14545454545454545,0.8,0.4,8,4893,47,2,0.8,0.00951417004048583,0.9901010101010101,55.16323250008281,42,100
0.010728744939271255,0.8,0.8688524590163934,0.13114754098360656,0.8,0.45,8,4887,53,2,0.8,0.010728744939271255,0.9888888888888889,55.16323250008281,42,100
0.013967611336032389,0.8,0.8961038961038961,0.1038961038961039,0.8,0.5,8,4871,69,2,0.8,0.013967611336032389,0.9856565656565657,55.16323250008281,42,100
0.02348178137651822,0.8,0.9354838709677419,0.06451612903225806,0.8,0.55,8,4824,116,2,0.8,0.02348178137651822,0.9761616161616161,55.16323250008281,42,100
0.04595141700404858,0.8,0.9659574468085106,0.03404255319148936,0.8,0.6,8,4713,227,2,0.8,0.04595141700404858,0.9537373737373738,55.16323250008281,42,100
0.055465587044534415,0.8,0.9716312056737588,0.028368794326241134,0.8,0.65,8,4666,274,2,0.8,0.055465587044534415,0.9442424242424242,55.16323250008281,42,100
0.07267206477732793,0.8,0.9782016348773842,0.021798365122615803,0.8,0.7,8,4581,359,2,0.8,0.07267206477732793,0.927070707070707,55.16323250008281,42,100
0.10870445344129555,0.8,0.9853211009174312,0.014678899082568808,0.8,0.75,8,4403,537,2,0.8,0.10870445344129555,0.8911111111111111,55.16323250008281,42,100
0.18157894736842106,0.9,0.9900662251655629,0.009933774834437087,0.9,0.8,9,4043,897,1,0.9,0.18157894736842106,0.8185858585858586,55.16323250008281,42,100
0.24190283400809717,0.9,0.9925249169435216,0.007475083056478406,0.9,0.85,9,3745,1195,1,0.9,0.24190283400809717,0.7583838383838384,55.16323250008281,42,100
0.29676113360323886,0.9,0.9938983050847457,0.006101694915254237,0.9,0.9,9,3474,1466,1,0.9,0.29676113360323886,0.7036363636363636,55.16323250008281,42,100
0.4783400809716599,0.9,0.9962057335581788,0.0037942664418212477,0.9,0.95,9,2577,2363,1,0.9,0.4783400809716599,0.5224242424242425,55.16323250008281,42,100
0.9991902834008097,1.0,0.9979781641730692,0.0020218358269308533,1.0,1.0,10,4,4936,0,1.0,0.9991902834008097,0.0028282828282828283,55.16323250008281,42,100
0.0004048582995951417,0.3,0.4,0.6,0.3,0.05,3,4938,2,7,0.3,0.0004048582995951417,0.9981818181818182,58.44409959996119,43,100
0.0004048582995951417,0.4,0.3333333333333333,0.6666666666666666,0.4,0.1,4,4938,2,6,0.4,0.0004048582995951417,0.9983838383838384,58.44409959996119,43,100
0.0004048582995951417,0.4,0.3333333333333333,0.6666666666666666,0.4,0.15,4,4938,2,6,0.4,0.0004048582995951417,0.9983838383838384,58.44409959996119,43,100
0.0004048582995951417,0.4,0.3333333333333333,0.6666666666666666,0.4,0.2,4,4938,2,6,0.4,0.0004048582995951417,0.9983838383838384,58.44409959996119,43,100
0.0004048582995951417,0.4,0.3333333333333333,0.6666666666666666,0.4,0.25,4,4938,2,6,0.4,0.0004048582995951417,0.9983838383838384,58.44409959996119,43,100
0.0004048582995951417,0.4,0.3333333333333333,0.6666666666666666,0.4,0.3,4,4938,2,6,0.4,0.0004048582995951417,0.9983838383838384,58.44409959996119,43,100
0.0008097165991902834,0.4,0.5,0.5,0.4,0.35,4,4936,4,6,0.4,0.0008097165991902834,0.997979797979798,58.44409959996119,43,100
0.0024291497975708503,0.5,0.7058823529411765,0.29411764705882354,0.5,0.4,5,4928,12,5,0.5,0.0024291497975708503,0.9965656565656565,58.44409959996119,43,100
0.0024291497975708503,0.6,0.6666666666666666,0.3333333333333333,0.6,0.45,6,4928,12,4,0.6,0.0024291497975708503,0.9967676767676767,58.44409959996119,43,100
0.0032388663967611335,0.6,0.7272727272727273,0.2727272727272727,0.6,0.5,6,4924,16,4,0.6,0.0032388663967611335,0.9959595959595959,58.44409959996119,43,100
0.0038461538461538464,0.6,0.76,0.24,0.6,0.55,6,4921,19,4,0.6,0.0038461538461538464,0.9953535353535353,58.44409959996119,43,100
0.005668016194331984,0.9,0.7567567567567568,0.24324324324324326,0.9,0.6,9,4912,28,1,0.9,0.005668016194331984,0.9941414141414141,58.44409959996119,43,100
0.006275303643724696,0.9,0.775,0.225,0.9,0.65,9,4909,31,1,0.9,0.006275303643724696,0.9935353535353535,58.44409959996119,43,100
0.006882591093117409,0.9,0.7906976744186046,0.20930232558139536,0.9,0.7,9,4906,34,1,0.9,0.006882591093117409,0.9929292929292929,58.44409959996119,43,100
0.007489878542510121,0.9,0.8043478260869565,0.1956521739130435,0.9,0.75,9,4903,37,1,0.9,0.007489878542510121,0.9923232323232323,58.44409959996119,43,100
0.01720647773279352,0.9,0.9042553191489362,0.09574468085106383,0.9,0.8,9,4855,85,1,0.9,0.01720647773279352,0.9826262626262626,58.44409959996119,43,100
0.019635627530364373,0.9,0.9150943396226415,0.08490566037735849,0.9,0.85,9,4843,97,1,0.9,0.019635627530364373,0.9802020202020202,58.44409959996119,43,100
0.04129554655870445,0.9,0.9577464788732394,0.04225352112676056,0.9,0.9,9,4736,204,1,0.9,0.04129554655870445,0.9585858585858585,58.44409959996119,43,100
0.2020242914979757,1.0,0.9900793650793651,0.00992063492063492,1.0,0.95,10,3942,998,0,1.0,0.2020242914979757,0.7983838383838384,58.44409959996119,43,100
0.9846153846153847,1.0,0.9979482970865818,0.002051702913418137,1.0,1.0,10,76,4864,0,1.0,0.9846153846153847,0.017373737373737375,58.44409959996119,43,100
0.0004048582995951417,0.4,0.3333333333333333,0.6666666666666666,0.4,0.05,4,4938,2,6,0.4,0.0004048582995951417,0.9983838383838384,58.34830640000291,44,100
0.0006072874493927126,0.5,0.375,0.625,0.5,0.1,5,4937,3,5,0.5,0.0006072874493927126,0.9983838383838384,58.34830640000291,44,100
0.0010121457489878543,0.6,0.45454545454545453,0.5454545454545454,0.6,0.15,6,4935,5,4,0.6,0.0010121457489878543,0.9981818181818182,58.34830640000291,44,100
0.0016194331983805667,0.7,0.5333333333333333,0.4666666666666667,0.7,0.2,7,4932,8,3,0.7,0.0016194331983805667,0.9977777777777778,58.34830640000291,44,100
0.0018218623481781376,0.7,0.5625,0.4375,0.7,0.25,7,4931,9,3,0.7,0.0018218623481781376,0.9975757575757576,58.34830640000291,44,100
0.002226720647773279,0.7,0.6111111111111112,0.3888888888888889,0.7,0.3,7,4929,11,3,0.7,0.002226720647773279,0.9971717171717172,58.34830640000291,44,100
0.002226720647773279,0.7,0.6111111111111112,0.3888888888888889,0.7,0.35,7,4929,11,3,0.7,0.002226720647773279,0.9971717171717172,58.34830640000291,44,100
0.0032388663967611335,0.7,0.6956521739130435,0.30434782608695654,0.7,0.4,7,4924,16,3,0.7,0.0032388663967611335,0.9961616161616161,58.34830640000291,44,100
0.0032388663967611335,0.7,0.6956521739130435,0.30434782608695654,0.7,0.45,7,4924,16,3,0.7,0.0032388663967611335,0.9961616161616161,58.34830640000291,44,100
0.0032388663967611335,0.7,0.6956521739130435,0.30434782608695654,0.7,0.5,7,4924,16,3,0.7,0.0032388663967611335,0.9961616161616161,58.34830640000291,44,100
0.0032388663967611335,0.7,0.6956521739130435,0.30434782608695654,0.7,0.55,7,4924,16,3,0.7,0.0032388663967611335,0.9961616161616161,58.34830640000291,44,100
0.004251012145748988,0.7,0.75,0.25,0.7,0.6,7,4919,21,3,0.7,0.004251012145748988,0.9951515151515151,58.34830640000291,44,100
0.005060728744939271,0.7,0.78125,0.21875,0.7,0.65,7,4915,25,3,0.7,0.005060728744939271,0.9943434343434343,58.34830640000291,44,100
0.005870445344129555,0.7,0.8055555555555556,0.19444444444444445,0.7,0.7,7,4911,29,3,0.7,0.005870445344129555,0.9935353535353535,58.34830640000291,44,100
0.006072874493927126,0.7,0.8108108108108109,0.1891891891891892,0.7,0.75,7,4910,30,3,0.7,0.006072874493927126,0.9933333333333333,58.34830640000291,44,100
0.008906882591093117,0.8,0.8461538461538461,0.15384615384615385,0.8,0.8,8,4896,44,2,0.8,0.008906882591093117,0.9907070707070708,58.34830640000291,44,100
0.17267206477732794,1.0,0.9884125144843569,0.011587485515643106,1.0,0.85,10,4087,853,0,1.0,0.17267206477732794,0.8276767676767677,58.34830640000291,44,100
0.242914979757085,1.0,0.9917355371900827,0.008264462809917356,1.0,0.9,10,3740,1200,0,1.0,0.242914979757085,0.7575757575757576,58.34830640000291,44,100
0.4580971659919028,1.0,0.9956005279366476,0.004399472063352398,1.0,0.95,10,2677,2263,0,1.0,0.4580971659919028,0.5428282828282829,58.34830640000291,44,100
0.9989878542510121,1.0,0.9979777553083923,0.0020222446916076846,1.0,1.0,10,5,4935,0,1.0,0.9989878542510121,0.0030303030303030303,58.34830640000291,44,100
0.0,0.2,0.0,1.0,0.2,0.05,2,4940,0,8,0.2,0.0,0.9983838383838384,58.35639880003873,45,100
0.0,0.3,0.0,1.0,0.3,0.1,3,4940,0,7,0.3,0.0,0.9985858585858586,58.35639880003873,45,100
0.0,0.3,0.0,1.0,0.3,0.15,3,4940,0,7,0.3,0.0,0.9985858585858586,58.35639880003873,45,100
0.0,0.3,0.0,1.0,0.3,0.2,3,4940,0,7,0.3,0.0,0.9985858585858586,58.35639880003873,45,100
0.0,0.3,0.0,1.0,0.3,0.25,3,4940,0,7,0.3,0.0,0.9985858585858586,58.35639880003873,45,100
0.0,0.3,0.0,1.0,0.3,0.3,3,4940,0,7,0.3,0.0,0.9985858585858586,58.35639880003873,45,100
0.0,0.3,0.0,1.0,0.3,0.35,3,4940,0,7,0.3,0.0,0.9985858585858586,58.35639880003873,45,100
0.0012145748987854252,0.3,0.6666666666666666,0.3333333333333333,0.3,0.4,3,4934,6,7,0.3,0.0012145748987854252,0.9973737373737374,58.35639880003873,45,100
0.001417004048582996,0.4,0.6363636363636364,0.36363636363636365,0.4,0.45,4,4933,7,6,0.4,0.001417004048582996,0.9973737373737374,58.35639880003873,45,100
0.001417004048582996,0.4,0.6363636363636364,0.36363636363636365,0.4,0.5,4,4933,7,6,0.4,0.001417004048582996,0.9973737373737374,58.35639880003873,45,100
0.0018218623481781376,0.4,0.6923076923076923,0.3076923076923077,0.4,0.55,4,4931,9,6,0.4,0.0018218623481781376,0.996969696969697,58.35639880003873,45,100
0.002834008097165992,0.4,0.7777777777777778,0.2222222222222222,0.4,0.6,4,4926,14,6,0.4,0.002834008097165992,0.9959595959595959,58.35639880003873,45,100
0.0032388663967611335,0.4,0.8,0.2,0.4,0.65,4,4924,16,6,0.4,0.0032388663967611335,0.9955555555555555,58.35639880003873,45,100
0.006072874493927126,0.4,0.8823529411764706,0.11764705882352941,0.4,0.7,4,4910,30,6,0.4,0.006072874493927126,0.9927272727272727,58.35639880003873,45,100
0.025708502024291497,0.6,0.9548872180451128,0.045112781954887216,0.6,0.75,6,4813,127,4,0.6,0.025708502024291497,0.9735353535353536,58.35639880003873,45,100
0.05607287449392712,0.9,0.9685314685314685,0.03146853146853147,0.9,0.8,9,4663,277,1,0.9,0.05607287449392712,0.9438383838383838,58.35639880003873,45,100
0.07631578947368421,0.9,0.9766839378238342,0.023316062176165803,0.9,0.85,9,4563,377,1,0.9,0.07631578947368421,0.9236363636363636,58.35639880003873,45,100
0.0945344129554656,0.9,0.9810924369747899,0.018907563025210083,0.9,0.9,9,4473,467,1,0.9,0.0945344129554656,0.9054545454545454,58.35639880003873,45,100
0.19696356275303645,0.9,0.9908350305498982,0.009164969450101833,0.9,0.95,9,3967,973,1,0.9,0.19696356275303645,0.8032323232323232,58.35639880003873,45,100
0.9995951417004049,1.0,0.997978981406629,0.002021018593371059,1.0,1.0,10,2,4938,0,1.0,0.9995951417004049,0.0024242424242424242,58.35639880003873,45,100
0.00020242914979757084,0.2,0.3333333333333333,0.6666666666666666,0.2,0.05,2,4939,1,8,0.2,0.00020242914979757084,0.9981818181818182,57.78657549992204,46,100
0.0004048582995951417,0.2,0.5,0.5,0.2,0.1,2,4938,2,8,0.2,0.0004048582995951417,0.997979797979798,57.78657549992204,46,100
0.0004048582995951417,0.2,0.5,0.5,0.2,0.15,2,4938,2,8,0.2,0.0004048582995951417,0.997979797979798,57.78657549992204,46,100
0.0006072874493927126,0.2,0.6,0.4,0.2,0.2,2,4937,3,8,0.2,0.0006072874493927126,0.9977777777777778,57.78657549992204,46,100
0.0008097165991902834,0.2,0.6666666666666666,0.3333333333333333,0.2,0.25,2,4936,4,8,0.2,0.0008097165991902834,0.9975757575757576,57.78657549992204,46,100
0.0012145748987854252,0.3,0.6666666666666666,0.3333333333333333,0.3,0.3,3,4934,6,7,0.3,0.0012145748987854252,0.9973737373737374,57.78657549992204,46,100
0.0012145748987854252,0.3,0.6666666666666666,0.3333333333333333,0.3,0.35,3,4934,6,7,0.3,0.0012145748987854252,0.9973737373737374,57.78657549992204,46,100
0.0012145748987854252,0.3,0.6666666666666666,0.3333333333333333,0.3,0.4,3,4934,6,7,0.3,0.0012145748987854252,0.9973737373737374,57.78657549992204,46,100
0.0016194331983805667,0.3,0.7272727272727273,0.2727272727272727,0.3,0.45,3,4932,8,7,0.3,0.0016194331983805667,0.996969696969697,57.78657549992204,46,100
0.0016194331983805667,0.3,0.7272727272727273,0.2727272727272727,0.3,0.5,3,4932,8,7,0.3,0.0016194331983805667,0.996969696969697,57.78657549992204,46,100
0.0020242914979757085,0.3,0.7692307692307693,0.23076923076923078,0.3,0.55,3,4930,10,7,0.3,0.0020242914979757085,0.9965656565656565,57.78657549992204,46,100
0.002226720647773279,0.3,0.7857142857142857,0.21428571428571427,0.3,0.6,3,4929,11,7,0.3,0.002226720647773279,0.9963636363636363,57.78657549992204,46,100
0.0024291497975708503,0.4,0.75,0.25,0.4,0.65,4,4928,12,6,0.4,0.0024291497975708503,0.9963636363636363,57.78657549992204,46,100
0.007692307692307693,0.6,0.8636363636363636,0.13636363636363635,0.6,0.7,6,4902,38,4,0.6,0.007692307692307693,0.9915151515151515,57.78657549992204,46,100
0.01174089068825911,0.6,0.90625,0.09375,0.6,0.75,6,4882,58,4,0.6,0.01174089068825911,0.9874747474747475,57.78657549992204,46,100
0.012348178137651822,0.6,0.9104477611940298,0.08955223880597014,0.6,0.8,6,4879,61,4,0.6,0.012348178137651822,0.9868686868686869,57.78657549992204,46,100
0.013967611336032389,0.6,0.92,0.08,0.6,0.85,6,4871,69,4,0.6,0.013967611336032389,0.9852525252525253,57.78657549992204,46,100
0.016194331983805668,0.7,0.9195402298850575,0.08045977011494253,0.7,0.9,7,4860,80,3,0.7,0.016194331983805668,0.9832323232323232,57.78657549992204,46,100
0.020040485829959515,0.7,0.9339622641509434,0.0660377358490566,0.7,0.95,7,4841,99,3,0.7,0.020040485829959515,0.9793939393939394,57.78657549992204,46,100
0.9914979757085021,1.0,0.9979625101874491,0.002037489812550937,1.0,1.0,10,42,4898,0,1.0,0.9914979757085021,0.010505050505050505,57.78657549992204,46,100
0.0,0.2,0.0,1.0,0.2,0.05,2,4940,0,8,0.2,0.0,0.9983838383838384,58.24684680008795,47,100
0.0,0.2,0.0,1.0,0.2,0.1,2,4940,0,8,0.2,0.0,0.9983838383838384,58.24684680008795,47,100
0.0,0.3,0.0,1.0,0.3,0.15,3,4940,0,7,0.3,0.0,0.9985858585858586,58.24684680008795,47,100
0.00020242914979757084,0.3,0.25,0.75,0.3,0.2,3,4939,1,7,0.3,0.00020242914979757084,0.9983838383838384,58.24684680008795,47,100
0.0010121457489878543,0.4,0.5555555555555556,0.4444444444444444,0.4,0.25,4,4935,5,6,0.4,0.0010121457489878543,0.9977777777777778,58.24684680008795,47,100
0.0010121457489878543,0.4,0.5555555555555556,0.4444444444444444,0.4,0.3,4,4935,5,6,0.4,0.0010121457489878543,0.9977777777777778,58.24684680008795,47,100
0.0010121457489878543,0.4,0.5555555555555556,0.4444444444444444,0.4,0.35,4,4935,5,6,0.4,0.0010121457489878543,0.9977777777777778,58.24684680008795,47,100
0.0012145748987854252,0.4,0.6,0.4,0.4,0.4,4,4934,6,6,0.4,0.0012145748987854252,0.9975757575757576,58.24684680008795,47,100
0.0016194331983805667,0.5,0.6153846153846154,0.38461538461538464,0.5,0.45,5,4932,8,5,0.5,0.0016194331983805667,0.9973737373737374,58.24684680008795,47,100
0.0016194331983805667,0.5,0.6153846153846154,0.38461538461538464,0.5,0.5,5,4932,8,5,0.5,0.0016194331983805667,0.9973737373737374,58.24684680008795,47,100
0.003036437246963563,0.5,0.75,0.25,0.5,0.55,5,4925,15,5,0.5,0.003036437246963563,0.9959595959595959,58.24684680008795,47,100
0.004858299595141701,0.5,0.8275862068965517,0.1724137931034483,0.5,0.6,5,4916,24,5,0.5,0.004858299595141701,0.9941414141414141,58.24684680008795,47,100
0.0066801619433198385,0.5,0.868421052631579,0.13157894736842105,0.5,0.65,5,4907,33,5,0.5,0.0066801619433198385,0.9923232323232323,58.24684680008795,47,100
0.008704453441295546,0.5,0.8958333333333334,0.10416666666666667,0.5,0.7,5,4897,43,5,0.5,0.008704453441295546,0.9903030303030304,58.24684680008795,47,100
0.00951417004048583,0.5,0.9038461538461539,0.09615384615384616,0.5,0.75,5,4893,47,5,0.5,0.00951417004048583,0.9894949494949495,58.24684680008795,47,100
0.029149797570850202,0.6,0.96,0.04,0.6,0.8,6,4796,144,4,0.6,0.029149797570850202,0.9701010101010101,58.24684680008795,47,100
0.0340080971659919,0.6,0.9655172413793104,0.034482758620689655,0.6,0.85,6,4772,168,4,0.6,0.0340080971659919,0.9652525252525253,58.24684680008795,47,100
0.0860323886639676,0.6,0.9860788863109049,0.013921113689095127,0.6,0.9,6,4515,425,4,0.6,0.0860323886639676,0.9133333333333333,58.24684680008795,47,100
0.44352226720647775,1.0,0.9954566106315311,0.004543389368468878,1.0,0.95,10,2749,2191,0,1.0,0.44352226720647775,0.5573737373737374,58.24684680008795,47,100
0.9967611336032388,1.0,0.9979732468585326,0.002026753141467369,1.0,1.0,10,16,4924,0,1.0,0.9967611336032388,0.0052525252525252525,58.24684680008795,47,100
0.0004048582995951417,0.5,0.2857142857142857,0.7142857142857143,0.5,0.05,5,4938,2,5,0.5,0.0004048582995951417,0.9985858585858586,58.370674400008284,48,100
0.0008097165991902834,0.5,0.4444444444444444,0.5555555555555556,0.5,0.1,5,4936,4,5,0.5,0.0008097165991902834,0.9981818181818182,58.370674400008284,48,100
0.0010121457489878543,0.5,0.5,0.5,0.5,0.15,5,4935,5,5,0.5,0.0010121457489878543,0.997979797979798,58.370674400008284,48,100
0.0016194331983805667,0.5,0.6153846153846154,0.38461538461538464,0.5,0.2,5,4932,8,5,0.5,0.0016194331983805667,0.9973737373737374,58.370674400008284,48,100
0.0018218623481781376,0.5,0.6428571428571429,0.35714285714285715,0.5,0.25,5,4931,9,5,0.5,0.0018218623481781376,0.9971717171717172,58.370674400008284,48,100
0.002226720647773279,0.5,0.6875,0.3125,0.5,0.3,5,4929,11,5,0.5,0.002226720647773279,0.9967676767676767,58.370674400008284,48,100
0.0024291497975708503,0.6,0.6666666666666666,0.3333333333333333,0.6,0.35,6,4928,12,4,0.6,0.0024291497975708503,0.9967676767676767,58.370674400008284,48,100
0.002834008097165992,0.6,0.7,0.3,0.6,0.4,6,4926,14,4,0.6,0.002834008097165992,0.9963636363636363,58.370674400008284,48,100
0.002834008097165992,0.6,0.7,0.3,0.6,0.45,6,4926,14,4,0.6,0.002834008097165992,0.9963636363636363,58.370674400008284,48,100
0.003036437246963563,0.6,0.7142857142857143,0.2857142857142857,0.6,0.5,6,4925,15,4,0.6,0.003036437246963563,0.9961616161616161,58.370674400008284,48,100
0.0038461538461538464,0.6,0.76,0.24,0.6,0.55,6,4921,19,4,0.6,0.0038461538461538464,0.9953535353535353,58.370674400008284,48,100
0.008502024291497975,0.6,0.875,0.125,0.6,0.6,6,4898,42,4,0.6,0.008502024291497975,0.9907070707070708,58.370674400008284,48,100
0.009109311740890687,0.6,0.8823529411764706,0.11764705882352941,0.6,0.65,6,4895,45,4,0.6,0.009109311740890687,0.9901010101010101,58.370674400008284,48,100
0.012955465587044534,0.7,0.9014084507042254,0.09859154929577464,0.7,0.7,7,4876,64,3,0.7,0.012955465587044534,0.9864646464646465,58.370674400008284,48,100
0.015384615384615385,0.7,0.9156626506024096,0.08433734939759036,0.7,0.75,7,4864,76,3,0.7,0.015384615384615385,0.984040404040404,58.370674400008284,48,100
0.039473684210526314,0.8,0.9605911330049262,0.03940886699507389,0.8,0.8,8,4745,195,2,0.8,0.039473684210526314,0.9602020202020202,58.370674400008284,48,100
0.04473684210526316,0.8,0.9650655021834061,0.034934497816593885,0.8,0.85,8,4719,221,2,0.8,0.04473684210526316,0.954949494949495,58.370674400008284,48,100
0.058704453441295545,0.8,0.9731543624161074,0.026845637583892617,0.8,0.9,8,4650,290,2,0.8,0.058704453441295545,0.941010101010101,58.370674400008284,48,100
0.17307692307692307,0.9,0.9895833333333334,0.010416666666666666,0.9,0.95,9,4085,855,1,0.9,0.17307692307692307,0.8270707070707071,58.370674400008284,48,100
0.9864372469635627,1.0,0.9979520786401802,0.0020479213598197828,1.0,1.0,10,67,4873,0,1.0,0.9864372469635627,0.015555555555555555,58.370674400008284,48,100
0.0,0.3,0.0,1.0,0.3,0.05,3,4940,0,7,0.3,0.0,0.9985858585858586,56.95936500001699,49,100
0.0,0.3,0.0,1.0,0.3,0.1,3,4940,0,7,0.3,0.0,0.9985858585858586,56.95936500001699,49,100
0.0,0.4,0.0,1.0,0.4,0.15,4,4940,0,6,0.4,0.0,0.9987878787878788,56.95936500001699,49,100
0.0010121457489878543,0.5,0.5,0.5,0.5,0.2,5,4935,5,5,0.5,0.0010121457489878543,0.997979797979798,56.95936500001699,49,100
0.0010121457489878543,0.5,0.5,0.5,0.5,0.25,5,4935,5,5,0.5,0.0010121457489878543,0.997979797979798,56.95936500001699,49,100
0.001417004048582996,0.5,0.5833333333333334,0.4166666666666667,0.5,0.3,5,4933,7,5,0.5,0.001417004048582996,0.9975757575757576,56.95936500001699,49,100
0.0016194331983805667,0.5,0.6153846153846154,0.38461538461538464,0.5,0.35,5,4932,8,5,0.5,0.0016194331983805667,0.9973737373737374,56.95936500001699,49,100
0.002226720647773279,0.5,0.6875,0.3125,0.5,0.4,5,4929,11,5,0.5,0.002226720647773279,0.9967676767676767,56.95936500001699,49,100
0.0024291497975708503,0.5,0.7058823529411765,0.29411764705882354,0.5,0.45,5,4928,12,5,0.5,0.0024291497975708503,0.9965656565656565,56.95936500001699,49,100
0.005870445344129555,0.5,0.8529411764705882,0.14705882352941177,0.5,0.5,5,4911,29,5,0.5,0.005870445344129555,0.9931313131313131,56.95936500001699,49,100
0.00708502024291498,0.5,0.875,0.125,0.5,0.55,5,4905,35,5,0.5,0.00708502024291498,0.9919191919191919,56.95936500001699,49,100
0.007489878542510121,0.5,0.8809523809523809,0.11904761904761904,0.5,0.6,5,4903,37,5,0.5,0.007489878542510121,0.9915151515151515,56.95936500001699,49,100
0.010121457489878543,0.6,0.8928571428571429,0.10714285714285714,0.6,0.65,6,4890,50,4,0.6,0.010121457489878543,0.9890909090909091,56.95936500001699,49,100
0.010121457489878543,0.6,0.8928571428571429,0.10714285714285714,0.6,0.7,6,4890,50,4,0.6,0.010121457489878543,0.9890909090909091,56.95936500001699,49,100
0.013562753036437248,0.6,0.9178082191780822,0.0821917808219178,0.6,0.75,6,4873,67,4,0.6,0.013562753036437248,0.9856565656565657,56.95936500001699,49,100
0.019230769230769232,0.7,0.9313725490196079,0.06862745098039216,0.7,0.8,7,4845,95,3,0.7,0.019230769230769232,0.9802020202020202,56.95936500001699,49,100
0.03319838056680162,0.8,0.9534883720930233,0.046511627906976744,0.8,0.85,8,4776,164,2,0.8,0.03319838056680162,0.9664646464646465,56.95936500001699,49,100
0.08421052631578947,0.8,0.9811320754716981,0.018867924528301886,0.8,0.9,8,4524,416,2,0.8,0.08421052631578947,0.9155555555555556,56.95936500001699,49,100
0.27469635627530364,0.8,0.9941391941391942,0.005860805860805861,0.8,0.95,8,3583,1357,2,0.8,0.27469635627530364,0.7254545454545455,56.95936500001699,49,100
0.9993927125506072,1.0,0.997978572872448,0.002021427127552052,1.0,1.0,10,3,4937,0,1.0,0.9993927125506072,0.0026262626262626263,56.95936500001699,49,100
