FPR,TPR,FDR,NPrecision,NRecall,alpha,NTP,NTN,NFP,NFN,NTPR,NFPR,NACC,diffnetfinder_sec,run,dim
0.0,0.3,0.0,1.0,0.3,0.05,3,4940,0,7,0.3,0.0,0.9985858585858586,45.882025200058706,0,100
0.0,0.3,0.0,1.0,0.3,0.1,3,4940,0,7,0.3,0.0,0.9985858585858586,45.882025200058706,0,100
0.0,0.3,0.0,1.0,0.3,0.15,3,4940,0,7,0.3,0.0,0.9985858585858586,45.882025200058706,0,100
0.0004048582995951417,0.3,0.4,0.6,0.3,0.2,3,4938,2,7,0.3,0.0004048582995951417,0.9981818181818182,45.882025200058706,0,100
0.0004048582995951417,0.3,0.4,0.6,0.3,0.25,3,4938,2,7,0.3,0.0004048582995951417,0.9981818181818182,45.882025200058706,0,100
0.0006072874493927126,0.3,0.5,0.5,0.3,0.3,3,4937,3,7,0.3,0.0006072874493927126,0.997979797979798,45.882025200058706,0,100
0.0006072874493927126,0.3,0.5,0.5,0.3,0.35,3,4937,3,7,0.3,0.0006072874493927126,0.997979797979798,45.882025200058706,0,100
0.0006072874493927126,0.3,0.5,0.5,0.3,0.4,3,4937,3,7,0.3,0.0006072874493927126,0.997979797979798,45.882025200058706,0,100
0.0006072874493927126,0.3,0.5,0.5,0.3,0.45,3,4937,3,7,0.3,0.0006072874493927126,0.997979797979798,45.882025200058706,0,100
0.0006072874493927126,0.3,0.5,0.5,0.3,0.5,3,4937,3,7,0.3,0.0006072874493927126,0.997979797979798,45.882025200058706,0,100
0.0006072874493927126,0.3,0.5,0.5,0.3,0.55,3,4937,3,7,0.3,0.0006072874493927126,0.997979797979798,45.882025200058706,0,100
0.0018218623481781376,0.3,0.75,0.25,0.3,0.6,3,4931,9,7,0.3,0.0018218623481781376,0.9967676767676767,45.882025200058706,0,100
0.00465587044534413,0.4,0.8518518518518519,0.14814814814814814,0.4,0.65,4,4917,23,6,0.4,0.00465587044534413,0.9941414141414141,45.882025200058706,0,100
0.005668016194331984,0.4,0.875,0.125,0.4,0.7,4,4912,28,6,0.4,0.005668016194331984,0.9931313131313131,45.882025200058706,0,100
0.006072874493927126,0.4,0.8823529411764706,0.11764705882352941,0.4,0.75,4,4910,30,6,0.4,0.006072874493927126,0.9927272727272727,45.882025200058706,0,100
0.006275303643724696,0.4,0.8857142857142857,0.11428571428571428,0.4,0.8,4,4909,31,6,0.4,0.006275303643724696,0.9925252525252525,45.882025200058706,0,100
0.007489878542510121,0.6,0.8604651162790697,0.13953488372093023,0.6,0.85,6,4903,37,4,0.6,0.007489878542510121,0.9917171717171717,45.882025200058706,0,100
0.01902834008097166,0.6,0.94,0.06,0.6,0.9,6,4846,94,4,0.6,0.01902834008097166,0.9802020202020202,45.882025200058706,0,100
0.046356275303643724,0.7,0.9703389830508474,0.029661016949152543,0.7,0.95,7,4711,229,3,0.7,0.046356275303643724,0.9531313131313132,45.882025200058706,0,100
0.9989878542510121,1.0,0.9979777553083923,0.0020222446916076846,1.0,1.0,10,5,4935,0,1.0,0.9989878542510121,0.0030303030303030303,45.882025200058706,0,100
0.0004048582995951417,0.3,0.4,0.6,0.3,0.05,3,4938,2,7,0.3,0.0004048582995951417,0.9981818181818182,47.33956110000145,1,100
0.0004048582995951417,0.3,0.4,0.6,0.3,0.1,3,4938,2,7,0.3,0.0004048582995951417,0.9981818181818182,47.33956110000145,1,100
0.0006072874493927126,0.4,0.42857142857142855,0.5714285714285714,0.4,0.15,4,4937,3,6,0.4,0.0006072874493927126,0.9981818181818182,47.33956110000145,1,100
0.0006072874493927126,0.4,0.42857142857142855,0.5714285714285714,0.4,0.2,4,4937,3,6,0.4,0.0006072874493927126,0.9981818181818182,47.33956110000145,1,100
0.0006072874493927126,0.4,0.42857142857142855,0.5714285714285714,0.4,0.25,4,4937,3,6,0.4,0.0006072874493927126,0.9981818181818182,47.33956110000145,1,100
0.0006072874493927126,0.4,0.42857142857142855,0.5714285714285714,0.4,0.3,4,4937,3,6,0.4,0.0006072874493927126,0.9981818181818182,47.33956110000145,1,100
0.0006072874493927126,0.4,0.42857142857142855,0.5714285714285714,0.4,0.35,4,4937,3,6,0.4,0.0006072874493927126,0.9981818181818182,47.33956110000145,1,100
0.0006072874493927126,0.4,0.42857142857142855,0.5714285714285714,0.4,0.4,4,4937,3,6,0.4,0.0006072874493927126,0.9981818181818182,47.33956110000145,1,100
0.0008097165991902834,0.4,0.5,0.5,0.4,0.45,4,4936,4,6,0.4,0.0008097165991902834,0.997979797979798,47.33956110000145,1,100
0.0008097165991902834,0.4,0.5,0.5,0.4,0.5,4,4936,4,6,0.4,0.0008097165991902834,0.997979797979798,47.33956110000145,1,100
0.0008097165991902834,0.4,0.5,0.5,0.4,0.55,4,4936,4,6,0.4,0.0008097165991902834,0.997979797979798,47.33956110000145,1,100
0.0008097165991902834,0.4,0.5,0.5,0.4,0.6,4,4936,4,6,0.4,0.0008097165991902834,0.997979797979798,47.33956110000145,1,100
0.007692307692307693,0.5,0.8837209302325582,0.11627906976744186,0.5,0.65,5,4902,38,5,0.5,0.007692307692307693,0.9913131313131314,47.33956110000145,1,100
0.007894736842105263,0.5,0.8863636363636364,0.11363636363636363,0.5,0.7,5,4901,39,5,0.5,0.007894736842105263,0.9911111111111112,47.33956110000145,1,100
0.013765182186234818,0.5,0.9315068493150684,0.0684931506849315,0.5,0.75,5,4872,68,5,0.5,0.013765182186234818,0.9852525252525253,47.33956110000145,1,100
0.024696356275303644,0.5,0.9606299212598425,0.03937007874015748,0.5,0.8,5,4818,122,5,0.5,0.024696356275303644,0.9743434343434343,47.33956110000145,1,100
0.03906882591093117,0.5,0.9747474747474747,0.025252525252525252,0.5,0.85,5,4747,193,5,0.5,0.03906882591093117,0.96,47.33956110000145,1,100
0.10283400809716599,0.8,0.9844961240310077,0.015503875968992248,0.8,0.9,8,4432,508,2,0.8,0.10283400809716599,0.896969696969697,47.33956110000145,1,100
0.297165991902834,0.9,0.993906567366283,0.006093432633716994,0.9,0.95,9,3472,1468,1,0.9,0.297165991902834,0.7032323232323232,47.33956110000145,1,100
0.9955465587044534,1.0,0.9979707792207793,0.002029220779220779,1.0,1.0,10,22,4918,0,1.0,0.9955465587044534,0.006464646464646465,47.33956110000145,1,100
0.0,0.1,0.0,1.0,0.1,0.05,1,4940,0,9,0.1,0.0,0.9981818181818182,65.02808469999582,2,100
0.0,0.5,0.0,1.0,0.5,0.1,5,4940,0,5,0.5,0.0,0.998989898989899,65.02808469999582,2,100
0.0,0.5,0.0,1.0,0.5,0.15,5,4940,0,5,0.5,0.0,0.998989898989899,65.02808469999582,2,100
0.0008097165991902834,0.7,0.36363636363636365,0.6363636363636364,0.7,0.2,7,4936,4,3,0.7,0.0008097165991902834,0.9985858585858586,65.02808469999582,2,100
0.0008097165991902834,0.7,0.36363636363636365,0.6363636363636364,0.7,0.25,7,4936,4,3,0.7,0.0008097165991902834,0.9985858585858586,65.02808469999582,2,100
0.0016194331983805667,0.7,0.5333333333333333,0.4666666666666667,0.7,0.3,7,4932,8,3,0.7,0.0016194331983805667,0.9977777777777778,65.02808469999582,2,100
0.004048582995951417,0.7,0.7407407407407407,0.25925925925925924,0.7,0.35,7,4920,20,3,0.7,0.004048582995951417,0.9953535353535353,65.02808469999582,2,100
0.005870445344129555,0.9,0.7631578947368421,0.23684210526315788,0.9,0.4,9,4911,29,1,0.9,0.005870445344129555,0.9939393939393939,65.02808469999582,2,100
0.006275303643724696,0.9,0.775,0.225,0.9,0.45,9,4909,31,1,0.9,0.006275303643724696,0.9935353535353535,65.02808469999582,2,100
0.007692307692307693,0.9,0.8085106382978723,0.19148936170212766,0.9,0.5,9,4902,38,1,0.9,0.007692307692307693,0.9921212121212121,65.02808469999582,2,100
0.009919028340080972,1.0,0.8305084745762712,0.1694915254237288,1.0,0.55,10,4891,49,0,1.0,0.009919028340080972,0.9901010101010101,65.02808469999582,2,100
0.011336032388663968,1.0,0.8484848484848485,0.15151515151515152,1.0,0.6,10,4884,56,0,1.0,0.011336032388663968,0.9886868686868687,65.02808469999582,2,100
0.012145748987854251,1.0,0.8571428571428571,0.14285714285714285,1.0,0.65,10,4880,60,0,1.0,0.012145748987854251,0.9878787878787879,65.02808469999582,2,100
0.01680161943319838,1.0,0.8924731182795699,0.10752688172043011,1.0,0.7,10,4857,83,0,1.0,0.01680161943319838,0.9832323232323232,65.02808469999582,2,100
0.019433198380566803,1.0,0.9056603773584906,0.09433962264150944,1.0,0.75,10,4844,96,0,1.0,0.019433198380566803,0.9806060606060606,65.02808469999582,2,100
0.020647773279352227,1.0,0.9107142857142857,0.08928571428571429,1.0,0.8,10,4838,102,0,1.0,0.020647773279352227,0.9793939393939394,65.02808469999582,2,100
0.02388663967611336,1.0,0.921875,0.078125,1.0,0.85,10,4822,118,0,1.0,0.02388663967611336,0.9761616161616161,65.02808469999582,2,100
0.1388663967611336,1.0,0.985632183908046,0.014367816091954023,1.0,0.9,10,4254,686,0,1.0,0.1388663967611336,0.8614141414141414,65.02808469999582,2,100
0.22489878542510122,1.0,0.9910793933987511,0.008920606601248885,1.0,0.95,10,3829,1111,0,1.0,0.22489878542510122,0.7755555555555556,65.02808469999582,2,100
0.9848178137651822,1.0,0.997948717948718,0.0020512820512820513,1.0,1.0,10,75,4865,0,1.0,0.9848178137651822,0.01717171717171717,65.02808469999582,2,100
0.0004048582995951417,0.3,0.4,0.6,0.3,0.05,3,4938,2,7,0.3,0.0004048582995951417,0.9981818181818182,59.95149480004329,3,100
0.0008097165991902834,0.5,0.4444444444444444,0.5555555555555556,0.5,0.1,5,4936,4,5,0.5,0.0008097165991902834,0.9981818181818182,59.95149480004329,3,100
0.001417004048582996,0.6,0.5384615384615384,0.46153846153846156,0.6,0.15,6,4933,7,4,0.6,0.001417004048582996,0.9977777777777778,59.95149480004329,3,100
0.001417004048582996,0.7,0.5,0.5,0.7,0.2,7,4933,7,3,0.7,0.001417004048582996,0.997979797979798,59.95149480004329,3,100
0.001417004048582996,0.7,0.5,0.5,0.7,0.25,7,4933,7,3,0.7,0.001417004048582996,0.997979797979798,59.95149480004329,3,100
0.001417004048582996,0.7,0.5,0.5,0.7,0.3,7,4933,7,3,0.7,0.001417004048582996,0.997979797979798,59.95149480004329,3,100
0.0018218623481781376,0.7,0.5625,0.4375,0.7,0.35,7,4931,9,3,0.7,0.0018218623481781376,0.9975757575757576,59.95149480004329,3,100
0.0020242914979757085,0.8,0.5555555555555556,0.4444444444444444,0.8,0.4,8,4930,10,2,0.8,0.0020242914979757085,0.9975757575757576,59.95149480004329,3,100
0.0034412955465587046,0.8,0.68,0.32,0.8,0.45,8,4923,17,2,0.8,0.0034412955465587046,0.9961616161616161,59.95149480004329,3,100
0.00465587044534413,0.8,0.7419354838709677,0.25806451612903225,0.8,0.5,8,4917,23,2,0.8,0.00465587044534413,0.9949494949494949,59.95149480004329,3,100
0.004858299595141701,0.8,0.75,0.25,0.8,0.55,8,4916,24,2,0.8,0.004858299595141701,0.9947474747474747,59.95149480004329,3,100
0.006477732793522267,0.8,0.8,0.2,0.8,0.6,8,4908,32,2,0.8,0.006477732793522267,0.9931313131313131,59.95149480004329,3,100
0.006882591093117409,0.8,0.8095238095238095,0.19047619047619047,0.8,0.65,8,4906,34,2,0.8,0.006882591093117409,0.9927272727272727,59.95149480004329,3,100
0.006882591093117409,0.8,0.8095238095238095,0.19047619047619047,0.8,0.7,8,4906,34,2,0.8,0.006882591093117409,0.9927272727272727,59.95149480004329,3,100
0.013157894736842105,0.8,0.8904109589041096,0.1095890410958904,0.8,0.75,8,4875,65,2,0.8,0.013157894736842105,0.9864646464646465,59.95149480004329,3,100
0.03076923076923077,0.8,0.95,0.05,0.8,0.8,8,4788,152,2,0.8,0.03076923076923077,0.9688888888888889,59.95149480004329,3,100
0.07935222672064778,0.9,0.9775561097256857,0.022443890274314215,0.9,0.85,9,4548,392,1,0.9,0.07935222672064778,0.9206060606060606,59.95149480004329,3,100
0.1402834008097166,0.9,0.9871794871794872,0.01282051282051282,0.9,0.9,9,4247,693,1,0.9,0.1402834008097166,0.8597979797979798,59.95149480004329,3,100
0.2931174089068826,0.9,0.9938229238160604,0.0061770761839396015,0.9,0.95,9,3492,1448,1,0.9,0.2931174089068826,0.7072727272727273,59.95149480004329,3,100
0.9951417004048583,1.0,0.9979699553390174,0.0020300446609825416,1.0,1.0,10,24,4916,0,1.0,0.9951417004048583,0.006868686868686869,59.95149480004329,3,100
0.0004048582995951417,0.6,0.25,0.75,0.6,0.05,6,4938,2,4,0.6,0.0004048582995951417,0.9987878787878788,54.89668600005098,4,100
0.0004048582995951417,0.6,0.25,0.75,0.6,0.1,6,4938,2,4,0.6,0.0004048582995951417,0.9987878787878788,54.89668600005098,4,100
0.0008097165991902834,0.7,0.36363636363636365,0.6363636363636364,0.7,0.15,7,4936,4,3,0.7,0.0008097165991902834,0.9985858585858586,54.89668600005098,4,100
0.0008097165991902834,0.7,0.36363636363636365,0.6363636363636364,0.7,0.2,7,4936,4,3,0.7,0.0008097165991902834,0.9985858585858586,54.89668600005098,4,100
0.0008097165991902834,0.7,0.36363636363636365,0.6363636363636364,0.7,0.25,7,4936,4,3,0.7,0.0008097165991902834,0.9985858585858586,54.89668600005098,4,100
0.0018218623481781376,0.7,0.5625,0.4375,0.7,0.3,7,4931,9,3,0.7,0.0018218623481781376,0.9975757575757576,54.89668600005098,4,100
0.0024291497975708503,0.7,0.631578947368421,0.3684210526315789,0.7,0.35,7,4928,12,3,0.7,0.0024291497975708503,0.996969696969697,54.89668600005098,4,100
0.00465587044534413,0.8,0.7419354838709677,0.25806451612903225,0.8,0.4,8,4917,23,2,0.8,0.00465587044534413,0.9949494949494949,54.89668600005098,4,100
0.005870445344129555,0.8,0.7837837837837838,0.21621621621621623,0.8,0.45,8,4911,29,2,0.8,0.005870445344129555,0.9937373737373737,54.89668600005098,4,100
0.006882591093117409,0.8,0.8095238095238095,0.19047619047619047,0.8,0.5,8,4906,34,2,0.8,0.006882591093117409,0.9927272727272727,54.89668600005098,4,100
0.015789473684210527,0.8,0.9069767441860465,0.09302325581395349,0.8,0.55,8,4862,78,2,0.8,0.015789473684210527,0.9838383838383838,54.89668600005098,4,100
0.01680161943319838,0.8,0.9120879120879121,0.08791208791208792,0.8,0.6,8,4857,83,2,0.8,0.01680161943319838,0.9828282828282828,54.89668600005098,4,100
0.04554655870445344,0.8,0.9656652360515021,0.034334763948497854,0.8,0.65,8,4715,225,2,0.8,0.04554655870445344,0.9541414141414142,54.89668600005098,4,100
0.07651821862348178,0.9,0.9767441860465116,0.023255813953488372,0.9,0.7,9,4562,378,1,0.9,0.07651821862348178,0.9234343434343434,54.89668600005098,4,100
0.09898785425101214,0.9,0.9819277108433735,0.018072289156626505,0.9,0.75,9,4451,489,1,0.9,0.09898785425101214,0.901010101010101,54.89668600005098,4,100
0.12469635627530365,0.9,0.9856,0.0144,0.9,0.8,9,4324,616,1,0.9,0.12469635627530365,0.8753535353535353,54.89668600005098,4,100
0.1931174089068826,0.9,0.9906542056074766,0.009345794392523364,0.9,0.85,9,3986,954,1,0.9,0.1931174089068826,0.807070707070707,54.89668600005098,4,100
0.3192307692307692,1.0,0.9936988027725268,0.00630119722747322,1.0,0.9,10,3363,1577,0,1.0,0.3192307692307692,0.6814141414141414,54.89668600005098,4,100
0.5331983805668016,1.0,0.9962178517397882,0.0037821482602118004,1.0,0.95,10,2306,2634,0,1.0,0.5331983805668016,0.4678787878787879,54.89668600005098,4,100
0.9983805668016195,1.0,0.9979765277215702,0.0020234722784297854,1.0,1.0,10,8,4932,0,1.0,0.9983805668016195,0.0036363636363636364,54.89668600005098,4,100
0.0,0.0,0.0,,0.0,0.05,0,4940,0,10,0.0,0.0,0.997979797979798,47.986861899960786,5,100
0.00020242914979757084,0.1,0.5,0.5,0.1,0.1,1,4939,1,9,0.1,0.00020242914979757084,0.997979797979798,47.986861899960786,5,100
0.00020242914979757084,0.1,0.5,0.5,0.1,0.15,1,4939,1,9,0.1,0.00020242914979757084,0.997979797979798,47.986861899960786,5,100
0.00020242914979757084,0.1,0.5,0.5,0.1,0.2,1,4939,1,9,0.1,0.00020242914979757084,0.997979797979798,47.986861899960786,5,100
0.0006072874493927126,0.1,0.75,0.25,0.1,0.25,1,4937,3,9,0.1,0.0006072874493927126,0.9975757575757576,47.986861899960786,5,100
0.0006072874493927126,0.1,0.75,0.25,0.1,0.3,1,4937,3,9,0.1,0.0006072874493927126,0.9975757575757576,47.986861899960786,5,100
0.0018218623481781376,0.3,0.75,0.25,0.3,0.35,3,4931,9,7,0.3,0.0018218623481781376,0.9967676767676767,47.986861899960786,5,100
0.0032388663967611335,0.4,0.8,0.2,0.4,0.4,4,4924,16,6,0.4,0.0032388663967611335,0.9955555555555555,47.986861899960786,5,100
0.004453441295546558,0.5,0.8148148148148148,0.18518518518518517,0.5,0.45,5,4918,22,5,0.5,0.004453441295546558,0.9945454545454545,47.986861899960786,5,100
0.005263157894736842,0.5,0.8387096774193549,0.16129032258064516,0.5,0.5,5,4914,26,5,0.5,0.005263157894736842,0.9937373737373737,47.986861899960786,5,100
0.005465587044534413,0.5,0.84375,0.15625,0.5,0.55,5,4913,27,5,0.5,0.005465587044534413,0.9935353535353535,47.986861899960786,5,100
0.00708502024291498,0.5,0.875,0.125,0.5,0.6,5,4905,35,5,0.5,0.00708502024291498,0.9919191919191919,47.986861899960786,5,100
0.022469635627530363,0.6,0.9487179487179487,0.05128205128205128,0.6,0.65,6,4829,111,4,0.6,0.022469635627530363,0.9767676767676767,47.986861899960786,5,100
0.025506072874493926,0.6,0.9545454545454546,0.045454545454545456,0.6,0.7,6,4814,126,4,0.6,0.025506072874493926,0.9737373737373738,47.986861899960786,5,100
0.058704453441295545,0.7,0.9764309764309764,0.02356902356902357,0.7,0.75,7,4650,290,3,0.7,0.058704453441295545,0.9408080808080808,47.986861899960786,5,100
0.08724696356275304,0.7,0.9840182648401826,0.01598173515981735,0.7,0.8,7,4509,431,3,0.7,0.08724696356275304,0.9123232323232323,47.986861899960786,5,100
0.13279352226720648,0.7,0.9894419306184012,0.010558069381598794,0.7,0.85,7,4284,656,3,0.7,0.13279352226720648,0.8668686868686869,47.986861899960786,5,100
0.2230769230769231,0.8,0.9927927927927928,0.007207207207207207,0.8,0.9,8,3838,1102,2,0.8,0.2230769230769231,0.776969696969697,47.986861899960786,5,100
0.4103238866396761,0.9,0.9955795677799607,0.0044204322200392925,0.9,0.95,9,2913,2027,1,0.9,0.4103238866396761,0.5903030303030303,47.986861899960786,5,100
0.9983805668016195,1.0,0.9979765277215702,0.0020234722784297854,1.0,1.0,10,8,4932,0,1.0,0.9983805668016195,0.0036363636363636364,47.986861899960786,5,100
0.0008097165991902834,0.5,0.4444444444444444,0.5555555555555556,0.5,0.05,5,4936,4,5,0.5,0.0008097165991902834,0.9981818181818182,46.27402530005202,6,100
0.0008097165991902834,0.8,0.3333333333333333,0.6666666666666666,0.8,0.1,8,4936,4,2,0.8,0.0008097165991902834,0.9987878787878788,46.27402530005202,6,100
0.0010121457489878543,0.8,0.38461538461538464,0.6153846153846154,0.8,0.15,8,4935,5,2,0.8,0.0010121457489878543,0.9985858585858586,46.27402530005202,6,100
0.001417004048582996,0.8,0.4666666666666667,0.5333333333333333,0.8,0.2,8,4933,7,2,0.8,0.001417004048582996,0.9981818181818182,46.27402530005202,6,100
0.0016194331983805667,0.8,0.5,0.5,0.8,0.25,8,4932,8,2,0.8,0.0016194331983805667,0.997979797979798,46.27402530005202,6,100
0.002226720647773279,0.8,0.5789473684210527,0.42105263157894735,0.8,0.3,8,4929,11,2,0.8,0.002226720647773279,0.9973737373737374,46.27402530005202,6,100
0.003036437246963563,0.8,0.6521739130434783,0.34782608695652173,0.8,0.35,8,4925,15,2,0.8,0.003036437246963563,0.9965656565656565,46.27402530005202,6,100
0.0038461538461538464,0.8,0.7037037037037037,0.2962962962962963,0.8,0.4,8,4921,19,2,0.8,0.0038461538461538464,0.9957575757575757,46.27402530005202,6,100
0.004453441295546558,0.8,0.7333333333333333,0.26666666666666666,0.8,0.45,8,4918,22,2,0.8,0.004453441295546558,0.9951515151515151,46.27402530005202,6,100
0.00465587044534413,0.8,0.7419354838709677,0.25806451612903225,0.8,0.5,8,4917,23,2,0.8,0.00465587044534413,0.9949494949494949,46.27402530005202,6,100
0.007489878542510121,0.8,0.8222222222222222,0.17777777777777778,0.8,0.55,8,4903,37,2,0.8,0.007489878542510121,0.9921212121212121,46.27402530005202,6,100
0.007489878542510121,0.8,0.8222222222222222,0.17777777777777778,0.8,0.6,8,4903,37,2,0.8,0.007489878542510121,0.9921212121212121,46.27402530005202,6,100
0.007489878542510121,0.8,0.8222222222222222,0.17777777777777778,0.8,0.65,8,4903,37,2,0.8,0.007489878542510121,0.9921212121212121,46.27402530005202,6,100
0.008704453441295546,0.8,0.8431372549019608,0.1568627450980392,0.8,0.7,8,4897,43,2,0.8,0.008704453441295546,0.990909090909091,46.27402530005202,6,100
0.010728744939271255,0.8,0.8688524590163934,0.13114754098360656,0.8,0.75,8,4887,53,2,0.8,0.010728744939271255,0.9888888888888889,46.27402530005202,6,100
0.039878542510121455,0.8,0.9609756097560975,0.03902439024390244,0.8,0.8,8,4743,197,2,0.8,0.039878542510121455,0.9597979797979798,46.27402530005202,6,100
0.08522267206477732,0.8,0.9813519813519813,0.018648018648018648,0.8,0.85,8,4519,421,2,0.8,0.08522267206477732,0.9145454545454546,46.27402530005202,6,100
0.147165991902834,0.8,0.9891156462585035,0.010884353741496598,0.8,0.9,8,4213,727,2,0.8,0.147165991902834,0.8527272727272728,46.27402530005202,6,100
0.20587044534412954,0.8,0.9921951219512195,0.007804878048780488,0.8,0.95,8,3923,1017,2,0.8,0.20587044534412954,0.7941414141414141,46.27402530005202,6,100
0.9983805668016195,1.0,0.9979765277215702,0.0020234722784297854,1.0,1.0,10,8,4932,0,1.0,0.9983805668016195,0.0036363636363636364,46.27402530005202,6,100
0.0,0.3,0.0,1.0,0.3,0.05,3,4940,0,7,0.3,0.0,0.9985858585858586,50.07632199989166,7,100
0.0004048582995951417,0.5,0.2857142857142857,0.7142857142857143,0.5,0.1,5,4938,2,5,0.5,0.0004048582995951417,0.9985858585858586,50.07632199989166,7,100
0.0008097165991902834,0.5,0.4444444444444444,0.5555555555555556,0.5,0.15,5,4936,4,5,0.5,0.0008097165991902834,0.9981818181818182,50.07632199989166,7,100
0.0008097165991902834,0.5,0.4444444444444444,0.5555555555555556,0.5,0.2,5,4936,4,5,0.5,0.0008097165991902834,0.9981818181818182,50.07632199989166,7,100
0.0008097165991902834,0.6,0.4,0.6,0.6,0.25,6,4936,4,4,0.6,0.0008097165991902834,0.9983838383838384,50.07632199989166,7,100
0.001417004048582996,0.6,0.5384615384615384,0.46153846153846156,0.6,0.3,6,4933,7,4,0.6,0.001417004048582996,0.9977777777777778,50.07632199989166,7,100
0.0020242914979757085,0.6,0.625,0.375,0.6,0.35,6,4930,10,4,0.6,0.0020242914979757085,0.9971717171717172,50.07632199989166,7,100
0.0024291497975708503,0.6,0.6666666666666666,0.3333333333333333,0.6,0.4,6,4928,12,4,0.6,0.0024291497975708503,0.9967676767676767,50.07632199989166,7,100
0.0024291497975708503,0.6,0.6666666666666666,0.3333333333333333,0.6,0.45,6,4928,12,4,0.6,0.0024291497975708503,0.9967676767676767,50.07632199989166,7,100
0.0038461538461538464,0.7,0.7307692307692307,0.2692307692307692,0.7,0.5,7,4921,19,3,0.7,0.0038461538461538464,0.9955555555555555,50.07632199989166,7,100
0.010121457489878543,0.8,0.8620689655172413,0.13793103448275862,0.8,0.55,8,4890,50,2,0.8,0.010121457489878543,0.9894949494949495,50.07632199989166,7,100
0.012550607287449392,0.9,0.8732394366197183,0.1267605633802817,0.9,0.6,9,4878,62,1,0.9,0.012550607287449392,0.9872727272727273,50.07632199989166,7,100
0.018421052631578946,0.9,0.91,0.09,0.9,0.65,9,4849,91,1,0.9,0.018421052631578946,0.9814141414141414,50.07632199989166,7,100
0.02854251012145749,0.9,0.94,0.06,0.9,0.7,9,4799,141,1,0.9,0.02854251012145749,0.9713131313131314,50.07632199989166,7,100
0.031174089068825912,0.9,0.9447852760736196,0.05521472392638037,0.9,0.75,9,4786,154,1,0.9,0.031174089068825912,0.9686868686868687,50.07632199989166,7,100
0.03684210526315789,0.9,0.9528795811518325,0.04712041884816754,0.9,0.8,9,4758,182,1,0.9,0.03684210526315789,0.963030303030303,50.07632199989166,7,100
0.07469635627530365,1.0,0.9736147757255936,0.026385224274406333,1.0,0.85,10,4571,369,0,1.0,0.07469635627530365,0.9254545454545454,50.07632199989166,7,100
0.19777327935222672,1.0,0.9898682877406282,0.010131712259371834,1.0,0.9,10,3963,977,0,1.0,0.19777327935222672,0.8026262626262626,50.07632199989166,7,100
0.37955465587044535,1.0,0.9946949602122016,0.005305039787798408,1.0,0.95,10,3065,1875,0,1.0,0.37955465587044535,0.6212121212121212,50.07632199989166,7,100
0.7115384615384616,1.0,0.9971631205673759,0.0028368794326241137,1.0,1.0,10,1425,3515,0,1.0,0.7115384615384616,0.2898989898989899,50.07632199989166,7,100
0.0,0.2,0.0,1.0,0.2,0.05,2,4940,0,8,0.2,0.0,0.9983838383838384,58.53403059998527,8,100
0.0,0.2,0.0,1.0,0.2,0.1,2,4940,0,8,0.2,0.0,0.9983838383838384,58.53403059998527,8,100
0.00020242914979757084,0.3,0.25,0.75,0.3,0.15,3,4939,1,7,0.3,0.00020242914979757084,0.9983838383838384,58.53403059998527,8,100
0.0004048582995951417,0.3,0.4,0.6,0.3,0.2,3,4938,2,7,0.3,0.0004048582995951417,0.9981818181818182,58.53403059998527,8,100
0.0006072874493927126,0.3,0.5,0.5,0.3,0.25,3,4937,3,7,0.3,0.0006072874493927126,0.997979797979798,58.53403059998527,8,100
0.0006072874493927126,0.3,0.5,0.5,0.3,0.3,3,4937,3,7,0.3,0.0006072874493927126,0.997979797979798,58.53403059998527,8,100
0.0006072874493927126,0.3,0.5,0.5,0.3,0.35,3,4937,3,7,0.3,0.0006072874493927126,0.997979797979798,58.53403059998527,8,100
0.0006072874493927126,0.3,0.5,0.5,0.3,0.4,3,4937,3,7,0.3,0.0006072874493927126,0.997979797979798,58.53403059998527,8,100
0.0010121457489878543,0.4,0.5555555555555556,0.4444444444444444,0.4,0.45,4,4935,5,6,0.4,0.0010121457489878543,0.9977777777777778,58.53403059998527,8,100
0.0010121457489878543,0.4,0.5555555555555556,0.4444444444444444,0.4,0.5,4,4935,5,6,0.4,0.0010121457489878543,0.9977777777777778,58.53403059998527,8,100
0.0010121457489878543,0.4,0.5555555555555556,0.4444444444444444,0.4,0.55,4,4935,5,6,0.4,0.0010121457489878543,0.9977777777777778,58.53403059998527,8,100
0.0012145748987854252,0.4,0.6,0.4,0.4,0.6,4,4934,6,6,0.4,0.0012145748987854252,0.9975757575757576,58.53403059998527,8,100
0.0012145748987854252,0.4,0.6,0.4,0.4,0.65,4,4934,6,6,0.4,0.0012145748987854252,0.9975757575757576,58.53403059998527,8,100
0.002226720647773279,0.4,0.7333333333333333,0.26666666666666666,0.4,0.7,4,4929,11,6,0.4,0.002226720647773279,0.9965656565656565,58.53403059998527,8,100
0.002226720647773279,0.4,0.7333333333333333,0.26666666666666666,0.4,0.75,4,4929,11,6,0.4,0.002226720647773279,0.9965656565656565,58.53403059998527,8,100
0.002226720647773279,0.4,0.7333333333333333,0.26666666666666666,0.4,0.8,4,4929,11,6,0.4,0.002226720647773279,0.9965656565656565,58.53403059998527,8,100
0.002226720647773279,0.4,0.7333333333333333,0.26666666666666666,0.4,0.85,4,4929,11,6,0.4,0.002226720647773279,0.9965656565656565,58.53403059998527,8,100
0.010728744939271255,0.6,0.8983050847457628,0.1016949152542373,0.6,0.9,6,4887,53,4,0.6,0.010728744939271255,0.9884848484848485,58.53403059998527,8,100
0.013967611336032389,0.6,0.92,0.08,0.6,0.95,6,4871,69,4,0.6,0.013967611336032389,0.9852525252525253,58.53403059998527,8,100
0.9779352226720648,1.0,0.9979343110927494,0.002065688907250568,1.0,1.0,10,109,4831,0,1.0,0.9779352226720648,0.02404040404040404,58.53403059998527,8,100
0.0,0.4,0.0,1.0,0.4,0.05,4,4940,0,6,0.4,0.0,0.9987878787878788,58.35668819991406,9,100
0.0,0.5,0.0,1.0,0.5,0.1,5,4940,0,5,0.5,0.0,0.998989898989899,58.35668819991406,9,100
0.0,0.5,0.0,1.0,0.5,0.15,5,4940,0,5,0.5,0.0,0.998989898989899,58.35668819991406,9,100
0.0018218623481781376,0.7,0.5625,0.4375,0.7,0.2,7,4931,9,3,0.7,0.0018218623481781376,0.9975757575757576,58.35668819991406,9,100
0.0020242914979757085,0.7,0.5882352941176471,0.4117647058823529,0.7,0.25,7,4930,10,3,0.7,0.0020242914979757085,0.9973737373737374,58.35668819991406,9,100
0.002226720647773279,0.7,0.6111111111111112,0.3888888888888889,0.7,0.3,7,4929,11,3,0.7,0.002226720647773279,0.9971717171717172,58.35668819991406,9,100
0.0024291497975708503,0.7,0.631578947368421,0.3684210526315789,0.7,0.35,7,4928,12,3,0.7,0.0024291497975708503,0.996969696969697,58.35668819991406,9,100
0.0024291497975708503,0.8,0.6,0.4,0.8,0.4,8,4928,12,2,0.8,0.0024291497975708503,0.9971717171717172,58.35668819991406,9,100
0.0024291497975708503,0.8,0.6,0.4,0.8,0.45,8,4928,12,2,0.8,0.0024291497975708503,0.9971717171717172,58.35668819991406,9,100
0.004453441295546558,0.9,0.7096774193548387,0.2903225806451613,0.9,0.5,9,4918,22,1,0.9,0.004453441295546558,0.9953535353535353,58.35668819991406,9,100
0.005668016194331984,0.9,0.7567567567567568,0.24324324324324326,0.9,0.55,9,4912,28,1,0.9,0.005668016194331984,0.9941414141414141,58.35668819991406,9,100
0.005870445344129555,0.9,0.7631578947368421,0.23684210526315788,0.9,0.6,9,4911,29,1,0.9,0.005870445344129555,0.9939393939393939,58.35668819991406,9,100
0.007489878542510121,0.9,0.8043478260869565,0.1956521739130435,0.9,0.65,9,4903,37,1,0.9,0.007489878542510121,0.9923232323232323,58.35668819991406,9,100
0.007692307692307693,0.9,0.8085106382978723,0.19148936170212766,0.9,0.7,9,4902,38,1,0.9,0.007692307692307693,0.9921212121212121,58.35668819991406,9,100
0.029149797570850202,0.9,0.9411764705882353,0.058823529411764705,0.9,0.75,9,4796,144,1,0.9,0.029149797570850202,0.9707070707070707,58.35668819991406,9,100
0.04089068825910931,1.0,0.9528301886792453,0.04716981132075472,1.0,0.8,10,4738,202,0,1.0,0.04089068825910931,0.9591919191919192,58.35668819991406,9,100
0.1382591093117409,1.0,0.9855699855699855,0.01443001443001443,1.0,0.85,10,4257,683,0,1.0,0.1382591093117409,0.862020202020202,58.35668819991406,9,100
0.20566801619433198,1.0,0.9902534113060428,0.009746588693957114,1.0,0.9,10,3924,1016,0,1.0,0.20566801619433198,0.7947474747474748,58.35668819991406,9,100
0.31983805668016196,1.0,0.9937106918238994,0.006289308176100629,1.0,0.95,10,3360,1580,0,1.0,0.31983805668016196,0.6808080808080809,58.35668819991406,9,100
0.9995951417004049,1.0,0.997978981406629,0.002021018593371059,1.0,1.0,10,2,4938,0,1.0,0.9995951417004049,0.0024242424242424242,58.35668819991406,9,100
0.0,0.7,0.0,1.0,0.7,0.05,7,4940,0,3,0.7,0.0,0.9993939393939394,58.8683439999586,10,100
0.0,0.7,0.0,1.0,0.7,0.1,7,4940,0,3,0.7,0.0,0.9993939393939394,58.8683439999586,10,100
0.0004048582995951417,0.7,0.2222222222222222,0.7777777777777778,0.7,0.15,7,4938,2,3,0.7,0.0004048582995951417,0.998989898989899,58.8683439999586,10,100
0.0004048582995951417,0.7,0.2222222222222222,0.7777777777777778,0.7,0.2,7,4938,2,3,0.7,0.0004048582995951417,0.998989898989899,58.8683439999586,10,100
0.0004048582995951417,0.7,0.2222222222222222,0.7777777777777778,0.7,0.25,7,4938,2,3,0.7,0.0004048582995951417,0.998989898989899,58.8683439999586,10,100
0.001417004048582996,0.7,0.5,0.5,0.7,0.3,7,4933,7,3,0.7,0.001417004048582996,0.997979797979798,58.8683439999586,10,100
0.0024291497975708503,0.7,0.631578947368421,0.3684210526315789,0.7,0.35,7,4928,12,3,0.7,0.0024291497975708503,0.996969696969697,58.8683439999586,10,100
0.0036437246963562753,0.7,0.72,0.28,0.7,0.4,7,4922,18,3,0.7,0.0036437246963562753,0.9957575757575757,58.8683439999586,10,100
0.005668016194331984,0.7,0.8,0.2,0.7,0.45,7,4912,28,3,0.7,0.005668016194331984,0.9937373737373737,58.8683439999586,10,100
0.009919028340080972,0.7,0.875,0.125,0.7,0.5,7,4891,49,3,0.7,0.009919028340080972,0.9894949494949495,58.8683439999586,10,100
0.01437246963562753,0.7,0.9102564102564102,0.08974358974358974,0.7,0.55,7,4869,71,3,0.7,0.01437246963562753,0.9850505050505051,58.8683439999586,10,100
0.015991902834008098,0.7,0.9186046511627907,0.08139534883720931,0.7,0.6,7,4861,79,3,0.7,0.015991902834008098,0.9834343434343434,58.8683439999586,10,100
0.019230769230769232,0.7,0.9313725490196079,0.06862745098039216,0.7,0.65,7,4845,95,3,0.7,0.019230769230769232,0.9802020202020202,58.8683439999586,10,100
0.031174089068825912,0.7,0.9565217391304348,0.043478260869565216,0.7,0.7,7,4786,154,3,0.7,0.031174089068825912,0.9682828282828283,58.8683439999586,10,100
0.06255060728744939,0.7,0.9778481012658228,0.022151898734177215,0.7,0.75,7,4631,309,3,0.7,0.06255060728744939,0.936969696969697,58.8683439999586,10,100
0.08785425101214575,0.7,0.9841269841269841,0.015873015873015872,0.7,0.8,7,4506,434,3,0.7,0.08785425101214575,0.9117171717171717,58.8683439999586,10,100
0.14534412955465587,0.8,0.9889807162534435,0.011019283746556474,0.8,0.85,8,4222,718,2,0.8,0.14534412955465587,0.8545454545454545,58.8683439999586,10,100
0.2874493927125506,1.0,0.993006993006993,0.006993006993006993,1.0,0.9,10,3520,1420,0,1.0,0.2874493927125506,0.7131313131313132,58.8683439999586,10,100
0.4427125506072874,1.0,0.9954483386436049,0.004551661356395084,1.0,0.95,10,2753,2187,0,1.0,0.4427125506072874,0.5581818181818182,58.8683439999586,10,100
0.998582995951417,1.0,0.9979769370827433,0.0020230629172567267,1.0,1.0,10,7,4933,0,1.0,0.998582995951417,0.0034343434343434343,58.8683439999586,10,100
0.0,0.2,0.0,1.0,0.2,0.05,2,4940,0,8,0.2,0.0,0.9983838383838384,58.73422269988805,11,100
0.0,0.2,0.0,1.0,0.2,0.1,2,4940,0,8,0.2,0.0,0.9983838383838384,58.73422269988805,11,100
0.0,0.2,0.0,1.0,0.2,0.15,2,4940,0,8,0.2,0.0,0.9983838383838384,58.73422269988805,11,100
0.0,0.2,0.0,1.0,0.2,0.2,2,4940,0,8,0.2,0.0,0.9983838383838384,58.73422269988805,11,100
0.00020242914979757084,0.2,0.3333333333333333,0.6666666666666666,0.2,0.25,2,4939,1,8,0.2,0.00020242914979757084,0.9981818181818182,58.73422269988805,11,100
0.00020242914979757084,0.2,0.3333333333333333,0.6666666666666666,0.2,0.3,2,4939,1,8,0.2,0.00020242914979757084,0.9981818181818182,58.73422269988805,11,100
0.00020242914979757084,0.2,0.3333333333333333,0.6666666666666666,0.2,0.35,2,4939,1,8,0.2,0.00020242914979757084,0.9981818181818182,58.73422269988805,11,100
0.00020242914979757084,0.2,0.3333333333333333,0.6666666666666666,0.2,0.4,2,4939,1,8,0.2,0.00020242914979757084,0.9981818181818182,58.73422269988805,11,100
0.00020242914979757084,0.2,0.3333333333333333,0.6666666666666666,0.2,0.45,2,4939,1,8,0.2,0.00020242914979757084,0.9981818181818182,58.73422269988805,11,100
0.0012145748987854252,0.4,0.6,0.4,0.4,0.5,4,4934,6,6,0.4,0.0012145748987854252,0.9975757575757576,58.73422269988805,11,100
0.0012145748987854252,0.4,0.6,0.4,0.4,0.55,4,4934,6,6,0.4,0.0012145748987854252,0.9975757575757576,58.73422269988805,11,100
0.0020242914979757085,0.4,0.7142857142857143,0.2857142857142857,0.4,0.6,4,4930,10,6,0.4,0.0020242914979757085,0.9967676767676767,58.73422269988805,11,100
0.006477732793522267,0.5,0.8648648648648649,0.13513513513513514,0.5,0.65,5,4908,32,5,0.5,0.006477732793522267,0.9925252525252525,58.73422269988805,11,100
0.013967611336032389,0.5,0.9324324324324325,0.06756756756756757,0.5,0.7,5,4871,69,5,0.5,0.013967611336032389,0.9850505050505051,58.73422269988805,11,100
0.02125506072874494,0.6,0.9459459459459459,0.05405405405405406,0.6,0.75,6,4835,105,4,0.6,0.02125506072874494,0.977979797979798,58.73422269988805,11,100
0.047165991902834006,0.8,0.966804979253112,0.03319502074688797,0.8,0.8,8,4707,233,2,0.8,0.047165991902834006,0.9525252525252526,58.73422269988805,11,100
0.05748987854251012,0.9,0.9692832764505119,0.030716723549488054,0.9,0.85,9,4656,284,1,0.9,0.05748987854251012,0.9424242424242424,58.73422269988805,11,100
0.08724696356275304,0.9,0.9795454545454545,0.020454545454545454,0.9,0.9,9,4509,431,1,0.9,0.08724696356275304,0.9127272727272727,58.73422269988805,11,100
0.22975708502024292,0.9,0.9921328671328671,0.007867132867132868,0.9,0.95,9,3805,1135,1,0.9,0.22975708502024292,0.7705050505050505,58.73422269988805,11,100
0.9955465587044534,1.0,0.9979707792207793,0.002029220779220779,1.0,1.0,10,22,4918,0,1.0,0.9955465587044534,0.006464646464646465,58.73422269988805,11,100
0.0,0.1,0.0,1.0,0.1,0.05,1,4940,0,9,0.1,0.0,0.9981818181818182,53.48436160001438,12,100
0.0,0.1,0.0,1.0,0.1,0.1,1,4940,0,9,0.1,0.0,0.9981818181818182,53.48436160001438,12,100
0.0,0.1,0.0,1.0,0.1,0.15,1,4940,0,9,0.1,0.0,0.9981818181818182,53.48436160001438,12,100
0.0004048582995951417,0.3,0.4,0.6,0.3,0.2,3,4938,2,7,0.3,0.0004048582995951417,0.9981818181818182,53.48436160001438,12,100
0.0004048582995951417,0.3,0.4,0.6,0.3,0.25,3,4938,2,7,0.3,0.0004048582995951417,0.9981818181818182,53.48436160001438,12,100
0.0006072874493927126,0.3,0.5,0.5,0.3,0.3,3,4937,3,7,0.3,0.0006072874493927126,0.997979797979798,53.48436160001438,12,100
0.0006072874493927126,0.3,0.5,0.5,0.3,0.35,3,4937,3,7,0.3,0.0006072874493927126,0.997979797979798,53.48436160001438,12,100
0.0008097165991902834,0.3,0.5714285714285714,0.42857142857142855,0.3,0.4,3,4936,4,7,0.3,0.0008097165991902834,0.9977777777777778,53.48436160001438,12,100
0.0012145748987854252,0.3,0.6666666666666666,0.3333333333333333,0.3,0.45,3,4934,6,7,0.3,0.0012145748987854252,0.9973737373737374,53.48436160001438,12,100
0.0018218623481781376,0.4,0.6923076923076923,0.3076923076923077,0.4,0.5,4,4931,9,6,0.4,0.0018218623481781376,0.996969696969697,53.48436160001438,12,100
0.0018218623481781376,0.4,0.6923076923076923,0.3076923076923077,0.4,0.55,4,4931,9,6,0.4,0.0018218623481781376,0.996969696969697,53.48436160001438,12,100
0.0036437246963562753,0.4,0.8181818181818182,0.18181818181818182,0.4,0.6,4,4922,18,6,0.4,0.0036437246963562753,0.9951515151515151,53.48436160001438,12,100
0.008704453441295546,0.6,0.8775510204081632,0.12244897959183673,0.6,0.65,6,4897,43,4,0.6,0.008704453441295546,0.9905050505050506,53.48436160001438,12,100
0.016194331983805668,0.6,0.9302325581395349,0.06976744186046512,0.6,0.7,6,4860,80,4,0.6,0.016194331983805668,0.983030303030303,53.48436160001438,12,100
0.024696356275303644,0.6,0.953125,0.046875,0.6,0.75,6,4818,122,4,0.6,0.024696356275303644,0.9745454545454545,53.48436160001438,12,100
0.026923076923076925,0.6,0.9568345323741008,0.04316546762589928,0.6,0.8,6,4807,133,4,0.6,0.026923076923076925,0.9723232323232324,53.48436160001438,12,100
0.07449392712550608,0.7,0.9813333333333333,0.018666666666666668,0.7,0.85,7,4572,368,3,0.7,0.07449392712550608,0.925050505050505,53.48436160001438,12,100
0.2653846153846154,0.8,0.9939347990902199,0.006065200909780136,0.8,0.9,8,3629,1311,2,0.8,0.2653846153846154,0.7347474747474747,53.48436160001438,12,100
0.5137651821862348,0.8,0.9968578161822467,0.003142183817753339,0.8,0.95,8,2402,2538,2,0.8,0.5137651821862348,0.4868686868686869,53.48436160001438,12,100
0.998582995951417,1.0,0.9979769370827433,0.0020230629172567267,1.0,1.0,10,7,4933,0,1.0,0.998582995951417,0.0034343434343434343,53.48436160001438,12,100
0.0,0.5,0.0,1.0,0.5,0.05,5,4940,0,5,0.5,0.0,0.998989898989899,48.08171519997995,13,100
0.0012145748987854252,0.6,0.5,0.5,0.6,0.1,6,4934,6,4,0.6,0.0012145748987854252,0.997979797979798,48.08171519997995,13,100
0.0020242914979757085,0.6,0.625,0.375,0.6,0.15,6,4930,10,4,0.6,0.0020242914979757085,0.9971717171717172,48.08171519997995,13,100
0.0020242914979757085,0.6,0.625,0.375,0.6,0.2,6,4930,10,4,0.6,0.0020242914979757085,0.9971717171717172,48.08171519997995,13,100
0.002226720647773279,0.6,0.6470588235294118,0.35294117647058826,0.6,0.25,6,4929,11,4,0.6,0.002226720647773279,0.996969696969697,48.08171519997995,13,100
0.0038461538461538464,0.6,0.76,0.24,0.6,0.3,6,4921,19,4,0.6,0.0038461538461538464,0.9953535353535353,48.08171519997995,13,100
0.0038461538461538464,0.6,0.76,0.24,0.6,0.35,6,4921,19,4,0.6,0.0038461538461538464,0.9953535353535353,48.08171519997995,13,100
0.0038461538461538464,0.6,0.76,0.24,0.6,0.4,6,4921,19,4,0.6,0.0038461538461538464,0.9953535353535353,48.08171519997995,13,100
0.006275303643724696,0.6,0.8378378378378378,0.16216216216216217,0.6,0.45,6,4909,31,4,0.6,0.006275303643724696,0.9929292929292929,48.08171519997995,13,100
0.012348178137651822,0.6,0.9104477611940298,0.08955223880597014,0.6,0.5,6,4879,61,4,0.6,0.012348178137651822,0.9868686868686869,48.08171519997995,13,100
0.013157894736842105,0.7,0.9027777777777778,0.09722222222222222,0.7,0.55,7,4875,65,3,0.7,0.013157894736842105,0.9862626262626263,48.08171519997995,13,100
0.019230769230769232,0.7,0.9313725490196079,0.06862745098039216,0.7,0.6,7,4845,95,3,0.7,0.019230769230769232,0.9802020202020202,48.08171519997995,13,100
0.019635627530364373,0.7,0.9326923076923077,0.0673076923076923,0.7,0.65,7,4843,97,3,0.7,0.019635627530364373,0.9797979797979798,48.08171519997995,13,100
0.02631578947368421,0.8,0.9420289855072463,0.057971014492753624,0.8,0.7,8,4810,130,2,0.8,0.02631578947368421,0.9733333333333334,48.08171519997995,13,100
0.04089068825910931,0.8,0.9619047619047619,0.0380952380952381,0.8,0.75,8,4738,202,2,0.8,0.04089068825910931,0.9587878787878787,48.08171519997995,13,100
0.06538461538461539,0.8,0.9758308157099698,0.02416918429003021,0.8,0.8,8,4617,323,2,0.8,0.06538461538461539,0.9343434343434344,48.08171519997995,13,100
0.12246963562753037,0.8,0.9869494290375204,0.013050570962479609,0.8,0.85,8,4335,605,2,0.8,0.12246963562753037,0.8773737373737374,48.08171519997995,13,100
0.22348178137651822,1.0,0.9910233393177738,0.008976660682226212,1.0,0.9,10,3836,1104,0,1.0,0.22348178137651822,0.776969696969697,48.08171519997995,13,100
0.4331983805668016,1.0,0.9953488372093023,0.004651162790697674,1.0,0.95,10,2800,2140,0,1.0,0.4331983805668016,0.5676767676767677,48.08171519997995,13,100
0.998582995951417,1.0,0.9979769370827433,0.0020230629172567267,1.0,1.0,10,7,4933,0,1.0,0.998582995951417,0.0034343434343434343,48.08171519997995,13,100
0.0,0.1,0.0,1.0,0.1,0.05,1,4940,0,9,0.1,0.0,0.9981818181818182,47.2977869999595,14,100
0.0,0.1,0.0,1.0,0.1,0.1,1,4940,0,9,0.1,0.0,0.9981818181818182,47.2977869999595,14,100
0.00020242914979757084,0.1,0.5,0.5,0.1,0.15,1,4939,1,9,0.1,0.00020242914979757084,0.997979797979798,47.2977869999595,14,100
0.00020242914979757084,0.1,0.5,0.5,0.1,0.2,1,4939,1,9,0.1,0.00020242914979757084,0.997979797979798,47.2977869999595,14,100
0.00020242914979757084,0.1,0.5,0.5,0.1,0.25,1,4939,1,9,0.1,0.00020242914979757084,0.997979797979798,47.2977869999595,14,100
0.00020242914979757084,0.1,0.5,0.5,0.1,0.3,1,4939,1,9,0.1,0.00020242914979757084,0.997979797979798,47.2977869999595,14,100
0.00020242914979757084,0.1,0.5,0.5,0.1,0.35,1,4939,1,9,0.1,0.00020242914979757084,0.997979797979798,47.2977869999595,14,100
0.00020242914979757084,0.1,0.5,0.5,0.1,0.4,1,4939,1,9,0.1,0.00020242914979757084,0.997979797979798,47.2977869999595,14,100
0.00020242914979757084,0.1,0.5,0.5,0.1,0.45,1,4939,1,9,0.1,0.00020242914979757084,0.997979797979798,47.2977869999595,14,100
0.00020242914979757084,0.1,0.5,0.5,0.1,0.5,1,4939,1,9,0.1,0.00020242914979757084,0.997979797979798,47.2977869999595,14,100
0.00020242914979757084,0.1,0.5,0.5,0.1,0.55,1,4939,1,9,0.1,0.00020242914979757084,0.997979797979798,47.2977869999595,14,100
0.00951417004048583,0.3,0.94,0.06,0.3,0.6,3,4893,47,7,0.3,0.00951417004048583,0.9890909090909091,47.2977869999595,14,100
0.012145748987854251,0.4,0.9375,0.0625,0.4,0.65,4,4880,60,6,0.4,0.012145748987854251,0.9866666666666667,47.2977869999595,14,100
0.018421052631578946,0.5,0.9479166666666666,0.052083333333333336,0.5,0.7,5,4849,91,5,0.5,0.018421052631578946,0.9806060606060606,47.2977869999595,14,100
0.02631578947368421,0.6,0.9558823529411765,0.04411764705882353,0.6,0.75,6,4810,130,4,0.6,0.02631578947368421,0.972929292929293,47.2977869999595,14,100
0.027125506072874495,0.6,0.9571428571428572,0.04285714285714286,0.6,0.8,6,4806,134,4,0.6,0.027125506072874495,0.9721212121212122,47.2977869999595,14,100
0.02894736842105263,0.6,0.959731543624161,0.040268456375838924,0.6,0.85,6,4797,143,4,0.6,0.02894736842105263,0.9703030303030303,47.2977869999595,14,100
0.14777327935222673,0.8,0.989159891598916,0.01084010840108401,0.8,0.9,8,4210,730,2,0.8,0.14777327935222673,0.8521212121212122,47.2977869999595,14,100
0.36578947368421055,0.9,0.9950440528634361,0.004955947136563877,0.9,0.95,9,3133,1807,1,0.9,0.36578947368421055,0.6347474747474747,47.2977869999595,14,100
0.9989878542510121,1.0,0.9979777553083923,0.0020222446916076846,1.0,1.0,10,5,4935,0,1.0,0.9989878542510121,0.0030303030303030303,47.2977869999595,14,100
0.0,0.1,0.0,1.0,0.1,0.05,1,4940,0,9,0.1,0.0,0.9981818181818182,53.010206699953414,15,100
0.0,0.2,0.0,1.0,0.2,0.1,2,4940,0,8,0.2,0.0,0.9983838383838384,53.010206699953414,15,100
0.0,0.2,0.0,1.0,0.2,0.15,2,4940,0,8,0.2,0.0,0.9983838383838384,53.010206699953414,15,100
0.0,0.2,0.0,1.0,0.2,0.2,2,4940,0,8,0.2,0.0,0.9983838383838384,53.010206699953414,15,100
0.0,0.2,0.0,1.0,0.2,0.25,2,4940,0,8,0.2,0.0,0.9983838383838384,53.010206699953414,15,100
0.0,0.2,0.0,1.0,0.2,0.3,2,4940,0,8,0.2,0.0,0.9983838383838384,53.010206699953414,15,100
0.0,0.2,0.0,1.0,0.2,0.35,2,4940,0,8,0.2,0.0,0.9983838383838384,53.010206699953414,15,100
0.0,0.2,0.0,1.0,0.2,0.4,2,4940,0,8,0.2,0.0,0.9983838383838384,53.010206699953414,15,100
0.0,0.2,0.0,1.0,0.2,0.45,2,4940,0,8,0.2,0.0,0.9983838383838384,53.010206699953414,15,100
0.0,0.2,0.0,1.0,0.2,0.5,2,4940,0,8,0.2,0.0,0.9983838383838384,53.010206699953414,15,100
0.0,0.2,0.0,1.0,0.2,0.55,2,4940,0,8,0.2,0.0,0.9983838383838384,53.010206699953414,15,100
0.0,0.2,0.0,1.0,0.2,0.6,2,4940,0,8,0.2,0.0,0.9983838383838384,53.010206699953414,15,100
0.003036437246963563,0.6,0.7142857142857143,0.2857142857142857,0.6,0.65,6,4925,15,4,0.6,0.003036437246963563,0.9961616161616161,53.010206699953414,15,100
0.008299595141700405,0.6,0.8723404255319149,0.1276595744680851,0.6,0.7,6,4899,41,4,0.6,0.008299595141700405,0.990909090909091,53.010206699953414,15,100
0.012955465587044534,0.6,0.9142857142857143,0.08571428571428572,0.6,0.75,6,4876,64,4,0.6,0.012955465587044534,0.9862626262626263,53.010206699953414,15,100
0.05121457489878543,0.8,0.9693486590038314,0.03065134099616858,0.8,0.8,8,4687,253,2,0.8,0.05121457489878543,0.9484848484848485,53.010206699953414,15,100
0.12692307692307692,0.9,0.9858490566037735,0.014150943396226415,0.9,0.85,9,4313,627,1,0.9,0.12692307692307692,0.8731313131313131,53.010206699953414,15,100
0.16842105263157894,1.0,0.9881235154394299,0.011876484560570071,1.0,0.9,10,4108,832,0,1.0,0.16842105263157894,0.831919191919192,53.010206699953414,15,100
0.43846153846153846,1.0,0.9954044117647058,0.004595588235294118,1.0,0.95,10,2774,2166,0,1.0,0.43846153846153846,0.5624242424242424,53.010206699953414,15,100
0.9991902834008097,1.0,0.9979781641730692,0.0020218358269308533,1.0,1.0,10,4,4936,0,1.0,0.9991902834008097,0.0028282828282828283,53.010206699953414,15,100
0.0,0.2,0.0,1.0,0.2,0.05,2,4940,0,8,0.2,0.0,0.9983838383838384,58.12377169996034,16,100
0.0,0.2,0.0,1.0,0.2,0.1,2,4940,0,8,0.2,0.0,0.9983838383838384,58.12377169996034,16,100
0.0,0.3,0.0,1.0,0.3,0.15,3,4940,0,7,0.3,0.0,0.9985858585858586,58.12377169996034,16,100
0.0,0.3,0.0,1.0,0.3,0.2,3,4940,0,7,0.3,0.0,0.9985858585858586,58.12377169996034,16,100
0.0,0.3,0.0,1.0,0.3,0.25,3,4940,0,7,0.3,0.0,0.9985858585858586,58.12377169996034,16,100
0.0,0.3,0.0,1.0,0.3,0.3,3,4940,0,7,0.3,0.0,0.9985858585858586,58.12377169996034,16,100
0.0,0.3,0.0,1.0,0.3,0.35,3,4940,0,7,0.3,0.0,0.9985858585858586,58.12377169996034,16,100
0.0,0.3,0.0,1.0,0.3,0.4,3,4940,0,7,0.3,0.0,0.9985858585858586,58.12377169996034,16,100
0.0034412955465587046,0.3,0.85,0.15,0.3,0.45,3,4923,17,7,0.3,0.0034412955465587046,0.9951515151515151,58.12377169996034,16,100
0.0034412955465587046,0.3,0.85,0.15,0.3,0.5,3,4923,17,7,0.3,0.0034412955465587046,0.9951515151515151,58.12377169996034,16,100
0.006275303643724696,0.3,0.9117647058823529,0.08823529411764706,0.3,0.55,3,4909,31,7,0.3,0.006275303643724696,0.9923232323232323,58.12377169996034,16,100
0.02186234817813765,0.6,0.9473684210526315,0.05263157894736842,0.6,0.6,6,4832,108,4,0.6,0.02186234817813765,0.9773737373737373,58.12377169996034,16,100
0.025506072874493926,0.6,0.9545454545454546,0.045454545454545456,0.6,0.65,6,4814,126,4,0.6,0.025506072874493926,0.9737373737373738,58.12377169996034,16,100
0.02894736842105263,0.8,0.9470198675496688,0.052980132450331126,0.8,0.7,8,4797,143,2,0.8,0.02894736842105263,0.9707070707070707,58.12377169996034,16,100
0.044534412955465584,0.8,0.9649122807017544,0.03508771929824561,0.8,0.75,8,4720,220,2,0.8,0.044534412955465584,0.9551515151515152,58.12377169996034,16,100
0.05283400809716599,0.8,0.9702602230483272,0.02973977695167286,0.8,0.8,8,4679,261,2,0.8,0.05283400809716599,0.9468686868686869,58.12377169996034,16,100
0.056882591093117406,0.8,0.972318339100346,0.02768166089965398,0.8,0.85,8,4659,281,2,0.8,0.056882591093117406,0.9428282828282828,58.12377169996034,16,100
0.09817813765182186,0.8,0.9837728194726166,0.016227180527383367,0.8,0.9,8,4455,485,2,0.8,0.09817813765182186,0.9016161616161616,58.12377169996034,16,100
0.2676113360323887,0.9,0.9932381667918858,0.0067618332081141996,0.9,0.95,9,3618,1322,1,0.9,0.2676113360323887,0.7327272727272728,58.12377169996034,16,100
0.9971659919028341,1.0,0.9979740680713128,0.002025931928687196,1.0,1.0,10,14,4926,0,1.0,0.9971659919028341,0.0048484848484848485,58.12377169996034,16,100
0.0,0.0,0.0,,0.0,0.05,0,4940,0,10,0.0,0.0,0.997979797979798,57.98605559999123,17,100
0.0,0.0,0.0,,0.0,0.1,0,4940,0,10,0.0,0.0,0.997979797979798,57.98605559999123,17,100
0.0004048582995951417,0.3,0.4,0.6,0.3,0.15,3,4938,2,7,0.3,0.0004048582995951417,0.9981818181818182,57.98605559999123,17,100
0.0004048582995951417,0.3,0.4,0.6,0.3,0.2,3,4938,2,7,0.3,0.0004048582995951417,0.9981818181818182,57.98605559999123,17,100
0.0004048582995951417,0.3,0.4,0.6,0.3,0.25,3,4938,2,7,0.3,0.0004048582995951417,0.9981818181818182,57.98605559999123,17,100
0.0004048582995951417,0.3,0.4,0.6,0.3,0.3,3,4938,2,7,0.3,0.0004048582995951417,0.9981818181818182,57.98605559999123,17,100
0.0006072874493927126,0.3,0.5,0.5,0.3,0.35,3,4937,3,7,0.3,0.0006072874493927126,0.997979797979798,57.98605559999123,17,100
0.0010121457489878543,0.4,0.5555555555555556,0.4444444444444444,0.4,0.4,4,4935,5,6,0.4,0.0010121457489878543,0.9977777777777778,57.98605559999123,17,100
0.0016194331983805667,0.5,0.6153846153846154,0.38461538461538464,0.5,0.45,5,4932,8,5,0.5,0.0016194331983805667,0.9973737373737374,57.98605559999123,17,100
0.0016194331983805667,0.5,0.6153846153846154,0.38461538461538464,0.5,0.5,5,4932,8,5,0.5,0.0016194331983805667,0.9973737373737374,57.98605559999123,17,100
0.0016194331983805667,0.5,0.6153846153846154,0.38461538461538464,0.5,0.55,5,4932,8,5,0.5,0.0016194331983805667,0.9973737373737374,57.98605559999123,17,100
0.0016194331983805667,0.5,0.6153846153846154,0.38461538461538464,0.5,0.6,5,4932,8,5,0.5,0.0016194331983805667,0.9973737373737374,57.98605559999123,17,100
0.0034412955465587046,0.6,0.7391304347826086,0.2608695652173913,0.6,0.65,6,4923,17,4,0.6,0.0034412955465587046,0.9957575757575757,57.98605559999123,17,100
0.0034412955465587046,0.6,0.7391304347826086,0.2608695652173913,0.6,0.7,6,4923,17,4,0.6,0.0034412955465587046,0.9957575757575757,57.98605559999123,17,100
0.008299595141700405,0.7,0.8541666666666666,0.14583333333333334,0.7,0.75,7,4899,41,3,0.7,0.008299595141700405,0.9911111111111112,57.98605559999123,17,100
0.02125506072874494,0.9,0.9210526315789473,0.07894736842105263,0.9,0.8,9,4835,105,1,0.9,0.02125506072874494,0.9785858585858586,57.98605559999123,17,100
0.042105263157894736,0.9,0.9585253456221198,0.041474654377880185,0.9,0.85,9,4732,208,1,0.9,0.042105263157894736,0.9577777777777777,57.98605559999123,17,100
0.11720647773279352,1.0,0.9830220713073005,0.01697792869269949,1.0,0.9,10,4361,579,0,1.0,0.11720647773279352,0.883030303030303,57.98605559999123,17,100
0.5032388663967612,1.0,0.9959935897435898,0.004006410256410256,1.0,0.95,10,2454,2486,0,1.0,0.5032388663967612,0.49777777777777776,57.98605559999123,17,100
0.998582995951417,1.0,0.9979769370827433,0.0020230629172567267,1.0,1.0,10,7,4933,0,1.0,0.998582995951417,0.0034343434343434343,57.98605559999123,17,100
0.0,0.5,0.0,1.0,0.5,0.05,5,4940,0,5,0.5,0.0,0.998989898989899,58.1316992000211,18,100
0.0004048582995951417,0.5,0.2857142857142857,0.7142857142857143,0.5,0.1,5,4938,2,5,0.5,0.0004048582995951417,0.9985858585858586,58.1316992000211,18,100
0.0006072874493927126,0.6,0.3333333333333333,0.6666666666666666,0.6,0.15,6,4937,3,4,0.6,0.0006072874493927126,0.9985858585858586,58.1316992000211,18,100
0.0006072874493927126,0.6,0.3333333333333333,0.6666666666666666,0.6,0.2,6,4937,3,4,0.6,0.0006072874493927126,0.9985858585858586,58.1316992000211,18,100
0.0008097165991902834,0.6,0.4,0.6,0.6,0.25,6,4936,4,4,0.6,0.0008097165991902834,0.9983838383838384,58.1316992000211,18,100
0.0008097165991902834,0.6,0.4,0.6,0.6,0.3,6,4936,4,4,0.6,0.0008097165991902834,0.9983838383838384,58.1316992000211,18,100
0.0016194331983805667,0.6,0.5714285714285714,0.42857142857142855,0.6,0.35,6,4932,8,4,0.6,0.0016194331983805667,0.9975757575757576,58.1316992000211,18,100
0.0016194331983805667,0.6,0.5714285714285714,0.42857142857142855,0.6,0.4,6,4932,8,4,0.6,0.0016194331983805667,0.9975757575757576,58.1316992000211,18,100
0.002226720647773279,0.7,0.6111111111111112,0.3888888888888889,0.7,0.45,7,4929,11,3,0.7,0.002226720647773279,0.9971717171717172,58.1316992000211,18,100
0.008704453441295546,0.7,0.86,0.14,0.7,0.5,7,4897,43,3,0.7,0.008704453441295546,0.9907070707070708,58.1316992000211,18,100
0.010931174089068825,0.7,0.8852459016393442,0.11475409836065574,0.7,0.55,7,4886,54,3,0.7,0.010931174089068825,0.9884848484848485,58.1316992000211,18,100
0.019838056680161944,0.9,0.9158878504672897,0.08411214953271028,0.9,0.6,9,4842,98,1,0.9,0.019838056680161944,0.98,58.1316992000211,18,100
0.02145748987854251,0.9,0.9217391304347826,0.0782608695652174,0.9,0.65,9,4834,106,1,0.9,0.02145748987854251,0.9783838383838384,58.1316992000211,18,100
0.03360323886639676,0.9,0.9485714285714286,0.05142857142857143,0.9,0.7,9,4774,166,1,0.9,0.03360323886639676,0.9662626262626263,58.1316992000211,18,100
0.04595141700404858,0.9,0.961864406779661,0.038135593220338986,0.9,0.75,9,4713,227,1,0.9,0.04595141700404858,0.953939393939394,58.1316992000211,18,100
0.06417004048582996,0.9,0.9723926380368099,0.027607361963190184,0.9,0.8,9,4623,317,1,0.9,0.06417004048582996,0.9357575757575758,58.1316992000211,18,100
0.09331983805668016,0.9,0.9808510638297873,0.019148936170212766,0.9,0.85,9,4479,461,1,0.9,0.09331983805668016,0.9066666666666666,58.1316992000211,18,100
0.13097165991902834,0.9,0.9862804878048781,0.013719512195121951,0.9,0.9,9,4293,647,1,0.9,0.13097165991902834,0.8690909090909091,58.1316992000211,18,100
0.18279352226720647,0.9,0.9901315789473685,0.009868421052631578,0.9,0.95,9,4037,903,1,0.9,0.18279352226720647,0.8173737373737374,58.1316992000211,18,100
0.9991902834008097,1.0,0.9979781641730692,0.0020218358269308533,1.0,1.0,10,4,4936,0,1.0,0.9991902834008097,0.0028282828282828283,58.1316992000211,18,100
0.0,0.5,0.0,1.0,0.5,0.05,5,4940,0,5,0.5,0.0,0.998989898989899,58.22707719996106,19,100
0.0,0.5,0.0,1.0,0.5,0.1,5,4940,0,5,0.5,0.0,0.998989898989899,58.22707719996106,19,100
0.0,0.5,0.0,1.0,0.5,0.15,5,4940,0,5,0.5,0.0,0.998989898989899,58.22707719996106,19,100
0.00020242914979757084,0.5,0.16666666666666666,0.8333333333333334,0.5,0.2,5,4939,1,5,0.5,0.00020242914979757084,0.9987878787878788,58.22707719996106,19,100
0.00020242914979757084,0.5,0.16666666666666666,0.8333333333333334,0.5,0.25,5,4939,1,5,0.5,0.00020242914979757084,0.9987878787878788,58.22707719996106,19,100
0.00020242914979757084,0.5,0.16666666666666666,0.8333333333333334,0.5,0.3,5,4939,1,5,0.5,0.00020242914979757084,0.9987878787878788,58.22707719996106,19,100
0.00020242914979757084,0.5,0.16666666666666666,0.8333333333333334,0.5,0.35,5,4939,1,5,0.5,0.00020242914979757084,0.9987878787878788,58.22707719996106,19,100
0.00020242914979757084,0.5,0.16666666666666666,0.8333333333333334,0.5,0.4,5,4939,1,5,0.5,0.00020242914979757084,0.9987878787878788,58.22707719996106,19,100
0.001417004048582996,0.5,0.5833333333333334,0.4166666666666667,0.5,0.45,5,4933,7,5,0.5,0.001417004048582996,0.9975757575757576,58.22707719996106,19,100
0.002631578947368421,0.5,0.7222222222222222,0.2777777777777778,0.5,0.5,5,4927,13,5,0.5,0.002631578947368421,0.9963636363636363,58.22707719996106,19,100
0.002631578947368421,0.5,0.7222222222222222,0.2777777777777778,0.5,0.55,5,4927,13,5,0.5,0.002631578947368421,0.9963636363636363,58.22707719996106,19,100
0.0032388663967611335,0.5,0.7619047619047619,0.23809523809523808,0.5,0.6,5,4924,16,5,0.5,0.0032388663967611335,0.9957575757575757,58.22707719996106,19,100
0.0032388663967611335,0.5,0.7619047619047619,0.23809523809523808,0.5,0.65,5,4924,16,5,0.5,0.0032388663967611335,0.9957575757575757,58.22707719996106,19,100
0.0036437246963562753,0.5,0.782608695652174,0.21739130434782608,0.5,0.7,5,4922,18,5,0.5,0.0036437246963562753,0.9953535353535353,58.22707719996106,19,100
0.0038461538461538464,0.6,0.76,0.24,0.6,0.75,6,4921,19,4,0.6,0.0038461538461538464,0.9953535353535353,58.22707719996106,19,100
0.00465587044534413,0.6,0.7931034482758621,0.20689655172413793,0.6,0.8,6,4917,23,4,0.6,0.00465587044534413,0.9945454545454545,58.22707719996106,19,100
0.00465587044534413,0.6,0.7931034482758621,0.20689655172413793,0.6,0.85,6,4917,23,4,0.6,0.00465587044534413,0.9945454545454545,58.22707719996106,19,100
0.005060728744939271,0.6,0.8064516129032258,0.1935483870967742,0.6,0.9,6,4915,25,4,0.6,0.005060728744939271,0.9941414141414141,58.22707719996106,19,100
0.005465587044534413,0.6,0.8181818181818182,0.18181818181818182,0.6,0.95,6,4913,27,4,0.6,0.005465587044534413,0.9937373737373737,58.22707719996106,19,100
0.9983805668016195,1.0,0.9979765277215702,0.0020234722784297854,1.0,1.0,10,8,4932,0,1.0,0.9983805668016195,0.0036363636363636364,58.22707719996106,19,100
0.0,0.1,0.0,1.0,0.1,0.05,1,4940,0,9,0.1,0.0,0.9981818181818182,52.60181170003489,20,100
0.00020242914979757084,0.1,0.5,0.5,0.1,0.1,1,4939,1,9,0.1,0.00020242914979757084,0.997979797979798,52.60181170003489,20,100
0.0004048582995951417,0.1,0.6666666666666666,0.3333333333333333,0.1,0.15,1,4938,2,9,0.1,0.0004048582995951417,0.9977777777777778,52.60181170003489,20,100
0.0004048582995951417,0.1,0.6666666666666666,0.3333333333333333,0.1,0.2,1,4938,2,9,0.1,0.0004048582995951417,0.9977777777777778,52.60181170003489,20,100
0.0004048582995951417,0.1,0.6666666666666666,0.3333333333333333,0.1,0.25,1,4938,2,9,0.1,0.0004048582995951417,0.9977777777777778,52.60181170003489,20,100
0.0010121457489878543,0.5,0.5,0.5,0.5,0.3,5,4935,5,5,0.5,0.0010121457489878543,0.997979797979798,52.60181170003489,20,100
0.0010121457489878543,0.5,0.5,0.5,0.5,0.35,5,4935,5,5,0.5,0.0010121457489878543,0.997979797979798,52.60181170003489,20,100
0.0012145748987854252,0.5,0.5454545454545454,0.45454545454545453,0.5,0.4,5,4934,6,5,0.5,0.0012145748987854252,0.9977777777777778,52.60181170003489,20,100
0.001417004048582996,0.5,0.5833333333333334,0.4166666666666667,0.5,0.45,5,4933,7,5,0.5,0.001417004048582996,0.9975757575757576,52.60181170003489,20,100
0.0016194331983805667,0.5,0.6153846153846154,0.38461538461538464,0.5,0.5,5,4932,8,5,0.5,0.0016194331983805667,0.9973737373737374,52.60181170003489,20,100
0.0016194331983805667,0.5,0.6153846153846154,0.38461538461538464,0.5,0.55,5,4932,8,5,0.5,0.0016194331983805667,0.9973737373737374,52.60181170003489,20,100
0.0016194331983805667,0.6,0.5714285714285714,0.42857142857142855,0.6,0.6,6,4932,8,4,0.6,0.0016194331983805667,0.9975757575757576,52.60181170003489,20,100
0.004858299595141701,0.7,0.7741935483870968,0.22580645161290322,0.7,0.65,7,4916,24,3,0.7,0.004858299595141701,0.9945454545454545,52.60181170003489,20,100
0.0072874493927125505,0.8,0.8181818181818182,0.18181818181818182,0.8,0.7,8,4904,36,2,0.8,0.0072874493927125505,0.9923232323232323,52.60181170003489,20,100
0.01417004048582996,0.8,0.8974358974358975,0.10256410256410256,0.8,0.75,8,4870,70,2,0.8,0.01417004048582996,0.9854545454545455,52.60181170003489,20,100
0.05263157894736842,0.9,0.966542750929368,0.03345724907063197,0.9,0.8,9,4680,260,1,0.9,0.05263157894736842,0.9472727272727273,52.60181170003489,20,100
0.07550607287449393,0.9,0.9764397905759162,0.02356020942408377,0.9,0.85,9,4567,373,1,0.9,0.07550607287449393,0.9244444444444444,52.60181170003489,20,100
0.11842105263157894,0.9,0.9848484848484849,0.015151515151515152,0.9,0.9,9,4355,585,1,0.9,0.11842105263157894,0.8816161616161616,52.60181170003489,20,100
0.4064777327935223,1.0,0.9950445986124876,0.004955401387512388,1.0,0.95,10,2932,2008,0,1.0,0.4064777327935223,0.5943434343434344,52.60181170003489,20,100
0.9811740890688259,1.0,0.997941115915174,0.0020588840848260242,1.0,1.0,10,93,4847,0,1.0,0.9811740890688259,0.020808080808080807,52.60181170003489,20,100
0.00020242914979757084,0.3,0.25,0.75,0.3,0.05,3,4939,1,7,0.3,0.00020242914979757084,0.9983838383838384,47.570735400076956,21,100
0.0004048582995951417,0.4,0.3333333333333333,0.6666666666666666,0.4,0.1,4,4938,2,6,0.4,0.0004048582995951417,0.9983838383838384,47.570735400076956,21,100
0.0004048582995951417,0.4,0.3333333333333333,0.6666666666666666,0.4,0.15,4,4938,2,6,0.4,0.0004048582995951417,0.9983838383838384,47.570735400076956,21,100
0.0004048582995951417,0.4,0.3333333333333333,0.6666666666666666,0.4,0.2,4,4938,2,6,0.4,0.0004048582995951417,0.9983838383838384,47.570735400076956,21,100
0.0004048582995951417,0.4,0.3333333333333333,0.6666666666666666,0.4,0.25,4,4938,2,6,0.4,0.0004048582995951417,0.9983838383838384,47.570735400076956,21,100
0.0010121457489878543,0.4,0.5555555555555556,0.4444444444444444,0.4,0.3,4,4935,5,6,0.4,0.0010121457489878543,0.9977777777777778,47.570735400076956,21,100
0.0016194331983805667,0.4,0.6666666666666666,0.3333333333333333,0.4,0.35,4,4932,8,6,0.4,0.0016194331983805667,0.9971717171717172,47.570735400076956,21,100
0.0018218623481781376,0.4,0.6923076923076923,0.3076923076923077,0.4,0.4,4,4931,9,6,0.4,0.0018218623481781376,0.996969696969697,47.570735400076956,21,100
0.0020242914979757085,0.4,0.7142857142857143,0.2857142857142857,0.4,0.45,4,4930,10,6,0.4,0.0020242914979757085,0.9967676767676767,47.570735400076956,21,100
0.004858299595141701,0.4,0.8571428571428571,0.14285714285714285,0.4,0.5,4,4916,24,6,0.4,0.004858299595141701,0.9939393939393939,47.570735400076956,21,100
0.005870445344129555,0.5,0.8529411764705882,0.14705882352941177,0.5,0.55,5,4911,29,5,0.5,0.005870445344129555,0.9931313131313131,47.570735400076956,21,100
0.01720647773279352,0.6,0.9340659340659341,0.06593406593406594,0.6,0.6,6,4855,85,4,0.6,0.01720647773279352,0.982020202020202,47.570735400076956,21,100
0.019838056680161944,0.8,0.9245283018867925,0.07547169811320754,0.8,0.65,8,4842,98,2,0.8,0.019838056680161944,0.9797979797979798,47.570735400076956,21,100
0.02874493927125506,0.8,0.9466666666666667,0.05333333333333334,0.8,0.7,8,4798,142,2,0.8,0.02874493927125506,0.9709090909090909,47.570735400076956,21,100
0.04878542510121457,0.9,0.964,0.036,0.9,0.75,9,4699,241,1,0.9,0.04878542510121457,0.9511111111111111,47.570735400076956,21,100
0.11963562753036437,0.9,0.985,0.015,0.9,0.8,9,4349,591,1,0.9,0.11963562753036437,0.8804040404040404,47.570735400076956,21,100
0.2589068825910931,1.0,0.9922420480993018,0.007757951900698216,1.0,0.85,10,3661,1279,0,1.0,0.2589068825910931,0.7416161616161616,47.570735400076956,21,100
0.31032388663967614,1.0,0.9935191186001296,0.0064808813998703824,1.0,0.9,10,3407,1533,0,1.0,0.31032388663967614,0.6903030303030303,47.570735400076956,21,100
0.5159919028340081,1.0,0.9960922235248144,0.003907776475185619,1.0,0.95,10,2391,2549,0,1.0,0.5159919028340081,0.48505050505050507,47.570735400076956,21,100
0.9987854251012146,1.0,0.9979773462783171,0.0020226537216828477,1.0,1.0,10,6,4934,0,1.0,0.9987854251012146,0.0032323232323232323,47.570735400076956,21,100
0.0,0.1,0.0,1.0,0.1,0.05,1,4940,0,9,0.1,0.0,0.9981818181818182,53.243275700020604,22,100
0.0,0.2,0.0,1.0,0.2,0.1,2,4940,0,8,0.2,0.0,0.9983838383838384,53.243275700020604,22,100
0.0,0.2,0.0,1.0,0.2,0.15,2,4940,0,8,0.2,0.0,0.9983838383838384,53.243275700020604,22,100
0.0,0.2,0.0,1.0,0.2,0.2,2,4940,0,8,0.2,0.0,0.9983838383838384,53.243275700020604,22,100
0.0,0.2,0.0,1.0,0.2,0.25,2,4940,0,8,0.2,0.0,0.9983838383838384,53.243275700020604,22,100
0.0,0.2,0.0,1.0,0.2,0.3,2,4940,0,8,0.2,0.0,0.9983838383838384,53.243275700020604,22,100
0.0,0.2,0.0,1.0,0.2,0.35,2,4940,0,8,0.2,0.0,0.9983838383838384,53.243275700020604,22,100
0.0,0.2,0.0,1.0,0.2,0.4,2,4940,0,8,0.2,0.0,0.9983838383838384,53.243275700020604,22,100
0.0,0.2,0.0,1.0,0.2,0.45,2,4940,0,8,0.2,0.0,0.9983838383838384,53.243275700020604,22,100
0.0,0.2,0.0,1.0,0.2,0.5,2,4940,0,8,0.2,0.0,0.9983838383838384,53.243275700020604,22,100
0.0,0.2,0.0,1.0,0.2,0.55,2,4940,0,8,0.2,0.0,0.9983838383838384,53.243275700020604,22,100
0.001417004048582996,0.3,0.7,0.3,0.3,0.6,3,4933,7,7,0.3,0.001417004048582996,0.9971717171717172,53.243275700020604,22,100
0.001417004048582996,0.3,0.7,0.3,0.3,0.65,3,4933,7,7,0.3,0.001417004048582996,0.9971717171717172,53.243275700020604,22,100
0.001417004048582996,0.3,0.7,0.3,0.3,0.7,3,4933,7,7,0.3,0.001417004048582996,0.9971717171717172,53.243275700020604,22,100
0.001417004048582996,0.4,0.6363636363636364,0.36363636363636365,0.4,0.75,4,4933,7,6,0.4,0.001417004048582996,0.9973737373737374,53.243275700020604,22,100
0.004453441295546558,0.4,0.8461538461538461,0.15384615384615385,0.4,0.8,4,4918,22,6,0.4,0.004453441295546558,0.9943434343434343,53.243275700020604,22,100
0.004453441295546558,0.4,0.8461538461538461,0.15384615384615385,0.4,0.85,4,4918,22,6,0.4,0.004453441295546558,0.9943434343434343,53.243275700020604,22,100
0.007489878542510121,0.5,0.8809523809523809,0.11904761904761904,0.5,0.9,5,4903,37,5,0.5,0.007489878542510121,0.9915151515151515,53.243275700020604,22,100
0.020242914979757085,0.8,0.9259259259259259,0.07407407407407407,0.8,0.95,8,4840,100,2,0.8,0.020242914979757085,0.9793939393939394,53.243275700020604,22,100
0.9927125506072875,1.0,0.9979649979649979,0.002035002035002035,1.0,1.0,10,36,4904,0,1.0,0.9927125506072875,0.009292929292929294,53.243275700020604,22,100
0.00020242914979757084,0.3,0.25,0.75,0.3,0.05,3,4939,1,7,0.3,0.00020242914979757084,0.9983838383838384,58.186960399965756,23,100
0.00020242914979757084,0.4,0.2,0.8,0.4,0.1,4,4939,1,6,0.4,0.00020242914979757084,0.9985858585858586,58.186960399965756,23,100
0.0006072874493927126,0.4,0.42857142857142855,0.5714285714285714,0.4,0.15,4,4937,3,6,0.4,0.0006072874493927126,0.9981818181818182,58.186960399965756,23,100
0.0006072874493927126,0.4,0.42857142857142855,0.5714285714285714,0.4,0.2,4,4937,3,6,0.4,0.0006072874493927126,0.9981818181818182,58.186960399965756,23,100
0.0010121457489878543,0.4,0.5555555555555556,0.4444444444444444,0.4,0.25,4,4935,5,6,0.4,0.0010121457489878543,0.9977777777777778,58.186960399965756,23,100
0.001417004048582996,0.5,0.5833333333333334,0.4166666666666667,0.5,0.3,5,4933,7,5,0.5,0.001417004048582996,0.9975757575757576,58.186960399965756,23,100
0.004251012145748988,0.6,0.7777777777777778,0.2222222222222222,0.6,0.35,6,4919,21,4,0.6,0.004251012145748988,0.9949494949494949,58.186960399965756,23,100
0.004453441295546558,0.6,0.7857142857142857,0.21428571428571427,0.6,0.4,6,4918,22,4,0.6,0.004453441295546558,0.9947474747474747,58.186960399965756,23,100
0.008299595141700405,0.6,0.8723404255319149,0.1276595744680851,0.6,0.45,6,4899,41,4,0.6,0.008299595141700405,0.990909090909091,58.186960399965756,23,100
0.01194331983805668,0.6,0.9076923076923077,0.09230769230769231,0.6,0.5,6,4881,59,4,0.6,0.01194331983805668,0.9872727272727273,58.186960399965756,23,100
0.012348178137651822,0.6,0.9104477611940298,0.08955223880597014,0.6,0.55,6,4879,61,4,0.6,0.012348178137651822,0.9868686868686869,58.186960399965756,23,100
0.015789473684210527,0.6,0.9285714285714286,0.07142857142857142,0.6,0.6,6,4862,78,4,0.6,0.015789473684210527,0.9834343434343434,58.186960399965756,23,100
0.029554655870445343,0.6,0.9605263157894737,0.039473684210526314,0.6,0.65,6,4794,146,4,0.6,0.029554655870445343,0.9696969696969697,58.186960399965756,23,100
0.03623481781376518,0.7,0.9623655913978495,0.03763440860215054,0.7,0.7,7,4761,179,3,0.7,0.03623481781376518,0.9632323232323232,58.186960399965756,23,100
0.04838056680161943,0.8,0.9676113360323887,0.032388663967611336,0.8,0.75,8,4701,239,2,0.8,0.04838056680161943,0.9513131313131313,58.186960399965756,23,100
0.0854251012145749,1.0,0.9768518518518519,0.023148148148148147,1.0,0.8,10,4518,422,0,1.0,0.0854251012145749,0.9147474747474748,58.186960399965756,23,100
0.1708502024291498,1.0,0.9882903981264637,0.0117096018735363,1.0,0.85,10,4096,844,0,1.0,0.1708502024291498,0.8294949494949495,58.186960399965756,23,100
0.26497975708502025,1.0,0.9924184988627748,0.0075815011372251705,1.0,0.9,10,3631,1309,0,1.0,0.26497975708502025,0.7355555555555555,58.186960399965756,23,100
0.44352226720647775,1.0,0.9954566106315311,0.004543389368468878,1.0,0.95,10,2749,2191,0,1.0,0.44352226720647775,0.5573737373737374,58.186960399965756,23,100
0.998582995951417,1.0,0.9979769370827433,0.0020230629172567267,1.0,1.0,10,7,4933,0,1.0,0.998582995951417,0.0034343434343434343,58.186960399965756,23,100
0.0,0.2,0.0,1.0,0.2,0.05,2,4940,0,8,0.2,0.0,0.9983838383838384,59.14398220006842,24,100
0.0,0.2,0.0,1.0,0.2,0.1,2,4940,0,8,0.2,0.0,0.9983838383838384,59.14398220006842,24,100
0.00020242914979757084,0.3,0.25,0.75,0.3,0.15,3,4939,1,7,0.3,0.00020242914979757084,0.9983838383838384,59.14398220006842,24,100
0.00020242914979757084,0.4,0.2,0.8,0.4,0.2,4,4939,1,6,0.4,0.00020242914979757084,0.9985858585858586,59.14398220006842,24,100
0.00020242914979757084,0.4,0.2,0.8,0.4,0.25,4,4939,1,6,0.4,0.00020242914979757084,0.9985858585858586,59.14398220006842,24,100
0.00020242914979757084,0.4,0.2,0.8,0.4,0.3,4,4939,1,6,0.4,0.00020242914979757084,0.9985858585858586,59.14398220006842,24,100
0.0010121457489878543,0.4,0.5555555555555556,0.4444444444444444,0.4,0.35,4,4935,5,6,0.4,0.0010121457489878543,0.9977777777777778,59.14398220006842,24,100
0.0010121457489878543,0.4,0.5555555555555556,0.4444444444444444,0.4,0.4,4,4935,5,6,0.4,0.0010121457489878543,0.9977777777777778,59.14398220006842,24,100
0.0010121457489878543,0.4,0.5555555555555556,0.4444444444444444,0.4,0.45,4,4935,5,6,0.4,0.0010121457489878543,0.9977777777777778,59.14398220006842,24,100
0.0010121457489878543,0.4,0.5555555555555556,0.4444444444444444,0.4,0.5,4,4935,5,6,0.4,0.0010121457489878543,0.9977777777777778,59.14398220006842,24,100
0.001417004048582996,0.4,0.6363636363636364,0.36363636363636365,0.4,0.55,4,4933,7,6,0.4,0.001417004048582996,0.9973737373737374,59.14398220006842,24,100
0.002226720647773279,0.4,0.7333333333333333,0.26666666666666666,0.4,0.6,4,4929,11,6,0.4,0.002226720647773279,0.9965656565656565,59.14398220006842,24,100
0.002226720647773279,0.4,0.7333333333333333,0.26666666666666666,0.4,0.65,4,4929,11,6,0.4,0.002226720647773279,0.9965656565656565,59.14398220006842,24,100
0.015384615384615385,0.6,0.926829268292683,0.07317073170731707,0.6,0.7,6,4864,76,4,0.6,0.015384615384615385,0.9838383838383838,59.14398220006842,24,100
0.02145748987854251,0.6,0.9464285714285714,0.05357142857142857,0.6,0.75,6,4834,106,4,0.6,0.02145748987854251,0.9777777777777777,59.14398220006842,24,100
0.04089068825910931,0.6,0.9711538461538461,0.028846153846153848,0.6,0.8,6,4738,202,4,0.6,0.04089068825910931,0.9583838383838383,59.14398220006842,24,100
0.04797570850202429,0.6,0.9753086419753086,0.024691358024691357,0.6,0.85,6,4703,237,4,0.6,0.04797570850202429,0.9513131313131313,59.14398220006842,24,100
0.07105263157894737,0.7,0.9804469273743017,0.019553072625698324,0.7,0.9,7,4589,351,3,0.7,0.07105263157894737,0.9284848484848485,59.14398220006842,24,100
0.21194331983805667,0.8,0.9924170616113744,0.007582938388625593,0.8,0.95,8,3893,1047,2,0.8,0.21194331983805667,0.788080808080808,59.14398220006842,24,100
0.9744939271255061,1.0,0.9979270315091211,0.0020729684908789387,1.0,1.0,10,126,4814,0,1.0,0.9744939271255061,0.027474747474747475,59.14398220006842,24,100
0.0004048582995951417,0.7,0.2222222222222222,0.7777777777777778,0.7,0.05,7,4938,2,3,0.7,0.0004048582995951417,0.998989898989899,58.897976899985224,25,100
0.0004048582995951417,0.8,0.2,0.8,0.8,0.1,8,4938,2,2,0.8,0.0004048582995951417,0.9991919191919192,58.897976899985224,25,100
0.0016194331983805667,0.8,0.5,0.5,0.8,0.15,8,4932,8,2,0.8,0.0016194331983805667,0.997979797979798,58.897976899985224,25,100
0.003036437246963563,0.8,0.6521739130434783,0.34782608695652173,0.8,0.2,8,4925,15,2,0.8,0.003036437246963563,0.9965656565656565,58.897976899985224,25,100
0.0032388663967611335,0.8,0.6666666666666666,0.3333333333333333,0.8,0.25,8,4924,16,2,0.8,0.0032388663967611335,0.9963636363636363,58.897976899985224,25,100
0.005060728744939271,0.9,0.7352941176470589,0.2647058823529412,0.9,0.3,9,4915,25,1,0.9,0.005060728744939271,0.9947474747474747,58.897976899985224,25,100
0.005263157894736842,0.9,0.7428571428571429,0.2571428571428571,0.9,0.35,9,4914,26,1,0.9,0.005263157894736842,0.9945454545454545,58.897976899985224,25,100
0.008906882591093117,0.9,0.8301886792452831,0.16981132075471697,0.9,0.4,9,4896,44,1,0.9,0.008906882591093117,0.990909090909091,58.897976899985224,25,100
0.010323886639676113,0.9,0.85,0.15,0.9,0.45,9,4889,51,1,0.9,0.010323886639676113,0.9894949494949495,58.897976899985224,25,100
0.01174089068825911,0.9,0.8656716417910447,0.13432835820895522,0.9,0.5,9,4882,58,1,0.9,0.01174089068825911,0.9880808080808081,58.897976899985224,25,100
0.012955465587044534,0.9,0.8767123287671232,0.1232876712328767,0.9,0.55,9,4876,64,1,0.9,0.012955465587044534,0.9868686868686869,58.897976899985224,25,100
0.026720647773279354,0.9,0.9361702127659575,0.06382978723404255,0.9,0.6,9,4808,132,1,0.9,0.026720647773279354,0.9731313131313132,58.897976899985224,25,100
0.03076923076923077,0.9,0.9440993788819876,0.055900621118012424,0.9,0.65,9,4788,152,1,0.9,0.03076923076923077,0.9690909090909091,58.897976899985224,25,100
0.04959514170040486,1.0,0.9607843137254902,0.0392156862745098,1.0,0.7,10,4695,245,0,1.0,0.04959514170040486,0.9505050505050505,58.897976899985224,25,100
0.0597165991902834,1.0,0.9672131147540983,0.03278688524590164,1.0,0.75,10,4645,295,0,1.0,0.0597165991902834,0.9404040404040404,58.897976899985224,25,100
0.13623481781376517,1.0,0.9853587115666179,0.014641288433382138,1.0,0.8,10,4267,673,0,1.0,0.13623481781376517,0.864040404040404,58.897976899985224,25,100
0.17125506072874494,1.0,0.9883177570093458,0.011682242990654205,1.0,0.85,10,4094,846,0,1.0,0.17125506072874494,0.8290909090909091,58.897976899985224,25,100
0.32246963562753034,1.0,0.9937616968184654,0.006238303181534623,1.0,0.9,10,3347,1593,0,1.0,0.32246963562753034,0.6781818181818182,58.897976899985224,25,100
0.4303643724696356,1.0,0.9953183520599251,0.0046816479400749065,1.0,0.95,10,2814,2126,0,1.0,0.4303643724696356,0.5705050505050505,58.897976899985224,25,100
0.9987854251012146,1.0,0.9979773462783171,0.0020226537216828477,1.0,1.0,10,6,4934,0,1.0,0.9987854251012146,0.0032323232323232323,58.897976899985224,25,100
0.00020242914979757084,0.4,0.2,0.8,0.4,0.05,4,4939,1,6,0.4,0.00020242914979757084,0.9985858585858586,55.26343369996175,26,100
0.0004048582995951417,0.4,0.3333333333333333,0.6666666666666666,0.4,0.1,4,4938,2,6,0.4,0.0004048582995951417,0.9983838383838384,55.26343369996175,26,100
0.0016194331983805667,0.5,0.6153846153846154,0.38461538461538464,0.5,0.15,5,4932,8,5,0.5,0.0016194331983805667,0.9973737373737374,55.26343369996175,26,100
0.0016194331983805667,0.5,0.6153846153846154,0.38461538461538464,0.5,0.2,5,4932,8,5,0.5,0.0016194331983805667,0.9973737373737374,55.26343369996175,26,100
0.002631578947368421,0.5,0.7222222222222222,0.2777777777777778,0.5,0.25,5,4927,13,5,0.5,0.002631578947368421,0.9963636363636363,55.26343369996175,26,100
0.002834008097165992,0.5,0.7368421052631579,0.2631578947368421,0.5,0.3,5,4926,14,5,0.5,0.002834008097165992,0.9961616161616161,55.26343369996175,26,100
0.003036437246963563,0.5,0.75,0.25,0.5,0.35,5,4925,15,5,0.5,0.003036437246963563,0.9959595959595959,55.26343369996175,26,100
0.0032388663967611335,0.5,0.7619047619047619,0.23809523809523808,0.5,0.4,5,4924,16,5,0.5,0.0032388663967611335,0.9957575757575757,55.26343369996175,26,100
0.0036437246963562753,0.5,0.782608695652174,0.21739130434782608,0.5,0.45,5,4922,18,5,0.5,0.0036437246963562753,0.9953535353535353,55.26343369996175,26,100
0.006072874493927126,0.5,0.8571428571428571,0.14285714285714285,0.5,0.5,5,4910,30,5,0.5,0.006072874493927126,0.9929292929292929,55.26343369996175,26,100
0.006275303643724696,0.5,0.8611111111111112,0.1388888888888889,0.5,0.55,5,4909,31,5,0.5,0.006275303643724696,0.9927272727272727,55.26343369996175,26,100
0.006477732793522267,0.5,0.8648648648648649,0.13513513513513514,0.5,0.6,5,4908,32,5,0.5,0.006477732793522267,0.9925252525252525,55.26343369996175,26,100
0.008097165991902834,0.5,0.8888888888888888,0.1111111111111111,0.5,0.65,5,4900,40,5,0.5,0.008097165991902834,0.990909090909091,55.26343369996175,26,100
0.008704453441295546,0.5,0.8958333333333334,0.10416666666666667,0.5,0.7,5,4897,43,5,0.5,0.008704453441295546,0.9903030303030304,55.26343369996175,26,100
0.010323886639676113,0.5,0.9107142857142857,0.08928571428571429,0.5,0.75,5,4889,51,5,0.5,0.010323886639676113,0.9886868686868687,55.26343369996175,26,100
0.013157894736842105,0.6,0.9154929577464789,0.08450704225352113,0.6,0.8,6,4875,65,4,0.6,0.013157894736842105,0.9860606060606061,55.26343369996175,26,100
0.013562753036437248,0.6,0.9178082191780822,0.0821917808219178,0.6,0.85,6,4873,67,4,0.6,0.013562753036437248,0.9856565656565657,55.26343369996175,26,100
0.02368421052631579,0.7,0.9435483870967742,0.056451612903225805,0.7,0.9,7,4823,117,3,0.7,0.02368421052631579,0.9757575757575757,55.26343369996175,26,100
0.26275303643724696,1.0,0.9923547400611621,0.00764525993883792,1.0,0.95,10,3642,1298,0,1.0,0.26275303643724696,0.7377777777777778,55.26343369996175,26,100
0.9198380566801619,1.0,0.9978041282389108,0.0021958717610891525,1.0,1.0,10,396,4544,0,1.0,0.9198380566801619,0.08202020202020202,55.26343369996175,26,100
0.0,0.1,0.0,1.0,0.1,0.05,1,4940,0,9,0.1,0.0,0.9981818181818182,52.602182299946435,27,100
0.0,0.2,0.0,1.0,0.2,0.1,2,4940,0,8,0.2,0.0,0.9983838383838384,52.602182299946435,27,100
0.0,0.2,0.0,1.0,0.2,0.15,2,4940,0,8,0.2,0.0,0.9983838383838384,52.602182299946435,27,100
0.0,0.2,0.0,1.0,0.2,0.2,2,4940,0,8,0.2,0.0,0.9983838383838384,52.602182299946435,27,100
0.0,0.2,0.0,1.0,0.2,0.25,2,4940,0,8,0.2,0.0,0.9983838383838384,52.602182299946435,27,100
0.0,0.2,0.0,1.0,0.2,0.3,2,4940,0,8,0.2,0.0,0.9983838383838384,52.602182299946435,27,100
0.0,0.2,0.0,1.0,0.2,0.35,2,4940,0,8,0.2,0.0,0.9983838383838384,52.602182299946435,27,100
0.0,0.3,0.0,1.0,0.3,0.4,3,4940,0,7,0.3,0.0,0.9985858585858586,52.602182299946435,27,100
0.0,0.3,0.0,1.0,0.3,0.45,3,4940,0,7,0.3,0.0,0.9985858585858586,52.602182299946435,27,100
0.0008097165991902834,0.4,0.5,0.5,0.4,0.5,4,4936,4,6,0.4,0.0008097165991902834,0.997979797979798,52.602182299946435,27,100
0.0010121457489878543,0.4,0.5555555555555556,0.4444444444444444,0.4,0.55,4,4935,5,6,0.4,0.0010121457489878543,0.9977777777777778,52.602182299946435,27,100
0.0012145748987854252,0.4,0.6,0.4,0.4,0.6,4,4934,6,6,0.4,0.0012145748987854252,0.9975757575757576,52.602182299946435,27,100
0.001417004048582996,0.4,0.6363636363636364,0.36363636363636365,0.4,0.65,4,4933,7,6,0.4,0.001417004048582996,0.9973737373737374,52.602182299946435,27,100
0.0018218623481781376,0.4,0.6923076923076923,0.3076923076923077,0.4,0.7,4,4931,9,6,0.4,0.0018218623481781376,0.996969696969697,52.602182299946435,27,100
0.030161943319838055,0.6,0.9612903225806452,0.03870967741935484,0.6,0.75,6,4791,149,4,0.6,0.030161943319838055,0.9690909090909091,52.602182299946435,27,100
0.04149797570850203,0.8,0.9624413145539906,0.03755868544600939,0.8,0.8,8,4735,205,2,0.8,0.04149797570850203,0.9581818181818181,52.602182299946435,27,100
0.12834008097165991,1.0,0.984472049689441,0.015527950310559006,1.0,0.85,10,4306,634,0,1.0,0.12834008097165991,0.8719191919191919,52.602182299946435,27,100
0.22530364372469636,1.0,0.9910952804986642,0.008904719501335707,1.0,0.9,10,3827,1113,0,1.0,0.22530364372469636,0.7751515151515151,52.602182299946435,27,100
0.5103238866396761,1.0,0.9960489924930858,0.0039510075069142635,1.0,0.95,10,2419,2521,0,1.0,0.5103238866396761,0.4907070707070707,52.602182299946435,27,100
0.9993927125506072,1.0,0.997978572872448,0.002021427127552052,1.0,1.0,10,3,4937,0,1.0,0.9993927125506072,0.0026262626262626263,52.602182299946435,27,100
0.0,0.3,0.0,1.0,0.3,0.05,3,4940,0,7,0.3,0.0,0.9985858585858586,45.09905499999877,28,100
0.0,0.4,0.0,1.0,0.4,0.1,4,4940,0,6,0.4,0.0,0.9987878787878788,45.09905499999877,28,100
0.0,0.4,0.0,1.0,0.4,0.15,4,4940,0,6,0.4,0.0,0.9987878787878788,45.09905499999877,28,100
0.0,0.7,0.0,1.0,0.7,0.2,7,4940,0,3,0.7,0.0,0.9993939393939394,45.09905499999877,28,100
0.00020242914979757084,0.8,0.1111111111111111,0.8888888888888888,0.8,0.25,8,4939,1,2,0.8,0.00020242914979757084,0.9993939393939394,45.09905499999877,28,100
0.00020242914979757084,0.8,0.1111111111111111,0.8888888888888888,0.8,0.3,8,4939,1,2,0.8,0.00020242914979757084,0.9993939393939394,45.09905499999877,28,100
0.00020242914979757084,0.8,0.1111111111111111,0.8888888888888888,0.8,0.35,8,4939,1,2,0.8,0.00020242914979757084,0.9993939393939394,45.09905499999877,28,100
0.001417004048582996,0.9,0.4375,0.5625,0.9,0.4,9,4933,7,1,0.9,0.001417004048582996,0.9983838383838384,45.09905499999877,28,100
0.0016194331983805667,0.9,0.47058823529411764,0.5294117647058824,0.9,0.45,9,4932,8,1,0.9,0.0016194331983805667,0.9981818181818182,45.09905499999877,28,100
0.0018218623481781376,0.9,0.5,0.5,0.9,0.5,9,4931,9,1,0.9,0.0018218623481781376,0.997979797979798,45.09905499999877,28,100
0.0018218623481781376,0.9,0.5,0.5,0.9,0.55,9,4931,9,1,0.9,0.0018218623481781376,0.997979797979798,45.09905499999877,28,100
0.003036437246963563,0.9,0.625,0.375,0.9,0.6,9,4925,15,1,0.9,0.003036437246963563,0.9967676767676767,45.09905499999877,28,100
0.004251012145748988,0.9,0.7,0.3,0.9,0.65,9,4919,21,1,0.9,0.004251012145748988,0.9955555555555555,45.09905499999877,28,100
0.00465587044534413,0.9,0.71875,0.28125,0.9,0.7,9,4917,23,1,0.9,0.00465587044534413,0.9951515151515151,45.09905499999877,28,100
0.005263157894736842,0.9,0.7428571428571429,0.2571428571428571,0.9,0.75,9,4914,26,1,0.9,0.005263157894736842,0.9945454545454545,45.09905499999877,28,100
0.0066801619433198385,0.9,0.7857142857142857,0.21428571428571427,0.9,0.8,9,4907,33,1,0.9,0.0066801619433198385,0.9931313131313131,45.09905499999877,28,100
0.00708502024291498,0.9,0.7954545454545454,0.20454545454545456,0.9,0.85,9,4905,35,1,0.9,0.00708502024291498,0.9927272727272727,45.09905499999877,28,100
0.046761133603238865,0.9,0.9625,0.0375,0.9,0.9,9,4709,231,1,0.9,0.046761133603238865,0.9531313131313132,45.09905499999877,28,100
0.3678137651821862,1.0,0.9945265462506842,0.005473453749315818,1.0,0.95,10,3123,1817,0,1.0,0.3678137651821862,0.6329292929292929,45.09905499999877,28,100
0.9967611336032388,1.0,0.9979732468585326,0.002026753141467369,1.0,1.0,10,16,4924,0,1.0,0.9967611336032388,0.0052525252525252525,45.09905499999877,28,100
0.0,0.3,0.0,1.0,0.3,0.05,3,4940,0,7,0.3,0.0,0.9985858585858586,50.15885170002002,29,100
0.0,0.4,0.0,1.0,0.4,0.1,4,4940,0,6,0.4,0.0,0.9987878787878788,50.15885170002002,29,100
0.0,0.4,0.0,1.0,0.4,0.15,4,4940,0,6,0.4,0.0,0.9987878787878788,50.15885170002002,29,100
0.0010121457489878543,0.7,0.4166666666666667,0.5833333333333334,0.7,0.2,7,4935,5,3,0.7,0.0010121457489878543,0.9983838383838384,50.15885170002002,29,100
0.001417004048582996,0.7,0.5,0.5,0.7,0.25,7,4933,7,3,0.7,0.001417004048582996,0.997979797979798,50.15885170002002,29,100
0.001417004048582996,0.7,0.5,0.5,0.7,0.3,7,4933,7,3,0.7,0.001417004048582996,0.997979797979798,50.15885170002002,29,100
0.001417004048582996,0.7,0.5,0.5,0.7,0.35,7,4933,7,3,0.7,0.001417004048582996,0.997979797979798,50.15885170002002,29,100
0.001417004048582996,0.7,0.5,0.5,0.7,0.4,7,4933,7,3,0.7,0.001417004048582996,0.997979797979798,50.15885170002002,29,100
0.0018218623481781376,0.7,0.5625,0.4375,0.7,0.45,7,4931,9,3,0.7,0.0018218623481781376,0.9975757575757576,50.15885170002002,29,100
0.0018218623481781376,0.7,0.5625,0.4375,0.7,0.5,7,4931,9,3,0.7,0.0018218623481781376,0.9975757575757576,50.15885170002002,29,100
0.002631578947368421,0.7,0.65,0.35,0.7,0.55,7,4927,13,3,0.7,0.002631578947368421,0.9967676767676767,50.15885170002002,29,100
0.0036437246963562753,0.7,0.72,0.28,0.7,0.6,7,4922,18,3,0.7,0.0036437246963562753,0.9957575757575757,50.15885170002002,29,100
0.00951417004048583,0.7,0.8703703703703703,0.12962962962962962,0.7,0.65,7,4893,47,3,0.7,0.00951417004048583,0.98989898989899,50.15885170002002,29,100
0.010323886639676113,0.7,0.8793103448275862,0.1206896551724138,0.7,0.7,7,4889,51,3,0.7,0.010323886639676113,0.9890909090909091,50.15885170002002,29,100
0.014979757085020242,0.7,0.9135802469135802,0.08641975308641975,0.7,0.75,7,4866,74,3,0.7,0.014979757085020242,0.9844444444444445,50.15885170002002,29,100
0.055465587044534415,0.7,0.9750889679715302,0.02491103202846975,0.7,0.8,7,4666,274,3,0.7,0.055465587044534415,0.944040404040404,50.15885170002002,29,100
0.06720647773279352,0.7,0.9793510324483776,0.02064896755162242,0.7,0.85,7,4608,332,3,0.7,0.06720647773279352,0.9323232323232323,50.15885170002002,29,100
0.10101214574898786,0.8,0.9842209072978304,0.015779092702169626,0.8,0.9,8,4441,499,2,0.8,0.10101214574898786,0.8987878787878788,50.15885170002002,29,100
0.1522267206477733,0.8,0.9894736842105263,0.010526315789473684,0.8,0.95,8,4188,752,2,0.8,0.1522267206477733,0.8476767676767677,50.15885170002002,29,100
0.9983805668016195,1.0,0.9979765277215702,0.0020234722784297854,1.0,1.0,10,8,4932,0,1.0,0.9983805668016195,0.0036363636363636364,50.15885170002002,29,100
0.0,0.1,0.0,1.0,0.1,0.05,1,4940,0,9,0.1,0.0,0.9981818181818182,52.5234445000533,30,100
0.00020242914979757084,0.1,0.5,0.5,0.1,0.1,1,4939,1,9,0.1,0.00020242914979757084,0.997979797979798,52.5234445000533,30,100
0.0004048582995951417,0.2,0.5,0.5,0.2,0.15,2,4938,2,8,0.2,0.0004048582995951417,0.997979797979798,52.5234445000533,30,100
0.0006072874493927126,0.2,0.6,0.4,0.2,0.2,2,4937,3,8,0.2,0.0006072874493927126,0.9977777777777778,52.5234445000533,30,100
0.0006072874493927126,0.2,0.6,0.4,0.2,0.25,2,4937,3,8,0.2,0.0006072874493927126,0.9977777777777778,52.5234445000533,30,100
0.0006072874493927126,0.2,0.6,0.4,0.2,0.3,2,4937,3,8,0.2,0.0006072874493927126,0.9977777777777778,52.5234445000533,30,100
0.0020242914979757085,0.2,0.8333333333333334,0.16666666666666666,0.2,0.35,2,4930,10,8,0.2,0.0020242914979757085,0.9963636363636363,52.5234445000533,30,100
0.0020242914979757085,0.2,0.8333333333333334,0.16666666666666666,0.2,0.4,2,4930,10,8,0.2,0.0020242914979757085,0.9963636363636363,52.5234445000533,30,100
0.00708502024291498,0.4,0.8974358974358975,0.10256410256410256,0.4,0.45,4,4905,35,6,0.4,0.00708502024291498,0.9917171717171717,52.5234445000533,30,100
0.008097165991902834,0.4,0.9090909090909091,0.09090909090909091,0.4,0.5,4,4900,40,6,0.4,0.008097165991902834,0.9907070707070708,52.5234445000533,30,100
0.009716599190283401,0.4,0.9230769230769231,0.07692307692307693,0.4,0.55,4,4892,48,6,0.4,0.009716599190283401,0.9890909090909091,52.5234445000533,30,100
0.02165991902834008,0.9,0.9224137931034483,0.07758620689655173,0.9,0.6,9,4833,107,1,0.9,0.02165991902834008,0.9781818181818182,52.5234445000533,30,100
0.02408906882591093,0.9,0.9296875,0.0703125,0.9,0.65,9,4821,119,1,0.9,0.02408906882591093,0.9757575757575757,52.5234445000533,30,100
0.029757085020242914,0.9,0.9423076923076923,0.057692307692307696,0.9,0.7,9,4793,147,1,0.9,0.029757085020242914,0.9701010101010101,52.5234445000533,30,100
0.032591093117408904,0.9,0.9470588235294117,0.052941176470588235,0.9,0.75,9,4779,161,1,0.9,0.032591093117408904,0.9672727272727273,52.5234445000533,30,100
0.09291497975708501,0.9,0.9807692307692307,0.019230769230769232,0.9,0.8,9,4481,459,1,0.9,0.09291497975708501,0.907070707070707,52.5234445000533,30,100
0.13279352226720648,1.0,0.984984984984985,0.015015015015015015,1.0,0.85,10,4284,656,0,1.0,0.13279352226720648,0.8674747474747475,52.5234445000533,30,100
0.2305668016194332,1.0,0.9912967798085291,0.008703220191470844,1.0,0.9,10,3801,1139,0,1.0,0.2305668016194332,0.7698989898989899,52.5234445000533,30,100
0.5451417004048583,1.0,0.9963004069552349,0.003699593044765076,1.0,0.95,10,2247,2693,0,1.0,0.5451417004048583,0.45595959595959595,52.5234445000533,30,100
0.9983805668016195,1.0,0.9979765277215702,0.0020234722784297854,1.0,1.0,10,8,4932,0,1.0,0.9983805668016195,0.0036363636363636364,52.5234445000533,30,100
0.0,0.4,0.0,1.0,0.4,0.05,4,4940,0,6,0.4,0.0,0.9987878787878788,57.797110600047745,31,100
0.0,0.4,0.0,1.0,0.4,0.1,4,4940,0,6,0.4,0.0,0.9987878787878788,57.797110600047745,31,100
0.0,0.5,0.0,1.0,0.5,0.15,5,4940,0,5,0.5,0.0,0.998989898989899,57.797110600047745,31,100
0.0,0.6,0.0,1.0,0.6,0.2,6,4940,0,4,0.6,0.0,0.9991919191919192,57.797110600047745,31,100
0.0006072874493927126,0.7,0.3,0.7,0.7,0.25,7,4937,3,3,0.7,0.0006072874493927126,0.9987878787878788,57.797110600047745,31,100
0.0010121457489878543,0.7,0.4166666666666667,0.5833333333333334,0.7,0.3,7,4935,5,3,0.7,0.0010121457489878543,0.9983838383838384,57.797110600047745,31,100
0.0016194331983805667,0.7,0.5333333333333333,0.4666666666666667,0.7,0.35,7,4932,8,3,0.7,0.0016194331983805667,0.9977777777777778,57.797110600047745,31,100
0.002631578947368421,0.7,0.65,0.35,0.7,0.4,7,4927,13,3,0.7,0.002631578947368421,0.9967676767676767,57.797110600047745,31,100
0.002631578947368421,0.7,0.65,0.35,0.7,0.45,7,4927,13,3,0.7,0.002631578947368421,0.9967676767676767,57.797110600047745,31,100
0.002631578947368421,0.7,0.65,0.35,0.7,0.5,7,4927,13,3,0.7,0.002631578947368421,0.9967676767676767,57.797110600047745,31,100
0.004251012145748988,0.8,0.7241379310344828,0.27586206896551724,0.8,0.55,8,4919,21,2,0.8,0.004251012145748988,0.9953535353535353,57.797110600047745,31,100
0.007692307692307693,0.8,0.8260869565217391,0.17391304347826086,0.8,0.6,8,4902,38,2,0.8,0.007692307692307693,0.9919191919191919,57.797110600047745,31,100
0.008299595141700405,0.8,0.8367346938775511,0.16326530612244897,0.8,0.65,8,4899,41,2,0.8,0.008299595141700405,0.9913131313131314,57.797110600047745,31,100
0.010526315789473684,0.8,0.8666666666666667,0.13333333333333333,0.8,0.7,8,4888,52,2,0.8,0.010526315789473684,0.9890909090909091,57.797110600047745,31,100
0.018421052631578946,0.8,0.9191919191919192,0.08080808080808081,0.8,0.75,8,4849,91,2,0.8,0.018421052631578946,0.9812121212121212,57.797110600047745,31,100
0.035222672064777326,0.9,0.9508196721311475,0.04918032786885246,0.9,0.8,9,4766,174,1,0.9,0.035222672064777326,0.9646464646464646,57.797110600047745,31,100
0.07267206477732793,0.9,0.9755434782608695,0.024456521739130436,0.9,0.85,9,4581,359,1,0.9,0.07267206477732793,0.9272727272727272,57.797110600047745,31,100
0.0868421052631579,0.9,0.9794520547945206,0.02054794520547945,0.9,0.9,9,4511,429,1,0.9,0.0868421052631579,0.9131313131313131,57.797110600047745,31,100
0.37165991902834006,0.9,0.9951219512195122,0.004878048780487805,0.9,0.95,9,3104,1836,1,0.9,0.37165991902834006,0.6288888888888889,57.797110600047745,31,100
0.9989878542510121,1.0,0.9979777553083923,0.0020222446916076846,1.0,1.0,10,5,4935,0,1.0,0.9989878542510121,0.0030303030303030303,57.797110600047745,31,100
0.00020242914979757084,0.2,0.3333333333333333,0.6666666666666666,0.2,0.05,2,4939,1,8,0.2,0.00020242914979757084,0.9981818181818182,58.427038700086996,32,100
0.00020242914979757084,0.3,0.25,0.75,0.3,0.1,3,4939,1,7,0.3,0.00020242914979757084,0.9983838383838384,58.427038700086996,32,100
0.00020242914979757084,0.3,0.25,0.75,0.3,0.15,3,4939,1,7,0.3,0.00020242914979757084,0.9983838383838384,58.427038700086996,32,100
0.0004048582995951417,0.4,0.3333333333333333,0.6666666666666666,0.4,0.2,4,4938,2,6,0.4,0.0004048582995951417,0.9983838383838384,58.427038700086996,32,100
0.0004048582995951417,0.4,0.3333333333333333,0.6666666666666666,0.4,0.25,4,4938,2,6,0.4,0.0004048582995951417,0.9983838383838384,58.427038700086996,32,100
0.001417004048582996,0.4,0.6363636363636364,0.36363636363636365,0.4,0.3,4,4933,7,6,0.4,0.001417004048582996,0.9973737373737374,58.427038700086996,32,100
0.0018218623481781376,0.5,0.6428571428571429,0.35714285714285715,0.5,0.35,5,4931,9,5,0.5,0.0018218623481781376,0.9971717171717172,58.427038700086996,32,100
0.0020242914979757085,0.5,0.6666666666666666,0.3333333333333333,0.5,0.4,5,4930,10,5,0.5,0.0020242914979757085,0.996969696969697,58.427038700086996,32,100
0.002834008097165992,0.6,0.7,0.3,0.6,0.45,6,4926,14,4,0.6,0.002834008097165992,0.9963636363636363,58.427038700086996,32,100
0.003036437246963563,0.7,0.6818181818181818,0.3181818181818182,0.7,0.5,7,4925,15,3,0.7,0.003036437246963563,0.9963636363636363,58.427038700086996,32,100
0.0032388663967611335,0.7,0.6956521739130435,0.30434782608695654,0.7,0.55,7,4924,16,3,0.7,0.0032388663967611335,0.9961616161616161,58.427038700086996,32,100
0.0034412955465587046,0.7,0.7083333333333334,0.2916666666666667,0.7,0.6,7,4923,17,3,0.7,0.0034412955465587046,0.9959595959595959,58.427038700086996,32,100
0.0038461538461538464,0.7,0.7307692307692307,0.2692307692307692,0.7,0.65,7,4921,19,3,0.7,0.0038461538461538464,0.9955555555555555,58.427038700086996,32,100
0.005668016194331984,0.7,0.8,0.2,0.7,0.7,7,4912,28,3,0.7,0.005668016194331984,0.9937373737373737,58.427038700086996,32,100
0.005870445344129555,0.7,0.8055555555555556,0.19444444444444445,0.7,0.75,7,4911,29,3,0.7,0.005870445344129555,0.9935353535353535,58.427038700086996,32,100
0.03684210526315789,1.0,0.9479166666666666,0.052083333333333336,1.0,0.8,10,4758,182,0,1.0,0.03684210526315789,0.9632323232323232,58.427038700086996,32,100
0.048582995951417005,1.0,0.96,0.04,1.0,0.85,10,4700,240,0,1.0,0.048582995951417005,0.9515151515151515,58.427038700086996,32,100
0.21417004048582997,1.0,0.9906367041198502,0.009363295880149813,1.0,0.9,10,3882,1058,0,1.0,0.21417004048582997,0.7862626262626262,58.427038700086996,32,100
0.39655870445344127,1.0,0.9949212798374809,0.005078720162519045,1.0,0.95,10,2981,1959,0,1.0,0.39655870445344127,0.6042424242424242,58.427038700086996,32,100
0.998582995951417,1.0,0.9979769370827433,0.0020230629172567267,1.0,1.0,10,7,4933,0,1.0,0.998582995951417,0.0034343434343434343,58.427038700086996,32,100
0.0,0.3,0.0,1.0,0.3,0.05,3,4940,0,7,0.3,0.0,0.9985858585858586,58.920395700028166,33,100
0.0004048582995951417,0.4,0.3333333333333333,0.6666666666666666,0.4,0.1,4,4938,2,6,0.4,0.0004048582995951417,0.9983838383838384,58.920395700028166,33,100
0.0004048582995951417,0.4,0.3333333333333333,0.6666666666666666,0.4,0.15,4,4938,2,6,0.4,0.0004048582995951417,0.9983838383838384,58.920395700028166,33,100
0.0004048582995951417,0.4,0.3333333333333333,0.6666666666666666,0.4,0.2,4,4938,2,6,0.4,0.0004048582995951417,0.9983838383838384,58.920395700028166,33,100
0.0004048582995951417,0.4,0.3333333333333333,0.6666666666666666,0.4,0.25,4,4938,2,6,0.4,0.0004048582995951417,0.9983838383838384,58.920395700028166,33,100
0.0004048582995951417,0.5,0.2857142857142857,0.7142857142857143,0.5,0.3,5,4938,2,5,0.5,0.0004048582995951417,0.9985858585858586,58.920395700028166,33,100
0.0004048582995951417,0.5,0.2857142857142857,0.7142857142857143,0.5,0.35,5,4938,2,5,0.5,0.0004048582995951417,0.9985858585858586,58.920395700028166,33,100
0.0004048582995951417,0.5,0.2857142857142857,0.7142857142857143,0.5,0.4,5,4938,2,5,0.5,0.0004048582995951417,0.9985858585858586,58.920395700028166,33,100
0.0004048582995951417,0.5,0.2857142857142857,0.7142857142857143,0.5,0.45,5,4938,2,5,0.5,0.0004048582995951417,0.9985858585858586,58.920395700028166,33,100
0.0004048582995951417,0.5,0.2857142857142857,0.7142857142857143,0.5,0.5,5,4938,2,5,0.5,0.0004048582995951417,0.9985858585858586,58.920395700028166,33,100
0.0004048582995951417,0.5,0.2857142857142857,0.7142857142857143,0.5,0.55,5,4938,2,5,0.5,0.0004048582995951417,0.9985858585858586,58.920395700028166,33,100
0.0006072874493927126,0.5,0.375,0.625,0.5,0.6,5,4937,3,5,0.5,0.0006072874493927126,0.9983838383838384,58.920395700028166,33,100
0.0006072874493927126,0.5,0.375,0.625,0.5,0.65,5,4937,3,5,0.5,0.0006072874493927126,0.9983838383838384,58.920395700028166,33,100
0.0006072874493927126,0.5,0.375,0.625,0.5,0.7,5,4937,3,5,0.5,0.0006072874493927126,0.9983838383838384,58.920395700028166,33,100
0.0012145748987854252,0.5,0.5454545454545454,0.45454545454545453,0.5,0.75,5,4934,6,5,0.5,0.0012145748987854252,0.9977777777777778,58.920395700028166,33,100
0.001417004048582996,0.5,0.5833333333333334,0.4166666666666667,0.5,0.8,5,4933,7,5,0.5,0.001417004048582996,0.9975757575757576,58.920395700028166,33,100
0.002631578947368421,0.5,0.7222222222222222,0.2777777777777778,0.5,0.85,5,4927,13,5,0.5,0.002631578947368421,0.9963636363636363,58.920395700028166,33,100
0.01659919028340081,0.6,0.9318181818181818,0.06818181818181818,0.6,0.9,6,4858,82,4,0.6,0.01659919028340081,0.9826262626262626,58.920395700028166,33,100
0.01882591093117409,0.7,0.93,0.07,0.7,0.95,7,4847,93,3,0.7,0.01882591093117409,0.9806060606060606,58.920395700028166,33,100
0.9989878542510121,1.0,0.9979777553083923,0.0020222446916076846,1.0,1.0,10,5,4935,0,1.0,0.9989878542510121,0.0030303030303030303,58.920395700028166,33,100
0.0,0.6,0.0,1.0,0.6,0.05,6,4940,0,4,0.6,0.0,0.9991919191919192,58.153392800013535,34,100
0.0,0.6,0.0,1.0,0.6,0.1,6,4940,0,4,0.6,0.0,0.9991919191919192,58.153392800013535,34,100
0.0,0.6,0.0,1.0,0.6,0.15,6,4940,0,4,0.6,0.0,0.9991919191919192,58.153392800013535,34,100
0.0,0.6,0.0,1.0,0.6,0.2,6,4940,0,4,0.6,0.0,0.9991919191919192,58.153392800013535,34,100
0.00020242914979757084,0.6,0.14285714285714285,0.8571428571428571,0.6,0.25,6,4939,1,4,0.6,0.00020242914979757084,0.998989898989899,58.153392800013535,34,100
0.00020242914979757084,0.6,0.14285714285714285,0.8571428571428571,0.6,0.3,6,4939,1,4,0.6,0.00020242914979757084,0.998989898989899,58.153392800013535,34,100
0.0004048582995951417,0.6,0.25,0.75,0.6,0.35,6,4938,2,4,0.6,0.0004048582995951417,0.9987878787878788,58.153392800013535,34,100
0.0004048582995951417,0.6,0.25,0.75,0.6,0.4,6,4938,2,4,0.6,0.0004048582995951417,0.9987878787878788,58.153392800013535,34,100
0.0004048582995951417,0.6,0.25,0.75,0.6,0.45,6,4938,2,4,0.6,0.0004048582995951417,0.9987878787878788,58.153392800013535,34,100
0.0016194331983805667,0.7,0.5333333333333333,0.4666666666666667,0.7,0.5,7,4932,8,3,0.7,0.0016194331983805667,0.9977777777777778,58.153392800013535,34,100
0.0038461538461538464,0.7,0.7307692307692307,0.2692307692307692,0.7,0.55,7,4921,19,3,0.7,0.0038461538461538464,0.9955555555555555,58.153392800013535,34,100
0.006882591093117409,0.7,0.8292682926829268,0.17073170731707318,0.7,0.6,7,4906,34,3,0.7,0.006882591093117409,0.9925252525252525,58.153392800013535,34,100
0.012955465587044534,0.7,0.9014084507042254,0.09859154929577464,0.7,0.65,7,4876,64,3,0.7,0.012955465587044534,0.9864646464646465,58.153392800013535,34,100
0.02206477732793522,0.7,0.9396551724137931,0.0603448275862069,0.7,0.7,7,4831,109,3,0.7,0.02206477732793522,0.9773737373737373,58.153392800013535,34,100
0.039271255060728746,0.8,0.9603960396039604,0.039603960396039604,0.8,0.75,8,4746,194,2,0.8,0.039271255060728746,0.9604040404040404,58.153392800013535,34,100
0.08056680161943319,0.8,0.9802955665024631,0.019704433497536946,0.8,0.8,8,4542,398,2,0.8,0.08056680161943319,0.9191919191919192,58.153392800013535,34,100
0.15789473684210525,0.8,0.9898477157360406,0.01015228426395939,0.8,0.85,8,4160,780,2,0.8,0.15789473684210525,0.842020202020202,58.153392800013535,34,100
0.2645748987854251,0.9,0.993161094224924,0.006838905775075988,0.9,0.9,9,3633,1307,1,0.9,0.2645748987854251,0.7357575757575757,58.153392800013535,34,100
0.42672064777327934,0.9,0.9957487009919698,0.004251299008030231,0.9,0.95,9,2832,2108,1,0.9,0.42672064777327934,0.573939393939394,58.153392800013535,34,100
0.9991902834008097,1.0,0.9979781641730692,0.0020218358269308533,1.0,1.0,10,4,4936,0,1.0,0.9991902834008097,0.0028282828282828283,58.153392800013535,34,100
0.00020242914979757084,0.4,0.2,0.8,0.4,0.05,4,4939,1,6,0.4,0.00020242914979757084,0.9985858585858586,51.77257319993805,35,100
0.0006072874493927126,0.5,0.375,0.625,0.5,0.1,5,4937,3,5,0.5,0.0006072874493927126,0.9983838383838384,51.77257319993805,35,100
0.0006072874493927126,0.5,0.375,0.625,0.5,0.15,5,4937,3,5,0.5,0.0006072874493927126,0.9983838383838384,51.77257319993805,35,100
0.0008097165991902834,0.5,0.4444444444444444,0.5555555555555556,0.5,0.2,5,4936,4,5,0.5,0.0008097165991902834,0.9981818181818182,51.77257319993805,35,100
0.0012145748987854252,0.5,0.5454545454545454,0.45454545454545453,0.5,0.25,5,4934,6,5,0.5,0.0012145748987854252,0.9977777777777778,51.77257319993805,35,100
0.0012145748987854252,0.5,0.5454545454545454,0.45454545454545453,0.5,0.3,5,4934,6,5,0.5,0.0012145748987854252,0.9977777777777778,51.77257319993805,35,100
0.001417004048582996,0.5,0.5833333333333334,0.4166666666666667,0.5,0.35,5,4933,7,5,0.5,0.001417004048582996,0.9975757575757576,51.77257319993805,35,100
0.002631578947368421,0.5,0.7222222222222222,0.2777777777777778,0.5,0.4,5,4927,13,5,0.5,0.002631578947368421,0.9963636363636363,51.77257319993805,35,100
0.002834008097165992,0.5,0.7368421052631579,0.2631578947368421,0.5,0.45,5,4926,14,5,0.5,0.002834008097165992,0.9961616161616161,51.77257319993805,35,100
0.0036437246963562753,0.6,0.75,0.25,0.6,0.5,6,4922,18,4,0.6,0.0036437246963562753,0.9955555555555555,51.77257319993805,35,100
0.004048582995951417,0.6,0.7692307692307693,0.23076923076923078,0.6,0.55,6,4920,20,4,0.6,0.004048582995951417,0.9951515151515151,51.77257319993805,35,100
0.005465587044534413,0.7,0.7941176470588235,0.20588235294117646,0.7,0.6,7,4913,27,3,0.7,0.005465587044534413,0.9939393939393939,51.77257319993805,35,100
0.020040485829959515,0.7,0.9339622641509434,0.0660377358490566,0.7,0.65,7,4841,99,3,0.7,0.020040485829959515,0.9793939393939394,51.77257319993805,35,100
0.04089068825910931,0.8,0.9619047619047619,0.0380952380952381,0.8,0.7,8,4738,202,2,0.8,0.04089068825910931,0.9587878787878787,51.77257319993805,35,100
0.04736842105263158,0.8,0.9669421487603306,0.03305785123966942,0.8,0.75,8,4706,234,2,0.8,0.04736842105263158,0.9523232323232323,51.77257319993805,35,100
0.06477732793522267,0.8,0.975609756097561,0.024390243902439025,0.8,0.8,8,4620,320,2,0.8,0.06477732793522267,0.934949494949495,51.77257319993805,35,100
0.16558704453441295,1.0,0.9879227053140096,0.012077294685990338,1.0,0.85,10,4122,818,0,1.0,0.16558704453441295,0.8347474747474748,51.77257319993805,35,100
0.2271255060728745,1.0,0.991166077738516,0.0088339222614841,1.0,0.9,10,3818,1122,0,1.0,0.2271255060728745,0.7733333333333333,51.77257319993805,35,100
0.5293522267206477,1.0,0.9961904761904762,0.0038095238095238095,1.0,0.95,10,2325,2615,0,1.0,0.5293522267206477,0.4717171717171717,51.77257319993805,35,100
0.998582995951417,1.0,0.9979769370827433,0.0020230629172567267,1.0,1.0,10,7,4933,0,1.0,0.998582995951417,0.0034343434343434343,51.77257319993805,35,100
0.0,0.4,0.0,1.0,0.4,0.05,4,4940,0,6,0.4,0.0,0.9987878787878788,45.75143770000432,36,100
0.0,0.4,0.0,1.0,0.4,0.1,4,4940,0,6,0.4,0.0,0.9987878787878788,45.75143770000432,36,100
0.0,0.4,0.0,1.0,0.4,0.15,4,4940,0,6,0.4,0.0,0.9987878787878788,45.75143770000432,36,100
0.0,0.4,0.0,1.0,0.4,0.2,4,4940,0,6,0.4,0.0,0.9987878787878788,45.75143770000432,36,100
0.0,0.4,0.0,1.0,0.4,0.25,4,4940,0,6,0.4,0.0,0.9987878787878788,45.75143770000432,36,100
0.00020242914979757084,0.4,0.2,0.8,0.4,0.3,4,4939,1,6,0.4,0.00020242914979757084,0.9985858585858586,45.75143770000432,36,100
0.00020242914979757084,0.5,0.16666666666666666,0.8333333333333334,0.5,0.35,5,4939,1,5,0.5,0.00020242914979757084,0.9987878787878788,45.75143770000432,36,100
0.0006072874493927126,0.5,0.375,0.625,0.5,0.4,5,4937,3,5,0.5,0.0006072874493927126,0.9983838383838384,45.75143770000432,36,100
0.0008097165991902834,0.5,0.4444444444444444,0.5555555555555556,0.5,0.45,5,4936,4,5,0.5,0.0008097165991902834,0.9981818181818182,45.75143770000432,36,100
0.0010121457489878543,0.5,0.5,0.5,0.5,0.5,5,4935,5,5,0.5,0.0010121457489878543,0.997979797979798,45.75143770000432,36,100
0.0010121457489878543,0.5,0.5,0.5,0.5,0.55,5,4935,5,5,0.5,0.0010121457489878543,0.997979797979798,45.75143770000432,36,100
0.001417004048582996,0.5,0.5833333333333334,0.4166666666666667,0.5,0.6,5,4933,7,5,0.5,0.001417004048582996,0.9975757575757576,45.75143770000432,36,100
0.009716599190283401,0.6,0.8888888888888888,0.1111111111111111,0.6,0.65,6,4892,48,4,0.6,0.009716599190283401,0.9894949494949495,45.75143770000432,36,100
0.012145748987854251,0.6,0.9090909090909091,0.09090909090909091,0.6,0.7,6,4880,60,4,0.6,0.012145748987854251,0.9870707070707071,45.75143770000432,36,100
0.03279352226720648,0.6,0.9642857142857143,0.03571428571428571,0.6,0.75,6,4778,162,4,0.6,0.03279352226720648,0.9664646464646465,45.75143770000432,36,100
0.053238866396761134,0.6,0.9776951672862454,0.022304832713754646,0.6,0.8,6,4677,263,4,0.6,0.053238866396761134,0.946060606060606,45.75143770000432,36,100
0.0951417004048583,0.7,0.9853249475890985,0.014675052410901468,0.7,0.85,7,4470,470,3,0.7,0.0951417004048583,0.9044444444444445,45.75143770000432,36,100
0.2979757085020243,0.9,0.9939230249831195,0.006076975016880486,0.9,0.9,9,3468,1472,1,0.9,0.2979757085020243,0.7024242424242424,45.75143770000432,36,100
0.5119433198380566,1.0,0.9960614415124065,0.003938558487593541,1.0,0.95,10,2411,2529,0,1.0,0.5119433198380566,0.4890909090909091,45.75143770000432,36,100
0.982995951417004,1.0,0.9979449239621866,0.002055076037813399,1.0,1.0,10,84,4856,0,1.0,0.982995951417004,0.01898989898989899,45.75143770000432,36,100
0.0,0.3,0.0,1.0,0.3,0.05,3,4940,0,7,0.3,0.0,0.9985858585858586,51.105383999994956,37,100
0.00020242914979757084,0.3,0.25,0.75,0.3,0.1,3,4939,1,7,0.3,0.00020242914979757084,0.9983838383838384,51.105383999994956,37,100
0.00020242914979757084,0.3,0.25,0.75,0.3,0.15,3,4939,1,7,0.3,0.00020242914979757084,0.9983838383838384,51.105383999994956,37,100
0.00020242914979757084,0.3,0.25,0.75,0.3,0.2,3,4939,1,7,0.3,0.00020242914979757084,0.9983838383838384,51.105383999994956,37,100
0.00020242914979757084,0.3,0.25,0.75,0.3,0.25,3,4939,1,7,0.3,0.00020242914979757084,0.9983838383838384,51.105383999994956,37,100
0.00020242914979757084,0.3,0.25,0.75,0.3,0.3,3,4939,1,7,0.3,0.00020242914979757084,0.9983838383838384,51.105383999994956,37,100
0.00020242914979757084,0.3,0.25,0.75,0.3,0.35,3,4939,1,7,0.3,0.00020242914979757084,0.9983838383838384,51.105383999994956,37,100
0.00020242914979757084,0.4,0.2,0.8,0.4,0.4,4,4939,1,6,0.4,0.00020242914979757084,0.9985858585858586,51.105383999994956,37,100
0.0004048582995951417,0.4,0.3333333333333333,0.6666666666666666,0.4,0.45,4,4938,2,6,0.4,0.0004048582995951417,0.9983838383838384,51.105383999994956,37,100
0.0004048582995951417,0.4,0.3333333333333333,0.6666666666666666,0.4,0.5,4,4938,2,6,0.4,0.0004048582995951417,0.9983838383838384,51.105383999994956,37,100
0.0004048582995951417,0.4,0.3333333333333333,0.6666666666666666,0.4,0.55,4,4938,2,6,0.4,0.0004048582995951417,0.9983838383838384,51.105383999994956,37,100
0.0004048582995951417,0.4,0.3333333333333333,0.6666666666666666,0.4,0.6,4,4938,2,6,0.4,0.0004048582995951417,0.9983838383838384,51.105383999994956,37,100
0.0004048582995951417,0.4,0.3333333333333333,0.6666666666666666,0.4,0.65,4,4938,2,6,0.4,0.0004048582995951417,0.9983838383838384,51.105383999994956,37,100
0.0004048582995951417,0.4,0.3333333333333333,0.6666666666666666,0.4,0.7,4,4938,2,6,0.4,0.0004048582995951417,0.9983838383838384,51.105383999994956,37,100
0.0008097165991902834,0.4,0.5,0.5,0.4,0.75,4,4936,4,6,0.4,0.0008097165991902834,0.997979797979798,51.105383999994956,37,100
0.0008097165991902834,0.4,0.5,0.5,0.4,0.8,4,4936,4,6,0.4,0.0008097165991902834,0.997979797979798,51.105383999994956,37,100
0.0008097165991902834,0.4,0.5,0.5,0.4,0.85,4,4936,4,6,0.4,0.0008097165991902834,0.997979797979798,51.105383999994956,37,100
0.0008097165991902834,0.4,0.5,0.5,0.4,0.9,4,4936,4,6,0.4,0.0008097165991902834,0.997979797979798,51.105383999994956,37,100
0.011336032388663968,0.7,0.8888888888888888,0.1111111111111111,0.7,0.95,7,4884,56,3,0.7,0.011336032388663968,0.9880808080808081,51.105383999994956,37,100
0.9991902834008097,1.0,0.9979781641730692,0.0020218358269308533,1.0,1.0,10,4,4936,0,1.0,0.9991902834008097,0.0028282828282828283,51.105383999994956,37,100
0.0,0.3,0.0,1.0,0.3,0.05,3,4940,0,7,0.3,0.0,0.9985858585858586,57.28110300004482,38,100
0.0,0.3,0.0,1.0,0.3,0.1,3,4940,0,7,0.3,0.0,0.9985858585858586,57.28110300004482,38,100
0.0,0.3,0.0,1.0,0.3,0.15,3,4940,0,7,0.3,0.0,0.9985858585858586,57.28110300004482,38,100
0.0,0.4,0.0,1.0,0.4,0.2,4,4940,0,6,0.4,0.0,0.9987878787878788,57.28110300004482,38,100
0.00020242914979757084,0.4,0.2,0.8,0.4,0.25,4,4939,1,6,0.4,0.00020242914979757084,0.9985858585858586,57.28110300004482,38,100
0.0004048582995951417,0.4,0.3333333333333333,0.6666666666666666,0.4,0.3,4,4938,2,6,0.4,0.0004048582995951417,0.9983838383838384,57.28110300004482,38,100
0.0004048582995951417,0.4,0.3333333333333333,0.6666666666666666,0.4,0.35,4,4938,2,6,0.4,0.0004048582995951417,0.9983838383838384,57.28110300004482,38,100
0.0004048582995951417,0.4,0.3333333333333333,0.6666666666666666,0.4,0.4,4,4938,2,6,0.4,0.0004048582995951417,0.9983838383838384,57.28110300004482,38,100
0.0006072874493927126,0.4,0.42857142857142855,0.5714285714285714,0.4,0.45,4,4937,3,6,0.4,0.0006072874493927126,0.9981818181818182,57.28110300004482,38,100
0.0006072874493927126,0.4,0.42857142857142855,0.5714285714285714,0.4,0.5,4,4937,3,6,0.4,0.0006072874493927126,0.9981818181818182,57.28110300004482,38,100
0.005263157894736842,0.6,0.8125,0.1875,0.6,0.55,6,4914,26,4,0.6,0.005263157894736842,0.9939393939393939,57.28110300004482,38,100
0.005870445344129555,0.6,0.8285714285714286,0.17142857142857143,0.6,0.6,6,4911,29,4,0.6,0.005870445344129555,0.9933333333333333,57.28110300004482,38,100
0.008906882591093117,0.6,0.88,0.12,0.6,0.65,6,4896,44,4,0.6,0.008906882591093117,0.9903030303030304,57.28110300004482,38,100
0.010728744939271255,0.6,0.8983050847457628,0.1016949152542373,0.6,0.7,6,4887,53,4,0.6,0.010728744939271255,0.9884848484848485,57.28110300004482,38,100
0.03603238866396761,0.7,0.9621621621621622,0.03783783783783784,0.7,0.75,7,4762,178,3,0.7,0.03603238866396761,0.9634343434343434,57.28110300004482,38,100
0.048987854251012146,0.7,0.9718875502008032,0.028112449799196786,0.7,0.8,7,4698,242,3,0.7,0.048987854251012146,0.9505050505050505,57.28110300004482,38,100
0.06133603238866397,0.7,0.9774193548387097,0.02258064516129032,0.7,0.85,7,4637,303,3,0.7,0.06133603238866397,0.9381818181818182,57.28110300004482,38,100
0.12267206477732794,0.7,0.9885807504078303,0.011419249592169658,0.7,0.9,7,4334,606,3,0.7,0.12267206477732794,0.876969696969697,57.28110300004482,38,100
0.2742914979757085,0.9,0.9934017595307918,0.006598240469208211,0.9,0.95,9,3585,1355,1,0.9,0.2742914979757085,0.7260606060606061,57.28110300004482,38,100
0.998582995951417,1.0,0.9979769370827433,0.0020230629172567267,1.0,1.0,10,7,4933,0,1.0,0.998582995951417,0.0034343434343434343,57.28110300004482,38,100
0.0,0.4,0.0,1.0,0.4,0.05,4,4940,0,6,0.4,0.0,0.9987878787878788,58.97093359997962,39,100
0.0,0.4,0.0,1.0,0.4,0.1,4,4940,0,6,0.4,0.0,0.9987878787878788,58.97093359997962,39,100
0.0,0.4,0.0,1.0,0.4,0.15,4,4940,0,6,0.4,0.0,0.9987878787878788,58.97093359997962,39,100
0.0,0.4,0.0,1.0,0.4,0.2,4,4940,0,6,0.4,0.0,0.9987878787878788,58.97093359997962,39,100
0.0,0.5,0.0,1.0,0.5,0.25,5,4940,0,5,0.5,0.0,0.998989898989899,58.97093359997962,39,100
0.00020242914979757084,0.5,0.16666666666666666,0.8333333333333334,0.5,0.3,5,4939,1,5,0.5,0.00020242914979757084,0.9987878787878788,58.97093359997962,39,100
0.0012145748987854252,0.6,0.5,0.5,0.6,0.35,6,4934,6,4,0.6,0.0012145748987854252,0.997979797979798,58.97093359997962,39,100
0.001417004048582996,0.6,0.5384615384615384,0.46153846153846156,0.6,0.4,6,4933,7,4,0.6,0.001417004048582996,0.9977777777777778,58.97093359997962,39,100
0.0016194331983805667,0.6,0.5714285714285714,0.42857142857142855,0.6,0.45,6,4932,8,4,0.6,0.0016194331983805667,0.9975757575757576,58.97093359997962,39,100
0.0034412955465587046,0.6,0.7391304347826086,0.2608695652173913,0.6,0.5,6,4923,17,4,0.6,0.0034412955465587046,0.9957575757575757,58.97093359997962,39,100
0.0038461538461538464,0.6,0.76,0.24,0.6,0.55,6,4921,19,4,0.6,0.0038461538461538464,0.9953535353535353,58.97093359997962,39,100
0.005668016194331984,0.6,0.8235294117647058,0.17647058823529413,0.6,0.6,6,4912,28,4,0.6,0.005668016194331984,0.9935353535353535,58.97093359997962,39,100
0.0072874493927125505,0.6,0.8571428571428571,0.14285714285714285,0.6,0.65,6,4904,36,4,0.6,0.0072874493927125505,0.9919191919191919,58.97093359997962,39,100
0.007692307692307693,0.6,0.8636363636363636,0.13636363636363635,0.6,0.7,6,4902,38,4,0.6,0.007692307692307693,0.9915151515151515,58.97093359997962,39,100
0.009109311740890687,0.6,0.8823529411764706,0.11764705882352941,0.6,0.75,6,4895,45,4,0.6,0.009109311740890687,0.9901010101010101,58.97093359997962,39,100
0.00951417004048583,0.7,0.8703703703703703,0.12962962962962962,0.7,0.8,7,4893,47,3,0.7,0.00951417004048583,0.98989898989899,58.97093359997962,39,100
0.016194331983805668,0.7,0.9195402298850575,0.08045977011494253,0.7,0.85,7,4860,80,3,0.7,0.016194331983805668,0.9832323232323232,58.97093359997962,39,100
0.01659919028340081,0.8,0.9111111111111111,0.08888888888888889,0.8,0.9,8,4858,82,2,0.8,0.01659919028340081,0.983030303030303,58.97093359997962,39,100
0.15546558704453442,1.0,0.987146529562982,0.012853470437017995,1.0,0.95,10,4172,768,0,1.0,0.15546558704453442,0.8448484848484848,58.97093359997962,39,100
0.9937246963562752,1.0,0.9979670664769262,0.0020329335230737954,1.0,1.0,10,31,4909,0,1.0,0.9937246963562752,0.008282828282828282,58.97093359997962,39,100
0.0,0.0,0.0,,0.0,0.05,0,4940,0,10,0.0,0.0,0.997979797979798,59.35156750003807,40,100
0.0,0.0,0.0,,0.0,0.1,0,4940,0,10,0.0,0.0,0.997979797979798,59.35156750003807,40,100
0.0,0.0,0.0,,0.0,0.15,0,4940,0,10,0.0,0.0,0.997979797979798,59.35156750003807,40,100
0.0,0.0,0.0,,0.0,0.2,0,4940,0,10,0.0,0.0,0.997979797979798,59.35156750003807,40,100
0.0006072874493927126,0.1,0.75,0.25,0.1,0.25,1,4937,3,9,0.1,0.0006072874493927126,0.9975757575757576,59.35156750003807,40,100
0.0006072874493927126,0.1,0.75,0.25,0.1,0.3,1,4937,3,9,0.1,0.0006072874493927126,0.9975757575757576,59.35156750003807,40,100
0.0006072874493927126,0.1,0.75,0.25,0.1,0.35,1,4937,3,9,0.1,0.0006072874493927126,0.9975757575757576,59.35156750003807,40,100
0.0006072874493927126,0.1,0.75,0.25,0.1,0.4,1,4937,3,9,0.1,0.0006072874493927126,0.9975757575757576,59.35156750003807,40,100
0.0010121457489878543,0.2,0.7142857142857143,0.2857142857142857,0.2,0.45,2,4935,5,8,0.2,0.0010121457489878543,0.9973737373737374,59.35156750003807,40,100
0.0010121457489878543,0.2,0.7142857142857143,0.2857142857142857,0.2,0.5,2,4935,5,8,0.2,0.0010121457489878543,0.9973737373737374,59.35156750003807,40,100
0.0010121457489878543,0.2,0.7142857142857143,0.2857142857142857,0.2,0.55,2,4935,5,8,0.2,0.0010121457489878543,0.9973737373737374,59.35156750003807,40,100
0.001417004048582996,0.2,0.7777777777777778,0.2222222222222222,0.2,0.6,2,4933,7,8,0.2,0.001417004048582996,0.996969696969697,59.35156750003807,40,100
0.0034412955465587046,0.3,0.85,0.15,0.3,0.65,3,4923,17,7,0.3,0.0034412955465587046,0.9951515151515151,59.35156750003807,40,100
0.0066801619433198385,0.5,0.868421052631579,0.13157894736842105,0.5,0.7,5,4907,33,5,0.5,0.0066801619433198385,0.9923232323232323,59.35156750003807,40,100
0.008906882591093117,0.6,0.88,0.12,0.6,0.75,6,4896,44,4,0.6,0.008906882591093117,0.9903030303030304,59.35156750003807,40,100
0.012955465587044534,0.6,0.9142857142857143,0.08571428571428572,0.6,0.8,6,4876,64,4,0.6,0.012955465587044534,0.9862626262626263,59.35156750003807,40,100
0.01680161943319838,0.6,0.9325842696629213,0.06741573033707865,0.6,0.85,6,4857,83,4,0.6,0.01680161943319838,0.9824242424242424,59.35156750003807,40,100
0.17834008097165993,0.9,0.9898876404494382,0.010112359550561797,0.9,0.9,9,4059,881,1,0.9,0.17834008097165993,0.8218181818181818,59.35156750003807,40,100
0.33157894736842103,1.0,0.9939320388349514,0.006067961165048544,1.0,0.95,10,3302,1638,0,1.0,0.33157894736842103,0.6690909090909091,59.35156750003807,40,100
0.9983805668016195,1.0,0.9979765277215702,0.0020234722784297854,1.0,1.0,10,8,4932,0,1.0,0.9983805668016195,0.0036363636363636364,59.35156750003807,40,100
0.00020242914979757084,0.4,0.2,0.8,0.4,0.05,4,4939,1,6,0.4,0.00020242914979757084,0.9985858585858586,57.17055550008081,41,100
0.00020242914979757084,0.4,0.2,0.8,0.4,0.1,4,4939,1,6,0.4,0.00020242914979757084,0.9985858585858586,57.17055550008081,41,100
0.0006072874493927126,0.4,0.42857142857142855,0.5714285714285714,0.4,0.15,4,4937,3,6,0.4,0.0006072874493927126,0.9981818181818182,57.17055550008081,41,100
0.002631578947368421,0.4,0.7647058823529411,0.23529411764705882,0.4,0.2,4,4927,13,6,0.4,0.002631578947368421,0.9961616161616161,57.17055550008081,41,100
0.0036437246963562753,0.6,0.75,0.25,0.6,0.25,6,4922,18,4,0.6,0.0036437246963562753,0.9955555555555555,57.17055550008081,41,100
0.004048582995951417,0.6,0.7692307692307693,0.23076923076923078,0.6,0.3,6,4920,20,4,0.6,0.004048582995951417,0.9951515151515151,57.17055550008081,41,100
0.005060728744939271,0.6,0.8064516129032258,0.1935483870967742,0.6,0.35,6,4915,25,4,0.6,0.005060728744939271,0.9941414141414141,57.17055550008081,41,100
0.006072874493927126,0.6,0.8333333333333334,0.16666666666666666,0.6,0.4,6,4910,30,4,0.6,0.006072874493927126,0.9931313131313131,57.17055550008081,41,100
0.006477732793522267,0.6,0.8421052631578947,0.15789473684210525,0.6,0.45,6,4908,32,4,0.6,0.006477732793522267,0.9927272727272727,57.17055550008081,41,100
0.007894736842105263,0.6,0.8666666666666667,0.13333333333333333,0.6,0.5,6,4901,39,4,0.6,0.007894736842105263,0.9913131313131314,57.17055550008081,41,100
0.010931174089068825,0.7,0.8852459016393442,0.11475409836065574,0.7,0.55,7,4886,54,3,0.7,0.010931174089068825,0.9884848484848485,57.17055550008081,41,100
0.012955465587044534,0.8,0.8888888888888888,0.1111111111111111,0.8,0.6,8,4876,64,2,0.8,0.012955465587044534,0.9866666666666667,57.17055550008081,41,100
0.014979757085020242,0.8,0.9024390243902439,0.0975609756097561,0.8,0.65,8,4866,74,2,0.8,0.014979757085020242,0.9846464646464647,57.17055550008081,41,100
0.017813765182186234,0.9,0.9072164948453608,0.09278350515463918,0.9,0.7,9,4852,88,1,0.9,0.017813765182186234,0.982020202020202,57.17055550008081,41,100
0.04777327935222672,1.0,0.959349593495935,0.04065040650406504,1.0,0.75,10,4704,236,0,1.0,0.04777327935222672,0.9523232323232323,57.17055550008081,41,100
0.0708502024291498,1.0,0.9722222222222222,0.027777777777777776,1.0,0.8,10,4590,350,0,1.0,0.0708502024291498,0.9292929292929293,57.17055550008081,41,100
0.09352226720647773,1.0,0.9788135593220338,0.0211864406779661,1.0,0.85,10,4478,462,0,1.0,0.09352226720647773,0.9066666666666666,57.17055550008081,41,100
0.1125506072874494,1.0,0.9823321554770318,0.0176678445229682,1.0,0.9,10,4384,556,0,1.0,0.1125506072874494,0.8876767676767677,57.17055550008081,41,100
0.4870445344129555,1.0,0.9958609271523179,0.0041390728476821195,1.0,0.95,10,2534,2406,0,1.0,0.4870445344129555,0.5139393939393939,57.17055550008081,41,100
0.9991902834008097,1.0,0.9979781641730692,0.0020218358269308533,1.0,1.0,10,4,4936,0,1.0,0.9991902834008097,0.0028282828282828283,57.17055550008081,41,100
0.00020242914979757084,0.3,0.25,0.75,0.3,0.05,3,4939,1,7,0.3,0.00020242914979757084,0.9983838383838384,49.01855030003935,42,100
0.00020242914979757084,0.3,0.25,0.75,0.3,0.1,3,4939,1,7,0.3,0.00020242914979757084,0.9983838383838384,49.01855030003935,42,100
0.0004048582995951417,0.3,0.4,0.6,0.3,0.15,3,4938,2,7,0.3,0.0004048582995951417,0.9981818181818182,49.01855030003935,42,100
0.0004048582995951417,0.4,0.3333333333333333,0.6666666666666666,0.4,0.2,4,4938,2,6,0.4,0.0004048582995951417,0.9983838383838384,49.01855030003935,42,100
0.0004048582995951417,0.4,0.3333333333333333,0.6666666666666666,0.4,0.25,4,4938,2,6,0.4,0.0004048582995951417,0.9983838383838384,49.01855030003935,42,100
0.0006072874493927126,0.4,0.42857142857142855,0.5714285714285714,0.4,0.3,4,4937,3,6,0.4,0.0006072874493927126,0.9981818181818182,49.01855030003935,42,100
0.0032388663967611335,0.8,0.6666666666666666,0.3333333333333333,0.8,0.35,8,4924,16,2,0.8,0.0032388663967611335,0.9963636363636363,49.01855030003935,42,100
0.008704453441295546,0.8,0.8431372549019608,0.1568627450980392,0.8,0.4,8,4897,43,2,0.8,0.008704453441295546,0.990909090909091,49.01855030003935,42,100
0.009716599190283401,0.8,0.8571428571428571,0.14285714285714285,0.8,0.45,8,4892,48,2,0.8,0.009716599190283401,0.98989898989899,49.01855030003935,42,100
0.01174089068825911,0.8,0.8787878787878788,0.12121212121212122,0.8,0.5,8,4882,58,2,0.8,0.01174089068825911,0.9878787878787879,49.01855030003935,42,100
0.01902834008097166,0.8,0.9215686274509803,0.0784313725490196,0.8,0.55,8,4846,94,2,0.8,0.01902834008097166,0.9806060606060606,49.01855030003935,42,100
0.025708502024291497,0.8,0.9407407407407408,0.05925925925925926,0.8,0.6,8,4813,127,2,0.8,0.025708502024291497,0.973939393939394,49.01855030003935,42,100
0.06214574898785425,0.8,0.9746031746031746,0.025396825396825397,0.8,0.65,8,4633,307,2,0.8,0.06214574898785425,0.9375757575757576,49.01855030003935,42,100
0.08117408906882591,0.8,0.980440097799511,0.019559902200488997,0.8,0.7,8,4539,401,2,0.8,0.08117408906882591,0.9185858585858586,49.01855030003935,42,100
0.0945344129554656,0.8,0.9831578947368421,0.016842105263157894,0.8,0.75,8,4473,467,2,0.8,0.0945344129554656,0.9052525252525252,49.01855030003935,42,100
0.15910931174089069,0.9,0.9886792452830189,0.011320754716981131,0.9,0.8,9,4154,786,1,0.9,0.15910931174089069,0.841010101010101,49.01855030003935,42,100
0.21578947368421053,0.9,0.9916279069767442,0.008372093023255815,0.9,0.85,9,3874,1066,1,0.9,0.21578947368421053,0.7844444444444445,49.01855030003935,42,100
0.28663967611336033,0.9,0.9936842105263158,0.00631578947368421,0.9,0.9,9,3524,1416,1,0.9,0.28663967611336033,0.7137373737373738,49.01855030003935,42,100
0.4568825910931174,0.9,0.9960282436010591,0.003971756398940865,0.9,0.95,9,2683,2257,1,0.9,0.4568825910931174,0.5438383838383838,49.01855030003935,42,100
0.9991902834008097,1.0,0.9979781641730692,0.0020218358269308533,1.0,1.0,10,4,4936,0,1.0,0.9991902834008097,0.0028282828282828283,49.01855030003935,42,100
0.00020242914979757084,0.2,0.3333333333333333,0.6666666666666666,0.2,0.05,2,4939,1,8,0.2,0.00020242914979757084,0.9981818181818182,44.25639690004755,43,100
0.00020242914979757084,0.5,0.16666666666666666,0.8333333333333334,0.5,0.1,5,4939,1,5,0.5,0.00020242914979757084,0.9987878787878788,44.25639690004755,43,100
0.00020242914979757084,0.5,0.16666666666666666,0.8333333333333334,0.5,0.15,5,4939,1,5,0.5,0.00020242914979757084,0.9987878787878788,44.25639690004755,43,100
0.00020242914979757084,0.5,0.16666666666666666,0.8333333333333334,0.5,0.2,5,4939,1,5,0.5,0.00020242914979757084,0.9987878787878788,44.25639690004755,43,100
0.00020242914979757084,0.5,0.16666666666666666,0.8333333333333334,0.5,0.25,5,4939,1,5,0.5,0.00020242914979757084,0.9987878787878788,44.25639690004755,43,100
0.0006072874493927126,0.5,0.375,0.625,0.5,0.3,5,4937,3,5,0.5,0.0006072874493927126,0.9983838383838384,44.25639690004755,43,100
0.0006072874493927126,0.6,0.3333333333333333,0.6666666666666666,0.6,0.35,6,4937,3,4,0.6,0.0006072874493927126,0.9985858585858586,44.25639690004755,43,100
0.0006072874493927126,0.6,0.3333333333333333,0.6666666666666666,0.6,0.4,6,4937,3,4,0.6,0.0006072874493927126,0.9985858585858586,44.25639690004755,43,100
0.0012145748987854252,0.6,0.5,0.5,0.6,0.45,6,4934,6,4,0.6,0.0012145748987854252,0.997979797979798,44.25639690004755,43,100
0.0012145748987854252,0.6,0.5,0.5,0.6,0.5,6,4934,6,4,0.6,0.0012145748987854252,0.997979797979798,44.25639690004755,43,100
0.0012145748987854252,0.6,0.5,0.5,0.6,0.55,6,4934,6,4,0.6,0.0012145748987854252,0.997979797979798,44.25639690004755,43,100
0.006275303643724696,0.7,0.8157894736842105,0.18421052631578946,0.7,0.6,7,4909,31,3,0.7,0.006275303643724696,0.9931313131313131,44.25639690004755,43,100
0.007894736842105263,0.7,0.8478260869565217,0.15217391304347827,0.7,0.65,7,4901,39,3,0.7,0.007894736842105263,0.9915151515151515,44.25639690004755,43,100
0.00931174089068826,0.7,0.8679245283018868,0.1320754716981132,0.7,0.7,7,4894,46,3,0.7,0.00931174089068826,0.9901010101010101,44.25639690004755,43,100
0.00951417004048583,0.7,0.8703703703703703,0.12962962962962962,0.7,0.75,7,4893,47,3,0.7,0.00951417004048583,0.98989898989899,44.25639690004755,43,100
0.01194331983805668,0.7,0.8939393939393939,0.10606060606060606,0.7,0.8,7,4881,59,3,0.7,0.01194331983805668,0.9874747474747475,44.25639690004755,43,100
0.025708502024291497,0.8,0.9407407407407408,0.05925925925925926,0.8,0.85,8,4813,127,2,0.8,0.025708502024291497,0.973939393939394,44.25639690004755,43,100
0.039878542510121455,0.8,0.9609756097560975,0.03902439024390244,0.8,0.9,8,4743,197,2,0.8,0.039878542510121455,0.9597979797979798,44.25639690004755,43,100
0.04838056680161943,0.9,0.9637096774193549,0.036290322580645164,0.9,0.95,9,4701,239,1,0.9,0.04838056680161943,0.9515151515151515,44.25639690004755,43,100
0.9987854251012146,1.0,0.9979773462783171,0.0020226537216828477,1.0,1.0,10,6,4934,0,1.0,0.9987854251012146,0.0032323232323232323,44.25639690004755,43,100
0.0004048582995951417,0.4,0.3333333333333333,0.6666666666666666,0.4,0.05,4,4938,2,6,0.4,0.0004048582995951417,0.9983838383838384,50.80528470000718,44,100
0.0004048582995951417,0.4,0.3333333333333333,0.6666666666666666,0.4,0.1,4,4938,2,6,0.4,0.0004048582995951417,0.9983838383838384,50.80528470000718,44,100
0.0010121457489878543,0.6,0.45454545454545453,0.5454545454545454,0.6,0.15,6,4935,5,4,0.6,0.0010121457489878543,0.9981818181818182,50.80528470000718,44,100
0.0018218623481781376,0.7,0.5625,0.4375,0.7,0.2,7,4931,9,3,0.7,0.0018218623481781376,0.9975757575757576,50.80528470000718,44,100
0.0018218623481781376,0.7,0.5625,0.4375,0.7,0.25,7,4931,9,3,0.7,0.0018218623481781376,0.9975757575757576,50.80528470000718,44,100
0.0020242914979757085,0.7,0.5882352941176471,0.4117647058823529,0.7,0.3,7,4930,10,3,0.7,0.0020242914979757085,0.9973737373737374,50.80528470000718,44,100
0.0020242914979757085,0.7,0.5882352941176471,0.4117647058823529,0.7,0.35,7,4930,10,3,0.7,0.0020242914979757085,0.9973737373737374,50.80528470000718,44,100
0.002226720647773279,0.7,0.6111111111111112,0.3888888888888889,0.7,0.4,7,4929,11,3,0.7,0.002226720647773279,0.9971717171717172,50.80528470000718,44,100
0.002631578947368421,0.7,0.65,0.35,0.7,0.45,7,4927,13,3,0.7,0.002631578947368421,0.9967676767676767,50.80528470000718,44,100
0.0034412955465587046,0.7,0.7083333333333334,0.2916666666666667,0.7,0.5,7,4923,17,3,0.7,0.0034412955465587046,0.9959595959595959,50.80528470000718,44,100
0.0034412955465587046,0.7,0.7083333333333334,0.2916666666666667,0.7,0.55,7,4923,17,3,0.7,0.0034412955465587046,0.9959595959595959,50.80528470000718,44,100
0.0034412955465587046,0.7,0.7083333333333334,0.2916666666666667,0.7,0.6,7,4923,17,3,0.7,0.0034412955465587046,0.9959595959595959,50.80528470000718,44,100
0.00465587044534413,0.7,0.7666666666666667,0.23333333333333334,0.7,0.65,7,4917,23,3,0.7,0.00465587044534413,0.9947474747474747,50.80528470000718,44,100
0.005465587044534413,0.7,0.7941176470588235,0.20588235294117646,0.7,0.7,7,4913,27,3,0.7,0.005465587044534413,0.9939393939393939,50.80528470000718,44,100
0.0072874493927125505,0.7,0.8372093023255814,0.16279069767441862,0.7,0.75,7,4904,36,3,0.7,0.0072874493927125505,0.9921212121212121,50.80528470000718,44,100
0.007489878542510121,0.7,0.8409090909090909,0.1590909090909091,0.7,0.8,7,4903,37,3,0.7,0.007489878542510121,0.9919191919191919,50.80528470000718,44,100
0.14615384615384616,1.0,0.9863387978142076,0.01366120218579235,1.0,0.85,10,4218,722,0,1.0,0.14615384615384616,0.8541414141414141,50.80528470000718,44,100
0.24898785425101214,1.0,0.9919354838709677,0.008064516129032258,1.0,0.9,10,3710,1230,0,1.0,0.24898785425101214,0.7515151515151515,50.80528470000718,44,100
0.46356275303643724,1.0,0.9956521739130435,0.004347826086956522,1.0,0.95,10,2650,2290,0,1.0,0.46356275303643724,0.5373737373737374,50.80528470000718,44,100
0.9991902834008097,1.0,0.9979781641730692,0.0020218358269308533,1.0,1.0,10,4,4936,0,1.0,0.9991902834008097,0.0028282828282828283,50.80528470000718,44,100
0.0,0.2,0.0,1.0,0.2,0.05,2,4940,0,8,0.2,0.0,0.9983838383838384,55.29123199998867,45,100
0.0,0.3,0.0,1.0,0.3,0.1,3,4940,0,7,0.3,0.0,0.9985858585858586,55.29123199998867,45,100
0.0,0.3,0.0,1.0,0.3,0.15,3,4940,0,7,0.3,0.0,0.9985858585858586,55.29123199998867,45,100
0.0,0.3,0.0,1.0,0.3,0.2,3,4940,0,7,0.3,0.0,0.9985858585858586,55.29123199998867,45,100
0.0,0.3,0.0,1.0,0.3,0.25,3,4940,0,7,0.3,0.0,0.9985858585858586,55.29123199998867,45,100
0.0,0.3,0.0,1.0,0.3,0.3,3,4940,0,7,0.3,0.0,0.9985858585858586,55.29123199998867,45,100
0.00020242914979757084,0.3,0.25,0.75,0.3,0.35,3,4939,1,7,0.3,0.00020242914979757084,0.9983838383838384,55.29123199998867,45,100
0.00020242914979757084,0.3,0.25,0.75,0.3,0.4,3,4939,1,7,0.3,0.00020242914979757084,0.9983838383838384,55.29123199998867,45,100
0.0004048582995951417,0.3,0.4,0.6,0.3,0.45,3,4938,2,7,0.3,0.0004048582995951417,0.9981818181818182,55.29123199998867,45,100
0.002226720647773279,0.4,0.7333333333333333,0.26666666666666666,0.4,0.5,4,4929,11,6,0.4,0.002226720647773279,0.9965656565656565,55.29123199998867,45,100
0.002226720647773279,0.4,0.7333333333333333,0.26666666666666666,0.4,0.55,4,4929,11,6,0.4,0.002226720647773279,0.9965656565656565,55.29123199998867,45,100
0.0024291497975708503,0.4,0.75,0.25,0.4,0.6,4,4928,12,6,0.4,0.0024291497975708503,0.9963636363636363,55.29123199998867,45,100
0.002631578947368421,0.4,0.7647058823529411,0.23529411764705882,0.4,0.65,4,4927,13,6,0.4,0.002631578947368421,0.9961616161616161,55.29123199998867,45,100
0.002631578947368421,0.4,0.7647058823529411,0.23529411764705882,0.4,0.7,4,4927,13,6,0.4,0.002631578947368421,0.9961616161616161,55.29123199998867,45,100
0.002631578947368421,0.4,0.7647058823529411,0.23529411764705882,0.4,0.75,4,4927,13,6,0.4,0.002631578947368421,0.9961616161616161,55.29123199998867,45,100
0.02165991902834008,0.6,0.9469026548672567,0.05309734513274336,0.6,0.8,6,4833,107,4,0.6,0.02165991902834008,0.9775757575757575,55.29123199998867,45,100
0.04433198380566802,0.8,0.9647577092511013,0.03524229074889868,0.8,0.85,8,4721,219,2,0.8,0.04433198380566802,0.9553535353535354,55.29123199998867,45,100
0.08198380566801619,0.9,0.9782608695652174,0.021739130434782608,0.9,0.9,9,4535,405,1,0.9,0.08198380566801619,0.917979797979798,55.29123199998867,45,100
0.12165991902834009,0.9,0.9852459016393442,0.014754098360655738,0.9,0.95,9,4339,601,1,0.9,0.12165991902834009,0.8783838383838384,55.29123199998867,45,100
0.9595141700404858,1.0,0.9978947368421053,0.002105263157894737,1.0,1.0,10,200,4740,0,1.0,0.9595141700404858,0.04242424242424243,55.29123199998867,45,100
0.0,0.1,0.0,1.0,0.1,0.05,1,4940,0,9,0.1,0.0,0.9981818181818182,57.06297560001258,46,100
0.0004048582995951417,0.2,0.5,0.5,0.2,0.1,2,4938,2,8,0.2,0.0004048582995951417,0.997979797979798,57.06297560001258,46,100
0.0004048582995951417,0.2,0.5,0.5,0.2,0.15,2,4938,2,8,0.2,0.0004048582995951417,0.997979797979798,57.06297560001258,46,100
0.0008097165991902834,0.2,0.6666666666666666,0.3333333333333333,0.2,0.2,2,4936,4,8,0.2,0.0008097165991902834,0.9975757575757576,57.06297560001258,46,100
0.0008097165991902834,0.2,0.6666666666666666,0.3333333333333333,0.2,0.25,2,4936,4,8,0.2,0.0008097165991902834,0.9975757575757576,57.06297560001258,46,100
0.0008097165991902834,0.2,0.6666666666666666,0.3333333333333333,0.2,0.3,2,4936,4,8,0.2,0.0008097165991902834,0.9975757575757576,57.06297560001258,46,100
0.0008097165991902834,0.2,0.6666666666666666,0.3333333333333333,0.2,0.35,2,4936,4,8,0.2,0.0008097165991902834,0.9975757575757576,57.06297560001258,46,100
0.0010121457489878543,0.2,0.7142857142857143,0.2857142857142857,0.2,0.4,2,4935,5,8,0.2,0.0010121457489878543,0.9973737373737374,57.06297560001258,46,100
0.0018218623481781376,0.4,0.6923076923076923,0.3076923076923077,0.4,0.45,4,4931,9,6,0.4,0.0018218623481781376,0.996969696969697,57.06297560001258,46,100
0.0018218623481781376,0.4,0.6923076923076923,0.3076923076923077,0.4,0.5,4,4931,9,6,0.4,0.0018218623481781376,0.996969696969697,57.06297560001258,46,100
0.0020242914979757085,0.4,0.7142857142857143,0.2857142857142857,0.4,0.55,4,4930,10,6,0.4,0.0020242914979757085,0.9967676767676767,57.06297560001258,46,100
0.0020242914979757085,0.4,0.7142857142857143,0.2857142857142857,0.4,0.6,4,4930,10,6,0.4,0.0020242914979757085,0.9967676767676767,57.06297560001258,46,100
0.002834008097165992,0.5,0.7368421052631579,0.2631578947368421,0.5,0.65,5,4926,14,5,0.5,0.002834008097165992,0.9961616161616161,57.06297560001258,46,100
0.002834008097165992,0.5,0.7368421052631579,0.2631578947368421,0.5,0.7,5,4926,14,5,0.5,0.002834008097165992,0.9961616161616161,57.06297560001258,46,100
0.006882591093117409,0.6,0.85,0.15,0.6,0.75,6,4906,34,4,0.6,0.006882591093117409,0.9923232323232323,57.06297560001258,46,100
0.013562753036437248,0.6,0.9178082191780822,0.0821917808219178,0.6,0.8,6,4873,67,4,0.6,0.013562753036437248,0.9856565656565657,57.06297560001258,46,100
0.013967611336032389,0.7,0.9078947368421053,0.09210526315789473,0.7,0.85,7,4871,69,3,0.7,0.013967611336032389,0.9854545454545455,57.06297560001258,46,100
0.014574898785425101,0.7,0.9113924050632911,0.08860759493670886,0.7,0.9,7,4868,72,3,0.7,0.014574898785425101,0.9848484848484849,57.06297560001258,46,100
0.018421052631578946,0.7,0.9285714285714286,0.07142857142857142,0.7,0.95,7,4849,91,3,0.7,0.018421052631578946,0.981010101010101,57.06297560001258,46,100
0.9991902834008097,1.0,0.9979781641730692,0.0020218358269308533,1.0,1.0,10,4,4936,0,1.0,0.9991902834008097,0.0028282828282828283,57.06297560001258,46,100
0.0,0.2,0.0,1.0,0.2,0.05,2,4940,0,8,0.2,0.0,0.9983838383838384,57.43772749998607,47,100
0.0,0.3,0.0,1.0,0.3,0.1,3,4940,0,7,0.3,0.0,0.9985858585858586,57.43772749998607,47,100
0.00020242914979757084,0.3,0.25,0.75,0.3,0.15,3,4939,1,7,0.3,0.00020242914979757084,0.9983838383838384,57.43772749998607,47,100
0.00020242914979757084,0.3,0.25,0.75,0.3,0.2,3,4939,1,7,0.3,0.00020242914979757084,0.9983838383838384,57.43772749998607,47,100
0.0010121457489878543,0.4,0.5555555555555556,0.4444444444444444,0.4,0.25,4,4935,5,6,0.4,0.0010121457489878543,0.9977777777777778,57.43772749998607,47,100
0.0010121457489878543,0.4,0.5555555555555556,0.4444444444444444,0.4,0.3,4,4935,5,6,0.4,0.0010121457489878543,0.9977777777777778,57.43772749998607,47,100
0.0010121457489878543,0.4,0.5555555555555556,0.4444444444444444,0.4,0.35,4,4935,5,6,0.4,0.0010121457489878543,0.9977777777777778,57.43772749998607,47,100
0.0010121457489878543,0.4,0.5555555555555556,0.4444444444444444,0.4,0.4,4,4935,5,6,0.4,0.0010121457489878543,0.9977777777777778,57.43772749998607,47,100
0.0010121457489878543,0.4,0.5555555555555556,0.4444444444444444,0.4,0.45,4,4935,5,6,0.4,0.0010121457489878543,0.9977777777777778,57.43772749998607,47,100
0.0018218623481781376,0.5,0.6428571428571429,0.35714285714285715,0.5,0.5,5,4931,9,5,0.5,0.0018218623481781376,0.9971717171717172,57.43772749998607,47,100
0.0018218623481781376,0.5,0.6428571428571429,0.35714285714285715,0.5,0.55,5,4931,9,5,0.5,0.0018218623481781376,0.9971717171717172,57.43772749998607,47,100
0.00708502024291498,0.5,0.875,0.125,0.5,0.6,5,4905,35,5,0.5,0.00708502024291498,0.9919191919191919,57.43772749998607,47,100
0.008299595141700405,0.5,0.8913043478260869,0.10869565217391304,0.5,0.65,5,4899,41,5,0.5,0.008299595141700405,0.9907070707070708,57.43772749998607,47,100
0.013765182186234818,0.6,0.918918918918919,0.08108108108108109,0.6,0.7,6,4872,68,4,0.6,0.013765182186234818,0.9854545454545455,57.43772749998607,47,100
0.01720647773279352,0.6,0.9340659340659341,0.06593406593406594,0.6,0.75,6,4855,85,4,0.6,0.01720647773279352,0.982020202020202,57.43772749998607,47,100
0.020850202429149797,0.6,0.944954128440367,0.05504587155963303,0.6,0.8,6,4837,103,4,0.6,0.020850202429149797,0.9783838383838384,57.43772749998607,47,100
0.03643724696356275,0.6,0.967741935483871,0.03225806451612903,0.6,0.85,6,4760,180,4,0.6,0.03643724696356275,0.9628282828282828,57.43772749998607,47,100
0.08117408906882591,0.6,0.9852579852579852,0.014742014742014743,0.6,0.9,6,4539,401,4,0.6,0.08117408906882591,0.9181818181818182,57.43772749998607,47,100
0.4305668016194332,1.0,0.9953205428170332,0.004679457182966776,1.0,0.95,10,2813,2127,0,1.0,0.4305668016194332,0.5703030303030303,57.43772749998607,47,100
0.9967611336032388,1.0,0.9979732468585326,0.002026753141467369,1.0,1.0,10,16,4924,0,1.0,0.9967611336032388,0.0052525252525252525,57.43772749998607,47,100
0.0006072874493927126,0.5,0.375,0.625,0.5,0.05,5,4937,3,5,0.5,0.0006072874493927126,0.9983838383838384,58.40750540001318,48,100
0.0006072874493927126,0.5,0.375,0.625,0.5,0.1,5,4937,3,5,0.5,0.0006072874493927126,0.9983838383838384,58.40750540001318,48,100
0.0010121457489878543,0.5,0.5,0.5,0.5,0.15,5,4935,5,5,0.5,0.0010121457489878543,0.997979797979798,58.40750540001318,48,100
0.001417004048582996,0.5,0.5833333333333334,0.4166666666666667,0.5,0.2,5,4933,7,5,0.5,0.001417004048582996,0.9975757575757576,58.40750540001318,48,100
0.001417004048582996,0.5,0.5833333333333334,0.4166666666666667,0.5,0.25,5,4933,7,5,0.5,0.001417004048582996,0.9975757575757576,58.40750540001318,48,100
0.001417004048582996,0.5,0.5833333333333334,0.4166666666666667,0.5,0.3,5,4933,7,5,0.5,0.001417004048582996,0.9975757575757576,58.40750540001318,48,100
0.002226720647773279,0.5,0.6875,0.3125,0.5,0.35,5,4929,11,5,0.5,0.002226720647773279,0.9967676767676767,58.40750540001318,48,100
0.002834008097165992,0.6,0.7,0.3,0.6,0.4,6,4926,14,4,0.6,0.002834008097165992,0.9963636363636363,58.40750540001318,48,100
0.002834008097165992,0.6,0.7,0.3,0.6,0.45,6,4926,14,4,0.6,0.002834008097165992,0.9963636363636363,58.40750540001318,48,100
0.002834008097165992,0.6,0.7,0.3,0.6,0.5,6,4926,14,4,0.6,0.002834008097165992,0.9963636363636363,58.40750540001318,48,100
0.003036437246963563,0.6,0.7142857142857143,0.2857142857142857,0.6,0.55,6,4925,15,4,0.6,0.003036437246963563,0.9961616161616161,58.40750540001318,48,100
0.005060728744939271,0.6,0.8064516129032258,0.1935483870967742,0.6,0.6,6,4915,25,4,0.6,0.005060728744939271,0.9941414141414141,58.40750540001318,48,100
0.0066801619433198385,0.6,0.8461538461538461,0.15384615384615385,0.6,0.65,6,4907,33,4,0.6,0.0066801619433198385,0.9925252525252525,58.40750540001318,48,100
0.013157894736842105,0.7,0.9027777777777778,0.09722222222222222,0.7,0.7,7,4875,65,3,0.7,0.013157894736842105,0.9862626262626263,58.40750540001318,48,100
0.019838056680161944,0.7,0.9333333333333333,0.06666666666666667,0.7,0.75,7,4842,98,3,0.7,0.019838056680161944,0.9795959595959596,58.40750540001318,48,100
0.026720647773279354,0.8,0.9428571428571428,0.05714285714285714,0.8,0.8,8,4808,132,2,0.8,0.026720647773279354,0.972929292929293,58.40750540001318,48,100
0.0437246963562753,0.8,0.9642857142857143,0.03571428571428571,0.8,0.85,8,4724,216,2,0.8,0.0437246963562753,0.955959595959596,58.40750540001318,48,100
0.05344129554655871,0.8,0.9705882352941176,0.029411764705882353,0.8,0.9,8,4676,264,2,0.8,0.05344129554655871,0.9462626262626262,58.40750540001318,48,100
0.19048582995951416,0.9,0.9905263157894737,0.009473684210526316,0.9,0.95,9,3999,941,1,0.9,0.19048582995951416,0.8096969696969697,58.40750540001318,48,100
0.9251012145748988,1.0,0.9978165938864629,0.002183406113537118,1.0,1.0,10,370,4570,0,1.0,0.9251012145748988,0.07676767676767676,58.40750540001318,48,100
0.0,0.3,0.0,1.0,0.3,0.05,3,4940,0,7,0.3,0.0,0.9985858585858586,58.50382199999876,49,100
0.0,0.3,0.0,1.0,0.3,0.1,3,4940,0,7,0.3,0.0,0.9985858585858586,58.50382199999876,49,100
0.0,0.4,0.0,1.0,0.4,0.15,4,4940,0,6,0.4,0.0,0.9987878787878788,58.50382199999876,49,100
0.0,0.4,0.0,1.0,0.4,0.2,4,4940,0,6,0.4,0.0,0.9987878787878788,58.50382199999876,49,100
0.0010121457489878543,0.5,0.5,0.5,0.5,0.25,5,4935,5,5,0.5,0.0010121457489878543,0.997979797979798,58.50382199999876,49,100
0.0016194331983805667,0.5,0.6153846153846154,0.38461538461538464,0.5,0.3,5,4932,8,5,0.5,0.0016194331983805667,0.9973737373737374,58.50382199999876,49,100
0.0018218623481781376,0.5,0.6428571428571429,0.35714285714285715,0.5,0.35,5,4931,9,5,0.5,0.0018218623481781376,0.9971717171717172,58.50382199999876,49,100
0.0020242914979757085,0.5,0.6666666666666666,0.3333333333333333,0.5,0.4,5,4930,10,5,0.5,0.0020242914979757085,0.996969696969697,58.50382199999876,49,100
0.002631578947368421,0.5,0.7222222222222222,0.2777777777777778,0.5,0.45,5,4927,13,5,0.5,0.002631578947368421,0.9963636363636363,58.50382199999876,49,100
0.004858299595141701,0.5,0.8275862068965517,0.1724137931034483,0.5,0.5,5,4916,24,5,0.5,0.004858299595141701,0.9941414141414141,58.50382199999876,49,100
0.005465587044534413,0.5,0.84375,0.15625,0.5,0.55,5,4913,27,5,0.5,0.005465587044534413,0.9935353535353535,58.50382199999876,49,100
0.005465587044534413,0.5,0.84375,0.15625,0.5,0.6,5,4913,27,5,0.5,0.005465587044534413,0.9935353535353535,58.50382199999876,49,100
0.008704453441295546,0.6,0.8775510204081632,0.12244897959183673,0.6,0.65,6,4897,43,4,0.6,0.008704453441295546,0.9905050505050506,58.50382199999876,49,100
0.011336032388663968,0.6,0.9032258064516129,0.0967741935483871,0.6,0.7,6,4884,56,4,0.6,0.011336032388663968,0.9878787878787879,58.50382199999876,49,100
0.012145748987854251,0.6,0.9090909090909091,0.09090909090909091,0.6,0.75,6,4880,60,4,0.6,0.012145748987854251,0.9870707070707071,58.50382199999876,49,100
0.02145748987854251,0.7,0.9380530973451328,0.061946902654867256,0.7,0.8,7,4834,106,3,0.7,0.02145748987854251,0.977979797979798,58.50382199999876,49,100
0.03097165991902834,0.7,0.95625,0.04375,0.7,0.85,7,4787,153,3,0.7,0.03097165991902834,0.9684848484848485,58.50382199999876,49,100
0.0917004048582996,0.8,0.982646420824295,0.01735357917570499,0.8,0.9,8,4487,453,2,0.8,0.0917004048582996,0.908080808080808,58.50382199999876,49,100
0.2216599190283401,0.8,0.9927470534904805,0.007252946509519492,0.8,0.95,8,3845,1095,2,0.8,0.2216599190283401,0.7783838383838384,58.50382199999876,49,100
0.9989878542510121,1.0,0.9979777553083923,0.0020222446916076846,1.0,1.0,10,5,4935,0,1.0,0.9989878542510121,0.0030303030303030303,58.50382199999876,49,100
