FPR,TPR,FDR,NPrecision,NRecall,alpha,NTP,NTN,NFP,NFN,NTPR,NFPR,NACC,run,dim
0.0,0.1,0.0,1.0,0.1,0.1,1,4940,0,9,0.1,0.0,0.9981818181818182,0,100
0.0,0.2,0.0,1.0,0.2,0.15,2,4940,0,8,0.2,0.0,0.9983838383838384,0,100
0.0,0.2,0.0,1.0,0.2,0.2,2,4940,0,8,0.2,0.0,0.9983838383838384,0,100
0.0,0.2,0.0,1.0,0.2,0.25,2,4940,0,8,0.2,0.0,0.9983838383838384,0,100
0.0,0.2,0.0,1.0,0.2,0.3,2,4940,0,8,0.2,0.0,0.9983838383838384,0,100
0.0,0.2,0.0,1.0,0.2,0.35,2,4940,0,8,0.2,0.0,0.9983838383838384,0,100
0.0,0.2,0.0,1.0,0.2,0.4,2,4940,0,8,0.2,0.0,0.9983838383838384,0,100
0.0,0.2,0.0,1.0,0.2,0.45,2,4940,0,8,0.2,0.0,0.9983838383838384,0,100
0.0,0.2,0.0,1.0,0.2,0.5,2,4940,0,8,0.2,0.0,0.9983838383838384,0,100
0.0,0.3,0.0,1.0,0.3,0.55,3,4940,0,7,0.3,0.0,0.9985858585858586,0,100
0.0024291497975708503,0.3,0.8,0.2,0.3,0.6,3,4928,12,7,0.3,0.0024291497975708503,0.9961616161616161,0,100
0.005870445344129555,0.3,0.90625,0.09375,0.3,0.65,3,4911,29,7,0.3,0.005870445344129555,0.9927272727272727,0,100
0.0066801619433198385,0.3,0.9166666666666666,0.08333333333333333,0.3,0.7,3,4907,33,7,0.3,0.0066801619433198385,0.9919191919191919,0,100
0.0066801619433198385,0.3,0.9166666666666666,0.08333333333333333,0.3,0.75,3,4907,33,7,0.3,0.0066801619433198385,0.9919191919191919,0,100
0.015384615384615385,0.4,0.95,0.05,0.4,0.8,4,4864,76,6,0.4,0.015384615384615385,0.9834343434343434,0,100
0.02186234817813765,0.4,0.9642857142857143,0.03571428571428571,0.4,0.85,4,4832,108,6,0.4,0.02186234817813765,0.9769696969696969,0,100
0.027935222672064778,0.4,0.971830985915493,0.028169014084507043,0.4,0.9,4,4802,138,6,0.4,0.027935222672064778,0.9709090909090909,0,100
0.04979757085020243,0.4,0.984,0.016,0.4,0.95,4,4694,246,6,0.4,0.04979757085020243,0.9490909090909091,0,100
0.07510121457489878,0.5,0.9867021276595744,0.013297872340425532,0.5,1.0,5,4569,371,5,0.5,0.07510121457489878,0.924040404040404,0,100
0.00020242914979757084,0.2,0.3333333333333333,0.6666666666666666,0.2,0.1,2,4939,1,8,0.2,0.00020242914979757084,0.9981818181818182,1,100
0.0008097165991902834,0.4,0.5,0.5,0.4,0.15,4,4936,4,6,0.4,0.0008097165991902834,0.997979797979798,1,100
0.0008097165991902834,0.4,0.5,0.5,0.4,0.2,4,4936,4,6,0.4,0.0008097165991902834,0.997979797979798,1,100
0.0008097165991902834,0.4,0.5,0.5,0.4,0.25,4,4936,4,6,0.4,0.0008097165991902834,0.997979797979798,1,100
0.0012145748987854252,0.4,0.6,0.4,0.4,0.3,4,4934,6,6,0.4,0.0012145748987854252,0.9975757575757576,1,100
0.0012145748987854252,0.4,0.6,0.4,0.4,0.35,4,4934,6,6,0.4,0.0012145748987854252,0.9975757575757576,1,100
0.0020242914979757085,0.5,0.6666666666666666,0.3333333333333333,0.5,0.4,5,4930,10,5,0.5,0.0020242914979757085,0.996969696969697,1,100
0.0036437246963562753,0.5,0.782608695652174,0.21739130434782608,0.5,0.45,5,4922,18,5,0.5,0.0036437246963562753,0.9953535353535353,1,100
0.0036437246963562753,0.5,0.782608695652174,0.21739130434782608,0.5,0.5,5,4922,18,5,0.5,0.0036437246963562753,0.9953535353535353,1,100
0.008502024291497975,0.5,0.8936170212765957,0.10638297872340426,0.5,0.55,5,4898,42,5,0.5,0.008502024291497975,0.9905050505050506,1,100
0.010931174089068825,0.5,0.9152542372881356,0.0847457627118644,0.5,0.6,5,4886,54,5,0.5,0.010931174089068825,0.9880808080808081,1,100
0.013562753036437248,0.5,0.9305555555555556,0.06944444444444445,0.5,0.65,5,4873,67,5,0.5,0.013562753036437248,0.9854545454545455,1,100
0.020647773279352227,0.5,0.9532710280373832,0.04672897196261682,0.5,0.7,5,4838,102,5,0.5,0.020647773279352227,0.9783838383838384,1,100
0.020647773279352227,0.5,0.9532710280373832,0.04672897196261682,0.5,0.75,5,4838,102,5,0.5,0.020647773279352227,0.9783838383838384,1,100
0.03076923076923077,0.5,0.9681528662420382,0.03184713375796178,0.5,0.8,5,4788,152,5,0.5,0.03076923076923077,0.9682828282828283,1,100
0.04595141700404858,0.7,0.9700854700854701,0.029914529914529916,0.7,0.85,7,4713,227,3,0.7,0.04595141700404858,0.9535353535353536,1,100
0.07975708502024291,0.7,0.9825436408977556,0.017456359102244388,0.7,0.9,7,4546,394,3,0.7,0.07975708502024291,0.9197979797979798,1,100
0.13238866396761134,0.9,0.9864253393665159,0.013574660633484163,0.9,0.95,9,4286,654,1,0.9,0.13238866396761134,0.8676767676767677,1,100
0.9334008097165992,1.0,0.9978359662410734,0.002164033758926639,1.0,1.0,10,329,4611,0,1.0,0.9334008097165992,0.06848484848484848,1,100
0.00020242914979757084,0.4,0.2,0.8,0.4,0.1,4,4939,1,6,0.4,0.00020242914979757084,0.9985858585858586,2,100
0.0004048582995951417,0.4,0.3333333333333333,0.6666666666666666,0.4,0.15,4,4938,2,6,0.4,0.0004048582995951417,0.9983838383838384,2,100
0.0010121457489878543,0.5,0.5,0.5,0.5,0.2,5,4935,5,5,0.5,0.0010121457489878543,0.997979797979798,2,100
0.0010121457489878543,0.5,0.5,0.5,0.5,0.25,5,4935,5,5,0.5,0.0010121457489878543,0.997979797979798,2,100
0.0012145748987854252,0.5,0.5454545454545454,0.45454545454545453,0.5,0.3,5,4934,6,5,0.5,0.0012145748987854252,0.9977777777777778,2,100
0.0012145748987854252,0.5,0.5454545454545454,0.45454545454545453,0.5,0.35,5,4934,6,5,0.5,0.0012145748987854252,0.9977777777777778,2,100
0.0032388663967611335,0.5,0.7619047619047619,0.23809523809523808,0.5,0.4,5,4924,16,5,0.5,0.0032388663967611335,0.9957575757575757,2,100
0.006882591093117409,0.7,0.8292682926829268,0.17073170731707318,0.7,0.45,7,4906,34,3,0.7,0.006882591093117409,0.9925252525252525,2,100
0.00931174089068826,0.7,0.8679245283018868,0.1320754716981132,0.7,0.5,7,4894,46,3,0.7,0.00931174089068826,0.9901010101010101,2,100
0.010121457489878543,0.7,0.8771929824561403,0.12280701754385964,0.7,0.55,7,4890,50,3,0.7,0.010121457489878543,0.9892929292929293,2,100
0.011133603238866396,0.7,0.8870967741935484,0.11290322580645161,0.7,0.6,7,4885,55,3,0.7,0.011133603238866396,0.9882828282828283,2,100
0.014979757085020242,0.8,0.9024390243902439,0.0975609756097561,0.8,0.65,8,4866,74,2,0.8,0.014979757085020242,0.9846464646464647,2,100
0.016194331983805668,0.8,0.9090909090909091,0.09090909090909091,0.8,0.7,8,4860,80,2,0.8,0.016194331983805668,0.9834343434343434,2,100
0.02125506072874494,0.8,0.9292035398230089,0.07079646017699115,0.8,0.75,8,4835,105,2,0.8,0.02125506072874494,0.9783838383838384,2,100
0.02327935222672065,0.8,0.9349593495934959,0.06504065040650407,0.8,0.8,8,4825,115,2,0.8,0.02327935222672065,0.9763636363636363,2,100
0.04433198380566802,1.0,0.9563318777292577,0.043668122270742356,1.0,0.85,10,4721,219,0,1.0,0.04433198380566802,0.9557575757575758,2,100
0.06255060728744939,1.0,0.9686520376175548,0.03134796238244514,1.0,0.9,10,4631,309,0,1.0,0.06255060728744939,0.9375757575757576,2,100
0.16902834008097167,1.0,0.9881656804733728,0.011834319526627219,1.0,0.95,10,4105,835,0,1.0,0.16902834008097167,0.8313131313131313,2,100
0.9625506072874493,1.0,0.9979013641133263,0.002098635886673662,1.0,1.0,10,185,4755,0,1.0,0.9625506072874493,0.03939393939393939,2,100
0.0004048582995951417,0.3,0.4,0.6,0.3,0.1,3,4938,2,7,0.3,0.0004048582995951417,0.9981818181818182,3,100
0.0006072874493927126,0.4,0.42857142857142855,0.5714285714285714,0.4,0.15,4,4937,3,6,0.4,0.0006072874493927126,0.9981818181818182,3,100
0.0008097165991902834,0.4,0.5,0.5,0.4,0.2,4,4936,4,6,0.4,0.0008097165991902834,0.997979797979798,3,100
0.0008097165991902834,0.4,0.5,0.5,0.4,0.25,4,4936,4,6,0.4,0.0008097165991902834,0.997979797979798,3,100
0.0010121457489878543,0.4,0.5555555555555556,0.4444444444444444,0.4,0.3,4,4935,5,6,0.4,0.0010121457489878543,0.9977777777777778,3,100
0.0010121457489878543,0.4,0.5555555555555556,0.4444444444444444,0.4,0.35,4,4935,5,6,0.4,0.0010121457489878543,0.9977777777777778,3,100
0.0012145748987854252,0.4,0.6,0.4,0.4,0.4,4,4934,6,6,0.4,0.0012145748987854252,0.9975757575757576,3,100
0.0012145748987854252,0.4,0.6,0.4,0.4,0.45,4,4934,6,6,0.4,0.0012145748987854252,0.9975757575757576,3,100
0.002226720647773279,0.5,0.6875,0.3125,0.5,0.5,5,4929,11,5,0.5,0.002226720647773279,0.9967676767676767,3,100
0.0024291497975708503,0.5,0.7058823529411765,0.29411764705882354,0.5,0.55,5,4928,12,5,0.5,0.0024291497975708503,0.9965656565656565,3,100
0.002631578947368421,0.5,0.7222222222222222,0.2777777777777778,0.5,0.6,5,4927,13,5,0.5,0.002631578947368421,0.9963636363636363,3,100
0.005870445344129555,0.6,0.8285714285714286,0.17142857142857143,0.6,0.65,6,4911,29,4,0.6,0.005870445344129555,0.9933333333333333,3,100
0.010323886639676113,0.6,0.8947368421052632,0.10526315789473684,0.6,0.7,6,4889,51,4,0.6,0.010323886639676113,0.9888888888888889,3,100
0.011538461538461539,0.6,0.9047619047619048,0.09523809523809523,0.6,0.75,6,4883,57,4,0.6,0.011538461538461539,0.9876767676767677,3,100
0.016194331983805668,0.7,0.9195402298850575,0.08045977011494253,0.7,0.8,7,4860,80,3,0.7,0.016194331983805668,0.9832323232323232,3,100
0.025506072874493926,0.7,0.9473684210526315,0.05263157894736842,0.7,0.85,7,4814,126,3,0.7,0.025506072874493926,0.973939393939394,3,100
0.06174089068825911,0.7,0.9775641025641025,0.022435897435897436,0.7,0.9,7,4635,305,3,0.7,0.06174089068825911,0.9377777777777778,3,100
0.10647773279352227,0.7,0.9868667917448405,0.013133208255159476,0.7,0.95,7,4414,526,3,0.7,0.10647773279352227,0.8931313131313131,3,100
0.4046558704453441,1.0,0.9950223992035838,0.004977600796416127,1.0,1.0,10,2941,1999,0,1.0,0.4046558704453441,0.5961616161616161,3,100
0.0,0.3,0.0,1.0,0.3,0.1,3,4940,0,7,0.3,0.0,0.9985858585858586,4,100
0.0010121457489878543,0.4,0.5555555555555556,0.4444444444444444,0.4,0.15,4,4935,5,6,0.4,0.0010121457489878543,0.9977777777777778,4,100
0.0010121457489878543,0.4,0.5555555555555556,0.4444444444444444,0.4,0.2,4,4935,5,6,0.4,0.0010121457489878543,0.9977777777777778,4,100
0.0010121457489878543,0.4,0.5555555555555556,0.4444444444444444,0.4,0.25,4,4935,5,6,0.4,0.0010121457489878543,0.9977777777777778,4,100
0.0010121457489878543,0.4,0.5555555555555556,0.4444444444444444,0.4,0.3,4,4935,5,6,0.4,0.0010121457489878543,0.9977777777777778,4,100
0.0010121457489878543,0.4,0.5555555555555556,0.4444444444444444,0.4,0.35,4,4935,5,6,0.4,0.0010121457489878543,0.9977777777777778,4,100
0.0010121457489878543,0.4,0.5555555555555556,0.4444444444444444,0.4,0.4,4,4935,5,6,0.4,0.0010121457489878543,0.9977777777777778,4,100
0.0012145748987854252,0.4,0.6,0.4,0.4,0.45,4,4934,6,6,0.4,0.0012145748987854252,0.9975757575757576,4,100
0.0012145748987854252,0.4,0.6,0.4,0.4,0.5,4,4934,6,6,0.4,0.0012145748987854252,0.9975757575757576,4,100
0.0034412955465587046,0.6,0.7391304347826086,0.2608695652173913,0.6,0.55,6,4923,17,4,0.6,0.0034412955465587046,0.9957575757575757,4,100
0.007894736842105263,0.7,0.8478260869565217,0.15217391304347827,0.7,0.6,7,4901,39,3,0.7,0.007894736842105263,0.9915151515151515,4,100
0.007894736842105263,0.7,0.8478260869565217,0.15217391304347827,0.7,0.65,7,4901,39,3,0.7,0.007894736842105263,0.9915151515151515,4,100
0.011133603238866396,0.8,0.873015873015873,0.12698412698412698,0.8,0.7,8,4885,55,2,0.8,0.011133603238866396,0.9884848484848485,4,100
0.01639676113360324,0.8,0.9101123595505618,0.0898876404494382,0.8,0.75,8,4859,81,2,0.8,0.01639676113360324,0.9832323232323232,4,100
0.019838056680161944,0.8,0.9245283018867925,0.07547169811320754,0.8,0.8,8,4842,98,2,0.8,0.019838056680161944,0.9797979797979798,4,100
0.04291497975708502,0.8,0.9636363636363636,0.03636363636363636,0.8,0.85,8,4728,212,2,0.8,0.04291497975708502,0.9567676767676768,4,100
0.06963562753036437,0.8,0.9772727272727273,0.022727272727272728,0.8,0.9,8,4596,344,2,0.8,0.06963562753036437,0.9301010101010101,4,100
0.07894736842105263,0.8,0.9798994974874372,0.020100502512562814,0.8,0.95,8,4550,390,2,0.8,0.07894736842105263,0.9208080808080809,4,100
0.11781376518218624,0.8,0.9864406779661017,0.013559322033898305,0.8,1.0,8,4358,582,2,0.8,0.11781376518218624,0.882020202020202,4,100
0.00020242914979757084,0.4,0.2,0.8,0.4,0.1,4,4939,1,6,0.4,0.00020242914979757084,0.9985858585858586,5,100
0.00020242914979757084,0.4,0.2,0.8,0.4,0.15,4,4939,1,6,0.4,0.00020242914979757084,0.9985858585858586,5,100
0.00020242914979757084,0.4,0.2,0.8,0.4,0.2,4,4939,1,6,0.4,0.00020242914979757084,0.9985858585858586,5,100
0.0004048582995951417,0.4,0.3333333333333333,0.6666666666666666,0.4,0.25,4,4938,2,6,0.4,0.0004048582995951417,0.9983838383838384,5,100
0.0004048582995951417,0.4,0.3333333333333333,0.6666666666666666,0.4,0.3,4,4938,2,6,0.4,0.0004048582995951417,0.9983838383838384,5,100
0.0008097165991902834,0.4,0.5,0.5,0.4,0.35,4,4936,4,6,0.4,0.0008097165991902834,0.997979797979798,5,100
0.002834008097165992,0.5,0.7368421052631579,0.2631578947368421,0.5,0.4,5,4926,14,5,0.5,0.002834008097165992,0.9961616161616161,5,100
0.004251012145748988,0.5,0.8076923076923077,0.19230769230769232,0.5,0.45,5,4919,21,5,0.5,0.004251012145748988,0.9947474747474747,5,100
0.00465587044534413,0.5,0.8214285714285714,0.17857142857142858,0.5,0.5,5,4917,23,5,0.5,0.00465587044534413,0.9943434343434343,5,100
0.005060728744939271,0.5,0.8333333333333334,0.16666666666666666,0.5,0.55,5,4915,25,5,0.5,0.005060728744939271,0.9939393939393939,5,100
0.00708502024291498,0.5,0.875,0.125,0.5,0.6,5,4905,35,5,0.5,0.00708502024291498,0.9919191919191919,5,100
0.00951417004048583,0.6,0.8867924528301887,0.11320754716981132,0.6,0.65,6,4893,47,4,0.6,0.00951417004048583,0.9896969696969697,5,100
0.015384615384615385,0.6,0.926829268292683,0.07317073170731707,0.6,0.7,6,4864,76,4,0.6,0.015384615384615385,0.9838383838383838,5,100
0.015384615384615385,0.6,0.926829268292683,0.07317073170731707,0.6,0.75,6,4864,76,4,0.6,0.015384615384615385,0.9838383838383838,5,100
0.030364372469635626,0.7,0.9554140127388535,0.044585987261146494,0.7,0.8,7,4790,150,3,0.7,0.030364372469635626,0.9690909090909091,5,100
0.051417004048582994,0.7,0.9731800766283525,0.02681992337164751,0.7,0.85,7,4686,254,3,0.7,0.051417004048582994,0.9480808080808081,5,100
0.06437246963562752,0.7,0.9784615384615385,0.021538461538461538,0.7,0.9,7,4622,318,3,0.7,0.06437246963562752,0.9351515151515152,5,100
0.07955465587044534,0.7,0.9825,0.0175,0.7,0.95,7,4547,393,3,0.7,0.07955465587044534,0.92,5,100
0.409919028340081,1.0,0.995085995085995,0.004914004914004914,1.0,1.0,10,2915,2025,0,1.0,0.409919028340081,0.5909090909090909,5,100
0.00020242914979757084,0.3,0.25,0.75,0.3,0.1,3,4939,1,7,0.3,0.00020242914979757084,0.9983838383838384,6,100
0.0004048582995951417,0.3,0.4,0.6,0.3,0.15,3,4938,2,7,0.3,0.0004048582995951417,0.9981818181818182,6,100
0.0004048582995951417,0.3,0.4,0.6,0.3,0.2,3,4938,2,7,0.3,0.0004048582995951417,0.9981818181818182,6,100
0.0006072874493927126,0.3,0.5,0.5,0.3,0.25,3,4937,3,7,0.3,0.0006072874493927126,0.997979797979798,6,100
0.0008097165991902834,0.3,0.5714285714285714,0.42857142857142855,0.3,0.3,3,4936,4,7,0.3,0.0008097165991902834,0.9977777777777778,6,100
0.0008097165991902834,0.3,0.5714285714285714,0.42857142857142855,0.3,0.35,3,4936,4,7,0.3,0.0008097165991902834,0.9977777777777778,6,100
0.0010121457489878543,0.3,0.625,0.375,0.3,0.4,3,4935,5,7,0.3,0.0010121457489878543,0.9975757575757576,6,100
0.0010121457489878543,0.3,0.625,0.375,0.3,0.45,3,4935,5,7,0.3,0.0010121457489878543,0.9975757575757576,6,100
0.0012145748987854252,0.3,0.6666666666666666,0.3333333333333333,0.3,0.5,3,4934,6,7,0.3,0.0012145748987854252,0.9973737373737374,6,100
0.0024291497975708503,0.4,0.75,0.25,0.4,0.55,4,4928,12,6,0.4,0.0024291497975708503,0.9963636363636363,6,100
0.0024291497975708503,0.4,0.75,0.25,0.4,0.6,4,4928,12,6,0.4,0.0024291497975708503,0.9963636363636363,6,100
0.01174089068825911,0.5,0.9206349206349206,0.07936507936507936,0.5,0.65,5,4882,58,5,0.5,0.01174089068825911,0.9872727272727273,6,100
0.019635627530364373,0.6,0.941747572815534,0.05825242718446602,0.6,0.7,6,4843,97,4,0.6,0.019635627530364373,0.9795959595959596,6,100
0.02368421052631579,0.7,0.9435483870967742,0.056451612903225805,0.7,0.75,7,4823,117,3,0.7,0.02368421052631579,0.9757575757575757,6,100
0.031983805668016195,0.7,0.9575757575757575,0.04242424242424243,0.7,0.8,7,4782,158,3,0.7,0.031983805668016195,0.9674747474747475,6,100
0.06700404858299595,0.9,0.9735294117647059,0.026470588235294117,0.9,0.85,9,4609,331,1,0.9,0.06700404858299595,0.9329292929292929,6,100
0.07246963562753037,0.9,0.9754768392370572,0.02452316076294278,0.9,0.9,9,4582,358,1,0.9,0.07246963562753037,0.9274747474747475,6,100
0.10060728744939271,0.9,0.9822134387351779,0.017786561264822136,0.9,0.95,9,4443,497,1,0.9,0.10060728744939271,0.8993939393939394,6,100
0.8629554655870445,1.0,0.997659723847414,0.002340276152586005,1.0,1.0,10,677,4263,0,1.0,0.8629554655870445,0.1387878787878788,6,100
0.0006072874493927126,0.3,0.5,0.5,0.3,0.1,3,4937,3,7,0.3,0.0006072874493927126,0.997979797979798,7,100
0.0012145748987854252,0.4,0.6,0.4,0.4,0.15,4,4934,6,6,0.4,0.0012145748987854252,0.9975757575757576,7,100
0.001417004048582996,0.4,0.6363636363636364,0.36363636363636365,0.4,0.2,4,4933,7,6,0.4,0.001417004048582996,0.9973737373737374,7,100
0.0020242914979757085,0.5,0.6666666666666666,0.3333333333333333,0.5,0.25,5,4930,10,5,0.5,0.0020242914979757085,0.996969696969697,7,100
0.002226720647773279,0.5,0.6875,0.3125,0.5,0.3,5,4929,11,5,0.5,0.002226720647773279,0.9967676767676767,7,100
0.002834008097165992,0.5,0.7368421052631579,0.2631578947368421,0.5,0.35,5,4926,14,5,0.5,0.002834008097165992,0.9961616161616161,7,100
0.004251012145748988,0.5,0.8076923076923077,0.19230769230769232,0.5,0.4,5,4919,21,5,0.5,0.004251012145748988,0.9947474747474747,7,100
0.00465587044534413,0.5,0.8214285714285714,0.17857142857142858,0.5,0.45,5,4917,23,5,0.5,0.00465587044534413,0.9943434343434343,7,100
0.005263157894736842,0.6,0.8125,0.1875,0.6,0.5,6,4914,26,4,0.6,0.005263157894736842,0.9939393939393939,7,100
0.005668016194331984,0.6,0.8235294117647058,0.17647058823529413,0.6,0.55,6,4912,28,4,0.6,0.005668016194331984,0.9935353535353535,7,100
0.00708502024291498,0.6,0.8536585365853658,0.14634146341463414,0.6,0.6,6,4905,35,4,0.6,0.00708502024291498,0.9921212121212121,7,100
0.008097165991902834,0.6,0.8695652173913043,0.13043478260869565,0.6,0.65,6,4900,40,4,0.6,0.008097165991902834,0.9911111111111112,7,100
0.017408906882591092,0.6,0.9347826086956522,0.06521739130434782,0.6,0.7,6,4854,86,4,0.6,0.017408906882591092,0.9818181818181818,7,100
0.019635627530364373,0.6,0.941747572815534,0.05825242718446602,0.6,0.75,6,4843,97,4,0.6,0.019635627530364373,0.9795959595959596,7,100
0.026923076923076925,0.7,0.95,0.05,0.7,0.8,7,4807,133,3,0.7,0.026923076923076925,0.9725252525252526,7,100
0.041093117408906886,0.8,0.9620853080568721,0.037914691943127965,0.8,0.85,8,4737,203,2,0.8,0.041093117408906886,0.9585858585858585,7,100
0.055465587044534415,0.8,0.9716312056737588,0.028368794326241134,0.8,0.9,8,4666,274,2,0.8,0.055465587044534415,0.9442424242424242,7,100
0.12226720647773279,0.9,0.9853181076672104,0.01468189233278956,0.9,0.95,9,4336,604,1,0.9,0.12226720647773279,0.8777777777777778,7,100
0.9538461538461539,1.0,0.9978822532825075,0.0021177467174925877,1.0,1.0,10,228,4712,0,1.0,0.9538461538461539,0.04808080808080808,7,100
0.0004048582995951417,0.3,0.4,0.6,0.3,0.1,3,4938,2,7,0.3,0.0004048582995951417,0.9981818181818182,8,100
0.0006072874493927126,0.3,0.5,0.5,0.3,0.15,3,4937,3,7,0.3,0.0006072874493927126,0.997979797979798,8,100
0.0006072874493927126,0.3,0.5,0.5,0.3,0.2,3,4937,3,7,0.3,0.0006072874493927126,0.997979797979798,8,100
0.0010121457489878543,0.5,0.5,0.5,0.5,0.25,5,4935,5,5,0.5,0.0010121457489878543,0.997979797979798,8,100
0.0010121457489878543,0.5,0.5,0.5,0.5,0.3,5,4935,5,5,0.5,0.0010121457489878543,0.997979797979798,8,100
0.0010121457489878543,0.5,0.5,0.5,0.5,0.35,5,4935,5,5,0.5,0.0010121457489878543,0.997979797979798,8,100
0.0010121457489878543,0.5,0.5,0.5,0.5,0.4,5,4935,5,5,0.5,0.0010121457489878543,0.997979797979798,8,100
0.0032388663967611335,0.5,0.7619047619047619,0.23809523809523808,0.5,0.45,5,4924,16,5,0.5,0.0032388663967611335,0.9957575757575757,8,100
0.0066801619433198385,0.5,0.868421052631579,0.13157894736842105,0.5,0.5,5,4907,33,5,0.5,0.0066801619433198385,0.9923232323232323,8,100
0.008704453441295546,0.5,0.8958333333333334,0.10416666666666667,0.5,0.55,5,4897,43,5,0.5,0.008704453441295546,0.9903030303030304,8,100
0.00951417004048583,0.5,0.9038461538461539,0.09615384615384616,0.5,0.6,5,4893,47,5,0.5,0.00951417004048583,0.9894949494949495,8,100
0.01194331983805668,0.6,0.9076923076923077,0.09230769230769231,0.6,0.65,6,4881,59,4,0.6,0.01194331983805668,0.9872727272727273,8,100
0.01882591093117409,0.6,0.9393939393939394,0.06060606060606061,0.6,0.7,6,4847,93,4,0.6,0.01882591093117409,0.9804040404040404,8,100
0.030566801619433197,0.7,0.9556962025316456,0.04430379746835443,0.7,0.75,7,4789,151,3,0.7,0.030566801619433197,0.9688888888888889,8,100
0.03805668016194332,0.7,0.9641025641025641,0.035897435897435895,0.7,0.8,7,4752,188,3,0.7,0.03805668016194332,0.9614141414141414,8,100
0.06619433198380567,0.9,0.9732142857142857,0.026785714285714284,0.9,0.85,9,4613,327,1,0.9,0.06619433198380567,0.9337373737373738,8,100
0.09919028340080972,0.9,0.9819639278557114,0.018036072144288578,0.9,0.9,9,4450,490,1,0.9,0.09919028340080972,0.9008080808080808,8,100
0.145748987854251,0.9,0.9876543209876543,0.012345679012345678,0.9,0.95,9,4220,720,1,0.9,0.145748987854251,0.8543434343434343,8,100
0.9253036437246963,1.0,0.9978170705086226,0.0021829294913774284,1.0,1.0,10,369,4571,0,1.0,0.9253036437246963,0.07656565656565656,8,100
0.0010121457489878543,0.6,0.45454545454545453,0.5454545454545454,0.6,0.1,6,4935,5,4,0.6,0.0010121457489878543,0.9981818181818182,9,100
0.0016194331983805667,0.6,0.5714285714285714,0.42857142857142855,0.6,0.15,6,4932,8,4,0.6,0.0016194331983805667,0.9975757575757576,9,100
0.0020242914979757085,0.7,0.5882352941176471,0.4117647058823529,0.7,0.2,7,4930,10,3,0.7,0.0020242914979757085,0.9973737373737374,9,100
0.002631578947368421,0.7,0.65,0.35,0.7,0.25,7,4927,13,3,0.7,0.002631578947368421,0.9967676767676767,9,100
0.002631578947368421,0.7,0.65,0.35,0.7,0.3,7,4927,13,3,0.7,0.002631578947368421,0.9967676767676767,9,100
0.002834008097165992,0.7,0.6666666666666666,0.3333333333333333,0.7,0.35,7,4926,14,3,0.7,0.002834008097165992,0.9965656565656565,9,100
0.003036437246963563,0.7,0.6818181818181818,0.3181818181818182,0.7,0.4,7,4925,15,3,0.7,0.003036437246963563,0.9963636363636363,9,100
0.0034412955465587046,0.7,0.7083333333333334,0.2916666666666667,0.7,0.45,7,4923,17,3,0.7,0.0034412955465587046,0.9959595959595959,9,100
0.005263157894736842,0.7,0.7878787878787878,0.21212121212121213,0.7,0.5,7,4914,26,3,0.7,0.005263157894736842,0.9941414141414141,9,100
0.005263157894736842,0.7,0.7878787878787878,0.21212121212121213,0.7,0.55,7,4914,26,3,0.7,0.005263157894736842,0.9941414141414141,9,100
0.00931174089068826,0.8,0.8518518518518519,0.14814814814814814,0.8,0.6,8,4894,46,2,0.8,0.00931174089068826,0.9903030303030304,9,100
0.017408906882591092,0.8,0.9148936170212766,0.0851063829787234,0.8,0.65,8,4854,86,2,0.8,0.017408906882591092,0.9822222222222222,9,100
0.029149797570850202,0.8,0.9473684210526315,0.05263157894736842,0.8,0.7,8,4796,144,2,0.8,0.029149797570850202,0.9705050505050505,9,100
0.03866396761133603,0.8,0.9597989949748744,0.04020100502512563,0.8,0.75,8,4749,191,2,0.8,0.03866396761133603,0.961010101010101,9,100
0.06963562753036437,0.8,0.9772727272727273,0.022727272727272728,0.8,0.8,8,4596,344,2,0.8,0.06963562753036437,0.9301010101010101,9,100
0.11862348178137652,0.8,0.9865319865319865,0.013468013468013467,0.8,0.85,8,4354,586,2,0.8,0.11862348178137652,0.8812121212121212,9,100
0.14696356275303643,0.8,0.989100817438692,0.010899182561307902,0.8,0.9,8,4214,726,2,0.8,0.14696356275303643,0.852929292929293,9,100
0.22692307692307692,0.8,0.9929140832595217,0.0070859167404783,0.8,0.95,8,3819,1121,2,0.8,0.22692307692307692,0.7731313131313131,9,100
0.9491902834008097,1.0,0.9978718876356671,0.0021281123643328366,1.0,1.0,10,251,4689,0,1.0,0.9491902834008097,0.05272727272727273,9,100
0.0,0.0,0.0,,0.0,0.1,0,4940,0,10,0.0,0.0,0.997979797979798,10,100
0.0,0.0,0.0,,0.0,0.15,0,4940,0,10,0.0,0.0,0.997979797979798,10,100
0.0,0.0,0.0,,0.0,0.2,0,4940,0,10,0.0,0.0,0.997979797979798,10,100
0.001417004048582996,0.1,0.875,0.125,0.1,0.25,1,4933,7,9,0.1,0.001417004048582996,0.9967676767676767,10,100
0.0016194331983805667,0.1,0.8888888888888888,0.1111111111111111,0.1,0.3,1,4932,8,9,0.1,0.0016194331983805667,0.9965656565656565,10,100
0.0016194331983805667,0.1,0.8888888888888888,0.1111111111111111,0.1,0.35,1,4932,8,9,0.1,0.0016194331983805667,0.9965656565656565,10,100
0.0016194331983805667,0.1,0.8888888888888888,0.1111111111111111,0.1,0.4,1,4932,8,9,0.1,0.0016194331983805667,0.9965656565656565,10,100
0.0016194331983805667,0.1,0.8888888888888888,0.1111111111111111,0.1,0.45,1,4932,8,9,0.1,0.0016194331983805667,0.9965656565656565,10,100
0.0018218623481781376,0.1,0.9,0.1,0.1,0.5,1,4931,9,9,0.1,0.0018218623481781376,0.9963636363636363,10,100
0.004251012145748988,0.1,0.9545454545454546,0.045454545454545456,0.1,0.55,1,4919,21,9,0.1,0.004251012145748988,0.9939393939393939,10,100
0.004453441295546558,0.1,0.9565217391304348,0.043478260869565216,0.1,0.6,1,4918,22,9,0.1,0.004453441295546558,0.9937373737373737,10,100
0.011538461538461539,0.2,0.9661016949152542,0.03389830508474576,0.2,0.65,2,4883,57,8,0.2,0.011538461538461539,0.9868686868686869,10,100
0.03340080971659919,0.3,0.9821428571428571,0.017857142857142856,0.3,0.7,3,4775,165,7,0.3,0.03340080971659919,0.9652525252525253,10,100
0.03866396761133603,0.3,0.9845360824742269,0.015463917525773196,0.3,0.75,3,4749,191,7,0.3,0.03866396761133603,0.96,10,100
0.04838056680161943,0.5,0.9795081967213115,0.020491803278688523,0.5,0.8,5,4701,239,5,0.5,0.04838056680161943,0.9507070707070707,10,100
0.061133603238866394,0.6,0.9805194805194806,0.01948051948051948,0.6,0.85,6,4638,302,4,0.6,0.061133603238866394,0.9381818181818182,10,100
0.11578947368421053,0.7,0.9879101899827288,0.012089810017271158,0.7,0.9,7,4368,572,3,0.7,0.11578947368421053,0.8838383838383839,10,100
0.21619433198380567,0.8,0.9925650557620818,0.007434944237918215,0.8,0.95,8,3872,1068,2,0.8,0.21619433198380567,0.7838383838383839,10,100
0.9700404858299595,1.0,0.9979175343606831,0.0020824656393169513,1.0,1.0,10,148,4792,0,1.0,0.9700404858299595,0.03191919191919192,10,100
0.0,0.0,0.0,,0.0,0.1,0,4940,0,10,0.0,0.0,0.997979797979798,11,100
0.0,0.0,0.0,,0.0,0.15,0,4940,0,10,0.0,0.0,0.997979797979798,11,100
0.0,0.0,0.0,,0.0,0.2,0,4940,0,10,0.0,0.0,0.997979797979798,11,100
0.0,0.0,0.0,,0.0,0.25,0,4940,0,10,0.0,0.0,0.997979797979798,11,100
0.0,0.0,0.0,,0.0,0.3,0,4940,0,10,0.0,0.0,0.997979797979798,11,100
0.0,0.0,0.0,,0.0,0.35,0,4940,0,10,0.0,0.0,0.997979797979798,11,100
0.0006072874493927126,0.2,0.6,0.4,0.2,0.4,2,4937,3,8,0.2,0.0006072874493927126,0.9977777777777778,11,100
0.0012145748987854252,0.2,0.75,0.25,0.2,0.45,2,4934,6,8,0.2,0.0012145748987854252,0.9971717171717172,11,100
0.0012145748987854252,0.2,0.75,0.25,0.2,0.5,2,4934,6,8,0.2,0.0012145748987854252,0.9971717171717172,11,100
0.001417004048582996,0.3,0.7,0.3,0.3,0.55,3,4933,7,7,0.3,0.001417004048582996,0.9971717171717172,11,100
0.003036437246963563,0.3,0.8333333333333334,0.16666666666666666,0.3,0.6,3,4925,15,7,0.3,0.003036437246963563,0.9955555555555555,11,100
0.005465587044534413,0.5,0.84375,0.15625,0.5,0.65,5,4913,27,5,0.5,0.005465587044534413,0.9935353535353535,11,100
0.009716599190283401,0.6,0.8888888888888888,0.1111111111111111,0.6,0.7,6,4892,48,4,0.6,0.009716599190283401,0.9894949494949495,11,100
0.013360323886639677,0.6,0.9166666666666666,0.08333333333333333,0.6,0.75,6,4874,66,4,0.6,0.013360323886639677,0.9858585858585859,11,100
0.01417004048582996,0.7,0.9090909090909091,0.09090909090909091,0.7,0.8,7,4870,70,3,0.7,0.01417004048582996,0.9852525252525253,11,100
0.03218623481781376,0.7,0.9578313253012049,0.04216867469879518,0.7,0.85,7,4781,159,3,0.7,0.03218623481781376,0.9672727272727273,11,100
0.04048582995951417,0.8,0.9615384615384616,0.038461538461538464,0.8,0.9,8,4740,200,2,0.8,0.04048582995951417,0.9591919191919192,11,100
0.08724696356275304,0.9,0.9795454545454545,0.020454545454545454,0.9,0.95,9,4509,431,1,0.9,0.08724696356275304,0.9127272727272727,11,100
0.9730769230769231,1.0,0.9979240190990243,0.002075980900975711,1.0,1.0,10,133,4807,0,1.0,0.9730769230769231,0.028888888888888888,11,100
0.00020242914979757084,0.1,0.5,0.5,0.1,0.1,1,4939,1,9,0.1,0.00020242914979757084,0.997979797979798,12,100
0.00020242914979757084,0.2,0.3333333333333333,0.6666666666666666,0.2,0.15,2,4939,1,8,0.2,0.00020242914979757084,0.9981818181818182,12,100
0.0006072874493927126,0.2,0.6,0.4,0.2,0.2,2,4937,3,8,0.2,0.0006072874493927126,0.9977777777777778,12,100
0.0006072874493927126,0.2,0.6,0.4,0.2,0.25,2,4937,3,8,0.2,0.0006072874493927126,0.9977777777777778,12,100
0.0006072874493927126,0.2,0.6,0.4,0.2,0.3,2,4937,3,8,0.2,0.0006072874493927126,0.9977777777777778,12,100
0.0006072874493927126,0.2,0.6,0.4,0.2,0.35,2,4937,3,8,0.2,0.0006072874493927126,0.9977777777777778,12,100
0.0006072874493927126,0.2,0.6,0.4,0.2,0.4,2,4937,3,8,0.2,0.0006072874493927126,0.9977777777777778,12,100
0.0010121457489878543,0.3,0.625,0.375,0.3,0.45,3,4935,5,7,0.3,0.0010121457489878543,0.9975757575757576,12,100
0.0016194331983805667,0.3,0.7272727272727273,0.2727272727272727,0.3,0.5,3,4932,8,7,0.3,0.0016194331983805667,0.996969696969697,12,100
0.0016194331983805667,0.3,0.7272727272727273,0.2727272727272727,0.3,0.55,3,4932,8,7,0.3,0.0016194331983805667,0.996969696969697,12,100
0.0032388663967611335,0.3,0.8421052631578947,0.15789473684210525,0.3,0.6,3,4924,16,7,0.3,0.0032388663967611335,0.9953535353535353,12,100
0.008906882591093117,0.5,0.8979591836734694,0.10204081632653061,0.5,0.65,5,4896,44,5,0.5,0.008906882591093117,0.9901010101010101,12,100
0.01194331983805668,0.5,0.921875,0.078125,0.5,0.7,5,4881,59,5,0.5,0.01194331983805668,0.9870707070707071,12,100
0.013157894736842105,0.5,0.9285714285714286,0.07142857142857142,0.5,0.75,5,4875,65,5,0.5,0.013157894736842105,0.9858585858585859,12,100
0.03906882591093117,0.6,0.9698492462311558,0.03015075376884422,0.6,0.8,6,4747,193,4,0.6,0.03906882591093117,0.9602020202020202,12,100
0.04251012145748988,0.6,0.9722222222222222,0.027777777777777776,0.6,0.85,6,4730,210,4,0.6,0.04251012145748988,0.9567676767676768,12,100
0.0659919028340081,0.6,0.9819277108433735,0.018072289156626505,0.6,0.9,6,4614,326,4,0.6,0.0659919028340081,0.9333333333333333,12,100
0.19919028340080971,0.6,0.9939393939393939,0.006060606060606061,0.6,0.95,6,3956,984,4,0.6,0.19919028340080971,0.8004040404040405,12,100
0.8429149797570851,1.0,0.9976042165788213,0.0023957834211787254,1.0,1.0,10,776,4164,0,1.0,0.8429149797570851,0.15878787878787878,12,100
0.00020242914979757084,0.2,0.3333333333333333,0.6666666666666666,0.2,0.1,2,4939,1,8,0.2,0.00020242914979757084,0.9981818181818182,13,100
0.00020242914979757084,0.3,0.25,0.75,0.3,0.15,3,4939,1,7,0.3,0.00020242914979757084,0.9983838383838384,13,100
0.00020242914979757084,0.3,0.25,0.75,0.3,0.2,3,4939,1,7,0.3,0.00020242914979757084,0.9983838383838384,13,100
0.00020242914979757084,0.3,0.25,0.75,0.3,0.25,3,4939,1,7,0.3,0.00020242914979757084,0.9983838383838384,13,100
0.00020242914979757084,0.3,0.25,0.75,0.3,0.3,3,4939,1,7,0.3,0.00020242914979757084,0.9983838383838384,13,100
0.00020242914979757084,0.3,0.25,0.75,0.3,0.35,3,4939,1,7,0.3,0.00020242914979757084,0.9983838383838384,13,100
0.0006072874493927126,0.3,0.5,0.5,0.3,0.4,3,4937,3,7,0.3,0.0006072874493927126,0.997979797979798,13,100
0.0010121457489878543,0.4,0.5555555555555556,0.4444444444444444,0.4,0.45,4,4935,5,6,0.4,0.0010121457489878543,0.9977777777777778,13,100
0.0010121457489878543,0.4,0.5555555555555556,0.4444444444444444,0.4,0.5,4,4935,5,6,0.4,0.0010121457489878543,0.9977777777777778,13,100
0.0010121457489878543,0.4,0.5555555555555556,0.4444444444444444,0.4,0.55,4,4935,5,6,0.4,0.0010121457489878543,0.9977777777777778,13,100
0.002226720647773279,0.4,0.7333333333333333,0.26666666666666666,0.4,0.6,4,4929,11,6,0.4,0.002226720647773279,0.9965656565656565,13,100
0.0032388663967611335,0.4,0.8,0.2,0.4,0.65,4,4924,16,6,0.4,0.0032388663967611335,0.9955555555555555,13,100
0.0032388663967611335,0.4,0.8,0.2,0.4,0.7,4,4924,16,6,0.4,0.0032388663967611335,0.9955555555555555,13,100
0.0034412955465587046,0.4,0.8095238095238095,0.19047619047619047,0.4,0.75,4,4923,17,6,0.4,0.0034412955465587046,0.9953535353535353,13,100
0.012550607287449392,0.7,0.8985507246376812,0.10144927536231885,0.7,0.8,7,4878,62,3,0.7,0.012550607287449392,0.9868686868686869,13,100
0.020242914979757085,0.8,0.9259259259259259,0.07407407407407407,0.8,0.85,8,4840,100,2,0.8,0.020242914979757085,0.9793939393939394,13,100
0.022267206477732792,0.8,0.9322033898305084,0.06779661016949153,0.8,0.9,8,4830,110,2,0.8,0.022267206477732792,0.9773737373737373,13,100
0.07995951417004049,0.9,0.9777227722772277,0.022277227722772276,0.9,0.95,9,4545,395,1,0.9,0.07995951417004049,0.92,13,100
0.5696356275303643,1.0,0.9964589235127479,0.0035410764872521247,1.0,1.0,10,2126,2814,0,1.0,0.5696356275303643,0.4315151515151515,13,100
0.0,0.4,0.0,1.0,0.4,0.1,4,4940,0,6,0.4,0.0,0.9987878787878788,14,100
0.0,0.5,0.0,1.0,0.5,0.15,5,4940,0,5,0.5,0.0,0.998989898989899,14,100
0.0,0.5,0.0,1.0,0.5,0.2,5,4940,0,5,0.5,0.0,0.998989898989899,14,100
0.0008097165991902834,0.5,0.4444444444444444,0.5555555555555556,0.5,0.25,5,4936,4,5,0.5,0.0008097165991902834,0.9981818181818182,14,100
0.0008097165991902834,0.5,0.4444444444444444,0.5555555555555556,0.5,0.3,5,4936,4,5,0.5,0.0008097165991902834,0.9981818181818182,14,100
0.0008097165991902834,0.5,0.4444444444444444,0.5555555555555556,0.5,0.35,5,4936,4,5,0.5,0.0008097165991902834,0.9981818181818182,14,100
0.0016194331983805667,0.5,0.6153846153846154,0.38461538461538464,0.5,0.4,5,4932,8,5,0.5,0.0016194331983805667,0.9973737373737374,14,100
0.002226720647773279,0.5,0.6875,0.3125,0.5,0.45,5,4929,11,5,0.5,0.002226720647773279,0.9967676767676767,14,100
0.002226720647773279,0.5,0.6875,0.3125,0.5,0.5,5,4929,11,5,0.5,0.002226720647773279,0.9967676767676767,14,100
0.0024291497975708503,0.5,0.7058823529411765,0.29411764705882354,0.5,0.55,5,4928,12,5,0.5,0.0024291497975708503,0.9965656565656565,14,100
0.0024291497975708503,0.5,0.7058823529411765,0.29411764705882354,0.5,0.6,5,4928,12,5,0.5,0.0024291497975708503,0.9965656565656565,14,100
0.002631578947368421,0.5,0.7222222222222222,0.2777777777777778,0.5,0.65,5,4927,13,5,0.5,0.002631578947368421,0.9963636363636363,14,100
0.002631578947368421,0.5,0.7222222222222222,0.2777777777777778,0.5,0.7,5,4927,13,5,0.5,0.002631578947368421,0.9963636363636363,14,100
0.005465587044534413,0.6,0.8181818181818182,0.18181818181818182,0.6,0.75,6,4913,27,4,0.6,0.005465587044534413,0.9937373737373737,14,100
0.022672064777327937,0.8,0.9333333333333333,0.06666666666666667,0.8,0.8,8,4828,112,2,0.8,0.022672064777327937,0.9769696969696969,14,100
0.032591093117408904,0.8,0.9526627218934911,0.047337278106508875,0.8,0.85,8,4779,161,2,0.8,0.032591093117408904,0.9670707070707071,14,100
0.038866396761133605,0.8,0.96,0.04,0.8,0.9,8,4748,192,2,0.8,0.038866396761133605,0.9608080808080808,14,100
0.0722672064777328,0.8,0.9780821917808219,0.021917808219178082,0.8,0.95,8,4583,357,2,0.8,0.0722672064777328,0.9274747474747475,14,100
0.5714574898785425,1.0,0.9964701729615248,0.0035298270384751147,1.0,1.0,10,2117,2823,0,1.0,0.5714574898785425,0.4296969696969697,14,100
0.0,0.4,0.0,1.0,0.4,0.1,4,4940,0,6,0.4,0.0,0.9987878787878788,15,100
0.00020242914979757084,0.5,0.16666666666666666,0.8333333333333334,0.5,0.15,5,4939,1,5,0.5,0.00020242914979757084,0.9987878787878788,15,100
0.00020242914979757084,0.5,0.16666666666666666,0.8333333333333334,0.5,0.2,5,4939,1,5,0.5,0.00020242914979757084,0.9987878787878788,15,100
0.00020242914979757084,0.5,0.16666666666666666,0.8333333333333334,0.5,0.25,5,4939,1,5,0.5,0.00020242914979757084,0.9987878787878788,15,100
0.0012145748987854252,0.5,0.5454545454545454,0.45454545454545453,0.5,0.3,5,4934,6,5,0.5,0.0012145748987854252,0.9977777777777778,15,100
0.0012145748987854252,0.5,0.5454545454545454,0.45454545454545453,0.5,0.35,5,4934,6,5,0.5,0.0012145748987854252,0.9977777777777778,15,100
0.0018218623481781376,0.5,0.6428571428571429,0.35714285714285715,0.5,0.4,5,4931,9,5,0.5,0.0018218623481781376,0.9971717171717172,15,100
0.0036437246963562753,0.7,0.72,0.28,0.7,0.45,7,4922,18,3,0.7,0.0036437246963562753,0.9957575757575757,15,100
0.004858299595141701,0.7,0.7741935483870968,0.22580645161290322,0.7,0.5,7,4916,24,3,0.7,0.004858299595141701,0.9945454545454545,15,100
0.004858299595141701,0.7,0.7741935483870968,0.22580645161290322,0.7,0.55,7,4916,24,3,0.7,0.004858299595141701,0.9945454545454545,15,100
0.004858299595141701,0.7,0.7741935483870968,0.22580645161290322,0.7,0.6,7,4916,24,3,0.7,0.004858299595141701,0.9945454545454545,15,100
0.006072874493927126,0.7,0.8108108108108109,0.1891891891891892,0.7,0.65,7,4910,30,3,0.7,0.006072874493927126,0.9933333333333333,15,100
0.006072874493927126,0.7,0.8108108108108109,0.1891891891891892,0.7,0.7,7,4910,30,3,0.7,0.006072874493927126,0.9933333333333333,15,100
0.006477732793522267,0.7,0.8205128205128205,0.1794871794871795,0.7,0.75,7,4908,32,3,0.7,0.006477732793522267,0.9929292929292929,15,100
0.022469635627530363,0.8,0.9327731092436975,0.06722689075630252,0.8,0.8,8,4829,111,2,0.8,0.022469635627530363,0.9771717171717171,15,100
0.040283400809716596,0.8,0.961352657004831,0.03864734299516908,0.8,0.85,8,4741,199,2,0.8,0.040283400809716596,0.9593939393939394,15,100
0.04757085020242915,0.8,0.9670781893004116,0.03292181069958848,0.8,0.9,8,4705,235,2,0.8,0.04757085020242915,0.9521212121212121,15,100
0.0868421052631579,0.8,0.9816933638443935,0.018306636155606407,0.8,0.95,8,4511,429,2,0.8,0.0868421052631579,0.9129292929292929,15,100
0.9657894736842105,1.0,0.9979083873666597,0.002091612633340305,1.0,1.0,10,169,4771,0,1.0,0.9657894736842105,0.03616161616161616,15,100
0.00020242914979757084,0.2,0.3333333333333333,0.6666666666666666,0.2,0.1,2,4939,1,8,0.2,0.00020242914979757084,0.9981818181818182,16,100
0.00020242914979757084,0.2,0.3333333333333333,0.6666666666666666,0.2,0.15,2,4939,1,8,0.2,0.00020242914979757084,0.9981818181818182,16,100
0.00020242914979757084,0.2,0.3333333333333333,0.6666666666666666,0.2,0.2,2,4939,1,8,0.2,0.00020242914979757084,0.9981818181818182,16,100
0.00020242914979757084,0.2,0.3333333333333333,0.6666666666666666,0.2,0.25,2,4939,1,8,0.2,0.00020242914979757084,0.9981818181818182,16,100
0.00020242914979757084,0.2,0.3333333333333333,0.6666666666666666,0.2,0.3,2,4939,1,8,0.2,0.00020242914979757084,0.9981818181818182,16,100
0.00020242914979757084,0.2,0.3333333333333333,0.6666666666666666,0.2,0.35,2,4939,1,8,0.2,0.00020242914979757084,0.9981818181818182,16,100
0.00020242914979757084,0.2,0.3333333333333333,0.6666666666666666,0.2,0.4,2,4939,1,8,0.2,0.00020242914979757084,0.9981818181818182,16,100
0.00020242914979757084,0.2,0.3333333333333333,0.6666666666666666,0.2,0.45,2,4939,1,8,0.2,0.00020242914979757084,0.9981818181818182,16,100
0.0006072874493927126,0.2,0.6,0.4,0.2,0.5,2,4937,3,8,0.2,0.0006072874493927126,0.9977777777777778,16,100
0.008502024291497975,0.3,0.9333333333333333,0.06666666666666667,0.3,0.55,3,4898,42,7,0.3,0.008502024291497975,0.9901010101010101,16,100
0.00931174089068826,0.3,0.9387755102040817,0.061224489795918366,0.3,0.6,3,4894,46,7,0.3,0.00931174089068826,0.9892929292929293,16,100
0.011336032388663968,0.4,0.9333333333333333,0.06666666666666667,0.4,0.65,4,4884,56,6,0.4,0.011336032388663968,0.9874747474747475,16,100
0.011336032388663968,0.4,0.9333333333333333,0.06666666666666667,0.4,0.7,4,4884,56,6,0.4,0.011336032388663968,0.9874747474747475,16,100
0.015991902834008098,0.7,0.9186046511627907,0.08139534883720931,0.7,0.75,7,4861,79,3,0.7,0.015991902834008098,0.9834343434343434,16,100
0.027935222672064778,0.7,0.9517241379310345,0.04827586206896552,0.7,0.8,7,4802,138,3,0.7,0.027935222672064778,0.9715151515151516,16,100
0.030364372469635626,0.7,0.9554140127388535,0.044585987261146494,0.7,0.85,7,4790,150,3,0.7,0.030364372469635626,0.9690909090909091,16,100
0.04311740890688259,0.8,0.9638009049773756,0.03619909502262444,0.8,0.9,8,4727,213,2,0.8,0.04311740890688259,0.9565656565656566,16,100
0.1097165991902834,0.9,0.9836660617059891,0.016333938294010888,0.9,0.95,9,4398,542,1,0.9,0.1097165991902834,0.8903030303030303,16,100
0.9609311740890688,1.0,0.9978978347698129,0.0021021652301870925,1.0,1.0,10,193,4747,0,1.0,0.9609311740890688,0.04101010101010101,16,100
0.00020242914979757084,0.6,0.14285714285714285,0.8571428571428571,0.6,0.1,6,4939,1,4,0.6,0.00020242914979757084,0.998989898989899,17,100
0.0004048582995951417,0.6,0.25,0.75,0.6,0.15,6,4938,2,4,0.6,0.0004048582995951417,0.9987878787878788,17,100
0.0006072874493927126,0.6,0.3333333333333333,0.6666666666666666,0.6,0.2,6,4937,3,4,0.6,0.0006072874493927126,0.9985858585858586,17,100
0.0008097165991902834,0.6,0.4,0.6,0.6,0.25,6,4936,4,4,0.6,0.0008097165991902834,0.9983838383838384,17,100
0.002226720647773279,0.6,0.6470588235294118,0.35294117647058826,0.6,0.3,6,4929,11,4,0.6,0.002226720647773279,0.996969696969697,17,100
0.002226720647773279,0.6,0.6470588235294118,0.35294117647058826,0.6,0.35,6,4929,11,4,0.6,0.002226720647773279,0.996969696969697,17,100
0.004453441295546558,0.6,0.7857142857142857,0.21428571428571427,0.6,0.4,6,4918,22,4,0.6,0.004453441295546558,0.9947474747474747,17,100
0.005263157894736842,0.6,0.8125,0.1875,0.6,0.45,6,4914,26,4,0.6,0.005263157894736842,0.9939393939393939,17,100
0.006275303643724696,0.6,0.8378378378378378,0.16216216216216217,0.6,0.5,6,4909,31,4,0.6,0.006275303643724696,0.9929292929292929,17,100
0.008097165991902834,0.6,0.8695652173913043,0.13043478260869565,0.6,0.55,6,4900,40,4,0.6,0.008097165991902834,0.9911111111111112,17,100
0.00931174089068826,0.6,0.8846153846153846,0.11538461538461539,0.6,0.6,6,4894,46,4,0.6,0.00931174089068826,0.98989898989899,17,100
0.011336032388663968,0.6,0.9032258064516129,0.0967741935483871,0.6,0.65,6,4884,56,4,0.6,0.011336032388663968,0.9878787878787879,17,100
0.01659919028340081,0.6,0.9318181818181818,0.06818181818181818,0.6,0.7,6,4858,82,4,0.6,0.01659919028340081,0.9826262626262626,17,100
0.01659919028340081,0.6,0.9318181818181818,0.06818181818181818,0.6,0.75,6,4858,82,4,0.6,0.01659919028340081,0.9826262626262626,17,100
0.034210526315789476,0.8,0.9548022598870056,0.04519774011299435,0.8,0.8,8,4771,169,2,0.8,0.034210526315789476,0.9654545454545455,17,100
0.08157894736842106,0.9,0.9781553398058253,0.021844660194174758,0.9,0.85,9,4537,403,1,0.9,0.08157894736842106,0.9183838383838384,17,100
0.12591093117408908,0.9,0.9857369255150554,0.014263074484944533,0.9,0.9,9,4318,622,1,0.9,0.12591093117408908,0.8741414141414141,17,100
0.18582995951417003,1.0,0.9892241379310345,0.010775862068965518,1.0,0.95,10,4022,918,0,1.0,0.18582995951417003,0.8145454545454546,17,100
0.9417004048582996,1.0,0.9978549978549979,0.002145002145002145,1.0,1.0,10,288,4652,0,1.0,0.9417004048582996,0.0602020202020202,17,100
0.0004048582995951417,0.4,0.3333333333333333,0.6666666666666666,0.4,0.1,4,4938,2,6,0.4,0.0004048582995951417,0.9983838383838384,18,100
0.0004048582995951417,0.4,0.3333333333333333,0.6666666666666666,0.4,0.15,4,4938,2,6,0.4,0.0004048582995951417,0.9983838383838384,18,100
0.0004048582995951417,0.4,0.3333333333333333,0.6666666666666666,0.4,0.2,4,4938,2,6,0.4,0.0004048582995951417,0.9983838383838384,18,100
0.0006072874493927126,0.4,0.42857142857142855,0.5714285714285714,0.4,0.25,4,4937,3,6,0.4,0.0006072874493927126,0.9981818181818182,18,100
0.0006072874493927126,0.4,0.42857142857142855,0.5714285714285714,0.4,0.3,4,4937,3,6,0.4,0.0006072874493927126,0.9981818181818182,18,100
0.0008097165991902834,0.4,0.5,0.5,0.4,0.35,4,4936,4,6,0.4,0.0008097165991902834,0.997979797979798,18,100
0.001417004048582996,0.4,0.6363636363636364,0.36363636363636365,0.4,0.4,4,4933,7,6,0.4,0.001417004048582996,0.9973737373737374,18,100
0.0018218623481781376,0.4,0.6923076923076923,0.3076923076923077,0.4,0.45,4,4931,9,6,0.4,0.0018218623481781376,0.996969696969697,18,100
0.0018218623481781376,0.4,0.6923076923076923,0.3076923076923077,0.4,0.5,4,4931,9,6,0.4,0.0018218623481781376,0.996969696969697,18,100
0.0024291497975708503,0.4,0.75,0.25,0.4,0.55,4,4928,12,6,0.4,0.0024291497975708503,0.9963636363636363,18,100
0.002631578947368421,0.5,0.7222222222222222,0.2777777777777778,0.5,0.6,5,4927,13,5,0.5,0.002631578947368421,0.9963636363636363,18,100
0.002631578947368421,0.5,0.7222222222222222,0.2777777777777778,0.5,0.65,5,4927,13,5,0.5,0.002631578947368421,0.9963636363636363,18,100
0.002631578947368421,0.5,0.7222222222222222,0.2777777777777778,0.5,0.7,5,4927,13,5,0.5,0.002631578947368421,0.9963636363636363,18,100
0.002834008097165992,0.5,0.7368421052631579,0.2631578947368421,0.5,0.75,5,4926,14,5,0.5,0.002834008097165992,0.9961616161616161,18,100
0.05283400809716599,0.9,0.9666666666666667,0.03333333333333333,0.9,0.8,9,4679,261,1,0.9,0.05283400809716599,0.9470707070707071,18,100
0.05931174089068826,0.9,0.9701986754966887,0.029801324503311258,0.9,0.85,9,4647,293,1,0.9,0.05931174089068826,0.9406060606060606,18,100
0.09979757085020242,0.9,0.9820717131474104,0.017928286852589643,0.9,0.9,9,4447,493,1,0.9,0.09979757085020242,0.9002020202020202,18,100
0.15546558704453442,0.9,0.9884169884169884,0.011583011583011582,0.9,0.95,9,4172,768,1,0.9,0.15546558704453442,0.8446464646464646,18,100
0.41761133603238865,1.0,0.9951760733236855,0.00482392667631452,1.0,1.0,10,2877,2063,0,1.0,0.41761133603238865,0.5832323232323232,18,100
0.0,0.1,0.0,1.0,0.1,0.1,1,4940,0,9,0.1,0.0,0.9981818181818182,19,100
0.0006072874493927126,0.4,0.42857142857142855,0.5714285714285714,0.4,0.15,4,4937,3,6,0.4,0.0006072874493927126,0.9981818181818182,19,100
0.0008097165991902834,0.5,0.4444444444444444,0.5555555555555556,0.5,0.2,5,4936,4,5,0.5,0.0008097165991902834,0.9981818181818182,19,100
0.0008097165991902834,0.5,0.4444444444444444,0.5555555555555556,0.5,0.25,5,4936,4,5,0.5,0.0008097165991902834,0.9981818181818182,19,100
0.0008097165991902834,0.5,0.4444444444444444,0.5555555555555556,0.5,0.3,5,4936,4,5,0.5,0.0008097165991902834,0.9981818181818182,19,100
0.0010121457489878543,0.5,0.5,0.5,0.5,0.35,5,4935,5,5,0.5,0.0010121457489878543,0.997979797979798,19,100
0.0016194331983805667,0.5,0.6153846153846154,0.38461538461538464,0.5,0.4,5,4932,8,5,0.5,0.0016194331983805667,0.9973737373737374,19,100
0.0020242914979757085,0.5,0.6666666666666666,0.3333333333333333,0.5,0.45,5,4930,10,5,0.5,0.0020242914979757085,0.996969696969697,19,100
0.002226720647773279,0.5,0.6875,0.3125,0.5,0.5,5,4929,11,5,0.5,0.002226720647773279,0.9967676767676767,19,100
0.002226720647773279,0.5,0.6875,0.3125,0.5,0.55,5,4929,11,5,0.5,0.002226720647773279,0.9967676767676767,19,100
0.0024291497975708503,0.5,0.7058823529411765,0.29411764705882354,0.5,0.6,5,4928,12,5,0.5,0.0024291497975708503,0.9965656565656565,19,100
0.0024291497975708503,0.5,0.7058823529411765,0.29411764705882354,0.5,0.65,5,4928,12,5,0.5,0.0024291497975708503,0.9965656565656565,19,100
0.012753036437246963,0.7,0.9,0.1,0.7,0.7,7,4877,63,3,0.7,0.012753036437246963,0.9866666666666667,19,100
0.01417004048582996,0.7,0.9090909090909091,0.09090909090909091,0.7,0.75,7,4870,70,3,0.7,0.01417004048582996,0.9852525252525253,19,100
0.020242914979757085,0.7,0.9345794392523364,0.06542056074766354,0.7,0.8,7,4840,100,3,0.7,0.020242914979757085,0.9791919191919192,19,100
0.05384615384615385,0.8,0.9708029197080292,0.029197080291970802,0.8,0.85,8,4674,266,2,0.8,0.05384615384615385,0.9458585858585858,19,100
0.11214574898785425,0.8,0.9857651245551602,0.014234875444839857,0.8,0.9,8,4386,554,2,0.8,0.11214574898785425,0.8876767676767677,19,100
0.19230769230769232,0.8,0.9916492693110647,0.008350730688935281,0.8,0.95,8,3990,950,2,0.8,0.19230769230769232,0.8076767676767677,19,100
0.9688259109311741,1.0,0.9979149291075896,0.002085070892410342,1.0,1.0,10,154,4786,0,1.0,0.9688259109311741,0.03313131313131313,19,100
0.0,0.4,0.0,1.0,0.4,0.1,4,4940,0,6,0.4,0.0,0.9987878787878788,20,100
0.0,0.4,0.0,1.0,0.4,0.15,4,4940,0,6,0.4,0.0,0.9987878787878788,20,100
0.0,0.4,0.0,1.0,0.4,0.2,4,4940,0,6,0.4,0.0,0.9987878787878788,20,100
0.0010121457489878543,0.4,0.5555555555555556,0.4444444444444444,0.4,0.25,4,4935,5,6,0.4,0.0010121457489878543,0.9977777777777778,20,100
0.0016194331983805667,0.4,0.6666666666666666,0.3333333333333333,0.4,0.3,4,4932,8,6,0.4,0.0016194331983805667,0.9971717171717172,20,100
0.002226720647773279,0.4,0.7333333333333333,0.26666666666666666,0.4,0.35,4,4929,11,6,0.4,0.002226720647773279,0.9965656565656565,20,100
0.002226720647773279,0.4,0.7333333333333333,0.26666666666666666,0.4,0.4,4,4929,11,6,0.4,0.002226720647773279,0.9965656565656565,20,100
0.002834008097165992,0.4,0.7777777777777778,0.2222222222222222,0.4,0.45,4,4926,14,6,0.4,0.002834008097165992,0.9959595959595959,20,100
0.002834008097165992,0.4,0.7777777777777778,0.2222222222222222,0.4,0.5,4,4926,14,6,0.4,0.002834008097165992,0.9959595959595959,20,100
0.0036437246963562753,0.4,0.8181818181818182,0.18181818181818182,0.4,0.55,4,4922,18,6,0.4,0.0036437246963562753,0.9951515151515151,20,100
0.008502024291497975,0.6,0.875,0.125,0.6,0.6,6,4898,42,4,0.6,0.008502024291497975,0.9907070707070708,20,100
0.00931174089068826,0.6,0.8846153846153846,0.11538461538461539,0.6,0.65,6,4894,46,4,0.6,0.00931174089068826,0.98989898989899,20,100
0.013765182186234818,0.6,0.918918918918919,0.08108108108108109,0.6,0.7,6,4872,68,4,0.6,0.013765182186234818,0.9854545454545455,20,100
0.01862348178137652,0.6,0.9387755102040817,0.061224489795918366,0.6,0.75,6,4848,92,4,0.6,0.01862348178137652,0.9806060606060606,20,100
0.02145748987854251,0.6,0.9464285714285714,0.05357142857142857,0.6,0.8,6,4834,106,4,0.6,0.02145748987854251,0.9777777777777777,20,100
0.03967611336032389,0.7,0.9655172413793104,0.034482758620689655,0.7,0.85,7,4744,196,3,0.7,0.03967611336032389,0.9597979797979798,20,100
0.04412955465587044,0.7,0.9688888888888889,0.03111111111111111,0.7,0.9,7,4722,218,3,0.7,0.04412955465587044,0.9553535353535354,20,100
0.14959514170040486,0.7,0.9906166219839142,0.00938337801608579,0.7,0.95,7,4201,739,3,0.7,0.14959514170040486,0.8501010101010101,20,100
0.3979757085020243,0.9,0.9954430379746836,0.004556962025316456,0.9,1.0,9,2974,1966,1,0.9,0.3979757085020243,0.6026262626262626,20,100
0.00020242914979757084,0.2,0.3333333333333333,0.6666666666666666,0.2,0.1,2,4939,1,8,0.2,0.00020242914979757084,0.9981818181818182,21,100
0.00020242914979757084,0.2,0.3333333333333333,0.6666666666666666,0.2,0.15,2,4939,1,8,0.2,0.00020242914979757084,0.9981818181818182,21,100
0.0004048582995951417,0.3,0.4,0.6,0.3,0.2,3,4938,2,7,0.3,0.0004048582995951417,0.9981818181818182,21,100
0.0006072874493927126,0.3,0.5,0.5,0.3,0.25,3,4937,3,7,0.3,0.0006072874493927126,0.997979797979798,21,100
0.0006072874493927126,0.3,0.5,0.5,0.3,0.3,3,4937,3,7,0.3,0.0006072874493927126,0.997979797979798,21,100
0.0008097165991902834,0.3,0.5714285714285714,0.42857142857142855,0.3,0.35,3,4936,4,7,0.3,0.0008097165991902834,0.9977777777777778,21,100
0.001417004048582996,0.3,0.7,0.3,0.3,0.4,3,4933,7,7,0.3,0.001417004048582996,0.9971717171717172,21,100
0.002834008097165992,0.3,0.8235294117647058,0.17647058823529413,0.3,0.45,3,4926,14,7,0.3,0.002834008097165992,0.9957575757575757,21,100
0.002834008097165992,0.3,0.8235294117647058,0.17647058823529413,0.3,0.5,3,4926,14,7,0.3,0.002834008097165992,0.9957575757575757,21,100
0.013360323886639677,0.4,0.9428571428571428,0.05714285714285714,0.4,0.55,4,4874,66,6,0.4,0.013360323886639677,0.9854545454545455,21,100
0.015182186234817813,0.6,0.9259259259259259,0.07407407407407407,0.6,0.6,6,4865,75,4,0.6,0.015182186234817813,0.984040404040404,21,100
0.016194331983805668,0.6,0.9302325581395349,0.06976744186046512,0.6,0.65,6,4860,80,4,0.6,0.016194331983805668,0.983030303030303,21,100
0.019433198380566803,0.6,0.9411764705882353,0.058823529411764705,0.6,0.7,6,4844,96,4,0.6,0.019433198380566803,0.9797979797979798,21,100
0.024696356275303644,0.6,0.953125,0.046875,0.6,0.75,6,4818,122,4,0.6,0.024696356275303644,0.9745454545454545,21,100
0.031983805668016195,0.8,0.9518072289156626,0.04819277108433735,0.8,0.8,8,4782,158,2,0.8,0.031983805668016195,0.9676767676767677,21,100
0.04817813765182186,0.9,0.9635627530364372,0.03643724696356275,0.9,0.85,9,4702,238,1,0.9,0.04817813765182186,0.9517171717171717,21,100
0.07145748987854252,0.9,0.9751381215469613,0.024861878453038673,0.9,0.9,9,4587,353,1,0.9,0.07145748987854252,0.9284848484848485,21,100
0.11639676113360324,0.9,0.9845890410958904,0.015410958904109588,0.9,0.95,9,4365,575,1,0.9,0.11639676113360324,0.8836363636363637,21,100
0.9050607287449393,1.0,0.9977683552778398,0.0022316447221602323,1.0,1.0,10,469,4471,0,1.0,0.9050607287449393,0.09676767676767677,21,100
0.0004048582995951417,0.5,0.2857142857142857,0.7142857142857143,0.5,0.1,5,4938,2,5,0.5,0.0004048582995951417,0.9985858585858586,22,100
0.0006072874493927126,0.5,0.375,0.625,0.5,0.15,5,4937,3,5,0.5,0.0006072874493927126,0.9983838383838384,22,100
0.0006072874493927126,0.5,0.375,0.625,0.5,0.2,5,4937,3,5,0.5,0.0006072874493927126,0.9983838383838384,22,100
0.0006072874493927126,0.5,0.375,0.625,0.5,0.25,5,4937,3,5,0.5,0.0006072874493927126,0.9983838383838384,22,100
0.0008097165991902834,0.5,0.4444444444444444,0.5555555555555556,0.5,0.3,5,4936,4,5,0.5,0.0008097165991902834,0.9981818181818182,22,100
0.0012145748987854252,0.5,0.5454545454545454,0.45454545454545453,0.5,0.35,5,4934,6,5,0.5,0.0012145748987854252,0.9977777777777778,22,100
0.0012145748987854252,0.5,0.5454545454545454,0.45454545454545453,0.5,0.4,5,4934,6,5,0.5,0.0012145748987854252,0.9977777777777778,22,100
0.004048582995951417,0.7,0.7407407407407407,0.25925925925925924,0.7,0.45,7,4920,20,3,0.7,0.004048582995951417,0.9953535353535353,22,100
0.00465587044534413,0.7,0.7666666666666667,0.23333333333333334,0.7,0.5,7,4917,23,3,0.7,0.00465587044534413,0.9947474747474747,22,100
0.00465587044534413,0.7,0.7666666666666667,0.23333333333333334,0.7,0.55,7,4917,23,3,0.7,0.00465587044534413,0.9947474747474747,22,100
0.008704453441295546,0.7,0.86,0.14,0.7,0.6,7,4897,43,3,0.7,0.008704453441295546,0.9907070707070708,22,100
0.008704453441295546,0.7,0.86,0.14,0.7,0.65,7,4897,43,3,0.7,0.008704453441295546,0.9907070707070708,22,100
0.017611336032388663,0.9,0.90625,0.09375,0.9,0.7,9,4853,87,1,0.9,0.017611336032388663,0.9822222222222222,22,100
0.021052631578947368,0.9,0.9203539823008849,0.07964601769911504,0.9,0.75,9,4836,104,1,0.9,0.021052631578947368,0.9787878787878788,22,100
0.0340080971659919,1.0,0.9438202247191011,0.056179775280898875,1.0,0.8,10,4772,168,0,1.0,0.0340080971659919,0.9660606060606061,22,100
0.05384615384615385,1.0,0.9637681159420289,0.036231884057971016,1.0,0.85,10,4674,266,0,1.0,0.05384615384615385,0.9462626262626262,22,100
0.05384615384615385,1.0,0.9637681159420289,0.036231884057971016,1.0,0.9,10,4674,266,0,1.0,0.05384615384615385,0.9462626262626262,22,100
0.1811740890688259,1.0,0.988950276243094,0.011049723756906077,1.0,0.95,10,4045,895,0,1.0,0.1811740890688259,0.8191919191919191,22,100
0.8394736842105263,1.0,0.9975944190522011,0.0024055809477988932,1.0,1.0,10,793,4147,0,1.0,0.8394736842105263,0.1622222222222222,22,100
0.00020242914979757084,0.3,0.25,0.75,0.3,0.1,3,4939,1,7,0.3,0.00020242914979757084,0.9983838383838384,23,100
0.00020242914979757084,0.3,0.25,0.75,0.3,0.15,3,4939,1,7,0.3,0.00020242914979757084,0.9983838383838384,23,100
0.00020242914979757084,0.3,0.25,0.75,0.3,0.2,3,4939,1,7,0.3,0.00020242914979757084,0.9983838383838384,23,100
0.00020242914979757084,0.3,0.25,0.75,0.3,0.25,3,4939,1,7,0.3,0.00020242914979757084,0.9983838383838384,23,100
0.00020242914979757084,0.3,0.25,0.75,0.3,0.3,3,4939,1,7,0.3,0.00020242914979757084,0.9983838383838384,23,100
0.00020242914979757084,0.3,0.25,0.75,0.3,0.35,3,4939,1,7,0.3,0.00020242914979757084,0.9983838383838384,23,100
0.0004048582995951417,0.3,0.4,0.6,0.3,0.4,3,4938,2,7,0.3,0.0004048582995951417,0.9981818181818182,23,100
0.0006072874493927126,0.3,0.5,0.5,0.3,0.45,3,4937,3,7,0.3,0.0006072874493927126,0.997979797979798,23,100
0.0006072874493927126,0.3,0.5,0.5,0.3,0.5,3,4937,3,7,0.3,0.0006072874493927126,0.997979797979798,23,100
0.0032388663967611335,0.4,0.8,0.2,0.4,0.55,4,4924,16,6,0.4,0.0032388663967611335,0.9955555555555555,23,100
0.0038461538461538464,0.4,0.8260869565217391,0.17391304347826086,0.4,0.6,4,4921,19,6,0.4,0.0038461538461538464,0.9949494949494949,23,100
0.008704453441295546,0.5,0.8958333333333334,0.10416666666666667,0.5,0.65,5,4897,43,5,0.5,0.008704453441295546,0.9903030303030304,23,100
0.009919028340080972,0.5,0.9074074074074074,0.09259259259259259,0.5,0.7,5,4891,49,5,0.5,0.009919028340080972,0.9890909090909091,23,100
0.02388663967611336,0.6,0.9516129032258065,0.04838709677419355,0.6,0.75,6,4822,118,4,0.6,0.02388663967611336,0.9753535353535353,23,100
0.031578947368421054,0.6,0.9629629629629629,0.037037037037037035,0.6,0.8,6,4784,156,4,0.6,0.031578947368421054,0.9676767676767677,23,100
0.06680161943319839,0.7,0.9792284866468842,0.020771513353115726,0.7,0.85,7,4610,330,3,0.7,0.06680161943319839,0.9327272727272727,23,100
0.08319838056680162,0.7,0.9832535885167464,0.01674641148325359,0.7,0.9,7,4529,411,3,0.7,0.08319838056680162,0.9163636363636364,23,100
0.1536437246963563,0.7,0.9908616187989556,0.009138381201044387,0.7,0.95,7,4181,759,3,0.7,0.1536437246963563,0.8460606060606061,23,100
0.7105263157894737,0.9,0.9974424552429667,0.0025575447570332483,0.9,1.0,9,1430,3510,1,0.9,0.7105263157894737,0.2907070707070707,23,100
0.0,0.2,0.0,1.0,0.2,0.1,2,4940,0,8,0.2,0.0,0.9983838383838384,24,100
0.0,0.2,0.0,1.0,0.2,0.15,2,4940,0,8,0.2,0.0,0.9983838383838384,24,100
0.0004048582995951417,0.2,0.5,0.5,0.2,0.2,2,4938,2,8,0.2,0.0004048582995951417,0.997979797979798,24,100
0.0006072874493927126,0.2,0.6,0.4,0.2,0.25,2,4937,3,8,0.2,0.0006072874493927126,0.9977777777777778,24,100
0.0008097165991902834,0.2,0.6666666666666666,0.3333333333333333,0.2,0.3,2,4936,4,8,0.2,0.0008097165991902834,0.9975757575757576,24,100
0.0008097165991902834,0.2,0.6666666666666666,0.3333333333333333,0.2,0.35,2,4936,4,8,0.2,0.0008097165991902834,0.9975757575757576,24,100
0.0008097165991902834,0.2,0.6666666666666666,0.3333333333333333,0.2,0.4,2,4936,4,8,0.2,0.0008097165991902834,0.9975757575757576,24,100
0.001417004048582996,0.2,0.7777777777777778,0.2222222222222222,0.2,0.45,2,4933,7,8,0.2,0.001417004048582996,0.996969696969697,24,100
0.0016194331983805667,0.2,0.8,0.2,0.2,0.5,2,4932,8,8,0.2,0.0016194331983805667,0.9967676767676767,24,100
0.004858299595141701,0.5,0.8275862068965517,0.1724137931034483,0.5,0.55,5,4916,24,5,0.5,0.004858299595141701,0.9941414141414141,24,100
0.005465587044534413,0.5,0.84375,0.15625,0.5,0.6,5,4913,27,5,0.5,0.005465587044534413,0.9935353535353535,24,100
0.007489878542510121,0.5,0.8809523809523809,0.11904761904761904,0.5,0.65,5,4903,37,5,0.5,0.007489878542510121,0.9915151515151515,24,100
0.007894736842105263,0.5,0.8863636363636364,0.11363636363636363,0.5,0.7,5,4901,39,5,0.5,0.007894736842105263,0.9911111111111112,24,100
0.007894736842105263,0.5,0.8863636363636364,0.11363636363636363,0.5,0.75,5,4901,39,5,0.5,0.007894736842105263,0.9911111111111112,24,100
0.011133603238866396,0.5,0.9166666666666666,0.08333333333333333,0.5,0.8,5,4885,55,5,0.5,0.011133603238866396,0.9878787878787879,24,100
0.014574898785425101,0.5,0.935064935064935,0.06493506493506493,0.5,0.85,5,4868,72,5,0.5,0.014574898785425101,0.9844444444444445,24,100
0.016194331983805668,0.5,0.9411764705882353,0.058823529411764705,0.5,0.9,5,4860,80,5,0.5,0.016194331983805668,0.9828282828282828,24,100
0.12793522267206478,0.8,0.9875,0.0125,0.8,0.95,8,4308,632,2,0.8,0.12793522267206478,0.8719191919191919,24,100
0.9651821862348178,1.0,0.9979070740895772,0.002092925910422771,1.0,1.0,10,172,4768,0,1.0,0.9651821862348178,0.03676767676767677,24,100
0.0,0.1,0.0,1.0,0.1,0.1,1,4940,0,9,0.1,0.0,0.9981818181818182,25,100
0.0,0.1,0.0,1.0,0.1,0.15,1,4940,0,9,0.1,0.0,0.9981818181818182,25,100
0.0,0.1,0.0,1.0,0.1,0.2,1,4940,0,9,0.1,0.0,0.9981818181818182,25,100
0.0,0.2,0.0,1.0,0.2,0.25,2,4940,0,8,0.2,0.0,0.9983838383838384,25,100
0.0,0.2,0.0,1.0,0.2,0.3,2,4940,0,8,0.2,0.0,0.9983838383838384,25,100
0.00020242914979757084,0.2,0.3333333333333333,0.6666666666666666,0.2,0.35,2,4939,1,8,0.2,0.00020242914979757084,0.9981818181818182,25,100
0.0004048582995951417,0.2,0.5,0.5,0.2,0.4,2,4938,2,8,0.2,0.0004048582995951417,0.997979797979798,25,100
0.0004048582995951417,0.2,0.5,0.5,0.2,0.45,2,4938,2,8,0.2,0.0004048582995951417,0.997979797979798,25,100
0.0036437246963562753,0.3,0.8571428571428571,0.14285714285714285,0.3,0.5,3,4922,18,7,0.3,0.0036437246963562753,0.9949494949494949,25,100
0.004453441295546558,0.3,0.88,0.12,0.3,0.55,3,4918,22,7,0.3,0.004453441295546558,0.9941414141414141,25,100
0.004858299595141701,0.3,0.8888888888888888,0.1111111111111111,0.3,0.6,3,4916,24,7,0.3,0.004858299595141701,0.9937373737373737,25,100
0.004858299595141701,0.3,0.8888888888888888,0.1111111111111111,0.3,0.65,3,4916,24,7,0.3,0.004858299595141701,0.9937373737373737,25,100
0.005668016194331984,0.3,0.9032258064516129,0.0967741935483871,0.3,0.7,3,4912,28,7,0.3,0.005668016194331984,0.9929292929292929,25,100
0.006275303643724696,0.3,0.9117647058823529,0.08823529411764706,0.3,0.75,3,4909,31,7,0.3,0.006275303643724696,0.9923232323232323,25,100
0.007894736842105263,0.3,0.9285714285714286,0.07142857142857142,0.3,0.8,3,4901,39,7,0.3,0.007894736842105263,0.9907070707070708,25,100
0.051821862348178135,0.5,0.9808429118773946,0.019157088122605363,0.5,0.85,5,4684,256,5,0.5,0.051821862348178135,0.9472727272727273,25,100
0.11295546558704453,0.6,0.9893617021276596,0.010638297872340425,0.6,0.9,6,4382,558,4,0.6,0.11295546558704453,0.8864646464646465,25,100
0.2139676113360324,0.7,0.993421052631579,0.006578947368421052,0.7,0.95,7,3883,1057,3,0.7,0.2139676113360324,0.7858585858585858,25,100
0.4427125506072874,0.9,0.9959016393442623,0.004098360655737705,0.9,1.0,9,2753,2187,1,0.9,0.4427125506072874,0.557979797979798,25,100
0.0004048582995951417,0.3,0.4,0.6,0.3,0.1,3,4938,2,7,0.3,0.0004048582995951417,0.9981818181818182,26,100
0.0006072874493927126,0.3,0.5,0.5,0.3,0.15,3,4937,3,7,0.3,0.0006072874493927126,0.997979797979798,26,100
0.0006072874493927126,0.4,0.42857142857142855,0.5714285714285714,0.4,0.2,4,4937,3,6,0.4,0.0006072874493927126,0.9981818181818182,26,100
0.0012145748987854252,0.5,0.5454545454545454,0.45454545454545453,0.5,0.25,5,4934,6,5,0.5,0.0012145748987854252,0.9977777777777778,26,100
0.0018218623481781376,0.5,0.6428571428571429,0.35714285714285715,0.5,0.3,5,4931,9,5,0.5,0.0018218623481781376,0.9971717171717172,26,100
0.0020242914979757085,0.5,0.6666666666666666,0.3333333333333333,0.5,0.35,5,4930,10,5,0.5,0.0020242914979757085,0.996969696969697,26,100
0.0020242914979757085,0.5,0.6666666666666666,0.3333333333333333,0.5,0.4,5,4930,10,5,0.5,0.0020242914979757085,0.996969696969697,26,100
0.002631578947368421,0.6,0.6842105263157895,0.3157894736842105,0.6,0.45,6,4927,13,4,0.6,0.002631578947368421,0.9965656565656565,26,100
0.0032388663967611335,0.6,0.7272727272727273,0.2727272727272727,0.6,0.5,6,4924,16,4,0.6,0.0032388663967611335,0.9959595959595959,26,100
0.0038461538461538464,0.6,0.76,0.24,0.6,0.55,6,4921,19,4,0.6,0.0038461538461538464,0.9953535353535353,26,100
0.005263157894736842,0.6,0.8125,0.1875,0.6,0.6,6,4914,26,4,0.6,0.005263157894736842,0.9939393939393939,26,100
0.00708502024291498,0.7,0.8333333333333334,0.16666666666666666,0.7,0.65,7,4905,35,3,0.7,0.00708502024291498,0.9923232323232323,26,100
0.01862348178137652,0.8,0.92,0.08,0.8,0.7,8,4848,92,2,0.8,0.01862348178137652,0.981010101010101,26,100
0.020647773279352227,0.8,0.9272727272727272,0.07272727272727272,0.8,0.75,8,4838,102,2,0.8,0.020647773279352227,0.978989898989899,26,100
0.041700404858299595,0.8,0.9626168224299065,0.037383177570093455,0.8,0.8,8,4734,206,2,0.8,0.041700404858299595,0.9579797979797979,26,100
0.06740890688259109,0.8,0.9765395894428153,0.02346041055718475,0.8,0.85,8,4607,333,2,0.8,0.06740890688259109,0.9323232323232323,26,100
0.06740890688259109,0.8,0.9765395894428153,0.02346041055718475,0.8,0.9,8,4607,333,2,0.8,0.06740890688259109,0.9323232323232323,26,100
0.24554655870445344,0.9,0.9926350245499181,0.007364975450081833,0.9,0.95,9,3727,1213,1,0.9,0.24554655870445344,0.7547474747474747,26,100
0.9204453441295547,1.0,0.9978055738424402,0.0021944261575597983,1.0,1.0,10,393,4547,0,1.0,0.9204453441295547,0.08141414141414141,26,100
0.0004048582995951417,0.5,0.2857142857142857,0.7142857142857143,0.5,0.1,5,4938,2,5,0.5,0.0004048582995951417,0.9985858585858586,27,100
0.0006072874493927126,0.6,0.3333333333333333,0.6666666666666666,0.6,0.15,6,4937,3,4,0.6,0.0006072874493927126,0.9985858585858586,27,100
0.0016194331983805667,0.7,0.5333333333333333,0.4666666666666667,0.7,0.2,7,4932,8,3,0.7,0.0016194331983805667,0.9977777777777778,27,100
0.002834008097165992,0.7,0.6666666666666666,0.3333333333333333,0.7,0.25,7,4926,14,3,0.7,0.002834008097165992,0.9965656565656565,27,100
0.003036437246963563,0.7,0.6818181818181818,0.3181818181818182,0.7,0.3,7,4925,15,3,0.7,0.003036437246963563,0.9963636363636363,27,100
0.006477732793522267,0.7,0.8205128205128205,0.1794871794871795,0.7,0.35,7,4908,32,3,0.7,0.006477732793522267,0.9929292929292929,27,100
0.007489878542510121,0.7,0.8409090909090909,0.1590909090909091,0.7,0.4,7,4903,37,3,0.7,0.007489878542510121,0.9919191919191919,27,100
0.008097165991902834,0.7,0.851063829787234,0.14893617021276595,0.7,0.45,7,4900,40,3,0.7,0.008097165991902834,0.9913131313131314,27,100
0.009109311740890687,0.8,0.8490566037735849,0.1509433962264151,0.8,0.5,8,4895,45,2,0.8,0.009109311740890687,0.9905050505050506,27,100
0.01194331983805668,0.8,0.8805970149253731,0.11940298507462686,0.8,0.55,8,4881,59,2,0.8,0.01194331983805668,0.9876767676767677,27,100
0.01639676113360324,0.9,0.9,0.1,0.9,0.6,9,4859,81,1,0.9,0.01639676113360324,0.9834343434343434,27,100
0.02611336032388664,0.9,0.9347826086956522,0.06521739130434782,0.9,0.65,9,4811,129,1,0.9,0.02611336032388664,0.9737373737373738,27,100
0.03441295546558704,0.9,0.9497206703910615,0.05027932960893855,0.9,0.7,9,4770,170,1,0.9,0.03441295546558704,0.9654545454545455,27,100
0.03805668016194332,0.9,0.9543147208121827,0.04568527918781726,0.9,0.75,9,4752,188,1,0.9,0.03805668016194332,0.9618181818181818,27,100
0.048582995951417005,0.9,0.963855421686747,0.03614457831325301,0.9,0.8,9,4700,240,1,0.9,0.048582995951417005,0.9513131313131313,27,100
0.08178137651821862,1.0,0.9758454106280193,0.024154589371980676,1.0,0.85,10,4536,404,0,1.0,0.08178137651821862,0.9183838383838384,27,100
0.11518218623481781,1.0,0.9827288428324698,0.017271157167530225,1.0,0.9,10,4371,569,0,1.0,0.11518218623481781,0.8850505050505051,27,100
0.2208502024291498,1.0,0.9909173478655767,0.009082652134423252,1.0,0.95,10,3849,1091,0,1.0,0.2208502024291498,0.7795959595959596,27,100
0.8131578947368421,1.0,0.9975167618574621,0.0024832381425378696,1.0,1.0,10,923,4017,0,1.0,0.8131578947368421,0.18848484848484848,27,100
0.0004048582995951417,0.3,0.4,0.6,0.3,0.1,3,4938,2,7,0.3,0.0004048582995951417,0.9981818181818182,28,100
0.0006072874493927126,0.3,0.5,0.5,0.3,0.15,3,4937,3,7,0.3,0.0006072874493927126,0.997979797979798,28,100
0.0012145748987854252,0.3,0.6666666666666666,0.3333333333333333,0.3,0.2,3,4934,6,7,0.3,0.0012145748987854252,0.9973737373737374,28,100
0.0012145748987854252,0.3,0.6666666666666666,0.3333333333333333,0.3,0.25,3,4934,6,7,0.3,0.0012145748987854252,0.9973737373737374,28,100
0.0018218623481781376,0.3,0.75,0.25,0.3,0.3,3,4931,9,7,0.3,0.0018218623481781376,0.9967676767676767,28,100
0.002226720647773279,0.3,0.7857142857142857,0.21428571428571427,0.3,0.35,3,4929,11,7,0.3,0.002226720647773279,0.9963636363636363,28,100
0.0038461538461538464,0.4,0.8260869565217391,0.17391304347826086,0.4,0.4,4,4921,19,6,0.4,0.0038461538461538464,0.9949494949494949,28,100
0.005060728744939271,0.4,0.8620689655172413,0.13793103448275862,0.4,0.45,4,4915,25,6,0.4,0.005060728744939271,0.9937373737373737,28,100
0.005465587044534413,0.4,0.8709677419354839,0.12903225806451613,0.4,0.5,4,4913,27,6,0.4,0.005465587044534413,0.9933333333333333,28,100
0.008299595141700405,0.4,0.9111111111111111,0.08888888888888889,0.4,0.55,4,4899,41,6,0.4,0.008299595141700405,0.9905050505050506,28,100
0.011538461538461539,0.4,0.9344262295081968,0.06557377049180328,0.4,0.6,4,4883,57,6,0.4,0.011538461538461539,0.9872727272727273,28,100
0.01639676113360324,0.6,0.9310344827586207,0.06896551724137931,0.6,0.65,6,4859,81,4,0.6,0.01639676113360324,0.9828282828282828,28,100
0.019635627530364373,0.6,0.941747572815534,0.05825242718446602,0.6,0.7,6,4843,97,4,0.6,0.019635627530364373,0.9795959595959596,28,100
0.02145748987854251,0.6,0.9464285714285714,0.05357142857142857,0.6,0.75,6,4834,106,4,0.6,0.02145748987854251,0.9777777777777777,28,100
0.03744939271255061,0.6,0.9685863874345549,0.031413612565445025,0.6,0.8,6,4755,185,4,0.6,0.03744939271255061,0.9618181818181818,28,100
0.051417004048582994,0.6,0.9769230769230769,0.023076923076923078,0.6,0.85,6,4686,254,4,0.6,0.051417004048582994,0.9478787878787879,28,100
0.08137651821862348,0.8,0.9804878048780488,0.01951219512195122,0.8,0.9,8,4538,402,2,0.8,0.08137651821862348,0.9183838383838384,28,100
0.11477732793522268,0.8,0.9860869565217392,0.01391304347826087,0.8,0.95,8,4373,567,2,0.8,0.11477732793522268,0.8850505050505051,28,100
0.9331983805668016,1.0,0.9978354978354979,0.0021645021645021645,1.0,1.0,10,330,4610,0,1.0,0.9331983805668016,0.06868686868686869,28,100
0.0004048582995951417,0.6,0.25,0.75,0.6,0.1,6,4938,2,4,0.6,0.0004048582995951417,0.9987878787878788,29,100
0.0008097165991902834,0.6,0.4,0.6,0.6,0.15,6,4936,4,4,0.6,0.0008097165991902834,0.9983838383838384,29,100
0.0008097165991902834,0.6,0.4,0.6,0.6,0.2,6,4936,4,4,0.6,0.0008097165991902834,0.9983838383838384,29,100
0.0016194331983805667,0.6,0.5714285714285714,0.42857142857142855,0.6,0.25,6,4932,8,4,0.6,0.0016194331983805667,0.9975757575757576,29,100
0.0016194331983805667,0.6,0.5714285714285714,0.42857142857142855,0.6,0.3,6,4932,8,4,0.6,0.0016194331983805667,0.9975757575757576,29,100
0.0020242914979757085,0.6,0.625,0.375,0.6,0.35,6,4930,10,4,0.6,0.0020242914979757085,0.9971717171717172,29,100
0.0036437246963562753,0.6,0.75,0.25,0.6,0.4,6,4922,18,4,0.6,0.0036437246963562753,0.9955555555555555,29,100
0.0036437246963562753,0.6,0.75,0.25,0.6,0.45,6,4922,18,4,0.6,0.0036437246963562753,0.9955555555555555,29,100
0.0036437246963562753,0.6,0.75,0.25,0.6,0.5,6,4922,18,4,0.6,0.0036437246963562753,0.9955555555555555,29,100
0.0036437246963562753,0.6,0.75,0.25,0.6,0.55,6,4922,18,4,0.6,0.0036437246963562753,0.9955555555555555,29,100
0.0036437246963562753,0.6,0.75,0.25,0.6,0.6,6,4922,18,4,0.6,0.0036437246963562753,0.9955555555555555,29,100
0.0072874493927125505,0.7,0.8372093023255814,0.16279069767441862,0.7,0.65,7,4904,36,3,0.7,0.0072874493927125505,0.9921212121212121,29,100
0.008502024291497975,0.8,0.84,0.16,0.8,0.7,8,4898,42,2,0.8,0.008502024291497975,0.9911111111111112,29,100
0.010526315789473684,0.8,0.8666666666666667,0.13333333333333333,0.8,0.75,8,4888,52,2,0.8,0.010526315789473684,0.9890909090909091,29,100
0.020242914979757085,0.8,0.9259259259259259,0.07407407407407407,0.8,0.8,8,4840,100,2,0.8,0.020242914979757085,0.9793939393939394,29,100
0.03744939271255061,0.8,0.9585492227979274,0.04145077720207254,0.8,0.85,8,4755,185,2,0.8,0.03744939271255061,0.9622222222222222,29,100
0.07631578947368421,0.8,0.9792207792207792,0.02077922077922078,0.8,0.9,8,4563,377,2,0.8,0.07631578947368421,0.9234343434343434,29,100
0.16700404858299595,0.8,0.9903961584633854,0.009603841536614645,0.8,0.95,8,4115,825,2,0.8,0.16700404858299595,0.832929292929293,29,100
0.3091093117408907,0.8,0.9947882736156352,0.005211726384364821,0.8,1.0,8,3413,1527,2,0.8,0.3091093117408907,0.6911111111111111,29,100
0.0008097165991902834,0.6,0.4,0.6,0.6,0.1,6,4936,4,4,0.6,0.0008097165991902834,0.9983838383838384,30,100
0.0010121457489878543,0.9,0.35714285714285715,0.6428571428571429,0.9,0.15,9,4935,5,1,0.9,0.0010121457489878543,0.9987878787878788,30,100
0.0010121457489878543,0.9,0.35714285714285715,0.6428571428571429,0.9,0.2,9,4935,5,1,0.9,0.0010121457489878543,0.9987878787878788,30,100
0.002631578947368421,1.0,0.5652173913043478,0.43478260869565216,1.0,0.25,10,4927,13,0,1.0,0.002631578947368421,0.9973737373737374,30,100
0.003036437246963563,1.0,0.6,0.4,1.0,0.3,10,4925,15,0,1.0,0.003036437246963563,0.996969696969697,30,100
0.005060728744939271,1.0,0.7142857142857143,0.2857142857142857,1.0,0.35,10,4915,25,0,1.0,0.005060728744939271,0.9949494949494949,30,100
0.005668016194331984,1.0,0.7368421052631579,0.2631578947368421,1.0,0.4,10,4912,28,0,1.0,0.005668016194331984,0.9943434343434343,30,100
0.006072874493927126,1.0,0.75,0.25,1.0,0.45,10,4910,30,0,1.0,0.006072874493927126,0.9939393939393939,30,100
0.007489878542510121,1.0,0.7872340425531915,0.2127659574468085,1.0,0.5,10,4903,37,0,1.0,0.007489878542510121,0.9925252525252525,30,100
0.010526315789473684,1.0,0.8387096774193549,0.16129032258064516,1.0,0.55,10,4888,52,0,1.0,0.010526315789473684,0.9894949494949495,30,100
0.013157894736842105,1.0,0.8666666666666667,0.13333333333333333,1.0,0.6,10,4875,65,0,1.0,0.013157894736842105,0.9868686868686869,30,100
0.014574898785425101,1.0,0.8780487804878049,0.12195121951219512,1.0,0.65,10,4868,72,0,1.0,0.014574898785425101,0.9854545454545455,30,100
0.01659919028340081,1.0,0.8913043478260869,0.10869565217391304,1.0,0.7,10,4858,82,0,1.0,0.01659919028340081,0.9834343434343434,30,100
0.039271255060728746,1.0,0.9509803921568627,0.049019607843137254,1.0,0.75,10,4746,194,0,1.0,0.039271255060728746,0.9608080808080808,30,100
0.0437246963562753,1.0,0.9557522123893806,0.04424778761061947,1.0,0.8,10,4724,216,0,1.0,0.0437246963562753,0.9563636363636364,30,100
0.04939271255060729,1.0,0.9606299212598425,0.03937007874015748,1.0,0.85,10,4696,244,0,1.0,0.04939271255060729,0.9507070707070707,30,100
0.06336032388663967,1.0,0.9690402476780186,0.030959752321981424,1.0,0.9,10,4627,313,0,1.0,0.06336032388663967,0.9367676767676768,30,100
0.10526315789473684,1.0,0.9811320754716981,0.018867924528301886,1.0,0.95,10,4420,520,0,1.0,0.10526315789473684,0.8949494949494949,30,100
0.8091093117408907,1.0,0.997504367357125,0.0024956326428749688,1.0,1.0,10,943,3997,0,1.0,0.8091093117408907,0.19252525252525252,30,100
0.0004048582995951417,0.3,0.4,0.6,0.3,0.1,3,4938,2,7,0.3,0.0004048582995951417,0.9981818181818182,31,100
0.0006072874493927126,0.4,0.42857142857142855,0.5714285714285714,0.4,0.15,4,4937,3,6,0.4,0.0006072874493927126,0.9981818181818182,31,100
0.0008097165991902834,0.5,0.4444444444444444,0.5555555555555556,0.5,0.2,5,4936,4,5,0.5,0.0008097165991902834,0.9981818181818182,31,100
0.0008097165991902834,0.5,0.4444444444444444,0.5555555555555556,0.5,0.25,5,4936,4,5,0.5,0.0008097165991902834,0.9981818181818182,31,100
0.0018218623481781376,0.5,0.6428571428571429,0.35714285714285715,0.5,0.3,5,4931,9,5,0.5,0.0018218623481781376,0.9971717171717172,31,100
0.0020242914979757085,0.5,0.6666666666666666,0.3333333333333333,0.5,0.35,5,4930,10,5,0.5,0.0020242914979757085,0.996969696969697,31,100
0.0020242914979757085,0.5,0.6666666666666666,0.3333333333333333,0.5,0.4,5,4930,10,5,0.5,0.0020242914979757085,0.996969696969697,31,100
0.006882591093117409,0.5,0.8717948717948718,0.1282051282051282,0.5,0.45,5,4906,34,5,0.5,0.006882591093117409,0.9921212121212121,31,100
0.007692307692307693,0.5,0.8837209302325582,0.11627906976744186,0.5,0.5,5,4902,38,5,0.5,0.007692307692307693,0.9913131313131314,31,100
0.009919028340080972,0.5,0.9074074074074074,0.09259259259259259,0.5,0.55,5,4891,49,5,0.5,0.009919028340080972,0.9890909090909091,31,100
0.009919028340080972,0.5,0.9074074074074074,0.09259259259259259,0.5,0.6,5,4891,49,5,0.5,0.009919028340080972,0.9890909090909091,31,100
0.010728744939271255,0.5,0.9137931034482759,0.08620689655172414,0.5,0.65,5,4887,53,5,0.5,0.010728744939271255,0.9882828282828283,31,100
0.01639676113360324,0.5,0.9418604651162791,0.05813953488372093,0.5,0.7,5,4859,81,5,0.5,0.01639676113360324,0.9826262626262626,31,100
0.02368421052631579,0.5,0.9590163934426229,0.040983606557377046,0.5,0.75,5,4823,117,5,0.5,0.02368421052631579,0.9753535353535353,31,100
0.029959514170040485,0.6,0.961038961038961,0.03896103896103896,0.6,0.8,6,4792,148,4,0.6,0.029959514170040485,0.9692929292929293,31,100
0.05708502024291498,0.6,0.9791666666666666,0.020833333333333332,0.6,0.85,6,4658,282,4,0.6,0.05708502024291498,0.9422222222222222,31,100
0.1242914979757085,0.8,0.9871382636655949,0.012861736334405145,0.8,0.9,8,4326,614,2,0.8,0.1242914979757085,0.8755555555555555,31,100
0.16376518218623481,0.8,0.9902080783353733,0.009791921664626682,0.8,0.95,8,4131,809,2,0.8,0.16376518218623481,0.8361616161616162,31,100
0.9631578947368421,0.9,0.9981120201384519,0.0018879798615481435,0.9,1.0,9,182,4758,1,0.9,0.9631578947368421,0.038585858585858585,31,100
0.0004048582995951417,0.5,0.2857142857142857,0.7142857142857143,0.5,0.1,5,4938,2,5,0.5,0.0004048582995951417,0.9985858585858586,32,100
0.0004048582995951417,0.5,0.2857142857142857,0.7142857142857143,0.5,0.15,5,4938,2,5,0.5,0.0004048582995951417,0.9985858585858586,32,100
0.0004048582995951417,0.5,0.2857142857142857,0.7142857142857143,0.5,0.2,5,4938,2,5,0.5,0.0004048582995951417,0.9985858585858586,32,100
0.0008097165991902834,0.5,0.4444444444444444,0.5555555555555556,0.5,0.25,5,4936,4,5,0.5,0.0008097165991902834,0.9981818181818182,32,100
0.0008097165991902834,0.5,0.4444444444444444,0.5555555555555556,0.5,0.3,5,4936,4,5,0.5,0.0008097165991902834,0.9981818181818182,32,100
0.0012145748987854252,0.5,0.5454545454545454,0.45454545454545453,0.5,0.35,5,4934,6,5,0.5,0.0012145748987854252,0.9977777777777778,32,100
0.001417004048582996,0.5,0.5833333333333334,0.4166666666666667,0.5,0.4,5,4933,7,5,0.5,0.001417004048582996,0.9975757575757576,32,100
0.001417004048582996,0.5,0.5833333333333334,0.4166666666666667,0.5,0.45,5,4933,7,5,0.5,0.001417004048582996,0.9975757575757576,32,100
0.0016194331983805667,0.5,0.6153846153846154,0.38461538461538464,0.5,0.5,5,4932,8,5,0.5,0.0016194331983805667,0.9973737373737374,32,100
0.0018218623481781376,0.5,0.6428571428571429,0.35714285714285715,0.5,0.55,5,4931,9,5,0.5,0.0018218623481781376,0.9971717171717172,32,100
0.0020242914979757085,0.5,0.6666666666666666,0.3333333333333333,0.5,0.6,5,4930,10,5,0.5,0.0020242914979757085,0.996969696969697,32,100
0.0024291497975708503,0.5,0.7058823529411765,0.29411764705882354,0.5,0.65,5,4928,12,5,0.5,0.0024291497975708503,0.9965656565656565,32,100
0.0072874493927125505,0.7,0.8372093023255814,0.16279069767441862,0.7,0.7,7,4904,36,3,0.7,0.0072874493927125505,0.9921212121212121,32,100
0.012348178137651822,0.7,0.8970588235294118,0.10294117647058823,0.7,0.75,7,4879,61,3,0.7,0.012348178137651822,0.9870707070707071,32,100
0.03825910931174089,0.8,0.9593908629441624,0.04060913705583756,0.8,0.8,8,4751,189,2,0.8,0.03825910931174089,0.9614141414141414,32,100
0.056477732793522264,0.9,0.96875,0.03125,0.9,0.85,9,4661,279,1,0.9,0.056477732793522264,0.9434343434343434,32,100
0.1180161943319838,0.9,0.9847972972972973,0.015202702702702704,0.9,0.9,9,4357,583,1,0.9,0.1180161943319838,0.882020202020202,32,100
0.17651821862348177,0.9,0.9897843359818388,0.01021566401816118,0.9,0.95,9,4068,872,1,0.9,0.17651821862348177,0.8236363636363636,32,100
0.9568825910931175,1.0,0.9978889592569137,0.0021110407430863414,1.0,1.0,10,213,4727,0,1.0,0.9568825910931175,0.04505050505050505,32,100
0.0,0.1,0.0,1.0,0.1,0.1,1,4940,0,9,0.1,0.0,0.9981818181818182,33,100
0.0,0.1,0.0,1.0,0.1,0.15,1,4940,0,9,0.1,0.0,0.9981818181818182,33,100
0.0,0.1,0.0,1.0,0.1,0.2,1,4940,0,9,0.1,0.0,0.9981818181818182,33,100
0.00020242914979757084,0.1,0.5,0.5,0.1,0.25,1,4939,1,9,0.1,0.00020242914979757084,0.997979797979798,33,100
0.001417004048582996,0.2,0.7777777777777778,0.2222222222222222,0.2,0.3,2,4933,7,8,0.2,0.001417004048582996,0.996969696969697,33,100
0.001417004048582996,0.2,0.7777777777777778,0.2222222222222222,0.2,0.35,2,4933,7,8,0.2,0.001417004048582996,0.996969696969697,33,100
0.0016194331983805667,0.2,0.8,0.2,0.2,0.4,2,4932,8,8,0.2,0.0016194331983805667,0.9967676767676767,33,100
0.0020242914979757085,0.2,0.8333333333333334,0.16666666666666666,0.2,0.45,2,4930,10,8,0.2,0.0020242914979757085,0.9963636363636363,33,100
0.0020242914979757085,0.2,0.8333333333333334,0.16666666666666666,0.2,0.5,2,4930,10,8,0.2,0.0020242914979757085,0.9963636363636363,33,100
0.011133603238866396,0.5,0.9166666666666666,0.08333333333333333,0.5,0.55,5,4885,55,5,0.5,0.011133603238866396,0.9878787878787879,33,100
0.01174089068825911,0.5,0.9206349206349206,0.07936507936507936,0.5,0.6,5,4882,58,5,0.5,0.01174089068825911,0.9872727272727273,33,100
0.014574898785425101,0.5,0.935064935064935,0.06493506493506493,0.5,0.65,5,4868,72,5,0.5,0.014574898785425101,0.9844444444444445,33,100
0.020445344129554656,0.6,0.9439252336448598,0.056074766355140186,0.6,0.7,6,4839,101,4,0.6,0.020445344129554656,0.9787878787878788,33,100
0.022469635627530363,0.6,0.9487179487179487,0.05128205128205128,0.6,0.75,6,4829,111,4,0.6,0.022469635627530363,0.9767676767676767,33,100
0.04696356275303644,0.6,0.9747899159663865,0.025210084033613446,0.6,0.8,6,4708,232,4,0.6,0.04696356275303644,0.9523232323232323,33,100
0.06194331983805668,0.6,0.9807692307692307,0.019230769230769232,0.6,0.85,6,4634,306,4,0.6,0.06194331983805668,0.9373737373737374,33,100
0.10647773279352227,0.6,0.9887218045112782,0.011278195488721804,0.6,0.9,6,4414,526,4,0.6,0.10647773279352227,0.8929292929292929,33,100
0.12064777327935222,0.7,0.988391376451078,0.011608623548922056,0.7,0.95,7,4344,596,3,0.7,0.12064777327935222,0.878989898989899,33,100
0.8977732793522267,1.0,0.9977502812148481,0.0022497187851518562,1.0,1.0,10,505,4435,0,1.0,0.8977732793522267,0.10404040404040404,33,100
0.0006072874493927126,0.0,1.0,0.0,0.0,0.1,0,4937,3,10,0.0,0.0006072874493927126,0.9973737373737374,34,100
0.0008097165991902834,0.2,0.6666666666666666,0.3333333333333333,0.2,0.15,2,4936,4,8,0.2,0.0008097165991902834,0.9975757575757576,34,100
0.0008097165991902834,0.2,0.6666666666666666,0.3333333333333333,0.2,0.2,2,4936,4,8,0.2,0.0008097165991902834,0.9975757575757576,34,100
0.0012145748987854252,0.2,0.75,0.25,0.2,0.25,2,4934,6,8,0.2,0.0012145748987854252,0.9971717171717172,34,100
0.0012145748987854252,0.2,0.75,0.25,0.2,0.3,2,4934,6,8,0.2,0.0012145748987854252,0.9971717171717172,34,100
0.0020242914979757085,0.3,0.7692307692307693,0.23076923076923078,0.3,0.35,3,4930,10,7,0.3,0.0020242914979757085,0.9965656565656565,34,100
0.0024291497975708503,0.5,0.7058823529411765,0.29411764705882354,0.5,0.4,5,4928,12,5,0.5,0.0024291497975708503,0.9965656565656565,34,100
0.0036437246963562753,0.5,0.782608695652174,0.21739130434782608,0.5,0.45,5,4922,18,5,0.5,0.0036437246963562753,0.9953535353535353,34,100
0.00465587044534413,0.7,0.7666666666666667,0.23333333333333334,0.7,0.5,7,4917,23,3,0.7,0.00465587044534413,0.9947474747474747,34,100
0.00465587044534413,0.7,0.7666666666666667,0.23333333333333334,0.7,0.55,7,4917,23,3,0.7,0.00465587044534413,0.9947474747474747,34,100
0.005668016194331984,0.7,0.8,0.2,0.7,0.6,7,4912,28,3,0.7,0.005668016194331984,0.9937373737373737,34,100
0.006882591093117409,0.7,0.8292682926829268,0.17073170731707318,0.7,0.65,7,4906,34,3,0.7,0.006882591093117409,0.9925252525252525,34,100
0.008704453441295546,0.7,0.86,0.14,0.7,0.7,7,4897,43,3,0.7,0.008704453441295546,0.9907070707070708,34,100
0.012550607287449392,0.7,0.8985507246376812,0.10144927536231885,0.7,0.75,7,4878,62,3,0.7,0.012550607287449392,0.9868686868686869,34,100
0.02186234817813765,0.7,0.9391304347826087,0.06086956521739131,0.7,0.8,7,4832,108,3,0.7,0.02186234817813765,0.9775757575757575,34,100
0.032388663967611336,0.8,0.9523809523809523,0.047619047619047616,0.8,0.85,8,4780,160,2,0.8,0.032388663967611336,0.9672727272727273,34,100
0.0645748987854251,0.8,0.9755351681957186,0.024464831804281346,0.8,0.9,8,4621,319,2,0.8,0.0645748987854251,0.9351515151515152,34,100
0.14898785425101216,0.8,0.989247311827957,0.010752688172043012,0.8,0.95,8,4204,736,2,0.8,0.14898785425101216,0.850909090909091,34,100
0.8732793522267206,0.9,0.9979181124219292,0.002081887578070784,0.9,1.0,9,626,4314,1,0.9,0.8732793522267206,0.12828282828282828,34,100
0.00020242914979757084,0.4,0.2,0.8,0.4,0.1,4,4939,1,6,0.4,0.00020242914979757084,0.9985858585858586,35,100
0.00020242914979757084,0.4,0.2,0.8,0.4,0.15,4,4939,1,6,0.4,0.00020242914979757084,0.9985858585858586,35,100
0.00020242914979757084,0.4,0.2,0.8,0.4,0.2,4,4939,1,6,0.4,0.00020242914979757084,0.9985858585858586,35,100
0.00020242914979757084,0.4,0.2,0.8,0.4,0.25,4,4939,1,6,0.4,0.00020242914979757084,0.9985858585858586,35,100
0.0006072874493927126,0.4,0.42857142857142855,0.5714285714285714,0.4,0.3,4,4937,3,6,0.4,0.0006072874493927126,0.9981818181818182,35,100
0.0006072874493927126,0.4,0.42857142857142855,0.5714285714285714,0.4,0.35,4,4937,3,6,0.4,0.0006072874493927126,0.9981818181818182,35,100
0.0006072874493927126,0.4,0.42857142857142855,0.5714285714285714,0.4,0.4,4,4937,3,6,0.4,0.0006072874493927126,0.9981818181818182,35,100
0.001417004048582996,0.4,0.6363636363636364,0.36363636363636365,0.4,0.45,4,4933,7,6,0.4,0.001417004048582996,0.9973737373737374,35,100
0.005060728744939271,0.4,0.8620689655172413,0.13793103448275862,0.4,0.5,4,4915,25,6,0.4,0.005060728744939271,0.9937373737373737,35,100
0.005668016194331984,0.5,0.8484848484848485,0.15151515151515152,0.5,0.55,5,4912,28,5,0.5,0.005668016194331984,0.9933333333333333,35,100
0.008097165991902834,0.5,0.8888888888888888,0.1111111111111111,0.5,0.6,5,4900,40,5,0.5,0.008097165991902834,0.990909090909091,35,100
0.008097165991902834,0.5,0.8888888888888888,0.1111111111111111,0.5,0.65,5,4900,40,5,0.5,0.008097165991902834,0.990909090909091,35,100
0.025506072874493926,0.6,0.9545454545454546,0.045454545454545456,0.6,0.7,6,4814,126,4,0.6,0.025506072874493926,0.9737373737373738,35,100
0.03279352226720648,0.7,0.9585798816568047,0.04142011834319527,0.7,0.75,7,4778,162,3,0.7,0.03279352226720648,0.9666666666666667,35,100
0.0354251012145749,0.7,0.9615384615384616,0.038461538461538464,0.7,0.8,7,4765,175,3,0.7,0.0354251012145749,0.964040404040404,35,100
0.04473684210526316,0.8,0.9650655021834061,0.034934497816593885,0.8,0.85,8,4719,221,2,0.8,0.04473684210526316,0.954949494949495,35,100
0.12449392712550607,0.9,0.9855769230769231,0.014423076923076924,0.9,0.9,9,4325,615,1,0.9,0.12449392712550607,0.8755555555555555,35,100
0.1645748987854251,0.9,0.9890510948905109,0.010948905109489052,0.9,0.95,9,4127,813,1,0.9,0.1645748987854251,0.8355555555555556,35,100
0.9578947368421052,1.0,0.9978911851539435,0.002108814846056516,1.0,1.0,10,208,4732,0,1.0,0.9578947368421052,0.04404040404040404,35,100
0.0,0.1,0.0,1.0,0.1,0.1,1,4940,0,9,0.1,0.0,0.9981818181818182,36,100
0.00020242914979757084,0.1,0.5,0.5,0.1,0.15,1,4939,1,9,0.1,0.00020242914979757084,0.997979797979798,36,100
0.0012145748987854252,0.1,0.8571428571428571,0.14285714285714285,0.1,0.2,1,4934,6,9,0.1,0.0012145748987854252,0.996969696969697,36,100
0.0018218623481781376,0.1,0.9,0.1,0.1,0.25,1,4931,9,9,0.1,0.0018218623481781376,0.9963636363636363,36,100
0.0020242914979757085,0.1,0.9090909090909091,0.09090909090909091,0.1,0.3,1,4930,10,9,0.1,0.0020242914979757085,0.9961616161616161,36,100
0.0032388663967611335,0.1,0.9411764705882353,0.058823529411764705,0.1,0.35,1,4924,16,9,0.1,0.0032388663967611335,0.9949494949494949,36,100
0.0032388663967611335,0.1,0.9411764705882353,0.058823529411764705,0.1,0.4,1,4924,16,9,0.1,0.0032388663967611335,0.9949494949494949,36,100
0.0034412955465587046,0.1,0.9444444444444444,0.05555555555555555,0.1,0.45,1,4923,17,9,0.1,0.0034412955465587046,0.9947474747474747,36,100
0.005060728744939271,0.1,0.9615384615384616,0.038461538461538464,0.1,0.5,1,4915,25,9,0.1,0.005060728744939271,0.9931313131313131,36,100
0.005870445344129555,0.1,0.9666666666666667,0.03333333333333333,0.1,0.55,1,4911,29,9,0.1,0.005870445344129555,0.9923232323232323,36,100
0.008502024291497975,0.1,0.9767441860465116,0.023255813953488372,0.1,0.6,1,4898,42,9,0.1,0.008502024291497975,0.9896969696969697,36,100
0.010323886639676113,0.1,0.9807692307692307,0.019230769230769232,0.1,0.65,1,4889,51,9,0.1,0.010323886639676113,0.9878787878787879,36,100
0.018218623481781375,0.3,0.967741935483871,0.03225806451612903,0.3,0.7,3,4850,90,7,0.3,0.018218623481781375,0.9804040404040404,36,100
0.020647773279352227,0.3,0.9714285714285714,0.02857142857142857,0.3,0.75,3,4838,102,7,0.3,0.020647773279352227,0.977979797979798,36,100
0.029149797570850202,0.3,0.9795918367346939,0.02040816326530612,0.3,0.8,3,4796,144,7,0.3,0.029149797570850202,0.9694949494949495,36,100
0.03299595141700405,0.3,0.9819277108433735,0.018072289156626505,0.3,0.85,3,4777,163,7,0.3,0.03299595141700405,0.9656565656565657,36,100
0.0451417004048583,0.3,0.9867256637168141,0.01327433628318584,0.3,0.9,3,4717,223,7,0.3,0.0451417004048583,0.9535353535353536,36,100
0.07267206477732793,0.4,0.9889807162534435,0.011019283746556474,0.4,0.95,4,4581,359,6,0.4,0.07267206477732793,0.9262626262626262,36,100
0.9510121457489878,1.0,0.9978759558198811,0.0021240441801189465,1.0,1.0,10,242,4698,0,1.0,0.9510121457489878,0.05090909090909091,36,100
0.00020242914979757084,0.2,0.3333333333333333,0.6666666666666666,0.2,0.1,2,4939,1,8,0.2,0.00020242914979757084,0.9981818181818182,37,100
0.00020242914979757084,0.3,0.25,0.75,0.3,0.15,3,4939,1,7,0.3,0.00020242914979757084,0.9983838383838384,37,100
0.00020242914979757084,0.3,0.25,0.75,0.3,0.2,3,4939,1,7,0.3,0.00020242914979757084,0.9983838383838384,37,100
0.00020242914979757084,0.3,0.25,0.75,0.3,0.25,3,4939,1,7,0.3,0.00020242914979757084,0.9983838383838384,37,100
0.0004048582995951417,0.4,0.3333333333333333,0.6666666666666666,0.4,0.3,4,4938,2,6,0.4,0.0004048582995951417,0.9983838383838384,37,100
0.0006072874493927126,0.4,0.42857142857142855,0.5714285714285714,0.4,0.35,4,4937,3,6,0.4,0.0006072874493927126,0.9981818181818182,37,100
0.0006072874493927126,0.4,0.42857142857142855,0.5714285714285714,0.4,0.4,4,4937,3,6,0.4,0.0006072874493927126,0.9981818181818182,37,100
0.0010121457489878543,0.4,0.5555555555555556,0.4444444444444444,0.4,0.45,4,4935,5,6,0.4,0.0010121457489878543,0.9977777777777778,37,100
0.0016194331983805667,0.4,0.6666666666666666,0.3333333333333333,0.4,0.5,4,4932,8,6,0.4,0.0016194331983805667,0.9971717171717172,37,100
0.0016194331983805667,0.4,0.6666666666666666,0.3333333333333333,0.4,0.55,4,4932,8,6,0.4,0.0016194331983805667,0.9971717171717172,37,100
0.0016194331983805667,0.4,0.6666666666666666,0.3333333333333333,0.4,0.6,4,4932,8,6,0.4,0.0016194331983805667,0.9971717171717172,37,100
0.0016194331983805667,0.4,0.6666666666666666,0.3333333333333333,0.4,0.65,4,4932,8,6,0.4,0.0016194331983805667,0.9971717171717172,37,100
0.0066801619433198385,0.5,0.868421052631579,0.13157894736842105,0.5,0.7,5,4907,33,5,0.5,0.0066801619433198385,0.9923232323232323,37,100
0.014777327935222672,0.5,0.9358974358974359,0.0641025641025641,0.5,0.75,5,4867,73,5,0.5,0.014777327935222672,0.9842424242424243,37,100
0.02408906882591093,0.6,0.952,0.048,0.6,0.8,6,4821,119,4,0.6,0.02408906882591093,0.9751515151515151,37,100
0.037044534412955465,0.8,0.9581151832460733,0.041884816753926704,0.8,0.85,8,4757,183,2,0.8,0.037044534412955465,0.9626262626262626,37,100
0.04129554655870445,0.8,0.9622641509433962,0.03773584905660377,0.8,0.9,8,4736,204,2,0.8,0.04129554655870445,0.9583838383838383,37,100
0.07591093117408906,0.9,0.9765625,0.0234375,0.9,0.95,9,4565,375,1,0.9,0.07591093117408906,0.924040404040404,37,100
0.9653846153846154,1.0,0.9979075120318058,0.002092487968194183,1.0,1.0,10,171,4769,0,1.0,0.9653846153846154,0.036565656565656565,37,100
0.0,0.0,0.0,,0.0,0.1,0,4940,0,10,0.0,0.0,0.997979797979798,38,100
0.0,0.0,0.0,,0.0,0.15,0,4940,0,10,0.0,0.0,0.997979797979798,38,100
0.0,0.0,0.0,,0.0,0.2,0,4940,0,10,0.0,0.0,0.997979797979798,38,100
0.0,0.0,0.0,,0.0,0.25,0,4940,0,10,0.0,0.0,0.997979797979798,38,100
0.0,0.0,0.0,,0.0,0.3,0,4940,0,10,0.0,0.0,0.997979797979798,38,100
0.0,0.0,0.0,,0.0,0.35,0,4940,0,10,0.0,0.0,0.997979797979798,38,100
0.0,0.0,0.0,,0.0,0.4,0,4940,0,10,0.0,0.0,0.997979797979798,38,100
0.0,0.0,0.0,,0.0,0.45,0,4940,0,10,0.0,0.0,0.997979797979798,38,100
0.0008097165991902834,0.2,0.6666666666666666,0.3333333333333333,0.2,0.5,2,4936,4,8,0.2,0.0008097165991902834,0.9975757575757576,38,100
0.0008097165991902834,0.2,0.6666666666666666,0.3333333333333333,0.2,0.55,2,4936,4,8,0.2,0.0008097165991902834,0.9975757575757576,38,100
0.005263157894736842,0.4,0.8666666666666667,0.13333333333333333,0.4,0.6,4,4914,26,6,0.4,0.005263157894736842,0.9935353535353535,38,100
0.005263157894736842,0.4,0.8666666666666667,0.13333333333333333,0.4,0.65,4,4914,26,6,0.4,0.005263157894736842,0.9935353535353535,38,100
0.005263157894736842,0.4,0.8666666666666667,0.13333333333333333,0.4,0.7,4,4914,26,6,0.4,0.005263157894736842,0.9935353535353535,38,100
0.008097165991902834,0.4,0.9090909090909091,0.09090909090909091,0.4,0.75,4,4900,40,6,0.4,0.008097165991902834,0.9907070707070708,38,100
0.015384615384615385,0.4,0.95,0.05,0.4,0.8,4,4864,76,6,0.4,0.015384615384615385,0.9834343434343434,38,100
0.06538461538461539,0.9,0.9728915662650602,0.02710843373493976,0.9,0.85,9,4617,323,1,0.9,0.06538461538461539,0.9345454545454546,38,100
0.08522267206477732,0.9,0.9790697674418605,0.020930232558139535,0.9,0.9,9,4519,421,1,0.9,0.08522267206477732,0.9147474747474748,38,100
0.11214574898785425,0.9,0.9840142095914742,0.015985790408525755,0.9,0.95,9,4386,554,1,0.9,0.11214574898785425,0.8878787878787879,38,100
0.9724696356275304,1.0,0.9979227253842958,0.002077274615704196,1.0,1.0,10,136,4804,0,1.0,0.9724696356275304,0.029494949494949494,38,100
0.00020242914979757084,0.4,0.2,0.8,0.4,0.1,4,4939,1,6,0.4,0.00020242914979757084,0.9985858585858586,39,100
0.0016194331983805667,0.6,0.5714285714285714,0.42857142857142855,0.6,0.15,6,4932,8,4,0.6,0.0016194331983805667,0.9975757575757576,39,100
0.0016194331983805667,0.6,0.5714285714285714,0.42857142857142855,0.6,0.2,6,4932,8,4,0.6,0.0016194331983805667,0.9975757575757576,39,100
0.0018218623481781376,0.6,0.6,0.4,0.6,0.25,6,4931,9,4,0.6,0.0018218623481781376,0.9973737373737374,39,100
0.002631578947368421,0.6,0.6842105263157895,0.3157894736842105,0.6,0.3,6,4927,13,4,0.6,0.002631578947368421,0.9965656565656565,39,100
0.002834008097165992,0.6,0.7,0.3,0.6,0.35,6,4926,14,4,0.6,0.002834008097165992,0.9963636363636363,39,100
0.002834008097165992,0.6,0.7,0.3,0.6,0.4,6,4926,14,4,0.6,0.002834008097165992,0.9963636363636363,39,100
0.0034412955465587046,0.7,0.7083333333333334,0.2916666666666667,0.7,0.45,7,4923,17,3,0.7,0.0034412955465587046,0.9959595959595959,39,100
0.0034412955465587046,0.7,0.7083333333333334,0.2916666666666667,0.7,0.5,7,4923,17,3,0.7,0.0034412955465587046,0.9959595959595959,39,100
0.006072874493927126,0.7,0.8108108108108109,0.1891891891891892,0.7,0.55,7,4910,30,3,0.7,0.006072874493927126,0.9933333333333333,39,100
0.008502024291497975,0.7,0.8571428571428571,0.14285714285714285,0.7,0.6,7,4898,42,3,0.7,0.008502024291497975,0.990909090909091,39,100
0.01174089068825911,0.7,0.8923076923076924,0.1076923076923077,0.7,0.65,7,4882,58,3,0.7,0.01174089068825911,0.9876767676767677,39,100
0.023076923076923078,0.7,0.9421487603305785,0.05785123966942149,0.7,0.7,7,4826,114,3,0.7,0.023076923076923078,0.9763636363636363,39,100
0.02651821862348178,0.8,0.9424460431654677,0.05755395683453238,0.8,0.75,8,4809,131,2,0.8,0.02651821862348178,0.9731313131313132,39,100
0.029757085020242914,0.8,0.9483870967741935,0.05161290322580645,0.8,0.8,8,4793,147,2,0.8,0.029757085020242914,0.9698989898989899,39,100
0.05060728744939271,0.8,0.9689922480620154,0.031007751937984496,0.8,0.85,8,4690,250,2,0.8,0.05060728744939271,0.9490909090909091,39,100
0.07267206477732793,0.8,0.9782016348773842,0.021798365122615803,0.8,0.9,8,4581,359,2,0.8,0.07267206477732793,0.927070707070707,39,100
0.1034412955465587,0.8,0.9845857418111753,0.015414258188824663,0.8,0.95,8,4429,511,2,0.8,0.1034412955465587,0.8963636363636364,39,100
0.9091093117408907,1.0,0.9977782714952232,0.002221728504776716,1.0,1.0,10,449,4491,0,1.0,0.9091093117408907,0.09272727272727273,39,100
0.00020242914979757084,0.2,0.3333333333333333,0.6666666666666666,0.2,0.1,2,4939,1,8,0.2,0.00020242914979757084,0.9981818181818182,40,100
0.0004048582995951417,0.3,0.4,0.6,0.3,0.15,3,4938,2,7,0.3,0.0004048582995951417,0.9981818181818182,40,100
0.0004048582995951417,0.3,0.4,0.6,0.3,0.2,3,4938,2,7,0.3,0.0004048582995951417,0.9981818181818182,40,100
0.0016194331983805667,0.3,0.7272727272727273,0.2727272727272727,0.3,0.25,3,4932,8,7,0.3,0.0016194331983805667,0.996969696969697,40,100
0.002834008097165992,0.3,0.8235294117647058,0.17647058823529413,0.3,0.3,3,4926,14,7,0.3,0.002834008097165992,0.9957575757575757,40,100
0.0032388663967611335,0.3,0.8421052631578947,0.15789473684210525,0.3,0.35,3,4924,16,7,0.3,0.0032388663967611335,0.9953535353535353,40,100
0.004048582995951417,0.3,0.8695652173913043,0.13043478260869565,0.3,0.4,3,4920,20,7,0.3,0.004048582995951417,0.9945454545454545,40,100
0.00465587044534413,0.3,0.8846153846153846,0.11538461538461539,0.3,0.45,3,4917,23,7,0.3,0.00465587044534413,0.9939393939393939,40,100
0.004858299595141701,0.3,0.8888888888888888,0.1111111111111111,0.3,0.5,3,4916,24,7,0.3,0.004858299595141701,0.9937373737373737,40,100
0.005060728744939271,0.3,0.8928571428571429,0.10714285714285714,0.3,0.55,3,4915,25,7,0.3,0.005060728744939271,0.9935353535353535,40,100
0.005870445344129555,0.3,0.90625,0.09375,0.3,0.6,3,4911,29,7,0.3,0.005870445344129555,0.9927272727272727,40,100
0.006477732793522267,0.3,0.9142857142857143,0.08571428571428572,0.3,0.65,3,4908,32,7,0.3,0.006477732793522267,0.9921212121212121,40,100
0.015587044534412956,0.4,0.9506172839506173,0.04938271604938271,0.4,0.7,4,4863,77,6,0.4,0.015587044534412956,0.9832323232323232,40,100
0.01720647773279352,0.4,0.9550561797752809,0.0449438202247191,0.4,0.75,4,4855,85,6,0.4,0.01720647773279352,0.9816161616161616,40,100
0.019635627530364373,0.4,0.9603960396039604,0.039603960396039604,0.4,0.8,4,4843,97,6,0.4,0.019635627530364373,0.9791919191919192,40,100
0.032591093117408904,0.5,0.9698795180722891,0.030120481927710843,0.5,0.85,5,4779,161,5,0.5,0.032591093117408904,0.9664646464646465,40,100
0.0562753036437247,0.7,0.9754385964912281,0.02456140350877193,0.7,0.9,7,4662,278,3,0.7,0.0562753036437247,0.9432323232323232,40,100
0.08562753036437247,0.7,0.9837209302325581,0.01627906976744186,0.7,0.95,7,4517,423,3,0.7,0.08562753036437247,0.9139393939393939,40,100
0.882995951417004,1.0,0.9977127172918573,0.0022872827081427266,1.0,1.0,10,578,4362,0,1.0,0.882995951417004,0.11878787878787879,40,100
0.0004048582995951417,0.3,0.4,0.6,0.3,0.1,3,4938,2,7,0.3,0.0004048582995951417,0.9981818181818182,41,100
0.0004048582995951417,0.3,0.4,0.6,0.3,0.15,3,4938,2,7,0.3,0.0004048582995951417,0.9981818181818182,41,100
0.0004048582995951417,0.3,0.4,0.6,0.3,0.2,3,4938,2,7,0.3,0.0004048582995951417,0.9981818181818182,41,100
0.0004048582995951417,0.3,0.4,0.6,0.3,0.25,3,4938,2,7,0.3,0.0004048582995951417,0.9981818181818182,41,100
0.0004048582995951417,0.3,0.4,0.6,0.3,0.3,3,4938,2,7,0.3,0.0004048582995951417,0.9981818181818182,41,100
0.0004048582995951417,0.3,0.4,0.6,0.3,0.35,3,4938,2,7,0.3,0.0004048582995951417,0.9981818181818182,41,100
0.0006072874493927126,0.3,0.5,0.5,0.3,0.4,3,4937,3,7,0.3,0.0006072874493927126,0.997979797979798,41,100
0.0006072874493927126,0.3,0.5,0.5,0.3,0.45,3,4937,3,7,0.3,0.0006072874493927126,0.997979797979798,41,100
0.0016194331983805667,0.5,0.6153846153846154,0.38461538461538464,0.5,0.5,5,4932,8,5,0.5,0.0016194331983805667,0.9973737373737374,41,100
0.0020242914979757085,0.5,0.6666666666666666,0.3333333333333333,0.5,0.55,5,4930,10,5,0.5,0.0020242914979757085,0.996969696969697,41,100
0.0072874493927125505,0.5,0.8780487804878049,0.12195121951219512,0.5,0.6,5,4904,36,5,0.5,0.0072874493927125505,0.9917171717171717,41,100
0.020242914979757085,0.5,0.9523809523809523,0.047619047619047616,0.5,0.65,5,4840,100,5,0.5,0.020242914979757085,0.9787878787878788,41,100
0.02186234817813765,0.5,0.9557522123893806,0.04424778761061947,0.5,0.7,5,4832,108,5,0.5,0.02186234817813765,0.9771717171717171,41,100
0.02186234817813765,0.5,0.9557522123893806,0.04424778761061947,0.5,0.75,5,4832,108,5,0.5,0.02186234817813765,0.9771717171717171,41,100
0.024493927125506073,0.5,0.9603174603174603,0.03968253968253968,0.5,0.8,5,4819,121,5,0.5,0.024493927125506073,0.9745454545454545,41,100
0.027530364372469637,0.5,0.9645390070921985,0.03546099290780142,0.5,0.85,5,4804,136,5,0.5,0.027530364372469637,0.9715151515151516,41,100
0.04878542510121457,0.5,0.9796747967479674,0.02032520325203252,0.5,0.9,5,4699,241,5,0.5,0.04878542510121457,0.9503030303030303,41,100
0.13036437246963561,0.7,0.989247311827957,0.010752688172043012,0.7,0.95,7,4296,644,3,0.7,0.13036437246963561,0.8692929292929293,41,100
0.9568825910931175,1.0,0.9978889592569137,0.0021110407430863414,1.0,1.0,10,213,4727,0,1.0,0.9568825910931175,0.04505050505050505,41,100
0.0,0.1,0.0,1.0,0.1,0.1,1,4940,0,9,0.1,0.0,0.9981818181818182,42,100
0.0,0.1,0.0,1.0,0.1,0.15,1,4940,0,9,0.1,0.0,0.9981818181818182,42,100
0.0004048582995951417,0.2,0.5,0.5,0.2,0.2,2,4938,2,8,0.2,0.0004048582995951417,0.997979797979798,42,100
0.0004048582995951417,0.2,0.5,0.5,0.2,0.25,2,4938,2,8,0.2,0.0004048582995951417,0.997979797979798,42,100
0.0004048582995951417,0.2,0.5,0.5,0.2,0.3,2,4938,2,8,0.2,0.0004048582995951417,0.997979797979798,42,100
0.0004048582995951417,0.2,0.5,0.5,0.2,0.35,2,4938,2,8,0.2,0.0004048582995951417,0.997979797979798,42,100
0.0012145748987854252,0.4,0.6,0.4,0.4,0.4,4,4934,6,6,0.4,0.0012145748987854252,0.9975757575757576,42,100
0.003036437246963563,0.5,0.75,0.25,0.5,0.45,5,4925,15,5,0.5,0.003036437246963563,0.9959595959595959,42,100
0.005870445344129555,0.5,0.8529411764705882,0.14705882352941177,0.5,0.5,5,4911,29,5,0.5,0.005870445344129555,0.9931313131313131,42,100
0.008704453441295546,0.5,0.8958333333333334,0.10416666666666667,0.5,0.55,5,4897,43,5,0.5,0.008704453441295546,0.9903030303030304,42,100
0.010728744939271255,0.5,0.9137931034482759,0.08620689655172414,0.5,0.6,5,4887,53,5,0.5,0.010728744939271255,0.9882828282828283,42,100
0.012955465587044534,0.6,0.9142857142857143,0.08571428571428572,0.6,0.65,6,4876,64,4,0.6,0.012955465587044534,0.9862626262626263,42,100
0.023076923076923078,0.6,0.95,0.05,0.6,0.7,6,4826,114,4,0.6,0.023076923076923078,0.9761616161616161,42,100
0.034817813765182185,0.6,0.9662921348314607,0.033707865168539325,0.6,0.75,6,4768,172,4,0.6,0.034817813765182185,0.9644444444444444,42,100
0.05850202429149798,0.8,0.9730639730639731,0.026936026936026935,0.8,0.8,8,4651,289,2,0.8,0.05850202429149798,0.9412121212121212,42,100
0.0694331983805668,0.8,0.9772079772079773,0.022792022792022793,0.8,0.85,8,4597,343,2,0.8,0.0694331983805668,0.9303030303030303,42,100
0.09534412955465588,0.8,0.9832985386221295,0.016701461377870562,0.8,0.9,8,4469,471,2,0.8,0.09534412955465588,0.9044444444444445,42,100
0.14149797570850203,0.9,0.9872881355932204,0.012711864406779662,0.9,0.95,9,4241,699,1,0.9,0.14149797570850203,0.8585858585858586,42,100
0.965991902834008,1.0,0.9979088247595148,0.002091175240485153,1.0,1.0,10,168,4772,0,1.0,0.965991902834008,0.03595959595959596,42,100
0.0008097165991902834,0.5,0.4444444444444444,0.5555555555555556,0.5,0.1,5,4936,4,5,0.5,0.0008097165991902834,0.9981818181818182,43,100
0.0010121457489878543,0.5,0.5,0.5,0.5,0.15,5,4935,5,5,0.5,0.0010121457489878543,0.997979797979798,43,100
0.0010121457489878543,0.6,0.45454545454545453,0.5454545454545454,0.6,0.2,6,4935,5,4,0.6,0.0010121457489878543,0.9981818181818182,43,100
0.001417004048582996,0.6,0.5384615384615384,0.46153846153846156,0.6,0.25,6,4933,7,4,0.6,0.001417004048582996,0.9977777777777778,43,100
0.0018218623481781376,0.6,0.6,0.4,0.6,0.3,6,4931,9,4,0.6,0.0018218623481781376,0.9973737373737374,43,100
0.002226720647773279,0.6,0.6470588235294118,0.35294117647058826,0.6,0.35,6,4929,11,4,0.6,0.002226720647773279,0.996969696969697,43,100
0.004048582995951417,0.8,0.7142857142857143,0.2857142857142857,0.8,0.4,8,4920,20,2,0.8,0.004048582995951417,0.9955555555555555,43,100
0.00465587044534413,0.8,0.7419354838709677,0.25806451612903225,0.8,0.45,8,4917,23,2,0.8,0.00465587044534413,0.9949494949494949,43,100
0.005465587044534413,0.8,0.7714285714285715,0.22857142857142856,0.8,0.5,8,4913,27,2,0.8,0.005465587044534413,0.9941414141414141,43,100
0.006477732793522267,0.8,0.8,0.2,0.8,0.55,8,4908,32,2,0.8,0.006477732793522267,0.9931313131313131,43,100
0.00708502024291498,0.8,0.813953488372093,0.18604651162790697,0.8,0.6,8,4905,35,2,0.8,0.00708502024291498,0.9925252525252525,43,100
0.007894736842105263,0.9,0.8125,0.1875,0.9,0.65,9,4901,39,1,0.9,0.007894736842105263,0.9919191919191919,43,100
0.011538461538461539,0.9,0.8636363636363636,0.13636363636363635,0.9,0.7,9,4883,57,1,0.9,0.011538461538461539,0.9882828282828283,43,100
0.012955465587044534,0.9,0.8767123287671232,0.1232876712328767,0.9,0.75,9,4876,64,1,0.9,0.012955465587044534,0.9868686868686869,43,100
0.017813765182186234,0.9,0.9072164948453608,0.09278350515463918,0.9,0.8,9,4852,88,1,0.9,0.017813765182186234,0.982020202020202,43,100
0.020445344129554656,0.9,0.9181818181818182,0.08181818181818182,0.9,0.85,9,4839,101,1,0.9,0.020445344129554656,0.9793939393939394,43,100
0.03340080971659919,0.9,0.9482758620689655,0.05172413793103448,0.9,0.9,9,4775,165,1,0.9,0.03340080971659919,0.9664646464646465,43,100
0.11599190283400809,0.9,0.9845360824742269,0.015463917525773196,0.9,0.95,9,4367,573,1,0.9,0.11599190283400809,0.8840404040404041,43,100
0.601417004048583,1.0,0.9966454209996646,0.0033545790003354577,1.0,1.0,10,1969,2971,0,1.0,0.601417004048583,0.3997979797979798,43,100
0.0,0.2,0.0,1.0,0.2,0.1,2,4940,0,8,0.2,0.0,0.9983838383838384,44,100
0.00020242914979757084,0.2,0.3333333333333333,0.6666666666666666,0.2,0.15,2,4939,1,8,0.2,0.00020242914979757084,0.9981818181818182,44,100
0.00020242914979757084,0.2,0.3333333333333333,0.6666666666666666,0.2,0.2,2,4939,1,8,0.2,0.00020242914979757084,0.9981818181818182,44,100
0.0004048582995951417,0.2,0.5,0.5,0.2,0.25,2,4938,2,8,0.2,0.0004048582995951417,0.997979797979798,44,100
0.0018218623481781376,0.2,0.8181818181818182,0.18181818181818182,0.2,0.3,2,4931,9,8,0.2,0.0018218623481781376,0.9965656565656565,44,100
0.002631578947368421,0.2,0.8666666666666667,0.13333333333333333,0.2,0.35,2,4927,13,8,0.2,0.002631578947368421,0.9957575757575757,44,100
0.005060728744939271,0.2,0.9259259259259259,0.07407407407407407,0.2,0.4,2,4915,25,8,0.2,0.005060728744939271,0.9933333333333333,44,100
0.008502024291497975,0.5,0.8936170212765957,0.10638297872340426,0.5,0.45,5,4898,42,5,0.5,0.008502024291497975,0.9905050505050506,44,100
0.010728744939271255,0.7,0.8833333333333333,0.11666666666666667,0.7,0.5,7,4887,53,3,0.7,0.010728744939271255,0.9886868686868687,44,100
0.012753036437246963,0.7,0.9,0.1,0.7,0.55,7,4877,63,3,0.7,0.012753036437246963,0.9866666666666667,44,100
0.015587044534412956,0.8,0.9058823529411765,0.09411764705882353,0.8,0.6,8,4863,77,2,0.8,0.015587044534412956,0.984040404040404,44,100
0.021052631578947368,0.8,0.9285714285714286,0.07142857142857142,0.8,0.65,8,4836,104,2,0.8,0.021052631578947368,0.9785858585858586,44,100
0.023076923076923078,0.8,0.9344262295081968,0.06557377049180328,0.8,0.7,8,4826,114,2,0.8,0.023076923076923078,0.9765656565656565,44,100
0.030364372469635626,0.8,0.9493670886075949,0.05063291139240506,0.8,0.75,8,4790,150,2,0.8,0.030364372469635626,0.9692929292929293,44,100
0.03643724696356275,0.9,0.9523809523809523,0.047619047619047616,0.9,0.8,9,4760,180,1,0.9,0.03643724696356275,0.9634343434343434,44,100
0.061133603238866394,0.9,0.9710610932475884,0.028938906752411574,0.9,0.85,9,4638,302,1,0.9,0.061133603238866394,0.9387878787878788,44,100
0.09574898785425101,1.0,0.979296066252588,0.020703933747412008,1.0,0.9,10,4467,473,0,1.0,0.09574898785425101,0.9044444444444445,44,100
0.19797570850202428,1.0,0.9898785425101214,0.010121457489878543,1.0,0.95,10,3962,978,0,1.0,0.19797570850202428,0.8024242424242424,44,100
0.9657894736842105,1.0,0.9979083873666597,0.002091612633340305,1.0,1.0,10,169,4771,0,1.0,0.9657894736842105,0.03616161616161616,44,100
0.0004048582995951417,0.0,1.0,0.0,0.0,0.1,0,4938,2,10,0.0,0.0004048582995951417,0.9975757575757576,45,100
0.0004048582995951417,0.0,1.0,0.0,0.0,0.15,0,4938,2,10,0.0,0.0004048582995951417,0.9975757575757576,45,100
0.0004048582995951417,0.0,1.0,0.0,0.0,0.2,0,4938,2,10,0.0,0.0004048582995951417,0.9975757575757576,45,100
0.0008097165991902834,0.0,1.0,0.0,0.0,0.25,0,4936,4,10,0.0,0.0008097165991902834,0.9971717171717172,45,100
0.0008097165991902834,0.0,1.0,0.0,0.0,0.3,0,4936,4,10,0.0,0.0008097165991902834,0.9971717171717172,45,100
0.0010121457489878543,0.0,1.0,0.0,0.0,0.35,0,4935,5,10,0.0,0.0010121457489878543,0.996969696969697,45,100
0.0018218623481781376,0.0,1.0,0.0,0.0,0.4,0,4931,9,10,0.0,0.0018218623481781376,0.9961616161616161,45,100
0.004251012145748988,0.0,1.0,0.0,0.0,0.45,0,4919,21,10,0.0,0.004251012145748988,0.9937373737373737,45,100
0.008502024291497975,0.2,0.9545454545454546,0.045454545454545456,0.2,0.5,2,4898,42,8,0.2,0.008502024291497975,0.98989898989899,45,100
0.010323886639676113,0.2,0.9622641509433962,0.03773584905660377,0.2,0.55,2,4889,51,8,0.2,0.010323886639676113,0.9880808080808081,45,100
0.014979757085020242,0.2,0.9736842105263158,0.02631578947368421,0.2,0.6,2,4866,74,8,0.2,0.014979757085020242,0.9834343434343434,45,100
0.02165991902834008,0.3,0.9727272727272728,0.02727272727272727,0.3,0.65,3,4833,107,7,0.3,0.02165991902834008,0.9769696969696969,45,100
0.032591093117408904,0.4,0.9757575757575757,0.024242424242424242,0.4,0.7,4,4779,161,6,0.4,0.032591093117408904,0.9662626262626263,45,100
0.03562753036437247,0.4,0.9777777777777777,0.022222222222222223,0.4,0.75,4,4764,176,6,0.4,0.03562753036437247,0.9632323232323232,45,100
0.07388663967611336,0.6,0.9838274932614556,0.016172506738544475,0.6,0.8,6,4575,365,4,0.6,0.07388663967611336,0.9254545454545454,45,100
0.0868421052631579,0.6,0.9862068965517241,0.013793103448275862,0.6,0.85,6,4511,429,4,0.6,0.0868421052631579,0.9125252525252525,45,100
0.11153846153846154,0.7,0.9874551971326165,0.012544802867383513,0.7,0.9,7,4389,551,3,0.7,0.11153846153846154,0.888080808080808,45,100
0.15263157894736842,0.7,0.9908015768725361,0.009198423127463863,0.7,0.95,7,4186,754,3,0.7,0.15263157894736842,0.8470707070707071,45,100
0.9670040485829959,1.0,0.9979110089826614,0.0020889910173386254,1.0,1.0,10,163,4777,0,1.0,0.9670040485829959,0.03494949494949495,45,100
0.0,0.5,0.0,1.0,0.5,0.1,5,4940,0,5,0.5,0.0,0.998989898989899,46,100
0.001417004048582996,0.5,0.5833333333333334,0.4166666666666667,0.5,0.15,5,4933,7,5,0.5,0.001417004048582996,0.9975757575757576,46,100
0.0020242914979757085,0.5,0.6666666666666666,0.3333333333333333,0.5,0.2,5,4930,10,5,0.5,0.0020242914979757085,0.996969696969697,46,100
0.0034412955465587046,0.6,0.7391304347826086,0.2608695652173913,0.6,0.25,6,4923,17,4,0.6,0.0034412955465587046,0.9957575757575757,46,100
0.005263157894736842,0.8,0.7647058823529411,0.23529411764705882,0.8,0.3,8,4914,26,2,0.8,0.005263157894736842,0.9943434343434343,46,100
0.005668016194331984,0.8,0.7777777777777778,0.2222222222222222,0.8,0.35,8,4912,28,2,0.8,0.005668016194331984,0.9939393939393939,46,100
0.006477732793522267,0.8,0.8,0.2,0.8,0.4,8,4908,32,2,0.8,0.006477732793522267,0.9931313131313131,46,100
0.006882591093117409,0.8,0.8095238095238095,0.19047619047619047,0.8,0.45,8,4906,34,2,0.8,0.006882591093117409,0.9927272727272727,46,100
0.008097165991902834,0.8,0.8333333333333334,0.16666666666666666,0.8,0.5,8,4900,40,2,0.8,0.008097165991902834,0.9915151515151515,46,100
0.00931174089068826,0.8,0.8518518518518519,0.14814814814814814,0.8,0.55,8,4894,46,2,0.8,0.00931174089068826,0.9903030303030304,46,100
0.010323886639676113,0.8,0.864406779661017,0.13559322033898305,0.8,0.6,8,4889,51,2,0.8,0.010323886639676113,0.9892929292929293,46,100
0.011538461538461539,0.9,0.8636363636363636,0.13636363636363635,0.9,0.65,9,4883,57,1,0.9,0.011538461538461539,0.9882828282828283,46,100
0.01659919028340081,0.9,0.9010989010989011,0.0989010989010989,0.9,0.7,9,4858,82,1,0.9,0.01659919028340081,0.9832323232323232,46,100
0.019838056680161944,0.9,0.9158878504672897,0.08411214953271028,0.9,0.75,9,4842,98,1,0.9,0.019838056680161944,0.98,46,100
0.022874493927125508,0.9,0.9262295081967213,0.07377049180327869,0.9,0.8,9,4827,113,1,0.9,0.022874493927125508,0.9769696969696969,46,100
0.04291497975708502,0.9,0.9592760180995475,0.04072398190045249,0.9,0.85,9,4728,212,1,0.9,0.04291497975708502,0.9569696969696969,46,100
0.04817813765182186,0.9,0.9635627530364372,0.03643724696356275,0.9,0.9,9,4702,238,1,0.9,0.04817813765182186,0.9517171717171717,46,100
0.06396761133603239,0.9,0.9723076923076923,0.027692307692307693,0.9,0.95,9,4624,316,1,0.9,0.06396761133603239,0.935959595959596,46,100
0.9006072874493927,1.0,0.9977573446961202,0.002242655303879794,1.0,1.0,10,491,4449,0,1.0,0.9006072874493927,0.10121212121212121,46,100
0.0,0.0,0.0,,0.0,0.1,0,4940,0,10,0.0,0.0,0.997979797979798,47,100
0.0,0.0,0.0,,0.0,0.15,0,4940,0,10,0.0,0.0,0.997979797979798,47,100
0.0,0.0,0.0,,0.0,0.2,0,4940,0,10,0.0,0.0,0.997979797979798,47,100
0.0,0.0,0.0,,0.0,0.25,0,4940,0,10,0.0,0.0,0.997979797979798,47,100
0.0,0.0,0.0,,0.0,0.3,0,4940,0,10,0.0,0.0,0.997979797979798,47,100
0.0,0.0,0.0,,0.0,0.35,0,4940,0,10,0.0,0.0,0.997979797979798,47,100
0.002226720647773279,0.1,0.9166666666666666,0.08333333333333333,0.1,0.4,1,4929,11,9,0.1,0.002226720647773279,0.9959595959595959,47,100
0.002226720647773279,0.1,0.9166666666666666,0.08333333333333333,0.1,0.45,1,4929,11,9,0.1,0.002226720647773279,0.9959595959595959,47,100
0.004858299595141701,0.1,0.96,0.04,0.1,0.5,1,4916,24,9,0.1,0.004858299595141701,0.9933333333333333,47,100
0.01437246963562753,0.6,0.922077922077922,0.07792207792207792,0.6,0.55,6,4869,71,4,0.6,0.01437246963562753,0.9848484848484849,47,100
0.020040485829959515,0.7,0.9339622641509434,0.0660377358490566,0.7,0.6,7,4841,99,3,0.7,0.020040485829959515,0.9793939393939394,47,100
0.02348178137651822,0.7,0.943089430894309,0.056910569105691054,0.7,0.65,7,4824,116,3,0.7,0.02348178137651822,0.9759595959595959,47,100
0.029554655870445343,0.7,0.954248366013072,0.0457516339869281,0.7,0.7,7,4794,146,3,0.7,0.029554655870445343,0.9698989898989899,47,100
0.05060728744939271,0.9,0.9652509652509652,0.03474903474903475,0.9,0.75,9,4690,250,1,0.9,0.05060728744939271,0.9492929292929293,47,100
0.06740890688259109,0.9,0.9736842105263158,0.02631578947368421,0.9,0.8,9,4607,333,1,0.9,0.06740890688259109,0.9325252525252525,47,100
0.08198380566801619,1.0,0.9759036144578314,0.024096385542168676,1.0,0.85,10,4535,405,0,1.0,0.08198380566801619,0.9181818181818182,47,100
0.15688259109311742,1.0,0.9872611464968153,0.012738853503184714,1.0,0.9,10,4165,775,0,1.0,0.15688259109311742,0.8434343434343434,47,100
0.1840080971659919,1.0,0.9891186071817193,0.01088139281828074,1.0,0.95,10,4031,909,0,1.0,0.1840080971659919,0.8163636363636364,47,100
0.9722672064777328,1.0,0.9979222937876584,0.002077706212341575,1.0,1.0,10,137,4803,0,1.0,0.9722672064777328,0.029696969696969697,47,100
0.0004048582995951417,0.1,0.6666666666666666,0.3333333333333333,0.1,0.1,1,4938,2,9,0.1,0.0004048582995951417,0.9977777777777778,48,100
0.0004048582995951417,0.1,0.6666666666666666,0.3333333333333333,0.1,0.15,1,4938,2,9,0.1,0.0004048582995951417,0.9977777777777778,48,100
0.0004048582995951417,0.1,0.6666666666666666,0.3333333333333333,0.1,0.2,1,4938,2,9,0.1,0.0004048582995951417,0.9977777777777778,48,100
0.0004048582995951417,0.1,0.6666666666666666,0.3333333333333333,0.1,0.25,1,4938,2,9,0.1,0.0004048582995951417,0.9977777777777778,48,100
0.002226720647773279,0.4,0.7333333333333333,0.26666666666666666,0.4,0.3,4,4929,11,6,0.4,0.002226720647773279,0.9965656565656565,48,100
0.0024291497975708503,0.4,0.75,0.25,0.4,0.35,4,4928,12,6,0.4,0.0024291497975708503,0.9963636363636363,48,100
0.004453441295546558,0.5,0.8148148148148148,0.18518518518518517,0.5,0.4,5,4918,22,5,0.5,0.004453441295546558,0.9945454545454545,48,100
0.005465587044534413,0.6,0.8181818181818182,0.18181818181818182,0.6,0.45,6,4913,27,4,0.6,0.005465587044534413,0.9937373737373737,48,100
0.005870445344129555,0.6,0.8285714285714286,0.17142857142857143,0.6,0.5,6,4911,29,4,0.6,0.005870445344129555,0.9933333333333333,48,100
0.008704453441295546,0.6,0.8775510204081632,0.12244897959183673,0.6,0.55,6,4897,43,4,0.6,0.008704453441295546,0.9905050505050506,48,100
0.008704453441295546,0.6,0.8775510204081632,0.12244897959183673,0.6,0.6,6,4897,43,4,0.6,0.008704453441295546,0.9905050505050506,48,100
0.010121457489878543,0.6,0.8928571428571429,0.10714285714285714,0.6,0.65,6,4890,50,4,0.6,0.010121457489878543,0.9890909090909091,48,100
0.014777327935222672,0.7,0.9125,0.0875,0.7,0.7,7,4867,73,3,0.7,0.014777327935222672,0.9846464646464647,48,100
0.015991902834008098,0.7,0.9186046511627907,0.08139534883720931,0.7,0.75,7,4861,79,3,0.7,0.015991902834008098,0.9834343434343434,48,100
0.019230769230769232,0.7,0.9313725490196079,0.06862745098039216,0.7,0.8,7,4845,95,3,0.7,0.019230769230769232,0.9802020202020202,48,100
0.056477732793522264,0.9,0.96875,0.03125,0.9,0.85,9,4661,279,1,0.9,0.056477732793522264,0.9434343434343434,48,100
0.10040485829959514,0.9,0.9821782178217822,0.01782178217821782,0.9,0.9,9,4444,496,1,0.9,0.10040485829959514,0.8995959595959596,48,100
0.11680161943319838,0.9,0.984641638225256,0.015358361774744027,0.9,0.95,9,4363,577,1,0.9,0.11680161943319838,0.8832323232323233,48,100
0.41639676113360324,0.9,0.9956437560503388,0.004356243949661181,0.9,1.0,9,2883,2057,1,0.9,0.41639676113360324,0.5842424242424242,48,100
0.0012145748987854252,0.5,0.5454545454545454,0.45454545454545453,0.5,0.1,5,4934,6,5,0.5,0.0012145748987854252,0.9977777777777778,49,100
0.001417004048582996,0.5,0.5833333333333334,0.4166666666666667,0.5,0.15,5,4933,7,5,0.5,0.001417004048582996,0.9975757575757576,49,100
0.0016194331983805667,0.5,0.6153846153846154,0.38461538461538464,0.5,0.2,5,4932,8,5,0.5,0.0016194331983805667,0.9973737373737374,49,100
0.002226720647773279,0.5,0.6875,0.3125,0.5,0.25,5,4929,11,5,0.5,0.002226720647773279,0.9967676767676767,49,100
0.0032388663967611335,0.5,0.7619047619047619,0.23809523809523808,0.5,0.3,5,4924,16,5,0.5,0.0032388663967611335,0.9957575757575757,49,100
0.005060728744939271,0.5,0.8333333333333334,0.16666666666666666,0.5,0.35,5,4915,25,5,0.5,0.005060728744939271,0.9939393939393939,49,100
0.005060728744939271,0.5,0.8333333333333334,0.16666666666666666,0.5,0.4,5,4915,25,5,0.5,0.005060728744939271,0.9939393939393939,49,100
0.0066801619433198385,0.7,0.825,0.175,0.7,0.45,7,4907,33,3,0.7,0.0066801619433198385,0.9927272727272727,49,100
0.007894736842105263,0.7,0.8478260869565217,0.15217391304347827,0.7,0.5,7,4901,39,3,0.7,0.007894736842105263,0.9915151515151515,49,100
0.011336032388663968,0.7,0.8888888888888888,0.1111111111111111,0.7,0.55,7,4884,56,3,0.7,0.011336032388663968,0.9880808080808081,49,100
0.013562753036437248,0.7,0.9054054054054054,0.0945945945945946,0.7,0.6,7,4873,67,3,0.7,0.013562753036437248,0.9858585858585859,49,100
0.024493927125506073,0.7,0.9453125,0.0546875,0.7,0.65,7,4819,121,3,0.7,0.024493927125506073,0.9749494949494949,49,100
0.03319838056680162,0.7,0.9590643274853801,0.04093567251461988,0.7,0.7,7,4776,164,3,0.7,0.03319838056680162,0.9662626262626263,49,100
0.03744939271255061,0.8,0.9585492227979274,0.04145077720207254,0.8,0.75,8,4755,185,2,0.8,0.03744939271255061,0.9622222222222222,49,100
0.053643724696356275,0.8,0.9706959706959707,0.029304029304029304,0.8,0.8,8,4675,265,2,0.8,0.053643724696356275,0.946060606060606,49,100
0.06882591093117409,0.8,0.9770114942528736,0.022988505747126436,0.8,0.85,8,4600,340,2,0.8,0.06882591093117409,0.9309090909090909,49,100
0.12024291497975709,0.9,0.9850746268656716,0.014925373134328358,0.9,0.9,9,4346,594,1,0.9,0.12024291497975709,0.8797979797979798,49,100
0.17327935222672064,1.0,0.9884526558891455,0.011547344110854504,1.0,0.95,10,4084,856,0,1.0,0.17327935222672064,0.8270707070707071,49,100
0.9473684210526315,1.0,0.997867803837953,0.0021321961620469083,1.0,1.0,10,260,4680,0,1.0,0.9473684210526315,0.05454545454545454,49,100
0.0010121457489878543,0.4,0.5555555555555556,0.4444444444444444,0.4,0.1,4,4935,5,6,0.4,0.0010121457489878543,0.9977777777777778,50,100
0.0012145748987854252,0.4,0.6,0.4,0.4,0.15,4,4934,6,6,0.4,0.0012145748987854252,0.9975757575757576,50,100
0.0016194331983805667,0.4,0.6666666666666666,0.3333333333333333,0.4,0.2,4,4932,8,6,0.4,0.0016194331983805667,0.9971717171717172,50,100
0.0016194331983805667,0.4,0.6666666666666666,0.3333333333333333,0.4,0.25,4,4932,8,6,0.4,0.0016194331983805667,0.9971717171717172,50,100
0.0020242914979757085,0.4,0.7142857142857143,0.2857142857142857,0.4,0.3,4,4930,10,6,0.4,0.0020242914979757085,0.9967676767676767,50,100
0.003036437246963563,0.5,0.75,0.25,0.5,0.35,5,4925,15,5,0.5,0.003036437246963563,0.9959595959595959,50,100
0.0032388663967611335,0.5,0.7619047619047619,0.23809523809523808,0.5,0.4,5,4924,16,5,0.5,0.0032388663967611335,0.9957575757575757,50,100
0.004251012145748988,0.6,0.7777777777777778,0.2222222222222222,0.6,0.45,6,4919,21,4,0.6,0.004251012145748988,0.9949494949494949,50,100
0.0072874493927125505,0.6,0.8571428571428571,0.14285714285714285,0.6,0.5,6,4904,36,4,0.6,0.0072874493927125505,0.9919191919191919,50,100
0.0072874493927125505,0.6,0.8571428571428571,0.14285714285714285,0.6,0.55,6,4904,36,4,0.6,0.0072874493927125505,0.9919191919191919,50,100
0.010931174089068825,0.7,0.8852459016393442,0.11475409836065574,0.7,0.6,7,4886,54,3,0.7,0.010931174089068825,0.9884848484848485,50,100
0.018218623481781375,0.8,0.9183673469387755,0.08163265306122448,0.8,0.65,8,4850,90,2,0.8,0.018218623481781375,0.9814141414141414,50,100
0.018218623481781375,0.8,0.9183673469387755,0.08163265306122448,0.8,0.7,8,4850,90,2,0.8,0.018218623481781375,0.9814141414141414,50,100
0.01902834008097166,0.8,0.9215686274509803,0.0784313725490196,0.8,0.75,8,4846,94,2,0.8,0.01902834008097166,0.9806060606060606,50,100
0.024696356275303644,0.8,0.9384615384615385,0.06153846153846154,0.8,0.8,8,4818,122,2,0.8,0.024696356275303644,0.9749494949494949,50,100
0.05020242914979757,0.9,0.9649805447470817,0.03501945525291829,0.9,0.85,9,4692,248,1,0.9,0.05020242914979757,0.9496969696969697,50,100
0.060931174089068826,0.9,0.9709677419354839,0.02903225806451613,0.9,0.9,9,4639,301,1,0.9,0.060931174089068826,0.938989898989899,50,100
0.07692307692307693,0.9,0.9768637532133676,0.02313624678663239,0.9,0.95,9,4560,380,1,0.9,0.07692307692307693,0.923030303030303,50,100
0.9574898785425101,1.0,0.9978902953586498,0.002109704641350211,1.0,1.0,10,210,4730,0,1.0,0.9574898785425101,0.044444444444444446,50,100
0.00020242914979757084,0.2,0.3333333333333333,0.6666666666666666,0.2,0.1,2,4939,1,8,0.2,0.00020242914979757084,0.9981818181818182,51,100
0.0004048582995951417,0.3,0.4,0.6,0.3,0.15,3,4938,2,7,0.3,0.0004048582995951417,0.9981818181818182,51,100
0.0004048582995951417,0.3,0.4,0.6,0.3,0.2,3,4938,2,7,0.3,0.0004048582995951417,0.9981818181818182,51,100
0.0004048582995951417,0.3,0.4,0.6,0.3,0.25,3,4938,2,7,0.3,0.0004048582995951417,0.9981818181818182,51,100
0.0006072874493927126,0.3,0.5,0.5,0.3,0.3,3,4937,3,7,0.3,0.0006072874493927126,0.997979797979798,51,100
0.0016194331983805667,0.5,0.6153846153846154,0.38461538461538464,0.5,0.35,5,4932,8,5,0.5,0.0016194331983805667,0.9973737373737374,51,100
0.0024291497975708503,0.5,0.7058823529411765,0.29411764705882354,0.5,0.4,5,4928,12,5,0.5,0.0024291497975708503,0.9965656565656565,51,100
0.004048582995951417,0.6,0.7692307692307693,0.23076923076923078,0.6,0.45,6,4920,20,4,0.6,0.004048582995951417,0.9951515151515151,51,100
0.006477732793522267,0.6,0.8421052631578947,0.15789473684210525,0.6,0.5,6,4908,32,4,0.6,0.006477732793522267,0.9927272727272727,51,100
0.0072874493927125505,0.6,0.8571428571428571,0.14285714285714285,0.6,0.55,6,4904,36,4,0.6,0.0072874493927125505,0.9919191919191919,51,100
0.008299595141700405,0.6,0.8723404255319149,0.1276595744680851,0.6,0.6,6,4899,41,4,0.6,0.008299595141700405,0.990909090909091,51,100
0.019838056680161944,0.6,0.9423076923076923,0.057692307692307696,0.6,0.65,6,4842,98,4,0.6,0.019838056680161944,0.9793939393939394,51,100
0.03319838056680162,0.6,0.9647058823529412,0.03529411764705882,0.6,0.7,6,4776,164,4,0.6,0.03319838056680162,0.9660606060606061,51,100
0.045748987854251015,0.6,0.9741379310344828,0.02586206896551724,0.6,0.75,6,4714,226,4,0.6,0.045748987854251015,0.9535353535353536,51,100
0.05607287449392712,0.6,0.9787985865724381,0.02120141342756184,0.6,0.8,6,4663,277,4,0.6,0.05607287449392712,0.9432323232323232,51,100
0.11862348178137652,0.7,0.9881956155143339,0.011804384485666104,0.7,0.85,7,4354,586,3,0.7,0.11862348178137652,0.881010101010101,51,100
0.1825910931174089,0.8,0.9912087912087912,0.008791208791208791,0.8,0.9,8,4038,902,2,0.8,0.1825910931174089,0.8173737373737374,51,100
0.22611336032388665,0.8,0.9928888888888889,0.0071111111111111115,0.8,0.95,8,3823,1117,2,0.8,0.22611336032388665,0.7739393939393939,51,100
0.9672064777327936,1.0,0.9979114452798663,0.0020885547201336674,1.0,1.0,10,162,4778,0,1.0,0.9672064777327936,0.03474747474747475,51,100
0.00020242914979757084,0.6,0.14285714285714285,0.8571428571428571,0.6,0.1,6,4939,1,4,0.6,0.00020242914979757084,0.998989898989899,52,100
0.00020242914979757084,0.6,0.14285714285714285,0.8571428571428571,0.6,0.15,6,4939,1,4,0.6,0.00020242914979757084,0.998989898989899,52,100
0.00020242914979757084,0.6,0.14285714285714285,0.8571428571428571,0.6,0.2,6,4939,1,4,0.6,0.00020242914979757084,0.998989898989899,52,100
0.0010121457489878543,0.6,0.45454545454545453,0.5454545454545454,0.6,0.25,6,4935,5,4,0.6,0.0010121457489878543,0.9981818181818182,52,100
0.0010121457489878543,0.6,0.45454545454545453,0.5454545454545454,0.6,0.3,6,4935,5,4,0.6,0.0010121457489878543,0.9981818181818182,52,100
0.0016194331983805667,0.6,0.5714285714285714,0.42857142857142855,0.6,0.35,6,4932,8,4,0.6,0.0016194331983805667,0.9975757575757576,52,100
0.002631578947368421,0.6,0.6842105263157895,0.3157894736842105,0.6,0.4,6,4927,13,4,0.6,0.002631578947368421,0.9965656565656565,52,100
0.003036437246963563,0.6,0.7142857142857143,0.2857142857142857,0.6,0.45,6,4925,15,4,0.6,0.003036437246963563,0.9961616161616161,52,100
0.007894736842105263,0.7,0.8478260869565217,0.15217391304347827,0.7,0.5,7,4901,39,3,0.7,0.007894736842105263,0.9915151515151515,52,100
0.008502024291497975,0.8,0.84,0.16,0.8,0.55,8,4898,42,2,0.8,0.008502024291497975,0.9911111111111112,52,100
0.009716599190283401,0.8,0.8571428571428571,0.14285714285714285,0.8,0.6,8,4892,48,2,0.8,0.009716599190283401,0.98989898989899,52,100
0.012753036437246963,0.8,0.8873239436619719,0.11267605633802817,0.8,0.65,8,4877,63,2,0.8,0.012753036437246963,0.9868686868686869,52,100
0.021052631578947368,0.8,0.9285714285714286,0.07142857142857142,0.8,0.7,8,4836,104,2,0.8,0.021052631578947368,0.9785858585858586,52,100
0.023076923076923078,0.8,0.9344262295081968,0.06557377049180328,0.8,0.75,8,4826,114,2,0.8,0.023076923076923078,0.9765656565656565,52,100
0.025506072874493926,0.8,0.9402985074626866,0.05970149253731343,0.8,0.8,8,4814,126,2,0.8,0.025506072874493926,0.9741414141414141,52,100
0.027125506072874495,0.9,0.9370629370629371,0.06293706293706294,0.9,0.85,9,4806,134,1,0.9,0.027125506072874495,0.9727272727272728,52,100
0.05991902834008097,0.9,0.9704918032786886,0.029508196721311476,0.9,0.9,9,4644,296,1,0.9,0.05991902834008097,0.94,52,100
0.09392712550607288,0.9,0.9809725158562368,0.019027484143763214,0.9,0.95,9,4476,464,1,0.9,0.09392712550607288,0.906060606060606,52,100
0.7212550607287449,1.0,0.9972012314581584,0.00279876854184159,1.0,1.0,10,1377,3563,0,1.0,0.7212550607287449,0.2802020202020202,52,100
0.0004048582995951417,0.4,0.3333333333333333,0.6666666666666666,0.4,0.1,4,4938,2,6,0.4,0.0004048582995951417,0.9983838383838384,53,100
0.0004048582995951417,0.4,0.3333333333333333,0.6666666666666666,0.4,0.15,4,4938,2,6,0.4,0.0004048582995951417,0.9983838383838384,53,100
0.0008097165991902834,0.5,0.4444444444444444,0.5555555555555556,0.5,0.2,5,4936,4,5,0.5,0.0008097165991902834,0.9981818181818182,53,100
0.001417004048582996,0.5,0.5833333333333334,0.4166666666666667,0.5,0.25,5,4933,7,5,0.5,0.001417004048582996,0.9975757575757576,53,100
0.0016194331983805667,0.5,0.6153846153846154,0.38461538461538464,0.5,0.3,5,4932,8,5,0.5,0.0016194331983805667,0.9973737373737374,53,100
0.0016194331983805667,0.5,0.6153846153846154,0.38461538461538464,0.5,0.35,5,4932,8,5,0.5,0.0016194331983805667,0.9973737373737374,53,100
0.0016194331983805667,0.5,0.6153846153846154,0.38461538461538464,0.5,0.4,5,4932,8,5,0.5,0.0016194331983805667,0.9973737373737374,53,100
0.0016194331983805667,0.5,0.6153846153846154,0.38461538461538464,0.5,0.45,5,4932,8,5,0.5,0.0016194331983805667,0.9973737373737374,53,100
0.0016194331983805667,0.5,0.6153846153846154,0.38461538461538464,0.5,0.5,5,4932,8,5,0.5,0.0016194331983805667,0.9973737373737374,53,100
0.0024291497975708503,0.5,0.7058823529411765,0.29411764705882354,0.5,0.55,5,4928,12,5,0.5,0.0024291497975708503,0.9965656565656565,53,100
0.005060728744939271,0.5,0.8333333333333334,0.16666666666666666,0.5,0.6,5,4915,25,5,0.5,0.005060728744939271,0.9939393939393939,53,100
0.006072874493927126,0.5,0.8571428571428571,0.14285714285714285,0.5,0.65,5,4910,30,5,0.5,0.006072874493927126,0.9929292929292929,53,100
0.0072874493927125505,0.5,0.8780487804878049,0.12195121951219512,0.5,0.7,5,4904,36,5,0.5,0.0072874493927125505,0.9917171717171717,53,100
0.008906882591093117,0.6,0.88,0.12,0.6,0.75,6,4896,44,4,0.6,0.008906882591093117,0.9903030303030304,53,100
0.016194331983805668,0.6,0.9302325581395349,0.06976744186046512,0.6,0.8,6,4860,80,4,0.6,0.016194331983805668,0.983030303030303,53,100
0.0340080971659919,0.6,0.9655172413793104,0.034482758620689655,0.6,0.85,6,4772,168,4,0.6,0.0340080971659919,0.9652525252525253,53,100
0.05566801619433198,0.6,0.9786476868327402,0.021352313167259787,0.6,0.9,6,4665,275,4,0.6,0.05566801619433198,0.9436363636363636,53,100
0.06417004048582996,0.7,0.9783950617283951,0.021604938271604937,0.7,0.95,7,4623,317,3,0.7,0.06417004048582996,0.9353535353535354,53,100
0.8394736842105263,1.0,0.9975944190522011,0.0024055809477988932,1.0,1.0,10,793,4147,0,1.0,0.8394736842105263,0.1622222222222222,53,100
0.0,0.0,0.0,,0.0,0.1,0,4940,0,10,0.0,0.0,0.997979797979798,54,100
0.0,0.0,0.0,,0.0,0.15,0,4940,0,10,0.0,0.0,0.997979797979798,54,100
0.0,0.0,0.0,,0.0,0.2,0,4940,0,10,0.0,0.0,0.997979797979798,54,100
0.0,0.0,0.0,,0.0,0.25,0,4940,0,10,0.0,0.0,0.997979797979798,54,100
0.0,0.0,0.0,,0.0,0.3,0,4940,0,10,0.0,0.0,0.997979797979798,54,100
0.0,0.0,0.0,,0.0,0.35,0,4940,0,10,0.0,0.0,0.997979797979798,54,100
0.0020242914979757085,0.4,0.7142857142857143,0.2857142857142857,0.4,0.4,4,4930,10,6,0.4,0.0020242914979757085,0.9967676767676767,54,100
0.0020242914979757085,0.4,0.7142857142857143,0.2857142857142857,0.4,0.45,4,4930,10,6,0.4,0.0020242914979757085,0.9967676767676767,54,100
0.002226720647773279,0.4,0.7333333333333333,0.26666666666666666,0.4,0.5,4,4929,11,6,0.4,0.002226720647773279,0.9965656565656565,54,100
0.0024291497975708503,0.4,0.75,0.25,0.4,0.55,4,4928,12,6,0.4,0.0024291497975708503,0.9963636363636363,54,100
0.002631578947368421,0.4,0.7647058823529411,0.23529411764705882,0.4,0.6,4,4927,13,6,0.4,0.002631578947368421,0.9961616161616161,54,100
0.0034412955465587046,0.4,0.8095238095238095,0.19047619047619047,0.4,0.65,4,4923,17,6,0.4,0.0034412955465587046,0.9953535353535353,54,100
0.004251012145748988,0.4,0.84,0.16,0.4,0.7,4,4919,21,6,0.4,0.004251012145748988,0.9945454545454545,54,100
0.005263157894736842,0.4,0.8666666666666667,0.13333333333333333,0.4,0.75,4,4914,26,6,0.4,0.005263157894736842,0.9935353535353535,54,100
0.008097165991902834,0.5,0.8888888888888888,0.1111111111111111,0.5,0.8,5,4900,40,5,0.5,0.008097165991902834,0.990909090909091,54,100
0.011336032388663968,0.5,0.9180327868852459,0.08196721311475409,0.5,0.85,5,4884,56,5,0.5,0.011336032388663968,0.9876767676767677,54,100
0.029554655870445343,0.5,0.9668874172185431,0.033112582781456956,0.5,0.9,5,4794,146,5,0.5,0.029554655870445343,0.9694949494949495,54,100
0.14979757085020243,0.8,0.9893048128342246,0.0106951871657754,0.8,0.95,8,4200,740,2,0.8,0.14979757085020243,0.8501010101010101,54,100
0.944331983805668,1.0,0.9978609625668449,0.0021390374331550803,1.0,1.0,10,275,4665,0,1.0,0.944331983805668,0.05757575757575758,54,100
0.0,0.3,0.0,1.0,0.3,0.1,3,4940,0,7,0.3,0.0,0.9985858585858586,55,100
0.0004048582995951417,0.3,0.4,0.6,0.3,0.15,3,4938,2,7,0.3,0.0004048582995951417,0.9981818181818182,55,100
0.0006072874493927126,0.3,0.5,0.5,0.3,0.2,3,4937,3,7,0.3,0.0006072874493927126,0.997979797979798,55,100
0.0032388663967611335,0.4,0.8,0.2,0.4,0.25,4,4924,16,6,0.4,0.0032388663967611335,0.9955555555555555,55,100
0.004251012145748988,0.5,0.8076923076923077,0.19230769230769232,0.5,0.3,5,4919,21,5,0.5,0.004251012145748988,0.9947474747474747,55,100
0.004858299595141701,0.5,0.8275862068965517,0.1724137931034483,0.5,0.35,5,4916,24,5,0.5,0.004858299595141701,0.9941414141414141,55,100
0.005870445344129555,0.7,0.8055555555555556,0.19444444444444445,0.7,0.4,7,4911,29,3,0.7,0.005870445344129555,0.9935353535353535,55,100
0.008299595141700405,0.7,0.8541666666666666,0.14583333333333334,0.7,0.45,7,4899,41,3,0.7,0.008299595141700405,0.9911111111111112,55,100
0.009109311740890687,0.7,0.8653846153846154,0.1346153846153846,0.7,0.5,7,4895,45,3,0.7,0.009109311740890687,0.9903030303030304,55,100
0.009919028340080972,0.8,0.8596491228070176,0.14035087719298245,0.8,0.55,8,4891,49,2,0.8,0.009919028340080972,0.9896969696969697,55,100
0.01902834008097166,0.8,0.9215686274509803,0.0784313725490196,0.8,0.6,8,4846,94,2,0.8,0.01902834008097166,0.9806060606060606,55,100
0.025101214574898785,0.8,0.9393939393939394,0.06060606060606061,0.8,0.65,8,4816,124,2,0.8,0.025101214574898785,0.9745454545454545,55,100
0.03825910931174089,0.9,0.9545454545454546,0.045454545454545456,0.9,0.7,9,4751,189,1,0.9,0.03825910931174089,0.9616161616161616,55,100
0.04251012145748988,1.0,0.9545454545454546,0.045454545454545456,1.0,0.75,10,4730,210,0,1.0,0.04251012145748988,0.9575757575757575,55,100
0.060526315789473685,1.0,0.9676375404530745,0.032362459546925564,1.0,0.8,10,4641,299,0,1.0,0.060526315789473685,0.9395959595959597,55,100
0.08562753036437247,1.0,0.976905311778291,0.023094688221709007,1.0,0.85,10,4517,423,0,1.0,0.08562753036437247,0.9145454545454546,55,100
0.1062753036437247,1.0,0.9813084112149533,0.018691588785046728,1.0,0.9,10,4415,525,0,1.0,0.1062753036437247,0.8939393939393939,55,100
0.21578947368421053,1.0,0.9907063197026023,0.00929368029739777,1.0,0.95,10,3874,1066,0,1.0,0.21578947368421053,0.7846464646464646,55,100
0.32408906882591093,1.0,0.9937926753569212,0.006207324643078833,1.0,1.0,10,3339,1601,0,1.0,0.32408906882591093,0.6765656565656566,55,100
0.00020242914979757084,0.2,0.3333333333333333,0.6666666666666666,0.2,0.1,2,4939,1,8,0.2,0.00020242914979757084,0.9981818181818182,56,100
0.00020242914979757084,0.2,0.3333333333333333,0.6666666666666666,0.2,0.15,2,4939,1,8,0.2,0.00020242914979757084,0.9981818181818182,56,100
0.0004048582995951417,0.3,0.4,0.6,0.3,0.2,3,4938,2,7,0.3,0.0004048582995951417,0.9981818181818182,56,100
0.0008097165991902834,0.3,0.5714285714285714,0.42857142857142855,0.3,0.25,3,4936,4,7,0.3,0.0008097165991902834,0.9977777777777778,56,100
0.002226720647773279,0.3,0.7857142857142857,0.21428571428571427,0.3,0.3,3,4929,11,7,0.3,0.002226720647773279,0.9963636363636363,56,100
0.004453441295546558,0.4,0.8461538461538461,0.15384615384615385,0.4,0.35,4,4918,22,6,0.4,0.004453441295546558,0.9943434343434343,56,100
0.005060728744939271,0.4,0.8620689655172413,0.13793103448275862,0.4,0.4,4,4915,25,6,0.4,0.005060728744939271,0.9937373737373737,56,100
0.005465587044534413,0.4,0.8709677419354839,0.12903225806451613,0.4,0.45,4,4913,27,6,0.4,0.005465587044534413,0.9933333333333333,56,100
0.0072874493927125505,0.4,0.9,0.1,0.4,0.5,4,4904,36,6,0.4,0.0072874493927125505,0.9915151515151515,56,100
0.016194331983805668,0.5,0.9411764705882353,0.058823529411764705,0.5,0.55,5,4860,80,5,0.5,0.016194331983805668,0.9828282828282828,56,100
0.018218623481781375,0.5,0.9473684210526315,0.05263157894736842,0.5,0.6,5,4850,90,5,0.5,0.018218623481781375,0.9808080808080808,56,100
0.020040485829959515,0.6,0.9428571428571428,0.05714285714285714,0.6,0.65,6,4841,99,4,0.6,0.020040485829959515,0.9791919191919192,56,100
0.024493927125506073,0.7,0.9453125,0.0546875,0.7,0.7,7,4819,121,3,0.7,0.024493927125506073,0.9749494949494949,56,100
0.02813765182186235,0.7,0.952054794520548,0.04794520547945205,0.7,0.75,7,4801,139,3,0.7,0.02813765182186235,0.9713131313131314,56,100
0.039878542510121455,0.8,0.9609756097560975,0.03902439024390244,0.8,0.8,8,4743,197,2,0.8,0.039878542510121455,0.9597979797979798,56,100
0.05222672064777328,0.9,0.9662921348314607,0.033707865168539325,0.9,0.85,9,4682,258,1,0.9,0.05222672064777328,0.9476767676767677,56,100
0.11659919028340081,0.9,0.9846153846153847,0.015384615384615385,0.9,0.9,9,4364,576,1,0.9,0.11659919028340081,0.8834343434343435,56,100
0.16902834008097167,0.9,0.9893364928909952,0.01066350710900474,0.9,0.95,9,4105,835,1,0.9,0.16902834008097167,0.8311111111111111,56,100
0.3378542510121457,1.0,0.9940440738534843,0.005955926146515783,1.0,1.0,10,3271,1669,0,1.0,0.3378542510121457,0.6628282828282829,56,100
0.0,0.0,0.0,,0.0,0.1,0,4940,0,10,0.0,0.0,0.997979797979798,57,100
0.0,0.0,0.0,,0.0,0.15,0,4940,0,10,0.0,0.0,0.997979797979798,57,100
0.0,0.0,0.0,,0.0,0.2,0,4940,0,10,0.0,0.0,0.997979797979798,57,100
0.0,0.0,0.0,,0.0,0.25,0,4940,0,10,0.0,0.0,0.997979797979798,57,100
0.0,0.0,0.0,,0.0,0.3,0,4940,0,10,0.0,0.0,0.997979797979798,57,100
0.0,0.0,0.0,,0.0,0.35,0,4940,0,10,0.0,0.0,0.997979797979798,57,100
0.0,0.0,0.0,,0.0,0.4,0,4940,0,10,0.0,0.0,0.997979797979798,57,100
0.0,0.0,0.0,,0.0,0.45,0,4940,0,10,0.0,0.0,0.997979797979798,57,100
0.0016194331983805667,0.2,0.8,0.2,0.2,0.5,2,4932,8,8,0.2,0.0016194331983805667,0.9967676767676767,57,100
0.0018218623481781376,0.2,0.8181818181818182,0.18181818181818182,0.2,0.55,2,4931,9,8,0.2,0.0018218623481781376,0.9965656565656565,57,100
0.00465587044534413,0.4,0.8518518518518519,0.14814814814814814,0.4,0.6,4,4917,23,6,0.4,0.00465587044534413,0.9941414141414141,57,100
0.006477732793522267,0.4,0.8888888888888888,0.1111111111111111,0.4,0.65,4,4908,32,6,0.4,0.006477732793522267,0.9923232323232323,57,100
0.02611336032388664,0.6,0.9555555555555556,0.044444444444444446,0.6,0.7,6,4811,129,4,0.6,0.02611336032388664,0.9731313131313132,57,100
0.03805668016194332,0.6,0.9690721649484536,0.030927835051546393,0.6,0.75,6,4752,188,4,0.6,0.03805668016194332,0.9612121212121212,57,100
0.0437246963562753,0.6,0.972972972972973,0.02702702702702703,0.6,0.8,6,4724,216,4,0.6,0.0437246963562753,0.9555555555555556,57,100
0.055465587044534415,0.7,0.9750889679715302,0.02491103202846975,0.7,0.85,7,4666,274,3,0.7,0.055465587044534415,0.944040404040404,57,100
0.06295546558704454,0.7,0.9779874213836478,0.0220125786163522,0.7,0.9,7,4629,311,3,0.7,0.06295546558704454,0.9365656565656566,57,100
0.08623481781376519,0.7,0.9838337182448037,0.016166281755196306,0.7,0.95,7,4514,426,3,0.7,0.08623481781376519,0.9133333333333333,57,100
0.9696356275303644,1.0,0.9979166666666667,0.0020833333333333333,1.0,1.0,10,150,4790,0,1.0,0.9696356275303644,0.03232323232323232,57,100
0.0006072874493927126,0.2,0.6,0.4,0.2,0.1,2,4937,3,8,0.2,0.0006072874493927126,0.9977777777777778,58,100
0.0006072874493927126,0.2,0.6,0.4,0.2,0.15,2,4937,3,8,0.2,0.0006072874493927126,0.9977777777777778,58,100
0.0006072874493927126,0.2,0.6,0.4,0.2,0.2,2,4937,3,8,0.2,0.0006072874493927126,0.9977777777777778,58,100
0.0008097165991902834,0.2,0.6666666666666666,0.3333333333333333,0.2,0.25,2,4936,4,8,0.2,0.0008097165991902834,0.9975757575757576,58,100
0.0008097165991902834,0.2,0.6666666666666666,0.3333333333333333,0.2,0.3,2,4936,4,8,0.2,0.0008097165991902834,0.9975757575757576,58,100
0.0008097165991902834,0.2,0.6666666666666666,0.3333333333333333,0.2,0.35,2,4936,4,8,0.2,0.0008097165991902834,0.9975757575757576,58,100
0.002631578947368421,0.3,0.8125,0.1875,0.3,0.4,3,4927,13,7,0.3,0.002631578947368421,0.9959595959595959,58,100
0.003036437246963563,0.3,0.8333333333333334,0.16666666666666666,0.3,0.45,3,4925,15,7,0.3,0.003036437246963563,0.9955555555555555,58,100
0.0038461538461538464,0.3,0.8636363636363636,0.13636363636363635,0.3,0.5,3,4921,19,7,0.3,0.0038461538461538464,0.9947474747474747,58,100
0.004048582995951417,0.5,0.8,0.2,0.5,0.55,5,4920,20,5,0.5,0.004048582995951417,0.9949494949494949,58,100
0.00465587044534413,0.5,0.8214285714285714,0.17857142857142858,0.5,0.6,5,4917,23,5,0.5,0.00465587044534413,0.9943434343434343,58,100
0.006275303643724696,0.5,0.8611111111111112,0.1388888888888889,0.5,0.65,5,4909,31,5,0.5,0.006275303643724696,0.9927272727272727,58,100
0.0066801619433198385,0.6,0.8461538461538461,0.15384615384615385,0.6,0.7,6,4907,33,4,0.6,0.0066801619433198385,0.9925252525252525,58,100
0.0066801619433198385,0.6,0.8461538461538461,0.15384615384615385,0.6,0.75,6,4907,33,4,0.6,0.0066801619433198385,0.9925252525252525,58,100
0.008502024291497975,0.6,0.875,0.125,0.6,0.8,6,4898,42,4,0.6,0.008502024291497975,0.9907070707070708,58,100
0.008502024291497975,0.6,0.875,0.125,0.6,0.85,6,4898,42,4,0.6,0.008502024291497975,0.9907070707070708,58,100
0.013157894736842105,0.6,0.9154929577464789,0.08450704225352113,0.6,0.9,6,4875,65,4,0.6,0.013157894736842105,0.9860606060606061,58,100
0.12894736842105264,0.9,0.9860681114551083,0.01393188854489164,0.9,0.95,9,4303,637,1,0.9,0.12894736842105264,0.8711111111111111,58,100
0.9564777327935222,1.0,0.9978880675818373,0.0021119324181626186,1.0,1.0,10,215,4725,0,1.0,0.9564777327935222,0.045454545454545456,58,100
0.0010121457489878543,0.4,0.5555555555555556,0.4444444444444444,0.4,0.1,4,4935,5,6,0.4,0.0010121457489878543,0.9977777777777778,59,100
0.0020242914979757085,0.5,0.6666666666666666,0.3333333333333333,0.5,0.15,5,4930,10,5,0.5,0.0020242914979757085,0.996969696969697,59,100
0.0020242914979757085,0.5,0.6666666666666666,0.3333333333333333,0.5,0.2,5,4930,10,5,0.5,0.0020242914979757085,0.996969696969697,59,100
0.004858299595141701,0.5,0.8275862068965517,0.1724137931034483,0.5,0.25,5,4916,24,5,0.5,0.004858299595141701,0.9941414141414141,59,100
0.005465587044534413,0.5,0.84375,0.15625,0.5,0.3,5,4913,27,5,0.5,0.005465587044534413,0.9935353535353535,59,100
0.005668016194331984,0.6,0.8235294117647058,0.17647058823529413,0.6,0.35,6,4912,28,4,0.6,0.005668016194331984,0.9935353535353535,59,100
0.00708502024291498,0.6,0.8536585365853658,0.14634146341463414,0.6,0.4,6,4905,35,4,0.6,0.00708502024291498,0.9921212121212121,59,100
0.01194331983805668,0.6,0.9076923076923077,0.09230769230769231,0.6,0.45,6,4881,59,4,0.6,0.01194331983805668,0.9872727272727273,59,100
0.015587044534412956,0.6,0.927710843373494,0.07228915662650602,0.6,0.5,6,4863,77,4,0.6,0.015587044534412956,0.9836363636363636,59,100
0.01700404858299595,0.7,0.9230769230769231,0.07692307692307693,0.7,0.55,7,4856,84,3,0.7,0.01700404858299595,0.9824242424242424,59,100
0.022672064777327937,0.7,0.9411764705882353,0.058823529411764705,0.7,0.6,7,4828,112,3,0.7,0.022672064777327937,0.9767676767676767,59,100
0.02631578947368421,0.7,0.948905109489051,0.051094890510948905,0.7,0.65,7,4810,130,3,0.7,0.02631578947368421,0.9731313131313132,59,100
0.044939271255060725,0.8,0.9652173913043478,0.034782608695652174,0.8,0.7,8,4718,222,2,0.8,0.044939271255060725,0.9547474747474748,59,100
0.04939271255060729,0.8,0.9682539682539683,0.031746031746031744,0.8,0.75,8,4696,244,2,0.8,0.04939271255060729,0.9503030303030303,59,100
0.06923076923076923,0.8,0.9771428571428571,0.022857142857142857,0.8,0.8,8,4598,342,2,0.8,0.06923076923076923,0.9305050505050505,59,100
0.08623481781376519,0.9,0.9793103448275862,0.020689655172413793,0.9,0.85,9,4514,426,1,0.9,0.08623481781376519,0.9137373737373737,59,100
0.10526315789473684,0.9,0.9829867674858223,0.017013232514177693,0.9,0.9,9,4420,520,1,0.9,0.10526315789473684,0.8947474747474747,59,100
0.1771255060728745,0.9,0.9898190045248869,0.010180995475113122,0.9,0.95,9,4065,875,1,0.9,0.1771255060728745,0.823030303030303,59,100
0.9560728744939271,1.0,0.9978871751531798,0.0021128248468201987,1.0,1.0,10,217,4723,0,1.0,0.9560728744939271,0.045858585858585856,59,100
0.00020242914979757084,0.0,1.0,0.0,0.0,0.1,0,4939,1,10,0.0,0.00020242914979757084,0.9977777777777778,60,100
0.0006072874493927126,0.0,1.0,0.0,0.0,0.15,0,4937,3,10,0.0,0.0006072874493927126,0.9973737373737374,60,100
0.0006072874493927126,0.0,1.0,0.0,0.0,0.2,0,4937,3,10,0.0,0.0006072874493927126,0.9973737373737374,60,100
0.0012145748987854252,0.1,0.8571428571428571,0.14285714285714285,0.1,0.25,1,4934,6,9,0.1,0.0012145748987854252,0.996969696969697,60,100
0.0012145748987854252,0.1,0.8571428571428571,0.14285714285714285,0.1,0.3,1,4934,6,9,0.1,0.0012145748987854252,0.996969696969697,60,100
0.001417004048582996,0.1,0.875,0.125,0.1,0.35,1,4933,7,9,0.1,0.001417004048582996,0.9967676767676767,60,100
0.0066801619433198385,0.2,0.9428571428571428,0.05714285714285714,0.2,0.4,2,4907,33,8,0.2,0.0066801619433198385,0.9917171717171717,60,100
0.008097165991902834,0.2,0.9523809523809523,0.047619047619047616,0.2,0.45,2,4900,40,8,0.2,0.008097165991902834,0.9903030303030304,60,100
0.008502024291497975,0.2,0.9545454545454546,0.045454545454545456,0.2,0.5,2,4898,42,8,0.2,0.008502024291497975,0.98989898989899,60,100
0.010526315789473684,0.2,0.9629629629629629,0.037037037037037035,0.2,0.55,2,4888,52,8,0.2,0.010526315789473684,0.9878787878787879,60,100
0.014574898785425101,0.2,0.972972972972973,0.02702702702702703,0.2,0.6,2,4868,72,8,0.2,0.014574898785425101,0.9838383838383838,60,100
0.017408906882591092,0.2,0.9772727272727273,0.022727272727272728,0.2,0.65,2,4854,86,8,0.2,0.017408906882591092,0.981010101010101,60,100
0.030364372469635626,0.2,0.9868421052631579,0.013157894736842105,0.2,0.7,2,4790,150,8,0.2,0.030364372469635626,0.9680808080808081,60,100
0.037044534412955465,0.3,0.9838709677419355,0.016129032258064516,0.3,0.75,3,4757,183,7,0.3,0.037044534412955465,0.9616161616161616,60,100
0.043522267206477734,0.3,0.9862385321100917,0.013761467889908258,0.3,0.8,3,4725,215,7,0.3,0.043522267206477734,0.9551515151515152,60,100
0.04979757085020243,0.3,0.9879518072289156,0.012048192771084338,0.3,0.85,3,4694,246,7,0.3,0.04979757085020243,0.9488888888888889,60,100
0.07793522267206478,0.6,0.9846547314578005,0.015345268542199489,0.6,0.9,6,4555,385,4,0.6,0.07793522267206478,0.9214141414141415,60,100
0.11720647773279352,0.7,0.9880546075085325,0.011945392491467578,0.7,0.95,7,4361,579,3,0.7,0.11720647773279352,0.8824242424242424,60,100
0.22935222672064778,0.8,0.992988606485539,0.007011393514460999,0.8,1.0,8,3807,1133,2,0.8,0.22935222672064778,0.7707070707070707,60,100
0.0,0.3,0.0,1.0,0.3,0.1,3,4940,0,7,0.3,0.0,0.9985858585858586,61,100
0.0,0.3,0.0,1.0,0.3,0.15,3,4940,0,7,0.3,0.0,0.9985858585858586,61,100
0.0,0.3,0.0,1.0,0.3,0.2,3,4940,0,7,0.3,0.0,0.9985858585858586,61,100
0.0,0.3,0.0,1.0,0.3,0.25,3,4940,0,7,0.3,0.0,0.9985858585858586,61,100
0.0,0.4,0.0,1.0,0.4,0.3,4,4940,0,6,0.4,0.0,0.9987878787878788,61,100
0.0,0.4,0.0,1.0,0.4,0.35,4,4940,0,6,0.4,0.0,0.9987878787878788,61,100
0.0,0.4,0.0,1.0,0.4,0.4,4,4940,0,6,0.4,0.0,0.9987878787878788,61,100
0.0006072874493927126,0.4,0.42857142857142855,0.5714285714285714,0.4,0.45,4,4937,3,6,0.4,0.0006072874493927126,0.9981818181818182,61,100
0.0008097165991902834,0.4,0.5,0.5,0.4,0.5,4,4936,4,6,0.4,0.0008097165991902834,0.997979797979798,61,100
0.0008097165991902834,0.4,0.5,0.5,0.4,0.55,4,4936,4,6,0.4,0.0008097165991902834,0.997979797979798,61,100
0.0018218623481781376,0.5,0.6428571428571429,0.35714285714285715,0.5,0.6,5,4931,9,5,0.5,0.0018218623481781376,0.9971717171717172,61,100
0.00951417004048583,0.7,0.8703703703703703,0.12962962962962962,0.7,0.65,7,4893,47,3,0.7,0.00951417004048583,0.98989898989899,61,100
0.012348178137651822,0.7,0.8970588235294118,0.10294117647058823,0.7,0.7,7,4879,61,3,0.7,0.012348178137651822,0.9870707070707071,61,100
0.012348178137651822,0.7,0.8970588235294118,0.10294117647058823,0.7,0.75,7,4879,61,3,0.7,0.012348178137651822,0.9870707070707071,61,100
0.027530364372469637,0.7,0.951048951048951,0.04895104895104895,0.7,0.8,7,4804,136,3,0.7,0.027530364372469637,0.971919191919192,61,100
0.036639676113360324,0.7,0.9627659574468085,0.03723404255319149,0.7,0.85,7,4759,181,3,0.7,0.036639676113360324,0.9628282828282828,61,100
0.04068825910931174,0.7,0.9663461538461539,0.03365384615384615,0.7,0.9,7,4739,201,3,0.7,0.04068825910931174,0.9587878787878787,61,100
0.06781376518218624,0.9,0.9738372093023255,0.02616279069767442,0.9,0.95,9,4605,335,1,0.9,0.06781376518218624,0.9321212121212121,61,100
0.3803643724696356,0.9,0.9952330508474576,0.004766949152542373,0.9,1.0,9,3061,1879,1,0.9,0.3803643724696356,0.6202020202020202,61,100
0.00020242914979757084,0.5,0.16666666666666666,0.8333333333333334,0.5,0.1,5,4939,1,5,0.5,0.00020242914979757084,0.9987878787878788,62,100
0.0008097165991902834,0.6,0.4,0.6,0.6,0.15,6,4936,4,4,0.6,0.0008097165991902834,0.9983838383838384,62,100
0.0008097165991902834,0.7,0.36363636363636365,0.6363636363636364,0.7,0.2,7,4936,4,3,0.7,0.0008097165991902834,0.9985858585858586,62,100
0.0016194331983805667,0.7,0.5333333333333333,0.4666666666666667,0.7,0.25,7,4932,8,3,0.7,0.0016194331983805667,0.9977777777777778,62,100
0.0020242914979757085,0.7,0.5882352941176471,0.4117647058823529,0.7,0.3,7,4930,10,3,0.7,0.0020242914979757085,0.9973737373737374,62,100
0.005465587044534413,0.8,0.7714285714285715,0.22857142857142856,0.8,0.35,8,4913,27,2,0.8,0.005465587044534413,0.9941414141414141,62,100
0.008097165991902834,0.9,0.8163265306122449,0.1836734693877551,0.9,0.4,9,4900,40,1,0.9,0.008097165991902834,0.9917171717171717,62,100
0.00931174089068826,0.9,0.8363636363636363,0.16363636363636364,0.9,0.45,9,4894,46,1,0.9,0.00931174089068826,0.9905050505050506,62,100
0.010323886639676113,0.9,0.85,0.15,0.9,0.5,9,4889,51,1,0.9,0.010323886639676113,0.9894949494949495,62,100
0.01882591093117409,0.9,0.9117647058823529,0.08823529411764706,0.9,0.55,9,4847,93,1,0.9,0.01882591093117409,0.981010101010101,62,100
0.02165991902834008,0.9,0.9224137931034483,0.07758620689655173,0.9,0.6,9,4833,107,1,0.9,0.02165991902834008,0.9781818181818182,62,100
0.029757085020242914,0.9,0.9423076923076923,0.057692307692307696,0.9,0.65,9,4793,147,1,0.9,0.029757085020242914,0.9701010101010101,62,100
0.033805668016194335,0.9,0.9488636363636364,0.05113636363636364,0.9,0.7,9,4773,167,1,0.9,0.033805668016194335,0.9660606060606061,62,100
0.04412955465587044,0.9,0.960352422907489,0.039647577092511016,0.9,0.75,9,4722,218,1,0.9,0.04412955465587044,0.9557575757575758,62,100
0.07024291497975708,0.9,0.9747191011235955,0.025280898876404494,0.9,0.8,9,4593,347,1,0.9,0.07024291497975708,0.9296969696969697,62,100
0.08866396761133603,0.9,0.9798657718120806,0.020134228187919462,0.9,0.85,9,4502,438,1,0.9,0.08866396761133603,0.9113131313131313,62,100
0.11153846153846154,0.9,0.9839285714285714,0.01607142857142857,0.9,0.9,9,4389,551,1,0.9,0.11153846153846154,0.8884848484848484,62,100
0.16032388663967612,1.0,0.9875311720698254,0.012468827930174564,1.0,0.95,10,4148,792,0,1.0,0.16032388663967612,0.84,62,100
0.9502024291497976,1.0,0.997874149659864,0.0021258503401360546,1.0,1.0,10,246,4694,0,1.0,0.9502024291497976,0.05171717171717172,62,100
0.0,0.0,0.0,,0.0,0.1,0,4940,0,10,0.0,0.0,0.997979797979798,63,100
0.0004048582995951417,0.2,0.5,0.5,0.2,0.15,2,4938,2,8,0.2,0.0004048582995951417,0.997979797979798,63,100
0.0006072874493927126,0.2,0.6,0.4,0.2,0.2,2,4937,3,8,0.2,0.0006072874493927126,0.9977777777777778,63,100
0.0006072874493927126,0.2,0.6,0.4,0.2,0.25,2,4937,3,8,0.2,0.0006072874493927126,0.9977777777777778,63,100
0.0008097165991902834,0.2,0.6666666666666666,0.3333333333333333,0.2,0.3,2,4936,4,8,0.2,0.0008097165991902834,0.9975757575757576,63,100
0.0010121457489878543,0.2,0.7142857142857143,0.2857142857142857,0.2,0.35,2,4935,5,8,0.2,0.0010121457489878543,0.9973737373737374,63,100
0.0010121457489878543,0.3,0.625,0.375,0.3,0.4,3,4935,5,7,0.3,0.0010121457489878543,0.9975757575757576,63,100
0.0010121457489878543,0.3,0.625,0.375,0.3,0.45,3,4935,5,7,0.3,0.0010121457489878543,0.9975757575757576,63,100
0.002226720647773279,0.3,0.7857142857142857,0.21428571428571427,0.3,0.5,3,4929,11,7,0.3,0.002226720647773279,0.9963636363636363,63,100
0.002834008097165992,0.3,0.8235294117647058,0.17647058823529413,0.3,0.55,3,4926,14,7,0.3,0.002834008097165992,0.9957575757575757,63,100
0.0032388663967611335,0.4,0.8,0.2,0.4,0.6,4,4924,16,6,0.4,0.0032388663967611335,0.9955555555555555,63,100
0.0034412955465587046,0.4,0.8095238095238095,0.19047619047619047,0.4,0.65,4,4923,17,6,0.4,0.0034412955465587046,0.9953535353535353,63,100
0.0038461538461538464,0.4,0.8260869565217391,0.17391304347826086,0.4,0.7,4,4921,19,6,0.4,0.0038461538461538464,0.9949494949494949,63,100
0.008299595141700405,0.5,0.8913043478260869,0.10869565217391304,0.5,0.75,5,4899,41,5,0.5,0.008299595141700405,0.9907070707070708,63,100
0.022874493927125508,0.7,0.9416666666666667,0.058333333333333334,0.7,0.8,7,4827,113,3,0.7,0.022874493927125508,0.9765656565656565,63,100
0.05101214574898785,0.8,0.9692307692307692,0.03076923076923077,0.8,0.85,8,4688,252,2,0.8,0.05101214574898785,0.9486868686868687,63,100
0.054048582995951416,0.8,0.9709090909090909,0.02909090909090909,0.8,0.9,8,4673,267,2,0.8,0.054048582995951416,0.9456565656565656,63,100
0.13279352226720648,0.9,0.9864661654135338,0.013533834586466165,0.9,0.95,9,4284,656,1,0.9,0.13279352226720648,0.8672727272727273,63,100
0.9710526315789474,1.0,0.997919700436863,0.002080299563137092,1.0,1.0,10,143,4797,0,1.0,0.9710526315789474,0.03090909090909091,63,100
0.0,0.1,0.0,1.0,0.1,0.1,1,4940,0,9,0.1,0.0,0.9981818181818182,64,100
0.0,0.1,0.0,1.0,0.1,0.15,1,4940,0,9,0.1,0.0,0.9981818181818182,64,100
0.0,0.1,0.0,1.0,0.1,0.2,1,4940,0,9,0.1,0.0,0.9981818181818182,64,100
0.00020242914979757084,0.1,0.5,0.5,0.1,0.25,1,4939,1,9,0.1,0.00020242914979757084,0.997979797979798,64,100
0.00020242914979757084,0.1,0.5,0.5,0.1,0.3,1,4939,1,9,0.1,0.00020242914979757084,0.997979797979798,64,100
0.0004048582995951417,0.1,0.6666666666666666,0.3333333333333333,0.1,0.35,1,4938,2,9,0.1,0.0004048582995951417,0.9977777777777778,64,100
0.0004048582995951417,0.1,0.6666666666666666,0.3333333333333333,0.1,0.4,1,4938,2,9,0.1,0.0004048582995951417,0.9977777777777778,64,100
0.003036437246963563,0.1,0.9375,0.0625,0.1,0.45,1,4925,15,9,0.1,0.003036437246963563,0.9951515151515151,64,100
0.0036437246963562753,0.1,0.9473684210526315,0.05263157894736842,0.1,0.5,1,4922,18,9,0.1,0.0036437246963562753,0.9945454545454545,64,100
0.00465587044534413,0.2,0.92,0.08,0.2,0.55,2,4917,23,8,0.2,0.00465587044534413,0.9937373737373737,64,100
0.013157894736842105,0.2,0.9701492537313433,0.029850746268656716,0.2,0.6,2,4875,65,8,0.2,0.013157894736842105,0.9852525252525253,64,100
0.015587044534412956,0.2,0.9746835443037974,0.02531645569620253,0.2,0.65,2,4863,77,8,0.2,0.015587044534412956,0.9828282828282828,64,100
0.020445344129554656,0.2,0.9805825242718447,0.019417475728155338,0.2,0.7,2,4839,101,8,0.2,0.020445344129554656,0.977979797979798,64,100
0.029959514170040485,0.3,0.9801324503311258,0.019867549668874173,0.3,0.75,3,4792,148,7,0.3,0.029959514170040485,0.9686868686868687,64,100
0.03502024291497976,0.3,0.9829545454545454,0.017045454545454544,0.3,0.8,3,4767,173,7,0.3,0.03502024291497976,0.9636363636363636,64,100
0.044939271255060725,0.3,0.9866666666666667,0.013333333333333334,0.3,0.85,3,4718,222,7,0.3,0.044939271255060725,0.9537373737373738,64,100
0.0840080971659919,0.4,0.9904534606205251,0.00954653937947494,0.4,0.9,4,4525,415,6,0.4,0.0840080971659919,0.914949494949495,64,100
0.14210526315789473,0.5,0.9929278642149929,0.007072135785007072,0.5,0.95,5,4238,702,5,0.5,0.14210526315789473,0.8571717171717171,64,100
0.9724696356275304,1.0,0.9979227253842958,0.002077274615704196,1.0,1.0,10,136,4804,0,1.0,0.9724696356275304,0.029494949494949494,64,100
0.00020242914979757084,0.5,0.16666666666666666,0.8333333333333334,0.5,0.1,5,4939,1,5,0.5,0.00020242914979757084,0.9987878787878788,65,100
0.0008097165991902834,0.5,0.4444444444444444,0.5555555555555556,0.5,0.15,5,4936,4,5,0.5,0.0008097165991902834,0.9981818181818182,65,100
0.0016194331983805667,0.5,0.6153846153846154,0.38461538461538464,0.5,0.2,5,4932,8,5,0.5,0.0016194331983805667,0.9973737373737374,65,100
0.0016194331983805667,0.5,0.6153846153846154,0.38461538461538464,0.5,0.25,5,4932,8,5,0.5,0.0016194331983805667,0.9973737373737374,65,100
0.0020242914979757085,0.5,0.6666666666666666,0.3333333333333333,0.5,0.3,5,4930,10,5,0.5,0.0020242914979757085,0.996969696969697,65,100
0.002226720647773279,0.5,0.6875,0.3125,0.5,0.35,5,4929,11,5,0.5,0.002226720647773279,0.9967676767676767,65,100
0.0032388663967611335,0.5,0.7619047619047619,0.23809523809523808,0.5,0.4,5,4924,16,5,0.5,0.0032388663967611335,0.9957575757575757,65,100
0.0032388663967611335,0.5,0.7619047619047619,0.23809523809523808,0.5,0.45,5,4924,16,5,0.5,0.0032388663967611335,0.9957575757575757,65,100
0.0034412955465587046,0.5,0.7727272727272727,0.22727272727272727,0.5,0.5,5,4923,17,5,0.5,0.0034412955465587046,0.9955555555555555,65,100
0.004453441295546558,0.5,0.8148148148148148,0.18518518518518517,0.5,0.55,5,4918,22,5,0.5,0.004453441295546558,0.9945454545454545,65,100
0.004453441295546558,0.5,0.8148148148148148,0.18518518518518517,0.5,0.6,5,4918,22,5,0.5,0.004453441295546558,0.9945454545454545,65,100
0.005870445344129555,0.5,0.8529411764705882,0.14705882352941177,0.5,0.65,5,4911,29,5,0.5,0.005870445344129555,0.9931313131313131,65,100
0.006882591093117409,0.6,0.85,0.15,0.6,0.7,6,4906,34,4,0.6,0.006882591093117409,0.9923232323232323,65,100
0.008299595141700405,0.6,0.8723404255319149,0.1276595744680851,0.6,0.75,6,4899,41,4,0.6,0.008299595141700405,0.990909090909091,65,100
0.008299595141700405,0.6,0.8723404255319149,0.1276595744680851,0.6,0.8,6,4899,41,4,0.6,0.008299595141700405,0.990909090909091,65,100
0.011538461538461539,0.6,0.9047619047619048,0.09523809523809523,0.6,0.85,6,4883,57,4,0.6,0.011538461538461539,0.9876767676767677,65,100
0.030566801619433197,0.7,0.9556962025316456,0.04430379746835443,0.7,0.9,7,4789,151,3,0.7,0.030566801619433197,0.9688888888888889,65,100
0.03562753036437247,0.7,0.9617486338797814,0.03825136612021858,0.7,0.95,7,4764,176,3,0.7,0.03562753036437247,0.9638383838383838,65,100
0.9481781376518219,1.0,0.9978696207925011,0.0021303792074989347,1.0,1.0,10,256,4684,0,1.0,0.9481781376518219,0.053737373737373736,65,100
0.0,0.1,0.0,1.0,0.1,0.1,1,4940,0,9,0.1,0.0,0.9981818181818182,66,100
0.00020242914979757084,0.1,0.5,0.5,0.1,0.15,1,4939,1,9,0.1,0.00020242914979757084,0.997979797979798,66,100
0.00020242914979757084,0.1,0.5,0.5,0.1,0.2,1,4939,1,9,0.1,0.00020242914979757084,0.997979797979798,66,100
0.0004048582995951417,0.1,0.6666666666666666,0.3333333333333333,0.1,0.25,1,4938,2,9,0.1,0.0004048582995951417,0.9977777777777778,66,100
0.0004048582995951417,0.1,0.6666666666666666,0.3333333333333333,0.1,0.3,1,4938,2,9,0.1,0.0004048582995951417,0.9977777777777778,66,100
0.0010121457489878543,0.2,0.7142857142857143,0.2857142857142857,0.2,0.35,2,4935,5,8,0.2,0.0010121457489878543,0.9973737373737374,66,100
0.003036437246963563,0.2,0.8823529411764706,0.11764705882352941,0.2,0.4,2,4925,15,8,0.2,0.003036437246963563,0.9953535353535353,66,100
0.0038461538461538464,0.2,0.9047619047619048,0.09523809523809523,0.2,0.45,2,4921,19,8,0.2,0.0038461538461538464,0.9945454545454545,66,100
0.004251012145748988,0.2,0.9130434782608695,0.08695652173913043,0.2,0.5,2,4919,21,8,0.2,0.004251012145748988,0.9941414141414141,66,100
0.00465587044534413,0.3,0.8846153846153846,0.11538461538461539,0.3,0.55,3,4917,23,7,0.3,0.00465587044534413,0.9939393939393939,66,100
0.005060728744939271,0.3,0.8928571428571429,0.10714285714285714,0.3,0.6,3,4915,25,7,0.3,0.005060728744939271,0.9935353535353535,66,100
0.008097165991902834,0.3,0.9302325581395349,0.06976744186046512,0.3,0.65,3,4900,40,7,0.3,0.008097165991902834,0.9905050505050506,66,100
0.008502024291497975,0.3,0.9333333333333333,0.06666666666666667,0.3,0.7,3,4898,42,7,0.3,0.008502024291497975,0.9901010101010101,66,100
0.014574898785425101,0.5,0.935064935064935,0.06493506493506493,0.5,0.75,5,4868,72,5,0.5,0.014574898785425101,0.9844444444444445,66,100
0.025506072874493926,0.5,0.9618320610687023,0.03816793893129771,0.5,0.8,5,4814,126,5,0.5,0.025506072874493926,0.9735353535353536,66,100
0.04149797570850203,0.6,0.9715639810426541,0.02843601895734597,0.6,0.85,6,4735,205,4,0.6,0.04149797570850203,0.9577777777777777,66,100
0.10121457489878542,0.9,0.9823182711198428,0.01768172888015717,0.9,0.9,9,4440,500,1,0.9,0.10121457489878542,0.8987878787878788,66,100
0.17894736842105263,1.0,0.9888143176733781,0.011185682326621925,1.0,0.95,10,4056,884,0,1.0,0.17894736842105263,0.8214141414141414,66,100
0.4074898785425101,1.0,0.9950568462679189,0.004943153732081068,1.0,1.0,10,2927,2013,0,1.0,0.4074898785425101,0.5933333333333334,66,100
0.0,0.0,0.0,,0.0,0.1,0,4940,0,10,0.0,0.0,0.997979797979798,67,100
0.0,0.0,0.0,,0.0,0.15,0,4940,0,10,0.0,0.0,0.997979797979798,67,100
0.0,0.0,0.0,,0.0,0.2,0,4940,0,10,0.0,0.0,0.997979797979798,67,100
0.00020242914979757084,0.1,0.5,0.5,0.1,0.25,1,4939,1,9,0.1,0.00020242914979757084,0.997979797979798,67,100
0.00020242914979757084,0.1,0.5,0.5,0.1,0.3,1,4939,1,9,0.1,0.00020242914979757084,0.997979797979798,67,100
0.00020242914979757084,0.1,0.5,0.5,0.1,0.35,1,4939,1,9,0.1,0.00020242914979757084,0.997979797979798,67,100
0.0004048582995951417,0.1,0.6666666666666666,0.3333333333333333,0.1,0.4,1,4938,2,9,0.1,0.0004048582995951417,0.9977777777777778,67,100
0.0032388663967611335,0.3,0.8421052631578947,0.15789473684210525,0.3,0.45,3,4924,16,7,0.3,0.0032388663967611335,0.9953535353535353,67,100
0.0032388663967611335,0.3,0.8421052631578947,0.15789473684210525,0.3,0.5,3,4924,16,7,0.3,0.0032388663967611335,0.9953535353535353,67,100
0.0036437246963562753,0.3,0.8571428571428571,0.14285714285714285,0.3,0.55,3,4922,18,7,0.3,0.0036437246963562753,0.9949494949494949,67,100
0.008299595141700405,0.5,0.8913043478260869,0.10869565217391304,0.5,0.6,5,4899,41,5,0.5,0.008299595141700405,0.9907070707070708,67,100
0.008704453441295546,0.6,0.8775510204081632,0.12244897959183673,0.6,0.65,6,4897,43,4,0.6,0.008704453441295546,0.9905050505050506,67,100
0.019433198380566803,0.6,0.9411764705882353,0.058823529411764705,0.6,0.7,6,4844,96,4,0.6,0.019433198380566803,0.9797979797979798,67,100
0.039473684210526314,0.6,0.9701492537313433,0.029850746268656716,0.6,0.75,6,4745,195,4,0.6,0.039473684210526314,0.9597979797979798,67,100
0.05526315789473684,0.8,0.9715302491103203,0.028469750889679714,0.8,0.8,8,4667,273,2,0.8,0.05526315789473684,0.9444444444444444,67,100
0.09898785425101214,0.9,0.9819277108433735,0.018072289156626505,0.9,0.85,9,4451,489,1,0.9,0.09898785425101214,0.901010101010101,67,100
0.15323886639676113,0.9,0.9882506527415144,0.01174934725848564,0.9,0.9,9,4183,757,1,0.9,0.15323886639676113,0.8468686868686869,67,100
0.2230769230769231,0.9,0.991899189918992,0.008100810081008101,0.9,0.95,9,3838,1102,1,0.9,0.2230769230769231,0.7771717171717172,67,100
0.9704453441295546,1.0,0.9979184013322231,0.0020815986677768525,1.0,1.0,10,146,4794,0,1.0,0.9704453441295546,0.03151515151515152,67,100
0.0004048582995951417,0.2,0.5,0.5,0.2,0.1,2,4938,2,8,0.2,0.0004048582995951417,0.997979797979798,68,100
0.0008097165991902834,0.2,0.6666666666666666,0.3333333333333333,0.2,0.15,2,4936,4,8,0.2,0.0008097165991902834,0.9975757575757576,68,100
0.0012145748987854252,0.2,0.75,0.25,0.2,0.2,2,4934,6,8,0.2,0.0012145748987854252,0.9971717171717172,68,100
0.0018218623481781376,0.3,0.75,0.25,0.3,0.25,3,4931,9,7,0.3,0.0018218623481781376,0.9967676767676767,68,100
0.0024291497975708503,0.3,0.8,0.2,0.3,0.3,3,4928,12,7,0.3,0.0024291497975708503,0.9961616161616161,68,100
0.002834008097165992,0.3,0.8235294117647058,0.17647058823529413,0.3,0.35,3,4926,14,7,0.3,0.002834008097165992,0.9957575757575757,68,100
0.003036437246963563,0.3,0.8333333333333334,0.16666666666666666,0.3,0.4,3,4925,15,7,0.3,0.003036437246963563,0.9955555555555555,68,100
0.0038461538461538464,0.3,0.8636363636363636,0.13636363636363635,0.3,0.45,3,4921,19,7,0.3,0.0038461538461538464,0.9947474747474747,68,100
0.004048582995951417,0.3,0.8695652173913043,0.13043478260869565,0.3,0.5,3,4920,20,7,0.3,0.004048582995951417,0.9945454545454545,68,100
0.004251012145748988,0.4,0.84,0.16,0.4,0.55,4,4919,21,6,0.4,0.004251012145748988,0.9945454545454545,68,100
0.008299595141700405,0.4,0.9111111111111111,0.08888888888888889,0.4,0.6,4,4899,41,6,0.4,0.008299595141700405,0.9905050505050506,68,100
0.013765182186234818,0.5,0.9315068493150684,0.0684931506849315,0.5,0.65,5,4872,68,5,0.5,0.013765182186234818,0.9852525252525253,68,100
0.014574898785425101,0.5,0.935064935064935,0.06493506493506493,0.5,0.7,5,4868,72,5,0.5,0.014574898785425101,0.9844444444444445,68,100
0.02611336032388664,0.6,0.9555555555555556,0.044444444444444446,0.6,0.75,6,4811,129,4,0.6,0.02611336032388664,0.9731313131313132,68,100
0.038866396761133605,0.7,0.964824120603015,0.035175879396984924,0.7,0.8,7,4748,192,3,0.7,0.038866396761133605,0.9606060606060606,68,100
0.08643724696356275,0.7,0.9838709677419355,0.016129032258064516,0.7,0.85,7,4513,427,3,0.7,0.08643724696356275,0.9131313131313131,68,100
0.14331983805668017,0.7,0.9902097902097902,0.009790209790209791,0.7,0.9,7,4232,708,3,0.7,0.14331983805668017,0.8563636363636363,68,100
0.17611336032388664,0.7,0.992018244013683,0.00798175598631699,0.7,0.95,7,4070,870,3,0.7,0.17611336032388664,0.8236363636363636,68,100
0.5773279352226721,1.0,0.9965059399021663,0.0034940600978336828,1.0,1.0,10,2088,2852,0,1.0,0.5773279352226721,0.42383838383838385,68,100
0.00020242914979757084,0.4,0.2,0.8,0.4,0.1,4,4939,1,6,0.4,0.00020242914979757084,0.9985858585858586,69,100
0.0004048582995951417,0.5,0.2857142857142857,0.7142857142857143,0.5,0.15,5,4938,2,5,0.5,0.0004048582995951417,0.9985858585858586,69,100
0.0010121457489878543,0.5,0.5,0.5,0.5,0.2,5,4935,5,5,0.5,0.0010121457489878543,0.997979797979798,69,100
0.001417004048582996,0.5,0.5833333333333334,0.4166666666666667,0.5,0.25,5,4933,7,5,0.5,0.001417004048582996,0.9975757575757576,69,100
0.0020242914979757085,0.5,0.6666666666666666,0.3333333333333333,0.5,0.3,5,4930,10,5,0.5,0.0020242914979757085,0.996969696969697,69,100
0.006275303643724696,0.5,0.8611111111111112,0.1388888888888889,0.5,0.35,5,4909,31,5,0.5,0.006275303643724696,0.9927272727272727,69,100
0.008502024291497975,0.5,0.8936170212765957,0.10638297872340426,0.5,0.4,5,4898,42,5,0.5,0.008502024291497975,0.9905050505050506,69,100
0.00931174089068826,0.5,0.9019607843137255,0.09803921568627451,0.5,0.45,5,4894,46,5,0.5,0.00931174089068826,0.9896969696969697,69,100
0.00931174089068826,0.5,0.9019607843137255,0.09803921568627451,0.5,0.5,5,4894,46,5,0.5,0.00931174089068826,0.9896969696969697,69,100
0.011538461538461539,0.5,0.9193548387096774,0.08064516129032258,0.5,0.55,5,4883,57,5,0.5,0.011538461538461539,0.9874747474747475,69,100
0.015991902834008098,0.5,0.9404761904761905,0.05952380952380952,0.5,0.6,5,4861,79,5,0.5,0.015991902834008098,0.983030303030303,69,100
0.020647773279352227,0.5,0.9532710280373832,0.04672897196261682,0.5,0.65,5,4838,102,5,0.5,0.020647773279352227,0.9783838383838384,69,100
0.03137651821862348,0.6,0.9627329192546584,0.037267080745341616,0.6,0.7,6,4785,155,4,0.6,0.03137651821862348,0.9678787878787879,69,100
0.055465587044534415,0.8,0.9716312056737588,0.028368794326241134,0.8,0.75,8,4666,274,2,0.8,0.055465587044534415,0.9442424242424242,69,100
0.06174089068825911,0.8,0.9744408945686901,0.025559105431309903,0.8,0.8,8,4635,305,2,0.8,0.06174089068825911,0.937979797979798,69,100
0.08643724696356275,0.8,0.9816091954022989,0.01839080459770115,0.8,0.85,8,4513,427,2,0.8,0.08643724696356275,0.9133333333333333,69,100
0.11923076923076924,0.9,0.9849498327759197,0.015050167224080268,0.9,0.9,9,4351,589,1,0.9,0.11923076923076924,0.8808080808080808,69,100
0.14473684210526316,0.9,0.9875690607734806,0.012430939226519336,0.9,0.95,9,4225,715,1,0.9,0.14473684210526316,0.8553535353535353,69,100
0.46214574898785427,1.0,0.9956389010030527,0.00436109899694723,1.0,1.0,10,2657,2283,0,1.0,0.46214574898785427,0.5387878787878788,69,100
0.0008097165991902834,0.3,0.5714285714285714,0.42857142857142855,0.3,0.1,3,4936,4,7,0.3,0.0008097165991902834,0.9977777777777778,70,100
0.0008097165991902834,0.5,0.4444444444444444,0.5555555555555556,0.5,0.15,5,4936,4,5,0.5,0.0008097165991902834,0.9981818181818182,70,100
0.0018218623481781376,0.5,0.6428571428571429,0.35714285714285715,0.5,0.2,5,4931,9,5,0.5,0.0018218623481781376,0.9971717171717172,70,100
0.002226720647773279,0.5,0.6875,0.3125,0.5,0.25,5,4929,11,5,0.5,0.002226720647773279,0.9967676767676767,70,100
0.002631578947368421,0.6,0.6842105263157895,0.3157894736842105,0.6,0.3,6,4927,13,4,0.6,0.002631578947368421,0.9965656565656565,70,100
0.0032388663967611335,0.7,0.6956521739130435,0.30434782608695654,0.7,0.35,7,4924,16,3,0.7,0.0032388663967611335,0.9961616161616161,70,100
0.0034412955465587046,0.7,0.7083333333333334,0.2916666666666667,0.7,0.4,7,4923,17,3,0.7,0.0034412955465587046,0.9959595959595959,70,100
0.004048582995951417,0.7,0.7407407407407407,0.25925925925925924,0.7,0.45,7,4920,20,3,0.7,0.004048582995951417,0.9953535353535353,70,100
0.004048582995951417,0.7,0.7407407407407407,0.25925925925925924,0.7,0.5,7,4920,20,3,0.7,0.004048582995951417,0.9953535353535353,70,100
0.00465587044534413,0.7,0.7666666666666667,0.23333333333333334,0.7,0.55,7,4917,23,3,0.7,0.00465587044534413,0.9947474747474747,70,100
0.008906882591093117,0.7,0.8627450980392157,0.13725490196078433,0.7,0.6,7,4896,44,3,0.7,0.008906882591093117,0.9905050505050506,70,100
0.009716599190283401,0.7,0.8727272727272727,0.12727272727272726,0.7,0.65,7,4892,48,3,0.7,0.009716599190283401,0.9896969696969697,70,100
0.010323886639676113,0.7,0.8793103448275862,0.1206896551724138,0.7,0.7,7,4889,51,3,0.7,0.010323886639676113,0.9890909090909091,70,100
0.013360323886639677,0.7,0.9041095890410958,0.0958904109589041,0.7,0.75,7,4874,66,3,0.7,0.013360323886639677,0.9860606060606061,70,100
0.01720647773279352,0.7,0.9239130434782609,0.07608695652173914,0.7,0.8,7,4855,85,3,0.7,0.01720647773279352,0.9822222222222222,70,100
0.047165991902834006,0.7,0.9708333333333333,0.029166666666666667,0.7,0.85,7,4707,233,3,0.7,0.047165991902834006,0.9523232323232323,70,100
0.10020242914979757,0.8,0.9840954274353877,0.015904572564612324,0.8,0.9,8,4445,495,2,0.8,0.10020242914979757,0.8995959595959596,70,100
0.22186234817813766,0.8,0.9927536231884058,0.007246376811594203,0.8,0.95,8,3844,1096,2,0.8,0.22186234817813766,0.7781818181818182,70,100
0.7763157894736842,1.0,0.9973992197659298,0.002600780234070221,1.0,1.0,10,1105,3835,0,1.0,0.7763157894736842,0.22525252525252526,70,100
0.0004048582995951417,0.4,0.3333333333333333,0.6666666666666666,0.4,0.1,4,4938,2,6,0.4,0.0004048582995951417,0.9983838383838384,71,100
0.0008097165991902834,0.5,0.4444444444444444,0.5555555555555556,0.5,0.15,5,4936,4,5,0.5,0.0008097165991902834,0.9981818181818182,71,100
0.0012145748987854252,0.5,0.5454545454545454,0.45454545454545453,0.5,0.2,5,4934,6,5,0.5,0.0012145748987854252,0.9977777777777778,71,100
0.001417004048582996,0.5,0.5833333333333334,0.4166666666666667,0.5,0.25,5,4933,7,5,0.5,0.001417004048582996,0.9975757575757576,71,100
0.003036437246963563,0.5,0.75,0.25,0.5,0.3,5,4925,15,5,0.5,0.003036437246963563,0.9959595959595959,71,100
0.003036437246963563,0.5,0.75,0.25,0.5,0.35,5,4925,15,5,0.5,0.003036437246963563,0.9959595959595959,71,100
0.003036437246963563,0.5,0.75,0.25,0.5,0.4,5,4925,15,5,0.5,0.003036437246963563,0.9959595959595959,71,100
0.004251012145748988,0.6,0.7777777777777778,0.2222222222222222,0.6,0.45,6,4919,21,4,0.6,0.004251012145748988,0.9949494949494949,71,100
0.004251012145748988,0.6,0.7777777777777778,0.2222222222222222,0.6,0.5,6,4919,21,4,0.6,0.004251012145748988,0.9949494949494949,71,100
0.010931174089068825,0.6,0.9,0.1,0.6,0.55,6,4886,54,4,0.6,0.010931174089068825,0.9882828282828283,71,100
0.015789473684210527,0.6,0.9285714285714286,0.07142857142857142,0.6,0.6,6,4862,78,4,0.6,0.015789473684210527,0.9834343434343434,71,100
0.026720647773279354,0.6,0.9565217391304348,0.043478260869565216,0.6,0.65,6,4808,132,4,0.6,0.026720647773279354,0.9725252525252526,71,100
0.0340080971659919,0.6,0.9655172413793104,0.034482758620689655,0.6,0.7,6,4772,168,4,0.6,0.0340080971659919,0.9652525252525253,71,100
0.039271255060728746,0.6,0.97,0.03,0.6,0.75,6,4746,194,4,0.6,0.039271255060728746,0.96,71,100
0.048987854251012146,0.6,0.9758064516129032,0.024193548387096774,0.6,0.8,6,4698,242,4,0.6,0.048987854251012146,0.9503030303030303,71,100
0.06275303643724696,0.7,0.9779179810725552,0.022082018927444796,0.7,0.85,7,4630,310,3,0.7,0.06275303643724696,0.9367676767676768,71,100
0.09210526315789473,0.9,0.9806034482758621,0.01939655172413793,0.9,0.9,9,4485,455,1,0.9,0.09210526315789473,0.9078787878787878,71,100
0.11437246963562753,0.9,0.9843205574912892,0.0156794425087108,0.9,0.95,9,4375,565,1,0.9,0.11437246963562753,0.8856565656565657,71,100
0.9522267206477733,1.0,0.9978786593126856,0.0021213406873143827,1.0,1.0,10,236,4704,0,1.0,0.9522267206477733,0.0496969696969697,71,100
0.0008097165991902834,0.3,0.5714285714285714,0.42857142857142855,0.3,0.1,3,4936,4,7,0.3,0.0008097165991902834,0.9977777777777778,72,100
0.0008097165991902834,0.3,0.5714285714285714,0.42857142857142855,0.3,0.15,3,4936,4,7,0.3,0.0008097165991902834,0.9977777777777778,72,100
0.0008097165991902834,0.3,0.5714285714285714,0.42857142857142855,0.3,0.2,3,4936,4,7,0.3,0.0008097165991902834,0.9977777777777778,72,100
0.0008097165991902834,0.3,0.5714285714285714,0.42857142857142855,0.3,0.25,3,4936,4,7,0.3,0.0008097165991902834,0.9977777777777778,72,100
0.0010121457489878543,0.3,0.625,0.375,0.3,0.3,3,4935,5,7,0.3,0.0010121457489878543,0.9975757575757576,72,100
0.0010121457489878543,0.3,0.625,0.375,0.3,0.35,3,4935,5,7,0.3,0.0010121457489878543,0.9975757575757576,72,100
0.002631578947368421,0.3,0.8125,0.1875,0.3,0.4,3,4927,13,7,0.3,0.002631578947368421,0.9959595959595959,72,100
0.0032388663967611335,0.3,0.8421052631578947,0.15789473684210525,0.3,0.45,3,4924,16,7,0.3,0.0032388663967611335,0.9953535353535353,72,100
0.0038461538461538464,0.3,0.8636363636363636,0.13636363636363635,0.3,0.5,3,4921,19,7,0.3,0.0038461538461538464,0.9947474747474747,72,100
0.004251012145748988,0.4,0.84,0.16,0.4,0.55,4,4919,21,6,0.4,0.004251012145748988,0.9945454545454545,72,100
0.004858299595141701,0.6,0.8,0.2,0.6,0.6,6,4916,24,4,0.6,0.004858299595141701,0.9943434343434343,72,100
0.005668016194331984,0.6,0.8235294117647058,0.17647058823529413,0.6,0.65,6,4912,28,4,0.6,0.005668016194331984,0.9935353535353535,72,100
0.008906882591093117,0.7,0.8627450980392157,0.13725490196078433,0.7,0.7,7,4896,44,3,0.7,0.008906882591093117,0.9905050505050506,72,100
0.010526315789473684,0.7,0.8813559322033898,0.11864406779661017,0.7,0.75,7,4888,52,3,0.7,0.010526315789473684,0.9888888888888889,72,100
0.02854251012145749,0.8,0.9463087248322147,0.053691275167785234,0.8,0.8,8,4799,141,2,0.8,0.02854251012145749,0.9711111111111111,72,100
0.04008097165991903,0.8,0.9611650485436893,0.038834951456310676,0.8,0.85,8,4742,198,2,0.8,0.04008097165991903,0.9595959595959596,72,100
0.06437246963562752,0.9,0.9724770642201835,0.027522935779816515,0.9,0.9,9,4622,318,1,0.9,0.06437246963562752,0.9355555555555556,72,100
0.11234817813765183,0.9,0.9840425531914894,0.015957446808510637,0.9,0.95,9,4385,555,1,0.9,0.11234817813765183,0.8876767676767677,72,100
0.8921052631578947,1.0,0.9977360199230246,0.0022639800769753225,1.0,1.0,10,533,4407,0,1.0,0.8921052631578947,0.1096969696969697,72,100
0.00020242914979757084,0.4,0.2,0.8,0.4,0.1,4,4939,1,6,0.4,0.00020242914979757084,0.9985858585858586,73,100
0.0010121457489878543,0.4,0.5555555555555556,0.4444444444444444,0.4,0.15,4,4935,5,6,0.4,0.0010121457489878543,0.9977777777777778,73,100
0.001417004048582996,0.4,0.6363636363636364,0.36363636363636365,0.4,0.2,4,4933,7,6,0.4,0.001417004048582996,0.9973737373737374,73,100
0.002226720647773279,0.6,0.6470588235294118,0.35294117647058826,0.6,0.25,6,4929,11,4,0.6,0.002226720647773279,0.996969696969697,73,100
0.002631578947368421,0.6,0.6842105263157895,0.3157894736842105,0.6,0.3,6,4927,13,4,0.6,0.002631578947368421,0.9965656565656565,73,100
0.0034412955465587046,0.6,0.7391304347826086,0.2608695652173913,0.6,0.35,6,4923,17,4,0.6,0.0034412955465587046,0.9957575757575757,73,100
0.0034412955465587046,0.6,0.7391304347826086,0.2608695652173913,0.6,0.4,6,4923,17,4,0.6,0.0034412955465587046,0.9957575757575757,73,100
0.00465587044534413,0.6,0.7931034482758621,0.20689655172413793,0.6,0.45,6,4917,23,4,0.6,0.00465587044534413,0.9945454545454545,73,100
0.005263157894736842,0.6,0.8125,0.1875,0.6,0.5,6,4914,26,4,0.6,0.005263157894736842,0.9939393939393939,73,100
0.006072874493927126,0.6,0.8333333333333334,0.16666666666666666,0.6,0.55,6,4910,30,4,0.6,0.006072874493927126,0.9931313131313131,73,100
0.008704453441295546,0.6,0.8775510204081632,0.12244897959183673,0.6,0.6,6,4897,43,4,0.6,0.008704453441295546,0.9905050505050506,73,100
0.014574898785425101,0.6,0.9230769230769231,0.07692307692307693,0.6,0.65,6,4868,72,4,0.6,0.014574898785425101,0.9846464646464647,73,100
0.014574898785425101,0.6,0.9230769230769231,0.07692307692307693,0.6,0.7,6,4868,72,4,0.6,0.014574898785425101,0.9846464646464647,73,100
0.015587044534412956,0.7,0.9166666666666666,0.08333333333333333,0.7,0.75,7,4863,77,3,0.7,0.015587044534412956,0.9838383838383838,73,100
0.015587044534412956,0.7,0.9166666666666666,0.08333333333333333,0.7,0.8,7,4863,77,3,0.7,0.015587044534412956,0.9838383838383838,73,100
0.01659919028340081,0.7,0.9213483146067416,0.07865168539325842,0.7,0.85,7,4858,82,3,0.7,0.01659919028340081,0.9828282828282828,73,100
0.06700404858299595,0.8,0.976401179941003,0.02359882005899705,0.8,0.9,8,4609,331,2,0.8,0.06700404858299595,0.9327272727272727,73,100
0.0728744939271255,0.8,0.9782608695652174,0.021739130434782608,0.8,0.95,8,4580,360,2,0.8,0.0728744939271255,0.9268686868686868,73,100
0.9534412955465587,1.0,0.9978813559322034,0.00211864406779661,1.0,1.0,10,230,4710,0,1.0,0.9534412955465587,0.048484848484848485,73,100
0.0,0.1,0.0,1.0,0.1,0.1,1,4940,0,9,0.1,0.0,0.9981818181818182,74,100
0.0006072874493927126,0.1,0.75,0.25,0.1,0.15,1,4937,3,9,0.1,0.0006072874493927126,0.9975757575757576,74,100
0.0006072874493927126,0.1,0.75,0.25,0.1,0.2,1,4937,3,9,0.1,0.0006072874493927126,0.9975757575757576,74,100
0.0008097165991902834,0.1,0.8,0.2,0.1,0.25,1,4936,4,9,0.1,0.0008097165991902834,0.9973737373737374,74,100
0.0008097165991902834,0.1,0.8,0.2,0.1,0.3,1,4936,4,9,0.1,0.0008097165991902834,0.9973737373737374,74,100
0.0008097165991902834,0.1,0.8,0.2,0.1,0.35,1,4936,4,9,0.1,0.0008097165991902834,0.9973737373737374,74,100
0.0008097165991902834,0.1,0.8,0.2,0.1,0.4,1,4936,4,9,0.1,0.0008097165991902834,0.9973737373737374,74,100
0.0038461538461538464,0.3,0.8636363636363636,0.13636363636363635,0.3,0.45,3,4921,19,7,0.3,0.0038461538461538464,0.9947474747474747,74,100
0.004858299595141701,0.4,0.8571428571428571,0.14285714285714285,0.4,0.5,4,4916,24,6,0.4,0.004858299595141701,0.9939393939393939,74,100
0.005263157894736842,0.4,0.8666666666666667,0.13333333333333333,0.4,0.55,4,4914,26,6,0.4,0.005263157894736842,0.9935353535353535,74,100
0.005870445344129555,0.4,0.8787878787878788,0.12121212121212122,0.4,0.6,4,4911,29,6,0.4,0.005870445344129555,0.9929292929292929,74,100
0.00951417004048583,0.4,0.9215686274509803,0.0784313725490196,0.4,0.65,4,4893,47,6,0.4,0.00951417004048583,0.9892929292929293,74,100
0.010526315789473684,0.4,0.9285714285714286,0.07142857142857142,0.4,0.7,4,4888,52,6,0.4,0.010526315789473684,0.9882828282828283,74,100
0.012145748987854251,0.5,0.9230769230769231,0.07692307692307693,0.5,0.75,5,4880,60,5,0.5,0.012145748987854251,0.9868686868686869,74,100
0.014979757085020242,0.5,0.9367088607594937,0.06329113924050633,0.5,0.8,5,4866,74,5,0.5,0.014979757085020242,0.984040404040404,74,100
0.017408906882591092,0.5,0.945054945054945,0.054945054945054944,0.5,0.85,5,4854,86,5,0.5,0.017408906882591092,0.9816161616161616,74,100
0.02145748987854251,0.5,0.954954954954955,0.04504504504504504,0.5,0.9,5,4834,106,5,0.5,0.02145748987854251,0.9775757575757575,74,100
0.05445344129554656,0.7,0.9746376811594203,0.025362318840579712,0.7,0.95,7,4671,269,3,0.7,0.05445344129554656,0.945050505050505,74,100
0.5224696356275303,1.0,0.9961404862987263,0.0038595137012736396,1.0,1.0,10,2359,2581,0,1.0,0.5224696356275303,0.47858585858585856,74,100
0.00020242914979757084,0.1,0.5,0.5,0.1,0.1,1,4939,1,9,0.1,0.00020242914979757084,0.997979797979798,75,100
0.0006072874493927126,0.1,0.75,0.25,0.1,0.15,1,4937,3,9,0.1,0.0006072874493927126,0.9975757575757576,75,100
0.0006072874493927126,0.1,0.75,0.25,0.1,0.2,1,4937,3,9,0.1,0.0006072874493927126,0.9975757575757576,75,100
0.0006072874493927126,0.1,0.75,0.25,0.1,0.25,1,4937,3,9,0.1,0.0006072874493927126,0.9975757575757576,75,100
0.002226720647773279,0.4,0.7333333333333333,0.26666666666666666,0.4,0.3,4,4929,11,6,0.4,0.002226720647773279,0.9965656565656565,75,100
0.0038461538461538464,0.5,0.7916666666666666,0.20833333333333334,0.5,0.35,5,4921,19,5,0.5,0.0038461538461538464,0.9951515151515151,75,100
0.004048582995951417,0.5,0.8,0.2,0.5,0.4,5,4920,20,5,0.5,0.004048582995951417,0.9949494949494949,75,100
0.005465587044534413,0.5,0.84375,0.15625,0.5,0.45,5,4913,27,5,0.5,0.005465587044534413,0.9935353535353535,75,100
0.006477732793522267,0.5,0.8648648648648649,0.13513513513513514,0.5,0.5,5,4908,32,5,0.5,0.006477732793522267,0.9925252525252525,75,100
0.006882591093117409,0.5,0.8717948717948718,0.1282051282051282,0.5,0.55,5,4906,34,5,0.5,0.006882591093117409,0.9921212121212121,75,100
0.008299595141700405,0.5,0.8913043478260869,0.10869565217391304,0.5,0.6,5,4899,41,5,0.5,0.008299595141700405,0.9907070707070708,75,100
0.01437246963562753,0.5,0.9342105263157895,0.06578947368421052,0.5,0.65,5,4869,71,5,0.5,0.01437246963562753,0.9846464646464647,75,100
0.015182186234817813,0.5,0.9375,0.0625,0.5,0.7,5,4865,75,5,0.5,0.015182186234817813,0.9838383838383838,75,100
0.02368421052631579,0.6,0.9512195121951219,0.04878048780487805,0.6,0.75,6,4823,117,4,0.6,0.02368421052631579,0.9755555555555555,75,100
0.04190283400809717,0.7,0.9672897196261683,0.03271028037383177,0.7,0.8,7,4733,207,3,0.7,0.04190283400809717,0.9575757575757575,75,100
0.04919028340080972,0.8,0.9681274900398407,0.03187250996015936,0.8,0.85,8,4697,243,2,0.8,0.04919028340080972,0.9505050505050505,75,100
0.056477732793522264,0.9,0.96875,0.03125,0.9,0.9,9,4661,279,1,0.9,0.056477732793522264,0.9434343434343434,75,100
0.09777327935222672,1.0,0.9797160243407708,0.02028397565922921,1.0,0.95,10,4457,483,0,1.0,0.09777327935222672,0.9024242424242425,75,100
0.9655870445344129,1.0,0.997907949790795,0.0020920502092050207,1.0,1.0,10,170,4770,0,1.0,0.9655870445344129,0.03636363636363636,75,100
0.0006072874493927126,0.1,0.75,0.25,0.1,0.1,1,4937,3,9,0.1,0.0006072874493927126,0.9975757575757576,76,100
0.001417004048582996,0.4,0.6363636363636364,0.36363636363636365,0.4,0.15,4,4933,7,6,0.4,0.001417004048582996,0.9973737373737374,76,100
0.001417004048582996,0.5,0.5833333333333334,0.4166666666666667,0.5,0.2,5,4933,7,5,0.5,0.001417004048582996,0.9975757575757576,76,100
0.0018218623481781376,0.5,0.6428571428571429,0.35714285714285715,0.5,0.25,5,4931,9,5,0.5,0.0018218623481781376,0.9971717171717172,76,100
0.0018218623481781376,0.5,0.6428571428571429,0.35714285714285715,0.5,0.3,5,4931,9,5,0.5,0.0018218623481781376,0.9971717171717172,76,100
0.0020242914979757085,0.5,0.6666666666666666,0.3333333333333333,0.5,0.35,5,4930,10,5,0.5,0.0020242914979757085,0.996969696969697,76,100
0.002226720647773279,0.5,0.6875,0.3125,0.5,0.4,5,4929,11,5,0.5,0.002226720647773279,0.9967676767676767,76,100
0.0034412955465587046,0.5,0.7727272727272727,0.22727272727272727,0.5,0.45,5,4923,17,5,0.5,0.0034412955465587046,0.9955555555555555,76,100
0.0034412955465587046,0.5,0.7727272727272727,0.22727272727272727,0.5,0.5,5,4923,17,5,0.5,0.0034412955465587046,0.9955555555555555,76,100
0.005060728744939271,0.5,0.8333333333333334,0.16666666666666666,0.5,0.55,5,4915,25,5,0.5,0.005060728744939271,0.9939393939393939,76,100
0.005060728744939271,0.5,0.8333333333333334,0.16666666666666666,0.5,0.6,5,4915,25,5,0.5,0.005060728744939271,0.9939393939393939,76,100
0.008906882591093117,0.7,0.8627450980392157,0.13725490196078433,0.7,0.65,7,4896,44,3,0.7,0.008906882591093117,0.9905050505050506,76,100
0.010728744939271255,0.7,0.8833333333333333,0.11666666666666667,0.7,0.7,7,4887,53,3,0.7,0.010728744939271255,0.9886868686868687,76,100
0.015789473684210527,0.7,0.9176470588235294,0.08235294117647059,0.7,0.75,7,4862,78,3,0.7,0.015789473684210527,0.9836363636363636,76,100
0.027530364372469637,0.7,0.951048951048951,0.04895104895104895,0.7,0.8,7,4804,136,3,0.7,0.027530364372469637,0.971919191919192,76,100
0.03137651821862348,0.7,0.9567901234567902,0.043209876543209874,0.7,0.85,7,4785,155,3,0.7,0.03137651821862348,0.9680808080808081,76,100
0.08097165991902834,0.7,0.9828009828009828,0.0171990171990172,0.7,0.9,7,4540,400,3,0.7,0.08097165991902834,0.9185858585858586,76,100
0.10323886639676114,0.8,0.9845559845559846,0.015444015444015444,0.8,0.95,8,4430,510,2,0.8,0.10323886639676114,0.8965656565656566,76,100
0.9520242914979757,1.0,0.9978782092085721,0.0021217907914279654,1.0,1.0,10,237,4703,0,1.0,0.9520242914979757,0.0498989898989899,76,100
0.0006072874493927126,0.7,0.3,0.7,0.7,0.1,7,4937,3,3,0.7,0.0006072874493927126,0.9987878787878788,77,100
0.0008097165991902834,0.7,0.36363636363636365,0.6363636363636364,0.7,0.15,7,4936,4,3,0.7,0.0008097165991902834,0.9985858585858586,77,100
0.0010121457489878543,0.7,0.4166666666666667,0.5833333333333334,0.7,0.2,7,4935,5,3,0.7,0.0010121457489878543,0.9983838383838384,77,100
0.0010121457489878543,0.7,0.4166666666666667,0.5833333333333334,0.7,0.25,7,4935,5,3,0.7,0.0010121457489878543,0.9983838383838384,77,100
0.001417004048582996,0.7,0.5,0.5,0.7,0.3,7,4933,7,3,0.7,0.001417004048582996,0.997979797979798,77,100
0.002226720647773279,0.7,0.6111111111111112,0.3888888888888889,0.7,0.35,7,4929,11,3,0.7,0.002226720647773279,0.9971717171717172,77,100
0.002631578947368421,0.7,0.65,0.35,0.7,0.4,7,4927,13,3,0.7,0.002631578947368421,0.9967676767676767,77,100
0.002834008097165992,0.7,0.6666666666666666,0.3333333333333333,0.7,0.45,7,4926,14,3,0.7,0.002834008097165992,0.9965656565656565,77,100
0.004048582995951417,0.7,0.7407407407407407,0.25925925925925924,0.7,0.5,7,4920,20,3,0.7,0.004048582995951417,0.9953535353535353,77,100
0.004858299595141701,0.7,0.7741935483870968,0.22580645161290322,0.7,0.55,7,4916,24,3,0.7,0.004858299595141701,0.9945454545454545,77,100
0.005263157894736842,0.7,0.7878787878787878,0.21212121212121213,0.7,0.6,7,4914,26,3,0.7,0.005263157894736842,0.9941414141414141,77,100
0.009919028340080972,0.7,0.875,0.125,0.7,0.65,7,4891,49,3,0.7,0.009919028340080972,0.9894949494949495,77,100
0.01639676113360324,0.7,0.9204545454545454,0.07954545454545454,0.7,0.7,7,4859,81,3,0.7,0.01639676113360324,0.983030303030303,77,100
0.018421052631578946,0.8,0.9191919191919192,0.08080808080808081,0.8,0.75,8,4849,91,2,0.8,0.018421052631578946,0.9812121212121212,77,100
0.020445344129554656,0.8,0.926605504587156,0.07339449541284404,0.8,0.8,8,4839,101,2,0.8,0.020445344129554656,0.9791919191919192,77,100
0.03603238866396761,0.8,0.956989247311828,0.043010752688172046,0.8,0.85,8,4762,178,2,0.8,0.03603238866396761,0.9636363636363636,77,100
0.06174089068825911,0.8,0.9744408945686901,0.025559105431309903,0.8,0.9,8,4635,305,2,0.8,0.06174089068825911,0.937979797979798,77,100
0.22044534412955466,1.0,0.9909008189262967,0.009099181073703366,1.0,0.95,10,3851,1089,0,1.0,0.22044534412955466,0.78,77,100
0.42955465587044533,1.0,0.9953095684803002,0.004690431519699813,1.0,1.0,10,2818,2122,0,1.0,0.42955465587044533,0.5713131313131313,77,100
0.0004048582995951417,0.4,0.3333333333333333,0.6666666666666666,0.4,0.1,4,4938,2,6,0.4,0.0004048582995951417,0.9983838383838384,78,100
0.0004048582995951417,0.4,0.3333333333333333,0.6666666666666666,0.4,0.15,4,4938,2,6,0.4,0.0004048582995951417,0.9983838383838384,78,100
0.0004048582995951417,0.4,0.3333333333333333,0.6666666666666666,0.4,0.2,4,4938,2,6,0.4,0.0004048582995951417,0.9983838383838384,78,100
0.0006072874493927126,0.4,0.42857142857142855,0.5714285714285714,0.4,0.25,4,4937,3,6,0.4,0.0006072874493927126,0.9981818181818182,78,100
0.0006072874493927126,0.4,0.42857142857142855,0.5714285714285714,0.4,0.3,4,4937,3,6,0.4,0.0006072874493927126,0.9981818181818182,78,100
0.0032388663967611335,0.4,0.8,0.2,0.4,0.35,4,4924,16,6,0.4,0.0032388663967611335,0.9955555555555555,78,100
0.004858299595141701,0.5,0.8275862068965517,0.1724137931034483,0.5,0.4,5,4916,24,5,0.5,0.004858299595141701,0.9941414141414141,78,100
0.006275303643724696,0.5,0.8611111111111112,0.1388888888888889,0.5,0.45,5,4909,31,5,0.5,0.006275303643724696,0.9927272727272727,78,100
0.00708502024291498,0.5,0.875,0.125,0.5,0.5,5,4905,35,5,0.5,0.00708502024291498,0.9919191919191919,78,100
0.008299595141700405,0.6,0.8723404255319149,0.1276595744680851,0.6,0.55,6,4899,41,4,0.6,0.008299595141700405,0.990909090909091,78,100
0.008299595141700405,0.6,0.8723404255319149,0.1276595744680851,0.6,0.6,6,4899,41,4,0.6,0.008299595141700405,0.990909090909091,78,100
0.008906882591093117,0.6,0.88,0.12,0.6,0.65,6,4896,44,4,0.6,0.008906882591093117,0.9903030303030304,78,100
0.017408906882591092,0.8,0.9148936170212766,0.0851063829787234,0.8,0.7,8,4854,86,2,0.8,0.017408906882591092,0.9822222222222222,78,100
0.02145748987854251,0.8,0.9298245614035088,0.07017543859649122,0.8,0.75,8,4834,106,2,0.8,0.02145748987854251,0.9781818181818182,78,100
0.031174089068825912,0.8,0.9506172839506173,0.04938271604938271,0.8,0.8,8,4786,154,2,0.8,0.031174089068825912,0.9684848484848485,78,100
0.04919028340080972,0.8,0.9681274900398407,0.03187250996015936,0.8,0.85,8,4697,243,2,0.8,0.04919028340080972,0.9505050505050505,78,100
0.08340080971659919,0.8,0.9809523809523809,0.01904761904761905,0.8,0.9,8,4528,412,2,0.8,0.08340080971659919,0.9163636363636364,78,100
0.12246963562753037,0.8,0.9869494290375204,0.013050570962479609,0.8,0.95,8,4335,605,2,0.8,0.12246963562753037,0.8773737373737374,78,100
0.454251012145749,0.9,0.996005326231691,0.0039946737683089215,0.9,1.0,9,2696,2244,1,0.9,0.454251012145749,0.5464646464646464,78,100
0.00020242914979757084,0.1,0.5,0.5,0.1,0.1,1,4939,1,9,0.1,0.00020242914979757084,0.997979797979798,79,100
0.00020242914979757084,0.1,0.5,0.5,0.1,0.15,1,4939,1,9,0.1,0.00020242914979757084,0.997979797979798,79,100
0.00020242914979757084,0.1,0.5,0.5,0.1,0.2,1,4939,1,9,0.1,0.00020242914979757084,0.997979797979798,79,100
0.001417004048582996,0.1,0.875,0.125,0.1,0.25,1,4933,7,9,0.1,0.001417004048582996,0.9967676767676767,79,100
0.001417004048582996,0.1,0.875,0.125,0.1,0.3,1,4933,7,9,0.1,0.001417004048582996,0.9967676767676767,79,100
0.001417004048582996,0.1,0.875,0.125,0.1,0.35,1,4933,7,9,0.1,0.001417004048582996,0.9967676767676767,79,100
0.001417004048582996,0.1,0.875,0.125,0.1,0.4,1,4933,7,9,0.1,0.001417004048582996,0.9967676767676767,79,100
0.004453441295546558,0.3,0.88,0.12,0.3,0.45,3,4918,22,7,0.3,0.004453441295546558,0.9941414141414141,79,100
0.004453441295546558,0.3,0.88,0.12,0.3,0.5,3,4918,22,7,0.3,0.004453441295546558,0.9941414141414141,79,100
0.005060728744939271,0.3,0.8928571428571429,0.10714285714285714,0.3,0.55,3,4915,25,7,0.3,0.005060728744939271,0.9935353535353535,79,100
0.007489878542510121,0.5,0.8809523809523809,0.11904761904761904,0.5,0.6,5,4903,37,5,0.5,0.007489878542510121,0.9915151515151515,79,100
0.012955465587044534,0.5,0.927536231884058,0.07246376811594203,0.5,0.65,5,4876,64,5,0.5,0.012955465587044534,0.9860606060606061,79,100
0.015789473684210527,0.5,0.9397590361445783,0.060240963855421686,0.5,0.7,5,4862,78,5,0.5,0.015789473684210527,0.9832323232323232,79,100
0.01720647773279352,0.5,0.9444444444444444,0.05555555555555555,0.5,0.75,5,4855,85,5,0.5,0.01720647773279352,0.9818181818181818,79,100
0.027732793522267207,0.5,0.9647887323943662,0.035211267605633804,0.5,0.8,5,4803,137,5,0.5,0.027732793522267207,0.9713131313131314,79,100
0.036639676113360324,0.5,0.9731182795698925,0.026881720430107527,0.5,0.85,5,4759,181,5,0.5,0.036639676113360324,0.9624242424242424,79,100
0.06072874493927125,0.5,0.9836065573770492,0.01639344262295082,0.5,0.9,5,4640,300,5,0.5,0.06072874493927125,0.9383838383838384,79,100
0.07995951417004049,0.6,0.9850374064837906,0.014962593516209476,0.6,0.95,6,4545,395,4,0.6,0.07995951417004049,0.9193939393939394,79,100
0.897165991902834,1.0,0.9977487618190004,0.0022512381809995496,1.0,1.0,10,508,4432,0,1.0,0.897165991902834,0.10464646464646464,79,100
0.00020242914979757084,0.4,0.2,0.8,0.4,0.1,4,4939,1,6,0.4,0.00020242914979757084,0.9985858585858586,80,100
0.00020242914979757084,0.4,0.2,0.8,0.4,0.15,4,4939,1,6,0.4,0.00020242914979757084,0.9985858585858586,80,100
0.0004048582995951417,0.4,0.3333333333333333,0.6666666666666666,0.4,0.2,4,4938,2,6,0.4,0.0004048582995951417,0.9983838383838384,80,100
0.0008097165991902834,0.5,0.4444444444444444,0.5555555555555556,0.5,0.25,5,4936,4,5,0.5,0.0008097165991902834,0.9981818181818182,80,100
0.0010121457489878543,0.5,0.5,0.5,0.5,0.3,5,4935,5,5,0.5,0.0010121457489878543,0.997979797979798,80,100
0.0016194331983805667,0.6,0.5714285714285714,0.42857142857142855,0.6,0.35,6,4932,8,4,0.6,0.0016194331983805667,0.9975757575757576,80,100
0.0018218623481781376,0.6,0.6,0.4,0.6,0.4,6,4931,9,4,0.6,0.0018218623481781376,0.9973737373737374,80,100
0.0020242914979757085,0.6,0.625,0.375,0.6,0.45,6,4930,10,4,0.6,0.0020242914979757085,0.9971717171717172,80,100
0.0024291497975708503,0.6,0.6666666666666666,0.3333333333333333,0.6,0.5,6,4928,12,4,0.6,0.0024291497975708503,0.9967676767676767,80,100
0.004048582995951417,0.6,0.7692307692307693,0.23076923076923078,0.6,0.55,6,4920,20,4,0.6,0.004048582995951417,0.9951515151515151,80,100
0.004048582995951417,0.6,0.7692307692307693,0.23076923076923078,0.6,0.6,6,4920,20,4,0.6,0.004048582995951417,0.9951515151515151,80,100
0.004251012145748988,0.6,0.7777777777777778,0.2222222222222222,0.6,0.65,6,4919,21,4,0.6,0.004251012145748988,0.9949494949494949,80,100
0.004251012145748988,0.6,0.7777777777777778,0.2222222222222222,0.6,0.7,6,4919,21,4,0.6,0.004251012145748988,0.9949494949494949,80,100
0.00465587044534413,0.6,0.7931034482758621,0.20689655172413793,0.6,0.75,6,4917,23,4,0.6,0.00465587044534413,0.9945454545454545,80,100
0.013157894736842105,0.7,0.9027777777777778,0.09722222222222222,0.7,0.8,7,4875,65,3,0.7,0.013157894736842105,0.9862626262626263,80,100
0.01882591093117409,0.7,0.93,0.07,0.7,0.85,7,4847,93,3,0.7,0.01882591093117409,0.9806060606060606,80,100
0.041700404858299595,0.8,0.9626168224299065,0.037383177570093455,0.8,0.9,8,4734,206,2,0.8,0.041700404858299595,0.9579797979797979,80,100
0.06295546558704454,0.8,0.9749216300940439,0.025078369905956112,0.8,0.95,8,4629,311,2,0.8,0.06295546558704454,0.9367676767676768,80,100
0.9544534412955465,1.0,0.9978835978835979,0.0021164021164021165,1.0,1.0,10,225,4715,0,1.0,0.9544534412955465,0.047474747474747475,80,100
0.0004048582995951417,0.3,0.4,0.6,0.3,0.1,3,4938,2,7,0.3,0.0004048582995951417,0.9981818181818182,81,100
0.0004048582995951417,0.3,0.4,0.6,0.3,0.15,3,4938,2,7,0.3,0.0004048582995951417,0.9981818181818182,81,100
0.0004048582995951417,0.3,0.4,0.6,0.3,0.2,3,4938,2,7,0.3,0.0004048582995951417,0.9981818181818182,81,100
0.003036437246963563,0.4,0.7894736842105263,0.21052631578947367,0.4,0.25,4,4925,15,6,0.4,0.003036437246963563,0.9957575757575757,81,100
0.0032388663967611335,0.4,0.8,0.2,0.4,0.3,4,4924,16,6,0.4,0.0032388663967611335,0.9955555555555555,81,100
0.004048582995951417,0.4,0.8333333333333334,0.16666666666666666,0.4,0.35,4,4920,20,6,0.4,0.004048582995951417,0.9947474747474747,81,100
0.004251012145748988,0.4,0.84,0.16,0.4,0.4,4,4919,21,6,0.4,0.004251012145748988,0.9945454545454545,81,100
0.005465587044534413,0.6,0.8181818181818182,0.18181818181818182,0.6,0.45,6,4913,27,4,0.6,0.005465587044534413,0.9937373737373737,81,100
0.006072874493927126,0.6,0.8333333333333334,0.16666666666666666,0.6,0.5,6,4910,30,4,0.6,0.006072874493927126,0.9931313131313131,81,100
0.007894736842105263,0.6,0.8666666666666667,0.13333333333333333,0.6,0.55,6,4901,39,4,0.6,0.007894736842105263,0.9913131313131314,81,100
0.008704453441295546,0.6,0.8775510204081632,0.12244897959183673,0.6,0.6,6,4897,43,4,0.6,0.008704453441295546,0.9905050505050506,81,100
0.00951417004048583,0.7,0.8703703703703703,0.12962962962962962,0.7,0.65,7,4893,47,3,0.7,0.00951417004048583,0.98989898989899,81,100
0.012145748987854251,0.7,0.8955223880597015,0.1044776119402985,0.7,0.7,7,4880,60,3,0.7,0.012145748987854251,0.9872727272727273,81,100
0.015789473684210527,0.7,0.9176470588235294,0.08235294117647059,0.7,0.75,7,4862,78,3,0.7,0.015789473684210527,0.9836363636363636,81,100
0.021052631578947368,0.7,0.9369369369369369,0.06306306306306306,0.7,0.8,7,4836,104,3,0.7,0.021052631578947368,0.9783838383838384,81,100
0.03340080971659919,0.8,0.953757225433526,0.046242774566473986,0.8,0.85,8,4775,165,2,0.8,0.03340080971659919,0.9662626262626263,81,100
0.04838056680161943,0.9,0.9637096774193549,0.036290322580645164,0.9,0.9,9,4701,239,1,0.9,0.04838056680161943,0.9515151515151515,81,100
0.1305668016194332,0.9,0.9862385321100917,0.013761467889908258,0.9,0.95,9,4295,645,1,0.9,0.1305668016194332,0.8694949494949495,81,100
0.9603238866396762,1.0,0.997896508203618,0.002103491796381994,1.0,1.0,10,196,4744,0,1.0,0.9603238866396762,0.041616161616161614,81,100
0.00020242914979757084,0.4,0.2,0.8,0.4,0.1,4,4939,1,6,0.4,0.00020242914979757084,0.9985858585858586,82,100
0.00020242914979757084,0.4,0.2,0.8,0.4,0.15,4,4939,1,6,0.4,0.00020242914979757084,0.9985858585858586,82,100
0.0004048582995951417,0.4,0.3333333333333333,0.6666666666666666,0.4,0.2,4,4938,2,6,0.4,0.0004048582995951417,0.9983838383838384,82,100
0.0004048582995951417,0.4,0.3333333333333333,0.6666666666666666,0.4,0.25,4,4938,2,6,0.4,0.0004048582995951417,0.9983838383838384,82,100
0.005870445344129555,0.5,0.8529411764705882,0.14705882352941177,0.5,0.3,5,4911,29,5,0.5,0.005870445344129555,0.9931313131313131,82,100
0.006072874493927126,0.6,0.8333333333333334,0.16666666666666666,0.6,0.35,6,4910,30,4,0.6,0.006072874493927126,0.9931313131313131,82,100
0.00951417004048583,0.6,0.8867924528301887,0.11320754716981132,0.6,0.4,6,4893,47,4,0.6,0.00951417004048583,0.9896969696969697,82,100
0.01174089068825911,0.8,0.8787878787878788,0.12121212121212122,0.8,0.45,8,4882,58,2,0.8,0.01174089068825911,0.9878787878787879,82,100
0.014574898785425101,0.8,0.9,0.1,0.8,0.5,8,4868,72,2,0.8,0.014574898785425101,0.9850505050505051,82,100
0.015587044534412956,0.8,0.9058823529411765,0.09411764705882353,0.8,0.55,8,4863,77,2,0.8,0.015587044534412956,0.984040404040404,82,100
0.017611336032388663,0.9,0.90625,0.09375,0.9,0.6,9,4853,87,1,0.9,0.017611336032388663,0.9822222222222222,82,100
0.01902834008097166,0.9,0.912621359223301,0.08737864077669903,0.9,0.65,9,4846,94,1,0.9,0.01902834008097166,0.9808080808080808,82,100
0.030566801619433197,1.0,0.937888198757764,0.062111801242236024,1.0,0.7,10,4789,151,0,1.0,0.030566801619433197,0.9694949494949495,82,100
0.034210526315789476,1.0,0.9441340782122905,0.055865921787709494,1.0,0.75,10,4771,169,0,1.0,0.034210526315789476,0.9658585858585859,82,100
0.041093117408906886,1.0,0.9530516431924883,0.046948356807511735,1.0,0.8,10,4737,203,0,1.0,0.041093117408906886,0.958989898989899,82,100
0.05060728744939271,1.0,0.9615384615384616,0.038461538461538464,1.0,0.85,10,4690,250,0,1.0,0.05060728744939271,0.9494949494949495,82,100
0.10809716599190283,1.0,0.9816176470588235,0.01838235294117647,1.0,0.9,10,4406,534,0,1.0,0.10809716599190283,0.8921212121212121,82,100
0.22611336032388665,1.0,0.9911268855368234,0.008873114463176575,1.0,0.95,10,3823,1117,0,1.0,0.22611336032388665,0.7743434343434343,82,100
0.9613360323886639,1.0,0.997898718218113,0.002101281781886951,1.0,1.0,10,191,4749,0,1.0,0.9613360323886639,0.040606060606060604,82,100
0.00020242914979757084,0.4,0.2,0.8,0.4,0.1,4,4939,1,6,0.4,0.00020242914979757084,0.9985858585858586,83,100
0.0004048582995951417,0.4,0.3333333333333333,0.6666666666666666,0.4,0.15,4,4938,2,6,0.4,0.0004048582995951417,0.9983838383838384,83,100
0.0004048582995951417,0.4,0.3333333333333333,0.6666666666666666,0.4,0.2,4,4938,2,6,0.4,0.0004048582995951417,0.9983838383838384,83,100
0.0006072874493927126,0.4,0.42857142857142855,0.5714285714285714,0.4,0.25,4,4937,3,6,0.4,0.0006072874493927126,0.9981818181818182,83,100
0.0008097165991902834,0.4,0.5,0.5,0.4,0.3,4,4936,4,6,0.4,0.0008097165991902834,0.997979797979798,83,100
0.0008097165991902834,0.4,0.5,0.5,0.4,0.35,4,4936,4,6,0.4,0.0008097165991902834,0.997979797979798,83,100
0.0008097165991902834,0.4,0.5,0.5,0.4,0.4,4,4936,4,6,0.4,0.0008097165991902834,0.997979797979798,83,100
0.0008097165991902834,0.4,0.5,0.5,0.4,0.45,4,4936,4,6,0.4,0.0008097165991902834,0.997979797979798,83,100
0.0008097165991902834,0.4,0.5,0.5,0.4,0.5,4,4936,4,6,0.4,0.0008097165991902834,0.997979797979798,83,100
0.0008097165991902834,0.4,0.5,0.5,0.4,0.55,4,4936,4,6,0.4,0.0008097165991902834,0.997979797979798,83,100
0.0008097165991902834,0.4,0.5,0.5,0.4,0.6,4,4936,4,6,0.4,0.0008097165991902834,0.997979797979798,83,100
0.0018218623481781376,0.4,0.6923076923076923,0.3076923076923077,0.4,0.65,4,4931,9,6,0.4,0.0018218623481781376,0.996969696969697,83,100
0.004048582995951417,0.6,0.7692307692307693,0.23076923076923078,0.6,0.7,6,4920,20,4,0.6,0.004048582995951417,0.9951515151515151,83,100
0.00465587044534413,0.6,0.7931034482758621,0.20689655172413793,0.6,0.75,6,4917,23,4,0.6,0.00465587044534413,0.9945454545454545,83,100
0.012145748987854251,0.6,0.9090909090909091,0.09090909090909091,0.6,0.8,6,4880,60,4,0.6,0.012145748987854251,0.9870707070707071,83,100
0.025506072874493926,0.9,0.9333333333333333,0.06666666666666667,0.9,0.85,9,4814,126,1,0.9,0.025506072874493926,0.9743434343434343,83,100
0.025506072874493926,0.9,0.9333333333333333,0.06666666666666667,0.9,0.9,9,4814,126,1,0.9,0.025506072874493926,0.9743434343434343,83,100
0.20020242914979758,0.9,0.9909819639278558,0.009018036072144289,0.9,0.95,9,3951,989,1,0.9,0.20020242914979758,0.8,83,100
0.4819838056680162,0.9,0.996234309623431,0.0037656903765690376,0.9,1.0,9,2559,2381,1,0.9,0.4819838056680162,0.5187878787878788,83,100
0.0004048582995951417,0.4,0.3333333333333333,0.6666666666666666,0.4,0.1,4,4938,2,6,0.4,0.0004048582995951417,0.9983838383838384,84,100
0.0004048582995951417,0.5,0.2857142857142857,0.7142857142857143,0.5,0.15,5,4938,2,5,0.5,0.0004048582995951417,0.9985858585858586,84,100
0.0018218623481781376,0.6,0.6,0.4,0.6,0.2,6,4931,9,4,0.6,0.0018218623481781376,0.9973737373737374,84,100
0.0024291497975708503,0.6,0.6666666666666666,0.3333333333333333,0.6,0.25,6,4928,12,4,0.6,0.0024291497975708503,0.9967676767676767,84,100
0.003036437246963563,0.8,0.6521739130434783,0.34782608695652173,0.8,0.3,8,4925,15,2,0.8,0.003036437246963563,0.9965656565656565,84,100
0.0034412955465587046,0.8,0.68,0.32,0.8,0.35,8,4923,17,2,0.8,0.0034412955465587046,0.9961616161616161,84,100
0.00708502024291498,0.9,0.7954545454545454,0.20454545454545456,0.9,0.4,9,4905,35,1,0.9,0.00708502024291498,0.9927272727272727,84,100
0.008299595141700405,0.9,0.82,0.18,0.9,0.45,9,4899,41,1,0.9,0.008299595141700405,0.9915151515151515,84,100
0.008299595141700405,0.9,0.82,0.18,0.9,0.5,9,4899,41,1,0.9,0.008299595141700405,0.9915151515151515,84,100
0.008906882591093117,0.9,0.8301886792452831,0.16981132075471697,0.9,0.55,9,4896,44,1,0.9,0.008906882591093117,0.990909090909091,84,100
0.019230769230769232,1.0,0.9047619047619048,0.09523809523809523,1.0,0.6,10,4845,95,0,1.0,0.019230769230769232,0.9808080808080808,84,100
0.026923076923076925,1.0,0.9300699300699301,0.06993006993006994,1.0,0.65,10,4807,133,0,1.0,0.026923076923076925,0.9731313131313132,84,100
0.03603238866396761,1.0,0.9468085106382979,0.05319148936170213,1.0,0.7,10,4762,178,0,1.0,0.03603238866396761,0.964040404040404,84,100
0.041093117408906886,1.0,0.9530516431924883,0.046948356807511735,1.0,0.75,10,4737,203,0,1.0,0.041093117408906886,0.958989898989899,84,100
0.0465587044534413,1.0,0.9583333333333334,0.041666666666666664,1.0,0.8,10,4710,230,0,1.0,0.0465587044534413,0.9535353535353536,84,100
0.060931174089068826,1.0,0.9678456591639871,0.03215434083601286,1.0,0.85,10,4639,301,0,1.0,0.060931174089068826,0.9391919191919192,84,100
0.07914979757085021,1.0,0.9750623441396509,0.02493765586034913,1.0,0.9,10,4549,391,0,1.0,0.07914979757085021,0.9210101010101011,84,100
0.24777327935222673,1.0,0.9918962722852512,0.008103727714748784,1.0,0.95,10,3716,1224,0,1.0,0.24777327935222673,0.7527272727272727,84,100
0.32327935222672066,1.0,0.9937772246421904,0.006222775357809583,1.0,1.0,10,3343,1597,0,1.0,0.32327935222672066,0.6773737373737374,84,100
0.0004048582995951417,0.5,0.2857142857142857,0.7142857142857143,0.5,0.1,5,4938,2,5,0.5,0.0004048582995951417,0.9985858585858586,85,100
0.0006072874493927126,0.5,0.375,0.625,0.5,0.15,5,4937,3,5,0.5,0.0006072874493927126,0.9983838383838384,85,100
0.0008097165991902834,0.6,0.4,0.6,0.6,0.2,6,4936,4,4,0.6,0.0008097165991902834,0.9983838383838384,85,100
0.0008097165991902834,0.6,0.4,0.6,0.6,0.25,6,4936,4,4,0.6,0.0008097165991902834,0.9983838383838384,85,100
0.0008097165991902834,0.6,0.4,0.6,0.6,0.3,6,4936,4,4,0.6,0.0008097165991902834,0.9983838383838384,85,100
0.0010121457489878543,0.6,0.45454545454545453,0.5454545454545454,0.6,0.35,6,4935,5,4,0.6,0.0010121457489878543,0.9981818181818182,85,100
0.0012145748987854252,0.6,0.5,0.5,0.6,0.4,6,4934,6,4,0.6,0.0012145748987854252,0.997979797979798,85,100
0.0018218623481781376,0.6,0.6,0.4,0.6,0.45,6,4931,9,4,0.6,0.0018218623481781376,0.9973737373737374,85,100
0.0024291497975708503,0.6,0.6666666666666666,0.3333333333333333,0.6,0.5,6,4928,12,4,0.6,0.0024291497975708503,0.9967676767676767,85,100
0.0036437246963562753,0.6,0.75,0.25,0.6,0.55,6,4922,18,4,0.6,0.0036437246963562753,0.9955555555555555,85,100
0.0038461538461538464,0.6,0.76,0.24,0.6,0.6,6,4921,19,4,0.6,0.0038461538461538464,0.9953535353535353,85,100
0.0038461538461538464,0.6,0.76,0.24,0.6,0.65,6,4921,19,4,0.6,0.0038461538461538464,0.9953535353535353,85,100
0.0038461538461538464,0.6,0.76,0.24,0.6,0.7,6,4921,19,4,0.6,0.0038461538461538464,0.9953535353535353,85,100
0.00931174089068826,0.7,0.8679245283018868,0.1320754716981132,0.7,0.75,7,4894,46,3,0.7,0.00931174089068826,0.9901010101010101,85,100
0.018016194331983804,0.7,0.9270833333333334,0.07291666666666667,0.7,0.8,7,4851,89,3,0.7,0.018016194331983804,0.9814141414141414,85,100
0.03340080971659919,0.7,0.9593023255813954,0.040697674418604654,0.7,0.85,7,4775,165,3,0.7,0.03340080971659919,0.9660606060606061,85,100
0.056477732793522264,0.7,0.9755244755244755,0.024475524475524476,0.7,0.9,7,4661,279,3,0.7,0.056477732793522264,0.943030303030303,85,100
0.11720647773279352,0.7,0.9880546075085325,0.011945392491467578,0.7,0.95,7,4361,579,3,0.7,0.11720647773279352,0.8824242424242424,85,100
0.9574898785425101,1.0,0.9978902953586498,0.002109704641350211,1.0,1.0,10,210,4730,0,1.0,0.9574898785425101,0.044444444444444446,85,100
0.0006072874493927126,0.5,0.375,0.625,0.5,0.1,5,4937,3,5,0.5,0.0006072874493927126,0.9983838383838384,86,100
0.0008097165991902834,0.5,0.4444444444444444,0.5555555555555556,0.5,0.15,5,4936,4,5,0.5,0.0008097165991902834,0.9981818181818182,86,100
0.0008097165991902834,0.5,0.4444444444444444,0.5555555555555556,0.5,0.2,5,4936,4,5,0.5,0.0008097165991902834,0.9981818181818182,86,100
0.0012145748987854252,0.5,0.5454545454545454,0.45454545454545453,0.5,0.25,5,4934,6,5,0.5,0.0012145748987854252,0.9977777777777778,86,100
0.001417004048582996,0.5,0.5833333333333334,0.4166666666666667,0.5,0.3,5,4933,7,5,0.5,0.001417004048582996,0.9975757575757576,86,100
0.001417004048582996,0.5,0.5833333333333334,0.4166666666666667,0.5,0.35,5,4933,7,5,0.5,0.001417004048582996,0.9975757575757576,86,100
0.001417004048582996,0.5,0.5833333333333334,0.4166666666666667,0.5,0.4,5,4933,7,5,0.5,0.001417004048582996,0.9975757575757576,86,100
0.005465587044534413,0.6,0.8181818181818182,0.18181818181818182,0.6,0.45,6,4913,27,4,0.6,0.005465587044534413,0.9937373737373737,86,100
0.008097165991902834,0.7,0.851063829787234,0.14893617021276595,0.7,0.5,7,4900,40,3,0.7,0.008097165991902834,0.9913131313131314,86,100
0.009919028340080972,0.7,0.875,0.125,0.7,0.55,7,4891,49,3,0.7,0.009919028340080972,0.9894949494949495,86,100
0.010931174089068825,0.7,0.8852459016393442,0.11475409836065574,0.7,0.6,7,4886,54,3,0.7,0.010931174089068825,0.9884848484848485,86,100
0.012145748987854251,0.7,0.8955223880597015,0.1044776119402985,0.7,0.65,7,4880,60,3,0.7,0.012145748987854251,0.9872727272727273,86,100
0.023076923076923078,0.7,0.9421487603305785,0.05785123966942149,0.7,0.7,7,4826,114,3,0.7,0.023076923076923078,0.9763636363636363,86,100
0.025910931174089068,0.7,0.9481481481481482,0.05185185185185185,0.7,0.75,7,4812,128,3,0.7,0.025910931174089068,0.9735353535353536,86,100
0.0597165991902834,0.8,0.9735973597359736,0.026402640264026403,0.8,0.8,8,4645,295,2,0.8,0.0597165991902834,0.94,86,100
0.07611336032388664,0.8,0.9791666666666666,0.020833333333333332,0.8,0.85,8,4564,376,2,0.8,0.07611336032388664,0.9236363636363636,86,100
0.13036437246963561,0.8,0.9877300613496932,0.012269938650306749,0.8,0.9,8,4296,644,2,0.8,0.13036437246963561,0.8694949494949495,86,100
0.18704453441295546,0.8,0.9914163090128756,0.008583690987124463,0.8,0.95,8,4016,924,2,0.8,0.18704453441295546,0.812929292929293,86,100
0.947165991902834,1.0,0.9978673491149499,0.0021326508850501172,1.0,1.0,10,261,4679,0,1.0,0.947165991902834,0.054747474747474746,86,100
0.0004048582995951417,0.5,0.2857142857142857,0.7142857142857143,0.5,0.1,5,4938,2,5,0.5,0.0004048582995951417,0.9985858585858586,87,100
0.0006072874493927126,0.6,0.3333333333333333,0.6666666666666666,0.6,0.15,6,4937,3,4,0.6,0.0006072874493927126,0.9985858585858586,87,100
0.0008097165991902834,0.7,0.36363636363636365,0.6363636363636364,0.7,0.2,7,4936,4,3,0.7,0.0008097165991902834,0.9985858585858586,87,100
0.0008097165991902834,0.7,0.36363636363636365,0.6363636363636364,0.7,0.25,7,4936,4,3,0.7,0.0008097165991902834,0.9985858585858586,87,100
0.0008097165991902834,0.7,0.36363636363636365,0.6363636363636364,0.7,0.3,7,4936,4,3,0.7,0.0008097165991902834,0.9985858585858586,87,100
0.0012145748987854252,0.7,0.46153846153846156,0.5384615384615384,0.7,0.35,7,4934,6,3,0.7,0.0012145748987854252,0.9981818181818182,87,100
0.0018218623481781376,0.7,0.5625,0.4375,0.7,0.4,7,4931,9,3,0.7,0.0018218623481781376,0.9975757575757576,87,100
0.0024291497975708503,0.7,0.631578947368421,0.3684210526315789,0.7,0.45,7,4928,12,3,0.7,0.0024291497975708503,0.996969696969697,87,100
0.0038461538461538464,0.8,0.7037037037037037,0.2962962962962963,0.8,0.5,8,4921,19,2,0.8,0.0038461538461538464,0.9957575757575757,87,100
0.0038461538461538464,0.8,0.7037037037037037,0.2962962962962963,0.8,0.55,8,4921,19,2,0.8,0.0038461538461538464,0.9957575757575757,87,100
0.006072874493927126,0.9,0.7692307692307693,0.23076923076923078,0.9,0.6,9,4910,30,1,0.9,0.006072874493927126,0.9937373737373737,87,100
0.006072874493927126,0.9,0.7692307692307693,0.23076923076923078,0.9,0.65,9,4910,30,1,0.9,0.006072874493927126,0.9937373737373737,87,100
0.00708502024291498,0.9,0.7954545454545454,0.20454545454545456,0.9,0.7,9,4905,35,1,0.9,0.00708502024291498,0.9927272727272727,87,100
0.008502024291497975,0.9,0.8235294117647058,0.17647058823529413,0.9,0.75,9,4898,42,1,0.9,0.008502024291497975,0.9913131313131314,87,100
0.011133603238866396,0.9,0.859375,0.140625,0.9,0.8,9,4885,55,1,0.9,0.011133603238866396,0.9886868686868687,87,100
0.02165991902834008,0.9,0.9224137931034483,0.07758620689655173,0.9,0.85,9,4833,107,1,0.9,0.02165991902834008,0.9781818181818182,87,100
0.031578947368421054,0.9,0.9454545454545454,0.05454545454545454,0.9,0.9,9,4784,156,1,0.9,0.031578947368421054,0.9682828282828283,87,100
0.11336032388663968,1.0,0.9824561403508771,0.017543859649122806,1.0,0.95,10,4380,560,0,1.0,0.11336032388663968,0.8868686868686869,87,100
0.9441295546558705,1.0,0.9978605049208387,0.002139495079161318,1.0,1.0,10,276,4664,0,1.0,0.9441295546558705,0.057777777777777775,87,100
0.00020242914979757084,0.3,0.25,0.75,0.3,0.1,3,4939,1,7,0.3,0.00020242914979757084,0.9983838383838384,88,100
0.0010121457489878543,0.4,0.5555555555555556,0.4444444444444444,0.4,0.15,4,4935,5,6,0.4,0.0010121457489878543,0.9977777777777778,88,100
0.0010121457489878543,0.4,0.5555555555555556,0.4444444444444444,0.4,0.2,4,4935,5,6,0.4,0.0010121457489878543,0.9977777777777778,88,100
0.0012145748987854252,0.4,0.6,0.4,0.4,0.25,4,4934,6,6,0.4,0.0012145748987854252,0.9975757575757576,88,100
0.0012145748987854252,0.4,0.6,0.4,0.4,0.3,4,4934,6,6,0.4,0.0012145748987854252,0.9975757575757576,88,100
0.001417004048582996,0.5,0.5833333333333334,0.4166666666666667,0.5,0.35,5,4933,7,5,0.5,0.001417004048582996,0.9975757575757576,88,100
0.0036437246963562753,0.5,0.782608695652174,0.21739130434782608,0.5,0.4,5,4922,18,5,0.5,0.0036437246963562753,0.9953535353535353,88,100
0.005465587044534413,0.5,0.84375,0.15625,0.5,0.45,5,4913,27,5,0.5,0.005465587044534413,0.9935353535353535,88,100
0.0066801619433198385,0.5,0.868421052631579,0.13157894736842105,0.5,0.5,5,4907,33,5,0.5,0.0066801619433198385,0.9923232323232323,88,100
0.0066801619433198385,0.5,0.868421052631579,0.13157894736842105,0.5,0.55,5,4907,33,5,0.5,0.0066801619433198385,0.9923232323232323,88,100
0.008906882591093117,0.5,0.8979591836734694,0.10204081632653061,0.5,0.6,5,4896,44,5,0.5,0.008906882591093117,0.9901010101010101,88,100
0.012955465587044534,0.5,0.927536231884058,0.07246376811594203,0.5,0.65,5,4876,64,5,0.5,0.012955465587044534,0.9860606060606061,88,100
0.01902834008097166,0.5,0.9494949494949495,0.050505050505050504,0.5,0.7,5,4846,94,5,0.5,0.01902834008097166,0.98,88,100
0.038866396761133605,0.5,0.9746192893401016,0.025380710659898477,0.5,0.75,5,4748,192,5,0.5,0.038866396761133605,0.9602020202020202,88,100
0.06214574898785425,0.6,0.9808306709265175,0.019169329073482427,0.6,0.8,6,4633,307,4,0.6,0.06214574898785425,0.9371717171717172,88,100
0.08340080971659919,0.6,0.9856459330143541,0.014354066985645933,0.6,0.85,6,4528,412,4,0.6,0.08340080971659919,0.915959595959596,88,100
0.10809716599190283,0.7,0.9870609981515711,0.012939001848428836,0.7,0.9,7,4406,534,3,0.7,0.10809716599190283,0.8915151515151515,88,100
0.1382591093117409,0.7,0.9898550724637681,0.010144927536231883,0.7,0.95,7,4257,683,3,0.7,0.1382591093117409,0.8614141414141414,88,100
0.5846153846153846,1.0,0.9965493443754313,0.003450655624568668,1.0,1.0,10,2052,2888,0,1.0,0.5846153846153846,0.4165656565656566,88,100
0.0,0.3,0.0,1.0,0.3,0.1,3,4940,0,7,0.3,0.0,0.9985858585858586,89,100
0.0,0.3,0.0,1.0,0.3,0.15,3,4940,0,7,0.3,0.0,0.9985858585858586,89,100
0.0,0.4,0.0,1.0,0.4,0.2,4,4940,0,6,0.4,0.0,0.9987878787878788,89,100
0.0,0.5,0.0,1.0,0.5,0.25,5,4940,0,5,0.5,0.0,0.998989898989899,89,100
0.00020242914979757084,0.5,0.16666666666666666,0.8333333333333334,0.5,0.3,5,4939,1,5,0.5,0.00020242914979757084,0.9987878787878788,89,100
0.0010121457489878543,0.5,0.5,0.5,0.5,0.35,5,4935,5,5,0.5,0.0010121457489878543,0.997979797979798,89,100
0.001417004048582996,0.5,0.5833333333333334,0.4166666666666667,0.5,0.4,5,4933,7,5,0.5,0.001417004048582996,0.9975757575757576,89,100
0.0016194331983805667,0.5,0.6153846153846154,0.38461538461538464,0.5,0.45,5,4932,8,5,0.5,0.0016194331983805667,0.9973737373737374,89,100
0.003036437246963563,0.6,0.7142857142857143,0.2857142857142857,0.6,0.5,6,4925,15,4,0.6,0.003036437246963563,0.9961616161616161,89,100
0.008502024291497975,0.9,0.8235294117647058,0.17647058823529413,0.9,0.55,9,4898,42,1,0.9,0.008502024291497975,0.9913131313131314,89,100
0.00951417004048583,0.9,0.8392857142857143,0.16071428571428573,0.9,0.6,9,4893,47,1,0.9,0.00951417004048583,0.9903030303030304,89,100
0.010526315789473684,0.9,0.8524590163934426,0.14754098360655737,0.9,0.65,9,4888,52,1,0.9,0.010526315789473684,0.9892929292929293,89,100
0.011336032388663968,0.9,0.8615384615384616,0.13846153846153847,0.9,0.7,9,4884,56,1,0.9,0.011336032388663968,0.9884848484848485,89,100
0.01437246963562753,0.9,0.8875,0.1125,0.9,0.75,9,4869,71,1,0.9,0.01437246963562753,0.9854545454545455,89,100
0.02145748987854251,0.9,0.9217391304347826,0.0782608695652174,0.9,0.8,9,4834,106,1,0.9,0.02145748987854251,0.9783838383838384,89,100
0.02327935222672065,0.9,0.9274193548387096,0.07258064516129033,0.9,0.85,9,4825,115,1,0.9,0.02327935222672065,0.9765656565656565,89,100
0.07004048582995952,1.0,0.9719101123595506,0.028089887640449437,1.0,0.9,10,4594,346,0,1.0,0.07004048582995952,0.9301010101010101,89,100
0.11518218623481781,1.0,0.9827288428324698,0.017271157167530225,1.0,0.95,10,4371,569,0,1.0,0.11518218623481781,0.8850505050505051,89,100
0.9647773279352226,1.0,0.9979061976549414,0.0020938023450586263,1.0,1.0,10,174,4766,0,1.0,0.9647773279352226,0.037171717171717175,89,100
0.0,0.3,0.0,1.0,0.3,0.1,3,4940,0,7,0.3,0.0,0.9985858585858586,90,100
0.00020242914979757084,0.3,0.25,0.75,0.3,0.15,3,4939,1,7,0.3,0.00020242914979757084,0.9983838383838384,90,100
0.0004048582995951417,0.3,0.4,0.6,0.3,0.2,3,4938,2,7,0.3,0.0004048582995951417,0.9981818181818182,90,100
0.0008097165991902834,0.3,0.5714285714285714,0.42857142857142855,0.3,0.25,3,4936,4,7,0.3,0.0008097165991902834,0.9977777777777778,90,100
0.0012145748987854252,0.4,0.6,0.4,0.4,0.3,4,4934,6,6,0.4,0.0012145748987854252,0.9975757575757576,90,100
0.005465587044534413,0.5,0.84375,0.15625,0.5,0.35,5,4913,27,5,0.5,0.005465587044534413,0.9935353535353535,90,100
0.0072874493927125505,0.5,0.8780487804878049,0.12195121951219512,0.5,0.4,5,4904,36,5,0.5,0.0072874493927125505,0.9917171717171717,90,100
0.007894736842105263,0.5,0.8863636363636364,0.11363636363636363,0.5,0.45,5,4901,39,5,0.5,0.007894736842105263,0.9911111111111112,90,100
0.008502024291497975,0.5,0.8936170212765957,0.10638297872340426,0.5,0.5,5,4898,42,5,0.5,0.008502024291497975,0.9905050505050506,90,100
0.01659919028340081,0.5,0.9425287356321839,0.05747126436781609,0.5,0.55,5,4858,82,5,0.5,0.01659919028340081,0.9824242424242424,90,100
0.02145748987854251,0.6,0.9464285714285714,0.05357142857142857,0.6,0.6,6,4834,106,4,0.6,0.02145748987854251,0.9777777777777777,90,100
0.02327935222672065,0.6,0.9504132231404959,0.049586776859504134,0.6,0.65,6,4825,115,4,0.6,0.02327935222672065,0.9759595959595959,90,100
0.026923076923076925,0.6,0.9568345323741008,0.04316546762589928,0.6,0.7,6,4807,133,4,0.6,0.026923076923076925,0.9723232323232324,90,100
0.038461538461538464,0.7,0.9644670050761421,0.03553299492385787,0.7,0.75,7,4750,190,3,0.7,0.038461538461538464,0.961010101010101,90,100
0.046356275303643724,0.7,0.9703389830508474,0.029661016949152543,0.7,0.8,7,4711,229,3,0.7,0.046356275303643724,0.9531313131313132,90,100
0.06295546558704454,0.7,0.9779874213836478,0.0220125786163522,0.7,0.85,7,4629,311,3,0.7,0.06295546558704454,0.9365656565656566,90,100
0.11518218623481781,0.8,0.9861351819757366,0.01386481802426343,0.8,0.9,8,4371,569,2,0.8,0.11518218623481781,0.8846464646464647,90,100
0.2159919028340081,0.9,0.991635687732342,0.008364312267657992,0.9,0.95,9,3873,1067,1,0.9,0.2159919028340081,0.7842424242424243,90,100
0.354251012145749,0.9,0.9948834565093804,0.00511654349061967,0.9,1.0,9,3190,1750,1,0.9,0.354251012145749,0.6462626262626263,90,100
0.0,0.1,0.0,1.0,0.1,0.1,1,4940,0,9,0.1,0.0,0.9981818181818182,91,100
0.0,0.1,0.0,1.0,0.1,0.15,1,4940,0,9,0.1,0.0,0.9981818181818182,91,100
0.0006072874493927126,0.2,0.6,0.4,0.2,0.2,2,4937,3,8,0.2,0.0006072874493927126,0.9977777777777778,91,100
0.0006072874493927126,0.2,0.6,0.4,0.2,0.25,2,4937,3,8,0.2,0.0006072874493927126,0.9977777777777778,91,100
0.0012145748987854252,0.4,0.6,0.4,0.4,0.3,4,4934,6,6,0.4,0.0012145748987854252,0.9975757575757576,91,100
0.0012145748987854252,0.4,0.6,0.4,0.4,0.35,4,4934,6,6,0.4,0.0012145748987854252,0.9975757575757576,91,100
0.001417004048582996,0.4,0.6363636363636364,0.36363636363636365,0.4,0.4,4,4933,7,6,0.4,0.001417004048582996,0.9973737373737374,91,100
0.0034412955465587046,0.4,0.8095238095238095,0.19047619047619047,0.4,0.45,4,4923,17,6,0.4,0.0034412955465587046,0.9953535353535353,91,100
0.0038461538461538464,0.4,0.8260869565217391,0.17391304347826086,0.4,0.5,4,4921,19,6,0.4,0.0038461538461538464,0.9949494949494949,91,100
0.00465587044534413,0.4,0.8518518518518519,0.14814814814814814,0.4,0.55,4,4917,23,6,0.4,0.00465587044534413,0.9941414141414141,91,100
0.00465587044534413,0.4,0.8518518518518519,0.14814814814814814,0.4,0.6,4,4917,23,6,0.4,0.00465587044534413,0.9941414141414141,91,100
0.006882591093117409,0.4,0.8947368421052632,0.10526315789473684,0.4,0.65,4,4906,34,6,0.4,0.006882591093117409,0.9919191919191919,91,100
0.008502024291497975,0.4,0.9130434782608695,0.08695652173913043,0.4,0.7,4,4898,42,6,0.4,0.008502024291497975,0.9903030303030304,91,100
0.009919028340080972,0.4,0.9245283018867925,0.07547169811320754,0.4,0.75,4,4891,49,6,0.4,0.009919028340080972,0.9888888888888889,91,100
0.04939271255060729,0.9,0.9644268774703557,0.03557312252964427,0.9,0.8,9,4696,244,1,0.9,0.04939271255060729,0.9505050505050505,91,100
0.0771255060728745,0.9,0.9769230769230769,0.023076923076923078,0.9,0.85,9,4559,381,1,0.9,0.0771255060728745,0.9228282828282828,91,100
0.0874493927125506,0.9,0.9795918367346939,0.02040816326530612,0.9,0.9,9,4508,432,1,0.9,0.0874493927125506,0.9125252525252525,91,100
0.1277327935222672,0.9,0.9859375,0.0140625,0.9,0.95,9,4309,631,1,0.9,0.1277327935222672,0.8723232323232323,91,100
0.9493927125506073,1.0,0.997872340425532,0.002127659574468085,1.0,1.0,10,250,4690,0,1.0,0.9493927125506073,0.052525252525252523,91,100
0.0006072874493927126,0.3,0.5,0.5,0.3,0.1,3,4937,3,7,0.3,0.0006072874493927126,0.997979797979798,92,100
0.0010121457489878543,0.3,0.625,0.375,0.3,0.15,3,4935,5,7,0.3,0.0010121457489878543,0.9975757575757576,92,100
0.0010121457489878543,0.3,0.625,0.375,0.3,0.2,3,4935,5,7,0.3,0.0010121457489878543,0.9975757575757576,92,100
0.0012145748987854252,0.4,0.6,0.4,0.4,0.25,4,4934,6,6,0.4,0.0012145748987854252,0.9975757575757576,92,100
0.0012145748987854252,0.4,0.6,0.4,0.4,0.3,4,4934,6,6,0.4,0.0012145748987854252,0.9975757575757576,92,100
0.0012145748987854252,0.4,0.6,0.4,0.4,0.35,4,4934,6,6,0.4,0.0012145748987854252,0.9975757575757576,92,100
0.0012145748987854252,0.4,0.6,0.4,0.4,0.4,4,4934,6,6,0.4,0.0012145748987854252,0.9975757575757576,92,100
0.0012145748987854252,0.4,0.6,0.4,0.4,0.45,4,4934,6,6,0.4,0.0012145748987854252,0.9975757575757576,92,100
0.0012145748987854252,0.4,0.6,0.4,0.4,0.5,4,4934,6,6,0.4,0.0012145748987854252,0.9975757575757576,92,100
0.0012145748987854252,0.4,0.6,0.4,0.4,0.55,4,4934,6,6,0.4,0.0012145748987854252,0.9975757575757576,92,100
0.0012145748987854252,0.4,0.6,0.4,0.4,0.6,4,4934,6,6,0.4,0.0012145748987854252,0.9975757575757576,92,100
0.0012145748987854252,0.4,0.6,0.4,0.4,0.65,4,4934,6,6,0.4,0.0012145748987854252,0.9975757575757576,92,100
0.0012145748987854252,0.4,0.6,0.4,0.4,0.7,4,4934,6,6,0.4,0.0012145748987854252,0.9975757575757576,92,100
0.027732793522267207,0.5,0.9647887323943662,0.035211267605633804,0.5,0.75,5,4803,137,5,0.5,0.027732793522267207,0.9713131313131314,92,100
0.06315789473684211,0.7,0.9780564263322884,0.0219435736677116,0.7,0.8,7,4628,312,3,0.7,0.06315789473684211,0.9363636363636364,92,100
0.0680161943319838,0.7,0.9795918367346939,0.02040816326530612,0.7,0.85,7,4604,336,3,0.7,0.0680161943319838,0.9315151515151515,92,100
0.10607287449392712,0.8,0.9849624060150376,0.015037593984962405,0.8,0.9,8,4416,524,2,0.8,0.10607287449392712,0.8937373737373737,92,100
0.12834008097165991,0.8,0.9875389408099688,0.012461059190031152,0.8,0.95,8,4306,634,2,0.8,0.12834008097165991,0.8715151515151515,92,100
0.8315789473684211,1.0,0.9975716367168529,0.0024283632831471587,1.0,1.0,10,832,4108,0,1.0,0.8315789473684211,0.1701010101010101,92,100
0.0,0.2,0.0,1.0,0.2,0.1,2,4940,0,8,0.2,0.0,0.9983838383838384,93,100
0.0006072874493927126,0.2,0.6,0.4,0.2,0.15,2,4937,3,8,0.2,0.0006072874493927126,0.9977777777777778,93,100
0.0006072874493927126,0.2,0.6,0.4,0.2,0.2,2,4937,3,8,0.2,0.0006072874493927126,0.9977777777777778,93,100
0.0006072874493927126,0.2,0.6,0.4,0.2,0.25,2,4937,3,8,0.2,0.0006072874493927126,0.9977777777777778,93,100
0.001417004048582996,0.2,0.7777777777777778,0.2222222222222222,0.2,0.3,2,4933,7,8,0.2,0.001417004048582996,0.996969696969697,93,100
0.002631578947368421,0.3,0.8125,0.1875,0.3,0.35,3,4927,13,7,0.3,0.002631578947368421,0.9959595959595959,93,100
0.005465587044534413,0.4,0.8709677419354839,0.12903225806451613,0.4,0.4,4,4913,27,6,0.4,0.005465587044534413,0.9933333333333333,93,100
0.008097165991902834,0.5,0.8888888888888888,0.1111111111111111,0.5,0.45,5,4900,40,5,0.5,0.008097165991902834,0.990909090909091,93,100
0.01194331983805668,0.5,0.921875,0.078125,0.5,0.5,5,4881,59,5,0.5,0.01194331983805668,0.9870707070707071,93,100
0.01417004048582996,0.5,0.9333333333333333,0.06666666666666667,0.5,0.55,5,4870,70,5,0.5,0.01417004048582996,0.9848484848484849,93,100
0.015991902834008098,0.5,0.9404761904761905,0.05952380952380952,0.5,0.6,5,4861,79,5,0.5,0.015991902834008098,0.983030303030303,93,100
0.018421052631578946,0.5,0.9479166666666666,0.052083333333333336,0.5,0.65,5,4849,91,5,0.5,0.018421052631578946,0.9806060606060606,93,100
0.020647773279352227,0.7,0.9357798165137615,0.06422018348623854,0.7,0.7,7,4838,102,3,0.7,0.020647773279352227,0.9787878787878788,93,100
0.02388663967611336,0.7,0.944,0.056,0.7,0.75,7,4822,118,3,0.7,0.02388663967611336,0.9755555555555555,93,100
0.027935222672064778,0.7,0.9517241379310345,0.04827586206896552,0.7,0.8,7,4802,138,3,0.7,0.027935222672064778,0.9715151515151516,93,100
0.05384615384615385,0.7,0.9743589743589743,0.02564102564102564,0.7,0.85,7,4674,266,3,0.7,0.05384615384615385,0.9456565656565656,93,100
0.06255060728744939,0.7,0.9778481012658228,0.022151898734177215,0.7,0.9,7,4631,309,3,0.7,0.06255060728744939,0.936969696969697,93,100
0.145748987854251,0.8,0.989010989010989,0.01098901098901099,0.8,0.95,8,4220,720,2,0.8,0.145748987854251,0.8541414141414141,93,100
0.362753036437247,0.8,0.9955555555555555,0.0044444444444444444,0.8,1.0,8,3148,1792,2,0.8,0.362753036437247,0.6375757575757576,93,100
0.0004048582995951417,0.6,0.25,0.75,0.6,0.1,6,4938,2,4,0.6,0.0004048582995951417,0.9987878787878788,94,100
0.0004048582995951417,0.7,0.2222222222222222,0.7777777777777778,0.7,0.15,7,4938,2,3,0.7,0.0004048582995951417,0.998989898989899,94,100
0.0006072874493927126,0.7,0.3,0.7,0.7,0.2,7,4937,3,3,0.7,0.0006072874493927126,0.9987878787878788,94,100
0.001417004048582996,0.7,0.5,0.5,0.7,0.25,7,4933,7,3,0.7,0.001417004048582996,0.997979797979798,94,100
0.0016194331983805667,0.7,0.5333333333333333,0.4666666666666667,0.7,0.3,7,4932,8,3,0.7,0.0016194331983805667,0.9977777777777778,94,100
0.0020242914979757085,0.7,0.5882352941176471,0.4117647058823529,0.7,0.35,7,4930,10,3,0.7,0.0020242914979757085,0.9973737373737374,94,100
0.002834008097165992,0.7,0.6666666666666666,0.3333333333333333,0.7,0.4,7,4926,14,3,0.7,0.002834008097165992,0.9965656565656565,94,100
0.0038461538461538464,0.7,0.7307692307692307,0.2692307692307692,0.7,0.45,7,4921,19,3,0.7,0.0038461538461538464,0.9955555555555555,94,100
0.00465587044534413,0.7,0.7666666666666667,0.23333333333333334,0.7,0.5,7,4917,23,3,0.7,0.00465587044534413,0.9947474747474747,94,100
0.005060728744939271,0.7,0.78125,0.21875,0.7,0.55,7,4915,25,3,0.7,0.005060728744939271,0.9943434343434343,94,100
0.008906882591093117,0.8,0.8461538461538461,0.15384615384615385,0.8,0.6,8,4896,44,2,0.8,0.008906882591093117,0.9907070707070708,94,100
0.01194331983805668,0.8,0.8805970149253731,0.11940298507462686,0.8,0.65,8,4881,59,2,0.8,0.01194331983805668,0.9876767676767677,94,100
0.013157894736842105,0.8,0.8904109589041096,0.1095890410958904,0.8,0.7,8,4875,65,2,0.8,0.013157894736842105,0.9864646464646465,94,100
0.014979757085020242,0.8,0.9024390243902439,0.0975609756097561,0.8,0.75,8,4866,74,2,0.8,0.014979757085020242,0.9846464646464647,94,100
0.020445344129554656,0.8,0.926605504587156,0.07339449541284404,0.8,0.8,8,4839,101,2,0.8,0.020445344129554656,0.9791919191919192,94,100
0.030161943319838055,0.8,0.9490445859872612,0.050955414012738856,0.8,0.85,8,4791,149,2,0.8,0.030161943319838055,0.9694949494949495,94,100
0.051821862348178135,0.9,0.9660377358490566,0.033962264150943396,0.9,0.9,9,4684,256,1,0.9,0.051821862348178135,0.9480808080808081,94,100
0.1876518218623482,0.9,0.9903846153846154,0.009615384615384616,0.9,0.95,9,4013,927,1,0.9,0.1876518218623482,0.8125252525252525,94,100
0.3706477732793522,0.9,0.9951086956521739,0.004891304347826087,0.9,1.0,9,3109,1831,1,0.9,0.3706477732793522,0.6298989898989898,94,100
0.0,0.2,0.0,1.0,0.2,0.1,2,4940,0,8,0.2,0.0,0.9983838383838384,95,100
0.0,0.2,0.0,1.0,0.2,0.15,2,4940,0,8,0.2,0.0,0.9983838383838384,95,100
0.0,0.2,0.0,1.0,0.2,0.2,2,4940,0,8,0.2,0.0,0.9983838383838384,95,100
0.0,0.2,0.0,1.0,0.2,0.25,2,4940,0,8,0.2,0.0,0.9983838383838384,95,100
0.0,0.2,0.0,1.0,0.2,0.3,2,4940,0,8,0.2,0.0,0.9983838383838384,95,100
0.0008097165991902834,0.4,0.5,0.5,0.4,0.35,4,4936,4,6,0.4,0.0008097165991902834,0.997979797979798,95,100
0.0010121457489878543,0.4,0.5555555555555556,0.4444444444444444,0.4,0.4,4,4935,5,6,0.4,0.0010121457489878543,0.9977777777777778,95,100
0.0010121457489878543,0.4,0.5555555555555556,0.4444444444444444,0.4,0.45,4,4935,5,6,0.4,0.0010121457489878543,0.9977777777777778,95,100
0.0010121457489878543,0.4,0.5555555555555556,0.4444444444444444,0.4,0.5,4,4935,5,6,0.4,0.0010121457489878543,0.9977777777777778,95,100
0.0016194331983805667,0.5,0.6153846153846154,0.38461538461538464,0.5,0.55,5,4932,8,5,0.5,0.0016194331983805667,0.9973737373737374,95,100
0.005668016194331984,0.6,0.8235294117647058,0.17647058823529413,0.6,0.6,6,4912,28,4,0.6,0.005668016194331984,0.9935353535353535,95,100
0.008299595141700405,0.6,0.8723404255319149,0.1276595744680851,0.6,0.65,6,4899,41,4,0.6,0.008299595141700405,0.990909090909091,95,100
0.00931174089068826,0.6,0.8846153846153846,0.11538461538461539,0.6,0.7,6,4894,46,4,0.6,0.00931174089068826,0.98989898989899,95,100
0.013157894736842105,0.6,0.9154929577464789,0.08450704225352113,0.6,0.75,6,4875,65,4,0.6,0.013157894736842105,0.9860606060606061,95,100
0.013157894736842105,0.6,0.9154929577464789,0.08450704225352113,0.6,0.8,6,4875,65,4,0.6,0.013157894736842105,0.9860606060606061,95,100
0.014777327935222672,0.6,0.9240506329113924,0.0759493670886076,0.6,0.85,6,4867,73,4,0.6,0.014777327935222672,0.9844444444444445,95,100
0.10748987854251012,0.8,0.9851576994434137,0.014842300556586271,0.8,0.9,8,4409,531,2,0.8,0.10748987854251012,0.8923232323232323,95,100
0.14919028340080973,0.8,0.9892617449664429,0.010738255033557046,0.8,0.95,8,4203,737,2,0.8,0.14919028340080973,0.8507070707070707,95,100
0.9524291497975709,1.0,0.9978791092258749,0.0021208907741251328,1.0,1.0,10,235,4705,0,1.0,0.9524291497975709,0.049494949494949494,95,100
0.00020242914979757084,0.3,0.25,0.75,0.3,0.1,3,4939,1,7,0.3,0.00020242914979757084,0.9983838383838384,96,100
0.0004048582995951417,0.3,0.4,0.6,0.3,0.15,3,4938,2,7,0.3,0.0004048582995951417,0.9981818181818182,96,100
0.0008097165991902834,0.4,0.5,0.5,0.4,0.2,4,4936,4,6,0.4,0.0008097165991902834,0.997979797979798,96,100
0.0012145748987854252,0.4,0.6,0.4,0.4,0.25,4,4934,6,6,0.4,0.0012145748987854252,0.9975757575757576,96,100
0.0012145748987854252,0.4,0.6,0.4,0.4,0.3,4,4934,6,6,0.4,0.0012145748987854252,0.9975757575757576,96,100
0.001417004048582996,0.4,0.6363636363636364,0.36363636363636365,0.4,0.35,4,4933,7,6,0.4,0.001417004048582996,0.9973737373737374,96,100
0.0020242914979757085,0.4,0.7142857142857143,0.2857142857142857,0.4,0.4,4,4930,10,6,0.4,0.0020242914979757085,0.9967676767676767,96,100
0.002226720647773279,0.4,0.7333333333333333,0.26666666666666666,0.4,0.45,4,4929,11,6,0.4,0.002226720647773279,0.9965656565656565,96,100
0.002834008097165992,0.4,0.7777777777777778,0.2222222222222222,0.4,0.5,4,4926,14,6,0.4,0.002834008097165992,0.9959595959595959,96,100
0.004048582995951417,0.4,0.8333333333333334,0.16666666666666666,0.4,0.55,4,4920,20,6,0.4,0.004048582995951417,0.9947474747474747,96,100
0.004048582995951417,0.4,0.8333333333333334,0.16666666666666666,0.4,0.6,4,4920,20,6,0.4,0.004048582995951417,0.9947474747474747,96,100
0.004251012145748988,0.4,0.84,0.16,0.4,0.65,4,4919,21,6,0.4,0.004251012145748988,0.9945454545454545,96,100
0.004251012145748988,0.4,0.84,0.16,0.4,0.7,4,4919,21,6,0.4,0.004251012145748988,0.9945454545454545,96,100
0.00931174089068826,0.5,0.9019607843137255,0.09803921568627451,0.5,0.75,5,4894,46,5,0.5,0.00931174089068826,0.9896969696969697,96,100
0.03137651821862348,0.7,0.9567901234567902,0.043209876543209874,0.7,0.8,7,4785,155,3,0.7,0.03137651821862348,0.9680808080808081,96,100
0.04797570850202429,0.9,0.9634146341463414,0.036585365853658534,0.9,0.85,9,4703,237,1,0.9,0.04797570850202429,0.9519191919191919,96,100
0.07044534412955465,0.9,0.9747899159663865,0.025210084033613446,0.9,0.9,9,4592,348,1,0.9,0.07044534412955465,0.9294949494949495,96,100
0.23340080971659918,1.0,0.9914015477214101,0.008598452278589854,1.0,0.95,10,3787,1153,0,1.0,0.23340080971659918,0.7670707070707071,96,100
0.36255060728744937,1.0,0.994447529150472,0.00555247084952804,1.0,1.0,10,3149,1791,0,1.0,0.36255060728744937,0.6381818181818182,96,100
0.0006072874493927126,0.7,0.3,0.7,0.7,0.1,7,4937,3,3,0.7,0.0006072874493927126,0.9987878787878788,97,100
0.0006072874493927126,0.7,0.3,0.7,0.7,0.15,7,4937,3,3,0.7,0.0006072874493927126,0.9987878787878788,97,100
0.0008097165991902834,0.8,0.3333333333333333,0.6666666666666666,0.8,0.2,8,4936,4,2,0.8,0.0008097165991902834,0.9987878787878788,97,100
0.0008097165991902834,0.8,0.3333333333333333,0.6666666666666666,0.8,0.25,8,4936,4,2,0.8,0.0008097165991902834,0.9987878787878788,97,100
0.0016194331983805667,0.8,0.5,0.5,0.8,0.3,8,4932,8,2,0.8,0.0016194331983805667,0.997979797979798,97,100
0.0038461538461538464,0.8,0.7037037037037037,0.2962962962962963,0.8,0.35,8,4921,19,2,0.8,0.0038461538461538464,0.9957575757575757,97,100
0.00465587044534413,0.8,0.7419354838709677,0.25806451612903225,0.8,0.4,8,4917,23,2,0.8,0.00465587044534413,0.9949494949494949,97,100
0.0066801619433198385,0.8,0.8048780487804879,0.1951219512195122,0.8,0.45,8,4907,33,2,0.8,0.0066801619433198385,0.9929292929292929,97,100
0.010323886639676113,0.8,0.864406779661017,0.13559322033898305,0.8,0.5,8,4889,51,2,0.8,0.010323886639676113,0.9892929292929293,97,100
0.013765182186234818,0.8,0.8947368421052632,0.10526315789473684,0.8,0.55,8,4872,68,2,0.8,0.013765182186234818,0.9858585858585859,97,100
0.013765182186234818,0.8,0.8947368421052632,0.10526315789473684,0.8,0.6,8,4872,68,2,0.8,0.013765182186234818,0.9858585858585859,97,100
0.014777327935222672,0.8,0.9012345679012346,0.09876543209876543,0.8,0.65,8,4867,73,2,0.8,0.014777327935222672,0.9848484848484849,97,100
0.020242914979757085,0.8,0.9259259259259259,0.07407407407407407,0.8,0.7,8,4840,100,2,0.8,0.020242914979757085,0.9793939393939394,97,100
0.03360323886639676,0.8,0.9540229885057471,0.04597701149425287,0.8,0.75,8,4774,166,2,0.8,0.03360323886639676,0.9660606060606061,97,100
0.03785425101214575,0.8,0.958974358974359,0.041025641025641026,0.8,0.8,8,4753,187,2,0.8,0.03785425101214575,0.9618181818181818,97,100
0.058704453441295545,0.9,0.9698996655518395,0.030100334448160536,0.9,0.85,9,4650,290,1,0.9,0.058704453441295545,0.9412121212121212,97,100
0.1340080971659919,1.0,0.9851190476190477,0.01488095238095238,1.0,0.9,10,4278,662,0,1.0,0.1340080971659919,0.8662626262626263,97,100
0.21093117408906883,1.0,0.9904942965779467,0.009505703422053232,1.0,0.95,10,3898,1042,0,1.0,0.21093117408906883,0.7894949494949495,97,100
0.9495951417004048,1.0,0.9978727930227611,0.0021272069772388853,1.0,1.0,10,249,4691,0,1.0,0.9495951417004048,0.05232323232323232,97,100
0.0,0.1,0.0,1.0,0.1,0.1,1,4940,0,9,0.1,0.0,0.9981818181818182,98,100
0.0,0.1,0.0,1.0,0.1,0.15,1,4940,0,9,0.1,0.0,0.9981818181818182,98,100
0.00020242914979757084,0.2,0.3333333333333333,0.6666666666666666,0.2,0.2,2,4939,1,8,0.2,0.00020242914979757084,0.9981818181818182,98,100
0.0006072874493927126,0.2,0.6,0.4,0.2,0.25,2,4937,3,8,0.2,0.0006072874493927126,0.9977777777777778,98,100
0.0008097165991902834,0.2,0.6666666666666666,0.3333333333333333,0.2,0.3,2,4936,4,8,0.2,0.0008097165991902834,0.9975757575757576,98,100
0.0012145748987854252,0.4,0.6,0.4,0.4,0.35,4,4934,6,6,0.4,0.0012145748987854252,0.9975757575757576,98,100
0.0016194331983805667,0.4,0.6666666666666666,0.3333333333333333,0.4,0.4,4,4932,8,6,0.4,0.0016194331983805667,0.9971717171717172,98,100
0.0016194331983805667,0.4,0.6666666666666666,0.3333333333333333,0.4,0.45,4,4932,8,6,0.4,0.0016194331983805667,0.9971717171717172,98,100
0.0016194331983805667,0.4,0.6666666666666666,0.3333333333333333,0.4,0.5,4,4932,8,6,0.4,0.0016194331983805667,0.9971717171717172,98,100
0.0018218623481781376,0.4,0.6923076923076923,0.3076923076923077,0.4,0.55,4,4931,9,6,0.4,0.0018218623481781376,0.996969696969697,98,100
0.005870445344129555,0.4,0.8787878787878788,0.12121212121212122,0.4,0.6,4,4911,29,6,0.4,0.005870445344129555,0.9929292929292929,98,100
0.008299595141700405,0.4,0.9111111111111111,0.08888888888888889,0.4,0.65,4,4899,41,6,0.4,0.008299595141700405,0.9905050505050506,98,100
0.009716599190283401,0.4,0.9230769230769231,0.07692307692307693,0.4,0.7,4,4892,48,6,0.4,0.009716599190283401,0.9890909090909091,98,100
0.011336032388663968,0.4,0.9333333333333333,0.06666666666666667,0.4,0.75,4,4884,56,6,0.4,0.011336032388663968,0.9874747474747475,98,100
0.011336032388663968,0.4,0.9333333333333333,0.06666666666666667,0.4,0.8,4,4884,56,6,0.4,0.011336032388663968,0.9874747474747475,98,100
0.011538461538461539,0.4,0.9344262295081968,0.06557377049180328,0.4,0.85,4,4883,57,6,0.4,0.011538461538461539,0.9872727272727273,98,100
0.015587044534412956,0.5,0.9390243902439024,0.06097560975609756,0.5,0.9,5,4863,77,5,0.5,0.015587044534412956,0.9834343434343434,98,100
0.08097165991902834,0.8,0.9803921568627451,0.0196078431372549,0.8,0.95,8,4540,400,2,0.8,0.08097165991902834,0.9187878787878788,98,100
0.41983805668016194,1.0,0.9952015355086372,0.0047984644913627635,1.0,1.0,10,2866,2074,0,1.0,0.41983805668016194,0.581010101010101,98,100
0.0,0.4,0.0,1.0,0.4,0.1,4,4940,0,6,0.4,0.0,0.9987878787878788,99,100
0.0,0.4,0.0,1.0,0.4,0.15,4,4940,0,6,0.4,0.0,0.9987878787878788,99,100
0.0,0.4,0.0,1.0,0.4,0.2,4,4940,0,6,0.4,0.0,0.9987878787878788,99,100
0.0,0.4,0.0,1.0,0.4,0.25,4,4940,0,6,0.4,0.0,0.9987878787878788,99,100
0.0,0.4,0.0,1.0,0.4,0.3,4,4940,0,6,0.4,0.0,0.9987878787878788,99,100
0.0016194331983805667,0.4,0.6666666666666666,0.3333333333333333,0.4,0.35,4,4932,8,6,0.4,0.0016194331983805667,0.9971717171717172,99,100
0.004048582995951417,0.5,0.8,0.2,0.5,0.4,5,4920,20,5,0.5,0.004048582995951417,0.9949494949494949,99,100
0.004048582995951417,0.5,0.8,0.2,0.5,0.45,5,4920,20,5,0.5,0.004048582995951417,0.9949494949494949,99,100
0.004453441295546558,0.5,0.8148148148148148,0.18518518518518517,0.5,0.5,5,4918,22,5,0.5,0.004453441295546558,0.9945454545454545,99,100
0.004858299595141701,0.5,0.8275862068965517,0.1724137931034483,0.5,0.55,5,4916,24,5,0.5,0.004858299595141701,0.9941414141414141,99,100
0.005263157894736842,0.5,0.8387096774193549,0.16129032258064516,0.5,0.6,5,4914,26,5,0.5,0.005263157894736842,0.9937373737373737,99,100
0.01417004048582996,0.6,0.9210526315789473,0.07894736842105263,0.6,0.65,6,4870,70,4,0.6,0.01417004048582996,0.9850505050505051,99,100
0.027327935222672066,0.7,0.9507042253521126,0.04929577464788732,0.7,0.7,7,4805,135,3,0.7,0.027327935222672066,0.9721212121212122,99,100
0.030566801619433197,0.7,0.9556962025316456,0.04430379746835443,0.7,0.75,7,4789,151,3,0.7,0.030566801619433197,0.9688888888888889,99,100
0.03360323886639676,0.7,0.9595375722543352,0.04046242774566474,0.7,0.8,7,4774,166,3,0.7,0.03360323886639676,0.9658585858585859,99,100
0.0437246963562753,0.8,0.9642857142857143,0.03571428571428571,0.8,0.85,8,4724,216,2,0.8,0.0437246963562753,0.955959595959596,99,100
0.0548582995951417,0.8,0.9713261648745519,0.02867383512544803,0.8,0.9,8,4669,271,2,0.8,0.0548582995951417,0.9448484848484848,99,100
0.09089068825910931,1.0,0.9782135076252724,0.02178649237472767,1.0,0.95,10,4491,449,0,1.0,0.09089068825910931,0.9092929292929293,99,100
0.7625506072874494,1.0,0.9973523960815462,0.0026476039184537992,1.0,1.0,10,1173,3767,0,1.0,0.7625506072874494,0.238989898989899,99,100
