FPR,TPR,FDR,NPrecision,NRecall,alpha,NTP,NTN,NFP,NFN,NTPR,NFPR,NACC,diffnetfinder_sec,run,dim
5.0276520864756156e-05,0.4,0.2,0.8,0.4,0.05,4,19889,1,6,0.4,5.0276520864756156e-05,0.9996482412060301,513.6552824999671,0,200
5.0276520864756156e-05,0.4,0.2,0.8,0.4,0.1,4,19889,1,6,0.4,5.0276520864756156e-05,0.9996482412060301,513.6552824999671,0,200
5.0276520864756156e-05,0.4,0.2,0.8,0.4,0.15,4,19889,1,6,0.4,5.0276520864756156e-05,0.9996482412060301,513.6552824999671,0,200
5.0276520864756156e-05,0.6,0.14285714285714285,0.8571428571428571,0.6,0.2,6,19889,1,4,0.6,5.0276520864756156e-05,0.999748743718593,513.6552824999671,0,200
0.00010055304172951231,0.6,0.25,0.75,0.6,0.25,6,19888,2,4,0.6,0.00010055304172951231,0.9996984924623116,513.6552824999671,0,200
0.00010055304172951231,0.6,0.25,0.75,0.6,0.3,6,19888,2,4,0.6,0.00010055304172951231,0.9996984924623116,513.6552824999671,0,200
0.00045248868778280545,0.7,0.5625,0.4375,0.7,0.35,7,19881,9,3,0.7,0.00045248868778280545,0.9993969849246231,513.6552824999671,0,200
0.0006033182503770739,0.7,0.631578947368421,0.3684210526315789,0.7,0.4,7,19878,12,3,0.7,0.0006033182503770739,0.9992462311557789,513.6552824999671,0,200
0.001005530417295123,0.8,0.7142857142857143,0.2857142857142857,0.8,0.45,8,19870,20,2,0.8,0.001005530417295123,0.9988944723618091,513.6552824999671,0,200
0.001005530417295123,0.8,0.7142857142857143,0.2857142857142857,0.8,0.5,8,19870,20,2,0.8,0.001005530417295123,0.9988944723618091,513.6552824999671,0,200
0.0010558069381598793,0.8,0.7241379310344828,0.27586206896551724,0.8,0.55,8,19869,21,2,0.8,0.0010558069381598793,0.9988442211055276,513.6552824999671,0,200
0.001256913021618904,0.8,0.7575757575757576,0.24242424242424243,0.8,0.6,8,19865,25,2,0.8,0.001256913021618904,0.998643216080402,513.6552824999671,0,200
0.001558572146807441,0.9,0.775,0.225,0.9,0.65,9,19859,31,1,0.9,0.001558572146807441,0.998391959798995,513.6552824999671,0,200
0.0024132730015082957,0.9,0.8421052631578947,0.15789473684210525,0.9,0.7,9,19842,48,1,0.9,0.0024132730015082957,0.997537688442211,513.6552824999671,0,200
0.002865761689291101,0.9,0.8636363636363636,0.13636363636363635,0.9,0.75,9,19833,57,1,0.9,0.002865761689291101,0.9970854271356784,513.6552824999671,0,200
0.0029160382101558573,0.9,0.8656716417910447,0.13432835820895522,0.9,0.8,9,19832,58,1,0.9,0.0029160382101558573,0.9970351758793969,513.6552824999671,0,200
0.005982905982905983,0.9,0.9296875,0.0703125,0.9,0.85,9,19771,119,1,0.9,0.005982905982905983,0.9939698492462311,513.6552824999671,0,200
0.02006033182503771,0.9,0.9779411764705882,0.022058823529411766,0.9,0.9,9,19491,399,1,0.9,0.02006033182503771,0.9798994974874372,513.6552824999671,0,200
0.17571644042232276,1.0,0.9971469329529244,0.0028530670470756064,1.0,0.95,10,16395,3495,0,1.0,0.17571644042232276,0.8243718592964824,513.6552824999671,0,200
0.9984917043740573,1.0,0.9994967287367891,0.0005032712632108706,1.0,1.0,10,30,19860,0,1.0,0.9984917043740573,0.0020100502512562816,513.6552824999671,0,200
0.0,0.4,0.0,1.0,0.4,0.05,4,19890,0,6,0.4,0.0,0.9996984924623116,518.2922465999145,1,200
0.0,0.4,0.0,1.0,0.4,0.1,4,19890,0,6,0.4,0.0,0.9996984924623116,518.2922465999145,1,200
0.0,0.4,0.0,1.0,0.4,0.15,4,19890,0,6,0.4,0.0,0.9996984924623116,518.2922465999145,1,200
0.00015082956259426848,0.4,0.42857142857142855,0.5714285714285714,0.4,0.2,4,19887,3,6,0.4,0.00015082956259426848,0.9995477386934674,518.2922465999145,1,200
0.00020110608345902463,0.4,0.5,0.5,0.4,0.25,4,19886,4,6,0.4,0.00020110608345902463,0.9994974874371859,518.2922465999145,1,200
0.00020110608345902463,0.4,0.5,0.5,0.4,0.3,4,19886,4,6,0.4,0.00020110608345902463,0.9994974874371859,518.2922465999145,1,200
0.0003519356460532931,0.4,0.6363636363636364,0.36363636363636365,0.4,0.35,4,19883,7,6,0.4,0.0003519356460532931,0.9993467336683417,518.2922465999145,1,200
0.0003519356460532931,0.4,0.6363636363636364,0.36363636363636365,0.4,0.4,4,19883,7,6,0.4,0.0003519356460532931,0.9993467336683417,518.2922465999145,1,200
0.00045248868778280545,0.5,0.6428571428571429,0.35714285714285715,0.5,0.45,5,19881,9,5,0.5,0.00045248868778280545,0.9992964824120603,518.2922465999145,1,200
0.0005530417295123177,0.5,0.6875,0.3125,0.5,0.5,5,19879,11,5,0.5,0.0005530417295123177,0.9991959798994975,518.2922465999145,1,200
0.0005530417295123177,0.5,0.6875,0.3125,0.5,0.55,5,19879,11,5,0.5,0.0005530417295123177,0.9991959798994975,518.2922465999145,1,200
0.0005530417295123177,0.5,0.6875,0.3125,0.5,0.6,5,19879,11,5,0.5,0.0005530417295123177,0.9991959798994975,518.2922465999145,1,200
0.00065359477124183,0.5,0.7222222222222222,0.2777777777777778,0.5,0.65,5,19877,13,5,0.5,0.00065359477124183,0.9990954773869347,518.2922465999145,1,200
0.00065359477124183,0.5,0.7222222222222222,0.2777777777777778,0.5,0.7,5,19877,13,5,0.5,0.00065359477124183,0.9990954773869347,518.2922465999145,1,200
0.00065359477124183,0.5,0.7222222222222222,0.2777777777777778,0.5,0.75,5,19877,13,5,0.5,0.00065359477124183,0.9990954773869347,518.2922465999145,1,200
0.0007038712921065862,0.5,0.7368421052631579,0.2631578947368421,0.5,0.8,5,19876,14,5,0.5,0.0007038712921065862,0.9990452261306533,518.2922465999145,1,200
0.000955253896430367,0.5,0.7916666666666666,0.20833333333333334,0.5,0.85,5,19871,19,5,0.5,0.000955253896430367,0.9987939698492462,518.2922465999145,1,200
0.000955253896430367,0.5,0.7916666666666666,0.20833333333333334,0.5,0.9,5,19871,19,5,0.5,0.000955253896430367,0.9987939698492462,518.2922465999145,1,200
0.007993966817496229,0.7,0.9578313253012049,0.04216867469879518,0.7,0.95,7,19731,159,3,0.7,0.007993966817496229,0.9918592964824121,518.2922465999145,1,200
0.9729512317747612,1.0,0.9994835244292944,0.0005164755707055056,1.0,1.0,10,538,19352,0,1.0,0.9729512317747612,0.027537688442211054,518.2922465999145,1,200
5.0276520864756156e-05,0.3,0.25,0.75,0.3,0.05,3,19889,1,7,0.3,5.0276520864756156e-05,0.9995979899497487,520.8111134999199,2,200
0.00010055304172951231,0.3,0.4,0.6,0.3,0.1,3,19888,2,7,0.3,0.00010055304172951231,0.9995477386934674,520.8111134999199,2,200
0.00010055304172951231,0.3,0.4,0.6,0.3,0.15,3,19888,2,7,0.3,0.00010055304172951231,0.9995477386934674,520.8111134999199,2,200
0.00010055304172951231,0.3,0.4,0.6,0.3,0.2,3,19888,2,7,0.3,0.00010055304172951231,0.9995477386934674,520.8111134999199,2,200
0.00015082956259426848,0.3,0.5,0.5,0.3,0.25,3,19887,3,7,0.3,0.00015082956259426848,0.9994974874371859,520.8111134999199,2,200
0.00015082956259426848,0.3,0.5,0.5,0.3,0.3,3,19887,3,7,0.3,0.00015082956259426848,0.9994974874371859,520.8111134999199,2,200
0.00015082956259426848,0.3,0.5,0.5,0.3,0.35,3,19887,3,7,0.3,0.00015082956259426848,0.9994974874371859,520.8111134999199,2,200
0.00015082956259426848,0.3,0.5,0.5,0.3,0.4,3,19887,3,7,0.3,0.00015082956259426848,0.9994974874371859,520.8111134999199,2,200
0.00015082956259426848,0.3,0.5,0.5,0.3,0.45,3,19887,3,7,0.3,0.00015082956259426848,0.9994974874371859,520.8111134999199,2,200
0.00020110608345902463,0.3,0.5714285714285714,0.42857142857142855,0.3,0.5,3,19886,4,7,0.3,0.00020110608345902463,0.9994472361809045,520.8111134999199,2,200
0.00020110608345902463,0.3,0.5714285714285714,0.42857142857142855,0.3,0.55,3,19886,4,7,0.3,0.00020110608345902463,0.9994472361809045,520.8111134999199,2,200
0.0014580191050779286,0.4,0.8787878787878788,0.12121212121212122,0.4,0.6,4,19861,29,6,0.4,0.0014580191050779286,0.9982412060301508,520.8111134999199,2,200
0.0014580191050779286,0.4,0.8787878787878788,0.12121212121212122,0.4,0.65,4,19861,29,6,0.4,0.0014580191050779286,0.9982412060301508,520.8111134999199,2,200
0.001608848667672197,0.4,0.8888888888888888,0.1111111111111111,0.4,0.7,4,19858,32,6,0.4,0.001608848667672197,0.9980904522613065,520.8111134999199,2,200
0.002011060834590246,0.5,0.8888888888888888,0.1111111111111111,0.5,0.75,5,19850,40,5,0.5,0.002011060834590246,0.9977386934673367,520.8111134999199,2,200
0.0029663147310206132,0.5,0.921875,0.078125,0.5,0.8,5,19831,59,5,0.5,0.0029663147310206132,0.99678391959799,520.8111134999199,2,200
0.003519356460532931,0.5,0.9333333333333333,0.06666666666666667,0.5,0.85,5,19820,70,5,0.5,0.003519356460532931,0.9962311557788944,520.8111134999199,2,200
0.0110105580693816,0.6,0.9733333333333334,0.02666666666666667,0.6,0.9,6,19671,219,4,0.6,0.0110105580693816,0.9887939698492463,520.8111134999199,2,200
0.02433383609854198,0.6,0.9877551020408163,0.012244897959183673,0.6,0.95,6,19406,484,4,0.6,0.02433383609854198,0.9754773869346733,520.8111134999199,2,200
0.9981900452488688,1.0,0.9994965767217077,0.0005034232782923883,1.0,1.0,10,36,19854,0,1.0,0.9981900452488688,0.0023115577889447235,520.8111134999199,2,200
5.0276520864756156e-05,0.4,0.2,0.8,0.4,0.05,4,19889,1,6,0.4,5.0276520864756156e-05,0.9996482412060301,528.8759130999679,3,200
0.00025138260432378077,0.4,0.5555555555555556,0.4444444444444444,0.4,0.1,4,19885,5,6,0.4,0.00025138260432378077,0.9994472361809045,528.8759130999679,3,200
0.00025138260432378077,0.4,0.5555555555555556,0.4444444444444444,0.4,0.15,4,19885,5,6,0.4,0.00025138260432378077,0.9994472361809045,528.8759130999679,3,200
0.00025138260432378077,0.4,0.5555555555555556,0.4444444444444444,0.4,0.2,4,19885,5,6,0.4,0.00025138260432378077,0.9994472361809045,528.8759130999679,3,200
0.00030165912518853697,0.4,0.6,0.4,0.4,0.25,4,19884,6,6,0.4,0.00030165912518853697,0.9993969849246231,528.8759130999679,3,200
0.00030165912518853697,0.4,0.6,0.4,0.4,0.3,4,19884,6,6,0.4,0.00030165912518853697,0.9993969849246231,528.8759130999679,3,200
0.00030165912518853697,0.4,0.6,0.4,0.4,0.35,4,19884,6,6,0.4,0.00030165912518853697,0.9993969849246231,528.8759130999679,3,200
0.00030165912518853697,0.5,0.5454545454545454,0.45454545454545453,0.5,0.4,5,19884,6,5,0.5,0.00030165912518853697,0.9994472361809045,528.8759130999679,3,200
0.00030165912518853697,0.5,0.5454545454545454,0.45454545454545453,0.5,0.45,5,19884,6,5,0.5,0.00030165912518853697,0.9994472361809045,528.8759130999679,3,200
0.0005027652086475615,0.6,0.625,0.375,0.6,0.5,6,19880,10,4,0.6,0.0005027652086475615,0.9992964824120603,528.8759130999679,3,200
0.00065359477124183,0.6,0.6842105263157895,0.3157894736842105,0.6,0.55,6,19877,13,4,0.6,0.00065359477124183,0.999145728643216,528.8759130999679,3,200
0.0007038712921065862,0.6,0.7,0.3,0.6,0.6,6,19876,14,4,0.6,0.0007038712921065862,0.9990954773869347,528.8759130999679,3,200
0.004022121669180492,0.7,0.9195402298850575,0.08045977011494253,0.7,0.65,7,19810,80,3,0.7,0.004022121669180492,0.9958291457286432,528.8759130999679,3,200
0.004725992961287079,0.7,0.9306930693069307,0.06930693069306931,0.7,0.7,7,19796,94,3,0.7,0.004725992961287079,0.9951256281407035,528.8759130999679,3,200
0.008396178984414278,0.8,0.9542857142857143,0.045714285714285714,0.8,0.75,8,19723,167,2,0.8,0.008396178984414278,0.9915075376884422,528.8759130999679,3,200
0.012217194570135747,0.8,0.9681274900398407,0.03187250996015936,0.8,0.8,8,19647,243,2,0.8,0.012217194570135747,0.9876884422110552,528.8759130999679,3,200
0.05248868778280543,1.0,0.9905123339658444,0.009487666034155597,1.0,0.85,10,18846,1044,0,1.0,0.05248868778280543,0.9475376884422111,528.8759130999679,3,200
0.1689291101055807,1.0,0.9970326409495549,0.002967359050445104,1.0,0.9,10,16530,3360,0,1.0,0.1689291101055807,0.8311557788944723,528.8759130999679,3,200
0.34615384615384615,1.0,0.9985496736765772,0.0014503263234227702,1.0,0.95,10,13005,6885,0,1.0,0.34615384615384615,0.6540201005025126,528.8759130999679,3,200
0.9965811965811966,1.0,0.9994957644211375,0.0005042355788624445,1.0,1.0,10,68,19822,0,1.0,0.9965811965811966,0.003919597989949748,528.8759130999679,3,200
0.0,0.1,0.0,1.0,0.1,0.05,1,19890,0,9,0.1,0.0,0.9995477386934674,508.94908869999927,4,200
0.0,0.1,0.0,1.0,0.1,0.1,1,19890,0,9,0.1,0.0,0.9995477386934674,508.94908869999927,4,200
0.0,0.3,0.0,1.0,0.3,0.15,3,19890,0,7,0.3,0.0,0.9996482412060301,508.94908869999927,4,200
0.0,0.3,0.0,1.0,0.3,0.2,3,19890,0,7,0.3,0.0,0.9996482412060301,508.94908869999927,4,200
0.00015082956259426848,0.3,0.5,0.5,0.3,0.25,3,19887,3,7,0.3,0.00015082956259426848,0.9994974874371859,508.94908869999927,4,200
0.00020110608345902463,0.3,0.5714285714285714,0.42857142857142855,0.3,0.3,3,19886,4,7,0.3,0.00020110608345902463,0.9994472361809045,508.94908869999927,4,200
0.00020110608345902463,0.3,0.5714285714285714,0.42857142857142855,0.3,0.35,3,19886,4,7,0.3,0.00020110608345902463,0.9994472361809045,508.94908869999927,4,200
0.00020110608345902463,0.3,0.5714285714285714,0.42857142857142855,0.3,0.4,3,19886,4,7,0.3,0.00020110608345902463,0.9994472361809045,508.94908869999927,4,200
0.00020110608345902463,0.4,0.5,0.5,0.4,0.45,4,19886,4,6,0.4,0.00020110608345902463,0.9994974874371859,508.94908869999927,4,200
0.00020110608345902463,0.4,0.5,0.5,0.4,0.5,4,19886,4,6,0.4,0.00020110608345902463,0.9994974874371859,508.94908869999927,4,200
0.00040221216691804925,0.4,0.6666666666666666,0.3333333333333333,0.4,0.55,4,19882,8,6,0.4,0.00040221216691804925,0.9992964824120603,508.94908869999927,4,200
0.00040221216691804925,0.4,0.6666666666666666,0.3333333333333333,0.4,0.6,4,19882,8,6,0.4,0.00040221216691804925,0.9992964824120603,508.94908869999927,4,200
0.00045248868778280545,0.4,0.6923076923076923,0.3076923076923077,0.4,0.65,4,19881,9,6,0.4,0.00045248868778280545,0.9992462311557789,508.94908869999927,4,200
0.00045248868778280545,0.4,0.6923076923076923,0.3076923076923077,0.4,0.7,4,19881,9,6,0.4,0.00045248868778280545,0.9992462311557789,508.94908869999927,4,200
0.00045248868778280545,0.4,0.6923076923076923,0.3076923076923077,0.4,0.75,4,19881,9,6,0.4,0.00045248868778280545,0.9992462311557789,508.94908869999927,4,200
0.00045248868778280545,0.4,0.6923076923076923,0.3076923076923077,0.4,0.8,4,19881,9,6,0.4,0.00045248868778280545,0.9992462311557789,508.94908869999927,4,200
0.00045248868778280545,0.4,0.6923076923076923,0.3076923076923077,0.4,0.85,4,19881,9,6,0.4,0.00045248868778280545,0.9992462311557789,508.94908869999927,4,200
0.0033182503770739064,0.5,0.9295774647887324,0.07042253521126761,0.5,0.9,5,19824,66,5,0.5,0.0033182503770739064,0.9964321608040201,508.94908869999927,4,200
0.003569632981397687,0.5,0.9342105263157895,0.06578947368421052,0.5,0.95,5,19819,71,5,0.5,0.003569632981397687,0.9961809045226131,508.94908869999927,4,200
0.9963800904977376,1.0,0.9994956626992132,0.0005043373007867661,1.0,1.0,10,72,19818,0,1.0,0.9963800904977376,0.004120603015075377,508.94908869999927,4,200
5.0276520864756156e-05,0.2,0.3333333333333333,0.6666666666666666,0.2,0.05,2,19889,1,8,0.2,5.0276520864756156e-05,0.9995477386934674,518.983156900038,5,200
5.0276520864756156e-05,0.3,0.25,0.75,0.3,0.1,3,19889,1,7,0.3,5.0276520864756156e-05,0.9995979899497487,518.983156900038,5,200
5.0276520864756156e-05,0.3,0.25,0.75,0.3,0.15,3,19889,1,7,0.3,5.0276520864756156e-05,0.9995979899497487,518.983156900038,5,200
5.0276520864756156e-05,0.3,0.25,0.75,0.3,0.2,3,19889,1,7,0.3,5.0276520864756156e-05,0.9995979899497487,518.983156900038,5,200
0.00010055304172951231,0.4,0.3333333333333333,0.6666666666666666,0.4,0.25,4,19888,2,6,0.4,0.00010055304172951231,0.9995979899497487,518.983156900038,5,200
0.00010055304172951231,0.4,0.3333333333333333,0.6666666666666666,0.4,0.3,4,19888,2,6,0.4,0.00010055304172951231,0.9995979899497487,518.983156900038,5,200
0.00010055304172951231,0.4,0.3333333333333333,0.6666666666666666,0.4,0.35,4,19888,2,6,0.4,0.00010055304172951231,0.9995979899497487,518.983156900038,5,200
0.00015082956259426848,0.4,0.42857142857142855,0.5714285714285714,0.4,0.4,4,19887,3,6,0.4,0.00015082956259426848,0.9995477386934674,518.983156900038,5,200
0.00015082956259426848,0.4,0.42857142857142855,0.5714285714285714,0.4,0.45,4,19887,3,6,0.4,0.00015082956259426848,0.9995477386934674,518.983156900038,5,200
0.00015082956259426848,0.4,0.42857142857142855,0.5714285714285714,0.4,0.5,4,19887,3,6,0.4,0.00015082956259426848,0.9995477386934674,518.983156900038,5,200
0.00015082956259426848,0.4,0.42857142857142855,0.5714285714285714,0.4,0.55,4,19887,3,6,0.4,0.00015082956259426848,0.9995477386934674,518.983156900038,5,200
0.00015082956259426848,0.4,0.42857142857142855,0.5714285714285714,0.4,0.6,4,19887,3,6,0.4,0.00015082956259426848,0.9995477386934674,518.983156900038,5,200
0.0003519356460532931,0.4,0.6363636363636364,0.36363636363636365,0.4,0.65,4,19883,7,6,0.4,0.0003519356460532931,0.9993467336683417,518.983156900038,5,200
0.004474610356963298,0.6,0.9368421052631579,0.06315789473684211,0.6,0.7,6,19801,89,4,0.6,0.004474610356963298,0.9953266331658291,518.983156900038,5,200
0.010407239819004524,0.9,0.9583333333333334,0.041666666666666664,0.9,0.75,9,19683,207,1,0.9,0.010407239819004524,0.9895477386934673,518.983156900038,5,200
0.011463046757164403,0.9,0.9620253164556962,0.0379746835443038,0.9,0.8,9,19662,228,1,0.9,0.011463046757164403,0.9884924623115577,518.983156900038,5,200
0.04032176973353444,0.9,0.9889025893958077,0.011097410604192354,0.9,0.85,9,19088,802,1,0.9,0.04032176973353444,0.9596482412060302,518.983156900038,5,200
0.05500251382604324,0.9,0.9918404351767905,0.008159564823209429,0.9,0.9,9,18796,1094,1,0.9,0.05500251382604324,0.9449748743718593,518.983156900038,5,200
0.16902966314731022,1.0,0.9970344009489917,0.0029655990510083037,1.0,0.95,10,16528,3362,0,1.0,0.16902966314731022,0.8310552763819096,518.983156900038,5,200
0.9821015585721468,1.0,0.9994883340155546,0.000511665984445354,1.0,1.0,10,356,19534,0,1.0,0.9821015585721468,0.018391959798994974,518.983156900038,5,200
0.0,0.4,0.0,1.0,0.4,0.05,4,19890,0,6,0.4,0.0,0.9996984924623116,513.2020983999828,6,200
0.0,0.4,0.0,1.0,0.4,0.1,4,19890,0,6,0.4,0.0,0.9996984924623116,513.2020983999828,6,200
0.0,0.4,0.0,1.0,0.4,0.15,4,19890,0,6,0.4,0.0,0.9996984924623116,513.2020983999828,6,200
0.0,0.4,0.0,1.0,0.4,0.2,4,19890,0,6,0.4,0.0,0.9996984924623116,513.2020983999828,6,200
0.0,0.4,0.0,1.0,0.4,0.25,4,19890,0,6,0.4,0.0,0.9996984924623116,513.2020983999828,6,200
0.0,0.5,0.0,1.0,0.5,0.3,5,19890,0,5,0.5,0.0,0.999748743718593,513.2020983999828,6,200
0.0,0.5,0.0,1.0,0.5,0.35,5,19890,0,5,0.5,0.0,0.999748743718593,513.2020983999828,6,200
0.00010055304172951231,0.5,0.2857142857142857,0.7142857142857143,0.5,0.4,5,19888,2,5,0.5,0.00010055304172951231,0.9996482412060301,513.2020983999828,6,200
0.00010055304172951231,0.6,0.25,0.75,0.6,0.45,6,19888,2,4,0.6,0.00010055304172951231,0.9996984924623116,513.2020983999828,6,200
0.00015082956259426848,0.6,0.3333333333333333,0.6666666666666666,0.6,0.5,6,19887,3,4,0.6,0.00015082956259426848,0.9996482412060301,513.2020983999828,6,200
0.0005027652086475615,0.6,0.625,0.375,0.6,0.55,6,19880,10,4,0.6,0.0005027652086475615,0.9992964824120603,513.2020983999828,6,200
0.001256913021618904,0.6,0.8064516129032258,0.1935483870967742,0.6,0.6,6,19865,25,4,0.6,0.001256913021618904,0.9985427135678392,513.2020983999828,6,200
0.0023127199597787833,0.6,0.8846153846153846,0.11538461538461539,0.6,0.65,6,19844,46,4,0.6,0.0023127199597787833,0.9974874371859297,513.2020983999828,6,200
0.012770236299648064,0.9,0.9657794676806084,0.034220532319391636,0.9,0.7,9,19636,254,1,0.9,0.012770236299648064,0.9871859296482413,513.2020983999828,6,200
0.017948717948717947,0.9,0.9754098360655737,0.02459016393442623,0.9,0.75,9,19533,357,1,0.9,0.017948717948717947,0.9820100502512563,513.2020983999828,6,200
0.02277526395173454,0.9,0.9805194805194806,0.01948051948051948,0.9,0.8,9,19437,453,1,0.9,0.02277526395173454,0.9771859296482412,513.2020983999828,6,200
0.03388637506284565,0.9,0.986822840409956,0.013177159590043924,0.9,0.85,9,19216,674,1,0.9,0.03388637506284565,0.9660804020100503,513.2020983999828,6,200
0.10683760683760683,1.0,0.9953161592505855,0.00468384074941452,1.0,0.9,10,17765,2125,0,1.0,0.10683760683760683,0.8932160804020101,513.2020983999828,6,200
0.20925087983911514,1.0,0.9976030680728667,0.0023969319271332696,1.0,0.95,10,15728,4162,0,1.0,0.20925087983911514,0.7908542713567839,513.2020983999828,6,200
0.9982403217697335,1.0,0.9994966020639315,0.0005033979360684622,1.0,1.0,10,35,19855,0,1.0,0.9982403217697335,0.0022613065326633165,513.2020983999828,6,200
5.0276520864756156e-05,0.5,0.16666666666666666,0.8333333333333334,0.5,0.05,5,19889,1,5,0.5,5.0276520864756156e-05,0.9996984924623116,529.2921144999564,7,200
0.00015082956259426848,0.6,0.3333333333333333,0.6666666666666666,0.6,0.1,6,19887,3,4,0.6,0.00015082956259426848,0.9996482412060301,529.2921144999564,7,200
0.00015082956259426848,0.6,0.3333333333333333,0.6666666666666666,0.6,0.15,6,19887,3,4,0.6,0.00015082956259426848,0.9996482412060301,529.2921144999564,7,200
0.00015082956259426848,0.6,0.3333333333333333,0.6666666666666666,0.6,0.2,6,19887,3,4,0.6,0.00015082956259426848,0.9996482412060301,529.2921144999564,7,200
0.00020110608345902463,0.6,0.4,0.6,0.6,0.25,6,19886,4,4,0.6,0.00020110608345902463,0.9995979899497487,529.2921144999564,7,200
0.0003519356460532931,0.6,0.5384615384615384,0.46153846153846156,0.6,0.3,6,19883,7,4,0.6,0.0003519356460532931,0.9994472361809045,529.2921144999564,7,200
0.0003519356460532931,0.6,0.5384615384615384,0.46153846153846156,0.6,0.35,6,19883,7,4,0.6,0.0003519356460532931,0.9994472361809045,529.2921144999564,7,200
0.00045248868778280545,0.6,0.6,0.4,0.6,0.4,6,19881,9,4,0.6,0.00045248868778280545,0.9993467336683417,529.2921144999564,7,200
0.0007038712921065862,0.6,0.7,0.3,0.6,0.45,6,19876,14,4,0.6,0.0007038712921065862,0.9990954773869347,529.2921144999564,7,200
0.0015082956259426848,0.7,0.8108108108108109,0.1891891891891892,0.7,0.5,7,19860,30,3,0.7,0.0015082956259426848,0.9983417085427135,529.2921144999564,7,200
0.0020613373554550026,0.7,0.8541666666666666,0.14583333333333334,0.7,0.55,7,19849,41,3,0.7,0.0020613373554550026,0.9977889447236181,529.2921144999564,7,200
0.002765208647561589,0.8,0.873015873015873,0.12698412698412698,0.8,0.6,8,19835,55,2,0.8,0.002765208647561589,0.9971356783919598,529.2921144999564,7,200
0.0029663147310206132,0.9,0.8676470588235294,0.1323529411764706,0.9,0.65,9,19831,59,1,0.9,0.0029663147310206132,0.9969849246231156,529.2921144999564,7,200
0.003418803418803419,0.9,0.8831168831168831,0.11688311688311688,0.9,0.7,9,19822,68,1,0.9,0.003418803418803419,0.996532663316583,529.2921144999564,7,200
0.005329311211664153,0.9,0.9217391304347826,0.0782608695652174,0.9,0.75,9,19784,106,1,0.9,0.005329311211664153,0.9946231155778894,529.2921144999564,7,200
0.010507792860734038,0.9,0.9587155963302753,0.04128440366972477,0.9,0.8,9,19681,209,1,0.9,0.010507792860734038,0.9894472361809046,529.2921144999564,7,200
0.03398692810457516,1.0,0.9854227405247813,0.014577259475218658,1.0,0.85,10,19214,676,0,1.0,0.03398692810457516,0.9660301507537689,529.2921144999564,7,200
0.1507792860734037,1.0,0.9966766367563975,0.003323363243602526,1.0,0.9,10,16891,2999,0,1.0,0.1507792860734037,0.8492964824120603,529.2921144999564,7,200
0.25178481649069884,1.0,0.9980071741729772,0.0019928258270227183,1.0,0.95,10,14882,5008,0,1.0,0.25178481649069884,0.7483417085427135,529.2921144999564,7,200
0.9983911513323278,1.0,0.999496678075297,0.0005033219247030401,1.0,1.0,10,32,19858,0,1.0,0.9983911513323278,0.0021105527638190956,529.2921144999564,7,200
0.0,0.2,0.0,1.0,0.2,0.05,2,19890,0,8,0.2,0.0,0.9995979899497487,519.8030573999276,8,200
0.0,0.3,0.0,1.0,0.3,0.1,3,19890,0,7,0.3,0.0,0.9996482412060301,519.8030573999276,8,200
5.0276520864756156e-05,0.4,0.2,0.8,0.4,0.15,4,19889,1,6,0.4,5.0276520864756156e-05,0.9996482412060301,519.8030573999276,8,200
0.00010055304172951231,0.4,0.3333333333333333,0.6666666666666666,0.4,0.2,4,19888,2,6,0.4,0.00010055304172951231,0.9995979899497487,519.8030573999276,8,200
0.00010055304172951231,0.5,0.2857142857142857,0.7142857142857143,0.5,0.25,5,19888,2,5,0.5,0.00010055304172951231,0.9996482412060301,519.8030573999276,8,200
0.00025138260432378077,0.5,0.5,0.5,0.5,0.3,5,19885,5,5,0.5,0.00025138260432378077,0.9994974874371859,519.8030573999276,8,200
0.0009049773755656109,0.5,0.782608695652174,0.21739130434782608,0.5,0.35,5,19872,18,5,0.5,0.0009049773755656109,0.9988442211055276,519.8030573999276,8,200
0.0012066365007541479,0.5,0.8275862068965517,0.1724137931034483,0.5,0.4,5,19866,24,5,0.5,0.0012066365007541479,0.9985427135678392,519.8030573999276,8,200
0.0014580191050779286,0.5,0.8529411764705882,0.14705882352941177,0.5,0.45,5,19861,29,5,0.5,0.0014580191050779286,0.9982914572864322,519.8030573999276,8,200
0.0021116138763197585,0.6,0.875,0.125,0.6,0.5,6,19848,42,4,0.6,0.0021116138763197585,0.9976884422110552,519.8030573999276,8,200
0.0024132730015082957,0.6,0.8888888888888888,0.1111111111111111,0.6,0.55,6,19842,48,4,0.6,0.0024132730015082957,0.9973869346733668,519.8030573999276,8,200
0.0024635495223730517,0.6,0.8909090909090909,0.10909090909090909,0.6,0.6,6,19841,49,4,0.6,0.0024635495223730517,0.9973366834170855,519.8030573999276,8,200
0.0036199095022624436,0.7,0.9113924050632911,0.08860759493670886,0.7,0.65,7,19818,72,3,0.7,0.0036199095022624436,0.9962311557788944,519.8030573999276,8,200
0.004424333836098542,0.7,0.9263157894736842,0.07368421052631578,0.7,0.7,7,19802,88,3,0.7,0.004424333836098542,0.9954271356783919,519.8030573999276,8,200
0.006586224233283057,0.7,0.9492753623188406,0.050724637681159424,0.7,0.75,7,19759,131,3,0.7,0.006586224233283057,0.9932663316582915,519.8030573999276,8,200
0.01478129713423831,0.8,0.9735099337748344,0.026490066225165563,0.8,0.8,8,19596,294,2,0.8,0.01478129713423831,0.9851256281407035,519.8030573999276,8,200
0.05842131724484666,0.9,0.9923142613151152,0.007685738684884714,0.9,0.85,9,18728,1162,1,0.9,0.05842131724484666,0.9415577889447236,519.8030573999276,8,200
0.14213172448466566,0.9,0.9968265162200282,0.003173483779971791,0.9,0.9,9,17063,2827,1,0.9,0.14213172448466566,0.8578894472361809,519.8030573999276,8,200
0.296078431372549,0.9,0.9984740590030519,0.001525940996948118,0.9,0.95,9,14001,5889,1,0.9,0.296078431372549,0.7040201005025125,519.8030573999276,8,200
0.998340874811463,1.0,0.9994966527407259,0.0005033472592741732,1.0,1.0,10,33,19857,0,1.0,0.998340874811463,0.0021608040201005025,519.8030573999276,8,200
0.0,0.0,0.0,,0.0,0.05,0,19890,0,10,0.0,0.0,0.9994974874371859,513.0298554999754,9,200
0.0,0.1,0.0,1.0,0.1,0.1,1,19890,0,9,0.1,0.0,0.9995477386934674,513.0298554999754,9,200
0.0,0.1,0.0,1.0,0.1,0.15,1,19890,0,9,0.1,0.0,0.9995477386934674,513.0298554999754,9,200
5.0276520864756156e-05,0.1,0.5,0.5,0.1,0.2,1,19889,1,9,0.1,5.0276520864756156e-05,0.9994974874371859,513.0298554999754,9,200
0.00020110608345902463,0.2,0.6666666666666666,0.3333333333333333,0.2,0.25,2,19886,4,8,0.2,0.00020110608345902463,0.9993969849246231,513.0298554999754,9,200
0.00020110608345902463,0.2,0.6666666666666666,0.3333333333333333,0.2,0.3,2,19886,4,8,0.2,0.00020110608345902463,0.9993969849246231,513.0298554999754,9,200
0.0003519356460532931,0.2,0.7777777777777778,0.2222222222222222,0.2,0.35,2,19883,7,8,0.2,0.0003519356460532931,0.9992462311557789,513.0298554999754,9,200
0.00045248868778280545,0.2,0.8181818181818182,0.18181818181818182,0.2,0.4,2,19881,9,8,0.2,0.00045248868778280545,0.999145728643216,513.0298554999754,9,200
0.00065359477124183,0.2,0.8666666666666667,0.13333333333333333,0.2,0.45,2,19877,13,8,0.2,0.00065359477124183,0.9989447236180905,513.0298554999754,9,200
0.00065359477124183,0.2,0.8666666666666667,0.13333333333333333,0.2,0.5,2,19877,13,8,0.2,0.00065359477124183,0.9989447236180905,513.0298554999754,9,200
0.0008547008547008547,0.3,0.85,0.15,0.3,0.55,3,19873,17,7,0.3,0.0008547008547008547,0.9987939698492462,513.0298554999754,9,200
0.0009049773755656109,0.3,0.8571428571428571,0.14285714285714285,0.3,0.6,3,19872,18,7,0.3,0.0009049773755656109,0.9987437185929648,513.0298554999754,9,200
0.005178481649069884,0.6,0.944954128440367,0.05504587155963303,0.6,0.65,6,19787,103,4,0.6,0.005178481649069884,0.9946231155778894,513.0298554999754,9,200
0.008748114630467572,0.7,0.9613259668508287,0.03867403314917127,0.7,0.7,7,19716,174,3,0.7,0.008748114630467572,0.9911055276381909,513.0298554999754,9,200
0.01895424836601307,0.8,0.9792207792207792,0.02077922077922078,0.8,0.75,8,19513,377,2,0.8,0.01895424836601307,0.9809547738693467,513.0298554999754,9,200
0.03127199597787833,0.8,0.9873015873015873,0.012698412698412698,0.8,0.8,8,19268,622,2,0.8,0.03127199597787833,0.968643216080402,513.0298554999754,9,200
0.04147812971342383,0.9,0.9892086330935251,0.01079136690647482,0.9,0.85,9,19065,825,1,0.9,0.04147812971342383,0.9584924623115578,513.0298554999754,9,200
0.06948215183509301,0.9,0.9935298346513299,0.006470165348670022,0.9,0.9,9,18508,1382,1,0.9,0.06948215183509301,0.930502512562814,513.0298554999754,9,200
0.24047259929612871,0.9,0.9981218697829716,0.0018781302170283807,0.9,0.95,9,15107,4783,1,0.9,0.24047259929612871,0.7595979899497487,513.0298554999754,9,200
0.9963800904977376,1.0,0.9994956626992132,0.0005043373007867661,1.0,1.0,10,72,19818,0,1.0,0.9963800904977376,0.004120603015075377,513.0298554999754,9,200
5.0276520864756156e-05,0.4,0.2,0.8,0.4,0.05,4,19889,1,6,0.4,5.0276520864756156e-05,0.9996482412060301,514.1060796000529,10,200
5.0276520864756156e-05,0.4,0.2,0.8,0.4,0.1,4,19889,1,6,0.4,5.0276520864756156e-05,0.9996482412060301,514.1060796000529,10,200
5.0276520864756156e-05,0.4,0.2,0.8,0.4,0.15,4,19889,1,6,0.4,5.0276520864756156e-05,0.9996482412060301,514.1060796000529,10,200
5.0276520864756156e-05,0.4,0.2,0.8,0.4,0.2,4,19889,1,6,0.4,5.0276520864756156e-05,0.9996482412060301,514.1060796000529,10,200
5.0276520864756156e-05,0.4,0.2,0.8,0.4,0.25,4,19889,1,6,0.4,5.0276520864756156e-05,0.9996482412060301,514.1060796000529,10,200
5.0276520864756156e-05,0.4,0.2,0.8,0.4,0.3,4,19889,1,6,0.4,5.0276520864756156e-05,0.9996482412060301,514.1060796000529,10,200
0.00015082956259426848,0.4,0.42857142857142855,0.5714285714285714,0.4,0.35,4,19887,3,6,0.4,0.00015082956259426848,0.9995477386934674,514.1060796000529,10,200
0.00015082956259426848,0.4,0.42857142857142855,0.5714285714285714,0.4,0.4,4,19887,3,6,0.4,0.00015082956259426848,0.9995477386934674,514.1060796000529,10,200
0.00020110608345902463,0.4,0.5,0.5,0.4,0.45,4,19886,4,6,0.4,0.00020110608345902463,0.9994974874371859,514.1060796000529,10,200
0.00020110608345902463,0.4,0.5,0.5,0.4,0.5,4,19886,4,6,0.4,0.00020110608345902463,0.9994974874371859,514.1060796000529,10,200
0.00030165912518853697,0.4,0.6,0.4,0.4,0.55,4,19884,6,6,0.4,0.00030165912518853697,0.9993969849246231,514.1060796000529,10,200
0.00030165912518853697,0.4,0.6,0.4,0.4,0.6,4,19884,6,6,0.4,0.00030165912518853697,0.9993969849246231,514.1060796000529,10,200
0.00030165912518853697,0.4,0.6,0.4,0.4,0.65,4,19884,6,6,0.4,0.00030165912518853697,0.9993969849246231,514.1060796000529,10,200
0.00030165912518853697,0.4,0.6,0.4,0.4,0.7,4,19884,6,6,0.4,0.00030165912518853697,0.9993969849246231,514.1060796000529,10,200
0.00030165912518853697,0.4,0.6,0.4,0.4,0.75,4,19884,6,6,0.4,0.00030165912518853697,0.9993969849246231,514.1060796000529,10,200
0.00030165912518853697,0.4,0.6,0.4,0.4,0.8,4,19884,6,6,0.4,0.00030165912518853697,0.9993969849246231,514.1060796000529,10,200
0.00030165912518853697,0.4,0.6,0.4,0.4,0.85,4,19884,6,6,0.4,0.00030165912518853697,0.9993969849246231,514.1060796000529,10,200
0.0069381598793363496,0.6,0.9583333333333334,0.041666666666666664,0.6,0.9,6,19752,138,4,0.6,0.0069381598793363496,0.9928643216080402,514.1060796000529,10,200
0.007642031171442936,0.6,0.9620253164556962,0.0379746835443038,0.6,0.95,6,19738,152,4,0.6,0.007642031171442936,0.9921608040201005,514.1060796000529,10,200
0.9984414278531926,1.0,0.9994967034073179,0.0005032965926820676,1.0,1.0,10,31,19859,0,1.0,0.9984414278531926,0.0020603015075376886,514.1060796000529,10,200
0.0,0.6,0.0,1.0,0.6,0.05,6,19890,0,4,0.6,0.0,0.9997989949748743,512.6224129999755,11,200
5.0276520864756156e-05,0.6,0.14285714285714285,0.8571428571428571,0.6,0.1,6,19889,1,4,0.6,5.0276520864756156e-05,0.999748743718593,512.6224129999755,11,200
5.0276520864756156e-05,0.6,0.14285714285714285,0.8571428571428571,0.6,0.15,6,19889,1,4,0.6,5.0276520864756156e-05,0.999748743718593,512.6224129999755,11,200
5.0276520864756156e-05,0.6,0.14285714285714285,0.8571428571428571,0.6,0.2,6,19889,1,4,0.6,5.0276520864756156e-05,0.999748743718593,512.6224129999755,11,200
5.0276520864756156e-05,0.6,0.14285714285714285,0.8571428571428571,0.6,0.25,6,19889,1,4,0.6,5.0276520864756156e-05,0.999748743718593,512.6224129999755,11,200
5.0276520864756156e-05,0.7,0.125,0.875,0.7,0.3,7,19889,1,3,0.7,5.0276520864756156e-05,0.9997989949748743,512.6224129999755,11,200
0.00010055304172951231,0.7,0.2222222222222222,0.7777777777777778,0.7,0.35,7,19888,2,3,0.7,0.00010055304172951231,0.999748743718593,512.6224129999755,11,200
0.00015082956259426848,0.7,0.3,0.7,0.7,0.4,7,19887,3,3,0.7,0.00015082956259426848,0.9996984924623116,512.6224129999755,11,200
0.00020110608345902463,0.7,0.36363636363636365,0.6363636363636364,0.7,0.45,7,19886,4,3,0.7,0.00020110608345902463,0.9996482412060301,512.6224129999755,11,200
0.00025138260432378077,0.7,0.4166666666666667,0.5833333333333334,0.7,0.5,7,19885,5,3,0.7,0.00025138260432378077,0.9995979899497487,512.6224129999755,11,200
0.00025138260432378077,0.7,0.4166666666666667,0.5833333333333334,0.7,0.55,7,19885,5,3,0.7,0.00025138260432378077,0.9995979899497487,512.6224129999755,11,200
0.00040221216691804925,0.7,0.5333333333333333,0.4666666666666667,0.7,0.6,7,19882,8,3,0.7,0.00040221216691804925,0.9994472361809045,512.6224129999755,11,200
0.00040221216691804925,0.7,0.5333333333333333,0.4666666666666667,0.7,0.65,7,19882,8,3,0.7,0.00040221216691804925,0.9994472361809045,512.6224129999755,11,200
0.00040221216691804925,0.7,0.5333333333333333,0.4666666666666667,0.7,0.7,7,19882,8,3,0.7,0.00040221216691804925,0.9994472361809045,512.6224129999755,11,200
0.00040221216691804925,0.7,0.5333333333333333,0.4666666666666667,0.7,0.75,7,19882,8,3,0.7,0.00040221216691804925,0.9994472361809045,512.6224129999755,11,200
0.00045248868778280545,0.7,0.5625,0.4375,0.7,0.8,7,19881,9,3,0.7,0.00045248868778280545,0.9993969849246231,512.6224129999755,11,200
0.06148818501759678,1.0,0.991889699918897,0.008110300081103,1.0,0.85,10,18667,1223,0,1.0,0.06148818501759678,0.9385427135678392,512.6224129999755,11,200
0.1519356460532931,1.0,0.9967018469656992,0.0032981530343007917,1.0,0.9,10,16868,3022,0,1.0,0.1519356460532931,0.848140703517588,512.6224129999755,11,200
0.25957767722473607,1.0,0.998066885752948,0.0019331142470520007,1.0,0.95,10,14727,5163,0,1.0,0.25957767722473607,0.7405527638190955,512.6224129999755,11,200
0.9981900452488688,1.0,0.9994965767217077,0.0005034232782923883,1.0,1.0,10,36,19854,0,1.0,0.9981900452488688,0.0023115577889447235,512.6224129999755,11,200
0.0,0.6,0.0,1.0,0.6,0.05,6,19890,0,4,0.6,0.0,0.9997989949748743,514.4535863000201,12,200
0.0,0.6,0.0,1.0,0.6,0.1,6,19890,0,4,0.6,0.0,0.9997989949748743,514.4535863000201,12,200
0.00010055304172951231,0.7,0.2222222222222222,0.7777777777777778,0.7,0.15,7,19888,2,3,0.7,0.00010055304172951231,0.999748743718593,514.4535863000201,12,200
0.00010055304172951231,0.7,0.2222222222222222,0.7777777777777778,0.7,0.2,7,19888,2,3,0.7,0.00010055304172951231,0.999748743718593,514.4535863000201,12,200
0.00010055304172951231,0.7,0.2222222222222222,0.7777777777777778,0.7,0.25,7,19888,2,3,0.7,0.00010055304172951231,0.999748743718593,514.4535863000201,12,200
0.00015082956259426848,0.7,0.3,0.7,0.7,0.3,7,19887,3,3,0.7,0.00015082956259426848,0.9996984924623116,514.4535863000201,12,200
0.00040221216691804925,0.7,0.5333333333333333,0.4666666666666667,0.7,0.35,7,19882,8,3,0.7,0.00040221216691804925,0.9994472361809045,514.4535863000201,12,200
0.0006033182503770739,0.7,0.631578947368421,0.3684210526315789,0.7,0.4,7,19878,12,3,0.7,0.0006033182503770739,0.9992462311557789,514.4535863000201,12,200
0.00065359477124183,0.7,0.65,0.35,0.7,0.45,7,19877,13,3,0.7,0.00065359477124183,0.9991959798994975,514.4535863000201,12,200
0.0007038712921065862,0.7,0.6666666666666666,0.3333333333333333,0.7,0.5,7,19876,14,3,0.7,0.0007038712921065862,0.999145728643216,514.4535863000201,12,200
0.001558572146807441,0.7,0.8157894736842105,0.18421052631578946,0.7,0.55,7,19859,31,3,0.7,0.001558572146807441,0.9982914572864322,514.4535863000201,12,200
0.0023127199597787833,0.7,0.8679245283018868,0.1320754716981132,0.7,0.6,7,19844,46,3,0.7,0.0023127199597787833,0.997537688442211,514.4535863000201,12,200
0.003368526897938663,0.7,0.9054054054054054,0.0945945945945946,0.7,0.65,7,19823,67,3,0.7,0.003368526897938663,0.9964824120603015,514.4535863000201,12,200
0.004022121669180492,0.7,0.9195402298850575,0.08045977011494253,0.7,0.7,7,19810,80,3,0.7,0.004022121669180492,0.9958291457286432,514.4535863000201,12,200
0.007491201608848668,0.7,0.9551282051282052,0.04487179487179487,0.7,0.75,7,19741,149,3,0.7,0.007491201608848668,0.9923618090452261,514.4535863000201,12,200
0.017848164906988435,0.7,0.9806629834254144,0.019337016574585635,0.7,0.8,7,19535,355,3,0.7,0.017848164906988435,0.9820100502512563,514.4535863000201,12,200
0.021669180492709904,0.7,0.9840182648401826,0.01598173515981735,0.7,0.85,7,19459,431,3,0.7,0.021669180492709904,0.9781909547738693,514.4535863000201,12,200
0.03815987933634993,0.8,0.9895697522816167,0.010430247718383311,0.8,0.9,8,19131,759,2,0.8,0.03815987933634993,0.9617587939698492,514.4535863000201,12,200
0.18421317244846658,0.8,0.9978213507625272,0.002178649237472767,0.8,0.95,8,16226,3664,2,0.8,0.18421317244846658,0.8157788944723618,514.4535863000201,12,200
0.9982403217697335,1.0,0.9994966020639315,0.0005033979360684622,1.0,1.0,10,35,19855,0,1.0,0.9982403217697335,0.0022613065326633165,514.4535863000201,12,200
0.0,0.4,0.0,1.0,0.4,0.05,4,19890,0,6,0.4,0.0,0.9996984924623116,509.1719101999188,13,200
0.00015082956259426848,0.6,0.3333333333333333,0.6666666666666666,0.6,0.1,6,19887,3,4,0.6,0.00015082956259426848,0.9996482412060301,509.1719101999188,13,200
0.00015082956259426848,0.6,0.3333333333333333,0.6666666666666666,0.6,0.15,6,19887,3,4,0.6,0.00015082956259426848,0.9996482412060301,509.1719101999188,13,200
0.00025138260432378077,0.6,0.45454545454545453,0.5454545454545454,0.6,0.2,6,19885,5,4,0.6,0.00025138260432378077,0.9995477386934674,509.1719101999188,13,200
0.00025138260432378077,0.6,0.45454545454545453,0.5454545454545454,0.6,0.25,6,19885,5,4,0.6,0.00025138260432378077,0.9995477386934674,509.1719101999188,13,200
0.0003519356460532931,0.6,0.5384615384615384,0.46153846153846156,0.6,0.3,6,19883,7,4,0.6,0.0003519356460532931,0.9994472361809045,509.1719101999188,13,200
0.0003519356460532931,0.6,0.5384615384615384,0.46153846153846156,0.6,0.35,6,19883,7,4,0.6,0.0003519356460532931,0.9994472361809045,509.1719101999188,13,200
0.00040221216691804925,0.6,0.5714285714285714,0.42857142857142855,0.6,0.4,6,19882,8,4,0.6,0.00040221216691804925,0.9993969849246231,509.1719101999188,13,200
0.0005027652086475615,0.6,0.625,0.375,0.6,0.45,6,19880,10,4,0.6,0.0005027652086475615,0.9992964824120603,509.1719101999188,13,200
0.003368526897938663,0.7,0.9054054054054054,0.0945945945945946,0.7,0.5,7,19823,67,3,0.7,0.003368526897938663,0.9964824120603015,509.1719101999188,13,200
0.005178481649069884,0.8,0.9279279279279279,0.07207207207207207,0.8,0.55,8,19787,103,2,0.8,0.005178481649069884,0.9947236180904523,509.1719101999188,13,200
0.007088989441930618,0.8,0.9463087248322147,0.053691275167785234,0.8,0.6,8,19749,141,2,0.8,0.007088989441930618,0.9928140703517588,509.1719101999188,13,200
0.007642031171442936,0.8,0.95,0.05,0.8,0.65,8,19738,152,2,0.8,0.007642031171442936,0.9922613065326633,509.1719101999188,13,200
0.014027149321266969,0.8,0.9721254355400697,0.027874564459930314,0.8,0.7,8,19611,279,2,0.8,0.014027149321266969,0.9858793969849247,509.1719101999188,13,200
0.019457013574660634,0.8,0.979746835443038,0.020253164556962026,0.8,0.75,8,19503,387,2,0.8,0.019457013574660634,0.9804522613065326,509.1719101999188,13,200
0.025188536953242836,0.8,0.9842829076620825,0.015717092337917484,0.8,0.8,8,19389,501,2,0.8,0.025188536953242836,0.9747236180904523,509.1719101999188,13,200
0.03765711412770236,1.0,0.9868247694334651,0.013175230566534914,1.0,0.85,10,19141,749,0,1.0,0.03765711412770236,0.9623618090452262,509.1719101999188,13,200
0.10854700854700855,1.0,0.9953895804518211,0.004610419548178884,1.0,0.9,10,17731,2159,0,1.0,0.10854700854700855,0.8915075376884423,509.1719101999188,13,200
0.2645550527903469,1.0,0.9981031866464339,0.0018968133535660092,1.0,0.95,10,14628,5262,0,1.0,0.2645550527903469,0.7355778894472362,509.1719101999188,13,200
0.9945198592257416,1.0,0.9994947198221413,0.0005052801778586226,1.0,1.0,10,109,19781,0,1.0,0.9945198592257416,0.005979899497487437,509.1719101999188,13,200
5.0276520864756156e-05,0.0,1.0,0.0,0.0,0.05,0,19889,1,10,0.0,5.0276520864756156e-05,0.9994472361809045,512.8772761999862,14,200
5.0276520864756156e-05,0.0,1.0,0.0,0.0,0.1,0,19889,1,10,0.0,5.0276520864756156e-05,0.9994472361809045,512.8772761999862,14,200
5.0276520864756156e-05,0.0,1.0,0.0,0.0,0.15,0,19889,1,10,0.0,5.0276520864756156e-05,0.9994472361809045,512.8772761999862,14,200
5.0276520864756156e-05,0.0,1.0,0.0,0.0,0.2,0,19889,1,10,0.0,5.0276520864756156e-05,0.9994472361809045,512.8772761999862,14,200
5.0276520864756156e-05,0.1,0.5,0.5,0.1,0.25,1,19889,1,9,0.1,5.0276520864756156e-05,0.9994974874371859,512.8772761999862,14,200
0.00015082956259426848,0.1,0.75,0.25,0.1,0.3,1,19887,3,9,0.1,0.00015082956259426848,0.9993969849246231,512.8772761999862,14,200
0.00020110608345902463,0.2,0.6666666666666666,0.3333333333333333,0.2,0.35,2,19886,4,8,0.2,0.00020110608345902463,0.9993969849246231,512.8772761999862,14,200
0.00030165912518853697,0.3,0.6666666666666666,0.3333333333333333,0.3,0.4,3,19884,6,7,0.3,0.00030165912518853697,0.9993467336683417,512.8772761999862,14,200
0.00045248868778280545,0.3,0.75,0.25,0.3,0.45,3,19881,9,7,0.3,0.00045248868778280545,0.9991959798994975,512.8772761999862,14,200
0.00045248868778280545,0.3,0.75,0.25,0.3,0.5,3,19881,9,7,0.3,0.00045248868778280545,0.9991959798994975,512.8772761999862,14,200
0.0005530417295123177,0.3,0.7857142857142857,0.21428571428571427,0.3,0.55,3,19879,11,7,0.3,0.0005530417295123177,0.9990954773869347,512.8772761999862,14,200
0.0005530417295123177,0.3,0.7857142857142857,0.21428571428571427,0.3,0.6,3,19879,11,7,0.3,0.0005530417295123177,0.9990954773869347,512.8772761999862,14,200
0.0007541478129713424,0.3,0.8333333333333334,0.16666666666666666,0.3,0.65,3,19875,15,7,0.3,0.0007541478129713424,0.9988944723618091,512.8772761999862,14,200
0.0008044243338360985,0.4,0.8,0.2,0.4,0.7,4,19874,16,6,0.4,0.0008044243338360985,0.9988944723618091,512.8772761999862,14,200
0.000955253896430367,0.4,0.8260869565217391,0.17391304347826086,0.4,0.75,4,19871,19,6,0.4,0.000955253896430367,0.9987437185929648,512.8772761999862,14,200
0.009250879839115133,0.6,0.968421052631579,0.031578947368421054,0.6,0.8,6,19706,184,4,0.6,0.009250879839115133,0.9905527638190955,512.8772761999862,14,200
0.030970336852689795,0.8,0.9871794871794872,0.01282051282051282,0.8,0.85,8,19274,616,2,0.8,0.030970336852689795,0.9689447236180905,512.8772761999862,14,200
0.059678230266465564,0.8,0.9933054393305439,0.0066945606694560665,0.8,0.9,8,18703,1187,2,0.8,0.059678230266465564,0.940251256281407,512.8772761999862,14,200
0.18179989944695826,0.9,0.9975172413793103,0.0024827586206896553,0.9,0.95,9,16274,3616,1,0.9,0.18179989944695826,0.8182412060301507,512.8772761999862,14,200
0.9982403217697335,1.0,0.9994966020639315,0.0005033979360684622,1.0,1.0,10,35,19855,0,1.0,0.9982403217697335,0.0022613065326633165,512.8772761999862,14,200
0.0,0.3,0.0,1.0,0.3,0.05,3,19890,0,7,0.3,0.0,0.9996482412060301,512.370336699998,15,200
0.0,0.4,0.0,1.0,0.4,0.1,4,19890,0,6,0.4,0.0,0.9996984924623116,512.370336699998,15,200
0.0,0.5,0.0,1.0,0.5,0.15,5,19890,0,5,0.5,0.0,0.999748743718593,512.370336699998,15,200
5.0276520864756156e-05,0.5,0.16666666666666666,0.8333333333333334,0.5,0.2,5,19889,1,5,0.5,5.0276520864756156e-05,0.9996984924623116,512.370336699998,15,200
0.00010055304172951231,0.5,0.2857142857142857,0.7142857142857143,0.5,0.25,5,19888,2,5,0.5,0.00010055304172951231,0.9996482412060301,512.370336699998,15,200
0.00020110608345902463,0.5,0.4444444444444444,0.5555555555555556,0.5,0.3,5,19886,4,5,0.5,0.00020110608345902463,0.9995477386934674,512.370336699998,15,200
0.00025138260432378077,0.6,0.45454545454545453,0.5454545454545454,0.6,0.35,6,19885,5,4,0.6,0.00025138260432378077,0.9995477386934674,512.370336699998,15,200
0.00025138260432378077,0.6,0.45454545454545453,0.5454545454545454,0.6,0.4,6,19885,5,4,0.6,0.00025138260432378077,0.9995477386934674,512.370336699998,15,200
0.00030165912518853697,0.7,0.46153846153846156,0.5384615384615384,0.7,0.45,7,19884,6,3,0.7,0.00030165912518853697,0.9995477386934674,512.370336699998,15,200
0.00030165912518853697,0.7,0.46153846153846156,0.5384615384615384,0.7,0.5,7,19884,6,3,0.7,0.00030165912518853697,0.9995477386934674,512.370336699998,15,200
0.00030165912518853697,0.7,0.46153846153846156,0.5384615384615384,0.7,0.55,7,19884,6,3,0.7,0.00030165912518853697,0.9995477386934674,512.370336699998,15,200
0.00030165912518853697,0.7,0.46153846153846156,0.5384615384615384,0.7,0.6,7,19884,6,3,0.7,0.00030165912518853697,0.9995477386934674,512.370336699998,15,200
0.00030165912518853697,0.7,0.46153846153846156,0.5384615384615384,0.7,0.65,7,19884,6,3,0.7,0.00030165912518853697,0.9995477386934674,512.370336699998,15,200
0.00030165912518853697,0.7,0.46153846153846156,0.5384615384615384,0.7,0.7,7,19884,6,3,0.7,0.00030165912518853697,0.9995477386934674,512.370336699998,15,200
0.0003519356460532931,0.7,0.5,0.5,0.7,0.75,7,19883,7,3,0.7,0.0003519356460532931,0.9994974874371859,512.370336699998,15,200
0.0003519356460532931,0.7,0.5,0.5,0.7,0.8,7,19883,7,3,0.7,0.0003519356460532931,0.9994974874371859,512.370336699998,15,200
0.0012066365007541479,0.7,0.7741935483870968,0.22580645161290322,0.7,0.85,7,19866,24,3,0.7,0.0012066365007541479,0.998643216080402,512.370336699998,15,200
0.001256913021618904,0.7,0.78125,0.21875,0.7,0.9,7,19865,25,3,0.7,0.001256913021618904,0.9985929648241206,512.370336699998,15,200
0.0048265460030165915,0.7,0.9320388349514563,0.06796116504854369,0.7,0.95,7,19794,96,3,0.7,0.0048265460030165915,0.9950251256281407,512.370336699998,15,200
0.9982403217697335,1.0,0.9994966020639315,0.0005033979360684622,1.0,1.0,10,35,19855,0,1.0,0.9982403217697335,0.0022613065326633165,512.370336699998,15,200
0.0,0.1,0.0,1.0,0.1,0.05,1,19890,0,9,0.1,0.0,0.9995477386934674,508.5124952000333,16,200
0.0,0.1,0.0,1.0,0.1,0.1,1,19890,0,9,0.1,0.0,0.9995477386934674,508.5124952000333,16,200
0.0,0.3,0.0,1.0,0.3,0.15,3,19890,0,7,0.3,0.0,0.9996482412060301,508.5124952000333,16,200
0.0,0.3,0.0,1.0,0.3,0.2,3,19890,0,7,0.3,0.0,0.9996482412060301,508.5124952000333,16,200
0.0,0.3,0.0,1.0,0.3,0.25,3,19890,0,7,0.3,0.0,0.9996482412060301,508.5124952000333,16,200
0.0,0.3,0.0,1.0,0.3,0.3,3,19890,0,7,0.3,0.0,0.9996482412060301,508.5124952000333,16,200
0.0,0.3,0.0,1.0,0.3,0.35,3,19890,0,7,0.3,0.0,0.9996482412060301,508.5124952000333,16,200
0.0,0.3,0.0,1.0,0.3,0.4,3,19890,0,7,0.3,0.0,0.9996482412060301,508.5124952000333,16,200
0.0,0.3,0.0,1.0,0.3,0.45,3,19890,0,7,0.3,0.0,0.9996482412060301,508.5124952000333,16,200
0.0,0.3,0.0,1.0,0.3,0.5,3,19890,0,7,0.3,0.0,0.9996482412060301,508.5124952000333,16,200
0.0,0.3,0.0,1.0,0.3,0.55,3,19890,0,7,0.3,0.0,0.9996482412060301,508.5124952000333,16,200
0.0,0.3,0.0,1.0,0.3,0.6,3,19890,0,7,0.3,0.0,0.9996482412060301,508.5124952000333,16,200
0.0,0.3,0.0,1.0,0.3,0.65,3,19890,0,7,0.3,0.0,0.9996482412060301,508.5124952000333,16,200
0.003167420814479638,0.5,0.9264705882352942,0.07352941176470588,0.5,0.7,5,19827,63,5,0.5,0.003167420814479638,0.9965829145728643,508.5124952000333,16,200
0.004876822523881347,0.6,0.941747572815534,0.05825242718446602,0.6,0.75,6,19793,97,4,0.6,0.004876822523881347,0.9949246231155779,508.5124952000333,16,200
0.004876822523881347,0.6,0.941747572815534,0.05825242718446602,0.6,0.8,6,19793,97,4,0.6,0.004876822523881347,0.9949246231155779,508.5124952000333,16,200
0.019658119658119658,0.7,0.9824120603015075,0.017587939698492462,0.7,0.85,7,19499,391,3,0.7,0.019658119658119658,0.9802010050251256,508.5124952000333,16,200
0.09195575666163902,0.9,0.9951033732317737,0.004896626768226333,0.9,0.9,9,18061,1829,1,0.9,0.09195575666163902,0.9080402010050251,508.5124952000333,16,200
0.21337355455002513,1.0,0.997649271274095,0.0023507287259050304,1.0,0.95,10,15646,4244,0,1.0,0.21337355455002513,0.7867336683417085,508.5124952000333,16,200
0.9963800904977376,1.0,0.9994956626992132,0.0005043373007867661,1.0,1.0,10,72,19818,0,1.0,0.9963800904977376,0.004120603015075377,508.5124952000333,16,200
0.0,0.3,0.0,1.0,0.3,0.05,3,19890,0,7,0.3,0.0,0.9996482412060301,516.0344071999425,17,200
0.00010055304172951231,0.3,0.4,0.6,0.3,0.1,3,19888,2,7,0.3,0.00010055304172951231,0.9995477386934674,516.0344071999425,17,200
0.00025138260432378077,0.3,0.625,0.375,0.3,0.15,3,19885,5,7,0.3,0.00025138260432378077,0.9993969849246231,516.0344071999425,17,200
0.00040221216691804925,0.4,0.6666666666666666,0.3333333333333333,0.4,0.2,4,19882,8,6,0.4,0.00040221216691804925,0.9992964824120603,516.0344071999425,17,200
0.00045248868778280545,0.6,0.6,0.4,0.6,0.25,6,19881,9,4,0.6,0.00045248868778280545,0.9993467336683417,516.0344071999425,17,200
0.0006033182503770739,0.6,0.6666666666666666,0.3333333333333333,0.6,0.3,6,19878,12,4,0.6,0.0006033182503770739,0.9991959798994975,516.0344071999425,17,200
0.0007038712921065862,0.6,0.7,0.3,0.6,0.35,6,19876,14,4,0.6,0.0007038712921065862,0.9990954773869347,516.0344071999425,17,200
0.0007541478129713424,0.6,0.7142857142857143,0.2857142857142857,0.6,0.4,6,19875,15,4,0.6,0.0007541478129713424,0.9990452261306533,516.0344071999425,17,200
0.0011060834590246355,0.6,0.7857142857142857,0.21428571428571427,0.6,0.45,6,19868,22,4,0.6,0.0011060834590246355,0.9986934673366834,516.0344071999425,17,200
0.001256913021618904,0.6,0.8064516129032258,0.1935483870967742,0.6,0.5,6,19865,25,4,0.6,0.001256913021618904,0.9985427135678392,516.0344071999425,17,200
0.0027149321266968325,0.8,0.8709677419354839,0.12903225806451613,0.8,0.55,8,19836,54,2,0.8,0.0027149321266968325,0.9971859296482412,516.0344071999425,17,200
0.006636500754147813,0.9,0.9361702127659575,0.06382978723404255,0.9,0.6,9,19758,132,1,0.9,0.006636500754147813,0.9933165829145728,516.0344071999425,17,200
0.006887883358471594,0.9,0.9383561643835616,0.06164383561643835,0.9,0.65,9,19753,137,1,0.9,0.006887883358471594,0.9930653266331658,516.0344071999425,17,200
0.009502262443438913,0.9,0.9545454545454546,0.045454545454545456,0.9,0.7,9,19701,189,1,0.9,0.009502262443438913,0.9904522613065326,516.0344071999425,17,200
0.011613876319758673,0.9,0.9625,0.0375,0.9,0.75,9,19659,231,1,0.9,0.011613876319758673,0.9883417085427135,516.0344071999425,17,200
0.03383609854198089,1.0,0.9853587115666179,0.014641288433382138,1.0,0.8,10,19217,673,0,1.0,0.03383609854198089,0.9661809045226131,516.0344071999425,17,200
0.05364504776269482,1.0,0.9907149489322191,0.009285051067780872,1.0,0.85,10,18823,1067,0,1.0,0.05364504776269482,0.9463819095477387,516.0344071999425,17,200
0.17466063348416289,1.0,0.9971297359357061,0.0028702640642939152,1.0,0.9,10,16416,3474,0,1.0,0.17466063348416289,0.825427135678392,516.0344071999425,17,200
0.2716440422322775,1.0,0.9981525956031775,0.0018474043968224644,1.0,0.95,10,14487,5403,0,1.0,0.2716440422322775,0.7284924623115578,516.0344071999425,17,200
0.998340874811463,1.0,0.9994966527407259,0.0005033472592741732,1.0,1.0,10,33,19857,0,1.0,0.998340874811463,0.0021608040201005025,516.0344071999425,17,200
0.0,0.1,0.0,1.0,0.1,0.05,1,19890,0,9,0.1,0.0,0.9995477386934674,508.4860932000447,18,200
0.0,0.1,0.0,1.0,0.1,0.1,1,19890,0,9,0.1,0.0,0.9995477386934674,508.4860932000447,18,200
0.0,0.1,0.0,1.0,0.1,0.15,1,19890,0,9,0.1,0.0,0.9995477386934674,508.4860932000447,18,200
0.0,0.1,0.0,1.0,0.1,0.2,1,19890,0,9,0.1,0.0,0.9995477386934674,508.4860932000447,18,200
0.0,0.1,0.0,1.0,0.1,0.25,1,19890,0,9,0.1,0.0,0.9995477386934674,508.4860932000447,18,200
0.0,0.1,0.0,1.0,0.1,0.3,1,19890,0,9,0.1,0.0,0.9995477386934674,508.4860932000447,18,200
5.0276520864756156e-05,0.2,0.3333333333333333,0.6666666666666666,0.2,0.35,2,19889,1,8,0.2,5.0276520864756156e-05,0.9995477386934674,508.4860932000447,18,200
0.00045248868778280545,0.3,0.75,0.25,0.3,0.4,3,19881,9,7,0.3,0.00045248868778280545,0.9991959798994975,508.4860932000447,18,200
0.0007038712921065862,0.5,0.7368421052631579,0.2631578947368421,0.5,0.45,5,19876,14,5,0.5,0.0007038712921065862,0.9990452261306533,508.4860932000447,18,200
0.0021116138763197585,0.5,0.8936170212765957,0.10638297872340426,0.5,0.5,5,19848,42,5,0.5,0.0021116138763197585,0.9976381909547739,508.4860932000447,18,200
0.0023127199597787833,0.5,0.9019607843137255,0.09803921568627451,0.5,0.55,5,19844,46,5,0.5,0.0023127199597787833,0.9974371859296483,508.4860932000447,18,200
0.00563097033685269,0.6,0.9491525423728814,0.05084745762711865,0.6,0.6,6,19778,112,4,0.6,0.00563097033685269,0.9941708542713568,508.4860932000447,18,200
0.00904977375565611,0.6,0.967741935483871,0.03225806451612903,0.6,0.65,6,19710,180,4,0.6,0.00904977375565611,0.9907537688442211,508.4860932000447,18,200
0.013071895424836602,0.6,0.9774436090225563,0.022556390977443608,0.6,0.7,6,19630,260,4,0.6,0.013071895424836602,0.9867336683417085,508.4860932000447,18,200
0.019909502262443438,0.7,0.9826302729528535,0.017369727047146403,0.7,0.75,7,19494,396,3,0.7,0.019909502262443438,0.9799497487437185,508.4860932000447,18,200
0.03127199597787833,0.9,0.9857369255150554,0.014263074484944533,0.9,0.8,9,19268,622,1,0.9,0.03127199597787833,0.9686934673366834,508.4860932000447,18,200
0.057365510306686775,1.0,0.9913119026933102,0.008688097306689836,1.0,0.85,10,18749,1141,0,1.0,0.057365510306686775,0.9426633165829146,508.4860932000447,18,200
0.09602815485168427,1.0,0.9947916666666666,0.005208333333333333,1.0,0.9,10,17980,1910,0,1.0,0.09602815485168427,0.9040201005025126,508.4860932000447,18,200
0.2768225238813474,1.0,0.9981870920957215,0.0018129079042784628,1.0,0.95,10,14384,5506,0,1.0,0.2768225238813474,0.7233165829145729,508.4860932000447,18,200
0.9981900452488688,1.0,0.9994965767217077,0.0005034232782923883,1.0,1.0,10,36,19854,0,1.0,0.9981900452488688,0.0023115577889447235,508.4860932000447,18,200
0.0,0.2,0.0,1.0,0.2,0.05,2,19890,0,8,0.2,0.0,0.9995979899497487,531.1216430999339,19,200
0.0,0.2,0.0,1.0,0.2,0.1,2,19890,0,8,0.2,0.0,0.9995979899497487,531.1216430999339,19,200
0.00020110608345902463,0.4,0.5,0.5,0.4,0.15,4,19886,4,6,0.4,0.00020110608345902463,0.9994974874371859,531.1216430999339,19,200
0.00020110608345902463,0.4,0.5,0.5,0.4,0.2,4,19886,4,6,0.4,0.00020110608345902463,0.9994974874371859,531.1216430999339,19,200
0.00030165912518853697,0.4,0.6,0.4,0.4,0.25,4,19884,6,6,0.4,0.00030165912518853697,0.9993969849246231,531.1216430999339,19,200
0.0003519356460532931,0.4,0.6363636363636364,0.36363636363636365,0.4,0.3,4,19883,7,6,0.4,0.0003519356460532931,0.9993467336683417,531.1216430999339,19,200
0.0003519356460532931,0.4,0.6363636363636364,0.36363636363636365,0.4,0.35,4,19883,7,6,0.4,0.0003519356460532931,0.9993467336683417,531.1216430999339,19,200
0.00045248868778280545,0.4,0.6923076923076923,0.3076923076923077,0.4,0.4,4,19881,9,6,0.4,0.00045248868778280545,0.9992462311557789,531.1216430999339,19,200
0.0005530417295123177,0.4,0.7333333333333333,0.26666666666666666,0.4,0.45,4,19879,11,6,0.4,0.0005530417295123177,0.999145728643216,531.1216430999339,19,200
0.0010558069381598793,0.4,0.84,0.16,0.4,0.5,4,19869,21,6,0.4,0.0010558069381598793,0.998643216080402,531.1216430999339,19,200
0.001608848667672197,0.4,0.8888888888888888,0.1111111111111111,0.4,0.55,4,19858,32,6,0.4,0.001608848667672197,0.9980904522613065,531.1216430999339,19,200
0.00261437908496732,0.5,0.9122807017543859,0.08771929824561403,0.5,0.6,5,19838,52,5,0.5,0.00261437908496732,0.9971356783919598,531.1216430999339,19,200
0.003167420814479638,0.5,0.9264705882352942,0.07352941176470588,0.5,0.65,5,19827,63,5,0.5,0.003167420814479638,0.9965829145728643,531.1216430999339,19,200
0.003569632981397687,0.5,0.9342105263157895,0.06578947368421052,0.5,0.7,5,19819,71,5,0.5,0.003569632981397687,0.9961809045226131,531.1216430999339,19,200
0.005379587732528909,0.5,0.9553571428571429,0.044642857142857144,0.5,0.75,5,19783,107,5,0.5,0.005379587732528909,0.9943718592964824,531.1216430999339,19,200
0.007742584213172449,0.5,0.9685534591194969,0.031446540880503145,0.5,0.8,5,19736,154,5,0.5,0.007742584213172449,0.9920100502512563,531.1216430999339,19,200
0.027702362996480642,0.7,0.9874551971326165,0.012544802867383513,0.7,0.85,7,19339,551,3,0.7,0.027702362996480642,0.9721608040201005,531.1216430999339,19,200
0.0787833081950729,0.7,0.9955527318932655,0.0044472681067344345,0.7,0.9,7,18323,1567,3,0.7,0.0787833081950729,0.921105527638191,531.1216430999339,19,200
0.2782302664655606,0.8,0.9985564778058462,0.001443522194153735,0.8,0.95,8,14356,5534,2,0.8,0.2782302664655606,0.7218090452261307,531.1216430999339,19,200
0.9486173956762192,1.0,0.999470282868948,0.0005297171310520183,1.0,1.0,10,1022,18868,0,1.0,0.9486173956762192,0.05185929648241206,531.1216430999339,19,200
0.0,0.3,0.0,1.0,0.3,0.05,3,19890,0,7,0.3,0.0,0.9996482412060301,502.3165815999964,20,200
0.0,0.3,0.0,1.0,0.3,0.1,3,19890,0,7,0.3,0.0,0.9996482412060301,502.3165815999964,20,200
0.0,0.3,0.0,1.0,0.3,0.15,3,19890,0,7,0.3,0.0,0.9996482412060301,502.3165815999964,20,200
5.0276520864756156e-05,0.3,0.25,0.75,0.3,0.2,3,19889,1,7,0.3,5.0276520864756156e-05,0.9995979899497487,502.3165815999964,20,200
5.0276520864756156e-05,0.3,0.25,0.75,0.3,0.25,3,19889,1,7,0.3,5.0276520864756156e-05,0.9995979899497487,502.3165815999964,20,200
5.0276520864756156e-05,0.3,0.25,0.75,0.3,0.3,3,19889,1,7,0.3,5.0276520864756156e-05,0.9995979899497487,502.3165815999964,20,200
0.00020110608345902463,0.4,0.5,0.5,0.4,0.35,4,19886,4,6,0.4,0.00020110608345902463,0.9994974874371859,502.3165815999964,20,200
0.00025138260432378077,0.4,0.5555555555555556,0.4444444444444444,0.4,0.4,4,19885,5,6,0.4,0.00025138260432378077,0.9994472361809045,502.3165815999964,20,200
0.0007038712921065862,0.6,0.7,0.3,0.6,0.45,6,19876,14,4,0.6,0.0007038712921065862,0.9990954773869347,502.3165815999964,20,200
0.0007038712921065862,0.6,0.7,0.3,0.6,0.5,6,19876,14,4,0.6,0.0007038712921065862,0.9990954773869347,502.3165815999964,20,200
0.0008044243338360985,0.6,0.7272727272727273,0.2727272727272727,0.6,0.55,6,19874,16,4,0.6,0.0008044243338360985,0.9989949748743718,502.3165815999964,20,200
0.0014580191050779286,0.6,0.8285714285714286,0.17142857142857143,0.6,0.6,6,19861,29,4,0.6,0.0014580191050779286,0.9983417085427135,502.3165815999964,20,200
0.001558572146807441,0.6,0.8378378378378378,0.16216216216216217,0.6,0.65,6,19859,31,4,0.6,0.001558572146807441,0.9982412060301508,502.3165815999964,20,200
0.004223227752639517,0.7,0.9230769230769231,0.07692307692307693,0.7,0.7,7,19806,84,3,0.7,0.004223227752639517,0.9956281407035176,502.3165815999964,20,200
0.0069381598793363496,0.7,0.9517241379310345,0.04827586206896552,0.7,0.75,7,19752,138,3,0.7,0.0069381598793363496,0.9929145728643216,502.3165815999964,20,200
0.008748114630467572,0.7,0.9613259668508287,0.03867403314917127,0.7,0.8,7,19716,174,3,0.7,0.008748114630467572,0.9911055276381909,502.3165815999964,20,200
0.046304675716440424,0.8,0.9913885898815931,0.008611410118406888,0.8,0.85,8,18969,921,2,0.8,0.046304675716440424,0.9536180904522613,502.3165815999964,20,200
0.17848164906988437,1.0,0.9971910112359551,0.0028089887640449437,1.0,0.9,10,16340,3550,0,1.0,0.17848164906988437,0.821608040201005,502.3165815999964,20,200
0.3204625439919558,1.0,0.9984335839598998,0.0015664160401002505,1.0,0.95,10,13516,6374,0,1.0,0.3204625439919558,0.6796984924623115,502.3165815999964,20,200
0.9982905982905983,1.0,0.9994966274036041,0.0005033725963958522,1.0,1.0,10,34,19856,0,1.0,0.9982905982905983,0.0022110552763819095,502.3165815999964,20,200
0.0,0.2,0.0,1.0,0.2,0.05,2,19890,0,8,0.2,0.0,0.9995979899497487,503.12822389998473,21,200
0.0,0.2,0.0,1.0,0.2,0.1,2,19890,0,8,0.2,0.0,0.9995979899497487,503.12822389998473,21,200
0.0,0.2,0.0,1.0,0.2,0.15,2,19890,0,8,0.2,0.0,0.9995979899497487,503.12822389998473,21,200
0.0,0.2,0.0,1.0,0.2,0.2,2,19890,0,8,0.2,0.0,0.9995979899497487,503.12822389998473,21,200
0.0,0.2,0.0,1.0,0.2,0.25,2,19890,0,8,0.2,0.0,0.9995979899497487,503.12822389998473,21,200
5.0276520864756156e-05,0.2,0.3333333333333333,0.6666666666666666,0.2,0.3,2,19889,1,8,0.2,5.0276520864756156e-05,0.9995477386934674,503.12822389998473,21,200
5.0276520864756156e-05,0.2,0.3333333333333333,0.6666666666666666,0.2,0.35,2,19889,1,8,0.2,5.0276520864756156e-05,0.9995477386934674,503.12822389998473,21,200
0.00025138260432378077,0.2,0.7142857142857143,0.2857142857142857,0.2,0.4,2,19885,5,8,0.2,0.00025138260432378077,0.9993467336683417,503.12822389998473,21,200
0.00040221216691804925,0.3,0.7272727272727273,0.2727272727272727,0.3,0.45,3,19882,8,7,0.3,0.00040221216691804925,0.9992462311557789,503.12822389998473,21,200
0.00040221216691804925,0.3,0.7272727272727273,0.2727272727272727,0.3,0.5,3,19882,8,7,0.3,0.00040221216691804925,0.9992462311557789,503.12822389998473,21,200
0.00040221216691804925,0.3,0.7272727272727273,0.2727272727272727,0.3,0.55,3,19882,8,7,0.3,0.00040221216691804925,0.9992462311557789,503.12822389998473,21,200
0.0012066365007541479,0.3,0.8888888888888888,0.1111111111111111,0.3,0.6,3,19866,24,7,0.3,0.0012066365007541479,0.9984422110552764,503.12822389998473,21,200
0.0022624434389140274,0.4,0.9183673469387755,0.08163265306122448,0.4,0.65,4,19845,45,6,0.4,0.0022624434389140274,0.9974371859296483,503.12822389998473,21,200
0.0024132730015082957,0.4,0.9230769230769231,0.07692307692307693,0.4,0.7,4,19842,48,6,0.4,0.0024132730015082957,0.997286432160804,503.12822389998473,21,200
0.013172448466566114,0.7,0.9739776951672863,0.026022304832713755,0.7,0.75,7,19628,262,3,0.7,0.013172448466566114,0.9866834170854272,503.12822389998473,21,200
0.020864756158873805,0.9,0.9787735849056604,0.02122641509433962,0.9,0.8,9,19475,415,1,0.9,0.020864756158873805,0.9790954773869347,503.12822389998473,21,200
0.04670688788335847,0.9,0.990405117270789,0.009594882729211088,0.9,0.85,9,18961,929,1,0.9,0.04670688788335847,0.9532663316582914,503.12822389998473,21,200
0.07953745600804424,1.0,0.9937185929648241,0.00628140703517588,1.0,0.9,10,18308,1582,0,1.0,0.07953745600804424,0.9205025125628141,503.12822389998473,21,200
0.2905982905982906,1.0,0.998272884283247,0.0017271157167530224,1.0,0.95,10,14110,5780,0,1.0,0.2905982905982906,0.7095477386934673,503.12822389998473,21,200
0.9984917043740573,1.0,0.9994967287367891,0.0005032712632108706,1.0,1.0,10,30,19860,0,1.0,0.9984917043740573,0.0020100502512562816,503.12822389998473,21,200
0.0,0.0,0.0,,0.0,0.05,0,19890,0,10,0.0,0.0,0.9994974874371859,511.92435089999344,22,200
0.0,0.0,0.0,,0.0,0.1,0,19890,0,10,0.0,0.0,0.9994974874371859,511.92435089999344,22,200
0.0,0.0,0.0,,0.0,0.15,0,19890,0,10,0.0,0.0,0.9994974874371859,511.92435089999344,22,200
0.0,0.0,0.0,,0.0,0.2,0,19890,0,10,0.0,0.0,0.9994974874371859,511.92435089999344,22,200
5.0276520864756156e-05,0.0,1.0,0.0,0.0,0.25,0,19889,1,10,0.0,5.0276520864756156e-05,0.9994472361809045,511.92435089999344,22,200
0.00010055304172951231,0.1,0.6666666666666666,0.3333333333333333,0.1,0.3,1,19888,2,9,0.1,0.00010055304172951231,0.9994472361809045,511.92435089999344,22,200
0.00010055304172951231,0.1,0.6666666666666666,0.3333333333333333,0.1,0.35,1,19888,2,9,0.1,0.00010055304172951231,0.9994472361809045,511.92435089999344,22,200
0.00015082956259426848,0.4,0.42857142857142855,0.5714285714285714,0.4,0.4,4,19887,3,6,0.4,0.00015082956259426848,0.9995477386934674,511.92435089999344,22,200
0.0014580191050779286,0.5,0.8529411764705882,0.14705882352941177,0.5,0.45,5,19861,29,5,0.5,0.0014580191050779286,0.9982914572864322,511.92435089999344,22,200
0.0014580191050779286,0.5,0.8529411764705882,0.14705882352941177,0.5,0.5,5,19861,29,5,0.5,0.0014580191050779286,0.9982914572864322,511.92435089999344,22,200
0.0030165912518853697,0.6,0.9090909090909091,0.09090909090909091,0.6,0.55,6,19830,60,4,0.6,0.0030165912518853697,0.99678391959799,511.92435089999344,22,200
0.00522875816993464,0.6,0.9454545454545454,0.05454545454545454,0.6,0.6,6,19786,104,4,0.6,0.00522875816993464,0.9945728643216081,511.92435089999344,22,200
0.006586224233283057,0.6,0.9562043795620438,0.043795620437956206,0.6,0.65,6,19759,131,4,0.6,0.006586224233283057,0.99321608040201,511.92435089999344,22,200
0.014328808446455505,0.6,0.979381443298969,0.020618556701030927,0.6,0.7,6,19605,285,4,0.6,0.014328808446455505,0.9854773869346733,511.92435089999344,22,200
0.016591251885369532,0.6,0.9821428571428571,0.017857142857142856,0.6,0.75,6,19560,330,4,0.6,0.016591251885369532,0.98321608040201,511.92435089999344,22,200
0.03202614379084967,0.7,0.9891304347826086,0.010869565217391304,0.7,0.8,7,19253,637,3,0.7,0.03202614379084967,0.9678391959798995,511.92435089999344,22,200
0.07481146304675716,0.8,0.9946524064171123,0.0053475935828877,0.8,0.85,8,18402,1488,2,0.8,0.07481146304675716,0.9251256281407035,511.92435089999344,22,200
0.1394670688788336,0.9,0.9967660797700323,0.0032339202299676607,0.9,0.9,9,17116,2774,1,0.9,0.1394670688788336,0.8605527638190955,511.92435089999344,22,200
0.30025138260432377,1.0,0.9983283182881979,0.001671681711802073,1.0,0.95,10,13918,5972,0,1.0,0.30025138260432377,0.6998994974874372,511.92435089999344,22,200
0.9984414278531926,1.0,0.9994967034073179,0.0005032965926820676,1.0,1.0,10,31,19859,0,1.0,0.9984414278531926,0.0020603015075376886,511.92435089999344,22,200
5.0276520864756156e-05,0.1,0.5,0.5,0.1,0.05,1,19889,1,9,0.1,5.0276520864756156e-05,0.9994974874371859,525.0055356000084,23,200
5.0276520864756156e-05,0.1,0.5,0.5,0.1,0.1,1,19889,1,9,0.1,5.0276520864756156e-05,0.9994974874371859,525.0055356000084,23,200
0.00015082956259426848,0.1,0.75,0.25,0.1,0.15,1,19887,3,9,0.1,0.00015082956259426848,0.9993969849246231,525.0055356000084,23,200
0.00015082956259426848,0.1,0.75,0.25,0.1,0.2,1,19887,3,9,0.1,0.00015082956259426848,0.9993969849246231,525.0055356000084,23,200
0.00015082956259426848,0.1,0.75,0.25,0.1,0.25,1,19887,3,9,0.1,0.00015082956259426848,0.9993969849246231,525.0055356000084,23,200
0.00015082956259426848,0.1,0.75,0.25,0.1,0.3,1,19887,3,9,0.1,0.00015082956259426848,0.9993969849246231,525.0055356000084,23,200
0.00015082956259426848,0.1,0.75,0.25,0.1,0.35,1,19887,3,9,0.1,0.00015082956259426848,0.9993969849246231,525.0055356000084,23,200
0.00015082956259426848,0.1,0.75,0.25,0.1,0.4,1,19887,3,9,0.1,0.00015082956259426848,0.9993969849246231,525.0055356000084,23,200
0.00015082956259426848,0.1,0.75,0.25,0.1,0.45,1,19887,3,9,0.1,0.00015082956259426848,0.9993969849246231,525.0055356000084,23,200
0.00020110608345902463,0.1,0.8,0.2,0.1,0.5,1,19886,4,9,0.1,0.00020110608345902463,0.9993467336683417,525.0055356000084,23,200
0.00196078431372549,0.4,0.9069767441860465,0.09302325581395349,0.4,0.55,4,19851,39,6,0.4,0.00196078431372549,0.9977386934673367,525.0055356000084,23,200
0.0023127199597787833,0.4,0.92,0.08,0.4,0.6,4,19844,46,6,0.4,0.0023127199597787833,0.9973869346733668,525.0055356000084,23,200
0.003217697335344394,0.4,0.9411764705882353,0.058823529411764705,0.4,0.65,4,19826,64,6,0.4,0.003217697335344394,0.9964824120603015,525.0055356000084,23,200
0.004474610356963298,0.4,0.956989247311828,0.043010752688172046,0.4,0.7,4,19801,89,6,0.4,0.004474610356963298,0.9952261306532664,525.0055356000084,23,200
0.005580693815987934,0.5,0.9568965517241379,0.04310344827586207,0.5,0.75,5,19779,111,5,0.5,0.005580693815987934,0.9941708542713568,525.0055356000084,23,200
0.009150326797385621,0.5,0.9732620320855615,0.026737967914438502,0.5,0.8,5,19708,182,5,0.5,0.009150326797385621,0.9906030150753768,525.0055356000084,23,200
0.03836098541980895,0.7,0.990909090909091,0.00909090909090909,0.7,0.85,7,19127,763,3,0.7,0.03836098541980895,0.9615075376884422,525.0055356000084,23,200
0.14464555052790348,0.8,0.9972270363951473,0.0027729636048526864,0.8,0.9,8,17013,2877,2,0.8,0.14464555052790348,0.8553266331658291,525.0055356000084,23,200
0.3090497737556561,1.0,0.9983758323859022,0.001624167614097775,1.0,0.95,10,13743,6147,0,1.0,0.3090497737556561,0.691105527638191,525.0055356000084,23,200
0.9820010055304172,1.0,0.99948828164978,0.0005117183502200389,1.0,1.0,10,358,19532,0,1.0,0.9820010055304172,0.018492462311557788,525.0055356000084,23,200
0.0,0.2,0.0,1.0,0.2,0.05,2,19890,0,8,0.2,0.0,0.9995979899497487,506.6641828001011,24,200
0.0,0.2,0.0,1.0,0.2,0.1,2,19890,0,8,0.2,0.0,0.9995979899497487,506.6641828001011,24,200
0.0,0.2,0.0,1.0,0.2,0.15,2,19890,0,8,0.2,0.0,0.9995979899497487,506.6641828001011,24,200
0.00045248868778280545,0.3,0.75,0.25,0.3,0.2,3,19881,9,7,0.3,0.00045248868778280545,0.9991959798994975,506.6641828001011,24,200
0.0006033182503770739,0.3,0.8,0.2,0.3,0.25,3,19878,12,7,0.3,0.0006033182503770739,0.9990452261306533,506.6641828001011,24,200
0.0007038712921065862,0.3,0.8235294117647058,0.17647058823529413,0.3,0.3,3,19876,14,7,0.3,0.0007038712921065862,0.9989447236180905,506.6641828001011,24,200
0.0008547008547008547,0.3,0.85,0.15,0.3,0.35,3,19873,17,7,0.3,0.0008547008547008547,0.9987939698492462,506.6641828001011,24,200
0.00196078431372549,0.4,0.9069767441860465,0.09302325581395349,0.4,0.4,4,19851,39,6,0.4,0.00196078431372549,0.9977386934673367,506.6641828001011,24,200
0.0024132730015082957,0.5,0.9056603773584906,0.09433962264150944,0.5,0.45,5,19842,48,5,0.5,0.0024132730015082957,0.9973366834170855,506.6641828001011,24,200
0.00261437908496732,0.5,0.9122807017543859,0.08771929824561403,0.5,0.5,5,19838,52,5,0.5,0.00261437908496732,0.9971356783919598,506.6641828001011,24,200
0.002815485168426345,0.5,0.9180327868852459,0.08196721311475409,0.5,0.55,5,19834,56,5,0.5,0.002815485168426345,0.9969346733668342,506.6641828001011,24,200
0.0033182503770739064,0.5,0.9295774647887324,0.07042253521126761,0.5,0.6,5,19824,66,5,0.5,0.0033182503770739064,0.9964321608040201,506.6641828001011,24,200
0.006234288587229764,0.6,0.9538461538461539,0.046153846153846156,0.6,0.65,6,19766,124,4,0.6,0.006234288587229764,0.9935678391959799,506.6641828001011,24,200
0.006837606837606838,0.7,0.951048951048951,0.04895104895104895,0.7,0.7,7,19754,136,3,0.7,0.006837606837606838,0.9930150753768844,506.6641828001011,24,200
0.007390648567119155,0.7,0.9545454545454546,0.045454545454545456,0.7,0.75,7,19743,147,3,0.7,0.007390648567119155,0.992462311557789,506.6641828001011,24,200
0.020613373554550025,1.0,0.9761904761904762,0.023809523809523808,1.0,0.8,10,19480,410,0,1.0,0.020613373554550025,0.9793969849246231,506.6641828001011,24,200
0.026897938662644547,1.0,0.981651376146789,0.01834862385321101,1.0,0.85,10,19355,535,0,1.0,0.026897938662644547,0.9731155778894472,506.6641828001011,24,200
0.05801910507792861,1.0,0.9914089347079038,0.00859106529209622,1.0,0.9,10,18736,1154,0,1.0,0.05801910507792861,0.9420100502512563,506.6641828001011,24,200
0.2547008547008547,1.0,0.9980299448384555,0.001970055161544523,1.0,0.95,10,14824,5066,0,1.0,0.2547008547008547,0.7454271356783919,506.6641828001011,24,200
0.9984917043740573,1.0,0.9994967287367891,0.0005032712632108706,1.0,1.0,10,30,19860,0,1.0,0.9984917043740573,0.0020100502512562816,506.6641828001011,24,200
0.0,0.1,0.0,1.0,0.1,0.05,1,19890,0,9,0.1,0.0,0.9995477386934674,518.9758587999968,25,200
0.0,0.1,0.0,1.0,0.1,0.1,1,19890,0,9,0.1,0.0,0.9995477386934674,518.9758587999968,25,200
0.00010055304172951231,0.1,0.6666666666666666,0.3333333333333333,0.1,0.15,1,19888,2,9,0.1,0.00010055304172951231,0.9994472361809045,518.9758587999968,25,200
0.00010055304172951231,0.1,0.6666666666666666,0.3333333333333333,0.1,0.2,1,19888,2,9,0.1,0.00010055304172951231,0.9994472361809045,518.9758587999968,25,200
0.00010055304172951231,0.1,0.6666666666666666,0.3333333333333333,0.1,0.25,1,19888,2,9,0.1,0.00010055304172951231,0.9994472361809045,518.9758587999968,25,200
0.00015082956259426848,0.1,0.75,0.25,0.1,0.3,1,19887,3,9,0.1,0.00015082956259426848,0.9993969849246231,518.9758587999968,25,200
0.00015082956259426848,0.1,0.75,0.25,0.1,0.35,1,19887,3,9,0.1,0.00015082956259426848,0.9993969849246231,518.9758587999968,25,200
0.00015082956259426848,0.1,0.75,0.25,0.1,0.4,1,19887,3,9,0.1,0.00015082956259426848,0.9993969849246231,518.9758587999968,25,200
0.00015082956259426848,0.1,0.75,0.25,0.1,0.45,1,19887,3,9,0.1,0.00015082956259426848,0.9993969849246231,518.9758587999968,25,200
0.00025138260432378077,0.1,0.8333333333333334,0.16666666666666666,0.1,0.5,1,19885,5,9,0.1,0.00025138260432378077,0.9992964824120603,518.9758587999968,25,200
0.00025138260432378077,0.1,0.8333333333333334,0.16666666666666666,0.1,0.55,1,19885,5,9,0.1,0.00025138260432378077,0.9992964824120603,518.9758587999968,25,200
0.0012066365007541479,0.2,0.9230769230769231,0.07692307692307693,0.2,0.6,2,19866,24,8,0.2,0.0012066365007541479,0.998391959798995,518.9758587999968,25,200
0.002011060834590246,0.2,0.9523809523809523,0.047619047619047616,0.2,0.65,2,19850,40,8,0.2,0.002011060834590246,0.9975879396984925,518.9758587999968,25,200
0.0024635495223730517,0.2,0.9607843137254902,0.0392156862745098,0.2,0.7,2,19841,49,8,0.2,0.0024635495223730517,0.9971356783919598,518.9758587999968,25,200
0.010708898944193062,0.5,0.9770642201834863,0.022935779816513763,0.5,0.75,5,19677,213,5,0.5,0.010708898944193062,0.9890452261306533,518.9758587999968,25,200
0.016943187531422824,0.5,0.9853801169590644,0.014619883040935672,0.5,0.8,5,19553,337,5,0.5,0.016943187531422824,0.9828140703517588,518.9758587999968,25,200
0.09366515837104072,0.8,0.9957242116515232,0.00427578834847675,0.8,0.85,8,18027,1863,2,0.8,0.09366515837104072,0.9062814070351759,518.9758587999968,25,200
0.16807440925087985,1.0,0.9970175961825231,0.0029824038174768863,1.0,0.9,10,16547,3343,0,1.0,0.16807440925087985,0.8320100502512563,518.9758587999968,25,200
0.3356460532931121,1.0,0.9985043374214777,0.0014956625785222854,1.0,0.95,10,13214,6676,0,1.0,0.3356460532931121,0.6645226130653267,518.9758587999968,25,200
0.9982403217697335,1.0,0.9994966020639315,0.0005033979360684622,1.0,1.0,10,35,19855,0,1.0,0.9982403217697335,0.0022613065326633165,518.9758587999968,25,200
5.0276520864756156e-05,0.2,0.3333333333333333,0.6666666666666666,0.2,0.05,2,19889,1,8,0.2,5.0276520864756156e-05,0.9995477386934674,514.2685151000042,26,200
0.00010055304172951231,0.2,0.5,0.5,0.2,0.1,2,19888,2,8,0.2,0.00010055304172951231,0.9994974874371859,514.2685151000042,26,200
0.00015082956259426848,0.2,0.6,0.4,0.2,0.15,2,19887,3,8,0.2,0.00015082956259426848,0.9994472361809045,514.2685151000042,26,200
0.00020110608345902463,0.2,0.6666666666666666,0.3333333333333333,0.2,0.2,2,19886,4,8,0.2,0.00020110608345902463,0.9993969849246231,514.2685151000042,26,200
0.00020110608345902463,0.2,0.6666666666666666,0.3333333333333333,0.2,0.25,2,19886,4,8,0.2,0.00020110608345902463,0.9993969849246231,514.2685151000042,26,200
0.00020110608345902463,0.2,0.6666666666666666,0.3333333333333333,0.2,0.3,2,19886,4,8,0.2,0.00020110608345902463,0.9993969849246231,514.2685151000042,26,200
0.00040221216691804925,0.4,0.6666666666666666,0.3333333333333333,0.4,0.35,4,19882,8,6,0.4,0.00040221216691804925,0.9992964824120603,514.2685151000042,26,200
0.00040221216691804925,0.4,0.6666666666666666,0.3333333333333333,0.4,0.4,4,19882,8,6,0.4,0.00040221216691804925,0.9992964824120603,514.2685151000042,26,200
0.0007541478129713424,0.6,0.7142857142857143,0.2857142857142857,0.6,0.45,6,19875,15,4,0.6,0.0007541478129713424,0.9990452261306533,514.2685151000042,26,200
0.0007541478129713424,0.6,0.7142857142857143,0.2857142857142857,0.6,0.5,6,19875,15,4,0.6,0.0007541478129713424,0.9990452261306533,514.2685151000042,26,200
0.0009049773755656109,0.6,0.75,0.25,0.6,0.55,6,19872,18,4,0.6,0.0009049773755656109,0.9988944723618091,514.2685151000042,26,200
0.0012066365007541479,0.6,0.8,0.2,0.6,0.6,6,19866,24,4,0.6,0.0012066365007541479,0.9985929648241206,514.2685151000042,26,200
0.001256913021618904,0.6,0.8064516129032258,0.1935483870967742,0.6,0.65,6,19865,25,4,0.6,0.001256913021618904,0.9985427135678392,514.2685151000042,26,200
0.0027149321266968325,0.7,0.8852459016393442,0.11475409836065574,0.7,0.7,7,19836,54,3,0.7,0.0027149321266968325,0.9971356783919598,514.2685151000042,26,200
0.0029663147310206132,0.7,0.8939393939393939,0.10606060606060606,0.7,0.75,7,19831,59,3,0.7,0.0029663147310206132,0.9968844221105527,514.2685151000042,26,200
0.019356460532931122,0.9,0.9771573604060914,0.02284263959390863,0.9,0.8,9,19505,385,1,0.9,0.019356460532931122,0.9806030150753768,514.2685151000042,26,200
0.043388637506284564,0.9,0.9896788990825688,0.010321100917431193,0.9,0.85,9,19027,863,1,0.9,0.043388637506284564,0.9565829145728644,514.2685151000042,26,200
0.05595776772247361,1.0,0.9910952804986642,0.008904719501335707,1.0,0.9,10,18777,1113,0,1.0,0.05595776772247361,0.944070351758794,514.2685151000042,26,200
0.2959778783308195,1.0,0.9983042224860098,0.0016957775139901645,1.0,0.95,10,14003,5887,0,1.0,0.2959778783308195,0.7041708542713568,514.2685151000042,26,200
0.9982403217697335,1.0,0.9994966020639315,0.0005033979360684622,1.0,1.0,10,35,19855,0,1.0,0.9982403217697335,0.0022613065326633165,514.2685151000042,26,200
0.00010055304172951231,0.3,0.4,0.6,0.3,0.05,3,19888,2,7,0.3,0.00010055304172951231,0.9995477386934674,514.914732699981,27,200
0.00010055304172951231,0.3,0.4,0.6,0.3,0.1,3,19888,2,7,0.3,0.00010055304172951231,0.9995477386934674,514.914732699981,27,200
0.00010055304172951231,0.3,0.4,0.6,0.3,0.15,3,19888,2,7,0.3,0.00010055304172951231,0.9995477386934674,514.914732699981,27,200
0.00010055304172951231,0.3,0.4,0.6,0.3,0.2,3,19888,2,7,0.3,0.00010055304172951231,0.9995477386934674,514.914732699981,27,200
0.00020110608345902463,0.3,0.5714285714285714,0.42857142857142855,0.3,0.25,3,19886,4,7,0.3,0.00020110608345902463,0.9994472361809045,514.914732699981,27,200
0.00020110608345902463,0.3,0.5714285714285714,0.42857142857142855,0.3,0.3,3,19886,4,7,0.3,0.00020110608345902463,0.9994472361809045,514.914732699981,27,200
0.00020110608345902463,0.3,0.5714285714285714,0.42857142857142855,0.3,0.35,3,19886,4,7,0.3,0.00020110608345902463,0.9994472361809045,514.914732699981,27,200
0.00020110608345902463,0.3,0.5714285714285714,0.42857142857142855,0.3,0.4,3,19886,4,7,0.3,0.00020110608345902463,0.9994472361809045,514.914732699981,27,200
0.00025138260432378077,0.3,0.625,0.375,0.3,0.45,3,19885,5,7,0.3,0.00025138260432378077,0.9993969849246231,514.914732699981,27,200
0.00030165912518853697,0.3,0.6666666666666666,0.3333333333333333,0.3,0.5,3,19884,6,7,0.3,0.00030165912518853697,0.9993467336683417,514.914732699981,27,200
0.001005530417295123,0.4,0.8333333333333334,0.16666666666666666,0.4,0.55,4,19870,20,6,0.4,0.001005530417295123,0.9986934673366834,514.914732699981,27,200
0.002765208647561589,0.5,0.9166666666666666,0.08333333333333333,0.5,0.6,5,19835,55,5,0.5,0.002765208647561589,0.9969849246231156,514.914732699981,27,200
0.004424333836098542,0.6,0.9361702127659575,0.06382978723404255,0.6,0.65,6,19802,88,4,0.6,0.004424333836098542,0.9953768844221106,514.914732699981,27,200
0.005178481649069884,0.6,0.944954128440367,0.05504587155963303,0.6,0.7,6,19787,103,4,0.6,0.005178481649069884,0.9946231155778894,514.914732699981,27,200
0.01297134238310709,0.6,0.9772727272727273,0.022727272727272728,0.6,0.75,6,19632,258,4,0.6,0.01297134238310709,0.9868341708542714,514.914732699981,27,200
0.03534439416792358,0.6,0.9915373765867419,0.00846262341325811,0.6,0.8,6,19187,703,4,0.6,0.03534439416792358,0.9644723618090453,514.914732699981,27,200
0.05339366515837104,0.6,0.9943820224719101,0.0056179775280898875,0.6,0.85,6,18828,1062,4,0.6,0.05339366515837104,0.9464321608040202,514.914732699981,27,200
0.128657616892911,0.7,0.9972720187061574,0.0027279812938425566,0.7,0.9,7,17331,2559,3,0.7,0.128657616892911,0.8712562814070351,514.914732699981,27,200
0.24801407742584214,0.8,0.998380894555758,0.0016191054442420564,0.8,0.95,8,14957,4933,2,0.8,0.24801407742584214,0.7520100502512563,514.914732699981,27,200
0.9981900452488688,1.0,0.9994965767217077,0.0005034232782923883,1.0,1.0,10,36,19854,0,1.0,0.9981900452488688,0.0023115577889447235,514.914732699981,27,200
0.0,0.2,0.0,1.0,0.2,0.05,2,19890,0,8,0.2,0.0,0.9995979899497487,514.5685852000024,28,200
0.00020110608345902463,0.4,0.5,0.5,0.4,0.1,4,19886,4,6,0.4,0.00020110608345902463,0.9994974874371859,514.5685852000024,28,200
0.00020110608345902463,0.4,0.5,0.5,0.4,0.15,4,19886,4,6,0.4,0.00020110608345902463,0.9994974874371859,514.5685852000024,28,200
0.00020110608345902463,0.4,0.5,0.5,0.4,0.2,4,19886,4,6,0.4,0.00020110608345902463,0.9994974874371859,514.5685852000024,28,200
0.00030165912518853697,0.4,0.6,0.4,0.4,0.25,4,19884,6,6,0.4,0.00030165912518853697,0.9993969849246231,514.5685852000024,28,200
0.00045248868778280545,0.4,0.6923076923076923,0.3076923076923077,0.4,0.3,4,19881,9,6,0.4,0.00045248868778280545,0.9992462311557789,514.5685852000024,28,200
0.00045248868778280545,0.4,0.6923076923076923,0.3076923076923077,0.4,0.35,4,19881,9,6,0.4,0.00045248868778280545,0.9992462311557789,514.5685852000024,28,200
0.0008547008547008547,0.6,0.7391304347826086,0.2608695652173913,0.6,0.4,6,19873,17,4,0.6,0.0008547008547008547,0.9989447236180905,514.5685852000024,28,200
0.0008547008547008547,0.6,0.7391304347826086,0.2608695652173913,0.6,0.45,6,19873,17,4,0.6,0.0008547008547008547,0.9989447236180905,514.5685852000024,28,200
0.001005530417295123,0.6,0.7692307692307693,0.23076923076923078,0.6,0.5,6,19870,20,4,0.6,0.001005530417295123,0.9987939698492462,514.5685852000024,28,200
0.0010558069381598793,0.6,0.7777777777777778,0.2222222222222222,0.6,0.55,6,19869,21,4,0.6,0.0010558069381598793,0.9987437185929648,514.5685852000024,28,200
0.002212166918049271,0.6,0.88,0.12,0.6,0.6,6,19846,44,4,0.6,0.002212166918049271,0.9975879396984925,514.5685852000024,28,200
0.0022624434389140274,0.6,0.8823529411764706,0.11764705882352941,0.6,0.65,6,19845,45,4,0.6,0.0022624434389140274,0.997537688442211,514.5685852000024,28,200
0.005178481649069884,0.6,0.944954128440367,0.05504587155963303,0.6,0.7,6,19787,103,4,0.6,0.005178481649069884,0.9946231155778894,514.5685852000024,28,200
0.006184012066365007,0.6,0.9534883720930233,0.046511627906976744,0.6,0.75,6,19767,123,4,0.6,0.006184012066365007,0.9936180904522613,514.5685852000024,28,200
0.007239819004524887,0.6,0.96,0.04,0.6,0.8,6,19746,144,4,0.6,0.007239819004524887,0.9925628140703517,514.5685852000024,28,200
0.00849673202614379,0.7,0.9602272727272727,0.03977272727272727,0.7,0.85,7,19721,169,3,0.7,0.00849673202614379,0.991356783919598,514.5685852000024,28,200
0.054650578179989945,1.0,0.9908842297174111,0.009115770282588878,1.0,0.9,10,18803,1087,0,1.0,0.054650578179989945,0.9453768844221105,514.5685852000024,28,200
0.16656611362493715,1.0,0.9969906710803491,0.003009328919650918,1.0,0.95,10,16577,3313,0,1.0,0.16656611362493715,0.8335175879396985,514.5685852000024,28,200
0.9983911513323278,1.0,0.999496678075297,0.0005033219247030401,1.0,1.0,10,32,19858,0,1.0,0.9983911513323278,0.0021105527638190956,514.5685852000024,28,200
0.0,0.3,0.0,1.0,0.3,0.05,3,19890,0,7,0.3,0.0,0.9996482412060301,515.7181871999055,29,200
5.0276520864756156e-05,0.3,0.25,0.75,0.3,0.1,3,19889,1,7,0.3,5.0276520864756156e-05,0.9995979899497487,515.7181871999055,29,200
5.0276520864756156e-05,0.3,0.25,0.75,0.3,0.15,3,19889,1,7,0.3,5.0276520864756156e-05,0.9995979899497487,515.7181871999055,29,200
0.00025138260432378077,0.3,0.625,0.375,0.3,0.2,3,19885,5,7,0.3,0.00025138260432378077,0.9993969849246231,515.7181871999055,29,200
0.00040221216691804925,0.3,0.7272727272727273,0.2727272727272727,0.3,0.25,3,19882,8,7,0.3,0.00040221216691804925,0.9992462311557789,515.7181871999055,29,200
0.00040221216691804925,0.3,0.7272727272727273,0.2727272727272727,0.3,0.3,3,19882,8,7,0.3,0.00040221216691804925,0.9992462311557789,515.7181871999055,29,200
0.00040221216691804925,0.3,0.7272727272727273,0.2727272727272727,0.3,0.35,3,19882,8,7,0.3,0.00040221216691804925,0.9992462311557789,515.7181871999055,29,200
0.0005530417295123177,0.4,0.7333333333333333,0.26666666666666666,0.4,0.4,4,19879,11,6,0.4,0.0005530417295123177,0.999145728643216,515.7181871999055,29,200
0.0006033182503770739,0.4,0.75,0.25,0.4,0.45,4,19878,12,6,0.4,0.0006033182503770739,0.9990954773869347,515.7181871999055,29,200
0.0008044243338360985,0.4,0.8,0.2,0.4,0.5,4,19874,16,6,0.4,0.0008044243338360985,0.9988944723618091,515.7181871999055,29,200
0.002815485168426345,0.5,0.9180327868852459,0.08196721311475409,0.5,0.55,5,19834,56,5,0.5,0.002815485168426345,0.9969346733668342,515.7181871999055,29,200
0.0030165912518853697,0.5,0.9230769230769231,0.07692307692307693,0.5,0.6,5,19830,60,5,0.5,0.0030165912518853697,0.9967336683417085,515.7181871999055,29,200
0.003821015585721468,0.5,0.9382716049382716,0.06172839506172839,0.5,0.65,5,19814,76,5,0.5,0.003821015585721468,0.995929648241206,515.7181871999055,29,200
0.0057817998994469585,0.6,0.9504132231404959,0.049586776859504134,0.6,0.7,6,19775,115,4,0.6,0.0057817998994469585,0.9940201005025125,515.7181871999055,29,200
0.009451985922574157,0.6,0.9690721649484536,0.030927835051546393,0.6,0.75,6,19702,188,4,0.6,0.009451985922574157,0.9903517587939699,515.7181871999055,29,200
0.017697335344394168,0.6,0.9832402234636871,0.01675977653631285,0.6,0.8,6,19538,352,4,0.6,0.017697335344394168,0.9821105527638191,515.7181871999055,29,200
0.044193061840120666,0.8,0.9909808342728298,0.009019165727170236,0.8,0.85,8,19011,879,2,0.8,0.044193061840120666,0.9557286432160804,515.7181871999055,29,200
0.10477626948215184,1.0,0.9952244508118434,0.004775549188156638,1.0,0.9,10,17806,2084,0,1.0,0.10477626948215184,0.8952763819095477,515.7181871999055,29,200
0.3113624937154349,1.0,0.9983878768337902,0.0016121231662098985,1.0,0.95,10,13697,6193,0,1.0,0.3113624937154349,0.6887939698492462,515.7181871999055,29,200
0.9928104575163399,1.0,0.9994938502809131,0.0005061497190869059,1.0,1.0,10,143,19747,0,1.0,0.9928104575163399,0.007688442211055277,515.7181871999055,29,200
0.0,0.1,0.0,1.0,0.1,0.05,1,19890,0,9,0.1,0.0,0.9995477386934674,519.6635357000632,30,200
0.0,0.1,0.0,1.0,0.1,0.1,1,19890,0,9,0.1,0.0,0.9995477386934674,519.6635357000632,30,200
0.0,0.1,0.0,1.0,0.1,0.15,1,19890,0,9,0.1,0.0,0.9995477386934674,519.6635357000632,30,200
0.0,0.1,0.0,1.0,0.1,0.2,1,19890,0,9,0.1,0.0,0.9995477386934674,519.6635357000632,30,200
0.0,0.1,0.0,1.0,0.1,0.25,1,19890,0,9,0.1,0.0,0.9995477386934674,519.6635357000632,30,200
0.00025138260432378077,0.1,0.8333333333333334,0.16666666666666666,0.1,0.3,1,19885,5,9,0.1,0.00025138260432378077,0.9992964824120603,519.6635357000632,30,200
0.00045248868778280545,0.3,0.75,0.25,0.3,0.35,3,19881,9,7,0.3,0.00045248868778280545,0.9991959798994975,519.6635357000632,30,200
0.0005027652086475615,0.4,0.7142857142857143,0.2857142857142857,0.4,0.4,4,19880,10,6,0.4,0.0005027652086475615,0.9991959798994975,519.6635357000632,30,200
0.0006033182503770739,0.4,0.75,0.25,0.4,0.45,4,19878,12,6,0.4,0.0006033182503770739,0.9990954773869347,519.6635357000632,30,200
0.00065359477124183,0.4,0.7647058823529411,0.23529411764705882,0.4,0.5,4,19877,13,6,0.4,0.00065359477124183,0.9990452261306533,519.6635357000632,30,200
0.0007038712921065862,0.4,0.7777777777777778,0.2222222222222222,0.4,0.55,4,19876,14,6,0.4,0.0007038712921065862,0.9989949748743718,519.6635357000632,30,200
0.00130718954248366,0.6,0.8125,0.1875,0.6,0.6,6,19864,26,4,0.6,0.00130718954248366,0.9984924623115577,519.6635357000632,30,200
0.0015082956259426848,0.6,0.8333333333333334,0.16666666666666666,0.6,0.65,6,19860,30,4,0.6,0.0015082956259426848,0.9982914572864322,519.6635357000632,30,200
0.00261437908496732,0.6,0.896551724137931,0.10344827586206896,0.6,0.7,6,19838,52,4,0.6,0.00261437908496732,0.9971859296482412,519.6635357000632,30,200
0.004424333836098542,0.6,0.9361702127659575,0.06382978723404255,0.6,0.75,6,19802,88,4,0.6,0.004424333836098542,0.9953768844221106,519.6635357000632,30,200
0.006887883358471594,0.6,0.958041958041958,0.04195804195804196,0.6,0.8,6,19753,137,4,0.6,0.006887883358471594,0.9929145728643216,519.6635357000632,30,200
0.06772247360482654,0.9,0.9933628318584071,0.00663716814159292,0.9,0.85,9,18543,1347,1,0.9,0.06772247360482654,0.9322613065326634,519.6635357000632,30,200
0.13413775766716943,0.9,0.9966380276428838,0.0033619723571161747,0.9,0.9,9,17222,2668,1,0.9,0.13413775766716943,0.8658793969849247,519.6635357000632,30,200
0.2822021116138763,1.0,0.9982215898986306,0.0017784101013693758,1.0,0.95,10,14277,5613,0,1.0,0.2822021116138763,0.7179396984924623,519.6635357000632,30,200
0.9724484665661136,1.0,0.9994832575444399,0.0005167424555601488,1.0,1.0,10,548,19342,0,1.0,0.9724484665661136,0.028040201005025127,519.6635357000632,30,200
0.0,0.3,0.0,1.0,0.3,0.05,3,19890,0,7,0.3,0.0,0.9996482412060301,577.7387354999082,31,200
5.0276520864756156e-05,0.4,0.2,0.8,0.4,0.1,4,19889,1,6,0.4,5.0276520864756156e-05,0.9996482412060301,577.7387354999082,31,200
5.0276520864756156e-05,0.4,0.2,0.8,0.4,0.15,4,19889,1,6,0.4,5.0276520864756156e-05,0.9996482412060301,577.7387354999082,31,200
0.00010055304172951231,0.4,0.3333333333333333,0.6666666666666666,0.4,0.2,4,19888,2,6,0.4,0.00010055304172951231,0.9995979899497487,577.7387354999082,31,200
0.00010055304172951231,0.4,0.3333333333333333,0.6666666666666666,0.4,0.25,4,19888,2,6,0.4,0.00010055304172951231,0.9995979899497487,577.7387354999082,31,200
0.00020110608345902463,0.4,0.5,0.5,0.4,0.3,4,19886,4,6,0.4,0.00020110608345902463,0.9994974874371859,577.7387354999082,31,200
0.00020110608345902463,0.4,0.5,0.5,0.4,0.35,4,19886,4,6,0.4,0.00020110608345902463,0.9994974874371859,577.7387354999082,31,200
0.00020110608345902463,0.4,0.5,0.5,0.4,0.4,4,19886,4,6,0.4,0.00020110608345902463,0.9994974874371859,577.7387354999082,31,200
0.00030165912518853697,0.4,0.6,0.4,0.4,0.45,4,19884,6,6,0.4,0.00030165912518853697,0.9993969849246231,577.7387354999082,31,200
0.00030165912518853697,0.4,0.6,0.4,0.4,0.5,4,19884,6,6,0.4,0.00030165912518853697,0.9993969849246231,577.7387354999082,31,200
0.00040221216691804925,0.4,0.6666666666666666,0.3333333333333333,0.4,0.55,4,19882,8,6,0.4,0.00040221216691804925,0.9992964824120603,577.7387354999082,31,200
0.00065359477124183,0.4,0.7647058823529411,0.23529411764705882,0.4,0.6,4,19877,13,6,0.4,0.00065359477124183,0.9990452261306533,577.7387354999082,31,200
0.00065359477124183,0.4,0.7647058823529411,0.23529411764705882,0.4,0.65,4,19877,13,6,0.4,0.00065359477124183,0.9990452261306533,577.7387354999082,31,200
0.0032679738562091504,0.7,0.9027777777777778,0.09722222222222222,0.7,0.7,7,19825,65,3,0.7,0.0032679738562091504,0.9965829145728643,577.7387354999082,31,200
0.007692307692307693,0.8,0.9503105590062112,0.049689440993788817,0.8,0.75,8,19737,153,2,0.8,0.007692307692307693,0.9922110552763819,577.7387354999082,31,200
0.01639014580191051,0.9,0.9731343283582089,0.026865671641791045,0.9,0.8,9,19564,326,1,0.9,0.01639014580191051,0.9835678391959799,577.7387354999082,31,200
0.026897938662644547,0.9,0.9834558823529411,0.016544117647058824,0.9,0.85,9,19355,535,1,0.9,0.026897938662644547,0.9730653266331658,577.7387354999082,31,200
0.03453996983408748,0.9,0.9870689655172413,0.01293103448275862,0.9,0.9,9,19203,687,1,0.9,0.03453996983408748,0.965427135678392,577.7387354999082,31,200
0.2066365007541478,1.0,0.9975728155339806,0.0024271844660194173,1.0,0.95,10,15780,4110,0,1.0,0.2066365007541478,0.7934673366834171,577.7387354999082,31,200
0.9949723479135244,1.0,0.9994949494949495,0.000505050505050505,1.0,1.0,10,100,19790,0,1.0,0.9949723479135244,0.005527638190954774,577.7387354999082,31,200
0.0,0.5,0.0,1.0,0.5,0.05,5,19890,0,5,0.5,0.0,0.999748743718593,518.476939199958,32,200
5.0276520864756156e-05,0.6,0.14285714285714285,0.8571428571428571,0.6,0.1,6,19889,1,4,0.6,5.0276520864756156e-05,0.999748743718593,518.476939199958,32,200
0.00010055304172951231,0.6,0.25,0.75,0.6,0.15,6,19888,2,4,0.6,0.00010055304172951231,0.9996984924623116,518.476939199958,32,200
0.00015082956259426848,0.6,0.3333333333333333,0.6666666666666666,0.6,0.2,6,19887,3,4,0.6,0.00015082956259426848,0.9996482412060301,518.476939199958,32,200
0.00020110608345902463,0.6,0.4,0.6,0.6,0.25,6,19886,4,4,0.6,0.00020110608345902463,0.9995979899497487,518.476939199958,32,200
0.00040221216691804925,0.6,0.5714285714285714,0.42857142857142855,0.6,0.3,6,19882,8,4,0.6,0.00040221216691804925,0.9993969849246231,518.476939199958,32,200
0.00040221216691804925,0.6,0.5714285714285714,0.42857142857142855,0.6,0.35,6,19882,8,4,0.6,0.00040221216691804925,0.9993969849246231,518.476939199958,32,200
0.00040221216691804925,0.6,0.5714285714285714,0.42857142857142855,0.6,0.4,6,19882,8,4,0.6,0.00040221216691804925,0.9993969849246231,518.476939199958,32,200
0.00045248868778280545,0.6,0.6,0.4,0.6,0.45,6,19881,9,4,0.6,0.00045248868778280545,0.9993467336683417,518.476939199958,32,200
0.0005027652086475615,0.6,0.625,0.375,0.6,0.5,6,19880,10,4,0.6,0.0005027652086475615,0.9992964824120603,518.476939199958,32,200
0.0005027652086475615,0.6,0.625,0.375,0.6,0.55,6,19880,10,4,0.6,0.0005027652086475615,0.9992964824120603,518.476939199958,32,200
0.0005530417295123177,0.6,0.6470588235294118,0.35294117647058826,0.6,0.6,6,19879,11,4,0.6,0.0005530417295123177,0.9992462311557789,518.476939199958,32,200
0.001558572146807441,0.6,0.8378378378378378,0.16216216216216217,0.6,0.65,6,19859,31,4,0.6,0.001558572146807441,0.9982412060301508,518.476939199958,32,200
0.002815485168426345,0.6,0.9032258064516129,0.0967741935483871,0.6,0.7,6,19834,56,4,0.6,0.002815485168426345,0.9969849246231156,518.476939199958,32,200
0.004122674710910005,0.8,0.9111111111111111,0.08888888888888889,0.8,0.75,8,19808,82,2,0.8,0.004122674710910005,0.9957788944723618,518.476939199958,32,200
0.004524886877828055,0.8,0.9183673469387755,0.08163265306122448,0.8,0.8,8,19800,90,2,0.8,0.004524886877828055,0.9953768844221106,518.476939199958,32,200
0.030165912518853696,1.0,0.9836065573770492,0.01639344262295082,1.0,0.85,10,19290,600,0,1.0,0.030165912518853696,0.9698492462311558,518.476939199958,32,200
0.0510306686777275,1.0,0.9902439024390244,0.00975609756097561,1.0,0.9,10,18875,1015,0,1.0,0.0510306686777275,0.9489949748743719,518.476939199958,32,200
0.14132730015082956,1.0,0.9964551577454803,0.003544842254519674,1.0,0.95,10,17079,2811,0,1.0,0.14132730015082956,0.8587437185929648,518.476939199958,32,200
0.9873303167420815,1.0,0.9994910423452769,0.000508957654723127,1.0,1.0,10,252,19638,0,1.0,0.9873303167420815,0.013165829145728643,518.476939199958,32,200
0.0,0.1,0.0,1.0,0.1,0.05,1,19890,0,9,0.1,0.0,0.9995477386934674,519.0928199000191,33,200
5.0276520864756156e-05,0.2,0.3333333333333333,0.6666666666666666,0.2,0.1,2,19889,1,8,0.2,5.0276520864756156e-05,0.9995477386934674,519.0928199000191,33,200
5.0276520864756156e-05,0.2,0.3333333333333333,0.6666666666666666,0.2,0.15,2,19889,1,8,0.2,5.0276520864756156e-05,0.9995477386934674,519.0928199000191,33,200
0.00015082956259426848,0.2,0.6,0.4,0.2,0.2,2,19887,3,8,0.2,0.00015082956259426848,0.9994472361809045,519.0928199000191,33,200
0.00015082956259426848,0.2,0.6,0.4,0.2,0.25,2,19887,3,8,0.2,0.00015082956259426848,0.9994472361809045,519.0928199000191,33,200
0.00015082956259426848,0.2,0.6,0.4,0.2,0.3,2,19887,3,8,0.2,0.00015082956259426848,0.9994472361809045,519.0928199000191,33,200
0.00015082956259426848,0.2,0.6,0.4,0.2,0.35,2,19887,3,8,0.2,0.00015082956259426848,0.9994472361809045,519.0928199000191,33,200
0.00015082956259426848,0.2,0.6,0.4,0.2,0.4,2,19887,3,8,0.2,0.00015082956259426848,0.9994472361809045,519.0928199000191,33,200
0.00015082956259426848,0.2,0.6,0.4,0.2,0.45,2,19887,3,8,0.2,0.00015082956259426848,0.9994472361809045,519.0928199000191,33,200
0.00015082956259426848,0.4,0.42857142857142855,0.5714285714285714,0.4,0.5,4,19887,3,6,0.4,0.00015082956259426848,0.9995477386934674,519.0928199000191,33,200
0.00040221216691804925,0.5,0.6153846153846154,0.38461538461538464,0.5,0.55,5,19882,8,5,0.5,0.00040221216691804925,0.9993467336683417,519.0928199000191,33,200
0.00261437908496732,0.6,0.896551724137931,0.10344827586206896,0.6,0.6,6,19838,52,4,0.6,0.00261437908496732,0.9971859296482412,519.0928199000191,33,200
0.0026646556058320765,0.6,0.8983050847457628,0.1016949152542373,0.6,0.65,6,19837,53,4,0.6,0.0026646556058320765,0.9971356783919598,519.0928199000191,33,200
0.00718954248366013,0.7,0.9533333333333334,0.04666666666666667,0.7,0.7,7,19747,143,3,0.7,0.00718954248366013,0.9926633165829146,519.0928199000191,33,200
0.010759175465057818,0.8,0.963963963963964,0.036036036036036036,0.8,0.75,8,19676,214,2,0.8,0.010759175465057818,0.989145728643216,519.0928199000191,33,200
0.012518853695324284,0.9,0.9651162790697675,0.03488372093023256,0.9,0.8,9,19641,249,1,0.9,0.012518853695324284,0.9874371859296482,519.0928199000191,33,200
0.01975867269984917,0.9,0.9776119402985075,0.022388059701492536,0.9,0.85,9,19497,393,1,0.9,0.01975867269984917,0.9802010050251256,519.0928199000191,33,200
0.0371543489190548,0.9,0.9879679144385026,0.012032085561497326,0.9,0.9,9,19151,739,1,0.9,0.0371543489190548,0.9628140703517588,519.0928199000191,33,200
0.2747109100050277,1.0,0.9981731823164048,0.001826817683595177,1.0,0.95,10,14426,5464,0,1.0,0.2747109100050277,0.725427135678392,519.0928199000191,33,200
0.9985419808949221,1.0,0.999496754063711,0.0005032459362890644,1.0,1.0,10,29,19861,0,1.0,0.9985419808949221,0.001959798994974874,519.0928199000191,33,200
0.0,0.3,0.0,1.0,0.3,0.05,3,19890,0,7,0.3,0.0,0.9996482412060301,526.0041773000266,34,200
5.0276520864756156e-05,0.3,0.25,0.75,0.3,0.1,3,19889,1,7,0.3,5.0276520864756156e-05,0.9995979899497487,526.0041773000266,34,200
5.0276520864756156e-05,0.3,0.25,0.75,0.3,0.15,3,19889,1,7,0.3,5.0276520864756156e-05,0.9995979899497487,526.0041773000266,34,200
5.0276520864756156e-05,0.3,0.25,0.75,0.3,0.2,3,19889,1,7,0.3,5.0276520864756156e-05,0.9995979899497487,526.0041773000266,34,200
5.0276520864756156e-05,0.3,0.25,0.75,0.3,0.25,3,19889,1,7,0.3,5.0276520864756156e-05,0.9995979899497487,526.0041773000266,34,200
0.00010055304172951231,0.3,0.4,0.6,0.3,0.3,3,19888,2,7,0.3,0.00010055304172951231,0.9995477386934674,526.0041773000266,34,200
0.00020110608345902463,0.3,0.5714285714285714,0.42857142857142855,0.3,0.35,3,19886,4,7,0.3,0.00020110608345902463,0.9994472361809045,526.0041773000266,34,200
0.00020110608345902463,0.3,0.5714285714285714,0.42857142857142855,0.3,0.4,3,19886,4,7,0.3,0.00020110608345902463,0.9994472361809045,526.0041773000266,34,200
0.00040221216691804925,0.3,0.7272727272727273,0.2727272727272727,0.3,0.45,3,19882,8,7,0.3,0.00040221216691804925,0.9992462311557789,526.0041773000266,34,200
0.00045248868778280545,0.4,0.6923076923076923,0.3076923076923077,0.4,0.5,4,19881,9,6,0.4,0.00045248868778280545,0.9992462311557789,526.0041773000266,34,200
0.0005027652086475615,0.4,0.7142857142857143,0.2857142857142857,0.4,0.55,4,19880,10,6,0.4,0.0005027652086475615,0.9991959798994975,526.0041773000266,34,200
0.0014077425842131724,0.5,0.8484848484848485,0.15151515151515152,0.5,0.6,5,19862,28,5,0.5,0.0014077425842131724,0.9983417085427135,526.0041773000266,34,200
0.00196078431372549,0.5,0.8863636363636364,0.11363636363636363,0.5,0.65,5,19851,39,5,0.5,0.00196078431372549,0.9977889447236181,526.0041773000266,34,200
0.005077928607340372,0.7,0.9351851851851852,0.06481481481481481,0.7,0.7,7,19789,101,3,0.7,0.005077928607340372,0.9947738693467336,526.0041773000266,34,200
0.006837606837606838,0.7,0.951048951048951,0.04895104895104895,0.7,0.75,7,19754,136,3,0.7,0.006837606837606838,0.9930150753768844,526.0041773000266,34,200
0.011915535444947209,0.9,0.9634146341463414,0.036585365853658534,0.9,0.8,9,19653,237,1,0.9,0.011915535444947209,0.9880402010050251,526.0041773000266,34,200
0.0196078431372549,0.9,0.9774436090225563,0.022556390977443608,0.9,0.85,9,19500,390,1,0.9,0.0196078431372549,0.9803517587939699,526.0041773000266,34,200
0.02971342383107089,0.9,0.985,0.015,0.9,0.9,9,19299,591,1,0.9,0.02971342383107089,0.9702512562814071,526.0041773000266,34,200
0.23579688285570638,1.0,0.997872340425532,0.002127659574468085,1.0,0.95,10,15200,4690,0,1.0,0.23579688285570638,0.764321608040201,526.0041773000266,34,200
0.998340874811463,1.0,0.9994966527407259,0.0005033472592741732,1.0,1.0,10,33,19857,0,1.0,0.998340874811463,0.0021608040201005025,526.0041773000266,34,200
0.0,0.3,0.0,1.0,0.3,0.05,3,19890,0,7,0.3,0.0,0.9996482412060301,405.3108814000152,35,200
5.0276520864756156e-05,0.3,0.25,0.75,0.3,0.1,3,19889,1,7,0.3,5.0276520864756156e-05,0.9995979899497487,405.3108814000152,35,200
0.00010055304172951231,0.3,0.4,0.6,0.3,0.15,3,19888,2,7,0.3,0.00010055304172951231,0.9995477386934674,405.3108814000152,35,200
0.00010055304172951231,0.3,0.4,0.6,0.3,0.2,3,19888,2,7,0.3,0.00010055304172951231,0.9995477386934674,405.3108814000152,35,200
0.00010055304172951231,0.3,0.4,0.6,0.3,0.25,3,19888,2,7,0.3,0.00010055304172951231,0.9995477386934674,405.3108814000152,35,200
0.00015082956259426848,0.3,0.5,0.5,0.3,0.3,3,19887,3,7,0.3,0.00015082956259426848,0.9994974874371859,405.3108814000152,35,200
0.00020110608345902463,0.3,0.5714285714285714,0.42857142857142855,0.3,0.35,3,19886,4,7,0.3,0.00020110608345902463,0.9994472361809045,405.3108814000152,35,200
0.00020110608345902463,0.3,0.5714285714285714,0.42857142857142855,0.3,0.4,3,19886,4,7,0.3,0.00020110608345902463,0.9994472361809045,405.3108814000152,35,200
0.00020110608345902463,0.3,0.5714285714285714,0.42857142857142855,0.3,0.45,3,19886,4,7,0.3,0.00020110608345902463,0.9994472361809045,405.3108814000152,35,200
0.00025138260432378077,0.3,0.625,0.375,0.3,0.5,3,19885,5,7,0.3,0.00025138260432378077,0.9993969849246231,405.3108814000152,35,200
0.0017094017094017094,0.3,0.918918918918919,0.08108108108108109,0.3,0.55,3,19856,34,7,0.3,0.0017094017094017094,0.9979396984924623,405.3108814000152,35,200
0.0021116138763197585,0.3,0.9333333333333333,0.06666666666666667,0.3,0.6,3,19848,42,7,0.3,0.0021116138763197585,0.997537688442211,405.3108814000152,35,200
0.003217697335344394,0.3,0.9552238805970149,0.04477611940298507,0.3,0.65,3,19826,64,7,0.3,0.003217697335344394,0.9964321608040201,405.3108814000152,35,200
0.005731523378582202,0.5,0.957983193277311,0.04201680672268908,0.5,0.7,5,19776,114,5,0.5,0.005731523378582202,0.9940201005025125,405.3108814000152,35,200
0.006636500754147813,0.5,0.9635036496350365,0.0364963503649635,0.5,0.75,5,19758,132,5,0.5,0.006636500754147813,0.9931155778894473,405.3108814000152,35,200
0.008999497234791352,0.6,0.9675675675675676,0.032432432432432434,0.6,0.8,6,19711,179,4,0.6,0.008999497234791352,0.9908040201005025,405.3108814000152,35,200
0.028707893413775765,0.8,0.9861830742659758,0.013816925734024179,0.8,0.85,8,19319,571,2,0.8,0.028707893413775765,0.9712060301507538,405.3108814000152,35,200
0.07988939165409753,0.9,0.9943679599499374,0.005632040050062578,0.9,0.9,9,18301,1589,1,0.9,0.07988939165409753,0.9201005025125628,405.3108814000152,35,200
0.30693815987933637,1.0,0.9983646770237122,0.001635322976287817,1.0,0.95,10,13785,6105,0,1.0,0.30693815987933637,0.6932160804020101,405.3108814000152,35,200
0.9984414278531926,1.0,0.9994967034073179,0.0005032965926820676,1.0,1.0,10,31,19859,0,1.0,0.9984414278531926,0.0020603015075376886,405.3108814000152,35,200
0.0,0.0,0.0,,0.0,0.05,0,19890,0,10,0.0,0.0,0.9994974874371859,404.73195350007154,36,200
0.0,0.0,0.0,,0.0,0.1,0,19890,0,10,0.0,0.0,0.9994974874371859,404.73195350007154,36,200
0.0,0.0,0.0,,0.0,0.15,0,19890,0,10,0.0,0.0,0.9994974874371859,404.73195350007154,36,200
0.0,0.0,0.0,,0.0,0.2,0,19890,0,10,0.0,0.0,0.9994974874371859,404.73195350007154,36,200
0.0,0.0,0.0,,0.0,0.25,0,19890,0,10,0.0,0.0,0.9994974874371859,404.73195350007154,36,200
0.0,0.0,0.0,,0.0,0.3,0,19890,0,10,0.0,0.0,0.9994974874371859,404.73195350007154,36,200
0.0,0.0,0.0,,0.0,0.35,0,19890,0,10,0.0,0.0,0.9994974874371859,404.73195350007154,36,200
0.0,0.0,0.0,,0.0,0.4,0,19890,0,10,0.0,0.0,0.9994974874371859,404.73195350007154,36,200
0.0,0.0,0.0,,0.0,0.45,0,19890,0,10,0.0,0.0,0.9994974874371859,404.73195350007154,36,200
0.0,0.2,0.0,1.0,0.2,0.5,2,19890,0,8,0.2,0.0,0.9995979899497487,404.73195350007154,36,200
0.0,0.2,0.0,1.0,0.2,0.55,2,19890,0,8,0.2,0.0,0.9995979899497487,404.73195350007154,36,200
0.0,0.2,0.0,1.0,0.2,0.6,2,19890,0,8,0.2,0.0,0.9995979899497487,404.73195350007154,36,200
0.0009049773755656109,0.3,0.8571428571428571,0.14285714285714285,0.3,0.65,3,19872,18,7,0.3,0.0009049773755656109,0.9987437185929648,404.73195350007154,36,200
0.0009049773755656109,0.3,0.8571428571428571,0.14285714285714285,0.3,0.7,3,19872,18,7,0.3,0.0009049773755656109,0.9987437185929648,404.73195350007154,36,200
0.0023629964806435393,0.3,0.94,0.06,0.3,0.75,3,19843,47,7,0.3,0.0023629964806435393,0.997286432160804,404.73195350007154,36,200
0.006787330316742082,0.4,0.9712230215827338,0.02877697841726619,0.4,0.8,4,19755,135,6,0.4,0.006787330316742082,0.9929145728643216,404.73195350007154,36,200
0.008798391151332328,0.5,0.9722222222222222,0.027777777777777776,0.5,0.85,5,19715,175,5,0.5,0.008798391151332328,0.9909547738693467,404.73195350007154,36,200
0.03886375062845651,1.0,0.9872286079182631,0.01277139208173691,1.0,0.9,10,19117,773,0,1.0,0.03886375062845651,0.9611557788944723,404.73195350007154,36,200
0.3250377073906486,1.0,0.9984555984555985,0.0015444015444015444,1.0,0.95,10,13425,6465,0,1.0,0.3250377073906486,0.6751256281407035,404.73195350007154,36,200
0.9984917043740573,1.0,0.9994967287367891,0.0005032712632108706,1.0,1.0,10,30,19860,0,1.0,0.9984917043740573,0.0020100502512562816,404.73195350007154,36,200
0.00010055304172951231,0.5,0.2857142857142857,0.7142857142857143,0.5,0.05,5,19888,2,5,0.5,0.00010055304172951231,0.9996482412060301,405.69321130006574,37,200
0.00010055304172951231,0.5,0.2857142857142857,0.7142857142857143,0.5,0.1,5,19888,2,5,0.5,0.00010055304172951231,0.9996482412060301,405.69321130006574,37,200
0.00015082956259426848,0.6,0.3333333333333333,0.6666666666666666,0.6,0.15,6,19887,3,4,0.6,0.00015082956259426848,0.9996482412060301,405.69321130006574,37,200
0.00015082956259426848,0.6,0.3333333333333333,0.6666666666666666,0.6,0.2,6,19887,3,4,0.6,0.00015082956259426848,0.9996482412060301,405.69321130006574,37,200
0.00015082956259426848,0.6,0.3333333333333333,0.6666666666666666,0.6,0.25,6,19887,3,4,0.6,0.00015082956259426848,0.9996482412060301,405.69321130006574,37,200
0.00015082956259426848,0.7,0.3,0.7,0.7,0.3,7,19887,3,3,0.7,0.00015082956259426848,0.9996984924623116,405.69321130006574,37,200
0.00015082956259426848,0.7,0.3,0.7,0.7,0.35,7,19887,3,3,0.7,0.00015082956259426848,0.9996984924623116,405.69321130006574,37,200
0.00015082956259426848,0.7,0.3,0.7,0.7,0.4,7,19887,3,3,0.7,0.00015082956259426848,0.9996984924623116,405.69321130006574,37,200
0.00020110608345902463,0.7,0.36363636363636365,0.6363636363636364,0.7,0.45,7,19886,4,3,0.7,0.00020110608345902463,0.9996482412060301,405.69321130006574,37,200
0.00025138260432378077,0.7,0.4166666666666667,0.5833333333333334,0.7,0.5,7,19885,5,3,0.7,0.00025138260432378077,0.9995979899497487,405.69321130006574,37,200
0.00025138260432378077,0.7,0.4166666666666667,0.5833333333333334,0.7,0.55,7,19885,5,3,0.7,0.00025138260432378077,0.9995979899497487,405.69321130006574,37,200
0.0005530417295123177,0.7,0.6111111111111112,0.3888888888888889,0.7,0.6,7,19879,11,3,0.7,0.0005530417295123177,0.9992964824120603,405.69321130006574,37,200
0.0005530417295123177,0.7,0.6111111111111112,0.3888888888888889,0.7,0.65,7,19879,11,3,0.7,0.0005530417295123177,0.9992964824120603,405.69321130006574,37,200
0.0005530417295123177,0.7,0.6111111111111112,0.3888888888888889,0.7,0.7,7,19879,11,3,0.7,0.0005530417295123177,0.9992964824120603,405.69321130006574,37,200
0.0006033182503770739,0.7,0.631578947368421,0.3684210526315789,0.7,0.75,7,19878,12,3,0.7,0.0006033182503770739,0.9992462311557789,405.69321130006574,37,200
0.0007541478129713424,0.8,0.6521739130434783,0.34782608695652173,0.8,0.8,8,19875,15,2,0.8,0.0007541478129713424,0.999145728643216,405.69321130006574,37,200
0.001005530417295123,0.8,0.7142857142857143,0.2857142857142857,0.8,0.85,8,19870,20,2,0.8,0.001005530417295123,0.9988944723618091,405.69321130006574,37,200
0.0013574660633484162,0.8,0.7714285714285715,0.22857142857142856,0.8,0.9,8,19863,27,2,0.8,0.0013574660633484162,0.9985427135678392,405.69321130006574,37,200
0.0047762694821518355,0.9,0.9134615384615384,0.08653846153846154,0.9,0.95,9,19795,95,1,0.9,0.0047762694821518355,0.9951758793969849,405.69321130006574,37,200
0.9963298139768728,1.0,0.999495637262319,0.0005043627376809402,1.0,1.0,10,73,19817,0,1.0,0.9963298139768728,0.004170854271356784,405.69321130006574,37,200
5.0276520864756156e-05,0.1,0.5,0.5,0.1,0.05,1,19889,1,9,0.1,5.0276520864756156e-05,0.9994974874371859,403.0017633999232,38,200
5.0276520864756156e-05,0.1,0.5,0.5,0.1,0.1,1,19889,1,9,0.1,5.0276520864756156e-05,0.9994974874371859,403.0017633999232,38,200
5.0276520864756156e-05,0.1,0.5,0.5,0.1,0.15,1,19889,1,9,0.1,5.0276520864756156e-05,0.9994974874371859,403.0017633999232,38,200
0.00010055304172951231,0.1,0.6666666666666666,0.3333333333333333,0.1,0.2,1,19888,2,9,0.1,0.00010055304172951231,0.9994472361809045,403.0017633999232,38,200
0.00010055304172951231,0.1,0.6666666666666666,0.3333333333333333,0.1,0.25,1,19888,2,9,0.1,0.00010055304172951231,0.9994472361809045,403.0017633999232,38,200
0.00015082956259426848,0.2,0.6,0.4,0.2,0.3,2,19887,3,8,0.2,0.00015082956259426848,0.9994472361809045,403.0017633999232,38,200
0.00045248868778280545,0.2,0.8181818181818182,0.18181818181818182,0.2,0.35,2,19881,9,8,0.2,0.00045248868778280545,0.999145728643216,403.0017633999232,38,200
0.00045248868778280545,0.2,0.8181818181818182,0.18181818181818182,0.2,0.4,2,19881,9,8,0.2,0.00045248868778280545,0.999145728643216,403.0017633999232,38,200
0.0011563599798893917,0.4,0.8518518518518519,0.14814814814814814,0.4,0.45,4,19867,23,6,0.4,0.0011563599798893917,0.9985427135678392,403.0017633999232,38,200
0.001608848667672197,0.5,0.8648648648648649,0.13513513513513514,0.5,0.5,5,19858,32,5,0.5,0.001608848667672197,0.998140703517588,403.0017633999232,38,200
0.0017596782302664656,0.5,0.875,0.125,0.5,0.55,5,19855,35,5,0.5,0.0017596782302664656,0.9979899497487437,403.0017633999232,38,200
0.00196078431372549,0.5,0.8863636363636364,0.11363636363636363,0.5,0.6,5,19851,39,5,0.5,0.00196078431372549,0.9977889447236181,403.0017633999232,38,200
0.0030165912518853697,0.5,0.9230769230769231,0.07692307692307693,0.5,0.65,5,19830,60,5,0.5,0.0030165912518853697,0.9967336683417085,403.0017633999232,38,200
0.003971845148315736,0.6,0.9294117647058824,0.07058823529411765,0.6,0.7,6,19811,79,4,0.6,0.003971845148315736,0.9958291457286432,403.0017633999232,38,200
0.004223227752639517,0.6,0.9333333333333333,0.06666666666666667,0.6,0.75,6,19806,84,4,0.6,0.004223227752639517,0.9955778894472361,403.0017633999232,38,200
0.008345902463549522,0.6,0.9651162790697675,0.03488372093023256,0.6,0.8,6,19724,166,4,0.6,0.008345902463549522,0.9914572864321608,403.0017633999232,38,200
0.021015585721468076,0.8,0.9812206572769953,0.018779342723004695,0.8,0.85,8,19472,418,2,0.8,0.021015585721468076,0.978894472361809,403.0017633999232,38,200
0.05842131724484666,0.8,0.9931623931623932,0.006837606837606838,0.8,0.9,8,18728,1162,2,0.8,0.05842131724484666,0.9415075376884422,403.0017633999232,38,200
0.22403217697335345,0.9,0.9979843225083986,0.002015677491601344,0.9,0.95,9,15434,4456,1,0.9,0.22403217697335345,0.7760301507537688,403.0017633999232,38,200
0.9985419808949221,1.0,0.999496754063711,0.0005032459362890644,1.0,1.0,10,29,19861,0,1.0,0.9985419808949221,0.001959798994974874,403.0017633999232,38,200
0.0,0.0,0.0,,0.0,0.05,0,19890,0,10,0.0,0.0,0.9994974874371859,405.6601373000303,39,200
0.0,0.1,0.0,1.0,0.1,0.1,1,19890,0,9,0.1,0.0,0.9995477386934674,405.6601373000303,39,200
0.0,0.1,0.0,1.0,0.1,0.15,1,19890,0,9,0.1,0.0,0.9995477386934674,405.6601373000303,39,200
0.0,0.1,0.0,1.0,0.1,0.2,1,19890,0,9,0.1,0.0,0.9995477386934674,405.6601373000303,39,200
0.0,0.1,0.0,1.0,0.1,0.25,1,19890,0,9,0.1,0.0,0.9995477386934674,405.6601373000303,39,200
0.0,0.1,0.0,1.0,0.1,0.3,1,19890,0,9,0.1,0.0,0.9995477386934674,405.6601373000303,39,200
0.0,0.1,0.0,1.0,0.1,0.35,1,19890,0,9,0.1,0.0,0.9995477386934674,405.6601373000303,39,200
0.0,0.1,0.0,1.0,0.1,0.4,1,19890,0,9,0.1,0.0,0.9995477386934674,405.6601373000303,39,200
0.00015082956259426848,0.2,0.6,0.4,0.2,0.45,2,19887,3,8,0.2,0.00015082956259426848,0.9994472361809045,405.6601373000303,39,200
0.00020110608345902463,0.2,0.6666666666666666,0.3333333333333333,0.2,0.5,2,19886,4,8,0.2,0.00020110608345902463,0.9993969849246231,405.6601373000303,39,200
0.00025138260432378077,0.2,0.7142857142857143,0.2857142857142857,0.2,0.55,2,19885,5,8,0.2,0.00025138260432378077,0.9993467336683417,405.6601373000303,39,200
0.00025138260432378077,0.2,0.7142857142857143,0.2857142857142857,0.2,0.6,2,19885,5,8,0.2,0.00025138260432378077,0.9993467336683417,405.6601373000303,39,200
0.00025138260432378077,0.2,0.7142857142857143,0.2857142857142857,0.2,0.65,2,19885,5,8,0.2,0.00025138260432378077,0.9993467336683417,405.6601373000303,39,200
0.00025138260432378077,0.2,0.7142857142857143,0.2857142857142857,0.2,0.7,2,19885,5,8,0.2,0.00025138260432378077,0.9993467336683417,405.6601373000303,39,200
0.00025138260432378077,0.2,0.7142857142857143,0.2857142857142857,0.2,0.75,2,19885,5,8,0.2,0.00025138260432378077,0.9993467336683417,405.6601373000303,39,200
0.00025138260432378077,0.2,0.7142857142857143,0.2857142857142857,0.2,0.8,2,19885,5,8,0.2,0.00025138260432378077,0.9993467336683417,405.6601373000303,39,200
0.0007038712921065862,0.4,0.7777777777777778,0.2222222222222222,0.4,0.85,4,19876,14,6,0.4,0.0007038712921065862,0.9989949748743718,405.6601373000303,39,200
0.0012066365007541479,0.4,0.8571428571428571,0.14285714285714285,0.4,0.9,4,19866,24,6,0.4,0.0012066365007541479,0.9984924623115577,405.6601373000303,39,200
0.011764705882352941,0.7,0.970954356846473,0.029045643153526972,0.7,0.95,7,19656,234,3,0.7,0.011764705882352941,0.9880904522613065,405.6601373000303,39,200
0.9981900452488688,1.0,0.9994965767217077,0.0005034232782923883,1.0,1.0,10,36,19854,0,1.0,0.9981900452488688,0.0023115577889447235,405.6601373000303,39,200
0.0,0.1,0.0,1.0,0.1,0.05,1,19890,0,9,0.1,0.0,0.9995477386934674,404.855384399998,40,200
0.0,0.1,0.0,1.0,0.1,0.1,1,19890,0,9,0.1,0.0,0.9995477386934674,404.855384399998,40,200
0.0,0.1,0.0,1.0,0.1,0.15,1,19890,0,9,0.1,0.0,0.9995477386934674,404.855384399998,40,200
0.0,0.1,0.0,1.0,0.1,0.2,1,19890,0,9,0.1,0.0,0.9995477386934674,404.855384399998,40,200
0.0,0.1,0.0,1.0,0.1,0.25,1,19890,0,9,0.1,0.0,0.9995477386934674,404.855384399998,40,200
0.0,0.1,0.0,1.0,0.1,0.3,1,19890,0,9,0.1,0.0,0.9995477386934674,404.855384399998,40,200
0.0,0.1,0.0,1.0,0.1,0.35,1,19890,0,9,0.1,0.0,0.9995477386934674,404.855384399998,40,200
0.00010055304172951231,0.2,0.5,0.5,0.2,0.4,2,19888,2,8,0.2,0.00010055304172951231,0.9994974874371859,404.855384399998,40,200
0.00010055304172951231,0.2,0.5,0.5,0.2,0.45,2,19888,2,8,0.2,0.00010055304172951231,0.9994974874371859,404.855384399998,40,200
0.00010055304172951231,0.2,0.5,0.5,0.2,0.5,2,19888,2,8,0.2,0.00010055304172951231,0.9994974874371859,404.855384399998,40,200
0.00015082956259426848,0.5,0.375,0.625,0.5,0.55,5,19887,3,5,0.5,0.00015082956259426848,0.9995979899497487,404.855384399998,40,200
0.0048265460030165915,0.5,0.9504950495049505,0.04950495049504951,0.5,0.6,5,19794,96,5,0.5,0.0048265460030165915,0.9949246231155779,404.855384399998,40,200
0.006737053795877326,0.6,0.9571428571428572,0.04285714285714286,0.6,0.65,6,19756,134,4,0.6,0.006737053795877326,0.9930653266331658,404.855384399998,40,200
0.010105580693815988,0.6,0.9710144927536232,0.028985507246376812,0.6,0.7,6,19689,201,4,0.6,0.010105580693815988,0.9896984924623116,404.855384399998,40,200
0.017043740573152336,0.7,0.9797687861271677,0.02023121387283237,0.7,0.75,7,19551,339,3,0.7,0.017043740573152336,0.9828140703517588,404.855384399998,40,200
0.03459024635495224,0.8,0.9885057471264368,0.011494252873563218,0.8,0.8,8,19202,688,2,0.8,0.03459024635495224,0.9653266331658291,404.855384399998,40,200
0.05032679738562092,0.9,0.9910891089108911,0.00891089108910891,0.9,0.85,9,18889,1001,1,0.9,0.05032679738562092,0.9496482412060302,404.855384399998,40,200
0.13755656108597286,1.0,0.9963583394027676,0.003641660597232338,1.0,0.9,10,17154,2736,0,1.0,0.13755656108597286,0.8625125628140704,404.855384399998,40,200
0.2928104575163399,1.0,0.9982859101816935,0.0017140898183064792,1.0,0.95,10,14066,5824,0,1.0,0.2928104575163399,0.7073366834170854,404.855384399998,40,200
0.9988436400201106,1.0,0.9994969059717261,0.0005030940282738844,1.0,1.0,10,23,19867,0,1.0,0.9988436400201106,0.0016582914572864321,404.855384399998,40,200
0.0,0.0,0.0,,0.0,0.05,0,19890,0,10,0.0,0.0,0.9994974874371859,405.07674899999984,41,200
0.0,0.0,0.0,,0.0,0.1,0,19890,0,10,0.0,0.0,0.9994974874371859,405.07674899999984,41,200
0.0,0.1,0.0,1.0,0.1,0.15,1,19890,0,9,0.1,0.0,0.9995477386934674,405.07674899999984,41,200
0.0,0.2,0.0,1.0,0.2,0.2,2,19890,0,8,0.2,0.0,0.9995979899497487,405.07674899999984,41,200
5.0276520864756156e-05,0.4,0.2,0.8,0.4,0.25,4,19889,1,6,0.4,5.0276520864756156e-05,0.9996482412060301,405.07674899999984,41,200
0.00010055304172951231,0.4,0.3333333333333333,0.6666666666666666,0.4,0.3,4,19888,2,6,0.4,0.00010055304172951231,0.9995979899497487,405.07674899999984,41,200
0.00010055304172951231,0.4,0.3333333333333333,0.6666666666666666,0.4,0.35,4,19888,2,6,0.4,0.00010055304172951231,0.9995979899497487,405.07674899999984,41,200
0.00010055304172951231,0.4,0.3333333333333333,0.6666666666666666,0.4,0.4,4,19888,2,6,0.4,0.00010055304172951231,0.9995979899497487,405.07674899999984,41,200
0.00040221216691804925,0.4,0.6666666666666666,0.3333333333333333,0.4,0.45,4,19882,8,6,0.4,0.00040221216691804925,0.9992964824120603,405.07674899999984,41,200
0.0005027652086475615,0.4,0.7142857142857143,0.2857142857142857,0.4,0.5,4,19880,10,6,0.4,0.0005027652086475615,0.9991959798994975,405.07674899999984,41,200
0.0005027652086475615,0.4,0.7142857142857143,0.2857142857142857,0.4,0.55,4,19880,10,6,0.4,0.0005027652086475615,0.9991959798994975,405.07674899999984,41,200
0.00065359477124183,0.4,0.7647058823529411,0.23529411764705882,0.4,0.6,4,19877,13,6,0.4,0.00065359477124183,0.9990452261306533,405.07674899999984,41,200
0.0008547008547008547,0.4,0.8095238095238095,0.19047619047619047,0.4,0.65,4,19873,17,6,0.4,0.0008547008547008547,0.9988442211055276,405.07674899999984,41,200
0.0008547008547008547,0.4,0.8095238095238095,0.19047619047619047,0.4,0.7,4,19873,17,6,0.4,0.0008547008547008547,0.9988442211055276,405.07674899999984,41,200
0.001005530417295123,0.4,0.8333333333333334,0.16666666666666666,0.4,0.75,4,19870,20,6,0.4,0.001005530417295123,0.9986934673366834,405.07674899999984,41,200
0.0023127199597787833,0.5,0.9019607843137255,0.09803921568627451,0.5,0.8,5,19844,46,5,0.5,0.0023127199597787833,0.9974371859296483,405.07674899999984,41,200
0.004122674710910005,0.5,0.9425287356321839,0.05747126436781609,0.5,0.85,5,19808,82,5,0.5,0.004122674710910005,0.9956281407035176,405.07674899999984,41,200
0.07943690296631473,0.9,0.9943360604153556,0.005663939584644431,0.9,0.9,9,18310,1580,1,0.9,0.07943690296631473,0.9205527638190955,405.07674899999984,41,200
0.25384615384615383,1.0,0.9980233247677407,0.0019766752322593396,1.0,0.95,10,14841,5049,0,1.0,0.25384615384615383,0.7462814070351759,405.07674899999984,41,200
0.9985922574157868,1.0,0.9994967793880838,0.000503220611916264,1.0,1.0,10,28,19862,0,1.0,0.9985922574157868,0.0019095477386934674,405.07674899999984,41,200
0.0,0.4,0.0,1.0,0.4,0.05,4,19890,0,6,0.4,0.0,0.9996984924623116,474.22912659996655,42,200
0.00020110608345902463,0.4,0.5,0.5,0.4,0.1,4,19886,4,6,0.4,0.00020110608345902463,0.9994974874371859,474.22912659996655,42,200
0.00020110608345902463,0.4,0.5,0.5,0.4,0.15,4,19886,4,6,0.4,0.00020110608345902463,0.9994974874371859,474.22912659996655,42,200
0.00020110608345902463,0.4,0.5,0.5,0.4,0.2,4,19886,4,6,0.4,0.00020110608345902463,0.9994974874371859,474.22912659996655,42,200
0.00020110608345902463,0.4,0.5,0.5,0.4,0.25,4,19886,4,6,0.4,0.00020110608345902463,0.9994974874371859,474.22912659996655,42,200
0.00020110608345902463,0.4,0.5,0.5,0.4,0.3,4,19886,4,6,0.4,0.00020110608345902463,0.9994974874371859,474.22912659996655,42,200
0.00025138260432378077,0.4,0.5555555555555556,0.4444444444444444,0.4,0.35,4,19885,5,6,0.4,0.00025138260432378077,0.9994472361809045,474.22912659996655,42,200
0.00025138260432378077,0.4,0.5555555555555556,0.4444444444444444,0.4,0.4,4,19885,5,6,0.4,0.00025138260432378077,0.9994472361809045,474.22912659996655,42,200
0.00025138260432378077,0.4,0.5555555555555556,0.4444444444444444,0.4,0.45,4,19885,5,6,0.4,0.00025138260432378077,0.9994472361809045,474.22912659996655,42,200
0.00025138260432378077,0.4,0.5555555555555556,0.4444444444444444,0.4,0.5,4,19885,5,6,0.4,0.00025138260432378077,0.9994472361809045,474.22912659996655,42,200
0.0007038712921065862,0.4,0.7777777777777778,0.2222222222222222,0.4,0.55,4,19876,14,6,0.4,0.0007038712921065862,0.9989949748743718,474.22912659996655,42,200
0.001005530417295123,0.4,0.8333333333333334,0.16666666666666666,0.4,0.6,4,19870,20,6,0.4,0.001005530417295123,0.9986934673366834,474.22912659996655,42,200
0.0027149321266968325,0.5,0.9152542372881356,0.0847457627118644,0.5,0.65,5,19836,54,5,0.5,0.0027149321266968325,0.9970351758793969,474.22912659996655,42,200
0.002815485168426345,0.5,0.9180327868852459,0.08196721311475409,0.5,0.7,5,19834,56,5,0.5,0.002815485168426345,0.9969346733668342,474.22912659996655,42,200
0.0034690799396681748,0.6,0.92,0.08,0.6,0.75,6,19821,69,4,0.6,0.0034690799396681748,0.9963316582914573,474.22912659996655,42,200
0.0047762694821518355,0.7,0.9313725490196079,0.06862745098039216,0.7,0.8,7,19795,95,3,0.7,0.0047762694821518355,0.9950753768844222,474.22912659996655,42,200
0.005530417295123178,0.7,0.9401709401709402,0.05982905982905983,0.7,0.85,7,19780,110,3,0.7,0.005530417295123178,0.994321608040201,474.22912659996655,42,200
0.052438411261940675,0.8,0.9923882017126546,0.007611798287345386,0.8,0.9,8,18847,1043,2,0.8,0.052438411261940675,0.9474874371859296,474.22912659996655,42,200
0.14514831573655104,0.9,0.9968922651933702,0.003107734806629834,0.9,0.95,9,17003,2887,1,0.9,0.14514831573655104,0.8548743718592965,474.22912659996655,42,200
0.9963298139768728,1.0,0.999495637262319,0.0005043627376809402,1.0,1.0,10,73,19817,0,1.0,0.9963298139768728,0.004170854271356784,474.22912659996655,42,200
0.0,0.4,0.0,1.0,0.4,0.05,4,19890,0,6,0.4,0.0,0.9996984924623116,452.31179329997394,43,200
0.0,0.5,0.0,1.0,0.5,0.1,5,19890,0,5,0.5,0.0,0.999748743718593,452.31179329997394,43,200
0.00015082956259426848,0.5,0.375,0.625,0.5,0.15,5,19887,3,5,0.5,0.00015082956259426848,0.9995979899497487,452.31179329997394,43,200
0.00015082956259426848,0.5,0.375,0.625,0.5,0.2,5,19887,3,5,0.5,0.00015082956259426848,0.9995979899497487,452.31179329997394,43,200
0.00015082956259426848,0.5,0.375,0.625,0.5,0.25,5,19887,3,5,0.5,0.00015082956259426848,0.9995979899497487,452.31179329997394,43,200
0.00015082956259426848,0.5,0.375,0.625,0.5,0.3,5,19887,3,5,0.5,0.00015082956259426848,0.9995979899497487,452.31179329997394,43,200
0.00025138260432378077,0.5,0.5,0.5,0.5,0.35,5,19885,5,5,0.5,0.00025138260432378077,0.9994974874371859,452.31179329997394,43,200
0.00025138260432378077,0.5,0.5,0.5,0.5,0.4,5,19885,5,5,0.5,0.00025138260432378077,0.9994974874371859,452.31179329997394,43,200
0.00025138260432378077,0.5,0.5,0.5,0.5,0.45,5,19885,5,5,0.5,0.00025138260432378077,0.9994974874371859,452.31179329997394,43,200
0.00030165912518853697,0.5,0.5454545454545454,0.45454545454545453,0.5,0.5,5,19884,6,5,0.5,0.00030165912518853697,0.9994472361809045,452.31179329997394,43,200
0.001005530417295123,0.6,0.7692307692307693,0.23076923076923078,0.6,0.55,6,19870,20,4,0.6,0.001005530417295123,0.9987939698492462,452.31179329997394,43,200
0.0012066365007541479,0.6,0.8,0.2,0.6,0.6,6,19866,24,4,0.6,0.0012066365007541479,0.9985929648241206,452.31179329997394,43,200
0.004172951231774761,0.6,0.9325842696629213,0.06741573033707865,0.6,0.65,6,19807,83,4,0.6,0.004172951231774761,0.9956281407035176,452.31179329997394,43,200
0.019808949220713926,0.8,0.9800995024875622,0.01990049751243781,0.8,0.7,8,19496,394,2,0.8,0.019808949220713926,0.9801005025125629,452.31179329997394,43,200
0.028808446455505277,0.8,0.9862306368330465,0.013769363166953529,0.8,0.75,8,19317,573,2,0.8,0.028808446455505277,0.9711055276381909,452.31179329997394,43,200
0.04972347913524384,0.8,0.9919759277833501,0.00802407221664995,0.8,0.8,8,18901,989,2,0.8,0.04972347913524384,0.9502010050251256,452.31179329997394,43,200
0.10276520864756158,0.9,0.9956161714564052,0.00438382854359474,0.9,0.85,9,17846,2044,1,0.9,0.10276520864756158,0.8972361809045226,452.31179329997394,43,200
0.16732026143790849,1.0,0.9970041941282205,0.0029958058717795086,1.0,0.9,10,16562,3328,0,1.0,0.16732026143790849,0.8327638190954774,452.31179329997394,43,200
0.40693815987933635,1.0,0.9987660414610069,0.0012339585389930898,1.0,0.95,10,11796,8094,0,1.0,0.40693815987933635,0.5932663316582915,452.31179329997394,43,200
0.9984414278531926,1.0,0.9994967034073179,0.0005032965926820676,1.0,1.0,10,31,19859,0,1.0,0.9984414278531926,0.0020603015075376886,452.31179329997394,43,200
0.0,0.4,0.0,1.0,0.4,0.05,4,19890,0,6,0.4,0.0,0.9996984924623116,450.67877120000776,44,200
0.0,0.4,0.0,1.0,0.4,0.1,4,19890,0,6,0.4,0.0,0.9996984924623116,450.67877120000776,44,200
0.00010055304172951231,0.4,0.3333333333333333,0.6666666666666666,0.4,0.15,4,19888,2,6,0.4,0.00010055304172951231,0.9995979899497487,450.67877120000776,44,200
0.00010055304172951231,0.4,0.3333333333333333,0.6666666666666666,0.4,0.2,4,19888,2,6,0.4,0.00010055304172951231,0.9995979899497487,450.67877120000776,44,200
0.00010055304172951231,0.4,0.3333333333333333,0.6666666666666666,0.4,0.25,4,19888,2,6,0.4,0.00010055304172951231,0.9995979899497487,450.67877120000776,44,200
0.00010055304172951231,0.4,0.3333333333333333,0.6666666666666666,0.4,0.3,4,19888,2,6,0.4,0.00010055304172951231,0.9995979899497487,450.67877120000776,44,200
0.0005530417295123177,0.4,0.7333333333333333,0.26666666666666666,0.4,0.35,4,19879,11,6,0.4,0.0005530417295123177,0.999145728643216,450.67877120000776,44,200
0.0005530417295123177,0.4,0.7333333333333333,0.26666666666666666,0.4,0.4,4,19879,11,6,0.4,0.0005530417295123177,0.999145728643216,450.67877120000776,44,200
0.0005530417295123177,0.4,0.7333333333333333,0.26666666666666666,0.4,0.45,4,19879,11,6,0.4,0.0005530417295123177,0.999145728643216,450.67877120000776,44,200
0.0005530417295123177,0.4,0.7333333333333333,0.26666666666666666,0.4,0.5,4,19879,11,6,0.4,0.0005530417295123177,0.999145728643216,450.67877120000776,44,200
0.0008547008547008547,0.4,0.8095238095238095,0.19047619047619047,0.4,0.55,4,19873,17,6,0.4,0.0008547008547008547,0.9988442211055276,450.67877120000776,44,200
0.0010558069381598793,0.4,0.84,0.16,0.4,0.6,4,19869,21,6,0.4,0.0010558069381598793,0.998643216080402,450.67877120000776,44,200
0.0010558069381598793,0.4,0.84,0.16,0.4,0.65,4,19869,21,6,0.4,0.0010558069381598793,0.998643216080402,450.67877120000776,44,200
0.0017596782302664656,0.4,0.8974358974358975,0.10256410256410256,0.4,0.7,4,19855,35,6,0.4,0.0017596782302664656,0.9979396984924623,450.67877120000776,44,200
0.002765208647561589,0.5,0.9166666666666666,0.08333333333333333,0.5,0.75,5,19835,55,5,0.5,0.002765208647561589,0.9969849246231156,450.67877120000776,44,200
0.002815485168426345,0.5,0.9180327868852459,0.08196721311475409,0.5,0.8,5,19834,56,5,0.5,0.002815485168426345,0.9969346733668342,450.67877120000776,44,200
0.010055304172951232,0.5,0.975609756097561,0.024390243902439025,0.5,0.85,5,19690,200,5,0.5,0.010055304172951232,0.9896984924623116,450.67877120000776,44,200
0.022423328305681247,0.7,0.9845474613686535,0.01545253863134658,0.7,0.9,7,19444,446,3,0.7,0.022423328305681247,0.9774371859296482,450.67877120000776,44,200
0.14268476621417797,0.8,0.9971890372452565,0.0028109627547434997,0.8,0.95,8,17052,2838,2,0.8,0.14268476621417797,0.857286432160804,450.67877120000776,44,200
0.9985922574157868,1.0,0.9994967793880838,0.000503220611916264,1.0,1.0,10,28,19862,0,1.0,0.9985922574157868,0.0019095477386934674,450.67877120000776,44,200
0.0,0.2,0.0,1.0,0.2,0.05,2,19890,0,8,0.2,0.0,0.9995979899497487,441.2299004000379,45,200
0.0,0.3,0.0,1.0,0.3,0.1,3,19890,0,7,0.3,0.0,0.9996482412060301,441.2299004000379,45,200
0.0,0.4,0.0,1.0,0.4,0.15,4,19890,0,6,0.4,0.0,0.9996984924623116,441.2299004000379,45,200
0.0,0.4,0.0,1.0,0.4,0.2,4,19890,0,6,0.4,0.0,0.9996984924623116,441.2299004000379,45,200
0.00020110608345902463,0.4,0.5,0.5,0.4,0.25,4,19886,4,6,0.4,0.00020110608345902463,0.9994974874371859,441.2299004000379,45,200
0.00020110608345902463,0.4,0.5,0.5,0.4,0.3,4,19886,4,6,0.4,0.00020110608345902463,0.9994974874371859,441.2299004000379,45,200
0.00025138260432378077,0.5,0.5,0.5,0.5,0.35,5,19885,5,5,0.5,0.00025138260432378077,0.9994974874371859,441.2299004000379,45,200
0.00025138260432378077,0.5,0.5,0.5,0.5,0.4,5,19885,5,5,0.5,0.00025138260432378077,0.9994974874371859,441.2299004000379,45,200
0.00025138260432378077,0.5,0.5,0.5,0.5,0.45,5,19885,5,5,0.5,0.00025138260432378077,0.9994974874371859,441.2299004000379,45,200
0.000955253896430367,0.5,0.7916666666666666,0.20833333333333334,0.5,0.5,5,19871,19,5,0.5,0.000955253896430367,0.9987939698492462,441.2299004000379,45,200
0.001005530417295123,0.5,0.8,0.2,0.5,0.55,5,19870,20,5,0.5,0.001005530417295123,0.9987437185929648,441.2299004000379,45,200
0.002513826043237808,0.6,0.8928571428571429,0.10714285714285714,0.6,0.6,6,19840,50,4,0.6,0.002513826043237808,0.997286432160804,441.2299004000379,45,200
0.004675716440422323,0.7,0.93,0.07,0.7,0.65,7,19797,93,3,0.7,0.004675716440422323,0.9951758793969849,441.2299004000379,45,200
0.011060834590246356,0.7,0.9691629955947136,0.030837004405286344,0.7,0.7,7,19670,220,3,0.7,0.011060834590246356,0.9887939698492463,441.2299004000379,45,200
0.013725490196078431,0.7,0.975,0.025,0.7,0.75,7,19617,273,3,0.7,0.013725490196078431,0.9861306532663316,441.2299004000379,45,200
0.020110608345902465,0.7,0.9828009828009828,0.0171990171990172,0.7,0.8,7,19490,400,3,0.7,0.020110608345902465,0.979748743718593,441.2299004000379,45,200
0.05409753645047763,0.8,0.992619926199262,0.007380073800738007,0.8,0.85,8,18814,1076,2,0.8,0.05409753645047763,0.9458291457286432,441.2299004000379,45,200
0.0820010055304173,0.8,0.9951189749847468,0.004881025015253203,0.8,0.9,8,18259,1631,2,0.8,0.0820010055304173,0.9179396984924623,441.2299004000379,45,200
0.3521870286576169,0.9,0.9987168520102652,0.0012831479897348161,0.9,0.95,9,12885,7005,1,0.9,0.3521870286576169,0.6479396984924624,441.2299004000379,45,200
0.9982403217697335,1.0,0.9994966020639315,0.0005033979360684622,1.0,1.0,10,35,19855,0,1.0,0.9982403217697335,0.0022613065326633165,441.2299004000379,45,200
0.0,0.4,0.0,1.0,0.4,0.05,4,19890,0,6,0.4,0.0,0.9996984924623116,448.3674638000084,46,200
0.0,0.4,0.0,1.0,0.4,0.1,4,19890,0,6,0.4,0.0,0.9996984924623116,448.3674638000084,46,200
0.0,0.4,0.0,1.0,0.4,0.15,4,19890,0,6,0.4,0.0,0.9996984924623116,448.3674638000084,46,200
5.0276520864756156e-05,0.4,0.2,0.8,0.4,0.2,4,19889,1,6,0.4,5.0276520864756156e-05,0.9996482412060301,448.3674638000084,46,200
5.0276520864756156e-05,0.4,0.2,0.8,0.4,0.25,4,19889,1,6,0.4,5.0276520864756156e-05,0.9996482412060301,448.3674638000084,46,200
0.00010055304172951231,0.4,0.3333333333333333,0.6666666666666666,0.4,0.3,4,19888,2,6,0.4,0.00010055304172951231,0.9995979899497487,448.3674638000084,46,200
0.00010055304172951231,0.5,0.2857142857142857,0.7142857142857143,0.5,0.35,5,19888,2,5,0.5,0.00010055304172951231,0.9996482412060301,448.3674638000084,46,200
0.00015082956259426848,0.5,0.375,0.625,0.5,0.4,5,19887,3,5,0.5,0.00015082956259426848,0.9995979899497487,448.3674638000084,46,200
0.00015082956259426848,0.5,0.375,0.625,0.5,0.45,5,19887,3,5,0.5,0.00015082956259426848,0.9995979899497487,448.3674638000084,46,200
0.00015082956259426848,0.5,0.375,0.625,0.5,0.5,5,19887,3,5,0.5,0.00015082956259426848,0.9995979899497487,448.3674638000084,46,200
0.00015082956259426848,0.5,0.375,0.625,0.5,0.55,5,19887,3,5,0.5,0.00015082956259426848,0.9995979899497487,448.3674638000084,46,200
0.00030165912518853697,0.5,0.5454545454545454,0.45454545454545453,0.5,0.6,5,19884,6,5,0.5,0.00030165912518853697,0.9994472361809045,448.3674638000084,46,200
0.0005530417295123177,0.5,0.6875,0.3125,0.5,0.65,5,19879,11,5,0.5,0.0005530417295123177,0.9991959798994975,448.3674638000084,46,200
0.0007038712921065862,0.5,0.7368421052631579,0.2631578947368421,0.5,0.7,5,19876,14,5,0.5,0.0007038712921065862,0.9990452261306533,448.3674638000084,46,200
0.0008044243338360985,0.5,0.7619047619047619,0.23809523809523808,0.5,0.75,5,19874,16,5,0.5,0.0008044243338360985,0.9989447236180905,448.3674638000084,46,200
0.009451985922574157,0.6,0.9690721649484536,0.030927835051546393,0.6,0.8,6,19702,188,4,0.6,0.009451985922574157,0.9903517587939699,448.3674638000084,46,200
0.009904474610356963,0.6,0.9704433497536946,0.029556650246305417,0.6,0.85,6,19693,197,4,0.6,0.009904474610356963,0.9898994974874372,448.3674638000084,46,200
0.012669683257918552,0.6,0.9767441860465116,0.023255813953488372,0.6,0.9,6,19638,252,4,0.6,0.012669683257918552,0.9871356783919598,448.3674638000084,46,200
0.05475113122171946,0.9,0.9918032786885246,0.00819672131147541,0.9,0.95,9,18801,1089,1,0.9,0.05475113122171946,0.9452261306532663,448.3674638000084,46,200
0.9950729009552539,1.0,0.9994950005049995,0.000504999495000505,1.0,1.0,10,98,19792,0,1.0,0.9950729009552539,0.005427135678391959,448.3674638000084,46,200
0.0,0.4,0.0,1.0,0.4,0.05,4,19890,0,6,0.4,0.0,0.9996984924623116,441.2114719999954,47,200
0.0,0.4,0.0,1.0,0.4,0.1,4,19890,0,6,0.4,0.0,0.9996984924623116,441.2114719999954,47,200
0.0,0.5,0.0,1.0,0.5,0.15,5,19890,0,5,0.5,0.0,0.999748743718593,441.2114719999954,47,200
0.00010055304172951231,0.5,0.2857142857142857,0.7142857142857143,0.5,0.2,5,19888,2,5,0.5,0.00010055304172951231,0.9996482412060301,441.2114719999954,47,200
0.00025138260432378077,0.5,0.5,0.5,0.5,0.25,5,19885,5,5,0.5,0.00025138260432378077,0.9994974874371859,441.2114719999954,47,200
0.00030165912518853697,0.5,0.5454545454545454,0.45454545454545453,0.5,0.3,5,19884,6,5,0.5,0.00030165912518853697,0.9994472361809045,441.2114719999954,47,200
0.00030165912518853697,0.5,0.5454545454545454,0.45454545454545453,0.5,0.35,5,19884,6,5,0.5,0.00030165912518853697,0.9994472361809045,441.2114719999954,47,200
0.00030165912518853697,0.5,0.5454545454545454,0.45454545454545453,0.5,0.4,5,19884,6,5,0.5,0.00030165912518853697,0.9994472361809045,441.2114719999954,47,200
0.0006033182503770739,0.5,0.7058823529411765,0.29411764705882354,0.5,0.45,5,19878,12,5,0.5,0.0006033182503770739,0.999145728643216,441.2114719999954,47,200
0.0007038712921065862,0.5,0.7368421052631579,0.2631578947368421,0.5,0.5,5,19876,14,5,0.5,0.0007038712921065862,0.9990452261306533,441.2114719999954,47,200
0.0007038712921065862,0.5,0.7368421052631579,0.2631578947368421,0.5,0.55,5,19876,14,5,0.5,0.0007038712921065862,0.9990452261306533,441.2114719999954,47,200
0.0008547008547008547,0.5,0.7727272727272727,0.22727272727272727,0.5,0.6,5,19873,17,5,0.5,0.0008547008547008547,0.9988944723618091,441.2114719999954,47,200
0.0008547008547008547,0.5,0.7727272727272727,0.22727272727272727,0.5,0.65,5,19873,17,5,0.5,0.0008547008547008547,0.9988944723618091,441.2114719999954,47,200
0.0008547008547008547,0.5,0.7727272727272727,0.22727272727272727,0.5,0.7,5,19873,17,5,0.5,0.0008547008547008547,0.9988944723618091,441.2114719999954,47,200
0.0026646556058320765,0.5,0.9137931034482759,0.08620689655172414,0.5,0.75,5,19837,53,5,0.5,0.0026646556058320765,0.9970854271356784,441.2114719999954,47,200
0.0047762694821518355,0.5,0.95,0.05,0.5,0.8,5,19795,95,5,0.5,0.0047762694821518355,0.9949748743718593,441.2114719999954,47,200
0.005982905982905983,0.6,0.952,0.048,0.6,0.85,6,19771,119,4,0.6,0.005982905982905983,0.9938190954773869,441.2114719999954,47,200
0.02503770739064857,0.7,0.9861386138613861,0.013861386138613862,0.7,0.9,7,19392,498,3,0.7,0.02503770739064857,0.974824120603015,441.2114719999954,47,200
0.08179989944695827,0.9,0.9944987775061125,0.005501222493887531,0.9,0.95,9,18263,1627,1,0.9,0.08179989944695827,0.9181909547738694,441.2114719999954,47,200
0.9946706887883359,1.0,0.9994947964029504,0.000505203597049611,1.0,1.0,10,106,19784,0,1.0,0.9946706887883359,0.005829145728643216,441.2114719999954,47,200
0.0,0.2,0.0,1.0,0.2,0.05,2,19890,0,8,0.2,0.0,0.9995979899497487,440.8672338000033,48,200
0.0,0.2,0.0,1.0,0.2,0.1,2,19890,0,8,0.2,0.0,0.9995979899497487,440.8672338000033,48,200
0.0,0.3,0.0,1.0,0.3,0.15,3,19890,0,7,0.3,0.0,0.9996482412060301,440.8672338000033,48,200
0.0,0.3,0.0,1.0,0.3,0.2,3,19890,0,7,0.3,0.0,0.9996482412060301,440.8672338000033,48,200
0.0,0.3,0.0,1.0,0.3,0.25,3,19890,0,7,0.3,0.0,0.9996482412060301,440.8672338000033,48,200
0.0,0.3,0.0,1.0,0.3,0.3,3,19890,0,7,0.3,0.0,0.9996482412060301,440.8672338000033,48,200
0.0,0.3,0.0,1.0,0.3,0.35,3,19890,0,7,0.3,0.0,0.9996482412060301,440.8672338000033,48,200
0.0,0.3,0.0,1.0,0.3,0.4,3,19890,0,7,0.3,0.0,0.9996482412060301,440.8672338000033,48,200
5.0276520864756156e-05,0.3,0.25,0.75,0.3,0.45,3,19889,1,7,0.3,5.0276520864756156e-05,0.9995979899497487,440.8672338000033,48,200
5.0276520864756156e-05,0.4,0.2,0.8,0.4,0.5,4,19889,1,6,0.4,5.0276520864756156e-05,0.9996482412060301,440.8672338000033,48,200
5.0276520864756156e-05,0.4,0.2,0.8,0.4,0.55,4,19889,1,6,0.4,5.0276520864756156e-05,0.9996482412060301,440.8672338000033,48,200
5.0276520864756156e-05,0.4,0.2,0.8,0.4,0.6,4,19889,1,6,0.4,5.0276520864756156e-05,0.9996482412060301,440.8672338000033,48,200
5.0276520864756156e-05,0.4,0.2,0.8,0.4,0.65,4,19889,1,6,0.4,5.0276520864756156e-05,0.9996482412060301,440.8672338000033,48,200
5.0276520864756156e-05,0.4,0.2,0.8,0.4,0.7,4,19889,1,6,0.4,5.0276520864756156e-05,0.9996482412060301,440.8672338000033,48,200
0.00130718954248366,0.8,0.7647058823529411,0.23529411764705882,0.8,0.75,8,19864,26,2,0.8,0.00130718954248366,0.9985929648241206,440.8672338000033,48,200
0.0014580191050779286,0.8,0.7837837837837838,0.21621621621621623,0.8,0.8,8,19861,29,2,0.8,0.0014580191050779286,0.9984422110552764,440.8672338000033,48,200
0.001910507792860734,0.8,0.8260869565217391,0.17391304347826086,0.8,0.85,8,19852,38,2,0.8,0.001910507792860734,0.9979899497487437,440.8672338000033,48,200
0.002161890397184515,0.8,0.8431372549019608,0.1568627450980392,0.8,0.9,8,19847,43,2,0.8,0.002161890397184515,0.9977386934673367,440.8672338000033,48,200
0.0024132730015082957,0.9,0.8421052631578947,0.15789473684210525,0.9,0.95,9,19842,48,1,0.9,0.0024132730015082957,0.997537688442211,440.8672338000033,48,200
0.998340874811463,1.0,0.9994966527407259,0.0005033472592741732,1.0,1.0,10,33,19857,0,1.0,0.998340874811463,0.0021608040201005025,440.8672338000033,48,200
0.00010055304172951231,0.5,0.2857142857142857,0.7142857142857143,0.5,0.05,5,19888,2,5,0.5,0.00010055304172951231,0.9996482412060301,447.4338032999076,49,200
0.00010055304172951231,0.5,0.2857142857142857,0.7142857142857143,0.5,0.1,5,19888,2,5,0.5,0.00010055304172951231,0.9996482412060301,447.4338032999076,49,200
0.00015082956259426848,0.5,0.375,0.625,0.5,0.15,5,19887,3,5,0.5,0.00015082956259426848,0.9995979899497487,447.4338032999076,49,200
0.00015082956259426848,0.5,0.375,0.625,0.5,0.2,5,19887,3,5,0.5,0.00015082956259426848,0.9995979899497487,447.4338032999076,49,200
0.00020110608345902463,0.5,0.4444444444444444,0.5555555555555556,0.5,0.25,5,19886,4,5,0.5,0.00020110608345902463,0.9995477386934674,447.4338032999076,49,200
0.00025138260432378077,0.5,0.5,0.5,0.5,0.3,5,19885,5,5,0.5,0.00025138260432378077,0.9994974874371859,447.4338032999076,49,200
0.00025138260432378077,0.6,0.45454545454545453,0.5454545454545454,0.6,0.35,6,19885,5,4,0.6,0.00025138260432378077,0.9995477386934674,447.4338032999076,49,200
0.00025138260432378077,0.6,0.45454545454545453,0.5454545454545454,0.6,0.4,6,19885,5,4,0.6,0.00025138260432378077,0.9995477386934674,447.4338032999076,49,200
0.0005027652086475615,0.6,0.625,0.375,0.6,0.45,6,19880,10,4,0.6,0.0005027652086475615,0.9992964824120603,447.4338032999076,49,200
0.0006033182503770739,0.6,0.6666666666666666,0.3333333333333333,0.6,0.5,6,19878,12,4,0.6,0.0006033182503770739,0.9991959798994975,447.4338032999076,49,200
0.0006033182503770739,0.6,0.6666666666666666,0.3333333333333333,0.6,0.55,6,19878,12,4,0.6,0.0006033182503770739,0.9991959798994975,447.4338032999076,49,200
0.0007038712921065862,0.6,0.7,0.3,0.6,0.6,6,19876,14,4,0.6,0.0007038712921065862,0.9990954773869347,447.4338032999076,49,200
0.0020613373554550026,0.7,0.8541666666666666,0.14583333333333334,0.7,0.65,7,19849,41,3,0.7,0.0020613373554550026,0.9977889447236181,447.4338032999076,49,200
0.0024635495223730517,0.7,0.875,0.125,0.7,0.7,7,19841,49,3,0.7,0.0024635495223730517,0.9973869346733668,447.4338032999076,49,200
0.002513826043237808,0.7,0.8771929824561403,0.12280701754385964,0.7,0.75,7,19840,50,3,0.7,0.002513826043237808,0.9973366834170855,447.4338032999076,49,200
0.009200603318250377,0.7,0.9631578947368421,0.03684210526315789,0.7,0.8,7,19707,183,3,0.7,0.009200603318250377,0.9906532663316583,447.4338032999076,49,200
0.05087983911513323,0.7,0.9931305201177625,0.0068694798822374874,0.7,0.85,7,18878,1012,3,0.7,0.05087983911513323,0.9489949748743719,447.4338032999076,49,200
0.1033182503770739,0.9,0.9956395348837209,0.00436046511627907,0.9,0.9,9,17835,2055,1,0.9,0.1033182503770739,0.8966834170854271,447.4338032999076,49,200
0.34273504273504274,0.9,0.9986815118663932,0.0013184881336067975,0.9,0.95,9,13073,6817,1,0.9,0.34273504273504274,0.6573869346733668,447.4338032999076,49,200
0.9983911513323278,1.0,0.999496678075297,0.0005033219247030401,1.0,1.0,10,32,19858,0,1.0,0.9983911513323278,0.0021105527638190956,447.4338032999076,49,200
