FPR,TPR,FDR,NPrecision,NRecall,alpha,NTP,NTN,NFP,NFN,NTPR,NFPR,NACC,diffnetfinder_sec,run,dim
5.0276520864756156e-05,0.4,0.2,0.8,0.4,0.05,4,19889,1,6,0.4,5.0276520864756156e-05,0.9996482412060301,516.0553309000097,0,200
5.0276520864756156e-05,0.4,0.2,0.8,0.4,0.1,4,19889,1,6,0.4,5.0276520864756156e-05,0.9996482412060301,516.0553309000097,0,200
5.0276520864756156e-05,0.4,0.2,0.8,0.4,0.15,4,19889,1,6,0.4,5.0276520864756156e-05,0.9996482412060301,516.0553309000097,0,200
5.0276520864756156e-05,0.6,0.14285714285714285,0.8571428571428571,0.6,0.2,6,19889,1,4,0.6,5.0276520864756156e-05,0.999748743718593,516.0553309000097,0,200
5.0276520864756156e-05,0.6,0.14285714285714285,0.8571428571428571,0.6,0.25,6,19889,1,4,0.6,5.0276520864756156e-05,0.999748743718593,516.0553309000097,0,200
0.00010055304172951231,0.7,0.2222222222222222,0.7777777777777778,0.7,0.3,7,19888,2,3,0.7,0.00010055304172951231,0.999748743718593,516.0553309000097,0,200
0.00010055304172951231,0.7,0.2222222222222222,0.7777777777777778,0.7,0.35,7,19888,2,3,0.7,0.00010055304172951231,0.999748743718593,516.0553309000097,0,200
0.00020110608345902463,0.7,0.36363636363636365,0.6363636363636364,0.7,0.4,7,19886,4,3,0.7,0.00020110608345902463,0.9996482412060301,516.0553309000097,0,200
0.000955253896430367,0.8,0.7037037037037037,0.2962962962962963,0.8,0.45,8,19871,19,2,0.8,0.000955253896430367,0.9989447236180905,516.0553309000097,0,200
0.001005530417295123,0.8,0.7142857142857143,0.2857142857142857,0.8,0.5,8,19870,20,2,0.8,0.001005530417295123,0.9988944723618091,516.0553309000097,0,200
0.0010558069381598793,0.8,0.7241379310344828,0.27586206896551724,0.8,0.55,8,19869,21,2,0.8,0.0010558069381598793,0.9988442211055276,516.0553309000097,0,200
0.0011563599798893917,0.8,0.7419354838709677,0.25806451612903225,0.8,0.6,8,19867,23,2,0.8,0.0011563599798893917,0.9987437185929648,516.0553309000097,0,200
0.0016591251885369532,0.9,0.7857142857142857,0.21428571428571427,0.9,0.65,9,19857,33,1,0.9,0.0016591251885369532,0.9982914572864322,516.0553309000097,0,200
0.0020613373554550026,0.9,0.82,0.18,0.9,0.7,9,19849,41,1,0.9,0.0020613373554550026,0.9978894472361809,516.0553309000097,0,200
0.002865761689291101,0.9,0.8636363636363636,0.13636363636363635,0.9,0.75,9,19833,57,1,0.9,0.002865761689291101,0.9970854271356784,516.0553309000097,0,200
0.003770739064856712,0.9,0.8928571428571429,0.10714285714285714,0.9,0.8,9,19815,75,1,0.9,0.003770739064856712,0.9961809045226131,516.0553309000097,0,200
0.006787330316742082,0.9,0.9375,0.0625,0.9,0.85,9,19755,135,1,0.9,0.006787330316742082,0.9931658291457286,516.0553309000097,0,200
0.01739567621920563,0.9,0.9746478873239437,0.02535211267605634,0.9,0.9,9,19544,346,1,0.9,0.01739567621920563,0.9825628140703517,516.0553309000097,0,200
0.15324283559577678,1.0,0.9967298888162197,0.0032701111837802484,1.0,0.95,10,16842,3048,0,1.0,0.15324283559577678,0.8468341708542714,516.0553309000097,0,200
0.9986425339366516,1.0,0.9994968047099079,0.0005031952900920847,1.0,1.0,10,27,19863,0,1.0,0.9986425339366516,0.0018592964824120603,516.0553309000097,0,200
0.0,0.4,0.0,1.0,0.4,0.05,4,19890,0,6,0.4,0.0,0.9996984924623116,515.1539370000828,1,200
5.0276520864756156e-05,0.4,0.2,0.8,0.4,0.1,4,19889,1,6,0.4,5.0276520864756156e-05,0.9996482412060301,515.1539370000828,1,200
0.00015082956259426848,0.4,0.42857142857142855,0.5714285714285714,0.4,0.15,4,19887,3,6,0.4,0.00015082956259426848,0.9995477386934674,515.1539370000828,1,200
0.00025138260432378077,0.4,0.5555555555555556,0.4444444444444444,0.4,0.2,4,19885,5,6,0.4,0.00025138260432378077,0.9994472361809045,515.1539370000828,1,200
0.00025138260432378077,0.4,0.5555555555555556,0.4444444444444444,0.4,0.25,4,19885,5,6,0.4,0.00025138260432378077,0.9994472361809045,515.1539370000828,1,200
0.00025138260432378077,0.4,0.5555555555555556,0.4444444444444444,0.4,0.3,4,19885,5,6,0.4,0.00025138260432378077,0.9994472361809045,515.1539370000828,1,200
0.0003519356460532931,0.4,0.6363636363636364,0.36363636363636365,0.4,0.35,4,19883,7,6,0.4,0.0003519356460532931,0.9993467336683417,515.1539370000828,1,200
0.00040221216691804925,0.4,0.6666666666666666,0.3333333333333333,0.4,0.4,4,19882,8,6,0.4,0.00040221216691804925,0.9992964824120603,515.1539370000828,1,200
0.00040221216691804925,0.5,0.6153846153846154,0.38461538461538464,0.5,0.45,5,19882,8,5,0.5,0.00040221216691804925,0.9993467336683417,515.1539370000828,1,200
0.00040221216691804925,0.5,0.6153846153846154,0.38461538461538464,0.5,0.5,5,19882,8,5,0.5,0.00040221216691804925,0.9993467336683417,515.1539370000828,1,200
0.0005027652086475615,0.5,0.6666666666666666,0.3333333333333333,0.5,0.55,5,19880,10,5,0.5,0.0005027652086475615,0.9992462311557789,515.1539370000828,1,200
0.0005027652086475615,0.5,0.6666666666666666,0.3333333333333333,0.5,0.6,5,19880,10,5,0.5,0.0005027652086475615,0.9992462311557789,515.1539370000828,1,200
0.0006033182503770739,0.5,0.7058823529411765,0.29411764705882354,0.5,0.65,5,19878,12,5,0.5,0.0006033182503770739,0.999145728643216,515.1539370000828,1,200
0.0006033182503770739,0.5,0.7058823529411765,0.29411764705882354,0.5,0.7,5,19878,12,5,0.5,0.0006033182503770739,0.999145728643216,515.1539370000828,1,200
0.0006033182503770739,0.5,0.7058823529411765,0.29411764705882354,0.5,0.75,5,19878,12,5,0.5,0.0006033182503770739,0.999145728643216,515.1539370000828,1,200
0.00065359477124183,0.5,0.7222222222222222,0.2777777777777778,0.5,0.8,5,19877,13,5,0.5,0.00065359477124183,0.9990954773869347,515.1539370000828,1,200
0.0007038712921065862,0.5,0.7368421052631579,0.2631578947368421,0.5,0.85,5,19876,14,5,0.5,0.0007038712921065862,0.9990452261306533,515.1539370000828,1,200
0.004072398190045249,0.6,0.9310344827586207,0.06896551724137931,0.6,0.9,6,19809,81,4,0.6,0.004072398190045249,0.9957286432160805,515.1539370000828,1,200
0.005429864253393665,0.6,0.9473684210526315,0.05263157894736842,0.6,0.95,6,19782,108,4,0.6,0.005429864253393665,0.9943718592964824,515.1539370000828,1,200
0.9984917043740573,1.0,0.9994967287367891,0.0005032712632108706,1.0,1.0,10,30,19860,0,1.0,0.9984917043740573,0.0020100502512562816,515.1539370000828,1,200
5.0276520864756156e-05,0.3,0.25,0.75,0.3,0.05,3,19889,1,7,0.3,5.0276520864756156e-05,0.9995979899497487,531.2654942000518,2,200
5.0276520864756156e-05,0.3,0.25,0.75,0.3,0.1,3,19889,1,7,0.3,5.0276520864756156e-05,0.9995979899497487,531.2654942000518,2,200
5.0276520864756156e-05,0.3,0.25,0.75,0.3,0.15,3,19889,1,7,0.3,5.0276520864756156e-05,0.9995979899497487,531.2654942000518,2,200
5.0276520864756156e-05,0.3,0.25,0.75,0.3,0.2,3,19889,1,7,0.3,5.0276520864756156e-05,0.9995979899497487,531.2654942000518,2,200
5.0276520864756156e-05,0.3,0.25,0.75,0.3,0.25,3,19889,1,7,0.3,5.0276520864756156e-05,0.9995979899497487,531.2654942000518,2,200
0.00010055304172951231,0.3,0.4,0.6,0.3,0.3,3,19888,2,7,0.3,0.00010055304172951231,0.9995477386934674,531.2654942000518,2,200
0.00015082956259426848,0.3,0.5,0.5,0.3,0.35,3,19887,3,7,0.3,0.00015082956259426848,0.9994974874371859,531.2654942000518,2,200
0.00015082956259426848,0.3,0.5,0.5,0.3,0.4,3,19887,3,7,0.3,0.00015082956259426848,0.9994974874371859,531.2654942000518,2,200
0.00015082956259426848,0.3,0.5,0.5,0.3,0.45,3,19887,3,7,0.3,0.00015082956259426848,0.9994974874371859,531.2654942000518,2,200
0.00015082956259426848,0.3,0.5,0.5,0.3,0.5,3,19887,3,7,0.3,0.00015082956259426848,0.9994974874371859,531.2654942000518,2,200
0.00020110608345902463,0.3,0.5714285714285714,0.42857142857142855,0.3,0.55,3,19886,4,7,0.3,0.00020110608345902463,0.9994472361809045,531.2654942000518,2,200
0.00020110608345902463,0.3,0.5714285714285714,0.42857142857142855,0.3,0.6,3,19886,4,7,0.3,0.00020110608345902463,0.9994472361809045,531.2654942000518,2,200
0.0010558069381598793,0.3,0.875,0.125,0.3,0.65,3,19869,21,7,0.3,0.0010558069381598793,0.9985929648241206,531.2654942000518,2,200
0.0011060834590246355,0.3,0.88,0.12,0.3,0.7,3,19868,22,7,0.3,0.0011060834590246355,0.9985427135678392,531.2654942000518,2,200
0.001256913021618904,0.4,0.8620689655172413,0.13793103448275862,0.4,0.75,4,19865,25,6,0.4,0.001256913021618904,0.9984422110552764,531.2654942000518,2,200
0.001558572146807441,0.5,0.8611111111111112,0.1388888888888889,0.5,0.8,5,19859,31,5,0.5,0.001558572146807441,0.9981909547738693,531.2654942000518,2,200
0.003368526897938663,0.5,0.9305555555555556,0.06944444444444445,0.5,0.85,5,19823,67,5,0.5,0.003368526897938663,0.9963819095477386,531.2654942000518,2,200
0.004223227752639517,0.5,0.9438202247191011,0.056179775280898875,0.5,0.9,5,19806,84,5,0.5,0.004223227752639517,0.9955276381909548,531.2654942000518,2,200
0.004575163398692811,0.5,0.9479166666666666,0.052083333333333336,0.5,0.95,5,19799,91,5,0.5,0.004575163398692811,0.9951758793969849,531.2654942000518,2,200
0.9963298139768728,1.0,0.999495637262319,0.0005043627376809402,1.0,1.0,10,73,19817,0,1.0,0.9963298139768728,0.004170854271356784,531.2654942000518,2,200
5.0276520864756156e-05,0.4,0.2,0.8,0.4,0.05,4,19889,1,6,0.4,5.0276520864756156e-05,0.9996482412060301,514.3156893999549,3,200
0.00010055304172951231,0.4,0.3333333333333333,0.6666666666666666,0.4,0.1,4,19888,2,6,0.4,0.00010055304172951231,0.9995979899497487,514.3156893999549,3,200
0.00025138260432378077,0.4,0.5555555555555556,0.4444444444444444,0.4,0.15,4,19885,5,6,0.4,0.00025138260432378077,0.9994472361809045,514.3156893999549,3,200
0.00025138260432378077,0.4,0.5555555555555556,0.4444444444444444,0.4,0.2,4,19885,5,6,0.4,0.00025138260432378077,0.9994472361809045,514.3156893999549,3,200
0.00025138260432378077,0.4,0.5555555555555556,0.4444444444444444,0.4,0.25,4,19885,5,6,0.4,0.00025138260432378077,0.9994472361809045,514.3156893999549,3,200
0.00030165912518853697,0.4,0.6,0.4,0.4,0.3,4,19884,6,6,0.4,0.00030165912518853697,0.9993969849246231,514.3156893999549,3,200
0.00030165912518853697,0.4,0.6,0.4,0.4,0.35,4,19884,6,6,0.4,0.00030165912518853697,0.9993969849246231,514.3156893999549,3,200
0.00030165912518853697,0.4,0.6,0.4,0.4,0.4,4,19884,6,6,0.4,0.00030165912518853697,0.9993969849246231,514.3156893999549,3,200
0.00030165912518853697,0.4,0.6,0.4,0.4,0.45,4,19884,6,6,0.4,0.00030165912518853697,0.9993969849246231,514.3156893999549,3,200
0.00030165912518853697,0.4,0.6,0.4,0.4,0.5,4,19884,6,6,0.4,0.00030165912518853697,0.9993969849246231,514.3156893999549,3,200
0.0005027652086475615,0.6,0.625,0.375,0.6,0.55,6,19880,10,4,0.6,0.0005027652086475615,0.9992964824120603,514.3156893999549,3,200
0.0023127199597787833,0.7,0.8679245283018868,0.1320754716981132,0.7,0.6,7,19844,46,3,0.7,0.0023127199597787833,0.997537688442211,514.3156893999549,3,200
0.003569632981397687,0.7,0.9102564102564102,0.08974358974358974,0.7,0.65,7,19819,71,3,0.7,0.003569632981397687,0.9962814070351759,514.3156893999549,3,200
0.005279034690799397,0.7,0.9375,0.0625,0.7,0.7,7,19785,105,3,0.7,0.005279034690799397,0.9945728643216081,514.3156893999549,3,200
0.006887883358471594,0.7,0.9513888888888888,0.04861111111111111,0.7,0.75,7,19753,137,3,0.7,0.006887883358471594,0.992964824120603,514.3156893999549,3,200
0.015384615384615385,0.8,0.9745222929936306,0.025477707006369428,0.8,0.8,8,19584,306,2,0.8,0.015384615384615385,0.9845226130653266,514.3156893999549,3,200
0.05681246857717446,0.9,0.9920983318700615,0.007901668129938543,0.9,0.85,9,18760,1130,1,0.9,0.05681246857717446,0.9431658291457287,514.3156893999549,3,200
0.15877325289089994,1.0,0.9968434343434344,0.0031565656565656565,1.0,0.9,10,16732,3158,0,1.0,0.15877325289089994,0.8413065326633166,514.3156893999549,3,200
0.3367521367521368,1.0,0.9985092426952892,0.0014907573047107932,1.0,0.95,10,13192,6698,0,1.0,0.3367521367521368,0.6634170854271357,514.3156893999549,3,200
0.9985419808949221,1.0,0.999496754063711,0.0005032459362890644,1.0,1.0,10,29,19861,0,1.0,0.9985419808949221,0.001959798994974874,514.3156893999549,3,200
0.0,0.1,0.0,1.0,0.1,0.05,1,19890,0,9,0.1,0.0,0.9995477386934674,562.5144076000433,4,200
0.0,0.1,0.0,1.0,0.1,0.1,1,19890,0,9,0.1,0.0,0.9995477386934674,562.5144076000433,4,200
0.0,0.1,0.0,1.0,0.1,0.15,1,19890,0,9,0.1,0.0,0.9995477386934674,562.5144076000433,4,200
0.0,0.3,0.0,1.0,0.3,0.2,3,19890,0,7,0.3,0.0,0.9996482412060301,562.5144076000433,4,200
0.0,0.3,0.0,1.0,0.3,0.25,3,19890,0,7,0.3,0.0,0.9996482412060301,562.5144076000433,4,200
0.0,0.3,0.0,1.0,0.3,0.3,3,19890,0,7,0.3,0.0,0.9996482412060301,562.5144076000433,4,200
0.0,0.3,0.0,1.0,0.3,0.35,3,19890,0,7,0.3,0.0,0.9996482412060301,562.5144076000433,4,200
0.0,0.3,0.0,1.0,0.3,0.4,3,19890,0,7,0.3,0.0,0.9996482412060301,562.5144076000433,4,200
0.0,0.3,0.0,1.0,0.3,0.45,3,19890,0,7,0.3,0.0,0.9996482412060301,562.5144076000433,4,200
0.0,0.3,0.0,1.0,0.3,0.5,3,19890,0,7,0.3,0.0,0.9996482412060301,562.5144076000433,4,200
0.0,0.3,0.0,1.0,0.3,0.55,3,19890,0,7,0.3,0.0,0.9996482412060301,562.5144076000433,4,200
0.0,0.3,0.0,1.0,0.3,0.6,3,19890,0,7,0.3,0.0,0.9996482412060301,562.5144076000433,4,200
0.0,0.3,0.0,1.0,0.3,0.65,3,19890,0,7,0.3,0.0,0.9996482412060301,562.5144076000433,4,200
0.00020110608345902463,0.4,0.5,0.5,0.4,0.7,4,19886,4,6,0.4,0.00020110608345902463,0.9994974874371859,562.5144076000433,4,200
0.00020110608345902463,0.4,0.5,0.5,0.4,0.75,4,19886,4,6,0.4,0.00020110608345902463,0.9994974874371859,562.5144076000433,4,200
0.00020110608345902463,0.4,0.5,0.5,0.4,0.8,4,19886,4,6,0.4,0.00020110608345902463,0.9994974874371859,562.5144076000433,4,200
0.00025138260432378077,0.4,0.5555555555555556,0.4444444444444444,0.4,0.85,4,19885,5,6,0.4,0.00025138260432378077,0.9994472361809045,562.5144076000433,4,200
0.0003519356460532931,0.4,0.6363636363636364,0.36363636363636365,0.4,0.9,4,19883,7,6,0.4,0.0003519356460532931,0.9993467336683417,562.5144076000433,4,200
0.0029663147310206132,0.4,0.9365079365079365,0.06349206349206349,0.4,0.95,4,19831,59,6,0.4,0.0029663147310206132,0.9967336683417085,562.5144076000433,4,200
0.042634489693313224,0.9,0.9894982497082847,0.010501750291715286,0.9,1.0,9,19042,848,1,0.9,0.042634489693313224,0.9573366834170854,562.5144076000433,4,200
5.0276520864756156e-05,0.2,0.3333333333333333,0.6666666666666666,0.2,0.05,2,19889,1,8,0.2,5.0276520864756156e-05,0.9995477386934674,508.12442940007895,5,200
5.0276520864756156e-05,0.3,0.25,0.75,0.3,0.1,3,19889,1,7,0.3,5.0276520864756156e-05,0.9995979899497487,508.12442940007895,5,200
0.00010055304172951231,0.3,0.4,0.6,0.3,0.15,3,19888,2,7,0.3,0.00010055304172951231,0.9995477386934674,508.12442940007895,5,200
0.0003519356460532931,0.3,0.7,0.3,0.3,0.2,3,19883,7,7,0.3,0.0003519356460532931,0.9992964824120603,508.12442940007895,5,200
0.0003519356460532931,0.3,0.7,0.3,0.3,0.25,3,19883,7,7,0.3,0.0003519356460532931,0.9992964824120603,508.12442940007895,5,200
0.0003519356460532931,0.3,0.7,0.3,0.3,0.3,3,19883,7,7,0.3,0.0003519356460532931,0.9992964824120603,508.12442940007895,5,200
0.0003519356460532931,0.3,0.7,0.3,0.3,0.35,3,19883,7,7,0.3,0.0003519356460532931,0.9992964824120603,508.12442940007895,5,200
0.00040221216691804925,0.4,0.6666666666666666,0.3333333333333333,0.4,0.4,4,19882,8,6,0.4,0.00040221216691804925,0.9992964824120603,508.12442940007895,5,200
0.00045248868778280545,0.4,0.6923076923076923,0.3076923076923077,0.4,0.45,4,19881,9,6,0.4,0.00045248868778280545,0.9992462311557789,508.12442940007895,5,200
0.0005027652086475615,0.5,0.6666666666666666,0.3333333333333333,0.5,0.5,5,19880,10,5,0.5,0.0005027652086475615,0.9992462311557789,508.12442940007895,5,200
0.0006033182503770739,0.5,0.7058823529411765,0.29411764705882354,0.5,0.55,5,19878,12,5,0.5,0.0006033182503770739,0.999145728643216,508.12442940007895,5,200
0.0012066365007541479,0.6,0.8,0.2,0.6,0.6,6,19866,24,4,0.6,0.0012066365007541479,0.9985929648241206,508.12442940007895,5,200
0.0017094017094017094,0.6,0.85,0.15,0.6,0.65,6,19856,34,4,0.6,0.0017094017094017094,0.9980904522613065,508.12442940007895,5,200
0.0018099547511312218,0.6,0.8571428571428571,0.14285714285714285,0.6,0.7,6,19854,36,4,0.6,0.0018099547511312218,0.9979899497487437,508.12442940007895,5,200
0.0033182503770739064,0.7,0.9041095890410958,0.0958904109589041,0.7,0.75,7,19824,66,3,0.7,0.0033182503770739064,0.996532663316583,508.12442940007895,5,200
0.004424333836098542,0.7,0.9263157894736842,0.07368421052631578,0.7,0.8,7,19802,88,3,0.7,0.004424333836098542,0.9954271356783919,508.12442940007895,5,200
0.006485671191553545,0.7,0.9485294117647058,0.051470588235294115,0.7,0.85,7,19761,129,3,0.7,0.006485671191553545,0.9933668341708543,508.12442940007895,5,200
0.010507792860734038,0.7,0.9675925925925926,0.032407407407407406,0.7,0.9,7,19681,209,3,0.7,0.010507792860734038,0.9893467336683417,508.12442940007895,5,200
0.04439416792357969,1.0,0.9888017917133258,0.011198208286674132,1.0,0.95,10,19007,883,0,1.0,0.04439416792357969,0.9556281407035175,508.12442940007895,5,200
0.9982905982905983,1.0,0.9994966274036041,0.0005033725963958522,1.0,1.0,10,34,19856,0,1.0,0.9982905982905983,0.0022110552763819095,508.12442940007895,5,200
0.0,0.3,0.0,1.0,0.3,0.05,3,19890,0,7,0.3,0.0,0.9996482412060301,511.416287100059,6,200
0.0,0.4,0.0,1.0,0.4,0.1,4,19890,0,6,0.4,0.0,0.9996984924623116,511.416287100059,6,200
0.0,0.4,0.0,1.0,0.4,0.15,4,19890,0,6,0.4,0.0,0.9996984924623116,511.416287100059,6,200
0.0,0.4,0.0,1.0,0.4,0.2,4,19890,0,6,0.4,0.0,0.9996984924623116,511.416287100059,6,200
0.0,0.4,0.0,1.0,0.4,0.25,4,19890,0,6,0.4,0.0,0.9996984924623116,511.416287100059,6,200
0.0,0.5,0.0,1.0,0.5,0.3,5,19890,0,5,0.5,0.0,0.999748743718593,511.416287100059,6,200
0.0,0.5,0.0,1.0,0.5,0.35,5,19890,0,5,0.5,0.0,0.999748743718593,511.416287100059,6,200
0.00015082956259426848,0.6,0.3333333333333333,0.6666666666666666,0.6,0.4,6,19887,3,4,0.6,0.00015082956259426848,0.9996482412060301,511.416287100059,6,200
0.00030165912518853697,0.6,0.5,0.5,0.6,0.45,6,19884,6,4,0.6,0.00030165912518853697,0.9994974874371859,511.416287100059,6,200
0.0003519356460532931,0.6,0.5384615384615384,0.46153846153846156,0.6,0.5,6,19883,7,4,0.6,0.0003519356460532931,0.9994472361809045,511.416287100059,6,200
0.0003519356460532931,0.6,0.5384615384615384,0.46153846153846156,0.6,0.55,6,19883,7,4,0.6,0.0003519356460532931,0.9994472361809045,511.416287100059,6,200
0.0006033182503770739,0.6,0.6666666666666666,0.3333333333333333,0.6,0.6,6,19878,12,4,0.6,0.0006033182503770739,0.9991959798994975,511.416287100059,6,200
0.0023629964806435393,0.6,0.8867924528301887,0.11320754716981132,0.6,0.65,6,19843,47,4,0.6,0.0023629964806435393,0.9974371859296483,511.416287100059,6,200
0.01452991452991453,0.9,0.9697986577181208,0.030201342281879196,0.9,0.7,9,19601,289,1,0.9,0.01452991452991453,0.9854271356783919,511.416287100059,6,200
0.01613876319758673,0.9,0.9727272727272728,0.02727272727272727,0.9,0.75,9,19569,321,1,0.9,0.01613876319758673,0.9838190954773869,511.416287100059,6,200
0.01820010055304173,0.9,0.9757412398921833,0.02425876010781671,0.9,0.8,9,19528,362,1,0.9,0.01820010055304173,0.9817587939698492,511.416287100059,6,200
0.03378582202111614,0.9,0.986784140969163,0.013215859030837005,0.9,0.85,9,19218,672,1,0.9,0.03378582202111614,0.9661809045226131,511.416287100059,6,200
0.11669180492709905,1.0,0.9957099957099957,0.00429000429000429,1.0,0.9,10,17569,2321,0,1.0,0.11669180492709905,0.8833668341708543,511.416287100059,6,200
0.2093011563599799,1.0,0.9976036424634556,0.0023963575365444525,1.0,0.95,10,15727,4163,0,1.0,0.2093011563599799,0.7908040201005025,511.416287100059,6,200
0.9964806435394671,1.0,0.9994957135653051,0.0005042864346949068,1.0,1.0,10,70,19820,0,1.0,0.9964806435394671,0.004020100502512563,511.416287100059,6,200
5.0276520864756156e-05,0.5,0.16666666666666666,0.8333333333333334,0.5,0.05,5,19889,1,5,0.5,5.0276520864756156e-05,0.9996984924623116,607.8038264000788,7,200
0.00010055304172951231,0.6,0.25,0.75,0.6,0.1,6,19888,2,4,0.6,0.00010055304172951231,0.9996984924623116,607.8038264000788,7,200
0.00010055304172951231,0.6,0.25,0.75,0.6,0.15,6,19888,2,4,0.6,0.00010055304172951231,0.9996984924623116,607.8038264000788,7,200
0.00015082956259426848,0.6,0.3333333333333333,0.6666666666666666,0.6,0.2,6,19887,3,4,0.6,0.00015082956259426848,0.9996482412060301,607.8038264000788,7,200
0.00015082956259426848,0.6,0.3333333333333333,0.6666666666666666,0.6,0.25,6,19887,3,4,0.6,0.00015082956259426848,0.9996482412060301,607.8038264000788,7,200
0.00030165912518853697,0.6,0.5,0.5,0.6,0.3,6,19884,6,4,0.6,0.00030165912518853697,0.9994974874371859,607.8038264000788,7,200
0.00040221216691804925,0.6,0.5714285714285714,0.42857142857142855,0.6,0.35,6,19882,8,4,0.6,0.00040221216691804925,0.9993969849246231,607.8038264000788,7,200
0.0005027652086475615,0.6,0.625,0.375,0.6,0.4,6,19880,10,4,0.6,0.0005027652086475615,0.9992964824120603,607.8038264000788,7,200
0.0007541478129713424,0.6,0.7142857142857143,0.2857142857142857,0.6,0.45,6,19875,15,4,0.6,0.0007541478129713424,0.9990452261306533,607.8038264000788,7,200
0.0009049773755656109,0.6,0.75,0.25,0.6,0.5,6,19872,18,4,0.6,0.0009049773755656109,0.9988944723618091,607.8038264000788,7,200
0.00130718954248366,0.7,0.7878787878787878,0.21212121212121213,0.7,0.55,7,19864,26,3,0.7,0.00130718954248366,0.9985427135678392,607.8038264000788,7,200
0.0026646556058320765,0.8,0.8688524590163934,0.13114754098360656,0.8,0.6,8,19837,53,2,0.8,0.0026646556058320765,0.9972361809045226,607.8038264000788,7,200
0.003117144293614882,0.9,0.8732394366197183,0.1267605633802817,0.9,0.65,9,19828,62,1,0.9,0.003117144293614882,0.9968341708542714,607.8038264000788,7,200
0.003569632981397687,0.9,0.8875,0.1125,0.9,0.7,9,19819,71,1,0.9,0.003569632981397687,0.9963819095477386,607.8038264000788,7,200
0.006837606837606838,0.9,0.9379310344827586,0.06206896551724138,0.9,0.75,9,19754,136,1,0.9,0.006837606837606838,0.9931155778894473,607.8038264000788,7,200
0.008547008547008548,0.9,0.9497206703910615,0.05027932960893855,0.9,0.8,9,19720,170,1,0.9,0.008547008547008548,0.9914070351758794,607.8038264000788,7,200
0.03152337858220211,1.0,0.9843014128728415,0.015698587127158554,1.0,0.85,10,19263,627,0,1.0,0.03152337858220211,0.9684924623115578,607.8038264000788,7,200
0.16370035193564605,1.0,0.9969381506429884,0.003061849357011635,1.0,0.9,10,16634,3256,0,1.0,0.16370035193564605,0.8363819095477387,607.8038264000788,7,200
0.27611865258924084,1.0,0.9981824790985097,0.0018175209014903672,1.0,0.95,10,14398,5492,0,1.0,0.27611865258924084,0.7240201005025125,607.8038264000788,7,200
0.9871794871794872,1.0,0.9994909646220412,0.0005090353779587681,1.0,1.0,10,255,19635,0,1.0,0.9871794871794872,0.013316582914572864,607.8038264000788,7,200
0.0,0.2,0.0,1.0,0.2,0.05,2,19890,0,8,0.2,0.0,0.9995979899497487,517.5821254000766,8,200
0.0,0.2,0.0,1.0,0.2,0.1,2,19890,0,8,0.2,0.0,0.9995979899497487,517.5821254000766,8,200
0.00010055304172951231,0.4,0.3333333333333333,0.6666666666666666,0.4,0.15,4,19888,2,6,0.4,0.00010055304172951231,0.9995979899497487,517.5821254000766,8,200
0.00010055304172951231,0.4,0.3333333333333333,0.6666666666666666,0.4,0.2,4,19888,2,6,0.4,0.00010055304172951231,0.9995979899497487,517.5821254000766,8,200
0.00015082956259426848,0.5,0.375,0.625,0.5,0.25,5,19887,3,5,0.5,0.00015082956259426848,0.9995979899497487,517.5821254000766,8,200
0.00045248868778280545,0.5,0.6428571428571429,0.35714285714285715,0.5,0.3,5,19881,9,5,0.5,0.00045248868778280545,0.9992964824120603,517.5821254000766,8,200
0.0005027652086475615,0.5,0.6666666666666666,0.3333333333333333,0.5,0.35,5,19880,10,5,0.5,0.0005027652086475615,0.9992462311557789,517.5821254000766,8,200
0.0014580191050779286,0.5,0.8529411764705882,0.14705882352941177,0.5,0.4,5,19861,29,5,0.5,0.0014580191050779286,0.9982914572864322,517.5821254000766,8,200
0.00196078431372549,0.5,0.8863636363636364,0.11363636363636363,0.5,0.45,5,19851,39,5,0.5,0.00196078431372549,0.9977889447236181,517.5821254000766,8,200
0.0020613373554550026,0.5,0.8913043478260869,0.10869565217391304,0.5,0.5,5,19849,41,5,0.5,0.0020613373554550026,0.9976884422110552,517.5821254000766,8,200
0.002161890397184515,0.6,0.8775510204081632,0.12244897959183673,0.6,0.55,6,19847,43,4,0.6,0.002161890397184515,0.9976381909547739,517.5821254000766,8,200
0.0029160382101558573,0.6,0.90625,0.09375,0.6,0.6,6,19832,58,4,0.6,0.0029160382101558573,0.9968844221105527,517.5821254000766,8,200
0.0029663147310206132,0.6,0.9076923076923077,0.09230769230769231,0.6,0.65,6,19831,59,4,0.6,0.0029663147310206132,0.9968341708542714,517.5821254000766,8,200
0.0030165912518853697,0.7,0.8955223880597015,0.1044776119402985,0.7,0.7,7,19830,60,3,0.7,0.0030165912518853697,0.9968341708542714,517.5821254000766,8,200
0.004575163398692811,0.7,0.9285714285714286,0.07142857142857142,0.7,0.75,7,19799,91,3,0.7,0.004575163398692811,0.9952763819095477,517.5821254000766,8,200
0.006737053795877326,0.7,0.950354609929078,0.04964539007092199,0.7,0.8,7,19756,134,3,0.7,0.006737053795877326,0.9931155778894473,517.5821254000766,8,200
0.057365510306686775,0.9,0.9921739130434782,0.00782608695652174,0.9,0.85,9,18749,1141,1,0.9,0.057365510306686775,0.9426130653266331,517.5821254000766,8,200
0.14660633484162897,0.9,0.9969230769230769,0.003076923076923077,0.9,0.9,9,16974,2916,1,0.9,0.14660633484162897,0.8534170854271357,517.5821254000766,8,200
0.3136249371543489,0.9,0.9985593084680646,0.001440691531935329,0.9,0.95,9,13652,6238,1,0.9,0.3136249371543489,0.6864824120603015,517.5821254000766,8,200
0.9963298139768728,1.0,0.999495637262319,0.0005043627376809402,1.0,1.0,10,73,19817,0,1.0,0.9963298139768728,0.004170854271356784,517.5821254000766,8,200
0.0,0.1,0.0,1.0,0.1,0.05,1,19890,0,9,0.1,0.0,0.9995477386934674,555.5511416000081,9,200
0.0,0.1,0.0,1.0,0.1,0.1,1,19890,0,9,0.1,0.0,0.9995477386934674,555.5511416000081,9,200
0.0,0.1,0.0,1.0,0.1,0.15,1,19890,0,9,0.1,0.0,0.9995477386934674,555.5511416000081,9,200
0.0,0.1,0.0,1.0,0.1,0.2,1,19890,0,9,0.1,0.0,0.9995477386934674,555.5511416000081,9,200
0.00025138260432378077,0.2,0.7142857142857143,0.2857142857142857,0.2,0.25,2,19885,5,8,0.2,0.00025138260432378077,0.9993467336683417,555.5511416000081,9,200
0.00025138260432378077,0.2,0.7142857142857143,0.2857142857142857,0.2,0.3,2,19885,5,8,0.2,0.00025138260432378077,0.9993467336683417,555.5511416000081,9,200
0.00025138260432378077,0.2,0.7142857142857143,0.2857142857142857,0.2,0.35,2,19885,5,8,0.2,0.00025138260432378077,0.9993467336683417,555.5511416000081,9,200
0.00040221216691804925,0.2,0.8,0.2,0.2,0.4,2,19882,8,8,0.2,0.00040221216691804925,0.9991959798994975,555.5511416000081,9,200
0.0005027652086475615,0.2,0.8333333333333334,0.16666666666666666,0.2,0.45,2,19880,10,8,0.2,0.0005027652086475615,0.9990954773869347,555.5511416000081,9,200
0.0009049773755656109,0.3,0.8571428571428571,0.14285714285714285,0.3,0.5,3,19872,18,7,0.3,0.0009049773755656109,0.9987437185929648,555.5511416000081,9,200
0.00130718954248366,0.3,0.896551724137931,0.10344827586206896,0.3,0.55,3,19864,26,7,0.3,0.00130718954248366,0.9983417085427135,555.5511416000081,9,200
0.0016591251885369532,0.4,0.8918918918918919,0.10810810810810811,0.4,0.6,4,19857,33,6,0.4,0.0016591251885369532,0.9980402010050251,555.5511416000081,9,200
0.00392156862745098,0.5,0.9397590361445783,0.060240963855421686,0.5,0.65,5,19812,78,5,0.5,0.00392156862745098,0.9958291457286432,555.5511416000081,9,200
0.007139265962795374,0.6,0.9594594594594594,0.04054054054054054,0.6,0.7,6,19748,142,4,0.6,0.007139265962795374,0.9926633165829146,555.5511416000081,9,200
0.01895424836601307,0.8,0.9792207792207792,0.02077922077922078,0.8,0.75,8,19513,377,2,0.8,0.01895424836601307,0.9809547738693467,555.5511416000081,9,200
0.026646556058320763,0.8,0.9851301115241635,0.01486988847583643,0.8,0.8,8,19360,530,2,0.8,0.026646556058320763,0.9732663316582915,555.5511416000081,9,200
0.04645550527903469,0.9,0.9903536977491961,0.00964630225080386,0.9,0.85,9,18966,924,1,0.9,0.04645550527903469,0.9535175879396985,555.5511416000081,9,200
0.08235294117647059,0.9,0.994535519125683,0.00546448087431694,0.9,0.9,9,18252,1638,1,0.9,0.08235294117647059,0.9176381909547738,555.5511416000081,9,200
0.2489693313222725,0.9,0.9981858496270913,0.0018141503729086877,0.9,0.95,9,14938,4952,1,0.9,0.2489693313222725,0.7511055276381909,555.5511416000081,9,200
0.9967320261437909,1.0,0.9994958406856567,0.0005041593143433325,1.0,1.0,10,65,19825,0,1.0,0.9967320261437909,0.0037688442211055275,555.5511416000081,9,200
5.0276520864756156e-05,0.4,0.2,0.8,0.4,0.05,4,19889,1,6,0.4,5.0276520864756156e-05,0.9996482412060301,515.5518047999358,10,200
5.0276520864756156e-05,0.4,0.2,0.8,0.4,0.1,4,19889,1,6,0.4,5.0276520864756156e-05,0.9996482412060301,515.5518047999358,10,200
5.0276520864756156e-05,0.4,0.2,0.8,0.4,0.15,4,19889,1,6,0.4,5.0276520864756156e-05,0.9996482412060301,515.5518047999358,10,200
5.0276520864756156e-05,0.4,0.2,0.8,0.4,0.2,4,19889,1,6,0.4,5.0276520864756156e-05,0.9996482412060301,515.5518047999358,10,200
5.0276520864756156e-05,0.4,0.2,0.8,0.4,0.25,4,19889,1,6,0.4,5.0276520864756156e-05,0.9996482412060301,515.5518047999358,10,200
5.0276520864756156e-05,0.4,0.2,0.8,0.4,0.3,4,19889,1,6,0.4,5.0276520864756156e-05,0.9996482412060301,515.5518047999358,10,200
0.00015082956259426848,0.4,0.42857142857142855,0.5714285714285714,0.4,0.35,4,19887,3,6,0.4,0.00015082956259426848,0.9995477386934674,515.5518047999358,10,200
0.00015082956259426848,0.4,0.42857142857142855,0.5714285714285714,0.4,0.4,4,19887,3,6,0.4,0.00015082956259426848,0.9995477386934674,515.5518047999358,10,200
0.00025138260432378077,0.4,0.5555555555555556,0.4444444444444444,0.4,0.45,4,19885,5,6,0.4,0.00025138260432378077,0.9994472361809045,515.5518047999358,10,200
0.00025138260432378077,0.4,0.5555555555555556,0.4444444444444444,0.4,0.5,4,19885,5,6,0.4,0.00025138260432378077,0.9994472361809045,515.5518047999358,10,200
0.00030165912518853697,0.4,0.6,0.4,0.4,0.55,4,19884,6,6,0.4,0.00030165912518853697,0.9993969849246231,515.5518047999358,10,200
0.00030165912518853697,0.4,0.6,0.4,0.4,0.6,4,19884,6,6,0.4,0.00030165912518853697,0.9993969849246231,515.5518047999358,10,200
0.00030165912518853697,0.4,0.6,0.4,0.4,0.65,4,19884,6,6,0.4,0.00030165912518853697,0.9993969849246231,515.5518047999358,10,200
0.00030165912518853697,0.4,0.6,0.4,0.4,0.7,4,19884,6,6,0.4,0.00030165912518853697,0.9993969849246231,515.5518047999358,10,200
0.00030165912518853697,0.4,0.6,0.4,0.4,0.75,4,19884,6,6,0.4,0.00030165912518853697,0.9993969849246231,515.5518047999358,10,200
0.00030165912518853697,0.4,0.6,0.4,0.4,0.8,4,19884,6,6,0.4,0.00030165912518853697,0.9993969849246231,515.5518047999358,10,200
0.00030165912518853697,0.4,0.6,0.4,0.4,0.85,4,19884,6,6,0.4,0.00030165912518853697,0.9993969849246231,515.5518047999358,10,200
0.0003519356460532931,0.5,0.5833333333333334,0.4166666666666667,0.5,0.9,5,19883,7,5,0.5,0.0003519356460532931,0.9993969849246231,515.5518047999358,10,200
0.00718954248366013,0.6,0.959731543624161,0.040268456375838924,0.6,0.95,6,19747,143,4,0.6,0.00718954248366013,0.9926130653266332,515.5518047999358,10,200
0.9984917043740573,1.0,0.9994967287367891,0.0005032712632108706,1.0,1.0,10,30,19860,0,1.0,0.9984917043740573,0.0020100502512562816,515.5518047999358,10,200
0.0,0.6,0.0,1.0,0.6,0.05,6,19890,0,4,0.6,0.0,0.9997989949748743,512.8955519999145,11,200
0.0,0.6,0.0,1.0,0.6,0.1,6,19890,0,4,0.6,0.0,0.9997989949748743,512.8955519999145,11,200
5.0276520864756156e-05,0.6,0.14285714285714285,0.8571428571428571,0.6,0.15,6,19889,1,4,0.6,5.0276520864756156e-05,0.999748743718593,512.8955519999145,11,200
5.0276520864756156e-05,0.6,0.14285714285714285,0.8571428571428571,0.6,0.2,6,19889,1,4,0.6,5.0276520864756156e-05,0.999748743718593,512.8955519999145,11,200
5.0276520864756156e-05,0.7,0.125,0.875,0.7,0.25,7,19889,1,3,0.7,5.0276520864756156e-05,0.9997989949748743,512.8955519999145,11,200
5.0276520864756156e-05,0.7,0.125,0.875,0.7,0.3,7,19889,1,3,0.7,5.0276520864756156e-05,0.9997989949748743,512.8955519999145,11,200
0.00010055304172951231,0.7,0.2222222222222222,0.7777777777777778,0.7,0.35,7,19888,2,3,0.7,0.00010055304172951231,0.999748743718593,512.8955519999145,11,200
0.00010055304172951231,0.7,0.2222222222222222,0.7777777777777778,0.7,0.4,7,19888,2,3,0.7,0.00010055304172951231,0.999748743718593,512.8955519999145,11,200
0.00015082956259426848,0.7,0.3,0.7,0.7,0.45,7,19887,3,3,0.7,0.00015082956259426848,0.9996984924623116,512.8955519999145,11,200
0.00025138260432378077,0.7,0.4166666666666667,0.5833333333333334,0.7,0.5,7,19885,5,3,0.7,0.00025138260432378077,0.9995979899497487,512.8955519999145,11,200
0.00025138260432378077,0.7,0.4166666666666667,0.5833333333333334,0.7,0.55,7,19885,5,3,0.7,0.00025138260432378077,0.9995979899497487,512.8955519999145,11,200
0.0003519356460532931,0.7,0.5,0.5,0.7,0.6,7,19883,7,3,0.7,0.0003519356460532931,0.9994974874371859,512.8955519999145,11,200
0.0003519356460532931,0.7,0.5,0.5,0.7,0.65,7,19883,7,3,0.7,0.0003519356460532931,0.9994974874371859,512.8955519999145,11,200
0.00040221216691804925,0.7,0.5333333333333333,0.4666666666666667,0.7,0.7,7,19882,8,3,0.7,0.00040221216691804925,0.9994472361809045,512.8955519999145,11,200
0.00040221216691804925,0.7,0.5333333333333333,0.4666666666666667,0.7,0.75,7,19882,8,3,0.7,0.00040221216691804925,0.9994472361809045,512.8955519999145,11,200
0.0033182503770739064,0.8,0.8918918918918919,0.10810810810810811,0.8,0.8,8,19824,66,2,0.8,0.0033182503770739064,0.9965829145728643,512.8955519999145,11,200
0.06385118149824032,1.0,0.9921875,0.0078125,1.0,0.85,10,18620,1270,0,1.0,0.06385118149824032,0.936180904522613,512.8955519999145,11,200
0.16737053795877324,1.0,0.9970050913447139,0.002994908655286014,1.0,0.9,10,16561,3329,0,1.0,0.16737053795877324,0.832713567839196,512.8955519999145,11,200
0.27370537958773256,1.0,0.9981664833149981,0.0018335166850018336,1.0,0.95,10,14446,5444,0,1.0,0.27370537958773256,0.7264321608040201,512.8955519999145,11,200
0.9981900452488688,1.0,0.9994965767217077,0.0005034232782923883,1.0,1.0,10,36,19854,0,1.0,0.9981900452488688,0.0023115577889447235,512.8955519999145,11,200
0.0,0.6,0.0,1.0,0.6,0.05,6,19890,0,4,0.6,0.0,0.9997989949748743,547.8299537999555,12,200
0.0,0.6,0.0,1.0,0.6,0.1,6,19890,0,4,0.6,0.0,0.9997989949748743,547.8299537999555,12,200
0.00010055304172951231,0.7,0.2222222222222222,0.7777777777777778,0.7,0.15,7,19888,2,3,0.7,0.00010055304172951231,0.999748743718593,547.8299537999555,12,200
0.00010055304172951231,0.7,0.2222222222222222,0.7777777777777778,0.7,0.2,7,19888,2,3,0.7,0.00010055304172951231,0.999748743718593,547.8299537999555,12,200
0.00010055304172951231,0.7,0.2222222222222222,0.7777777777777778,0.7,0.25,7,19888,2,3,0.7,0.00010055304172951231,0.999748743718593,547.8299537999555,12,200
0.00015082956259426848,0.7,0.3,0.7,0.7,0.3,7,19887,3,3,0.7,0.00015082956259426848,0.9996984924623116,547.8299537999555,12,200
0.00030165912518853697,0.7,0.46153846153846156,0.5384615384615384,0.7,0.35,7,19884,6,3,0.7,0.00030165912518853697,0.9995477386934674,547.8299537999555,12,200
0.0005530417295123177,0.7,0.6111111111111112,0.3888888888888889,0.7,0.4,7,19879,11,3,0.7,0.0005530417295123177,0.9992964824120603,547.8299537999555,12,200
0.0008547008547008547,0.7,0.7083333333333334,0.2916666666666667,0.7,0.45,7,19873,17,3,0.7,0.0008547008547008547,0.9989949748743718,547.8299537999555,12,200
0.001005530417295123,0.7,0.7407407407407407,0.25925925925925924,0.7,0.5,7,19870,20,3,0.7,0.001005530417295123,0.9988442211055276,547.8299537999555,12,200
0.0015082956259426848,0.7,0.8108108108108109,0.1891891891891892,0.7,0.55,7,19860,30,3,0.7,0.0015082956259426848,0.9983417085427135,547.8299537999555,12,200
0.0020613373554550026,0.7,0.8541666666666666,0.14583333333333334,0.7,0.6,7,19849,41,3,0.7,0.0020613373554550026,0.9977889447236181,547.8299537999555,12,200
0.003167420814479638,0.7,0.9,0.1,0.7,0.65,7,19827,63,3,0.7,0.003167420814479638,0.9966834170854272,547.8299537999555,12,200
0.0032679738562091504,0.7,0.9027777777777778,0.09722222222222222,0.7,0.7,7,19825,65,3,0.7,0.0032679738562091504,0.9965829145728643,547.8299537999555,12,200
0.006385118149824032,0.7,0.9477611940298507,0.05223880597014925,0.7,0.75,7,19763,127,3,0.7,0.006385118149824032,0.9934673366834171,547.8299537999555,12,200
0.01412770236299648,0.7,0.9756944444444444,0.024305555555555556,0.7,0.8,7,19609,281,3,0.7,0.01412770236299648,0.9857286432160804,547.8299537999555,12,200
0.019959778783308194,0.7,0.9826732673267327,0.017326732673267328,0.7,0.85,7,19493,397,3,0.7,0.019959778783308194,0.9798994974874372,547.8299537999555,12,200
0.03805932629462041,0.8,0.9895424836601308,0.01045751633986928,0.8,0.9,8,19133,757,2,0.8,0.03805932629462041,0.9618592964824121,547.8299537999555,12,200
0.16556058320764203,0.8,0.9975764919721296,0.0024235080278703423,0.8,0.95,8,16597,3293,2,0.8,0.16556058320764203,0.8344221105527638,547.8299537999555,12,200
0.9782805429864253,1.0,0.9994863365522909,0.000513663447709061,1.0,1.0,10,432,19458,0,1.0,0.9782805429864253,0.02221105527638191,547.8299537999555,12,200
0.0,0.4,0.0,1.0,0.4,0.05,4,19890,0,6,0.4,0.0,0.9996984924623116,518.7545031000627,13,200
0.0,0.6,0.0,1.0,0.6,0.1,6,19890,0,4,0.6,0.0,0.9997989949748743,518.7545031000627,13,200
0.00020110608345902463,0.6,0.4,0.6,0.6,0.15,6,19886,4,4,0.6,0.00020110608345902463,0.9995979899497487,518.7545031000627,13,200
0.00025138260432378077,0.6,0.45454545454545453,0.5454545454545454,0.6,0.2,6,19885,5,4,0.6,0.00025138260432378077,0.9995477386934674,518.7545031000627,13,200
0.00025138260432378077,0.6,0.45454545454545453,0.5454545454545454,0.6,0.25,6,19885,5,4,0.6,0.00025138260432378077,0.9995477386934674,518.7545031000627,13,200
0.0003519356460532931,0.6,0.5384615384615384,0.46153846153846156,0.6,0.3,6,19883,7,4,0.6,0.0003519356460532931,0.9994472361809045,518.7545031000627,13,200
0.0003519356460532931,0.6,0.5384615384615384,0.46153846153846156,0.6,0.35,6,19883,7,4,0.6,0.0003519356460532931,0.9994472361809045,518.7545031000627,13,200
0.00040221216691804925,0.6,0.5714285714285714,0.42857142857142855,0.6,0.4,6,19882,8,4,0.6,0.00040221216691804925,0.9993969849246231,518.7545031000627,13,200
0.00040221216691804925,0.6,0.5714285714285714,0.42857142857142855,0.6,0.45,6,19882,8,4,0.6,0.00040221216691804925,0.9993969849246231,518.7545031000627,13,200
0.0008044243338360985,0.6,0.7272727272727273,0.2727272727272727,0.6,0.5,6,19874,16,4,0.6,0.0008044243338360985,0.9989949748743718,518.7545031000627,13,200
0.003217697335344394,0.7,0.9014084507042254,0.09859154929577464,0.7,0.55,7,19826,64,3,0.7,0.003217697335344394,0.9966331658291457,518.7545031000627,13,200
0.004675716440422323,0.7,0.93,0.07,0.7,0.6,7,19797,93,3,0.7,0.004675716440422323,0.9951758793969849,518.7545031000627,13,200
0.007541478129713424,0.8,0.9493670886075949,0.05063291139240506,0.8,0.65,8,19740,150,2,0.8,0.007541478129713424,0.9923618090452261,518.7545031000627,13,200
0.013021618903971846,0.8,0.9700374531835206,0.0299625468164794,0.8,0.7,8,19631,259,2,0.8,0.013021618903971846,0.9868844221105527,518.7545031000627,13,200
0.01820010055304173,0.8,0.9783783783783784,0.021621621621621623,0.8,0.75,8,19528,362,2,0.8,0.01820010055304173,0.9817085427135679,518.7545031000627,13,200
0.027652086475615886,0.8,0.985663082437276,0.014336917562724014,0.8,0.8,8,19340,550,2,0.8,0.027652086475615886,0.9722613065326633,518.7545031000627,13,200
0.04746103569632981,1.0,0.989517819706499,0.010482180293501049,1.0,0.85,10,18946,944,0,1.0,0.04746103569632981,0.9525628140703517,518.7545031000627,13,200
0.1094017094017094,1.0,0.9954254345837146,0.004574565416285453,1.0,0.9,10,17714,2176,0,1.0,0.1094017094017094,0.8906532663316583,518.7545031000627,13,200
0.24700854700854702,1.0,0.9979687182612228,0.0020312817387771686,1.0,0.95,10,14977,4913,0,1.0,0.24700854700854702,0.7531155778894473,518.7545031000627,13,200
0.9618401206636501,1.0,0.9994775612559428,0.0005224387440572592,1.0,1.0,10,759,19131,0,1.0,0.9618401206636501,0.03864321608040201,518.7545031000627,13,200
5.0276520864756156e-05,0.0,1.0,0.0,0.0,0.05,0,19889,1,10,0.0,5.0276520864756156e-05,0.9994472361809045,508.0681902000215,14,200
5.0276520864756156e-05,0.0,1.0,0.0,0.0,0.1,0,19889,1,10,0.0,5.0276520864756156e-05,0.9994472361809045,508.0681902000215,14,200
5.0276520864756156e-05,0.0,1.0,0.0,0.0,0.15,0,19889,1,10,0.0,5.0276520864756156e-05,0.9994472361809045,508.0681902000215,14,200
5.0276520864756156e-05,0.1,0.5,0.5,0.1,0.2,1,19889,1,9,0.1,5.0276520864756156e-05,0.9994974874371859,508.0681902000215,14,200
5.0276520864756156e-05,0.1,0.5,0.5,0.1,0.25,1,19889,1,9,0.1,5.0276520864756156e-05,0.9994974874371859,508.0681902000215,14,200
0.00020110608345902463,0.1,0.8,0.2,0.1,0.3,1,19886,4,9,0.1,0.00020110608345902463,0.9993467336683417,508.0681902000215,14,200
0.0003519356460532931,0.3,0.7,0.3,0.3,0.35,3,19883,7,7,0.3,0.0003519356460532931,0.9992964824120603,508.0681902000215,14,200
0.0003519356460532931,0.3,0.7,0.3,0.3,0.4,3,19883,7,7,0.3,0.0003519356460532931,0.9992964824120603,508.0681902000215,14,200
0.00045248868778280545,0.3,0.75,0.25,0.3,0.45,3,19881,9,7,0.3,0.00045248868778280545,0.9991959798994975,508.0681902000215,14,200
0.0005530417295123177,0.3,0.7857142857142857,0.21428571428571427,0.3,0.5,3,19879,11,7,0.3,0.0005530417295123177,0.9990954773869347,508.0681902000215,14,200
0.0005530417295123177,0.3,0.7857142857142857,0.21428571428571427,0.3,0.55,3,19879,11,7,0.3,0.0005530417295123177,0.9990954773869347,508.0681902000215,14,200
0.0005530417295123177,0.3,0.7857142857142857,0.21428571428571427,0.3,0.6,3,19879,11,7,0.3,0.0005530417295123177,0.9990954773869347,508.0681902000215,14,200
0.0007541478129713424,0.4,0.7894736842105263,0.21052631578947367,0.4,0.65,4,19875,15,6,0.4,0.0007541478129713424,0.9989447236180905,508.0681902000215,14,200
0.0011060834590246355,0.4,0.8461538461538461,0.15384615384615385,0.4,0.7,4,19868,22,6,0.4,0.0011060834590246355,0.9985929648241206,508.0681902000215,14,200
0.0011563599798893917,0.5,0.8214285714285714,0.17857142857142858,0.5,0.75,5,19867,23,5,0.5,0.0011563599798893917,0.9985929648241206,508.0681902000215,14,200
0.008295625942684766,0.6,0.9649122807017544,0.03508771929824561,0.6,0.8,6,19725,165,4,0.6,0.008295625942684766,0.9915075376884422,508.0681902000215,14,200
0.03237807943690297,0.8,0.9877300613496932,0.012269938650306749,0.8,0.85,8,19246,644,2,0.8,0.03237807943690297,0.9675376884422111,508.0681902000215,14,200
0.05475113122171946,0.8,0.9927073837739289,0.007292616226071103,0.8,0.9,8,18801,1089,2,0.8,0.05475113122171946,0.9451758793969849,508.0681902000215,14,200
0.19039718451483156,0.9,0.9976290832455216,0.0023709167544783984,0.9,0.95,9,16103,3787,1,0.9,0.19039718451483156,0.8096482412060302,508.0681902000215,14,200
0.9987933634992459,1.0,0.9994968806600926,0.000503119339907426,1.0,1.0,10,24,19866,0,1.0,0.9987933634992459,0.001708542713567839,508.0681902000215,14,200
0.0,0.3,0.0,1.0,0.3,0.05,3,19890,0,7,0.3,0.0,0.9996482412060301,511.34541760000866,15,200
0.0,0.3,0.0,1.0,0.3,0.1,3,19890,0,7,0.3,0.0,0.9996482412060301,511.34541760000866,15,200
0.0,0.5,0.0,1.0,0.5,0.15,5,19890,0,5,0.5,0.0,0.999748743718593,511.34541760000866,15,200
0.0,0.5,0.0,1.0,0.5,0.2,5,19890,0,5,0.5,0.0,0.999748743718593,511.34541760000866,15,200
5.0276520864756156e-05,0.6,0.14285714285714285,0.8571428571428571,0.6,0.25,6,19889,1,4,0.6,5.0276520864756156e-05,0.999748743718593,511.34541760000866,15,200
5.0276520864756156e-05,0.6,0.14285714285714285,0.8571428571428571,0.6,0.3,6,19889,1,4,0.6,5.0276520864756156e-05,0.999748743718593,511.34541760000866,15,200
0.00010055304172951231,0.6,0.25,0.75,0.6,0.35,6,19888,2,4,0.6,0.00010055304172951231,0.9996984924623116,511.34541760000866,15,200
0.00010055304172951231,0.6,0.25,0.75,0.6,0.4,6,19888,2,4,0.6,0.00010055304172951231,0.9996984924623116,511.34541760000866,15,200
0.00020110608345902463,0.6,0.4,0.6,0.6,0.45,6,19886,4,4,0.6,0.00020110608345902463,0.9995979899497487,511.34541760000866,15,200
0.00020110608345902463,0.6,0.4,0.6,0.6,0.5,6,19886,4,4,0.6,0.00020110608345902463,0.9995979899497487,511.34541760000866,15,200
0.00020110608345902463,0.6,0.4,0.6,0.6,0.55,6,19886,4,4,0.6,0.00020110608345902463,0.9995979899497487,511.34541760000866,15,200
0.00020110608345902463,0.6,0.4,0.6,0.6,0.6,6,19886,4,4,0.6,0.00020110608345902463,0.9995979899497487,511.34541760000866,15,200
0.00025138260432378077,0.7,0.4166666666666667,0.5833333333333334,0.7,0.65,7,19885,5,3,0.7,0.00025138260432378077,0.9995979899497487,511.34541760000866,15,200
0.00030165912518853697,0.7,0.46153846153846156,0.5384615384615384,0.7,0.7,7,19884,6,3,0.7,0.00030165912518853697,0.9995477386934674,511.34541760000866,15,200
0.0003519356460532931,0.7,0.5,0.5,0.7,0.75,7,19883,7,3,0.7,0.0003519356460532931,0.9994974874371859,511.34541760000866,15,200
0.00065359477124183,0.7,0.65,0.35,0.7,0.8,7,19877,13,3,0.7,0.00065359477124183,0.9991959798994975,511.34541760000866,15,200
0.00065359477124183,0.7,0.65,0.35,0.7,0.85,7,19877,13,3,0.7,0.00065359477124183,0.9991959798994975,511.34541760000866,15,200
0.0024132730015082957,0.7,0.8727272727272727,0.12727272727272726,0.7,0.9,7,19842,48,3,0.7,0.0024132730015082957,0.9974371859296483,511.34541760000866,15,200
0.00718954248366013,0.7,0.9533333333333334,0.04666666666666667,0.7,0.95,7,19747,143,3,0.7,0.00718954248366013,0.9926633165829146,511.34541760000866,15,200
0.9984917043740573,1.0,0.9994967287367891,0.0005032712632108706,1.0,1.0,10,30,19860,0,1.0,0.9984917043740573,0.0020100502512562816,511.34541760000866,15,200
0.0,0.1,0.0,1.0,0.1,0.05,1,19890,0,9,0.1,0.0,0.9995477386934674,566.6181334999856,16,200
0.0,0.1,0.0,1.0,0.1,0.1,1,19890,0,9,0.1,0.0,0.9995477386934674,566.6181334999856,16,200
0.0,0.2,0.0,1.0,0.2,0.15,2,19890,0,8,0.2,0.0,0.9995979899497487,566.6181334999856,16,200
0.0,0.3,0.0,1.0,0.3,0.2,3,19890,0,7,0.3,0.0,0.9996482412060301,566.6181334999856,16,200
0.0,0.3,0.0,1.0,0.3,0.25,3,19890,0,7,0.3,0.0,0.9996482412060301,566.6181334999856,16,200
0.0,0.3,0.0,1.0,0.3,0.3,3,19890,0,7,0.3,0.0,0.9996482412060301,566.6181334999856,16,200
0.0,0.3,0.0,1.0,0.3,0.35,3,19890,0,7,0.3,0.0,0.9996482412060301,566.6181334999856,16,200
0.0,0.3,0.0,1.0,0.3,0.4,3,19890,0,7,0.3,0.0,0.9996482412060301,566.6181334999856,16,200
0.0,0.3,0.0,1.0,0.3,0.45,3,19890,0,7,0.3,0.0,0.9996482412060301,566.6181334999856,16,200
0.0,0.3,0.0,1.0,0.3,0.5,3,19890,0,7,0.3,0.0,0.9996482412060301,566.6181334999856,16,200
0.0,0.3,0.0,1.0,0.3,0.55,3,19890,0,7,0.3,0.0,0.9996482412060301,566.6181334999856,16,200
0.0,0.3,0.0,1.0,0.3,0.6,3,19890,0,7,0.3,0.0,0.9996482412060301,566.6181334999856,16,200
0.003217697335344394,0.5,0.927536231884058,0.07246376811594203,0.5,0.65,5,19826,64,5,0.5,0.003217697335344394,0.996532663316583,566.6181334999856,16,200
0.003418803418803419,0.5,0.9315068493150684,0.0684931506849315,0.5,0.7,5,19822,68,5,0.5,0.003418803418803419,0.9963316582914573,566.6181334999856,16,200
0.003569632981397687,0.5,0.9342105263157895,0.06578947368421052,0.5,0.75,5,19819,71,5,0.5,0.003569632981397687,0.9961809045226131,566.6181334999856,16,200
0.005982905982905983,0.6,0.952,0.048,0.6,0.8,6,19771,119,4,0.6,0.005982905982905983,0.9938190954773869,566.6181334999856,16,200
0.03680241327300151,0.8,0.9891891891891892,0.010810810810810811,0.8,0.85,8,19158,732,2,0.8,0.03680241327300151,0.9631155778894472,566.6181334999856,16,200
0.0853192559074912,0.9,0.9947245017584995,0.005275498241500586,0.9,0.9,9,18193,1697,1,0.9,0.0853192559074912,0.9146733668341709,566.6181334999856,16,200
0.18270487682252387,1.0,0.9972557628979144,0.0027442371020856204,1.0,0.95,10,16256,3634,0,1.0,0.18270487682252387,0.8173869346733669,566.6181334999856,16,200
0.9985419808949221,1.0,0.999496754063711,0.0005032459362890644,1.0,1.0,10,29,19861,0,1.0,0.9985419808949221,0.001959798994974874,566.6181334999856,16,200
0.0,0.3,0.0,1.0,0.3,0.05,3,19890,0,7,0.3,0.0,0.9996482412060301,517.9846622000914,17,200
0.00025138260432378077,0.3,0.625,0.375,0.3,0.1,3,19885,5,7,0.3,0.00025138260432378077,0.9993969849246231,517.9846622000914,17,200
0.00025138260432378077,0.3,0.625,0.375,0.3,0.15,3,19885,5,7,0.3,0.00025138260432378077,0.9993969849246231,517.9846622000914,17,200
0.00025138260432378077,0.3,0.625,0.375,0.3,0.2,3,19885,5,7,0.3,0.00025138260432378077,0.9993969849246231,517.9846622000914,17,200
0.0005027652086475615,0.4,0.7142857142857143,0.2857142857142857,0.4,0.25,4,19880,10,6,0.4,0.0005027652086475615,0.9991959798994975,517.9846622000914,17,200
0.0007541478129713424,0.6,0.7142857142857143,0.2857142857142857,0.6,0.3,6,19875,15,4,0.6,0.0007541478129713424,0.9990452261306533,517.9846622000914,17,200
0.0007541478129713424,0.6,0.7142857142857143,0.2857142857142857,0.6,0.35,6,19875,15,4,0.6,0.0007541478129713424,0.9990452261306533,517.9846622000914,17,200
0.0010558069381598793,0.6,0.7777777777777778,0.2222222222222222,0.6,0.4,6,19869,21,4,0.6,0.0010558069381598793,0.9987437185929648,517.9846622000914,17,200
0.00130718954248366,0.6,0.8125,0.1875,0.6,0.45,6,19864,26,4,0.6,0.00130718954248366,0.9984924623115577,517.9846622000914,17,200
0.0022624434389140274,0.6,0.8823529411764706,0.11764705882352941,0.6,0.5,6,19845,45,4,0.6,0.0022624434389140274,0.997537688442211,517.9846622000914,17,200
0.00392156862745098,0.8,0.9069767441860465,0.09302325581395349,0.8,0.55,8,19812,78,2,0.8,0.00392156862745098,0.9959798994974874,517.9846622000914,17,200
0.005982905982905983,0.8,0.937007874015748,0.06299212598425197,0.8,0.6,8,19771,119,2,0.8,0.005982905982905983,0.9939195979899498,517.9846622000914,17,200
0.00718954248366013,0.9,0.9407894736842105,0.05921052631578947,0.9,0.65,9,19747,143,1,0.9,0.00718954248366013,0.9927638190954774,517.9846622000914,17,200
0.008748114630467572,0.9,0.9508196721311475,0.04918032786885246,0.9,0.7,9,19716,174,1,0.9,0.008748114630467572,0.9912060301507538,517.9846622000914,17,200
0.0110105580693816,0.9,0.9605263157894737,0.039473684210526314,0.9,0.75,9,19671,219,1,0.9,0.0110105580693816,0.9889447236180905,517.9846622000914,17,200
0.02513826043237808,0.9,0.9823182711198428,0.01768172888015717,0.9,0.8,9,19390,500,1,0.9,0.02513826043237808,0.974824120603015,517.9846622000914,17,200
0.05364504776269482,1.0,0.9907149489322191,0.009285051067780872,1.0,0.85,10,18823,1067,0,1.0,0.05364504776269482,0.9463819095477387,517.9846622000914,17,200
0.19195575666163903,1.0,0.9973876698014629,0.002612330198537095,1.0,0.9,10,16072,3818,0,1.0,0.19195575666163903,0.8081407035175879,517.9846622000914,17,200
0.2821015585721468,1.0,0.9982209571250668,0.001779042874933286,1.0,0.95,10,14279,5611,0,1.0,0.2821015585721468,0.7180402010050251,517.9846622000914,17,200
0.963298139768728,1.0,0.9994783515910276,0.0005216484089723526,1.0,1.0,10,730,19160,0,1.0,0.963298139768728,0.0371859296482412,517.9846622000914,17,200
0.0,0.0,0.0,,0.0,0.05,0,19890,0,10,0.0,0.0,0.9994974874371859,518.5856950000161,18,200
0.0,0.0,0.0,,0.0,0.1,0,19890,0,10,0.0,0.0,0.9994974874371859,518.5856950000161,18,200
0.0,0.1,0.0,1.0,0.1,0.15,1,19890,0,9,0.1,0.0,0.9995477386934674,518.5856950000161,18,200
0.0,0.1,0.0,1.0,0.1,0.2,1,19890,0,9,0.1,0.0,0.9995477386934674,518.5856950000161,18,200
0.0,0.1,0.0,1.0,0.1,0.25,1,19890,0,9,0.1,0.0,0.9995477386934674,518.5856950000161,18,200
0.00010055304172951231,0.2,0.5,0.5,0.2,0.3,2,19888,2,8,0.2,0.00010055304172951231,0.9994974874371859,518.5856950000161,18,200
0.00010055304172951231,0.2,0.5,0.5,0.2,0.35,2,19888,2,8,0.2,0.00010055304172951231,0.9994974874371859,518.5856950000161,18,200
0.00010055304172951231,0.2,0.5,0.5,0.2,0.4,2,19888,2,8,0.2,0.00010055304172951231,0.9994974874371859,518.5856950000161,18,200
0.00010055304172951231,0.2,0.5,0.5,0.2,0.45,2,19888,2,8,0.2,0.00010055304172951231,0.9994974874371859,518.5856950000161,18,200
0.0010558069381598793,0.5,0.8076923076923077,0.19230769230769232,0.5,0.5,5,19869,21,5,0.5,0.0010558069381598793,0.9986934673366834,518.5856950000161,18,200
0.003569632981397687,0.6,0.922077922077922,0.07792207792207792,0.6,0.55,6,19819,71,4,0.6,0.003569632981397687,0.9962311557788944,518.5856950000161,18,200
0.00392156862745098,0.6,0.9285714285714286,0.07142857142857142,0.6,0.6,6,19812,78,4,0.6,0.00392156862745098,0.9958793969849247,518.5856950000161,18,200
0.008547008547008548,0.6,0.9659090909090909,0.03409090909090909,0.6,0.65,6,19720,170,4,0.6,0.008547008547008548,0.9912562814070351,518.5856950000161,18,200
0.01085972850678733,0.6,0.972972972972973,0.02702702702702703,0.6,0.7,6,19674,216,4,0.6,0.01085972850678733,0.9889447236180905,518.5856950000161,18,200
0.02066365007541478,0.7,0.9832535885167464,0.01674641148325359,0.7,0.75,7,19479,411,3,0.7,0.02066365007541478,0.9791959798994975,518.5856950000161,18,200
0.025892408245349424,0.8,0.9847036328871893,0.015296367112810707,0.8,0.8,8,19375,515,2,0.8,0.025892408245349424,0.9740201005025125,518.5856950000161,18,200
0.04992458521870287,1.0,0.9900299102691924,0.009970089730807577,1.0,0.85,10,18897,993,0,1.0,0.04992458521870287,0.9501005025125628,518.5856950000161,18,200
0.112166918049271,1.0,0.9955377063810799,0.004462293618920125,1.0,0.9,10,17659,2231,0,1.0,0.112166918049271,0.8878894472361809,518.5856950000161,18,200
0.32031171442936146,1.0,0.9984328475160633,0.001567152483936687,1.0,0.95,10,13519,6371,0,1.0,0.32031171442936146,0.6798492462311557,518.5856950000161,18,200
0.9985922574157868,1.0,0.9994967793880838,0.000503220611916264,1.0,1.0,10,28,19862,0,1.0,0.9985922574157868,0.0019095477386934674,518.5856950000161,18,200
0.0,0.2,0.0,1.0,0.2,0.05,2,19890,0,8,0.2,0.0,0.9995979899497487,516.9885910999728,19,200
0.0,0.2,0.0,1.0,0.2,0.1,2,19890,0,8,0.2,0.0,0.9995979899497487,516.9885910999728,19,200
5.0276520864756156e-05,0.2,0.3333333333333333,0.6666666666666666,0.2,0.15,2,19889,1,8,0.2,5.0276520864756156e-05,0.9995477386934674,516.9885910999728,19,200
0.00030165912518853697,0.4,0.6,0.4,0.4,0.2,4,19884,6,6,0.4,0.00030165912518853697,0.9993969849246231,516.9885910999728,19,200
0.00030165912518853697,0.4,0.6,0.4,0.4,0.25,4,19884,6,6,0.4,0.00030165912518853697,0.9993969849246231,516.9885910999728,19,200
0.00040221216691804925,0.4,0.6666666666666666,0.3333333333333333,0.4,0.3,4,19882,8,6,0.4,0.00040221216691804925,0.9992964824120603,516.9885910999728,19,200
0.00040221216691804925,0.4,0.6666666666666666,0.3333333333333333,0.4,0.35,4,19882,8,6,0.4,0.00040221216691804925,0.9992964824120603,516.9885910999728,19,200
0.00045248868778280545,0.4,0.6923076923076923,0.3076923076923077,0.4,0.4,4,19881,9,6,0.4,0.00045248868778280545,0.9992462311557789,516.9885910999728,19,200
0.0005027652086475615,0.4,0.7142857142857143,0.2857142857142857,0.4,0.45,4,19880,10,6,0.4,0.0005027652086475615,0.9991959798994975,516.9885910999728,19,200
0.0011563599798893917,0.4,0.8518518518518519,0.14814814814814814,0.4,0.5,4,19867,23,6,0.4,0.0011563599798893917,0.9985427135678392,516.9885910999728,19,200
0.0011563599798893917,0.4,0.8518518518518519,0.14814814814814814,0.4,0.55,4,19867,23,6,0.4,0.0011563599798893917,0.9985427135678392,516.9885910999728,19,200
0.0026646556058320765,0.5,0.9137931034482759,0.08620689655172414,0.5,0.6,5,19837,53,5,0.5,0.0026646556058320765,0.9970854271356784,516.9885910999728,19,200
0.002765208647561589,0.5,0.9166666666666666,0.08333333333333333,0.5,0.65,5,19835,55,5,0.5,0.002765208647561589,0.9969849246231156,516.9885910999728,19,200
0.004122674710910005,0.5,0.9425287356321839,0.05747126436781609,0.5,0.7,5,19808,82,5,0.5,0.004122674710910005,0.9956281407035176,516.9885910999728,19,200
0.008094519859225742,0.5,0.9698795180722891,0.030120481927710843,0.5,0.75,5,19729,161,5,0.5,0.008094519859225742,0.9916582914572865,516.9885910999728,19,200
0.011463046757164403,0.5,0.9785407725321889,0.02145922746781116,0.5,0.8,5,19662,228,5,0.5,0.011463046757164403,0.9882914572864322,516.9885910999728,19,200
0.03469079939668175,0.7,0.9899569583931134,0.010043041606886656,0.7,0.85,7,19200,690,3,0.7,0.03469079939668175,0.9651758793969849,516.9885910999728,19,200
0.08974358974358974,0.7,0.99609375,0.00390625,0.7,0.9,7,18105,1785,3,0.7,0.08974358974358974,0.9101507537688442,516.9885910999728,19,200
0.2906485671191554,0.8,0.9986180687510796,0.0013819312489203662,0.8,0.95,8,14109,5781,2,0.8,0.2906485671191554,0.7093969849246231,516.9885910999728,19,200
0.9964303670186023,1.0,0.9994956881335418,0.0005043118664582178,1.0,1.0,10,71,19819,0,1.0,0.9964303670186023,0.00407035175879397,516.9885910999728,19,200
0.0,0.3,0.0,1.0,0.3,0.05,3,19890,0,7,0.3,0.0,0.9996482412060301,518.1198167999974,20,200
0.0,0.3,0.0,1.0,0.3,0.1,3,19890,0,7,0.3,0.0,0.9996482412060301,518.1198167999974,20,200
0.0,0.3,0.0,1.0,0.3,0.15,3,19890,0,7,0.3,0.0,0.9996482412060301,518.1198167999974,20,200
0.0,0.3,0.0,1.0,0.3,0.2,3,19890,0,7,0.3,0.0,0.9996482412060301,518.1198167999974,20,200
0.0,0.3,0.0,1.0,0.3,0.25,3,19890,0,7,0.3,0.0,0.9996482412060301,518.1198167999974,20,200
5.0276520864756156e-05,0.3,0.25,0.75,0.3,0.3,3,19889,1,7,0.3,5.0276520864756156e-05,0.9995979899497487,518.1198167999974,20,200
0.00020110608345902463,0.4,0.5,0.5,0.4,0.35,4,19886,4,6,0.4,0.00020110608345902463,0.9994974874371859,518.1198167999974,20,200
0.00025138260432378077,0.4,0.5555555555555556,0.4444444444444444,0.4,0.4,4,19885,5,6,0.4,0.00025138260432378077,0.9994472361809045,518.1198167999974,20,200
0.0007038712921065862,0.6,0.7,0.3,0.6,0.45,6,19876,14,4,0.6,0.0007038712921065862,0.9990954773869347,518.1198167999974,20,200
0.0008044243338360985,0.6,0.7272727272727273,0.2727272727272727,0.6,0.5,6,19874,16,4,0.6,0.0008044243338360985,0.9989949748743718,518.1198167999974,20,200
0.0008044243338360985,0.6,0.7272727272727273,0.2727272727272727,0.6,0.55,6,19874,16,4,0.6,0.0008044243338360985,0.9989949748743718,518.1198167999974,20,200
0.0008547008547008547,0.6,0.7391304347826086,0.2608695652173913,0.6,0.6,6,19873,17,4,0.6,0.0008547008547008547,0.9989447236180905,518.1198167999974,20,200
0.0024635495223730517,0.7,0.875,0.125,0.7,0.65,7,19841,49,3,0.7,0.0024635495223730517,0.9973869346733668,518.1198167999974,20,200
0.005429864253393665,0.7,0.9391304347826087,0.06086956521739131,0.7,0.7,7,19782,108,3,0.7,0.005429864253393665,0.9944221105527639,518.1198167999974,20,200
0.006988436400201106,0.7,0.952054794520548,0.04794520547945205,0.7,0.75,7,19751,139,3,0.7,0.006988436400201106,0.9928643216080402,518.1198167999974,20,200
0.011060834590246356,0.7,0.9691629955947136,0.030837004405286344,0.7,0.8,7,19670,220,3,0.7,0.011060834590246356,0.9887939698492463,518.1198167999974,20,200
0.0440422322775264,0.8,0.9909502262443439,0.00904977375565611,0.8,0.85,8,19014,876,2,0.8,0.0440422322775264,0.9558793969849246,518.1198167999974,20,200
0.19029663147310205,1.0,0.997364953886693,0.002635046113306983,1.0,0.9,10,16105,3785,0,1.0,0.19029663147310205,0.8097989949748744,518.1198167999974,20,200
0.3537958773252891,1.0,0.9985809564353626,0.0014190435646374343,1.0,0.95,10,12853,7037,0,1.0,0.3537958773252891,0.6463819095477387,518.1198167999974,20,200
0.9525389643036701,1.0,0.9994724625448407,0.0005275374551593163,1.0,1.0,10,944,18946,0,1.0,0.9525389643036701,0.04793969849246231,518.1198167999974,20,200
0.0,0.2,0.0,1.0,0.2,0.05,2,19890,0,8,0.2,0.0,0.9995979899497487,523.435336500057,21,200
0.0,0.2,0.0,1.0,0.2,0.1,2,19890,0,8,0.2,0.0,0.9995979899497487,523.435336500057,21,200
0.0,0.2,0.0,1.0,0.2,0.15,2,19890,0,8,0.2,0.0,0.9995979899497487,523.435336500057,21,200
0.0,0.2,0.0,1.0,0.2,0.2,2,19890,0,8,0.2,0.0,0.9995979899497487,523.435336500057,21,200
0.0,0.2,0.0,1.0,0.2,0.25,2,19890,0,8,0.2,0.0,0.9995979899497487,523.435336500057,21,200
0.0,0.2,0.0,1.0,0.2,0.3,2,19890,0,8,0.2,0.0,0.9995979899497487,523.435336500057,21,200
0.0,0.2,0.0,1.0,0.2,0.35,2,19890,0,8,0.2,0.0,0.9995979899497487,523.435336500057,21,200
0.00030165912518853697,0.2,0.75,0.25,0.2,0.4,2,19884,6,8,0.2,0.00030165912518853697,0.9992964824120603,523.435336500057,21,200
0.00040221216691804925,0.3,0.7272727272727273,0.2727272727272727,0.3,0.45,3,19882,8,7,0.3,0.00040221216691804925,0.9992462311557789,523.435336500057,21,200
0.00040221216691804925,0.3,0.7272727272727273,0.2727272727272727,0.3,0.5,3,19882,8,7,0.3,0.00040221216691804925,0.9992462311557789,523.435336500057,21,200
0.00045248868778280545,0.3,0.75,0.25,0.3,0.55,3,19881,9,7,0.3,0.00045248868778280545,0.9991959798994975,523.435336500057,21,200
0.0009049773755656109,0.3,0.8571428571428571,0.14285714285714285,0.3,0.6,3,19872,18,7,0.3,0.0009049773755656109,0.9987437185929648,523.435336500057,21,200
0.0011563599798893917,0.3,0.8846153846153846,0.11538461538461539,0.3,0.65,3,19867,23,7,0.3,0.0011563599798893917,0.9984924623115577,523.435336500057,21,200
0.00432378079436903,0.7,0.9247311827956989,0.07526881720430108,0.7,0.7,7,19804,86,3,0.7,0.00432378079436903,0.9955276381909548,523.435336500057,21,200
0.011965811965811967,0.7,0.9714285714285714,0.02857142857142857,0.7,0.75,7,19652,238,3,0.7,0.011965811965811967,0.9878894472361809,523.435336500057,21,200
0.02146807440925088,0.9,0.9793577981651376,0.020642201834862386,0.9,0.8,9,19463,427,1,0.9,0.02146807440925088,0.9784924623115578,523.435336500057,21,200
0.04776269482151835,0.9,0.9906152241918665,0.009384775808133473,0.9,0.85,9,18940,950,1,0.9,0.04776269482151835,0.952211055276382,523.435336500057,21,200
0.08959276018099548,1.0,0.9944196428571429,0.005580357142857143,1.0,0.9,10,18108,1782,0,1.0,0.08959276018099548,0.9104522613065327,523.435336500057,21,200
0.3136249371543489,1.0,0.9983994878361075,0.0016005121638924455,1.0,0.95,10,13652,6238,0,1.0,0.3136249371543489,0.6865326633165829,523.435336500057,21,200
0.9891402714932127,1.0,0.9994919731761837,0.0005080268238162975,1.0,1.0,10,216,19674,0,1.0,0.9891402714932127,0.01135678391959799,523.435336500057,21,200
0.0,0.0,0.0,,0.0,0.05,0,19890,0,10,0.0,0.0,0.9994974874371859,509.1924369999906,22,200
0.0,0.0,0.0,,0.0,0.1,0,19890,0,10,0.0,0.0,0.9994974874371859,509.1924369999906,22,200
0.0,0.0,0.0,,0.0,0.15,0,19890,0,10,0.0,0.0,0.9994974874371859,509.1924369999906,22,200
5.0276520864756156e-05,0.0,1.0,0.0,0.0,0.2,0,19889,1,10,0.0,5.0276520864756156e-05,0.9994472361809045,509.1924369999906,22,200
5.0276520864756156e-05,0.0,1.0,0.0,0.0,0.25,0,19889,1,10,0.0,5.0276520864756156e-05,0.9994472361809045,509.1924369999906,22,200
5.0276520864756156e-05,0.0,1.0,0.0,0.0,0.3,0,19889,1,10,0.0,5.0276520864756156e-05,0.9994472361809045,509.1924369999906,22,200
0.00020110608345902463,0.3,0.5714285714285714,0.42857142857142855,0.3,0.35,3,19886,4,7,0.3,0.00020110608345902463,0.9994472361809045,509.1924369999906,22,200
0.00020110608345902463,0.3,0.5714285714285714,0.42857142857142855,0.3,0.4,3,19886,4,7,0.3,0.00020110608345902463,0.9994472361809045,509.1924369999906,22,200
0.0011060834590246355,0.4,0.8461538461538461,0.15384615384615385,0.4,0.45,4,19868,22,6,0.4,0.0011060834590246355,0.9985929648241206,509.1924369999906,22,200
0.0012066365007541479,0.4,0.8571428571428571,0.14285714285714285,0.4,0.5,4,19866,24,6,0.4,0.0012066365007541479,0.9984924623115577,509.1924369999906,22,200
0.0036701860231271996,0.5,0.9358974358974359,0.0641025641025641,0.5,0.55,5,19817,73,5,0.5,0.0036701860231271996,0.9960804020100502,509.1924369999906,22,200
0.004474610356963298,0.6,0.9368421052631579,0.06315789473684211,0.6,0.6,6,19801,89,4,0.6,0.004474610356963298,0.9953266331658291,509.1924369999906,22,200
0.006385118149824032,0.6,0.9548872180451128,0.045112781954887216,0.6,0.65,6,19763,127,4,0.6,0.006385118149824032,0.9934170854271357,509.1924369999906,22,200
0.010407239819004524,0.6,0.971830985915493,0.028169014084507043,0.6,0.7,6,19683,207,4,0.6,0.010407239819004524,0.9893969849246231,509.1924369999906,22,200
0.015233785822021116,0.6,0.9805825242718447,0.019417475728155338,0.6,0.75,6,19587,303,4,0.6,0.015233785822021116,0.9845728643216081,509.1924369999906,22,200
0.023026646556058322,0.6,0.9870689655172413,0.01293103448275862,0.6,0.8,6,19432,458,4,0.6,0.023026646556058322,0.9767839195979899,509.1924369999906,22,200
0.07219708396178984,0.7,0.9951489951489951,0.004851004851004851,0.7,0.85,7,18454,1436,3,0.7,0.07219708396178984,0.9276884422110553,509.1924369999906,22,200
0.1434389140271493,0.9,0.9968553459119497,0.0031446540880503146,0.9,0.9,9,17037,2853,1,0.9,0.1434389140271493,0.8565829145728643,509.1924369999906,22,200
0.3058823529411765,1.0,0.9983590416803413,0.0016409583196586807,1.0,0.95,10,13806,6084,0,1.0,0.3058823529411765,0.6942713567839196,509.1924369999906,22,200
0.9982905982905983,1.0,0.9994966274036041,0.0005033725963958522,1.0,1.0,10,34,19856,0,1.0,0.9982905982905983,0.0022110552763819095,509.1924369999906,22,200
0.0,0.1,0.0,1.0,0.1,0.05,1,19890,0,9,0.1,0.0,0.9995477386934674,531.7151425000047,23,200
5.0276520864756156e-05,0.1,0.5,0.5,0.1,0.1,1,19889,1,9,0.1,5.0276520864756156e-05,0.9994974874371859,531.7151425000047,23,200
5.0276520864756156e-05,0.1,0.5,0.5,0.1,0.15,1,19889,1,9,0.1,5.0276520864756156e-05,0.9994974874371859,531.7151425000047,23,200
5.0276520864756156e-05,0.1,0.5,0.5,0.1,0.2,1,19889,1,9,0.1,5.0276520864756156e-05,0.9994974874371859,531.7151425000047,23,200
5.0276520864756156e-05,0.1,0.5,0.5,0.1,0.25,1,19889,1,9,0.1,5.0276520864756156e-05,0.9994974874371859,531.7151425000047,23,200
5.0276520864756156e-05,0.1,0.5,0.5,0.1,0.3,1,19889,1,9,0.1,5.0276520864756156e-05,0.9994974874371859,531.7151425000047,23,200
0.00015082956259426848,0.1,0.75,0.25,0.1,0.35,1,19887,3,9,0.1,0.00015082956259426848,0.9993969849246231,531.7151425000047,23,200
0.00015082956259426848,0.1,0.75,0.25,0.1,0.4,1,19887,3,9,0.1,0.00015082956259426848,0.9993969849246231,531.7151425000047,23,200
0.00020110608345902463,0.1,0.8,0.2,0.1,0.45,1,19886,4,9,0.1,0.00020110608345902463,0.9993467336683417,531.7151425000047,23,200
0.0007038712921065862,0.1,0.9333333333333333,0.06666666666666667,0.1,0.5,1,19876,14,9,0.1,0.0007038712921065862,0.9988442211055276,531.7151425000047,23,200
0.0018602312719959778,0.4,0.9024390243902439,0.0975609756097561,0.4,0.55,4,19853,37,6,0.4,0.0018602312719959778,0.9978391959798995,531.7151425000047,23,200
0.002513826043237808,0.4,0.9259259259259259,0.07407407407407407,0.4,0.6,4,19840,50,6,0.4,0.002513826043237808,0.9971859296482412,531.7151425000047,23,200
0.004122674710910005,0.4,0.9534883720930233,0.046511627906976744,0.4,0.65,4,19808,82,6,0.4,0.004122674710910005,0.9955778894472361,531.7151425000047,23,200
0.004474610356963298,0.4,0.956989247311828,0.043010752688172046,0.4,0.7,4,19801,89,6,0.4,0.004474610356963298,0.9952261306532664,531.7151425000047,23,200
0.00522875816993464,0.5,0.9541284403669725,0.045871559633027525,0.5,0.75,5,19786,104,5,0.5,0.00522875816993464,0.9945226130653266,531.7151425000047,23,200
0.008195072900955254,0.5,0.9702380952380952,0.02976190476190476,0.5,0.8,5,19727,163,5,0.5,0.008195072900955254,0.9915577889447236,531.7151425000047,23,200
0.055857214680744095,0.8,0.9928507596067918,0.0071492403932082215,0.8,0.85,8,18779,1111,2,0.8,0.055857214680744095,0.944070351758794,531.7151425000047,23,200
0.14399195575666163,0.8,0.9972144846796658,0.002785515320334262,0.8,0.9,8,17026,2864,2,0.8,0.14399195575666163,0.8559798994974874,531.7151425000047,23,200
0.32840623428858723,1.0,0.9984714154692754,0.001528584530724549,1.0,0.95,10,13358,6532,0,1.0,0.32840623428858723,0.6717587939698493,531.7151425000047,23,200
0.9982403217697335,1.0,0.9994966020639315,0.0005033979360684622,1.0,1.0,10,35,19855,0,1.0,0.9982403217697335,0.0022613065326633165,531.7151425000047,23,200
0.0,0.2,0.0,1.0,0.2,0.05,2,19890,0,8,0.2,0.0,0.9995979899497487,502.98657019995153,24,200
0.0,0.2,0.0,1.0,0.2,0.1,2,19890,0,8,0.2,0.0,0.9995979899497487,502.98657019995153,24,200
0.00015082956259426848,0.3,0.5,0.5,0.3,0.15,3,19887,3,7,0.3,0.00015082956259426848,0.9994974874371859,502.98657019995153,24,200
0.00025138260432378077,0.3,0.625,0.375,0.3,0.2,3,19885,5,7,0.3,0.00025138260432378077,0.9993969849246231,502.98657019995153,24,200
0.00025138260432378077,0.3,0.625,0.375,0.3,0.25,3,19885,5,7,0.3,0.00025138260432378077,0.9993969849246231,502.98657019995153,24,200
0.000955253896430367,0.3,0.8636363636363636,0.13636363636363635,0.3,0.3,3,19871,19,7,0.3,0.000955253896430367,0.9986934673366834,502.98657019995153,24,200
0.00130718954248366,0.4,0.8666666666666667,0.13333333333333333,0.4,0.35,4,19864,26,6,0.4,0.00130718954248366,0.998391959798995,502.98657019995153,24,200
0.0017094017094017094,0.4,0.8947368421052632,0.10526315789473684,0.4,0.4,4,19856,34,6,0.4,0.0017094017094017094,0.9979899497487437,502.98657019995153,24,200
0.0023629964806435393,0.5,0.9038461538461539,0.09615384615384616,0.5,0.45,5,19843,47,5,0.5,0.0023629964806435393,0.9973869346733668,502.98657019995153,24,200
0.00261437908496732,0.5,0.9122807017543859,0.08771929824561403,0.5,0.5,5,19838,52,5,0.5,0.00261437908496732,0.9971356783919598,502.98657019995153,24,200
0.0029663147310206132,0.5,0.921875,0.078125,0.5,0.55,5,19831,59,5,0.5,0.0029663147310206132,0.99678391959799,502.98657019995153,24,200
0.003569632981397687,0.5,0.9342105263157895,0.06578947368421052,0.5,0.6,5,19819,71,5,0.5,0.003569632981397687,0.9961809045226131,502.98657019995153,24,200
0.004424333836098542,0.5,0.946236559139785,0.053763440860215055,0.5,0.65,5,19802,88,5,0.5,0.004424333836098542,0.9953266331658291,502.98657019995153,24,200
0.005279034690799397,0.5,0.9545454545454546,0.045454545454545456,0.5,0.7,5,19785,105,5,0.5,0.005279034690799397,0.9944723618090452,502.98657019995153,24,200
0.006988436400201106,0.7,0.952054794520548,0.04794520547945205,0.7,0.75,7,19751,139,3,0.7,0.006988436400201106,0.9928643216080402,502.98657019995153,24,200
0.008697838109602816,0.7,0.9611111111111111,0.03888888888888889,0.7,0.8,7,19717,173,3,0.7,0.008697838109602816,0.9911557788944724,502.98657019995153,24,200
0.030869783810960283,1.0,0.9839743589743589,0.016025641025641024,1.0,0.85,10,19276,614,0,1.0,0.030869783810960283,0.9691457286432161,502.98657019995153,24,200
0.06520864756158874,1.0,0.9923488905891354,0.0076511094108645756,1.0,0.9,10,18593,1297,0,1.0,0.06520864756158874,0.9348241206030151,502.98657019995153,24,200
0.2969331322272499,1.0,0.9983096686950642,0.0016903313049357674,1.0,0.95,10,13984,5906,0,1.0,0.2969331322272499,0.70321608040201,502.98657019995153,24,200
0.930517848164907,1.0,0.9994599848795767,0.0005400151204233718,1.0,1.0,10,1382,18508,0,1.0,0.930517848164907,0.06994974874371859,502.98657019995153,24,200
0.0,0.1,0.0,1.0,0.1,0.05,1,19890,0,9,0.1,0.0,0.9995477386934674,512.7259733000537,25,200
0.0,0.1,0.0,1.0,0.1,0.1,1,19890,0,9,0.1,0.0,0.9995477386934674,512.7259733000537,25,200
0.0,0.1,0.0,1.0,0.1,0.15,1,19890,0,9,0.1,0.0,0.9995477386934674,512.7259733000537,25,200
0.00010055304172951231,0.1,0.6666666666666666,0.3333333333333333,0.1,0.2,1,19888,2,9,0.1,0.00010055304172951231,0.9994472361809045,512.7259733000537,25,200
0.00010055304172951231,0.1,0.6666666666666666,0.3333333333333333,0.1,0.25,1,19888,2,9,0.1,0.00010055304172951231,0.9994472361809045,512.7259733000537,25,200
0.00020110608345902463,0.1,0.8,0.2,0.1,0.3,1,19886,4,9,0.1,0.00020110608345902463,0.9993467336683417,512.7259733000537,25,200
0.00020110608345902463,0.1,0.8,0.2,0.1,0.35,1,19886,4,9,0.1,0.00020110608345902463,0.9993467336683417,512.7259733000537,25,200
0.00020110608345902463,0.1,0.8,0.2,0.1,0.4,1,19886,4,9,0.1,0.00020110608345902463,0.9993467336683417,512.7259733000537,25,200
0.00020110608345902463,0.1,0.8,0.2,0.1,0.45,1,19886,4,9,0.1,0.00020110608345902463,0.9993467336683417,512.7259733000537,25,200
0.00025138260432378077,0.1,0.8333333333333334,0.16666666666666666,0.1,0.5,1,19885,5,9,0.1,0.00025138260432378077,0.9992964824120603,512.7259733000537,25,200
0.0012066365007541479,0.2,0.9230769230769231,0.07692307692307693,0.2,0.55,2,19866,24,8,0.2,0.0012066365007541479,0.998391959798995,512.7259733000537,25,200
0.001256913021618904,0.2,0.9259259259259259,0.07407407407407407,0.2,0.6,2,19865,25,8,0.2,0.001256913021618904,0.9983417085427135,512.7259733000537,25,200
0.002765208647561589,0.2,0.9649122807017544,0.03508771929824561,0.2,0.65,2,19835,55,8,0.2,0.002765208647561589,0.9968341708542714,512.7259733000537,25,200
0.003971845148315736,0.2,0.9753086419753086,0.024691358024691357,0.2,0.7,2,19811,79,8,0.2,0.003971845148315736,0.9956281407035176,512.7259733000537,25,200
0.009904474610356963,0.5,0.9752475247524752,0.024752475247524754,0.5,0.75,5,19693,197,5,0.5,0.009904474610356963,0.9898492462311558,512.7259733000537,25,200
0.015384615384615385,0.5,0.9839228295819936,0.01607717041800643,0.5,0.8,5,19584,306,5,0.5,0.015384615384615385,0.9843718592964824,512.7259733000537,25,200
0.08728004022121669,0.8,0.9954128440366973,0.0045871559633027525,0.8,0.85,8,18154,1736,2,0.8,0.08728004022121669,0.9126633165829146,512.7259733000537,25,200
0.17772750125691303,1.0,0.997179125528914,0.0028208744710860366,1.0,0.9,10,16355,3535,0,1.0,0.17772750125691303,0.8223618090452262,512.7259733000537,25,200
0.34489693313222725,1.0,0.9985443959243085,0.001455604075691412,1.0,0.95,10,13030,6860,0,1.0,0.34489693313222725,0.6552763819095477,512.7259733000537,25,200
0.9967823026646556,1.0,0.9994958661020367,0.000504133897963299,1.0,1.0,10,64,19826,0,1.0,0.9967823026646556,0.0037185929648241205,512.7259733000537,25,200
5.0276520864756156e-05,0.2,0.3333333333333333,0.6666666666666666,0.2,0.05,2,19889,1,8,0.2,5.0276520864756156e-05,0.9995477386934674,511.1799432000844,26,200
0.00015082956259426848,0.2,0.6,0.4,0.2,0.1,2,19887,3,8,0.2,0.00015082956259426848,0.9994472361809045,511.1799432000844,26,200
0.00015082956259426848,0.2,0.6,0.4,0.2,0.15,2,19887,3,8,0.2,0.00015082956259426848,0.9994472361809045,511.1799432000844,26,200
0.00015082956259426848,0.2,0.6,0.4,0.2,0.2,2,19887,3,8,0.2,0.00015082956259426848,0.9994472361809045,511.1799432000844,26,200
0.00020110608345902463,0.2,0.6666666666666666,0.3333333333333333,0.2,0.25,2,19886,4,8,0.2,0.00020110608345902463,0.9993969849246231,511.1799432000844,26,200
0.00025138260432378077,0.2,0.7142857142857143,0.2857142857142857,0.2,0.3,2,19885,5,8,0.2,0.00025138260432378077,0.9993467336683417,511.1799432000844,26,200
0.00030165912518853697,0.3,0.6666666666666666,0.3333333333333333,0.3,0.35,3,19884,6,7,0.3,0.00030165912518853697,0.9993467336683417,511.1799432000844,26,200
0.00030165912518853697,0.3,0.6666666666666666,0.3333333333333333,0.3,0.4,3,19884,6,7,0.3,0.00030165912518853697,0.9993467336683417,511.1799432000844,26,200
0.00045248868778280545,0.4,0.6923076923076923,0.3076923076923077,0.4,0.45,4,19881,9,6,0.4,0.00045248868778280545,0.9992462311557789,511.1799432000844,26,200
0.0008044243338360985,0.6,0.7272727272727273,0.2727272727272727,0.6,0.5,6,19874,16,4,0.6,0.0008044243338360985,0.9989949748743718,511.1799432000844,26,200
0.0011060834590246355,0.6,0.7857142857142857,0.21428571428571427,0.6,0.55,6,19868,22,4,0.6,0.0011060834590246355,0.9986934673366834,511.1799432000844,26,200
0.0011563599798893917,0.6,0.7931034482758621,0.20689655172413793,0.6,0.6,6,19867,23,4,0.6,0.0011563599798893917,0.998643216080402,511.1799432000844,26,200
0.001256913021618904,0.6,0.8064516129032258,0.1935483870967742,0.6,0.65,6,19865,25,4,0.6,0.001256913021618904,0.9985427135678392,511.1799432000844,26,200
0.0032679738562091504,0.7,0.9027777777777778,0.09722222222222222,0.7,0.7,7,19825,65,3,0.7,0.0032679738562091504,0.9965829145728643,511.1799432000844,26,200
0.003519356460532931,0.8,0.8974358974358975,0.10256410256410256,0.8,0.75,8,19820,70,2,0.8,0.003519356460532931,0.9963819095477386,511.1799432000844,26,200
0.025238813474107592,0.9,0.9823874755381604,0.01761252446183953,0.9,0.8,9,19388,502,1,0.9,0.025238813474107592,0.9747236180904523,511.1799432000844,26,200
0.040774258421317246,0.9,0.9890243902439024,0.01097560975609756,0.9,0.85,9,19079,811,1,0.9,0.040774258421317246,0.9591959798994975,511.1799432000844,26,200
0.05962795374560081,1.0,0.9916387959866221,0.008361204013377926,1.0,0.9,10,18704,1186,0,1.0,0.05962795374560081,0.9404020100502513,511.1799432000844,26,200
0.27275012569130214,1.0,0.9981600735970562,0.0018399264029438822,1.0,0.95,10,14465,5425,0,1.0,0.27275012569130214,0.7273869346733668,511.1799432000844,26,200
0.9966817496229261,1.0,0.9994958152667137,0.0005041847332862761,1.0,1.0,10,66,19824,0,1.0,0.9966817496229261,0.003819095477386935,511.1799432000844,26,200
0.0,0.3,0.0,1.0,0.3,0.05,3,19890,0,7,0.3,0.0,0.9996482412060301,503.6096624999773,27,200
0.00010055304172951231,0.3,0.4,0.6,0.3,0.1,3,19888,2,7,0.3,0.00010055304172951231,0.9995477386934674,503.6096624999773,27,200
0.00010055304172951231,0.3,0.4,0.6,0.3,0.15,3,19888,2,7,0.3,0.00010055304172951231,0.9995477386934674,503.6096624999773,27,200
0.00010055304172951231,0.3,0.4,0.6,0.3,0.2,3,19888,2,7,0.3,0.00010055304172951231,0.9995477386934674,503.6096624999773,27,200
0.00010055304172951231,0.3,0.4,0.6,0.3,0.25,3,19888,2,7,0.3,0.00010055304172951231,0.9995477386934674,503.6096624999773,27,200
0.00015082956259426848,0.3,0.5,0.5,0.3,0.3,3,19887,3,7,0.3,0.00015082956259426848,0.9994974874371859,503.6096624999773,27,200
0.00020110608345902463,0.3,0.5714285714285714,0.42857142857142855,0.3,0.35,3,19886,4,7,0.3,0.00020110608345902463,0.9994472361809045,503.6096624999773,27,200
0.00020110608345902463,0.3,0.5714285714285714,0.42857142857142855,0.3,0.4,3,19886,4,7,0.3,0.00020110608345902463,0.9994472361809045,503.6096624999773,27,200
0.00045248868778280545,0.3,0.75,0.25,0.3,0.45,3,19881,9,7,0.3,0.00045248868778280545,0.9991959798994975,503.6096624999773,27,200
0.00045248868778280545,0.3,0.75,0.25,0.3,0.5,3,19881,9,7,0.3,0.00045248868778280545,0.9991959798994975,503.6096624999773,27,200
0.0005027652086475615,0.3,0.7692307692307693,0.23076923076923078,0.3,0.55,3,19880,10,7,0.3,0.0005027652086475615,0.999145728643216,503.6096624999773,27,200
0.0005530417295123177,0.3,0.7857142857142857,0.21428571428571427,0.3,0.6,3,19879,11,7,0.3,0.0005530417295123177,0.9990954773869347,503.6096624999773,27,200
0.0005530417295123177,0.3,0.7857142857142857,0.21428571428571427,0.3,0.65,3,19879,11,7,0.3,0.0005530417295123177,0.9990954773869347,503.6096624999773,27,200
0.0007541478129713424,0.4,0.7894736842105263,0.21052631578947367,0.4,0.7,4,19875,15,6,0.4,0.0007541478129713424,0.9989447236180905,503.6096624999773,27,200
0.0020613373554550026,0.5,0.8913043478260869,0.10869565217391304,0.5,0.75,5,19849,41,5,0.5,0.0020613373554550026,0.9976884422110552,503.6096624999773,27,200
0.005982905982905983,0.6,0.952,0.048,0.6,0.8,6,19771,119,4,0.6,0.005982905982905983,0.9938190954773869,503.6096624999773,27,200
0.01649069884364002,0.6,0.9820359281437125,0.017964071856287425,0.6,0.85,6,19562,328,4,0.6,0.01649069884364002,0.9833165829145729,503.6096624999773,27,200
0.04972347913524384,0.6,0.9939698492462311,0.006030150753768844,0.6,0.9,6,18901,989,4,0.6,0.04972347913524384,0.9501005025125628,503.6096624999773,27,200
0.17812971342383108,0.7,0.9980281690140845,0.001971830985915493,0.7,0.95,7,16347,3543,3,0.7,0.17812971342383108,0.8218090452261306,503.6096624999773,27,200
0.9963800904977376,1.0,0.9994956626992132,0.0005043373007867661,1.0,1.0,10,72,19818,0,1.0,0.9963800904977376,0.004120603015075377,503.6096624999773,27,200
0.0,0.1,0.0,1.0,0.1,0.05,1,19890,0,9,0.1,0.0,0.9995477386934674,512.8356971000321,28,200
5.0276520864756156e-05,0.4,0.2,0.8,0.4,0.1,4,19889,1,6,0.4,5.0276520864756156e-05,0.9996482412060301,512.8356971000321,28,200
0.00015082956259426848,0.4,0.42857142857142855,0.5714285714285714,0.4,0.15,4,19887,3,6,0.4,0.00015082956259426848,0.9995477386934674,512.8356971000321,28,200
0.00025138260432378077,0.4,0.5555555555555556,0.4444444444444444,0.4,0.2,4,19885,5,6,0.4,0.00025138260432378077,0.9994472361809045,512.8356971000321,28,200
0.00025138260432378077,0.4,0.5555555555555556,0.4444444444444444,0.4,0.25,4,19885,5,6,0.4,0.00025138260432378077,0.9994472361809045,512.8356971000321,28,200
0.00040221216691804925,0.4,0.6666666666666666,0.3333333333333333,0.4,0.3,4,19882,8,6,0.4,0.00040221216691804925,0.9992964824120603,512.8356971000321,28,200
0.00045248868778280545,0.4,0.6923076923076923,0.3076923076923077,0.4,0.35,4,19881,9,6,0.4,0.00045248868778280545,0.9992462311557789,512.8356971000321,28,200
0.00045248868778280545,0.4,0.6923076923076923,0.3076923076923077,0.4,0.4,4,19881,9,6,0.4,0.00045248868778280545,0.9992462311557789,512.8356971000321,28,200
0.0007038712921065862,0.6,0.7,0.3,0.6,0.45,6,19876,14,4,0.6,0.0007038712921065862,0.9990954773869347,512.8356971000321,28,200
0.000955253896430367,0.6,0.76,0.24,0.6,0.5,6,19871,19,4,0.6,0.000955253896430367,0.9988442211055276,512.8356971000321,28,200
0.0011060834590246355,0.6,0.7857142857142857,0.21428571428571427,0.6,0.55,6,19868,22,4,0.6,0.0011060834590246355,0.9986934673366834,512.8356971000321,28,200
0.0018602312719959778,0.6,0.8604651162790697,0.13953488372093023,0.6,0.6,6,19853,37,4,0.6,0.0018602312719959778,0.9979396984924623,512.8356971000321,28,200
0.004223227752639517,0.6,0.9333333333333333,0.06666666666666667,0.6,0.65,6,19806,84,4,0.6,0.004223227752639517,0.9955778894472361,512.8356971000321,28,200
0.005379587732528909,0.6,0.9469026548672567,0.05309734513274336,0.6,0.7,6,19783,107,4,0.6,0.005379587732528909,0.9944221105527639,512.8356971000321,28,200
0.006737053795877326,0.6,0.9571428571428572,0.04285714285714286,0.6,0.75,6,19756,134,4,0.6,0.006737053795877326,0.9930653266331658,512.8356971000321,28,200
0.00718954248366013,0.6,0.959731543624161,0.040268456375838924,0.6,0.8,6,19747,143,4,0.6,0.00718954248366013,0.9926130653266332,512.8356971000321,28,200
0.009602815485168427,0.7,0.9646464646464646,0.03535353535353535,0.7,0.85,7,19699,191,3,0.7,0.009602815485168427,0.9902512562814071,512.8356971000321,28,200
0.05233785822021116,1.0,0.9904852521408183,0.009514747859181731,1.0,0.9,10,18849,1041,0,1.0,0.05233785822021116,0.9476884422110553,512.8356971000321,28,200
0.19994972347913526,1.0,0.9974918485076498,0.002508151492350138,1.0,0.95,10,15913,3977,0,1.0,0.19994972347913526,0.8001507537688443,512.8356971000321,28,200
0.9963298139768728,1.0,0.999495637262319,0.0005043627376809402,1.0,1.0,10,73,19817,0,1.0,0.9963298139768728,0.004170854271356784,512.8356971000321,28,200
0.0,0.3,0.0,1.0,0.3,0.05,3,19890,0,7,0.3,0.0,0.9996482412060301,509.3143566000508,29,200
0.0,0.3,0.0,1.0,0.3,0.1,3,19890,0,7,0.3,0.0,0.9996482412060301,509.3143566000508,29,200
5.0276520864756156e-05,0.3,0.25,0.75,0.3,0.15,3,19889,1,7,0.3,5.0276520864756156e-05,0.9995979899497487,509.3143566000508,29,200
0.0003519356460532931,0.3,0.7,0.3,0.3,0.2,3,19883,7,7,0.3,0.0003519356460532931,0.9992964824120603,509.3143566000508,29,200
0.0003519356460532931,0.3,0.7,0.3,0.3,0.25,3,19883,7,7,0.3,0.0003519356460532931,0.9992964824120603,509.3143566000508,29,200
0.0003519356460532931,0.3,0.7,0.3,0.3,0.3,3,19883,7,7,0.3,0.0003519356460532931,0.9992964824120603,509.3143566000508,29,200
0.00040221216691804925,0.3,0.7272727272727273,0.2727272727272727,0.3,0.35,3,19882,8,7,0.3,0.00040221216691804925,0.9992462311557789,509.3143566000508,29,200
0.00040221216691804925,0.3,0.7272727272727273,0.2727272727272727,0.3,0.4,3,19882,8,7,0.3,0.00040221216691804925,0.9992462311557789,509.3143566000508,29,200
0.00065359477124183,0.4,0.7647058823529411,0.23529411764705882,0.4,0.45,4,19877,13,6,0.4,0.00065359477124183,0.9990452261306533,509.3143566000508,29,200
0.00065359477124183,0.4,0.7647058823529411,0.23529411764705882,0.4,0.5,4,19877,13,6,0.4,0.00065359477124183,0.9990452261306533,509.3143566000508,29,200
0.0033182503770739064,0.5,0.9295774647887324,0.07042253521126761,0.5,0.55,5,19824,66,5,0.5,0.0033182503770739064,0.9964321608040201,509.3143566000508,29,200
0.004072398190045249,0.5,0.9418604651162791,0.05813953488372093,0.5,0.6,5,19809,81,5,0.5,0.004072398190045249,0.995678391959799,509.3143566000508,29,200
0.0057817998994469585,0.6,0.9504132231404959,0.049586776859504134,0.6,0.65,6,19775,115,4,0.6,0.0057817998994469585,0.9940201005025125,509.3143566000508,29,200
0.0069381598793363496,0.6,0.9583333333333334,0.041666666666666664,0.6,0.7,6,19752,138,4,0.6,0.0069381598793363496,0.9928643216080402,509.3143566000508,29,200
0.008094519859225742,0.6,0.9640718562874252,0.03592814371257485,0.6,0.75,6,19729,161,4,0.6,0.008094519859225742,0.9917085427135678,509.3143566000508,29,200
0.0167420814479638,0.6,0.9823008849557522,0.017699115044247787,0.6,0.8,6,19557,333,4,0.6,0.0167420814479638,0.9830653266331658,509.3143566000508,29,200
0.04922071392659628,0.8,0.9918946301925026,0.008105369807497468,0.8,0.85,8,18911,979,2,0.8,0.04922071392659628,0.9507035175879397,509.3143566000508,29,200
0.09054801407742584,1.0,0.9944781888459415,0.005521811154058531,1.0,0.9,10,18089,1801,0,1.0,0.09054801407742584,0.909497487437186,509.3143566000508,29,200
0.328456510809452,1.0,0.9984716490906312,0.0015283509093687911,1.0,0.95,10,13357,6533,0,1.0,0.328456510809452,0.6717085427135678,509.3143566000508,29,200
0.9983911513323278,1.0,0.999496678075297,0.0005033219247030401,1.0,1.0,10,32,19858,0,1.0,0.9983911513323278,0.0021105527638190956,509.3143566000508,29,200
0.0,0.1,0.0,1.0,0.1,0.05,1,19890,0,9,0.1,0.0,0.9995477386934674,517.3554088999517,30,200
0.0,0.1,0.0,1.0,0.1,0.1,1,19890,0,9,0.1,0.0,0.9995477386934674,517.3554088999517,30,200
0.0,0.1,0.0,1.0,0.1,0.15,1,19890,0,9,0.1,0.0,0.9995477386934674,517.3554088999517,30,200
0.0,0.1,0.0,1.0,0.1,0.2,1,19890,0,9,0.1,0.0,0.9995477386934674,517.3554088999517,30,200
0.0,0.1,0.0,1.0,0.1,0.25,1,19890,0,9,0.1,0.0,0.9995477386934674,517.3554088999517,30,200
0.00030165912518853697,0.1,0.8571428571428571,0.14285714285714285,0.1,0.3,1,19884,6,9,0.1,0.00030165912518853697,0.9992462311557789,517.3554088999517,30,200
0.00030165912518853697,0.2,0.75,0.25,0.2,0.35,2,19884,6,8,0.2,0.00030165912518853697,0.9992964824120603,517.3554088999517,30,200
0.0006033182503770739,0.4,0.75,0.25,0.4,0.4,4,19878,12,6,0.4,0.0006033182503770739,0.9990954773869347,517.3554088999517,30,200
0.00065359477124183,0.4,0.7647058823529411,0.23529411764705882,0.4,0.45,4,19877,13,6,0.4,0.00065359477124183,0.9990452261306533,517.3554088999517,30,200
0.00065359477124183,0.4,0.7647058823529411,0.23529411764705882,0.4,0.5,4,19877,13,6,0.4,0.00065359477124183,0.9990452261306533,517.3554088999517,30,200
0.0007038712921065862,0.4,0.7777777777777778,0.2222222222222222,0.4,0.55,4,19876,14,6,0.4,0.0007038712921065862,0.9989949748743718,517.3554088999517,30,200
0.001608848667672197,0.6,0.8421052631578947,0.15789473684210525,0.6,0.6,6,19858,32,4,0.6,0.001608848667672197,0.9981909547738693,517.3554088999517,30,200
0.0017094017094017094,0.6,0.85,0.15,0.6,0.65,6,19856,34,4,0.6,0.0017094017094017094,0.9980904522613065,517.3554088999517,30,200
0.001910507792860734,0.6,0.8636363636363636,0.13636363636363635,0.6,0.7,6,19852,38,4,0.6,0.001910507792860734,0.9978894472361809,517.3554088999517,30,200
0.0029663147310206132,0.6,0.9076923076923077,0.09230769230769231,0.6,0.75,6,19831,59,4,0.6,0.0029663147310206132,0.9968341708542714,517.3554088999517,30,200
0.02317747611865259,0.6,0.987152034261242,0.01284796573875803,0.6,0.8,6,19429,461,4,0.6,0.02317747611865259,0.9766331658291457,517.3554088999517,30,200
0.05671191553544495,0.9,0.9920844327176781,0.0079155672823219,0.9,0.85,9,18762,1128,1,0.9,0.05671191553544495,0.9432663316582914,517.3554088999517,30,200
0.1351935646053293,0.9,0.9966641957005189,0.003335804299481097,0.9,0.9,9,17201,2689,1,0.9,0.1351935646053293,0.8648241206030151,517.3554088999517,30,200
0.2841628959276018,1.0,0.9982338396326387,0.0017661603673613563,1.0,0.95,10,14238,5652,0,1.0,0.2841628959276018,0.7159798994974874,517.3554088999517,30,200
0.9762192056309703,1.0,0.9994852524836567,0.0005147475163432337,1.0,1.0,10,473,19417,0,1.0,0.9762192056309703,0.024271356783919597,517.3554088999517,30,200
0.0,0.3,0.0,1.0,0.3,0.05,3,19890,0,7,0.3,0.0,0.9996482412060301,516.5747452999931,31,200
0.0,0.3,0.0,1.0,0.3,0.1,3,19890,0,7,0.3,0.0,0.9996482412060301,516.5747452999931,31,200
5.0276520864756156e-05,0.4,0.2,0.8,0.4,0.15,4,19889,1,6,0.4,5.0276520864756156e-05,0.9996482412060301,516.5747452999931,31,200
0.00010055304172951231,0.4,0.3333333333333333,0.6666666666666666,0.4,0.2,4,19888,2,6,0.4,0.00010055304172951231,0.9995979899497487,516.5747452999931,31,200
0.00010055304172951231,0.4,0.3333333333333333,0.6666666666666666,0.4,0.25,4,19888,2,6,0.4,0.00010055304172951231,0.9995979899497487,516.5747452999931,31,200
0.00025138260432378077,0.4,0.5555555555555556,0.4444444444444444,0.4,0.3,4,19885,5,6,0.4,0.00025138260432378077,0.9994472361809045,516.5747452999931,31,200
0.00025138260432378077,0.4,0.5555555555555556,0.4444444444444444,0.4,0.35,4,19885,5,6,0.4,0.00025138260432378077,0.9994472361809045,516.5747452999931,31,200
0.00025138260432378077,0.4,0.5555555555555556,0.4444444444444444,0.4,0.4,4,19885,5,6,0.4,0.00025138260432378077,0.9994472361809045,516.5747452999931,31,200
0.00025138260432378077,0.4,0.5555555555555556,0.4444444444444444,0.4,0.45,4,19885,5,6,0.4,0.00025138260432378077,0.9994472361809045,516.5747452999931,31,200
0.00025138260432378077,0.4,0.5555555555555556,0.4444444444444444,0.4,0.5,4,19885,5,6,0.4,0.00025138260432378077,0.9994472361809045,516.5747452999931,31,200
0.00040221216691804925,0.4,0.6666666666666666,0.3333333333333333,0.4,0.55,4,19882,8,6,0.4,0.00040221216691804925,0.9992964824120603,516.5747452999931,31,200
0.00040221216691804925,0.4,0.6666666666666666,0.3333333333333333,0.4,0.6,4,19882,8,6,0.4,0.00040221216691804925,0.9992964824120603,516.5747452999931,31,200
0.00045248868778280545,0.4,0.6923076923076923,0.3076923076923077,0.4,0.65,4,19881,9,6,0.4,0.00045248868778280545,0.9992462311557789,516.5747452999931,31,200
0.001005530417295123,0.4,0.8333333333333334,0.16666666666666666,0.4,0.7,4,19870,20,6,0.4,0.001005530417295123,0.9986934673366834,516.5747452999931,31,200
0.004072398190045249,0.8,0.9101123595505618,0.0898876404494382,0.8,0.75,8,19809,81,2,0.8,0.004072398190045249,0.9958291457286432,516.5747452999931,31,200
0.016943187531422824,0.9,0.9739884393063584,0.02601156069364162,0.9,0.8,9,19553,337,1,0.9,0.016943187531422824,0.9830150753768844,516.5747452999931,31,200
0.023931623931623933,0.9,0.9814432989690721,0.018556701030927835,0.9,0.85,9,19414,476,1,0.9,0.023931623931623933,0.9760301507537689,516.5747452999931,31,200
0.03544494720965309,1.0,0.986013986013986,0.013986013986013986,1.0,0.9,10,19185,705,0,1.0,0.03544494720965309,0.964572864321608,516.5747452999931,31,200
0.19829059829059828,1.0,0.9974709155285787,0.0025290844714213456,1.0,0.95,10,15946,3944,0,1.0,0.19829059829059828,0.8018090452261306,516.5747452999931,31,200
0.9985419808949221,1.0,0.999496754063711,0.0005032459362890644,1.0,1.0,10,29,19861,0,1.0,0.9985419808949221,0.001959798994974874,516.5747452999931,31,200
5.0276520864756156e-05,0.6,0.14285714285714285,0.8571428571428571,0.6,0.05,6,19889,1,4,0.6,5.0276520864756156e-05,0.999748743718593,533.7564357999945,32,200
5.0276520864756156e-05,0.6,0.14285714285714285,0.8571428571428571,0.6,0.1,6,19889,1,4,0.6,5.0276520864756156e-05,0.999748743718593,533.7564357999945,32,200
0.00010055304172951231,0.6,0.25,0.75,0.6,0.15,6,19888,2,4,0.6,0.00010055304172951231,0.9996984924623116,533.7564357999945,32,200
0.00030165912518853697,0.6,0.5,0.5,0.6,0.2,6,19884,6,4,0.6,0.00030165912518853697,0.9994974874371859,533.7564357999945,32,200
0.00030165912518853697,0.6,0.5,0.5,0.6,0.25,6,19884,6,4,0.6,0.00030165912518853697,0.9994974874371859,533.7564357999945,32,200
0.00040221216691804925,0.6,0.5714285714285714,0.42857142857142855,0.6,0.3,6,19882,8,4,0.6,0.00040221216691804925,0.9993969849246231,533.7564357999945,32,200
0.00040221216691804925,0.6,0.5714285714285714,0.42857142857142855,0.6,0.35,6,19882,8,4,0.6,0.00040221216691804925,0.9993969849246231,533.7564357999945,32,200
0.00040221216691804925,0.6,0.5714285714285714,0.42857142857142855,0.6,0.4,6,19882,8,4,0.6,0.00040221216691804925,0.9993969849246231,533.7564357999945,32,200
0.00040221216691804925,0.6,0.5714285714285714,0.42857142857142855,0.6,0.45,6,19882,8,4,0.6,0.00040221216691804925,0.9993969849246231,533.7564357999945,32,200
0.00040221216691804925,0.6,0.5714285714285714,0.42857142857142855,0.6,0.5,6,19882,8,4,0.6,0.00040221216691804925,0.9993969849246231,533.7564357999945,32,200
0.0006033182503770739,0.6,0.6666666666666666,0.3333333333333333,0.6,0.55,6,19878,12,4,0.6,0.0006033182503770739,0.9991959798994975,533.7564357999945,32,200
0.0011060834590246355,0.6,0.7857142857142857,0.21428571428571427,0.6,0.6,6,19868,22,4,0.6,0.0011060834590246355,0.9986934673366834,533.7564357999945,32,200
0.0011563599798893917,0.6,0.7931034482758621,0.20689655172413793,0.6,0.65,6,19867,23,4,0.6,0.0011563599798893917,0.998643216080402,533.7564357999945,32,200
0.003167420814479638,0.7,0.9,0.1,0.7,0.7,7,19827,63,3,0.7,0.003167420814479638,0.9966834170854272,533.7564357999945,32,200
0.0036701860231271996,0.8,0.9012345679012346,0.09876543209876543,0.8,0.75,8,19817,73,2,0.8,0.0036701860231271996,0.9962311557788944,533.7564357999945,32,200
0.02016088486676722,0.9,0.9780487804878049,0.02195121951219512,0.9,0.8,9,19489,401,1,0.9,0.02016088486676722,0.9797989949748743,533.7564357999945,32,200
0.03278029160382102,1.0,0.9848942598187311,0.015105740181268883,1.0,0.85,10,19238,652,0,1.0,0.03278029160382102,0.9672361809045226,533.7564357999945,32,200
0.05299145299145299,1.0,0.9906015037593985,0.009398496240601503,1.0,0.9,10,18836,1054,0,1.0,0.05299145299145299,0.947035175879397,533.7564357999945,32,200
0.16405228758169935,1.0,0.9969446990528567,0.0030553009471432934,1.0,0.95,10,16627,3263,0,1.0,0.16405228758169935,0.8360301507537689,533.7564357999945,32,200
0.9982403217697335,1.0,0.9994966020639315,0.0005033979360684622,1.0,1.0,10,35,19855,0,1.0,0.9982403217697335,0.0022613065326633165,533.7564357999945,32,200
0.0,0.1,0.0,1.0,0.1,0.05,1,19890,0,9,0.1,0.0,0.9995477386934674,514.6662716000574,33,200
0.0,0.1,0.0,1.0,0.1,0.1,1,19890,0,9,0.1,0.0,0.9995477386934674,514.6662716000574,33,200
0.0,0.2,0.0,1.0,0.2,0.15,2,19890,0,8,0.2,0.0,0.9995979899497487,514.6662716000574,33,200
0.00010055304172951231,0.3,0.4,0.6,0.3,0.2,3,19888,2,7,0.3,0.00010055304172951231,0.9995477386934674,514.6662716000574,33,200
0.00015082956259426848,0.4,0.42857142857142855,0.5714285714285714,0.4,0.25,4,19887,3,6,0.4,0.00015082956259426848,0.9995477386934674,514.6662716000574,33,200
0.00015082956259426848,0.4,0.42857142857142855,0.5714285714285714,0.4,0.3,4,19887,3,6,0.4,0.00015082956259426848,0.9995477386934674,514.6662716000574,33,200
0.00040221216691804925,0.4,0.6666666666666666,0.3333333333333333,0.4,0.35,4,19882,8,6,0.4,0.00040221216691804925,0.9992964824120603,514.6662716000574,33,200
0.00040221216691804925,0.5,0.6153846153846154,0.38461538461538464,0.5,0.4,5,19882,8,5,0.5,0.00040221216691804925,0.9993467336683417,514.6662716000574,33,200
0.0005027652086475615,0.5,0.6666666666666666,0.3333333333333333,0.5,0.45,5,19880,10,5,0.5,0.0005027652086475615,0.9992462311557789,514.6662716000574,33,200
0.0008547008547008547,0.5,0.7727272727272727,0.22727272727272727,0.5,0.5,5,19873,17,5,0.5,0.0008547008547008547,0.9988944723618091,514.6662716000574,33,200
0.0008547008547008547,0.5,0.7727272727272727,0.22727272727272727,0.5,0.55,5,19873,17,5,0.5,0.0008547008547008547,0.9988944723618091,514.6662716000574,33,200
0.0010558069381598793,0.6,0.7777777777777778,0.2222222222222222,0.6,0.6,6,19869,21,4,0.6,0.0010558069381598793,0.9987437185929648,514.6662716000574,33,200
0.00130718954248366,0.6,0.8125,0.1875,0.6,0.65,6,19864,26,4,0.6,0.00130718954248366,0.9984924623115577,514.6662716000574,33,200
0.001608848667672197,0.6,0.8421052631578947,0.15789473684210525,0.6,0.7,6,19858,32,4,0.6,0.001608848667672197,0.9981909547738693,514.6662716000574,33,200
0.0020613373554550026,0.7,0.8541666666666666,0.14583333333333334,0.7,0.75,7,19849,41,3,0.7,0.0020613373554550026,0.9977889447236181,514.6662716000574,33,200
0.008345902463549522,0.9,0.9485714285714286,0.05142857142857143,0.9,0.8,9,19724,166,1,0.9,0.008345902463549522,0.991608040201005,514.6662716000574,33,200
0.010055304172951232,0.9,0.9569377990430622,0.0430622009569378,0.9,0.85,9,19690,200,1,0.9,0.010055304172951232,0.9898994974874372,514.6662716000574,33,200
0.02865761689291101,0.9,0.9844559585492227,0.015544041450777202,0.9,0.9,9,19320,570,1,0.9,0.02865761689291101,0.9713065326633166,514.6662716000574,33,200
0.13278029160382102,1.0,0.99622783855149,0.003772161448509996,1.0,0.95,10,17249,2641,0,1.0,0.13278029160382102,0.867286432160804,514.6662716000574,33,200
0.9982905982905983,1.0,0.9994966274036041,0.0005033725963958522,1.0,1.0,10,34,19856,0,1.0,0.9982905982905983,0.0022110552763819095,514.6662716000574,33,200
0.0,0.3,0.0,1.0,0.3,0.05,3,19890,0,7,0.3,0.0,0.9996482412060301,516.0942179999547,34,200
0.0,0.3,0.0,1.0,0.3,0.1,3,19890,0,7,0.3,0.0,0.9996482412060301,516.0942179999547,34,200
5.0276520864756156e-05,0.3,0.25,0.75,0.3,0.15,3,19889,1,7,0.3,5.0276520864756156e-05,0.9995979899497487,516.0942179999547,34,200
5.0276520864756156e-05,0.3,0.25,0.75,0.3,0.2,3,19889,1,7,0.3,5.0276520864756156e-05,0.9995979899497487,516.0942179999547,34,200
5.0276520864756156e-05,0.3,0.25,0.75,0.3,0.25,3,19889,1,7,0.3,5.0276520864756156e-05,0.9995979899497487,516.0942179999547,34,200
0.00010055304172951231,0.3,0.4,0.6,0.3,0.3,3,19888,2,7,0.3,0.00010055304172951231,0.9995477386934674,516.0942179999547,34,200
0.00010055304172951231,0.3,0.4,0.6,0.3,0.35,3,19888,2,7,0.3,0.00010055304172951231,0.9995477386934674,516.0942179999547,34,200
0.00015082956259426848,0.3,0.5,0.5,0.3,0.4,3,19887,3,7,0.3,0.00015082956259426848,0.9994974874371859,516.0942179999547,34,200
0.00015082956259426848,0.3,0.5,0.5,0.3,0.45,3,19887,3,7,0.3,0.00015082956259426848,0.9994974874371859,516.0942179999547,34,200
0.000955253896430367,0.4,0.8260869565217391,0.17391304347826086,0.4,0.5,4,19871,19,6,0.4,0.000955253896430367,0.9987437185929648,516.0942179999547,34,200
0.0010558069381598793,0.4,0.84,0.16,0.4,0.55,4,19869,21,6,0.4,0.0010558069381598793,0.998643216080402,516.0942179999547,34,200
0.001608848667672197,0.5,0.8648648648648649,0.13513513513513514,0.5,0.6,5,19858,32,5,0.5,0.001608848667672197,0.998140703517588,516.0942179999547,34,200
0.0026646556058320765,0.6,0.8983050847457628,0.1016949152542373,0.6,0.65,6,19837,53,4,0.6,0.0026646556058320765,0.9971356783919598,516.0942179999547,34,200
0.003770739064856712,0.7,0.9146341463414634,0.08536585365853659,0.7,0.7,7,19815,75,3,0.7,0.003770739064856712,0.9960804020100502,516.0942179999547,34,200
0.005178481649069884,0.7,0.9363636363636364,0.06363636363636363,0.7,0.75,7,19787,103,3,0.7,0.005178481649069884,0.9946733668341708,516.0942179999547,34,200
0.012669683257918552,0.9,0.9655172413793104,0.034482758620689655,0.9,0.8,9,19638,252,1,0.9,0.012669683257918552,0.987286432160804,516.0942179999547,34,200
0.02212166918049271,0.9,0.9799554565701559,0.0200445434298441,0.9,0.85,9,19450,440,1,0.9,0.02212166918049271,0.9778391959798995,516.0942179999547,34,200
0.02825540472599296,0.9,0.9842381786339754,0.01576182136602452,0.9,0.9,9,19328,562,1,0.9,0.02825540472599296,0.9717085427135679,516.0942179999547,34,200
0.2548014077425842,1.0,0.9980307207562032,0.0019692792437967705,1.0,0.95,10,14822,5068,0,1.0,0.2548014077425842,0.7453266331658291,516.0942179999547,34,200
0.9744595274007039,1.0,0.9994843234323433,0.0005156765676567656,1.0,1.0,10,508,19382,0,1.0,0.9744595274007039,0.026030150753768844,516.0942179999547,34,200
0.0,0.3,0.0,1.0,0.3,0.05,3,19890,0,7,0.3,0.0,0.9996482412060301,409.8852468000259,35,200
5.0276520864756156e-05,0.3,0.25,0.75,0.3,0.1,3,19889,1,7,0.3,5.0276520864756156e-05,0.9995979899497487,409.8852468000259,35,200
0.00010055304172951231,0.3,0.4,0.6,0.3,0.15,3,19888,2,7,0.3,0.00010055304172951231,0.9995477386934674,409.8852468000259,35,200
0.00015082956259426848,0.3,0.5,0.5,0.3,0.2,3,19887,3,7,0.3,0.00015082956259426848,0.9994974874371859,409.8852468000259,35,200
0.00015082956259426848,0.3,0.5,0.5,0.3,0.25,3,19887,3,7,0.3,0.00015082956259426848,0.9994974874371859,409.8852468000259,35,200
0.00020110608345902463,0.3,0.5714285714285714,0.42857142857142855,0.3,0.3,3,19886,4,7,0.3,0.00020110608345902463,0.9994472361809045,409.8852468000259,35,200
0.00020110608345902463,0.3,0.5714285714285714,0.42857142857142855,0.3,0.35,3,19886,4,7,0.3,0.00020110608345902463,0.9994472361809045,409.8852468000259,35,200
0.00020110608345902463,0.3,0.5714285714285714,0.42857142857142855,0.3,0.4,3,19886,4,7,0.3,0.00020110608345902463,0.9994472361809045,409.8852468000259,35,200
0.00020110608345902463,0.3,0.5714285714285714,0.42857142857142855,0.3,0.45,3,19886,4,7,0.3,0.00020110608345902463,0.9994472361809045,409.8852468000259,35,200
0.00030165912518853697,0.3,0.6666666666666666,0.3333333333333333,0.3,0.5,3,19884,6,7,0.3,0.00030165912518853697,0.9993467336683417,409.8852468000259,35,200
0.002161890397184515,0.3,0.9347826086956522,0.06521739130434782,0.3,0.55,3,19847,43,7,0.3,0.002161890397184515,0.9974874371859297,409.8852468000259,35,200
0.002161890397184515,0.3,0.9347826086956522,0.06521739130434782,0.3,0.6,3,19847,43,7,0.3,0.002161890397184515,0.9974874371859297,409.8852468000259,35,200
0.0037204625439919555,0.3,0.961038961038961,0.03896103896103896,0.3,0.65,3,19816,74,7,0.3,0.0037204625439919555,0.995929648241206,409.8852468000259,35,200
0.004474610356963298,0.4,0.956989247311828,0.043010752688172046,0.4,0.7,4,19801,89,6,0.4,0.004474610356963298,0.9952261306532664,409.8852468000259,35,200
0.00628456510809452,0.5,0.9615384615384616,0.038461538461538464,0.5,0.75,5,19765,125,5,0.5,0.00628456510809452,0.9934673366834171,409.8852468000259,35,200
0.009200603318250377,0.6,0.9682539682539683,0.031746031746031744,0.6,0.8,6,19707,183,4,0.6,0.009200603318250377,0.9906030150753768,409.8852468000259,35,200
0.013775766716943187,0.6,0.9785714285714285,0.02142857142857143,0.6,0.85,6,19616,274,4,0.6,0.013775766716943187,0.9860301507537689,409.8852468000259,35,200
0.08667672197083962,0.9,0.9948066935949221,0.0051933064050779,0.9,0.9,9,18166,1724,1,0.9,0.08667672197083962,0.9133165829145728,409.8852468000259,35,200
0.30025138260432377,1.0,0.9983283182881979,0.001671681711802073,1.0,0.95,10,13918,5972,0,1.0,0.30025138260432377,0.6998994974874372,409.8852468000259,35,200
0.9987933634992459,1.0,0.9994968806600926,0.000503119339907426,1.0,1.0,10,24,19866,0,1.0,0.9987933634992459,0.001708542713567839,409.8852468000259,35,200
0.0,0.0,0.0,,0.0,0.05,0,19890,0,10,0.0,0.0,0.9994974874371859,406.9615981999086,36,200
0.0,0.0,0.0,,0.0,0.1,0,19890,0,10,0.0,0.0,0.9994974874371859,406.9615981999086,36,200
0.0,0.0,0.0,,0.0,0.15,0,19890,0,10,0.0,0.0,0.9994974874371859,406.9615981999086,36,200
0.0,0.0,0.0,,0.0,0.2,0,19890,0,10,0.0,0.0,0.9994974874371859,406.9615981999086,36,200
0.0,0.0,0.0,,0.0,0.25,0,19890,0,10,0.0,0.0,0.9994974874371859,406.9615981999086,36,200
0.0,0.0,0.0,,0.0,0.3,0,19890,0,10,0.0,0.0,0.9994974874371859,406.9615981999086,36,200
0.0,0.0,0.0,,0.0,0.35,0,19890,0,10,0.0,0.0,0.9994974874371859,406.9615981999086,36,200
0.0,0.0,0.0,,0.0,0.4,0,19890,0,10,0.0,0.0,0.9994974874371859,406.9615981999086,36,200
0.0,0.0,0.0,,0.0,0.45,0,19890,0,10,0.0,0.0,0.9994974874371859,406.9615981999086,36,200
0.0,0.0,0.0,,0.0,0.5,0,19890,0,10,0.0,0.0,0.9994974874371859,406.9615981999086,36,200
0.0,0.1,0.0,1.0,0.1,0.55,1,19890,0,9,0.1,0.0,0.9995477386934674,406.9615981999086,36,200
0.0,0.2,0.0,1.0,0.2,0.6,2,19890,0,8,0.2,0.0,0.9995979899497487,406.9615981999086,36,200
0.0,0.2,0.0,1.0,0.2,0.65,2,19890,0,8,0.2,0.0,0.9995979899497487,406.9615981999086,36,200
0.0,0.2,0.0,1.0,0.2,0.7,2,19890,0,8,0.2,0.0,0.9995979899497487,406.9615981999086,36,200
0.001256913021618904,0.3,0.8928571428571429,0.10714285714285714,0.3,0.75,3,19865,25,7,0.3,0.001256913021618904,0.998391959798995,406.9615981999086,36,200
0.007088989441930618,0.4,0.9724137931034482,0.027586206896551724,0.4,0.8,4,19749,141,6,0.4,0.007088989441930618,0.9926130653266332,406.9615981999086,36,200
0.0110105580693816,0.5,0.9776785714285714,0.022321428571428572,0.5,0.85,5,19671,219,5,0.5,0.0110105580693816,0.9887437185929648,406.9615981999086,36,200
0.03614881850175968,1.0,0.9862825788751715,0.013717421124828532,1.0,0.9,10,19171,719,0,1.0,0.03614881850175968,0.9638693467336683,406.9615981999086,36,200
0.3659125188536953,1.0,0.9986278814489572,0.0013721185510428102,1.0,0.95,10,12612,7278,0,1.0,0.3659125188536953,0.6342713567839195,406.9615981999086,36,200
0.9964806435394671,1.0,0.9994957135653051,0.0005042864346949068,1.0,1.0,10,70,19820,0,1.0,0.9964806435394671,0.004020100502512563,406.9615981999086,36,200
5.0276520864756156e-05,0.5,0.16666666666666666,0.8333333333333334,0.5,0.05,5,19889,1,5,0.5,5.0276520864756156e-05,0.9996984924623116,409.3563582999632,37,200
0.00015082956259426848,0.6,0.3333333333333333,0.6666666666666666,0.6,0.1,6,19887,3,4,0.6,0.00015082956259426848,0.9996482412060301,409.3563582999632,37,200
0.00015082956259426848,0.6,0.3333333333333333,0.6666666666666666,0.6,0.15,6,19887,3,4,0.6,0.00015082956259426848,0.9996482412060301,409.3563582999632,37,200
0.00015082956259426848,0.6,0.3333333333333333,0.6666666666666666,0.6,0.2,6,19887,3,4,0.6,0.00015082956259426848,0.9996482412060301,409.3563582999632,37,200
0.00015082956259426848,0.6,0.3333333333333333,0.6666666666666666,0.6,0.25,6,19887,3,4,0.6,0.00015082956259426848,0.9996482412060301,409.3563582999632,37,200
0.00015082956259426848,0.7,0.3,0.7,0.7,0.3,7,19887,3,3,0.7,0.00015082956259426848,0.9996984924623116,409.3563582999632,37,200
0.00015082956259426848,0.7,0.3,0.7,0.7,0.35,7,19887,3,3,0.7,0.00015082956259426848,0.9996984924623116,409.3563582999632,37,200
0.00015082956259426848,0.7,0.3,0.7,0.7,0.4,7,19887,3,3,0.7,0.00015082956259426848,0.9996984924623116,409.3563582999632,37,200
0.00015082956259426848,0.7,0.3,0.7,0.7,0.45,7,19887,3,3,0.7,0.00015082956259426848,0.9996984924623116,409.3563582999632,37,200
0.00020110608345902463,0.7,0.36363636363636365,0.6363636363636364,0.7,0.5,7,19886,4,3,0.7,0.00020110608345902463,0.9996482412060301,409.3563582999632,37,200
0.00020110608345902463,0.7,0.36363636363636365,0.6363636363636364,0.7,0.55,7,19886,4,3,0.7,0.00020110608345902463,0.9996482412060301,409.3563582999632,37,200
0.00020110608345902463,0.7,0.36363636363636365,0.6363636363636364,0.7,0.6,7,19886,4,3,0.7,0.00020110608345902463,0.9996482412060301,409.3563582999632,37,200
0.00020110608345902463,0.7,0.36363636363636365,0.6363636363636364,0.7,0.65,7,19886,4,3,0.7,0.00020110608345902463,0.9996482412060301,409.3563582999632,37,200
0.00025138260432378077,0.7,0.4166666666666667,0.5833333333333334,0.7,0.7,7,19885,5,3,0.7,0.00025138260432378077,0.9995979899497487,409.3563582999632,37,200
0.00025138260432378077,0.7,0.4166666666666667,0.5833333333333334,0.7,0.75,7,19885,5,3,0.7,0.00025138260432378077,0.9995979899497487,409.3563582999632,37,200
0.00030165912518853697,0.7,0.46153846153846156,0.5384615384615384,0.7,0.8,7,19884,6,3,0.7,0.00030165912518853697,0.9995477386934674,409.3563582999632,37,200
0.000955253896430367,0.9,0.6785714285714286,0.32142857142857145,0.9,0.85,9,19871,19,1,0.9,0.000955253896430367,0.9989949748743718,409.3563582999632,37,200
0.004172951231774761,0.9,0.9021739130434783,0.09782608695652174,0.9,0.9,9,19807,83,1,0.9,0.004172951231774761,0.9957788944723618,409.3563582999632,37,200
0.00432378079436903,0.9,0.9052631578947369,0.09473684210526316,0.9,0.95,9,19804,86,1,0.9,0.00432378079436903,0.9956281407035176,409.3563582999632,37,200
0.06088486676721971,1.0,0.9918099918099919,0.00819000819000819,1.0,1.0,10,18679,1211,0,1.0,0.06088486676721971,0.9391457286432161,409.3563582999632,37,200
5.0276520864756156e-05,0.1,0.5,0.5,0.1,0.05,1,19889,1,9,0.1,5.0276520864756156e-05,0.9994974874371859,409.21295359998476,38,200
5.0276520864756156e-05,0.1,0.5,0.5,0.1,0.1,1,19889,1,9,0.1,5.0276520864756156e-05,0.9994974874371859,409.21295359998476,38,200
5.0276520864756156e-05,0.1,0.5,0.5,0.1,0.15,1,19889,1,9,0.1,5.0276520864756156e-05,0.9994974874371859,409.21295359998476,38,200
5.0276520864756156e-05,0.1,0.5,0.5,0.1,0.2,1,19889,1,9,0.1,5.0276520864756156e-05,0.9994974874371859,409.21295359998476,38,200
0.00020110608345902463,0.2,0.6666666666666666,0.3333333333333333,0.2,0.25,2,19886,4,8,0.2,0.00020110608345902463,0.9993969849246231,409.21295359998476,38,200
0.0003519356460532931,0.2,0.7777777777777778,0.2222222222222222,0.2,0.3,2,19883,7,8,0.2,0.0003519356460532931,0.9992462311557789,409.21295359998476,38,200
0.00040221216691804925,0.2,0.8,0.2,0.2,0.35,2,19882,8,8,0.2,0.00040221216691804925,0.9991959798994975,409.21295359998476,38,200
0.0008044243338360985,0.3,0.8421052631578947,0.15789473684210525,0.3,0.4,3,19874,16,7,0.3,0.0008044243338360985,0.9988442211055276,409.21295359998476,38,200
0.0010558069381598793,0.4,0.84,0.16,0.4,0.45,4,19869,21,6,0.4,0.0010558069381598793,0.998643216080402,409.21295359998476,38,200
0.0011563599798893917,0.4,0.8518518518518519,0.14814814814814814,0.4,0.5,4,19867,23,6,0.4,0.0011563599798893917,0.9985427135678392,409.21295359998476,38,200
0.002011060834590246,0.5,0.8888888888888888,0.1111111111111111,0.5,0.55,5,19850,40,5,0.5,0.002011060834590246,0.9977386934673367,409.21295359998476,38,200
0.002011060834590246,0.5,0.8888888888888888,0.1111111111111111,0.5,0.6,5,19850,40,5,0.5,0.002011060834590246,0.9977386934673367,409.21295359998476,38,200
0.0029160382101558573,0.5,0.9206349206349206,0.07936507936507936,0.5,0.65,5,19832,58,5,0.5,0.0029160382101558573,0.9968341708542714,409.21295359998476,38,200
0.003971845148315736,0.6,0.9294117647058824,0.07058823529411765,0.6,0.7,6,19811,79,4,0.6,0.003971845148315736,0.9958291457286432,409.21295359998476,38,200
0.005580693815987934,0.6,0.9487179487179487,0.05128205128205128,0.6,0.75,6,19779,111,4,0.6,0.005580693815987934,0.9942211055276382,409.21295359998476,38,200
0.006485671191553545,0.6,0.9555555555555556,0.044444444444444446,0.6,0.8,6,19761,129,4,0.6,0.006485671191553545,0.9933165829145728,409.21295359998476,38,200
0.02433383609854198,0.8,0.983739837398374,0.016260162601626018,0.8,0.85,8,19406,484,2,0.8,0.02433383609854198,0.9755778894472362,409.21295359998476,38,200
0.045701357466063346,0.8,0.9912758996728462,0.008724100327153763,0.8,0.9,8,18981,909,2,0.8,0.045701357466063346,0.9542211055276382,409.21295359998476,38,200
0.21603821015585722,0.9,0.9979098931723177,0.0020901068276823038,0.9,0.95,9,15593,4297,1,0.9,0.21603821015585722,0.7840201005025126,409.21295359998476,38,200
0.9724484665661136,1.0,0.9994832575444399,0.0005167424555601488,1.0,1.0,10,548,19342,0,1.0,0.9724484665661136,0.028040201005025127,409.21295359998476,38,200
0.0,0.0,0.0,,0.0,0.05,0,19890,0,10,0.0,0.0,0.9994974874371859,408.60778419999406,39,200
0.0,0.0,0.0,,0.0,0.1,0,19890,0,10,0.0,0.0,0.9994974874371859,408.60778419999406,39,200
0.0,0.0,0.0,,0.0,0.15,0,19890,0,10,0.0,0.0,0.9994974874371859,408.60778419999406,39,200
0.0,0.0,0.0,,0.0,0.2,0,19890,0,10,0.0,0.0,0.9994974874371859,408.60778419999406,39,200
0.0,0.0,0.0,,0.0,0.25,0,19890,0,10,0.0,0.0,0.9994974874371859,408.60778419999406,39,200
0.0,0.1,0.0,1.0,0.1,0.3,1,19890,0,9,0.1,0.0,0.9995477386934674,408.60778419999406,39,200
0.0,0.1,0.0,1.0,0.1,0.35,1,19890,0,9,0.1,0.0,0.9995477386934674,408.60778419999406,39,200
0.0,0.1,0.0,1.0,0.1,0.4,1,19890,0,9,0.1,0.0,0.9995477386934674,408.60778419999406,39,200
0.0,0.1,0.0,1.0,0.1,0.45,1,19890,0,9,0.1,0.0,0.9995477386934674,408.60778419999406,39,200
0.0,0.1,0.0,1.0,0.1,0.5,1,19890,0,9,0.1,0.0,0.9995477386934674,408.60778419999406,39,200
0.0,0.1,0.0,1.0,0.1,0.55,1,19890,0,9,0.1,0.0,0.9995477386934674,408.60778419999406,39,200
0.0,0.1,0.0,1.0,0.1,0.6,1,19890,0,9,0.1,0.0,0.9995477386934674,408.60778419999406,39,200
0.00015082956259426848,0.2,0.6,0.4,0.2,0.65,2,19887,3,8,0.2,0.00015082956259426848,0.9994472361809045,408.60778419999406,39,200
0.00025138260432378077,0.2,0.7142857142857143,0.2857142857142857,0.2,0.7,2,19885,5,8,0.2,0.00025138260432378077,0.9993467336683417,408.60778419999406,39,200
0.00025138260432378077,0.2,0.7142857142857143,0.2857142857142857,0.2,0.75,2,19885,5,8,0.2,0.00025138260432378077,0.9993467336683417,408.60778419999406,39,200
0.00025138260432378077,0.2,0.7142857142857143,0.2857142857142857,0.2,0.8,2,19885,5,8,0.2,0.00025138260432378077,0.9993467336683417,408.60778419999406,39,200
0.0007541478129713424,0.4,0.7894736842105263,0.21052631578947367,0.4,0.85,4,19875,15,6,0.4,0.0007541478129713424,0.9989447236180905,408.60778419999406,39,200
0.0007541478129713424,0.4,0.7894736842105263,0.21052631578947367,0.4,0.9,4,19875,15,6,0.4,0.0007541478129713424,0.9989447236180905,408.60778419999406,39,200
0.03192559074912016,0.8,0.9875583203732504,0.012441679626749611,0.8,0.95,8,19255,635,2,0.8,0.03192559074912016,0.9679899497487437,408.60778419999406,39,200
0.888436400201106,1.0,0.9994344211300266,0.0005655788699734178,1.0,1.0,10,2219,17671,0,1.0,0.888436400201106,0.11201005025125628,408.60778419999406,39,200
0.0,0.1,0.0,1.0,0.1,0.05,1,19890,0,9,0.1,0.0,0.9995477386934674,406.77053010009695,40,200
0.0,0.1,0.0,1.0,0.1,0.1,1,19890,0,9,0.1,0.0,0.9995477386934674,406.77053010009695,40,200
0.0,0.1,0.0,1.0,0.1,0.15,1,19890,0,9,0.1,0.0,0.9995477386934674,406.77053010009695,40,200
0.0,0.1,0.0,1.0,0.1,0.2,1,19890,0,9,0.1,0.0,0.9995477386934674,406.77053010009695,40,200
0.0,0.1,0.0,1.0,0.1,0.25,1,19890,0,9,0.1,0.0,0.9995477386934674,406.77053010009695,40,200
0.0,0.1,0.0,1.0,0.1,0.3,1,19890,0,9,0.1,0.0,0.9995477386934674,406.77053010009695,40,200
0.00010055304172951231,0.1,0.6666666666666666,0.3333333333333333,0.1,0.35,1,19888,2,9,0.1,0.00010055304172951231,0.9994472361809045,406.77053010009695,40,200
0.00010055304172951231,0.1,0.6666666666666666,0.3333333333333333,0.1,0.4,1,19888,2,9,0.1,0.00010055304172951231,0.9994472361809045,406.77053010009695,40,200
0.00010055304172951231,0.2,0.5,0.5,0.2,0.45,2,19888,2,8,0.2,0.00010055304172951231,0.9994974874371859,406.77053010009695,40,200
0.00010055304172951231,0.2,0.5,0.5,0.2,0.5,2,19888,2,8,0.2,0.00010055304172951231,0.9994974874371859,406.77053010009695,40,200
0.00196078431372549,0.5,0.8863636363636364,0.11363636363636363,0.5,0.55,5,19851,39,5,0.5,0.00196078431372549,0.9977889447236181,406.77053010009695,40,200
0.004524886877828055,0.5,0.9473684210526315,0.05263157894736842,0.5,0.6,5,19800,90,5,0.5,0.004524886877828055,0.9952261306532664,406.77053010009695,40,200
0.007390648567119155,0.6,0.9607843137254902,0.0392156862745098,0.6,0.65,6,19743,147,4,0.6,0.007390648567119155,0.9924120603015075,406.77053010009695,40,200
0.009954751131221719,0.6,0.9705882352941176,0.029411764705882353,0.6,0.7,6,19692,198,4,0.6,0.009954751131221719,0.9898492462311558,406.77053010009695,40,200
0.01975867269984917,0.7,0.9825,0.0175,0.7,0.75,7,19497,393,3,0.7,0.01975867269984917,0.9801005025125629,406.77053010009695,40,200
0.040522875816993466,0.8,0.9901719901719902,0.009828009828009828,0.8,0.8,8,19084,806,2,0.8,0.040522875816993466,0.9593969849246231,406.77053010009695,40,200
0.05032679738562092,0.9,0.9910891089108911,0.00891089108910891,0.9,0.85,9,18889,1001,1,0.9,0.05032679738562092,0.9496482412060302,406.77053010009695,40,200
0.11372549019607843,0.9,0.9960369881109643,0.003963011889035667,0.9,0.9,9,17628,2262,1,0.9,0.11372549019607843,0.8862814070351759,406.77053010009695,40,200
0.29959778783308194,1.0,0.9983246775004189,0.0016753224995811693,1.0,0.95,10,13931,5959,0,1.0,0.29959778783308194,0.7005527638190955,406.77053010009695,40,200
0.9984917043740573,1.0,0.9994967287367891,0.0005032712632108706,1.0,1.0,10,30,19860,0,1.0,0.9984917043740573,0.0020100502512562816,406.77053010009695,40,200
0.0,0.0,0.0,,0.0,0.05,0,19890,0,10,0.0,0.0,0.9994974874371859,407.8293279999634,41,200
0.0,0.0,0.0,,0.0,0.1,0,19890,0,10,0.0,0.0,0.9994974874371859,407.8293279999634,41,200
0.0,0.0,0.0,,0.0,0.15,0,19890,0,10,0.0,0.0,0.9994974874371859,407.8293279999634,41,200
0.0,0.2,0.0,1.0,0.2,0.2,2,19890,0,8,0.2,0.0,0.9995979899497487,407.8293279999634,41,200
0.00010055304172951231,0.4,0.3333333333333333,0.6666666666666666,0.4,0.25,4,19888,2,6,0.4,0.00010055304172951231,0.9995979899497487,407.8293279999634,41,200
0.00010055304172951231,0.4,0.3333333333333333,0.6666666666666666,0.4,0.3,4,19888,2,6,0.4,0.00010055304172951231,0.9995979899497487,407.8293279999634,41,200
0.00015082956259426848,0.4,0.42857142857142855,0.5714285714285714,0.4,0.35,4,19887,3,6,0.4,0.00015082956259426848,0.9995477386934674,407.8293279999634,41,200
0.00040221216691804925,0.4,0.6666666666666666,0.3333333333333333,0.4,0.4,4,19882,8,6,0.4,0.00040221216691804925,0.9992964824120603,407.8293279999634,41,200
0.00040221216691804925,0.4,0.6666666666666666,0.3333333333333333,0.4,0.45,4,19882,8,6,0.4,0.00040221216691804925,0.9992964824120603,407.8293279999634,41,200
0.00040221216691804925,0.4,0.6666666666666666,0.3333333333333333,0.4,0.5,4,19882,8,6,0.4,0.00040221216691804925,0.9992964824120603,407.8293279999634,41,200
0.00065359477124183,0.4,0.7647058823529411,0.23529411764705882,0.4,0.55,4,19877,13,6,0.4,0.00065359477124183,0.9990452261306533,407.8293279999634,41,200
0.00065359477124183,0.4,0.7647058823529411,0.23529411764705882,0.4,0.6,4,19877,13,6,0.4,0.00065359477124183,0.9990452261306533,407.8293279999634,41,200
0.0007541478129713424,0.4,0.7894736842105263,0.21052631578947367,0.4,0.65,4,19875,15,6,0.4,0.0007541478129713424,0.9989447236180905,407.8293279999634,41,200
0.0007541478129713424,0.4,0.7894736842105263,0.21052631578947367,0.4,0.7,4,19875,15,6,0.4,0.0007541478129713424,0.9989447236180905,407.8293279999634,41,200
0.001005530417295123,0.4,0.8333333333333334,0.16666666666666666,0.4,0.75,4,19870,20,6,0.4,0.001005530417295123,0.9986934673366834,407.8293279999634,41,200
0.002513826043237808,0.5,0.9090909090909091,0.09090909090909091,0.5,0.8,5,19840,50,5,0.5,0.002513826043237808,0.9972361809045226,407.8293279999634,41,200
0.023026646556058322,0.7,0.9849462365591398,0.015053763440860216,0.7,0.85,7,19432,458,3,0.7,0.023026646556058322,0.9768341708542714,407.8293279999634,41,200
0.07596782302664655,0.9,0.9940789473684211,0.0059210526315789476,0.9,0.9,9,18379,1511,1,0.9,0.07596782302664655,0.9240201005025126,407.8293279999634,41,200
0.26460532931121167,1.0,0.9981035463682913,0.0018964536317087046,1.0,0.95,10,14627,5263,0,1.0,0.26460532931121167,0.7355276381909548,407.8293279999634,41,200
0.9984414278531926,1.0,0.9994967034073179,0.0005032965926820676,1.0,1.0,10,31,19859,0,1.0,0.9984414278531926,0.0020603015075376886,407.8293279999634,41,200
0.0,0.4,0.0,1.0,0.4,0.05,4,19890,0,6,0.4,0.0,0.9996984924623116,465.4191886000335,42,200
0.00015082956259426848,0.4,0.42857142857142855,0.5714285714285714,0.4,0.1,4,19887,3,6,0.4,0.00015082956259426848,0.9995477386934674,465.4191886000335,42,200
0.00020110608345902463,0.4,0.5,0.5,0.4,0.15,4,19886,4,6,0.4,0.00020110608345902463,0.9994974874371859,465.4191886000335,42,200
0.00020110608345902463,0.4,0.5,0.5,0.4,0.2,4,19886,4,6,0.4,0.00020110608345902463,0.9994974874371859,465.4191886000335,42,200
0.00020110608345902463,0.4,0.5,0.5,0.4,0.25,4,19886,4,6,0.4,0.00020110608345902463,0.9994974874371859,465.4191886000335,42,200
0.00020110608345902463,0.4,0.5,0.5,0.4,0.3,4,19886,4,6,0.4,0.00020110608345902463,0.9994974874371859,465.4191886000335,42,200
0.00020110608345902463,0.4,0.5,0.5,0.4,0.35,4,19886,4,6,0.4,0.00020110608345902463,0.9994974874371859,465.4191886000335,42,200
0.00020110608345902463,0.4,0.5,0.5,0.4,0.4,4,19886,4,6,0.4,0.00020110608345902463,0.9994974874371859,465.4191886000335,42,200
0.00040221216691804925,0.4,0.6666666666666666,0.3333333333333333,0.4,0.45,4,19882,8,6,0.4,0.00040221216691804925,0.9992964824120603,465.4191886000335,42,200
0.0005530417295123177,0.4,0.7333333333333333,0.26666666666666666,0.4,0.5,4,19879,11,6,0.4,0.0005530417295123177,0.999145728643216,465.4191886000335,42,200
0.0005530417295123177,0.4,0.7333333333333333,0.26666666666666666,0.4,0.55,4,19879,11,6,0.4,0.0005530417295123177,0.999145728643216,465.4191886000335,42,200
0.0005530417295123177,0.4,0.7333333333333333,0.26666666666666666,0.4,0.6,4,19879,11,6,0.4,0.0005530417295123177,0.999145728643216,465.4191886000335,42,200
0.0007038712921065862,0.4,0.7777777777777778,0.2222222222222222,0.4,0.65,4,19876,14,6,0.4,0.0007038712921065862,0.9989949748743718,465.4191886000335,42,200
0.002815485168426345,0.4,0.9333333333333333,0.06666666666666667,0.4,0.7,4,19834,56,6,0.4,0.002815485168426345,0.9968844221105527,465.4191886000335,42,200
0.003217697335344394,0.5,0.927536231884058,0.07246376811594203,0.5,0.75,5,19826,64,5,0.5,0.003217697335344394,0.996532663316583,465.4191886000335,42,200
0.004977375565610859,0.7,0.9339622641509434,0.0660377358490566,0.7,0.8,7,19791,99,3,0.7,0.004977375565610859,0.9948743718592965,465.4191886000335,42,200
0.006083459024635495,0.7,0.9453125,0.0546875,0.7,0.85,7,19769,121,3,0.7,0.006083459024635495,0.9937688442211056,465.4191886000335,42,200
0.03926596279537456,0.8,0.9898605830164765,0.010139416983523447,0.8,0.9,8,19109,781,2,0.8,0.03926596279537456,0.9606532663316583,465.4191886000335,42,200
0.14338863750628456,0.9,0.9968542467668647,0.0031457532331352674,0.9,0.95,9,17038,2852,1,0.9,0.14338863750628456,0.8566331658291457,465.4191886000335,42,200
0.9989441930618401,1.0,0.9994969565873535,0.0005030434126465114,1.0,1.0,10,21,19869,0,1.0,0.9989441930618401,0.0015577889447236182,465.4191886000335,42,200
0.0,0.4,0.0,1.0,0.4,0.05,4,19890,0,6,0.4,0.0,0.9996984924623116,449.76194060000125,43,200
0.0,0.5,0.0,1.0,0.5,0.1,5,19890,0,5,0.5,0.0,0.999748743718593,449.76194060000125,43,200
0.00010055304172951231,0.5,0.2857142857142857,0.7142857142857143,0.5,0.15,5,19888,2,5,0.5,0.00010055304172951231,0.9996482412060301,449.76194060000125,43,200
0.00015082956259426848,0.5,0.375,0.625,0.5,0.2,5,19887,3,5,0.5,0.00015082956259426848,0.9995979899497487,449.76194060000125,43,200
0.00015082956259426848,0.5,0.375,0.625,0.5,0.25,5,19887,3,5,0.5,0.00015082956259426848,0.9995979899497487,449.76194060000125,43,200
0.00015082956259426848,0.5,0.375,0.625,0.5,0.3,5,19887,3,5,0.5,0.00015082956259426848,0.9995979899497487,449.76194060000125,43,200
0.00015082956259426848,0.5,0.375,0.625,0.5,0.35,5,19887,3,5,0.5,0.00015082956259426848,0.9995979899497487,449.76194060000125,43,200
0.00025138260432378077,0.5,0.5,0.5,0.5,0.4,5,19885,5,5,0.5,0.00025138260432378077,0.9994974874371859,449.76194060000125,43,200
0.00025138260432378077,0.5,0.5,0.5,0.5,0.45,5,19885,5,5,0.5,0.00025138260432378077,0.9994974874371859,449.76194060000125,43,200
0.00030165912518853697,0.5,0.5454545454545454,0.45454545454545453,0.5,0.5,5,19884,6,5,0.5,0.00030165912518853697,0.9994472361809045,449.76194060000125,43,200
0.0008044243338360985,0.5,0.7619047619047619,0.23809523809523808,0.5,0.55,5,19874,16,5,0.5,0.0008044243338360985,0.9989447236180905,449.76194060000125,43,200
0.0010558069381598793,0.6,0.7777777777777778,0.2222222222222222,0.6,0.6,6,19869,21,4,0.6,0.0010558069381598793,0.9987437185929648,449.76194060000125,43,200
0.010759175465057818,0.6,0.9727272727272728,0.02727272727272727,0.6,0.65,6,19676,214,4,0.6,0.010759175465057818,0.9890452261306533,449.76194060000125,43,200
0.018501759678230267,0.7,0.9813333333333333,0.018666666666666668,0.7,0.7,7,19522,368,3,0.7,0.018501759678230267,0.981356783919598,449.76194060000125,43,200
0.03117144293614882,0.8,0.9872611464968153,0.012738853503184714,0.8,0.75,8,19270,620,2,0.8,0.03117144293614882,0.9687437185929648,449.76194060000125,43,200
0.05324283559577677,0.8,0.9925023430178069,0.007497656982193065,0.8,0.8,8,18831,1059,2,0.8,0.05324283559577677,0.9466834170854271,449.76194060000125,43,200
0.10377073906485672,0.9,0.9956584659913169,0.004341534008683068,0.9,0.85,9,17826,2064,1,0.9,0.10377073906485672,0.8962311557788945,449.76194060000125,43,200
0.187833081950729,1.0,0.997330485851575,0.0026695141484249867,1.0,0.9,10,16154,3736,0,1.0,0.187833081950729,0.8122613065326633,449.76194060000125,43,200
0.4258924082453494,1.0,0.998820893762528,0.0011791062374719961,1.0,0.95,10,11419,8471,0,1.0,0.4258924082453494,0.574321608040201,449.76194060000125,43,200
0.9945701357466064,1.0,0.9994947453516573,0.0005052546483427648,1.0,1.0,10,108,19782,0,1.0,0.9945701357466064,0.00592964824120603,449.76194060000125,43,200
0.0,0.4,0.0,1.0,0.4,0.05,4,19890,0,6,0.4,0.0,0.9996984924623116,446.00637439999264,44,200
0.0,0.4,0.0,1.0,0.4,0.1,4,19890,0,6,0.4,0.0,0.9996984924623116,446.00637439999264,44,200
0.00010055304172951231,0.4,0.3333333333333333,0.6666666666666666,0.4,0.15,4,19888,2,6,0.4,0.00010055304172951231,0.9995979899497487,446.00637439999264,44,200
0.00010055304172951231,0.4,0.3333333333333333,0.6666666666666666,0.4,0.2,4,19888,2,6,0.4,0.00010055304172951231,0.9995979899497487,446.00637439999264,44,200
0.00010055304172951231,0.4,0.3333333333333333,0.6666666666666666,0.4,0.25,4,19888,2,6,0.4,0.00010055304172951231,0.9995979899497487,446.00637439999264,44,200
0.00015082956259426848,0.4,0.42857142857142855,0.5714285714285714,0.4,0.3,4,19887,3,6,0.4,0.00015082956259426848,0.9995477386934674,446.00637439999264,44,200
0.0003519356460532931,0.4,0.6363636363636364,0.36363636363636365,0.4,0.35,4,19883,7,6,0.4,0.0003519356460532931,0.9993467336683417,446.00637439999264,44,200
0.0005530417295123177,0.4,0.7333333333333333,0.26666666666666666,0.4,0.4,4,19879,11,6,0.4,0.0005530417295123177,0.999145728643216,446.00637439999264,44,200
0.0009049773755656109,0.4,0.8181818181818182,0.18181818181818182,0.4,0.45,4,19872,18,6,0.4,0.0009049773755656109,0.9987939698492462,446.00637439999264,44,200
0.0009049773755656109,0.4,0.8181818181818182,0.18181818181818182,0.4,0.5,4,19872,18,6,0.4,0.0009049773755656109,0.9987939698492462,446.00637439999264,44,200
0.0009049773755656109,0.4,0.8181818181818182,0.18181818181818182,0.4,0.55,4,19872,18,6,0.4,0.0009049773755656109,0.9987939698492462,446.00637439999264,44,200
0.0011060834590246355,0.4,0.8461538461538461,0.15384615384615385,0.4,0.6,4,19868,22,6,0.4,0.0011060834590246355,0.9985929648241206,446.00637439999264,44,200
0.0017094017094017094,0.4,0.8947368421052632,0.10526315789473684,0.4,0.65,4,19856,34,6,0.4,0.0017094017094017094,0.9979899497487437,446.00637439999264,44,200
0.0018099547511312218,0.4,0.9,0.1,0.4,0.7,4,19854,36,6,0.4,0.0018099547511312218,0.9978894472361809,446.00637439999264,44,200
0.0026646556058320765,0.5,0.9137931034482759,0.08620689655172414,0.5,0.75,5,19837,53,5,0.5,0.0026646556058320765,0.9970854271356784,446.00637439999264,44,200
0.002765208647561589,0.5,0.9166666666666666,0.08333333333333333,0.5,0.8,5,19835,55,5,0.5,0.002765208647561589,0.9969849246231156,446.00637439999264,44,200
0.010507792860734038,0.5,0.9766355140186916,0.02336448598130841,0.5,0.85,5,19681,209,5,0.5,0.010507792860734038,0.9892462311557789,446.00637439999264,44,200
0.052187028657616895,0.8,0.9923518164435946,0.0076481835564053535,0.8,0.9,8,18852,1038,2,0.8,0.052187028657616895,0.9477386934673366,446.00637439999264,44,200
0.21176470588235294,0.9,0.997867803837953,0.0021321961620469083,0.9,0.95,9,15678,4212,1,0.9,0.21176470588235294,0.7882914572864321,446.00637439999264,44,200
0.9967823026646556,1.0,0.9994958661020367,0.000504133897963299,1.0,1.0,10,64,19826,0,1.0,0.9967823026646556,0.0037185929648241205,446.00637439999264,44,200
0.0,0.2,0.0,1.0,0.2,0.05,2,19890,0,8,0.2,0.0,0.9995979899497487,444.7106869999552,45,200
0.0,0.3,0.0,1.0,0.3,0.1,3,19890,0,7,0.3,0.0,0.9996482412060301,444.7106869999552,45,200
0.0,0.3,0.0,1.0,0.3,0.15,3,19890,0,7,0.3,0.0,0.9996482412060301,444.7106869999552,45,200
0.00010055304172951231,0.4,0.3333333333333333,0.6666666666666666,0.4,0.2,4,19888,2,6,0.4,0.00010055304172951231,0.9995979899497487,444.7106869999552,45,200
0.00020110608345902463,0.4,0.5,0.5,0.4,0.25,4,19886,4,6,0.4,0.00020110608345902463,0.9994974874371859,444.7106869999552,45,200
0.00020110608345902463,0.4,0.5,0.5,0.4,0.3,4,19886,4,6,0.4,0.00020110608345902463,0.9994974874371859,444.7106869999552,45,200
0.00025138260432378077,0.4,0.5555555555555556,0.4444444444444444,0.4,0.35,4,19885,5,6,0.4,0.00025138260432378077,0.9994472361809045,444.7106869999552,45,200
0.00025138260432378077,0.4,0.5555555555555556,0.4444444444444444,0.4,0.4,4,19885,5,6,0.4,0.00025138260432378077,0.9994472361809045,444.7106869999552,45,200
0.0013574660633484162,0.5,0.84375,0.15625,0.5,0.45,5,19863,27,5,0.5,0.0013574660633484162,0.998391959798995,444.7106869999552,45,200
0.001608848667672197,0.6,0.8421052631578947,0.15789473684210525,0.6,0.5,6,19858,32,4,0.6,0.001608848667672197,0.9981909547738693,444.7106869999552,45,200
0.0018602312719959778,0.6,0.8604651162790697,0.13953488372093023,0.6,0.55,6,19853,37,4,0.6,0.0018602312719959778,0.9979396984924623,444.7106869999552,45,200
0.004022121669180492,0.6,0.9302325581395349,0.06976744186046512,0.6,0.6,6,19810,80,4,0.6,0.004022121669180492,0.9957788944723618,444.7106869999552,45,200
0.005329311211664153,0.7,0.9380530973451328,0.061946902654867256,0.7,0.65,7,19784,106,3,0.7,0.005329311211664153,0.9945226130653266,444.7106869999552,45,200
0.00864756158873806,0.7,0.9608938547486033,0.03910614525139665,0.7,0.7,7,19718,172,3,0.7,0.00864756158873806,0.9912060301507538,444.7106869999552,45,200
0.015887380593262945,0.7,0.978328173374613,0.021671826625386997,0.7,0.75,7,19574,316,3,0.7,0.015887380593262945,0.9839698492462312,444.7106869999552,45,200
0.021166415284062344,0.7,0.9836448598130841,0.016355140186915886,0.7,0.8,7,19469,421,3,0.7,0.021166415284062344,0.9786934673366834,444.7106869999552,45,200
0.05238813474107592,0.8,0.9923809523809524,0.007619047619047619,0.8,0.85,8,18848,1042,2,0.8,0.05238813474107592,0.9475376884422111,444.7106869999552,45,200
0.09286073403720463,0.8,0.9956873315363881,0.00431266846361186,0.8,0.9,8,18043,1847,2,0.8,0.09286073403720463,0.9070854271356784,444.7106869999552,45,200
0.3390145801910508,0.9,0.9986670616113744,0.0013329383886255925,0.9,0.95,9,13147,6743,1,0.9,0.3390145801910508,0.661105527638191,444.7106869999552,45,200
0.9963298139768728,1.0,0.999495637262319,0.0005043627376809402,1.0,1.0,10,73,19817,0,1.0,0.9963298139768728,0.004170854271356784,444.7106869999552,45,200
0.0,0.5,0.0,1.0,0.5,0.05,5,19890,0,5,0.5,0.0,0.999748743718593,448.7662672000006,46,200
5.0276520864756156e-05,0.5,0.16666666666666666,0.8333333333333334,0.5,0.1,5,19889,1,5,0.5,5.0276520864756156e-05,0.9996984924623116,448.7662672000006,46,200
5.0276520864756156e-05,0.5,0.16666666666666666,0.8333333333333334,0.5,0.15,5,19889,1,5,0.5,5.0276520864756156e-05,0.9996984924623116,448.7662672000006,46,200
5.0276520864756156e-05,0.5,0.16666666666666666,0.8333333333333334,0.5,0.2,5,19889,1,5,0.5,5.0276520864756156e-05,0.9996984924623116,448.7662672000006,46,200
0.00015082956259426848,0.5,0.375,0.625,0.5,0.25,5,19887,3,5,0.5,0.00015082956259426848,0.9995979899497487,448.7662672000006,46,200
0.0007038712921065862,0.5,0.7368421052631579,0.2631578947368421,0.5,0.3,5,19876,14,5,0.5,0.0007038712921065862,0.9990452261306533,448.7662672000006,46,200
0.0008044243338360985,0.5,0.7619047619047619,0.23809523809523808,0.5,0.35,5,19874,16,5,0.5,0.0008044243338360985,0.9989447236180905,448.7662672000006,46,200
0.0008044243338360985,0.5,0.7619047619047619,0.23809523809523808,0.5,0.4,5,19874,16,5,0.5,0.0008044243338360985,0.9989447236180905,448.7662672000006,46,200
0.0009049773755656109,0.5,0.782608695652174,0.21739130434782608,0.5,0.45,5,19872,18,5,0.5,0.0009049773755656109,0.9988442211055276,448.7662672000006,46,200
0.0010558069381598793,0.5,0.8076923076923077,0.19230769230769232,0.5,0.5,5,19869,21,5,0.5,0.0010558069381598793,0.9986934673366834,448.7662672000006,46,200
0.0010558069381598793,0.5,0.8076923076923077,0.19230769230769232,0.5,0.55,5,19869,21,5,0.5,0.0010558069381598793,0.9986934673366834,448.7662672000006,46,200
0.001256913021618904,0.5,0.8333333333333334,0.16666666666666666,0.5,0.6,5,19865,25,5,0.5,0.001256913021618904,0.9984924623115577,448.7662672000006,46,200
0.0014077425842131724,0.5,0.8484848484848485,0.15151515151515152,0.5,0.65,5,19862,28,5,0.5,0.0014077425842131724,0.9983417085427135,448.7662672000006,46,200
0.002513826043237808,0.5,0.9090909090909091,0.09090909090909091,0.5,0.7,5,19840,50,5,0.5,0.002513826043237808,0.9972361809045226,448.7662672000006,46,200
0.00261437908496732,0.5,0.9122807017543859,0.08771929824561403,0.5,0.75,5,19838,52,5,0.5,0.00261437908496732,0.9971356783919598,448.7662672000006,46,200
0.006234288587229764,0.6,0.9538461538461539,0.046153846153846156,0.6,0.8,6,19766,124,4,0.6,0.006234288587229764,0.9935678391959799,448.7662672000006,46,200
0.007792860734037205,0.6,0.9627329192546584,0.037267080745341616,0.6,0.85,6,19735,155,4,0.6,0.007792860734037205,0.9920100502512563,448.7662672000006,46,200
0.009200603318250377,0.6,0.9682539682539683,0.031746031746031744,0.6,0.9,6,19707,183,4,0.6,0.009200603318250377,0.9906030150753768,448.7662672000006,46,200
0.02317747611865259,0.7,0.9850427350427351,0.014957264957264958,0.7,0.95,7,19429,461,3,0.7,0.02317747611865259,0.9766834170854272,448.7662672000006,46,200
0.8958270487682253,1.0,0.9994390845860445,0.0005609154139555755,1.0,1.0,10,2072,17818,0,1.0,0.8958270487682253,0.10462311557788945,448.7662672000006,46,200
0.0,0.4,0.0,1.0,0.4,0.05,4,19890,0,6,0.4,0.0,0.9996984924623116,444.25449960003607,47,200
0.0,0.4,0.0,1.0,0.4,0.1,4,19890,0,6,0.4,0.0,0.9996984924623116,444.25449960003607,47,200
0.0,0.5,0.0,1.0,0.5,0.15,5,19890,0,5,0.5,0.0,0.999748743718593,444.25449960003607,47,200
0.0,0.5,0.0,1.0,0.5,0.2,5,19890,0,5,0.5,0.0,0.999748743718593,444.25449960003607,47,200
0.00010055304172951231,0.5,0.2857142857142857,0.7142857142857143,0.5,0.25,5,19888,2,5,0.5,0.00010055304172951231,0.9996482412060301,444.25449960003607,47,200
0.00020110608345902463,0.5,0.4444444444444444,0.5555555555555556,0.5,0.3,5,19886,4,5,0.5,0.00020110608345902463,0.9995477386934674,444.25449960003607,47,200
0.00030165912518853697,0.5,0.5454545454545454,0.45454545454545453,0.5,0.35,5,19884,6,5,0.5,0.00030165912518853697,0.9994472361809045,444.25449960003607,47,200
0.00030165912518853697,0.5,0.5454545454545454,0.45454545454545453,0.5,0.4,5,19884,6,5,0.5,0.00030165912518853697,0.9994472361809045,444.25449960003607,47,200
0.00030165912518853697,0.5,0.5454545454545454,0.45454545454545453,0.5,0.45,5,19884,6,5,0.5,0.00030165912518853697,0.9994472361809045,444.25449960003607,47,200
0.0006033182503770739,0.5,0.7058823529411765,0.29411764705882354,0.5,0.5,5,19878,12,5,0.5,0.0006033182503770739,0.999145728643216,444.25449960003607,47,200
0.0007541478129713424,0.5,0.75,0.25,0.5,0.55,5,19875,15,5,0.5,0.0007541478129713424,0.9989949748743718,444.25449960003607,47,200
0.0008044243338360985,0.5,0.7619047619047619,0.23809523809523808,0.5,0.6,5,19874,16,5,0.5,0.0008044243338360985,0.9989447236180905,444.25449960003607,47,200
0.0008044243338360985,0.5,0.7619047619047619,0.23809523809523808,0.5,0.65,5,19874,16,5,0.5,0.0008044243338360985,0.9989447236180905,444.25449960003607,47,200
0.001558572146807441,0.5,0.8611111111111112,0.1388888888888889,0.5,0.7,5,19859,31,5,0.5,0.001558572146807441,0.9981909547738693,444.25449960003607,47,200
0.004424333836098542,0.5,0.946236559139785,0.053763440860215055,0.5,0.75,5,19802,88,5,0.5,0.004424333836098542,0.9953266331658291,444.25449960003607,47,200
0.004625439919557567,0.5,0.9484536082474226,0.05154639175257732,0.5,0.8,5,19798,92,5,0.5,0.004625439919557567,0.9951256281407035,444.25449960003607,47,200
0.006636500754147813,0.6,0.9565217391304348,0.043478260869565216,0.6,0.85,6,19758,132,4,0.6,0.006636500754147813,0.9931658291457286,444.25449960003607,47,200
0.02564102564102564,0.7,0.9864603481624759,0.013539651837524178,0.7,0.9,7,19380,510,3,0.7,0.02564102564102564,0.9742211055276382,444.25449960003607,47,200
0.0693815987933635,0.8,0.9942363112391931,0.005763688760806916,0.8,0.95,8,18510,1380,2,0.8,0.0693815987933635,0.9305527638190955,444.25449960003607,47,200
0.9967823026646556,1.0,0.9994958661020367,0.000504133897963299,1.0,1.0,10,64,19826,0,1.0,0.9967823026646556,0.0037185929648241205,444.25449960003607,47,200
0.0,0.2,0.0,1.0,0.2,0.05,2,19890,0,8,0.2,0.0,0.9995979899497487,440.5483220999595,48,200
0.0,0.2,0.0,1.0,0.2,0.1,2,19890,0,8,0.2,0.0,0.9995979899497487,440.5483220999595,48,200
0.0,0.2,0.0,1.0,0.2,0.15,2,19890,0,8,0.2,0.0,0.9995979899497487,440.5483220999595,48,200
0.0,0.2,0.0,1.0,0.2,0.2,2,19890,0,8,0.2,0.0,0.9995979899497487,440.5483220999595,48,200
0.0,0.2,0.0,1.0,0.2,0.25,2,19890,0,8,0.2,0.0,0.9995979899497487,440.5483220999595,48,200
0.0,0.3,0.0,1.0,0.3,0.3,3,19890,0,7,0.3,0.0,0.9996482412060301,440.5483220999595,48,200
0.0,0.3,0.0,1.0,0.3,0.35,3,19890,0,7,0.3,0.0,0.9996482412060301,440.5483220999595,48,200
5.0276520864756156e-05,0.4,0.2,0.8,0.4,0.4,4,19889,1,6,0.4,5.0276520864756156e-05,0.9996482412060301,440.5483220999595,48,200
5.0276520864756156e-05,0.4,0.2,0.8,0.4,0.45,4,19889,1,6,0.4,5.0276520864756156e-05,0.9996482412060301,440.5483220999595,48,200
5.0276520864756156e-05,0.4,0.2,0.8,0.4,0.5,4,19889,1,6,0.4,5.0276520864756156e-05,0.9996482412060301,440.5483220999595,48,200
5.0276520864756156e-05,0.4,0.2,0.8,0.4,0.55,4,19889,1,6,0.4,5.0276520864756156e-05,0.9996482412060301,440.5483220999595,48,200
5.0276520864756156e-05,0.4,0.2,0.8,0.4,0.6,4,19889,1,6,0.4,5.0276520864756156e-05,0.9996482412060301,440.5483220999595,48,200
5.0276520864756156e-05,0.4,0.2,0.8,0.4,0.65,4,19889,1,6,0.4,5.0276520864756156e-05,0.9996482412060301,440.5483220999595,48,200
0.001910507792860734,0.8,0.8260869565217391,0.17391304347826086,0.8,0.7,8,19852,38,2,0.8,0.001910507792860734,0.9979899497487437,440.5483220999595,48,200
0.0021116138763197585,0.8,0.84,0.16,0.8,0.75,8,19848,42,2,0.8,0.0021116138763197585,0.9977889447236181,440.5483220999595,48,200
0.0021116138763197585,0.8,0.84,0.16,0.8,0.8,8,19848,42,2,0.8,0.0021116138763197585,0.9977889447236181,440.5483220999595,48,200
0.0022624434389140274,0.8,0.8490566037735849,0.1509433962264151,0.8,0.85,8,19845,45,2,0.8,0.0022624434389140274,0.9976381909547739,440.5483220999595,48,200
0.002513826043237808,0.8,0.8620689655172413,0.13793103448275862,0.8,0.9,8,19840,50,2,0.8,0.002513826043237808,0.9973869346733668,440.5483220999595,48,200
0.002564102564102564,0.8,0.864406779661017,0.13559322033898305,0.8,0.95,8,19839,51,2,0.8,0.002564102564102564,0.9973366834170855,440.5483220999595,48,200
0.9522875816993464,1.0,0.9994723233602448,0.0005276766397551581,1.0,1.0,10,949,18941,0,1.0,0.9522875816993464,0.048190954773869345,440.5483220999595,48,200
0.00010055304172951231,0.5,0.2857142857142857,0.7142857142857143,0.5,0.05,5,19888,2,5,0.5,0.00010055304172951231,0.9996482412060301,439.2879263999639,49,200
0.00010055304172951231,0.5,0.2857142857142857,0.7142857142857143,0.5,0.1,5,19888,2,5,0.5,0.00010055304172951231,0.9996482412060301,439.2879263999639,49,200
0.00010055304172951231,0.5,0.2857142857142857,0.7142857142857143,0.5,0.15,5,19888,2,5,0.5,0.00010055304172951231,0.9996482412060301,439.2879263999639,49,200
0.00020110608345902463,0.5,0.4444444444444444,0.5555555555555556,0.5,0.2,5,19886,4,5,0.5,0.00020110608345902463,0.9995477386934674,439.2879263999639,49,200
0.00025138260432378077,0.5,0.5,0.5,0.5,0.25,5,19885,5,5,0.5,0.00025138260432378077,0.9994974874371859,439.2879263999639,49,200
0.00025138260432378077,0.5,0.5,0.5,0.5,0.3,5,19885,5,5,0.5,0.00025138260432378077,0.9994974874371859,439.2879263999639,49,200
0.00030165912518853697,0.5,0.5454545454545454,0.45454545454545453,0.5,0.35,5,19884,6,5,0.5,0.00030165912518853697,0.9994472361809045,439.2879263999639,49,200
0.00030165912518853697,0.6,0.5,0.5,0.6,0.4,6,19884,6,4,0.6,0.00030165912518853697,0.9994974874371859,439.2879263999639,49,200
0.00065359477124183,0.6,0.6842105263157895,0.3157894736842105,0.6,0.45,6,19877,13,4,0.6,0.00065359477124183,0.999145728643216,439.2879263999639,49,200
0.0007038712921065862,0.6,0.7,0.3,0.6,0.5,6,19876,14,4,0.6,0.0007038712921065862,0.9990954773869347,439.2879263999639,49,200
0.0007038712921065862,0.6,0.7,0.3,0.6,0.55,6,19876,14,4,0.6,0.0007038712921065862,0.9990954773869347,439.2879263999639,49,200
0.0008044243338360985,0.6,0.7272727272727273,0.2727272727272727,0.6,0.6,6,19874,16,4,0.6,0.0008044243338360985,0.9989949748743718,439.2879263999639,49,200
0.0017094017094017094,0.6,0.85,0.15,0.6,0.65,6,19856,34,4,0.6,0.0017094017094017094,0.9980904522613065,439.2879263999639,49,200
0.002212166918049271,0.7,0.8627450980392157,0.13725490196078433,0.7,0.7,7,19846,44,3,0.7,0.002212166918049271,0.9976381909547739,439.2879263999639,49,200
0.003569632981397687,0.7,0.9102564102564102,0.08974358974358974,0.7,0.75,7,19819,71,3,0.7,0.003569632981397687,0.9962814070351759,439.2879263999639,49,200
0.01216691804927099,0.7,0.9718875502008032,0.028112449799196786,0.7,0.8,7,19648,242,3,0.7,0.01216691804927099,0.9876884422110552,439.2879263999639,49,200
0.0473604826546003,0.7,0.9926238145416227,0.007376185458377239,0.7,0.85,7,18948,942,3,0.7,0.0473604826546003,0.9525125628140704,439.2879263999639,49,200
0.12156862745098039,0.9,0.9962917181705809,0.003708281829419036,0.9,0.9,9,17472,2418,1,0.9,0.12156862745098039,0.8784422110552764,439.2879263999639,49,200
0.3047259929612871,0.9,0.9985172981878089,0.0014827018121911038,0.9,0.95,9,13829,6061,1,0.9,0.3047259929612871,0.6953768844221105,439.2879263999639,49,200
0.9984414278531926,1.0,0.9994967034073179,0.0005032965926820676,1.0,1.0,10,31,19859,0,1.0,0.9984414278531926,0.0020603015075376886,439.2879263999639,49,200
