FPR,TPR,FDR,NPrecision,NRecall,alpha,NTP,NTN,NFP,NFN,NTPR,NFPR,NACC,run,dim
0.0,1.0,0.0,1.0,1.0,0.02,10,4940,0,0,1.0,0.0,1.0,0,100
0.0,1.0,0.0,1.0,1.0,0.04,10,4940,0,0,1.0,0.0,1.0,0,100
0.0,1.0,0.0,1.0,1.0,0.06,10,4940,0,0,1.0,0.0,1.0,0,100
0.0,1.0,0.0,1.0,1.0,0.08,10,4940,0,0,1.0,0.0,1.0,0,100
0.0,1.0,0.0,1.0,1.0,0.1,10,4940,0,0,1.0,0.0,1.0,0,100
0.0,1.0,0.0,1.0,1.0,0.12,10,4940,0,0,1.0,0.0,1.0,0,100
0.0,1.0,0.0,1.0,1.0,0.14,10,4940,0,0,1.0,0.0,1.0,0,100
0.0,1.0,0.0,1.0,1.0,0.16,10,4940,0,0,1.0,0.0,1.0,0,100
0.0,1.0,0.0,1.0,1.0,0.18,10,4940,0,0,1.0,0.0,1.0,0,100
0.0,1.0,0.0,1.0,1.0,0.2,10,4940,0,0,1.0,0.0,1.0,0,100
0.0,1.0,0.0,1.0,1.0,0.22,10,4940,0,0,1.0,0.0,1.0,0,100
0.0,1.0,0.0,1.0,1.0,0.24,10,4940,0,0,1.0,0.0,1.0,0,100
0.0,1.0,0.0,1.0,1.0,0.26,10,4940,0,0,1.0,0.0,1.0,0,100
0.0004048582995951417,1.0,0.16666666666666666,0.8333333333333334,1.0,0.28,10,4938,2,0,1.0,0.0004048582995951417,0.9995959595959596,0,100
0.0004048582995951417,1.0,0.16666666666666666,0.8333333333333334,1.0,0.3,10,4938,2,0,1.0,0.0004048582995951417,0.9995959595959596,0,100
0.0004048582995951417,1.0,0.16666666666666666,0.8333333333333334,1.0,0.32,10,4938,2,0,1.0,0.0004048582995951417,0.9995959595959596,0,100
0.0004048582995951417,1.0,0.16666666666666666,0.8333333333333334,1.0,0.34,10,4938,2,0,1.0,0.0004048582995951417,0.9995959595959596,0,100
0.0004048582995951417,1.0,0.16666666666666666,0.8333333333333334,1.0,0.36,10,4938,2,0,1.0,0.0004048582995951417,0.9995959595959596,0,100
0.0004048582995951417,1.0,0.16666666666666666,0.8333333333333334,1.0,0.38,10,4938,2,0,1.0,0.0004048582995951417,0.9995959595959596,0,100
0.0004048582995951417,1.0,0.16666666666666666,0.8333333333333334,1.0,0.4,10,4938,2,0,1.0,0.0004048582995951417,0.9995959595959596,0,100
0.0006072874493927126,1.0,0.23076923076923078,0.7692307692307693,1.0,0.42,10,4937,3,0,1.0,0.0006072874493927126,0.9993939393939394,0,100
0.0006072874493927126,1.0,0.23076923076923078,0.7692307692307693,1.0,0.44,10,4937,3,0,1.0,0.0006072874493927126,0.9993939393939394,0,100
0.0006072874493927126,1.0,0.23076923076923078,0.7692307692307693,1.0,0.46,10,4937,3,0,1.0,0.0006072874493927126,0.9993939393939394,0,100
0.0006072874493927126,1.0,0.23076923076923078,0.7692307692307693,1.0,0.48,10,4937,3,0,1.0,0.0006072874493927126,0.9993939393939394,0,100
0.0006072874493927126,1.0,0.23076923076923078,0.7692307692307693,1.0,0.5,10,4937,3,0,1.0,0.0006072874493927126,0.9993939393939394,0,100
0.0006072874493927126,1.0,0.23076923076923078,0.7692307692307693,1.0,0.52,10,4937,3,0,1.0,0.0006072874493927126,0.9993939393939394,0,100
0.0006072874493927126,1.0,0.23076923076923078,0.7692307692307693,1.0,0.54,10,4937,3,0,1.0,0.0006072874493927126,0.9993939393939394,0,100
0.0006072874493927126,1.0,0.23076923076923078,0.7692307692307693,1.0,0.56,10,4937,3,0,1.0,0.0006072874493927126,0.9993939393939394,0,100
0.0006072874493927126,1.0,0.23076923076923078,0.7692307692307693,1.0,0.58,10,4937,3,0,1.0,0.0006072874493927126,0.9993939393939394,0,100
0.0006072874493927126,1.0,0.23076923076923078,0.7692307692307693,1.0,0.6,10,4937,3,0,1.0,0.0006072874493927126,0.9993939393939394,0,100
0.0006072874493927126,1.0,0.23076923076923078,0.7692307692307693,1.0,0.62,10,4937,3,0,1.0,0.0006072874493927126,0.9993939393939394,0,100
0.0006072874493927126,1.0,0.23076923076923078,0.7692307692307693,1.0,0.64,10,4937,3,0,1.0,0.0006072874493927126,0.9993939393939394,0,100
0.0008097165991902834,1.0,0.2857142857142857,0.7142857142857143,1.0,0.66,10,4936,4,0,1.0,0.0008097165991902834,0.9991919191919192,0,100
0.0008097165991902834,1.0,0.2857142857142857,0.7142857142857143,1.0,0.68,10,4936,4,0,1.0,0.0008097165991902834,0.9991919191919192,0,100
0.0008097165991902834,1.0,0.2857142857142857,0.7142857142857143,1.0,0.7,10,4936,4,0,1.0,0.0008097165991902834,0.9991919191919192,0,100
0.0008097165991902834,1.0,0.2857142857142857,0.7142857142857143,1.0,0.72,10,4936,4,0,1.0,0.0008097165991902834,0.9991919191919192,0,100
0.0008097165991902834,1.0,0.2857142857142857,0.7142857142857143,1.0,0.74,10,4936,4,0,1.0,0.0008097165991902834,0.9991919191919192,0,100
0.0008097165991902834,1.0,0.2857142857142857,0.7142857142857143,1.0,0.76,10,4936,4,0,1.0,0.0008097165991902834,0.9991919191919192,0,100
0.0008097165991902834,1.0,0.2857142857142857,0.7142857142857143,1.0,0.78,10,4936,4,0,1.0,0.0008097165991902834,0.9991919191919192,0,100
0.0018218623481781376,1.0,0.47368421052631576,0.5263157894736842,1.0,0.8,10,4931,9,0,1.0,0.0018218623481781376,0.9981818181818182,0,100
0.0018218623481781376,1.0,0.47368421052631576,0.5263157894736842,1.0,0.82,10,4931,9,0,1.0,0.0018218623481781376,0.9981818181818182,0,100
0.0018218623481781376,1.0,0.47368421052631576,0.5263157894736842,1.0,0.84,10,4931,9,0,1.0,0.0018218623481781376,0.9981818181818182,0,100
0.0018218623481781376,1.0,0.47368421052631576,0.5263157894736842,1.0,0.86,10,4931,9,0,1.0,0.0018218623481781376,0.9981818181818182,0,100
0.0018218623481781376,1.0,0.47368421052631576,0.5263157894736842,1.0,0.88,10,4931,9,0,1.0,0.0018218623481781376,0.9981818181818182,0,100
0.0018218623481781376,1.0,0.47368421052631576,0.5263157894736842,1.0,0.9,10,4931,9,0,1.0,0.0018218623481781376,0.9981818181818182,0,100
0.0018218623481781376,1.0,0.47368421052631576,0.5263157894736842,1.0,0.92,10,4931,9,0,1.0,0.0018218623481781376,0.9981818181818182,0,100
0.0018218623481781376,1.0,0.47368421052631576,0.5263157894736842,1.0,0.94,10,4931,9,0,1.0,0.0018218623481781376,0.9981818181818182,0,100
0.0018218623481781376,1.0,0.47368421052631576,0.5263157894736842,1.0,0.96,10,4931,9,0,1.0,0.0018218623481781376,0.9981818181818182,0,100
0.0018218623481781376,1.0,0.47368421052631576,0.5263157894736842,1.0,0.98,10,4931,9,0,1.0,0.0018218623481781376,0.9981818181818182,0,100
0.0018218623481781376,1.0,0.47368421052631576,0.5263157894736842,1.0,1.0,10,4931,9,0,1.0,0.0018218623481781376,0.9981818181818182,0,100
0.0,0.8,0.0,1.0,0.8,0.02,8,4940,0,2,0.8,0.0,0.9995959595959596,1,100
0.0,0.8,0.0,1.0,0.8,0.04,8,4940,0,2,0.8,0.0,0.9995959595959596,1,100
0.0,0.9,0.0,1.0,0.9,0.06,9,4940,0,1,0.9,0.0,0.9997979797979798,1,100
0.0,0.9,0.0,1.0,0.9,0.08,9,4940,0,1,0.9,0.0,0.9997979797979798,1,100
0.0,0.9,0.0,1.0,0.9,0.1,9,4940,0,1,0.9,0.0,0.9997979797979798,1,100
0.0,0.9,0.0,1.0,0.9,0.12,9,4940,0,1,0.9,0.0,0.9997979797979798,1,100
0.0,0.9,0.0,1.0,0.9,0.14,9,4940,0,1,0.9,0.0,0.9997979797979798,1,100
0.0,0.9,0.0,1.0,0.9,0.16,9,4940,0,1,0.9,0.0,0.9997979797979798,1,100
0.0,0.9,0.0,1.0,0.9,0.18,9,4940,0,1,0.9,0.0,0.9997979797979798,1,100
0.0,0.9,0.0,1.0,0.9,0.2,9,4940,0,1,0.9,0.0,0.9997979797979798,1,100
0.0,0.9,0.0,1.0,0.9,0.22,9,4940,0,1,0.9,0.0,0.9997979797979798,1,100
0.0,0.9,0.0,1.0,0.9,0.24,9,4940,0,1,0.9,0.0,0.9997979797979798,1,100
0.0,0.9,0.0,1.0,0.9,0.26,9,4940,0,1,0.9,0.0,0.9997979797979798,1,100
0.0,0.9,0.0,1.0,0.9,0.28,9,4940,0,1,0.9,0.0,0.9997979797979798,1,100
0.0,0.9,0.0,1.0,0.9,0.3,9,4940,0,1,0.9,0.0,0.9997979797979798,1,100
0.0,0.9,0.0,1.0,0.9,0.32,9,4940,0,1,0.9,0.0,0.9997979797979798,1,100
0.0,0.9,0.0,1.0,0.9,0.34,9,4940,0,1,0.9,0.0,0.9997979797979798,1,100
0.0,0.9,0.0,1.0,0.9,0.36,9,4940,0,1,0.9,0.0,0.9997979797979798,1,100
0.0,0.9,0.0,1.0,0.9,0.38,9,4940,0,1,0.9,0.0,0.9997979797979798,1,100
0.0010121457489878543,0.9,0.35714285714285715,0.6428571428571429,0.9,0.4,9,4935,5,1,0.9,0.0010121457489878543,0.9987878787878788,1,100
0.0010121457489878543,0.9,0.35714285714285715,0.6428571428571429,0.9,0.42,9,4935,5,1,0.9,0.0010121457489878543,0.9987878787878788,1,100
0.0010121457489878543,0.9,0.35714285714285715,0.6428571428571429,0.9,0.44,9,4935,5,1,0.9,0.0010121457489878543,0.9987878787878788,1,100
0.0010121457489878543,0.9,0.35714285714285715,0.6428571428571429,0.9,0.46,9,4935,5,1,0.9,0.0010121457489878543,0.9987878787878788,1,100
0.0010121457489878543,0.9,0.35714285714285715,0.6428571428571429,0.9,0.48,9,4935,5,1,0.9,0.0010121457489878543,0.9987878787878788,1,100
0.0010121457489878543,0.9,0.35714285714285715,0.6428571428571429,0.9,0.5,9,4935,5,1,0.9,0.0010121457489878543,0.9987878787878788,1,100
0.002834008097165992,1.0,0.5833333333333334,0.4166666666666667,1.0,0.52,10,4926,14,0,1.0,0.002834008097165992,0.9971717171717172,1,100
0.002834008097165992,1.0,0.5833333333333334,0.4166666666666667,1.0,0.54,10,4926,14,0,1.0,0.002834008097165992,0.9971717171717172,1,100
0.002834008097165992,1.0,0.5833333333333334,0.4166666666666667,1.0,0.56,10,4926,14,0,1.0,0.002834008097165992,0.9971717171717172,1,100
0.002834008097165992,1.0,0.5833333333333334,0.4166666666666667,1.0,0.58,10,4926,14,0,1.0,0.002834008097165992,0.9971717171717172,1,100
0.002834008097165992,1.0,0.5833333333333334,0.4166666666666667,1.0,0.6,10,4926,14,0,1.0,0.002834008097165992,0.9971717171717172,1,100
0.002834008097165992,1.0,0.5833333333333334,0.4166666666666667,1.0,0.62,10,4926,14,0,1.0,0.002834008097165992,0.9971717171717172,1,100
0.002834008097165992,1.0,0.5833333333333334,0.4166666666666667,1.0,0.64,10,4926,14,0,1.0,0.002834008097165992,0.9971717171717172,1,100
0.006072874493927126,1.0,0.75,0.25,1.0,0.66,10,4910,30,0,1.0,0.006072874493927126,0.9939393939393939,1,100
0.006072874493927126,1.0,0.75,0.25,1.0,0.68,10,4910,30,0,1.0,0.006072874493927126,0.9939393939393939,1,100
0.006072874493927126,1.0,0.75,0.25,1.0,0.7,10,4910,30,0,1.0,0.006072874493927126,0.9939393939393939,1,100
0.006072874493927126,1.0,0.75,0.25,1.0,0.72,10,4910,30,0,1.0,0.006072874493927126,0.9939393939393939,1,100
0.006072874493927126,1.0,0.75,0.25,1.0,0.74,10,4910,30,0,1.0,0.006072874493927126,0.9939393939393939,1,100
0.006072874493927126,1.0,0.75,0.25,1.0,0.76,10,4910,30,0,1.0,0.006072874493927126,0.9939393939393939,1,100
0.006072874493927126,1.0,0.75,0.25,1.0,0.78,10,4910,30,0,1.0,0.006072874493927126,0.9939393939393939,1,100
0.006072874493927126,1.0,0.75,0.25,1.0,0.8,10,4910,30,0,1.0,0.006072874493927126,0.9939393939393939,1,100
0.006072874493927126,1.0,0.75,0.25,1.0,0.82,10,4910,30,0,1.0,0.006072874493927126,0.9939393939393939,1,100
0.006072874493927126,1.0,0.75,0.25,1.0,0.84,10,4910,30,0,1.0,0.006072874493927126,0.9939393939393939,1,100
0.006072874493927126,1.0,0.75,0.25,1.0,0.86,10,4910,30,0,1.0,0.006072874493927126,0.9939393939393939,1,100
0.020647773279352227,1.0,0.9107142857142857,0.08928571428571429,1.0,0.88,10,4838,102,0,1.0,0.020647773279352227,0.9793939393939394,1,100
0.020647773279352227,1.0,0.9107142857142857,0.08928571428571429,1.0,0.9,10,4838,102,0,1.0,0.020647773279352227,0.9793939393939394,1,100
0.020647773279352227,1.0,0.9107142857142857,0.08928571428571429,1.0,0.92,10,4838,102,0,1.0,0.020647773279352227,0.9793939393939394,1,100
0.020647773279352227,1.0,0.9107142857142857,0.08928571428571429,1.0,0.94,10,4838,102,0,1.0,0.020647773279352227,0.9793939393939394,1,100
0.020647773279352227,1.0,0.9107142857142857,0.08928571428571429,1.0,0.96,10,4838,102,0,1.0,0.020647773279352227,0.9793939393939394,1,100
0.020647773279352227,1.0,0.9107142857142857,0.08928571428571429,1.0,0.98,10,4838,102,0,1.0,0.020647773279352227,0.9793939393939394,1,100
0.645748987854251,1.0,0.996875,0.003125,1.0,1.0,10,1750,3190,0,1.0,0.645748987854251,0.35555555555555557,1,100
0.0,1.0,0.0,1.0,1.0,0.02,10,4940,0,0,1.0,0.0,1.0,2,100
0.0,1.0,0.0,1.0,1.0,0.04,10,4940,0,0,1.0,0.0,1.0,2,100
0.0,1.0,0.0,1.0,1.0,0.06,10,4940,0,0,1.0,0.0,1.0,2,100
0.0,1.0,0.0,1.0,1.0,0.08,10,4940,0,0,1.0,0.0,1.0,2,100
0.0,1.0,0.0,1.0,1.0,0.1,10,4940,0,0,1.0,0.0,1.0,2,100
0.0,1.0,0.0,1.0,1.0,0.12,10,4940,0,0,1.0,0.0,1.0,2,100
0.0,1.0,0.0,1.0,1.0,0.14,10,4940,0,0,1.0,0.0,1.0,2,100
0.0,1.0,0.0,1.0,1.0,0.16,10,4940,0,0,1.0,0.0,1.0,2,100
0.0,1.0,0.0,1.0,1.0,0.18,10,4940,0,0,1.0,0.0,1.0,2,100
0.0,1.0,0.0,1.0,1.0,0.2,10,4940,0,0,1.0,0.0,1.0,2,100
0.0,1.0,0.0,1.0,1.0,0.22,10,4940,0,0,1.0,0.0,1.0,2,100
0.00020242914979757084,1.0,0.09090909090909091,0.9090909090909091,1.0,0.24,10,4939,1,0,1.0,0.00020242914979757084,0.9997979797979798,2,100
0.00020242914979757084,1.0,0.09090909090909091,0.9090909090909091,1.0,0.26,10,4939,1,0,1.0,0.00020242914979757084,0.9997979797979798,2,100
0.00020242914979757084,1.0,0.09090909090909091,0.9090909090909091,1.0,0.28,10,4939,1,0,1.0,0.00020242914979757084,0.9997979797979798,2,100
0.00020242914979757084,1.0,0.09090909090909091,0.9090909090909091,1.0,0.3,10,4939,1,0,1.0,0.00020242914979757084,0.9997979797979798,2,100
0.00020242914979757084,1.0,0.09090909090909091,0.9090909090909091,1.0,0.32,10,4939,1,0,1.0,0.00020242914979757084,0.9997979797979798,2,100
0.00020242914979757084,1.0,0.09090909090909091,0.9090909090909091,1.0,0.34,10,4939,1,0,1.0,0.00020242914979757084,0.9997979797979798,2,100
0.00020242914979757084,1.0,0.09090909090909091,0.9090909090909091,1.0,0.36,10,4939,1,0,1.0,0.00020242914979757084,0.9997979797979798,2,100
0.00020242914979757084,1.0,0.09090909090909091,0.9090909090909091,1.0,0.38,10,4939,1,0,1.0,0.00020242914979757084,0.9997979797979798,2,100
0.00020242914979757084,1.0,0.09090909090909091,0.9090909090909091,1.0,0.4,10,4939,1,0,1.0,0.00020242914979757084,0.9997979797979798,2,100
0.0004048582995951417,1.0,0.16666666666666666,0.8333333333333334,1.0,0.42,10,4938,2,0,1.0,0.0004048582995951417,0.9995959595959596,2,100
0.0004048582995951417,1.0,0.16666666666666666,0.8333333333333334,1.0,0.44,10,4938,2,0,1.0,0.0004048582995951417,0.9995959595959596,2,100
0.0004048582995951417,1.0,0.16666666666666666,0.8333333333333334,1.0,0.46,10,4938,2,0,1.0,0.0004048582995951417,0.9995959595959596,2,100
0.0004048582995951417,1.0,0.16666666666666666,0.8333333333333334,1.0,0.48,10,4938,2,0,1.0,0.0004048582995951417,0.9995959595959596,2,100
0.0004048582995951417,1.0,0.16666666666666666,0.8333333333333334,1.0,0.5,10,4938,2,0,1.0,0.0004048582995951417,0.9995959595959596,2,100
0.0004048582995951417,1.0,0.16666666666666666,0.8333333333333334,1.0,0.52,10,4938,2,0,1.0,0.0004048582995951417,0.9995959595959596,2,100
0.0004048582995951417,1.0,0.16666666666666666,0.8333333333333334,1.0,0.54,10,4938,2,0,1.0,0.0004048582995951417,0.9995959595959596,2,100
0.0004048582995951417,1.0,0.16666666666666666,0.8333333333333334,1.0,0.56,10,4938,2,0,1.0,0.0004048582995951417,0.9995959595959596,2,100
0.0012145748987854252,1.0,0.375,0.625,1.0,0.58,10,4934,6,0,1.0,0.0012145748987854252,0.9987878787878788,2,100
0.0012145748987854252,1.0,0.375,0.625,1.0,0.6,10,4934,6,0,1.0,0.0012145748987854252,0.9987878787878788,2,100
0.0012145748987854252,1.0,0.375,0.625,1.0,0.62,10,4934,6,0,1.0,0.0012145748987854252,0.9987878787878788,2,100
0.0012145748987854252,1.0,0.375,0.625,1.0,0.64,10,4934,6,0,1.0,0.0012145748987854252,0.9987878787878788,2,100
0.0012145748987854252,1.0,0.375,0.625,1.0,0.66,10,4934,6,0,1.0,0.0012145748987854252,0.9987878787878788,2,100
0.0012145748987854252,1.0,0.375,0.625,1.0,0.68,10,4934,6,0,1.0,0.0012145748987854252,0.9987878787878788,2,100
0.0012145748987854252,1.0,0.375,0.625,1.0,0.7,10,4934,6,0,1.0,0.0012145748987854252,0.9987878787878788,2,100
0.002834008097165992,1.0,0.5833333333333334,0.4166666666666667,1.0,0.72,10,4926,14,0,1.0,0.002834008097165992,0.9971717171717172,2,100
0.002834008097165992,1.0,0.5833333333333334,0.4166666666666667,1.0,0.74,10,4926,14,0,1.0,0.002834008097165992,0.9971717171717172,2,100
0.002834008097165992,1.0,0.5833333333333334,0.4166666666666667,1.0,0.76,10,4926,14,0,1.0,0.002834008097165992,0.9971717171717172,2,100
0.002834008097165992,1.0,0.5833333333333334,0.4166666666666667,1.0,0.78,10,4926,14,0,1.0,0.002834008097165992,0.9971717171717172,2,100
0.002834008097165992,1.0,0.5833333333333334,0.4166666666666667,1.0,0.8,10,4926,14,0,1.0,0.002834008097165992,0.9971717171717172,2,100
0.002834008097165992,1.0,0.5833333333333334,0.4166666666666667,1.0,0.82,10,4926,14,0,1.0,0.002834008097165992,0.9971717171717172,2,100
0.005263157894736842,1.0,0.7222222222222222,0.2777777777777778,1.0,0.84,10,4914,26,0,1.0,0.005263157894736842,0.9947474747474747,2,100
0.005263157894736842,1.0,0.7222222222222222,0.2777777777777778,1.0,0.86,10,4914,26,0,1.0,0.005263157894736842,0.9947474747474747,2,100
0.010121457489878543,1.0,0.8333333333333334,0.16666666666666666,1.0,0.88,10,4890,50,0,1.0,0.010121457489878543,0.98989898989899,2,100
0.029959514170040485,1.0,0.9367088607594937,0.06329113924050633,1.0,0.9,10,4792,148,0,1.0,0.029959514170040485,0.9701010101010101,2,100
0.029959514170040485,1.0,0.9367088607594937,0.06329113924050633,1.0,0.92,10,4792,148,0,1.0,0.029959514170040485,0.9701010101010101,2,100
0.029959514170040485,1.0,0.9367088607594937,0.06329113924050633,1.0,0.94,10,4792,148,0,1.0,0.029959514170040485,0.9701010101010101,2,100
0.04433198380566802,1.0,0.9563318777292577,0.043668122270742356,1.0,0.96,10,4721,219,0,1.0,0.04433198380566802,0.9557575757575758,2,100
0.04433198380566802,1.0,0.9563318777292577,0.043668122270742356,1.0,0.98,10,4721,219,0,1.0,0.04433198380566802,0.9557575757575758,2,100
0.4726720647773279,1.0,0.9957356076759062,0.0042643923240938165,1.0,1.0,10,2605,2335,0,1.0,0.4726720647773279,0.5282828282828282,2,100
0.0,1.0,0.0,1.0,1.0,0.02,10,4940,0,0,1.0,0.0,1.0,3,100
0.0,1.0,0.0,1.0,1.0,0.04,10,4940,0,0,1.0,0.0,1.0,3,100
0.0,1.0,0.0,1.0,1.0,0.06,10,4940,0,0,1.0,0.0,1.0,3,100
0.00020242914979757084,1.0,0.09090909090909091,0.9090909090909091,1.0,0.08,10,4939,1,0,1.0,0.00020242914979757084,0.9997979797979798,3,100
0.00020242914979757084,1.0,0.09090909090909091,0.9090909090909091,1.0,0.1,10,4939,1,0,1.0,0.00020242914979757084,0.9997979797979798,3,100
0.00020242914979757084,1.0,0.09090909090909091,0.9090909090909091,1.0,0.12,10,4939,1,0,1.0,0.00020242914979757084,0.9997979797979798,3,100
0.0004048582995951417,1.0,0.16666666666666666,0.8333333333333334,1.0,0.14,10,4938,2,0,1.0,0.0004048582995951417,0.9995959595959596,3,100
0.0004048582995951417,1.0,0.16666666666666666,0.8333333333333334,1.0,0.16,10,4938,2,0,1.0,0.0004048582995951417,0.9995959595959596,3,100
0.0004048582995951417,1.0,0.16666666666666666,0.8333333333333334,1.0,0.18,10,4938,2,0,1.0,0.0004048582995951417,0.9995959595959596,3,100
0.0004048582995951417,1.0,0.16666666666666666,0.8333333333333334,1.0,0.2,10,4938,2,0,1.0,0.0004048582995951417,0.9995959595959596,3,100
0.0004048582995951417,1.0,0.16666666666666666,0.8333333333333334,1.0,0.22,10,4938,2,0,1.0,0.0004048582995951417,0.9995959595959596,3,100
0.0004048582995951417,1.0,0.16666666666666666,0.8333333333333334,1.0,0.24,10,4938,2,0,1.0,0.0004048582995951417,0.9995959595959596,3,100
0.0010121457489878543,1.0,0.3333333333333333,0.6666666666666666,1.0,0.26,10,4935,5,0,1.0,0.0010121457489878543,0.998989898989899,3,100
0.0010121457489878543,1.0,0.3333333333333333,0.6666666666666666,1.0,0.28,10,4935,5,0,1.0,0.0010121457489878543,0.998989898989899,3,100
0.0010121457489878543,1.0,0.3333333333333333,0.6666666666666666,1.0,0.3,10,4935,5,0,1.0,0.0010121457489878543,0.998989898989899,3,100
0.0010121457489878543,1.0,0.3333333333333333,0.6666666666666666,1.0,0.32,10,4935,5,0,1.0,0.0010121457489878543,0.998989898989899,3,100
0.0010121457489878543,1.0,0.3333333333333333,0.6666666666666666,1.0,0.34,10,4935,5,0,1.0,0.0010121457489878543,0.998989898989899,3,100
0.0010121457489878543,1.0,0.3333333333333333,0.6666666666666666,1.0,0.36,10,4935,5,0,1.0,0.0010121457489878543,0.998989898989899,3,100
0.0010121457489878543,1.0,0.3333333333333333,0.6666666666666666,1.0,0.38,10,4935,5,0,1.0,0.0010121457489878543,0.998989898989899,3,100
0.0010121457489878543,1.0,0.3333333333333333,0.6666666666666666,1.0,0.4,10,4935,5,0,1.0,0.0010121457489878543,0.998989898989899,3,100
0.0010121457489878543,1.0,0.3333333333333333,0.6666666666666666,1.0,0.42,10,4935,5,0,1.0,0.0010121457489878543,0.998989898989899,3,100
0.0010121457489878543,1.0,0.3333333333333333,0.6666666666666666,1.0,0.44,10,4935,5,0,1.0,0.0010121457489878543,0.998989898989899,3,100
0.0010121457489878543,1.0,0.3333333333333333,0.6666666666666666,1.0,0.46,10,4935,5,0,1.0,0.0010121457489878543,0.998989898989899,3,100
0.0012145748987854252,1.0,0.375,0.625,1.0,0.48,10,4934,6,0,1.0,0.0012145748987854252,0.9987878787878788,3,100
0.0012145748987854252,1.0,0.375,0.625,1.0,0.5,10,4934,6,0,1.0,0.0012145748987854252,0.9987878787878788,3,100
0.0012145748987854252,1.0,0.375,0.625,1.0,0.52,10,4934,6,0,1.0,0.0012145748987854252,0.9987878787878788,3,100
0.0038461538461538464,1.0,0.6551724137931034,0.3448275862068966,1.0,0.54,10,4921,19,0,1.0,0.0038461538461538464,0.9961616161616161,3,100
0.0038461538461538464,1.0,0.6551724137931034,0.3448275862068966,1.0,0.56,10,4921,19,0,1.0,0.0038461538461538464,0.9961616161616161,3,100
0.0038461538461538464,1.0,0.6551724137931034,0.3448275862068966,1.0,0.58,10,4921,19,0,1.0,0.0038461538461538464,0.9961616161616161,3,100
0.0038461538461538464,1.0,0.6551724137931034,0.3448275862068966,1.0,0.6,10,4921,19,0,1.0,0.0038461538461538464,0.9961616161616161,3,100
0.0038461538461538464,1.0,0.6551724137931034,0.3448275862068966,1.0,0.62,10,4921,19,0,1.0,0.0038461538461538464,0.9961616161616161,3,100
0.0038461538461538464,1.0,0.6551724137931034,0.3448275862068966,1.0,0.64,10,4921,19,0,1.0,0.0038461538461538464,0.9961616161616161,3,100
0.0038461538461538464,1.0,0.6551724137931034,0.3448275862068966,1.0,0.66,10,4921,19,0,1.0,0.0038461538461538464,0.9961616161616161,3,100
0.0038461538461538464,1.0,0.6551724137931034,0.3448275862068966,1.0,0.68,10,4921,19,0,1.0,0.0038461538461538464,0.9961616161616161,3,100
0.0066801619433198385,1.0,0.7674418604651163,0.23255813953488372,1.0,0.7,10,4907,33,0,1.0,0.0066801619433198385,0.9933333333333333,3,100
0.0066801619433198385,1.0,0.7674418604651163,0.23255813953488372,1.0,0.72,10,4907,33,0,1.0,0.0066801619433198385,0.9933333333333333,3,100
0.0066801619433198385,1.0,0.7674418604651163,0.23255813953488372,1.0,0.74,10,4907,33,0,1.0,0.0066801619433198385,0.9933333333333333,3,100
0.0066801619433198385,1.0,0.7674418604651163,0.23255813953488372,1.0,0.76,10,4907,33,0,1.0,0.0066801619433198385,0.9933333333333333,3,100
0.0066801619433198385,1.0,0.7674418604651163,0.23255813953488372,1.0,0.78,10,4907,33,0,1.0,0.0066801619433198385,0.9933333333333333,3,100
0.012145748987854251,1.0,0.8571428571428571,0.14285714285714285,1.0,0.8,10,4880,60,0,1.0,0.012145748987854251,0.9878787878787879,3,100
0.012145748987854251,1.0,0.8571428571428571,0.14285714285714285,1.0,0.82,10,4880,60,0,1.0,0.012145748987854251,0.9878787878787879,3,100
0.012145748987854251,1.0,0.8571428571428571,0.14285714285714285,1.0,0.84,10,4880,60,0,1.0,0.012145748987854251,0.9878787878787879,3,100
0.012145748987854251,1.0,0.8571428571428571,0.14285714285714285,1.0,0.86,10,4880,60,0,1.0,0.012145748987854251,0.9878787878787879,3,100
0.012145748987854251,1.0,0.8571428571428571,0.14285714285714285,1.0,0.88,10,4880,60,0,1.0,0.012145748987854251,0.9878787878787879,3,100
0.012145748987854251,1.0,0.8571428571428571,0.14285714285714285,1.0,0.9,10,4880,60,0,1.0,0.012145748987854251,0.9878787878787879,3,100
0.012145748987854251,1.0,0.8571428571428571,0.14285714285714285,1.0,0.92,10,4880,60,0,1.0,0.012145748987854251,0.9878787878787879,3,100
0.019635627530364373,1.0,0.9065420560747663,0.09345794392523364,1.0,0.94,10,4843,97,0,1.0,0.019635627530364373,0.9804040404040404,3,100
0.019635627530364373,1.0,0.9065420560747663,0.09345794392523364,1.0,0.96,10,4843,97,0,1.0,0.019635627530364373,0.9804040404040404,3,100
0.019635627530364373,1.0,0.9065420560747663,0.09345794392523364,1.0,0.98,10,4843,97,0,1.0,0.019635627530364373,0.9804040404040404,3,100
0.832995951417004,1.0,0.9975757575757576,0.0024242424242424242,1.0,1.0,10,825,4115,0,1.0,0.832995951417004,0.1686868686868687,3,100
0.0,1.0,0.0,1.0,1.0,0.02,10,4940,0,0,1.0,0.0,1.0,4,100
0.0,1.0,0.0,1.0,1.0,0.04,10,4940,0,0,1.0,0.0,1.0,4,100
0.0,1.0,0.0,1.0,1.0,0.06,10,4940,0,0,1.0,0.0,1.0,4,100
0.00020242914979757084,1.0,0.09090909090909091,0.9090909090909091,1.0,0.08,10,4939,1,0,1.0,0.00020242914979757084,0.9997979797979798,4,100
0.00020242914979757084,1.0,0.09090909090909091,0.9090909090909091,1.0,0.1,10,4939,1,0,1.0,0.00020242914979757084,0.9997979797979798,4,100
0.00020242914979757084,1.0,0.09090909090909091,0.9090909090909091,1.0,0.12,10,4939,1,0,1.0,0.00020242914979757084,0.9997979797979798,4,100
0.0006072874493927126,1.0,0.23076923076923078,0.7692307692307693,1.0,0.14,10,4937,3,0,1.0,0.0006072874493927126,0.9993939393939394,4,100
0.0006072874493927126,1.0,0.23076923076923078,0.7692307692307693,1.0,0.16,10,4937,3,0,1.0,0.0006072874493927126,0.9993939393939394,4,100
0.0006072874493927126,1.0,0.23076923076923078,0.7692307692307693,1.0,0.18,10,4937,3,0,1.0,0.0006072874493927126,0.9993939393939394,4,100
0.0006072874493927126,1.0,0.23076923076923078,0.7692307692307693,1.0,0.2,10,4937,3,0,1.0,0.0006072874493927126,0.9993939393939394,4,100
0.0006072874493927126,1.0,0.23076923076923078,0.7692307692307693,1.0,0.22,10,4937,3,0,1.0,0.0006072874493927126,0.9993939393939394,4,100
0.0010121457489878543,1.0,0.3333333333333333,0.6666666666666666,1.0,0.24,10,4935,5,0,1.0,0.0010121457489878543,0.998989898989899,4,100
0.0010121457489878543,1.0,0.3333333333333333,0.6666666666666666,1.0,0.26,10,4935,5,0,1.0,0.0010121457489878543,0.998989898989899,4,100
0.0010121457489878543,1.0,0.3333333333333333,0.6666666666666666,1.0,0.28,10,4935,5,0,1.0,0.0010121457489878543,0.998989898989899,4,100
0.0010121457489878543,1.0,0.3333333333333333,0.6666666666666666,1.0,0.3,10,4935,5,0,1.0,0.0010121457489878543,0.998989898989899,4,100
0.0010121457489878543,1.0,0.3333333333333333,0.6666666666666666,1.0,0.32,10,4935,5,0,1.0,0.0010121457489878543,0.998989898989899,4,100
0.0010121457489878543,1.0,0.3333333333333333,0.6666666666666666,1.0,0.34,10,4935,5,0,1.0,0.0010121457489878543,0.998989898989899,4,100
0.0010121457489878543,1.0,0.3333333333333333,0.6666666666666666,1.0,0.36,10,4935,5,0,1.0,0.0010121457489878543,0.998989898989899,4,100
0.0016194331983805667,1.0,0.4444444444444444,0.5555555555555556,1.0,0.38,10,4932,8,0,1.0,0.0016194331983805667,0.9983838383838384,4,100
0.0016194331983805667,1.0,0.4444444444444444,0.5555555555555556,1.0,0.4,10,4932,8,0,1.0,0.0016194331983805667,0.9983838383838384,4,100
0.0016194331983805667,1.0,0.4444444444444444,0.5555555555555556,1.0,0.42,10,4932,8,0,1.0,0.0016194331983805667,0.9983838383838384,4,100
0.0016194331983805667,1.0,0.4444444444444444,0.5555555555555556,1.0,0.44,10,4932,8,0,1.0,0.0016194331983805667,0.9983838383838384,4,100
0.0016194331983805667,1.0,0.4444444444444444,0.5555555555555556,1.0,0.46,10,4932,8,0,1.0,0.0016194331983805667,0.9983838383838384,4,100
0.0016194331983805667,1.0,0.4444444444444444,0.5555555555555556,1.0,0.48,10,4932,8,0,1.0,0.0016194331983805667,0.9983838383838384,4,100
0.0016194331983805667,1.0,0.4444444444444444,0.5555555555555556,1.0,0.5,10,4932,8,0,1.0,0.0016194331983805667,0.9983838383838384,4,100
0.0016194331983805667,1.0,0.4444444444444444,0.5555555555555556,1.0,0.52,10,4932,8,0,1.0,0.0016194331983805667,0.9983838383838384,4,100
0.002834008097165992,1.0,0.5833333333333334,0.4166666666666667,1.0,0.54,10,4926,14,0,1.0,0.002834008097165992,0.9971717171717172,4,100
0.002834008097165992,1.0,0.5833333333333334,0.4166666666666667,1.0,0.56,10,4926,14,0,1.0,0.002834008097165992,0.9971717171717172,4,100
0.002834008097165992,1.0,0.5833333333333334,0.4166666666666667,1.0,0.58,10,4926,14,0,1.0,0.002834008097165992,0.9971717171717172,4,100
0.002834008097165992,1.0,0.5833333333333334,0.4166666666666667,1.0,0.6,10,4926,14,0,1.0,0.002834008097165992,0.9971717171717172,4,100
0.002834008097165992,1.0,0.5833333333333334,0.4166666666666667,1.0,0.62,10,4926,14,0,1.0,0.002834008097165992,0.9971717171717172,4,100
0.002834008097165992,1.0,0.5833333333333334,0.4166666666666667,1.0,0.64,10,4926,14,0,1.0,0.002834008097165992,0.9971717171717172,4,100
0.002834008097165992,1.0,0.5833333333333334,0.4166666666666667,1.0,0.66,10,4926,14,0,1.0,0.002834008097165992,0.9971717171717172,4,100
0.005060728744939271,1.0,0.7142857142857143,0.2857142857142857,1.0,0.68,10,4915,25,0,1.0,0.005060728744939271,0.9949494949494949,4,100
0.005060728744939271,1.0,0.7142857142857143,0.2857142857142857,1.0,0.7,10,4915,25,0,1.0,0.005060728744939271,0.9949494949494949,4,100
0.005060728744939271,1.0,0.7142857142857143,0.2857142857142857,1.0,0.72,10,4915,25,0,1.0,0.005060728744939271,0.9949494949494949,4,100
0.005060728744939271,1.0,0.7142857142857143,0.2857142857142857,1.0,0.74,10,4915,25,0,1.0,0.005060728744939271,0.9949494949494949,4,100
0.005060728744939271,1.0,0.7142857142857143,0.2857142857142857,1.0,0.76,10,4915,25,0,1.0,0.005060728744939271,0.9949494949494949,4,100
0.005060728744939271,1.0,0.7142857142857143,0.2857142857142857,1.0,0.78,10,4915,25,0,1.0,0.005060728744939271,0.9949494949494949,4,100
0.005060728744939271,1.0,0.7142857142857143,0.2857142857142857,1.0,0.8,10,4915,25,0,1.0,0.005060728744939271,0.9949494949494949,4,100
0.008299595141700405,1.0,0.803921568627451,0.19607843137254902,1.0,0.82,10,4899,41,0,1.0,0.008299595141700405,0.9917171717171717,4,100
0.008299595141700405,1.0,0.803921568627451,0.19607843137254902,1.0,0.84,10,4899,41,0,1.0,0.008299595141700405,0.9917171717171717,4,100
0.008299595141700405,1.0,0.803921568627451,0.19607843137254902,1.0,0.86,10,4899,41,0,1.0,0.008299595141700405,0.9917171717171717,4,100
0.008299595141700405,1.0,0.803921568627451,0.19607843137254902,1.0,0.88,10,4899,41,0,1.0,0.008299595141700405,0.9917171717171717,4,100
0.008299595141700405,1.0,0.803921568627451,0.19607843137254902,1.0,0.9,10,4899,41,0,1.0,0.008299595141700405,0.9917171717171717,4,100
0.013562753036437248,1.0,0.8701298701298701,0.12987012987012986,1.0,0.92,10,4873,67,0,1.0,0.013562753036437248,0.9864646464646465,4,100
0.013562753036437248,1.0,0.8701298701298701,0.12987012987012986,1.0,0.94,10,4873,67,0,1.0,0.013562753036437248,0.9864646464646465,4,100
0.022874493927125508,1.0,0.9186991869918699,0.08130081300813008,1.0,0.96,10,4827,113,0,1.0,0.022874493927125508,0.9771717171717171,4,100
0.022874493927125508,1.0,0.9186991869918699,0.08130081300813008,1.0,0.98,10,4827,113,0,1.0,0.022874493927125508,0.9771717171717171,4,100
0.8554655870445345,1.0,0.997639282341832,0.002360717658168083,1.0,1.0,10,714,4226,0,1.0,0.8554655870445345,0.14626262626262626,4,100
0.0,1.0,0.0,1.0,1.0,0.02,10,4940,0,0,1.0,0.0,1.0,5,100
0.0,1.0,0.0,1.0,1.0,0.04,10,4940,0,0,1.0,0.0,1.0,5,100
0.00020242914979757084,1.0,0.09090909090909091,0.9090909090909091,1.0,0.06,10,4939,1,0,1.0,0.00020242914979757084,0.9997979797979798,5,100
0.00020242914979757084,1.0,0.09090909090909091,0.9090909090909091,1.0,0.08,10,4939,1,0,1.0,0.00020242914979757084,0.9997979797979798,5,100
0.00020242914979757084,1.0,0.09090909090909091,0.9090909090909091,1.0,0.1,10,4939,1,0,1.0,0.00020242914979757084,0.9997979797979798,5,100
0.00020242914979757084,1.0,0.09090909090909091,0.9090909090909091,1.0,0.12,10,4939,1,0,1.0,0.00020242914979757084,0.9997979797979798,5,100
0.0004048582995951417,1.0,0.16666666666666666,0.8333333333333334,1.0,0.14,10,4938,2,0,1.0,0.0004048582995951417,0.9995959595959596,5,100
0.0004048582995951417,1.0,0.16666666666666666,0.8333333333333334,1.0,0.16,10,4938,2,0,1.0,0.0004048582995951417,0.9995959595959596,5,100
0.0004048582995951417,1.0,0.16666666666666666,0.8333333333333334,1.0,0.18,10,4938,2,0,1.0,0.0004048582995951417,0.9995959595959596,5,100
0.0004048582995951417,1.0,0.16666666666666666,0.8333333333333334,1.0,0.2,10,4938,2,0,1.0,0.0004048582995951417,0.9995959595959596,5,100
0.0006072874493927126,1.0,0.23076923076923078,0.7692307692307693,1.0,0.22,10,4937,3,0,1.0,0.0006072874493927126,0.9993939393939394,5,100
0.0006072874493927126,1.0,0.23076923076923078,0.7692307692307693,1.0,0.24,10,4937,3,0,1.0,0.0006072874493927126,0.9993939393939394,5,100
0.0006072874493927126,1.0,0.23076923076923078,0.7692307692307693,1.0,0.26,10,4937,3,0,1.0,0.0006072874493927126,0.9993939393939394,5,100
0.0006072874493927126,1.0,0.23076923076923078,0.7692307692307693,1.0,0.28,10,4937,3,0,1.0,0.0006072874493927126,0.9993939393939394,5,100
0.0006072874493927126,1.0,0.23076923076923078,0.7692307692307693,1.0,0.3,10,4937,3,0,1.0,0.0006072874493927126,0.9993939393939394,5,100
0.0010121457489878543,1.0,0.3333333333333333,0.6666666666666666,1.0,0.32,10,4935,5,0,1.0,0.0010121457489878543,0.998989898989899,5,100
0.0010121457489878543,1.0,0.3333333333333333,0.6666666666666666,1.0,0.34,10,4935,5,0,1.0,0.0010121457489878543,0.998989898989899,5,100
0.0010121457489878543,1.0,0.3333333333333333,0.6666666666666666,1.0,0.36,10,4935,5,0,1.0,0.0010121457489878543,0.998989898989899,5,100
0.0010121457489878543,1.0,0.3333333333333333,0.6666666666666666,1.0,0.38,10,4935,5,0,1.0,0.0010121457489878543,0.998989898989899,5,100
0.0010121457489878543,1.0,0.3333333333333333,0.6666666666666666,1.0,0.4,10,4935,5,0,1.0,0.0010121457489878543,0.998989898989899,5,100
0.0016194331983805667,1.0,0.4444444444444444,0.5555555555555556,1.0,0.42,10,4932,8,0,1.0,0.0016194331983805667,0.9983838383838384,5,100
0.0016194331983805667,1.0,0.4444444444444444,0.5555555555555556,1.0,0.44,10,4932,8,0,1.0,0.0016194331983805667,0.9983838383838384,5,100
0.0016194331983805667,1.0,0.4444444444444444,0.5555555555555556,1.0,0.46,10,4932,8,0,1.0,0.0016194331983805667,0.9983838383838384,5,100
0.0016194331983805667,1.0,0.4444444444444444,0.5555555555555556,1.0,0.48,10,4932,8,0,1.0,0.0016194331983805667,0.9983838383838384,5,100
0.0016194331983805667,1.0,0.4444444444444444,0.5555555555555556,1.0,0.5,10,4932,8,0,1.0,0.0016194331983805667,0.9983838383838384,5,100
0.0016194331983805667,1.0,0.4444444444444444,0.5555555555555556,1.0,0.52,10,4932,8,0,1.0,0.0016194331983805667,0.9983838383838384,5,100
0.0016194331983805667,1.0,0.4444444444444444,0.5555555555555556,1.0,0.54,10,4932,8,0,1.0,0.0016194331983805667,0.9983838383838384,5,100
0.0016194331983805667,1.0,0.4444444444444444,0.5555555555555556,1.0,0.56,10,4932,8,0,1.0,0.0016194331983805667,0.9983838383838384,5,100
0.002226720647773279,1.0,0.5238095238095238,0.47619047619047616,1.0,0.58,10,4929,11,0,1.0,0.002226720647773279,0.9977777777777778,5,100
0.002226720647773279,1.0,0.5238095238095238,0.47619047619047616,1.0,0.6,10,4929,11,0,1.0,0.002226720647773279,0.9977777777777778,5,100
0.002226720647773279,1.0,0.5238095238095238,0.47619047619047616,1.0,0.62,10,4929,11,0,1.0,0.002226720647773279,0.9977777777777778,5,100
0.002226720647773279,1.0,0.5238095238095238,0.47619047619047616,1.0,0.64,10,4929,11,0,1.0,0.002226720647773279,0.9977777777777778,5,100
0.002226720647773279,1.0,0.5238095238095238,0.47619047619047616,1.0,0.66,10,4929,11,0,1.0,0.002226720647773279,0.9977777777777778,5,100
0.002226720647773279,1.0,0.5238095238095238,0.47619047619047616,1.0,0.68,10,4929,11,0,1.0,0.002226720647773279,0.9977777777777778,5,100
0.0034412955465587046,1.0,0.6296296296296297,0.37037037037037035,1.0,0.7,10,4923,17,0,1.0,0.0034412955465587046,0.9965656565656565,5,100
0.0034412955465587046,1.0,0.6296296296296297,0.37037037037037035,1.0,0.72,10,4923,17,0,1.0,0.0034412955465587046,0.9965656565656565,5,100
0.005870445344129555,1.0,0.7435897435897436,0.2564102564102564,1.0,0.74,10,4911,29,0,1.0,0.005870445344129555,0.9941414141414141,5,100
0.005870445344129555,1.0,0.7435897435897436,0.2564102564102564,1.0,0.76,10,4911,29,0,1.0,0.005870445344129555,0.9941414141414141,5,100
0.005870445344129555,1.0,0.7435897435897436,0.2564102564102564,1.0,0.78,10,4911,29,0,1.0,0.005870445344129555,0.9941414141414141,5,100
0.005870445344129555,1.0,0.7435897435897436,0.2564102564102564,1.0,0.8,10,4911,29,0,1.0,0.005870445344129555,0.9941414141414141,5,100
0.005870445344129555,1.0,0.7435897435897436,0.2564102564102564,1.0,0.82,10,4911,29,0,1.0,0.005870445344129555,0.9941414141414141,5,100
0.008704453441295546,1.0,0.8113207547169812,0.18867924528301888,1.0,0.84,10,4897,43,0,1.0,0.008704453441295546,0.9913131313131314,5,100
0.013562753036437248,1.0,0.8701298701298701,0.12987012987012986,1.0,0.86,10,4873,67,0,1.0,0.013562753036437248,0.9864646464646465,5,100
0.013562753036437248,1.0,0.8701298701298701,0.12987012987012986,1.0,0.88,10,4873,67,0,1.0,0.013562753036437248,0.9864646464646465,5,100
0.013562753036437248,1.0,0.8701298701298701,0.12987012987012986,1.0,0.9,10,4873,67,0,1.0,0.013562753036437248,0.9864646464646465,5,100
0.013562753036437248,1.0,0.8701298701298701,0.12987012987012986,1.0,0.92,10,4873,67,0,1.0,0.013562753036437248,0.9864646464646465,5,100
0.027327935222672066,1.0,0.9310344827586207,0.06896551724137931,1.0,0.94,10,4805,135,0,1.0,0.027327935222672066,0.9727272727272728,5,100
0.038866396761133605,1.0,0.9504950495049505,0.04950495049504951,1.0,0.96,10,4748,192,0,1.0,0.038866396761133605,0.9612121212121212,5,100
0.038866396761133605,1.0,0.9504950495049505,0.04950495049504951,1.0,0.98,10,4748,192,0,1.0,0.038866396761133605,0.9612121212121212,5,100
0.8902834008097166,1.0,0.9977313974591652,0.002268602540834846,1.0,1.0,10,542,4398,0,1.0,0.8902834008097166,0.11151515151515151,5,100
0.00020242914979757084,1.0,0.09090909090909091,0.9090909090909091,1.0,0.02,10,4939,1,0,1.0,0.00020242914979757084,0.9997979797979798,6,100
0.00020242914979757084,1.0,0.09090909090909091,0.9090909090909091,1.0,0.04,10,4939,1,0,1.0,0.00020242914979757084,0.9997979797979798,6,100
0.00020242914979757084,1.0,0.09090909090909091,0.9090909090909091,1.0,0.06,10,4939,1,0,1.0,0.00020242914979757084,0.9997979797979798,6,100
0.0006072874493927126,1.0,0.23076923076923078,0.7692307692307693,1.0,0.08,10,4937,3,0,1.0,0.0006072874493927126,0.9993939393939394,6,100
0.0006072874493927126,1.0,0.23076923076923078,0.7692307692307693,1.0,0.1,10,4937,3,0,1.0,0.0006072874493927126,0.9993939393939394,6,100
0.0006072874493927126,1.0,0.23076923076923078,0.7692307692307693,1.0,0.12,10,4937,3,0,1.0,0.0006072874493927126,0.9993939393939394,6,100
0.0006072874493927126,1.0,0.23076923076923078,0.7692307692307693,1.0,0.14,10,4937,3,0,1.0,0.0006072874493927126,0.9993939393939394,6,100
0.0006072874493927126,1.0,0.23076923076923078,0.7692307692307693,1.0,0.16,10,4937,3,0,1.0,0.0006072874493927126,0.9993939393939394,6,100
0.0010121457489878543,1.0,0.3333333333333333,0.6666666666666666,1.0,0.18,10,4935,5,0,1.0,0.0010121457489878543,0.998989898989899,6,100
0.0010121457489878543,1.0,0.3333333333333333,0.6666666666666666,1.0,0.2,10,4935,5,0,1.0,0.0010121457489878543,0.998989898989899,6,100
0.0010121457489878543,1.0,0.3333333333333333,0.6666666666666666,1.0,0.22,10,4935,5,0,1.0,0.0010121457489878543,0.998989898989899,6,100
0.0010121457489878543,1.0,0.3333333333333333,0.6666666666666666,1.0,0.24,10,4935,5,0,1.0,0.0010121457489878543,0.998989898989899,6,100
0.0010121457489878543,1.0,0.3333333333333333,0.6666666666666666,1.0,0.26,10,4935,5,0,1.0,0.0010121457489878543,0.998989898989899,6,100
0.0010121457489878543,1.0,0.3333333333333333,0.6666666666666666,1.0,0.28,10,4935,5,0,1.0,0.0010121457489878543,0.998989898989899,6,100
0.0010121457489878543,1.0,0.3333333333333333,0.6666666666666666,1.0,0.3,10,4935,5,0,1.0,0.0010121457489878543,0.998989898989899,6,100
0.0010121457489878543,1.0,0.3333333333333333,0.6666666666666666,1.0,0.32,10,4935,5,0,1.0,0.0010121457489878543,0.998989898989899,6,100
0.0010121457489878543,1.0,0.3333333333333333,0.6666666666666666,1.0,0.34,10,4935,5,0,1.0,0.0010121457489878543,0.998989898989899,6,100
0.0012145748987854252,1.0,0.375,0.625,1.0,0.36,10,4934,6,0,1.0,0.0012145748987854252,0.9987878787878788,6,100
0.0012145748987854252,1.0,0.375,0.625,1.0,0.38,10,4934,6,0,1.0,0.0012145748987854252,0.9987878787878788,6,100
0.0012145748987854252,1.0,0.375,0.625,1.0,0.4,10,4934,6,0,1.0,0.0012145748987854252,0.9987878787878788,6,100
0.0012145748987854252,1.0,0.375,0.625,1.0,0.42,10,4934,6,0,1.0,0.0012145748987854252,0.9987878787878788,6,100
0.0012145748987854252,1.0,0.375,0.625,1.0,0.44,10,4934,6,0,1.0,0.0012145748987854252,0.9987878787878788,6,100
0.0012145748987854252,1.0,0.375,0.625,1.0,0.46,10,4934,6,0,1.0,0.0012145748987854252,0.9987878787878788,6,100
0.0012145748987854252,1.0,0.375,0.625,1.0,0.48,10,4934,6,0,1.0,0.0012145748987854252,0.9987878787878788,6,100
0.0012145748987854252,1.0,0.375,0.625,1.0,0.5,10,4934,6,0,1.0,0.0012145748987854252,0.9987878787878788,6,100
0.0012145748987854252,1.0,0.375,0.625,1.0,0.52,10,4934,6,0,1.0,0.0012145748987854252,0.9987878787878788,6,100
0.0012145748987854252,1.0,0.375,0.625,1.0,0.54,10,4934,6,0,1.0,0.0012145748987854252,0.9987878787878788,6,100
0.0012145748987854252,1.0,0.375,0.625,1.0,0.56,10,4934,6,0,1.0,0.0012145748987854252,0.9987878787878788,6,100
0.0012145748987854252,1.0,0.375,0.625,1.0,0.58,10,4934,6,0,1.0,0.0012145748987854252,0.9987878787878788,6,100
0.002226720647773279,1.0,0.5238095238095238,0.47619047619047616,1.0,0.6,10,4929,11,0,1.0,0.002226720647773279,0.9977777777777778,6,100
0.002226720647773279,1.0,0.5238095238095238,0.47619047619047616,1.0,0.62,10,4929,11,0,1.0,0.002226720647773279,0.9977777777777778,6,100
0.002226720647773279,1.0,0.5238095238095238,0.47619047619047616,1.0,0.64,10,4929,11,0,1.0,0.002226720647773279,0.9977777777777778,6,100
0.002226720647773279,1.0,0.5238095238095238,0.47619047619047616,1.0,0.66,10,4929,11,0,1.0,0.002226720647773279,0.9977777777777778,6,100
0.002226720647773279,1.0,0.5238095238095238,0.47619047619047616,1.0,0.68,10,4929,11,0,1.0,0.002226720647773279,0.9977777777777778,6,100
0.002226720647773279,1.0,0.5238095238095238,0.47619047619047616,1.0,0.7,10,4929,11,0,1.0,0.002226720647773279,0.9977777777777778,6,100
0.002226720647773279,1.0,0.5238095238095238,0.47619047619047616,1.0,0.72,10,4929,11,0,1.0,0.002226720647773279,0.9977777777777778,6,100
0.002226720647773279,1.0,0.5238095238095238,0.47619047619047616,1.0,0.74,10,4929,11,0,1.0,0.002226720647773279,0.9977777777777778,6,100
0.002226720647773279,1.0,0.5238095238095238,0.47619047619047616,1.0,0.76,10,4929,11,0,1.0,0.002226720647773279,0.9977777777777778,6,100
0.002226720647773279,1.0,0.5238095238095238,0.47619047619047616,1.0,0.78,10,4929,11,0,1.0,0.002226720647773279,0.9977777777777778,6,100
0.002226720647773279,1.0,0.5238095238095238,0.47619047619047616,1.0,0.8,10,4929,11,0,1.0,0.002226720647773279,0.9977777777777778,6,100
0.004453441295546558,1.0,0.6875,0.3125,1.0,0.82,10,4918,22,0,1.0,0.004453441295546558,0.9955555555555555,6,100
0.004453441295546558,1.0,0.6875,0.3125,1.0,0.84,10,4918,22,0,1.0,0.004453441295546558,0.9955555555555555,6,100
0.004453441295546558,1.0,0.6875,0.3125,1.0,0.86,10,4918,22,0,1.0,0.004453441295546558,0.9955555555555555,6,100
0.004453441295546558,1.0,0.6875,0.3125,1.0,0.88,10,4918,22,0,1.0,0.004453441295546558,0.9955555555555555,6,100
0.004453441295546558,1.0,0.6875,0.3125,1.0,0.9,10,4918,22,0,1.0,0.004453441295546558,0.9955555555555555,6,100
0.019838056680161944,1.0,0.9074074074074074,0.09259259259259259,1.0,0.92,10,4842,98,0,1.0,0.019838056680161944,0.9802020202020202,6,100
0.019838056680161944,1.0,0.9074074074074074,0.09259259259259259,1.0,0.94,10,4842,98,0,1.0,0.019838056680161944,0.9802020202020202,6,100
0.019838056680161944,1.0,0.9074074074074074,0.09259259259259259,1.0,0.96,10,4842,98,0,1.0,0.019838056680161944,0.9802020202020202,6,100
0.019838056680161944,1.0,0.9074074074074074,0.09259259259259259,1.0,0.98,10,4842,98,0,1.0,0.019838056680161944,0.9802020202020202,6,100
0.6431174089068826,1.0,0.996862252902416,0.0031377470975839346,1.0,1.0,10,1763,3177,0,1.0,0.6431174089068826,0.35818181818181816,6,100
0.0,0.8,0.0,1.0,0.8,0.02,8,4940,0,2,0.8,0.0,0.9995959595959596,7,100
0.0,0.9,0.0,1.0,0.9,0.04,9,4940,0,1,0.9,0.0,0.9997979797979798,7,100
0.0004048582995951417,0.9,0.18181818181818182,0.8181818181818182,0.9,0.06,9,4938,2,1,0.9,0.0004048582995951417,0.9993939393939394,7,100
0.0004048582995951417,0.9,0.18181818181818182,0.8181818181818182,0.9,0.08,9,4938,2,1,0.9,0.0004048582995951417,0.9993939393939394,7,100
0.0004048582995951417,0.9,0.18181818181818182,0.8181818181818182,0.9,0.1,9,4938,2,1,0.9,0.0004048582995951417,0.9993939393939394,7,100
0.0008097165991902834,0.9,0.3076923076923077,0.6923076923076923,0.9,0.12,9,4936,4,1,0.9,0.0008097165991902834,0.998989898989899,7,100
0.0008097165991902834,0.9,0.3076923076923077,0.6923076923076923,0.9,0.14,9,4936,4,1,0.9,0.0008097165991902834,0.998989898989899,7,100
0.0008097165991902834,0.9,0.3076923076923077,0.6923076923076923,0.9,0.16,9,4936,4,1,0.9,0.0008097165991902834,0.998989898989899,7,100
0.0008097165991902834,0.9,0.3076923076923077,0.6923076923076923,0.9,0.18,9,4936,4,1,0.9,0.0008097165991902834,0.998989898989899,7,100
0.0008097165991902834,0.9,0.3076923076923077,0.6923076923076923,0.9,0.2,9,4936,4,1,0.9,0.0008097165991902834,0.998989898989899,7,100
0.0008097165991902834,0.9,0.3076923076923077,0.6923076923076923,0.9,0.22,9,4936,4,1,0.9,0.0008097165991902834,0.998989898989899,7,100
0.0008097165991902834,0.9,0.3076923076923077,0.6923076923076923,0.9,0.24,9,4936,4,1,0.9,0.0008097165991902834,0.998989898989899,7,100
0.0008097165991902834,0.9,0.3076923076923077,0.6923076923076923,0.9,0.26,9,4936,4,1,0.9,0.0008097165991902834,0.998989898989899,7,100
0.0008097165991902834,0.9,0.3076923076923077,0.6923076923076923,0.9,0.28,9,4936,4,1,0.9,0.0008097165991902834,0.998989898989899,7,100
0.0008097165991902834,0.9,0.3076923076923077,0.6923076923076923,0.9,0.3,9,4936,4,1,0.9,0.0008097165991902834,0.998989898989899,7,100
0.0008097165991902834,0.9,0.3076923076923077,0.6923076923076923,0.9,0.32,9,4936,4,1,0.9,0.0008097165991902834,0.998989898989899,7,100
0.0008097165991902834,0.9,0.3076923076923077,0.6923076923076923,0.9,0.34,9,4936,4,1,0.9,0.0008097165991902834,0.998989898989899,7,100
0.0008097165991902834,0.9,0.3076923076923077,0.6923076923076923,0.9,0.36,9,4936,4,1,0.9,0.0008097165991902834,0.998989898989899,7,100
0.0008097165991902834,0.9,0.3076923076923077,0.6923076923076923,0.9,0.38,9,4936,4,1,0.9,0.0008097165991902834,0.998989898989899,7,100
0.0016194331983805667,0.9,0.47058823529411764,0.5294117647058824,0.9,0.4,9,4932,8,1,0.9,0.0016194331983805667,0.9981818181818182,7,100
0.0016194331983805667,0.9,0.47058823529411764,0.5294117647058824,0.9,0.42,9,4932,8,1,0.9,0.0016194331983805667,0.9981818181818182,7,100
0.0016194331983805667,0.9,0.47058823529411764,0.5294117647058824,0.9,0.44,9,4932,8,1,0.9,0.0016194331983805667,0.9981818181818182,7,100
0.0016194331983805667,0.9,0.47058823529411764,0.5294117647058824,0.9,0.46,9,4932,8,1,0.9,0.0016194331983805667,0.9981818181818182,7,100
0.0016194331983805667,0.9,0.47058823529411764,0.5294117647058824,0.9,0.48,9,4932,8,1,0.9,0.0016194331983805667,0.9981818181818182,7,100
0.0016194331983805667,0.9,0.47058823529411764,0.5294117647058824,0.9,0.5,9,4932,8,1,0.9,0.0016194331983805667,0.9981818181818182,7,100
0.0016194331983805667,0.9,0.47058823529411764,0.5294117647058824,0.9,0.52,9,4932,8,1,0.9,0.0016194331983805667,0.9981818181818182,7,100
0.0016194331983805667,0.9,0.47058823529411764,0.5294117647058824,0.9,0.54,9,4932,8,1,0.9,0.0016194331983805667,0.9981818181818182,7,100
0.0016194331983805667,0.9,0.47058823529411764,0.5294117647058824,0.9,0.56,9,4932,8,1,0.9,0.0016194331983805667,0.9981818181818182,7,100
0.002834008097165992,1.0,0.5833333333333334,0.4166666666666667,1.0,0.58,10,4926,14,0,1.0,0.002834008097165992,0.9971717171717172,7,100
0.002834008097165992,1.0,0.5833333333333334,0.4166666666666667,1.0,0.6,10,4926,14,0,1.0,0.002834008097165992,0.9971717171717172,7,100
0.002834008097165992,1.0,0.5833333333333334,0.4166666666666667,1.0,0.62,10,4926,14,0,1.0,0.002834008097165992,0.9971717171717172,7,100
0.002834008097165992,1.0,0.5833333333333334,0.4166666666666667,1.0,0.64,10,4926,14,0,1.0,0.002834008097165992,0.9971717171717172,7,100
0.002834008097165992,1.0,0.5833333333333334,0.4166666666666667,1.0,0.66,10,4926,14,0,1.0,0.002834008097165992,0.9971717171717172,7,100
0.002834008097165992,1.0,0.5833333333333334,0.4166666666666667,1.0,0.68,10,4926,14,0,1.0,0.002834008097165992,0.9971717171717172,7,100
0.002834008097165992,1.0,0.5833333333333334,0.4166666666666667,1.0,0.7,10,4926,14,0,1.0,0.002834008097165992,0.9971717171717172,7,100
0.005668016194331984,1.0,0.7368421052631579,0.2631578947368421,1.0,0.72,10,4912,28,0,1.0,0.005668016194331984,0.9943434343434343,7,100
0.005668016194331984,1.0,0.7368421052631579,0.2631578947368421,1.0,0.74,10,4912,28,0,1.0,0.005668016194331984,0.9943434343434343,7,100
0.005668016194331984,1.0,0.7368421052631579,0.2631578947368421,1.0,0.76,10,4912,28,0,1.0,0.005668016194331984,0.9943434343434343,7,100
0.005668016194331984,1.0,0.7368421052631579,0.2631578947368421,1.0,0.78,10,4912,28,0,1.0,0.005668016194331984,0.9943434343434343,7,100
0.005668016194331984,1.0,0.7368421052631579,0.2631578947368421,1.0,0.8,10,4912,28,0,1.0,0.005668016194331984,0.9943434343434343,7,100
0.005668016194331984,1.0,0.7368421052631579,0.2631578947368421,1.0,0.82,10,4912,28,0,1.0,0.005668016194331984,0.9943434343434343,7,100
0.005668016194331984,1.0,0.7368421052631579,0.2631578947368421,1.0,0.84,10,4912,28,0,1.0,0.005668016194331984,0.9943434343434343,7,100
0.005668016194331984,1.0,0.7368421052631579,0.2631578947368421,1.0,0.86,10,4912,28,0,1.0,0.005668016194331984,0.9943434343434343,7,100
0.005668016194331984,1.0,0.7368421052631579,0.2631578947368421,1.0,0.88,10,4912,28,0,1.0,0.005668016194331984,0.9943434343434343,7,100
0.00951417004048583,1.0,0.8245614035087719,0.17543859649122806,1.0,0.9,10,4893,47,0,1.0,0.00951417004048583,0.9905050505050506,7,100
0.00951417004048583,1.0,0.8245614035087719,0.17543859649122806,1.0,0.92,10,4893,47,0,1.0,0.00951417004048583,0.9905050505050506,7,100
0.00951417004048583,1.0,0.8245614035087719,0.17543859649122806,1.0,0.94,10,4893,47,0,1.0,0.00951417004048583,0.9905050505050506,7,100
0.00951417004048583,1.0,0.8245614035087719,0.17543859649122806,1.0,0.96,10,4893,47,0,1.0,0.00951417004048583,0.9905050505050506,7,100
0.00951417004048583,1.0,0.8245614035087719,0.17543859649122806,1.0,0.98,10,4893,47,0,1.0,0.00951417004048583,0.9905050505050506,7,100
0.5228744939271255,1.0,0.9961434631700733,0.0038565368299267257,1.0,1.0,10,2357,2583,0,1.0,0.5228744939271255,0.4781818181818182,7,100
0.0,1.0,0.0,1.0,1.0,0.02,10,4940,0,0,1.0,0.0,1.0,8,100
0.0,1.0,0.0,1.0,1.0,0.04,10,4940,0,0,1.0,0.0,1.0,8,100
0.0004048582995951417,1.0,0.16666666666666666,0.8333333333333334,1.0,0.06,10,4938,2,0,1.0,0.0004048582995951417,0.9995959595959596,8,100
0.0004048582995951417,1.0,0.16666666666666666,0.8333333333333334,1.0,0.08,10,4938,2,0,1.0,0.0004048582995951417,0.9995959595959596,8,100
0.0004048582995951417,1.0,0.16666666666666666,0.8333333333333334,1.0,0.1,10,4938,2,0,1.0,0.0004048582995951417,0.9995959595959596,8,100
0.0004048582995951417,1.0,0.16666666666666666,0.8333333333333334,1.0,0.12,10,4938,2,0,1.0,0.0004048582995951417,0.9995959595959596,8,100
0.0006072874493927126,1.0,0.23076923076923078,0.7692307692307693,1.0,0.14,10,4937,3,0,1.0,0.0006072874493927126,0.9993939393939394,8,100
0.0006072874493927126,1.0,0.23076923076923078,0.7692307692307693,1.0,0.16,10,4937,3,0,1.0,0.0006072874493927126,0.9993939393939394,8,100
0.0006072874493927126,1.0,0.23076923076923078,0.7692307692307693,1.0,0.18,10,4937,3,0,1.0,0.0006072874493927126,0.9993939393939394,8,100
0.0006072874493927126,1.0,0.23076923076923078,0.7692307692307693,1.0,0.2,10,4937,3,0,1.0,0.0006072874493927126,0.9993939393939394,8,100
0.0006072874493927126,1.0,0.23076923076923078,0.7692307692307693,1.0,0.22,10,4937,3,0,1.0,0.0006072874493927126,0.9993939393939394,8,100
0.0006072874493927126,1.0,0.23076923076923078,0.7692307692307693,1.0,0.24,10,4937,3,0,1.0,0.0006072874493927126,0.9993939393939394,8,100
0.0006072874493927126,1.0,0.23076923076923078,0.7692307692307693,1.0,0.26,10,4937,3,0,1.0,0.0006072874493927126,0.9993939393939394,8,100
0.0006072874493927126,1.0,0.23076923076923078,0.7692307692307693,1.0,0.28,10,4937,3,0,1.0,0.0006072874493927126,0.9993939393939394,8,100
0.0006072874493927126,1.0,0.23076923076923078,0.7692307692307693,1.0,0.3,10,4937,3,0,1.0,0.0006072874493927126,0.9993939393939394,8,100
0.0012145748987854252,1.0,0.375,0.625,1.0,0.32,10,4934,6,0,1.0,0.0012145748987854252,0.9987878787878788,8,100
0.0012145748987854252,1.0,0.375,0.625,1.0,0.34,10,4934,6,0,1.0,0.0012145748987854252,0.9987878787878788,8,100
0.0012145748987854252,1.0,0.375,0.625,1.0,0.36,10,4934,6,0,1.0,0.0012145748987854252,0.9987878787878788,8,100
0.0012145748987854252,1.0,0.375,0.625,1.0,0.38,10,4934,6,0,1.0,0.0012145748987854252,0.9987878787878788,8,100
0.0012145748987854252,1.0,0.375,0.625,1.0,0.4,10,4934,6,0,1.0,0.0012145748987854252,0.9987878787878788,8,100
0.0012145748987854252,1.0,0.375,0.625,1.0,0.42,10,4934,6,0,1.0,0.0012145748987854252,0.9987878787878788,8,100
0.0020242914979757085,1.0,0.5,0.5,1.0,0.44,10,4930,10,0,1.0,0.0020242914979757085,0.997979797979798,8,100
0.0020242914979757085,1.0,0.5,0.5,1.0,0.46,10,4930,10,0,1.0,0.0020242914979757085,0.997979797979798,8,100
0.0020242914979757085,1.0,0.5,0.5,1.0,0.48,10,4930,10,0,1.0,0.0020242914979757085,0.997979797979798,8,100
0.0020242914979757085,1.0,0.5,0.5,1.0,0.5,10,4930,10,0,1.0,0.0020242914979757085,0.997979797979798,8,100
0.0020242914979757085,1.0,0.5,0.5,1.0,0.52,10,4930,10,0,1.0,0.0020242914979757085,0.997979797979798,8,100
0.0020242914979757085,1.0,0.5,0.5,1.0,0.54,10,4930,10,0,1.0,0.0020242914979757085,0.997979797979798,8,100
0.0020242914979757085,1.0,0.5,0.5,1.0,0.56,10,4930,10,0,1.0,0.0020242914979757085,0.997979797979798,8,100
0.0020242914979757085,1.0,0.5,0.5,1.0,0.58,10,4930,10,0,1.0,0.0020242914979757085,0.997979797979798,8,100
0.0020242914979757085,1.0,0.5,0.5,1.0,0.6,10,4930,10,0,1.0,0.0020242914979757085,0.997979797979798,8,100
0.002631578947368421,1.0,0.5652173913043478,0.43478260869565216,1.0,0.62,10,4927,13,0,1.0,0.002631578947368421,0.9973737373737374,8,100
0.002631578947368421,1.0,0.5652173913043478,0.43478260869565216,1.0,0.64,10,4927,13,0,1.0,0.002631578947368421,0.9973737373737374,8,100
0.002631578947368421,1.0,0.5652173913043478,0.43478260869565216,1.0,0.66,10,4927,13,0,1.0,0.002631578947368421,0.9973737373737374,8,100
0.002631578947368421,1.0,0.5652173913043478,0.43478260869565216,1.0,0.68,10,4927,13,0,1.0,0.002631578947368421,0.9973737373737374,8,100
0.002631578947368421,1.0,0.5652173913043478,0.43478260869565216,1.0,0.7,10,4927,13,0,1.0,0.002631578947368421,0.9973737373737374,8,100
0.002631578947368421,1.0,0.5652173913043478,0.43478260869565216,1.0,0.72,10,4927,13,0,1.0,0.002631578947368421,0.9973737373737374,8,100
0.002631578947368421,1.0,0.5652173913043478,0.43478260869565216,1.0,0.74,10,4927,13,0,1.0,0.002631578947368421,0.9973737373737374,8,100
0.002631578947368421,1.0,0.5652173913043478,0.43478260869565216,1.0,0.76,10,4927,13,0,1.0,0.002631578947368421,0.9973737373737374,8,100
0.0038461538461538464,1.0,0.6551724137931034,0.3448275862068966,1.0,0.78,10,4921,19,0,1.0,0.0038461538461538464,0.9961616161616161,8,100
0.0038461538461538464,1.0,0.6551724137931034,0.3448275862068966,1.0,0.8,10,4921,19,0,1.0,0.0038461538461538464,0.9961616161616161,8,100
0.0038461538461538464,1.0,0.6551724137931034,0.3448275862068966,1.0,0.82,10,4921,19,0,1.0,0.0038461538461538464,0.9961616161616161,8,100
0.0038461538461538464,1.0,0.6551724137931034,0.3448275862068966,1.0,0.84,10,4921,19,0,1.0,0.0038461538461538464,0.9961616161616161,8,100
0.0038461538461538464,1.0,0.6551724137931034,0.3448275862068966,1.0,0.86,10,4921,19,0,1.0,0.0038461538461538464,0.9961616161616161,8,100
0.0038461538461538464,1.0,0.6551724137931034,0.3448275862068966,1.0,0.88,10,4921,19,0,1.0,0.0038461538461538464,0.9961616161616161,8,100
0.0038461538461538464,1.0,0.6551724137931034,0.3448275862068966,1.0,0.9,10,4921,19,0,1.0,0.0038461538461538464,0.9961616161616161,8,100
0.005870445344129555,1.0,0.7435897435897436,0.2564102564102564,1.0,0.92,10,4911,29,0,1.0,0.005870445344129555,0.9941414141414141,8,100
0.005870445344129555,1.0,0.7435897435897436,0.2564102564102564,1.0,0.94,10,4911,29,0,1.0,0.005870445344129555,0.9941414141414141,8,100
0.005870445344129555,1.0,0.7435897435897436,0.2564102564102564,1.0,0.96,10,4911,29,0,1.0,0.005870445344129555,0.9941414141414141,8,100
0.005870445344129555,1.0,0.7435897435897436,0.2564102564102564,1.0,0.98,10,4911,29,0,1.0,0.005870445344129555,0.9941414141414141,8,100
0.009109311740890687,1.0,0.8181818181818182,0.18181818181818182,1.0,1.0,10,4895,45,0,1.0,0.009109311740890687,0.990909090909091,8,100
0.0,1.0,0.0,1.0,1.0,0.02,10,4940,0,0,1.0,0.0,1.0,9,100
0.0,1.0,0.0,1.0,1.0,0.04,10,4940,0,0,1.0,0.0,1.0,9,100
0.0004048582995951417,1.0,0.16666666666666666,0.8333333333333334,1.0,0.06,10,4938,2,0,1.0,0.0004048582995951417,0.9995959595959596,9,100
0.0004048582995951417,1.0,0.16666666666666666,0.8333333333333334,1.0,0.08,10,4938,2,0,1.0,0.0004048582995951417,0.9995959595959596,9,100
0.0004048582995951417,1.0,0.16666666666666666,0.8333333333333334,1.0,0.1,10,4938,2,0,1.0,0.0004048582995951417,0.9995959595959596,9,100
0.0004048582995951417,1.0,0.16666666666666666,0.8333333333333334,1.0,0.12,10,4938,2,0,1.0,0.0004048582995951417,0.9995959595959596,9,100
0.0004048582995951417,1.0,0.16666666666666666,0.8333333333333334,1.0,0.14,10,4938,2,0,1.0,0.0004048582995951417,0.9995959595959596,9,100
0.0004048582995951417,1.0,0.16666666666666666,0.8333333333333334,1.0,0.16,10,4938,2,0,1.0,0.0004048582995951417,0.9995959595959596,9,100
0.0010121457489878543,1.0,0.3333333333333333,0.6666666666666666,1.0,0.18,10,4935,5,0,1.0,0.0010121457489878543,0.998989898989899,9,100
0.0010121457489878543,1.0,0.3333333333333333,0.6666666666666666,1.0,0.2,10,4935,5,0,1.0,0.0010121457489878543,0.998989898989899,9,100
0.0010121457489878543,1.0,0.3333333333333333,0.6666666666666666,1.0,0.22,10,4935,5,0,1.0,0.0010121457489878543,0.998989898989899,9,100
0.0010121457489878543,1.0,0.3333333333333333,0.6666666666666666,1.0,0.24,10,4935,5,0,1.0,0.0010121457489878543,0.998989898989899,9,100
0.0010121457489878543,1.0,0.3333333333333333,0.6666666666666666,1.0,0.26,10,4935,5,0,1.0,0.0010121457489878543,0.998989898989899,9,100
0.0010121457489878543,1.0,0.3333333333333333,0.6666666666666666,1.0,0.28,10,4935,5,0,1.0,0.0010121457489878543,0.998989898989899,9,100
0.0010121457489878543,1.0,0.3333333333333333,0.6666666666666666,1.0,0.3,10,4935,5,0,1.0,0.0010121457489878543,0.998989898989899,9,100
0.0012145748987854252,1.0,0.375,0.625,1.0,0.32,10,4934,6,0,1.0,0.0012145748987854252,0.9987878787878788,9,100
0.0012145748987854252,1.0,0.375,0.625,1.0,0.34,10,4934,6,0,1.0,0.0012145748987854252,0.9987878787878788,9,100
0.0012145748987854252,1.0,0.375,0.625,1.0,0.36,10,4934,6,0,1.0,0.0012145748987854252,0.9987878787878788,9,100
0.0012145748987854252,1.0,0.375,0.625,1.0,0.38,10,4934,6,0,1.0,0.0012145748987854252,0.9987878787878788,9,100
0.0012145748987854252,1.0,0.375,0.625,1.0,0.4,10,4934,6,0,1.0,0.0012145748987854252,0.9987878787878788,9,100
0.0012145748987854252,1.0,0.375,0.625,1.0,0.42,10,4934,6,0,1.0,0.0012145748987854252,0.9987878787878788,9,100
0.0012145748987854252,1.0,0.375,0.625,1.0,0.44,10,4934,6,0,1.0,0.0012145748987854252,0.9987878787878788,9,100
0.002226720647773279,1.0,0.5238095238095238,0.47619047619047616,1.0,0.46,10,4929,11,0,1.0,0.002226720647773279,0.9977777777777778,9,100
0.002226720647773279,1.0,0.5238095238095238,0.47619047619047616,1.0,0.48,10,4929,11,0,1.0,0.002226720647773279,0.9977777777777778,9,100
0.002226720647773279,1.0,0.5238095238095238,0.47619047619047616,1.0,0.5,10,4929,11,0,1.0,0.002226720647773279,0.9977777777777778,9,100
0.002226720647773279,1.0,0.5238095238095238,0.47619047619047616,1.0,0.52,10,4929,11,0,1.0,0.002226720647773279,0.9977777777777778,9,100
0.002226720647773279,1.0,0.5238095238095238,0.47619047619047616,1.0,0.54,10,4929,11,0,1.0,0.002226720647773279,0.9977777777777778,9,100
0.002226720647773279,1.0,0.5238095238095238,0.47619047619047616,1.0,0.56,10,4929,11,0,1.0,0.002226720647773279,0.9977777777777778,9,100
0.002226720647773279,1.0,0.5238095238095238,0.47619047619047616,1.0,0.58,10,4929,11,0,1.0,0.002226720647773279,0.9977777777777778,9,100
0.002226720647773279,1.0,0.5238095238095238,0.47619047619047616,1.0,0.6,10,4929,11,0,1.0,0.002226720647773279,0.9977777777777778,9,100
0.002226720647773279,1.0,0.5238095238095238,0.47619047619047616,1.0,0.62,10,4929,11,0,1.0,0.002226720647773279,0.9977777777777778,9,100
0.0038461538461538464,1.0,0.6551724137931034,0.3448275862068966,1.0,0.64,10,4921,19,0,1.0,0.0038461538461538464,0.9961616161616161,9,100
0.0038461538461538464,1.0,0.6551724137931034,0.3448275862068966,1.0,0.66,10,4921,19,0,1.0,0.0038461538461538464,0.9961616161616161,9,100
0.0038461538461538464,1.0,0.6551724137931034,0.3448275862068966,1.0,0.68,10,4921,19,0,1.0,0.0038461538461538464,0.9961616161616161,9,100
0.007692307692307693,1.0,0.7916666666666666,0.20833333333333334,1.0,0.7,10,4902,38,0,1.0,0.007692307692307693,0.9923232323232323,9,100
0.007692307692307693,1.0,0.7916666666666666,0.20833333333333334,1.0,0.72,10,4902,38,0,1.0,0.007692307692307693,0.9923232323232323,9,100
0.007692307692307693,1.0,0.7916666666666666,0.20833333333333334,1.0,0.74,10,4902,38,0,1.0,0.007692307692307693,0.9923232323232323,9,100
0.007692307692307693,1.0,0.7916666666666666,0.20833333333333334,1.0,0.76,10,4902,38,0,1.0,0.007692307692307693,0.9923232323232323,9,100
0.007692307692307693,1.0,0.7916666666666666,0.20833333333333334,1.0,0.78,10,4902,38,0,1.0,0.007692307692307693,0.9923232323232323,9,100
0.013157894736842105,1.0,0.8666666666666667,0.13333333333333333,1.0,0.8,10,4875,65,0,1.0,0.013157894736842105,0.9868686868686869,9,100
0.013157894736842105,1.0,0.8666666666666667,0.13333333333333333,1.0,0.82,10,4875,65,0,1.0,0.013157894736842105,0.9868686868686869,9,100
0.02206477732793522,1.0,0.9159663865546218,0.08403361344537816,1.0,0.84,10,4831,109,0,1.0,0.02206477732793522,0.977979797979798,9,100
0.02206477732793522,1.0,0.9159663865546218,0.08403361344537816,1.0,0.86,10,4831,109,0,1.0,0.02206477732793522,0.977979797979798,9,100
0.02206477732793522,1.0,0.9159663865546218,0.08403361344537816,1.0,0.88,10,4831,109,0,1.0,0.02206477732793522,0.977979797979798,9,100
0.02206477732793522,1.0,0.9159663865546218,0.08403361344537816,1.0,0.9,10,4831,109,0,1.0,0.02206477732793522,0.977979797979798,9,100
0.02206477732793522,1.0,0.9159663865546218,0.08403361344537816,1.0,0.92,10,4831,109,0,1.0,0.02206477732793522,0.977979797979798,9,100
0.02206477732793522,1.0,0.9159663865546218,0.08403361344537816,1.0,0.94,10,4831,109,0,1.0,0.02206477732793522,0.977979797979798,9,100
0.02206477732793522,1.0,0.9159663865546218,0.08403361344537816,1.0,0.96,10,4831,109,0,1.0,0.02206477732793522,0.977979797979798,9,100
0.02206477732793522,1.0,0.9159663865546218,0.08403361344537816,1.0,0.98,10,4831,109,0,1.0,0.02206477732793522,0.977979797979798,9,100
0.7,1.0,0.9971164936562861,0.0028835063437139563,1.0,1.0,10,1482,3458,0,1.0,0.7,0.3014141414141414,9,100
0.0,1.0,0.0,1.0,1.0,0.02,10,4940,0,0,1.0,0.0,1.0,10,100
0.0,1.0,0.0,1.0,1.0,0.04,10,4940,0,0,1.0,0.0,1.0,10,100
0.0,1.0,0.0,1.0,1.0,0.06,10,4940,0,0,1.0,0.0,1.0,10,100
0.0,1.0,0.0,1.0,1.0,0.08,10,4940,0,0,1.0,0.0,1.0,10,100
0.0,1.0,0.0,1.0,1.0,0.1,10,4940,0,0,1.0,0.0,1.0,10,100
0.0,1.0,0.0,1.0,1.0,0.12,10,4940,0,0,1.0,0.0,1.0,10,100
0.0,1.0,0.0,1.0,1.0,0.14,10,4940,0,0,1.0,0.0,1.0,10,100
0.0,1.0,0.0,1.0,1.0,0.16,10,4940,0,0,1.0,0.0,1.0,10,100
0.0,1.0,0.0,1.0,1.0,0.18,10,4940,0,0,1.0,0.0,1.0,10,100
0.0,1.0,0.0,1.0,1.0,0.2,10,4940,0,0,1.0,0.0,1.0,10,100
0.0,1.0,0.0,1.0,1.0,0.22,10,4940,0,0,1.0,0.0,1.0,10,100
0.0,1.0,0.0,1.0,1.0,0.24,10,4940,0,0,1.0,0.0,1.0,10,100
0.0,1.0,0.0,1.0,1.0,0.26,10,4940,0,0,1.0,0.0,1.0,10,100
0.0,1.0,0.0,1.0,1.0,0.28,10,4940,0,0,1.0,0.0,1.0,10,100
0.0,1.0,0.0,1.0,1.0,0.3,10,4940,0,0,1.0,0.0,1.0,10,100
0.0,1.0,0.0,1.0,1.0,0.32,10,4940,0,0,1.0,0.0,1.0,10,100
0.0,1.0,0.0,1.0,1.0,0.34,10,4940,0,0,1.0,0.0,1.0,10,100
0.0,1.0,0.0,1.0,1.0,0.36,10,4940,0,0,1.0,0.0,1.0,10,100
0.0,1.0,0.0,1.0,1.0,0.38,10,4940,0,0,1.0,0.0,1.0,10,100
0.0,1.0,0.0,1.0,1.0,0.4,10,4940,0,0,1.0,0.0,1.0,10,100
0.0,1.0,0.0,1.0,1.0,0.42,10,4940,0,0,1.0,0.0,1.0,10,100
0.0,1.0,0.0,1.0,1.0,0.44,10,4940,0,0,1.0,0.0,1.0,10,100
0.0,1.0,0.0,1.0,1.0,0.46,10,4940,0,0,1.0,0.0,1.0,10,100
0.0,1.0,0.0,1.0,1.0,0.48,10,4940,0,0,1.0,0.0,1.0,10,100
0.0,1.0,0.0,1.0,1.0,0.5,10,4940,0,0,1.0,0.0,1.0,10,100
0.0,1.0,0.0,1.0,1.0,0.52,10,4940,0,0,1.0,0.0,1.0,10,100
0.0,1.0,0.0,1.0,1.0,0.54,10,4940,0,0,1.0,0.0,1.0,10,100
0.0,1.0,0.0,1.0,1.0,0.56,10,4940,0,0,1.0,0.0,1.0,10,100
0.0006072874493927126,1.0,0.23076923076923078,0.7692307692307693,1.0,0.58,10,4937,3,0,1.0,0.0006072874493927126,0.9993939393939394,10,100
0.0006072874493927126,1.0,0.23076923076923078,0.7692307692307693,1.0,0.6,10,4937,3,0,1.0,0.0006072874493927126,0.9993939393939394,10,100
0.0006072874493927126,1.0,0.23076923076923078,0.7692307692307693,1.0,0.62,10,4937,3,0,1.0,0.0006072874493927126,0.9993939393939394,10,100
0.0006072874493927126,1.0,0.23076923076923078,0.7692307692307693,1.0,0.64,10,4937,3,0,1.0,0.0006072874493927126,0.9993939393939394,10,100
0.0006072874493927126,1.0,0.23076923076923078,0.7692307692307693,1.0,0.66,10,4937,3,0,1.0,0.0006072874493927126,0.9993939393939394,10,100
0.0006072874493927126,1.0,0.23076923076923078,0.7692307692307693,1.0,0.68,10,4937,3,0,1.0,0.0006072874493927126,0.9993939393939394,10,100
0.0006072874493927126,1.0,0.23076923076923078,0.7692307692307693,1.0,0.7,10,4937,3,0,1.0,0.0006072874493927126,0.9993939393939394,10,100
0.0016194331983805667,1.0,0.4444444444444444,0.5555555555555556,1.0,0.72,10,4932,8,0,1.0,0.0016194331983805667,0.9983838383838384,10,100
0.0016194331983805667,1.0,0.4444444444444444,0.5555555555555556,1.0,0.74,10,4932,8,0,1.0,0.0016194331983805667,0.9983838383838384,10,100
0.0016194331983805667,1.0,0.4444444444444444,0.5555555555555556,1.0,0.76,10,4932,8,0,1.0,0.0016194331983805667,0.9983838383838384,10,100
0.0016194331983805667,1.0,0.4444444444444444,0.5555555555555556,1.0,0.78,10,4932,8,0,1.0,0.0016194331983805667,0.9983838383838384,10,100
0.006882591093117409,1.0,0.7727272727272727,0.22727272727272727,1.0,0.8,10,4906,34,0,1.0,0.006882591093117409,0.9931313131313131,10,100
0.006882591093117409,1.0,0.7727272727272727,0.22727272727272727,1.0,0.82,10,4906,34,0,1.0,0.006882591093117409,0.9931313131313131,10,100
0.01882591093117409,1.0,0.9029126213592233,0.0970873786407767,1.0,0.84,10,4847,93,0,1.0,0.01882591093117409,0.9812121212121212,10,100
0.02894736842105263,1.0,0.934640522875817,0.06535947712418301,1.0,0.86,10,4797,143,0,1.0,0.02894736842105263,0.9711111111111111,10,100
0.02894736842105263,1.0,0.934640522875817,0.06535947712418301,1.0,0.88,10,4797,143,0,1.0,0.02894736842105263,0.9711111111111111,10,100
0.02894736842105263,1.0,0.934640522875817,0.06535947712418301,1.0,0.9,10,4797,143,0,1.0,0.02894736842105263,0.9711111111111111,10,100
0.02894736842105263,1.0,0.934640522875817,0.06535947712418301,1.0,0.92,10,4797,143,0,1.0,0.02894736842105263,0.9711111111111111,10,100
0.02894736842105263,1.0,0.934640522875817,0.06535947712418301,1.0,0.94,10,4797,143,0,1.0,0.02894736842105263,0.9711111111111111,10,100
0.05728744939271255,1.0,0.9658703071672355,0.034129692832764506,1.0,0.96,10,4657,283,0,1.0,0.05728744939271255,0.9428282828282828,10,100
0.11477732793522268,1.0,0.9826689774696707,0.01733102253032929,1.0,0.98,10,4373,567,0,1.0,0.11477732793522268,0.8854545454545455,10,100
0.8771255060728745,1.0,0.997697444163021,0.002302555836979047,1.0,1.0,10,607,4333,0,1.0,0.8771255060728745,0.12464646464646464,10,100
0.0,1.0,0.0,1.0,1.0,0.02,10,4940,0,0,1.0,0.0,1.0,11,100
0.0,1.0,0.0,1.0,1.0,0.04,10,4940,0,0,1.0,0.0,1.0,11,100
0.0,1.0,0.0,1.0,1.0,0.06,10,4940,0,0,1.0,0.0,1.0,11,100
0.0,1.0,0.0,1.0,1.0,0.08,10,4940,0,0,1.0,0.0,1.0,11,100
0.0,1.0,0.0,1.0,1.0,0.1,10,4940,0,0,1.0,0.0,1.0,11,100
0.0,1.0,0.0,1.0,1.0,0.12,10,4940,0,0,1.0,0.0,1.0,11,100
0.0,1.0,0.0,1.0,1.0,0.14,10,4940,0,0,1.0,0.0,1.0,11,100
0.0,1.0,0.0,1.0,1.0,0.16,10,4940,0,0,1.0,0.0,1.0,11,100
0.0,1.0,0.0,1.0,1.0,0.18,10,4940,0,0,1.0,0.0,1.0,11,100
0.0,1.0,0.0,1.0,1.0,0.2,10,4940,0,0,1.0,0.0,1.0,11,100
0.0,1.0,0.0,1.0,1.0,0.22,10,4940,0,0,1.0,0.0,1.0,11,100
0.0,1.0,0.0,1.0,1.0,0.24,10,4940,0,0,1.0,0.0,1.0,11,100
0.0,1.0,0.0,1.0,1.0,0.26,10,4940,0,0,1.0,0.0,1.0,11,100
0.0,1.0,0.0,1.0,1.0,0.28,10,4940,0,0,1.0,0.0,1.0,11,100
0.00020242914979757084,1.0,0.09090909090909091,0.9090909090909091,1.0,0.3,10,4939,1,0,1.0,0.00020242914979757084,0.9997979797979798,11,100
0.00020242914979757084,1.0,0.09090909090909091,0.9090909090909091,1.0,0.32,10,4939,1,0,1.0,0.00020242914979757084,0.9997979797979798,11,100
0.00020242914979757084,1.0,0.09090909090909091,0.9090909090909091,1.0,0.34,10,4939,1,0,1.0,0.00020242914979757084,0.9997979797979798,11,100
0.00020242914979757084,1.0,0.09090909090909091,0.9090909090909091,1.0,0.36,10,4939,1,0,1.0,0.00020242914979757084,0.9997979797979798,11,100
0.00020242914979757084,1.0,0.09090909090909091,0.9090909090909091,1.0,0.38,10,4939,1,0,1.0,0.00020242914979757084,0.9997979797979798,11,100
0.00020242914979757084,1.0,0.09090909090909091,0.9090909090909091,1.0,0.4,10,4939,1,0,1.0,0.00020242914979757084,0.9997979797979798,11,100
0.00020242914979757084,1.0,0.09090909090909091,0.9090909090909091,1.0,0.42,10,4939,1,0,1.0,0.00020242914979757084,0.9997979797979798,11,100
0.00020242914979757084,1.0,0.09090909090909091,0.9090909090909091,1.0,0.44,10,4939,1,0,1.0,0.00020242914979757084,0.9997979797979798,11,100
0.00020242914979757084,1.0,0.09090909090909091,0.9090909090909091,1.0,0.46,10,4939,1,0,1.0,0.00020242914979757084,0.9997979797979798,11,100
0.0004048582995951417,1.0,0.16666666666666666,0.8333333333333334,1.0,0.48,10,4938,2,0,1.0,0.0004048582995951417,0.9995959595959596,11,100
0.0004048582995951417,1.0,0.16666666666666666,0.8333333333333334,1.0,0.5,10,4938,2,0,1.0,0.0004048582995951417,0.9995959595959596,11,100
0.0004048582995951417,1.0,0.16666666666666666,0.8333333333333334,1.0,0.52,10,4938,2,0,1.0,0.0004048582995951417,0.9995959595959596,11,100
0.0004048582995951417,1.0,0.16666666666666666,0.8333333333333334,1.0,0.54,10,4938,2,0,1.0,0.0004048582995951417,0.9995959595959596,11,100
0.0004048582995951417,1.0,0.16666666666666666,0.8333333333333334,1.0,0.56,10,4938,2,0,1.0,0.0004048582995951417,0.9995959595959596,11,100
0.0004048582995951417,1.0,0.16666666666666666,0.8333333333333334,1.0,0.58,10,4938,2,0,1.0,0.0004048582995951417,0.9995959595959596,11,100
0.0004048582995951417,1.0,0.16666666666666666,0.8333333333333334,1.0,0.6,10,4938,2,0,1.0,0.0004048582995951417,0.9995959595959596,11,100
0.0004048582995951417,1.0,0.16666666666666666,0.8333333333333334,1.0,0.62,10,4938,2,0,1.0,0.0004048582995951417,0.9995959595959596,11,100
0.0004048582995951417,1.0,0.16666666666666666,0.8333333333333334,1.0,0.64,10,4938,2,0,1.0,0.0004048582995951417,0.9995959595959596,11,100
0.0004048582995951417,1.0,0.16666666666666666,0.8333333333333334,1.0,0.66,10,4938,2,0,1.0,0.0004048582995951417,0.9995959595959596,11,100
0.0004048582995951417,1.0,0.16666666666666666,0.8333333333333334,1.0,0.68,10,4938,2,0,1.0,0.0004048582995951417,0.9995959595959596,11,100
0.0008097165991902834,1.0,0.2857142857142857,0.7142857142857143,1.0,0.7,10,4936,4,0,1.0,0.0008097165991902834,0.9991919191919192,11,100
0.0008097165991902834,1.0,0.2857142857142857,0.7142857142857143,1.0,0.72,10,4936,4,0,1.0,0.0008097165991902834,0.9991919191919192,11,100
0.0008097165991902834,1.0,0.2857142857142857,0.7142857142857143,1.0,0.74,10,4936,4,0,1.0,0.0008097165991902834,0.9991919191919192,11,100
0.0008097165991902834,1.0,0.2857142857142857,0.7142857142857143,1.0,0.76,10,4936,4,0,1.0,0.0008097165991902834,0.9991919191919192,11,100
0.002226720647773279,1.0,0.5238095238095238,0.47619047619047616,1.0,0.78,10,4929,11,0,1.0,0.002226720647773279,0.9977777777777778,11,100
0.002226720647773279,1.0,0.5238095238095238,0.47619047619047616,1.0,0.8,10,4929,11,0,1.0,0.002226720647773279,0.9977777777777778,11,100
0.002226720647773279,1.0,0.5238095238095238,0.47619047619047616,1.0,0.82,10,4929,11,0,1.0,0.002226720647773279,0.9977777777777778,11,100
0.002226720647773279,1.0,0.5238095238095238,0.47619047619047616,1.0,0.84,10,4929,11,0,1.0,0.002226720647773279,0.9977777777777778,11,100
0.002226720647773279,1.0,0.5238095238095238,0.47619047619047616,1.0,0.86,10,4929,11,0,1.0,0.002226720647773279,0.9977777777777778,11,100
0.004048582995951417,1.0,0.6666666666666666,0.3333333333333333,1.0,0.88,10,4920,20,0,1.0,0.004048582995951417,0.9959595959595959,11,100
0.004048582995951417,1.0,0.6666666666666666,0.3333333333333333,1.0,0.9,10,4920,20,0,1.0,0.004048582995951417,0.9959595959595959,11,100
0.031578947368421054,1.0,0.9397590361445783,0.060240963855421686,1.0,0.92,10,4784,156,0,1.0,0.031578947368421054,0.9684848484848485,11,100
0.04595141700404858,1.0,0.9578059071729957,0.04219409282700422,1.0,0.94,10,4713,227,0,1.0,0.04595141700404858,0.9541414141414142,11,100
0.06417004048582996,1.0,0.9694189602446484,0.03058103975535168,1.0,0.96,10,4623,317,0,1.0,0.06417004048582996,0.935959595959596,11,100
0.06417004048582996,1.0,0.9694189602446484,0.03058103975535168,1.0,0.98,10,4623,317,0,1.0,0.06417004048582996,0.935959595959596,11,100
0.8777327935222672,1.0,0.9976990335941095,0.002300966405890474,1.0,1.0,10,604,4336,0,1.0,0.8777327935222672,0.12404040404040403,11,100
0.00020242914979757084,1.0,0.09090909090909091,0.9090909090909091,1.0,0.02,10,4939,1,0,1.0,0.00020242914979757084,0.9997979797979798,12,100
0.00020242914979757084,1.0,0.09090909090909091,0.9090909090909091,1.0,0.04,10,4939,1,0,1.0,0.00020242914979757084,0.9997979797979798,12,100
0.00020242914979757084,1.0,0.09090909090909091,0.9090909090909091,1.0,0.06,10,4939,1,0,1.0,0.00020242914979757084,0.9997979797979798,12,100
0.00020242914979757084,1.0,0.09090909090909091,0.9090909090909091,1.0,0.08,10,4939,1,0,1.0,0.00020242914979757084,0.9997979797979798,12,100
0.00020242914979757084,1.0,0.09090909090909091,0.9090909090909091,1.0,0.1,10,4939,1,0,1.0,0.00020242914979757084,0.9997979797979798,12,100
0.00020242914979757084,1.0,0.09090909090909091,0.9090909090909091,1.0,0.12,10,4939,1,0,1.0,0.00020242914979757084,0.9997979797979798,12,100
0.00020242914979757084,1.0,0.09090909090909091,0.9090909090909091,1.0,0.14,10,4939,1,0,1.0,0.00020242914979757084,0.9997979797979798,12,100
0.00020242914979757084,1.0,0.09090909090909091,0.9090909090909091,1.0,0.16,10,4939,1,0,1.0,0.00020242914979757084,0.9997979797979798,12,100
0.0010121457489878543,1.0,0.3333333333333333,0.6666666666666666,1.0,0.18,10,4935,5,0,1.0,0.0010121457489878543,0.998989898989899,12,100
0.0010121457489878543,1.0,0.3333333333333333,0.6666666666666666,1.0,0.2,10,4935,5,0,1.0,0.0010121457489878543,0.998989898989899,12,100
0.0010121457489878543,1.0,0.3333333333333333,0.6666666666666666,1.0,0.22,10,4935,5,0,1.0,0.0010121457489878543,0.998989898989899,12,100
0.0010121457489878543,1.0,0.3333333333333333,0.6666666666666666,1.0,0.24,10,4935,5,0,1.0,0.0010121457489878543,0.998989898989899,12,100
0.002631578947368421,1.0,0.5652173913043478,0.43478260869565216,1.0,0.26,10,4927,13,0,1.0,0.002631578947368421,0.9973737373737374,12,100
0.002631578947368421,1.0,0.5652173913043478,0.43478260869565216,1.0,0.28,10,4927,13,0,1.0,0.002631578947368421,0.9973737373737374,12,100
0.002631578947368421,1.0,0.5652173913043478,0.43478260869565216,1.0,0.3,10,4927,13,0,1.0,0.002631578947368421,0.9973737373737374,12,100
0.002631578947368421,1.0,0.5652173913043478,0.43478260869565216,1.0,0.32,10,4927,13,0,1.0,0.002631578947368421,0.9973737373737374,12,100
0.002631578947368421,1.0,0.5652173913043478,0.43478260869565216,1.0,0.34,10,4927,13,0,1.0,0.002631578947368421,0.9973737373737374,12,100
0.002631578947368421,1.0,0.5652173913043478,0.43478260869565216,1.0,0.36,10,4927,13,0,1.0,0.002631578947368421,0.9973737373737374,12,100
0.002631578947368421,1.0,0.5652173913043478,0.43478260869565216,1.0,0.38,10,4927,13,0,1.0,0.002631578947368421,0.9973737373737374,12,100
0.002631578947368421,1.0,0.5652173913043478,0.43478260869565216,1.0,0.4,10,4927,13,0,1.0,0.002631578947368421,0.9973737373737374,12,100
0.002631578947368421,1.0,0.5652173913043478,0.43478260869565216,1.0,0.42,10,4927,13,0,1.0,0.002631578947368421,0.9973737373737374,12,100
0.0034412955465587046,1.0,0.6296296296296297,0.37037037037037035,1.0,0.44,10,4923,17,0,1.0,0.0034412955465587046,0.9965656565656565,12,100
0.0034412955465587046,1.0,0.6296296296296297,0.37037037037037035,1.0,0.46,10,4923,17,0,1.0,0.0034412955465587046,0.9965656565656565,12,100
0.0034412955465587046,1.0,0.6296296296296297,0.37037037037037035,1.0,0.48,10,4923,17,0,1.0,0.0034412955465587046,0.9965656565656565,12,100
0.0034412955465587046,1.0,0.6296296296296297,0.37037037037037035,1.0,0.5,10,4923,17,0,1.0,0.0034412955465587046,0.9965656565656565,12,100
0.0034412955465587046,1.0,0.6296296296296297,0.37037037037037035,1.0,0.52,10,4923,17,0,1.0,0.0034412955465587046,0.9965656565656565,12,100
0.0034412955465587046,1.0,0.6296296296296297,0.37037037037037035,1.0,0.54,10,4923,17,0,1.0,0.0034412955465587046,0.9965656565656565,12,100
0.0034412955465587046,1.0,0.6296296296296297,0.37037037037037035,1.0,0.56,10,4923,17,0,1.0,0.0034412955465587046,0.9965656565656565,12,100
0.0034412955465587046,1.0,0.6296296296296297,0.37037037037037035,1.0,0.58,10,4923,17,0,1.0,0.0034412955465587046,0.9965656565656565,12,100
0.0034412955465587046,1.0,0.6296296296296297,0.37037037037037035,1.0,0.6,10,4923,17,0,1.0,0.0034412955465587046,0.9965656565656565,12,100
0.005870445344129555,1.0,0.7435897435897436,0.2564102564102564,1.0,0.62,10,4911,29,0,1.0,0.005870445344129555,0.9941414141414141,12,100
0.005870445344129555,1.0,0.7435897435897436,0.2564102564102564,1.0,0.64,10,4911,29,0,1.0,0.005870445344129555,0.9941414141414141,12,100
0.005870445344129555,1.0,0.7435897435897436,0.2564102564102564,1.0,0.66,10,4911,29,0,1.0,0.005870445344129555,0.9941414141414141,12,100
0.005870445344129555,1.0,0.7435897435897436,0.2564102564102564,1.0,0.68,10,4911,29,0,1.0,0.005870445344129555,0.9941414141414141,12,100
0.005870445344129555,1.0,0.7435897435897436,0.2564102564102564,1.0,0.7,10,4911,29,0,1.0,0.005870445344129555,0.9941414141414141,12,100
0.005870445344129555,1.0,0.7435897435897436,0.2564102564102564,1.0,0.72,10,4911,29,0,1.0,0.005870445344129555,0.9941414141414141,12,100
0.005870445344129555,1.0,0.7435897435897436,0.2564102564102564,1.0,0.74,10,4911,29,0,1.0,0.005870445344129555,0.9941414141414141,12,100
0.005870445344129555,1.0,0.7435897435897436,0.2564102564102564,1.0,0.76,10,4911,29,0,1.0,0.005870445344129555,0.9941414141414141,12,100
0.005870445344129555,1.0,0.7435897435897436,0.2564102564102564,1.0,0.78,10,4911,29,0,1.0,0.005870445344129555,0.9941414141414141,12,100
0.005870445344129555,1.0,0.7435897435897436,0.2564102564102564,1.0,0.8,10,4911,29,0,1.0,0.005870445344129555,0.9941414141414141,12,100
0.005870445344129555,1.0,0.7435897435897436,0.2564102564102564,1.0,0.82,10,4911,29,0,1.0,0.005870445344129555,0.9941414141414141,12,100
0.005870445344129555,1.0,0.7435897435897436,0.2564102564102564,1.0,0.84,10,4911,29,0,1.0,0.005870445344129555,0.9941414141414141,12,100
0.017813765182186234,1.0,0.8979591836734694,0.10204081632653061,1.0,0.86,10,4852,88,0,1.0,0.017813765182186234,0.9822222222222222,12,100
0.017813765182186234,1.0,0.8979591836734694,0.10204081632653061,1.0,0.88,10,4852,88,0,1.0,0.017813765182186234,0.9822222222222222,12,100
0.017813765182186234,1.0,0.8979591836734694,0.10204081632653061,1.0,0.9,10,4852,88,0,1.0,0.017813765182186234,0.9822222222222222,12,100
0.017813765182186234,1.0,0.8979591836734694,0.10204081632653061,1.0,0.92,10,4852,88,0,1.0,0.017813765182186234,0.9822222222222222,12,100
0.030364372469635626,1.0,0.9375,0.0625,1.0,0.94,10,4790,150,0,1.0,0.030364372469635626,0.9696969696969697,12,100
0.13299595141700404,1.0,0.9850074962518741,0.014992503748125937,1.0,0.96,10,4283,657,0,1.0,0.13299595141700404,0.8672727272727273,12,100
0.198582995951417,1.0,0.9899091826437941,0.010090817356205853,1.0,0.98,10,3959,981,0,1.0,0.198582995951417,0.8018181818181818,12,100
0.8323886639676114,1.0,0.997573993207181,0.0024260067928190197,1.0,1.0,10,828,4112,0,1.0,0.8323886639676114,0.1692929292929293,12,100
0.00020242914979757084,1.0,0.09090909090909091,0.9090909090909091,1.0,0.02,10,4939,1,0,1.0,0.00020242914979757084,0.9997979797979798,13,100
0.00020242914979757084,1.0,0.09090909090909091,0.9090909090909091,1.0,0.04,10,4939,1,0,1.0,0.00020242914979757084,0.9997979797979798,13,100
0.00020242914979757084,1.0,0.09090909090909091,0.9090909090909091,1.0,0.06,10,4939,1,0,1.0,0.00020242914979757084,0.9997979797979798,13,100
0.00020242914979757084,1.0,0.09090909090909091,0.9090909090909091,1.0,0.08,10,4939,1,0,1.0,0.00020242914979757084,0.9997979797979798,13,100
0.00020242914979757084,1.0,0.09090909090909091,0.9090909090909091,1.0,0.1,10,4939,1,0,1.0,0.00020242914979757084,0.9997979797979798,13,100
0.00020242914979757084,1.0,0.09090909090909091,0.9090909090909091,1.0,0.12,10,4939,1,0,1.0,0.00020242914979757084,0.9997979797979798,13,100
0.00020242914979757084,1.0,0.09090909090909091,0.9090909090909091,1.0,0.14,10,4939,1,0,1.0,0.00020242914979757084,0.9997979797979798,13,100
0.00020242914979757084,1.0,0.09090909090909091,0.9090909090909091,1.0,0.16,10,4939,1,0,1.0,0.00020242914979757084,0.9997979797979798,13,100
0.00020242914979757084,1.0,0.09090909090909091,0.9090909090909091,1.0,0.18,10,4939,1,0,1.0,0.00020242914979757084,0.9997979797979798,13,100
0.00020242914979757084,1.0,0.09090909090909091,0.9090909090909091,1.0,0.2,10,4939,1,0,1.0,0.00020242914979757084,0.9997979797979798,13,100
0.00020242914979757084,1.0,0.09090909090909091,0.9090909090909091,1.0,0.22,10,4939,1,0,1.0,0.00020242914979757084,0.9997979797979798,13,100
0.0004048582995951417,1.0,0.16666666666666666,0.8333333333333334,1.0,0.24,10,4938,2,0,1.0,0.0004048582995951417,0.9995959595959596,13,100
0.0004048582995951417,1.0,0.16666666666666666,0.8333333333333334,1.0,0.26,10,4938,2,0,1.0,0.0004048582995951417,0.9995959595959596,13,100
0.0004048582995951417,1.0,0.16666666666666666,0.8333333333333334,1.0,0.28,10,4938,2,0,1.0,0.0004048582995951417,0.9995959595959596,13,100
0.0004048582995951417,1.0,0.16666666666666666,0.8333333333333334,1.0,0.3,10,4938,2,0,1.0,0.0004048582995951417,0.9995959595959596,13,100
0.0004048582995951417,1.0,0.16666666666666666,0.8333333333333334,1.0,0.32,10,4938,2,0,1.0,0.0004048582995951417,0.9995959595959596,13,100
0.0004048582995951417,1.0,0.16666666666666666,0.8333333333333334,1.0,0.34,10,4938,2,0,1.0,0.0004048582995951417,0.9995959595959596,13,100
0.0004048582995951417,1.0,0.16666666666666666,0.8333333333333334,1.0,0.36,10,4938,2,0,1.0,0.0004048582995951417,0.9995959595959596,13,100
0.0004048582995951417,1.0,0.16666666666666666,0.8333333333333334,1.0,0.38,10,4938,2,0,1.0,0.0004048582995951417,0.9995959595959596,13,100
0.0004048582995951417,1.0,0.16666666666666666,0.8333333333333334,1.0,0.4,10,4938,2,0,1.0,0.0004048582995951417,0.9995959595959596,13,100
0.0010121457489878543,1.0,0.3333333333333333,0.6666666666666666,1.0,0.42,10,4935,5,0,1.0,0.0010121457489878543,0.998989898989899,13,100
0.0010121457489878543,1.0,0.3333333333333333,0.6666666666666666,1.0,0.44,10,4935,5,0,1.0,0.0010121457489878543,0.998989898989899,13,100
0.0010121457489878543,1.0,0.3333333333333333,0.6666666666666666,1.0,0.46,10,4935,5,0,1.0,0.0010121457489878543,0.998989898989899,13,100
0.0010121457489878543,1.0,0.3333333333333333,0.6666666666666666,1.0,0.48,10,4935,5,0,1.0,0.0010121457489878543,0.998989898989899,13,100
0.0010121457489878543,1.0,0.3333333333333333,0.6666666666666666,1.0,0.5,10,4935,5,0,1.0,0.0010121457489878543,0.998989898989899,13,100
0.0010121457489878543,1.0,0.3333333333333333,0.6666666666666666,1.0,0.52,10,4935,5,0,1.0,0.0010121457489878543,0.998989898989899,13,100
0.002834008097165992,1.0,0.5833333333333334,0.4166666666666667,1.0,0.54,10,4926,14,0,1.0,0.002834008097165992,0.9971717171717172,13,100
0.002834008097165992,1.0,0.5833333333333334,0.4166666666666667,1.0,0.56,10,4926,14,0,1.0,0.002834008097165992,0.9971717171717172,13,100
0.002834008097165992,1.0,0.5833333333333334,0.4166666666666667,1.0,0.58,10,4926,14,0,1.0,0.002834008097165992,0.9971717171717172,13,100
0.002834008097165992,1.0,0.5833333333333334,0.4166666666666667,1.0,0.6,10,4926,14,0,1.0,0.002834008097165992,0.9971717171717172,13,100
0.002834008097165992,1.0,0.5833333333333334,0.4166666666666667,1.0,0.62,10,4926,14,0,1.0,0.002834008097165992,0.9971717171717172,13,100
0.002834008097165992,1.0,0.5833333333333334,0.4166666666666667,1.0,0.64,10,4926,14,0,1.0,0.002834008097165992,0.9971717171717172,13,100
0.002834008097165992,1.0,0.5833333333333334,0.4166666666666667,1.0,0.66,10,4926,14,0,1.0,0.002834008097165992,0.9971717171717172,13,100
0.002834008097165992,1.0,0.5833333333333334,0.4166666666666667,1.0,0.68,10,4926,14,0,1.0,0.002834008097165992,0.9971717171717172,13,100
0.002834008097165992,1.0,0.5833333333333334,0.4166666666666667,1.0,0.7,10,4926,14,0,1.0,0.002834008097165992,0.9971717171717172,13,100
0.002834008097165992,1.0,0.5833333333333334,0.4166666666666667,1.0,0.72,10,4926,14,0,1.0,0.002834008097165992,0.9971717171717172,13,100
0.005060728744939271,1.0,0.7142857142857143,0.2857142857142857,1.0,0.74,10,4915,25,0,1.0,0.005060728744939271,0.9949494949494949,13,100
0.005060728744939271,1.0,0.7142857142857143,0.2857142857142857,1.0,0.76,10,4915,25,0,1.0,0.005060728744939271,0.9949494949494949,13,100
0.010931174089068825,1.0,0.84375,0.15625,1.0,0.78,10,4886,54,0,1.0,0.010931174089068825,0.9890909090909091,13,100
0.010931174089068825,1.0,0.84375,0.15625,1.0,0.8,10,4886,54,0,1.0,0.010931174089068825,0.9890909090909091,13,100
0.010931174089068825,1.0,0.84375,0.15625,1.0,0.82,10,4886,54,0,1.0,0.010931174089068825,0.9890909090909091,13,100
0.010931174089068825,1.0,0.84375,0.15625,1.0,0.84,10,4886,54,0,1.0,0.010931174089068825,0.9890909090909091,13,100
0.010931174089068825,1.0,0.84375,0.15625,1.0,0.86,10,4886,54,0,1.0,0.010931174089068825,0.9890909090909091,13,100
0.010931174089068825,1.0,0.84375,0.15625,1.0,0.88,10,4886,54,0,1.0,0.010931174089068825,0.9890909090909091,13,100
0.018218623481781375,1.0,0.9,0.1,1.0,0.9,10,4850,90,0,1.0,0.018218623481781375,0.9818181818181818,13,100
0.018218623481781375,1.0,0.9,0.1,1.0,0.92,10,4850,90,0,1.0,0.018218623481781375,0.9818181818181818,13,100
0.031983805668016195,1.0,0.9404761904761905,0.05952380952380952,1.0,0.94,10,4782,158,0,1.0,0.031983805668016195,0.9680808080808081,13,100
0.054048582995951416,1.0,0.9638989169675091,0.036101083032490974,1.0,0.96,10,4673,267,0,1.0,0.054048582995951416,0.946060606060606,13,100
0.054048582995951416,1.0,0.9638989169675091,0.036101083032490974,1.0,0.98,10,4673,267,0,1.0,0.054048582995951416,0.946060606060606,13,100
0.8346153846153846,1.0,0.9975804500362933,0.0024195499637067507,1.0,1.0,10,817,4123,0,1.0,0.8346153846153846,0.16707070707070706,13,100
0.0,0.9,0.0,1.0,0.9,0.02,9,4940,0,1,0.9,0.0,0.9997979797979798,14,100
0.0,0.9,0.0,1.0,0.9,0.04,9,4940,0,1,0.9,0.0,0.9997979797979798,14,100
0.0,0.9,0.0,1.0,0.9,0.06,9,4940,0,1,0.9,0.0,0.9997979797979798,14,100
0.0,0.9,0.0,1.0,0.9,0.08,9,4940,0,1,0.9,0.0,0.9997979797979798,14,100
0.0,0.9,0.0,1.0,0.9,0.1,9,4940,0,1,0.9,0.0,0.9997979797979798,14,100
0.0,1.0,0.0,1.0,1.0,0.12,10,4940,0,0,1.0,0.0,1.0,14,100
0.0,1.0,0.0,1.0,1.0,0.14,10,4940,0,0,1.0,0.0,1.0,14,100
0.0,1.0,0.0,1.0,1.0,0.16,10,4940,0,0,1.0,0.0,1.0,14,100
0.0,1.0,0.0,1.0,1.0,0.18,10,4940,0,0,1.0,0.0,1.0,14,100
0.0004048582995951417,1.0,0.16666666666666666,0.8333333333333334,1.0,0.2,10,4938,2,0,1.0,0.0004048582995951417,0.9995959595959596,14,100
0.0004048582995951417,1.0,0.16666666666666666,0.8333333333333334,1.0,0.22,10,4938,2,0,1.0,0.0004048582995951417,0.9995959595959596,14,100
0.0004048582995951417,1.0,0.16666666666666666,0.8333333333333334,1.0,0.24,10,4938,2,0,1.0,0.0004048582995951417,0.9995959595959596,14,100
0.0004048582995951417,1.0,0.16666666666666666,0.8333333333333334,1.0,0.26,10,4938,2,0,1.0,0.0004048582995951417,0.9995959595959596,14,100
0.0012145748987854252,1.0,0.375,0.625,1.0,0.28,10,4934,6,0,1.0,0.0012145748987854252,0.9987878787878788,14,100
0.0012145748987854252,1.0,0.375,0.625,1.0,0.3,10,4934,6,0,1.0,0.0012145748987854252,0.9987878787878788,14,100
0.0012145748987854252,1.0,0.375,0.625,1.0,0.32,10,4934,6,0,1.0,0.0012145748987854252,0.9987878787878788,14,100
0.0012145748987854252,1.0,0.375,0.625,1.0,0.34,10,4934,6,0,1.0,0.0012145748987854252,0.9987878787878788,14,100
0.0012145748987854252,1.0,0.375,0.625,1.0,0.36,10,4934,6,0,1.0,0.0012145748987854252,0.9987878787878788,14,100
0.0012145748987854252,1.0,0.375,0.625,1.0,0.38,10,4934,6,0,1.0,0.0012145748987854252,0.9987878787878788,14,100
0.0012145748987854252,1.0,0.375,0.625,1.0,0.4,10,4934,6,0,1.0,0.0012145748987854252,0.9987878787878788,14,100
0.0012145748987854252,1.0,0.375,0.625,1.0,0.42,10,4934,6,0,1.0,0.0012145748987854252,0.9987878787878788,14,100
0.0012145748987854252,1.0,0.375,0.625,1.0,0.44,10,4934,6,0,1.0,0.0012145748987854252,0.9987878787878788,14,100
0.0018218623481781376,1.0,0.47368421052631576,0.5263157894736842,1.0,0.46,10,4931,9,0,1.0,0.0018218623481781376,0.9981818181818182,14,100
0.0018218623481781376,1.0,0.47368421052631576,0.5263157894736842,1.0,0.48,10,4931,9,0,1.0,0.0018218623481781376,0.9981818181818182,14,100
0.004453441295546558,1.0,0.6875,0.3125,1.0,0.5,10,4918,22,0,1.0,0.004453441295546558,0.9955555555555555,14,100
0.004453441295546558,1.0,0.6875,0.3125,1.0,0.52,10,4918,22,0,1.0,0.004453441295546558,0.9955555555555555,14,100
0.004453441295546558,1.0,0.6875,0.3125,1.0,0.54,10,4918,22,0,1.0,0.004453441295546558,0.9955555555555555,14,100
0.004453441295546558,1.0,0.6875,0.3125,1.0,0.56,10,4918,22,0,1.0,0.004453441295546558,0.9955555555555555,14,100
0.004453441295546558,1.0,0.6875,0.3125,1.0,0.58,10,4918,22,0,1.0,0.004453441295546558,0.9955555555555555,14,100
0.004453441295546558,1.0,0.6875,0.3125,1.0,0.6,10,4918,22,0,1.0,0.004453441295546558,0.9955555555555555,14,100
0.004453441295546558,1.0,0.6875,0.3125,1.0,0.62,10,4918,22,0,1.0,0.004453441295546558,0.9955555555555555,14,100
0.006882591093117409,1.0,0.7727272727272727,0.22727272727272727,1.0,0.64,10,4906,34,0,1.0,0.006882591093117409,0.9931313131313131,14,100
0.006882591093117409,1.0,0.7727272727272727,0.22727272727272727,1.0,0.66,10,4906,34,0,1.0,0.006882591093117409,0.9931313131313131,14,100
0.006882591093117409,1.0,0.7727272727272727,0.22727272727272727,1.0,0.68,10,4906,34,0,1.0,0.006882591093117409,0.9931313131313131,14,100
0.006882591093117409,1.0,0.7727272727272727,0.22727272727272727,1.0,0.7,10,4906,34,0,1.0,0.006882591093117409,0.9931313131313131,14,100
0.006882591093117409,1.0,0.7727272727272727,0.22727272727272727,1.0,0.72,10,4906,34,0,1.0,0.006882591093117409,0.9931313131313131,14,100
0.006882591093117409,1.0,0.7727272727272727,0.22727272727272727,1.0,0.74,10,4906,34,0,1.0,0.006882591093117409,0.9931313131313131,14,100
0.010931174089068825,1.0,0.84375,0.15625,1.0,0.76,10,4886,54,0,1.0,0.010931174089068825,0.9890909090909091,14,100
0.010931174089068825,1.0,0.84375,0.15625,1.0,0.78,10,4886,54,0,1.0,0.010931174089068825,0.9890909090909091,14,100
0.010931174089068825,1.0,0.84375,0.15625,1.0,0.8,10,4886,54,0,1.0,0.010931174089068825,0.9890909090909091,14,100
0.010931174089068825,1.0,0.84375,0.15625,1.0,0.82,10,4886,54,0,1.0,0.010931174089068825,0.9890909090909091,14,100
0.010931174089068825,1.0,0.84375,0.15625,1.0,0.84,10,4886,54,0,1.0,0.010931174089068825,0.9890909090909091,14,100
0.010931174089068825,1.0,0.84375,0.15625,1.0,0.86,10,4886,54,0,1.0,0.010931174089068825,0.9890909090909091,14,100
0.010931174089068825,1.0,0.84375,0.15625,1.0,0.88,10,4886,54,0,1.0,0.010931174089068825,0.9890909090909091,14,100
0.01639676113360324,1.0,0.8901098901098901,0.10989010989010989,1.0,0.9,10,4859,81,0,1.0,0.01639676113360324,0.9836363636363636,14,100
0.01639676113360324,1.0,0.8901098901098901,0.10989010989010989,1.0,0.92,10,4859,81,0,1.0,0.01639676113360324,0.9836363636363636,14,100
0.01639676113360324,1.0,0.8901098901098901,0.10989010989010989,1.0,0.94,10,4859,81,0,1.0,0.01639676113360324,0.9836363636363636,14,100
0.01639676113360324,1.0,0.8901098901098901,0.10989010989010989,1.0,0.96,10,4859,81,0,1.0,0.01639676113360324,0.9836363636363636,14,100
0.025910931174089068,1.0,0.927536231884058,0.07246376811594203,1.0,0.98,10,4812,128,0,1.0,0.025910931174089068,0.9741414141414141,14,100
0.8544534412955466,1.0,0.9976364925549516,0.002363507445048452,1.0,1.0,10,719,4221,0,1.0,0.8544534412955466,0.14727272727272728,14,100
0.0004048582995951417,1.0,0.16666666666666666,0.8333333333333334,1.0,0.02,10,4938,2,0,1.0,0.0004048582995951417,0.9995959595959596,15,100
0.0004048582995951417,1.0,0.16666666666666666,0.8333333333333334,1.0,0.04,10,4938,2,0,1.0,0.0004048582995951417,0.9995959595959596,15,100
0.0004048582995951417,1.0,0.16666666666666666,0.8333333333333334,1.0,0.06,10,4938,2,0,1.0,0.0004048582995951417,0.9995959595959596,15,100
0.0004048582995951417,1.0,0.16666666666666666,0.8333333333333334,1.0,0.08,10,4938,2,0,1.0,0.0004048582995951417,0.9995959595959596,15,100
0.0004048582995951417,1.0,0.16666666666666666,0.8333333333333334,1.0,0.1,10,4938,2,0,1.0,0.0004048582995951417,0.9995959595959596,15,100
0.0004048582995951417,1.0,0.16666666666666666,0.8333333333333334,1.0,0.12,10,4938,2,0,1.0,0.0004048582995951417,0.9995959595959596,15,100
0.0004048582995951417,1.0,0.16666666666666666,0.8333333333333334,1.0,0.14,10,4938,2,0,1.0,0.0004048582995951417,0.9995959595959596,15,100
0.0006072874493927126,1.0,0.23076923076923078,0.7692307692307693,1.0,0.16,10,4937,3,0,1.0,0.0006072874493927126,0.9993939393939394,15,100
0.0006072874493927126,1.0,0.23076923076923078,0.7692307692307693,1.0,0.18,10,4937,3,0,1.0,0.0006072874493927126,0.9993939393939394,15,100
0.0006072874493927126,1.0,0.23076923076923078,0.7692307692307693,1.0,0.2,10,4937,3,0,1.0,0.0006072874493927126,0.9993939393939394,15,100
0.0006072874493927126,1.0,0.23076923076923078,0.7692307692307693,1.0,0.22,10,4937,3,0,1.0,0.0006072874493927126,0.9993939393939394,15,100
0.0006072874493927126,1.0,0.23076923076923078,0.7692307692307693,1.0,0.24,10,4937,3,0,1.0,0.0006072874493927126,0.9993939393939394,15,100
0.0006072874493927126,1.0,0.23076923076923078,0.7692307692307693,1.0,0.26,10,4937,3,0,1.0,0.0006072874493927126,0.9993939393939394,15,100
0.0006072874493927126,1.0,0.23076923076923078,0.7692307692307693,1.0,0.28,10,4937,3,0,1.0,0.0006072874493927126,0.9993939393939394,15,100
0.0006072874493927126,1.0,0.23076923076923078,0.7692307692307693,1.0,0.3,10,4937,3,0,1.0,0.0006072874493927126,0.9993939393939394,15,100
0.0006072874493927126,1.0,0.23076923076923078,0.7692307692307693,1.0,0.32,10,4937,3,0,1.0,0.0006072874493927126,0.9993939393939394,15,100
0.0006072874493927126,1.0,0.23076923076923078,0.7692307692307693,1.0,0.34,10,4937,3,0,1.0,0.0006072874493927126,0.9993939393939394,15,100
0.0006072874493927126,1.0,0.23076923076923078,0.7692307692307693,1.0,0.36,10,4937,3,0,1.0,0.0006072874493927126,0.9993939393939394,15,100
0.0006072874493927126,1.0,0.23076923076923078,0.7692307692307693,1.0,0.38,10,4937,3,0,1.0,0.0006072874493927126,0.9993939393939394,15,100
0.0006072874493927126,1.0,0.23076923076923078,0.7692307692307693,1.0,0.4,10,4937,3,0,1.0,0.0006072874493927126,0.9993939393939394,15,100
0.0006072874493927126,1.0,0.23076923076923078,0.7692307692307693,1.0,0.42,10,4937,3,0,1.0,0.0006072874493927126,0.9993939393939394,15,100
0.0006072874493927126,1.0,0.23076923076923078,0.7692307692307693,1.0,0.44,10,4937,3,0,1.0,0.0006072874493927126,0.9993939393939394,15,100
0.0010121457489878543,1.0,0.3333333333333333,0.6666666666666666,1.0,0.46,10,4935,5,0,1.0,0.0010121457489878543,0.998989898989899,15,100
0.0010121457489878543,1.0,0.3333333333333333,0.6666666666666666,1.0,0.48,10,4935,5,0,1.0,0.0010121457489878543,0.998989898989899,15,100
0.0010121457489878543,1.0,0.3333333333333333,0.6666666666666666,1.0,0.5,10,4935,5,0,1.0,0.0010121457489878543,0.998989898989899,15,100
0.0010121457489878543,1.0,0.3333333333333333,0.6666666666666666,1.0,0.52,10,4935,5,0,1.0,0.0010121457489878543,0.998989898989899,15,100
0.002631578947368421,1.0,0.5652173913043478,0.43478260869565216,1.0,0.54,10,4927,13,0,1.0,0.002631578947368421,0.9973737373737374,15,100
0.002631578947368421,1.0,0.5652173913043478,0.43478260869565216,1.0,0.56,10,4927,13,0,1.0,0.002631578947368421,0.9973737373737374,15,100
0.002631578947368421,1.0,0.5652173913043478,0.43478260869565216,1.0,0.58,10,4927,13,0,1.0,0.002631578947368421,0.9973737373737374,15,100
0.002631578947368421,1.0,0.5652173913043478,0.43478260869565216,1.0,0.6,10,4927,13,0,1.0,0.002631578947368421,0.9973737373737374,15,100
0.005263157894736842,1.0,0.7222222222222222,0.2777777777777778,1.0,0.62,10,4914,26,0,1.0,0.005263157894736842,0.9947474747474747,15,100
0.005263157894736842,1.0,0.7222222222222222,0.2777777777777778,1.0,0.64,10,4914,26,0,1.0,0.005263157894736842,0.9947474747474747,15,100
0.005263157894736842,1.0,0.7222222222222222,0.2777777777777778,1.0,0.66,10,4914,26,0,1.0,0.005263157894736842,0.9947474747474747,15,100
0.005263157894736842,1.0,0.7222222222222222,0.2777777777777778,1.0,0.68,10,4914,26,0,1.0,0.005263157894736842,0.9947474747474747,15,100
0.005263157894736842,1.0,0.7222222222222222,0.2777777777777778,1.0,0.7,10,4914,26,0,1.0,0.005263157894736842,0.9947474747474747,15,100
0.005263157894736842,1.0,0.7222222222222222,0.2777777777777778,1.0,0.72,10,4914,26,0,1.0,0.005263157894736842,0.9947474747474747,15,100
0.005263157894736842,1.0,0.7222222222222222,0.2777777777777778,1.0,0.74,10,4914,26,0,1.0,0.005263157894736842,0.9947474747474747,15,100
0.005263157894736842,1.0,0.7222222222222222,0.2777777777777778,1.0,0.76,10,4914,26,0,1.0,0.005263157894736842,0.9947474747474747,15,100
0.005263157894736842,1.0,0.7222222222222222,0.2777777777777778,1.0,0.78,10,4914,26,0,1.0,0.005263157894736842,0.9947474747474747,15,100
0.007692307692307693,1.0,0.7916666666666666,0.20833333333333334,1.0,0.8,10,4902,38,0,1.0,0.007692307692307693,0.9923232323232323,15,100
0.007692307692307693,1.0,0.7916666666666666,0.20833333333333334,1.0,0.82,10,4902,38,0,1.0,0.007692307692307693,0.9923232323232323,15,100
0.007692307692307693,1.0,0.7916666666666666,0.20833333333333334,1.0,0.84,10,4902,38,0,1.0,0.007692307692307693,0.9923232323232323,15,100
0.007692307692307693,1.0,0.7916666666666666,0.20833333333333334,1.0,0.86,10,4902,38,0,1.0,0.007692307692307693,0.9923232323232323,15,100
0.007692307692307693,1.0,0.7916666666666666,0.20833333333333334,1.0,0.88,10,4902,38,0,1.0,0.007692307692307693,0.9923232323232323,15,100
0.007692307692307693,1.0,0.7916666666666666,0.20833333333333334,1.0,0.9,10,4902,38,0,1.0,0.007692307692307693,0.9923232323232323,15,100
0.007692307692307693,1.0,0.7916666666666666,0.20833333333333334,1.0,0.92,10,4902,38,0,1.0,0.007692307692307693,0.9923232323232323,15,100
0.007692307692307693,1.0,0.7916666666666666,0.20833333333333334,1.0,0.94,10,4902,38,0,1.0,0.007692307692307693,0.9923232323232323,15,100
0.007692307692307693,1.0,0.7916666666666666,0.20833333333333334,1.0,0.96,10,4902,38,0,1.0,0.007692307692307693,0.9923232323232323,15,100
0.007692307692307693,1.0,0.7916666666666666,0.20833333333333334,1.0,0.98,10,4902,38,0,1.0,0.007692307692307693,0.9923232323232323,15,100
0.8619433198380567,1.0,0.9976569821930646,0.0023430178069353325,1.0,1.0,10,682,4258,0,1.0,0.8619433198380567,0.1397979797979798,15,100
0.0,1.0,0.0,1.0,1.0,0.02,10,4940,0,0,1.0,0.0,1.0,16,100
0.0,1.0,0.0,1.0,1.0,0.04,10,4940,0,0,1.0,0.0,1.0,16,100
0.0,1.0,0.0,1.0,1.0,0.06,10,4940,0,0,1.0,0.0,1.0,16,100
0.0,1.0,0.0,1.0,1.0,0.08,10,4940,0,0,1.0,0.0,1.0,16,100
0.00020242914979757084,1.0,0.09090909090909091,0.9090909090909091,1.0,0.1,10,4939,1,0,1.0,0.00020242914979757084,0.9997979797979798,16,100
0.00020242914979757084,1.0,0.09090909090909091,0.9090909090909091,1.0,0.12,10,4939,1,0,1.0,0.00020242914979757084,0.9997979797979798,16,100
0.00020242914979757084,1.0,0.09090909090909091,0.9090909090909091,1.0,0.14,10,4939,1,0,1.0,0.00020242914979757084,0.9997979797979798,16,100
0.00020242914979757084,1.0,0.09090909090909091,0.9090909090909091,1.0,0.16,10,4939,1,0,1.0,0.00020242914979757084,0.9997979797979798,16,100
0.00020242914979757084,1.0,0.09090909090909091,0.9090909090909091,1.0,0.18,10,4939,1,0,1.0,0.00020242914979757084,0.9997979797979798,16,100
0.00020242914979757084,1.0,0.09090909090909091,0.9090909090909091,1.0,0.2,10,4939,1,0,1.0,0.00020242914979757084,0.9997979797979798,16,100
0.00020242914979757084,1.0,0.09090909090909091,0.9090909090909091,1.0,0.22,10,4939,1,0,1.0,0.00020242914979757084,0.9997979797979798,16,100
0.00020242914979757084,1.0,0.09090909090909091,0.9090909090909091,1.0,0.24,10,4939,1,0,1.0,0.00020242914979757084,0.9997979797979798,16,100
0.00020242914979757084,1.0,0.09090909090909091,0.9090909090909091,1.0,0.26,10,4939,1,0,1.0,0.00020242914979757084,0.9997979797979798,16,100
0.00020242914979757084,1.0,0.09090909090909091,0.9090909090909091,1.0,0.28,10,4939,1,0,1.0,0.00020242914979757084,0.9997979797979798,16,100
0.00020242914979757084,1.0,0.09090909090909091,0.9090909090909091,1.0,0.3,10,4939,1,0,1.0,0.00020242914979757084,0.9997979797979798,16,100
0.00020242914979757084,1.0,0.09090909090909091,0.9090909090909091,1.0,0.32,10,4939,1,0,1.0,0.00020242914979757084,0.9997979797979798,16,100
0.0010121457489878543,1.0,0.3333333333333333,0.6666666666666666,1.0,0.34,10,4935,5,0,1.0,0.0010121457489878543,0.998989898989899,16,100
0.0010121457489878543,1.0,0.3333333333333333,0.6666666666666666,1.0,0.36,10,4935,5,0,1.0,0.0010121457489878543,0.998989898989899,16,100
0.0010121457489878543,1.0,0.3333333333333333,0.6666666666666666,1.0,0.38,10,4935,5,0,1.0,0.0010121457489878543,0.998989898989899,16,100
0.0010121457489878543,1.0,0.3333333333333333,0.6666666666666666,1.0,0.4,10,4935,5,0,1.0,0.0010121457489878543,0.998989898989899,16,100
0.0010121457489878543,1.0,0.3333333333333333,0.6666666666666666,1.0,0.42,10,4935,5,0,1.0,0.0010121457489878543,0.998989898989899,16,100
0.0010121457489878543,1.0,0.3333333333333333,0.6666666666666666,1.0,0.44,10,4935,5,0,1.0,0.0010121457489878543,0.998989898989899,16,100
0.0010121457489878543,1.0,0.3333333333333333,0.6666666666666666,1.0,0.46,10,4935,5,0,1.0,0.0010121457489878543,0.998989898989899,16,100
0.0010121457489878543,1.0,0.3333333333333333,0.6666666666666666,1.0,0.48,10,4935,5,0,1.0,0.0010121457489878543,0.998989898989899,16,100
0.0010121457489878543,1.0,0.3333333333333333,0.6666666666666666,1.0,0.5,10,4935,5,0,1.0,0.0010121457489878543,0.998989898989899,16,100
0.0010121457489878543,1.0,0.3333333333333333,0.6666666666666666,1.0,0.52,10,4935,5,0,1.0,0.0010121457489878543,0.998989898989899,16,100
0.0010121457489878543,1.0,0.3333333333333333,0.6666666666666666,1.0,0.54,10,4935,5,0,1.0,0.0010121457489878543,0.998989898989899,16,100
0.0010121457489878543,1.0,0.3333333333333333,0.6666666666666666,1.0,0.56,10,4935,5,0,1.0,0.0010121457489878543,0.998989898989899,16,100
0.0016194331983805667,1.0,0.4444444444444444,0.5555555555555556,1.0,0.58,10,4932,8,0,1.0,0.0016194331983805667,0.9983838383838384,16,100
0.0016194331983805667,1.0,0.4444444444444444,0.5555555555555556,1.0,0.6,10,4932,8,0,1.0,0.0016194331983805667,0.9983838383838384,16,100
0.0016194331983805667,1.0,0.4444444444444444,0.5555555555555556,1.0,0.62,10,4932,8,0,1.0,0.0016194331983805667,0.9983838383838384,16,100
0.004453441295546558,1.0,0.6875,0.3125,1.0,0.64,10,4918,22,0,1.0,0.004453441295546558,0.9955555555555555,16,100
0.009716599190283401,1.0,0.8275862068965517,0.1724137931034483,1.0,0.66,10,4892,48,0,1.0,0.009716599190283401,0.9903030303030304,16,100
0.009716599190283401,1.0,0.8275862068965517,0.1724137931034483,1.0,0.68,10,4892,48,0,1.0,0.009716599190283401,0.9903030303030304,16,100
0.009716599190283401,1.0,0.8275862068965517,0.1724137931034483,1.0,0.7,10,4892,48,0,1.0,0.009716599190283401,0.9903030303030304,16,100
0.009716599190283401,1.0,0.8275862068965517,0.1724137931034483,1.0,0.72,10,4892,48,0,1.0,0.009716599190283401,0.9903030303030304,16,100
0.01680161943319838,1.0,0.8924731182795699,0.10752688172043011,1.0,0.74,10,4857,83,0,1.0,0.01680161943319838,0.9832323232323232,16,100
0.01680161943319838,1.0,0.8924731182795699,0.10752688172043011,1.0,0.76,10,4857,83,0,1.0,0.01680161943319838,0.9832323232323232,16,100
0.01680161943319838,1.0,0.8924731182795699,0.10752688172043011,1.0,0.78,10,4857,83,0,1.0,0.01680161943319838,0.9832323232323232,16,100
0.01680161943319838,1.0,0.8924731182795699,0.10752688172043011,1.0,0.8,10,4857,83,0,1.0,0.01680161943319838,0.9832323232323232,16,100
0.01680161943319838,1.0,0.8924731182795699,0.10752688172043011,1.0,0.82,10,4857,83,0,1.0,0.01680161943319838,0.9832323232323232,16,100
0.01680161943319838,1.0,0.8924731182795699,0.10752688172043011,1.0,0.84,10,4857,83,0,1.0,0.01680161943319838,0.9832323232323232,16,100
0.02631578947368421,1.0,0.9285714285714286,0.07142857142857142,1.0,0.86,10,4810,130,0,1.0,0.02631578947368421,0.9737373737373738,16,100
0.02631578947368421,1.0,0.9285714285714286,0.07142857142857142,1.0,0.88,10,4810,130,0,1.0,0.02631578947368421,0.9737373737373738,16,100
0.02631578947368421,1.0,0.9285714285714286,0.07142857142857142,1.0,0.9,10,4810,130,0,1.0,0.02631578947368421,0.9737373737373738,16,100
0.04230769230769231,1.0,0.954337899543379,0.045662100456621,1.0,0.92,10,4731,209,0,1.0,0.04230769230769231,0.9577777777777777,16,100
0.06761133603238867,1.0,0.9709302325581395,0.029069767441860465,1.0,0.94,10,4606,334,0,1.0,0.06761133603238867,0.9325252525252525,16,100
0.06761133603238867,1.0,0.9709302325581395,0.029069767441860465,1.0,0.96,10,4606,334,0,1.0,0.06761133603238867,0.9325252525252525,16,100
0.06761133603238867,1.0,0.9709302325581395,0.029069767441860465,1.0,0.98,10,4606,334,0,1.0,0.06761133603238867,0.9325252525252525,16,100
0.06761133603238867,1.0,0.9709302325581395,0.029069767441860465,1.0,1.0,10,4606,334,0,1.0,0.06761133603238867,0.9325252525252525,16,100
0.0,1.0,0.0,1.0,1.0,0.02,10,4940,0,0,1.0,0.0,1.0,17,100
0.0,1.0,0.0,1.0,1.0,0.04,10,4940,0,0,1.0,0.0,1.0,17,100
0.0,1.0,0.0,1.0,1.0,0.06,10,4940,0,0,1.0,0.0,1.0,17,100
0.0,1.0,0.0,1.0,1.0,0.08,10,4940,0,0,1.0,0.0,1.0,17,100
0.0,1.0,0.0,1.0,1.0,0.1,10,4940,0,0,1.0,0.0,1.0,17,100
0.0,1.0,0.0,1.0,1.0,0.12,10,4940,0,0,1.0,0.0,1.0,17,100
0.0,1.0,0.0,1.0,1.0,0.14,10,4940,0,0,1.0,0.0,1.0,17,100
0.0,1.0,0.0,1.0,1.0,0.16,10,4940,0,0,1.0,0.0,1.0,17,100
0.0,1.0,0.0,1.0,1.0,0.18,10,4940,0,0,1.0,0.0,1.0,17,100
0.0,1.0,0.0,1.0,1.0,0.2,10,4940,0,0,1.0,0.0,1.0,17,100
0.0,1.0,0.0,1.0,1.0,0.22,10,4940,0,0,1.0,0.0,1.0,17,100
0.0,1.0,0.0,1.0,1.0,0.24,10,4940,0,0,1.0,0.0,1.0,17,100
0.0,1.0,0.0,1.0,1.0,0.26,10,4940,0,0,1.0,0.0,1.0,17,100
0.0,1.0,0.0,1.0,1.0,0.28,10,4940,0,0,1.0,0.0,1.0,17,100
0.0,1.0,0.0,1.0,1.0,0.3,10,4940,0,0,1.0,0.0,1.0,17,100
0.0,1.0,0.0,1.0,1.0,0.32,10,4940,0,0,1.0,0.0,1.0,17,100
0.0,1.0,0.0,1.0,1.0,0.34,10,4940,0,0,1.0,0.0,1.0,17,100
0.0,1.0,0.0,1.0,1.0,0.36,10,4940,0,0,1.0,0.0,1.0,17,100
0.0,1.0,0.0,1.0,1.0,0.38,10,4940,0,0,1.0,0.0,1.0,17,100
0.0,1.0,0.0,1.0,1.0,0.4,10,4940,0,0,1.0,0.0,1.0,17,100
0.0,1.0,0.0,1.0,1.0,0.42,10,4940,0,0,1.0,0.0,1.0,17,100
0.0,1.0,0.0,1.0,1.0,0.44,10,4940,0,0,1.0,0.0,1.0,17,100
0.0,1.0,0.0,1.0,1.0,0.46,10,4940,0,0,1.0,0.0,1.0,17,100
0.0,1.0,0.0,1.0,1.0,0.48,10,4940,0,0,1.0,0.0,1.0,17,100
0.0,1.0,0.0,1.0,1.0,0.5,10,4940,0,0,1.0,0.0,1.0,17,100
0.0,1.0,0.0,1.0,1.0,0.52,10,4940,0,0,1.0,0.0,1.0,17,100
0.0,1.0,0.0,1.0,1.0,0.54,10,4940,0,0,1.0,0.0,1.0,17,100
0.0,1.0,0.0,1.0,1.0,0.56,10,4940,0,0,1.0,0.0,1.0,17,100
0.0,1.0,0.0,1.0,1.0,0.58,10,4940,0,0,1.0,0.0,1.0,17,100
0.0,1.0,0.0,1.0,1.0,0.6,10,4940,0,0,1.0,0.0,1.0,17,100
0.0,1.0,0.0,1.0,1.0,0.62,10,4940,0,0,1.0,0.0,1.0,17,100
0.0,1.0,0.0,1.0,1.0,0.64,10,4940,0,0,1.0,0.0,1.0,17,100
0.0,1.0,0.0,1.0,1.0,0.66,10,4940,0,0,1.0,0.0,1.0,17,100
0.0,1.0,0.0,1.0,1.0,0.68,10,4940,0,0,1.0,0.0,1.0,17,100
0.0012145748987854252,1.0,0.375,0.625,1.0,0.7,10,4934,6,0,1.0,0.0012145748987854252,0.9987878787878788,17,100
0.0012145748987854252,1.0,0.375,0.625,1.0,0.72,10,4934,6,0,1.0,0.0012145748987854252,0.9987878787878788,17,100
0.0012145748987854252,1.0,0.375,0.625,1.0,0.74,10,4934,6,0,1.0,0.0012145748987854252,0.9987878787878788,17,100
0.0012145748987854252,1.0,0.375,0.625,1.0,0.76,10,4934,6,0,1.0,0.0012145748987854252,0.9987878787878788,17,100
0.0012145748987854252,1.0,0.375,0.625,1.0,0.78,10,4934,6,0,1.0,0.0012145748987854252,0.9987878787878788,17,100
0.0012145748987854252,1.0,0.375,0.625,1.0,0.8,10,4934,6,0,1.0,0.0012145748987854252,0.9987878787878788,17,100
0.0012145748987854252,1.0,0.375,0.625,1.0,0.82,10,4934,6,0,1.0,0.0012145748987854252,0.9987878787878788,17,100
0.0012145748987854252,1.0,0.375,0.625,1.0,0.84,10,4934,6,0,1.0,0.0012145748987854252,0.9987878787878788,17,100
0.0012145748987854252,1.0,0.375,0.625,1.0,0.86,10,4934,6,0,1.0,0.0012145748987854252,0.9987878787878788,17,100
0.0012145748987854252,1.0,0.375,0.625,1.0,0.88,10,4934,6,0,1.0,0.0012145748987854252,0.9987878787878788,17,100
0.0012145748987854252,1.0,0.375,0.625,1.0,0.9,10,4934,6,0,1.0,0.0012145748987854252,0.9987878787878788,17,100
0.0012145748987854252,1.0,0.375,0.625,1.0,0.92,10,4934,6,0,1.0,0.0012145748987854252,0.9987878787878788,17,100
0.0012145748987854252,1.0,0.375,0.625,1.0,0.94,10,4934,6,0,1.0,0.0012145748987854252,0.9987878787878788,17,100
0.008097165991902834,1.0,0.8,0.2,1.0,0.96,10,4900,40,0,1.0,0.008097165991902834,0.9919191919191919,17,100
0.008097165991902834,1.0,0.8,0.2,1.0,0.98,10,4900,40,0,1.0,0.008097165991902834,0.9919191919191919,17,100
0.05850202429149798,1.0,0.9665551839464883,0.033444816053511704,1.0,1.0,10,4651,289,0,1.0,0.05850202429149798,0.9416161616161616,17,100
0.0,1.0,0.0,1.0,1.0,0.02,10,4940,0,0,1.0,0.0,1.0,18,100
0.0006072874493927126,1.0,0.23076923076923078,0.7692307692307693,1.0,0.04,10,4937,3,0,1.0,0.0006072874493927126,0.9993939393939394,18,100
0.0008097165991902834,1.0,0.2857142857142857,0.7142857142857143,1.0,0.06,10,4936,4,0,1.0,0.0008097165991902834,0.9991919191919192,18,100
0.0008097165991902834,1.0,0.2857142857142857,0.7142857142857143,1.0,0.08,10,4936,4,0,1.0,0.0008097165991902834,0.9991919191919192,18,100
0.0008097165991902834,1.0,0.2857142857142857,0.7142857142857143,1.0,0.1,10,4936,4,0,1.0,0.0008097165991902834,0.9991919191919192,18,100
0.0012145748987854252,1.0,0.375,0.625,1.0,0.12,10,4934,6,0,1.0,0.0012145748987854252,0.9987878787878788,18,100
0.0012145748987854252,1.0,0.375,0.625,1.0,0.14,10,4934,6,0,1.0,0.0012145748987854252,0.9987878787878788,18,100
0.0012145748987854252,1.0,0.375,0.625,1.0,0.16,10,4934,6,0,1.0,0.0012145748987854252,0.9987878787878788,18,100
0.0012145748987854252,1.0,0.375,0.625,1.0,0.18,10,4934,6,0,1.0,0.0012145748987854252,0.9987878787878788,18,100
0.0012145748987854252,1.0,0.375,0.625,1.0,0.2,10,4934,6,0,1.0,0.0012145748987854252,0.9987878787878788,18,100
0.001417004048582996,1.0,0.4117647058823529,0.5882352941176471,1.0,0.22,10,4933,7,0,1.0,0.001417004048582996,0.9985858585858586,18,100
0.001417004048582996,1.0,0.4117647058823529,0.5882352941176471,1.0,0.24,10,4933,7,0,1.0,0.001417004048582996,0.9985858585858586,18,100
0.001417004048582996,1.0,0.4117647058823529,0.5882352941176471,1.0,0.26,10,4933,7,0,1.0,0.001417004048582996,0.9985858585858586,18,100
0.001417004048582996,1.0,0.4117647058823529,0.5882352941176471,1.0,0.28,10,4933,7,0,1.0,0.001417004048582996,0.9985858585858586,18,100
0.001417004048582996,1.0,0.4117647058823529,0.5882352941176471,1.0,0.3,10,4933,7,0,1.0,0.001417004048582996,0.9985858585858586,18,100
0.0024291497975708503,1.0,0.5454545454545454,0.45454545454545453,1.0,0.32,10,4928,12,0,1.0,0.0024291497975708503,0.9975757575757576,18,100
0.0024291497975708503,1.0,0.5454545454545454,0.45454545454545453,1.0,0.34,10,4928,12,0,1.0,0.0024291497975708503,0.9975757575757576,18,100
0.0024291497975708503,1.0,0.5454545454545454,0.45454545454545453,1.0,0.36,10,4928,12,0,1.0,0.0024291497975708503,0.9975757575757576,18,100
0.0024291497975708503,1.0,0.5454545454545454,0.45454545454545453,1.0,0.38,10,4928,12,0,1.0,0.0024291497975708503,0.9975757575757576,18,100
0.0024291497975708503,1.0,0.5454545454545454,0.45454545454545453,1.0,0.4,10,4928,12,0,1.0,0.0024291497975708503,0.9975757575757576,18,100
0.0024291497975708503,1.0,0.5454545454545454,0.45454545454545453,1.0,0.42,10,4928,12,0,1.0,0.0024291497975708503,0.9975757575757576,18,100
0.0024291497975708503,1.0,0.5454545454545454,0.45454545454545453,1.0,0.44,10,4928,12,0,1.0,0.0024291497975708503,0.9975757575757576,18,100
0.0024291497975708503,1.0,0.5454545454545454,0.45454545454545453,1.0,0.46,10,4928,12,0,1.0,0.0024291497975708503,0.9975757575757576,18,100
0.0024291497975708503,1.0,0.5454545454545454,0.45454545454545453,1.0,0.48,10,4928,12,0,1.0,0.0024291497975708503,0.9975757575757576,18,100
0.0032388663967611335,1.0,0.6153846153846154,0.38461538461538464,1.0,0.5,10,4924,16,0,1.0,0.0032388663967611335,0.9967676767676767,18,100
0.0032388663967611335,1.0,0.6153846153846154,0.38461538461538464,1.0,0.52,10,4924,16,0,1.0,0.0032388663967611335,0.9967676767676767,18,100
0.0032388663967611335,1.0,0.6153846153846154,0.38461538461538464,1.0,0.54,10,4924,16,0,1.0,0.0032388663967611335,0.9967676767676767,18,100
0.0032388663967611335,1.0,0.6153846153846154,0.38461538461538464,1.0,0.56,10,4924,16,0,1.0,0.0032388663967611335,0.9967676767676767,18,100
0.0032388663967611335,1.0,0.6153846153846154,0.38461538461538464,1.0,0.58,10,4924,16,0,1.0,0.0032388663967611335,0.9967676767676767,18,100
0.0032388663967611335,1.0,0.6153846153846154,0.38461538461538464,1.0,0.6,10,4924,16,0,1.0,0.0032388663967611335,0.9967676767676767,18,100
0.0032388663967611335,1.0,0.6153846153846154,0.38461538461538464,1.0,0.62,10,4924,16,0,1.0,0.0032388663967611335,0.9967676767676767,18,100
0.0032388663967611335,1.0,0.6153846153846154,0.38461538461538464,1.0,0.64,10,4924,16,0,1.0,0.0032388663967611335,0.9967676767676767,18,100
0.005465587044534413,1.0,0.7297297297297297,0.2702702702702703,1.0,0.66,10,4913,27,0,1.0,0.005465587044534413,0.9945454545454545,18,100
0.005465587044534413,1.0,0.7297297297297297,0.2702702702702703,1.0,0.68,10,4913,27,0,1.0,0.005465587044534413,0.9945454545454545,18,100
0.005465587044534413,1.0,0.7297297297297297,0.2702702702702703,1.0,0.7,10,4913,27,0,1.0,0.005465587044534413,0.9945454545454545,18,100
0.005465587044534413,1.0,0.7297297297297297,0.2702702702702703,1.0,0.72,10,4913,27,0,1.0,0.005465587044534413,0.9945454545454545,18,100
0.005465587044534413,1.0,0.7297297297297297,0.2702702702702703,1.0,0.74,10,4913,27,0,1.0,0.005465587044534413,0.9945454545454545,18,100
0.005465587044534413,1.0,0.7297297297297297,0.2702702702702703,1.0,0.76,10,4913,27,0,1.0,0.005465587044534413,0.9945454545454545,18,100
0.005465587044534413,1.0,0.7297297297297297,0.2702702702702703,1.0,0.78,10,4913,27,0,1.0,0.005465587044534413,0.9945454545454545,18,100
0.005465587044534413,1.0,0.7297297297297297,0.2702702702702703,1.0,0.8,10,4913,27,0,1.0,0.005465587044534413,0.9945454545454545,18,100
0.005465587044534413,1.0,0.7297297297297297,0.2702702702702703,1.0,0.82,10,4913,27,0,1.0,0.005465587044534413,0.9945454545454545,18,100
0.005465587044534413,1.0,0.7297297297297297,0.2702702702702703,1.0,0.84,10,4913,27,0,1.0,0.005465587044534413,0.9945454545454545,18,100
0.005465587044534413,1.0,0.7297297297297297,0.2702702702702703,1.0,0.86,10,4913,27,0,1.0,0.005465587044534413,0.9945454545454545,18,100
0.005465587044534413,1.0,0.7297297297297297,0.2702702702702703,1.0,0.88,10,4913,27,0,1.0,0.005465587044534413,0.9945454545454545,18,100
0.007489878542510121,1.0,0.7872340425531915,0.2127659574468085,1.0,0.9,10,4903,37,0,1.0,0.007489878542510121,0.9925252525252525,18,100
0.013967611336032389,1.0,0.8734177215189873,0.12658227848101267,1.0,0.92,10,4871,69,0,1.0,0.013967611336032389,0.9860606060606061,18,100
0.013967611336032389,1.0,0.8734177215189873,0.12658227848101267,1.0,0.94,10,4871,69,0,1.0,0.013967611336032389,0.9860606060606061,18,100
0.06214574898785425,1.0,0.9684542586750788,0.031545741324921134,1.0,0.96,10,4633,307,0,1.0,0.06214574898785425,0.937979797979798,18,100
0.2657894736842105,1.0,0.9924414210128496,0.007558578987150416,1.0,0.98,10,3627,1313,0,1.0,0.2657894736842105,0.7347474747474747,18,100
0.2657894736842105,1.0,0.9924414210128496,0.007558578987150416,1.0,1.0,10,3627,1313,0,1.0,0.2657894736842105,0.7347474747474747,18,100
0.0,1.0,0.0,1.0,1.0,0.02,10,4940,0,0,1.0,0.0,1.0,19,100
0.0,1.0,0.0,1.0,1.0,0.04,10,4940,0,0,1.0,0.0,1.0,19,100
0.00020242914979757084,1.0,0.09090909090909091,0.9090909090909091,1.0,0.06,10,4939,1,0,1.0,0.00020242914979757084,0.9997979797979798,19,100
0.00020242914979757084,1.0,0.09090909090909091,0.9090909090909091,1.0,0.08,10,4939,1,0,1.0,0.00020242914979757084,0.9997979797979798,19,100
0.00020242914979757084,1.0,0.09090909090909091,0.9090909090909091,1.0,0.1,10,4939,1,0,1.0,0.00020242914979757084,0.9997979797979798,19,100
0.00020242914979757084,1.0,0.09090909090909091,0.9090909090909091,1.0,0.12,10,4939,1,0,1.0,0.00020242914979757084,0.9997979797979798,19,100
0.00020242914979757084,1.0,0.09090909090909091,0.9090909090909091,1.0,0.14,10,4939,1,0,1.0,0.00020242914979757084,0.9997979797979798,19,100
0.00020242914979757084,1.0,0.09090909090909091,0.9090909090909091,1.0,0.16,10,4939,1,0,1.0,0.00020242914979757084,0.9997979797979798,19,100
0.00020242914979757084,1.0,0.09090909090909091,0.9090909090909091,1.0,0.18,10,4939,1,0,1.0,0.00020242914979757084,0.9997979797979798,19,100
0.0004048582995951417,1.0,0.16666666666666666,0.8333333333333334,1.0,0.2,10,4938,2,0,1.0,0.0004048582995951417,0.9995959595959596,19,100
0.0004048582995951417,1.0,0.16666666666666666,0.8333333333333334,1.0,0.22,10,4938,2,0,1.0,0.0004048582995951417,0.9995959595959596,19,100
0.0004048582995951417,1.0,0.16666666666666666,0.8333333333333334,1.0,0.24,10,4938,2,0,1.0,0.0004048582995951417,0.9995959595959596,19,100
0.0004048582995951417,1.0,0.16666666666666666,0.8333333333333334,1.0,0.26,10,4938,2,0,1.0,0.0004048582995951417,0.9995959595959596,19,100
0.0010121457489878543,1.0,0.3333333333333333,0.6666666666666666,1.0,0.28,10,4935,5,0,1.0,0.0010121457489878543,0.998989898989899,19,100
0.0010121457489878543,1.0,0.3333333333333333,0.6666666666666666,1.0,0.3,10,4935,5,0,1.0,0.0010121457489878543,0.998989898989899,19,100
0.0010121457489878543,1.0,0.3333333333333333,0.6666666666666666,1.0,0.32,10,4935,5,0,1.0,0.0010121457489878543,0.998989898989899,19,100
0.0010121457489878543,1.0,0.3333333333333333,0.6666666666666666,1.0,0.34,10,4935,5,0,1.0,0.0010121457489878543,0.998989898989899,19,100
0.0010121457489878543,1.0,0.3333333333333333,0.6666666666666666,1.0,0.36,10,4935,5,0,1.0,0.0010121457489878543,0.998989898989899,19,100
0.0010121457489878543,1.0,0.3333333333333333,0.6666666666666666,1.0,0.38,10,4935,5,0,1.0,0.0010121457489878543,0.998989898989899,19,100
0.0010121457489878543,1.0,0.3333333333333333,0.6666666666666666,1.0,0.4,10,4935,5,0,1.0,0.0010121457489878543,0.998989898989899,19,100
0.0016194331983805667,1.0,0.4444444444444444,0.5555555555555556,1.0,0.42,10,4932,8,0,1.0,0.0016194331983805667,0.9983838383838384,19,100
0.0016194331983805667,1.0,0.4444444444444444,0.5555555555555556,1.0,0.44,10,4932,8,0,1.0,0.0016194331983805667,0.9983838383838384,19,100
0.0016194331983805667,1.0,0.4444444444444444,0.5555555555555556,1.0,0.46,10,4932,8,0,1.0,0.0016194331983805667,0.9983838383838384,19,100
0.0016194331983805667,1.0,0.4444444444444444,0.5555555555555556,1.0,0.48,10,4932,8,0,1.0,0.0016194331983805667,0.9983838383838384,19,100
0.0016194331983805667,1.0,0.4444444444444444,0.5555555555555556,1.0,0.5,10,4932,8,0,1.0,0.0016194331983805667,0.9983838383838384,19,100
0.0016194331983805667,1.0,0.4444444444444444,0.5555555555555556,1.0,0.52,10,4932,8,0,1.0,0.0016194331983805667,0.9983838383838384,19,100
0.0016194331983805667,1.0,0.4444444444444444,0.5555555555555556,1.0,0.54,10,4932,8,0,1.0,0.0016194331983805667,0.9983838383838384,19,100
0.0016194331983805667,1.0,0.4444444444444444,0.5555555555555556,1.0,0.56,10,4932,8,0,1.0,0.0016194331983805667,0.9983838383838384,19,100
0.0016194331983805667,1.0,0.4444444444444444,0.5555555555555556,1.0,0.58,10,4932,8,0,1.0,0.0016194331983805667,0.9983838383838384,19,100
0.0016194331983805667,1.0,0.4444444444444444,0.5555555555555556,1.0,0.6,10,4932,8,0,1.0,0.0016194331983805667,0.9983838383838384,19,100
0.0016194331983805667,1.0,0.4444444444444444,0.5555555555555556,1.0,0.62,10,4932,8,0,1.0,0.0016194331983805667,0.9983838383838384,19,100
0.0020242914979757085,1.0,0.5,0.5,1.0,0.64,10,4930,10,0,1.0,0.0020242914979757085,0.997979797979798,19,100
0.0020242914979757085,1.0,0.5,0.5,1.0,0.66,10,4930,10,0,1.0,0.0020242914979757085,0.997979797979798,19,100
0.0020242914979757085,1.0,0.5,0.5,1.0,0.68,10,4930,10,0,1.0,0.0020242914979757085,0.997979797979798,19,100
0.0020242914979757085,1.0,0.5,0.5,1.0,0.7,10,4930,10,0,1.0,0.0020242914979757085,0.997979797979798,19,100
0.0020242914979757085,1.0,0.5,0.5,1.0,0.72,10,4930,10,0,1.0,0.0020242914979757085,0.997979797979798,19,100
0.0020242914979757085,1.0,0.5,0.5,1.0,0.74,10,4930,10,0,1.0,0.0020242914979757085,0.997979797979798,19,100
0.0020242914979757085,1.0,0.5,0.5,1.0,0.76,10,4930,10,0,1.0,0.0020242914979757085,0.997979797979798,19,100
0.0020242914979757085,1.0,0.5,0.5,1.0,0.78,10,4930,10,0,1.0,0.0020242914979757085,0.997979797979798,19,100
0.0020242914979757085,1.0,0.5,0.5,1.0,0.8,10,4930,10,0,1.0,0.0020242914979757085,0.997979797979798,19,100
0.0020242914979757085,1.0,0.5,0.5,1.0,0.82,10,4930,10,0,1.0,0.0020242914979757085,0.997979797979798,19,100
0.0020242914979757085,1.0,0.5,0.5,1.0,0.84,10,4930,10,0,1.0,0.0020242914979757085,0.997979797979798,19,100
0.0032388663967611335,1.0,0.6153846153846154,0.38461538461538464,1.0,0.86,10,4924,16,0,1.0,0.0032388663967611335,0.9967676767676767,19,100
0.0032388663967611335,1.0,0.6153846153846154,0.38461538461538464,1.0,0.88,10,4924,16,0,1.0,0.0032388663967611335,0.9967676767676767,19,100
0.0032388663967611335,1.0,0.6153846153846154,0.38461538461538464,1.0,0.9,10,4924,16,0,1.0,0.0032388663967611335,0.9967676767676767,19,100
0.0032388663967611335,1.0,0.6153846153846154,0.38461538461538464,1.0,0.92,10,4924,16,0,1.0,0.0032388663967611335,0.9967676767676767,19,100
0.0032388663967611335,1.0,0.6153846153846154,0.38461538461538464,1.0,0.94,10,4924,16,0,1.0,0.0032388663967611335,0.9967676767676767,19,100
0.0032388663967611335,1.0,0.6153846153846154,0.38461538461538464,1.0,0.96,10,4924,16,0,1.0,0.0032388663967611335,0.9967676767676767,19,100
0.06497975708502024,1.0,0.9697885196374623,0.030211480362537766,1.0,0.98,10,4619,321,0,1.0,0.06497975708502024,0.9351515151515152,19,100
0.13238866396761134,1.0,0.9849397590361446,0.015060240963855422,1.0,1.0,10,4286,654,0,1.0,0.13238866396761134,0.8678787878787879,19,100
0.0,1.0,0.0,1.0,1.0,0.02,10,4940,0,0,1.0,0.0,1.0,20,100
0.00020242914979757084,1.0,0.09090909090909091,0.9090909090909091,1.0,0.04,10,4939,1,0,1.0,0.00020242914979757084,0.9997979797979798,20,100
0.00020242914979757084,1.0,0.09090909090909091,0.9090909090909091,1.0,0.06,10,4939,1,0,1.0,0.00020242914979757084,0.9997979797979798,20,100
0.00020242914979757084,1.0,0.09090909090909091,0.9090909090909091,1.0,0.08,10,4939,1,0,1.0,0.00020242914979757084,0.9997979797979798,20,100
0.00020242914979757084,1.0,0.09090909090909091,0.9090909090909091,1.0,0.1,10,4939,1,0,1.0,0.00020242914979757084,0.9997979797979798,20,100
0.00020242914979757084,1.0,0.09090909090909091,0.9090909090909091,1.0,0.12,10,4939,1,0,1.0,0.00020242914979757084,0.9997979797979798,20,100
0.00020242914979757084,1.0,0.09090909090909091,0.9090909090909091,1.0,0.14,10,4939,1,0,1.0,0.00020242914979757084,0.9997979797979798,20,100
0.00020242914979757084,1.0,0.09090909090909091,0.9090909090909091,1.0,0.16,10,4939,1,0,1.0,0.00020242914979757084,0.9997979797979798,20,100
0.00020242914979757084,1.0,0.09090909090909091,0.9090909090909091,1.0,0.18,10,4939,1,0,1.0,0.00020242914979757084,0.9997979797979798,20,100
0.00020242914979757084,1.0,0.09090909090909091,0.9090909090909091,1.0,0.2,10,4939,1,0,1.0,0.00020242914979757084,0.9997979797979798,20,100
0.00020242914979757084,1.0,0.09090909090909091,0.9090909090909091,1.0,0.22,10,4939,1,0,1.0,0.00020242914979757084,0.9997979797979798,20,100
0.00020242914979757084,1.0,0.09090909090909091,0.9090909090909091,1.0,0.24,10,4939,1,0,1.0,0.00020242914979757084,0.9997979797979798,20,100
0.00020242914979757084,1.0,0.09090909090909091,0.9090909090909091,1.0,0.26,10,4939,1,0,1.0,0.00020242914979757084,0.9997979797979798,20,100
0.00020242914979757084,1.0,0.09090909090909091,0.9090909090909091,1.0,0.28,10,4939,1,0,1.0,0.00020242914979757084,0.9997979797979798,20,100
0.0004048582995951417,1.0,0.16666666666666666,0.8333333333333334,1.0,0.3,10,4938,2,0,1.0,0.0004048582995951417,0.9995959595959596,20,100
0.0004048582995951417,1.0,0.16666666666666666,0.8333333333333334,1.0,0.32,10,4938,2,0,1.0,0.0004048582995951417,0.9995959595959596,20,100
0.0004048582995951417,1.0,0.16666666666666666,0.8333333333333334,1.0,0.34,10,4938,2,0,1.0,0.0004048582995951417,0.9995959595959596,20,100
0.0004048582995951417,1.0,0.16666666666666666,0.8333333333333334,1.0,0.36,10,4938,2,0,1.0,0.0004048582995951417,0.9995959595959596,20,100
0.0004048582995951417,1.0,0.16666666666666666,0.8333333333333334,1.0,0.38,10,4938,2,0,1.0,0.0004048582995951417,0.9995959595959596,20,100
0.0004048582995951417,1.0,0.16666666666666666,0.8333333333333334,1.0,0.4,10,4938,2,0,1.0,0.0004048582995951417,0.9995959595959596,20,100
0.0004048582995951417,1.0,0.16666666666666666,0.8333333333333334,1.0,0.42,10,4938,2,0,1.0,0.0004048582995951417,0.9995959595959596,20,100
0.0004048582995951417,1.0,0.16666666666666666,0.8333333333333334,1.0,0.44,10,4938,2,0,1.0,0.0004048582995951417,0.9995959595959596,20,100
0.0004048582995951417,1.0,0.16666666666666666,0.8333333333333334,1.0,0.46,10,4938,2,0,1.0,0.0004048582995951417,0.9995959595959596,20,100
0.0010121457489878543,1.0,0.3333333333333333,0.6666666666666666,1.0,0.48,10,4935,5,0,1.0,0.0010121457489878543,0.998989898989899,20,100
0.0010121457489878543,1.0,0.3333333333333333,0.6666666666666666,1.0,0.5,10,4935,5,0,1.0,0.0010121457489878543,0.998989898989899,20,100
0.0010121457489878543,1.0,0.3333333333333333,0.6666666666666666,1.0,0.52,10,4935,5,0,1.0,0.0010121457489878543,0.998989898989899,20,100
0.0010121457489878543,1.0,0.3333333333333333,0.6666666666666666,1.0,0.54,10,4935,5,0,1.0,0.0010121457489878543,0.998989898989899,20,100
0.0010121457489878543,1.0,0.3333333333333333,0.6666666666666666,1.0,0.56,10,4935,5,0,1.0,0.0010121457489878543,0.998989898989899,20,100
0.0010121457489878543,1.0,0.3333333333333333,0.6666666666666666,1.0,0.58,10,4935,5,0,1.0,0.0010121457489878543,0.998989898989899,20,100
0.0010121457489878543,1.0,0.3333333333333333,0.6666666666666666,1.0,0.6,10,4935,5,0,1.0,0.0010121457489878543,0.998989898989899,20,100
0.0010121457489878543,1.0,0.3333333333333333,0.6666666666666666,1.0,0.62,10,4935,5,0,1.0,0.0010121457489878543,0.998989898989899,20,100
0.002631578947368421,1.0,0.5652173913043478,0.43478260869565216,1.0,0.64,10,4927,13,0,1.0,0.002631578947368421,0.9973737373737374,20,100
0.002631578947368421,1.0,0.5652173913043478,0.43478260869565216,1.0,0.66,10,4927,13,0,1.0,0.002631578947368421,0.9973737373737374,20,100
0.002631578947368421,1.0,0.5652173913043478,0.43478260869565216,1.0,0.68,10,4927,13,0,1.0,0.002631578947368421,0.9973737373737374,20,100
0.002631578947368421,1.0,0.5652173913043478,0.43478260869565216,1.0,0.7,10,4927,13,0,1.0,0.002631578947368421,0.9973737373737374,20,100
0.002631578947368421,1.0,0.5652173913043478,0.43478260869565216,1.0,0.72,10,4927,13,0,1.0,0.002631578947368421,0.9973737373737374,20,100
0.002631578947368421,1.0,0.5652173913043478,0.43478260869565216,1.0,0.74,10,4927,13,0,1.0,0.002631578947368421,0.9973737373737374,20,100
0.002631578947368421,1.0,0.5652173913043478,0.43478260869565216,1.0,0.76,10,4927,13,0,1.0,0.002631578947368421,0.9973737373737374,20,100
0.002631578947368421,1.0,0.5652173913043478,0.43478260869565216,1.0,0.78,10,4927,13,0,1.0,0.002631578947368421,0.9973737373737374,20,100
0.002631578947368421,1.0,0.5652173913043478,0.43478260869565216,1.0,0.8,10,4927,13,0,1.0,0.002631578947368421,0.9973737373737374,20,100
0.002631578947368421,1.0,0.5652173913043478,0.43478260869565216,1.0,0.82,10,4927,13,0,1.0,0.002631578947368421,0.9973737373737374,20,100
0.002631578947368421,1.0,0.5652173913043478,0.43478260869565216,1.0,0.84,10,4927,13,0,1.0,0.002631578947368421,0.9973737373737374,20,100
0.004858299595141701,1.0,0.7058823529411765,0.29411764705882354,1.0,0.86,10,4916,24,0,1.0,0.004858299595141701,0.9951515151515151,20,100
0.004858299595141701,1.0,0.7058823529411765,0.29411764705882354,1.0,0.88,10,4916,24,0,1.0,0.004858299595141701,0.9951515151515151,20,100
0.004858299595141701,1.0,0.7058823529411765,0.29411764705882354,1.0,0.9,10,4916,24,0,1.0,0.004858299595141701,0.9951515151515151,20,100
0.004858299595141701,1.0,0.7058823529411765,0.29411764705882354,1.0,0.92,10,4916,24,0,1.0,0.004858299595141701,0.9951515151515151,20,100
0.004858299595141701,1.0,0.7058823529411765,0.29411764705882354,1.0,0.94,10,4916,24,0,1.0,0.004858299595141701,0.9951515151515151,20,100
0.004858299595141701,1.0,0.7058823529411765,0.29411764705882354,1.0,0.96,10,4916,24,0,1.0,0.004858299595141701,0.9951515151515151,20,100
0.004858299595141701,1.0,0.7058823529411765,0.29411764705882354,1.0,0.98,10,4916,24,0,1.0,0.004858299595141701,0.9951515151515151,20,100
0.009109311740890687,1.0,0.8181818181818182,0.18181818181818182,1.0,1.0,10,4895,45,0,1.0,0.009109311740890687,0.990909090909091,20,100
0.0,1.0,0.0,1.0,1.0,0.02,10,4940,0,0,1.0,0.0,1.0,21,100
0.0,1.0,0.0,1.0,1.0,0.04,10,4940,0,0,1.0,0.0,1.0,21,100
0.00020242914979757084,1.0,0.09090909090909091,0.9090909090909091,1.0,0.06,10,4939,1,0,1.0,0.00020242914979757084,0.9997979797979798,21,100
0.00020242914979757084,1.0,0.09090909090909091,0.9090909090909091,1.0,0.08,10,4939,1,0,1.0,0.00020242914979757084,0.9997979797979798,21,100
0.00020242914979757084,1.0,0.09090909090909091,0.9090909090909091,1.0,0.1,10,4939,1,0,1.0,0.00020242914979757084,0.9997979797979798,21,100
0.00020242914979757084,1.0,0.09090909090909091,0.9090909090909091,1.0,0.12,10,4939,1,0,1.0,0.00020242914979757084,0.9997979797979798,21,100
0.00020242914979757084,1.0,0.09090909090909091,0.9090909090909091,1.0,0.14,10,4939,1,0,1.0,0.00020242914979757084,0.9997979797979798,21,100
0.00020242914979757084,1.0,0.09090909090909091,0.9090909090909091,1.0,0.16,10,4939,1,0,1.0,0.00020242914979757084,0.9997979797979798,21,100
0.00020242914979757084,1.0,0.09090909090909091,0.9090909090909091,1.0,0.18,10,4939,1,0,1.0,0.00020242914979757084,0.9997979797979798,21,100
0.00020242914979757084,1.0,0.09090909090909091,0.9090909090909091,1.0,0.2,10,4939,1,0,1.0,0.00020242914979757084,0.9997979797979798,21,100
0.00020242914979757084,1.0,0.09090909090909091,0.9090909090909091,1.0,0.22,10,4939,1,0,1.0,0.00020242914979757084,0.9997979797979798,21,100
0.00020242914979757084,1.0,0.09090909090909091,0.9090909090909091,1.0,0.24,10,4939,1,0,1.0,0.00020242914979757084,0.9997979797979798,21,100
0.00020242914979757084,1.0,0.09090909090909091,0.9090909090909091,1.0,0.26,10,4939,1,0,1.0,0.00020242914979757084,0.9997979797979798,21,100
0.00020242914979757084,1.0,0.09090909090909091,0.9090909090909091,1.0,0.28,10,4939,1,0,1.0,0.00020242914979757084,0.9997979797979798,21,100
0.00020242914979757084,1.0,0.09090909090909091,0.9090909090909091,1.0,0.3,10,4939,1,0,1.0,0.00020242914979757084,0.9997979797979798,21,100
0.00020242914979757084,1.0,0.09090909090909091,0.9090909090909091,1.0,0.32,10,4939,1,0,1.0,0.00020242914979757084,0.9997979797979798,21,100
0.00020242914979757084,1.0,0.09090909090909091,0.9090909090909091,1.0,0.34,10,4939,1,0,1.0,0.00020242914979757084,0.9997979797979798,21,100
0.00020242914979757084,1.0,0.09090909090909091,0.9090909090909091,1.0,0.36,10,4939,1,0,1.0,0.00020242914979757084,0.9997979797979798,21,100
0.00020242914979757084,1.0,0.09090909090909091,0.9090909090909091,1.0,0.38,10,4939,1,0,1.0,0.00020242914979757084,0.9997979797979798,21,100
0.0004048582995951417,1.0,0.16666666666666666,0.8333333333333334,1.0,0.4,10,4938,2,0,1.0,0.0004048582995951417,0.9995959595959596,21,100
0.0004048582995951417,1.0,0.16666666666666666,0.8333333333333334,1.0,0.42,10,4938,2,0,1.0,0.0004048582995951417,0.9995959595959596,21,100
0.0004048582995951417,1.0,0.16666666666666666,0.8333333333333334,1.0,0.44,10,4938,2,0,1.0,0.0004048582995951417,0.9995959595959596,21,100
0.0004048582995951417,1.0,0.16666666666666666,0.8333333333333334,1.0,0.46,10,4938,2,0,1.0,0.0004048582995951417,0.9995959595959596,21,100
0.0004048582995951417,1.0,0.16666666666666666,0.8333333333333334,1.0,0.48,10,4938,2,0,1.0,0.0004048582995951417,0.9995959595959596,21,100
0.0004048582995951417,1.0,0.16666666666666666,0.8333333333333334,1.0,0.5,10,4938,2,0,1.0,0.0004048582995951417,0.9995959595959596,21,100
0.0004048582995951417,1.0,0.16666666666666666,0.8333333333333334,1.0,0.52,10,4938,2,0,1.0,0.0004048582995951417,0.9995959595959596,21,100
0.0004048582995951417,1.0,0.16666666666666666,0.8333333333333334,1.0,0.54,10,4938,2,0,1.0,0.0004048582995951417,0.9995959595959596,21,100
0.0004048582995951417,1.0,0.16666666666666666,0.8333333333333334,1.0,0.56,10,4938,2,0,1.0,0.0004048582995951417,0.9995959595959596,21,100
0.0004048582995951417,1.0,0.16666666666666666,0.8333333333333334,1.0,0.58,10,4938,2,0,1.0,0.0004048582995951417,0.9995959595959596,21,100
0.0004048582995951417,1.0,0.16666666666666666,0.8333333333333334,1.0,0.6,10,4938,2,0,1.0,0.0004048582995951417,0.9995959595959596,21,100
0.0010121457489878543,1.0,0.3333333333333333,0.6666666666666666,1.0,0.62,10,4935,5,0,1.0,0.0010121457489878543,0.998989898989899,21,100
0.0010121457489878543,1.0,0.3333333333333333,0.6666666666666666,1.0,0.64,10,4935,5,0,1.0,0.0010121457489878543,0.998989898989899,21,100
0.0010121457489878543,1.0,0.3333333333333333,0.6666666666666666,1.0,0.66,10,4935,5,0,1.0,0.0010121457489878543,0.998989898989899,21,100
0.0010121457489878543,1.0,0.3333333333333333,0.6666666666666666,1.0,0.68,10,4935,5,0,1.0,0.0010121457489878543,0.998989898989899,21,100
0.0010121457489878543,1.0,0.3333333333333333,0.6666666666666666,1.0,0.7,10,4935,5,0,1.0,0.0010121457489878543,0.998989898989899,21,100
0.0010121457489878543,1.0,0.3333333333333333,0.6666666666666666,1.0,0.72,10,4935,5,0,1.0,0.0010121457489878543,0.998989898989899,21,100
0.0010121457489878543,1.0,0.3333333333333333,0.6666666666666666,1.0,0.74,10,4935,5,0,1.0,0.0010121457489878543,0.998989898989899,21,100
0.002631578947368421,1.0,0.5652173913043478,0.43478260869565216,1.0,0.76,10,4927,13,0,1.0,0.002631578947368421,0.9973737373737374,21,100
0.002631578947368421,1.0,0.5652173913043478,0.43478260869565216,1.0,0.78,10,4927,13,0,1.0,0.002631578947368421,0.9973737373737374,21,100
0.002631578947368421,1.0,0.5652173913043478,0.43478260869565216,1.0,0.8,10,4927,13,0,1.0,0.002631578947368421,0.9973737373737374,21,100
0.002631578947368421,1.0,0.5652173913043478,0.43478260869565216,1.0,0.82,10,4927,13,0,1.0,0.002631578947368421,0.9973737373737374,21,100
0.005668016194331984,1.0,0.7368421052631579,0.2631578947368421,1.0,0.84,10,4912,28,0,1.0,0.005668016194331984,0.9943434343434343,21,100
0.005668016194331984,1.0,0.7368421052631579,0.2631578947368421,1.0,0.86,10,4912,28,0,1.0,0.005668016194331984,0.9943434343434343,21,100
0.03502024291497976,1.0,0.9453551912568307,0.0546448087431694,1.0,0.88,10,4767,173,0,1.0,0.03502024291497976,0.965050505050505,21,100
0.03502024291497976,1.0,0.9453551912568307,0.0546448087431694,1.0,0.9,10,4767,173,0,1.0,0.03502024291497976,0.965050505050505,21,100
0.05425101214574899,1.0,0.9640287769784173,0.03597122302158273,1.0,0.92,10,4672,268,0,1.0,0.05425101214574899,0.9458585858585858,21,100
0.0840080971659919,1.0,0.9764705882352941,0.023529411764705882,1.0,0.94,10,4525,415,0,1.0,0.0840080971659919,0.9161616161616162,21,100
0.0840080971659919,1.0,0.9764705882352941,0.023529411764705882,1.0,0.96,10,4525,415,0,1.0,0.0840080971659919,0.9161616161616162,21,100
0.12064777327935222,1.0,0.9834983498349835,0.0165016501650165,1.0,0.98,10,4344,596,0,1.0,0.12064777327935222,0.8795959595959596,21,100
0.8475708502024292,1.0,0.9976173457231355,0.002382654276864427,1.0,1.0,10,753,4187,0,1.0,0.8475708502024292,0.15414141414141413,21,100
0.0,0.9,0.0,1.0,0.9,0.02,9,4940,0,1,0.9,0.0,0.9997979797979798,22,100
0.0,1.0,0.0,1.0,1.0,0.04,10,4940,0,0,1.0,0.0,1.0,22,100
0.0,1.0,0.0,1.0,1.0,0.06,10,4940,0,0,1.0,0.0,1.0,22,100
0.0,1.0,0.0,1.0,1.0,0.08,10,4940,0,0,1.0,0.0,1.0,22,100
0.0,1.0,0.0,1.0,1.0,0.1,10,4940,0,0,1.0,0.0,1.0,22,100
0.0,1.0,0.0,1.0,1.0,0.12,10,4940,0,0,1.0,0.0,1.0,22,100
0.0,1.0,0.0,1.0,1.0,0.14,10,4940,0,0,1.0,0.0,1.0,22,100
0.0,1.0,0.0,1.0,1.0,0.16,10,4940,0,0,1.0,0.0,1.0,22,100
0.0,1.0,0.0,1.0,1.0,0.18,10,4940,0,0,1.0,0.0,1.0,22,100
0.0,1.0,0.0,1.0,1.0,0.2,10,4940,0,0,1.0,0.0,1.0,22,100
0.0,1.0,0.0,1.0,1.0,0.22,10,4940,0,0,1.0,0.0,1.0,22,100
0.0,1.0,0.0,1.0,1.0,0.24,10,4940,0,0,1.0,0.0,1.0,22,100
0.0,1.0,0.0,1.0,1.0,0.26,10,4940,0,0,1.0,0.0,1.0,22,100
0.0,1.0,0.0,1.0,1.0,0.28,10,4940,0,0,1.0,0.0,1.0,22,100
0.0,1.0,0.0,1.0,1.0,0.3,10,4940,0,0,1.0,0.0,1.0,22,100
0.0,1.0,0.0,1.0,1.0,0.32,10,4940,0,0,1.0,0.0,1.0,22,100
0.0,1.0,0.0,1.0,1.0,0.34,10,4940,0,0,1.0,0.0,1.0,22,100
0.0,1.0,0.0,1.0,1.0,0.36,10,4940,0,0,1.0,0.0,1.0,22,100
0.00020242914979757084,1.0,0.09090909090909091,0.9090909090909091,1.0,0.38,10,4939,1,0,1.0,0.00020242914979757084,0.9997979797979798,22,100
0.00020242914979757084,1.0,0.09090909090909091,0.9090909090909091,1.0,0.4,10,4939,1,0,1.0,0.00020242914979757084,0.9997979797979798,22,100
0.00020242914979757084,1.0,0.09090909090909091,0.9090909090909091,1.0,0.42,10,4939,1,0,1.0,0.00020242914979757084,0.9997979797979798,22,100
0.00020242914979757084,1.0,0.09090909090909091,0.9090909090909091,1.0,0.44,10,4939,1,0,1.0,0.00020242914979757084,0.9997979797979798,22,100
0.00020242914979757084,1.0,0.09090909090909091,0.9090909090909091,1.0,0.46,10,4939,1,0,1.0,0.00020242914979757084,0.9997979797979798,22,100
0.00020242914979757084,1.0,0.09090909090909091,0.9090909090909091,1.0,0.48,10,4939,1,0,1.0,0.00020242914979757084,0.9997979797979798,22,100
0.00020242914979757084,1.0,0.09090909090909091,0.9090909090909091,1.0,0.5,10,4939,1,0,1.0,0.00020242914979757084,0.9997979797979798,22,100
0.00020242914979757084,1.0,0.09090909090909091,0.9090909090909091,1.0,0.52,10,4939,1,0,1.0,0.00020242914979757084,0.9997979797979798,22,100
0.00020242914979757084,1.0,0.09090909090909091,0.9090909090909091,1.0,0.54,10,4939,1,0,1.0,0.00020242914979757084,0.9997979797979798,22,100
0.00020242914979757084,1.0,0.09090909090909091,0.9090909090909091,1.0,0.56,10,4939,1,0,1.0,0.00020242914979757084,0.9997979797979798,22,100
0.00020242914979757084,1.0,0.09090909090909091,0.9090909090909091,1.0,0.58,10,4939,1,0,1.0,0.00020242914979757084,0.9997979797979798,22,100
0.00020242914979757084,1.0,0.09090909090909091,0.9090909090909091,1.0,0.6,10,4939,1,0,1.0,0.00020242914979757084,0.9997979797979798,22,100
0.00020242914979757084,1.0,0.09090909090909091,0.9090909090909091,1.0,0.62,10,4939,1,0,1.0,0.00020242914979757084,0.9997979797979798,22,100
0.0008097165991902834,1.0,0.2857142857142857,0.7142857142857143,1.0,0.64,10,4936,4,0,1.0,0.0008097165991902834,0.9991919191919192,22,100
0.0008097165991902834,1.0,0.2857142857142857,0.7142857142857143,1.0,0.66,10,4936,4,0,1.0,0.0008097165991902834,0.9991919191919192,22,100
0.0008097165991902834,1.0,0.2857142857142857,0.7142857142857143,1.0,0.68,10,4936,4,0,1.0,0.0008097165991902834,0.9991919191919192,22,100
0.0008097165991902834,1.0,0.2857142857142857,0.7142857142857143,1.0,0.7,10,4936,4,0,1.0,0.0008097165991902834,0.9991919191919192,22,100
0.0008097165991902834,1.0,0.2857142857142857,0.7142857142857143,1.0,0.72,10,4936,4,0,1.0,0.0008097165991902834,0.9991919191919192,22,100
0.003036437246963563,1.0,0.6,0.4,1.0,0.74,10,4925,15,0,1.0,0.003036437246963563,0.996969696969697,22,100
0.003036437246963563,1.0,0.6,0.4,1.0,0.76,10,4925,15,0,1.0,0.003036437246963563,0.996969696969697,22,100
0.003036437246963563,1.0,0.6,0.4,1.0,0.78,10,4925,15,0,1.0,0.003036437246963563,0.996969696969697,22,100
0.003036437246963563,1.0,0.6,0.4,1.0,0.8,10,4925,15,0,1.0,0.003036437246963563,0.996969696969697,22,100
0.003036437246963563,1.0,0.6,0.4,1.0,0.82,10,4925,15,0,1.0,0.003036437246963563,0.996969696969697,22,100
0.003036437246963563,1.0,0.6,0.4,1.0,0.84,10,4925,15,0,1.0,0.003036437246963563,0.996969696969697,22,100
0.003036437246963563,1.0,0.6,0.4,1.0,0.86,10,4925,15,0,1.0,0.003036437246963563,0.996969696969697,22,100
0.003036437246963563,1.0,0.6,0.4,1.0,0.88,10,4925,15,0,1.0,0.003036437246963563,0.996969696969697,22,100
0.003036437246963563,1.0,0.6,0.4,1.0,0.9,10,4925,15,0,1.0,0.003036437246963563,0.996969696969697,22,100
0.003036437246963563,1.0,0.6,0.4,1.0,0.92,10,4925,15,0,1.0,0.003036437246963563,0.996969696969697,22,100
0.003036437246963563,1.0,0.6,0.4,1.0,0.94,10,4925,15,0,1.0,0.003036437246963563,0.996969696969697,22,100
0.005870445344129555,1.0,0.7435897435897436,0.2564102564102564,1.0,0.96,10,4911,29,0,1.0,0.005870445344129555,0.9941414141414141,22,100
0.005870445344129555,1.0,0.7435897435897436,0.2564102564102564,1.0,0.98,10,4911,29,0,1.0,0.005870445344129555,0.9941414141414141,22,100
0.012348178137651822,1.0,0.8591549295774648,0.14084507042253522,1.0,1.0,10,4879,61,0,1.0,0.012348178137651822,0.9876767676767677,22,100
0.0,1.0,0.0,1.0,1.0,0.02,10,4940,0,0,1.0,0.0,1.0,23,100
0.0,1.0,0.0,1.0,1.0,0.04,10,4940,0,0,1.0,0.0,1.0,23,100
0.0,1.0,0.0,1.0,1.0,0.06,10,4940,0,0,1.0,0.0,1.0,23,100
0.0,1.0,0.0,1.0,1.0,0.08,10,4940,0,0,1.0,0.0,1.0,23,100
0.00020242914979757084,1.0,0.09090909090909091,0.9090909090909091,1.0,0.1,10,4939,1,0,1.0,0.00020242914979757084,0.9997979797979798,23,100
0.00020242914979757084,1.0,0.09090909090909091,0.9090909090909091,1.0,0.12,10,4939,1,0,1.0,0.00020242914979757084,0.9997979797979798,23,100
0.00020242914979757084,1.0,0.09090909090909091,0.9090909090909091,1.0,0.14,10,4939,1,0,1.0,0.00020242914979757084,0.9997979797979798,23,100
0.00020242914979757084,1.0,0.09090909090909091,0.9090909090909091,1.0,0.16,10,4939,1,0,1.0,0.00020242914979757084,0.9997979797979798,23,100
0.00020242914979757084,1.0,0.09090909090909091,0.9090909090909091,1.0,0.18,10,4939,1,0,1.0,0.00020242914979757084,0.9997979797979798,23,100
0.0004048582995951417,1.0,0.16666666666666666,0.8333333333333334,1.0,0.2,10,4938,2,0,1.0,0.0004048582995951417,0.9995959595959596,23,100
0.0004048582995951417,1.0,0.16666666666666666,0.8333333333333334,1.0,0.22,10,4938,2,0,1.0,0.0004048582995951417,0.9995959595959596,23,100
0.0004048582995951417,1.0,0.16666666666666666,0.8333333333333334,1.0,0.24,10,4938,2,0,1.0,0.0004048582995951417,0.9995959595959596,23,100
0.0004048582995951417,1.0,0.16666666666666666,0.8333333333333334,1.0,0.26,10,4938,2,0,1.0,0.0004048582995951417,0.9995959595959596,23,100
0.0004048582995951417,1.0,0.16666666666666666,0.8333333333333334,1.0,0.28,10,4938,2,0,1.0,0.0004048582995951417,0.9995959595959596,23,100
0.0004048582995951417,1.0,0.16666666666666666,0.8333333333333334,1.0,0.3,10,4938,2,0,1.0,0.0004048582995951417,0.9995959595959596,23,100
0.0004048582995951417,1.0,0.16666666666666666,0.8333333333333334,1.0,0.32,10,4938,2,0,1.0,0.0004048582995951417,0.9995959595959596,23,100
0.0004048582995951417,1.0,0.16666666666666666,0.8333333333333334,1.0,0.34,10,4938,2,0,1.0,0.0004048582995951417,0.9995959595959596,23,100
0.0006072874493927126,1.0,0.23076923076923078,0.7692307692307693,1.0,0.36,10,4937,3,0,1.0,0.0006072874493927126,0.9993939393939394,23,100
0.0006072874493927126,1.0,0.23076923076923078,0.7692307692307693,1.0,0.38,10,4937,3,0,1.0,0.0006072874493927126,0.9993939393939394,23,100
0.0006072874493927126,1.0,0.23076923076923078,0.7692307692307693,1.0,0.4,10,4937,3,0,1.0,0.0006072874493927126,0.9993939393939394,23,100
0.0006072874493927126,1.0,0.23076923076923078,0.7692307692307693,1.0,0.42,10,4937,3,0,1.0,0.0006072874493927126,0.9993939393939394,23,100
0.0006072874493927126,1.0,0.23076923076923078,0.7692307692307693,1.0,0.44,10,4937,3,0,1.0,0.0006072874493927126,0.9993939393939394,23,100
0.0006072874493927126,1.0,0.23076923076923078,0.7692307692307693,1.0,0.46,10,4937,3,0,1.0,0.0006072874493927126,0.9993939393939394,23,100
0.0006072874493927126,1.0,0.23076923076923078,0.7692307692307693,1.0,0.48,10,4937,3,0,1.0,0.0006072874493927126,0.9993939393939394,23,100
0.0006072874493927126,1.0,0.23076923076923078,0.7692307692307693,1.0,0.5,10,4937,3,0,1.0,0.0006072874493927126,0.9993939393939394,23,100
0.0016194331983805667,1.0,0.4444444444444444,0.5555555555555556,1.0,0.52,10,4932,8,0,1.0,0.0016194331983805667,0.9983838383838384,23,100
0.0016194331983805667,1.0,0.4444444444444444,0.5555555555555556,1.0,0.54,10,4932,8,0,1.0,0.0016194331983805667,0.9983838383838384,23,100
0.0016194331983805667,1.0,0.4444444444444444,0.5555555555555556,1.0,0.56,10,4932,8,0,1.0,0.0016194331983805667,0.9983838383838384,23,100
0.0016194331983805667,1.0,0.4444444444444444,0.5555555555555556,1.0,0.58,10,4932,8,0,1.0,0.0016194331983805667,0.9983838383838384,23,100
0.0016194331983805667,1.0,0.4444444444444444,0.5555555555555556,1.0,0.6,10,4932,8,0,1.0,0.0016194331983805667,0.9983838383838384,23,100
0.0016194331983805667,1.0,0.4444444444444444,0.5555555555555556,1.0,0.62,10,4932,8,0,1.0,0.0016194331983805667,0.9983838383838384,23,100
0.0016194331983805667,1.0,0.4444444444444444,0.5555555555555556,1.0,0.64,10,4932,8,0,1.0,0.0016194331983805667,0.9983838383838384,23,100
0.0016194331983805667,1.0,0.4444444444444444,0.5555555555555556,1.0,0.66,10,4932,8,0,1.0,0.0016194331983805667,0.9983838383838384,23,100
0.0016194331983805667,1.0,0.4444444444444444,0.5555555555555556,1.0,0.68,10,4932,8,0,1.0,0.0016194331983805667,0.9983838383838384,23,100
0.0016194331983805667,1.0,0.4444444444444444,0.5555555555555556,1.0,0.7,10,4932,8,0,1.0,0.0016194331983805667,0.9983838383838384,23,100
0.0016194331983805667,1.0,0.4444444444444444,0.5555555555555556,1.0,0.72,10,4932,8,0,1.0,0.0016194331983805667,0.9983838383838384,23,100
0.0016194331983805667,1.0,0.4444444444444444,0.5555555555555556,1.0,0.74,10,4932,8,0,1.0,0.0016194331983805667,0.9983838383838384,23,100
0.0016194331983805667,1.0,0.4444444444444444,0.5555555555555556,1.0,0.76,10,4932,8,0,1.0,0.0016194331983805667,0.9983838383838384,23,100
0.0016194331983805667,1.0,0.4444444444444444,0.5555555555555556,1.0,0.78,10,4932,8,0,1.0,0.0016194331983805667,0.9983838383838384,23,100
0.0016194331983805667,1.0,0.4444444444444444,0.5555555555555556,1.0,0.8,10,4932,8,0,1.0,0.0016194331983805667,0.9983838383838384,23,100
0.0016194331983805667,1.0,0.4444444444444444,0.5555555555555556,1.0,0.82,10,4932,8,0,1.0,0.0016194331983805667,0.9983838383838384,23,100
0.0016194331983805667,1.0,0.4444444444444444,0.5555555555555556,1.0,0.84,10,4932,8,0,1.0,0.0016194331983805667,0.9983838383838384,23,100
0.0016194331983805667,1.0,0.4444444444444444,0.5555555555555556,1.0,0.86,10,4932,8,0,1.0,0.0016194331983805667,0.9983838383838384,23,100
0.0020242914979757085,1.0,0.5,0.5,1.0,0.88,10,4930,10,0,1.0,0.0020242914979757085,0.997979797979798,23,100
0.0020242914979757085,1.0,0.5,0.5,1.0,0.9,10,4930,10,0,1.0,0.0020242914979757085,0.997979797979798,23,100
0.005060728744939271,1.0,0.7142857142857143,0.2857142857142857,1.0,0.92,10,4915,25,0,1.0,0.005060728744939271,0.9949494949494949,23,100
0.005060728744939271,1.0,0.7142857142857143,0.2857142857142857,1.0,0.94,10,4915,25,0,1.0,0.005060728744939271,0.9949494949494949,23,100
0.005060728744939271,1.0,0.7142857142857143,0.2857142857142857,1.0,0.96,10,4915,25,0,1.0,0.005060728744939271,0.9949494949494949,23,100
0.031174089068825912,1.0,0.9390243902439024,0.06097560975609756,1.0,0.98,10,4786,154,0,1.0,0.031174089068825912,0.9688888888888889,23,100
0.031174089068825912,1.0,0.9390243902439024,0.06097560975609756,1.0,1.0,10,4786,154,0,1.0,0.031174089068825912,0.9688888888888889,23,100
0.0,0.8,0.0,1.0,0.8,0.02,8,4940,0,2,0.8,0.0,0.9995959595959596,24,100
0.0,0.8,0.0,1.0,0.8,0.04,8,4940,0,2,0.8,0.0,0.9995959595959596,24,100
0.0,0.8,0.0,1.0,0.8,0.06,8,4940,0,2,0.8,0.0,0.9995959595959596,24,100
0.0,0.8,0.0,1.0,0.8,0.08,8,4940,0,2,0.8,0.0,0.9995959595959596,24,100
0.00020242914979757084,0.8,0.1111111111111111,0.8888888888888888,0.8,0.1,8,4939,1,2,0.8,0.00020242914979757084,0.9993939393939394,24,100
0.00020242914979757084,0.8,0.1111111111111111,0.8888888888888888,0.8,0.12,8,4939,1,2,0.8,0.00020242914979757084,0.9993939393939394,24,100
0.00020242914979757084,0.8,0.1111111111111111,0.8888888888888888,0.8,0.14,8,4939,1,2,0.8,0.00020242914979757084,0.9993939393939394,24,100
0.00020242914979757084,0.8,0.1111111111111111,0.8888888888888888,0.8,0.16,8,4939,1,2,0.8,0.00020242914979757084,0.9993939393939394,24,100
0.00020242914979757084,0.8,0.1111111111111111,0.8888888888888888,0.8,0.18,8,4939,1,2,0.8,0.00020242914979757084,0.9993939393939394,24,100
0.00020242914979757084,0.8,0.1111111111111111,0.8888888888888888,0.8,0.2,8,4939,1,2,0.8,0.00020242914979757084,0.9993939393939394,24,100
0.00020242914979757084,0.8,0.1111111111111111,0.8888888888888888,0.8,0.22,8,4939,1,2,0.8,0.00020242914979757084,0.9993939393939394,24,100
0.00020242914979757084,0.8,0.1111111111111111,0.8888888888888888,0.8,0.24,8,4939,1,2,0.8,0.00020242914979757084,0.9993939393939394,24,100
0.00020242914979757084,0.8,0.1111111111111111,0.8888888888888888,0.8,0.26,8,4939,1,2,0.8,0.00020242914979757084,0.9993939393939394,24,100
0.00020242914979757084,0.8,0.1111111111111111,0.8888888888888888,0.8,0.28,8,4939,1,2,0.8,0.00020242914979757084,0.9993939393939394,24,100
0.00020242914979757084,0.8,0.1111111111111111,0.8888888888888888,0.8,0.3,8,4939,1,2,0.8,0.00020242914979757084,0.9993939393939394,24,100
0.00020242914979757084,0.8,0.1111111111111111,0.8888888888888888,0.8,0.32,8,4939,1,2,0.8,0.00020242914979757084,0.9993939393939394,24,100
0.00020242914979757084,0.8,0.1111111111111111,0.8888888888888888,0.8,0.34,8,4939,1,2,0.8,0.00020242914979757084,0.9993939393939394,24,100
0.00020242914979757084,0.8,0.1111111111111111,0.8888888888888888,0.8,0.36,8,4939,1,2,0.8,0.00020242914979757084,0.9993939393939394,24,100
0.00020242914979757084,0.8,0.1111111111111111,0.8888888888888888,0.8,0.38,8,4939,1,2,0.8,0.00020242914979757084,0.9993939393939394,24,100
0.0010121457489878543,0.9,0.35714285714285715,0.6428571428571429,0.9,0.4,9,4935,5,1,0.9,0.0010121457489878543,0.9987878787878788,24,100
0.0010121457489878543,0.9,0.35714285714285715,0.6428571428571429,0.9,0.42,9,4935,5,1,0.9,0.0010121457489878543,0.9987878787878788,24,100
0.0010121457489878543,0.9,0.35714285714285715,0.6428571428571429,0.9,0.44,9,4935,5,1,0.9,0.0010121457489878543,0.9987878787878788,24,100
0.0010121457489878543,0.9,0.35714285714285715,0.6428571428571429,0.9,0.46,9,4935,5,1,0.9,0.0010121457489878543,0.9987878787878788,24,100
0.0010121457489878543,0.9,0.35714285714285715,0.6428571428571429,0.9,0.48,9,4935,5,1,0.9,0.0010121457489878543,0.9987878787878788,24,100
0.0010121457489878543,0.9,0.35714285714285715,0.6428571428571429,0.9,0.5,9,4935,5,1,0.9,0.0010121457489878543,0.9987878787878788,24,100
0.0018218623481781376,1.0,0.47368421052631576,0.5263157894736842,1.0,0.52,10,4931,9,0,1.0,0.0018218623481781376,0.9981818181818182,24,100
0.0018218623481781376,1.0,0.47368421052631576,0.5263157894736842,1.0,0.54,10,4931,9,0,1.0,0.0018218623481781376,0.9981818181818182,24,100
0.0018218623481781376,1.0,0.47368421052631576,0.5263157894736842,1.0,0.56,10,4931,9,0,1.0,0.0018218623481781376,0.9981818181818182,24,100
0.0018218623481781376,1.0,0.47368421052631576,0.5263157894736842,1.0,0.58,10,4931,9,0,1.0,0.0018218623481781376,0.9981818181818182,24,100
0.0018218623481781376,1.0,0.47368421052631576,0.5263157894736842,1.0,0.6,10,4931,9,0,1.0,0.0018218623481781376,0.9981818181818182,24,100
0.0018218623481781376,1.0,0.47368421052631576,0.5263157894736842,1.0,0.62,10,4931,9,0,1.0,0.0018218623481781376,0.9981818181818182,24,100
0.0018218623481781376,1.0,0.47368421052631576,0.5263157894736842,1.0,0.64,10,4931,9,0,1.0,0.0018218623481781376,0.9981818181818182,24,100
0.0018218623481781376,1.0,0.47368421052631576,0.5263157894736842,1.0,0.66,10,4931,9,0,1.0,0.0018218623481781376,0.9981818181818182,24,100
0.0018218623481781376,1.0,0.47368421052631576,0.5263157894736842,1.0,0.68,10,4931,9,0,1.0,0.0018218623481781376,0.9981818181818182,24,100
0.0018218623481781376,1.0,0.47368421052631576,0.5263157894736842,1.0,0.7,10,4931,9,0,1.0,0.0018218623481781376,0.9981818181818182,24,100
0.0018218623481781376,1.0,0.47368421052631576,0.5263157894736842,1.0,0.72,10,4931,9,0,1.0,0.0018218623481781376,0.9981818181818182,24,100
0.0018218623481781376,1.0,0.47368421052631576,0.5263157894736842,1.0,0.74,10,4931,9,0,1.0,0.0018218623481781376,0.9981818181818182,24,100
0.0018218623481781376,1.0,0.47368421052631576,0.5263157894736842,1.0,0.76,10,4931,9,0,1.0,0.0018218623481781376,0.9981818181818182,24,100
0.0024291497975708503,1.0,0.5454545454545454,0.45454545454545453,1.0,0.78,10,4928,12,0,1.0,0.0024291497975708503,0.9975757575757576,24,100
0.0024291497975708503,1.0,0.5454545454545454,0.45454545454545453,1.0,0.8,10,4928,12,0,1.0,0.0024291497975708503,0.9975757575757576,24,100
0.0024291497975708503,1.0,0.5454545454545454,0.45454545454545453,1.0,0.82,10,4928,12,0,1.0,0.0024291497975708503,0.9975757575757576,24,100
0.0024291497975708503,1.0,0.5454545454545454,0.45454545454545453,1.0,0.84,10,4928,12,0,1.0,0.0024291497975708503,0.9975757575757576,24,100
0.0024291497975708503,1.0,0.5454545454545454,0.45454545454545453,1.0,0.86,10,4928,12,0,1.0,0.0024291497975708503,0.9975757575757576,24,100
0.004453441295546558,1.0,0.6875,0.3125,1.0,0.88,10,4918,22,0,1.0,0.004453441295546558,0.9955555555555555,24,100
0.004453441295546558,1.0,0.6875,0.3125,1.0,0.9,10,4918,22,0,1.0,0.004453441295546558,0.9955555555555555,24,100
0.004453441295546558,1.0,0.6875,0.3125,1.0,0.92,10,4918,22,0,1.0,0.004453441295546558,0.9955555555555555,24,100
0.004453441295546558,1.0,0.6875,0.3125,1.0,0.94,10,4918,22,0,1.0,0.004453441295546558,0.9955555555555555,24,100
0.004453441295546558,1.0,0.6875,0.3125,1.0,0.96,10,4918,22,0,1.0,0.004453441295546558,0.9955555555555555,24,100
0.004453441295546558,1.0,0.6875,0.3125,1.0,0.98,10,4918,22,0,1.0,0.004453441295546558,0.9955555555555555,24,100
0.004453441295546558,1.0,0.6875,0.3125,1.0,1.0,10,4918,22,0,1.0,0.004453441295546558,0.9955555555555555,24,100
0.0,1.0,0.0,1.0,1.0,0.02,10,4940,0,0,1.0,0.0,1.0,25,100
0.0,1.0,0.0,1.0,1.0,0.04,10,4940,0,0,1.0,0.0,1.0,25,100
0.0,1.0,0.0,1.0,1.0,0.06,10,4940,0,0,1.0,0.0,1.0,25,100
0.0,1.0,0.0,1.0,1.0,0.08,10,4940,0,0,1.0,0.0,1.0,25,100
0.0,1.0,0.0,1.0,1.0,0.1,10,4940,0,0,1.0,0.0,1.0,25,100
0.0,1.0,0.0,1.0,1.0,0.12,10,4940,0,0,1.0,0.0,1.0,25,100
0.0,1.0,0.0,1.0,1.0,0.14,10,4940,0,0,1.0,0.0,1.0,25,100
0.0,1.0,0.0,1.0,1.0,0.16,10,4940,0,0,1.0,0.0,1.0,25,100
0.0,1.0,0.0,1.0,1.0,0.18,10,4940,0,0,1.0,0.0,1.0,25,100
0.0,1.0,0.0,1.0,1.0,0.2,10,4940,0,0,1.0,0.0,1.0,25,100
0.0,1.0,0.0,1.0,1.0,0.22,10,4940,0,0,1.0,0.0,1.0,25,100
0.0004048582995951417,1.0,0.16666666666666666,0.8333333333333334,1.0,0.24,10,4938,2,0,1.0,0.0004048582995951417,0.9995959595959596,25,100
0.0004048582995951417,1.0,0.16666666666666666,0.8333333333333334,1.0,0.26,10,4938,2,0,1.0,0.0004048582995951417,0.9995959595959596,25,100
0.0004048582995951417,1.0,0.16666666666666666,0.8333333333333334,1.0,0.28,10,4938,2,0,1.0,0.0004048582995951417,0.9995959595959596,25,100
0.0004048582995951417,1.0,0.16666666666666666,0.8333333333333334,1.0,0.3,10,4938,2,0,1.0,0.0004048582995951417,0.9995959595959596,25,100
0.0004048582995951417,1.0,0.16666666666666666,0.8333333333333334,1.0,0.32,10,4938,2,0,1.0,0.0004048582995951417,0.9995959595959596,25,100
0.0004048582995951417,1.0,0.16666666666666666,0.8333333333333334,1.0,0.34,10,4938,2,0,1.0,0.0004048582995951417,0.9995959595959596,25,100
0.0010121457489878543,1.0,0.3333333333333333,0.6666666666666666,1.0,0.36,10,4935,5,0,1.0,0.0010121457489878543,0.998989898989899,25,100
0.0010121457489878543,1.0,0.3333333333333333,0.6666666666666666,1.0,0.38,10,4935,5,0,1.0,0.0010121457489878543,0.998989898989899,25,100
0.0010121457489878543,1.0,0.3333333333333333,0.6666666666666666,1.0,0.4,10,4935,5,0,1.0,0.0010121457489878543,0.998989898989899,25,100
0.0010121457489878543,1.0,0.3333333333333333,0.6666666666666666,1.0,0.42,10,4935,5,0,1.0,0.0010121457489878543,0.998989898989899,25,100
0.0024291497975708503,1.0,0.5454545454545454,0.45454545454545453,1.0,0.44,10,4928,12,0,1.0,0.0024291497975708503,0.9975757575757576,25,100
0.0024291497975708503,1.0,0.5454545454545454,0.45454545454545453,1.0,0.46,10,4928,12,0,1.0,0.0024291497975708503,0.9975757575757576,25,100
0.0024291497975708503,1.0,0.5454545454545454,0.45454545454545453,1.0,0.48,10,4928,12,0,1.0,0.0024291497975708503,0.9975757575757576,25,100
0.0024291497975708503,1.0,0.5454545454545454,0.45454545454545453,1.0,0.5,10,4928,12,0,1.0,0.0024291497975708503,0.9975757575757576,25,100
0.0024291497975708503,1.0,0.5454545454545454,0.45454545454545453,1.0,0.52,10,4928,12,0,1.0,0.0024291497975708503,0.9975757575757576,25,100
0.004453441295546558,1.0,0.6875,0.3125,1.0,0.54,10,4918,22,0,1.0,0.004453441295546558,0.9955555555555555,25,100
0.004453441295546558,1.0,0.6875,0.3125,1.0,0.56,10,4918,22,0,1.0,0.004453441295546558,0.9955555555555555,25,100
0.008097165991902834,1.0,0.8,0.2,1.0,0.58,10,4900,40,0,1.0,0.008097165991902834,0.9919191919191919,25,100
0.008097165991902834,1.0,0.8,0.2,1.0,0.6,10,4900,40,0,1.0,0.008097165991902834,0.9919191919191919,25,100
0.008097165991902834,1.0,0.8,0.2,1.0,0.62,10,4900,40,0,1.0,0.008097165991902834,0.9919191919191919,25,100
0.008097165991902834,1.0,0.8,0.2,1.0,0.64,10,4900,40,0,1.0,0.008097165991902834,0.9919191919191919,25,100
0.008097165991902834,1.0,0.8,0.2,1.0,0.66,10,4900,40,0,1.0,0.008097165991902834,0.9919191919191919,25,100
0.012550607287449392,1.0,0.8611111111111112,0.1388888888888889,1.0,0.68,10,4878,62,0,1.0,0.012550607287449392,0.9874747474747475,25,100
0.012550607287449392,1.0,0.8611111111111112,0.1388888888888889,1.0,0.7,10,4878,62,0,1.0,0.012550607287449392,0.9874747474747475,25,100
0.020242914979757085,1.0,0.9090909090909091,0.09090909090909091,1.0,0.72,10,4840,100,0,1.0,0.020242914979757085,0.9797979797979798,25,100
0.020242914979757085,1.0,0.9090909090909091,0.09090909090909091,1.0,0.74,10,4840,100,0,1.0,0.020242914979757085,0.9797979797979798,25,100
0.020242914979757085,1.0,0.9090909090909091,0.09090909090909091,1.0,0.76,10,4840,100,0,1.0,0.020242914979757085,0.9797979797979798,25,100
0.020242914979757085,1.0,0.9090909090909091,0.09090909090909091,1.0,0.78,10,4840,100,0,1.0,0.020242914979757085,0.9797979797979798,25,100
0.030161943319838055,1.0,0.9371069182389937,0.06289308176100629,1.0,0.8,10,4791,149,0,1.0,0.030161943319838055,0.9698989898989899,25,100
0.030161943319838055,1.0,0.9371069182389937,0.06289308176100629,1.0,0.82,10,4791,149,0,1.0,0.030161943319838055,0.9698989898989899,25,100
0.030161943319838055,1.0,0.9371069182389937,0.06289308176100629,1.0,0.84,10,4791,149,0,1.0,0.030161943319838055,0.9698989898989899,25,100
0.0437246963562753,1.0,0.9557522123893806,0.04424778761061947,1.0,0.86,10,4724,216,0,1.0,0.0437246963562753,0.9563636363636364,25,100
0.0437246963562753,1.0,0.9557522123893806,0.04424778761061947,1.0,0.88,10,4724,216,0,1.0,0.0437246963562753,0.9563636363636364,25,100
0.0437246963562753,1.0,0.9557522123893806,0.04424778761061947,1.0,0.9,10,4724,216,0,1.0,0.0437246963562753,0.9563636363636364,25,100
0.06194331983805668,1.0,0.9683544303797469,0.03164556962025317,1.0,0.92,10,4634,306,0,1.0,0.06194331983805668,0.9381818181818182,25,100
0.06194331983805668,1.0,0.9683544303797469,0.03164556962025317,1.0,0.94,10,4634,306,0,1.0,0.06194331983805668,0.9381818181818182,25,100
0.08846153846153847,1.0,0.9776286353467561,0.02237136465324385,1.0,0.96,10,4503,437,0,1.0,0.08846153846153847,0.9117171717171717,25,100
0.08846153846153847,1.0,0.9776286353467561,0.02237136465324385,1.0,0.98,10,4503,437,0,1.0,0.08846153846153847,0.9117171717171717,25,100
0.8665991902834008,1.0,0.9976695408995572,0.0023304591004427873,1.0,1.0,10,659,4281,0,1.0,0.8665991902834008,0.13515151515151516,25,100
0.0,1.0,0.0,1.0,1.0,0.02,10,4940,0,0,1.0,0.0,1.0,26,100
0.0,1.0,0.0,1.0,1.0,0.04,10,4940,0,0,1.0,0.0,1.0,26,100
0.0,1.0,0.0,1.0,1.0,0.06,10,4940,0,0,1.0,0.0,1.0,26,100
0.0,1.0,0.0,1.0,1.0,0.08,10,4940,0,0,1.0,0.0,1.0,26,100
0.0,1.0,0.0,1.0,1.0,0.1,10,4940,0,0,1.0,0.0,1.0,26,100
0.0,1.0,0.0,1.0,1.0,0.12,10,4940,0,0,1.0,0.0,1.0,26,100
0.0,1.0,0.0,1.0,1.0,0.14,10,4940,0,0,1.0,0.0,1.0,26,100
0.0,1.0,0.0,1.0,1.0,0.16,10,4940,0,0,1.0,0.0,1.0,26,100
0.0,1.0,0.0,1.0,1.0,0.18,10,4940,0,0,1.0,0.0,1.0,26,100
0.0,1.0,0.0,1.0,1.0,0.2,10,4940,0,0,1.0,0.0,1.0,26,100
0.0,1.0,0.0,1.0,1.0,0.22,10,4940,0,0,1.0,0.0,1.0,26,100
0.0,1.0,0.0,1.0,1.0,0.24,10,4940,0,0,1.0,0.0,1.0,26,100
0.0,1.0,0.0,1.0,1.0,0.26,10,4940,0,0,1.0,0.0,1.0,26,100
0.0,1.0,0.0,1.0,1.0,0.28,10,4940,0,0,1.0,0.0,1.0,26,100
0.0,1.0,0.0,1.0,1.0,0.3,10,4940,0,0,1.0,0.0,1.0,26,100
0.0,1.0,0.0,1.0,1.0,0.32,10,4940,0,0,1.0,0.0,1.0,26,100
0.0,1.0,0.0,1.0,1.0,0.34,10,4940,0,0,1.0,0.0,1.0,26,100
0.0004048582995951417,1.0,0.16666666666666666,0.8333333333333334,1.0,0.36,10,4938,2,0,1.0,0.0004048582995951417,0.9995959595959596,26,100
0.0004048582995951417,1.0,0.16666666666666666,0.8333333333333334,1.0,0.38,10,4938,2,0,1.0,0.0004048582995951417,0.9995959595959596,26,100
0.0004048582995951417,1.0,0.16666666666666666,0.8333333333333334,1.0,0.4,10,4938,2,0,1.0,0.0004048582995951417,0.9995959595959596,26,100
0.0004048582995951417,1.0,0.16666666666666666,0.8333333333333334,1.0,0.42,10,4938,2,0,1.0,0.0004048582995951417,0.9995959595959596,26,100
0.0004048582995951417,1.0,0.16666666666666666,0.8333333333333334,1.0,0.44,10,4938,2,0,1.0,0.0004048582995951417,0.9995959595959596,26,100
0.0004048582995951417,1.0,0.16666666666666666,0.8333333333333334,1.0,0.46,10,4938,2,0,1.0,0.0004048582995951417,0.9995959595959596,26,100
0.0004048582995951417,1.0,0.16666666666666666,0.8333333333333334,1.0,0.48,10,4938,2,0,1.0,0.0004048582995951417,0.9995959595959596,26,100
0.0004048582995951417,1.0,0.16666666666666666,0.8333333333333334,1.0,0.5,10,4938,2,0,1.0,0.0004048582995951417,0.9995959595959596,26,100
0.0004048582995951417,1.0,0.16666666666666666,0.8333333333333334,1.0,0.52,10,4938,2,0,1.0,0.0004048582995951417,0.9995959595959596,26,100
0.0004048582995951417,1.0,0.16666666666666666,0.8333333333333334,1.0,0.54,10,4938,2,0,1.0,0.0004048582995951417,0.9995959595959596,26,100
0.0004048582995951417,1.0,0.16666666666666666,0.8333333333333334,1.0,0.56,10,4938,2,0,1.0,0.0004048582995951417,0.9995959595959596,26,100
0.0004048582995951417,1.0,0.16666666666666666,0.8333333333333334,1.0,0.58,10,4938,2,0,1.0,0.0004048582995951417,0.9995959595959596,26,100
0.0004048582995951417,1.0,0.16666666666666666,0.8333333333333334,1.0,0.6,10,4938,2,0,1.0,0.0004048582995951417,0.9995959595959596,26,100
0.0008097165991902834,1.0,0.2857142857142857,0.7142857142857143,1.0,0.62,10,4936,4,0,1.0,0.0008097165991902834,0.9991919191919192,26,100
0.0008097165991902834,1.0,0.2857142857142857,0.7142857142857143,1.0,0.64,10,4936,4,0,1.0,0.0008097165991902834,0.9991919191919192,26,100
0.0008097165991902834,1.0,0.2857142857142857,0.7142857142857143,1.0,0.66,10,4936,4,0,1.0,0.0008097165991902834,0.9991919191919192,26,100
0.0032388663967611335,1.0,0.6153846153846154,0.38461538461538464,1.0,0.68,10,4924,16,0,1.0,0.0032388663967611335,0.9967676767676767,26,100
0.0032388663967611335,1.0,0.6153846153846154,0.38461538461538464,1.0,0.7,10,4924,16,0,1.0,0.0032388663967611335,0.9967676767676767,26,100
0.0032388663967611335,1.0,0.6153846153846154,0.38461538461538464,1.0,0.72,10,4924,16,0,1.0,0.0032388663967611335,0.9967676767676767,26,100
0.0032388663967611335,1.0,0.6153846153846154,0.38461538461538464,1.0,0.74,10,4924,16,0,1.0,0.0032388663967611335,0.9967676767676767,26,100
0.0032388663967611335,1.0,0.6153846153846154,0.38461538461538464,1.0,0.76,10,4924,16,0,1.0,0.0032388663967611335,0.9967676767676767,26,100
0.0032388663967611335,1.0,0.6153846153846154,0.38461538461538464,1.0,0.78,10,4924,16,0,1.0,0.0032388663967611335,0.9967676767676767,26,100
0.0032388663967611335,1.0,0.6153846153846154,0.38461538461538464,1.0,0.8,10,4924,16,0,1.0,0.0032388663967611335,0.9967676767676767,26,100
0.0032388663967611335,1.0,0.6153846153846154,0.38461538461538464,1.0,0.82,10,4924,16,0,1.0,0.0032388663967611335,0.9967676767676767,26,100
0.0032388663967611335,1.0,0.6153846153846154,0.38461538461538464,1.0,0.84,10,4924,16,0,1.0,0.0032388663967611335,0.9967676767676767,26,100
0.0032388663967611335,1.0,0.6153846153846154,0.38461538461538464,1.0,0.86,10,4924,16,0,1.0,0.0032388663967611335,0.9967676767676767,26,100
0.0032388663967611335,1.0,0.6153846153846154,0.38461538461538464,1.0,0.88,10,4924,16,0,1.0,0.0032388663967611335,0.9967676767676767,26,100
0.0032388663967611335,1.0,0.6153846153846154,0.38461538461538464,1.0,0.9,10,4924,16,0,1.0,0.0032388663967611335,0.9967676767676767,26,100
0.022267206477732792,1.0,0.9166666666666666,0.08333333333333333,1.0,0.92,10,4830,110,0,1.0,0.022267206477732792,0.9777777777777777,26,100
0.022267206477732792,1.0,0.9166666666666666,0.08333333333333333,1.0,0.94,10,4830,110,0,1.0,0.022267206477732792,0.9777777777777777,26,100
0.022267206477732792,1.0,0.9166666666666666,0.08333333333333333,1.0,0.96,10,4830,110,0,1.0,0.022267206477732792,0.9777777777777777,26,100
0.022267206477732792,1.0,0.9166666666666666,0.08333333333333333,1.0,0.98,10,4830,110,0,1.0,0.022267206477732792,0.9777777777777777,26,100
0.407085020242915,1.0,0.9950519544779812,0.004948045522018802,1.0,1.0,10,2929,2011,0,1.0,0.407085020242915,0.5937373737373738,26,100
0.0,1.0,0.0,1.0,1.0,0.02,10,4940,0,0,1.0,0.0,1.0,27,100
0.0,1.0,0.0,1.0,1.0,0.04,10,4940,0,0,1.0,0.0,1.0,27,100
0.0,1.0,0.0,1.0,1.0,0.06,10,4940,0,0,1.0,0.0,1.0,27,100
0.0,1.0,0.0,1.0,1.0,0.08,10,4940,0,0,1.0,0.0,1.0,27,100
0.0,1.0,0.0,1.0,1.0,0.1,10,4940,0,0,1.0,0.0,1.0,27,100
0.0,1.0,0.0,1.0,1.0,0.12,10,4940,0,0,1.0,0.0,1.0,27,100
0.0,1.0,0.0,1.0,1.0,0.14,10,4940,0,0,1.0,0.0,1.0,27,100
0.0,1.0,0.0,1.0,1.0,0.16,10,4940,0,0,1.0,0.0,1.0,27,100
0.00020242914979757084,1.0,0.09090909090909091,0.9090909090909091,1.0,0.18,10,4939,1,0,1.0,0.00020242914979757084,0.9997979797979798,27,100
0.00020242914979757084,1.0,0.09090909090909091,0.9090909090909091,1.0,0.2,10,4939,1,0,1.0,0.00020242914979757084,0.9997979797979798,27,100
0.00020242914979757084,1.0,0.09090909090909091,0.9090909090909091,1.0,0.22,10,4939,1,0,1.0,0.00020242914979757084,0.9997979797979798,27,100
0.00020242914979757084,1.0,0.09090909090909091,0.9090909090909091,1.0,0.24,10,4939,1,0,1.0,0.00020242914979757084,0.9997979797979798,27,100
0.00020242914979757084,1.0,0.09090909090909091,0.9090909090909091,1.0,0.26,10,4939,1,0,1.0,0.00020242914979757084,0.9997979797979798,27,100
0.00020242914979757084,1.0,0.09090909090909091,0.9090909090909091,1.0,0.28,10,4939,1,0,1.0,0.00020242914979757084,0.9997979797979798,27,100
0.0008097165991902834,1.0,0.2857142857142857,0.7142857142857143,1.0,0.3,10,4936,4,0,1.0,0.0008097165991902834,0.9991919191919192,27,100
0.0008097165991902834,1.0,0.2857142857142857,0.7142857142857143,1.0,0.32,10,4936,4,0,1.0,0.0008097165991902834,0.9991919191919192,27,100
0.0008097165991902834,1.0,0.2857142857142857,0.7142857142857143,1.0,0.34,10,4936,4,0,1.0,0.0008097165991902834,0.9991919191919192,27,100
0.0008097165991902834,1.0,0.2857142857142857,0.7142857142857143,1.0,0.36,10,4936,4,0,1.0,0.0008097165991902834,0.9991919191919192,27,100
0.0008097165991902834,1.0,0.2857142857142857,0.7142857142857143,1.0,0.38,10,4936,4,0,1.0,0.0008097165991902834,0.9991919191919192,27,100
0.0008097165991902834,1.0,0.2857142857142857,0.7142857142857143,1.0,0.4,10,4936,4,0,1.0,0.0008097165991902834,0.9991919191919192,27,100
0.0018218623481781376,1.0,0.47368421052631576,0.5263157894736842,1.0,0.42,10,4931,9,0,1.0,0.0018218623481781376,0.9981818181818182,27,100
0.0018218623481781376,1.0,0.47368421052631576,0.5263157894736842,1.0,0.44,10,4931,9,0,1.0,0.0018218623481781376,0.9981818181818182,27,100
0.0018218623481781376,1.0,0.47368421052631576,0.5263157894736842,1.0,0.46,10,4931,9,0,1.0,0.0018218623481781376,0.9981818181818182,27,100
0.0018218623481781376,1.0,0.47368421052631576,0.5263157894736842,1.0,0.48,10,4931,9,0,1.0,0.0018218623481781376,0.9981818181818182,27,100
0.0018218623481781376,1.0,0.47368421052631576,0.5263157894736842,1.0,0.5,10,4931,9,0,1.0,0.0018218623481781376,0.9981818181818182,27,100
0.0018218623481781376,1.0,0.47368421052631576,0.5263157894736842,1.0,0.52,10,4931,9,0,1.0,0.0018218623481781376,0.9981818181818182,27,100
0.0018218623481781376,1.0,0.47368421052631576,0.5263157894736842,1.0,0.54,10,4931,9,0,1.0,0.0018218623481781376,0.9981818181818182,27,100
0.0018218623481781376,1.0,0.47368421052631576,0.5263157894736842,1.0,0.56,10,4931,9,0,1.0,0.0018218623481781376,0.9981818181818182,27,100
0.0034412955465587046,1.0,0.6296296296296297,0.37037037037037035,1.0,0.58,10,4923,17,0,1.0,0.0034412955465587046,0.9965656565656565,27,100
0.0034412955465587046,1.0,0.6296296296296297,0.37037037037037035,1.0,0.6,10,4923,17,0,1.0,0.0034412955465587046,0.9965656565656565,27,100
0.0034412955465587046,1.0,0.6296296296296297,0.37037037037037035,1.0,0.62,10,4923,17,0,1.0,0.0034412955465587046,0.9965656565656565,27,100
0.0034412955465587046,1.0,0.6296296296296297,0.37037037037037035,1.0,0.64,10,4923,17,0,1.0,0.0034412955465587046,0.9965656565656565,27,100
0.0034412955465587046,1.0,0.6296296296296297,0.37037037037037035,1.0,0.66,10,4923,17,0,1.0,0.0034412955465587046,0.9965656565656565,27,100
0.0034412955465587046,1.0,0.6296296296296297,0.37037037037037035,1.0,0.68,10,4923,17,0,1.0,0.0034412955465587046,0.9965656565656565,27,100
0.0034412955465587046,1.0,0.6296296296296297,0.37037037037037035,1.0,0.7,10,4923,17,0,1.0,0.0034412955465587046,0.9965656565656565,27,100
0.0034412955465587046,1.0,0.6296296296296297,0.37037037037037035,1.0,0.72,10,4923,17,0,1.0,0.0034412955465587046,0.9965656565656565,27,100
0.0034412955465587046,1.0,0.6296296296296297,0.37037037037037035,1.0,0.74,10,4923,17,0,1.0,0.0034412955465587046,0.9965656565656565,27,100
0.0034412955465587046,1.0,0.6296296296296297,0.37037037037037035,1.0,0.76,10,4923,17,0,1.0,0.0034412955465587046,0.9965656565656565,27,100
0.0034412955465587046,1.0,0.6296296296296297,0.37037037037037035,1.0,0.78,10,4923,17,0,1.0,0.0034412955465587046,0.9965656565656565,27,100
0.0034412955465587046,1.0,0.6296296296296297,0.37037037037037035,1.0,0.8,10,4923,17,0,1.0,0.0034412955465587046,0.9965656565656565,27,100
0.005060728744939271,1.0,0.7142857142857143,0.2857142857142857,1.0,0.82,10,4915,25,0,1.0,0.005060728744939271,0.9949494949494949,27,100
0.005060728744939271,1.0,0.7142857142857143,0.2857142857142857,1.0,0.84,10,4915,25,0,1.0,0.005060728744939271,0.9949494949494949,27,100
0.005060728744939271,1.0,0.7142857142857143,0.2857142857142857,1.0,0.86,10,4915,25,0,1.0,0.005060728744939271,0.9949494949494949,27,100
0.005060728744939271,1.0,0.7142857142857143,0.2857142857142857,1.0,0.88,10,4915,25,0,1.0,0.005060728744939271,0.9949494949494949,27,100
0.005060728744939271,1.0,0.7142857142857143,0.2857142857142857,1.0,0.9,10,4915,25,0,1.0,0.005060728744939271,0.9949494949494949,27,100
0.005060728744939271,1.0,0.7142857142857143,0.2857142857142857,1.0,0.92,10,4915,25,0,1.0,0.005060728744939271,0.9949494949494949,27,100
0.005060728744939271,1.0,0.7142857142857143,0.2857142857142857,1.0,0.94,10,4915,25,0,1.0,0.005060728744939271,0.9949494949494949,27,100
0.008906882591093117,1.0,0.8148148148148148,0.18518518518518517,1.0,0.96,10,4896,44,0,1.0,0.008906882591093117,0.9911111111111112,27,100
0.008906882591093117,1.0,0.8148148148148148,0.18518518518518517,1.0,0.98,10,4896,44,0,1.0,0.008906882591093117,0.9911111111111112,27,100
0.008906882591093117,1.0,0.8148148148148148,0.18518518518518517,1.0,1.0,10,4896,44,0,1.0,0.008906882591093117,0.9911111111111112,27,100
0.0,1.0,0.0,1.0,1.0,0.02,10,4940,0,0,1.0,0.0,1.0,28,100
0.0,1.0,0.0,1.0,1.0,0.04,10,4940,0,0,1.0,0.0,1.0,28,100
0.0,1.0,0.0,1.0,1.0,0.06,10,4940,0,0,1.0,0.0,1.0,28,100
0.0,1.0,0.0,1.0,1.0,0.08,10,4940,0,0,1.0,0.0,1.0,28,100
0.0,1.0,0.0,1.0,1.0,0.1,10,4940,0,0,1.0,0.0,1.0,28,100
0.0,1.0,0.0,1.0,1.0,0.12,10,4940,0,0,1.0,0.0,1.0,28,100
0.0,1.0,0.0,1.0,1.0,0.14,10,4940,0,0,1.0,0.0,1.0,28,100
0.0004048582995951417,1.0,0.16666666666666666,0.8333333333333334,1.0,0.16,10,4938,2,0,1.0,0.0004048582995951417,0.9995959595959596,28,100
0.0004048582995951417,1.0,0.16666666666666666,0.8333333333333334,1.0,0.18,10,4938,2,0,1.0,0.0004048582995951417,0.9995959595959596,28,100
0.0004048582995951417,1.0,0.16666666666666666,0.8333333333333334,1.0,0.2,10,4938,2,0,1.0,0.0004048582995951417,0.9995959595959596,28,100
0.0004048582995951417,1.0,0.16666666666666666,0.8333333333333334,1.0,0.22,10,4938,2,0,1.0,0.0004048582995951417,0.9995959595959596,28,100
0.0004048582995951417,1.0,0.16666666666666666,0.8333333333333334,1.0,0.24,10,4938,2,0,1.0,0.0004048582995951417,0.9995959595959596,28,100
0.0004048582995951417,1.0,0.16666666666666666,0.8333333333333334,1.0,0.26,10,4938,2,0,1.0,0.0004048582995951417,0.9995959595959596,28,100
0.0012145748987854252,1.0,0.375,0.625,1.0,0.28,10,4934,6,0,1.0,0.0012145748987854252,0.9987878787878788,28,100
0.0012145748987854252,1.0,0.375,0.625,1.0,0.3,10,4934,6,0,1.0,0.0012145748987854252,0.9987878787878788,28,100
0.0012145748987854252,1.0,0.375,0.625,1.0,0.32,10,4934,6,0,1.0,0.0012145748987854252,0.9987878787878788,28,100
0.0012145748987854252,1.0,0.375,0.625,1.0,0.34,10,4934,6,0,1.0,0.0012145748987854252,0.9987878787878788,28,100
0.0012145748987854252,1.0,0.375,0.625,1.0,0.36,10,4934,6,0,1.0,0.0012145748987854252,0.9987878787878788,28,100
0.0012145748987854252,1.0,0.375,0.625,1.0,0.38,10,4934,6,0,1.0,0.0012145748987854252,0.9987878787878788,28,100
0.0012145748987854252,1.0,0.375,0.625,1.0,0.4,10,4934,6,0,1.0,0.0012145748987854252,0.9987878787878788,28,100
0.0012145748987854252,1.0,0.375,0.625,1.0,0.42,10,4934,6,0,1.0,0.0012145748987854252,0.9987878787878788,28,100
0.0012145748987854252,1.0,0.375,0.625,1.0,0.44,10,4934,6,0,1.0,0.0012145748987854252,0.9987878787878788,28,100
0.0012145748987854252,1.0,0.375,0.625,1.0,0.46,10,4934,6,0,1.0,0.0012145748987854252,0.9987878787878788,28,100
0.0020242914979757085,1.0,0.5,0.5,1.0,0.48,10,4930,10,0,1.0,0.0020242914979757085,0.997979797979798,28,100
0.0020242914979757085,1.0,0.5,0.5,1.0,0.5,10,4930,10,0,1.0,0.0020242914979757085,0.997979797979798,28,100
0.0020242914979757085,1.0,0.5,0.5,1.0,0.52,10,4930,10,0,1.0,0.0020242914979757085,0.997979797979798,28,100
0.0020242914979757085,1.0,0.5,0.5,1.0,0.54,10,4930,10,0,1.0,0.0020242914979757085,0.997979797979798,28,100
0.0020242914979757085,1.0,0.5,0.5,1.0,0.56,10,4930,10,0,1.0,0.0020242914979757085,0.997979797979798,28,100
0.0020242914979757085,1.0,0.5,0.5,1.0,0.58,10,4930,10,0,1.0,0.0020242914979757085,0.997979797979798,28,100
0.0020242914979757085,1.0,0.5,0.5,1.0,0.6,10,4930,10,0,1.0,0.0020242914979757085,0.997979797979798,28,100
0.004858299595141701,1.0,0.7058823529411765,0.29411764705882354,1.0,0.62,10,4916,24,0,1.0,0.004858299595141701,0.9951515151515151,28,100
0.004858299595141701,1.0,0.7058823529411765,0.29411764705882354,1.0,0.64,10,4916,24,0,1.0,0.004858299595141701,0.9951515151515151,28,100
0.004858299595141701,1.0,0.7058823529411765,0.29411764705882354,1.0,0.66,10,4916,24,0,1.0,0.004858299595141701,0.9951515151515151,28,100
0.004858299595141701,1.0,0.7058823529411765,0.29411764705882354,1.0,0.68,10,4916,24,0,1.0,0.004858299595141701,0.9951515151515151,28,100
0.004858299595141701,1.0,0.7058823529411765,0.29411764705882354,1.0,0.7,10,4916,24,0,1.0,0.004858299595141701,0.9951515151515151,28,100
0.004858299595141701,1.0,0.7058823529411765,0.29411764705882354,1.0,0.72,10,4916,24,0,1.0,0.004858299595141701,0.9951515151515151,28,100
0.009919028340080972,1.0,0.8305084745762712,0.1694915254237288,1.0,0.74,10,4891,49,0,1.0,0.009919028340080972,0.9901010101010101,28,100
0.009919028340080972,1.0,0.8305084745762712,0.1694915254237288,1.0,0.76,10,4891,49,0,1.0,0.009919028340080972,0.9901010101010101,28,100
0.009919028340080972,1.0,0.8305084745762712,0.1694915254237288,1.0,0.78,10,4891,49,0,1.0,0.009919028340080972,0.9901010101010101,28,100
0.009919028340080972,1.0,0.8305084745762712,0.1694915254237288,1.0,0.8,10,4891,49,0,1.0,0.009919028340080972,0.9901010101010101,28,100
0.009919028340080972,1.0,0.8305084745762712,0.1694915254237288,1.0,0.82,10,4891,49,0,1.0,0.009919028340080972,0.9901010101010101,28,100
0.009919028340080972,1.0,0.8305084745762712,0.1694915254237288,1.0,0.84,10,4891,49,0,1.0,0.009919028340080972,0.9901010101010101,28,100
0.009919028340080972,1.0,0.8305084745762712,0.1694915254237288,1.0,0.86,10,4891,49,0,1.0,0.009919028340080972,0.9901010101010101,28,100
0.009919028340080972,1.0,0.8305084745762712,0.1694915254237288,1.0,0.88,10,4891,49,0,1.0,0.009919028340080972,0.9901010101010101,28,100
0.017408906882591092,1.0,0.8958333333333334,0.10416666666666667,1.0,0.9,10,4854,86,0,1.0,0.017408906882591092,0.9826262626262626,28,100
0.017408906882591092,1.0,0.8958333333333334,0.10416666666666667,1.0,0.92,10,4854,86,0,1.0,0.017408906882591092,0.9826262626262626,28,100
0.017408906882591092,1.0,0.8958333333333334,0.10416666666666667,1.0,0.94,10,4854,86,0,1.0,0.017408906882591092,0.9826262626262626,28,100
0.017408906882591092,1.0,0.8958333333333334,0.10416666666666667,1.0,0.96,10,4854,86,0,1.0,0.017408906882591092,0.9826262626262626,28,100
0.017408906882591092,1.0,0.8958333333333334,0.10416666666666667,1.0,0.98,10,4854,86,0,1.0,0.017408906882591092,0.9826262626262626,28,100
0.6348178137651822,1.0,0.9968213604577241,0.003178639542275906,1.0,1.0,10,1804,3136,0,1.0,0.6348178137651822,0.36646464646464644,28,100
0.0,1.0,0.0,1.0,1.0,0.02,10,4940,0,0,1.0,0.0,1.0,29,100
0.0,1.0,0.0,1.0,1.0,0.04,10,4940,0,0,1.0,0.0,1.0,29,100
0.0,1.0,0.0,1.0,1.0,0.06,10,4940,0,0,1.0,0.0,1.0,29,100
0.0,1.0,0.0,1.0,1.0,0.08,10,4940,0,0,1.0,0.0,1.0,29,100
0.0,1.0,0.0,1.0,1.0,0.1,10,4940,0,0,1.0,0.0,1.0,29,100
0.0004048582995951417,1.0,0.16666666666666666,0.8333333333333334,1.0,0.12,10,4938,2,0,1.0,0.0004048582995951417,0.9995959595959596,29,100
0.0004048582995951417,1.0,0.16666666666666666,0.8333333333333334,1.0,0.14,10,4938,2,0,1.0,0.0004048582995951417,0.9995959595959596,29,100
0.0004048582995951417,1.0,0.16666666666666666,0.8333333333333334,1.0,0.16,10,4938,2,0,1.0,0.0004048582995951417,0.9995959595959596,29,100
0.0004048582995951417,1.0,0.16666666666666666,0.8333333333333334,1.0,0.18,10,4938,2,0,1.0,0.0004048582995951417,0.9995959595959596,29,100
0.0008097165991902834,1.0,0.2857142857142857,0.7142857142857143,1.0,0.2,10,4936,4,0,1.0,0.0008097165991902834,0.9991919191919192,29,100
0.0008097165991902834,1.0,0.2857142857142857,0.7142857142857143,1.0,0.22,10,4936,4,0,1.0,0.0008097165991902834,0.9991919191919192,29,100
0.0008097165991902834,1.0,0.2857142857142857,0.7142857142857143,1.0,0.24,10,4936,4,0,1.0,0.0008097165991902834,0.9991919191919192,29,100
0.0008097165991902834,1.0,0.2857142857142857,0.7142857142857143,1.0,0.26,10,4936,4,0,1.0,0.0008097165991902834,0.9991919191919192,29,100
0.0008097165991902834,1.0,0.2857142857142857,0.7142857142857143,1.0,0.28,10,4936,4,0,1.0,0.0008097165991902834,0.9991919191919192,29,100
0.0008097165991902834,1.0,0.2857142857142857,0.7142857142857143,1.0,0.3,10,4936,4,0,1.0,0.0008097165991902834,0.9991919191919192,29,100
0.0008097165991902834,1.0,0.2857142857142857,0.7142857142857143,1.0,0.32,10,4936,4,0,1.0,0.0008097165991902834,0.9991919191919192,29,100
0.0008097165991902834,1.0,0.2857142857142857,0.7142857142857143,1.0,0.34,10,4936,4,0,1.0,0.0008097165991902834,0.9991919191919192,29,100
0.0012145748987854252,1.0,0.375,0.625,1.0,0.36,10,4934,6,0,1.0,0.0012145748987854252,0.9987878787878788,29,100
0.0012145748987854252,1.0,0.375,0.625,1.0,0.38,10,4934,6,0,1.0,0.0012145748987854252,0.9987878787878788,29,100
0.0012145748987854252,1.0,0.375,0.625,1.0,0.4,10,4934,6,0,1.0,0.0012145748987854252,0.9987878787878788,29,100
0.0012145748987854252,1.0,0.375,0.625,1.0,0.42,10,4934,6,0,1.0,0.0012145748987854252,0.9987878787878788,29,100
0.0012145748987854252,1.0,0.375,0.625,1.0,0.44,10,4934,6,0,1.0,0.0012145748987854252,0.9987878787878788,29,100
0.0012145748987854252,1.0,0.375,0.625,1.0,0.46,10,4934,6,0,1.0,0.0012145748987854252,0.9987878787878788,29,100
0.0012145748987854252,1.0,0.375,0.625,1.0,0.48,10,4934,6,0,1.0,0.0012145748987854252,0.9987878787878788,29,100
0.0012145748987854252,1.0,0.375,0.625,1.0,0.5,10,4934,6,0,1.0,0.0012145748987854252,0.9987878787878788,29,100
0.0024291497975708503,1.0,0.5454545454545454,0.45454545454545453,1.0,0.52,10,4928,12,0,1.0,0.0024291497975708503,0.9975757575757576,29,100
0.0024291497975708503,1.0,0.5454545454545454,0.45454545454545453,1.0,0.54,10,4928,12,0,1.0,0.0024291497975708503,0.9975757575757576,29,100
0.0024291497975708503,1.0,0.5454545454545454,0.45454545454545453,1.0,0.56,10,4928,12,0,1.0,0.0024291497975708503,0.9975757575757576,29,100
0.0024291497975708503,1.0,0.5454545454545454,0.45454545454545453,1.0,0.58,10,4928,12,0,1.0,0.0024291497975708503,0.9975757575757576,29,100
0.0024291497975708503,1.0,0.5454545454545454,0.45454545454545453,1.0,0.6,10,4928,12,0,1.0,0.0024291497975708503,0.9975757575757576,29,100
0.0024291497975708503,1.0,0.5454545454545454,0.45454545454545453,1.0,0.62,10,4928,12,0,1.0,0.0024291497975708503,0.9975757575757576,29,100
0.0024291497975708503,1.0,0.5454545454545454,0.45454545454545453,1.0,0.64,10,4928,12,0,1.0,0.0024291497975708503,0.9975757575757576,29,100
0.00465587044534413,1.0,0.696969696969697,0.30303030303030304,1.0,0.66,10,4917,23,0,1.0,0.00465587044534413,0.9953535353535353,29,100
0.00465587044534413,1.0,0.696969696969697,0.30303030303030304,1.0,0.68,10,4917,23,0,1.0,0.00465587044534413,0.9953535353535353,29,100
0.00465587044534413,1.0,0.696969696969697,0.30303030303030304,1.0,0.7,10,4917,23,0,1.0,0.00465587044534413,0.9953535353535353,29,100
0.00465587044534413,1.0,0.696969696969697,0.30303030303030304,1.0,0.72,10,4917,23,0,1.0,0.00465587044534413,0.9953535353535353,29,100
0.00465587044534413,1.0,0.696969696969697,0.30303030303030304,1.0,0.74,10,4917,23,0,1.0,0.00465587044534413,0.9953535353535353,29,100
0.00465587044534413,1.0,0.696969696969697,0.30303030303030304,1.0,0.76,10,4917,23,0,1.0,0.00465587044534413,0.9953535353535353,29,100
0.00465587044534413,1.0,0.696969696969697,0.30303030303030304,1.0,0.78,10,4917,23,0,1.0,0.00465587044534413,0.9953535353535353,29,100
0.00465587044534413,1.0,0.696969696969697,0.30303030303030304,1.0,0.8,10,4917,23,0,1.0,0.00465587044534413,0.9953535353535353,29,100
0.00465587044534413,1.0,0.696969696969697,0.30303030303030304,1.0,0.82,10,4917,23,0,1.0,0.00465587044534413,0.9953535353535353,29,100
0.02834008097165992,1.0,0.9333333333333333,0.06666666666666667,1.0,0.84,10,4800,140,0,1.0,0.02834008097165992,0.9717171717171718,29,100
0.04696356275303644,1.0,0.9586776859504132,0.04132231404958678,1.0,0.86,10,4708,232,0,1.0,0.04696356275303644,0.9531313131313132,29,100
0.04696356275303644,1.0,0.9586776859504132,0.04132231404958678,1.0,0.88,10,4708,232,0,1.0,0.04696356275303644,0.9531313131313132,29,100
0.04696356275303644,1.0,0.9586776859504132,0.04132231404958678,1.0,0.9,10,4708,232,0,1.0,0.04696356275303644,0.9531313131313132,29,100
0.0708502024291498,1.0,0.9722222222222222,0.027777777777777776,1.0,0.92,10,4590,350,0,1.0,0.0708502024291498,0.9292929292929293,29,100
0.0708502024291498,1.0,0.9722222222222222,0.027777777777777776,1.0,0.94,10,4590,350,0,1.0,0.0708502024291498,0.9292929292929293,29,100
0.10688259109311742,1.0,0.9814126394052045,0.01858736059479554,1.0,0.96,10,4412,528,0,1.0,0.10688259109311742,0.8933333333333333,29,100
0.15829959514170042,1.0,0.9873737373737373,0.012626262626262626,1.0,0.98,10,4158,782,0,1.0,0.15829959514170042,0.842020202020202,29,100
0.8435222672064777,1.0,0.9976059372755566,0.0023940627244433805,1.0,1.0,10,773,4167,0,1.0,0.8435222672064777,0.15818181818181817,29,100
0.0,1.0,0.0,1.0,1.0,0.02,10,4940,0,0,1.0,0.0,1.0,30,100
0.0,1.0,0.0,1.0,1.0,0.04,10,4940,0,0,1.0,0.0,1.0,30,100
0.0,1.0,0.0,1.0,1.0,0.06,10,4940,0,0,1.0,0.0,1.0,30,100
0.0,1.0,0.0,1.0,1.0,0.08,10,4940,0,0,1.0,0.0,1.0,30,100
0.0,1.0,0.0,1.0,1.0,0.1,10,4940,0,0,1.0,0.0,1.0,30,100
0.00020242914979757084,1.0,0.09090909090909091,0.9090909090909091,1.0,0.12,10,4939,1,0,1.0,0.00020242914979757084,0.9997979797979798,30,100
0.00020242914979757084,1.0,0.09090909090909091,0.9090909090909091,1.0,0.14,10,4939,1,0,1.0,0.00020242914979757084,0.9997979797979798,30,100
0.00020242914979757084,1.0,0.09090909090909091,0.9090909090909091,1.0,0.16,10,4939,1,0,1.0,0.00020242914979757084,0.9997979797979798,30,100
0.00020242914979757084,1.0,0.09090909090909091,0.9090909090909091,1.0,0.18,10,4939,1,0,1.0,0.00020242914979757084,0.9997979797979798,30,100
0.00020242914979757084,1.0,0.09090909090909091,0.9090909090909091,1.0,0.2,10,4939,1,0,1.0,0.00020242914979757084,0.9997979797979798,30,100
0.00020242914979757084,1.0,0.09090909090909091,0.9090909090909091,1.0,0.22,10,4939,1,0,1.0,0.00020242914979757084,0.9997979797979798,30,100
0.00020242914979757084,1.0,0.09090909090909091,0.9090909090909091,1.0,0.24,10,4939,1,0,1.0,0.00020242914979757084,0.9997979797979798,30,100
0.00020242914979757084,1.0,0.09090909090909091,0.9090909090909091,1.0,0.26,10,4939,1,0,1.0,0.00020242914979757084,0.9997979797979798,30,100
0.00020242914979757084,1.0,0.09090909090909091,0.9090909090909091,1.0,0.28,10,4939,1,0,1.0,0.00020242914979757084,0.9997979797979798,30,100
0.00020242914979757084,1.0,0.09090909090909091,0.9090909090909091,1.0,0.3,10,4939,1,0,1.0,0.00020242914979757084,0.9997979797979798,30,100
0.00020242914979757084,1.0,0.09090909090909091,0.9090909090909091,1.0,0.32,10,4939,1,0,1.0,0.00020242914979757084,0.9997979797979798,30,100
0.00020242914979757084,1.0,0.09090909090909091,0.9090909090909091,1.0,0.34,10,4939,1,0,1.0,0.00020242914979757084,0.9997979797979798,30,100
0.00020242914979757084,1.0,0.09090909090909091,0.9090909090909091,1.0,0.36,10,4939,1,0,1.0,0.00020242914979757084,0.9997979797979798,30,100
0.00020242914979757084,1.0,0.09090909090909091,0.9090909090909091,1.0,0.38,10,4939,1,0,1.0,0.00020242914979757084,0.9997979797979798,30,100
0.0006072874493927126,1.0,0.23076923076923078,0.7692307692307693,1.0,0.4,10,4937,3,0,1.0,0.0006072874493927126,0.9993939393939394,30,100
0.0006072874493927126,1.0,0.23076923076923078,0.7692307692307693,1.0,0.42,10,4937,3,0,1.0,0.0006072874493927126,0.9993939393939394,30,100
0.0006072874493927126,1.0,0.23076923076923078,0.7692307692307693,1.0,0.44,10,4937,3,0,1.0,0.0006072874493927126,0.9993939393939394,30,100
0.0006072874493927126,1.0,0.23076923076923078,0.7692307692307693,1.0,0.46,10,4937,3,0,1.0,0.0006072874493927126,0.9993939393939394,30,100
0.0006072874493927126,1.0,0.23076923076923078,0.7692307692307693,1.0,0.48,10,4937,3,0,1.0,0.0006072874493927126,0.9993939393939394,30,100
0.0006072874493927126,1.0,0.23076923076923078,0.7692307692307693,1.0,0.5,10,4937,3,0,1.0,0.0006072874493927126,0.9993939393939394,30,100
0.0006072874493927126,1.0,0.23076923076923078,0.7692307692307693,1.0,0.52,10,4937,3,0,1.0,0.0006072874493927126,0.9993939393939394,30,100
0.0006072874493927126,1.0,0.23076923076923078,0.7692307692307693,1.0,0.54,10,4937,3,0,1.0,0.0006072874493927126,0.9993939393939394,30,100
0.0006072874493927126,1.0,0.23076923076923078,0.7692307692307693,1.0,0.56,10,4937,3,0,1.0,0.0006072874493927126,0.9993939393939394,30,100
0.0006072874493927126,1.0,0.23076923076923078,0.7692307692307693,1.0,0.58,10,4937,3,0,1.0,0.0006072874493927126,0.9993939393939394,30,100
0.0006072874493927126,1.0,0.23076923076923078,0.7692307692307693,1.0,0.6,10,4937,3,0,1.0,0.0006072874493927126,0.9993939393939394,30,100
0.0006072874493927126,1.0,0.23076923076923078,0.7692307692307693,1.0,0.62,10,4937,3,0,1.0,0.0006072874493927126,0.9993939393939394,30,100
0.0006072874493927126,1.0,0.23076923076923078,0.7692307692307693,1.0,0.64,10,4937,3,0,1.0,0.0006072874493927126,0.9993939393939394,30,100
0.0032388663967611335,1.0,0.6153846153846154,0.38461538461538464,1.0,0.66,10,4924,16,0,1.0,0.0032388663967611335,0.9967676767676767,30,100
0.0032388663967611335,1.0,0.6153846153846154,0.38461538461538464,1.0,0.68,10,4924,16,0,1.0,0.0032388663967611335,0.9967676767676767,30,100
0.0032388663967611335,1.0,0.6153846153846154,0.38461538461538464,1.0,0.7,10,4924,16,0,1.0,0.0032388663967611335,0.9967676767676767,30,100
0.0032388663967611335,1.0,0.6153846153846154,0.38461538461538464,1.0,0.72,10,4924,16,0,1.0,0.0032388663967611335,0.9967676767676767,30,100
0.0032388663967611335,1.0,0.6153846153846154,0.38461538461538464,1.0,0.74,10,4924,16,0,1.0,0.0032388663967611335,0.9967676767676767,30,100
0.0032388663967611335,1.0,0.6153846153846154,0.38461538461538464,1.0,0.76,10,4924,16,0,1.0,0.0032388663967611335,0.9967676767676767,30,100
0.0032388663967611335,1.0,0.6153846153846154,0.38461538461538464,1.0,0.78,10,4924,16,0,1.0,0.0032388663967611335,0.9967676767676767,30,100
0.0032388663967611335,1.0,0.6153846153846154,0.38461538461538464,1.0,0.8,10,4924,16,0,1.0,0.0032388663967611335,0.9967676767676767,30,100
0.0032388663967611335,1.0,0.6153846153846154,0.38461538461538464,1.0,0.82,10,4924,16,0,1.0,0.0032388663967611335,0.9967676767676767,30,100
0.0032388663967611335,1.0,0.6153846153846154,0.38461538461538464,1.0,0.84,10,4924,16,0,1.0,0.0032388663967611335,0.9967676767676767,30,100
0.0032388663967611335,1.0,0.6153846153846154,0.38461538461538464,1.0,0.86,10,4924,16,0,1.0,0.0032388663967611335,0.9967676767676767,30,100
0.005060728744939271,1.0,0.7142857142857143,0.2857142857142857,1.0,0.88,10,4915,25,0,1.0,0.005060728744939271,0.9949494949494949,30,100
0.005060728744939271,1.0,0.7142857142857143,0.2857142857142857,1.0,0.9,10,4915,25,0,1.0,0.005060728744939271,0.9949494949494949,30,100
0.07165991902834008,1.0,0.9725274725274725,0.027472527472527472,1.0,0.92,10,4586,354,0,1.0,0.07165991902834008,0.9284848484848485,30,100
0.15263157894736842,1.0,0.9869109947643979,0.013089005235602094,1.0,0.94,10,4186,754,0,1.0,0.15263157894736842,0.8476767676767677,30,100
0.21052631578947367,1.0,0.9904761904761905,0.009523809523809525,1.0,0.96,10,3900,1040,0,1.0,0.21052631578947367,0.7898989898989899,30,100
0.27692307692307694,1.0,0.9927431059506531,0.00725689404934688,1.0,0.98,10,3572,1368,0,1.0,0.27692307692307694,0.7236363636363636,30,100
0.5840080971659919,1.0,0.9965457685664939,0.0034542314335060447,1.0,1.0,10,2055,2885,0,1.0,0.5840080971659919,0.4171717171717172,30,100
0.0,1.0,0.0,1.0,1.0,0.02,10,4940,0,0,1.0,0.0,1.0,31,100
0.0,1.0,0.0,1.0,1.0,0.04,10,4940,0,0,1.0,0.0,1.0,31,100
0.0,1.0,0.0,1.0,1.0,0.06,10,4940,0,0,1.0,0.0,1.0,31,100
0.0,1.0,0.0,1.0,1.0,0.08,10,4940,0,0,1.0,0.0,1.0,31,100
0.0,1.0,0.0,1.0,1.0,0.1,10,4940,0,0,1.0,0.0,1.0,31,100
0.00020242914979757084,1.0,0.09090909090909091,0.9090909090909091,1.0,0.12,10,4939,1,0,1.0,0.00020242914979757084,0.9997979797979798,31,100
0.00020242914979757084,1.0,0.09090909090909091,0.9090909090909091,1.0,0.14,10,4939,1,0,1.0,0.00020242914979757084,0.9997979797979798,31,100
0.00020242914979757084,1.0,0.09090909090909091,0.9090909090909091,1.0,0.16,10,4939,1,0,1.0,0.00020242914979757084,0.9997979797979798,31,100
0.00020242914979757084,1.0,0.09090909090909091,0.9090909090909091,1.0,0.18,10,4939,1,0,1.0,0.00020242914979757084,0.9997979797979798,31,100
0.00020242914979757084,1.0,0.09090909090909091,0.9090909090909091,1.0,0.2,10,4939,1,0,1.0,0.00020242914979757084,0.9997979797979798,31,100
0.0008097165991902834,1.0,0.2857142857142857,0.7142857142857143,1.0,0.22,10,4936,4,0,1.0,0.0008097165991902834,0.9991919191919192,31,100
0.0008097165991902834,1.0,0.2857142857142857,0.7142857142857143,1.0,0.24,10,4936,4,0,1.0,0.0008097165991902834,0.9991919191919192,31,100
0.0008097165991902834,1.0,0.2857142857142857,0.7142857142857143,1.0,0.26,10,4936,4,0,1.0,0.0008097165991902834,0.9991919191919192,31,100
0.0008097165991902834,1.0,0.2857142857142857,0.7142857142857143,1.0,0.28,10,4936,4,0,1.0,0.0008097165991902834,0.9991919191919192,31,100
0.0008097165991902834,1.0,0.2857142857142857,0.7142857142857143,1.0,0.3,10,4936,4,0,1.0,0.0008097165991902834,0.9991919191919192,31,100
0.0008097165991902834,1.0,0.2857142857142857,0.7142857142857143,1.0,0.32,10,4936,4,0,1.0,0.0008097165991902834,0.9991919191919192,31,100
0.0008097165991902834,1.0,0.2857142857142857,0.7142857142857143,1.0,0.34,10,4936,4,0,1.0,0.0008097165991902834,0.9991919191919192,31,100
0.0008097165991902834,1.0,0.2857142857142857,0.7142857142857143,1.0,0.36,10,4936,4,0,1.0,0.0008097165991902834,0.9991919191919192,31,100
0.0008097165991902834,1.0,0.2857142857142857,0.7142857142857143,1.0,0.38,10,4936,4,0,1.0,0.0008097165991902834,0.9991919191919192,31,100
0.0008097165991902834,1.0,0.2857142857142857,0.7142857142857143,1.0,0.4,10,4936,4,0,1.0,0.0008097165991902834,0.9991919191919192,31,100
0.0008097165991902834,1.0,0.2857142857142857,0.7142857142857143,1.0,0.42,10,4936,4,0,1.0,0.0008097165991902834,0.9991919191919192,31,100
0.0012145748987854252,1.0,0.375,0.625,1.0,0.44,10,4934,6,0,1.0,0.0012145748987854252,0.9987878787878788,31,100
0.0012145748987854252,1.0,0.375,0.625,1.0,0.46,10,4934,6,0,1.0,0.0012145748987854252,0.9987878787878788,31,100
0.0012145748987854252,1.0,0.375,0.625,1.0,0.48,10,4934,6,0,1.0,0.0012145748987854252,0.9987878787878788,31,100
0.0012145748987854252,1.0,0.375,0.625,1.0,0.5,10,4934,6,0,1.0,0.0012145748987854252,0.9987878787878788,31,100
0.0012145748987854252,1.0,0.375,0.625,1.0,0.52,10,4934,6,0,1.0,0.0012145748987854252,0.9987878787878788,31,100
0.0012145748987854252,1.0,0.375,0.625,1.0,0.54,10,4934,6,0,1.0,0.0012145748987854252,0.9987878787878788,31,100
0.0012145748987854252,1.0,0.375,0.625,1.0,0.56,10,4934,6,0,1.0,0.0012145748987854252,0.9987878787878788,31,100
0.0012145748987854252,1.0,0.375,0.625,1.0,0.58,10,4934,6,0,1.0,0.0012145748987854252,0.9987878787878788,31,100
0.0012145748987854252,1.0,0.375,0.625,1.0,0.6,10,4934,6,0,1.0,0.0012145748987854252,0.9987878787878788,31,100
0.0032388663967611335,1.0,0.6153846153846154,0.38461538461538464,1.0,0.62,10,4924,16,0,1.0,0.0032388663967611335,0.9967676767676767,31,100
0.0032388663967611335,1.0,0.6153846153846154,0.38461538461538464,1.0,0.64,10,4924,16,0,1.0,0.0032388663967611335,0.9967676767676767,31,100
0.0032388663967611335,1.0,0.6153846153846154,0.38461538461538464,1.0,0.66,10,4924,16,0,1.0,0.0032388663967611335,0.9967676767676767,31,100
0.0032388663967611335,1.0,0.6153846153846154,0.38461538461538464,1.0,0.68,10,4924,16,0,1.0,0.0032388663967611335,0.9967676767676767,31,100
0.0032388663967611335,1.0,0.6153846153846154,0.38461538461538464,1.0,0.7,10,4924,16,0,1.0,0.0032388663967611335,0.9967676767676767,31,100
0.017611336032388663,1.0,0.8969072164948454,0.10309278350515463,1.0,0.72,10,4853,87,0,1.0,0.017611336032388663,0.9824242424242424,31,100
0.017611336032388663,1.0,0.8969072164948454,0.10309278350515463,1.0,0.74,10,4853,87,0,1.0,0.017611336032388663,0.9824242424242424,31,100
0.017611336032388663,1.0,0.8969072164948454,0.10309278350515463,1.0,0.76,10,4853,87,0,1.0,0.017611336032388663,0.9824242424242424,31,100
0.017611336032388663,1.0,0.8969072164948454,0.10309278350515463,1.0,0.78,10,4853,87,0,1.0,0.017611336032388663,0.9824242424242424,31,100
0.017611336032388663,1.0,0.8969072164948454,0.10309278350515463,1.0,0.8,10,4853,87,0,1.0,0.017611336032388663,0.9824242424242424,31,100
0.031578947368421054,1.0,0.9397590361445783,0.060240963855421686,1.0,0.82,10,4784,156,0,1.0,0.031578947368421054,0.9684848484848485,31,100
0.031578947368421054,1.0,0.9397590361445783,0.060240963855421686,1.0,0.84,10,4784,156,0,1.0,0.031578947368421054,0.9684848484848485,31,100
0.031578947368421054,1.0,0.9397590361445783,0.060240963855421686,1.0,0.86,10,4784,156,0,1.0,0.031578947368421054,0.9684848484848485,31,100
0.031578947368421054,1.0,0.9397590361445783,0.060240963855421686,1.0,0.88,10,4784,156,0,1.0,0.031578947368421054,0.9684848484848485,31,100
0.05344129554655871,1.0,0.9635036496350365,0.0364963503649635,1.0,0.9,10,4676,264,0,1.0,0.05344129554655871,0.9466666666666667,31,100
0.05344129554655871,1.0,0.9635036496350365,0.0364963503649635,1.0,0.92,10,4676,264,0,1.0,0.05344129554655871,0.9466666666666667,31,100
0.09089068825910931,1.0,0.9782135076252724,0.02178649237472767,1.0,0.94,10,4491,449,0,1.0,0.09089068825910931,0.9092929292929293,31,100
0.14736842105263157,1.0,0.986449864498645,0.013550135501355014,1.0,0.96,10,4212,728,0,1.0,0.14736842105263157,0.852929292929293,31,100
0.14736842105263157,1.0,0.986449864498645,0.013550135501355014,1.0,0.98,10,4212,728,0,1.0,0.14736842105263157,0.852929292929293,31,100
0.3248987854251012,1.0,0.9938080495356038,0.006191950464396285,1.0,1.0,10,3335,1605,0,1.0,0.3248987854251012,0.6757575757575758,31,100
0.0,1.0,0.0,1.0,1.0,0.02,10,4940,0,0,1.0,0.0,1.0,32,100
0.0,1.0,0.0,1.0,1.0,0.04,10,4940,0,0,1.0,0.0,1.0,32,100
0.0,1.0,0.0,1.0,1.0,0.06,10,4940,0,0,1.0,0.0,1.0,32,100
0.0,1.0,0.0,1.0,1.0,0.08,10,4940,0,0,1.0,0.0,1.0,32,100
0.0,1.0,0.0,1.0,1.0,0.1,10,4940,0,0,1.0,0.0,1.0,32,100
0.0,1.0,0.0,1.0,1.0,0.12,10,4940,0,0,1.0,0.0,1.0,32,100
0.0,1.0,0.0,1.0,1.0,0.14,10,4940,0,0,1.0,0.0,1.0,32,100
0.0,1.0,0.0,1.0,1.0,0.16,10,4940,0,0,1.0,0.0,1.0,32,100
0.0,1.0,0.0,1.0,1.0,0.18,10,4940,0,0,1.0,0.0,1.0,32,100
0.0,1.0,0.0,1.0,1.0,0.2,10,4940,0,0,1.0,0.0,1.0,32,100
0.0,1.0,0.0,1.0,1.0,0.22,10,4940,0,0,1.0,0.0,1.0,32,100
0.0,1.0,0.0,1.0,1.0,0.24,10,4940,0,0,1.0,0.0,1.0,32,100
0.0,1.0,0.0,1.0,1.0,0.26,10,4940,0,0,1.0,0.0,1.0,32,100
0.00020242914979757084,1.0,0.09090909090909091,0.9090909090909091,1.0,0.28,10,4939,1,0,1.0,0.00020242914979757084,0.9997979797979798,32,100
0.00020242914979757084,1.0,0.09090909090909091,0.9090909090909091,1.0,0.3,10,4939,1,0,1.0,0.00020242914979757084,0.9997979797979798,32,100
0.00020242914979757084,1.0,0.09090909090909091,0.9090909090909091,1.0,0.32,10,4939,1,0,1.0,0.00020242914979757084,0.9997979797979798,32,100
0.00020242914979757084,1.0,0.09090909090909091,0.9090909090909091,1.0,0.34,10,4939,1,0,1.0,0.00020242914979757084,0.9997979797979798,32,100
0.00020242914979757084,1.0,0.09090909090909091,0.9090909090909091,1.0,0.36,10,4939,1,0,1.0,0.00020242914979757084,0.9997979797979798,32,100
0.00020242914979757084,1.0,0.09090909090909091,0.9090909090909091,1.0,0.38,10,4939,1,0,1.0,0.00020242914979757084,0.9997979797979798,32,100
0.00020242914979757084,1.0,0.09090909090909091,0.9090909090909091,1.0,0.4,10,4939,1,0,1.0,0.00020242914979757084,0.9997979797979798,32,100
0.00020242914979757084,1.0,0.09090909090909091,0.9090909090909091,1.0,0.42,10,4939,1,0,1.0,0.00020242914979757084,0.9997979797979798,32,100
0.00020242914979757084,1.0,0.09090909090909091,0.9090909090909091,1.0,0.44,10,4939,1,0,1.0,0.00020242914979757084,0.9997979797979798,32,100
0.00020242914979757084,1.0,0.09090909090909091,0.9090909090909091,1.0,0.46,10,4939,1,0,1.0,0.00020242914979757084,0.9997979797979798,32,100
0.00020242914979757084,1.0,0.09090909090909091,0.9090909090909091,1.0,0.48,10,4939,1,0,1.0,0.00020242914979757084,0.9997979797979798,32,100
0.00020242914979757084,1.0,0.09090909090909091,0.9090909090909091,1.0,0.5,10,4939,1,0,1.0,0.00020242914979757084,0.9997979797979798,32,100
0.00020242914979757084,1.0,0.09090909090909091,0.9090909090909091,1.0,0.52,10,4939,1,0,1.0,0.00020242914979757084,0.9997979797979798,32,100
0.0004048582995951417,1.0,0.16666666666666666,0.8333333333333334,1.0,0.54,10,4938,2,0,1.0,0.0004048582995951417,0.9995959595959596,32,100
0.002834008097165992,1.0,0.5833333333333334,0.4166666666666667,1.0,0.56,10,4926,14,0,1.0,0.002834008097165992,0.9971717171717172,32,100
0.002834008097165992,1.0,0.5833333333333334,0.4166666666666667,1.0,0.58,10,4926,14,0,1.0,0.002834008097165992,0.9971717171717172,32,100
0.002834008097165992,1.0,0.5833333333333334,0.4166666666666667,1.0,0.6,10,4926,14,0,1.0,0.002834008097165992,0.9971717171717172,32,100
0.002834008097165992,1.0,0.5833333333333334,0.4166666666666667,1.0,0.62,10,4926,14,0,1.0,0.002834008097165992,0.9971717171717172,32,100
0.002834008097165992,1.0,0.5833333333333334,0.4166666666666667,1.0,0.64,10,4926,14,0,1.0,0.002834008097165992,0.9971717171717172,32,100
0.002834008097165992,1.0,0.5833333333333334,0.4166666666666667,1.0,0.66,10,4926,14,0,1.0,0.002834008097165992,0.9971717171717172,32,100
0.002834008097165992,1.0,0.5833333333333334,0.4166666666666667,1.0,0.68,10,4926,14,0,1.0,0.002834008097165992,0.9971717171717172,32,100
0.002834008097165992,1.0,0.5833333333333334,0.4166666666666667,1.0,0.7,10,4926,14,0,1.0,0.002834008097165992,0.9971717171717172,32,100
0.005465587044534413,1.0,0.7297297297297297,0.2702702702702703,1.0,0.72,10,4913,27,0,1.0,0.005465587044534413,0.9945454545454545,32,100
0.005465587044534413,1.0,0.7297297297297297,0.2702702702702703,1.0,0.74,10,4913,27,0,1.0,0.005465587044534413,0.9945454545454545,32,100
0.011538461538461539,1.0,0.8507462686567164,0.14925373134328357,1.0,0.76,10,4883,57,0,1.0,0.011538461538461539,0.9884848484848485,32,100
0.011538461538461539,1.0,0.8507462686567164,0.14925373134328357,1.0,0.78,10,4883,57,0,1.0,0.011538461538461539,0.9884848484848485,32,100
0.011538461538461539,1.0,0.8507462686567164,0.14925373134328357,1.0,0.8,10,4883,57,0,1.0,0.011538461538461539,0.9884848484848485,32,100
0.011538461538461539,1.0,0.8507462686567164,0.14925373134328357,1.0,0.82,10,4883,57,0,1.0,0.011538461538461539,0.9884848484848485,32,100
0.011538461538461539,1.0,0.8507462686567164,0.14925373134328357,1.0,0.84,10,4883,57,0,1.0,0.011538461538461539,0.9884848484848485,32,100
0.019838056680161944,1.0,0.9074074074074074,0.09259259259259259,1.0,0.86,10,4842,98,0,1.0,0.019838056680161944,0.9802020202020202,32,100
0.019838056680161944,1.0,0.9074074074074074,0.09259259259259259,1.0,0.88,10,4842,98,0,1.0,0.019838056680161944,0.9802020202020202,32,100
0.019838056680161944,1.0,0.9074074074074074,0.09259259259259259,1.0,0.9,10,4842,98,0,1.0,0.019838056680161944,0.9802020202020202,32,100
0.019838056680161944,1.0,0.9074074074074074,0.09259259259259259,1.0,0.92,10,4842,98,0,1.0,0.019838056680161944,0.9802020202020202,32,100
0.019838056680161944,1.0,0.9074074074074074,0.09259259259259259,1.0,0.94,10,4842,98,0,1.0,0.019838056680161944,0.9802020202020202,32,100
0.03178137651821862,1.0,0.9401197604790419,0.059880239520958084,1.0,0.96,10,4783,157,0,1.0,0.03178137651821862,0.9682828282828283,32,100
0.03178137651821862,1.0,0.9401197604790419,0.059880239520958084,1.0,0.98,10,4783,157,0,1.0,0.03178137651821862,0.9682828282828283,32,100
0.8376518218623482,1.0,0.997589199614272,0.0024108003857280617,1.0,1.0,10,802,4138,0,1.0,0.8376518218623482,0.16404040404040404,32,100
0.0,1.0,0.0,1.0,1.0,0.02,10,4940,0,0,1.0,0.0,1.0,33,100
0.0,1.0,0.0,1.0,1.0,0.04,10,4940,0,0,1.0,0.0,1.0,33,100
0.0,1.0,0.0,1.0,1.0,0.06,10,4940,0,0,1.0,0.0,1.0,33,100
0.0,1.0,0.0,1.0,1.0,0.08,10,4940,0,0,1.0,0.0,1.0,33,100
0.0,1.0,0.0,1.0,1.0,0.1,10,4940,0,0,1.0,0.0,1.0,33,100
0.0,1.0,0.0,1.0,1.0,0.12,10,4940,0,0,1.0,0.0,1.0,33,100
0.0,1.0,0.0,1.0,1.0,0.14,10,4940,0,0,1.0,0.0,1.0,33,100
0.0,1.0,0.0,1.0,1.0,0.16,10,4940,0,0,1.0,0.0,1.0,33,100
0.0,1.0,0.0,1.0,1.0,0.18,10,4940,0,0,1.0,0.0,1.0,33,100
0.0,1.0,0.0,1.0,1.0,0.2,10,4940,0,0,1.0,0.0,1.0,33,100
0.0,1.0,0.0,1.0,1.0,0.22,10,4940,0,0,1.0,0.0,1.0,33,100
0.0,1.0,0.0,1.0,1.0,0.24,10,4940,0,0,1.0,0.0,1.0,33,100
0.0,1.0,0.0,1.0,1.0,0.26,10,4940,0,0,1.0,0.0,1.0,33,100
0.0,1.0,0.0,1.0,1.0,0.28,10,4940,0,0,1.0,0.0,1.0,33,100
0.0,1.0,0.0,1.0,1.0,0.3,10,4940,0,0,1.0,0.0,1.0,33,100
0.0,1.0,0.0,1.0,1.0,0.32,10,4940,0,0,1.0,0.0,1.0,33,100
0.0,1.0,0.0,1.0,1.0,0.34,10,4940,0,0,1.0,0.0,1.0,33,100
0.0,1.0,0.0,1.0,1.0,0.36,10,4940,0,0,1.0,0.0,1.0,33,100
0.0,1.0,0.0,1.0,1.0,0.38,10,4940,0,0,1.0,0.0,1.0,33,100
0.0,1.0,0.0,1.0,1.0,0.4,10,4940,0,0,1.0,0.0,1.0,33,100
0.0,1.0,0.0,1.0,1.0,0.42,10,4940,0,0,1.0,0.0,1.0,33,100
0.0,1.0,0.0,1.0,1.0,0.44,10,4940,0,0,1.0,0.0,1.0,33,100
0.0,1.0,0.0,1.0,1.0,0.46,10,4940,0,0,1.0,0.0,1.0,33,100
0.0,1.0,0.0,1.0,1.0,0.48,10,4940,0,0,1.0,0.0,1.0,33,100
0.0,1.0,0.0,1.0,1.0,0.5,10,4940,0,0,1.0,0.0,1.0,33,100
0.0,1.0,0.0,1.0,1.0,0.52,10,4940,0,0,1.0,0.0,1.0,33,100
0.0,1.0,0.0,1.0,1.0,0.54,10,4940,0,0,1.0,0.0,1.0,33,100
0.0,1.0,0.0,1.0,1.0,0.56,10,4940,0,0,1.0,0.0,1.0,33,100
0.002834008097165992,1.0,0.5833333333333334,0.4166666666666667,1.0,0.58,10,4926,14,0,1.0,0.002834008097165992,0.9971717171717172,33,100
0.002834008097165992,1.0,0.5833333333333334,0.4166666666666667,1.0,0.6,10,4926,14,0,1.0,0.002834008097165992,0.9971717171717172,33,100
0.002834008097165992,1.0,0.5833333333333334,0.4166666666666667,1.0,0.62,10,4926,14,0,1.0,0.002834008097165992,0.9971717171717172,33,100
0.002834008097165992,1.0,0.5833333333333334,0.4166666666666667,1.0,0.64,10,4926,14,0,1.0,0.002834008097165992,0.9971717171717172,33,100
0.002834008097165992,1.0,0.5833333333333334,0.4166666666666667,1.0,0.66,10,4926,14,0,1.0,0.002834008097165992,0.9971717171717172,33,100
0.005870445344129555,1.0,0.7435897435897436,0.2564102564102564,1.0,0.68,10,4911,29,0,1.0,0.005870445344129555,0.9941414141414141,33,100
0.005870445344129555,1.0,0.7435897435897436,0.2564102564102564,1.0,0.7,10,4911,29,0,1.0,0.005870445344129555,0.9941414141414141,33,100
0.005870445344129555,1.0,0.7435897435897436,0.2564102564102564,1.0,0.72,10,4911,29,0,1.0,0.005870445344129555,0.9941414141414141,33,100
0.005870445344129555,1.0,0.7435897435897436,0.2564102564102564,1.0,0.74,10,4911,29,0,1.0,0.005870445344129555,0.9941414141414141,33,100
0.005870445344129555,1.0,0.7435897435897436,0.2564102564102564,1.0,0.76,10,4911,29,0,1.0,0.005870445344129555,0.9941414141414141,33,100
0.005870445344129555,1.0,0.7435897435897436,0.2564102564102564,1.0,0.78,10,4911,29,0,1.0,0.005870445344129555,0.9941414141414141,33,100
0.010121457489878543,1.0,0.8333333333333334,0.16666666666666666,1.0,0.8,10,4890,50,0,1.0,0.010121457489878543,0.98989898989899,33,100
0.010121457489878543,1.0,0.8333333333333334,0.16666666666666666,1.0,0.82,10,4890,50,0,1.0,0.010121457489878543,0.98989898989899,33,100
0.010121457489878543,1.0,0.8333333333333334,0.16666666666666666,1.0,0.84,10,4890,50,0,1.0,0.010121457489878543,0.98989898989899,33,100
0.010121457489878543,1.0,0.8333333333333334,0.16666666666666666,1.0,0.86,10,4890,50,0,1.0,0.010121457489878543,0.98989898989899,33,100
0.01720647773279352,1.0,0.8947368421052632,0.10526315789473684,1.0,0.88,10,4855,85,0,1.0,0.01720647773279352,0.9828282828282828,33,100
0.01720647773279352,1.0,0.8947368421052632,0.10526315789473684,1.0,0.9,10,4855,85,0,1.0,0.01720647773279352,0.9828282828282828,33,100
0.01720647773279352,1.0,0.8947368421052632,0.10526315789473684,1.0,0.92,10,4855,85,0,1.0,0.01720647773279352,0.9828282828282828,33,100
0.01720647773279352,1.0,0.8947368421052632,0.10526315789473684,1.0,0.94,10,4855,85,0,1.0,0.01720647773279352,0.9828282828282828,33,100
0.027732793522267207,1.0,0.9319727891156463,0.06802721088435375,1.0,0.96,10,4803,137,0,1.0,0.027732793522267207,0.9723232323232324,33,100
0.027732793522267207,1.0,0.9319727891156463,0.06802721088435375,1.0,0.98,10,4803,137,0,1.0,0.027732793522267207,0.9723232323232324,33,100
0.044534412955465584,1.0,0.9565217391304348,0.043478260869565216,1.0,1.0,10,4720,220,0,1.0,0.044534412955465584,0.9555555555555556,33,100
0.0,0.9,0.0,1.0,0.9,0.02,9,4940,0,1,0.9,0.0,0.9997979797979798,34,100
0.0,0.9,0.0,1.0,0.9,0.04,9,4940,0,1,0.9,0.0,0.9997979797979798,34,100
0.00020242914979757084,1.0,0.09090909090909091,0.9090909090909091,1.0,0.06,10,4939,1,0,1.0,0.00020242914979757084,0.9997979797979798,34,100
0.00020242914979757084,1.0,0.09090909090909091,0.9090909090909091,1.0,0.08,10,4939,1,0,1.0,0.00020242914979757084,0.9997979797979798,34,100
0.00020242914979757084,1.0,0.09090909090909091,0.9090909090909091,1.0,0.1,10,4939,1,0,1.0,0.00020242914979757084,0.9997979797979798,34,100
0.0006072874493927126,1.0,0.23076923076923078,0.7692307692307693,1.0,0.12,10,4937,3,0,1.0,0.0006072874493927126,0.9993939393939394,34,100
0.0006072874493927126,1.0,0.23076923076923078,0.7692307692307693,1.0,0.14,10,4937,3,0,1.0,0.0006072874493927126,0.9993939393939394,34,100
0.0006072874493927126,1.0,0.23076923076923078,0.7692307692307693,1.0,0.16,10,4937,3,0,1.0,0.0006072874493927126,0.9993939393939394,34,100
0.0006072874493927126,1.0,0.23076923076923078,0.7692307692307693,1.0,0.18,10,4937,3,0,1.0,0.0006072874493927126,0.9993939393939394,34,100
0.0006072874493927126,1.0,0.23076923076923078,0.7692307692307693,1.0,0.2,10,4937,3,0,1.0,0.0006072874493927126,0.9993939393939394,34,100
0.001417004048582996,1.0,0.4117647058823529,0.5882352941176471,1.0,0.22,10,4933,7,0,1.0,0.001417004048582996,0.9985858585858586,34,100
0.001417004048582996,1.0,0.4117647058823529,0.5882352941176471,1.0,0.24,10,4933,7,0,1.0,0.001417004048582996,0.9985858585858586,34,100
0.001417004048582996,1.0,0.4117647058823529,0.5882352941176471,1.0,0.26,10,4933,7,0,1.0,0.001417004048582996,0.9985858585858586,34,100
0.001417004048582996,1.0,0.4117647058823529,0.5882352941176471,1.0,0.28,10,4933,7,0,1.0,0.001417004048582996,0.9985858585858586,34,100
0.001417004048582996,1.0,0.4117647058823529,0.5882352941176471,1.0,0.3,10,4933,7,0,1.0,0.001417004048582996,0.9985858585858586,34,100
0.001417004048582996,1.0,0.4117647058823529,0.5882352941176471,1.0,0.32,10,4933,7,0,1.0,0.001417004048582996,0.9985858585858586,34,100
0.001417004048582996,1.0,0.4117647058823529,0.5882352941176471,1.0,0.34,10,4933,7,0,1.0,0.001417004048582996,0.9985858585858586,34,100
0.001417004048582996,1.0,0.4117647058823529,0.5882352941176471,1.0,0.36,10,4933,7,0,1.0,0.001417004048582996,0.9985858585858586,34,100
0.002631578947368421,1.0,0.5652173913043478,0.43478260869565216,1.0,0.38,10,4927,13,0,1.0,0.002631578947368421,0.9973737373737374,34,100
0.002631578947368421,1.0,0.5652173913043478,0.43478260869565216,1.0,0.4,10,4927,13,0,1.0,0.002631578947368421,0.9973737373737374,34,100
0.002631578947368421,1.0,0.5652173913043478,0.43478260869565216,1.0,0.42,10,4927,13,0,1.0,0.002631578947368421,0.9973737373737374,34,100
0.002631578947368421,1.0,0.5652173913043478,0.43478260869565216,1.0,0.44,10,4927,13,0,1.0,0.002631578947368421,0.9973737373737374,34,100
0.002631578947368421,1.0,0.5652173913043478,0.43478260869565216,1.0,0.46,10,4927,13,0,1.0,0.002631578947368421,0.9973737373737374,34,100
0.002631578947368421,1.0,0.5652173913043478,0.43478260869565216,1.0,0.48,10,4927,13,0,1.0,0.002631578947368421,0.9973737373737374,34,100
0.002631578947368421,1.0,0.5652173913043478,0.43478260869565216,1.0,0.5,10,4927,13,0,1.0,0.002631578947368421,0.9973737373737374,34,100
0.002631578947368421,1.0,0.5652173913043478,0.43478260869565216,1.0,0.52,10,4927,13,0,1.0,0.002631578947368421,0.9973737373737374,34,100
0.002631578947368421,1.0,0.5652173913043478,0.43478260869565216,1.0,0.54,10,4927,13,0,1.0,0.002631578947368421,0.9973737373737374,34,100
0.002631578947368421,1.0,0.5652173913043478,0.43478260869565216,1.0,0.56,10,4927,13,0,1.0,0.002631578947368421,0.9973737373737374,34,100
0.002631578947368421,1.0,0.5652173913043478,0.43478260869565216,1.0,0.58,10,4927,13,0,1.0,0.002631578947368421,0.9973737373737374,34,100
0.004251012145748988,1.0,0.6774193548387096,0.3225806451612903,1.0,0.6,10,4919,21,0,1.0,0.004251012145748988,0.9957575757575757,34,100
0.004251012145748988,1.0,0.6774193548387096,0.3225806451612903,1.0,0.62,10,4919,21,0,1.0,0.004251012145748988,0.9957575757575757,34,100
0.004251012145748988,1.0,0.6774193548387096,0.3225806451612903,1.0,0.64,10,4919,21,0,1.0,0.004251012145748988,0.9957575757575757,34,100
0.004251012145748988,1.0,0.6774193548387096,0.3225806451612903,1.0,0.66,10,4919,21,0,1.0,0.004251012145748988,0.9957575757575757,34,100
0.004251012145748988,1.0,0.6774193548387096,0.3225806451612903,1.0,0.68,10,4919,21,0,1.0,0.004251012145748988,0.9957575757575757,34,100
0.004251012145748988,1.0,0.6774193548387096,0.3225806451612903,1.0,0.7,10,4919,21,0,1.0,0.004251012145748988,0.9957575757575757,34,100
0.004251012145748988,1.0,0.6774193548387096,0.3225806451612903,1.0,0.72,10,4919,21,0,1.0,0.004251012145748988,0.9957575757575757,34,100
0.004251012145748988,1.0,0.6774193548387096,0.3225806451612903,1.0,0.74,10,4919,21,0,1.0,0.004251012145748988,0.9957575757575757,34,100
0.004251012145748988,1.0,0.6774193548387096,0.3225806451612903,1.0,0.76,10,4919,21,0,1.0,0.004251012145748988,0.9957575757575757,34,100
0.008097165991902834,1.0,0.8,0.2,1.0,0.78,10,4900,40,0,1.0,0.008097165991902834,0.9919191919191919,34,100
0.008097165991902834,1.0,0.8,0.2,1.0,0.8,10,4900,40,0,1.0,0.008097165991902834,0.9919191919191919,34,100
0.01720647773279352,1.0,0.8947368421052632,0.10526315789473684,1.0,0.82,10,4855,85,0,1.0,0.01720647773279352,0.9828282828282828,34,100
0.01720647773279352,1.0,0.8947368421052632,0.10526315789473684,1.0,0.84,10,4855,85,0,1.0,0.01720647773279352,0.9828282828282828,34,100
0.01720647773279352,1.0,0.8947368421052632,0.10526315789473684,1.0,0.86,10,4855,85,0,1.0,0.01720647773279352,0.9828282828282828,34,100
0.032388663967611336,1.0,0.9411764705882353,0.058823529411764705,1.0,0.88,10,4780,160,0,1.0,0.032388663967611336,0.9676767676767677,34,100
0.032388663967611336,1.0,0.9411764705882353,0.058823529411764705,1.0,0.9,10,4780,160,0,1.0,0.032388663967611336,0.9676767676767677,34,100
0.032388663967611336,1.0,0.9411764705882353,0.058823529411764705,1.0,0.92,10,4780,160,0,1.0,0.032388663967611336,0.9676767676767677,34,100
0.032388663967611336,1.0,0.9411764705882353,0.058823529411764705,1.0,0.94,10,4780,160,0,1.0,0.032388663967611336,0.9676767676767677,34,100
0.05425101214574899,1.0,0.9640287769784173,0.03597122302158273,1.0,0.96,10,4672,268,0,1.0,0.05425101214574899,0.9458585858585858,34,100
0.05425101214574899,1.0,0.9640287769784173,0.03597122302158273,1.0,0.98,10,4672,268,0,1.0,0.05425101214574899,0.9458585858585858,34,100
0.8105263157894737,1.0,0.9975087194818136,0.002491280518186348,1.0,1.0,10,936,4004,0,1.0,0.8105263157894737,0.19111111111111112,34,100
0.0,1.0,0.0,1.0,1.0,0.02,10,4940,0,0,1.0,0.0,1.0,35,100
0.0,1.0,0.0,1.0,1.0,0.04,10,4940,0,0,1.0,0.0,1.0,35,100
0.0,1.0,0.0,1.0,1.0,0.06,10,4940,0,0,1.0,0.0,1.0,35,100
0.0,1.0,0.0,1.0,1.0,0.08,10,4940,0,0,1.0,0.0,1.0,35,100
0.0,1.0,0.0,1.0,1.0,0.1,10,4940,0,0,1.0,0.0,1.0,35,100
0.0,1.0,0.0,1.0,1.0,0.12,10,4940,0,0,1.0,0.0,1.0,35,100
0.0,1.0,0.0,1.0,1.0,0.14,10,4940,0,0,1.0,0.0,1.0,35,100
0.0,1.0,0.0,1.0,1.0,0.16,10,4940,0,0,1.0,0.0,1.0,35,100
0.0,1.0,0.0,1.0,1.0,0.18,10,4940,0,0,1.0,0.0,1.0,35,100
0.0,1.0,0.0,1.0,1.0,0.2,10,4940,0,0,1.0,0.0,1.0,35,100
0.0,1.0,0.0,1.0,1.0,0.22,10,4940,0,0,1.0,0.0,1.0,35,100
0.0,1.0,0.0,1.0,1.0,0.24,10,4940,0,0,1.0,0.0,1.0,35,100
0.0,1.0,0.0,1.0,1.0,0.26,10,4940,0,0,1.0,0.0,1.0,35,100
0.0,1.0,0.0,1.0,1.0,0.28,10,4940,0,0,1.0,0.0,1.0,35,100
0.00020242914979757084,1.0,0.09090909090909091,0.9090909090909091,1.0,0.3,10,4939,1,0,1.0,0.00020242914979757084,0.9997979797979798,35,100
0.00020242914979757084,1.0,0.09090909090909091,0.9090909090909091,1.0,0.32,10,4939,1,0,1.0,0.00020242914979757084,0.9997979797979798,35,100
0.00020242914979757084,1.0,0.09090909090909091,0.9090909090909091,1.0,0.34,10,4939,1,0,1.0,0.00020242914979757084,0.9997979797979798,35,100
0.00020242914979757084,1.0,0.09090909090909091,0.9090909090909091,1.0,0.36,10,4939,1,0,1.0,0.00020242914979757084,0.9997979797979798,35,100
0.00020242914979757084,1.0,0.09090909090909091,0.9090909090909091,1.0,0.38,10,4939,1,0,1.0,0.00020242914979757084,0.9997979797979798,35,100
0.00020242914979757084,1.0,0.09090909090909091,0.9090909090909091,1.0,0.4,10,4939,1,0,1.0,0.00020242914979757084,0.9997979797979798,35,100
0.00020242914979757084,1.0,0.09090909090909091,0.9090909090909091,1.0,0.42,10,4939,1,0,1.0,0.00020242914979757084,0.9997979797979798,35,100
0.0010121457489878543,1.0,0.3333333333333333,0.6666666666666666,1.0,0.44,10,4935,5,0,1.0,0.0010121457489878543,0.998989898989899,35,100
0.0010121457489878543,1.0,0.3333333333333333,0.6666666666666666,1.0,0.46,10,4935,5,0,1.0,0.0010121457489878543,0.998989898989899,35,100
0.0010121457489878543,1.0,0.3333333333333333,0.6666666666666666,1.0,0.48,10,4935,5,0,1.0,0.0010121457489878543,0.998989898989899,35,100
0.0010121457489878543,1.0,0.3333333333333333,0.6666666666666666,1.0,0.5,10,4935,5,0,1.0,0.0010121457489878543,0.998989898989899,35,100
0.0010121457489878543,1.0,0.3333333333333333,0.6666666666666666,1.0,0.52,10,4935,5,0,1.0,0.0010121457489878543,0.998989898989899,35,100
0.0010121457489878543,1.0,0.3333333333333333,0.6666666666666666,1.0,0.54,10,4935,5,0,1.0,0.0010121457489878543,0.998989898989899,35,100
0.0010121457489878543,1.0,0.3333333333333333,0.6666666666666666,1.0,0.56,10,4935,5,0,1.0,0.0010121457489878543,0.998989898989899,35,100
0.0010121457489878543,1.0,0.3333333333333333,0.6666666666666666,1.0,0.58,10,4935,5,0,1.0,0.0010121457489878543,0.998989898989899,35,100
0.0010121457489878543,1.0,0.3333333333333333,0.6666666666666666,1.0,0.6,10,4935,5,0,1.0,0.0010121457489878543,0.998989898989899,35,100
0.0010121457489878543,1.0,0.3333333333333333,0.6666666666666666,1.0,0.62,10,4935,5,0,1.0,0.0010121457489878543,0.998989898989899,35,100
0.0010121457489878543,1.0,0.3333333333333333,0.6666666666666666,1.0,0.64,10,4935,5,0,1.0,0.0010121457489878543,0.998989898989899,35,100
0.0010121457489878543,1.0,0.3333333333333333,0.6666666666666666,1.0,0.66,10,4935,5,0,1.0,0.0010121457489878543,0.998989898989899,35,100
0.0018218623481781376,1.0,0.47368421052631576,0.5263157894736842,1.0,0.68,10,4931,9,0,1.0,0.0018218623481781376,0.9981818181818182,35,100
0.0018218623481781376,1.0,0.47368421052631576,0.5263157894736842,1.0,0.7,10,4931,9,0,1.0,0.0018218623481781376,0.9981818181818182,35,100
0.0018218623481781376,1.0,0.47368421052631576,0.5263157894736842,1.0,0.72,10,4931,9,0,1.0,0.0018218623481781376,0.9981818181818182,35,100
0.0018218623481781376,1.0,0.47368421052631576,0.5263157894736842,1.0,0.74,10,4931,9,0,1.0,0.0018218623481781376,0.9981818181818182,35,100
0.0018218623481781376,1.0,0.47368421052631576,0.5263157894736842,1.0,0.76,10,4931,9,0,1.0,0.0018218623481781376,0.9981818181818182,35,100
0.004453441295546558,1.0,0.6875,0.3125,1.0,0.78,10,4918,22,0,1.0,0.004453441295546558,0.9955555555555555,35,100
0.004453441295546558,1.0,0.6875,0.3125,1.0,0.8,10,4918,22,0,1.0,0.004453441295546558,0.9955555555555555,35,100
0.004453441295546558,1.0,0.6875,0.3125,1.0,0.82,10,4918,22,0,1.0,0.004453441295546558,0.9955555555555555,35,100
0.004453441295546558,1.0,0.6875,0.3125,1.0,0.84,10,4918,22,0,1.0,0.004453441295546558,0.9955555555555555,35,100
0.004453441295546558,1.0,0.6875,0.3125,1.0,0.86,10,4918,22,0,1.0,0.004453441295546558,0.9955555555555555,35,100
0.008502024291497975,1.0,0.8076923076923077,0.19230769230769232,1.0,0.88,10,4898,42,0,1.0,0.008502024291497975,0.9915151515151515,35,100
0.008502024291497975,1.0,0.8076923076923077,0.19230769230769232,1.0,0.9,10,4898,42,0,1.0,0.008502024291497975,0.9915151515151515,35,100
0.008502024291497975,1.0,0.8076923076923077,0.19230769230769232,1.0,0.92,10,4898,42,0,1.0,0.008502024291497975,0.9915151515151515,35,100
0.008502024291497975,1.0,0.8076923076923077,0.19230769230769232,1.0,0.94,10,4898,42,0,1.0,0.008502024291497975,0.9915151515151515,35,100
0.014979757085020242,1.0,0.8809523809523809,0.11904761904761904,1.0,0.96,10,4866,74,0,1.0,0.014979757085020242,0.9850505050505051,35,100
0.025910931174089068,1.0,0.927536231884058,0.07246376811594203,1.0,0.98,10,4812,128,0,1.0,0.025910931174089068,0.9741414141414141,35,100
0.025910931174089068,1.0,0.927536231884058,0.07246376811594203,1.0,1.0,10,4812,128,0,1.0,0.025910931174089068,0.9741414141414141,35,100
0.0,1.0,0.0,1.0,1.0,0.02,10,4940,0,0,1.0,0.0,1.0,36,100
0.0,1.0,0.0,1.0,1.0,0.04,10,4940,0,0,1.0,0.0,1.0,36,100
0.0,1.0,0.0,1.0,1.0,0.06,10,4940,0,0,1.0,0.0,1.0,36,100
0.0,1.0,0.0,1.0,1.0,0.08,10,4940,0,0,1.0,0.0,1.0,36,100
0.0004048582995951417,1.0,0.16666666666666666,0.8333333333333334,1.0,0.1,10,4938,2,0,1.0,0.0004048582995951417,0.9995959595959596,36,100
0.0004048582995951417,1.0,0.16666666666666666,0.8333333333333334,1.0,0.12,10,4938,2,0,1.0,0.0004048582995951417,0.9995959595959596,36,100
0.0004048582995951417,1.0,0.16666666666666666,0.8333333333333334,1.0,0.14,10,4938,2,0,1.0,0.0004048582995951417,0.9995959595959596,36,100
0.0008097165991902834,1.0,0.2857142857142857,0.7142857142857143,1.0,0.16,10,4936,4,0,1.0,0.0008097165991902834,0.9991919191919192,36,100
0.0008097165991902834,1.0,0.2857142857142857,0.7142857142857143,1.0,0.18,10,4936,4,0,1.0,0.0008097165991902834,0.9991919191919192,36,100
0.0008097165991902834,1.0,0.2857142857142857,0.7142857142857143,1.0,0.2,10,4936,4,0,1.0,0.0008097165991902834,0.9991919191919192,36,100
0.0008097165991902834,1.0,0.2857142857142857,0.7142857142857143,1.0,0.22,10,4936,4,0,1.0,0.0008097165991902834,0.9991919191919192,36,100
0.0008097165991902834,1.0,0.2857142857142857,0.7142857142857143,1.0,0.24,10,4936,4,0,1.0,0.0008097165991902834,0.9991919191919192,36,100
0.0010121457489878543,1.0,0.3333333333333333,0.6666666666666666,1.0,0.26,10,4935,5,0,1.0,0.0010121457489878543,0.998989898989899,36,100
0.0010121457489878543,1.0,0.3333333333333333,0.6666666666666666,1.0,0.28,10,4935,5,0,1.0,0.0010121457489878543,0.998989898989899,36,100
0.0010121457489878543,1.0,0.3333333333333333,0.6666666666666666,1.0,0.3,10,4935,5,0,1.0,0.0010121457489878543,0.998989898989899,36,100
0.0010121457489878543,1.0,0.3333333333333333,0.6666666666666666,1.0,0.32,10,4935,5,0,1.0,0.0010121457489878543,0.998989898989899,36,100
0.0010121457489878543,1.0,0.3333333333333333,0.6666666666666666,1.0,0.34,10,4935,5,0,1.0,0.0010121457489878543,0.998989898989899,36,100
0.0010121457489878543,1.0,0.3333333333333333,0.6666666666666666,1.0,0.36,10,4935,5,0,1.0,0.0010121457489878543,0.998989898989899,36,100
0.0010121457489878543,1.0,0.3333333333333333,0.6666666666666666,1.0,0.38,10,4935,5,0,1.0,0.0010121457489878543,0.998989898989899,36,100
0.0010121457489878543,1.0,0.3333333333333333,0.6666666666666666,1.0,0.4,10,4935,5,0,1.0,0.0010121457489878543,0.998989898989899,36,100
0.001417004048582996,1.0,0.4117647058823529,0.5882352941176471,1.0,0.42,10,4933,7,0,1.0,0.001417004048582996,0.9985858585858586,36,100
0.001417004048582996,1.0,0.4117647058823529,0.5882352941176471,1.0,0.44,10,4933,7,0,1.0,0.001417004048582996,0.9985858585858586,36,100
0.001417004048582996,1.0,0.4117647058823529,0.5882352941176471,1.0,0.46,10,4933,7,0,1.0,0.001417004048582996,0.9985858585858586,36,100
0.001417004048582996,1.0,0.4117647058823529,0.5882352941176471,1.0,0.48,10,4933,7,0,1.0,0.001417004048582996,0.9985858585858586,36,100
0.001417004048582996,1.0,0.4117647058823529,0.5882352941176471,1.0,0.5,10,4933,7,0,1.0,0.001417004048582996,0.9985858585858586,36,100
0.002631578947368421,1.0,0.5652173913043478,0.43478260869565216,1.0,0.52,10,4927,13,0,1.0,0.002631578947368421,0.9973737373737374,36,100
0.002631578947368421,1.0,0.5652173913043478,0.43478260869565216,1.0,0.54,10,4927,13,0,1.0,0.002631578947368421,0.9973737373737374,36,100
0.002631578947368421,1.0,0.5652173913043478,0.43478260869565216,1.0,0.56,10,4927,13,0,1.0,0.002631578947368421,0.9973737373737374,36,100
0.002631578947368421,1.0,0.5652173913043478,0.43478260869565216,1.0,0.58,10,4927,13,0,1.0,0.002631578947368421,0.9973737373737374,36,100
0.002631578947368421,1.0,0.5652173913043478,0.43478260869565216,1.0,0.6,10,4927,13,0,1.0,0.002631578947368421,0.9973737373737374,36,100
0.002631578947368421,1.0,0.5652173913043478,0.43478260869565216,1.0,0.62,10,4927,13,0,1.0,0.002631578947368421,0.9973737373737374,36,100
0.002631578947368421,1.0,0.5652173913043478,0.43478260869565216,1.0,0.64,10,4927,13,0,1.0,0.002631578947368421,0.9973737373737374,36,100
0.004048582995951417,1.0,0.6666666666666666,0.3333333333333333,1.0,0.66,10,4920,20,0,1.0,0.004048582995951417,0.9959595959595959,36,100
0.004048582995951417,1.0,0.6666666666666666,0.3333333333333333,1.0,0.68,10,4920,20,0,1.0,0.004048582995951417,0.9959595959595959,36,100
0.004048582995951417,1.0,0.6666666666666666,0.3333333333333333,1.0,0.7,10,4920,20,0,1.0,0.004048582995951417,0.9959595959595959,36,100
0.004048582995951417,1.0,0.6666666666666666,0.3333333333333333,1.0,0.72,10,4920,20,0,1.0,0.004048582995951417,0.9959595959595959,36,100
0.004048582995951417,1.0,0.6666666666666666,0.3333333333333333,1.0,0.74,10,4920,20,0,1.0,0.004048582995951417,0.9959595959595959,36,100
0.004048582995951417,1.0,0.6666666666666666,0.3333333333333333,1.0,0.76,10,4920,20,0,1.0,0.004048582995951417,0.9959595959595959,36,100
0.004048582995951417,1.0,0.6666666666666666,0.3333333333333333,1.0,0.78,10,4920,20,0,1.0,0.004048582995951417,0.9959595959595959,36,100
0.006275303643724696,1.0,0.7560975609756098,0.24390243902439024,1.0,0.8,10,4909,31,0,1.0,0.006275303643724696,0.9937373737373737,36,100
0.006275303643724696,1.0,0.7560975609756098,0.24390243902439024,1.0,0.82,10,4909,31,0,1.0,0.006275303643724696,0.9937373737373737,36,100
0.010728744939271255,1.0,0.8412698412698413,0.15873015873015872,1.0,0.84,10,4887,53,0,1.0,0.010728744939271255,0.9892929292929293,36,100
0.010728744939271255,1.0,0.8412698412698413,0.15873015873015872,1.0,0.86,10,4887,53,0,1.0,0.010728744939271255,0.9892929292929293,36,100
0.010728744939271255,1.0,0.8412698412698413,0.15873015873015872,1.0,0.88,10,4887,53,0,1.0,0.010728744939271255,0.9892929292929293,36,100
0.010728744939271255,1.0,0.8412698412698413,0.15873015873015872,1.0,0.9,10,4887,53,0,1.0,0.010728744939271255,0.9892929292929293,36,100
0.010728744939271255,1.0,0.8412698412698413,0.15873015873015872,1.0,0.92,10,4887,53,0,1.0,0.010728744939271255,0.9892929292929293,36,100
0.010728744939271255,1.0,0.8412698412698413,0.15873015873015872,1.0,0.94,10,4887,53,0,1.0,0.010728744939271255,0.9892929292929293,36,100
0.055870445344129556,1.0,0.965034965034965,0.03496503496503497,1.0,0.96,10,4664,276,0,1.0,0.055870445344129556,0.9442424242424242,36,100
0.15242914979757086,1.0,0.9868938401048493,0.01310615989515072,1.0,0.98,10,4187,753,0,1.0,0.15242914979757086,0.8478787878787879,36,100
0.877327935222672,1.0,0.9976979742173112,0.0023020257826887663,1.0,1.0,10,606,4334,0,1.0,0.877327935222672,0.12444444444444444,36,100
0.0,1.0,0.0,1.0,1.0,0.02,10,4940,0,0,1.0,0.0,1.0,37,100
0.0,1.0,0.0,1.0,1.0,0.04,10,4940,0,0,1.0,0.0,1.0,37,100
0.0,1.0,0.0,1.0,1.0,0.06,10,4940,0,0,1.0,0.0,1.0,37,100
0.0,1.0,0.0,1.0,1.0,0.08,10,4940,0,0,1.0,0.0,1.0,37,100
0.0,1.0,0.0,1.0,1.0,0.1,10,4940,0,0,1.0,0.0,1.0,37,100
0.0,1.0,0.0,1.0,1.0,0.12,10,4940,0,0,1.0,0.0,1.0,37,100
0.0,1.0,0.0,1.0,1.0,0.14,10,4940,0,0,1.0,0.0,1.0,37,100
0.0,1.0,0.0,1.0,1.0,0.16,10,4940,0,0,1.0,0.0,1.0,37,100
0.0,1.0,0.0,1.0,1.0,0.18,10,4940,0,0,1.0,0.0,1.0,37,100
0.0006072874493927126,1.0,0.23076923076923078,0.7692307692307693,1.0,0.2,10,4937,3,0,1.0,0.0006072874493927126,0.9993939393939394,37,100
0.0006072874493927126,1.0,0.23076923076923078,0.7692307692307693,1.0,0.22,10,4937,3,0,1.0,0.0006072874493927126,0.9993939393939394,37,100
0.0006072874493927126,1.0,0.23076923076923078,0.7692307692307693,1.0,0.24,10,4937,3,0,1.0,0.0006072874493927126,0.9993939393939394,37,100
0.0006072874493927126,1.0,0.23076923076923078,0.7692307692307693,1.0,0.26,10,4937,3,0,1.0,0.0006072874493927126,0.9993939393939394,37,100
0.0006072874493927126,1.0,0.23076923076923078,0.7692307692307693,1.0,0.28,10,4937,3,0,1.0,0.0006072874493927126,0.9993939393939394,37,100
0.0006072874493927126,1.0,0.23076923076923078,0.7692307692307693,1.0,0.3,10,4937,3,0,1.0,0.0006072874493927126,0.9993939393939394,37,100
0.0016194331983805667,1.0,0.4444444444444444,0.5555555555555556,1.0,0.32,10,4932,8,0,1.0,0.0016194331983805667,0.9983838383838384,37,100
0.0016194331983805667,1.0,0.4444444444444444,0.5555555555555556,1.0,0.34,10,4932,8,0,1.0,0.0016194331983805667,0.9983838383838384,37,100
0.0016194331983805667,1.0,0.4444444444444444,0.5555555555555556,1.0,0.36,10,4932,8,0,1.0,0.0016194331983805667,0.9983838383838384,37,100
0.0016194331983805667,1.0,0.4444444444444444,0.5555555555555556,1.0,0.38,10,4932,8,0,1.0,0.0016194331983805667,0.9983838383838384,37,100
0.0016194331983805667,1.0,0.4444444444444444,0.5555555555555556,1.0,0.4,10,4932,8,0,1.0,0.0016194331983805667,0.9983838383838384,37,100
0.0016194331983805667,1.0,0.4444444444444444,0.5555555555555556,1.0,0.42,10,4932,8,0,1.0,0.0016194331983805667,0.9983838383838384,37,100
0.0016194331983805667,1.0,0.4444444444444444,0.5555555555555556,1.0,0.44,10,4932,8,0,1.0,0.0016194331983805667,0.9983838383838384,37,100
0.0016194331983805667,1.0,0.4444444444444444,0.5555555555555556,1.0,0.46,10,4932,8,0,1.0,0.0016194331983805667,0.9983838383838384,37,100
0.0032388663967611335,1.0,0.6153846153846154,0.38461538461538464,1.0,0.48,10,4924,16,0,1.0,0.0032388663967611335,0.9967676767676767,37,100
0.0032388663967611335,1.0,0.6153846153846154,0.38461538461538464,1.0,0.5,10,4924,16,0,1.0,0.0032388663967611335,0.9967676767676767,37,100
0.0032388663967611335,1.0,0.6153846153846154,0.38461538461538464,1.0,0.52,10,4924,16,0,1.0,0.0032388663967611335,0.9967676767676767,37,100
0.0032388663967611335,1.0,0.6153846153846154,0.38461538461538464,1.0,0.54,10,4924,16,0,1.0,0.0032388663967611335,0.9967676767676767,37,100
0.0032388663967611335,1.0,0.6153846153846154,0.38461538461538464,1.0,0.56,10,4924,16,0,1.0,0.0032388663967611335,0.9967676767676767,37,100
0.0032388663967611335,1.0,0.6153846153846154,0.38461538461538464,1.0,0.58,10,4924,16,0,1.0,0.0032388663967611335,0.9967676767676767,37,100
0.0032388663967611335,1.0,0.6153846153846154,0.38461538461538464,1.0,0.6,10,4924,16,0,1.0,0.0032388663967611335,0.9967676767676767,37,100
0.0032388663967611335,1.0,0.6153846153846154,0.38461538461538464,1.0,0.62,10,4924,16,0,1.0,0.0032388663967611335,0.9967676767676767,37,100
0.0032388663967611335,1.0,0.6153846153846154,0.38461538461538464,1.0,0.64,10,4924,16,0,1.0,0.0032388663967611335,0.9967676767676767,37,100
0.0032388663967611335,1.0,0.6153846153846154,0.38461538461538464,1.0,0.66,10,4924,16,0,1.0,0.0032388663967611335,0.9967676767676767,37,100
0.0032388663967611335,1.0,0.6153846153846154,0.38461538461538464,1.0,0.68,10,4924,16,0,1.0,0.0032388663967611335,0.9967676767676767,37,100
0.0032388663967611335,1.0,0.6153846153846154,0.38461538461538464,1.0,0.7,10,4924,16,0,1.0,0.0032388663967611335,0.9967676767676767,37,100
0.005465587044534413,1.0,0.7297297297297297,0.2702702702702703,1.0,0.72,10,4913,27,0,1.0,0.005465587044534413,0.9945454545454545,37,100
0.005465587044534413,1.0,0.7297297297297297,0.2702702702702703,1.0,0.74,10,4913,27,0,1.0,0.005465587044534413,0.9945454545454545,37,100
0.005465587044534413,1.0,0.7297297297297297,0.2702702702702703,1.0,0.76,10,4913,27,0,1.0,0.005465587044534413,0.9945454545454545,37,100
0.005465587044534413,1.0,0.7297297297297297,0.2702702702702703,1.0,0.78,10,4913,27,0,1.0,0.005465587044534413,0.9945454545454545,37,100
0.005465587044534413,1.0,0.7297297297297297,0.2702702702702703,1.0,0.8,10,4913,27,0,1.0,0.005465587044534413,0.9945454545454545,37,100
0.005465587044534413,1.0,0.7297297297297297,0.2702702702702703,1.0,0.82,10,4913,27,0,1.0,0.005465587044534413,0.9945454545454545,37,100
0.005465587044534413,1.0,0.7297297297297297,0.2702702702702703,1.0,0.84,10,4913,27,0,1.0,0.005465587044534413,0.9945454545454545,37,100
0.005465587044534413,1.0,0.7297297297297297,0.2702702702702703,1.0,0.86,10,4913,27,0,1.0,0.005465587044534413,0.9945454545454545,37,100
0.005465587044534413,1.0,0.7297297297297297,0.2702702702702703,1.0,0.88,10,4913,27,0,1.0,0.005465587044534413,0.9945454545454545,37,100
0.009919028340080972,1.0,0.8305084745762712,0.1694915254237288,1.0,0.9,10,4891,49,0,1.0,0.009919028340080972,0.9901010101010101,37,100
0.020040485829959515,1.0,0.908256880733945,0.09174311926605505,1.0,0.92,10,4841,99,0,1.0,0.020040485829959515,0.98,37,100
0.020040485829959515,1.0,0.908256880733945,0.09174311926605505,1.0,0.94,10,4841,99,0,1.0,0.020040485829959515,0.98,37,100
0.020040485829959515,1.0,0.908256880733945,0.09174311926605505,1.0,0.96,10,4841,99,0,1.0,0.020040485829959515,0.98,37,100
0.020040485829959515,1.0,0.908256880733945,0.09174311926605505,1.0,0.98,10,4841,99,0,1.0,0.020040485829959515,0.98,37,100
0.6467611336032388,1.0,0.9968798751950078,0.0031201248049922,1.0,1.0,10,1745,3195,0,1.0,0.6467611336032388,0.35454545454545455,37,100
0.0,1.0,0.0,1.0,1.0,0.02,10,4940,0,0,1.0,0.0,1.0,38,100
0.0,1.0,0.0,1.0,1.0,0.04,10,4940,0,0,1.0,0.0,1.0,38,100
0.0,1.0,0.0,1.0,1.0,0.06,10,4940,0,0,1.0,0.0,1.0,38,100
0.0,1.0,0.0,1.0,1.0,0.08,10,4940,0,0,1.0,0.0,1.0,38,100
0.0,1.0,0.0,1.0,1.0,0.1,10,4940,0,0,1.0,0.0,1.0,38,100
0.0,1.0,0.0,1.0,1.0,0.12,10,4940,0,0,1.0,0.0,1.0,38,100
0.0,1.0,0.0,1.0,1.0,0.14,10,4940,0,0,1.0,0.0,1.0,38,100
0.0,1.0,0.0,1.0,1.0,0.16,10,4940,0,0,1.0,0.0,1.0,38,100
0.0,1.0,0.0,1.0,1.0,0.18,10,4940,0,0,1.0,0.0,1.0,38,100
0.0,1.0,0.0,1.0,1.0,0.2,10,4940,0,0,1.0,0.0,1.0,38,100
0.0,1.0,0.0,1.0,1.0,0.22,10,4940,0,0,1.0,0.0,1.0,38,100
0.0,1.0,0.0,1.0,1.0,0.24,10,4940,0,0,1.0,0.0,1.0,38,100
0.0,1.0,0.0,1.0,1.0,0.26,10,4940,0,0,1.0,0.0,1.0,38,100
0.0,1.0,0.0,1.0,1.0,0.28,10,4940,0,0,1.0,0.0,1.0,38,100
0.0008097165991902834,1.0,0.2857142857142857,0.7142857142857143,1.0,0.3,10,4936,4,0,1.0,0.0008097165991902834,0.9991919191919192,38,100
0.0008097165991902834,1.0,0.2857142857142857,0.7142857142857143,1.0,0.32,10,4936,4,0,1.0,0.0008097165991902834,0.9991919191919192,38,100
0.0008097165991902834,1.0,0.2857142857142857,0.7142857142857143,1.0,0.34,10,4936,4,0,1.0,0.0008097165991902834,0.9991919191919192,38,100
0.0008097165991902834,1.0,0.2857142857142857,0.7142857142857143,1.0,0.36,10,4936,4,0,1.0,0.0008097165991902834,0.9991919191919192,38,100
0.0008097165991902834,1.0,0.2857142857142857,0.7142857142857143,1.0,0.38,10,4936,4,0,1.0,0.0008097165991902834,0.9991919191919192,38,100
0.0008097165991902834,1.0,0.2857142857142857,0.7142857142857143,1.0,0.4,10,4936,4,0,1.0,0.0008097165991902834,0.9991919191919192,38,100
0.0008097165991902834,1.0,0.2857142857142857,0.7142857142857143,1.0,0.42,10,4936,4,0,1.0,0.0008097165991902834,0.9991919191919192,38,100
0.0018218623481781376,1.0,0.47368421052631576,0.5263157894736842,1.0,0.44,10,4931,9,0,1.0,0.0018218623481781376,0.9981818181818182,38,100
0.0018218623481781376,1.0,0.47368421052631576,0.5263157894736842,1.0,0.46,10,4931,9,0,1.0,0.0018218623481781376,0.9981818181818182,38,100
0.0018218623481781376,1.0,0.47368421052631576,0.5263157894736842,1.0,0.48,10,4931,9,0,1.0,0.0018218623481781376,0.9981818181818182,38,100
0.0018218623481781376,1.0,0.47368421052631576,0.5263157894736842,1.0,0.5,10,4931,9,0,1.0,0.0018218623481781376,0.9981818181818182,38,100
0.0018218623481781376,1.0,0.47368421052631576,0.5263157894736842,1.0,0.52,10,4931,9,0,1.0,0.0018218623481781376,0.9981818181818182,38,100
0.0018218623481781376,1.0,0.47368421052631576,0.5263157894736842,1.0,0.54,10,4931,9,0,1.0,0.0018218623481781376,0.9981818181818182,38,100
0.0018218623481781376,1.0,0.47368421052631576,0.5263157894736842,1.0,0.56,10,4931,9,0,1.0,0.0018218623481781376,0.9981818181818182,38,100
0.0018218623481781376,1.0,0.47368421052631576,0.5263157894736842,1.0,0.58,10,4931,9,0,1.0,0.0018218623481781376,0.9981818181818182,38,100
0.0018218623481781376,1.0,0.47368421052631576,0.5263157894736842,1.0,0.6,10,4931,9,0,1.0,0.0018218623481781376,0.9981818181818182,38,100
0.0018218623481781376,1.0,0.47368421052631576,0.5263157894736842,1.0,0.62,10,4931,9,0,1.0,0.0018218623481781376,0.9981818181818182,38,100
0.0018218623481781376,1.0,0.47368421052631576,0.5263157894736842,1.0,0.64,10,4931,9,0,1.0,0.0018218623481781376,0.9981818181818182,38,100
0.003036437246963563,1.0,0.6,0.4,1.0,0.66,10,4925,15,0,1.0,0.003036437246963563,0.996969696969697,38,100
0.003036437246963563,1.0,0.6,0.4,1.0,0.68,10,4925,15,0,1.0,0.003036437246963563,0.996969696969697,38,100
0.003036437246963563,1.0,0.6,0.4,1.0,0.7,10,4925,15,0,1.0,0.003036437246963563,0.996969696969697,38,100
0.006477732793522267,1.0,0.7619047619047619,0.23809523809523808,1.0,0.72,10,4908,32,0,1.0,0.006477732793522267,0.9935353535353535,38,100
0.006477732793522267,1.0,0.7619047619047619,0.23809523809523808,1.0,0.74,10,4908,32,0,1.0,0.006477732793522267,0.9935353535353535,38,100
0.006477732793522267,1.0,0.7619047619047619,0.23809523809523808,1.0,0.76,10,4908,32,0,1.0,0.006477732793522267,0.9935353535353535,38,100
0.006477732793522267,1.0,0.7619047619047619,0.23809523809523808,1.0,0.78,10,4908,32,0,1.0,0.006477732793522267,0.9935353535353535,38,100
0.006477732793522267,1.0,0.7619047619047619,0.23809523809523808,1.0,0.8,10,4908,32,0,1.0,0.006477732793522267,0.9935353535353535,38,100
0.006477732793522267,1.0,0.7619047619047619,0.23809523809523808,1.0,0.82,10,4908,32,0,1.0,0.006477732793522267,0.9935353535353535,38,100
0.006477732793522267,1.0,0.7619047619047619,0.23809523809523808,1.0,0.84,10,4908,32,0,1.0,0.006477732793522267,0.9935353535353535,38,100
0.006477732793522267,1.0,0.7619047619047619,0.23809523809523808,1.0,0.86,10,4908,32,0,1.0,0.006477732793522267,0.9935353535353535,38,100
0.006477732793522267,1.0,0.7619047619047619,0.23809523809523808,1.0,0.88,10,4908,32,0,1.0,0.006477732793522267,0.9935353535353535,38,100
0.010121457489878543,1.0,0.8333333333333334,0.16666666666666666,1.0,0.9,10,4890,50,0,1.0,0.010121457489878543,0.98989898989899,38,100
0.010121457489878543,1.0,0.8333333333333334,0.16666666666666666,1.0,0.92,10,4890,50,0,1.0,0.010121457489878543,0.98989898989899,38,100
0.010121457489878543,1.0,0.8333333333333334,0.16666666666666666,1.0,0.94,10,4890,50,0,1.0,0.010121457489878543,0.98989898989899,38,100
0.010121457489878543,1.0,0.8333333333333334,0.16666666666666666,1.0,0.96,10,4890,50,0,1.0,0.010121457489878543,0.98989898989899,38,100
0.010121457489878543,1.0,0.8333333333333334,0.16666666666666666,1.0,0.98,10,4890,50,0,1.0,0.010121457489878543,0.98989898989899,38,100
0.8477732793522267,1.0,0.9976179132920439,0.0023820867079561697,1.0,1.0,10,752,4188,0,1.0,0.8477732793522267,0.15393939393939393,38,100
0.0,0.9,0.0,1.0,0.9,0.02,9,4940,0,1,0.9,0.0,0.9997979797979798,39,100
0.0,0.9,0.0,1.0,0.9,0.04,9,4940,0,1,0.9,0.0,0.9997979797979798,39,100
0.00020242914979757084,0.9,0.1,0.9,0.9,0.06,9,4939,1,1,0.9,0.00020242914979757084,0.9995959595959596,39,100
0.00020242914979757084,0.9,0.1,0.9,0.9,0.08,9,4939,1,1,0.9,0.00020242914979757084,0.9995959595959596,39,100
0.00020242914979757084,0.9,0.1,0.9,0.9,0.1,9,4939,1,1,0.9,0.00020242914979757084,0.9995959595959596,39,100
0.00020242914979757084,0.9,0.1,0.9,0.9,0.12,9,4939,1,1,0.9,0.00020242914979757084,0.9995959595959596,39,100
0.00020242914979757084,0.9,0.1,0.9,0.9,0.14,9,4939,1,1,0.9,0.00020242914979757084,0.9995959595959596,39,100
0.00020242914979757084,0.9,0.1,0.9,0.9,0.16,9,4939,1,1,0.9,0.00020242914979757084,0.9995959595959596,39,100
0.00020242914979757084,0.9,0.1,0.9,0.9,0.18,9,4939,1,1,0.9,0.00020242914979757084,0.9995959595959596,39,100
0.0004048582995951417,0.9,0.18181818181818182,0.8181818181818182,0.9,0.2,9,4938,2,1,0.9,0.0004048582995951417,0.9993939393939394,39,100
0.0004048582995951417,0.9,0.18181818181818182,0.8181818181818182,0.9,0.22,9,4938,2,1,0.9,0.0004048582995951417,0.9993939393939394,39,100
0.0004048582995951417,0.9,0.18181818181818182,0.8181818181818182,0.9,0.24,9,4938,2,1,0.9,0.0004048582995951417,0.9993939393939394,39,100
0.0004048582995951417,0.9,0.18181818181818182,0.8181818181818182,0.9,0.26,9,4938,2,1,0.9,0.0004048582995951417,0.9993939393939394,39,100
0.0004048582995951417,0.9,0.18181818181818182,0.8181818181818182,0.9,0.28,9,4938,2,1,0.9,0.0004048582995951417,0.9993939393939394,39,100
0.0004048582995951417,0.9,0.18181818181818182,0.8181818181818182,0.9,0.3,9,4938,2,1,0.9,0.0004048582995951417,0.9993939393939394,39,100
0.0004048582995951417,0.9,0.18181818181818182,0.8181818181818182,0.9,0.32,9,4938,2,1,0.9,0.0004048582995951417,0.9993939393939394,39,100
0.0004048582995951417,0.9,0.18181818181818182,0.8181818181818182,0.9,0.34,9,4938,2,1,0.9,0.0004048582995951417,0.9993939393939394,39,100
0.0004048582995951417,0.9,0.18181818181818182,0.8181818181818182,0.9,0.36,9,4938,2,1,0.9,0.0004048582995951417,0.9993939393939394,39,100
0.0004048582995951417,0.9,0.18181818181818182,0.8181818181818182,0.9,0.38,9,4938,2,1,0.9,0.0004048582995951417,0.9993939393939394,39,100
0.0004048582995951417,0.9,0.18181818181818182,0.8181818181818182,0.9,0.4,9,4938,2,1,0.9,0.0004048582995951417,0.9993939393939394,39,100
0.0004048582995951417,0.9,0.18181818181818182,0.8181818181818182,0.9,0.42,9,4938,2,1,0.9,0.0004048582995951417,0.9993939393939394,39,100
0.0004048582995951417,0.9,0.18181818181818182,0.8181818181818182,0.9,0.44,9,4938,2,1,0.9,0.0004048582995951417,0.9993939393939394,39,100
0.0004048582995951417,0.9,0.18181818181818182,0.8181818181818182,0.9,0.46,9,4938,2,1,0.9,0.0004048582995951417,0.9993939393939394,39,100
0.0004048582995951417,0.9,0.18181818181818182,0.8181818181818182,0.9,0.48,9,4938,2,1,0.9,0.0004048582995951417,0.9993939393939394,39,100
0.0008097165991902834,1.0,0.2857142857142857,0.7142857142857143,1.0,0.5,10,4936,4,0,1.0,0.0008097165991902834,0.9991919191919192,39,100
0.0008097165991902834,1.0,0.2857142857142857,0.7142857142857143,1.0,0.52,10,4936,4,0,1.0,0.0008097165991902834,0.9991919191919192,39,100
0.0008097165991902834,1.0,0.2857142857142857,0.7142857142857143,1.0,0.54,10,4936,4,0,1.0,0.0008097165991902834,0.9991919191919192,39,100
0.0008097165991902834,1.0,0.2857142857142857,0.7142857142857143,1.0,0.56,10,4936,4,0,1.0,0.0008097165991902834,0.9991919191919192,39,100
0.002226720647773279,1.0,0.5238095238095238,0.47619047619047616,1.0,0.58,10,4929,11,0,1.0,0.002226720647773279,0.9977777777777778,39,100
0.002226720647773279,1.0,0.5238095238095238,0.47619047619047616,1.0,0.6,10,4929,11,0,1.0,0.002226720647773279,0.9977777777777778,39,100
0.002226720647773279,1.0,0.5238095238095238,0.47619047619047616,1.0,0.62,10,4929,11,0,1.0,0.002226720647773279,0.9977777777777778,39,100
0.002226720647773279,1.0,0.5238095238095238,0.47619047619047616,1.0,0.64,10,4929,11,0,1.0,0.002226720647773279,0.9977777777777778,39,100
0.002226720647773279,1.0,0.5238095238095238,0.47619047619047616,1.0,0.66,10,4929,11,0,1.0,0.002226720647773279,0.9977777777777778,39,100
0.002226720647773279,1.0,0.5238095238095238,0.47619047619047616,1.0,0.68,10,4929,11,0,1.0,0.002226720647773279,0.9977777777777778,39,100
0.002226720647773279,1.0,0.5238095238095238,0.47619047619047616,1.0,0.7,10,4929,11,0,1.0,0.002226720647773279,0.9977777777777778,39,100
0.002226720647773279,1.0,0.5238095238095238,0.47619047619047616,1.0,0.72,10,4929,11,0,1.0,0.002226720647773279,0.9977777777777778,39,100
0.002226720647773279,1.0,0.5238095238095238,0.47619047619047616,1.0,0.74,10,4929,11,0,1.0,0.002226720647773279,0.9977777777777778,39,100
0.002226720647773279,1.0,0.5238095238095238,0.47619047619047616,1.0,0.76,10,4929,11,0,1.0,0.002226720647773279,0.9977777777777778,39,100
0.0034412955465587046,1.0,0.6296296296296297,0.37037037037037035,1.0,0.78,10,4923,17,0,1.0,0.0034412955465587046,0.9965656565656565,39,100
0.0034412955465587046,1.0,0.6296296296296297,0.37037037037037035,1.0,0.8,10,4923,17,0,1.0,0.0034412955465587046,0.9965656565656565,39,100
0.0034412955465587046,1.0,0.6296296296296297,0.37037037037037035,1.0,0.82,10,4923,17,0,1.0,0.0034412955465587046,0.9965656565656565,39,100
0.0034412955465587046,1.0,0.6296296296296297,0.37037037037037035,1.0,0.84,10,4923,17,0,1.0,0.0034412955465587046,0.9965656565656565,39,100
0.0034412955465587046,1.0,0.6296296296296297,0.37037037037037035,1.0,0.86,10,4923,17,0,1.0,0.0034412955465587046,0.9965656565656565,39,100
0.006072874493927126,1.0,0.75,0.25,1.0,0.88,10,4910,30,0,1.0,0.006072874493927126,0.9939393939393939,39,100
0.006072874493927126,1.0,0.75,0.25,1.0,0.9,10,4910,30,0,1.0,0.006072874493927126,0.9939393939393939,39,100
0.010728744939271255,1.0,0.8412698412698413,0.15873015873015872,1.0,0.92,10,4887,53,0,1.0,0.010728744939271255,0.9892929292929293,39,100
0.029149797570850202,1.0,0.935064935064935,0.06493506493506493,1.0,0.94,10,4796,144,0,1.0,0.029149797570850202,0.9709090909090909,39,100
0.029149797570850202,1.0,0.935064935064935,0.06493506493506493,1.0,0.96,10,4796,144,0,1.0,0.029149797570850202,0.9709090909090909,39,100
0.04291497975708502,1.0,0.954954954954955,0.04504504504504504,1.0,0.98,10,4728,212,0,1.0,0.04291497975708502,0.9571717171717171,39,100
0.8694331983805668,1.0,0.9976771196283392,0.0023228803716608595,1.0,1.0,10,645,4295,0,1.0,0.8694331983805668,0.13232323232323231,39,100
0.0,1.0,0.0,1.0,1.0,0.02,10,4940,0,0,1.0,0.0,1.0,40,100
0.0,1.0,0.0,1.0,1.0,0.04,10,4940,0,0,1.0,0.0,1.0,40,100
0.0,1.0,0.0,1.0,1.0,0.06,10,4940,0,0,1.0,0.0,1.0,40,100
0.0,1.0,0.0,1.0,1.0,0.08,10,4940,0,0,1.0,0.0,1.0,40,100
0.0,1.0,0.0,1.0,1.0,0.1,10,4940,0,0,1.0,0.0,1.0,40,100
0.0,1.0,0.0,1.0,1.0,0.12,10,4940,0,0,1.0,0.0,1.0,40,100
0.0,1.0,0.0,1.0,1.0,0.14,10,4940,0,0,1.0,0.0,1.0,40,100
0.00020242914979757084,1.0,0.09090909090909091,0.9090909090909091,1.0,0.16,10,4939,1,0,1.0,0.00020242914979757084,0.9997979797979798,40,100
0.00020242914979757084,1.0,0.09090909090909091,0.9090909090909091,1.0,0.18,10,4939,1,0,1.0,0.00020242914979757084,0.9997979797979798,40,100
0.00020242914979757084,1.0,0.09090909090909091,0.9090909090909091,1.0,0.2,10,4939,1,0,1.0,0.00020242914979757084,0.9997979797979798,40,100
0.0012145748987854252,1.0,0.375,0.625,1.0,0.22,10,4934,6,0,1.0,0.0012145748987854252,0.9987878787878788,40,100
0.0012145748987854252,1.0,0.375,0.625,1.0,0.24,10,4934,6,0,1.0,0.0012145748987854252,0.9987878787878788,40,100
0.0012145748987854252,1.0,0.375,0.625,1.0,0.26,10,4934,6,0,1.0,0.0012145748987854252,0.9987878787878788,40,100
0.0012145748987854252,1.0,0.375,0.625,1.0,0.28,10,4934,6,0,1.0,0.0012145748987854252,0.9987878787878788,40,100
0.0012145748987854252,1.0,0.375,0.625,1.0,0.3,10,4934,6,0,1.0,0.0012145748987854252,0.9987878787878788,40,100
0.0012145748987854252,1.0,0.375,0.625,1.0,0.32,10,4934,6,0,1.0,0.0012145748987854252,0.9987878787878788,40,100
0.0012145748987854252,1.0,0.375,0.625,1.0,0.34,10,4934,6,0,1.0,0.0012145748987854252,0.9987878787878788,40,100
0.0012145748987854252,1.0,0.375,0.625,1.0,0.36,10,4934,6,0,1.0,0.0012145748987854252,0.9987878787878788,40,100
0.0012145748987854252,1.0,0.375,0.625,1.0,0.38,10,4934,6,0,1.0,0.0012145748987854252,0.9987878787878788,40,100
0.0012145748987854252,1.0,0.375,0.625,1.0,0.4,10,4934,6,0,1.0,0.0012145748987854252,0.9987878787878788,40,100
0.001417004048582996,1.0,0.4117647058823529,0.5882352941176471,1.0,0.42,10,4933,7,0,1.0,0.001417004048582996,0.9985858585858586,40,100
0.001417004048582996,1.0,0.4117647058823529,0.5882352941176471,1.0,0.44,10,4933,7,0,1.0,0.001417004048582996,0.9985858585858586,40,100
0.001417004048582996,1.0,0.4117647058823529,0.5882352941176471,1.0,0.46,10,4933,7,0,1.0,0.001417004048582996,0.9985858585858586,40,100
0.001417004048582996,1.0,0.4117647058823529,0.5882352941176471,1.0,0.48,10,4933,7,0,1.0,0.001417004048582996,0.9985858585858586,40,100
0.001417004048582996,1.0,0.4117647058823529,0.5882352941176471,1.0,0.5,10,4933,7,0,1.0,0.001417004048582996,0.9985858585858586,40,100
0.001417004048582996,1.0,0.4117647058823529,0.5882352941176471,1.0,0.52,10,4933,7,0,1.0,0.001417004048582996,0.9985858585858586,40,100
0.001417004048582996,1.0,0.4117647058823529,0.5882352941176471,1.0,0.54,10,4933,7,0,1.0,0.001417004048582996,0.9985858585858586,40,100
0.001417004048582996,1.0,0.4117647058823529,0.5882352941176471,1.0,0.56,10,4933,7,0,1.0,0.001417004048582996,0.9985858585858586,40,100
0.001417004048582996,1.0,0.4117647058823529,0.5882352941176471,1.0,0.58,10,4933,7,0,1.0,0.001417004048582996,0.9985858585858586,40,100
0.001417004048582996,1.0,0.4117647058823529,0.5882352941176471,1.0,0.6,10,4933,7,0,1.0,0.001417004048582996,0.9985858585858586,40,100
0.001417004048582996,1.0,0.4117647058823529,0.5882352941176471,1.0,0.62,10,4933,7,0,1.0,0.001417004048582996,0.9985858585858586,40,100
0.001417004048582996,1.0,0.4117647058823529,0.5882352941176471,1.0,0.64,10,4933,7,0,1.0,0.001417004048582996,0.9985858585858586,40,100
0.001417004048582996,1.0,0.4117647058823529,0.5882352941176471,1.0,0.66,10,4933,7,0,1.0,0.001417004048582996,0.9985858585858586,40,100
0.002226720647773279,1.0,0.5238095238095238,0.47619047619047616,1.0,0.68,10,4929,11,0,1.0,0.002226720647773279,0.9977777777777778,40,100
0.002226720647773279,1.0,0.5238095238095238,0.47619047619047616,1.0,0.7,10,4929,11,0,1.0,0.002226720647773279,0.9977777777777778,40,100
0.002226720647773279,1.0,0.5238095238095238,0.47619047619047616,1.0,0.72,10,4929,11,0,1.0,0.002226720647773279,0.9977777777777778,40,100
0.002226720647773279,1.0,0.5238095238095238,0.47619047619047616,1.0,0.74,10,4929,11,0,1.0,0.002226720647773279,0.9977777777777778,40,100
0.002226720647773279,1.0,0.5238095238095238,0.47619047619047616,1.0,0.76,10,4929,11,0,1.0,0.002226720647773279,0.9977777777777778,40,100
0.002226720647773279,1.0,0.5238095238095238,0.47619047619047616,1.0,0.78,10,4929,11,0,1.0,0.002226720647773279,0.9977777777777778,40,100
0.002226720647773279,1.0,0.5238095238095238,0.47619047619047616,1.0,0.8,10,4929,11,0,1.0,0.002226720647773279,0.9977777777777778,40,100
0.004453441295546558,1.0,0.6875,0.3125,1.0,0.82,10,4918,22,0,1.0,0.004453441295546558,0.9955555555555555,40,100
0.004453441295546558,1.0,0.6875,0.3125,1.0,0.84,10,4918,22,0,1.0,0.004453441295546558,0.9955555555555555,40,100
0.004453441295546558,1.0,0.6875,0.3125,1.0,0.86,10,4918,22,0,1.0,0.004453441295546558,0.9955555555555555,40,100
0.004453441295546558,1.0,0.6875,0.3125,1.0,0.88,10,4918,22,0,1.0,0.004453441295546558,0.9955555555555555,40,100
0.004453441295546558,1.0,0.6875,0.3125,1.0,0.9,10,4918,22,0,1.0,0.004453441295546558,0.9955555555555555,40,100
0.004453441295546558,1.0,0.6875,0.3125,1.0,0.92,10,4918,22,0,1.0,0.004453441295546558,0.9955555555555555,40,100
0.004453441295546558,1.0,0.6875,0.3125,1.0,0.94,10,4918,22,0,1.0,0.004453441295546558,0.9955555555555555,40,100
0.004453441295546558,1.0,0.6875,0.3125,1.0,0.96,10,4918,22,0,1.0,0.004453441295546558,0.9955555555555555,40,100
0.16680161943319838,1.0,0.988009592326139,0.011990407673860911,1.0,0.98,10,4116,824,0,1.0,0.16680161943319838,0.8335353535353536,40,100
0.16680161943319838,1.0,0.988009592326139,0.011990407673860911,1.0,1.0,10,4116,824,0,1.0,0.16680161943319838,0.8335353535353536,40,100
0.0,0.9,0.0,1.0,0.9,0.02,9,4940,0,1,0.9,0.0,0.9997979797979798,41,100
0.0,0.9,0.0,1.0,0.9,0.04,9,4940,0,1,0.9,0.0,0.9997979797979798,41,100
0.0,0.9,0.0,1.0,0.9,0.06,9,4940,0,1,0.9,0.0,0.9997979797979798,41,100
0.00020242914979757084,1.0,0.09090909090909091,0.9090909090909091,1.0,0.08,10,4939,1,0,1.0,0.00020242914979757084,0.9997979797979798,41,100
0.00020242914979757084,1.0,0.09090909090909091,0.9090909090909091,1.0,0.1,10,4939,1,0,1.0,0.00020242914979757084,0.9997979797979798,41,100
0.00020242914979757084,1.0,0.09090909090909091,0.9090909090909091,1.0,0.12,10,4939,1,0,1.0,0.00020242914979757084,0.9997979797979798,41,100
0.00020242914979757084,1.0,0.09090909090909091,0.9090909090909091,1.0,0.14,10,4939,1,0,1.0,0.00020242914979757084,0.9997979797979798,41,100
0.00020242914979757084,1.0,0.09090909090909091,0.9090909090909091,1.0,0.16,10,4939,1,0,1.0,0.00020242914979757084,0.9997979797979798,41,100
0.0004048582995951417,1.0,0.16666666666666666,0.8333333333333334,1.0,0.18,10,4938,2,0,1.0,0.0004048582995951417,0.9995959595959596,41,100
0.0004048582995951417,1.0,0.16666666666666666,0.8333333333333334,1.0,0.2,10,4938,2,0,1.0,0.0004048582995951417,0.9995959595959596,41,100
0.0004048582995951417,1.0,0.16666666666666666,0.8333333333333334,1.0,0.22,10,4938,2,0,1.0,0.0004048582995951417,0.9995959595959596,41,100
0.0004048582995951417,1.0,0.16666666666666666,0.8333333333333334,1.0,0.24,10,4938,2,0,1.0,0.0004048582995951417,0.9995959595959596,41,100
0.0004048582995951417,1.0,0.16666666666666666,0.8333333333333334,1.0,0.26,10,4938,2,0,1.0,0.0004048582995951417,0.9995959595959596,41,100
0.0004048582995951417,1.0,0.16666666666666666,0.8333333333333334,1.0,0.28,10,4938,2,0,1.0,0.0004048582995951417,0.9995959595959596,41,100
0.0004048582995951417,1.0,0.16666666666666666,0.8333333333333334,1.0,0.3,10,4938,2,0,1.0,0.0004048582995951417,0.9995959595959596,41,100
0.0004048582995951417,1.0,0.16666666666666666,0.8333333333333334,1.0,0.32,10,4938,2,0,1.0,0.0004048582995951417,0.9995959595959596,41,100
0.0004048582995951417,1.0,0.16666666666666666,0.8333333333333334,1.0,0.34,10,4938,2,0,1.0,0.0004048582995951417,0.9995959595959596,41,100
0.0004048582995951417,1.0,0.16666666666666666,0.8333333333333334,1.0,0.36,10,4938,2,0,1.0,0.0004048582995951417,0.9995959595959596,41,100
0.0004048582995951417,1.0,0.16666666666666666,0.8333333333333334,1.0,0.38,10,4938,2,0,1.0,0.0004048582995951417,0.9995959595959596,41,100
0.0004048582995951417,1.0,0.16666666666666666,0.8333333333333334,1.0,0.4,10,4938,2,0,1.0,0.0004048582995951417,0.9995959595959596,41,100
0.0004048582995951417,1.0,0.16666666666666666,0.8333333333333334,1.0,0.42,10,4938,2,0,1.0,0.0004048582995951417,0.9995959595959596,41,100
0.0004048582995951417,1.0,0.16666666666666666,0.8333333333333334,1.0,0.44,10,4938,2,0,1.0,0.0004048582995951417,0.9995959595959596,41,100
0.0004048582995951417,1.0,0.16666666666666666,0.8333333333333334,1.0,0.46,10,4938,2,0,1.0,0.0004048582995951417,0.9995959595959596,41,100
0.0004048582995951417,1.0,0.16666666666666666,0.8333333333333334,1.0,0.48,10,4938,2,0,1.0,0.0004048582995951417,0.9995959595959596,41,100
0.0004048582995951417,1.0,0.16666666666666666,0.8333333333333334,1.0,0.5,10,4938,2,0,1.0,0.0004048582995951417,0.9995959595959596,41,100
0.0004048582995951417,1.0,0.16666666666666666,0.8333333333333334,1.0,0.52,10,4938,2,0,1.0,0.0004048582995951417,0.9995959595959596,41,100
0.0004048582995951417,1.0,0.16666666666666666,0.8333333333333334,1.0,0.54,10,4938,2,0,1.0,0.0004048582995951417,0.9995959595959596,41,100
0.0004048582995951417,1.0,0.16666666666666666,0.8333333333333334,1.0,0.56,10,4938,2,0,1.0,0.0004048582995951417,0.9995959595959596,41,100
0.0004048582995951417,1.0,0.16666666666666666,0.8333333333333334,1.0,0.58,10,4938,2,0,1.0,0.0004048582995951417,0.9995959595959596,41,100
0.0004048582995951417,1.0,0.16666666666666666,0.8333333333333334,1.0,0.6,10,4938,2,0,1.0,0.0004048582995951417,0.9995959595959596,41,100
0.0004048582995951417,1.0,0.16666666666666666,0.8333333333333334,1.0,0.62,10,4938,2,0,1.0,0.0004048582995951417,0.9995959595959596,41,100
0.0004048582995951417,1.0,0.16666666666666666,0.8333333333333334,1.0,0.64,10,4938,2,0,1.0,0.0004048582995951417,0.9995959595959596,41,100
0.0004048582995951417,1.0,0.16666666666666666,0.8333333333333334,1.0,0.66,10,4938,2,0,1.0,0.0004048582995951417,0.9995959595959596,41,100
0.0004048582995951417,1.0,0.16666666666666666,0.8333333333333334,1.0,0.68,10,4938,2,0,1.0,0.0004048582995951417,0.9995959595959596,41,100
0.0004048582995951417,1.0,0.16666666666666666,0.8333333333333334,1.0,0.7,10,4938,2,0,1.0,0.0004048582995951417,0.9995959595959596,41,100
0.0010121457489878543,1.0,0.3333333333333333,0.6666666666666666,1.0,0.72,10,4935,5,0,1.0,0.0010121457489878543,0.998989898989899,41,100
0.0010121457489878543,1.0,0.3333333333333333,0.6666666666666666,1.0,0.74,10,4935,5,0,1.0,0.0010121457489878543,0.998989898989899,41,100
0.0010121457489878543,1.0,0.3333333333333333,0.6666666666666666,1.0,0.76,10,4935,5,0,1.0,0.0010121457489878543,0.998989898989899,41,100
0.0010121457489878543,1.0,0.3333333333333333,0.6666666666666666,1.0,0.78,10,4935,5,0,1.0,0.0010121457489878543,0.998989898989899,41,100
0.0010121457489878543,1.0,0.3333333333333333,0.6666666666666666,1.0,0.8,10,4935,5,0,1.0,0.0010121457489878543,0.998989898989899,41,100
0.0010121457489878543,1.0,0.3333333333333333,0.6666666666666666,1.0,0.82,10,4935,5,0,1.0,0.0010121457489878543,0.998989898989899,41,100
0.0010121457489878543,1.0,0.3333333333333333,0.6666666666666666,1.0,0.84,10,4935,5,0,1.0,0.0010121457489878543,0.998989898989899,41,100
0.0010121457489878543,1.0,0.3333333333333333,0.6666666666666666,1.0,0.86,10,4935,5,0,1.0,0.0010121457489878543,0.998989898989899,41,100
0.0010121457489878543,1.0,0.3333333333333333,0.6666666666666666,1.0,0.88,10,4935,5,0,1.0,0.0010121457489878543,0.998989898989899,41,100
0.0032388663967611335,1.0,0.6153846153846154,0.38461538461538464,1.0,0.9,10,4924,16,0,1.0,0.0032388663967611335,0.9967676767676767,41,100
0.008299595141700405,1.0,0.803921568627451,0.19607843137254902,1.0,0.92,10,4899,41,0,1.0,0.008299595141700405,0.9917171717171717,41,100
0.008299595141700405,1.0,0.803921568627451,0.19607843137254902,1.0,0.94,10,4899,41,0,1.0,0.008299595141700405,0.9917171717171717,41,100
0.008299595141700405,1.0,0.803921568627451,0.19607843137254902,1.0,0.96,10,4899,41,0,1.0,0.008299595141700405,0.9917171717171717,41,100
0.008299595141700405,1.0,0.803921568627451,0.19607843137254902,1.0,0.98,10,4899,41,0,1.0,0.008299595141700405,0.9917171717171717,41,100
0.6388663967611335,1.0,0.9968414403032217,0.003158559696778269,1.0,1.0,10,1784,3156,0,1.0,0.6388663967611335,0.3624242424242424,41,100
0.0,1.0,0.0,1.0,1.0,0.02,10,4940,0,0,1.0,0.0,1.0,42,100
0.0,1.0,0.0,1.0,1.0,0.04,10,4940,0,0,1.0,0.0,1.0,42,100
0.0,1.0,0.0,1.0,1.0,0.06,10,4940,0,0,1.0,0.0,1.0,42,100
0.0,1.0,0.0,1.0,1.0,0.08,10,4940,0,0,1.0,0.0,1.0,42,100
0.00020242914979757084,1.0,0.09090909090909091,0.9090909090909091,1.0,0.1,10,4939,1,0,1.0,0.00020242914979757084,0.9997979797979798,42,100
0.00020242914979757084,1.0,0.09090909090909091,0.9090909090909091,1.0,0.12,10,4939,1,0,1.0,0.00020242914979757084,0.9997979797979798,42,100
0.00020242914979757084,1.0,0.09090909090909091,0.9090909090909091,1.0,0.14,10,4939,1,0,1.0,0.00020242914979757084,0.9997979797979798,42,100
0.00020242914979757084,1.0,0.09090909090909091,0.9090909090909091,1.0,0.16,10,4939,1,0,1.0,0.00020242914979757084,0.9997979797979798,42,100
0.0004048582995951417,1.0,0.16666666666666666,0.8333333333333334,1.0,0.18,10,4938,2,0,1.0,0.0004048582995951417,0.9995959595959596,42,100
0.0004048582995951417,1.0,0.16666666666666666,0.8333333333333334,1.0,0.2,10,4938,2,0,1.0,0.0004048582995951417,0.9995959595959596,42,100
0.0004048582995951417,1.0,0.16666666666666666,0.8333333333333334,1.0,0.22,10,4938,2,0,1.0,0.0004048582995951417,0.9995959595959596,42,100
0.0004048582995951417,1.0,0.16666666666666666,0.8333333333333334,1.0,0.24,10,4938,2,0,1.0,0.0004048582995951417,0.9995959595959596,42,100
0.0004048582995951417,1.0,0.16666666666666666,0.8333333333333334,1.0,0.26,10,4938,2,0,1.0,0.0004048582995951417,0.9995959595959596,42,100
0.0004048582995951417,1.0,0.16666666666666666,0.8333333333333334,1.0,0.28,10,4938,2,0,1.0,0.0004048582995951417,0.9995959595959596,42,100
0.0004048582995951417,1.0,0.16666666666666666,0.8333333333333334,1.0,0.3,10,4938,2,0,1.0,0.0004048582995951417,0.9995959595959596,42,100
0.0004048582995951417,1.0,0.16666666666666666,0.8333333333333334,1.0,0.32,10,4938,2,0,1.0,0.0004048582995951417,0.9995959595959596,42,100
0.0010121457489878543,1.0,0.3333333333333333,0.6666666666666666,1.0,0.34,10,4935,5,0,1.0,0.0010121457489878543,0.998989898989899,42,100
0.0010121457489878543,1.0,0.3333333333333333,0.6666666666666666,1.0,0.36,10,4935,5,0,1.0,0.0010121457489878543,0.998989898989899,42,100
0.0010121457489878543,1.0,0.3333333333333333,0.6666666666666666,1.0,0.38,10,4935,5,0,1.0,0.0010121457489878543,0.998989898989899,42,100
0.0010121457489878543,1.0,0.3333333333333333,0.6666666666666666,1.0,0.4,10,4935,5,0,1.0,0.0010121457489878543,0.998989898989899,42,100
0.0010121457489878543,1.0,0.3333333333333333,0.6666666666666666,1.0,0.42,10,4935,5,0,1.0,0.0010121457489878543,0.998989898989899,42,100
0.0010121457489878543,1.0,0.3333333333333333,0.6666666666666666,1.0,0.44,10,4935,5,0,1.0,0.0010121457489878543,0.998989898989899,42,100
0.0010121457489878543,1.0,0.3333333333333333,0.6666666666666666,1.0,0.46,10,4935,5,0,1.0,0.0010121457489878543,0.998989898989899,42,100
0.0010121457489878543,1.0,0.3333333333333333,0.6666666666666666,1.0,0.48,10,4935,5,0,1.0,0.0010121457489878543,0.998989898989899,42,100
0.0010121457489878543,1.0,0.3333333333333333,0.6666666666666666,1.0,0.5,10,4935,5,0,1.0,0.0010121457489878543,0.998989898989899,42,100
0.0010121457489878543,1.0,0.3333333333333333,0.6666666666666666,1.0,0.52,10,4935,5,0,1.0,0.0010121457489878543,0.998989898989899,42,100
0.0010121457489878543,1.0,0.3333333333333333,0.6666666666666666,1.0,0.54,10,4935,5,0,1.0,0.0010121457489878543,0.998989898989899,42,100
0.0018218623481781376,1.0,0.47368421052631576,0.5263157894736842,1.0,0.56,10,4931,9,0,1.0,0.0018218623481781376,0.9981818181818182,42,100
0.0018218623481781376,1.0,0.47368421052631576,0.5263157894736842,1.0,0.58,10,4931,9,0,1.0,0.0018218623481781376,0.9981818181818182,42,100
0.0018218623481781376,1.0,0.47368421052631576,0.5263157894736842,1.0,0.6,10,4931,9,0,1.0,0.0018218623481781376,0.9981818181818182,42,100
0.004858299595141701,1.0,0.7058823529411765,0.29411764705882354,1.0,0.62,10,4916,24,0,1.0,0.004858299595141701,0.9951515151515151,42,100
0.004858299595141701,1.0,0.7058823529411765,0.29411764705882354,1.0,0.64,10,4916,24,0,1.0,0.004858299595141701,0.9951515151515151,42,100
0.004858299595141701,1.0,0.7058823529411765,0.29411764705882354,1.0,0.66,10,4916,24,0,1.0,0.004858299595141701,0.9951515151515151,42,100
0.004858299595141701,1.0,0.7058823529411765,0.29411764705882354,1.0,0.68,10,4916,24,0,1.0,0.004858299595141701,0.9951515151515151,42,100
0.004858299595141701,1.0,0.7058823529411765,0.29411764705882354,1.0,0.7,10,4916,24,0,1.0,0.004858299595141701,0.9951515151515151,42,100
0.004858299595141701,1.0,0.7058823529411765,0.29411764705882354,1.0,0.72,10,4916,24,0,1.0,0.004858299595141701,0.9951515151515151,42,100
0.004858299595141701,1.0,0.7058823529411765,0.29411764705882354,1.0,0.74,10,4916,24,0,1.0,0.004858299595141701,0.9951515151515151,42,100
0.004858299595141701,1.0,0.7058823529411765,0.29411764705882354,1.0,0.76,10,4916,24,0,1.0,0.004858299595141701,0.9951515151515151,42,100
0.004858299595141701,1.0,0.7058823529411765,0.29411764705882354,1.0,0.78,10,4916,24,0,1.0,0.004858299595141701,0.9951515151515151,42,100
0.004858299595141701,1.0,0.7058823529411765,0.29411764705882354,1.0,0.8,10,4916,24,0,1.0,0.004858299595141701,0.9951515151515151,42,100
0.004858299595141701,1.0,0.7058823529411765,0.29411764705882354,1.0,0.82,10,4916,24,0,1.0,0.004858299595141701,0.9951515151515151,42,100
0.004858299595141701,1.0,0.7058823529411765,0.29411764705882354,1.0,0.84,10,4916,24,0,1.0,0.004858299595141701,0.9951515151515151,42,100
0.004858299595141701,1.0,0.7058823529411765,0.29411764705882354,1.0,0.86,10,4916,24,0,1.0,0.004858299595141701,0.9951515151515151,42,100
0.004858299595141701,1.0,0.7058823529411765,0.29411764705882354,1.0,0.88,10,4916,24,0,1.0,0.004858299595141701,0.9951515151515151,42,100
0.004858299595141701,1.0,0.7058823529411765,0.29411764705882354,1.0,0.9,10,4916,24,0,1.0,0.004858299595141701,0.9951515151515151,42,100
0.00708502024291498,1.0,0.7777777777777778,0.2222222222222222,1.0,0.92,10,4905,35,0,1.0,0.00708502024291498,0.9929292929292929,42,100
0.00708502024291498,1.0,0.7777777777777778,0.2222222222222222,1.0,0.94,10,4905,35,0,1.0,0.00708502024291498,0.9929292929292929,42,100
0.00708502024291498,1.0,0.7777777777777778,0.2222222222222222,1.0,0.96,10,4905,35,0,1.0,0.00708502024291498,0.9929292929292929,42,100
0.01417004048582996,1.0,0.875,0.125,1.0,0.98,10,4870,70,0,1.0,0.01417004048582996,0.9858585858585859,42,100
0.8269230769230769,1.0,0.9975579975579976,0.002442002442002442,1.0,1.0,10,855,4085,0,1.0,0.8269230769230769,0.17474747474747473,42,100
0.0,1.0,0.0,1.0,1.0,0.02,10,4940,0,0,1.0,0.0,1.0,43,100
0.0,1.0,0.0,1.0,1.0,0.04,10,4940,0,0,1.0,0.0,1.0,43,100
0.00020242914979757084,1.0,0.09090909090909091,0.9090909090909091,1.0,0.06,10,4939,1,0,1.0,0.00020242914979757084,0.9997979797979798,43,100
0.00020242914979757084,1.0,0.09090909090909091,0.9090909090909091,1.0,0.08,10,4939,1,0,1.0,0.00020242914979757084,0.9997979797979798,43,100
0.00020242914979757084,1.0,0.09090909090909091,0.9090909090909091,1.0,0.1,10,4939,1,0,1.0,0.00020242914979757084,0.9997979797979798,43,100
0.00020242914979757084,1.0,0.09090909090909091,0.9090909090909091,1.0,0.12,10,4939,1,0,1.0,0.00020242914979757084,0.9997979797979798,43,100
0.0004048582995951417,1.0,0.16666666666666666,0.8333333333333334,1.0,0.14,10,4938,2,0,1.0,0.0004048582995951417,0.9995959595959596,43,100
0.0004048582995951417,1.0,0.16666666666666666,0.8333333333333334,1.0,0.16,10,4938,2,0,1.0,0.0004048582995951417,0.9995959595959596,43,100
0.0004048582995951417,1.0,0.16666666666666666,0.8333333333333334,1.0,0.18,10,4938,2,0,1.0,0.0004048582995951417,0.9995959595959596,43,100
0.0004048582995951417,1.0,0.16666666666666666,0.8333333333333334,1.0,0.2,10,4938,2,0,1.0,0.0004048582995951417,0.9995959595959596,43,100
0.0004048582995951417,1.0,0.16666666666666666,0.8333333333333334,1.0,0.22,10,4938,2,0,1.0,0.0004048582995951417,0.9995959595959596,43,100
0.001417004048582996,1.0,0.4117647058823529,0.5882352941176471,1.0,0.24,10,4933,7,0,1.0,0.001417004048582996,0.9985858585858586,43,100
0.001417004048582996,1.0,0.4117647058823529,0.5882352941176471,1.0,0.26,10,4933,7,0,1.0,0.001417004048582996,0.9985858585858586,43,100
0.001417004048582996,1.0,0.4117647058823529,0.5882352941176471,1.0,0.28,10,4933,7,0,1.0,0.001417004048582996,0.9985858585858586,43,100
0.001417004048582996,1.0,0.4117647058823529,0.5882352941176471,1.0,0.3,10,4933,7,0,1.0,0.001417004048582996,0.9985858585858586,43,100
0.001417004048582996,1.0,0.4117647058823529,0.5882352941176471,1.0,0.32,10,4933,7,0,1.0,0.001417004048582996,0.9985858585858586,43,100
0.001417004048582996,1.0,0.4117647058823529,0.5882352941176471,1.0,0.34,10,4933,7,0,1.0,0.001417004048582996,0.9985858585858586,43,100
0.001417004048582996,1.0,0.4117647058823529,0.5882352941176471,1.0,0.36,10,4933,7,0,1.0,0.001417004048582996,0.9985858585858586,43,100
0.001417004048582996,1.0,0.4117647058823529,0.5882352941176471,1.0,0.38,10,4933,7,0,1.0,0.001417004048582996,0.9985858585858586,43,100
0.001417004048582996,1.0,0.4117647058823529,0.5882352941176471,1.0,0.4,10,4933,7,0,1.0,0.001417004048582996,0.9985858585858586,43,100
0.0024291497975708503,1.0,0.5454545454545454,0.45454545454545453,1.0,0.42,10,4928,12,0,1.0,0.0024291497975708503,0.9975757575757576,43,100
0.0024291497975708503,1.0,0.5454545454545454,0.45454545454545453,1.0,0.44,10,4928,12,0,1.0,0.0024291497975708503,0.9975757575757576,43,100
0.0024291497975708503,1.0,0.5454545454545454,0.45454545454545453,1.0,0.46,10,4928,12,0,1.0,0.0024291497975708503,0.9975757575757576,43,100
0.0024291497975708503,1.0,0.5454545454545454,0.45454545454545453,1.0,0.48,10,4928,12,0,1.0,0.0024291497975708503,0.9975757575757576,43,100
0.0024291497975708503,1.0,0.5454545454545454,0.45454545454545453,1.0,0.5,10,4928,12,0,1.0,0.0024291497975708503,0.9975757575757576,43,100
0.0024291497975708503,1.0,0.5454545454545454,0.45454545454545453,1.0,0.52,10,4928,12,0,1.0,0.0024291497975708503,0.9975757575757576,43,100
0.0024291497975708503,1.0,0.5454545454545454,0.45454545454545453,1.0,0.54,10,4928,12,0,1.0,0.0024291497975708503,0.9975757575757576,43,100
0.0024291497975708503,1.0,0.5454545454545454,0.45454545454545453,1.0,0.56,10,4928,12,0,1.0,0.0024291497975708503,0.9975757575757576,43,100
0.0024291497975708503,1.0,0.5454545454545454,0.45454545454545453,1.0,0.58,10,4928,12,0,1.0,0.0024291497975708503,0.9975757575757576,43,100
0.0024291497975708503,1.0,0.5454545454545454,0.45454545454545453,1.0,0.6,10,4928,12,0,1.0,0.0024291497975708503,0.9975757575757576,43,100
0.0024291497975708503,1.0,0.5454545454545454,0.45454545454545453,1.0,0.62,10,4928,12,0,1.0,0.0024291497975708503,0.9975757575757576,43,100
0.0024291497975708503,1.0,0.5454545454545454,0.45454545454545453,1.0,0.64,10,4928,12,0,1.0,0.0024291497975708503,0.9975757575757576,43,100
0.0024291497975708503,1.0,0.5454545454545454,0.45454545454545453,1.0,0.66,10,4928,12,0,1.0,0.0024291497975708503,0.9975757575757576,43,100
0.0024291497975708503,1.0,0.5454545454545454,0.45454545454545453,1.0,0.68,10,4928,12,0,1.0,0.0024291497975708503,0.9975757575757576,43,100
0.0024291497975708503,1.0,0.5454545454545454,0.45454545454545453,1.0,0.7,10,4928,12,0,1.0,0.0024291497975708503,0.9975757575757576,43,100
0.0024291497975708503,1.0,0.5454545454545454,0.45454545454545453,1.0,0.72,10,4928,12,0,1.0,0.0024291497975708503,0.9975757575757576,43,100
0.0034412955465587046,1.0,0.6296296296296297,0.37037037037037035,1.0,0.74,10,4923,17,0,1.0,0.0034412955465587046,0.9965656565656565,43,100
0.0034412955465587046,1.0,0.6296296296296297,0.37037037037037035,1.0,0.76,10,4923,17,0,1.0,0.0034412955465587046,0.9965656565656565,43,100
0.0034412955465587046,1.0,0.6296296296296297,0.37037037037037035,1.0,0.78,10,4923,17,0,1.0,0.0034412955465587046,0.9965656565656565,43,100
0.0034412955465587046,1.0,0.6296296296296297,0.37037037037037035,1.0,0.8,10,4923,17,0,1.0,0.0034412955465587046,0.9965656565656565,43,100
0.0034412955465587046,1.0,0.6296296296296297,0.37037037037037035,1.0,0.82,10,4923,17,0,1.0,0.0034412955465587046,0.9965656565656565,43,100
0.0034412955465587046,1.0,0.6296296296296297,0.37037037037037035,1.0,0.84,10,4923,17,0,1.0,0.0034412955465587046,0.9965656565656565,43,100
0.0034412955465587046,1.0,0.6296296296296297,0.37037037037037035,1.0,0.86,10,4923,17,0,1.0,0.0034412955465587046,0.9965656565656565,43,100
0.0034412955465587046,1.0,0.6296296296296297,0.37037037037037035,1.0,0.88,10,4923,17,0,1.0,0.0034412955465587046,0.9965656565656565,43,100
0.0072874493927125505,1.0,0.782608695652174,0.21739130434782608,1.0,0.9,10,4904,36,0,1.0,0.0072874493927125505,0.9927272727272727,43,100
0.0072874493927125505,1.0,0.782608695652174,0.21739130434782608,1.0,0.92,10,4904,36,0,1.0,0.0072874493927125505,0.9927272727272727,43,100
0.0072874493927125505,1.0,0.782608695652174,0.21739130434782608,1.0,0.94,10,4904,36,0,1.0,0.0072874493927125505,0.9927272727272727,43,100
0.0072874493927125505,1.0,0.782608695652174,0.21739130434782608,1.0,0.96,10,4904,36,0,1.0,0.0072874493927125505,0.9927272727272727,43,100
0.0072874493927125505,1.0,0.782608695652174,0.21739130434782608,1.0,0.98,10,4904,36,0,1.0,0.0072874493927125505,0.9927272727272727,43,100
0.01437246963562753,1.0,0.8765432098765432,0.12345679012345678,1.0,1.0,10,4869,71,0,1.0,0.01437246963562753,0.9856565656565657,43,100
0.0,1.0,0.0,1.0,1.0,0.02,10,4940,0,0,1.0,0.0,1.0,44,100
0.0,1.0,0.0,1.0,1.0,0.04,10,4940,0,0,1.0,0.0,1.0,44,100
0.0,1.0,0.0,1.0,1.0,0.06,10,4940,0,0,1.0,0.0,1.0,44,100
0.0,1.0,0.0,1.0,1.0,0.08,10,4940,0,0,1.0,0.0,1.0,44,100
0.0,1.0,0.0,1.0,1.0,0.1,10,4940,0,0,1.0,0.0,1.0,44,100
0.0,1.0,0.0,1.0,1.0,0.12,10,4940,0,0,1.0,0.0,1.0,44,100
0.0,1.0,0.0,1.0,1.0,0.14,10,4940,0,0,1.0,0.0,1.0,44,100
0.0,1.0,0.0,1.0,1.0,0.16,10,4940,0,0,1.0,0.0,1.0,44,100
0.0,1.0,0.0,1.0,1.0,0.18,10,4940,0,0,1.0,0.0,1.0,44,100
0.00020242914979757084,1.0,0.09090909090909091,0.9090909090909091,1.0,0.2,10,4939,1,0,1.0,0.00020242914979757084,0.9997979797979798,44,100
0.00020242914979757084,1.0,0.09090909090909091,0.9090909090909091,1.0,0.22,10,4939,1,0,1.0,0.00020242914979757084,0.9997979797979798,44,100
0.00020242914979757084,1.0,0.09090909090909091,0.9090909090909091,1.0,0.24,10,4939,1,0,1.0,0.00020242914979757084,0.9997979797979798,44,100
0.00020242914979757084,1.0,0.09090909090909091,0.9090909090909091,1.0,0.26,10,4939,1,0,1.0,0.00020242914979757084,0.9997979797979798,44,100
0.00020242914979757084,1.0,0.09090909090909091,0.9090909090909091,1.0,0.28,10,4939,1,0,1.0,0.00020242914979757084,0.9997979797979798,44,100
0.00020242914979757084,1.0,0.09090909090909091,0.9090909090909091,1.0,0.3,10,4939,1,0,1.0,0.00020242914979757084,0.9997979797979798,44,100
0.00020242914979757084,1.0,0.09090909090909091,0.9090909090909091,1.0,0.32,10,4939,1,0,1.0,0.00020242914979757084,0.9997979797979798,44,100
0.00020242914979757084,1.0,0.09090909090909091,0.9090909090909091,1.0,0.34,10,4939,1,0,1.0,0.00020242914979757084,0.9997979797979798,44,100
0.00020242914979757084,1.0,0.09090909090909091,0.9090909090909091,1.0,0.36,10,4939,1,0,1.0,0.00020242914979757084,0.9997979797979798,44,100
0.00020242914979757084,1.0,0.09090909090909091,0.9090909090909091,1.0,0.38,10,4939,1,0,1.0,0.00020242914979757084,0.9997979797979798,44,100
0.00020242914979757084,1.0,0.09090909090909091,0.9090909090909091,1.0,0.4,10,4939,1,0,1.0,0.00020242914979757084,0.9997979797979798,44,100
0.00020242914979757084,1.0,0.09090909090909091,0.9090909090909091,1.0,0.42,10,4939,1,0,1.0,0.00020242914979757084,0.9997979797979798,44,100
0.00020242914979757084,1.0,0.09090909090909091,0.9090909090909091,1.0,0.44,10,4939,1,0,1.0,0.00020242914979757084,0.9997979797979798,44,100
0.00020242914979757084,1.0,0.09090909090909091,0.9090909090909091,1.0,0.46,10,4939,1,0,1.0,0.00020242914979757084,0.9997979797979798,44,100
0.00020242914979757084,1.0,0.09090909090909091,0.9090909090909091,1.0,0.48,10,4939,1,0,1.0,0.00020242914979757084,0.9997979797979798,44,100
0.00020242914979757084,1.0,0.09090909090909091,0.9090909090909091,1.0,0.5,10,4939,1,0,1.0,0.00020242914979757084,0.9997979797979798,44,100
0.00020242914979757084,1.0,0.09090909090909091,0.9090909090909091,1.0,0.52,10,4939,1,0,1.0,0.00020242914979757084,0.9997979797979798,44,100
0.0012145748987854252,1.0,0.375,0.625,1.0,0.54,10,4934,6,0,1.0,0.0012145748987854252,0.9987878787878788,44,100
0.0012145748987854252,1.0,0.375,0.625,1.0,0.56,10,4934,6,0,1.0,0.0012145748987854252,0.9987878787878788,44,100
0.0012145748987854252,1.0,0.375,0.625,1.0,0.58,10,4934,6,0,1.0,0.0012145748987854252,0.9987878787878788,44,100
0.0012145748987854252,1.0,0.375,0.625,1.0,0.6,10,4934,6,0,1.0,0.0012145748987854252,0.9987878787878788,44,100
0.0012145748987854252,1.0,0.375,0.625,1.0,0.62,10,4934,6,0,1.0,0.0012145748987854252,0.9987878787878788,44,100
0.0012145748987854252,1.0,0.375,0.625,1.0,0.64,10,4934,6,0,1.0,0.0012145748987854252,0.9987878787878788,44,100
0.003036437246963563,1.0,0.6,0.4,1.0,0.66,10,4925,15,0,1.0,0.003036437246963563,0.996969696969697,44,100
0.003036437246963563,1.0,0.6,0.4,1.0,0.68,10,4925,15,0,1.0,0.003036437246963563,0.996969696969697,44,100
0.003036437246963563,1.0,0.6,0.4,1.0,0.7,10,4925,15,0,1.0,0.003036437246963563,0.996969696969697,44,100
0.003036437246963563,1.0,0.6,0.4,1.0,0.72,10,4925,15,0,1.0,0.003036437246963563,0.996969696969697,44,100
0.003036437246963563,1.0,0.6,0.4,1.0,0.74,10,4925,15,0,1.0,0.003036437246963563,0.996969696969697,44,100
0.003036437246963563,1.0,0.6,0.4,1.0,0.76,10,4925,15,0,1.0,0.003036437246963563,0.996969696969697,44,100
0.003036437246963563,1.0,0.6,0.4,1.0,0.78,10,4925,15,0,1.0,0.003036437246963563,0.996969696969697,44,100
0.003036437246963563,1.0,0.6,0.4,1.0,0.8,10,4925,15,0,1.0,0.003036437246963563,0.996969696969697,44,100
0.003036437246963563,1.0,0.6,0.4,1.0,0.82,10,4925,15,0,1.0,0.003036437246963563,0.996969696969697,44,100
0.003036437246963563,1.0,0.6,0.4,1.0,0.84,10,4925,15,0,1.0,0.003036437246963563,0.996969696969697,44,100
0.003036437246963563,1.0,0.6,0.4,1.0,0.86,10,4925,15,0,1.0,0.003036437246963563,0.996969696969697,44,100
0.003036437246963563,1.0,0.6,0.4,1.0,0.88,10,4925,15,0,1.0,0.003036437246963563,0.996969696969697,44,100
0.003036437246963563,1.0,0.6,0.4,1.0,0.9,10,4925,15,0,1.0,0.003036437246963563,0.996969696969697,44,100
0.003036437246963563,1.0,0.6,0.4,1.0,0.92,10,4925,15,0,1.0,0.003036437246963563,0.996969696969697,44,100
0.003036437246963563,1.0,0.6,0.4,1.0,0.94,10,4925,15,0,1.0,0.003036437246963563,0.996969696969697,44,100
0.003036437246963563,1.0,0.6,0.4,1.0,0.96,10,4925,15,0,1.0,0.003036437246963563,0.996969696969697,44,100
0.004251012145748988,1.0,0.6774193548387096,0.3225806451612903,1.0,0.98,10,4919,21,0,1.0,0.004251012145748988,0.9957575757575757,44,100
0.004251012145748988,1.0,0.6774193548387096,0.3225806451612903,1.0,1.0,10,4919,21,0,1.0,0.004251012145748988,0.9957575757575757,44,100
0.0,1.0,0.0,1.0,1.0,0.02,10,4940,0,0,1.0,0.0,1.0,45,100
0.0,1.0,0.0,1.0,1.0,0.04,10,4940,0,0,1.0,0.0,1.0,45,100
0.0,1.0,0.0,1.0,1.0,0.06,10,4940,0,0,1.0,0.0,1.0,45,100
0.0,1.0,0.0,1.0,1.0,0.08,10,4940,0,0,1.0,0.0,1.0,45,100
0.0,1.0,0.0,1.0,1.0,0.1,10,4940,0,0,1.0,0.0,1.0,45,100
0.0,1.0,0.0,1.0,1.0,0.12,10,4940,0,0,1.0,0.0,1.0,45,100
0.00020242914979757084,1.0,0.09090909090909091,0.9090909090909091,1.0,0.14,10,4939,1,0,1.0,0.00020242914979757084,0.9997979797979798,45,100
0.00020242914979757084,1.0,0.09090909090909091,0.9090909090909091,1.0,0.16,10,4939,1,0,1.0,0.00020242914979757084,0.9997979797979798,45,100
0.00020242914979757084,1.0,0.09090909090909091,0.9090909090909091,1.0,0.18,10,4939,1,0,1.0,0.00020242914979757084,0.9997979797979798,45,100
0.00020242914979757084,1.0,0.09090909090909091,0.9090909090909091,1.0,0.2,10,4939,1,0,1.0,0.00020242914979757084,0.9997979797979798,45,100
0.00020242914979757084,1.0,0.09090909090909091,0.9090909090909091,1.0,0.22,10,4939,1,0,1.0,0.00020242914979757084,0.9997979797979798,45,100
0.00020242914979757084,1.0,0.09090909090909091,0.9090909090909091,1.0,0.24,10,4939,1,0,1.0,0.00020242914979757084,0.9997979797979798,45,100
0.00020242914979757084,1.0,0.09090909090909091,0.9090909090909091,1.0,0.26,10,4939,1,0,1.0,0.00020242914979757084,0.9997979797979798,45,100
0.00020242914979757084,1.0,0.09090909090909091,0.9090909090909091,1.0,0.28,10,4939,1,0,1.0,0.00020242914979757084,0.9997979797979798,45,100
0.00020242914979757084,1.0,0.09090909090909091,0.9090909090909091,1.0,0.3,10,4939,1,0,1.0,0.00020242914979757084,0.9997979797979798,45,100
0.00020242914979757084,1.0,0.09090909090909091,0.9090909090909091,1.0,0.32,10,4939,1,0,1.0,0.00020242914979757084,0.9997979797979798,45,100
0.00020242914979757084,1.0,0.09090909090909091,0.9090909090909091,1.0,0.34,10,4939,1,0,1.0,0.00020242914979757084,0.9997979797979798,45,100
0.00020242914979757084,1.0,0.09090909090909091,0.9090909090909091,1.0,0.36,10,4939,1,0,1.0,0.00020242914979757084,0.9997979797979798,45,100
0.00020242914979757084,1.0,0.09090909090909091,0.9090909090909091,1.0,0.38,10,4939,1,0,1.0,0.00020242914979757084,0.9997979797979798,45,100
0.00020242914979757084,1.0,0.09090909090909091,0.9090909090909091,1.0,0.4,10,4939,1,0,1.0,0.00020242914979757084,0.9997979797979798,45,100
0.00020242914979757084,1.0,0.09090909090909091,0.9090909090909091,1.0,0.42,10,4939,1,0,1.0,0.00020242914979757084,0.9997979797979798,45,100
0.00020242914979757084,1.0,0.09090909090909091,0.9090909090909091,1.0,0.44,10,4939,1,0,1.0,0.00020242914979757084,0.9997979797979798,45,100
0.00020242914979757084,1.0,0.09090909090909091,0.9090909090909091,1.0,0.46,10,4939,1,0,1.0,0.00020242914979757084,0.9997979797979798,45,100
0.0008097165991902834,1.0,0.2857142857142857,0.7142857142857143,1.0,0.48,10,4936,4,0,1.0,0.0008097165991902834,0.9991919191919192,45,100
0.0008097165991902834,1.0,0.2857142857142857,0.7142857142857143,1.0,0.5,10,4936,4,0,1.0,0.0008097165991902834,0.9991919191919192,45,100
0.0008097165991902834,1.0,0.2857142857142857,0.7142857142857143,1.0,0.52,10,4936,4,0,1.0,0.0008097165991902834,0.9991919191919192,45,100
0.0008097165991902834,1.0,0.2857142857142857,0.7142857142857143,1.0,0.54,10,4936,4,0,1.0,0.0008097165991902834,0.9991919191919192,45,100
0.0008097165991902834,1.0,0.2857142857142857,0.7142857142857143,1.0,0.56,10,4936,4,0,1.0,0.0008097165991902834,0.9991919191919192,45,100
0.0008097165991902834,1.0,0.2857142857142857,0.7142857142857143,1.0,0.58,10,4936,4,0,1.0,0.0008097165991902834,0.9991919191919192,45,100
0.0008097165991902834,1.0,0.2857142857142857,0.7142857142857143,1.0,0.6,10,4936,4,0,1.0,0.0008097165991902834,0.9991919191919192,45,100
0.0008097165991902834,1.0,0.2857142857142857,0.7142857142857143,1.0,0.62,10,4936,4,0,1.0,0.0008097165991902834,0.9991919191919192,45,100
0.0008097165991902834,1.0,0.2857142857142857,0.7142857142857143,1.0,0.64,10,4936,4,0,1.0,0.0008097165991902834,0.9991919191919192,45,100
0.0008097165991902834,1.0,0.2857142857142857,0.7142857142857143,1.0,0.66,10,4936,4,0,1.0,0.0008097165991902834,0.9991919191919192,45,100
0.0020242914979757085,1.0,0.5,0.5,1.0,0.68,10,4930,10,0,1.0,0.0020242914979757085,0.997979797979798,45,100
0.0020242914979757085,1.0,0.5,0.5,1.0,0.7,10,4930,10,0,1.0,0.0020242914979757085,0.997979797979798,45,100
0.0020242914979757085,1.0,0.5,0.5,1.0,0.72,10,4930,10,0,1.0,0.0020242914979757085,0.997979797979798,45,100
0.0020242914979757085,1.0,0.5,0.5,1.0,0.74,10,4930,10,0,1.0,0.0020242914979757085,0.997979797979798,45,100
0.0020242914979757085,1.0,0.5,0.5,1.0,0.76,10,4930,10,0,1.0,0.0020242914979757085,0.997979797979798,45,100
0.0020242914979757085,1.0,0.5,0.5,1.0,0.78,10,4930,10,0,1.0,0.0020242914979757085,0.997979797979798,45,100
0.00465587044534413,1.0,0.696969696969697,0.30303030303030304,1.0,0.8,10,4917,23,0,1.0,0.00465587044534413,0.9953535353535353,45,100
0.010526315789473684,1.0,0.8387096774193549,0.16129032258064516,1.0,0.82,10,4888,52,0,1.0,0.010526315789473684,0.9894949494949495,45,100
0.020040485829959515,1.0,0.908256880733945,0.09174311926605505,1.0,0.84,10,4841,99,0,1.0,0.020040485829959515,0.98,45,100
0.020040485829959515,1.0,0.908256880733945,0.09174311926605505,1.0,0.86,10,4841,99,0,1.0,0.020040485829959515,0.98,45,100
0.020040485829959515,1.0,0.908256880733945,0.09174311926605505,1.0,0.88,10,4841,99,0,1.0,0.020040485829959515,0.98,45,100
0.020040485829959515,1.0,0.908256880733945,0.09174311926605505,1.0,0.9,10,4841,99,0,1.0,0.020040485829959515,0.98,45,100
0.020040485829959515,1.0,0.908256880733945,0.09174311926605505,1.0,0.92,10,4841,99,0,1.0,0.020040485829959515,0.98,45,100
0.020040485829959515,1.0,0.908256880733945,0.09174311926605505,1.0,0.94,10,4841,99,0,1.0,0.020040485829959515,0.98,45,100
0.031983805668016195,1.0,0.9404761904761905,0.05952380952380952,1.0,0.96,10,4782,158,0,1.0,0.031983805668016195,0.9680808080808081,45,100
0.031983805668016195,1.0,0.9404761904761905,0.05952380952380952,1.0,0.98,10,4782,158,0,1.0,0.031983805668016195,0.9680808080808081,45,100
0.031983805668016195,1.0,0.9404761904761905,0.05952380952380952,1.0,1.0,10,4782,158,0,1.0,0.031983805668016195,0.9680808080808081,45,100
0.0,1.0,0.0,1.0,1.0,0.02,10,4940,0,0,1.0,0.0,1.0,46,100
0.0,1.0,0.0,1.0,1.0,0.04,10,4940,0,0,1.0,0.0,1.0,46,100
0.0,1.0,0.0,1.0,1.0,0.06,10,4940,0,0,1.0,0.0,1.0,46,100
0.0,1.0,0.0,1.0,1.0,0.08,10,4940,0,0,1.0,0.0,1.0,46,100
0.0,1.0,0.0,1.0,1.0,0.1,10,4940,0,0,1.0,0.0,1.0,46,100
0.00020242914979757084,1.0,0.09090909090909091,0.9090909090909091,1.0,0.12,10,4939,1,0,1.0,0.00020242914979757084,0.9997979797979798,46,100
0.00020242914979757084,1.0,0.09090909090909091,0.9090909090909091,1.0,0.14,10,4939,1,0,1.0,0.00020242914979757084,0.9997979797979798,46,100
0.00020242914979757084,1.0,0.09090909090909091,0.9090909090909091,1.0,0.16,10,4939,1,0,1.0,0.00020242914979757084,0.9997979797979798,46,100
0.00020242914979757084,1.0,0.09090909090909091,0.9090909090909091,1.0,0.18,10,4939,1,0,1.0,0.00020242914979757084,0.9997979797979798,46,100
0.00020242914979757084,1.0,0.09090909090909091,0.9090909090909091,1.0,0.2,10,4939,1,0,1.0,0.00020242914979757084,0.9997979797979798,46,100
0.00020242914979757084,1.0,0.09090909090909091,0.9090909090909091,1.0,0.22,10,4939,1,0,1.0,0.00020242914979757084,0.9997979797979798,46,100
0.00020242914979757084,1.0,0.09090909090909091,0.9090909090909091,1.0,0.24,10,4939,1,0,1.0,0.00020242914979757084,0.9997979797979798,46,100
0.00020242914979757084,1.0,0.09090909090909091,0.9090909090909091,1.0,0.26,10,4939,1,0,1.0,0.00020242914979757084,0.9997979797979798,46,100
0.00020242914979757084,1.0,0.09090909090909091,0.9090909090909091,1.0,0.28,10,4939,1,0,1.0,0.00020242914979757084,0.9997979797979798,46,100
0.00020242914979757084,1.0,0.09090909090909091,0.9090909090909091,1.0,0.3,10,4939,1,0,1.0,0.00020242914979757084,0.9997979797979798,46,100
0.00020242914979757084,1.0,0.09090909090909091,0.9090909090909091,1.0,0.32,10,4939,1,0,1.0,0.00020242914979757084,0.9997979797979798,46,100
0.00020242914979757084,1.0,0.09090909090909091,0.9090909090909091,1.0,0.34,10,4939,1,0,1.0,0.00020242914979757084,0.9997979797979798,46,100
0.00020242914979757084,1.0,0.09090909090909091,0.9090909090909091,1.0,0.36,10,4939,1,0,1.0,0.00020242914979757084,0.9997979797979798,46,100
0.00020242914979757084,1.0,0.09090909090909091,0.9090909090909091,1.0,0.38,10,4939,1,0,1.0,0.00020242914979757084,0.9997979797979798,46,100
0.001417004048582996,1.0,0.4117647058823529,0.5882352941176471,1.0,0.4,10,4933,7,0,1.0,0.001417004048582996,0.9985858585858586,46,100
0.001417004048582996,1.0,0.4117647058823529,0.5882352941176471,1.0,0.42,10,4933,7,0,1.0,0.001417004048582996,0.9985858585858586,46,100
0.001417004048582996,1.0,0.4117647058823529,0.5882352941176471,1.0,0.44,10,4933,7,0,1.0,0.001417004048582996,0.9985858585858586,46,100
0.001417004048582996,1.0,0.4117647058823529,0.5882352941176471,1.0,0.46,10,4933,7,0,1.0,0.001417004048582996,0.9985858585858586,46,100
0.001417004048582996,1.0,0.4117647058823529,0.5882352941176471,1.0,0.48,10,4933,7,0,1.0,0.001417004048582996,0.9985858585858586,46,100
0.001417004048582996,1.0,0.4117647058823529,0.5882352941176471,1.0,0.5,10,4933,7,0,1.0,0.001417004048582996,0.9985858585858586,46,100
0.001417004048582996,1.0,0.4117647058823529,0.5882352941176471,1.0,0.52,10,4933,7,0,1.0,0.001417004048582996,0.9985858585858586,46,100
0.001417004048582996,1.0,0.4117647058823529,0.5882352941176471,1.0,0.54,10,4933,7,0,1.0,0.001417004048582996,0.9985858585858586,46,100
0.001417004048582996,1.0,0.4117647058823529,0.5882352941176471,1.0,0.56,10,4933,7,0,1.0,0.001417004048582996,0.9985858585858586,46,100
0.001417004048582996,1.0,0.4117647058823529,0.5882352941176471,1.0,0.58,10,4933,7,0,1.0,0.001417004048582996,0.9985858585858586,46,100
0.001417004048582996,1.0,0.4117647058823529,0.5882352941176471,1.0,0.6,10,4933,7,0,1.0,0.001417004048582996,0.9985858585858586,46,100
0.002834008097165992,1.0,0.5833333333333334,0.4166666666666667,1.0,0.62,10,4926,14,0,1.0,0.002834008097165992,0.9971717171717172,46,100
0.002834008097165992,1.0,0.5833333333333334,0.4166666666666667,1.0,0.64,10,4926,14,0,1.0,0.002834008097165992,0.9971717171717172,46,100
0.002834008097165992,1.0,0.5833333333333334,0.4166666666666667,1.0,0.66,10,4926,14,0,1.0,0.002834008097165992,0.9971717171717172,46,100
0.002834008097165992,1.0,0.5833333333333334,0.4166666666666667,1.0,0.68,10,4926,14,0,1.0,0.002834008097165992,0.9971717171717172,46,100
0.002834008097165992,1.0,0.5833333333333334,0.4166666666666667,1.0,0.7,10,4926,14,0,1.0,0.002834008097165992,0.9971717171717172,46,100
0.002834008097165992,1.0,0.5833333333333334,0.4166666666666667,1.0,0.72,10,4926,14,0,1.0,0.002834008097165992,0.9971717171717172,46,100
0.002834008097165992,1.0,0.5833333333333334,0.4166666666666667,1.0,0.74,10,4926,14,0,1.0,0.002834008097165992,0.9971717171717172,46,100
0.002834008097165992,1.0,0.5833333333333334,0.4166666666666667,1.0,0.76,10,4926,14,0,1.0,0.002834008097165992,0.9971717171717172,46,100
0.002834008097165992,1.0,0.5833333333333334,0.4166666666666667,1.0,0.78,10,4926,14,0,1.0,0.002834008097165992,0.9971717171717172,46,100
0.002834008097165992,1.0,0.5833333333333334,0.4166666666666667,1.0,0.8,10,4926,14,0,1.0,0.002834008097165992,0.9971717171717172,46,100
0.002834008097165992,1.0,0.5833333333333334,0.4166666666666667,1.0,0.82,10,4926,14,0,1.0,0.002834008097165992,0.9971717171717172,46,100
0.005263157894736842,1.0,0.7222222222222222,0.2777777777777778,1.0,0.84,10,4914,26,0,1.0,0.005263157894736842,0.9947474747474747,46,100
0.005263157894736842,1.0,0.7222222222222222,0.2777777777777778,1.0,0.86,10,4914,26,0,1.0,0.005263157894736842,0.9947474747474747,46,100
0.005263157894736842,1.0,0.7222222222222222,0.2777777777777778,1.0,0.88,10,4914,26,0,1.0,0.005263157894736842,0.9947474747474747,46,100
0.005263157894736842,1.0,0.7222222222222222,0.2777777777777778,1.0,0.9,10,4914,26,0,1.0,0.005263157894736842,0.9947474747474747,46,100
0.07186234817813765,1.0,0.9726027397260274,0.0273972602739726,1.0,0.92,10,4585,355,0,1.0,0.07186234817813765,0.9282828282828283,46,100
0.07186234817813765,1.0,0.9726027397260274,0.0273972602739726,1.0,0.94,10,4585,355,0,1.0,0.07186234817813765,0.9282828282828283,46,100
0.11194331983805668,1.0,0.9822380106571936,0.017761989342806393,1.0,0.96,10,4387,553,0,1.0,0.11194331983805668,0.8882828282828282,46,100
0.5026315789473684,1.0,0.9959887685519454,0.004011231448054553,1.0,0.98,10,2457,2483,0,1.0,0.5026315789473684,0.4983838383838384,46,100
0.8208502024291497,1.0,0.997539975399754,0.0024600246002460025,1.0,1.0,10,885,4055,0,1.0,0.8208502024291497,0.1808080808080808,46,100
0.0,1.0,0.0,1.0,1.0,0.02,10,4940,0,0,1.0,0.0,1.0,47,100
0.0,1.0,0.0,1.0,1.0,0.04,10,4940,0,0,1.0,0.0,1.0,47,100
0.0,1.0,0.0,1.0,1.0,0.06,10,4940,0,0,1.0,0.0,1.0,47,100
0.0,1.0,0.0,1.0,1.0,0.08,10,4940,0,0,1.0,0.0,1.0,47,100
0.0,1.0,0.0,1.0,1.0,0.1,10,4940,0,0,1.0,0.0,1.0,47,100
0.0,1.0,0.0,1.0,1.0,0.12,10,4940,0,0,1.0,0.0,1.0,47,100
0.00020242914979757084,1.0,0.09090909090909091,0.9090909090909091,1.0,0.14,10,4939,1,0,1.0,0.00020242914979757084,0.9997979797979798,47,100
0.00020242914979757084,1.0,0.09090909090909091,0.9090909090909091,1.0,0.16,10,4939,1,0,1.0,0.00020242914979757084,0.9997979797979798,47,100
0.00020242914979757084,1.0,0.09090909090909091,0.9090909090909091,1.0,0.18,10,4939,1,0,1.0,0.00020242914979757084,0.9997979797979798,47,100
0.00020242914979757084,1.0,0.09090909090909091,0.9090909090909091,1.0,0.2,10,4939,1,0,1.0,0.00020242914979757084,0.9997979797979798,47,100
0.00020242914979757084,1.0,0.09090909090909091,0.9090909090909091,1.0,0.22,10,4939,1,0,1.0,0.00020242914979757084,0.9997979797979798,47,100
0.00020242914979757084,1.0,0.09090909090909091,0.9090909090909091,1.0,0.24,10,4939,1,0,1.0,0.00020242914979757084,0.9997979797979798,47,100
0.0004048582995951417,1.0,0.16666666666666666,0.8333333333333334,1.0,0.26,10,4938,2,0,1.0,0.0004048582995951417,0.9995959595959596,47,100
0.0004048582995951417,1.0,0.16666666666666666,0.8333333333333334,1.0,0.28,10,4938,2,0,1.0,0.0004048582995951417,0.9995959595959596,47,100
0.0004048582995951417,1.0,0.16666666666666666,0.8333333333333334,1.0,0.3,10,4938,2,0,1.0,0.0004048582995951417,0.9995959595959596,47,100
0.0004048582995951417,1.0,0.16666666666666666,0.8333333333333334,1.0,0.32,10,4938,2,0,1.0,0.0004048582995951417,0.9995959595959596,47,100
0.0004048582995951417,1.0,0.16666666666666666,0.8333333333333334,1.0,0.34,10,4938,2,0,1.0,0.0004048582995951417,0.9995959595959596,47,100
0.0004048582995951417,1.0,0.16666666666666666,0.8333333333333334,1.0,0.36,10,4938,2,0,1.0,0.0004048582995951417,0.9995959595959596,47,100
0.0004048582995951417,1.0,0.16666666666666666,0.8333333333333334,1.0,0.38,10,4938,2,0,1.0,0.0004048582995951417,0.9995959595959596,47,100
0.0004048582995951417,1.0,0.16666666666666666,0.8333333333333334,1.0,0.4,10,4938,2,0,1.0,0.0004048582995951417,0.9995959595959596,47,100
0.0004048582995951417,1.0,0.16666666666666666,0.8333333333333334,1.0,0.42,10,4938,2,0,1.0,0.0004048582995951417,0.9995959595959596,47,100
0.0004048582995951417,1.0,0.16666666666666666,0.8333333333333334,1.0,0.44,10,4938,2,0,1.0,0.0004048582995951417,0.9995959595959596,47,100
0.0004048582995951417,1.0,0.16666666666666666,0.8333333333333334,1.0,0.46,10,4938,2,0,1.0,0.0004048582995951417,0.9995959595959596,47,100
0.0008097165991902834,1.0,0.2857142857142857,0.7142857142857143,1.0,0.48,10,4936,4,0,1.0,0.0008097165991902834,0.9991919191919192,47,100
0.0008097165991902834,1.0,0.2857142857142857,0.7142857142857143,1.0,0.5,10,4936,4,0,1.0,0.0008097165991902834,0.9991919191919192,47,100
0.0008097165991902834,1.0,0.2857142857142857,0.7142857142857143,1.0,0.52,10,4936,4,0,1.0,0.0008097165991902834,0.9991919191919192,47,100
0.0008097165991902834,1.0,0.2857142857142857,0.7142857142857143,1.0,0.54,10,4936,4,0,1.0,0.0008097165991902834,0.9991919191919192,47,100
0.0008097165991902834,1.0,0.2857142857142857,0.7142857142857143,1.0,0.56,10,4936,4,0,1.0,0.0008097165991902834,0.9991919191919192,47,100
0.0008097165991902834,1.0,0.2857142857142857,0.7142857142857143,1.0,0.58,10,4936,4,0,1.0,0.0008097165991902834,0.9991919191919192,47,100
0.0008097165991902834,1.0,0.2857142857142857,0.7142857142857143,1.0,0.6,10,4936,4,0,1.0,0.0008097165991902834,0.9991919191919192,47,100
0.0008097165991902834,1.0,0.2857142857142857,0.7142857142857143,1.0,0.62,10,4936,4,0,1.0,0.0008097165991902834,0.9991919191919192,47,100
0.0008097165991902834,1.0,0.2857142857142857,0.7142857142857143,1.0,0.64,10,4936,4,0,1.0,0.0008097165991902834,0.9991919191919192,47,100
0.0008097165991902834,1.0,0.2857142857142857,0.7142857142857143,1.0,0.66,10,4936,4,0,1.0,0.0008097165991902834,0.9991919191919192,47,100
0.0008097165991902834,1.0,0.2857142857142857,0.7142857142857143,1.0,0.68,10,4936,4,0,1.0,0.0008097165991902834,0.9991919191919192,47,100
0.0008097165991902834,1.0,0.2857142857142857,0.7142857142857143,1.0,0.7,10,4936,4,0,1.0,0.0008097165991902834,0.9991919191919192,47,100
0.0018218623481781376,1.0,0.47368421052631576,0.5263157894736842,1.0,0.72,10,4931,9,0,1.0,0.0018218623481781376,0.9981818181818182,47,100
0.0018218623481781376,1.0,0.47368421052631576,0.5263157894736842,1.0,0.74,10,4931,9,0,1.0,0.0018218623481781376,0.9981818181818182,47,100
0.0018218623481781376,1.0,0.47368421052631576,0.5263157894736842,1.0,0.76,10,4931,9,0,1.0,0.0018218623481781376,0.9981818181818182,47,100
0.0018218623481781376,1.0,0.47368421052631576,0.5263157894736842,1.0,0.78,10,4931,9,0,1.0,0.0018218623481781376,0.9981818181818182,47,100
0.0018218623481781376,1.0,0.47368421052631576,0.5263157894736842,1.0,0.8,10,4931,9,0,1.0,0.0018218623481781376,0.9981818181818182,47,100
0.0018218623481781376,1.0,0.47368421052631576,0.5263157894736842,1.0,0.82,10,4931,9,0,1.0,0.0018218623481781376,0.9981818181818182,47,100
0.0018218623481781376,1.0,0.47368421052631576,0.5263157894736842,1.0,0.84,10,4931,9,0,1.0,0.0018218623481781376,0.9981818181818182,47,100
0.0018218623481781376,1.0,0.47368421052631576,0.5263157894736842,1.0,0.86,10,4931,9,0,1.0,0.0018218623481781376,0.9981818181818182,47,100
0.0018218623481781376,1.0,0.47368421052631576,0.5263157894736842,1.0,0.88,10,4931,9,0,1.0,0.0018218623481781376,0.9981818181818182,47,100
0.0018218623481781376,1.0,0.47368421052631576,0.5263157894736842,1.0,0.9,10,4931,9,0,1.0,0.0018218623481781376,0.9981818181818182,47,100
0.0018218623481781376,1.0,0.47368421052631576,0.5263157894736842,1.0,0.92,10,4931,9,0,1.0,0.0018218623481781376,0.9981818181818182,47,100
0.0018218623481781376,1.0,0.47368421052631576,0.5263157894736842,1.0,0.94,10,4931,9,0,1.0,0.0018218623481781376,0.9981818181818182,47,100
0.008704453441295546,1.0,0.8113207547169812,0.18867924528301888,1.0,0.96,10,4897,43,0,1.0,0.008704453441295546,0.9913131313131314,47,100
0.008704453441295546,1.0,0.8113207547169812,0.18867924528301888,1.0,0.98,10,4897,43,0,1.0,0.008704453441295546,0.9913131313131314,47,100
0.5224696356275303,1.0,0.9961404862987263,0.0038595137012736396,1.0,1.0,10,2359,2581,0,1.0,0.5224696356275303,0.47858585858585856,47,100
0.00020242914979757084,1.0,0.09090909090909091,0.9090909090909091,1.0,0.02,10,4939,1,0,1.0,0.00020242914979757084,0.9997979797979798,48,100
0.00020242914979757084,1.0,0.09090909090909091,0.9090909090909091,1.0,0.04,10,4939,1,0,1.0,0.00020242914979757084,0.9997979797979798,48,100
0.00020242914979757084,1.0,0.09090909090909091,0.9090909090909091,1.0,0.06,10,4939,1,0,1.0,0.00020242914979757084,0.9997979797979798,48,100
0.00020242914979757084,1.0,0.09090909090909091,0.9090909090909091,1.0,0.08,10,4939,1,0,1.0,0.00020242914979757084,0.9997979797979798,48,100
0.00020242914979757084,1.0,0.09090909090909091,0.9090909090909091,1.0,0.1,10,4939,1,0,1.0,0.00020242914979757084,0.9997979797979798,48,100
0.00020242914979757084,1.0,0.09090909090909091,0.9090909090909091,1.0,0.12,10,4939,1,0,1.0,0.00020242914979757084,0.9997979797979798,48,100
0.00020242914979757084,1.0,0.09090909090909091,0.9090909090909091,1.0,0.14,10,4939,1,0,1.0,0.00020242914979757084,0.9997979797979798,48,100
0.00020242914979757084,1.0,0.09090909090909091,0.9090909090909091,1.0,0.16,10,4939,1,0,1.0,0.00020242914979757084,0.9997979797979798,48,100
0.00020242914979757084,1.0,0.09090909090909091,0.9090909090909091,1.0,0.18,10,4939,1,0,1.0,0.00020242914979757084,0.9997979797979798,48,100
0.00020242914979757084,1.0,0.09090909090909091,0.9090909090909091,1.0,0.2,10,4939,1,0,1.0,0.00020242914979757084,0.9997979797979798,48,100
0.00020242914979757084,1.0,0.09090909090909091,0.9090909090909091,1.0,0.22,10,4939,1,0,1.0,0.00020242914979757084,0.9997979797979798,48,100
0.00020242914979757084,1.0,0.09090909090909091,0.9090909090909091,1.0,0.24,10,4939,1,0,1.0,0.00020242914979757084,0.9997979797979798,48,100
0.00020242914979757084,1.0,0.09090909090909091,0.9090909090909091,1.0,0.26,10,4939,1,0,1.0,0.00020242914979757084,0.9997979797979798,48,100
0.00020242914979757084,1.0,0.09090909090909091,0.9090909090909091,1.0,0.28,10,4939,1,0,1.0,0.00020242914979757084,0.9997979797979798,48,100
0.0010121457489878543,1.0,0.3333333333333333,0.6666666666666666,1.0,0.3,10,4935,5,0,1.0,0.0010121457489878543,0.998989898989899,48,100
0.0010121457489878543,1.0,0.3333333333333333,0.6666666666666666,1.0,0.32,10,4935,5,0,1.0,0.0010121457489878543,0.998989898989899,48,100
0.0010121457489878543,1.0,0.3333333333333333,0.6666666666666666,1.0,0.34,10,4935,5,0,1.0,0.0010121457489878543,0.998989898989899,48,100
0.0010121457489878543,1.0,0.3333333333333333,0.6666666666666666,1.0,0.36,10,4935,5,0,1.0,0.0010121457489878543,0.998989898989899,48,100
0.0010121457489878543,1.0,0.3333333333333333,0.6666666666666666,1.0,0.38,10,4935,5,0,1.0,0.0010121457489878543,0.998989898989899,48,100
0.0010121457489878543,1.0,0.3333333333333333,0.6666666666666666,1.0,0.4,10,4935,5,0,1.0,0.0010121457489878543,0.998989898989899,48,100
0.0010121457489878543,1.0,0.3333333333333333,0.6666666666666666,1.0,0.42,10,4935,5,0,1.0,0.0010121457489878543,0.998989898989899,48,100
0.0010121457489878543,1.0,0.3333333333333333,0.6666666666666666,1.0,0.44,10,4935,5,0,1.0,0.0010121457489878543,0.998989898989899,48,100
0.0010121457489878543,1.0,0.3333333333333333,0.6666666666666666,1.0,0.46,10,4935,5,0,1.0,0.0010121457489878543,0.998989898989899,48,100
0.0016194331983805667,1.0,0.4444444444444444,0.5555555555555556,1.0,0.48,10,4932,8,0,1.0,0.0016194331983805667,0.9983838383838384,48,100
0.0016194331983805667,1.0,0.4444444444444444,0.5555555555555556,1.0,0.5,10,4932,8,0,1.0,0.0016194331983805667,0.9983838383838384,48,100
0.0016194331983805667,1.0,0.4444444444444444,0.5555555555555556,1.0,0.52,10,4932,8,0,1.0,0.0016194331983805667,0.9983838383838384,48,100
0.0016194331983805667,1.0,0.4444444444444444,0.5555555555555556,1.0,0.54,10,4932,8,0,1.0,0.0016194331983805667,0.9983838383838384,48,100
0.0016194331983805667,1.0,0.4444444444444444,0.5555555555555556,1.0,0.56,10,4932,8,0,1.0,0.0016194331983805667,0.9983838383838384,48,100
0.0016194331983805667,1.0,0.4444444444444444,0.5555555555555556,1.0,0.58,10,4932,8,0,1.0,0.0016194331983805667,0.9983838383838384,48,100
0.0016194331983805667,1.0,0.4444444444444444,0.5555555555555556,1.0,0.6,10,4932,8,0,1.0,0.0016194331983805667,0.9983838383838384,48,100
0.0016194331983805667,1.0,0.4444444444444444,0.5555555555555556,1.0,0.62,10,4932,8,0,1.0,0.0016194331983805667,0.9983838383838384,48,100
0.003036437246963563,1.0,0.6,0.4,1.0,0.64,10,4925,15,0,1.0,0.003036437246963563,0.996969696969697,48,100
0.003036437246963563,1.0,0.6,0.4,1.0,0.66,10,4925,15,0,1.0,0.003036437246963563,0.996969696969697,48,100
0.003036437246963563,1.0,0.6,0.4,1.0,0.68,10,4925,15,0,1.0,0.003036437246963563,0.996969696969697,48,100
0.003036437246963563,1.0,0.6,0.4,1.0,0.7,10,4925,15,0,1.0,0.003036437246963563,0.996969696969697,48,100
0.003036437246963563,1.0,0.6,0.4,1.0,0.72,10,4925,15,0,1.0,0.003036437246963563,0.996969696969697,48,100
0.005870445344129555,1.0,0.7435897435897436,0.2564102564102564,1.0,0.74,10,4911,29,0,1.0,0.005870445344129555,0.9941414141414141,48,100
0.005870445344129555,1.0,0.7435897435897436,0.2564102564102564,1.0,0.76,10,4911,29,0,1.0,0.005870445344129555,0.9941414141414141,48,100
0.010728744939271255,1.0,0.8412698412698413,0.15873015873015872,1.0,0.78,10,4887,53,0,1.0,0.010728744939271255,0.9892929292929293,48,100
0.010728744939271255,1.0,0.8412698412698413,0.15873015873015872,1.0,0.8,10,4887,53,0,1.0,0.010728744939271255,0.9892929292929293,48,100
0.010728744939271255,1.0,0.8412698412698413,0.15873015873015872,1.0,0.82,10,4887,53,0,1.0,0.010728744939271255,0.9892929292929293,48,100
0.010728744939271255,1.0,0.8412698412698413,0.15873015873015872,1.0,0.84,10,4887,53,0,1.0,0.010728744939271255,0.9892929292929293,48,100
0.010728744939271255,1.0,0.8412698412698413,0.15873015873015872,1.0,0.86,10,4887,53,0,1.0,0.010728744939271255,0.9892929292929293,48,100
0.02894736842105263,1.0,0.934640522875817,0.06535947712418301,1.0,0.88,10,4797,143,0,1.0,0.02894736842105263,0.9711111111111111,48,100
0.02894736842105263,1.0,0.934640522875817,0.06535947712418301,1.0,0.9,10,4797,143,0,1.0,0.02894736842105263,0.9711111111111111,48,100
0.02894736842105263,1.0,0.934640522875817,0.06535947712418301,1.0,0.92,10,4797,143,0,1.0,0.02894736842105263,0.9711111111111111,48,100
0.02894736842105263,1.0,0.934640522875817,0.06535947712418301,1.0,0.94,10,4797,143,0,1.0,0.02894736842105263,0.9711111111111111,48,100
0.043522267206477734,1.0,0.9555555555555556,0.044444444444444446,1.0,0.96,10,4725,215,0,1.0,0.043522267206477734,0.9565656565656566,48,100
0.043522267206477734,1.0,0.9555555555555556,0.044444444444444446,1.0,0.98,10,4725,215,0,1.0,0.043522267206477734,0.9565656565656566,48,100
0.09615384615384616,1.0,0.979381443298969,0.020618556701030927,1.0,1.0,10,4465,475,0,1.0,0.09615384615384616,0.9040404040404041,48,100
0.0,1.0,0.0,1.0,1.0,0.02,10,4940,0,0,1.0,0.0,1.0,49,100
0.0,1.0,0.0,1.0,1.0,0.04,10,4940,0,0,1.0,0.0,1.0,49,100
0.0,1.0,0.0,1.0,1.0,0.06,10,4940,0,0,1.0,0.0,1.0,49,100
0.0,1.0,0.0,1.0,1.0,0.08,10,4940,0,0,1.0,0.0,1.0,49,100
0.0,1.0,0.0,1.0,1.0,0.1,10,4940,0,0,1.0,0.0,1.0,49,100
0.0,1.0,0.0,1.0,1.0,0.12,10,4940,0,0,1.0,0.0,1.0,49,100
0.0,1.0,0.0,1.0,1.0,0.14,10,4940,0,0,1.0,0.0,1.0,49,100
0.00020242914979757084,1.0,0.09090909090909091,0.9090909090909091,1.0,0.16,10,4939,1,0,1.0,0.00020242914979757084,0.9997979797979798,49,100
0.00020242914979757084,1.0,0.09090909090909091,0.9090909090909091,1.0,0.18,10,4939,1,0,1.0,0.00020242914979757084,0.9997979797979798,49,100
0.00020242914979757084,1.0,0.09090909090909091,0.9090909090909091,1.0,0.2,10,4939,1,0,1.0,0.00020242914979757084,0.9997979797979798,49,100
0.00020242914979757084,1.0,0.09090909090909091,0.9090909090909091,1.0,0.22,10,4939,1,0,1.0,0.00020242914979757084,0.9997979797979798,49,100
0.00020242914979757084,1.0,0.09090909090909091,0.9090909090909091,1.0,0.24,10,4939,1,0,1.0,0.00020242914979757084,0.9997979797979798,49,100
0.00020242914979757084,1.0,0.09090909090909091,0.9090909090909091,1.0,0.26,10,4939,1,0,1.0,0.00020242914979757084,0.9997979797979798,49,100
0.00020242914979757084,1.0,0.09090909090909091,0.9090909090909091,1.0,0.28,10,4939,1,0,1.0,0.00020242914979757084,0.9997979797979798,49,100
0.00020242914979757084,1.0,0.09090909090909091,0.9090909090909091,1.0,0.3,10,4939,1,0,1.0,0.00020242914979757084,0.9997979797979798,49,100
0.00020242914979757084,1.0,0.09090909090909091,0.9090909090909091,1.0,0.32,10,4939,1,0,1.0,0.00020242914979757084,0.9997979797979798,49,100
0.00020242914979757084,1.0,0.09090909090909091,0.9090909090909091,1.0,0.34,10,4939,1,0,1.0,0.00020242914979757084,0.9997979797979798,49,100
0.00020242914979757084,1.0,0.09090909090909091,0.9090909090909091,1.0,0.36,10,4939,1,0,1.0,0.00020242914979757084,0.9997979797979798,49,100
0.00020242914979757084,1.0,0.09090909090909091,0.9090909090909091,1.0,0.38,10,4939,1,0,1.0,0.00020242914979757084,0.9997979797979798,49,100
0.00020242914979757084,1.0,0.09090909090909091,0.9090909090909091,1.0,0.4,10,4939,1,0,1.0,0.00020242914979757084,0.9997979797979798,49,100
0.00020242914979757084,1.0,0.09090909090909091,0.9090909090909091,1.0,0.42,10,4939,1,0,1.0,0.00020242914979757084,0.9997979797979798,49,100
0.00020242914979757084,1.0,0.09090909090909091,0.9090909090909091,1.0,0.44,10,4939,1,0,1.0,0.00020242914979757084,0.9997979797979798,49,100
0.00020242914979757084,1.0,0.09090909090909091,0.9090909090909091,1.0,0.46,10,4939,1,0,1.0,0.00020242914979757084,0.9997979797979798,49,100
0.00020242914979757084,1.0,0.09090909090909091,0.9090909090909091,1.0,0.48,10,4939,1,0,1.0,0.00020242914979757084,0.9997979797979798,49,100
0.00020242914979757084,1.0,0.09090909090909091,0.9090909090909091,1.0,0.5,10,4939,1,0,1.0,0.00020242914979757084,0.9997979797979798,49,100
0.00020242914979757084,1.0,0.09090909090909091,0.9090909090909091,1.0,0.52,10,4939,1,0,1.0,0.00020242914979757084,0.9997979797979798,49,100
0.00020242914979757084,1.0,0.09090909090909091,0.9090909090909091,1.0,0.54,10,4939,1,0,1.0,0.00020242914979757084,0.9997979797979798,49,100
0.0006072874493927126,1.0,0.23076923076923078,0.7692307692307693,1.0,0.56,10,4937,3,0,1.0,0.0006072874493927126,0.9993939393939394,49,100
0.0006072874493927126,1.0,0.23076923076923078,0.7692307692307693,1.0,0.58,10,4937,3,0,1.0,0.0006072874493927126,0.9993939393939394,49,100
0.0006072874493927126,1.0,0.23076923076923078,0.7692307692307693,1.0,0.6,10,4937,3,0,1.0,0.0006072874493927126,0.9993939393939394,49,100
0.0006072874493927126,1.0,0.23076923076923078,0.7692307692307693,1.0,0.62,10,4937,3,0,1.0,0.0006072874493927126,0.9993939393939394,49,100
0.0024291497975708503,1.0,0.5454545454545454,0.45454545454545453,1.0,0.64,10,4928,12,0,1.0,0.0024291497975708503,0.9975757575757576,49,100
0.0024291497975708503,1.0,0.5454545454545454,0.45454545454545453,1.0,0.66,10,4928,12,0,1.0,0.0024291497975708503,0.9975757575757576,49,100
0.0024291497975708503,1.0,0.5454545454545454,0.45454545454545453,1.0,0.68,10,4928,12,0,1.0,0.0024291497975708503,0.9975757575757576,49,100
0.0024291497975708503,1.0,0.5454545454545454,0.45454545454545453,1.0,0.7,10,4928,12,0,1.0,0.0024291497975708503,0.9975757575757576,49,100
0.0024291497975708503,1.0,0.5454545454545454,0.45454545454545453,1.0,0.72,10,4928,12,0,1.0,0.0024291497975708503,0.9975757575757576,49,100
0.0024291497975708503,1.0,0.5454545454545454,0.45454545454545453,1.0,0.74,10,4928,12,0,1.0,0.0024291497975708503,0.9975757575757576,49,100
0.0024291497975708503,1.0,0.5454545454545454,0.45454545454545453,1.0,0.76,10,4928,12,0,1.0,0.0024291497975708503,0.9975757575757576,49,100
0.0024291497975708503,1.0,0.5454545454545454,0.45454545454545453,1.0,0.78,10,4928,12,0,1.0,0.0024291497975708503,0.9975757575757576,49,100
0.00465587044534413,1.0,0.696969696969697,0.30303030303030304,1.0,0.8,10,4917,23,0,1.0,0.00465587044534413,0.9953535353535353,49,100
0.00465587044534413,1.0,0.696969696969697,0.30303030303030304,1.0,0.82,10,4917,23,0,1.0,0.00465587044534413,0.9953535353535353,49,100
0.00465587044534413,1.0,0.696969696969697,0.30303030303030304,1.0,0.84,10,4917,23,0,1.0,0.00465587044534413,0.9953535353535353,49,100
0.00465587044534413,1.0,0.696969696969697,0.30303030303030304,1.0,0.86,10,4917,23,0,1.0,0.00465587044534413,0.9953535353535353,49,100
0.00465587044534413,1.0,0.696969696969697,0.30303030303030304,1.0,0.88,10,4917,23,0,1.0,0.00465587044534413,0.9953535353535353,49,100
0.008906882591093117,1.0,0.8148148148148148,0.18518518518518517,1.0,0.9,10,4896,44,0,1.0,0.008906882591093117,0.9911111111111112,49,100
0.01659919028340081,1.0,0.8913043478260869,0.10869565217391304,1.0,0.92,10,4858,82,0,1.0,0.01659919028340081,0.9834343434343434,49,100
0.01659919028340081,1.0,0.8913043478260869,0.10869565217391304,1.0,0.94,10,4858,82,0,1.0,0.01659919028340081,0.9834343434343434,49,100
0.01659919028340081,1.0,0.8913043478260869,0.10869565217391304,1.0,0.96,10,4858,82,0,1.0,0.01659919028340081,0.9834343434343434,49,100
0.23582995951417005,1.0,0.9914893617021276,0.00851063829787234,1.0,0.98,10,3775,1165,0,1.0,0.23582995951417005,0.7646464646464647,49,100
0.8435222672064777,1.0,0.9976059372755566,0.0023940627244433805,1.0,1.0,10,773,4167,0,1.0,0.8435222672064777,0.15818181818181817,49,100
