FPR,TPR,FDR,NPrecision,NRecall,alpha,NTP,NTN,NFP,NFN,NTPR,NFPR,NACC,diffnetfinder_sec,run,dim
0.0,1.0,0.0,1.0,1.0,0.05,10,4940,0,0,1.0,0.0,1.0,7.806601300020702,0,100
0.00020242914979757084,1.0,0.09090909090909091,0.9090909090909091,1.0,0.1,10,4939,1,0,1.0,0.00020242914979757084,0.9997979797979798,7.806601300020702,0,100
0.00020242914979757084,1.0,0.09090909090909091,0.9090909090909091,1.0,0.15,10,4939,1,0,1.0,0.00020242914979757084,0.9997979797979798,7.806601300020702,0,100
0.00020242914979757084,1.0,0.09090909090909091,0.9090909090909091,1.0,0.2,10,4939,1,0,1.0,0.00020242914979757084,0.9997979797979798,7.806601300020702,0,100
0.0004048582995951417,1.0,0.16666666666666666,0.8333333333333334,1.0,0.25,10,4938,2,0,1.0,0.0004048582995951417,0.9995959595959596,7.806601300020702,0,100
0.0008097165991902834,1.0,0.2857142857142857,0.7142857142857143,1.0,0.3,10,4936,4,0,1.0,0.0008097165991902834,0.9991919191919192,7.806601300020702,0,100
0.0020242914979757085,1.0,0.5,0.5,1.0,0.35,10,4930,10,0,1.0,0.0020242914979757085,0.997979797979798,7.806601300020702,0,100
0.002226720647773279,1.0,0.5238095238095238,0.47619047619047616,1.0,0.4,10,4929,11,0,1.0,0.002226720647773279,0.9977777777777778,7.806601300020702,0,100
0.0024291497975708503,1.0,0.5454545454545454,0.45454545454545453,1.0,0.45,10,4928,12,0,1.0,0.0024291497975708503,0.9975757575757576,7.806601300020702,0,100
0.0024291497975708503,1.0,0.5454545454545454,0.45454545454545453,1.0,0.5,10,4928,12,0,1.0,0.0024291497975708503,0.9975757575757576,7.806601300020702,0,100
0.002834008097165992,1.0,0.5833333333333334,0.4166666666666667,1.0,0.55,10,4926,14,0,1.0,0.002834008097165992,0.9971717171717172,7.806601300020702,0,100
0.005668016194331984,1.0,0.7368421052631579,0.2631578947368421,1.0,0.6,10,4912,28,0,1.0,0.005668016194331984,0.9943434343434343,7.806601300020702,0,100
0.005870445344129555,1.0,0.7435897435897436,0.2564102564102564,1.0,0.65,10,4911,29,0,1.0,0.005870445344129555,0.9941414141414141,7.806601300020702,0,100
0.005870445344129555,1.0,0.7435897435897436,0.2564102564102564,1.0,0.7,10,4911,29,0,1.0,0.005870445344129555,0.9941414141414141,7.806601300020702,0,100
0.007692307692307693,1.0,0.7916666666666666,0.20833333333333334,1.0,0.75,10,4902,38,0,1.0,0.007692307692307693,0.9923232323232323,7.806601300020702,0,100
0.011538461538461539,1.0,0.8507462686567164,0.14925373134328357,1.0,0.8,10,4883,57,0,1.0,0.011538461538461539,0.9884848484848485,7.806601300020702,0,100
0.020850202429149797,1.0,0.911504424778761,0.08849557522123894,1.0,0.85,10,4837,103,0,1.0,0.020850202429149797,0.9791919191919192,7.806601300020702,0,100
0.024696356275303644,1.0,0.9242424242424242,0.07575757575757576,1.0,0.9,10,4818,122,0,1.0,0.024696356275303644,0.9753535353535353,7.806601300020702,0,100
0.02874493927125506,1.0,0.9342105263157895,0.06578947368421052,1.0,0.95,10,4798,142,0,1.0,0.02874493927125506,0.9713131313131314,7.806601300020702,0,100
0.9969635627530364,1.0,0.9979736575481256,0.002026342451874367,1.0,1.0,10,15,4925,0,1.0,0.9969635627530364,0.005050505050505051,7.806601300020702,0,100
0.00020242914979757084,1.0,0.09090909090909091,0.9090909090909091,1.0,0.05,10,4939,1,0,1.0,0.00020242914979757084,0.9997979797979798,6.039587000035681,1,100
0.00020242914979757084,1.0,0.09090909090909091,0.9090909090909091,1.0,0.1,10,4939,1,0,1.0,0.00020242914979757084,0.9997979797979798,6.039587000035681,1,100
0.0004048582995951417,1.0,0.16666666666666666,0.8333333333333334,1.0,0.15,10,4938,2,0,1.0,0.0004048582995951417,0.9995959595959596,6.039587000035681,1,100
0.0004048582995951417,1.0,0.16666666666666666,0.8333333333333334,1.0,0.2,10,4938,2,0,1.0,0.0004048582995951417,0.9995959595959596,6.039587000035681,1,100
0.0008097165991902834,1.0,0.2857142857142857,0.7142857142857143,1.0,0.25,10,4936,4,0,1.0,0.0008097165991902834,0.9991919191919192,6.039587000035681,1,100
0.0008097165991902834,1.0,0.2857142857142857,0.7142857142857143,1.0,0.3,10,4936,4,0,1.0,0.0008097165991902834,0.9991919191919192,6.039587000035681,1,100
0.0010121457489878543,1.0,0.3333333333333333,0.6666666666666666,1.0,0.35,10,4935,5,0,1.0,0.0010121457489878543,0.998989898989899,6.039587000035681,1,100
0.0010121457489878543,1.0,0.3333333333333333,0.6666666666666666,1.0,0.4,10,4935,5,0,1.0,0.0010121457489878543,0.998989898989899,6.039587000035681,1,100
0.001417004048582996,1.0,0.4117647058823529,0.5882352941176471,1.0,0.45,10,4933,7,0,1.0,0.001417004048582996,0.9985858585858586,6.039587000035681,1,100
0.0016194331983805667,1.0,0.4444444444444444,0.5555555555555556,1.0,0.5,10,4932,8,0,1.0,0.0016194331983805667,0.9983838383838384,6.039587000035681,1,100
0.0016194331983805667,1.0,0.4444444444444444,0.5555555555555556,1.0,0.55,10,4932,8,0,1.0,0.0016194331983805667,0.9983838383838384,6.039587000035681,1,100
0.004251012145748988,1.0,0.6774193548387096,0.3225806451612903,1.0,0.6,10,4919,21,0,1.0,0.004251012145748988,0.9957575757575757,6.039587000035681,1,100
0.00465587044534413,1.0,0.696969696969697,0.30303030303030304,1.0,0.65,10,4917,23,0,1.0,0.00465587044534413,0.9953535353535353,6.039587000035681,1,100
0.008502024291497975,1.0,0.8076923076923077,0.19230769230769232,1.0,0.7,10,4898,42,0,1.0,0.008502024291497975,0.9915151515151515,6.039587000035681,1,100
0.008906882591093117,1.0,0.8148148148148148,0.18518518518518517,1.0,0.75,10,4896,44,0,1.0,0.008906882591093117,0.9911111111111112,6.039587000035681,1,100
0.00951417004048583,1.0,0.8245614035087719,0.17543859649122806,1.0,0.8,10,4893,47,0,1.0,0.00951417004048583,0.9905050505050506,6.039587000035681,1,100
0.00951417004048583,1.0,0.8245614035087719,0.17543859649122806,1.0,0.85,10,4893,47,0,1.0,0.00951417004048583,0.9905050505050506,6.039587000035681,1,100
0.012753036437246963,1.0,0.863013698630137,0.136986301369863,1.0,0.9,10,4877,63,0,1.0,0.012753036437246963,0.9872727272727273,6.039587000035681,1,100
0.12004048582995952,1.0,0.9834162520729685,0.01658374792703151,1.0,0.95,10,4347,593,0,1.0,0.12004048582995952,0.8802020202020202,6.039587000035681,1,100
0.998582995951417,1.0,0.9979769370827433,0.0020230629172567267,1.0,1.0,10,7,4933,0,1.0,0.998582995951417,0.0034343434343434343,6.039587000035681,1,100
0.0,1.0,0.0,1.0,1.0,0.05,10,4940,0,0,1.0,0.0,1.0,6.955051199998707,2,100
0.0,1.0,0.0,1.0,1.0,0.1,10,4940,0,0,1.0,0.0,1.0,6.955051199998707,2,100
0.0,1.0,0.0,1.0,1.0,0.15,10,4940,0,0,1.0,0.0,1.0,6.955051199998707,2,100
0.0,1.0,0.0,1.0,1.0,0.2,10,4940,0,0,1.0,0.0,1.0,6.955051199998707,2,100
0.0,1.0,0.0,1.0,1.0,0.25,10,4940,0,0,1.0,0.0,1.0,6.955051199998707,2,100
0.0006072874493927126,1.0,0.23076923076923078,0.7692307692307693,1.0,0.3,10,4937,3,0,1.0,0.0006072874493927126,0.9993939393939394,6.955051199998707,2,100
0.0010121457489878543,1.0,0.3333333333333333,0.6666666666666666,1.0,0.35,10,4935,5,0,1.0,0.0010121457489878543,0.998989898989899,6.955051199998707,2,100
0.0010121457489878543,1.0,0.3333333333333333,0.6666666666666666,1.0,0.4,10,4935,5,0,1.0,0.0010121457489878543,0.998989898989899,6.955051199998707,2,100
0.001417004048582996,1.0,0.4117647058823529,0.5882352941176471,1.0,0.45,10,4933,7,0,1.0,0.001417004048582996,0.9985858585858586,6.955051199998707,2,100
0.001417004048582996,1.0,0.4117647058823529,0.5882352941176471,1.0,0.5,10,4933,7,0,1.0,0.001417004048582996,0.9985858585858586,6.955051199998707,2,100
0.0020242914979757085,1.0,0.5,0.5,1.0,0.55,10,4930,10,0,1.0,0.0020242914979757085,0.997979797979798,6.955051199998707,2,100
0.0020242914979757085,1.0,0.5,0.5,1.0,0.6,10,4930,10,0,1.0,0.0020242914979757085,0.997979797979798,6.955051199998707,2,100
0.0020242914979757085,1.0,0.5,0.5,1.0,0.65,10,4930,10,0,1.0,0.0020242914979757085,0.997979797979798,6.955051199998707,2,100
0.005668016194331984,1.0,0.7368421052631579,0.2631578947368421,1.0,0.7,10,4912,28,0,1.0,0.005668016194331984,0.9943434343434343,6.955051199998707,2,100
0.011133603238866396,1.0,0.8461538461538461,0.15384615384615385,1.0,0.75,10,4885,55,0,1.0,0.011133603238866396,0.9888888888888889,6.955051199998707,2,100
0.01902834008097166,1.0,0.9038461538461539,0.09615384615384616,1.0,0.8,10,4846,94,0,1.0,0.01902834008097166,0.981010101010101,6.955051199998707,2,100
0.019230769230769232,1.0,0.9047619047619048,0.09523809523809523,1.0,0.85,10,4845,95,0,1.0,0.019230769230769232,0.9808080808080808,6.955051199998707,2,100
0.024291497975708502,1.0,0.9230769230769231,0.07692307692307693,1.0,0.9,10,4820,120,0,1.0,0.024291497975708502,0.9757575757575757,6.955051199998707,2,100
0.029959514170040485,1.0,0.9367088607594937,0.06329113924050633,1.0,0.95,10,4792,148,0,1.0,0.029959514170040485,0.9701010101010101,6.955051199998707,2,100
0.9880566801619434,1.0,0.9979554283377632,0.0020445716622367613,1.0,1.0,10,59,4881,0,1.0,0.9880566801619434,0.013939393939393939,6.955051199998707,2,100
0.0,1.0,0.0,1.0,1.0,0.05,10,4940,0,0,1.0,0.0,1.0,6.459976900019683,3,100
0.0,1.0,0.0,1.0,1.0,0.1,10,4940,0,0,1.0,0.0,1.0,6.459976900019683,3,100
0.0,1.0,0.0,1.0,1.0,0.15,10,4940,0,0,1.0,0.0,1.0,6.459976900019683,3,100
0.00020242914979757084,1.0,0.09090909090909091,0.9090909090909091,1.0,0.2,10,4939,1,0,1.0,0.00020242914979757084,0.9997979797979798,6.459976900019683,3,100
0.00020242914979757084,1.0,0.09090909090909091,0.9090909090909091,1.0,0.25,10,4939,1,0,1.0,0.00020242914979757084,0.9997979797979798,6.459976900019683,3,100
0.0004048582995951417,1.0,0.16666666666666666,0.8333333333333334,1.0,0.3,10,4938,2,0,1.0,0.0004048582995951417,0.9995959595959596,6.459976900019683,3,100
0.0006072874493927126,1.0,0.23076923076923078,0.7692307692307693,1.0,0.35,10,4937,3,0,1.0,0.0006072874493927126,0.9993939393939394,6.459976900019683,3,100
0.0006072874493927126,1.0,0.23076923076923078,0.7692307692307693,1.0,0.4,10,4937,3,0,1.0,0.0006072874493927126,0.9993939393939394,6.459976900019683,3,100
0.002226720647773279,1.0,0.5238095238095238,0.47619047619047616,1.0,0.45,10,4929,11,0,1.0,0.002226720647773279,0.9977777777777778,6.459976900019683,3,100
0.0024291497975708503,1.0,0.5454545454545454,0.45454545454545453,1.0,0.5,10,4928,12,0,1.0,0.0024291497975708503,0.9975757575757576,6.459976900019683,3,100
0.002631578947368421,1.0,0.5652173913043478,0.43478260869565216,1.0,0.55,10,4927,13,0,1.0,0.002631578947368421,0.9973737373737374,6.459976900019683,3,100
0.002631578947368421,1.0,0.5652173913043478,0.43478260869565216,1.0,0.6,10,4927,13,0,1.0,0.002631578947368421,0.9973737373737374,6.459976900019683,3,100
0.0034412955465587046,1.0,0.6296296296296297,0.37037037037037035,1.0,0.65,10,4923,17,0,1.0,0.0034412955465587046,0.9965656565656565,6.459976900019683,3,100
0.005060728744939271,1.0,0.7142857142857143,0.2857142857142857,1.0,0.7,10,4915,25,0,1.0,0.005060728744939271,0.9949494949494949,6.459976900019683,3,100
0.005263157894736842,1.0,0.7222222222222222,0.2777777777777778,1.0,0.75,10,4914,26,0,1.0,0.005263157894736842,0.9947474747474747,6.459976900019683,3,100
0.005263157894736842,1.0,0.7222222222222222,0.2777777777777778,1.0,0.8,10,4914,26,0,1.0,0.005263157894736842,0.9947474747474747,6.459976900019683,3,100
0.009716599190283401,1.0,0.8275862068965517,0.1724137931034483,1.0,0.85,10,4892,48,0,1.0,0.009716599190283401,0.9903030303030304,6.459976900019683,3,100
0.01882591093117409,1.0,0.9029126213592233,0.0970873786407767,1.0,0.9,10,4847,93,0,1.0,0.01882591093117409,0.9812121212121212,6.459976900019683,3,100
0.05384615384615385,1.0,0.9637681159420289,0.036231884057971016,1.0,0.95,10,4674,266,0,1.0,0.05384615384615385,0.9462626262626262,6.459976900019683,3,100
0.9441295546558705,1.0,0.9978605049208387,0.002139495079161318,1.0,1.0,10,276,4664,0,1.0,0.9441295546558705,0.057777777777777775,6.459976900019683,3,100
0.0,1.0,0.0,1.0,1.0,0.05,10,4940,0,0,1.0,0.0,1.0,6.661130499909632,4,100
0.0,1.0,0.0,1.0,1.0,0.1,10,4940,0,0,1.0,0.0,1.0,6.661130499909632,4,100
0.0,1.0,0.0,1.0,1.0,0.15,10,4940,0,0,1.0,0.0,1.0,6.661130499909632,4,100
0.0,1.0,0.0,1.0,1.0,0.2,10,4940,0,0,1.0,0.0,1.0,6.661130499909632,4,100
0.0,1.0,0.0,1.0,1.0,0.25,10,4940,0,0,1.0,0.0,1.0,6.661130499909632,4,100
0.0,1.0,0.0,1.0,1.0,0.3,10,4940,0,0,1.0,0.0,1.0,6.661130499909632,4,100
0.0,1.0,0.0,1.0,1.0,0.35,10,4940,0,0,1.0,0.0,1.0,6.661130499909632,4,100
0.0012145748987854252,1.0,0.375,0.625,1.0,0.4,10,4934,6,0,1.0,0.0012145748987854252,0.9987878787878788,6.661130499909632,4,100
0.001417004048582996,1.0,0.4117647058823529,0.5882352941176471,1.0,0.45,10,4933,7,0,1.0,0.001417004048582996,0.9985858585858586,6.661130499909632,4,100
0.0018218623481781376,1.0,0.47368421052631576,0.5263157894736842,1.0,0.5,10,4931,9,0,1.0,0.0018218623481781376,0.9981818181818182,6.661130499909632,4,100
0.0020242914979757085,1.0,0.5,0.5,1.0,0.55,10,4930,10,0,1.0,0.0020242914979757085,0.997979797979798,6.661130499909632,4,100
0.0020242914979757085,1.0,0.5,0.5,1.0,0.6,10,4930,10,0,1.0,0.0020242914979757085,0.997979797979798,6.661130499909632,4,100
0.0020242914979757085,1.0,0.5,0.5,1.0,0.65,10,4930,10,0,1.0,0.0020242914979757085,0.997979797979798,6.661130499909632,4,100
0.003036437246963563,1.0,0.6,0.4,1.0,0.7,10,4925,15,0,1.0,0.003036437246963563,0.996969696969697,6.661130499909632,4,100
0.0032388663967611335,1.0,0.6153846153846154,0.38461538461538464,1.0,0.75,10,4924,16,0,1.0,0.0032388663967611335,0.9967676767676767,6.661130499909632,4,100
0.008299595141700405,1.0,0.803921568627451,0.19607843137254902,1.0,0.8,10,4899,41,0,1.0,0.008299595141700405,0.9917171717171717,6.661130499909632,4,100
0.008906882591093117,1.0,0.8148148148148148,0.18518518518518517,1.0,0.85,10,4896,44,0,1.0,0.008906882591093117,0.9911111111111112,6.661130499909632,4,100
0.009919028340080972,1.0,0.8305084745762712,0.1694915254237288,1.0,0.9,10,4891,49,0,1.0,0.009919028340080972,0.9901010101010101,6.661130499909632,4,100
0.029959514170040485,1.0,0.9367088607594937,0.06329113924050633,1.0,0.95,10,4792,148,0,1.0,0.029959514170040485,0.9701010101010101,6.661130499909632,4,100
0.998582995951417,1.0,0.9979769370827433,0.0020230629172567267,1.0,1.0,10,7,4933,0,1.0,0.998582995951417,0.0034343434343434343,6.661130499909632,4,100
0.0,1.0,0.0,1.0,1.0,0.05,10,4940,0,0,1.0,0.0,1.0,6.692221499979496,5,100
0.0,1.0,0.0,1.0,1.0,0.1,10,4940,0,0,1.0,0.0,1.0,6.692221499979496,5,100
0.0004048582995951417,1.0,0.16666666666666666,0.8333333333333334,1.0,0.15,10,4938,2,0,1.0,0.0004048582995951417,0.9995959595959596,6.692221499979496,5,100
0.0004048582995951417,1.0,0.16666666666666666,0.8333333333333334,1.0,0.2,10,4938,2,0,1.0,0.0004048582995951417,0.9995959595959596,6.692221499979496,5,100
0.0004048582995951417,1.0,0.16666666666666666,0.8333333333333334,1.0,0.25,10,4938,2,0,1.0,0.0004048582995951417,0.9995959595959596,6.692221499979496,5,100
0.0006072874493927126,1.0,0.23076923076923078,0.7692307692307693,1.0,0.3,10,4937,3,0,1.0,0.0006072874493927126,0.9993939393939394,6.692221499979496,5,100
0.0006072874493927126,1.0,0.23076923076923078,0.7692307692307693,1.0,0.35,10,4937,3,0,1.0,0.0006072874493927126,0.9993939393939394,6.692221499979496,5,100
0.0006072874493927126,1.0,0.23076923076923078,0.7692307692307693,1.0,0.4,10,4937,3,0,1.0,0.0006072874493927126,0.9993939393939394,6.692221499979496,5,100
0.0006072874493927126,1.0,0.23076923076923078,0.7692307692307693,1.0,0.45,10,4937,3,0,1.0,0.0006072874493927126,0.9993939393939394,6.692221499979496,5,100
0.0006072874493927126,1.0,0.23076923076923078,0.7692307692307693,1.0,0.5,10,4937,3,0,1.0,0.0006072874493927126,0.9993939393939394,6.692221499979496,5,100
0.0006072874493927126,1.0,0.23076923076923078,0.7692307692307693,1.0,0.55,10,4937,3,0,1.0,0.0006072874493927126,0.9993939393939394,6.692221499979496,5,100
0.0006072874493927126,1.0,0.23076923076923078,0.7692307692307693,1.0,0.6,10,4937,3,0,1.0,0.0006072874493927126,0.9993939393939394,6.692221499979496,5,100
0.0012145748987854252,1.0,0.375,0.625,1.0,0.65,10,4934,6,0,1.0,0.0012145748987854252,0.9987878787878788,6.692221499979496,5,100
0.001417004048582996,1.0,0.4117647058823529,0.5882352941176471,1.0,0.7,10,4933,7,0,1.0,0.001417004048582996,0.9985858585858586,6.692221499979496,5,100
0.001417004048582996,1.0,0.4117647058823529,0.5882352941176471,1.0,0.75,10,4933,7,0,1.0,0.001417004048582996,0.9985858585858586,6.692221499979496,5,100
0.0038461538461538464,1.0,0.6551724137931034,0.3448275862068966,1.0,0.8,10,4921,19,0,1.0,0.0038461538461538464,0.9961616161616161,6.692221499979496,5,100
0.0038461538461538464,1.0,0.6551724137931034,0.3448275862068966,1.0,0.85,10,4921,19,0,1.0,0.0038461538461538464,0.9961616161616161,6.692221499979496,5,100
0.015789473684210527,1.0,0.8863636363636364,0.11363636363636363,1.0,0.9,10,4862,78,0,1.0,0.015789473684210527,0.9842424242424243,6.692221499979496,5,100
0.029352226720647773,1.0,0.9354838709677419,0.06451612903225806,1.0,0.95,10,4795,145,0,1.0,0.029352226720647773,0.9707070707070707,6.692221499979496,5,100
0.9991902834008097,1.0,0.9979781641730692,0.0020218358269308533,1.0,1.0,10,4,4936,0,1.0,0.9991902834008097,0.0028282828282828283,6.692221499979496,5,100
0.0004048582995951417,1.0,0.16666666666666666,0.8333333333333334,1.0,0.05,10,4938,2,0,1.0,0.0004048582995951417,0.9995959595959596,5.737050299998373,6,100
0.0010121457489878543,1.0,0.3333333333333333,0.6666666666666666,1.0,0.1,10,4935,5,0,1.0,0.0010121457489878543,0.998989898989899,5.737050299998373,6,100
0.001417004048582996,1.0,0.4117647058823529,0.5882352941176471,1.0,0.15,10,4933,7,0,1.0,0.001417004048582996,0.9985858585858586,5.737050299998373,6,100
0.001417004048582996,1.0,0.4117647058823529,0.5882352941176471,1.0,0.2,10,4933,7,0,1.0,0.001417004048582996,0.9985858585858586,5.737050299998373,6,100
0.001417004048582996,1.0,0.4117647058823529,0.5882352941176471,1.0,0.25,10,4933,7,0,1.0,0.001417004048582996,0.9985858585858586,5.737050299998373,6,100
0.0016194331983805667,1.0,0.4444444444444444,0.5555555555555556,1.0,0.3,10,4932,8,0,1.0,0.0016194331983805667,0.9983838383838384,5.737050299998373,6,100
0.0018218623481781376,1.0,0.47368421052631576,0.5263157894736842,1.0,0.35,10,4931,9,0,1.0,0.0018218623481781376,0.9981818181818182,5.737050299998373,6,100
0.00465587044534413,1.0,0.696969696969697,0.30303030303030304,1.0,0.4,10,4917,23,0,1.0,0.00465587044534413,0.9953535353535353,5.737050299998373,6,100
0.005465587044534413,1.0,0.7297297297297297,0.2702702702702703,1.0,0.45,10,4913,27,0,1.0,0.005465587044534413,0.9945454545454545,5.737050299998373,6,100
0.009716599190283401,1.0,0.8275862068965517,0.1724137931034483,1.0,0.5,10,4892,48,0,1.0,0.009716599190283401,0.9903030303030304,5.737050299998373,6,100
0.010931174089068825,1.0,0.84375,0.15625,1.0,0.55,10,4886,54,0,1.0,0.010931174089068825,0.9890909090909091,5.737050299998373,6,100
0.015789473684210527,1.0,0.8863636363636364,0.11363636363636363,1.0,0.6,10,4862,78,0,1.0,0.015789473684210527,0.9842424242424243,5.737050299998373,6,100
0.018016194331983804,1.0,0.898989898989899,0.10101010101010101,1.0,0.65,10,4851,89,0,1.0,0.018016194331983804,0.982020202020202,5.737050299998373,6,100
0.02813765182186235,1.0,0.9328859060402684,0.06711409395973154,1.0,0.7,10,4801,139,0,1.0,0.02813765182186235,0.971919191919192,5.737050299998373,6,100
0.03218623481781376,1.0,0.9408284023668639,0.05917159763313609,1.0,0.75,10,4781,159,0,1.0,0.03218623481781376,0.9678787878787879,5.737050299998373,6,100
0.0354251012145749,1.0,0.9459459459459459,0.05405405405405406,1.0,0.8,10,4765,175,0,1.0,0.0354251012145749,0.9646464646464646,5.737050299998373,6,100
0.08481781376518219,1.0,0.9766899766899767,0.023310023310023312,1.0,0.85,10,4521,419,0,1.0,0.08481781376518219,0.9153535353535354,5.737050299998373,6,100
0.13137651821862348,1.0,0.9848254931714719,0.015174506828528073,1.0,0.9,10,4291,649,0,1.0,0.13137651821862348,0.8688888888888889,5.737050299998373,6,100
0.23481781376518218,1.0,0.9914529914529915,0.008547008547008548,1.0,0.95,10,3780,1160,0,1.0,0.23481781376518218,0.7656565656565657,5.737050299998373,6,100
0.9983805668016195,1.0,0.9979765277215702,0.0020234722784297854,1.0,1.0,10,8,4932,0,1.0,0.9983805668016195,0.0036363636363636364,5.737050299998373,6,100
0.0,1.0,0.0,1.0,1.0,0.05,10,4940,0,0,1.0,0.0,1.0,6.756768299965188,7,100
0.0,1.0,0.0,1.0,1.0,0.1,10,4940,0,0,1.0,0.0,1.0,6.756768299965188,7,100
0.0,1.0,0.0,1.0,1.0,0.15,10,4940,0,0,1.0,0.0,1.0,6.756768299965188,7,100
0.0008097165991902834,1.0,0.2857142857142857,0.7142857142857143,1.0,0.2,10,4936,4,0,1.0,0.0008097165991902834,0.9991919191919192,6.756768299965188,7,100
0.0010121457489878543,1.0,0.3333333333333333,0.6666666666666666,1.0,0.25,10,4935,5,0,1.0,0.0010121457489878543,0.998989898989899,6.756768299965188,7,100
0.0012145748987854252,1.0,0.375,0.625,1.0,0.3,10,4934,6,0,1.0,0.0012145748987854252,0.9987878787878788,6.756768299965188,7,100
0.002226720647773279,1.0,0.5238095238095238,0.47619047619047616,1.0,0.35,10,4929,11,0,1.0,0.002226720647773279,0.9977777777777778,6.756768299965188,7,100
0.0024291497975708503,1.0,0.5454545454545454,0.45454545454545453,1.0,0.4,10,4928,12,0,1.0,0.0024291497975708503,0.9975757575757576,6.756768299965188,7,100
0.0024291497975708503,1.0,0.5454545454545454,0.45454545454545453,1.0,0.45,10,4928,12,0,1.0,0.0024291497975708503,0.9975757575757576,6.756768299965188,7,100
0.0034412955465587046,1.0,0.6296296296296297,0.37037037037037035,1.0,0.5,10,4923,17,0,1.0,0.0034412955465587046,0.9965656565656565,6.756768299965188,7,100
0.0034412955465587046,1.0,0.6296296296296297,0.37037037037037035,1.0,0.55,10,4923,17,0,1.0,0.0034412955465587046,0.9965656565656565,6.756768299965188,7,100
0.005263157894736842,1.0,0.7222222222222222,0.2777777777777778,1.0,0.6,10,4914,26,0,1.0,0.005263157894736842,0.9947474747474747,6.756768299965188,7,100
0.005668016194331984,1.0,0.7368421052631579,0.2631578947368421,1.0,0.65,10,4912,28,0,1.0,0.005668016194331984,0.9943434343434343,6.756768299965188,7,100
0.010931174089068825,1.0,0.84375,0.15625,1.0,0.7,10,4886,54,0,1.0,0.010931174089068825,0.9890909090909091,6.756768299965188,7,100
0.011133603238866396,1.0,0.8461538461538461,0.15384615384615385,1.0,0.75,10,4885,55,0,1.0,0.011133603238866396,0.9888888888888889,6.756768299965188,7,100
0.012145748987854251,1.0,0.8571428571428571,0.14285714285714285,1.0,0.8,10,4880,60,0,1.0,0.012145748987854251,0.9878787878787879,6.756768299965188,7,100
0.012955465587044534,1.0,0.8648648648648649,0.13513513513513514,1.0,0.85,10,4876,64,0,1.0,0.012955465587044534,0.9870707070707071,6.756768299965188,7,100
0.01720647773279352,1.0,0.8947368421052632,0.10526315789473684,1.0,0.9,10,4855,85,0,1.0,0.01720647773279352,0.9828282828282828,6.756768299965188,7,100
0.032388663967611336,1.0,0.9411764705882353,0.058823529411764705,1.0,0.95,10,4780,160,0,1.0,0.032388663967611336,0.9676767676767677,6.756768299965188,7,100
0.9880566801619434,1.0,0.9979554283377632,0.0020445716622367613,1.0,1.0,10,59,4881,0,1.0,0.9880566801619434,0.013939393939393939,6.756768299965188,7,100
0.0,1.0,0.0,1.0,1.0,0.05,10,4940,0,0,1.0,0.0,1.0,6.942178500001319,8,100
0.0,1.0,0.0,1.0,1.0,0.1,10,4940,0,0,1.0,0.0,1.0,6.942178500001319,8,100
0.0004048582995951417,1.0,0.16666666666666666,0.8333333333333334,1.0,0.15,10,4938,2,0,1.0,0.0004048582995951417,0.9995959595959596,6.942178500001319,8,100
0.0006072874493927126,1.0,0.23076923076923078,0.7692307692307693,1.0,0.2,10,4937,3,0,1.0,0.0006072874493927126,0.9993939393939394,6.942178500001319,8,100
0.0006072874493927126,1.0,0.23076923076923078,0.7692307692307693,1.0,0.25,10,4937,3,0,1.0,0.0006072874493927126,0.9993939393939394,6.942178500001319,8,100
0.0006072874493927126,1.0,0.23076923076923078,0.7692307692307693,1.0,0.3,10,4937,3,0,1.0,0.0006072874493927126,0.9993939393939394,6.942178500001319,8,100
0.0006072874493927126,1.0,0.23076923076923078,0.7692307692307693,1.0,0.35,10,4937,3,0,1.0,0.0006072874493927126,0.9993939393939394,6.942178500001319,8,100
0.0010121457489878543,1.0,0.3333333333333333,0.6666666666666666,1.0,0.4,10,4935,5,0,1.0,0.0010121457489878543,0.998989898989899,6.942178500001319,8,100
0.0012145748987854252,1.0,0.375,0.625,1.0,0.45,10,4934,6,0,1.0,0.0012145748987854252,0.9987878787878788,6.942178500001319,8,100
0.0020242914979757085,1.0,0.5,0.5,1.0,0.5,10,4930,10,0,1.0,0.0020242914979757085,0.997979797979798,6.942178500001319,8,100
0.002226720647773279,1.0,0.5238095238095238,0.47619047619047616,1.0,0.55,10,4929,11,0,1.0,0.002226720647773279,0.9977777777777778,6.942178500001319,8,100
0.002631578947368421,1.0,0.5652173913043478,0.43478260869565216,1.0,0.6,10,4927,13,0,1.0,0.002631578947368421,0.9973737373737374,6.942178500001319,8,100
0.002631578947368421,1.0,0.5652173913043478,0.43478260869565216,1.0,0.65,10,4927,13,0,1.0,0.002631578947368421,0.9973737373737374,6.942178500001319,8,100
0.003036437246963563,1.0,0.6,0.4,1.0,0.7,10,4925,15,0,1.0,0.003036437246963563,0.996969696969697,6.942178500001319,8,100
0.0032388663967611335,1.0,0.6153846153846154,0.38461538461538464,1.0,0.75,10,4924,16,0,1.0,0.0032388663967611335,0.9967676767676767,6.942178500001319,8,100
0.008299595141700405,1.0,0.803921568627451,0.19607843137254902,1.0,0.8,10,4899,41,0,1.0,0.008299595141700405,0.9917171717171717,6.942178500001319,8,100
0.008299595141700405,1.0,0.803921568627451,0.19607843137254902,1.0,0.85,10,4899,41,0,1.0,0.008299595141700405,0.9917171717171717,6.942178500001319,8,100
0.010323886639676113,1.0,0.8360655737704918,0.16393442622950818,1.0,0.9,10,4889,51,0,1.0,0.010323886639676113,0.9896969696969697,6.942178500001319,8,100
0.025506072874493926,1.0,0.9264705882352942,0.07352941176470588,1.0,0.95,10,4814,126,0,1.0,0.025506072874493926,0.9745454545454545,6.942178500001319,8,100
0.9967611336032388,1.0,0.9979732468585326,0.002026753141467369,1.0,1.0,10,16,4924,0,1.0,0.9967611336032388,0.0052525252525252525,6.942178500001319,8,100
0.0,0.9,0.0,1.0,0.9,0.05,9,4940,0,1,0.9,0.0,0.9997979797979798,6.724072200013325,9,100
0.0,0.9,0.0,1.0,0.9,0.1,9,4940,0,1,0.9,0.0,0.9997979797979798,6.724072200013325,9,100
0.0,0.9,0.0,1.0,0.9,0.15,9,4940,0,1,0.9,0.0,0.9997979797979798,6.724072200013325,9,100
0.0004048582995951417,0.9,0.18181818181818182,0.8181818181818182,0.9,0.2,9,4938,2,1,0.9,0.0004048582995951417,0.9993939393939394,6.724072200013325,9,100
0.0006072874493927126,0.9,0.25,0.75,0.9,0.25,9,4937,3,1,0.9,0.0006072874493927126,0.9991919191919192,6.724072200013325,9,100
0.0008097165991902834,0.9,0.3076923076923077,0.6923076923076923,0.9,0.3,9,4936,4,1,0.9,0.0008097165991902834,0.998989898989899,6.724072200013325,9,100
0.0010121457489878543,0.9,0.35714285714285715,0.6428571428571429,0.9,0.35,9,4935,5,1,0.9,0.0010121457489878543,0.9987878787878788,6.724072200013325,9,100
0.0010121457489878543,0.9,0.35714285714285715,0.6428571428571429,0.9,0.4,9,4935,5,1,0.9,0.0010121457489878543,0.9987878787878788,6.724072200013325,9,100
0.002631578947368421,0.9,0.5909090909090909,0.4090909090909091,0.9,0.45,9,4927,13,1,0.9,0.002631578947368421,0.9971717171717172,6.724072200013325,9,100
0.003036437246963563,0.9,0.625,0.375,0.9,0.5,9,4925,15,1,0.9,0.003036437246963563,0.9967676767676767,6.724072200013325,9,100
0.0034412955465587046,1.0,0.6296296296296297,0.37037037037037035,1.0,0.55,10,4923,17,0,1.0,0.0034412955465587046,0.9965656565656565,6.724072200013325,9,100
0.0038461538461538464,1.0,0.6551724137931034,0.3448275862068966,1.0,0.6,10,4921,19,0,1.0,0.0038461538461538464,0.9961616161616161,6.724072200013325,9,100
0.004453441295546558,1.0,0.6875,0.3125,1.0,0.65,10,4918,22,0,1.0,0.004453441295546558,0.9955555555555555,6.724072200013325,9,100
0.012145748987854251,1.0,0.8571428571428571,0.14285714285714285,1.0,0.7,10,4880,60,0,1.0,0.012145748987854251,0.9878787878787879,6.724072200013325,9,100
0.013967611336032389,1.0,0.8734177215189873,0.12658227848101267,1.0,0.75,10,4871,69,0,1.0,0.013967611336032389,0.9860606060606061,6.724072200013325,9,100
0.017813765182186234,1.0,0.8979591836734694,0.10204081632653061,1.0,0.8,10,4852,88,0,1.0,0.017813765182186234,0.9822222222222222,6.724072200013325,9,100
0.019433198380566803,1.0,0.9056603773584906,0.09433962264150944,1.0,0.85,10,4844,96,0,1.0,0.019433198380566803,0.9806060606060606,6.724072200013325,9,100
0.027327935222672066,1.0,0.9310344827586207,0.06896551724137931,1.0,0.9,10,4805,135,0,1.0,0.027327935222672066,0.9727272727272728,6.724072200013325,9,100
0.3060728744939271,1.0,0.9934296977660972,0.006570302233902759,1.0,0.95,10,3428,1512,0,1.0,0.3060728744939271,0.6945454545454546,6.724072200013325,9,100
0.998582995951417,1.0,0.9979769370827433,0.0020230629172567267,1.0,1.0,10,7,4933,0,1.0,0.998582995951417,0.0034343434343434343,6.724072200013325,9,100
0.00020242914979757084,1.0,0.09090909090909091,0.9090909090909091,1.0,0.05,10,4939,1,0,1.0,0.00020242914979757084,0.9997979797979798,6.840688900090754,10,100
0.0004048582995951417,1.0,0.16666666666666666,0.8333333333333334,1.0,0.1,10,4938,2,0,1.0,0.0004048582995951417,0.9995959595959596,6.840688900090754,10,100
0.0004048582995951417,1.0,0.16666666666666666,0.8333333333333334,1.0,0.15,10,4938,2,0,1.0,0.0004048582995951417,0.9995959595959596,6.840688900090754,10,100
0.0006072874493927126,1.0,0.23076923076923078,0.7692307692307693,1.0,0.2,10,4937,3,0,1.0,0.0006072874493927126,0.9993939393939394,6.840688900090754,10,100
0.0006072874493927126,1.0,0.23076923076923078,0.7692307692307693,1.0,0.25,10,4937,3,0,1.0,0.0006072874493927126,0.9993939393939394,6.840688900090754,10,100
0.001417004048582996,1.0,0.4117647058823529,0.5882352941176471,1.0,0.3,10,4933,7,0,1.0,0.001417004048582996,0.9985858585858586,6.840688900090754,10,100
0.0016194331983805667,1.0,0.4444444444444444,0.5555555555555556,1.0,0.35,10,4932,8,0,1.0,0.0016194331983805667,0.9983838383838384,6.840688900090754,10,100
0.002226720647773279,1.0,0.5238095238095238,0.47619047619047616,1.0,0.4,10,4929,11,0,1.0,0.002226720647773279,0.9977777777777778,6.840688900090754,10,100
0.002226720647773279,1.0,0.5238095238095238,0.47619047619047616,1.0,0.45,10,4929,11,0,1.0,0.002226720647773279,0.9977777777777778,6.840688900090754,10,100
0.0032388663967611335,1.0,0.6153846153846154,0.38461538461538464,1.0,0.5,10,4924,16,0,1.0,0.0032388663967611335,0.9967676767676767,6.840688900090754,10,100
0.0034412955465587046,1.0,0.6296296296296297,0.37037037037037035,1.0,0.55,10,4923,17,0,1.0,0.0034412955465587046,0.9965656565656565,6.840688900090754,10,100
0.005263157894736842,1.0,0.7222222222222222,0.2777777777777778,1.0,0.6,10,4914,26,0,1.0,0.005263157894736842,0.9947474747474747,6.840688900090754,10,100
0.005465587044534413,1.0,0.7297297297297297,0.2702702702702703,1.0,0.65,10,4913,27,0,1.0,0.005465587044534413,0.9945454545454545,6.840688900090754,10,100
0.007489878542510121,1.0,0.7872340425531915,0.2127659574468085,1.0,0.7,10,4903,37,0,1.0,0.007489878542510121,0.9925252525252525,6.840688900090754,10,100
0.008906882591093117,1.0,0.8148148148148148,0.18518518518518517,1.0,0.75,10,4896,44,0,1.0,0.008906882591093117,0.9911111111111112,6.840688900090754,10,100
0.024291497975708502,1.0,0.9230769230769231,0.07692307692307693,1.0,0.8,10,4820,120,0,1.0,0.024291497975708502,0.9757575757575757,6.840688900090754,10,100
0.02834008097165992,1.0,0.9333333333333333,0.06666666666666667,1.0,0.85,10,4800,140,0,1.0,0.02834008097165992,0.9717171717171718,6.840688900090754,10,100
0.0659919028340081,1.0,0.9702380952380952,0.02976190476190476,1.0,0.9,10,4614,326,0,1.0,0.0659919028340081,0.9341414141414142,6.840688900090754,10,100
0.09574898785425101,1.0,0.979296066252588,0.020703933747412008,1.0,0.95,10,4467,473,0,1.0,0.09574898785425101,0.9044444444444445,6.840688900090754,10,100
0.9933198380566801,1.0,0.9979662395769778,0.002033760423022168,1.0,1.0,10,33,4907,0,1.0,0.9933198380566801,0.008686868686868687,6.840688900090754,10,100
0.0004048582995951417,1.0,0.16666666666666666,0.8333333333333334,1.0,0.05,10,4938,2,0,1.0,0.0004048582995951417,0.9995959595959596,5.512223299941979,11,100
0.0004048582995951417,1.0,0.16666666666666666,0.8333333333333334,1.0,0.1,10,4938,2,0,1.0,0.0004048582995951417,0.9995959595959596,5.512223299941979,11,100
0.0006072874493927126,1.0,0.23076923076923078,0.7692307692307693,1.0,0.15,10,4937,3,0,1.0,0.0006072874493927126,0.9993939393939394,5.512223299941979,11,100
0.0012145748987854252,1.0,0.375,0.625,1.0,0.2,10,4934,6,0,1.0,0.0012145748987854252,0.9987878787878788,5.512223299941979,11,100
0.0018218623481781376,1.0,0.47368421052631576,0.5263157894736842,1.0,0.25,10,4931,9,0,1.0,0.0018218623481781376,0.9981818181818182,5.512223299941979,11,100
0.0018218623481781376,1.0,0.47368421052631576,0.5263157894736842,1.0,0.3,10,4931,9,0,1.0,0.0018218623481781376,0.9981818181818182,5.512223299941979,11,100
0.002226720647773279,1.0,0.5238095238095238,0.47619047619047616,1.0,0.35,10,4929,11,0,1.0,0.002226720647773279,0.9977777777777778,5.512223299941979,11,100
0.002631578947368421,1.0,0.5652173913043478,0.43478260869565216,1.0,0.4,10,4927,13,0,1.0,0.002631578947368421,0.9973737373737374,5.512223299941979,11,100
0.003036437246963563,1.0,0.6,0.4,1.0,0.45,10,4925,15,0,1.0,0.003036437246963563,0.996969696969697,5.512223299941979,11,100
0.003036437246963563,1.0,0.6,0.4,1.0,0.5,10,4925,15,0,1.0,0.003036437246963563,0.996969696969697,5.512223299941979,11,100
0.004048582995951417,1.0,0.6666666666666666,0.3333333333333333,1.0,0.55,10,4920,20,0,1.0,0.004048582995951417,0.9959595959595959,5.512223299941979,11,100
0.006072874493927126,1.0,0.75,0.25,1.0,0.6,10,4910,30,0,1.0,0.006072874493927126,0.9939393939393939,5.512223299941979,11,100
0.006477732793522267,1.0,0.7619047619047619,0.23809523809523808,1.0,0.65,10,4908,32,0,1.0,0.006477732793522267,0.9935353535353535,5.512223299941979,11,100
0.006882591093117409,1.0,0.7727272727272727,0.22727272727272727,1.0,0.7,10,4906,34,0,1.0,0.006882591093117409,0.9931313131313131,5.512223299941979,11,100
0.009109311740890687,1.0,0.8181818181818182,0.18181818181818182,1.0,0.75,10,4895,45,0,1.0,0.009109311740890687,0.990909090909091,5.512223299941979,11,100
0.010323886639676113,1.0,0.8360655737704918,0.16393442622950818,1.0,0.8,10,4889,51,0,1.0,0.010323886639676113,0.9896969696969697,5.512223299941979,11,100
0.03319838056680162,1.0,0.9425287356321839,0.05747126436781609,1.0,0.85,10,4776,164,0,1.0,0.03319838056680162,0.9668686868686869,5.512223299941979,11,100
0.1125506072874494,1.0,0.9823321554770318,0.0176678445229682,1.0,0.9,10,4384,556,0,1.0,0.1125506072874494,0.8876767676767677,5.512223299941979,11,100
0.16821862348178138,1.0,0.9881093935790726,0.011890606420927468,1.0,0.95,10,4109,831,0,1.0,0.16821862348178138,0.8321212121212122,5.512223299941979,11,100
0.9989878542510121,1.0,0.9979777553083923,0.0020222446916076846,1.0,1.0,10,5,4935,0,1.0,0.9989878542510121,0.0030303030303030303,5.512223299941979,11,100
0.00020242914979757084,1.0,0.09090909090909091,0.9090909090909091,1.0,0.05,10,4939,1,0,1.0,0.00020242914979757084,0.9997979797979798,5.391541499993764,12,100
0.0006072874493927126,1.0,0.23076923076923078,0.7692307692307693,1.0,0.1,10,4937,3,0,1.0,0.0006072874493927126,0.9993939393939394,5.391541499993764,12,100
0.0006072874493927126,1.0,0.23076923076923078,0.7692307692307693,1.0,0.15,10,4937,3,0,1.0,0.0006072874493927126,0.9993939393939394,5.391541499993764,12,100
0.0006072874493927126,1.0,0.23076923076923078,0.7692307692307693,1.0,0.2,10,4937,3,0,1.0,0.0006072874493927126,0.9993939393939394,5.391541499993764,12,100
0.0008097165991902834,1.0,0.2857142857142857,0.7142857142857143,1.0,0.25,10,4936,4,0,1.0,0.0008097165991902834,0.9991919191919192,5.391541499993764,12,100
0.001417004048582996,1.0,0.4117647058823529,0.5882352941176471,1.0,0.3,10,4933,7,0,1.0,0.001417004048582996,0.9985858585858586,5.391541499993764,12,100
0.0016194331983805667,1.0,0.4444444444444444,0.5555555555555556,1.0,0.35,10,4932,8,0,1.0,0.0016194331983805667,0.9983838383838384,5.391541499993764,12,100
0.002834008097165992,1.0,0.5833333333333334,0.4166666666666667,1.0,0.4,10,4926,14,0,1.0,0.002834008097165992,0.9971717171717172,5.391541499993764,12,100
0.003036437246963563,1.0,0.6,0.4,1.0,0.45,10,4925,15,0,1.0,0.003036437246963563,0.996969696969697,5.391541499993764,12,100
0.0034412955465587046,1.0,0.6296296296296297,0.37037037037037035,1.0,0.5,10,4923,17,0,1.0,0.0034412955465587046,0.9965656565656565,5.391541499993764,12,100
0.0034412955465587046,1.0,0.6296296296296297,0.37037037037037035,1.0,0.55,10,4923,17,0,1.0,0.0034412955465587046,0.9965656565656565,5.391541499993764,12,100
0.004048582995951417,1.0,0.6666666666666666,0.3333333333333333,1.0,0.6,10,4920,20,0,1.0,0.004048582995951417,0.9959595959595959,5.391541499993764,12,100
0.005263157894736842,1.0,0.7222222222222222,0.2777777777777778,1.0,0.65,10,4914,26,0,1.0,0.005263157894736842,0.9947474747474747,5.391541499993764,12,100
0.0066801619433198385,1.0,0.7674418604651163,0.23255813953488372,1.0,0.7,10,4907,33,0,1.0,0.0066801619433198385,0.9933333333333333,5.391541499993764,12,100
0.009109311740890687,1.0,0.8181818181818182,0.18181818181818182,1.0,0.75,10,4895,45,0,1.0,0.009109311740890687,0.990909090909091,5.391541499993764,12,100
0.011336032388663968,1.0,0.8484848484848485,0.15151515151515152,1.0,0.8,10,4884,56,0,1.0,0.011336032388663968,0.9886868686868687,5.391541499993764,12,100
0.01174089068825911,1.0,0.8529411764705882,0.14705882352941177,1.0,0.85,10,4882,58,0,1.0,0.01174089068825911,0.9882828282828283,5.391541499993764,12,100
0.02631578947368421,1.0,0.9285714285714286,0.07142857142857142,1.0,0.9,10,4810,130,0,1.0,0.02631578947368421,0.9737373737373738,5.391541499993764,12,100
0.03724696356275304,1.0,0.9484536082474226,0.05154639175257732,1.0,0.95,10,4756,184,0,1.0,0.03724696356275304,0.9628282828282828,5.391541499993764,12,100
0.9983805668016195,1.0,0.9979765277215702,0.0020234722784297854,1.0,1.0,10,8,4932,0,1.0,0.9983805668016195,0.0036363636363636364,5.391541499993764,12,100
0.0,1.0,0.0,1.0,1.0,0.05,10,4940,0,0,1.0,0.0,1.0,5.411225599935278,13,100
0.0,1.0,0.0,1.0,1.0,0.1,10,4940,0,0,1.0,0.0,1.0,5.411225599935278,13,100
0.00020242914979757084,1.0,0.09090909090909091,0.9090909090909091,1.0,0.15,10,4939,1,0,1.0,0.00020242914979757084,0.9997979797979798,5.411225599935278,13,100
0.0010121457489878543,1.0,0.3333333333333333,0.6666666666666666,1.0,0.2,10,4935,5,0,1.0,0.0010121457489878543,0.998989898989899,5.411225599935278,13,100
0.001417004048582996,1.0,0.4117647058823529,0.5882352941176471,1.0,0.25,10,4933,7,0,1.0,0.001417004048582996,0.9985858585858586,5.411225599935278,13,100
0.0016194331983805667,1.0,0.4444444444444444,0.5555555555555556,1.0,0.3,10,4932,8,0,1.0,0.0016194331983805667,0.9983838383838384,5.411225599935278,13,100
0.0016194331983805667,1.0,0.4444444444444444,0.5555555555555556,1.0,0.35,10,4932,8,0,1.0,0.0016194331983805667,0.9983838383838384,5.411225599935278,13,100
0.0016194331983805667,1.0,0.4444444444444444,0.5555555555555556,1.0,0.4,10,4932,8,0,1.0,0.0016194331983805667,0.9983838383838384,5.411225599935278,13,100
0.0020242914979757085,1.0,0.5,0.5,1.0,0.45,10,4930,10,0,1.0,0.0020242914979757085,0.997979797979798,5.411225599935278,13,100
0.0020242914979757085,1.0,0.5,0.5,1.0,0.5,10,4930,10,0,1.0,0.0020242914979757085,0.997979797979798,5.411225599935278,13,100
0.0024291497975708503,1.0,0.5454545454545454,0.45454545454545453,1.0,0.55,10,4928,12,0,1.0,0.0024291497975708503,0.9975757575757576,5.411225599935278,13,100
0.0034412955465587046,1.0,0.6296296296296297,0.37037037037037035,1.0,0.6,10,4923,17,0,1.0,0.0034412955465587046,0.9965656565656565,5.411225599935278,13,100
0.0036437246963562753,1.0,0.6428571428571429,0.35714285714285715,1.0,0.65,10,4922,18,0,1.0,0.0036437246963562753,0.9963636363636363,5.411225599935278,13,100
0.006275303643724696,1.0,0.7560975609756098,0.24390243902439024,1.0,0.7,10,4909,31,0,1.0,0.006275303643724696,0.9937373737373737,5.411225599935278,13,100
0.0066801619433198385,1.0,0.7674418604651163,0.23255813953488372,1.0,0.75,10,4907,33,0,1.0,0.0066801619433198385,0.9933333333333333,5.411225599935278,13,100
0.0072874493927125505,1.0,0.782608695652174,0.21739130434782608,1.0,0.8,10,4904,36,0,1.0,0.0072874493927125505,0.9927272727272727,5.411225599935278,13,100
0.008502024291497975,1.0,0.8076923076923077,0.19230769230769232,1.0,0.85,10,4898,42,0,1.0,0.008502024291497975,0.9915151515151515,5.411225599935278,13,100
0.008906882591093117,1.0,0.8148148148148148,0.18518518518518517,1.0,0.9,10,4896,44,0,1.0,0.008906882591093117,0.9911111111111112,5.411225599935278,13,100
0.043927125506072875,1.0,0.9559471365638766,0.04405286343612335,1.0,0.95,10,4723,217,0,1.0,0.043927125506072875,0.9561616161616162,5.411225599935278,13,100
0.9969635627530364,1.0,0.9979736575481256,0.002026342451874367,1.0,1.0,10,15,4925,0,1.0,0.9969635627530364,0.005050505050505051,5.411225599935278,13,100
0.0,1.0,0.0,1.0,1.0,0.05,10,4940,0,0,1.0,0.0,1.0,6.564632699941285,14,100
0.0,1.0,0.0,1.0,1.0,0.1,10,4940,0,0,1.0,0.0,1.0,6.564632699941285,14,100
0.0,1.0,0.0,1.0,1.0,0.15,10,4940,0,0,1.0,0.0,1.0,6.564632699941285,14,100
0.0006072874493927126,1.0,0.23076923076923078,0.7692307692307693,1.0,0.2,10,4937,3,0,1.0,0.0006072874493927126,0.9993939393939394,6.564632699941285,14,100
0.0006072874493927126,1.0,0.23076923076923078,0.7692307692307693,1.0,0.25,10,4937,3,0,1.0,0.0006072874493927126,0.9993939393939394,6.564632699941285,14,100
0.0006072874493927126,1.0,0.23076923076923078,0.7692307692307693,1.0,0.3,10,4937,3,0,1.0,0.0006072874493927126,0.9993939393939394,6.564632699941285,14,100
0.0006072874493927126,1.0,0.23076923076923078,0.7692307692307693,1.0,0.35,10,4937,3,0,1.0,0.0006072874493927126,0.9993939393939394,6.564632699941285,14,100
0.0006072874493927126,1.0,0.23076923076923078,0.7692307692307693,1.0,0.4,10,4937,3,0,1.0,0.0006072874493927126,0.9993939393939394,6.564632699941285,14,100
0.0010121457489878543,1.0,0.3333333333333333,0.6666666666666666,1.0,0.45,10,4935,5,0,1.0,0.0010121457489878543,0.998989898989899,6.564632699941285,14,100
0.0020242914979757085,1.0,0.5,0.5,1.0,0.5,10,4930,10,0,1.0,0.0020242914979757085,0.997979797979798,6.564632699941285,14,100
0.0020242914979757085,1.0,0.5,0.5,1.0,0.55,10,4930,10,0,1.0,0.0020242914979757085,0.997979797979798,6.564632699941285,14,100
0.0020242914979757085,1.0,0.5,0.5,1.0,0.6,10,4930,10,0,1.0,0.0020242914979757085,0.997979797979798,6.564632699941285,14,100
0.0024291497975708503,1.0,0.5454545454545454,0.45454545454545453,1.0,0.65,10,4928,12,0,1.0,0.0024291497975708503,0.9975757575757576,6.564632699941285,14,100
0.004048582995951417,1.0,0.6666666666666666,0.3333333333333333,1.0,0.7,10,4920,20,0,1.0,0.004048582995951417,0.9959595959595959,6.564632699941285,14,100
0.004048582995951417,1.0,0.6666666666666666,0.3333333333333333,1.0,0.75,10,4920,20,0,1.0,0.004048582995951417,0.9959595959595959,6.564632699941285,14,100
0.004251012145748988,1.0,0.6774193548387096,0.3225806451612903,1.0,0.8,10,4919,21,0,1.0,0.004251012145748988,0.9957575757575757,6.564632699941285,14,100
0.005668016194331984,1.0,0.7368421052631579,0.2631578947368421,1.0,0.85,10,4912,28,0,1.0,0.005668016194331984,0.9943434343434343,6.564632699941285,14,100
0.008502024291497975,1.0,0.8076923076923077,0.19230769230769232,1.0,0.9,10,4898,42,0,1.0,0.008502024291497975,0.9915151515151515,6.564632699941285,14,100
0.06396761133603239,1.0,0.9693251533742331,0.03067484662576687,1.0,0.95,10,4624,316,0,1.0,0.06396761133603239,0.9361616161616162,6.564632699941285,14,100
0.9983805668016195,1.0,0.9979765277215702,0.0020234722784297854,1.0,1.0,10,8,4932,0,1.0,0.9983805668016195,0.0036363636363636364,6.564632699941285,14,100
0.0,1.0,0.0,1.0,1.0,0.05,10,4940,0,0,1.0,0.0,1.0,6.516284800018184,15,100
0.0,1.0,0.0,1.0,1.0,0.1,10,4940,0,0,1.0,0.0,1.0,6.516284800018184,15,100
0.0,1.0,0.0,1.0,1.0,0.15,10,4940,0,0,1.0,0.0,1.0,6.516284800018184,15,100
0.0004048582995951417,1.0,0.16666666666666666,0.8333333333333334,1.0,0.2,10,4938,2,0,1.0,0.0004048582995951417,0.9995959595959596,6.516284800018184,15,100
0.0012145748987854252,1.0,0.375,0.625,1.0,0.25,10,4934,6,0,1.0,0.0012145748987854252,0.9987878787878788,6.516284800018184,15,100
0.0012145748987854252,1.0,0.375,0.625,1.0,0.3,10,4934,6,0,1.0,0.0012145748987854252,0.9987878787878788,6.516284800018184,15,100
0.0024291497975708503,1.0,0.5454545454545454,0.45454545454545453,1.0,0.35,10,4928,12,0,1.0,0.0024291497975708503,0.9975757575757576,6.516284800018184,15,100
0.002631578947368421,1.0,0.5652173913043478,0.43478260869565216,1.0,0.4,10,4927,13,0,1.0,0.002631578947368421,0.9973737373737374,6.516284800018184,15,100
0.002834008097165992,1.0,0.5833333333333334,0.4166666666666667,1.0,0.45,10,4926,14,0,1.0,0.002834008097165992,0.9971717171717172,6.516284800018184,15,100
0.0032388663967611335,1.0,0.6153846153846154,0.38461538461538464,1.0,0.5,10,4924,16,0,1.0,0.0032388663967611335,0.9967676767676767,6.516284800018184,15,100
0.0034412955465587046,1.0,0.6296296296296297,0.37037037037037035,1.0,0.55,10,4923,17,0,1.0,0.0034412955465587046,0.9965656565656565,6.516284800018184,15,100
0.004858299595141701,1.0,0.7058823529411765,0.29411764705882354,1.0,0.6,10,4916,24,0,1.0,0.004858299595141701,0.9951515151515151,6.516284800018184,15,100
0.005263157894736842,1.0,0.7222222222222222,0.2777777777777778,1.0,0.65,10,4914,26,0,1.0,0.005263157894736842,0.9947474747474747,6.516284800018184,15,100
0.008704453441295546,1.0,0.8113207547169812,0.18867924528301888,1.0,0.7,10,4897,43,0,1.0,0.008704453441295546,0.9913131313131314,6.516284800018184,15,100
0.01174089068825911,1.0,0.8529411764705882,0.14705882352941177,1.0,0.75,10,4882,58,0,1.0,0.01174089068825911,0.9882828282828283,6.516284800018184,15,100
0.02408906882591093,1.0,0.9224806201550387,0.07751937984496124,1.0,0.8,10,4821,119,0,1.0,0.02408906882591093,0.9759595959595959,6.516284800018184,15,100
0.03461538461538462,1.0,0.9447513812154696,0.055248618784530384,1.0,0.85,10,4769,171,0,1.0,0.03461538461538462,0.9654545454545455,6.516284800018184,15,100
0.1388663967611336,1.0,0.985632183908046,0.014367816091954023,1.0,0.9,10,4254,686,0,1.0,0.1388663967611336,0.8614141414141414,6.516284800018184,15,100
0.40161943319838056,1.0,0.9949849548645938,0.0050150451354062184,1.0,0.95,10,2956,1984,0,1.0,0.40161943319838056,0.5991919191919192,6.516284800018184,15,100
0.9987854251012146,1.0,0.9979773462783171,0.0020226537216828477,1.0,1.0,10,6,4934,0,1.0,0.9987854251012146,0.0032323232323232323,6.516284800018184,15,100
0.00020242914979757084,1.0,0.09090909090909091,0.9090909090909091,1.0,0.05,10,4939,1,0,1.0,0.00020242914979757084,0.9997979797979798,6.508579000015743,16,100
0.00020242914979757084,1.0,0.09090909090909091,0.9090909090909091,1.0,0.1,10,4939,1,0,1.0,0.00020242914979757084,0.9997979797979798,6.508579000015743,16,100
0.0006072874493927126,1.0,0.23076923076923078,0.7692307692307693,1.0,0.15,10,4937,3,0,1.0,0.0006072874493927126,0.9993939393939394,6.508579000015743,16,100
0.0006072874493927126,1.0,0.23076923076923078,0.7692307692307693,1.0,0.2,10,4937,3,0,1.0,0.0006072874493927126,0.9993939393939394,6.508579000015743,16,100
0.0006072874493927126,1.0,0.23076923076923078,0.7692307692307693,1.0,0.25,10,4937,3,0,1.0,0.0006072874493927126,0.9993939393939394,6.508579000015743,16,100
0.0008097165991902834,1.0,0.2857142857142857,0.7142857142857143,1.0,0.3,10,4936,4,0,1.0,0.0008097165991902834,0.9991919191919192,6.508579000015743,16,100
0.0010121457489878543,1.0,0.3333333333333333,0.6666666666666666,1.0,0.35,10,4935,5,0,1.0,0.0010121457489878543,0.998989898989899,6.508579000015743,16,100
0.0010121457489878543,1.0,0.3333333333333333,0.6666666666666666,1.0,0.4,10,4935,5,0,1.0,0.0010121457489878543,0.998989898989899,6.508579000015743,16,100
0.001417004048582996,1.0,0.4117647058823529,0.5882352941176471,1.0,0.45,10,4933,7,0,1.0,0.001417004048582996,0.9985858585858586,6.508579000015743,16,100
0.001417004048582996,1.0,0.4117647058823529,0.5882352941176471,1.0,0.5,10,4933,7,0,1.0,0.001417004048582996,0.9985858585858586,6.508579000015743,16,100
0.0016194331983805667,1.0,0.4444444444444444,0.5555555555555556,1.0,0.55,10,4932,8,0,1.0,0.0016194331983805667,0.9983838383838384,6.508579000015743,16,100
0.0016194331983805667,1.0,0.4444444444444444,0.5555555555555556,1.0,0.6,10,4932,8,0,1.0,0.0016194331983805667,0.9983838383838384,6.508579000015743,16,100
0.00931174089068826,1.0,0.8214285714285714,0.17857142857142858,1.0,0.65,10,4894,46,0,1.0,0.00931174089068826,0.9907070707070708,6.508579000015743,16,100
0.011133603238866396,1.0,0.8461538461538461,0.15384615384615385,1.0,0.7,10,4885,55,0,1.0,0.011133603238866396,0.9888888888888889,6.508579000015743,16,100
0.013157894736842105,1.0,0.8666666666666667,0.13333333333333333,1.0,0.75,10,4875,65,0,1.0,0.013157894736842105,0.9868686868686869,6.508579000015743,16,100
0.013765182186234818,1.0,0.8717948717948718,0.1282051282051282,1.0,0.8,10,4872,68,0,1.0,0.013765182186234818,0.9862626262626263,6.508579000015743,16,100
0.019433198380566803,1.0,0.9056603773584906,0.09433962264150944,1.0,0.85,10,4844,96,0,1.0,0.019433198380566803,0.9806060606060606,6.508579000015743,16,100
0.022672064777327937,1.0,0.9180327868852459,0.08196721311475409,1.0,0.9,10,4828,112,0,1.0,0.022672064777327937,0.9773737373737373,6.508579000015743,16,100
0.02348178137651822,1.0,0.9206349206349206,0.07936507936507936,1.0,0.95,10,4824,116,0,1.0,0.02348178137651822,0.9765656565656565,6.508579000015743,16,100
0.9983805668016195,1.0,0.9979765277215702,0.0020234722784297854,1.0,1.0,10,8,4932,0,1.0,0.9983805668016195,0.0036363636363636364,6.508579000015743,16,100
0.0,1.0,0.0,1.0,1.0,0.05,10,4940,0,0,1.0,0.0,1.0,6.5718892000149935,17,100
0.00020242914979757084,1.0,0.09090909090909091,0.9090909090909091,1.0,0.1,10,4939,1,0,1.0,0.00020242914979757084,0.9997979797979798,6.5718892000149935,17,100
0.00020242914979757084,1.0,0.09090909090909091,0.9090909090909091,1.0,0.15,10,4939,1,0,1.0,0.00020242914979757084,0.9997979797979798,6.5718892000149935,17,100
0.0010121457489878543,1.0,0.3333333333333333,0.6666666666666666,1.0,0.2,10,4935,5,0,1.0,0.0010121457489878543,0.998989898989899,6.5718892000149935,17,100
0.0010121457489878543,1.0,0.3333333333333333,0.6666666666666666,1.0,0.25,10,4935,5,0,1.0,0.0010121457489878543,0.998989898989899,6.5718892000149935,17,100
0.001417004048582996,1.0,0.4117647058823529,0.5882352941176471,1.0,0.3,10,4933,7,0,1.0,0.001417004048582996,0.9985858585858586,6.5718892000149935,17,100
0.0018218623481781376,1.0,0.47368421052631576,0.5263157894736842,1.0,0.35,10,4931,9,0,1.0,0.0018218623481781376,0.9981818181818182,6.5718892000149935,17,100
0.0018218623481781376,1.0,0.47368421052631576,0.5263157894736842,1.0,0.4,10,4931,9,0,1.0,0.0018218623481781376,0.9981818181818182,6.5718892000149935,17,100
0.0034412955465587046,1.0,0.6296296296296297,0.37037037037037035,1.0,0.45,10,4923,17,0,1.0,0.0034412955465587046,0.9965656565656565,6.5718892000149935,17,100
0.0036437246963562753,1.0,0.6428571428571429,0.35714285714285715,1.0,0.5,10,4922,18,0,1.0,0.0036437246963562753,0.9963636363636363,6.5718892000149935,17,100
0.004858299595141701,1.0,0.7058823529411765,0.29411764705882354,1.0,0.55,10,4916,24,0,1.0,0.004858299595141701,0.9951515151515151,6.5718892000149935,17,100
0.005668016194331984,1.0,0.7368421052631579,0.2631578947368421,1.0,0.6,10,4912,28,0,1.0,0.005668016194331984,0.9943434343434343,6.5718892000149935,17,100
0.00708502024291498,1.0,0.7777777777777778,0.2222222222222222,1.0,0.65,10,4905,35,0,1.0,0.00708502024291498,0.9929292929292929,6.5718892000149935,17,100
0.013157894736842105,1.0,0.8666666666666667,0.13333333333333333,1.0,0.7,10,4875,65,0,1.0,0.013157894736842105,0.9868686868686869,6.5718892000149935,17,100
0.013157894736842105,1.0,0.8666666666666667,0.13333333333333333,1.0,0.75,10,4875,65,0,1.0,0.013157894736842105,0.9868686868686869,6.5718892000149935,17,100
0.029352226720647773,1.0,0.9354838709677419,0.06451612903225806,1.0,0.8,10,4795,145,0,1.0,0.029352226720647773,0.9707070707070707,6.5718892000149935,17,100
0.03360323886639676,1.0,0.9431818181818182,0.056818181818181816,1.0,0.85,10,4774,166,0,1.0,0.03360323886639676,0.9664646464646465,6.5718892000149935,17,100
0.08562753036437247,1.0,0.976905311778291,0.023094688221709007,1.0,0.9,10,4517,423,0,1.0,0.08562753036437247,0.9145454545454546,6.5718892000149935,17,100
0.25870445344129556,1.0,0.9922360248447205,0.007763975155279503,1.0,0.95,10,3662,1278,0,1.0,0.25870445344129556,0.7418181818181818,6.5718892000149935,17,100
0.998582995951417,1.0,0.9979769370827433,0.0020230629172567267,1.0,1.0,10,7,4933,0,1.0,0.998582995951417,0.0034343434343434343,6.5718892000149935,17,100
0.0,1.0,0.0,1.0,1.0,0.05,10,4940,0,0,1.0,0.0,1.0,5.766412100056186,18,100
0.0006072874493927126,1.0,0.23076923076923078,0.7692307692307693,1.0,0.1,10,4937,3,0,1.0,0.0006072874493927126,0.9993939393939394,5.766412100056186,18,100
0.0006072874493927126,1.0,0.23076923076923078,0.7692307692307693,1.0,0.15,10,4937,3,0,1.0,0.0006072874493927126,0.9993939393939394,5.766412100056186,18,100
0.0006072874493927126,1.0,0.23076923076923078,0.7692307692307693,1.0,0.2,10,4937,3,0,1.0,0.0006072874493927126,0.9993939393939394,5.766412100056186,18,100
0.0006072874493927126,1.0,0.23076923076923078,0.7692307692307693,1.0,0.25,10,4937,3,0,1.0,0.0006072874493927126,0.9993939393939394,5.766412100056186,18,100
0.0006072874493927126,1.0,0.23076923076923078,0.7692307692307693,1.0,0.3,10,4937,3,0,1.0,0.0006072874493927126,0.9993939393939394,5.766412100056186,18,100
0.0006072874493927126,1.0,0.23076923076923078,0.7692307692307693,1.0,0.35,10,4937,3,0,1.0,0.0006072874493927126,0.9993939393939394,5.766412100056186,18,100
0.0010121457489878543,1.0,0.3333333333333333,0.6666666666666666,1.0,0.4,10,4935,5,0,1.0,0.0010121457489878543,0.998989898989899,5.766412100056186,18,100
0.0012145748987854252,1.0,0.375,0.625,1.0,0.45,10,4934,6,0,1.0,0.0012145748987854252,0.9987878787878788,5.766412100056186,18,100
0.001417004048582996,1.0,0.4117647058823529,0.5882352941176471,1.0,0.5,10,4933,7,0,1.0,0.001417004048582996,0.9985858585858586,5.766412100056186,18,100
0.0016194331983805667,1.0,0.4444444444444444,0.5555555555555556,1.0,0.55,10,4932,8,0,1.0,0.0016194331983805667,0.9983838383838384,5.766412100056186,18,100
0.002226720647773279,1.0,0.5238095238095238,0.47619047619047616,1.0,0.6,10,4929,11,0,1.0,0.002226720647773279,0.9977777777777778,5.766412100056186,18,100
0.0024291497975708503,1.0,0.5454545454545454,0.45454545454545453,1.0,0.65,10,4928,12,0,1.0,0.0024291497975708503,0.9975757575757576,5.766412100056186,18,100
0.004251012145748988,1.0,0.6774193548387096,0.3225806451612903,1.0,0.7,10,4919,21,0,1.0,0.004251012145748988,0.9957575757575757,5.766412100056186,18,100
0.005263157894736842,1.0,0.7222222222222222,0.2777777777777778,1.0,0.75,10,4914,26,0,1.0,0.005263157894736842,0.9947474747474747,5.766412100056186,18,100
0.005668016194331984,1.0,0.7368421052631579,0.2631578947368421,1.0,0.8,10,4912,28,0,1.0,0.005668016194331984,0.9943434343434343,5.766412100056186,18,100
0.005870445344129555,1.0,0.7435897435897436,0.2564102564102564,1.0,0.85,10,4911,29,0,1.0,0.005870445344129555,0.9941414141414141,5.766412100056186,18,100
0.005870445344129555,1.0,0.7435897435897436,0.2564102564102564,1.0,0.9,10,4911,29,0,1.0,0.005870445344129555,0.9941414141414141,5.766412100056186,18,100
0.448582995951417,1.0,0.995507637017071,0.004492362982929021,1.0,0.95,10,2724,2216,0,1.0,0.448582995951417,0.5523232323232323,5.766412100056186,18,100
0.9991902834008097,1.0,0.9979781641730692,0.0020218358269308533,1.0,1.0,10,4,4936,0,1.0,0.9991902834008097,0.0028282828282828283,5.766412100056186,18,100
0.0,1.0,0.0,1.0,1.0,0.05,10,4940,0,0,1.0,0.0,1.0,6.507182899978943,19,100
0.0,1.0,0.0,1.0,1.0,0.1,10,4940,0,0,1.0,0.0,1.0,6.507182899978943,19,100
0.00020242914979757084,1.0,0.09090909090909091,0.9090909090909091,1.0,0.15,10,4939,1,0,1.0,0.00020242914979757084,0.9997979797979798,6.507182899978943,19,100
0.0004048582995951417,1.0,0.16666666666666666,0.8333333333333334,1.0,0.2,10,4938,2,0,1.0,0.0004048582995951417,0.9995959595959596,6.507182899978943,19,100
0.0006072874493927126,1.0,0.23076923076923078,0.7692307692307693,1.0,0.25,10,4937,3,0,1.0,0.0006072874493927126,0.9993939393939394,6.507182899978943,19,100
0.0006072874493927126,1.0,0.23076923076923078,0.7692307692307693,1.0,0.3,10,4937,3,0,1.0,0.0006072874493927126,0.9993939393939394,6.507182899978943,19,100
0.0010121457489878543,1.0,0.3333333333333333,0.6666666666666666,1.0,0.35,10,4935,5,0,1.0,0.0010121457489878543,0.998989898989899,6.507182899978943,19,100
0.0012145748987854252,1.0,0.375,0.625,1.0,0.4,10,4934,6,0,1.0,0.0012145748987854252,0.9987878787878788,6.507182899978943,19,100
0.0018218623481781376,1.0,0.47368421052631576,0.5263157894736842,1.0,0.45,10,4931,9,0,1.0,0.0018218623481781376,0.9981818181818182,6.507182899978943,19,100
0.002226720647773279,1.0,0.5238095238095238,0.47619047619047616,1.0,0.5,10,4929,11,0,1.0,0.002226720647773279,0.9977777777777778,6.507182899978943,19,100
0.002834008097165992,1.0,0.5833333333333334,0.4166666666666667,1.0,0.55,10,4926,14,0,1.0,0.002834008097165992,0.9971717171717172,6.507182899978943,19,100
0.005060728744939271,1.0,0.7142857142857143,0.2857142857142857,1.0,0.6,10,4915,25,0,1.0,0.005060728744939271,0.9949494949494949,6.507182899978943,19,100
0.006275303643724696,1.0,0.7560975609756098,0.24390243902439024,1.0,0.65,10,4909,31,0,1.0,0.006275303643724696,0.9937373737373737,6.507182899978943,19,100
0.006477732793522267,1.0,0.7619047619047619,0.23809523809523808,1.0,0.7,10,4908,32,0,1.0,0.006477732793522267,0.9935353535353535,6.507182899978943,19,100
0.007489878542510121,1.0,0.7872340425531915,0.2127659574468085,1.0,0.75,10,4903,37,0,1.0,0.007489878542510121,0.9925252525252525,6.507182899978943,19,100
0.008299595141700405,1.0,0.803921568627451,0.19607843137254902,1.0,0.8,10,4899,41,0,1.0,0.008299595141700405,0.9917171717171717,6.507182899978943,19,100
0.008704453441295546,1.0,0.8113207547169812,0.18867924528301888,1.0,0.85,10,4897,43,0,1.0,0.008704453441295546,0.9913131313131314,6.507182899978943,19,100
0.01174089068825911,1.0,0.8529411764705882,0.14705882352941177,1.0,0.9,10,4882,58,0,1.0,0.01174089068825911,0.9882828282828283,6.507182899978943,19,100
0.036639676113360324,1.0,0.9476439790575916,0.05235602094240838,1.0,0.95,10,4759,181,0,1.0,0.036639676113360324,0.9634343434343434,6.507182899978943,19,100
0.9967611336032388,1.0,0.9979732468585326,0.002026753141467369,1.0,1.0,10,16,4924,0,1.0,0.9967611336032388,0.0052525252525252525,6.507182899978943,19,100
0.0004048582995951417,1.0,0.16666666666666666,0.8333333333333334,1.0,0.05,10,4938,2,0,1.0,0.0004048582995951417,0.9995959595959596,7.07609909994062,20,100
0.0004048582995951417,1.0,0.16666666666666666,0.8333333333333334,1.0,0.1,10,4938,2,0,1.0,0.0004048582995951417,0.9995959595959596,7.07609909994062,20,100
0.0004048582995951417,1.0,0.16666666666666666,0.8333333333333334,1.0,0.15,10,4938,2,0,1.0,0.0004048582995951417,0.9995959595959596,7.07609909994062,20,100
0.0008097165991902834,1.0,0.2857142857142857,0.7142857142857143,1.0,0.2,10,4936,4,0,1.0,0.0008097165991902834,0.9991919191919192,7.07609909994062,20,100
0.0010121457489878543,1.0,0.3333333333333333,0.6666666666666666,1.0,0.25,10,4935,5,0,1.0,0.0010121457489878543,0.998989898989899,7.07609909994062,20,100
0.0012145748987854252,1.0,0.375,0.625,1.0,0.3,10,4934,6,0,1.0,0.0012145748987854252,0.9987878787878788,7.07609909994062,20,100
0.001417004048582996,1.0,0.4117647058823529,0.5882352941176471,1.0,0.35,10,4933,7,0,1.0,0.001417004048582996,0.9985858585858586,7.07609909994062,20,100
0.0016194331983805667,1.0,0.4444444444444444,0.5555555555555556,1.0,0.4,10,4932,8,0,1.0,0.0016194331983805667,0.9983838383838384,7.07609909994062,20,100
0.002226720647773279,1.0,0.5238095238095238,0.47619047619047616,1.0,0.45,10,4929,11,0,1.0,0.002226720647773279,0.9977777777777778,7.07609909994062,20,100
0.002226720647773279,1.0,0.5238095238095238,0.47619047619047616,1.0,0.5,10,4929,11,0,1.0,0.002226720647773279,0.9977777777777778,7.07609909994062,20,100
0.002226720647773279,1.0,0.5238095238095238,0.47619047619047616,1.0,0.55,10,4929,11,0,1.0,0.002226720647773279,0.9977777777777778,7.07609909994062,20,100
0.003036437246963563,1.0,0.6,0.4,1.0,0.6,10,4925,15,0,1.0,0.003036437246963563,0.996969696969697,7.07609909994062,20,100
0.003036437246963563,1.0,0.6,0.4,1.0,0.65,10,4925,15,0,1.0,0.003036437246963563,0.996969696969697,7.07609909994062,20,100
0.0036437246963562753,1.0,0.6428571428571429,0.35714285714285715,1.0,0.7,10,4922,18,0,1.0,0.0036437246963562753,0.9963636363636363,7.07609909994062,20,100
0.009919028340080972,1.0,0.8305084745762712,0.1694915254237288,1.0,0.75,10,4891,49,0,1.0,0.009919028340080972,0.9901010101010101,7.07609909994062,20,100
0.013562753036437248,1.0,0.8701298701298701,0.12987012987012986,1.0,0.8,10,4873,67,0,1.0,0.013562753036437248,0.9864646464646465,7.07609909994062,20,100
0.013765182186234818,1.0,0.8717948717948718,0.1282051282051282,1.0,0.85,10,4872,68,0,1.0,0.013765182186234818,0.9862626262626263,7.07609909994062,20,100
0.020040485829959515,1.0,0.908256880733945,0.09174311926605505,1.0,0.9,10,4841,99,0,1.0,0.020040485829959515,0.98,7.07609909994062,20,100
0.020647773279352227,1.0,0.9107142857142857,0.08928571428571429,1.0,0.95,10,4838,102,0,1.0,0.020647773279352227,0.9793939393939394,7.07609909994062,20,100
0.9983805668016195,1.0,0.9979765277215702,0.0020234722784297854,1.0,1.0,10,8,4932,0,1.0,0.9983805668016195,0.0036363636363636364,7.07609909994062,20,100
0.0,1.0,0.0,1.0,1.0,0.05,10,4940,0,0,1.0,0.0,1.0,6.63973019993864,21,100
0.0,1.0,0.0,1.0,1.0,0.1,10,4940,0,0,1.0,0.0,1.0,6.63973019993864,21,100
0.0,1.0,0.0,1.0,1.0,0.15,10,4940,0,0,1.0,0.0,1.0,6.63973019993864,21,100
0.00020242914979757084,1.0,0.09090909090909091,0.9090909090909091,1.0,0.2,10,4939,1,0,1.0,0.00020242914979757084,0.9997979797979798,6.63973019993864,21,100
0.00020242914979757084,1.0,0.09090909090909091,0.9090909090909091,1.0,0.25,10,4939,1,0,1.0,0.00020242914979757084,0.9997979797979798,6.63973019993864,21,100
0.0004048582995951417,1.0,0.16666666666666666,0.8333333333333334,1.0,0.3,10,4938,2,0,1.0,0.0004048582995951417,0.9995959595959596,6.63973019993864,21,100
0.0004048582995951417,1.0,0.16666666666666666,0.8333333333333334,1.0,0.35,10,4938,2,0,1.0,0.0004048582995951417,0.9995959595959596,6.63973019993864,21,100
0.0006072874493927126,1.0,0.23076923076923078,0.7692307692307693,1.0,0.4,10,4937,3,0,1.0,0.0006072874493927126,0.9993939393939394,6.63973019993864,21,100
0.0006072874493927126,1.0,0.23076923076923078,0.7692307692307693,1.0,0.45,10,4937,3,0,1.0,0.0006072874493927126,0.9993939393939394,6.63973019993864,21,100
0.0008097165991902834,1.0,0.2857142857142857,0.7142857142857143,1.0,0.5,10,4936,4,0,1.0,0.0008097165991902834,0.9991919191919192,6.63973019993864,21,100
0.0010121457489878543,1.0,0.3333333333333333,0.6666666666666666,1.0,0.55,10,4935,5,0,1.0,0.0010121457489878543,0.998989898989899,6.63973019993864,21,100
0.0020242914979757085,1.0,0.5,0.5,1.0,0.6,10,4930,10,0,1.0,0.0020242914979757085,0.997979797979798,6.63973019993864,21,100
0.004858299595141701,1.0,0.7058823529411765,0.29411764705882354,1.0,0.65,10,4916,24,0,1.0,0.004858299595141701,0.9951515151515151,6.63973019993864,21,100
0.005060728744939271,1.0,0.7142857142857143,0.2857142857142857,1.0,0.7,10,4915,25,0,1.0,0.005060728744939271,0.9949494949494949,6.63973019993864,21,100
0.006072874493927126,1.0,0.75,0.25,1.0,0.75,10,4910,30,0,1.0,0.006072874493927126,0.9939393939393939,6.63973019993864,21,100
0.006882591093117409,1.0,0.7727272727272727,0.22727272727272727,1.0,0.8,10,4906,34,0,1.0,0.006882591093117409,0.9931313131313131,6.63973019993864,21,100
0.009919028340080972,1.0,0.8305084745762712,0.1694915254237288,1.0,0.85,10,4891,49,0,1.0,0.009919028340080972,0.9901010101010101,6.63973019993864,21,100
0.016194331983805668,1.0,0.8888888888888888,0.1111111111111111,1.0,0.9,10,4860,80,0,1.0,0.016194331983805668,0.9838383838383838,6.63973019993864,21,100
0.02854251012145749,1.0,0.9337748344370861,0.06622516556291391,1.0,0.95,10,4799,141,0,1.0,0.02854251012145749,0.9715151515151516,6.63973019993864,21,100
0.9989878542510121,1.0,0.9979777553083923,0.0020222446916076846,1.0,1.0,10,5,4935,0,1.0,0.9989878542510121,0.0030303030303030303,6.63973019993864,21,100
0.00020242914979757084,1.0,0.09090909090909091,0.9090909090909091,1.0,0.05,10,4939,1,0,1.0,0.00020242914979757084,0.9997979797979798,6.6042797999689355,22,100
0.00020242914979757084,1.0,0.09090909090909091,0.9090909090909091,1.0,0.1,10,4939,1,0,1.0,0.00020242914979757084,0.9997979797979798,6.6042797999689355,22,100
0.00020242914979757084,1.0,0.09090909090909091,0.9090909090909091,1.0,0.15,10,4939,1,0,1.0,0.00020242914979757084,0.9997979797979798,6.6042797999689355,22,100
0.0004048582995951417,1.0,0.16666666666666666,0.8333333333333334,1.0,0.2,10,4938,2,0,1.0,0.0004048582995951417,0.9995959595959596,6.6042797999689355,22,100
0.0004048582995951417,1.0,0.16666666666666666,0.8333333333333334,1.0,0.25,10,4938,2,0,1.0,0.0004048582995951417,0.9995959595959596,6.6042797999689355,22,100
0.0008097165991902834,1.0,0.2857142857142857,0.7142857142857143,1.0,0.3,10,4936,4,0,1.0,0.0008097165991902834,0.9991919191919192,6.6042797999689355,22,100
0.0008097165991902834,1.0,0.2857142857142857,0.7142857142857143,1.0,0.35,10,4936,4,0,1.0,0.0008097165991902834,0.9991919191919192,6.6042797999689355,22,100
0.0010121457489878543,1.0,0.3333333333333333,0.6666666666666666,1.0,0.4,10,4935,5,0,1.0,0.0010121457489878543,0.998989898989899,6.6042797999689355,22,100
0.0012145748987854252,1.0,0.375,0.625,1.0,0.45,10,4934,6,0,1.0,0.0012145748987854252,0.9987878787878788,6.6042797999689355,22,100
0.0012145748987854252,1.0,0.375,0.625,1.0,0.5,10,4934,6,0,1.0,0.0012145748987854252,0.9987878787878788,6.6042797999689355,22,100
0.0018218623481781376,1.0,0.47368421052631576,0.5263157894736842,1.0,0.55,10,4931,9,0,1.0,0.0018218623481781376,0.9981818181818182,6.6042797999689355,22,100
0.002226720647773279,1.0,0.5238095238095238,0.47619047619047616,1.0,0.6,10,4929,11,0,1.0,0.002226720647773279,0.9977777777777778,6.6042797999689355,22,100
0.003036437246963563,1.0,0.6,0.4,1.0,0.65,10,4925,15,0,1.0,0.003036437246963563,0.996969696969697,6.6042797999689355,22,100
0.0034412955465587046,1.0,0.6296296296296297,0.37037037037037035,1.0,0.7,10,4923,17,0,1.0,0.0034412955465587046,0.9965656565656565,6.6042797999689355,22,100
0.010323886639676113,1.0,0.8360655737704918,0.16393442622950818,1.0,0.75,10,4889,51,0,1.0,0.010323886639676113,0.9896969696969697,6.6042797999689355,22,100
0.011336032388663968,1.0,0.8484848484848485,0.15151515151515152,1.0,0.8,10,4884,56,0,1.0,0.011336032388663968,0.9886868686868687,6.6042797999689355,22,100
0.02874493927125506,1.0,0.9342105263157895,0.06578947368421052,1.0,0.85,10,4798,142,0,1.0,0.02874493927125506,0.9713131313131314,6.6042797999689355,22,100
0.08663967611336032,1.0,0.9771689497716894,0.0228310502283105,1.0,0.9,10,4512,428,0,1.0,0.08663967611336032,0.9135353535353535,6.6042797999689355,22,100
0.16417004048582995,1.0,0.9878197320341048,0.012180267965895249,1.0,0.95,10,4129,811,0,1.0,0.16417004048582995,0.8361616161616162,6.6042797999689355,22,100
0.9983805668016195,1.0,0.9979765277215702,0.0020234722784297854,1.0,1.0,10,8,4932,0,1.0,0.9983805668016195,0.0036363636363636364,6.6042797999689355,22,100
0.0,1.0,0.0,1.0,1.0,0.05,10,4940,0,0,1.0,0.0,1.0,6.835582499974407,23,100
0.0004048582995951417,1.0,0.16666666666666666,0.8333333333333334,1.0,0.1,10,4938,2,0,1.0,0.0004048582995951417,0.9995959595959596,6.835582499974407,23,100
0.0004048582995951417,1.0,0.16666666666666666,0.8333333333333334,1.0,0.15,10,4938,2,0,1.0,0.0004048582995951417,0.9995959595959596,6.835582499974407,23,100
0.0008097165991902834,1.0,0.2857142857142857,0.7142857142857143,1.0,0.2,10,4936,4,0,1.0,0.0008097165991902834,0.9991919191919192,6.835582499974407,23,100
0.003036437246963563,1.0,0.6,0.4,1.0,0.25,10,4925,15,0,1.0,0.003036437246963563,0.996969696969697,6.835582499974407,23,100
0.0034412955465587046,1.0,0.6296296296296297,0.37037037037037035,1.0,0.3,10,4923,17,0,1.0,0.0034412955465587046,0.9965656565656565,6.835582499974407,23,100
0.004048582995951417,1.0,0.6666666666666666,0.3333333333333333,1.0,0.35,10,4920,20,0,1.0,0.004048582995951417,0.9959595959595959,6.835582499974407,23,100
0.005870445344129555,1.0,0.7435897435897436,0.2564102564102564,1.0,0.4,10,4911,29,0,1.0,0.005870445344129555,0.9941414141414141,6.835582499974407,23,100
0.006275303643724696,1.0,0.7560975609756098,0.24390243902439024,1.0,0.45,10,4909,31,0,1.0,0.006275303643724696,0.9937373737373737,6.835582499974407,23,100
0.006882591093117409,1.0,0.7727272727272727,0.22727272727272727,1.0,0.5,10,4906,34,0,1.0,0.006882591093117409,0.9931313131313131,6.835582499974407,23,100
0.007894736842105263,1.0,0.7959183673469388,0.20408163265306123,1.0,0.55,10,4901,39,0,1.0,0.007894736842105263,0.9921212121212121,6.835582499974407,23,100
0.00951417004048583,1.0,0.8245614035087719,0.17543859649122806,1.0,0.6,10,4893,47,0,1.0,0.00951417004048583,0.9905050505050506,6.835582499974407,23,100
0.01194331983805668,1.0,0.855072463768116,0.14492753623188406,1.0,0.65,10,4881,59,0,1.0,0.01194331983805668,0.9880808080808081,6.835582499974407,23,100
0.015587044534412956,1.0,0.8850574712643678,0.11494252873563218,1.0,0.7,10,4863,77,0,1.0,0.015587044534412956,0.9844444444444445,6.835582499974407,23,100
0.020850202429149797,1.0,0.911504424778761,0.08849557522123894,1.0,0.75,10,4837,103,0,1.0,0.020850202429149797,0.9791919191919192,6.835582499974407,23,100
0.025303643724696356,1.0,0.9259259259259259,0.07407407407407407,1.0,0.8,10,4815,125,0,1.0,0.025303643724696356,0.9747474747474747,6.835582499974407,23,100
0.039473684210526314,1.0,0.9512195121951219,0.04878048780487805,1.0,0.85,10,4745,195,0,1.0,0.039473684210526314,0.9606060606060606,6.835582499974407,23,100
0.09797570850202429,1.0,0.979757085020243,0.020242914979757085,1.0,0.9,10,4456,484,0,1.0,0.09797570850202429,0.9022222222222223,6.835582499974407,23,100
0.1785425101214575,1.0,0.9887892376681614,0.011210762331838564,1.0,0.95,10,4058,882,0,1.0,0.1785425101214575,0.8218181818181818,6.835582499974407,23,100
0.998582995951417,1.0,0.9979769370827433,0.0020230629172567267,1.0,1.0,10,7,4933,0,1.0,0.998582995951417,0.0034343434343434343,6.835582499974407,23,100
0.0,1.0,0.0,1.0,1.0,0.05,10,4940,0,0,1.0,0.0,1.0,6.596797699923627,24,100
0.0004048582995951417,1.0,0.16666666666666666,0.8333333333333334,1.0,0.1,10,4938,2,0,1.0,0.0004048582995951417,0.9995959595959596,6.596797699923627,24,100
0.0004048582995951417,1.0,0.16666666666666666,0.8333333333333334,1.0,0.15,10,4938,2,0,1.0,0.0004048582995951417,0.9995959595959596,6.596797699923627,24,100
0.0004048582995951417,1.0,0.16666666666666666,0.8333333333333334,1.0,0.2,10,4938,2,0,1.0,0.0004048582995951417,0.9995959595959596,6.596797699923627,24,100
0.0004048582995951417,1.0,0.16666666666666666,0.8333333333333334,1.0,0.25,10,4938,2,0,1.0,0.0004048582995951417,0.9995959595959596,6.596797699923627,24,100
0.0004048582995951417,1.0,0.16666666666666666,0.8333333333333334,1.0,0.3,10,4938,2,0,1.0,0.0004048582995951417,0.9995959595959596,6.596797699923627,24,100
0.0010121457489878543,1.0,0.3333333333333333,0.6666666666666666,1.0,0.35,10,4935,5,0,1.0,0.0010121457489878543,0.998989898989899,6.596797699923627,24,100
0.0010121457489878543,1.0,0.3333333333333333,0.6666666666666666,1.0,0.4,10,4935,5,0,1.0,0.0010121457489878543,0.998989898989899,6.596797699923627,24,100
0.001417004048582996,1.0,0.4117647058823529,0.5882352941176471,1.0,0.45,10,4933,7,0,1.0,0.001417004048582996,0.9985858585858586,6.596797699923627,24,100
0.001417004048582996,1.0,0.4117647058823529,0.5882352941176471,1.0,0.5,10,4933,7,0,1.0,0.001417004048582996,0.9985858585858586,6.596797699923627,24,100
0.002631578947368421,1.0,0.5652173913043478,0.43478260869565216,1.0,0.55,10,4927,13,0,1.0,0.002631578947368421,0.9973737373737374,6.596797699923627,24,100
0.002631578947368421,1.0,0.5652173913043478,0.43478260869565216,1.0,0.6,10,4927,13,0,1.0,0.002631578947368421,0.9973737373737374,6.596797699923627,24,100
0.002631578947368421,1.0,0.5652173913043478,0.43478260869565216,1.0,0.65,10,4927,13,0,1.0,0.002631578947368421,0.9973737373737374,6.596797699923627,24,100
0.003036437246963563,1.0,0.6,0.4,1.0,0.7,10,4925,15,0,1.0,0.003036437246963563,0.996969696969697,6.596797699923627,24,100
0.003036437246963563,1.0,0.6,0.4,1.0,0.75,10,4925,15,0,1.0,0.003036437246963563,0.996969696969697,6.596797699923627,24,100
0.003036437246963563,1.0,0.6,0.4,1.0,0.8,10,4925,15,0,1.0,0.003036437246963563,0.996969696969697,6.596797699923627,24,100
0.015991902834008098,1.0,0.8876404494382022,0.11235955056179775,1.0,0.85,10,4861,79,0,1.0,0.015991902834008098,0.984040404040404,6.596797699923627,24,100
0.02125506072874494,1.0,0.9130434782608695,0.08695652173913043,1.0,0.9,10,4835,105,0,1.0,0.02125506072874494,0.9787878787878788,6.596797699923627,24,100
0.0645748987854251,1.0,0.9696048632218845,0.030395136778115502,1.0,0.95,10,4621,319,0,1.0,0.0645748987854251,0.9355555555555556,6.596797699923627,24,100
0.9163967611336032,1.0,0.9977959003746969,0.002204099625303064,1.0,1.0,10,413,4527,0,1.0,0.9163967611336032,0.08545454545454545,6.596797699923627,24,100
0.00020242914979757084,1.0,0.09090909090909091,0.9090909090909091,1.0,0.05,10,4939,1,0,1.0,0.00020242914979757084,0.9997979797979798,6.599271899904124,25,100
0.00020242914979757084,1.0,0.09090909090909091,0.9090909090909091,1.0,0.1,10,4939,1,0,1.0,0.00020242914979757084,0.9997979797979798,6.599271899904124,25,100
0.00020242914979757084,1.0,0.09090909090909091,0.9090909090909091,1.0,0.15,10,4939,1,0,1.0,0.00020242914979757084,0.9997979797979798,6.599271899904124,25,100
0.00020242914979757084,1.0,0.09090909090909091,0.9090909090909091,1.0,0.2,10,4939,1,0,1.0,0.00020242914979757084,0.9997979797979798,6.599271899904124,25,100
0.00020242914979757084,1.0,0.09090909090909091,0.9090909090909091,1.0,0.25,10,4939,1,0,1.0,0.00020242914979757084,0.9997979797979798,6.599271899904124,25,100
0.00020242914979757084,1.0,0.09090909090909091,0.9090909090909091,1.0,0.3,10,4939,1,0,1.0,0.00020242914979757084,0.9997979797979798,6.599271899904124,25,100
0.0004048582995951417,1.0,0.16666666666666666,0.8333333333333334,1.0,0.35,10,4938,2,0,1.0,0.0004048582995951417,0.9995959595959596,6.599271899904124,25,100
0.0008097165991902834,1.0,0.2857142857142857,0.7142857142857143,1.0,0.4,10,4936,4,0,1.0,0.0008097165991902834,0.9991919191919192,6.599271899904124,25,100
0.0008097165991902834,1.0,0.2857142857142857,0.7142857142857143,1.0,0.45,10,4936,4,0,1.0,0.0008097165991902834,0.9991919191919192,6.599271899904124,25,100
0.0012145748987854252,1.0,0.375,0.625,1.0,0.5,10,4934,6,0,1.0,0.0012145748987854252,0.9987878787878788,6.599271899904124,25,100
0.001417004048582996,1.0,0.4117647058823529,0.5882352941176471,1.0,0.55,10,4933,7,0,1.0,0.001417004048582996,0.9985858585858586,6.599271899904124,25,100
0.0016194331983805667,1.0,0.4444444444444444,0.5555555555555556,1.0,0.6,10,4932,8,0,1.0,0.0016194331983805667,0.9983838383838384,6.599271899904124,25,100
0.0020242914979757085,1.0,0.5,0.5,1.0,0.65,10,4930,10,0,1.0,0.0020242914979757085,0.997979797979798,6.599271899904124,25,100
0.004858299595141701,1.0,0.7058823529411765,0.29411764705882354,1.0,0.7,10,4916,24,0,1.0,0.004858299595141701,0.9951515151515151,6.599271899904124,25,100
0.008097165991902834,1.0,0.8,0.2,1.0,0.75,10,4900,40,0,1.0,0.008097165991902834,0.9919191919191919,6.599271899904124,25,100
0.010526315789473684,1.0,0.8387096774193549,0.16129032258064516,1.0,0.8,10,4888,52,0,1.0,0.010526315789473684,0.9894949494949495,6.599271899904124,25,100
0.012550607287449392,1.0,0.8611111111111112,0.1388888888888889,1.0,0.85,10,4878,62,0,1.0,0.012550607287449392,0.9874747474747475,6.599271899904124,25,100
0.015384615384615385,1.0,0.8837209302325582,0.11627906976744186,1.0,0.9,10,4864,76,0,1.0,0.015384615384615385,0.9846464646464647,6.599271899904124,25,100
0.03724696356275304,1.0,0.9484536082474226,0.05154639175257732,1.0,0.95,10,4756,184,0,1.0,0.03724696356275304,0.9628282828282828,6.599271899904124,25,100
0.9953441295546559,1.0,0.9979703673635072,0.0020296326364927946,1.0,1.0,10,23,4917,0,1.0,0.9953441295546559,0.006666666666666667,6.599271899904124,25,100
0.0004048582995951417,1.0,0.16666666666666666,0.8333333333333334,1.0,0.05,10,4938,2,0,1.0,0.0004048582995951417,0.9995959595959596,6.748598500038497,26,100
0.0004048582995951417,1.0,0.16666666666666666,0.8333333333333334,1.0,0.1,10,4938,2,0,1.0,0.0004048582995951417,0.9995959595959596,6.748598500038497,26,100
0.0004048582995951417,1.0,0.16666666666666666,0.8333333333333334,1.0,0.15,10,4938,2,0,1.0,0.0004048582995951417,0.9995959595959596,6.748598500038497,26,100
0.0004048582995951417,1.0,0.16666666666666666,0.8333333333333334,1.0,0.2,10,4938,2,0,1.0,0.0004048582995951417,0.9995959595959596,6.748598500038497,26,100
0.0010121457489878543,1.0,0.3333333333333333,0.6666666666666666,1.0,0.25,10,4935,5,0,1.0,0.0010121457489878543,0.998989898989899,6.748598500038497,26,100
0.0010121457489878543,1.0,0.3333333333333333,0.6666666666666666,1.0,0.3,10,4935,5,0,1.0,0.0010121457489878543,0.998989898989899,6.748598500038497,26,100
0.0010121457489878543,1.0,0.3333333333333333,0.6666666666666666,1.0,0.35,10,4935,5,0,1.0,0.0010121457489878543,0.998989898989899,6.748598500038497,26,100
0.001417004048582996,1.0,0.4117647058823529,0.5882352941176471,1.0,0.4,10,4933,7,0,1.0,0.001417004048582996,0.9985858585858586,6.748598500038497,26,100
0.0038461538461538464,1.0,0.6551724137931034,0.3448275862068966,1.0,0.45,10,4921,19,0,1.0,0.0038461538461538464,0.9961616161616161,6.748598500038497,26,100
0.004048582995951417,1.0,0.6666666666666666,0.3333333333333333,1.0,0.5,10,4920,20,0,1.0,0.004048582995951417,0.9959595959595959,6.748598500038497,26,100
0.005060728744939271,1.0,0.7142857142857143,0.2857142857142857,1.0,0.55,10,4915,25,0,1.0,0.005060728744939271,0.9949494949494949,6.748598500038497,26,100
0.005060728744939271,1.0,0.7142857142857143,0.2857142857142857,1.0,0.6,10,4915,25,0,1.0,0.005060728744939271,0.9949494949494949,6.748598500038497,26,100
0.005060728744939271,1.0,0.7142857142857143,0.2857142857142857,1.0,0.65,10,4915,25,0,1.0,0.005060728744939271,0.9949494949494949,6.748598500038497,26,100
0.005060728744939271,1.0,0.7142857142857143,0.2857142857142857,1.0,0.7,10,4915,25,0,1.0,0.005060728744939271,0.9949494949494949,6.748598500038497,26,100
0.009919028340080972,1.0,0.8305084745762712,0.1694915254237288,1.0,0.75,10,4891,49,0,1.0,0.009919028340080972,0.9901010101010101,6.748598500038497,26,100
0.011336032388663968,1.0,0.8484848484848485,0.15151515151515152,1.0,0.8,10,4884,56,0,1.0,0.011336032388663968,0.9886868686868687,6.748598500038497,26,100
0.012753036437246963,1.0,0.863013698630137,0.136986301369863,1.0,0.85,10,4877,63,0,1.0,0.012753036437246963,0.9872727272727273,6.748598500038497,26,100
0.012955465587044534,1.0,0.8648648648648649,0.13513513513513514,1.0,0.9,10,4876,64,0,1.0,0.012955465587044534,0.9870707070707071,6.748598500038497,26,100
0.05060728744939271,1.0,0.9615384615384616,0.038461538461538464,1.0,0.95,10,4690,250,0,1.0,0.05060728744939271,0.9494949494949495,6.748598500038497,26,100
0.9971659919028341,1.0,0.9979740680713128,0.002025931928687196,1.0,1.0,10,14,4926,0,1.0,0.9971659919028341,0.0048484848484848485,6.748598500038497,26,100
0.0,1.0,0.0,1.0,1.0,0.05,10,4940,0,0,1.0,0.0,1.0,5.892181199975312,27,100
0.0004048582995951417,1.0,0.16666666666666666,0.8333333333333334,1.0,0.1,10,4938,2,0,1.0,0.0004048582995951417,0.9995959595959596,5.892181199975312,27,100
0.0006072874493927126,1.0,0.23076923076923078,0.7692307692307693,1.0,0.15,10,4937,3,0,1.0,0.0006072874493927126,0.9993939393939394,5.892181199975312,27,100
0.0006072874493927126,1.0,0.23076923076923078,0.7692307692307693,1.0,0.2,10,4937,3,0,1.0,0.0006072874493927126,0.9993939393939394,5.892181199975312,27,100
0.0012145748987854252,1.0,0.375,0.625,1.0,0.25,10,4934,6,0,1.0,0.0012145748987854252,0.9987878787878788,5.892181199975312,27,100
0.0016194331983805667,1.0,0.4444444444444444,0.5555555555555556,1.0,0.3,10,4932,8,0,1.0,0.0016194331983805667,0.9983838383838384,5.892181199975312,27,100
0.0016194331983805667,1.0,0.4444444444444444,0.5555555555555556,1.0,0.35,10,4932,8,0,1.0,0.0016194331983805667,0.9983838383838384,5.892181199975312,27,100
0.002226720647773279,1.0,0.5238095238095238,0.47619047619047616,1.0,0.4,10,4929,11,0,1.0,0.002226720647773279,0.9977777777777778,5.892181199975312,27,100
0.0024291497975708503,1.0,0.5454545454545454,0.45454545454545453,1.0,0.45,10,4928,12,0,1.0,0.0024291497975708503,0.9975757575757576,5.892181199975312,27,100
0.002834008097165992,1.0,0.5833333333333334,0.4166666666666667,1.0,0.5,10,4926,14,0,1.0,0.002834008097165992,0.9971717171717172,5.892181199975312,27,100
0.0034412955465587046,1.0,0.6296296296296297,0.37037037037037035,1.0,0.55,10,4923,17,0,1.0,0.0034412955465587046,0.9965656565656565,5.892181199975312,27,100
0.004048582995951417,1.0,0.6666666666666666,0.3333333333333333,1.0,0.6,10,4920,20,0,1.0,0.004048582995951417,0.9959595959595959,5.892181199975312,27,100
0.004453441295546558,1.0,0.6875,0.3125,1.0,0.65,10,4918,22,0,1.0,0.004453441295546558,0.9955555555555555,5.892181199975312,27,100
0.010728744939271255,1.0,0.8412698412698413,0.15873015873015872,1.0,0.7,10,4887,53,0,1.0,0.010728744939271255,0.9892929292929293,5.892181199975312,27,100
0.012145748987854251,1.0,0.8571428571428571,0.14285714285714285,1.0,0.75,10,4880,60,0,1.0,0.012145748987854251,0.9878787878787879,5.892181199975312,27,100
0.012753036437246963,1.0,0.863013698630137,0.136986301369863,1.0,0.8,10,4877,63,0,1.0,0.012753036437246963,0.9872727272727273,5.892181199975312,27,100
0.026720647773279354,1.0,0.9295774647887324,0.07042253521126761,1.0,0.85,10,4808,132,0,1.0,0.026720647773279354,0.9733333333333334,5.892181199975312,27,100
0.03178137651821862,1.0,0.9401197604790419,0.059880239520958084,1.0,0.9,10,4783,157,0,1.0,0.03178137651821862,0.9682828282828283,5.892181199975312,27,100
0.3350202429149798,1.0,0.993993993993994,0.006006006006006006,1.0,0.95,10,3285,1655,0,1.0,0.3350202429149798,0.6656565656565656,5.892181199975312,27,100
0.998582995951417,1.0,0.9979769370827433,0.0020230629172567267,1.0,1.0,10,7,4933,0,1.0,0.998582995951417,0.0034343434343434343,5.892181199975312,27,100
0.0,1.0,0.0,1.0,1.0,0.05,10,4940,0,0,1.0,0.0,1.0,6.705164700048044,28,100
0.0,1.0,0.0,1.0,1.0,0.1,10,4940,0,0,1.0,0.0,1.0,6.705164700048044,28,100
0.0010121457489878543,1.0,0.3333333333333333,0.6666666666666666,1.0,0.15,10,4935,5,0,1.0,0.0010121457489878543,0.998989898989899,6.705164700048044,28,100
0.001417004048582996,1.0,0.4117647058823529,0.5882352941176471,1.0,0.2,10,4933,7,0,1.0,0.001417004048582996,0.9985858585858586,6.705164700048044,28,100
0.0016194331983805667,1.0,0.4444444444444444,0.5555555555555556,1.0,0.25,10,4932,8,0,1.0,0.0016194331983805667,0.9983838383838384,6.705164700048044,28,100
0.0016194331983805667,1.0,0.4444444444444444,0.5555555555555556,1.0,0.3,10,4932,8,0,1.0,0.0016194331983805667,0.9983838383838384,6.705164700048044,28,100
0.0016194331983805667,1.0,0.4444444444444444,0.5555555555555556,1.0,0.35,10,4932,8,0,1.0,0.0016194331983805667,0.9983838383838384,6.705164700048044,28,100
0.0016194331983805667,1.0,0.4444444444444444,0.5555555555555556,1.0,0.4,10,4932,8,0,1.0,0.0016194331983805667,0.9983838383838384,6.705164700048044,28,100
0.0024291497975708503,1.0,0.5454545454545454,0.45454545454545453,1.0,0.45,10,4928,12,0,1.0,0.0024291497975708503,0.9975757575757576,6.705164700048044,28,100
0.003036437246963563,1.0,0.6,0.4,1.0,0.5,10,4925,15,0,1.0,0.003036437246963563,0.996969696969697,6.705164700048044,28,100
0.003036437246963563,1.0,0.6,0.4,1.0,0.55,10,4925,15,0,1.0,0.003036437246963563,0.996969696969697,6.705164700048044,28,100
0.0032388663967611335,1.0,0.6153846153846154,0.38461538461538464,1.0,0.6,10,4924,16,0,1.0,0.0032388663967611335,0.9967676767676767,6.705164700048044,28,100
0.004251012145748988,1.0,0.6774193548387096,0.3225806451612903,1.0,0.65,10,4919,21,0,1.0,0.004251012145748988,0.9957575757575757,6.705164700048044,28,100
0.005668016194331984,1.0,0.7368421052631579,0.2631578947368421,1.0,0.7,10,4912,28,0,1.0,0.005668016194331984,0.9943434343434343,6.705164700048044,28,100
0.008502024291497975,1.0,0.8076923076923077,0.19230769230769232,1.0,0.75,10,4898,42,0,1.0,0.008502024291497975,0.9915151515151515,6.705164700048044,28,100
0.011538461538461539,1.0,0.8507462686567164,0.14925373134328357,1.0,0.8,10,4883,57,0,1.0,0.011538461538461539,0.9884848484848485,6.705164700048044,28,100
0.017611336032388663,1.0,0.8969072164948454,0.10309278350515463,1.0,0.85,10,4853,87,0,1.0,0.017611336032388663,0.9824242424242424,6.705164700048044,28,100
0.027530364372469637,1.0,0.9315068493150684,0.0684931506849315,1.0,0.9,10,4804,136,0,1.0,0.027530364372469637,0.9725252525252526,6.705164700048044,28,100
0.2208502024291498,1.0,0.9909173478655767,0.009082652134423252,1.0,0.95,10,3849,1091,0,1.0,0.2208502024291498,0.7795959595959596,6.705164700048044,28,100
0.9969635627530364,1.0,0.9979736575481256,0.002026342451874367,1.0,1.0,10,15,4925,0,1.0,0.9969635627530364,0.005050505050505051,6.705164700048044,28,100
0.00020242914979757084,1.0,0.09090909090909091,0.9090909090909091,1.0,0.05,10,4939,1,0,1.0,0.00020242914979757084,0.9997979797979798,6.697378700016998,29,100
0.0004048582995951417,1.0,0.16666666666666666,0.8333333333333334,1.0,0.1,10,4938,2,0,1.0,0.0004048582995951417,0.9995959595959596,6.697378700016998,29,100
0.0006072874493927126,1.0,0.23076923076923078,0.7692307692307693,1.0,0.15,10,4937,3,0,1.0,0.0006072874493927126,0.9993939393939394,6.697378700016998,29,100
0.0006072874493927126,1.0,0.23076923076923078,0.7692307692307693,1.0,0.2,10,4937,3,0,1.0,0.0006072874493927126,0.9993939393939394,6.697378700016998,29,100
0.0008097165991902834,1.0,0.2857142857142857,0.7142857142857143,1.0,0.25,10,4936,4,0,1.0,0.0008097165991902834,0.9991919191919192,6.697378700016998,29,100
0.0010121457489878543,1.0,0.3333333333333333,0.6666666666666666,1.0,0.3,10,4935,5,0,1.0,0.0010121457489878543,0.998989898989899,6.697378700016998,29,100
0.0010121457489878543,1.0,0.3333333333333333,0.6666666666666666,1.0,0.35,10,4935,5,0,1.0,0.0010121457489878543,0.998989898989899,6.697378700016998,29,100
0.0016194331983805667,1.0,0.4444444444444444,0.5555555555555556,1.0,0.4,10,4932,8,0,1.0,0.0016194331983805667,0.9983838383838384,6.697378700016998,29,100
0.0018218623481781376,1.0,0.47368421052631576,0.5263157894736842,1.0,0.45,10,4931,9,0,1.0,0.0018218623481781376,0.9981818181818182,6.697378700016998,29,100
0.0018218623481781376,1.0,0.47368421052631576,0.5263157894736842,1.0,0.5,10,4931,9,0,1.0,0.0018218623481781376,0.9981818181818182,6.697378700016998,29,100
0.0018218623481781376,1.0,0.47368421052631576,0.5263157894736842,1.0,0.55,10,4931,9,0,1.0,0.0018218623481781376,0.9981818181818182,6.697378700016998,29,100
0.0018218623481781376,1.0,0.47368421052631576,0.5263157894736842,1.0,0.6,10,4931,9,0,1.0,0.0018218623481781376,0.9981818181818182,6.697378700016998,29,100
0.0032388663967611335,1.0,0.6153846153846154,0.38461538461538464,1.0,0.65,10,4924,16,0,1.0,0.0032388663967611335,0.9967676767676767,6.697378700016998,29,100
0.005465587044534413,1.0,0.7297297297297297,0.2702702702702703,1.0,0.7,10,4913,27,0,1.0,0.005465587044534413,0.9945454545454545,6.697378700016998,29,100
0.010728744939271255,1.0,0.8412698412698413,0.15873015873015872,1.0,0.75,10,4887,53,0,1.0,0.010728744939271255,0.9892929292929293,6.697378700016998,29,100
0.02125506072874494,1.0,0.9130434782608695,0.08695652173913043,1.0,0.8,10,4835,105,0,1.0,0.02125506072874494,0.9787878787878788,6.697378700016998,29,100
0.03097165991902834,1.0,0.9386503067484663,0.06134969325153374,1.0,0.85,10,4787,153,0,1.0,0.03097165991902834,0.9690909090909091,6.697378700016998,29,100
0.03178137651821862,1.0,0.9401197604790419,0.059880239520958084,1.0,0.9,10,4783,157,0,1.0,0.03178137651821862,0.9682828282828283,6.697378700016998,29,100
0.06720647773279352,1.0,0.9707602339181286,0.029239766081871343,1.0,0.95,10,4608,332,0,1.0,0.06720647773279352,0.9329292929292929,6.697378700016998,29,100
0.9574898785425101,1.0,0.9978902953586498,0.002109704641350211,1.0,1.0,10,210,4730,0,1.0,0.9574898785425101,0.044444444444444446,6.697378700016998,29,100
0.00020242914979757084,1.0,0.09090909090909091,0.9090909090909091,1.0,0.05,10,4939,1,0,1.0,0.00020242914979757084,0.9997979797979798,7.8749685999937356,30,100
0.00020242914979757084,1.0,0.09090909090909091,0.9090909090909091,1.0,0.1,10,4939,1,0,1.0,0.00020242914979757084,0.9997979797979798,7.8749685999937356,30,100
0.00020242914979757084,1.0,0.09090909090909091,0.9090909090909091,1.0,0.15,10,4939,1,0,1.0,0.00020242914979757084,0.9997979797979798,7.8749685999937356,30,100
0.0004048582995951417,1.0,0.16666666666666666,0.8333333333333334,1.0,0.2,10,4938,2,0,1.0,0.0004048582995951417,0.9995959595959596,7.8749685999937356,30,100
0.0004048582995951417,1.0,0.16666666666666666,0.8333333333333334,1.0,0.25,10,4938,2,0,1.0,0.0004048582995951417,0.9995959595959596,7.8749685999937356,30,100
0.0004048582995951417,1.0,0.16666666666666666,0.8333333333333334,1.0,0.3,10,4938,2,0,1.0,0.0004048582995951417,0.9995959595959596,7.8749685999937356,30,100
0.0012145748987854252,1.0,0.375,0.625,1.0,0.35,10,4934,6,0,1.0,0.0012145748987854252,0.9987878787878788,7.8749685999937356,30,100
0.001417004048582996,1.0,0.4117647058823529,0.5882352941176471,1.0,0.4,10,4933,7,0,1.0,0.001417004048582996,0.9985858585858586,7.8749685999937356,30,100
0.0016194331983805667,1.0,0.4444444444444444,0.5555555555555556,1.0,0.45,10,4932,8,0,1.0,0.0016194331983805667,0.9983838383838384,7.8749685999937356,30,100
0.0024291497975708503,1.0,0.5454545454545454,0.45454545454545453,1.0,0.5,10,4928,12,0,1.0,0.0024291497975708503,0.9975757575757576,7.8749685999937356,30,100
0.003036437246963563,1.0,0.6,0.4,1.0,0.55,10,4925,15,0,1.0,0.003036437246963563,0.996969696969697,7.8749685999937356,30,100
0.00465587044534413,1.0,0.696969696969697,0.30303030303030304,1.0,0.6,10,4917,23,0,1.0,0.00465587044534413,0.9953535353535353,7.8749685999937356,30,100
0.005465587044534413,1.0,0.7297297297297297,0.2702702702702703,1.0,0.65,10,4913,27,0,1.0,0.005465587044534413,0.9945454545454545,7.8749685999937356,30,100
0.009109311740890687,1.0,0.8181818181818182,0.18181818181818182,1.0,0.7,10,4895,45,0,1.0,0.009109311740890687,0.990909090909091,7.8749685999937356,30,100
0.013360323886639677,1.0,0.868421052631579,0.13157894736842105,1.0,0.75,10,4874,66,0,1.0,0.013360323886639677,0.9866666666666667,7.8749685999937356,30,100
0.03137651821862348,1.0,0.9393939393939394,0.06060606060606061,1.0,0.8,10,4785,155,0,1.0,0.03137651821862348,0.9686868686868687,7.8749685999937356,30,100
0.032591093117408904,1.0,0.9415204678362573,0.05847953216374269,1.0,0.85,10,4779,161,0,1.0,0.032591093117408904,0.9674747474747475,7.8749685999937356,30,100
0.046356275303643724,1.0,0.9581589958158996,0.04184100418410042,1.0,0.9,10,4711,229,0,1.0,0.046356275303643724,0.9537373737373738,7.8749685999937356,30,100
0.05809716599190284,1.0,0.9663299663299664,0.03367003367003367,1.0,0.95,10,4653,287,0,1.0,0.05809716599190284,0.942020202020202,7.8749685999937356,30,100
0.9983805668016195,1.0,0.9979765277215702,0.0020234722784297854,1.0,1.0,10,8,4932,0,1.0,0.9983805668016195,0.0036363636363636364,7.8749685999937356,30,100
0.0,1.0,0.0,1.0,1.0,0.05,10,4940,0,0,1.0,0.0,1.0,6.590463200001977,31,100
0.00020242914979757084,1.0,0.09090909090909091,0.9090909090909091,1.0,0.1,10,4939,1,0,1.0,0.00020242914979757084,0.9997979797979798,6.590463200001977,31,100
0.00020242914979757084,1.0,0.09090909090909091,0.9090909090909091,1.0,0.15,10,4939,1,0,1.0,0.00020242914979757084,0.9997979797979798,6.590463200001977,31,100
0.0012145748987854252,1.0,0.375,0.625,1.0,0.2,10,4934,6,0,1.0,0.0012145748987854252,0.9987878787878788,6.590463200001977,31,100
0.0016194331983805667,1.0,0.4444444444444444,0.5555555555555556,1.0,0.25,10,4932,8,0,1.0,0.0016194331983805667,0.9983838383838384,6.590463200001977,31,100
0.0024291497975708503,1.0,0.5454545454545454,0.45454545454545453,1.0,0.3,10,4928,12,0,1.0,0.0024291497975708503,0.9975757575757576,6.590463200001977,31,100
0.002834008097165992,1.0,0.5833333333333334,0.4166666666666667,1.0,0.35,10,4926,14,0,1.0,0.002834008097165992,0.9971717171717172,6.590463200001977,31,100
0.003036437246963563,1.0,0.6,0.4,1.0,0.4,10,4925,15,0,1.0,0.003036437246963563,0.996969696969697,6.590463200001977,31,100
0.0038461538461538464,1.0,0.6551724137931034,0.3448275862068966,1.0,0.45,10,4921,19,0,1.0,0.0038461538461538464,0.9961616161616161,6.590463200001977,31,100
0.004858299595141701,1.0,0.7058823529411765,0.29411764705882354,1.0,0.5,10,4916,24,0,1.0,0.004858299595141701,0.9951515151515151,6.590463200001977,31,100
0.0066801619433198385,1.0,0.7674418604651163,0.23255813953488372,1.0,0.55,10,4907,33,0,1.0,0.0066801619433198385,0.9933333333333333,6.590463200001977,31,100
0.008097165991902834,1.0,0.8,0.2,1.0,0.6,10,4900,40,0,1.0,0.008097165991902834,0.9919191919191919,6.590463200001977,31,100
0.008097165991902834,1.0,0.8,0.2,1.0,0.65,10,4900,40,0,1.0,0.008097165991902834,0.9919191919191919,6.590463200001977,31,100
0.008704453441295546,1.0,0.8113207547169812,0.18867924528301888,1.0,0.7,10,4897,43,0,1.0,0.008704453441295546,0.9913131313131314,6.590463200001977,31,100
0.009109311740890687,1.0,0.8181818181818182,0.18181818181818182,1.0,0.75,10,4895,45,0,1.0,0.009109311740890687,0.990909090909091,6.590463200001977,31,100
0.022267206477732792,1.0,0.9166666666666666,0.08333333333333333,1.0,0.8,10,4830,110,0,1.0,0.022267206477732792,0.9777777777777777,6.590463200001977,31,100
0.02894736842105263,1.0,0.934640522875817,0.06535947712418301,1.0,0.85,10,4797,143,0,1.0,0.02894736842105263,0.9711111111111111,6.590463200001977,31,100
0.037044534412955465,1.0,0.9481865284974094,0.05181347150259067,1.0,0.9,10,4757,183,0,1.0,0.037044534412955465,0.963030303030303,6.590463200001977,31,100
0.08036437246963563,1.0,0.9754299754299754,0.02457002457002457,1.0,0.95,10,4543,397,0,1.0,0.08036437246963563,0.9197979797979798,6.590463200001977,31,100
0.9983805668016195,1.0,0.9979765277215702,0.0020234722784297854,1.0,1.0,10,8,4932,0,1.0,0.9983805668016195,0.0036363636363636364,6.590463200001977,31,100
0.00020242914979757084,1.0,0.09090909090909091,0.9090909090909091,1.0,0.05,10,4939,1,0,1.0,0.00020242914979757084,0.9997979797979798,5.466481499955989,32,100
0.00020242914979757084,1.0,0.09090909090909091,0.9090909090909091,1.0,0.1,10,4939,1,0,1.0,0.00020242914979757084,0.9997979797979798,5.466481499955989,32,100
0.0006072874493927126,1.0,0.23076923076923078,0.7692307692307693,1.0,0.15,10,4937,3,0,1.0,0.0006072874493927126,0.9993939393939394,5.466481499955989,32,100
0.0006072874493927126,1.0,0.23076923076923078,0.7692307692307693,1.0,0.2,10,4937,3,0,1.0,0.0006072874493927126,0.9993939393939394,5.466481499955989,32,100
0.001417004048582996,1.0,0.4117647058823529,0.5882352941176471,1.0,0.25,10,4933,7,0,1.0,0.001417004048582996,0.9985858585858586,5.466481499955989,32,100
0.001417004048582996,1.0,0.4117647058823529,0.5882352941176471,1.0,0.3,10,4933,7,0,1.0,0.001417004048582996,0.9985858585858586,5.466481499955989,32,100
0.0018218623481781376,1.0,0.47368421052631576,0.5263157894736842,1.0,0.35,10,4931,9,0,1.0,0.0018218623481781376,0.9981818181818182,5.466481499955989,32,100
0.0020242914979757085,1.0,0.5,0.5,1.0,0.4,10,4930,10,0,1.0,0.0020242914979757085,0.997979797979798,5.466481499955989,32,100
0.002631578947368421,1.0,0.5652173913043478,0.43478260869565216,1.0,0.45,10,4927,13,0,1.0,0.002631578947368421,0.9973737373737374,5.466481499955989,32,100
0.002834008097165992,1.0,0.5833333333333334,0.4166666666666667,1.0,0.5,10,4926,14,0,1.0,0.002834008097165992,0.9971717171717172,5.466481499955989,32,100
0.002834008097165992,1.0,0.5833333333333334,0.4166666666666667,1.0,0.55,10,4926,14,0,1.0,0.002834008097165992,0.9971717171717172,5.466481499955989,32,100
0.004858299595141701,1.0,0.7058823529411765,0.29411764705882354,1.0,0.6,10,4916,24,0,1.0,0.004858299595141701,0.9951515151515151,5.466481499955989,32,100
0.004858299595141701,1.0,0.7058823529411765,0.29411764705882354,1.0,0.65,10,4916,24,0,1.0,0.004858299595141701,0.9951515151515151,5.466481499955989,32,100
0.005263157894736842,1.0,0.7222222222222222,0.2777777777777778,1.0,0.7,10,4914,26,0,1.0,0.005263157894736842,0.9947474747474747,5.466481499955989,32,100
0.008299595141700405,1.0,0.803921568627451,0.19607843137254902,1.0,0.75,10,4899,41,0,1.0,0.008299595141700405,0.9917171717171717,5.466481499955989,32,100
0.010323886639676113,1.0,0.8360655737704918,0.16393442622950818,1.0,0.8,10,4889,51,0,1.0,0.010323886639676113,0.9896969696969697,5.466481499955989,32,100
0.014574898785425101,1.0,0.8780487804878049,0.12195121951219512,1.0,0.85,10,4868,72,0,1.0,0.014574898785425101,0.9854545454545455,5.466481499955989,32,100
0.05748987854251012,1.0,0.9659863945578231,0.034013605442176874,1.0,0.9,10,4656,284,0,1.0,0.05748987854251012,0.9426262626262626,5.466481499955989,32,100
0.1242914979757085,1.0,0.9839743589743589,0.016025641025641024,1.0,0.95,10,4326,614,0,1.0,0.1242914979757085,0.8759595959595959,5.466481499955989,32,100
0.9504048582995951,1.0,0.997874601487779,0.0021253985122210413,1.0,1.0,10,245,4695,0,1.0,0.9504048582995951,0.051515151515151514,5.466481499955989,32,100
0.0,1.0,0.0,1.0,1.0,0.05,10,4940,0,0,1.0,0.0,1.0,5.251119100023061,33,100
0.0,1.0,0.0,1.0,1.0,0.1,10,4940,0,0,1.0,0.0,1.0,5.251119100023061,33,100
0.0,1.0,0.0,1.0,1.0,0.15,10,4940,0,0,1.0,0.0,1.0,5.251119100023061,33,100
0.0004048582995951417,1.0,0.16666666666666666,0.8333333333333334,1.0,0.2,10,4938,2,0,1.0,0.0004048582995951417,0.9995959595959596,5.251119100023061,33,100
0.0004048582995951417,1.0,0.16666666666666666,0.8333333333333334,1.0,0.25,10,4938,2,0,1.0,0.0004048582995951417,0.9995959595959596,5.251119100023061,33,100
0.0004048582995951417,1.0,0.16666666666666666,0.8333333333333334,1.0,0.3,10,4938,2,0,1.0,0.0004048582995951417,0.9995959595959596,5.251119100023061,33,100
0.0012145748987854252,1.0,0.375,0.625,1.0,0.35,10,4934,6,0,1.0,0.0012145748987854252,0.9987878787878788,5.251119100023061,33,100
0.0012145748987854252,1.0,0.375,0.625,1.0,0.4,10,4934,6,0,1.0,0.0012145748987854252,0.9987878787878788,5.251119100023061,33,100
0.0012145748987854252,1.0,0.375,0.625,1.0,0.45,10,4934,6,0,1.0,0.0012145748987854252,0.9987878787878788,5.251119100023061,33,100
0.0012145748987854252,1.0,0.375,0.625,1.0,0.5,10,4934,6,0,1.0,0.0012145748987854252,0.9987878787878788,5.251119100023061,33,100
0.001417004048582996,1.0,0.4117647058823529,0.5882352941176471,1.0,0.55,10,4933,7,0,1.0,0.001417004048582996,0.9985858585858586,5.251119100023061,33,100
0.0018218623481781376,1.0,0.47368421052631576,0.5263157894736842,1.0,0.6,10,4931,9,0,1.0,0.0018218623481781376,0.9981818181818182,5.251119100023061,33,100
0.002226720647773279,1.0,0.5238095238095238,0.47619047619047616,1.0,0.65,10,4929,11,0,1.0,0.002226720647773279,0.9977777777777778,5.251119100023061,33,100
0.002226720647773279,1.0,0.5238095238095238,0.47619047619047616,1.0,0.7,10,4929,11,0,1.0,0.002226720647773279,0.9977777777777778,5.251119100023061,33,100
0.002834008097165992,1.0,0.5833333333333334,0.4166666666666667,1.0,0.75,10,4926,14,0,1.0,0.002834008097165992,0.9971717171717172,5.251119100023061,33,100
0.005668016194331984,1.0,0.7368421052631579,0.2631578947368421,1.0,0.8,10,4912,28,0,1.0,0.005668016194331984,0.9943434343434343,5.251119100023061,33,100
0.013765182186234818,1.0,0.8717948717948718,0.1282051282051282,1.0,0.85,10,4872,68,0,1.0,0.013765182186234818,0.9862626262626263,5.251119100023061,33,100
0.03340080971659919,1.0,0.9428571428571428,0.05714285714285714,1.0,0.9,10,4775,165,0,1.0,0.03340080971659919,0.9666666666666667,5.251119100023061,33,100
0.0645748987854251,1.0,0.9696048632218845,0.030395136778115502,1.0,0.95,10,4621,319,0,1.0,0.0645748987854251,0.9355555555555556,5.251119100023061,33,100
0.9991902834008097,1.0,0.9979781641730692,0.0020218358269308533,1.0,1.0,10,4,4936,0,1.0,0.9991902834008097,0.0028282828282828283,5.251119100023061,33,100
0.00020242914979757084,1.0,0.09090909090909091,0.9090909090909091,1.0,0.05,10,4939,1,0,1.0,0.00020242914979757084,0.9997979797979798,5.352735699969344,34,100
0.0006072874493927126,1.0,0.23076923076923078,0.7692307692307693,1.0,0.1,10,4937,3,0,1.0,0.0006072874493927126,0.9993939393939394,5.352735699969344,34,100
0.0008097165991902834,1.0,0.2857142857142857,0.7142857142857143,1.0,0.15,10,4936,4,0,1.0,0.0008097165991902834,0.9991919191919192,5.352735699969344,34,100
0.0008097165991902834,1.0,0.2857142857142857,0.7142857142857143,1.0,0.2,10,4936,4,0,1.0,0.0008097165991902834,0.9991919191919192,5.352735699969344,34,100
0.0008097165991902834,1.0,0.2857142857142857,0.7142857142857143,1.0,0.25,10,4936,4,0,1.0,0.0008097165991902834,0.9991919191919192,5.352735699969344,34,100
0.0018218623481781376,1.0,0.47368421052631576,0.5263157894736842,1.0,0.3,10,4931,9,0,1.0,0.0018218623481781376,0.9981818181818182,5.352735699969344,34,100
0.0018218623481781376,1.0,0.47368421052631576,0.5263157894736842,1.0,0.35,10,4931,9,0,1.0,0.0018218623481781376,0.9981818181818182,5.352735699969344,34,100
0.0020242914979757085,1.0,0.5,0.5,1.0,0.4,10,4930,10,0,1.0,0.0020242914979757085,0.997979797979798,5.352735699969344,34,100
0.0020242914979757085,1.0,0.5,0.5,1.0,0.45,10,4930,10,0,1.0,0.0020242914979757085,0.997979797979798,5.352735699969344,34,100
0.0032388663967611335,1.0,0.6153846153846154,0.38461538461538464,1.0,0.5,10,4924,16,0,1.0,0.0032388663967611335,0.9967676767676767,5.352735699969344,34,100
0.004858299595141701,1.0,0.7058823529411765,0.29411764705882354,1.0,0.55,10,4916,24,0,1.0,0.004858299595141701,0.9951515151515151,5.352735699969344,34,100
0.005263157894736842,1.0,0.7222222222222222,0.2777777777777778,1.0,0.6,10,4914,26,0,1.0,0.005263157894736842,0.9947474747474747,5.352735699969344,34,100
0.00708502024291498,1.0,0.7777777777777778,0.2222222222222222,1.0,0.65,10,4905,35,0,1.0,0.00708502024291498,0.9929292929292929,5.352735699969344,34,100
0.010323886639676113,1.0,0.8360655737704918,0.16393442622950818,1.0,0.7,10,4889,51,0,1.0,0.010323886639676113,0.9896969696969697,5.352735699969344,34,100
0.012145748987854251,1.0,0.8571428571428571,0.14285714285714285,1.0,0.75,10,4880,60,0,1.0,0.012145748987854251,0.9878787878787879,5.352735699969344,34,100
0.031174089068825912,1.0,0.9390243902439024,0.06097560975609756,1.0,0.8,10,4786,154,0,1.0,0.031174089068825912,0.9688888888888889,5.352735699969344,34,100
0.05303643724696356,1.0,0.9632352941176471,0.03676470588235294,1.0,0.85,10,4678,262,0,1.0,0.05303643724696356,0.9470707070707071,5.352735699969344,34,100
0.05991902834008097,1.0,0.9673202614379085,0.032679738562091505,1.0,0.9,10,4644,296,0,1.0,0.05991902834008097,0.9402020202020202,5.352735699969344,34,100
0.12024291497975709,1.0,0.9834437086092715,0.016556291390728478,1.0,0.95,10,4346,594,0,1.0,0.12024291497975709,0.88,5.352735699969344,34,100
0.998582995951417,1.0,0.9979769370827433,0.0020230629172567267,1.0,1.0,10,7,4933,0,1.0,0.998582995951417,0.0034343434343434343,5.352735699969344,34,100
0.0,1.0,0.0,1.0,1.0,0.05,10,4940,0,0,1.0,0.0,1.0,6.676905200001784,35,100
0.00020242914979757084,1.0,0.09090909090909091,0.9090909090909091,1.0,0.1,10,4939,1,0,1.0,0.00020242914979757084,0.9997979797979798,6.676905200001784,35,100
0.00020242914979757084,1.0,0.09090909090909091,0.9090909090909091,1.0,0.15,10,4939,1,0,1.0,0.00020242914979757084,0.9997979797979798,6.676905200001784,35,100
0.0004048582995951417,1.0,0.16666666666666666,0.8333333333333334,1.0,0.2,10,4938,2,0,1.0,0.0004048582995951417,0.9995959595959596,6.676905200001784,35,100
0.0006072874493927126,1.0,0.23076923076923078,0.7692307692307693,1.0,0.25,10,4937,3,0,1.0,0.0006072874493927126,0.9993939393939394,6.676905200001784,35,100
0.0008097165991902834,1.0,0.2857142857142857,0.7142857142857143,1.0,0.3,10,4936,4,0,1.0,0.0008097165991902834,0.9991919191919192,6.676905200001784,35,100
0.0008097165991902834,1.0,0.2857142857142857,0.7142857142857143,1.0,0.35,10,4936,4,0,1.0,0.0008097165991902834,0.9991919191919192,6.676905200001784,35,100
0.0010121457489878543,1.0,0.3333333333333333,0.6666666666666666,1.0,0.4,10,4935,5,0,1.0,0.0010121457489878543,0.998989898989899,6.676905200001784,35,100
0.0010121457489878543,1.0,0.3333333333333333,0.6666666666666666,1.0,0.45,10,4935,5,0,1.0,0.0010121457489878543,0.998989898989899,6.676905200001784,35,100
0.0016194331983805667,1.0,0.4444444444444444,0.5555555555555556,1.0,0.5,10,4932,8,0,1.0,0.0016194331983805667,0.9983838383838384,6.676905200001784,35,100
0.003036437246963563,1.0,0.6,0.4,1.0,0.55,10,4925,15,0,1.0,0.003036437246963563,0.996969696969697,6.676905200001784,35,100
0.004048582995951417,1.0,0.6666666666666666,0.3333333333333333,1.0,0.6,10,4920,20,0,1.0,0.004048582995951417,0.9959595959595959,6.676905200001784,35,100
0.00465587044534413,1.0,0.696969696969697,0.30303030303030304,1.0,0.65,10,4917,23,0,1.0,0.00465587044534413,0.9953535353535353,6.676905200001784,35,100
0.00465587044534413,1.0,0.696969696969697,0.30303030303030304,1.0,0.7,10,4917,23,0,1.0,0.00465587044534413,0.9953535353535353,6.676905200001784,35,100
0.00931174089068826,1.0,0.8214285714285714,0.17857142857142858,1.0,0.75,10,4894,46,0,1.0,0.00931174089068826,0.9907070707070708,6.676905200001784,35,100
0.010121457489878543,1.0,0.8333333333333334,0.16666666666666666,1.0,0.8,10,4890,50,0,1.0,0.010121457489878543,0.98989898989899,6.676905200001784,35,100
0.010931174089068825,1.0,0.84375,0.15625,1.0,0.85,10,4886,54,0,1.0,0.010931174089068825,0.9890909090909091,6.676905200001784,35,100
0.07206477732793522,1.0,0.9726775956284153,0.0273224043715847,1.0,0.9,10,4584,356,0,1.0,0.07206477732793522,0.9280808080808081,6.676905200001784,35,100
0.10668016194331983,1.0,0.9813780260707635,0.0186219739292365,1.0,0.95,10,4413,527,0,1.0,0.10668016194331983,0.8935353535353535,6.676905200001784,35,100
0.9850202429149798,1.0,0.9979491386382281,0.002050861361771944,1.0,1.0,10,74,4866,0,1.0,0.9850202429149798,0.01696969696969697,6.676905200001784,35,100
0.0004048582995951417,1.0,0.16666666666666666,0.8333333333333334,1.0,0.05,10,4938,2,0,1.0,0.0004048582995951417,0.9995959595959596,6.564248600043356,36,100
0.0008097165991902834,1.0,0.2857142857142857,0.7142857142857143,1.0,0.1,10,4936,4,0,1.0,0.0008097165991902834,0.9991919191919192,6.564248600043356,36,100
0.0008097165991902834,1.0,0.2857142857142857,0.7142857142857143,1.0,0.15,10,4936,4,0,1.0,0.0008097165991902834,0.9991919191919192,6.564248600043356,36,100
0.0008097165991902834,1.0,0.2857142857142857,0.7142857142857143,1.0,0.2,10,4936,4,0,1.0,0.0008097165991902834,0.9991919191919192,6.564248600043356,36,100
0.0008097165991902834,1.0,0.2857142857142857,0.7142857142857143,1.0,0.25,10,4936,4,0,1.0,0.0008097165991902834,0.9991919191919192,6.564248600043356,36,100
0.0010121457489878543,1.0,0.3333333333333333,0.6666666666666666,1.0,0.3,10,4935,5,0,1.0,0.0010121457489878543,0.998989898989899,6.564248600043356,36,100
0.0018218623481781376,1.0,0.47368421052631576,0.5263157894736842,1.0,0.35,10,4931,9,0,1.0,0.0018218623481781376,0.9981818181818182,6.564248600043356,36,100
0.0018218623481781376,1.0,0.47368421052631576,0.5263157894736842,1.0,0.4,10,4931,9,0,1.0,0.0018218623481781376,0.9981818181818182,6.564248600043356,36,100
0.0032388663967611335,1.0,0.6153846153846154,0.38461538461538464,1.0,0.45,10,4924,16,0,1.0,0.0032388663967611335,0.9967676767676767,6.564248600043356,36,100
0.00465587044534413,1.0,0.696969696969697,0.30303030303030304,1.0,0.5,10,4917,23,0,1.0,0.00465587044534413,0.9953535353535353,6.564248600043356,36,100
0.005465587044534413,1.0,0.7297297297297297,0.2702702702702703,1.0,0.55,10,4913,27,0,1.0,0.005465587044534413,0.9945454545454545,6.564248600043356,36,100
0.007489878542510121,1.0,0.7872340425531915,0.2127659574468085,1.0,0.6,10,4903,37,0,1.0,0.007489878542510121,0.9925252525252525,6.564248600043356,36,100
0.018218623481781375,1.0,0.9,0.1,1.0,0.65,10,4850,90,0,1.0,0.018218623481781375,0.9818181818181818,6.564248600043356,36,100
0.02186234817813765,1.0,0.9152542372881356,0.0847457627118644,1.0,0.7,10,4832,108,0,1.0,0.02186234817813765,0.9781818181818182,6.564248600043356,36,100
0.025708502024291497,1.0,0.927007299270073,0.072992700729927,1.0,0.75,10,4813,127,0,1.0,0.025708502024291497,0.9743434343434343,6.564248600043356,36,100
0.03279352226720648,1.0,0.9418604651162791,0.05813953488372093,1.0,0.8,10,4778,162,0,1.0,0.03279352226720648,0.9672727272727273,6.564248600043356,36,100
0.0451417004048583,1.0,0.9570815450643777,0.04291845493562232,1.0,0.85,10,4717,223,0,1.0,0.0451417004048583,0.954949494949495,6.564248600043356,36,100
0.08097165991902834,1.0,0.975609756097561,0.024390243902439025,1.0,0.9,10,4540,400,0,1.0,0.08097165991902834,0.9191919191919192,6.564248600043356,36,100
0.12165991902834009,1.0,0.983633387888707,0.016366612111292964,1.0,0.95,10,4339,601,0,1.0,0.12165991902834009,0.8785858585858586,6.564248600043356,36,100
0.9989878542510121,1.0,0.9979777553083923,0.0020222446916076846,1.0,1.0,10,5,4935,0,1.0,0.9989878542510121,0.0030303030303030303,6.564248600043356,36,100
0.00020242914979757084,1.0,0.09090909090909091,0.9090909090909091,1.0,0.05,10,4939,1,0,1.0,0.00020242914979757084,0.9997979797979798,6.761877799988724,37,100
0.00020242914979757084,1.0,0.09090909090909091,0.9090909090909091,1.0,0.1,10,4939,1,0,1.0,0.00020242914979757084,0.9997979797979798,6.761877799988724,37,100
0.00020242914979757084,1.0,0.09090909090909091,0.9090909090909091,1.0,0.15,10,4939,1,0,1.0,0.00020242914979757084,0.9997979797979798,6.761877799988724,37,100
0.00020242914979757084,1.0,0.09090909090909091,0.9090909090909091,1.0,0.2,10,4939,1,0,1.0,0.00020242914979757084,0.9997979797979798,6.761877799988724,37,100
0.00020242914979757084,1.0,0.09090909090909091,0.9090909090909091,1.0,0.25,10,4939,1,0,1.0,0.00020242914979757084,0.9997979797979798,6.761877799988724,37,100
0.00020242914979757084,1.0,0.09090909090909091,0.9090909090909091,1.0,0.3,10,4939,1,0,1.0,0.00020242914979757084,0.9997979797979798,6.761877799988724,37,100
0.00020242914979757084,1.0,0.09090909090909091,0.9090909090909091,1.0,0.35,10,4939,1,0,1.0,0.00020242914979757084,0.9997979797979798,6.761877799988724,37,100
0.0004048582995951417,1.0,0.16666666666666666,0.8333333333333334,1.0,0.4,10,4938,2,0,1.0,0.0004048582995951417,0.9995959595959596,6.761877799988724,37,100
0.0008097165991902834,1.0,0.2857142857142857,0.7142857142857143,1.0,0.45,10,4936,4,0,1.0,0.0008097165991902834,0.9991919191919192,6.761877799988724,37,100
0.0016194331983805667,1.0,0.4444444444444444,0.5555555555555556,1.0,0.5,10,4932,8,0,1.0,0.0016194331983805667,0.9983838383838384,6.761877799988724,37,100
0.0016194331983805667,1.0,0.4444444444444444,0.5555555555555556,1.0,0.55,10,4932,8,0,1.0,0.0016194331983805667,0.9983838383838384,6.761877799988724,37,100
0.0016194331983805667,1.0,0.4444444444444444,0.5555555555555556,1.0,0.6,10,4932,8,0,1.0,0.0016194331983805667,0.9983838383838384,6.761877799988724,37,100
0.0018218623481781376,1.0,0.47368421052631576,0.5263157894736842,1.0,0.65,10,4931,9,0,1.0,0.0018218623481781376,0.9981818181818182,6.761877799988724,37,100
0.005263157894736842,1.0,0.7222222222222222,0.2777777777777778,1.0,0.7,10,4914,26,0,1.0,0.005263157894736842,0.9947474747474747,6.761877799988724,37,100
0.005870445344129555,1.0,0.7435897435897436,0.2564102564102564,1.0,0.75,10,4911,29,0,1.0,0.005870445344129555,0.9941414141414141,6.761877799988724,37,100
0.023076923076923078,1.0,0.9193548387096774,0.08064516129032258,1.0,0.8,10,4826,114,0,1.0,0.023076923076923078,0.9769696969696969,6.761877799988724,37,100
0.046356275303643724,1.0,0.9581589958158996,0.04184100418410042,1.0,0.85,10,4711,229,0,1.0,0.046356275303643724,0.9537373737373738,6.761877799988724,37,100
0.1020242914979757,1.0,0.980544747081712,0.019455252918287938,1.0,0.9,10,4436,504,0,1.0,0.1020242914979757,0.8981818181818182,6.761877799988724,37,100
0.20607287449392714,1.0,0.9902723735408561,0.009727626459143969,1.0,0.95,10,3922,1018,0,1.0,0.20607287449392714,0.7943434343434344,6.761877799988724,37,100
0.9989878542510121,1.0,0.9979777553083923,0.0020222446916076846,1.0,1.0,10,5,4935,0,1.0,0.9989878542510121,0.0030303030303030303,6.761877799988724,37,100
0.00020242914979757084,1.0,0.09090909090909091,0.9090909090909091,1.0,0.05,10,4939,1,0,1.0,0.00020242914979757084,0.9997979797979798,6.455859599984251,38,100
0.0010121457489878543,1.0,0.3333333333333333,0.6666666666666666,1.0,0.1,10,4935,5,0,1.0,0.0010121457489878543,0.998989898989899,6.455859599984251,38,100
0.0010121457489878543,1.0,0.3333333333333333,0.6666666666666666,1.0,0.15,10,4935,5,0,1.0,0.0010121457489878543,0.998989898989899,6.455859599984251,38,100
0.0010121457489878543,1.0,0.3333333333333333,0.6666666666666666,1.0,0.2,10,4935,5,0,1.0,0.0010121457489878543,0.998989898989899,6.455859599984251,38,100
0.0010121457489878543,1.0,0.3333333333333333,0.6666666666666666,1.0,0.25,10,4935,5,0,1.0,0.0010121457489878543,0.998989898989899,6.455859599984251,38,100
0.0012145748987854252,1.0,0.375,0.625,1.0,0.3,10,4934,6,0,1.0,0.0012145748987854252,0.9987878787878788,6.455859599984251,38,100
0.001417004048582996,1.0,0.4117647058823529,0.5882352941176471,1.0,0.35,10,4933,7,0,1.0,0.001417004048582996,0.9985858585858586,6.455859599984251,38,100
0.001417004048582996,1.0,0.4117647058823529,0.5882352941176471,1.0,0.4,10,4933,7,0,1.0,0.001417004048582996,0.9985858585858586,6.455859599984251,38,100
0.001417004048582996,1.0,0.4117647058823529,0.5882352941176471,1.0,0.45,10,4933,7,0,1.0,0.001417004048582996,0.9985858585858586,6.455859599984251,38,100
0.001417004048582996,1.0,0.4117647058823529,0.5882352941176471,1.0,0.5,10,4933,7,0,1.0,0.001417004048582996,0.9985858585858586,6.455859599984251,38,100
0.0016194331983805667,1.0,0.4444444444444444,0.5555555555555556,1.0,0.55,10,4932,8,0,1.0,0.0016194331983805667,0.9983838383838384,6.455859599984251,38,100
0.0016194331983805667,1.0,0.4444444444444444,0.5555555555555556,1.0,0.6,10,4932,8,0,1.0,0.0016194331983805667,0.9983838383838384,6.455859599984251,38,100
0.0016194331983805667,1.0,0.4444444444444444,0.5555555555555556,1.0,0.65,10,4932,8,0,1.0,0.0016194331983805667,0.9983838383838384,6.455859599984251,38,100
0.0016194331983805667,1.0,0.4444444444444444,0.5555555555555556,1.0,0.7,10,4932,8,0,1.0,0.0016194331983805667,0.9983838383838384,6.455859599984251,38,100
0.0016194331983805667,1.0,0.4444444444444444,0.5555555555555556,1.0,0.75,10,4932,8,0,1.0,0.0016194331983805667,0.9983838383838384,6.455859599984251,38,100
0.0016194331983805667,1.0,0.4444444444444444,0.5555555555555556,1.0,0.8,10,4932,8,0,1.0,0.0016194331983805667,0.9983838383838384,6.455859599984251,38,100
0.0024291497975708503,1.0,0.5454545454545454,0.45454545454545453,1.0,0.85,10,4928,12,0,1.0,0.0024291497975708503,0.9975757575757576,6.455859599984251,38,100
0.002631578947368421,1.0,0.5652173913043478,0.43478260869565216,1.0,0.9,10,4927,13,0,1.0,0.002631578947368421,0.9973737373737374,6.455859599984251,38,100
0.01700404858299595,1.0,0.8936170212765957,0.10638297872340426,1.0,0.95,10,4856,84,0,1.0,0.01700404858299595,0.983030303030303,6.455859599984251,38,100
0.9813765182186235,1.0,0.9979415397282833,0.0020584602717167557,1.0,1.0,10,92,4848,0,1.0,0.9813765182186235,0.020606060606060607,6.455859599984251,38,100
0.0,1.0,0.0,1.0,1.0,0.05,10,4940,0,0,1.0,0.0,1.0,5.844264200073667,39,100
0.00020242914979757084,1.0,0.09090909090909091,0.9090909090909091,1.0,0.1,10,4939,1,0,1.0,0.00020242914979757084,0.9997979797979798,5.844264200073667,39,100
0.0004048582995951417,1.0,0.16666666666666666,0.8333333333333334,1.0,0.15,10,4938,2,0,1.0,0.0004048582995951417,0.9995959595959596,5.844264200073667,39,100
0.0006072874493927126,1.0,0.23076923076923078,0.7692307692307693,1.0,0.2,10,4937,3,0,1.0,0.0006072874493927126,0.9993939393939394,5.844264200073667,39,100
0.0006072874493927126,1.0,0.23076923076923078,0.7692307692307693,1.0,0.25,10,4937,3,0,1.0,0.0006072874493927126,0.9993939393939394,5.844264200073667,39,100
0.0010121457489878543,1.0,0.3333333333333333,0.6666666666666666,1.0,0.3,10,4935,5,0,1.0,0.0010121457489878543,0.998989898989899,5.844264200073667,39,100
0.0016194331983805667,1.0,0.4444444444444444,0.5555555555555556,1.0,0.35,10,4932,8,0,1.0,0.0016194331983805667,0.9983838383838384,5.844264200073667,39,100
0.0016194331983805667,1.0,0.4444444444444444,0.5555555555555556,1.0,0.4,10,4932,8,0,1.0,0.0016194331983805667,0.9983838383838384,5.844264200073667,39,100
0.0018218623481781376,1.0,0.47368421052631576,0.5263157894736842,1.0,0.45,10,4931,9,0,1.0,0.0018218623481781376,0.9981818181818182,5.844264200073667,39,100
0.0020242914979757085,1.0,0.5,0.5,1.0,0.5,10,4930,10,0,1.0,0.0020242914979757085,0.997979797979798,5.844264200073667,39,100
0.0020242914979757085,1.0,0.5,0.5,1.0,0.55,10,4930,10,0,1.0,0.0020242914979757085,0.997979797979798,5.844264200073667,39,100
0.002226720647773279,1.0,0.5238095238095238,0.47619047619047616,1.0,0.6,10,4929,11,0,1.0,0.002226720647773279,0.9977777777777778,5.844264200073667,39,100
0.0024291497975708503,1.0,0.5454545454545454,0.45454545454545453,1.0,0.65,10,4928,12,0,1.0,0.0024291497975708503,0.9975757575757576,5.844264200073667,39,100
0.002631578947368421,1.0,0.5652173913043478,0.43478260869565216,1.0,0.7,10,4927,13,0,1.0,0.002631578947368421,0.9973737373737374,5.844264200073667,39,100
0.003036437246963563,1.0,0.6,0.4,1.0,0.75,10,4925,15,0,1.0,0.003036437246963563,0.996969696969697,5.844264200073667,39,100
0.004048582995951417,1.0,0.6666666666666666,0.3333333333333333,1.0,0.8,10,4920,20,0,1.0,0.004048582995951417,0.9959595959595959,5.844264200073667,39,100
0.007894736842105263,1.0,0.7959183673469388,0.20408163265306123,1.0,0.85,10,4901,39,0,1.0,0.007894736842105263,0.9921212121212121,5.844264200073667,39,100
0.007894736842105263,1.0,0.7959183673469388,0.20408163265306123,1.0,0.9,10,4901,39,0,1.0,0.007894736842105263,0.9921212121212121,5.844264200073667,39,100
0.008097165991902834,1.0,0.8,0.2,1.0,0.95,10,4900,40,0,1.0,0.008097165991902834,0.9919191919191919,5.844264200073667,39,100
0.9726720647773279,1.0,0.9979231568016614,0.0020768431983385254,1.0,1.0,10,135,4805,0,1.0,0.9726720647773279,0.029292929292929294,5.844264200073667,39,100
0.00020242914979757084,1.0,0.09090909090909091,0.9090909090909091,1.0,0.05,10,4939,1,0,1.0,0.00020242914979757084,0.9997979797979798,6.631203299970366,40,100
0.00020242914979757084,1.0,0.09090909090909091,0.9090909090909091,1.0,0.1,10,4939,1,0,1.0,0.00020242914979757084,0.9997979797979798,6.631203299970366,40,100
0.00020242914979757084,1.0,0.09090909090909091,0.9090909090909091,1.0,0.15,10,4939,1,0,1.0,0.00020242914979757084,0.9997979797979798,6.631203299970366,40,100
0.0008097165991902834,1.0,0.2857142857142857,0.7142857142857143,1.0,0.2,10,4936,4,0,1.0,0.0008097165991902834,0.9991919191919192,6.631203299970366,40,100
0.0010121457489878543,1.0,0.3333333333333333,0.6666666666666666,1.0,0.25,10,4935,5,0,1.0,0.0010121457489878543,0.998989898989899,6.631203299970366,40,100
0.0012145748987854252,1.0,0.375,0.625,1.0,0.3,10,4934,6,0,1.0,0.0012145748987854252,0.9987878787878788,6.631203299970366,40,100
0.0020242914979757085,1.0,0.5,0.5,1.0,0.35,10,4930,10,0,1.0,0.0020242914979757085,0.997979797979798,6.631203299970366,40,100
0.0020242914979757085,1.0,0.5,0.5,1.0,0.4,10,4930,10,0,1.0,0.0020242914979757085,0.997979797979798,6.631203299970366,40,100
0.0024291497975708503,1.0,0.5454545454545454,0.45454545454545453,1.0,0.45,10,4928,12,0,1.0,0.0024291497975708503,0.9975757575757576,6.631203299970366,40,100
0.0024291497975708503,1.0,0.5454545454545454,0.45454545454545453,1.0,0.5,10,4928,12,0,1.0,0.0024291497975708503,0.9975757575757576,6.631203299970366,40,100
0.0024291497975708503,1.0,0.5454545454545454,0.45454545454545453,1.0,0.55,10,4928,12,0,1.0,0.0024291497975708503,0.9975757575757576,6.631203299970366,40,100
0.002631578947368421,1.0,0.5652173913043478,0.43478260869565216,1.0,0.6,10,4927,13,0,1.0,0.002631578947368421,0.9973737373737374,6.631203299970366,40,100
0.002631578947368421,1.0,0.5652173913043478,0.43478260869565216,1.0,0.65,10,4927,13,0,1.0,0.002631578947368421,0.9973737373737374,6.631203299970366,40,100
0.004048582995951417,1.0,0.6666666666666666,0.3333333333333333,1.0,0.7,10,4920,20,0,1.0,0.004048582995951417,0.9959595959595959,6.631203299970366,40,100
0.00465587044534413,1.0,0.696969696969697,0.30303030303030304,1.0,0.75,10,4917,23,0,1.0,0.00465587044534413,0.9953535353535353,6.631203299970366,40,100
0.005465587044534413,1.0,0.7297297297297297,0.2702702702702703,1.0,0.8,10,4913,27,0,1.0,0.005465587044534413,0.9945454545454545,6.631203299970366,40,100
0.0072874493927125505,1.0,0.782608695652174,0.21739130434782608,1.0,0.85,10,4904,36,0,1.0,0.0072874493927125505,0.9927272727272727,6.631203299970366,40,100
0.010728744939271255,1.0,0.8412698412698413,0.15873015873015872,1.0,0.9,10,4887,53,0,1.0,0.010728744939271255,0.9892929292929293,6.631203299970366,40,100
0.07064777327935223,1.0,0.9721448467966574,0.027855153203342618,1.0,0.95,10,4591,349,0,1.0,0.07064777327935223,0.9294949494949495,6.631203299970366,40,100
0.9991902834008097,1.0,0.9979781641730692,0.0020218358269308533,1.0,1.0,10,4,4936,0,1.0,0.9991902834008097,0.0028282828282828283,6.631203299970366,40,100
0.00020242914979757084,1.0,0.09090909090909091,0.9090909090909091,1.0,0.05,10,4939,1,0,1.0,0.00020242914979757084,0.9997979797979798,6.692193599999882,41,100
0.00020242914979757084,1.0,0.09090909090909091,0.9090909090909091,1.0,0.1,10,4939,1,0,1.0,0.00020242914979757084,0.9997979797979798,6.692193599999882,41,100
0.0006072874493927126,1.0,0.23076923076923078,0.7692307692307693,1.0,0.15,10,4937,3,0,1.0,0.0006072874493927126,0.9993939393939394,6.692193599999882,41,100
0.0008097165991902834,1.0,0.2857142857142857,0.7142857142857143,1.0,0.2,10,4936,4,0,1.0,0.0008097165991902834,0.9991919191919192,6.692193599999882,41,100
0.0008097165991902834,1.0,0.2857142857142857,0.7142857142857143,1.0,0.25,10,4936,4,0,1.0,0.0008097165991902834,0.9991919191919192,6.692193599999882,41,100
0.0008097165991902834,1.0,0.2857142857142857,0.7142857142857143,1.0,0.3,10,4936,4,0,1.0,0.0008097165991902834,0.9991919191919192,6.692193599999882,41,100
0.0008097165991902834,1.0,0.2857142857142857,0.7142857142857143,1.0,0.35,10,4936,4,0,1.0,0.0008097165991902834,0.9991919191919192,6.692193599999882,41,100
0.0018218623481781376,1.0,0.47368421052631576,0.5263157894736842,1.0,0.4,10,4931,9,0,1.0,0.0018218623481781376,0.9981818181818182,6.692193599999882,41,100
0.0020242914979757085,1.0,0.5,0.5,1.0,0.45,10,4930,10,0,1.0,0.0020242914979757085,0.997979797979798,6.692193599999882,41,100
0.0020242914979757085,1.0,0.5,0.5,1.0,0.5,10,4930,10,0,1.0,0.0020242914979757085,0.997979797979798,6.692193599999882,41,100
0.0020242914979757085,1.0,0.5,0.5,1.0,0.55,10,4930,10,0,1.0,0.0020242914979757085,0.997979797979798,6.692193599999882,41,100
0.0020242914979757085,1.0,0.5,0.5,1.0,0.6,10,4930,10,0,1.0,0.0020242914979757085,0.997979797979798,6.692193599999882,41,100
0.0036437246963562753,1.0,0.6428571428571429,0.35714285714285715,1.0,0.65,10,4922,18,0,1.0,0.0036437246963562753,0.9963636363636363,6.692193599999882,41,100
0.0038461538461538464,1.0,0.6551724137931034,0.3448275862068966,1.0,0.7,10,4921,19,0,1.0,0.0038461538461538464,0.9961616161616161,6.692193599999882,41,100
0.004251012145748988,1.0,0.6774193548387096,0.3225806451612903,1.0,0.75,10,4919,21,0,1.0,0.004251012145748988,0.9957575757575757,6.692193599999882,41,100
0.004858299595141701,1.0,0.7058823529411765,0.29411764705882354,1.0,0.8,10,4916,24,0,1.0,0.004858299595141701,0.9951515151515151,6.692193599999882,41,100
0.004858299595141701,1.0,0.7058823529411765,0.29411764705882354,1.0,0.85,10,4916,24,0,1.0,0.004858299595141701,0.9951515151515151,6.692193599999882,41,100
0.0072874493927125505,1.0,0.782608695652174,0.21739130434782608,1.0,0.9,10,4904,36,0,1.0,0.0072874493927125505,0.9927272727272727,6.692193599999882,41,100
0.1917004048582996,1.0,0.9895506792058516,0.01044932079414838,1.0,0.95,10,3993,947,0,1.0,0.1917004048582996,0.8086868686868687,6.692193599999882,41,100
0.9609311740890688,1.0,0.9978978347698129,0.0021021652301870925,1.0,1.0,10,193,4747,0,1.0,0.9609311740890688,0.04101010101010101,6.692193599999882,41,100
0.0004048582995951417,1.0,0.16666666666666666,0.8333333333333334,1.0,0.05,10,4938,2,0,1.0,0.0004048582995951417,0.9995959595959596,6.565152099938132,42,100
0.0008097165991902834,1.0,0.2857142857142857,0.7142857142857143,1.0,0.1,10,4936,4,0,1.0,0.0008097165991902834,0.9991919191919192,6.565152099938132,42,100
0.0010121457489878543,1.0,0.3333333333333333,0.6666666666666666,1.0,0.15,10,4935,5,0,1.0,0.0010121457489878543,0.998989898989899,6.565152099938132,42,100
0.0016194331983805667,1.0,0.4444444444444444,0.5555555555555556,1.0,0.2,10,4932,8,0,1.0,0.0016194331983805667,0.9983838383838384,6.565152099938132,42,100
0.0016194331983805667,1.0,0.4444444444444444,0.5555555555555556,1.0,0.25,10,4932,8,0,1.0,0.0016194331983805667,0.9983838383838384,6.565152099938132,42,100
0.0016194331983805667,1.0,0.4444444444444444,0.5555555555555556,1.0,0.3,10,4932,8,0,1.0,0.0016194331983805667,0.9983838383838384,6.565152099938132,42,100
0.0016194331983805667,1.0,0.4444444444444444,0.5555555555555556,1.0,0.35,10,4932,8,0,1.0,0.0016194331983805667,0.9983838383838384,6.565152099938132,42,100
0.0016194331983805667,1.0,0.4444444444444444,0.5555555555555556,1.0,0.4,10,4932,8,0,1.0,0.0016194331983805667,0.9983838383838384,6.565152099938132,42,100
0.0016194331983805667,1.0,0.4444444444444444,0.5555555555555556,1.0,0.45,10,4932,8,0,1.0,0.0016194331983805667,0.9983838383838384,6.565152099938132,42,100
0.0016194331983805667,1.0,0.4444444444444444,0.5555555555555556,1.0,0.5,10,4932,8,0,1.0,0.0016194331983805667,0.9983838383838384,6.565152099938132,42,100
0.0018218623481781376,1.0,0.47368421052631576,0.5263157894736842,1.0,0.55,10,4931,9,0,1.0,0.0018218623481781376,0.9981818181818182,6.565152099938132,42,100
0.0018218623481781376,1.0,0.47368421052631576,0.5263157894736842,1.0,0.6,10,4931,9,0,1.0,0.0018218623481781376,0.9981818181818182,6.565152099938132,42,100
0.0018218623481781376,1.0,0.47368421052631576,0.5263157894736842,1.0,0.65,10,4931,9,0,1.0,0.0018218623481781376,0.9981818181818182,6.565152099938132,42,100
0.002834008097165992,1.0,0.5833333333333334,0.4166666666666667,1.0,0.7,10,4926,14,0,1.0,0.002834008097165992,0.9971717171717172,6.565152099938132,42,100
0.0036437246963562753,1.0,0.6428571428571429,0.35714285714285715,1.0,0.75,10,4922,18,0,1.0,0.0036437246963562753,0.9963636363636363,6.565152099938132,42,100
0.004251012145748988,1.0,0.6774193548387096,0.3225806451612903,1.0,0.8,10,4919,21,0,1.0,0.004251012145748988,0.9957575757575757,6.565152099938132,42,100
0.00465587044534413,1.0,0.696969696969697,0.30303030303030304,1.0,0.85,10,4917,23,0,1.0,0.00465587044534413,0.9953535353535353,6.565152099938132,42,100
0.010121457489878543,1.0,0.8333333333333334,0.16666666666666666,1.0,0.9,10,4890,50,0,1.0,0.010121457489878543,0.98989898989899,6.565152099938132,42,100
0.23765182186234818,1.0,0.9915540540540541,0.008445945945945946,1.0,0.95,10,3766,1174,0,1.0,0.23765182186234818,0.7628282828282829,6.565152099938132,42,100
0.9779352226720648,1.0,0.9979343110927494,0.002065688907250568,1.0,1.0,10,109,4831,0,1.0,0.9779352226720648,0.02404040404040404,6.565152099938132,42,100
0.0,1.0,0.0,1.0,1.0,0.05,10,4940,0,0,1.0,0.0,1.0,5.798095999984071,43,100
0.0004048582995951417,1.0,0.16666666666666666,0.8333333333333334,1.0,0.1,10,4938,2,0,1.0,0.0004048582995951417,0.9995959595959596,5.798095999984071,43,100
0.0006072874493927126,1.0,0.23076923076923078,0.7692307692307693,1.0,0.15,10,4937,3,0,1.0,0.0006072874493927126,0.9993939393939394,5.798095999984071,43,100
0.0008097165991902834,1.0,0.2857142857142857,0.7142857142857143,1.0,0.2,10,4936,4,0,1.0,0.0008097165991902834,0.9991919191919192,5.798095999984071,43,100
0.0008097165991902834,1.0,0.2857142857142857,0.7142857142857143,1.0,0.25,10,4936,4,0,1.0,0.0008097165991902834,0.9991919191919192,5.798095999984071,43,100
0.0010121457489878543,1.0,0.3333333333333333,0.6666666666666666,1.0,0.3,10,4935,5,0,1.0,0.0010121457489878543,0.998989898989899,5.798095999984071,43,100
0.0012145748987854252,1.0,0.375,0.625,1.0,0.35,10,4934,6,0,1.0,0.0012145748987854252,0.9987878787878788,5.798095999984071,43,100
0.0012145748987854252,1.0,0.375,0.625,1.0,0.4,10,4934,6,0,1.0,0.0012145748987854252,0.9987878787878788,5.798095999984071,43,100
0.0012145748987854252,1.0,0.375,0.625,1.0,0.45,10,4934,6,0,1.0,0.0012145748987854252,0.9987878787878788,5.798095999984071,43,100
0.0012145748987854252,1.0,0.375,0.625,1.0,0.5,10,4934,6,0,1.0,0.0012145748987854252,0.9987878787878788,5.798095999984071,43,100
0.0012145748987854252,1.0,0.375,0.625,1.0,0.55,10,4934,6,0,1.0,0.0012145748987854252,0.9987878787878788,5.798095999984071,43,100
0.0020242914979757085,1.0,0.5,0.5,1.0,0.6,10,4930,10,0,1.0,0.0020242914979757085,0.997979797979798,5.798095999984071,43,100
0.0034412955465587046,1.0,0.6296296296296297,0.37037037037037035,1.0,0.65,10,4923,17,0,1.0,0.0034412955465587046,0.9965656565656565,5.798095999984071,43,100
0.0066801619433198385,1.0,0.7674418604651163,0.23255813953488372,1.0,0.7,10,4907,33,0,1.0,0.0066801619433198385,0.9933333333333333,5.798095999984071,43,100
0.009716599190283401,1.0,0.8275862068965517,0.1724137931034483,1.0,0.75,10,4892,48,0,1.0,0.009716599190283401,0.9903030303030304,5.798095999984071,43,100
0.01437246963562753,1.0,0.8765432098765432,0.12345679012345678,1.0,0.8,10,4869,71,0,1.0,0.01437246963562753,0.9856565656565657,5.798095999984071,43,100
0.019635627530364373,1.0,0.9065420560747663,0.09345794392523364,1.0,0.85,10,4843,97,0,1.0,0.019635627530364373,0.9804040404040404,5.798095999984071,43,100
0.031578947368421054,1.0,0.9397590361445783,0.060240963855421686,1.0,0.9,10,4784,156,0,1.0,0.031578947368421054,0.9684848484848485,5.798095999984071,43,100
0.03866396761133603,1.0,0.9502487562189055,0.04975124378109453,1.0,0.95,10,4749,191,0,1.0,0.03866396761133603,0.9614141414141414,5.798095999984071,43,100
0.9813765182186235,1.0,0.9979415397282833,0.0020584602717167557,1.0,1.0,10,92,4848,0,1.0,0.9813765182186235,0.020606060606060607,5.798095999984071,43,100
0.0,1.0,0.0,1.0,1.0,0.05,10,4940,0,0,1.0,0.0,1.0,6.686310000019148,44,100
0.0,1.0,0.0,1.0,1.0,0.1,10,4940,0,0,1.0,0.0,1.0,6.686310000019148,44,100
0.0,1.0,0.0,1.0,1.0,0.15,10,4940,0,0,1.0,0.0,1.0,6.686310000019148,44,100
0.00020242914979757084,1.0,0.09090909090909091,0.9090909090909091,1.0,0.2,10,4939,1,0,1.0,0.00020242914979757084,0.9997979797979798,6.686310000019148,44,100
0.00020242914979757084,1.0,0.09090909090909091,0.9090909090909091,1.0,0.25,10,4939,1,0,1.0,0.00020242914979757084,0.9997979797979798,6.686310000019148,44,100
0.0006072874493927126,1.0,0.23076923076923078,0.7692307692307693,1.0,0.3,10,4937,3,0,1.0,0.0006072874493927126,0.9993939393939394,6.686310000019148,44,100
0.0006072874493927126,1.0,0.23076923076923078,0.7692307692307693,1.0,0.35,10,4937,3,0,1.0,0.0006072874493927126,0.9993939393939394,6.686310000019148,44,100
0.003036437246963563,1.0,0.6,0.4,1.0,0.4,10,4925,15,0,1.0,0.003036437246963563,0.996969696969697,6.686310000019148,44,100
0.003036437246963563,1.0,0.6,0.4,1.0,0.45,10,4925,15,0,1.0,0.003036437246963563,0.996969696969697,6.686310000019148,44,100
0.003036437246963563,1.0,0.6,0.4,1.0,0.5,10,4925,15,0,1.0,0.003036437246963563,0.996969696969697,6.686310000019148,44,100
0.0032388663967611335,1.0,0.6153846153846154,0.38461538461538464,1.0,0.55,10,4924,16,0,1.0,0.0032388663967611335,0.9967676767676767,6.686310000019148,44,100
0.0032388663967611335,1.0,0.6153846153846154,0.38461538461538464,1.0,0.6,10,4924,16,0,1.0,0.0032388663967611335,0.9967676767676767,6.686310000019148,44,100
0.004858299595141701,1.0,0.7058823529411765,0.29411764705882354,1.0,0.65,10,4916,24,0,1.0,0.004858299595141701,0.9951515151515151,6.686310000019148,44,100
0.005263157894736842,1.0,0.7222222222222222,0.2777777777777778,1.0,0.7,10,4914,26,0,1.0,0.005263157894736842,0.9947474747474747,6.686310000019148,44,100
0.005465587044534413,1.0,0.7297297297297297,0.2702702702702703,1.0,0.75,10,4913,27,0,1.0,0.005465587044534413,0.9945454545454545,6.686310000019148,44,100
0.010931174089068825,1.0,0.84375,0.15625,1.0,0.8,10,4886,54,0,1.0,0.010931174089068825,0.9890909090909091,6.686310000019148,44,100
0.010931174089068825,1.0,0.84375,0.15625,1.0,0.85,10,4886,54,0,1.0,0.010931174089068825,0.9890909090909091,6.686310000019148,44,100
0.02145748987854251,1.0,0.9137931034482759,0.08620689655172414,1.0,0.9,10,4834,106,0,1.0,0.02145748987854251,0.9785858585858586,6.686310000019148,44,100
0.046761133603238865,1.0,0.9585062240663901,0.04149377593360996,1.0,0.95,10,4709,231,0,1.0,0.046761133603238865,0.9533333333333334,6.686310000019148,44,100
0.9967611336032388,1.0,0.9979732468585326,0.002026753141467369,1.0,1.0,10,16,4924,0,1.0,0.9967611336032388,0.0052525252525252525,6.686310000019148,44,100
0.00020242914979757084,1.0,0.09090909090909091,0.9090909090909091,1.0,0.05,10,4939,1,0,1.0,0.00020242914979757084,0.9997979797979798,6.528386999969371,45,100
0.00020242914979757084,1.0,0.09090909090909091,0.9090909090909091,1.0,0.1,10,4939,1,0,1.0,0.00020242914979757084,0.9997979797979798,6.528386999969371,45,100
0.0004048582995951417,1.0,0.16666666666666666,0.8333333333333334,1.0,0.15,10,4938,2,0,1.0,0.0004048582995951417,0.9995959595959596,6.528386999969371,45,100
0.0008097165991902834,1.0,0.2857142857142857,0.7142857142857143,1.0,0.2,10,4936,4,0,1.0,0.0008097165991902834,0.9991919191919192,6.528386999969371,45,100
0.001417004048582996,1.0,0.4117647058823529,0.5882352941176471,1.0,0.25,10,4933,7,0,1.0,0.001417004048582996,0.9985858585858586,6.528386999969371,45,100
0.001417004048582996,1.0,0.4117647058823529,0.5882352941176471,1.0,0.3,10,4933,7,0,1.0,0.001417004048582996,0.9985858585858586,6.528386999969371,45,100
0.001417004048582996,1.0,0.4117647058823529,0.5882352941176471,1.0,0.35,10,4933,7,0,1.0,0.001417004048582996,0.9985858585858586,6.528386999969371,45,100
0.0016194331983805667,1.0,0.4444444444444444,0.5555555555555556,1.0,0.4,10,4932,8,0,1.0,0.0016194331983805667,0.9983838383838384,6.528386999969371,45,100
0.0018218623481781376,1.0,0.47368421052631576,0.5263157894736842,1.0,0.45,10,4931,9,0,1.0,0.0018218623481781376,0.9981818181818182,6.528386999969371,45,100
0.0018218623481781376,1.0,0.47368421052631576,0.5263157894736842,1.0,0.5,10,4931,9,0,1.0,0.0018218623481781376,0.9981818181818182,6.528386999969371,45,100
0.002631578947368421,1.0,0.5652173913043478,0.43478260869565216,1.0,0.55,10,4927,13,0,1.0,0.002631578947368421,0.9973737373737374,6.528386999969371,45,100
0.0038461538461538464,1.0,0.6551724137931034,0.3448275862068966,1.0,0.6,10,4921,19,0,1.0,0.0038461538461538464,0.9961616161616161,6.528386999969371,45,100
0.0038461538461538464,1.0,0.6551724137931034,0.3448275862068966,1.0,0.65,10,4921,19,0,1.0,0.0038461538461538464,0.9961616161616161,6.528386999969371,45,100
0.004251012145748988,1.0,0.6774193548387096,0.3225806451612903,1.0,0.7,10,4919,21,0,1.0,0.004251012145748988,0.9957575757575757,6.528386999969371,45,100
0.0066801619433198385,1.0,0.7674418604651163,0.23255813953488372,1.0,0.75,10,4907,33,0,1.0,0.0066801619433198385,0.9933333333333333,6.528386999969371,45,100
0.010323886639676113,1.0,0.8360655737704918,0.16393442622950818,1.0,0.8,10,4889,51,0,1.0,0.010323886639676113,0.9896969696969697,6.528386999969371,45,100
0.013157894736842105,1.0,0.8666666666666667,0.13333333333333333,1.0,0.85,10,4875,65,0,1.0,0.013157894736842105,0.9868686868686869,6.528386999969371,45,100
0.02874493927125506,1.0,0.9342105263157895,0.06578947368421052,1.0,0.9,10,4798,142,0,1.0,0.02874493927125506,0.9713131313131314,6.528386999969371,45,100
0.14190283400809717,1.0,0.9859353023909986,0.014064697609001406,1.0,0.95,10,4239,701,0,1.0,0.14190283400809717,0.8583838383838384,6.528386999969371,45,100
0.9917004048582996,1.0,0.9979629252393563,0.002037074760643716,1.0,1.0,10,41,4899,0,1.0,0.9917004048582996,0.010303030303030303,6.528386999969371,45,100
0.00020242914979757084,1.0,0.09090909090909091,0.9090909090909091,1.0,0.05,10,4939,1,0,1.0,0.00020242914979757084,0.9997979797979798,6.491478799958713,46,100
0.00020242914979757084,1.0,0.09090909090909091,0.9090909090909091,1.0,0.1,10,4939,1,0,1.0,0.00020242914979757084,0.9997979797979798,6.491478799958713,46,100
0.00020242914979757084,1.0,0.09090909090909091,0.9090909090909091,1.0,0.15,10,4939,1,0,1.0,0.00020242914979757084,0.9997979797979798,6.491478799958713,46,100
0.00020242914979757084,1.0,0.09090909090909091,0.9090909090909091,1.0,0.2,10,4939,1,0,1.0,0.00020242914979757084,0.9997979797979798,6.491478799958713,46,100
0.0006072874493927126,1.0,0.23076923076923078,0.7692307692307693,1.0,0.25,10,4937,3,0,1.0,0.0006072874493927126,0.9993939393939394,6.491478799958713,46,100
0.0012145748987854252,1.0,0.375,0.625,1.0,0.3,10,4934,6,0,1.0,0.0012145748987854252,0.9987878787878788,6.491478799958713,46,100
0.0016194331983805667,1.0,0.4444444444444444,0.5555555555555556,1.0,0.35,10,4932,8,0,1.0,0.0016194331983805667,0.9983838383838384,6.491478799958713,46,100
0.0018218623481781376,1.0,0.47368421052631576,0.5263157894736842,1.0,0.4,10,4931,9,0,1.0,0.0018218623481781376,0.9981818181818182,6.491478799958713,46,100
0.0024291497975708503,1.0,0.5454545454545454,0.45454545454545453,1.0,0.45,10,4928,12,0,1.0,0.0024291497975708503,0.9975757575757576,6.491478799958713,46,100
0.0024291497975708503,1.0,0.5454545454545454,0.45454545454545453,1.0,0.5,10,4928,12,0,1.0,0.0024291497975708503,0.9975757575757576,6.491478799958713,46,100
0.002631578947368421,1.0,0.5652173913043478,0.43478260869565216,1.0,0.55,10,4927,13,0,1.0,0.002631578947368421,0.9973737373737374,6.491478799958713,46,100
0.002834008097165992,1.0,0.5833333333333334,0.4166666666666667,1.0,0.6,10,4926,14,0,1.0,0.002834008097165992,0.9971717171717172,6.491478799958713,46,100
0.002834008097165992,1.0,0.5833333333333334,0.4166666666666667,1.0,0.65,10,4926,14,0,1.0,0.002834008097165992,0.9971717171717172,6.491478799958713,46,100
0.005465587044534413,1.0,0.7297297297297297,0.2702702702702703,1.0,0.7,10,4913,27,0,1.0,0.005465587044534413,0.9945454545454545,6.491478799958713,46,100
0.005870445344129555,1.0,0.7435897435897436,0.2564102564102564,1.0,0.75,10,4911,29,0,1.0,0.005870445344129555,0.9941414141414141,6.491478799958713,46,100
0.00708502024291498,1.0,0.7777777777777778,0.2222222222222222,1.0,0.8,10,4905,35,0,1.0,0.00708502024291498,0.9929292929292929,6.491478799958713,46,100
0.010526315789473684,1.0,0.8387096774193549,0.16129032258064516,1.0,0.85,10,4888,52,0,1.0,0.010526315789473684,0.9894949494949495,6.491478799958713,46,100
0.013765182186234818,1.0,0.8717948717948718,0.1282051282051282,1.0,0.9,10,4872,68,0,1.0,0.013765182186234818,0.9862626262626263,6.491478799958713,46,100
0.07813765182186234,1.0,0.9747474747474747,0.025252525252525252,1.0,0.95,10,4554,386,0,1.0,0.07813765182186234,0.9220202020202021,6.491478799958713,46,100
0.9902834008097166,1.0,0.9979600163198694,0.002039983680130559,1.0,1.0,10,48,4892,0,1.0,0.9902834008097166,0.011717171717171718,6.491478799958713,46,100
0.0,1.0,0.0,1.0,1.0,0.05,10,4940,0,0,1.0,0.0,1.0,6.714763300027698,47,100
0.00020242914979757084,1.0,0.09090909090909091,0.9090909090909091,1.0,0.1,10,4939,1,0,1.0,0.00020242914979757084,0.9997979797979798,6.714763300027698,47,100
0.0004048582995951417,1.0,0.16666666666666666,0.8333333333333334,1.0,0.15,10,4938,2,0,1.0,0.0004048582995951417,0.9995959595959596,6.714763300027698,47,100
0.0004048582995951417,1.0,0.16666666666666666,0.8333333333333334,1.0,0.2,10,4938,2,0,1.0,0.0004048582995951417,0.9995959595959596,6.714763300027698,47,100
0.0006072874493927126,1.0,0.23076923076923078,0.7692307692307693,1.0,0.25,10,4937,3,0,1.0,0.0006072874493927126,0.9993939393939394,6.714763300027698,47,100
0.0006072874493927126,1.0,0.23076923076923078,0.7692307692307693,1.0,0.3,10,4937,3,0,1.0,0.0006072874493927126,0.9993939393939394,6.714763300027698,47,100
0.0012145748987854252,1.0,0.375,0.625,1.0,0.35,10,4934,6,0,1.0,0.0012145748987854252,0.9987878787878788,6.714763300027698,47,100
0.0012145748987854252,1.0,0.375,0.625,1.0,0.4,10,4934,6,0,1.0,0.0012145748987854252,0.9987878787878788,6.714763300027698,47,100
0.0018218623481781376,1.0,0.47368421052631576,0.5263157894736842,1.0,0.45,10,4931,9,0,1.0,0.0018218623481781376,0.9981818181818182,6.714763300027698,47,100
0.0036437246963562753,1.0,0.6428571428571429,0.35714285714285715,1.0,0.5,10,4922,18,0,1.0,0.0036437246963562753,0.9963636363636363,6.714763300027698,47,100
0.00465587044534413,1.0,0.696969696969697,0.30303030303030304,1.0,0.55,10,4917,23,0,1.0,0.00465587044534413,0.9953535353535353,6.714763300027698,47,100
0.00465587044534413,1.0,0.696969696969697,0.30303030303030304,1.0,0.6,10,4917,23,0,1.0,0.00465587044534413,0.9953535353535353,6.714763300027698,47,100
0.006477732793522267,1.0,0.7619047619047619,0.23809523809523808,1.0,0.65,10,4908,32,0,1.0,0.006477732793522267,0.9935353535353535,6.714763300027698,47,100
0.008704453441295546,1.0,0.8113207547169812,0.18867924528301888,1.0,0.7,10,4897,43,0,1.0,0.008704453441295546,0.9913131313131314,6.714763300027698,47,100
0.00931174089068826,1.0,0.8214285714285714,0.17857142857142858,1.0,0.75,10,4894,46,0,1.0,0.00931174089068826,0.9907070707070708,6.714763300027698,47,100
0.016194331983805668,1.0,0.8888888888888888,0.1111111111111111,1.0,0.8,10,4860,80,0,1.0,0.016194331983805668,0.9838383838383838,6.714763300027698,47,100
0.018218623481781375,1.0,0.9,0.1,1.0,0.85,10,4850,90,0,1.0,0.018218623481781375,0.9818181818181818,6.714763300027698,47,100
0.02631578947368421,1.0,0.9285714285714286,0.07142857142857142,1.0,0.9,10,4810,130,0,1.0,0.02631578947368421,0.9737373737373738,6.714763300027698,47,100
0.03461538461538462,1.0,0.9447513812154696,0.055248618784530384,1.0,0.95,10,4769,171,0,1.0,0.03461538461538462,0.9654545454545455,6.714763300027698,47,100
0.9987854251012146,1.0,0.9979773462783171,0.0020226537216828477,1.0,1.0,10,6,4934,0,1.0,0.9987854251012146,0.0032323232323232323,6.714763300027698,47,100
0.00020242914979757084,1.0,0.09090909090909091,0.9090909090909091,1.0,0.05,10,4939,1,0,1.0,0.00020242914979757084,0.9997979797979798,6.662886699894443,48,100
0.00020242914979757084,1.0,0.09090909090909091,0.9090909090909091,1.0,0.1,10,4939,1,0,1.0,0.00020242914979757084,0.9997979797979798,6.662886699894443,48,100
0.0006072874493927126,1.0,0.23076923076923078,0.7692307692307693,1.0,0.15,10,4937,3,0,1.0,0.0006072874493927126,0.9993939393939394,6.662886699894443,48,100
0.001417004048582996,1.0,0.4117647058823529,0.5882352941176471,1.0,0.2,10,4933,7,0,1.0,0.001417004048582996,0.9985858585858586,6.662886699894443,48,100
0.001417004048582996,1.0,0.4117647058823529,0.5882352941176471,1.0,0.25,10,4933,7,0,1.0,0.001417004048582996,0.9985858585858586,6.662886699894443,48,100
0.001417004048582996,1.0,0.4117647058823529,0.5882352941176471,1.0,0.3,10,4933,7,0,1.0,0.001417004048582996,0.9985858585858586,6.662886699894443,48,100
0.0016194331983805667,1.0,0.4444444444444444,0.5555555555555556,1.0,0.35,10,4932,8,0,1.0,0.0016194331983805667,0.9983838383838384,6.662886699894443,48,100
0.0018218623481781376,1.0,0.47368421052631576,0.5263157894736842,1.0,0.4,10,4931,9,0,1.0,0.0018218623481781376,0.9981818181818182,6.662886699894443,48,100
0.0018218623481781376,1.0,0.47368421052631576,0.5263157894736842,1.0,0.45,10,4931,9,0,1.0,0.0018218623481781376,0.9981818181818182,6.662886699894443,48,100
0.004048582995951417,1.0,0.6666666666666666,0.3333333333333333,1.0,0.5,10,4920,20,0,1.0,0.004048582995951417,0.9959595959595959,6.662886699894443,48,100
0.00465587044534413,1.0,0.696969696969697,0.30303030303030304,1.0,0.55,10,4917,23,0,1.0,0.00465587044534413,0.9953535353535353,6.662886699894443,48,100
0.00465587044534413,1.0,0.696969696969697,0.30303030303030304,1.0,0.6,10,4917,23,0,1.0,0.00465587044534413,0.9953535353535353,6.662886699894443,48,100
0.005263157894736842,1.0,0.7222222222222222,0.2777777777777778,1.0,0.65,10,4914,26,0,1.0,0.005263157894736842,0.9947474747474747,6.662886699894443,48,100
0.005668016194331984,1.0,0.7368421052631579,0.2631578947368421,1.0,0.7,10,4912,28,0,1.0,0.005668016194331984,0.9943434343434343,6.662886699894443,48,100
0.008299595141700405,1.0,0.803921568627451,0.19607843137254902,1.0,0.75,10,4899,41,0,1.0,0.008299595141700405,0.9917171717171717,6.662886699894443,48,100
0.010323886639676113,1.0,0.8360655737704918,0.16393442622950818,1.0,0.8,10,4889,51,0,1.0,0.010323886639676113,0.9896969696969697,6.662886699894443,48,100
0.012753036437246963,1.0,0.863013698630137,0.136986301369863,1.0,0.85,10,4877,63,0,1.0,0.012753036437246963,0.9872727272727273,6.662886699894443,48,100
0.013562753036437248,1.0,0.8701298701298701,0.12987012987012986,1.0,0.9,10,4873,67,0,1.0,0.013562753036437248,0.9864646464646465,6.662886699894443,48,100
0.014574898785425101,1.0,0.8780487804878049,0.12195121951219512,1.0,0.95,10,4868,72,0,1.0,0.014574898785425101,0.9854545454545455,6.662886699894443,48,100
0.9987854251012146,1.0,0.9979773462783171,0.0020226537216828477,1.0,1.0,10,6,4934,0,1.0,0.9987854251012146,0.0032323232323232323,6.662886699894443,48,100
0.0,1.0,0.0,1.0,1.0,0.05,10,4940,0,0,1.0,0.0,1.0,6.711420899955556,49,100
0.00020242914979757084,1.0,0.09090909090909091,0.9090909090909091,1.0,0.1,10,4939,1,0,1.0,0.00020242914979757084,0.9997979797979798,6.711420899955556,49,100
0.00020242914979757084,1.0,0.09090909090909091,0.9090909090909091,1.0,0.15,10,4939,1,0,1.0,0.00020242914979757084,0.9997979797979798,6.711420899955556,49,100
0.00020242914979757084,1.0,0.09090909090909091,0.9090909090909091,1.0,0.2,10,4939,1,0,1.0,0.00020242914979757084,0.9997979797979798,6.711420899955556,49,100
0.0008097165991902834,1.0,0.2857142857142857,0.7142857142857143,1.0,0.25,10,4936,4,0,1.0,0.0008097165991902834,0.9991919191919192,6.711420899955556,49,100
0.0010121457489878543,1.0,0.3333333333333333,0.6666666666666666,1.0,0.3,10,4935,5,0,1.0,0.0010121457489878543,0.998989898989899,6.711420899955556,49,100
0.0010121457489878543,1.0,0.3333333333333333,0.6666666666666666,1.0,0.35,10,4935,5,0,1.0,0.0010121457489878543,0.998989898989899,6.711420899955556,49,100
0.0010121457489878543,1.0,0.3333333333333333,0.6666666666666666,1.0,0.4,10,4935,5,0,1.0,0.0010121457489878543,0.998989898989899,6.711420899955556,49,100
0.0010121457489878543,1.0,0.3333333333333333,0.6666666666666666,1.0,0.45,10,4935,5,0,1.0,0.0010121457489878543,0.998989898989899,6.711420899955556,49,100
0.0012145748987854252,1.0,0.375,0.625,1.0,0.5,10,4934,6,0,1.0,0.0012145748987854252,0.9987878787878788,6.711420899955556,49,100
0.0012145748987854252,1.0,0.375,0.625,1.0,0.55,10,4934,6,0,1.0,0.0012145748987854252,0.9987878787878788,6.711420899955556,49,100
0.0012145748987854252,1.0,0.375,0.625,1.0,0.6,10,4934,6,0,1.0,0.0012145748987854252,0.9987878787878788,6.711420899955556,49,100
0.0012145748987854252,1.0,0.375,0.625,1.0,0.65,10,4934,6,0,1.0,0.0012145748987854252,0.9987878787878788,6.711420899955556,49,100
0.002631578947368421,1.0,0.5652173913043478,0.43478260869565216,1.0,0.7,10,4927,13,0,1.0,0.002631578947368421,0.9973737373737374,6.711420899955556,49,100
0.003036437246963563,1.0,0.6,0.4,1.0,0.75,10,4925,15,0,1.0,0.003036437246963563,0.996969696969697,6.711420899955556,49,100
0.00465587044534413,1.0,0.696969696969697,0.30303030303030304,1.0,0.8,10,4917,23,0,1.0,0.00465587044534413,0.9953535353535353,6.711420899955556,49,100
0.005870445344129555,1.0,0.7435897435897436,0.2564102564102564,1.0,0.85,10,4911,29,0,1.0,0.005870445344129555,0.9941414141414141,6.711420899955556,49,100
0.00708502024291498,1.0,0.7777777777777778,0.2222222222222222,1.0,0.9,10,4905,35,0,1.0,0.00708502024291498,0.9929292929292929,6.711420899955556,49,100
0.020445344129554656,1.0,0.9099099099099099,0.09009009009009009,1.0,0.95,10,4839,101,0,1.0,0.020445344129554656,0.9795959595959596,6.711420899955556,49,100
0.9356275303643725,1.0,0.9978411053540587,0.002158894645941278,1.0,1.0,10,318,4622,0,1.0,0.9356275303643725,0.06626262626262626,6.711420899955556,49,100
