alpha,FPR,TPR,FDR,NPrecision,NRecall,diffnetfinder_sec,run,dim,NTP,NTN,NFP,NFN,NTPR,NFPR,NACC
0.05,,,,,,,0,200,,,,,,,
0.1,,,,,,,0,200,,,,,,,
0.15,,,,,,,0,200,,,,,,,
0.2,,,,,,,0,200,,,,,,,
0.25,,,,,,,0,200,,,,,,,
0.3,,,,,,,0,200,,,,,,,
0.35,,,,,,,0,200,,,,,,,
0.4,,,,,,,0,200,,,,,,,
0.45,,,,,,,0,200,,,,,,,
0.5,,,,,,,0,200,,,,,,,
0.55,,,,,,,0,200,,,,,,,
0.6,,,,,,,0,200,,,,,,,
0.65,,,,,,,0,200,,,,,,,
0.7,,,,,,,0,200,,,,,,,
0.75,,,,,,,0,200,,,,,,,
0.8,,,,,,,0,200,,,,,,,
0.85,,,,,,,0,200,,,,,,,
0.9,,,,,,,0,200,,,,,,,
0.95,,,,,,,0,200,,,,,,,
1.0,,,,,,,0,200,,,,,,,
0.05,0.0,1.0,0.0,1.0,1.0,44.01000709994696,1,200,10.0,19890.0,0.0,0.0,1.0,0.0,1.0
0.1,0.0,1.0,0.0,1.0,1.0,44.01000709994696,1,200,10.0,19890.0,0.0,0.0,1.0,0.0,1.0
0.15,5.0276520864756156e-05,1.0,0.09090909090909091,0.9090909090909091,1.0,44.01000709994696,1,200,10.0,19889.0,1.0,0.0,1.0,5.0276520864756156e-05,0.9999497487437186
0.2,5.0276520864756156e-05,1.0,0.09090909090909091,0.9090909090909091,1.0,44.01000709994696,1,200,10.0,19889.0,1.0,0.0,1.0,5.0276520864756156e-05,0.9999497487437186
0.25,0.00015082956259426848,1.0,0.23076923076923078,0.7692307692307693,1.0,44.01000709994696,1,200,10.0,19887.0,3.0,0.0,1.0,0.00015082956259426848,0.9998492462311558
0.3,0.0003519356460532931,1.0,0.4117647058823529,0.5882352941176471,1.0,44.01000709994696,1,200,10.0,19883.0,7.0,0.0,1.0,0.0003519356460532931,0.9996482412060301
0.35,0.0005027652086475615,1.0,0.5,0.5,1.0,44.01000709994696,1,200,10.0,19880.0,10.0,0.0,1.0,0.0005027652086475615,0.9994974874371859
0.4,0.00065359477124183,1.0,0.5652173913043478,0.43478260869565216,1.0,44.01000709994696,1,200,10.0,19877.0,13.0,0.0,1.0,0.00065359477124183,0.9993467336683417
0.45,0.0007038712921065862,1.0,0.5833333333333334,0.4166666666666667,1.0,44.01000709994696,1,200,10.0,19876.0,14.0,0.0,1.0,0.0007038712921065862,0.9992964824120603
0.5,0.0008547008547008547,1.0,0.6296296296296297,0.37037037037037035,1.0,44.01000709994696,1,200,10.0,19873.0,17.0,0.0,1.0,0.0008547008547008547,0.999145728643216
0.55,0.0008547008547008547,1.0,0.6296296296296297,0.37037037037037035,1.0,44.01000709994696,1,200,10.0,19873.0,17.0,0.0,1.0,0.0008547008547008547,0.999145728643216
0.6,0.000955253896430367,1.0,0.6551724137931034,0.3448275862068966,1.0,44.01000709994696,1,200,10.0,19871.0,19.0,0.0,1.0,0.000955253896430367,0.9990452261306533
0.65,0.001005530417295123,1.0,0.6666666666666666,0.3333333333333333,1.0,44.01000709994696,1,200,10.0,19870.0,20.0,0.0,1.0,0.001005530417295123,0.9989949748743718
0.7,0.0010558069381598793,1.0,0.6774193548387096,0.3225806451612903,1.0,44.01000709994696,1,200,10.0,19869.0,21.0,0.0,1.0,0.0010558069381598793,0.9989447236180905
0.75,0.0018602312719959778,1.0,0.7872340425531915,0.2127659574468085,1.0,44.01000709994696,1,200,10.0,19853.0,37.0,0.0,1.0,0.0018602312719959778,0.998140703517588
0.8,0.004172951231774761,1.0,0.8924731182795699,0.10752688172043011,1.0,44.01000709994696,1,200,10.0,19807.0,83.0,0.0,1.0,0.004172951231774761,0.9958291457286432
0.85,0.0059326294620412265,1.0,0.921875,0.078125,1.0,44.01000709994696,1,200,10.0,19772.0,118.0,0.0,1.0,0.0059326294620412265,0.994070351758794
0.9,0.015384615384615385,1.0,0.9683544303797469,0.03164556962025317,1.0,44.01000709994696,1,200,10.0,19584.0,306.0,0.0,1.0,0.015384615384615385,0.9846231155778894
0.95,0.10361990950226245,1.0,0.9951714147754708,0.004828585224529213,1.0,44.01000709994696,1,200,10.0,17829.0,2061.0,0.0,1.0,0.10361990950226245,0.8964321608040201
1.0,0.9541980894922072,1.0,0.9994733793248723,0.0005266206751277055,1.0,44.01000709994696,1,200,10.0,911.0,18979.0,0.0,1.0,0.9541980894922072,0.04628140703517588
0.05,0.00010055304172951231,1.0,0.16666666666666666,0.8333333333333334,1.0,44.8563625998795,2,200,10.0,19888.0,2.0,0.0,1.0,0.00010055304172951231,0.9998994974874372
0.1,0.00010055304172951231,1.0,0.16666666666666666,0.8333333333333334,1.0,44.8563625998795,2,200,10.0,19888.0,2.0,0.0,1.0,0.00010055304172951231,0.9998994974874372
0.15,0.00010055304172951231,1.0,0.16666666666666666,0.8333333333333334,1.0,44.8563625998795,2,200,10.0,19888.0,2.0,0.0,1.0,0.00010055304172951231,0.9998994974874372
0.2,0.00010055304172951231,1.0,0.16666666666666666,0.8333333333333334,1.0,44.8563625998795,2,200,10.0,19888.0,2.0,0.0,1.0,0.00010055304172951231,0.9998994974874372
0.25,0.00010055304172951231,1.0,0.16666666666666666,0.8333333333333334,1.0,44.8563625998795,2,200,10.0,19888.0,2.0,0.0,1.0,0.00010055304172951231,0.9998994974874372
0.3,0.00010055304172951231,1.0,0.16666666666666666,0.8333333333333334,1.0,44.8563625998795,2,200,10.0,19888.0,2.0,0.0,1.0,0.00010055304172951231,0.9998994974874372
0.35,0.00010055304172951231,1.0,0.16666666666666666,0.8333333333333334,1.0,44.8563625998795,2,200,10.0,19888.0,2.0,0.0,1.0,0.00010055304172951231,0.9998994974874372
0.4,0.00015082956259426848,1.0,0.23076923076923078,0.7692307692307693,1.0,44.8563625998795,2,200,10.0,19887.0,3.0,0.0,1.0,0.00015082956259426848,0.9998492462311558
0.45,0.00015082956259426848,1.0,0.23076923076923078,0.7692307692307693,1.0,44.8563625998795,2,200,10.0,19887.0,3.0,0.0,1.0,0.00015082956259426848,0.9998492462311558
0.5,0.00015082956259426848,1.0,0.23076923076923078,0.7692307692307693,1.0,44.8563625998795,2,200,10.0,19887.0,3.0,0.0,1.0,0.00015082956259426848,0.9998492462311558
0.55,0.0003519356460532931,1.0,0.4117647058823529,0.5882352941176471,1.0,44.8563625998795,2,200,10.0,19883.0,7.0,0.0,1.0,0.0003519356460532931,0.9996482412060301
0.6,0.0003519356460532931,1.0,0.4117647058823529,0.5882352941176471,1.0,44.8563625998795,2,200,10.0,19883.0,7.0,0.0,1.0,0.0003519356460532931,0.9996482412060301
0.65,0.00040221216691804925,1.0,0.4444444444444444,0.5555555555555556,1.0,44.8563625998795,2,200,10.0,19882.0,8.0,0.0,1.0,0.00040221216691804925,0.9995979899497487
0.7,0.001005530417295123,1.0,0.6666666666666666,0.3333333333333333,1.0,44.8563625998795,2,200,10.0,19870.0,20.0,0.0,1.0,0.001005530417295123,0.9989949748743718
0.75,0.001608848667672197,1.0,0.7619047619047619,0.23809523809523808,1.0,44.8563625998795,2,200,10.0,19858.0,32.0,0.0,1.0,0.001608848667672197,0.998391959798995
0.8,0.0017094017094017094,1.0,0.7727272727272727,0.22727272727272727,1.0,44.8563625998795,2,200,10.0,19856.0,34.0,0.0,1.0,0.0017094017094017094,0.9982914572864322
0.85,0.0017094017094017094,1.0,0.7727272727272727,0.22727272727272727,1.0,44.8563625998795,2,200,10.0,19856.0,34.0,0.0,1.0,0.0017094017094017094,0.9982914572864322
0.9,0.002815485168426345,1.0,0.8484848484848485,0.15151515151515152,1.0,44.8563625998795,2,200,10.0,19834.0,56.0,0.0,1.0,0.002815485168426345,0.9971859296482412
0.95,0.010558069381598794,1.0,0.9545454545454546,0.045454545454545456,1.0,44.8563625998795,2,200,10.0,19680.0,210.0,0.0,1.0,0.010558069381598794,0.9894472361809046
1.0,0.9577677224736049,1.0,0.9994753410283316,0.0005246589716684155,1.0,44.8563625998795,2,200,10.0,840.0,19050.0,0.0,1.0,0.9577677224736049,0.04271356783919598
0.05,0.0,1.0,0.0,1.0,1.0,44.40822759992443,3,200,10.0,19890.0,0.0,0.0,1.0,0.0,1.0
0.1,0.00010055304172951231,1.0,0.16666666666666666,0.8333333333333334,1.0,44.40822759992443,3,200,10.0,19888.0,2.0,0.0,1.0,0.00010055304172951231,0.9998994974874372
0.15,0.00010055304172951231,1.0,0.16666666666666666,0.8333333333333334,1.0,44.40822759992443,3,200,10.0,19888.0,2.0,0.0,1.0,0.00010055304172951231,0.9998994974874372
0.2,0.00010055304172951231,1.0,0.16666666666666666,0.8333333333333334,1.0,44.40822759992443,3,200,10.0,19888.0,2.0,0.0,1.0,0.00010055304172951231,0.9998994974874372
0.25,0.00020110608345902463,1.0,0.2857142857142857,0.7142857142857143,1.0,44.40822759992443,3,200,10.0,19886.0,4.0,0.0,1.0,0.00020110608345902463,0.9997989949748743
0.3,0.00020110608345902463,1.0,0.2857142857142857,0.7142857142857143,1.0,44.40822759992443,3,200,10.0,19886.0,4.0,0.0,1.0,0.00020110608345902463,0.9997989949748743
0.35,0.00020110608345902463,1.0,0.2857142857142857,0.7142857142857143,1.0,44.40822759992443,3,200,10.0,19886.0,4.0,0.0,1.0,0.00020110608345902463,0.9997989949748743
0.4,0.00025138260432378077,1.0,0.3333333333333333,0.6666666666666666,1.0,44.40822759992443,3,200,10.0,19885.0,5.0,0.0,1.0,0.00025138260432378077,0.999748743718593
0.45,0.00025138260432378077,1.0,0.3333333333333333,0.6666666666666666,1.0,44.40822759992443,3,200,10.0,19885.0,5.0,0.0,1.0,0.00025138260432378077,0.999748743718593
0.5,0.00030165912518853697,1.0,0.375,0.625,1.0,44.40822759992443,3,200,10.0,19884.0,6.0,0.0,1.0,0.00030165912518853697,0.9996984924623116
0.55,0.0003519356460532931,1.0,0.4117647058823529,0.5882352941176471,1.0,44.40822759992443,3,200,10.0,19883.0,7.0,0.0,1.0,0.0003519356460532931,0.9996482412060301
0.6,0.0009049773755656109,1.0,0.6428571428571429,0.35714285714285715,1.0,44.40822759992443,3,200,10.0,19872.0,18.0,0.0,1.0,0.0009049773755656109,0.9990954773869347
0.65,0.0017094017094017094,1.0,0.7727272727272727,0.22727272727272727,1.0,44.40822759992443,3,200,10.0,19856.0,34.0,0.0,1.0,0.0017094017094017094,0.9982914572864322
0.7,0.0022624434389140274,1.0,0.8181818181818182,0.18181818181818182,1.0,44.40822759992443,3,200,10.0,19845.0,45.0,0.0,1.0,0.0022624434389140274,0.9977386934673367
0.75,0.0024635495223730517,1.0,0.8305084745762712,0.1694915254237288,1.0,44.40822759992443,3,200,10.0,19841.0,49.0,0.0,1.0,0.0024635495223730517,0.997537688442211
0.8,0.003569632981397687,1.0,0.8765432098765432,0.12345679012345678,1.0,44.40822759992443,3,200,10.0,19819.0,71.0,0.0,1.0,0.003569632981397687,0.9964321608040201
0.85,0.003770739064856712,1.0,0.8823529411764706,0.11764705882352941,1.0,44.40822759992443,3,200,10.0,19815.0,75.0,0.0,1.0,0.003770739064856712,0.9962311557788944
0.9,0.008195072900955254,1.0,0.9421965317919075,0.057803468208092484,1.0,44.40822759992443,3,200,10.0,19727.0,163.0,0.0,1.0,0.008195072900955254,0.9918090452261307
0.95,0.0110105580693816,1.0,0.9563318777292577,0.043668122270742356,1.0,44.40822759992443,3,200,10.0,19671.0,219.0,0.0,1.0,0.0110105580693816,0.9889949748743718
1.0,0.9926596279537456,1.0,0.9994937734129796,0.0005062265870203503,1.0,44.40822759992443,3,200,10.0,146.0,19744.0,0.0,1.0,0.9926596279537456,0.007839195979899497
0.05,0.0,1.0,0.0,1.0,1.0,43.939808499999344,4,200,10.0,19890.0,0.0,0.0,1.0,0.0,1.0
0.1,0.00010055304172951231,1.0,0.16666666666666666,0.8333333333333334,1.0,43.939808499999344,4,200,10.0,19888.0,2.0,0.0,1.0,0.00010055304172951231,0.9998994974874372
0.15,0.00010055304172951231,1.0,0.16666666666666666,0.8333333333333334,1.0,43.939808499999344,4,200,10.0,19888.0,2.0,0.0,1.0,0.00010055304172951231,0.9998994974874372
0.2,0.00025138260432378077,1.0,0.3333333333333333,0.6666666666666666,1.0,43.939808499999344,4,200,10.0,19885.0,5.0,0.0,1.0,0.00025138260432378077,0.999748743718593
0.25,0.0003519356460532931,1.0,0.4117647058823529,0.5882352941176471,1.0,43.939808499999344,4,200,10.0,19883.0,7.0,0.0,1.0,0.0003519356460532931,0.9996482412060301
0.3,0.0003519356460532931,1.0,0.4117647058823529,0.5882352941176471,1.0,43.939808499999344,4,200,10.0,19883.0,7.0,0.0,1.0,0.0003519356460532931,0.9996482412060301
0.35,0.00045248868778280545,1.0,0.47368421052631576,0.5263157894736842,1.0,43.939808499999344,4,200,10.0,19881.0,9.0,0.0,1.0,0.00045248868778280545,0.9995477386934674
0.4,0.0007541478129713424,1.0,0.6,0.4,1.0,43.939808499999344,4,200,10.0,19875.0,15.0,0.0,1.0,0.0007541478129713424,0.9992462311557789
0.45,0.0008044243338360985,1.0,0.6153846153846154,0.38461538461538464,1.0,43.939808499999344,4,200,10.0,19874.0,16.0,0.0,1.0,0.0008044243338360985,0.9991959798994975
0.5,0.0008547008547008547,1.0,0.6296296296296297,0.37037037037037035,1.0,43.939808499999344,4,200,10.0,19873.0,17.0,0.0,1.0,0.0008547008547008547,0.999145728643216
0.55,0.0011060834590246355,1.0,0.6875,0.3125,1.0,43.939808499999344,4,200,10.0,19868.0,22.0,0.0,1.0,0.0011060834590246355,0.9988944723618091
0.6,0.0011060834590246355,1.0,0.6875,0.3125,1.0,43.939808499999344,4,200,10.0,19868.0,22.0,0.0,1.0,0.0011060834590246355,0.9988944723618091
0.65,0.001608848667672197,1.0,0.7619047619047619,0.23809523809523808,1.0,43.939808499999344,4,200,10.0,19858.0,32.0,0.0,1.0,0.001608848667672197,0.998391959798995
0.7,0.002161890397184515,1.0,0.8113207547169812,0.18867924528301888,1.0,43.939808499999344,4,200,10.0,19847.0,43.0,0.0,1.0,0.002161890397184515,0.9978391959798995
0.75,0.002212166918049271,1.0,0.8148148148148148,0.18518518518518517,1.0,43.939808499999344,4,200,10.0,19846.0,44.0,0.0,1.0,0.002212166918049271,0.9977889447236181
0.8,0.0030165912518853697,1.0,0.8571428571428571,0.14285714285714285,1.0,43.939808499999344,4,200,10.0,19830.0,60.0,0.0,1.0,0.0030165912518853697,0.9969849246231156
0.85,0.0037204625439919555,1.0,0.8809523809523809,0.11904761904761904,1.0,43.939808499999344,4,200,10.0,19816.0,74.0,0.0,1.0,0.0037204625439919555,0.9962814070351759
0.9,0.008547008547008548,1.0,0.9444444444444444,0.05555555555555555,1.0,43.939808499999344,4,200,10.0,19720.0,170.0,0.0,1.0,0.008547008547008548,0.9914572864321608
0.95,0.01649069884364002,1.0,0.9704142011834319,0.029585798816568046,1.0,43.939808499999344,4,200,10.0,19562.0,328.0,0.0,1.0,0.01649069884364002,0.9835175879396985
1.0,0.9982403217697335,1.0,0.9994966020639315,0.0005033979360684622,1.0,43.939808499999344,4,200,10.0,35.0,19855.0,0.0,1.0,0.9982403217697335,0.0022613065326633165
0.05,5.0276520864756156e-05,1.0,0.09090909090909091,0.9090909090909091,1.0,44.4630632000044,5,200,10.0,19889.0,1.0,0.0,1.0,5.0276520864756156e-05,0.9999497487437186
0.1,5.0276520864756156e-05,1.0,0.09090909090909091,0.9090909090909091,1.0,44.4630632000044,5,200,10.0,19889.0,1.0,0.0,1.0,5.0276520864756156e-05,0.9999497487437186
0.15,5.0276520864756156e-05,1.0,0.09090909090909091,0.9090909090909091,1.0,44.4630632000044,5,200,10.0,19889.0,1.0,0.0,1.0,5.0276520864756156e-05,0.9999497487437186
0.2,0.00015082956259426848,1.0,0.23076923076923078,0.7692307692307693,1.0,44.4630632000044,5,200,10.0,19887.0,3.0,0.0,1.0,0.00015082956259426848,0.9998492462311558
0.25,0.00015082956259426848,1.0,0.23076923076923078,0.7692307692307693,1.0,44.4630632000044,5,200,10.0,19887.0,3.0,0.0,1.0,0.00015082956259426848,0.9998492462311558
0.3,0.00015082956259426848,1.0,0.23076923076923078,0.7692307692307693,1.0,44.4630632000044,5,200,10.0,19887.0,3.0,0.0,1.0,0.00015082956259426848,0.9998492462311558
0.35,0.00020110608345902463,1.0,0.2857142857142857,0.7142857142857143,1.0,44.4630632000044,5,200,10.0,19886.0,4.0,0.0,1.0,0.00020110608345902463,0.9997989949748743
0.4,0.00045248868778280545,1.0,0.47368421052631576,0.5263157894736842,1.0,44.4630632000044,5,200,10.0,19881.0,9.0,0.0,1.0,0.00045248868778280545,0.9995477386934674
0.45,0.0005027652086475615,1.0,0.5,0.5,1.0,44.4630632000044,5,200,10.0,19880.0,10.0,0.0,1.0,0.0005027652086475615,0.9994974874371859
0.5,0.0009049773755656109,1.0,0.6428571428571429,0.35714285714285715,1.0,44.4630632000044,5,200,10.0,19872.0,18.0,0.0,1.0,0.0009049773755656109,0.9990954773869347
0.55,0.0012066365007541479,1.0,0.7058823529411765,0.29411764705882354,1.0,44.4630632000044,5,200,10.0,19866.0,24.0,0.0,1.0,0.0012066365007541479,0.9987939698492462
0.6,0.0012066365007541479,1.0,0.7058823529411765,0.29411764705882354,1.0,44.4630632000044,5,200,10.0,19866.0,24.0,0.0,1.0,0.0012066365007541479,0.9987939698492462
0.65,0.0012066365007541479,1.0,0.7058823529411765,0.29411764705882354,1.0,44.4630632000044,5,200,10.0,19866.0,24.0,0.0,1.0,0.0012066365007541479,0.9987939698492462
0.7,0.00130718954248366,1.0,0.7222222222222222,0.2777777777777778,1.0,44.4630632000044,5,200,10.0,19864.0,26.0,0.0,1.0,0.00130718954248366,0.9986934673366834
0.75,0.0018099547511312218,1.0,0.782608695652174,0.21739130434782608,1.0,44.4630632000044,5,200,10.0,19854.0,36.0,0.0,1.0,0.0018099547511312218,0.9981909547738693
0.8,0.0032679738562091504,1.0,0.8666666666666667,0.13333333333333333,1.0,44.4630632000044,5,200,10.0,19825.0,65.0,0.0,1.0,0.0032679738562091504,0.9967336683417085
0.85,0.007692307692307693,1.0,0.9386503067484663,0.06134969325153374,1.0,44.4630632000044,5,200,10.0,19737.0,153.0,0.0,1.0,0.007692307692307693,0.9923115577889448
0.9,0.008697838109602816,1.0,0.9453551912568307,0.0546448087431694,1.0,44.4630632000044,5,200,10.0,19717.0,173.0,0.0,1.0,0.008697838109602816,0.9913065326633166
0.95,0.040522875816993466,1.0,0.9877450980392157,0.012254901960784314,1.0,44.4630632000044,5,200,10.0,19084.0,806.0,0.0,1.0,0.040522875816993466,0.9594974874371859
1.0,0.36415284062342884,1.0,0.9986212601682063,0.0013787398317937406,1.0,44.4630632000044,5,200,10.0,12647.0,7243.0,0.0,1.0,0.36415284062342884,0.6360301507537689
0.05,5.0276520864756156e-05,1.0,0.09090909090909091,0.9090909090909091,1.0,45.58299240004271,6,200,10.0,19889.0,1.0,0.0,1.0,5.0276520864756156e-05,0.9999497487437186
0.1,5.0276520864756156e-05,1.0,0.09090909090909091,0.9090909090909091,1.0,45.58299240004271,6,200,10.0,19889.0,1.0,0.0,1.0,5.0276520864756156e-05,0.9999497487437186
0.15,5.0276520864756156e-05,1.0,0.09090909090909091,0.9090909090909091,1.0,45.58299240004271,6,200,10.0,19889.0,1.0,0.0,1.0,5.0276520864756156e-05,0.9999497487437186
0.2,5.0276520864756156e-05,1.0,0.09090909090909091,0.9090909090909091,1.0,45.58299240004271,6,200,10.0,19889.0,1.0,0.0,1.0,5.0276520864756156e-05,0.9999497487437186
0.25,5.0276520864756156e-05,1.0,0.09090909090909091,0.9090909090909091,1.0,45.58299240004271,6,200,10.0,19889.0,1.0,0.0,1.0,5.0276520864756156e-05,0.9999497487437186
0.3,0.00010055304172951231,1.0,0.16666666666666666,0.8333333333333334,1.0,45.58299240004271,6,200,10.0,19888.0,2.0,0.0,1.0,0.00010055304172951231,0.9998994974874372
0.35,0.00010055304172951231,1.0,0.16666666666666666,0.8333333333333334,1.0,45.58299240004271,6,200,10.0,19888.0,2.0,0.0,1.0,0.00010055304172951231,0.9998994974874372
0.4,0.00010055304172951231,1.0,0.16666666666666666,0.8333333333333334,1.0,45.58299240004271,6,200,10.0,19888.0,2.0,0.0,1.0,0.00010055304172951231,0.9998994974874372
0.45,0.00015082956259426848,1.0,0.23076923076923078,0.7692307692307693,1.0,45.58299240004271,6,200,10.0,19887.0,3.0,0.0,1.0,0.00015082956259426848,0.9998492462311558
0.5,0.00015082956259426848,1.0,0.23076923076923078,0.7692307692307693,1.0,45.58299240004271,6,200,10.0,19887.0,3.0,0.0,1.0,0.00015082956259426848,0.9998492462311558
0.55,0.00030165912518853697,1.0,0.375,0.625,1.0,45.58299240004271,6,200,10.0,19884.0,6.0,0.0,1.0,0.00030165912518853697,0.9996984924623116
0.6,0.00030165912518853697,1.0,0.375,0.625,1.0,45.58299240004271,6,200,10.0,19884.0,6.0,0.0,1.0,0.00030165912518853697,0.9996984924623116
0.65,0.00030165912518853697,1.0,0.375,0.625,1.0,45.58299240004271,6,200,10.0,19884.0,6.0,0.0,1.0,0.00030165912518853697,0.9996984924623116
0.7,0.0005530417295123177,1.0,0.5238095238095238,0.47619047619047616,1.0,45.58299240004271,6,200,10.0,19879.0,11.0,0.0,1.0,0.0005530417295123177,0.9994472361809045
0.75,0.0007038712921065862,1.0,0.5833333333333334,0.4166666666666667,1.0,45.58299240004271,6,200,10.0,19876.0,14.0,0.0,1.0,0.0007038712921065862,0.9992964824120603
0.8,0.0027149321266968325,1.0,0.84375,0.15625,1.0,45.58299240004271,6,200,10.0,19836.0,54.0,0.0,1.0,0.0027149321266968325,0.997286432160804
0.85,0.00784313725490196,1.0,0.9397590361445783,0.060240963855421686,1.0,45.58299240004271,6,200,10.0,19734.0,156.0,0.0,1.0,0.00784313725490196,0.9921608040201005
0.9,0.0342885872297637,1.0,0.9855491329479769,0.014450867052023121,1.0,45.58299240004271,6,200,10.0,19208.0,682.0,0.0,1.0,0.0342885872297637,0.9657286432160804
0.95,0.11231774761186526,1.0,0.9955436720142602,0.004456327985739751,1.0,45.58299240004271,6,200,10.0,17656.0,2234.0,0.0,1.0,0.11231774761186526,0.8877386934673367
1.0,0.9981900452488688,1.0,0.9994965767217077,0.0005034232782923883,1.0,45.58299240004271,6,200,10.0,36.0,19854.0,0.0,1.0,0.9981900452488688,0.0023115577889447235
0.05,,,,,,,7,200,,,,,,,
0.1,,,,,,,7,200,,,,,,,
0.15,,,,,,,7,200,,,,,,,
0.2,,,,,,,7,200,,,,,,,
0.25,,,,,,,7,200,,,,,,,
0.3,,,,,,,7,200,,,,,,,
0.35,,,,,,,7,200,,,,,,,
0.4,,,,,,,7,200,,,,,,,
0.45,,,,,,,7,200,,,,,,,
0.5,,,,,,,7,200,,,,,,,
0.55,,,,,,,7,200,,,,,,,
0.6,,,,,,,7,200,,,,,,,
0.65,,,,,,,7,200,,,,,,,
0.7,,,,,,,7,200,,,,,,,
0.75,,,,,,,7,200,,,,,,,
0.8,,,,,,,7,200,,,,,,,
0.85,,,,,,,7,200,,,,,,,
0.9,,,,,,,7,200,,,,,,,
0.95,,,,,,,7,200,,,,,,,
1.0,,,,,,,7,200,,,,,,,
0.05,0.0,1.0,0.0,1.0,1.0,44.45361419999972,8,200,10.0,19890.0,0.0,0.0,1.0,0.0,1.0
0.1,0.00015082956259426848,1.0,0.23076923076923078,0.7692307692307693,1.0,44.45361419999972,8,200,10.0,19887.0,3.0,0.0,1.0,0.00015082956259426848,0.9998492462311558
0.15,0.00015082956259426848,1.0,0.23076923076923078,0.7692307692307693,1.0,44.45361419999972,8,200,10.0,19887.0,3.0,0.0,1.0,0.00015082956259426848,0.9998492462311558
0.2,0.00015082956259426848,1.0,0.23076923076923078,0.7692307692307693,1.0,44.45361419999972,8,200,10.0,19887.0,3.0,0.0,1.0,0.00015082956259426848,0.9998492462311558
0.25,0.00015082956259426848,1.0,0.23076923076923078,0.7692307692307693,1.0,44.45361419999972,8,200,10.0,19887.0,3.0,0.0,1.0,0.00015082956259426848,0.9998492462311558
0.3,0.00015082956259426848,1.0,0.23076923076923078,0.7692307692307693,1.0,44.45361419999972,8,200,10.0,19887.0,3.0,0.0,1.0,0.00015082956259426848,0.9998492462311558
0.35,0.00020110608345902463,1.0,0.2857142857142857,0.7142857142857143,1.0,44.45361419999972,8,200,10.0,19886.0,4.0,0.0,1.0,0.00020110608345902463,0.9997989949748743
0.4,0.00020110608345902463,1.0,0.2857142857142857,0.7142857142857143,1.0,44.45361419999972,8,200,10.0,19886.0,4.0,0.0,1.0,0.00020110608345902463,0.9997989949748743
0.45,0.00020110608345902463,1.0,0.2857142857142857,0.7142857142857143,1.0,44.45361419999972,8,200,10.0,19886.0,4.0,0.0,1.0,0.00020110608345902463,0.9997989949748743
0.5,0.00020110608345902463,1.0,0.2857142857142857,0.7142857142857143,1.0,44.45361419999972,8,200,10.0,19886.0,4.0,0.0,1.0,0.00020110608345902463,0.9997989949748743
0.55,0.00020110608345902463,1.0,0.2857142857142857,0.7142857142857143,1.0,44.45361419999972,8,200,10.0,19886.0,4.0,0.0,1.0,0.00020110608345902463,0.9997989949748743
0.6,0.00025138260432378077,1.0,0.3333333333333333,0.6666666666666666,1.0,44.45361419999972,8,200,10.0,19885.0,5.0,0.0,1.0,0.00025138260432378077,0.999748743718593
0.65,0.00025138260432378077,1.0,0.3333333333333333,0.6666666666666666,1.0,44.45361419999972,8,200,10.0,19885.0,5.0,0.0,1.0,0.00025138260432378077,0.999748743718593
0.7,0.00025138260432378077,1.0,0.3333333333333333,0.6666666666666666,1.0,44.45361419999972,8,200,10.0,19885.0,5.0,0.0,1.0,0.00025138260432378077,0.999748743718593
0.75,0.0009049773755656109,1.0,0.6428571428571429,0.35714285714285715,1.0,44.45361419999972,8,200,10.0,19872.0,18.0,0.0,1.0,0.0009049773755656109,0.9990954773869347
0.8,0.0011563599798893917,1.0,0.696969696969697,0.30303030303030304,1.0,44.45361419999972,8,200,10.0,19867.0,23.0,0.0,1.0,0.0011563599798893917,0.9988442211055276
0.85,0.00130718954248366,1.0,0.7222222222222222,0.2777777777777778,1.0,44.45361419999972,8,200,10.0,19864.0,26.0,0.0,1.0,0.00130718954248366,0.9986934673366834
0.9,0.0021116138763197585,1.0,0.8076923076923077,0.19230769230769232,1.0,44.45361419999972,8,200,10.0,19848.0,42.0,0.0,1.0,0.0021116138763197585,0.9978894472361809
0.95,0.012518853695324284,1.0,0.9613899613899614,0.03861003861003861,1.0,44.45361419999972,8,200,10.0,19641.0,249.0,0.0,1.0,0.012518853695324284,0.9874874371859297
1.0,0.9911010558069382,1.0,0.9994929777417229,0.0005070222582771384,1.0,44.45361419999972,8,200,10.0,177.0,19713.0,0.0,1.0,0.9911010558069382,0.009396984924623115
0.05,0.00010055304172951231,1.0,0.16666666666666666,0.8333333333333334,1.0,44.542686300119385,9,200,10.0,19888.0,2.0,0.0,1.0,0.00010055304172951231,0.9998994974874372
0.1,0.00010055304172951231,1.0,0.16666666666666666,0.8333333333333334,1.0,44.542686300119385,9,200,10.0,19888.0,2.0,0.0,1.0,0.00010055304172951231,0.9998994974874372
0.15,0.00010055304172951231,1.0,0.16666666666666666,0.8333333333333334,1.0,44.542686300119385,9,200,10.0,19888.0,2.0,0.0,1.0,0.00010055304172951231,0.9998994974874372
0.2,0.00010055304172951231,1.0,0.16666666666666666,0.8333333333333334,1.0,44.542686300119385,9,200,10.0,19888.0,2.0,0.0,1.0,0.00010055304172951231,0.9998994974874372
0.25,0.00010055304172951231,1.0,0.16666666666666666,0.8333333333333334,1.0,44.542686300119385,9,200,10.0,19888.0,2.0,0.0,1.0,0.00010055304172951231,0.9998994974874372
0.3,0.00015082956259426848,1.0,0.23076923076923078,0.7692307692307693,1.0,44.542686300119385,9,200,10.0,19887.0,3.0,0.0,1.0,0.00015082956259426848,0.9998492462311558
0.35,0.00020110608345902463,1.0,0.2857142857142857,0.7142857142857143,1.0,44.542686300119385,9,200,10.0,19886.0,4.0,0.0,1.0,0.00020110608345902463,0.9997989949748743
0.4,0.00025138260432378077,1.0,0.3333333333333333,0.6666666666666666,1.0,44.542686300119385,9,200,10.0,19885.0,5.0,0.0,1.0,0.00025138260432378077,0.999748743718593
0.45,0.00040221216691804925,1.0,0.4444444444444444,0.5555555555555556,1.0,44.542686300119385,9,200,10.0,19882.0,8.0,0.0,1.0,0.00040221216691804925,0.9995979899497487
0.5,0.00040221216691804925,1.0,0.4444444444444444,0.5555555555555556,1.0,44.542686300119385,9,200,10.0,19882.0,8.0,0.0,1.0,0.00040221216691804925,0.9995979899497487
0.55,0.0005530417295123177,1.0,0.5238095238095238,0.47619047619047616,1.0,44.542686300119385,9,200,10.0,19879.0,11.0,0.0,1.0,0.0005530417295123177,0.9994472361809045
0.6,0.0007038712921065862,1.0,0.5833333333333334,0.4166666666666667,1.0,44.542686300119385,9,200,10.0,19876.0,14.0,0.0,1.0,0.0007038712921065862,0.9992964824120603
0.65,0.0008044243338360985,1.0,0.6153846153846154,0.38461538461538464,1.0,44.542686300119385,9,200,10.0,19874.0,16.0,0.0,1.0,0.0008044243338360985,0.9991959798994975
0.7,0.0011060834590246355,1.0,0.6875,0.3125,1.0,44.542686300119385,9,200,10.0,19868.0,22.0,0.0,1.0,0.0011060834590246355,0.9988944723618091
0.75,0.001558572146807441,1.0,0.7560975609756098,0.24390243902439024,1.0,44.542686300119385,9,200,10.0,19859.0,31.0,0.0,1.0,0.001558572146807441,0.9984422110552764
0.8,0.001558572146807441,1.0,0.7560975609756098,0.24390243902439024,1.0,44.542686300119385,9,200,10.0,19859.0,31.0,0.0,1.0,0.001558572146807441,0.9984422110552764
0.85,0.0034690799396681748,1.0,0.8734177215189873,0.12658227848101267,1.0,44.542686300119385,9,200,10.0,19821.0,69.0,0.0,1.0,0.0034690799396681748,0.996532663316583
0.9,0.003770739064856712,1.0,0.8823529411764706,0.11764705882352941,1.0,44.542686300119385,9,200,10.0,19815.0,75.0,0.0,1.0,0.003770739064856712,0.9962311557788944
0.95,0.02287581699346405,1.0,0.978494623655914,0.021505376344086023,1.0,44.542686300119385,9,200,10.0,19435.0,455.0,0.0,1.0,0.02287581699346405,0.9771356783919598
1.0,0.9984917043740573,1.0,0.9994967287367891,0.0005032712632108706,1.0,44.542686300119385,9,200,10.0,30.0,19860.0,0.0,1.0,0.9984917043740573,0.0020100502512562816
0.05,0.0,1.0,0.0,1.0,1.0,43.87043310003355,10,200,10.0,19890.0,0.0,0.0,1.0,0.0,1.0
0.1,0.0,1.0,0.0,1.0,1.0,43.87043310003355,10,200,10.0,19890.0,0.0,0.0,1.0,0.0,1.0
0.15,0.0,1.0,0.0,1.0,1.0,43.87043310003355,10,200,10.0,19890.0,0.0,0.0,1.0,0.0,1.0
0.2,0.0,1.0,0.0,1.0,1.0,43.87043310003355,10,200,10.0,19890.0,0.0,0.0,1.0,0.0,1.0
0.25,0.0,1.0,0.0,1.0,1.0,43.87043310003355,10,200,10.0,19890.0,0.0,0.0,1.0,0.0,1.0
0.3,0.0,1.0,0.0,1.0,1.0,43.87043310003355,10,200,10.0,19890.0,0.0,0.0,1.0,0.0,1.0
0.35,0.0,1.0,0.0,1.0,1.0,43.87043310003355,10,200,10.0,19890.0,0.0,0.0,1.0,0.0,1.0
0.4,0.0,1.0,0.0,1.0,1.0,43.87043310003355,10,200,10.0,19890.0,0.0,0.0,1.0,0.0,1.0
0.45,5.0276520864756156e-05,1.0,0.09090909090909091,0.9090909090909091,1.0,43.87043310003355,10,200,10.0,19889.0,1.0,0.0,1.0,5.0276520864756156e-05,0.9999497487437186
0.5,0.00020110608345902463,1.0,0.2857142857142857,0.7142857142857143,1.0,43.87043310003355,10,200,10.0,19886.0,4.0,0.0,1.0,0.00020110608345902463,0.9997989949748743
0.55,0.0005027652086475615,1.0,0.5,0.5,1.0,43.87043310003355,10,200,10.0,19880.0,10.0,0.0,1.0,0.0005027652086475615,0.9994974874371859
0.6,0.0005530417295123177,1.0,0.5238095238095238,0.47619047619047616,1.0,43.87043310003355,10,200,10.0,19879.0,11.0,0.0,1.0,0.0005530417295123177,0.9994472361809045
0.65,0.0008044243338360985,1.0,0.6153846153846154,0.38461538461538464,1.0,43.87043310003355,10,200,10.0,19874.0,16.0,0.0,1.0,0.0008044243338360985,0.9991959798994975
0.7,0.0017596782302664656,1.0,0.7777777777777778,0.2222222222222222,1.0,43.87043310003355,10,200,10.0,19855.0,35.0,0.0,1.0,0.0017596782302664656,0.9982412060301508
0.75,0.0018099547511312218,1.0,0.782608695652174,0.21739130434782608,1.0,43.87043310003355,10,200,10.0,19854.0,36.0,0.0,1.0,0.0018099547511312218,0.9981909547738693
0.8,0.00196078431372549,1.0,0.7959183673469388,0.20408163265306123,1.0,43.87043310003355,10,200,10.0,19851.0,39.0,0.0,1.0,0.00196078431372549,0.9980402010050251
0.85,0.0024132730015082957,1.0,0.8275862068965517,0.1724137931034483,1.0,43.87043310003355,10,200,10.0,19842.0,48.0,0.0,1.0,0.0024132730015082957,0.9975879396984925
0.9,0.0037204625439919555,1.0,0.8809523809523809,0.11904761904761904,1.0,43.87043310003355,10,200,10.0,19816.0,74.0,0.0,1.0,0.0037204625439919555,0.9962814070351759
0.95,0.007440925087983911,1.0,0.9367088607594937,0.06329113924050633,1.0,43.87043310003355,10,200,10.0,19742.0,148.0,0.0,1.0,0.007440925087983911,0.9925628140703517
1.0,0.9984414278531926,1.0,0.9994967034073179,0.0005032965926820676,1.0,43.87043310003355,10,200,10.0,31.0,19859.0,0.0,1.0,0.9984414278531926,0.0020603015075376886
0.05,5.0276520864756156e-05,1.0,0.09090909090909091,0.9090909090909091,1.0,44.20240549999289,11,200,10.0,19889.0,1.0,0.0,1.0,5.0276520864756156e-05,0.9999497487437186
0.1,5.0276520864756156e-05,1.0,0.09090909090909091,0.9090909090909091,1.0,44.20240549999289,11,200,10.0,19889.0,1.0,0.0,1.0,5.0276520864756156e-05,0.9999497487437186
0.15,5.0276520864756156e-05,1.0,0.09090909090909091,0.9090909090909091,1.0,44.20240549999289,11,200,10.0,19889.0,1.0,0.0,1.0,5.0276520864756156e-05,0.9999497487437186
0.2,5.0276520864756156e-05,1.0,0.09090909090909091,0.9090909090909091,1.0,44.20240549999289,11,200,10.0,19889.0,1.0,0.0,1.0,5.0276520864756156e-05,0.9999497487437186
0.25,0.00020110608345902463,1.0,0.2857142857142857,0.7142857142857143,1.0,44.20240549999289,11,200,10.0,19886.0,4.0,0.0,1.0,0.00020110608345902463,0.9997989949748743
0.3,0.00020110608345902463,1.0,0.2857142857142857,0.7142857142857143,1.0,44.20240549999289,11,200,10.0,19886.0,4.0,0.0,1.0,0.00020110608345902463,0.9997989949748743
0.35,0.00045248868778280545,1.0,0.47368421052631576,0.5263157894736842,1.0,44.20240549999289,11,200,10.0,19881.0,9.0,0.0,1.0,0.00045248868778280545,0.9995477386934674
0.4,0.00045248868778280545,1.0,0.47368421052631576,0.5263157894736842,1.0,44.20240549999289,11,200,10.0,19881.0,9.0,0.0,1.0,0.00045248868778280545,0.9995477386934674
0.45,0.00045248868778280545,1.0,0.47368421052631576,0.5263157894736842,1.0,44.20240549999289,11,200,10.0,19881.0,9.0,0.0,1.0,0.00045248868778280545,0.9995477386934674
0.5,0.0009049773755656109,1.0,0.6428571428571429,0.35714285714285715,1.0,44.20240549999289,11,200,10.0,19872.0,18.0,0.0,1.0,0.0009049773755656109,0.9990954773869347
0.55,0.0009049773755656109,1.0,0.6428571428571429,0.35714285714285715,1.0,44.20240549999289,11,200,10.0,19872.0,18.0,0.0,1.0,0.0009049773755656109,0.9990954773869347
0.6,0.0012066365007541479,1.0,0.7058823529411765,0.29411764705882354,1.0,44.20240549999289,11,200,10.0,19866.0,24.0,0.0,1.0,0.0012066365007541479,0.9987939698492462
0.65,0.0017596782302664656,1.0,0.7777777777777778,0.2222222222222222,1.0,44.20240549999289,11,200,10.0,19855.0,35.0,0.0,1.0,0.0017596782302664656,0.9982412060301508
0.7,0.0017596782302664656,1.0,0.7777777777777778,0.2222222222222222,1.0,44.20240549999289,11,200,10.0,19855.0,35.0,0.0,1.0,0.0017596782302664656,0.9982412060301508
0.75,0.0017596782302664656,1.0,0.7777777777777778,0.2222222222222222,1.0,44.20240549999289,11,200,10.0,19855.0,35.0,0.0,1.0,0.0017596782302664656,0.9982412060301508
0.8,0.0027149321266968325,1.0,0.84375,0.15625,1.0,44.20240549999289,11,200,10.0,19836.0,54.0,0.0,1.0,0.0027149321266968325,0.997286432160804
0.85,0.006083459024635495,1.0,0.9236641221374046,0.07633587786259542,1.0,44.20240549999289,11,200,10.0,19769.0,121.0,0.0,1.0,0.006083459024635495,0.9939195979899498
0.9,0.009954751131221719,1.0,0.9519230769230769,0.04807692307692308,1.0,44.20240549999289,11,200,10.0,19692.0,198.0,0.0,1.0,0.009954751131221719,0.9900502512562814
0.95,0.032679738562091505,1.0,0.9848484848484849,0.015151515151515152,1.0,44.20240549999289,11,200,10.0,19240.0,650.0,0.0,1.0,0.032679738562091505,0.9673366834170855
1.0,0.9963298139768728,1.0,0.999495637262319,0.0005043627376809402,1.0,44.20240549999289,11,200,10.0,73.0,19817.0,0.0,1.0,0.9963298139768728,0.004170854271356784
0.05,0.0,1.0,0.0,1.0,1.0,45.04623580002226,12,200,10.0,19890.0,0.0,0.0,1.0,0.0,1.0
0.1,0.00010055304172951231,1.0,0.16666666666666666,0.8333333333333334,1.0,45.04623580002226,12,200,10.0,19888.0,2.0,0.0,1.0,0.00010055304172951231,0.9998994974874372
0.15,0.00015082956259426848,1.0,0.23076923076923078,0.7692307692307693,1.0,45.04623580002226,12,200,10.0,19887.0,3.0,0.0,1.0,0.00015082956259426848,0.9998492462311558
0.2,0.00015082956259426848,1.0,0.23076923076923078,0.7692307692307693,1.0,45.04623580002226,12,200,10.0,19887.0,3.0,0.0,1.0,0.00015082956259426848,0.9998492462311558
0.25,0.00020110608345902463,1.0,0.2857142857142857,0.7142857142857143,1.0,45.04623580002226,12,200,10.0,19886.0,4.0,0.0,1.0,0.00020110608345902463,0.9997989949748743
0.3,0.00025138260432378077,1.0,0.3333333333333333,0.6666666666666666,1.0,45.04623580002226,12,200,10.0,19885.0,5.0,0.0,1.0,0.00025138260432378077,0.999748743718593
0.35,0.00025138260432378077,1.0,0.3333333333333333,0.6666666666666666,1.0,45.04623580002226,12,200,10.0,19885.0,5.0,0.0,1.0,0.00025138260432378077,0.999748743718593
0.4,0.00025138260432378077,1.0,0.3333333333333333,0.6666666666666666,1.0,45.04623580002226,12,200,10.0,19885.0,5.0,0.0,1.0,0.00025138260432378077,0.999748743718593
0.45,0.0003519356460532931,1.0,0.4117647058823529,0.5882352941176471,1.0,45.04623580002226,12,200,10.0,19883.0,7.0,0.0,1.0,0.0003519356460532931,0.9996482412060301
0.5,0.00045248868778280545,1.0,0.47368421052631576,0.5263157894736842,1.0,45.04623580002226,12,200,10.0,19881.0,9.0,0.0,1.0,0.00045248868778280545,0.9995477386934674
0.55,0.0005027652086475615,1.0,0.5,0.5,1.0,45.04623580002226,12,200,10.0,19880.0,10.0,0.0,1.0,0.0005027652086475615,0.9994974874371859
0.6,0.0016591251885369532,1.0,0.7674418604651163,0.23255813953488372,1.0,45.04623580002226,12,200,10.0,19857.0,33.0,0.0,1.0,0.0016591251885369532,0.9983417085427135
0.65,0.0020613373554550026,1.0,0.803921568627451,0.19607843137254902,1.0,45.04623580002226,12,200,10.0,19849.0,41.0,0.0,1.0,0.0020613373554550026,0.9979396984924623
0.7,0.003569632981397687,1.0,0.8765432098765432,0.12345679012345678,1.0,45.04623580002226,12,200,10.0,19819.0,71.0,0.0,1.0,0.003569632981397687,0.9964321608040201
0.75,0.0057817998994469585,1.0,0.92,0.08,1.0,45.04623580002226,12,200,10.0,19775.0,115.0,0.0,1.0,0.0057817998994469585,0.9942211055276382
0.8,0.007642031171442936,1.0,0.9382716049382716,0.06172839506172839,1.0,45.04623580002226,12,200,10.0,19738.0,152.0,0.0,1.0,0.007642031171442936,0.9923618090452261
0.85,0.00904977375565611,1.0,0.9473684210526315,0.05263157894736842,1.0,45.04623580002226,12,200,10.0,19710.0,180.0,0.0,1.0,0.00904977375565611,0.9909547738693467
0.9,0.023378582202111614,1.0,0.9789473684210527,0.021052631578947368,1.0,45.04623580002226,12,200,10.0,19425.0,465.0,0.0,1.0,0.023378582202111614,0.9766331658291457
0.95,0.03298139768728004,1.0,0.984984984984985,0.015015015015015015,1.0,45.04623580002226,12,200,10.0,19234.0,656.0,0.0,1.0,0.03298139768728004,0.967035175879397
1.0,0.9946706887883359,1.0,0.9994947964029504,0.000505203597049611,1.0,45.04623580002226,12,200,10.0,106.0,19784.0,0.0,1.0,0.9946706887883359,0.005829145728643216
0.05,0.0,1.0,0.0,1.0,1.0,44.99178000004031,13,200,10.0,19890.0,0.0,0.0,1.0,0.0,1.0
0.1,5.0276520864756156e-05,1.0,0.09090909090909091,0.9090909090909091,1.0,44.99178000004031,13,200,10.0,19889.0,1.0,0.0,1.0,5.0276520864756156e-05,0.9999497487437186
0.15,5.0276520864756156e-05,1.0,0.09090909090909091,0.9090909090909091,1.0,44.99178000004031,13,200,10.0,19889.0,1.0,0.0,1.0,5.0276520864756156e-05,0.9999497487437186
0.2,5.0276520864756156e-05,1.0,0.09090909090909091,0.9090909090909091,1.0,44.99178000004031,13,200,10.0,19889.0,1.0,0.0,1.0,5.0276520864756156e-05,0.9999497487437186
0.25,0.00010055304172951231,1.0,0.16666666666666666,0.8333333333333334,1.0,44.99178000004031,13,200,10.0,19888.0,2.0,0.0,1.0,0.00010055304172951231,0.9998994974874372
0.3,0.00015082956259426848,1.0,0.23076923076923078,0.7692307692307693,1.0,44.99178000004031,13,200,10.0,19887.0,3.0,0.0,1.0,0.00015082956259426848,0.9998492462311558
0.35,0.00025138260432378077,1.0,0.3333333333333333,0.6666666666666666,1.0,44.99178000004031,13,200,10.0,19885.0,5.0,0.0,1.0,0.00025138260432378077,0.999748743718593
0.4,0.00040221216691804925,1.0,0.4444444444444444,0.5555555555555556,1.0,44.99178000004031,13,200,10.0,19882.0,8.0,0.0,1.0,0.00040221216691804925,0.9995979899497487
0.45,0.00040221216691804925,1.0,0.4444444444444444,0.5555555555555556,1.0,44.99178000004031,13,200,10.0,19882.0,8.0,0.0,1.0,0.00040221216691804925,0.9995979899497487
0.5,0.0005027652086475615,1.0,0.5,0.5,1.0,44.99178000004031,13,200,10.0,19880.0,10.0,0.0,1.0,0.0005027652086475615,0.9994974874371859
0.55,0.0005530417295123177,1.0,0.5238095238095238,0.47619047619047616,1.0,44.99178000004031,13,200,10.0,19879.0,11.0,0.0,1.0,0.0005530417295123177,0.9994472361809045
0.6,0.00065359477124183,1.0,0.5652173913043478,0.43478260869565216,1.0,44.99178000004031,13,200,10.0,19877.0,13.0,0.0,1.0,0.00065359477124183,0.9993467336683417
0.65,0.0008547008547008547,1.0,0.6296296296296297,0.37037037037037035,1.0,44.99178000004031,13,200,10.0,19873.0,17.0,0.0,1.0,0.0008547008547008547,0.999145728643216
0.7,0.002011060834590246,1.0,0.8,0.2,1.0,44.99178000004031,13,200,10.0,19850.0,40.0,0.0,1.0,0.002011060834590246,0.9979899497487437
0.75,0.0020613373554550026,1.0,0.803921568627451,0.19607843137254902,1.0,44.99178000004031,13,200,10.0,19849.0,41.0,0.0,1.0,0.0020613373554550026,0.9979396984924623
0.8,0.002161890397184515,1.0,0.8113207547169812,0.18867924528301888,1.0,44.99178000004031,13,200,10.0,19847.0,43.0,0.0,1.0,0.002161890397184515,0.9978391959798995
0.85,0.0036701860231271996,1.0,0.8795180722891566,0.12048192771084337,1.0,44.99178000004031,13,200,10.0,19817.0,73.0,0.0,1.0,0.0036701860231271996,0.9963316582914573
0.9,0.006435394670688788,1.0,0.927536231884058,0.07246376811594203,1.0,44.99178000004031,13,200,10.0,19762.0,128.0,0.0,1.0,0.006435394670688788,0.9935678391959799
0.95,0.007088989441930618,1.0,0.9337748344370861,0.06622516556291391,1.0,44.99178000004031,13,200,10.0,19749.0,141.0,0.0,1.0,0.007088989441930618,0.9929145728643216
1.0,0.998340874811463,1.0,0.9994966527407259,0.0005033472592741732,1.0,44.99178000004031,13,200,10.0,33.0,19857.0,0.0,1.0,0.998340874811463,0.0021608040201005025
0.05,5.0276520864756156e-05,1.0,0.09090909090909091,0.9090909090909091,1.0,43.412737200036645,14,200,10.0,19889.0,1.0,0.0,1.0,5.0276520864756156e-05,0.9999497487437186
0.1,5.0276520864756156e-05,1.0,0.09090909090909091,0.9090909090909091,1.0,43.412737200036645,14,200,10.0,19889.0,1.0,0.0,1.0,5.0276520864756156e-05,0.9999497487437186
0.15,5.0276520864756156e-05,1.0,0.09090909090909091,0.9090909090909091,1.0,43.412737200036645,14,200,10.0,19889.0,1.0,0.0,1.0,5.0276520864756156e-05,0.9999497487437186
0.2,0.00010055304172951231,1.0,0.16666666666666666,0.8333333333333334,1.0,43.412737200036645,14,200,10.0,19888.0,2.0,0.0,1.0,0.00010055304172951231,0.9998994974874372
0.25,0.00010055304172951231,1.0,0.16666666666666666,0.8333333333333334,1.0,43.412737200036645,14,200,10.0,19888.0,2.0,0.0,1.0,0.00010055304172951231,0.9998994974874372
0.3,0.00010055304172951231,1.0,0.16666666666666666,0.8333333333333334,1.0,43.412737200036645,14,200,10.0,19888.0,2.0,0.0,1.0,0.00010055304172951231,0.9998994974874372
0.35,0.00010055304172951231,1.0,0.16666666666666666,0.8333333333333334,1.0,43.412737200036645,14,200,10.0,19888.0,2.0,0.0,1.0,0.00010055304172951231,0.9998994974874372
0.4,0.00010055304172951231,1.0,0.16666666666666666,0.8333333333333334,1.0,43.412737200036645,14,200,10.0,19888.0,2.0,0.0,1.0,0.00010055304172951231,0.9998994974874372
0.45,0.00010055304172951231,1.0,0.16666666666666666,0.8333333333333334,1.0,43.412737200036645,14,200,10.0,19888.0,2.0,0.0,1.0,0.00010055304172951231,0.9998994974874372
0.5,0.00015082956259426848,1.0,0.23076923076923078,0.7692307692307693,1.0,43.412737200036645,14,200,10.0,19887.0,3.0,0.0,1.0,0.00015082956259426848,0.9998492462311558
0.55,0.00015082956259426848,1.0,0.23076923076923078,0.7692307692307693,1.0,43.412737200036645,14,200,10.0,19887.0,3.0,0.0,1.0,0.00015082956259426848,0.9998492462311558
0.6,0.00020110608345902463,1.0,0.2857142857142857,0.7142857142857143,1.0,43.412737200036645,14,200,10.0,19886.0,4.0,0.0,1.0,0.00020110608345902463,0.9997989949748743
0.65,0.00025138260432378077,1.0,0.3333333333333333,0.6666666666666666,1.0,43.412737200036645,14,200,10.0,19885.0,5.0,0.0,1.0,0.00025138260432378077,0.999748743718593
0.7,0.00025138260432378077,1.0,0.3333333333333333,0.6666666666666666,1.0,43.412737200036645,14,200,10.0,19885.0,5.0,0.0,1.0,0.00025138260432378077,0.999748743718593
0.75,0.00040221216691804925,1.0,0.4444444444444444,0.5555555555555556,1.0,43.412737200036645,14,200,10.0,19882.0,8.0,0.0,1.0,0.00040221216691804925,0.9995979899497487
0.8,0.0014077425842131724,1.0,0.7368421052631579,0.2631578947368421,1.0,43.412737200036645,14,200,10.0,19862.0,28.0,0.0,1.0,0.0014077425842131724,0.9985929648241206
0.85,0.0014077425842131724,1.0,0.7368421052631579,0.2631578947368421,1.0,43.412737200036645,14,200,10.0,19862.0,28.0,0.0,1.0,0.0014077425842131724,0.9985929648241206
0.9,0.0033182503770739064,1.0,0.868421052631579,0.13157894736842105,1.0,43.412737200036645,14,200,10.0,19824.0,66.0,0.0,1.0,0.0033182503770739064,0.9966834170854272
0.95,0.02342885872297637,1.0,0.9789915966386554,0.02100840336134454,1.0,43.412737200036645,14,200,10.0,19424.0,466.0,0.0,1.0,0.02342885872297637,0.9765829145728643
1.0,0.9982905982905983,1.0,0.9994966274036041,0.0005033725963958522,1.0,43.412737200036645,14,200,10.0,34.0,19856.0,0.0,1.0,0.9982905982905983,0.0022110552763819095
0.05,0.0,1.0,0.0,1.0,1.0,43.7524904999882,15,200,10.0,19890.0,0.0,0.0,1.0,0.0,1.0
0.1,0.00010055304172951231,1.0,0.16666666666666666,0.8333333333333334,1.0,43.7524904999882,15,200,10.0,19888.0,2.0,0.0,1.0,0.00010055304172951231,0.9998994974874372
0.15,0.00010055304172951231,1.0,0.16666666666666666,0.8333333333333334,1.0,43.7524904999882,15,200,10.0,19888.0,2.0,0.0,1.0,0.00010055304172951231,0.9998994974874372
0.2,0.00020110608345902463,1.0,0.2857142857142857,0.7142857142857143,1.0,43.7524904999882,15,200,10.0,19886.0,4.0,0.0,1.0,0.00020110608345902463,0.9997989949748743
0.25,0.00045248868778280545,1.0,0.47368421052631576,0.5263157894736842,1.0,43.7524904999882,15,200,10.0,19881.0,9.0,0.0,1.0,0.00045248868778280545,0.9995477386934674
0.3,0.0007541478129713424,1.0,0.6,0.4,1.0,43.7524904999882,15,200,10.0,19875.0,15.0,0.0,1.0,0.0007541478129713424,0.9992462311557789
0.35,0.0008044243338360985,1.0,0.6153846153846154,0.38461538461538464,1.0,43.7524904999882,15,200,10.0,19874.0,16.0,0.0,1.0,0.0008044243338360985,0.9991959798994975
0.4,0.0008044243338360985,1.0,0.6153846153846154,0.38461538461538464,1.0,43.7524904999882,15,200,10.0,19874.0,16.0,0.0,1.0,0.0008044243338360985,0.9991959798994975
0.45,0.0010558069381598793,1.0,0.6774193548387096,0.3225806451612903,1.0,43.7524904999882,15,200,10.0,19869.0,21.0,0.0,1.0,0.0010558069381598793,0.9989447236180905
0.5,0.0011060834590246355,1.0,0.6875,0.3125,1.0,43.7524904999882,15,200,10.0,19868.0,22.0,0.0,1.0,0.0011060834590246355,0.9988944723618091
0.55,0.001558572146807441,1.0,0.7560975609756098,0.24390243902439024,1.0,43.7524904999882,15,200,10.0,19859.0,31.0,0.0,1.0,0.001558572146807441,0.9984422110552764
0.6,0.001608848667672197,1.0,0.7619047619047619,0.23809523809523808,1.0,43.7524904999882,15,200,10.0,19858.0,32.0,0.0,1.0,0.001608848667672197,0.998391959798995
0.65,0.0016591251885369532,1.0,0.7674418604651163,0.23255813953488372,1.0,43.7524904999882,15,200,10.0,19857.0,33.0,0.0,1.0,0.0016591251885369532,0.9983417085427135
0.7,0.0017094017094017094,1.0,0.7727272727272727,0.22727272727272727,1.0,43.7524904999882,15,200,10.0,19856.0,34.0,0.0,1.0,0.0017094017094017094,0.9982914572864322
0.75,0.0017596782302664656,1.0,0.7777777777777778,0.2222222222222222,1.0,43.7524904999882,15,200,10.0,19855.0,35.0,0.0,1.0,0.0017596782302664656,0.9982412060301508
0.8,0.0017596782302664656,1.0,0.7777777777777778,0.2222222222222222,1.0,43.7524904999882,15,200,10.0,19855.0,35.0,0.0,1.0,0.0017596782302664656,0.9982412060301508
0.85,0.0029663147310206132,1.0,0.855072463768116,0.14492753623188406,1.0,43.7524904999882,15,200,10.0,19831.0,59.0,0.0,1.0,0.0029663147310206132,0.9970351758793969
0.9,0.02197083961789844,1.0,0.9776286353467561,0.02237136465324385,1.0,43.7524904999882,15,200,10.0,19453.0,437.0,0.0,1.0,0.02197083961789844,0.9780402010050251
0.95,0.034640522875816995,1.0,0.9856938483547926,0.01430615164520744,1.0,43.7524904999882,15,200,10.0,19201.0,689.0,0.0,1.0,0.034640522875816995,0.9653768844221106
1.0,0.9981900452488688,1.0,0.9994965767217077,0.0005034232782923883,1.0,43.7524904999882,15,200,10.0,36.0,19854.0,0.0,1.0,0.9981900452488688,0.0023115577889447235
0.05,0.00015082956259426848,1.0,0.23076923076923078,0.7692307692307693,1.0,44.37862329999916,16,200,10.0,19887.0,3.0,0.0,1.0,0.00015082956259426848,0.9998492462311558
0.1,0.00020110608345902463,1.0,0.2857142857142857,0.7142857142857143,1.0,44.37862329999916,16,200,10.0,19886.0,4.0,0.0,1.0,0.00020110608345902463,0.9997989949748743
0.15,0.00025138260432378077,1.0,0.3333333333333333,0.6666666666666666,1.0,44.37862329999916,16,200,10.0,19885.0,5.0,0.0,1.0,0.00025138260432378077,0.999748743718593
0.2,0.00025138260432378077,1.0,0.3333333333333333,0.6666666666666666,1.0,44.37862329999916,16,200,10.0,19885.0,5.0,0.0,1.0,0.00025138260432378077,0.999748743718593
0.25,0.00025138260432378077,1.0,0.3333333333333333,0.6666666666666666,1.0,44.37862329999916,16,200,10.0,19885.0,5.0,0.0,1.0,0.00025138260432378077,0.999748743718593
0.3,0.00025138260432378077,1.0,0.3333333333333333,0.6666666666666666,1.0,44.37862329999916,16,200,10.0,19885.0,5.0,0.0,1.0,0.00025138260432378077,0.999748743718593
0.35,0.0008547008547008547,1.0,0.6296296296296297,0.37037037037037035,1.0,44.37862329999916,16,200,10.0,19873.0,17.0,0.0,1.0,0.0008547008547008547,0.999145728643216
0.4,0.001005530417295123,1.0,0.6666666666666666,0.3333333333333333,1.0,44.37862329999916,16,200,10.0,19870.0,20.0,0.0,1.0,0.001005530417295123,0.9989949748743718
0.45,0.0016591251885369532,1.0,0.7674418604651163,0.23255813953488372,1.0,44.37862329999916,16,200,10.0,19857.0,33.0,0.0,1.0,0.0016591251885369532,0.9983417085427135
0.5,0.0018602312719959778,1.0,0.7872340425531915,0.2127659574468085,1.0,44.37862329999916,16,200,10.0,19853.0,37.0,0.0,1.0,0.0018602312719959778,0.998140703517588
0.55,0.00196078431372549,1.0,0.7959183673469388,0.20408163265306123,1.0,44.37862329999916,16,200,10.0,19851.0,39.0,0.0,1.0,0.00196078431372549,0.9980402010050251
0.6,0.002212166918049271,1.0,0.8148148148148148,0.18518518518518517,1.0,44.37862329999916,16,200,10.0,19846.0,44.0,0.0,1.0,0.002212166918049271,0.9977889447236181
0.65,0.0022624434389140274,1.0,0.8181818181818182,0.18181818181818182,1.0,44.37862329999916,16,200,10.0,19845.0,45.0,0.0,1.0,0.0022624434389140274,0.9977386934673367
0.7,0.003569632981397687,1.0,0.8765432098765432,0.12345679012345678,1.0,44.37862329999916,16,200,10.0,19819.0,71.0,0.0,1.0,0.003569632981397687,0.9964321608040201
0.75,0.006686777275012569,1.0,0.9300699300699301,0.06993006993006994,1.0,44.37862329999916,16,200,10.0,19757.0,133.0,0.0,1.0,0.006686777275012569,0.9933165829145728
0.8,0.008295625942684766,1.0,0.9428571428571428,0.05714285714285714,1.0,44.37862329999916,16,200,10.0,19725.0,165.0,0.0,1.0,0.008295625942684766,0.9917085427135678
0.85,0.009250879839115133,1.0,0.9484536082474226,0.05154639175257732,1.0,44.37862329999916,16,200,10.0,19706.0,184.0,0.0,1.0,0.009250879839115133,0.9907537688442211
0.9,0.01362493715434892,1.0,0.9644128113879004,0.03558718861209965,1.0,44.37862329999916,16,200,10.0,19619.0,271.0,0.0,1.0,0.01362493715434892,0.9863819095477387
0.95,0.02564102564102564,1.0,0.9807692307692307,0.019230769230769232,1.0,44.37862329999916,16,200,10.0,19380.0,510.0,0.0,1.0,0.02564102564102564,0.9743718592964824
1.0,0.9964303670186023,1.0,0.9994956881335418,0.0005043118664582178,1.0,44.37862329999916,16,200,10.0,71.0,19819.0,0.0,1.0,0.9964303670186023,0.00407035175879397
0.05,5.0276520864756156e-05,1.0,0.09090909090909091,0.9090909090909091,1.0,44.22258999990299,17,200,10.0,19889.0,1.0,0.0,1.0,5.0276520864756156e-05,0.9999497487437186
0.1,0.00020110608345902463,1.0,0.2857142857142857,0.7142857142857143,1.0,44.22258999990299,17,200,10.0,19886.0,4.0,0.0,1.0,0.00020110608345902463,0.9997989949748743
0.15,0.00030165912518853697,1.0,0.375,0.625,1.0,44.22258999990299,17,200,10.0,19884.0,6.0,0.0,1.0,0.00030165912518853697,0.9996984924623116
0.2,0.0003519356460532931,1.0,0.4117647058823529,0.5882352941176471,1.0,44.22258999990299,17,200,10.0,19883.0,7.0,0.0,1.0,0.0003519356460532931,0.9996482412060301
0.25,0.0003519356460532931,1.0,0.4117647058823529,0.5882352941176471,1.0,44.22258999990299,17,200,10.0,19883.0,7.0,0.0,1.0,0.0003519356460532931,0.9996482412060301
0.3,0.00040221216691804925,1.0,0.4444444444444444,0.5555555555555556,1.0,44.22258999990299,17,200,10.0,19882.0,8.0,0.0,1.0,0.00040221216691804925,0.9995979899497487
0.35,0.00045248868778280545,1.0,0.47368421052631576,0.5263157894736842,1.0,44.22258999990299,17,200,10.0,19881.0,9.0,0.0,1.0,0.00045248868778280545,0.9995477386934674
0.4,0.00045248868778280545,1.0,0.47368421052631576,0.5263157894736842,1.0,44.22258999990299,17,200,10.0,19881.0,9.0,0.0,1.0,0.00045248868778280545,0.9995477386934674
0.45,0.00045248868778280545,1.0,0.47368421052631576,0.5263157894736842,1.0,44.22258999990299,17,200,10.0,19881.0,9.0,0.0,1.0,0.00045248868778280545,0.9995477386934674
0.5,0.00045248868778280545,1.0,0.47368421052631576,0.5263157894736842,1.0,44.22258999990299,17,200,10.0,19881.0,9.0,0.0,1.0,0.00045248868778280545,0.9995477386934674
0.55,0.0005530417295123177,1.0,0.5238095238095238,0.47619047619047616,1.0,44.22258999990299,17,200,10.0,19879.0,11.0,0.0,1.0,0.0005530417295123177,0.9994472361809045
0.6,0.0008044243338360985,1.0,0.6153846153846154,0.38461538461538464,1.0,44.22258999990299,17,200,10.0,19874.0,16.0,0.0,1.0,0.0008044243338360985,0.9991959798994975
0.65,0.0009049773755656109,1.0,0.6428571428571429,0.35714285714285715,1.0,44.22258999990299,17,200,10.0,19872.0,18.0,0.0,1.0,0.0009049773755656109,0.9990954773869347
0.7,0.0014580191050779286,1.0,0.7435897435897436,0.2564102564102564,1.0,44.22258999990299,17,200,10.0,19861.0,29.0,0.0,1.0,0.0014580191050779286,0.9985427135678392
0.75,0.0017094017094017094,1.0,0.7727272727272727,0.22727272727272727,1.0,44.22258999990299,17,200,10.0,19856.0,34.0,0.0,1.0,0.0017094017094017094,0.9982914572864322
0.8,0.002161890397184515,1.0,0.8113207547169812,0.18867924528301888,1.0,44.22258999990299,17,200,10.0,19847.0,43.0,0.0,1.0,0.002161890397184515,0.9978391959798995
0.85,0.003569632981397687,1.0,0.8765432098765432,0.12345679012345678,1.0,44.22258999990299,17,200,10.0,19819.0,71.0,0.0,1.0,0.003569632981397687,0.9964321608040201
0.9,0.004725992961287079,1.0,0.9038461538461539,0.09615384615384616,1.0,44.22258999990299,17,200,10.0,19796.0,94.0,0.0,1.0,0.004725992961287079,0.9952763819095477
0.95,0.01623931623931624,1.0,0.96996996996997,0.03003003003003003,1.0,44.22258999990299,17,200,10.0,19567.0,323.0,0.0,1.0,0.01623931623931624,0.9837688442211056
1.0,0.9964806435394671,1.0,0.9994957135653051,0.0005042864346949068,1.0,44.22258999990299,17,200,10.0,70.0,19820.0,0.0,1.0,0.9964806435394671,0.004020100502512563
0.05,0.00015082956259426848,1.0,0.23076923076923078,0.7692307692307693,1.0,43.587438399903476,18,200,10.0,19887.0,3.0,0.0,1.0,0.00015082956259426848,0.9998492462311558
0.1,0.00015082956259426848,1.0,0.23076923076923078,0.7692307692307693,1.0,43.587438399903476,18,200,10.0,19887.0,3.0,0.0,1.0,0.00015082956259426848,0.9998492462311558
0.15,0.00015082956259426848,1.0,0.23076923076923078,0.7692307692307693,1.0,43.587438399903476,18,200,10.0,19887.0,3.0,0.0,1.0,0.00015082956259426848,0.9998492462311558
0.2,0.00020110608345902463,1.0,0.2857142857142857,0.7142857142857143,1.0,43.587438399903476,18,200,10.0,19886.0,4.0,0.0,1.0,0.00020110608345902463,0.9997989949748743
0.25,0.00020110608345902463,1.0,0.2857142857142857,0.7142857142857143,1.0,43.587438399903476,18,200,10.0,19886.0,4.0,0.0,1.0,0.00020110608345902463,0.9997989949748743
0.3,0.00020110608345902463,1.0,0.2857142857142857,0.7142857142857143,1.0,43.587438399903476,18,200,10.0,19886.0,4.0,0.0,1.0,0.00020110608345902463,0.9997989949748743
0.35,0.00040221216691804925,1.0,0.4444444444444444,0.5555555555555556,1.0,43.587438399903476,18,200,10.0,19882.0,8.0,0.0,1.0,0.00040221216691804925,0.9995979899497487
0.4,0.00040221216691804925,1.0,0.4444444444444444,0.5555555555555556,1.0,43.587438399903476,18,200,10.0,19882.0,8.0,0.0,1.0,0.00040221216691804925,0.9995979899497487
0.45,0.00040221216691804925,1.0,0.4444444444444444,0.5555555555555556,1.0,43.587438399903476,18,200,10.0,19882.0,8.0,0.0,1.0,0.00040221216691804925,0.9995979899497487
0.5,0.0005027652086475615,1.0,0.5,0.5,1.0,43.587438399903476,18,200,10.0,19880.0,10.0,0.0,1.0,0.0005027652086475615,0.9994974874371859
0.55,0.0005027652086475615,1.0,0.5,0.5,1.0,43.587438399903476,18,200,10.0,19880.0,10.0,0.0,1.0,0.0005027652086475615,0.9994974874371859
0.6,0.0005027652086475615,1.0,0.5,0.5,1.0,43.587438399903476,18,200,10.0,19880.0,10.0,0.0,1.0,0.0005027652086475615,0.9994974874371859
0.65,0.0005027652086475615,1.0,0.5,0.5,1.0,43.587438399903476,18,200,10.0,19880.0,10.0,0.0,1.0,0.0005027652086475615,0.9994974874371859
0.7,0.0006033182503770739,1.0,0.5454545454545454,0.45454545454545453,1.0,43.587438399903476,18,200,10.0,19878.0,12.0,0.0,1.0,0.0006033182503770739,0.9993969849246231
0.75,0.0011060834590246355,1.0,0.6875,0.3125,1.0,43.587438399903476,18,200,10.0,19868.0,22.0,0.0,1.0,0.0011060834590246355,0.9988944723618091
0.8,0.0013574660633484162,1.0,0.7297297297297297,0.2702702702702703,1.0,43.587438399903476,18,200,10.0,19863.0,27.0,0.0,1.0,0.0013574660633484162,0.998643216080402
0.85,0.0014580191050779286,1.0,0.7435897435897436,0.2564102564102564,1.0,43.587438399903476,18,200,10.0,19861.0,29.0,0.0,1.0,0.0014580191050779286,0.9985427135678392
0.9,0.0016591251885369532,1.0,0.7674418604651163,0.23255813953488372,1.0,43.587438399903476,18,200,10.0,19857.0,33.0,0.0,1.0,0.0016591251885369532,0.9983417085427135
0.95,0.06440422322775263,1.0,0.9922540666150271,0.0077459333849728895,1.0,43.587438399903476,18,200,10.0,18609.0,1281.0,0.0,1.0,0.06440422322775263,0.9356281407035176
1.0,0.9963298139768728,1.0,0.999495637262319,0.0005043627376809402,1.0,43.587438399903476,18,200,10.0,73.0,19817.0,0.0,1.0,0.9963298139768728,0.004170854271356784
0.05,0.00010055304172951231,1.0,0.16666666666666666,0.8333333333333334,1.0,44.37487980001606,19,200,10.0,19888.0,2.0,0.0,1.0,0.00010055304172951231,0.9998994974874372
0.1,0.00020110608345902463,1.0,0.2857142857142857,0.7142857142857143,1.0,44.37487980001606,19,200,10.0,19886.0,4.0,0.0,1.0,0.00020110608345902463,0.9997989949748743
0.15,0.00025138260432378077,1.0,0.3333333333333333,0.6666666666666666,1.0,44.37487980001606,19,200,10.0,19885.0,5.0,0.0,1.0,0.00025138260432378077,0.999748743718593
0.2,0.00025138260432378077,1.0,0.3333333333333333,0.6666666666666666,1.0,44.37487980001606,19,200,10.0,19885.0,5.0,0.0,1.0,0.00025138260432378077,0.999748743718593
0.25,0.0003519356460532931,1.0,0.4117647058823529,0.5882352941176471,1.0,44.37487980001606,19,200,10.0,19883.0,7.0,0.0,1.0,0.0003519356460532931,0.9996482412060301
0.3,0.0003519356460532931,1.0,0.4117647058823529,0.5882352941176471,1.0,44.37487980001606,19,200,10.0,19883.0,7.0,0.0,1.0,0.0003519356460532931,0.9996482412060301
0.35,0.0003519356460532931,1.0,0.4117647058823529,0.5882352941176471,1.0,44.37487980001606,19,200,10.0,19883.0,7.0,0.0,1.0,0.0003519356460532931,0.9996482412060301
0.4,0.0005027652086475615,1.0,0.5,0.5,1.0,44.37487980001606,19,200,10.0,19880.0,10.0,0.0,1.0,0.0005027652086475615,0.9994974874371859
0.45,0.0005027652086475615,1.0,0.5,0.5,1.0,44.37487980001606,19,200,10.0,19880.0,10.0,0.0,1.0,0.0005027652086475615,0.9994974874371859
0.5,0.0006033182503770739,1.0,0.5454545454545454,0.45454545454545453,1.0,44.37487980001606,19,200,10.0,19878.0,12.0,0.0,1.0,0.0006033182503770739,0.9993969849246231
0.55,0.00065359477124183,1.0,0.5652173913043478,0.43478260869565216,1.0,44.37487980001606,19,200,10.0,19877.0,13.0,0.0,1.0,0.00065359477124183,0.9993467336683417
0.6,0.0007038712921065862,1.0,0.5833333333333334,0.4166666666666667,1.0,44.37487980001606,19,200,10.0,19876.0,14.0,0.0,1.0,0.0007038712921065862,0.9992964824120603
0.65,0.0008044243338360985,1.0,0.6153846153846154,0.38461538461538464,1.0,44.37487980001606,19,200,10.0,19874.0,16.0,0.0,1.0,0.0008044243338360985,0.9991959798994975
0.7,0.0008547008547008547,1.0,0.6296296296296297,0.37037037037037035,1.0,44.37487980001606,19,200,10.0,19873.0,17.0,0.0,1.0,0.0008547008547008547,0.999145728643216
0.75,0.0009049773755656109,1.0,0.6428571428571429,0.35714285714285715,1.0,44.37487980001606,19,200,10.0,19872.0,18.0,0.0,1.0,0.0009049773755656109,0.9990954773869347
0.8,0.0012066365007541479,1.0,0.7058823529411765,0.29411764705882354,1.0,44.37487980001606,19,200,10.0,19866.0,24.0,0.0,1.0,0.0012066365007541479,0.9987939698492462
0.85,0.0013574660633484162,1.0,0.7297297297297297,0.2702702702702703,1.0,44.37487980001606,19,200,10.0,19863.0,27.0,0.0,1.0,0.0013574660633484162,0.998643216080402
0.9,0.0014580191050779286,1.0,0.7435897435897436,0.2564102564102564,1.0,44.37487980001606,19,200,10.0,19861.0,29.0,0.0,1.0,0.0014580191050779286,0.9985427135678392
0.95,0.033936651583710405,1.0,0.9854014598540146,0.014598540145985401,1.0,44.37487980001606,19,200,10.0,19215.0,675.0,0.0,1.0,0.033936651583710405,0.9660804020100503
1.0,0.9927099044746104,1.0,0.9994937990382182,0.0005062009617818274,1.0,44.37487980001606,19,200,10.0,145.0,19745.0,0.0,1.0,0.9927099044746104,0.007788944723618091
0.05,0.0,1.0,0.0,1.0,1.0,44.364244300173596,20,200,10.0,19890.0,0.0,0.0,1.0,0.0,1.0
0.1,0.00015082956259426848,1.0,0.23076923076923078,0.7692307692307693,1.0,44.364244300173596,20,200,10.0,19887.0,3.0,0.0,1.0,0.00015082956259426848,0.9998492462311558
0.15,0.00025138260432378077,1.0,0.3333333333333333,0.6666666666666666,1.0,44.364244300173596,20,200,10.0,19885.0,5.0,0.0,1.0,0.00025138260432378077,0.999748743718593
0.2,0.00030165912518853697,1.0,0.375,0.625,1.0,44.364244300173596,20,200,10.0,19884.0,6.0,0.0,1.0,0.00030165912518853697,0.9996984924623116
0.25,0.00030165912518853697,1.0,0.375,0.625,1.0,44.364244300173596,20,200,10.0,19884.0,6.0,0.0,1.0,0.00030165912518853697,0.9996984924623116
0.3,0.00030165912518853697,1.0,0.375,0.625,1.0,44.364244300173596,20,200,10.0,19884.0,6.0,0.0,1.0,0.00030165912518853697,0.9996984924623116
0.35,0.0003519356460532931,1.0,0.4117647058823529,0.5882352941176471,1.0,44.364244300173596,20,200,10.0,19883.0,7.0,0.0,1.0,0.0003519356460532931,0.9996482412060301
0.4,0.0003519356460532931,1.0,0.4117647058823529,0.5882352941176471,1.0,44.364244300173596,20,200,10.0,19883.0,7.0,0.0,1.0,0.0003519356460532931,0.9996482412060301
0.45,0.0003519356460532931,1.0,0.4117647058823529,0.5882352941176471,1.0,44.364244300173596,20,200,10.0,19883.0,7.0,0.0,1.0,0.0003519356460532931,0.9996482412060301
0.5,0.00045248868778280545,1.0,0.47368421052631576,0.5263157894736842,1.0,44.364244300173596,20,200,10.0,19881.0,9.0,0.0,1.0,0.00045248868778280545,0.9995477386934674
0.55,0.00045248868778280545,1.0,0.47368421052631576,0.5263157894736842,1.0,44.364244300173596,20,200,10.0,19881.0,9.0,0.0,1.0,0.00045248868778280545,0.9995477386934674
0.6,0.0005530417295123177,1.0,0.5238095238095238,0.47619047619047616,1.0,44.364244300173596,20,200,10.0,19879.0,11.0,0.0,1.0,0.0005530417295123177,0.9994472361809045
0.65,0.0005530417295123177,1.0,0.5238095238095238,0.47619047619047616,1.0,44.364244300173596,20,200,10.0,19879.0,11.0,0.0,1.0,0.0005530417295123177,0.9994472361809045
0.7,0.0007038712921065862,1.0,0.5833333333333334,0.4166666666666667,1.0,44.364244300173596,20,200,10.0,19876.0,14.0,0.0,1.0,0.0007038712921065862,0.9992964824120603
0.75,0.0007038712921065862,1.0,0.5833333333333334,0.4166666666666667,1.0,44.364244300173596,20,200,10.0,19876.0,14.0,0.0,1.0,0.0007038712921065862,0.9992964824120603
0.8,0.0007541478129713424,1.0,0.6,0.4,1.0,44.364244300173596,20,200,10.0,19875.0,15.0,0.0,1.0,0.0007541478129713424,0.9992462311557789
0.85,0.000955253896430367,1.0,0.6551724137931034,0.3448275862068966,1.0,44.364244300173596,20,200,10.0,19871.0,19.0,0.0,1.0,0.000955253896430367,0.9990452261306533
0.9,0.0036199095022624436,1.0,0.8780487804878049,0.12195121951219512,1.0,44.364244300173596,20,200,10.0,19818.0,72.0,0.0,1.0,0.0036199095022624436,0.9963819095477386
0.95,0.00904977375565611,1.0,0.9473684210526315,0.05263157894736842,1.0,44.364244300173596,20,200,10.0,19710.0,180.0,0.0,1.0,0.00904977375565611,0.9909547738693467
1.0,0.08466566113624938,1.0,0.9940968122786304,0.0059031877213695395,1.0,44.364244300173596,20,200,10.0,18206.0,1684.0,0.0,1.0,0.08466566113624938,0.9153768844221105
0.05,5.0276520864756156e-05,1.0,0.09090909090909091,0.9090909090909091,1.0,44.999720599967986,21,200,10.0,19889.0,1.0,0.0,1.0,5.0276520864756156e-05,0.9999497487437186
0.1,5.0276520864756156e-05,1.0,0.09090909090909091,0.9090909090909091,1.0,44.999720599967986,21,200,10.0,19889.0,1.0,0.0,1.0,5.0276520864756156e-05,0.9999497487437186
0.15,5.0276520864756156e-05,1.0,0.09090909090909091,0.9090909090909091,1.0,44.999720599967986,21,200,10.0,19889.0,1.0,0.0,1.0,5.0276520864756156e-05,0.9999497487437186
0.2,5.0276520864756156e-05,1.0,0.09090909090909091,0.9090909090909091,1.0,44.999720599967986,21,200,10.0,19889.0,1.0,0.0,1.0,5.0276520864756156e-05,0.9999497487437186
0.25,5.0276520864756156e-05,1.0,0.09090909090909091,0.9090909090909091,1.0,44.999720599967986,21,200,10.0,19889.0,1.0,0.0,1.0,5.0276520864756156e-05,0.9999497487437186
0.3,0.00020110608345902463,1.0,0.2857142857142857,0.7142857142857143,1.0,44.999720599967986,21,200,10.0,19886.0,4.0,0.0,1.0,0.00020110608345902463,0.9997989949748743
0.35,0.00030165912518853697,1.0,0.375,0.625,1.0,44.999720599967986,21,200,10.0,19884.0,6.0,0.0,1.0,0.00030165912518853697,0.9996984924623116
0.4,0.0003519356460532931,1.0,0.4117647058823529,0.5882352941176471,1.0,44.999720599967986,21,200,10.0,19883.0,7.0,0.0,1.0,0.0003519356460532931,0.9996482412060301
0.45,0.0003519356460532931,1.0,0.4117647058823529,0.5882352941176471,1.0,44.999720599967986,21,200,10.0,19883.0,7.0,0.0,1.0,0.0003519356460532931,0.9996482412060301
0.5,0.00040221216691804925,1.0,0.4444444444444444,0.5555555555555556,1.0,44.999720599967986,21,200,10.0,19882.0,8.0,0.0,1.0,0.00040221216691804925,0.9995979899497487
0.55,0.0012066365007541479,1.0,0.7058823529411765,0.29411764705882354,1.0,44.999720599967986,21,200,10.0,19866.0,24.0,0.0,1.0,0.0012066365007541479,0.9987939698492462
0.6,0.0014580191050779286,1.0,0.7435897435897436,0.2564102564102564,1.0,44.999720599967986,21,200,10.0,19861.0,29.0,0.0,1.0,0.0014580191050779286,0.9985427135678392
0.65,0.0016591251885369532,1.0,0.7674418604651163,0.23255813953488372,1.0,44.999720599967986,21,200,10.0,19857.0,33.0,0.0,1.0,0.0016591251885369532,0.9983417085427135
0.7,0.0018099547511312218,1.0,0.782608695652174,0.21739130434782608,1.0,44.999720599967986,21,200,10.0,19854.0,36.0,0.0,1.0,0.0018099547511312218,0.9981909547738693
0.75,0.0018602312719959778,1.0,0.7872340425531915,0.2127659574468085,1.0,44.999720599967986,21,200,10.0,19853.0,37.0,0.0,1.0,0.0018602312719959778,0.998140703517588
0.8,0.001910507792860734,1.0,0.7916666666666666,0.20833333333333334,1.0,44.999720599967986,21,200,10.0,19852.0,38.0,0.0,1.0,0.001910507792860734,0.9980904522613065
0.85,0.002765208647561589,1.0,0.8461538461538461,0.15384615384615385,1.0,44.999720599967986,21,200,10.0,19835.0,55.0,0.0,1.0,0.002765208647561589,0.9972361809045226
0.9,0.01478129713423831,1.0,0.9671052631578947,0.03289473684210526,1.0,44.999720599967986,21,200,10.0,19596.0,294.0,0.0,1.0,0.01478129713423831,0.9852261306532664
0.95,0.01885369532428356,1.0,0.974025974025974,0.025974025974025976,1.0,44.999720599967986,21,200,10.0,19515.0,375.0,0.0,1.0,0.01885369532428356,0.9811557788944724
1.0,0.9948215183509301,1.0,0.9994948729605496,0.0005051270394504217,1.0,44.999720599967986,21,200,10.0,103.0,19787.0,0.0,1.0,0.9948215183509301,0.005678391959798995
0.05,0.0,1.0,0.0,1.0,1.0,42.259877200005576,22,200,10.0,19890.0,0.0,0.0,1.0,0.0,1.0
0.1,0.0,1.0,0.0,1.0,1.0,42.259877200005576,22,200,10.0,19890.0,0.0,0.0,1.0,0.0,1.0
0.15,0.0,1.0,0.0,1.0,1.0,42.259877200005576,22,200,10.0,19890.0,0.0,0.0,1.0,0.0,1.0
0.2,0.0,1.0,0.0,1.0,1.0,42.259877200005576,22,200,10.0,19890.0,0.0,0.0,1.0,0.0,1.0
0.25,5.0276520864756156e-05,1.0,0.09090909090909091,0.9090909090909091,1.0,42.259877200005576,22,200,10.0,19889.0,1.0,0.0,1.0,5.0276520864756156e-05,0.9999497487437186
0.3,0.00010055304172951231,1.0,0.16666666666666666,0.8333333333333334,1.0,42.259877200005576,22,200,10.0,19888.0,2.0,0.0,1.0,0.00010055304172951231,0.9998994974874372
0.35,0.00010055304172951231,1.0,0.16666666666666666,0.8333333333333334,1.0,42.259877200005576,22,200,10.0,19888.0,2.0,0.0,1.0,0.00010055304172951231,0.9998994974874372
0.4,0.00020110608345902463,1.0,0.2857142857142857,0.7142857142857143,1.0,42.259877200005576,22,200,10.0,19886.0,4.0,0.0,1.0,0.00020110608345902463,0.9997989949748743
0.45,0.00020110608345902463,1.0,0.2857142857142857,0.7142857142857143,1.0,42.259877200005576,22,200,10.0,19886.0,4.0,0.0,1.0,0.00020110608345902463,0.9997989949748743
0.5,0.00020110608345902463,1.0,0.2857142857142857,0.7142857142857143,1.0,42.259877200005576,22,200,10.0,19886.0,4.0,0.0,1.0,0.00020110608345902463,0.9997989949748743
0.55,0.00025138260432378077,1.0,0.3333333333333333,0.6666666666666666,1.0,42.259877200005576,22,200,10.0,19885.0,5.0,0.0,1.0,0.00025138260432378077,0.999748743718593
0.6,0.0003519356460532931,1.0,0.4117647058823529,0.5882352941176471,1.0,42.259877200005576,22,200,10.0,19883.0,7.0,0.0,1.0,0.0003519356460532931,0.9996482412060301
0.65,0.0003519356460532931,1.0,0.4117647058823529,0.5882352941176471,1.0,42.259877200005576,22,200,10.0,19883.0,7.0,0.0,1.0,0.0003519356460532931,0.9996482412060301
0.7,0.0009049773755656109,1.0,0.6428571428571429,0.35714285714285715,1.0,42.259877200005576,22,200,10.0,19872.0,18.0,0.0,1.0,0.0009049773755656109,0.9990954773869347
0.75,0.0012066365007541479,1.0,0.7058823529411765,0.29411764705882354,1.0,42.259877200005576,22,200,10.0,19866.0,24.0,0.0,1.0,0.0012066365007541479,0.9987939698492462
0.8,0.0018099547511312218,1.0,0.782608695652174,0.21739130434782608,1.0,42.259877200005576,22,200,10.0,19854.0,36.0,0.0,1.0,0.0018099547511312218,0.9981909547738693
0.85,0.00196078431372549,1.0,0.7959183673469388,0.20408163265306123,1.0,42.259877200005576,22,200,10.0,19851.0,39.0,0.0,1.0,0.00196078431372549,0.9980402010050251
0.9,0.002212166918049271,1.0,0.8148148148148148,0.18518518518518517,1.0,42.259877200005576,22,200,10.0,19846.0,44.0,0.0,1.0,0.002212166918049271,0.9977889447236181
0.95,0.0034690799396681748,1.0,0.8734177215189873,0.12658227848101267,1.0,42.259877200005576,22,200,10.0,19821.0,69.0,0.0,1.0,0.0034690799396681748,0.996532663316583
1.0,0.9890397184514832,1.0,0.9994919215526877,0.000508078447312265,1.0,42.259877200005576,22,200,10.0,218.0,19672.0,0.0,1.0,0.9890397184514832,0.011457286432160804
0.05,5.0276520864756156e-05,1.0,0.09090909090909091,0.9090909090909091,1.0,43.659823999973014,23,200,10.0,19889.0,1.0,0.0,1.0,5.0276520864756156e-05,0.9999497487437186
0.1,5.0276520864756156e-05,1.0,0.09090909090909091,0.9090909090909091,1.0,43.659823999973014,23,200,10.0,19889.0,1.0,0.0,1.0,5.0276520864756156e-05,0.9999497487437186
0.15,5.0276520864756156e-05,1.0,0.09090909090909091,0.9090909090909091,1.0,43.659823999973014,23,200,10.0,19889.0,1.0,0.0,1.0,5.0276520864756156e-05,0.9999497487437186
0.2,0.00025138260432378077,1.0,0.3333333333333333,0.6666666666666666,1.0,43.659823999973014,23,200,10.0,19885.0,5.0,0.0,1.0,0.00025138260432378077,0.999748743718593
0.25,0.00030165912518853697,1.0,0.375,0.625,1.0,43.659823999973014,23,200,10.0,19884.0,6.0,0.0,1.0,0.00030165912518853697,0.9996984924623116
0.3,0.0003519356460532931,1.0,0.4117647058823529,0.5882352941176471,1.0,43.659823999973014,23,200,10.0,19883.0,7.0,0.0,1.0,0.0003519356460532931,0.9996482412060301
0.35,0.00045248868778280545,1.0,0.47368421052631576,0.5263157894736842,1.0,43.659823999973014,23,200,10.0,19881.0,9.0,0.0,1.0,0.00045248868778280545,0.9995477386934674
0.4,0.0005027652086475615,1.0,0.5,0.5,1.0,43.659823999973014,23,200,10.0,19880.0,10.0,0.0,1.0,0.0005027652086475615,0.9994974874371859
0.45,0.0005530417295123177,1.0,0.5238095238095238,0.47619047619047616,1.0,43.659823999973014,23,200,10.0,19879.0,11.0,0.0,1.0,0.0005530417295123177,0.9994472361809045
0.5,0.0005530417295123177,1.0,0.5238095238095238,0.47619047619047616,1.0,43.659823999973014,23,200,10.0,19879.0,11.0,0.0,1.0,0.0005530417295123177,0.9994472361809045
0.55,0.0006033182503770739,1.0,0.5454545454545454,0.45454545454545453,1.0,43.659823999973014,23,200,10.0,19878.0,12.0,0.0,1.0,0.0006033182503770739,0.9993969849246231
0.6,0.0007038712921065862,1.0,0.5833333333333334,0.4166666666666667,1.0,43.659823999973014,23,200,10.0,19876.0,14.0,0.0,1.0,0.0007038712921065862,0.9992964824120603
0.65,0.0008044243338360985,1.0,0.6153846153846154,0.38461538461538464,1.0,43.659823999973014,23,200,10.0,19874.0,16.0,0.0,1.0,0.0008044243338360985,0.9991959798994975
0.7,0.001005530417295123,1.0,0.6666666666666666,0.3333333333333333,1.0,43.659823999973014,23,200,10.0,19870.0,20.0,0.0,1.0,0.001005530417295123,0.9989949748743718
0.75,0.001608848667672197,1.0,0.7619047619047619,0.23809523809523808,1.0,43.659823999973014,23,200,10.0,19858.0,32.0,0.0,1.0,0.001608848667672197,0.998391959798995
0.8,0.0024132730015082957,1.0,0.8275862068965517,0.1724137931034483,1.0,43.659823999973014,23,200,10.0,19842.0,48.0,0.0,1.0,0.0024132730015082957,0.9975879396984925
0.85,0.003167420814479638,1.0,0.863013698630137,0.136986301369863,1.0,43.659823999973014,23,200,10.0,19827.0,63.0,0.0,1.0,0.003167420814479638,0.9968341708542714
0.9,0.004575163398692811,1.0,0.900990099009901,0.09900990099009901,1.0,43.659823999973014,23,200,10.0,19799.0,91.0,0.0,1.0,0.004575163398692811,0.9954271356783919
0.95,0.011463046757164403,1.0,0.957983193277311,0.04201680672268908,1.0,43.659823999973014,23,200,10.0,19662.0,228.0,0.0,1.0,0.011463046757164403,0.9885427135678392
1.0,0.9966314731020613,1.0,0.9994957898452075,0.0005042101547925175,1.0,43.659823999973014,23,200,10.0,67.0,19823.0,0.0,1.0,0.9966314731020613,0.003869346733668342
0.05,0.0,1.0,0.0,1.0,1.0,43.86635959986597,24,200,10.0,19890.0,0.0,0.0,1.0,0.0,1.0
0.1,0.00015082956259426848,1.0,0.23076923076923078,0.7692307692307693,1.0,43.86635959986597,24,200,10.0,19887.0,3.0,0.0,1.0,0.00015082956259426848,0.9998492462311558
0.15,0.00025138260432378077,1.0,0.3333333333333333,0.6666666666666666,1.0,43.86635959986597,24,200,10.0,19885.0,5.0,0.0,1.0,0.00025138260432378077,0.999748743718593
0.2,0.00030165912518853697,1.0,0.375,0.625,1.0,43.86635959986597,24,200,10.0,19884.0,6.0,0.0,1.0,0.00030165912518853697,0.9996984924623116
0.25,0.0003519356460532931,1.0,0.4117647058823529,0.5882352941176471,1.0,43.86635959986597,24,200,10.0,19883.0,7.0,0.0,1.0,0.0003519356460532931,0.9996482412060301
0.3,0.00040221216691804925,1.0,0.4444444444444444,0.5555555555555556,1.0,43.86635959986597,24,200,10.0,19882.0,8.0,0.0,1.0,0.00040221216691804925,0.9995979899497487
0.35,0.0005530417295123177,1.0,0.5238095238095238,0.47619047619047616,1.0,43.86635959986597,24,200,10.0,19879.0,11.0,0.0,1.0,0.0005530417295123177,0.9994472361809045
0.4,0.0006033182503770739,1.0,0.5454545454545454,0.45454545454545453,1.0,43.86635959986597,24,200,10.0,19878.0,12.0,0.0,1.0,0.0006033182503770739,0.9993969849246231
0.45,0.00065359477124183,1.0,0.5652173913043478,0.43478260869565216,1.0,43.86635959986597,24,200,10.0,19877.0,13.0,0.0,1.0,0.00065359477124183,0.9993467336683417
0.5,0.0009049773755656109,1.0,0.6428571428571429,0.35714285714285715,1.0,43.86635959986597,24,200,10.0,19872.0,18.0,0.0,1.0,0.0009049773755656109,0.9990954773869347
0.55,0.000955253896430367,1.0,0.6551724137931034,0.3448275862068966,1.0,43.86635959986597,24,200,10.0,19871.0,19.0,0.0,1.0,0.000955253896430367,0.9990452261306533
0.6,0.001608848667672197,1.0,0.7619047619047619,0.23809523809523808,1.0,43.86635959986597,24,200,10.0,19858.0,32.0,0.0,1.0,0.001608848667672197,0.998391959798995
0.65,0.0018602312719959778,1.0,0.7872340425531915,0.2127659574468085,1.0,43.86635959986597,24,200,10.0,19853.0,37.0,0.0,1.0,0.0018602312719959778,0.998140703517588
0.7,0.002161890397184515,1.0,0.8113207547169812,0.18867924528301888,1.0,43.86635959986597,24,200,10.0,19847.0,43.0,0.0,1.0,0.002161890397184515,0.9978391959798995
0.75,0.002212166918049271,1.0,0.8148148148148148,0.18518518518518517,1.0,43.86635959986597,24,200,10.0,19846.0,44.0,0.0,1.0,0.002212166918049271,0.9977889447236181
0.8,0.003117144293614882,1.0,0.8611111111111112,0.1388888888888889,1.0,43.86635959986597,24,200,10.0,19828.0,62.0,0.0,1.0,0.003117144293614882,0.9968844221105527
0.85,0.003821015585721468,1.0,0.8837209302325582,0.11627906976744186,1.0,43.86635959986597,24,200,10.0,19814.0,76.0,0.0,1.0,0.003821015585721468,0.9961809045226131
0.9,0.007893413775766717,1.0,0.9401197604790419,0.059880239520958084,1.0,43.86635959986597,24,200,10.0,19733.0,157.0,0.0,1.0,0.007893413775766717,0.9921105527638191
0.95,0.008597285067873304,1.0,0.9447513812154696,0.055248618784530384,1.0,43.86635959986597,24,200,10.0,19719.0,171.0,0.0,1.0,0.008597285067873304,0.9914070351758794
1.0,0.9984414278531926,1.0,0.9994967034073179,0.0005032965926820676,1.0,43.86635959986597,24,200,10.0,31.0,19859.0,0.0,1.0,0.9984414278531926,0.0020603015075376886
0.05,0.0,1.0,0.0,1.0,1.0,44.3204882000573,25,200,10.0,19890.0,0.0,0.0,1.0,0.0,1.0
0.1,5.0276520864756156e-05,1.0,0.09090909090909091,0.9090909090909091,1.0,44.3204882000573,25,200,10.0,19889.0,1.0,0.0,1.0,5.0276520864756156e-05,0.9999497487437186
0.15,0.00015082956259426848,1.0,0.23076923076923078,0.7692307692307693,1.0,44.3204882000573,25,200,10.0,19887.0,3.0,0.0,1.0,0.00015082956259426848,0.9998492462311558
0.2,0.00030165912518853697,1.0,0.375,0.625,1.0,44.3204882000573,25,200,10.0,19884.0,6.0,0.0,1.0,0.00030165912518853697,0.9996984924623116
0.25,0.0003519356460532931,1.0,0.4117647058823529,0.5882352941176471,1.0,44.3204882000573,25,200,10.0,19883.0,7.0,0.0,1.0,0.0003519356460532931,0.9996482412060301
0.3,0.00040221216691804925,1.0,0.4444444444444444,0.5555555555555556,1.0,44.3204882000573,25,200,10.0,19882.0,8.0,0.0,1.0,0.00040221216691804925,0.9995979899497487
0.35,0.0005530417295123177,1.0,0.5238095238095238,0.47619047619047616,1.0,44.3204882000573,25,200,10.0,19879.0,11.0,0.0,1.0,0.0005530417295123177,0.9994472361809045
0.4,0.0005530417295123177,1.0,0.5238095238095238,0.47619047619047616,1.0,44.3204882000573,25,200,10.0,19879.0,11.0,0.0,1.0,0.0005530417295123177,0.9994472361809045
0.45,0.0006033182503770739,1.0,0.5454545454545454,0.45454545454545453,1.0,44.3204882000573,25,200,10.0,19878.0,12.0,0.0,1.0,0.0006033182503770739,0.9993969849246231
0.5,0.0006033182503770739,1.0,0.5454545454545454,0.45454545454545453,1.0,44.3204882000573,25,200,10.0,19878.0,12.0,0.0,1.0,0.0006033182503770739,0.9993969849246231
0.55,0.0006033182503770739,1.0,0.5454545454545454,0.45454545454545453,1.0,44.3204882000573,25,200,10.0,19878.0,12.0,0.0,1.0,0.0006033182503770739,0.9993969849246231
0.6,0.0007541478129713424,1.0,0.6,0.4,1.0,44.3204882000573,25,200,10.0,19875.0,15.0,0.0,1.0,0.0007541478129713424,0.9992462311557789
0.65,0.0007541478129713424,1.0,0.6,0.4,1.0,44.3204882000573,25,200,10.0,19875.0,15.0,0.0,1.0,0.0007541478129713424,0.9992462311557789
0.7,0.001608848667672197,1.0,0.7619047619047619,0.23809523809523808,1.0,44.3204882000573,25,200,10.0,19858.0,32.0,0.0,1.0,0.001608848667672197,0.998391959798995
0.75,0.001608848667672197,1.0,0.7619047619047619,0.23809523809523808,1.0,44.3204882000573,25,200,10.0,19858.0,32.0,0.0,1.0,0.001608848667672197,0.998391959798995
0.8,0.002011060834590246,1.0,0.8,0.2,1.0,44.3204882000573,25,200,10.0,19850.0,40.0,0.0,1.0,0.002011060834590246,0.9979899497487437
0.85,0.0023629964806435393,1.0,0.8245614035087719,0.17543859649122806,1.0,44.3204882000573,25,200,10.0,19843.0,47.0,0.0,1.0,0.0023629964806435393,0.9976381909547739
0.9,0.002865761689291101,1.0,0.8507462686567164,0.14925373134328357,1.0,44.3204882000573,25,200,10.0,19833.0,57.0,0.0,1.0,0.002865761689291101,0.9971356783919598
0.95,0.01950729009552539,1.0,0.9748743718592965,0.02512562814070352,1.0,44.3204882000573,25,200,10.0,19502.0,388.0,0.0,1.0,0.01950729009552539,0.9805025125628141
1.0,0.9966314731020613,1.0,0.9994957898452075,0.0005042101547925175,1.0,44.3204882000573,25,200,10.0,67.0,19823.0,0.0,1.0,0.9966314731020613,0.003869346733668342
0.05,0.0,1.0,0.0,1.0,1.0,44.002915600081906,26,200,10.0,19890.0,0.0,0.0,1.0,0.0,1.0
0.1,5.0276520864756156e-05,1.0,0.09090909090909091,0.9090909090909091,1.0,44.002915600081906,26,200,10.0,19889.0,1.0,0.0,1.0,5.0276520864756156e-05,0.9999497487437186
0.15,5.0276520864756156e-05,1.0,0.09090909090909091,0.9090909090909091,1.0,44.002915600081906,26,200,10.0,19889.0,1.0,0.0,1.0,5.0276520864756156e-05,0.9999497487437186
0.2,0.00020110608345902463,1.0,0.2857142857142857,0.7142857142857143,1.0,44.002915600081906,26,200,10.0,19886.0,4.0,0.0,1.0,0.00020110608345902463,0.9997989949748743
0.25,0.00020110608345902463,1.0,0.2857142857142857,0.7142857142857143,1.0,44.002915600081906,26,200,10.0,19886.0,4.0,0.0,1.0,0.00020110608345902463,0.9997989949748743
0.3,0.00025138260432378077,1.0,0.3333333333333333,0.6666666666666666,1.0,44.002915600081906,26,200,10.0,19885.0,5.0,0.0,1.0,0.00025138260432378077,0.999748743718593
0.35,0.00040221216691804925,1.0,0.4444444444444444,0.5555555555555556,1.0,44.002915600081906,26,200,10.0,19882.0,8.0,0.0,1.0,0.00040221216691804925,0.9995979899497487
0.4,0.00065359477124183,1.0,0.5652173913043478,0.43478260869565216,1.0,44.002915600081906,26,200,10.0,19877.0,13.0,0.0,1.0,0.00065359477124183,0.9993467336683417
0.45,0.001005530417295123,1.0,0.6666666666666666,0.3333333333333333,1.0,44.002915600081906,26,200,10.0,19870.0,20.0,0.0,1.0,0.001005530417295123,0.9989949748743718
0.5,0.0011060834590246355,1.0,0.6875,0.3125,1.0,44.002915600081906,26,200,10.0,19868.0,22.0,0.0,1.0,0.0011060834590246355,0.9988944723618091
0.55,0.0011060834590246355,1.0,0.6875,0.3125,1.0,44.002915600081906,26,200,10.0,19868.0,22.0,0.0,1.0,0.0011060834590246355,0.9988944723618091
0.6,0.0011563599798893917,1.0,0.696969696969697,0.30303030303030304,1.0,44.002915600081906,26,200,10.0,19867.0,23.0,0.0,1.0,0.0011563599798893917,0.9988442211055276
0.65,0.001558572146807441,1.0,0.7560975609756098,0.24390243902439024,1.0,44.002915600081906,26,200,10.0,19859.0,31.0,0.0,1.0,0.001558572146807441,0.9984422110552764
0.7,0.001608848667672197,1.0,0.7619047619047619,0.23809523809523808,1.0,44.002915600081906,26,200,10.0,19858.0,32.0,0.0,1.0,0.001608848667672197,0.998391959798995
0.75,0.0016591251885369532,1.0,0.7674418604651163,0.23255813953488372,1.0,44.002915600081906,26,200,10.0,19857.0,33.0,0.0,1.0,0.0016591251885369532,0.9983417085427135
0.8,0.0017094017094017094,1.0,0.7727272727272727,0.22727272727272727,1.0,44.002915600081906,26,200,10.0,19856.0,34.0,0.0,1.0,0.0017094017094017094,0.9982914572864322
0.85,0.00432378079436903,1.0,0.8958333333333334,0.10416666666666667,1.0,44.002915600081906,26,200,10.0,19804.0,86.0,0.0,1.0,0.00432378079436903,0.995678391959799
0.9,0.006636500754147813,1.0,0.9295774647887324,0.07042253521126761,1.0,44.002915600081906,26,200,10.0,19758.0,132.0,0.0,1.0,0.006636500754147813,0.9933668341708543
0.95,0.018552036199095023,1.0,0.9736147757255936,0.026385224274406333,1.0,44.002915600081906,26,200,10.0,19521.0,369.0,0.0,1.0,0.018552036199095023,0.9814572864321608
1.0,0.9964806435394671,1.0,0.9994957135653051,0.0005042864346949068,1.0,44.002915600081906,26,200,10.0,70.0,19820.0,0.0,1.0,0.9964806435394671,0.004020100502512563
0.05,5.0276520864756156e-05,1.0,0.09090909090909091,0.9090909090909091,1.0,44.885231300024316,27,200,10.0,19889.0,1.0,0.0,1.0,5.0276520864756156e-05,0.9999497487437186
0.1,5.0276520864756156e-05,1.0,0.09090909090909091,0.9090909090909091,1.0,44.885231300024316,27,200,10.0,19889.0,1.0,0.0,1.0,5.0276520864756156e-05,0.9999497487437186
0.15,5.0276520864756156e-05,1.0,0.09090909090909091,0.9090909090909091,1.0,44.885231300024316,27,200,10.0,19889.0,1.0,0.0,1.0,5.0276520864756156e-05,0.9999497487437186
0.2,0.00010055304172951231,1.0,0.16666666666666666,0.8333333333333334,1.0,44.885231300024316,27,200,10.0,19888.0,2.0,0.0,1.0,0.00010055304172951231,0.9998994974874372
0.25,0.00010055304172951231,1.0,0.16666666666666666,0.8333333333333334,1.0,44.885231300024316,27,200,10.0,19888.0,2.0,0.0,1.0,0.00010055304172951231,0.9998994974874372
0.3,0.00015082956259426848,1.0,0.23076923076923078,0.7692307692307693,1.0,44.885231300024316,27,200,10.0,19887.0,3.0,0.0,1.0,0.00015082956259426848,0.9998492462311558
0.35,0.00045248868778280545,1.0,0.47368421052631576,0.5263157894736842,1.0,44.885231300024316,27,200,10.0,19881.0,9.0,0.0,1.0,0.00045248868778280545,0.9995477386934674
0.4,0.00065359477124183,1.0,0.5652173913043478,0.43478260869565216,1.0,44.885231300024316,27,200,10.0,19877.0,13.0,0.0,1.0,0.00065359477124183,0.9993467336683417
0.45,0.0007038712921065862,1.0,0.5833333333333334,0.4166666666666667,1.0,44.885231300024316,27,200,10.0,19876.0,14.0,0.0,1.0,0.0007038712921065862,0.9992964824120603
0.5,0.0007038712921065862,1.0,0.5833333333333334,0.4166666666666667,1.0,44.885231300024316,27,200,10.0,19876.0,14.0,0.0,1.0,0.0007038712921065862,0.9992964824120603
0.55,0.0011060834590246355,1.0,0.6875,0.3125,1.0,44.885231300024316,27,200,10.0,19868.0,22.0,0.0,1.0,0.0011060834590246355,0.9988944723618091
0.6,0.0012066365007541479,1.0,0.7058823529411765,0.29411764705882354,1.0,44.885231300024316,27,200,10.0,19866.0,24.0,0.0,1.0,0.0012066365007541479,0.9987939698492462
0.65,0.001558572146807441,1.0,0.7560975609756098,0.24390243902439024,1.0,44.885231300024316,27,200,10.0,19859.0,31.0,0.0,1.0,0.001558572146807441,0.9984422110552764
0.7,0.0018602312719959778,1.0,0.7872340425531915,0.2127659574468085,1.0,44.885231300024316,27,200,10.0,19853.0,37.0,0.0,1.0,0.0018602312719959778,0.998140703517588
0.75,0.002011060834590246,1.0,0.8,0.2,1.0,44.885231300024316,27,200,10.0,19850.0,40.0,0.0,1.0,0.002011060834590246,0.9979899497487437
0.8,0.0027149321266968325,1.0,0.84375,0.15625,1.0,44.885231300024316,27,200,10.0,19836.0,54.0,0.0,1.0,0.0027149321266968325,0.997286432160804
0.85,0.002765208647561589,1.0,0.8461538461538461,0.15384615384615385,1.0,44.885231300024316,27,200,10.0,19835.0,55.0,0.0,1.0,0.002765208647561589,0.9972361809045226
0.9,0.0029663147310206132,1.0,0.855072463768116,0.14492753623188406,1.0,44.885231300024316,27,200,10.0,19831.0,59.0,0.0,1.0,0.0029663147310206132,0.9970351758793969
0.95,0.004575163398692811,1.0,0.900990099009901,0.09900990099009901,1.0,44.885231300024316,27,200,10.0,19799.0,91.0,0.0,1.0,0.004575163398692811,0.9954271356783919
1.0,0.9965811965811966,1.0,0.9994957644211375,0.0005042355788624445,1.0,44.885231300024316,27,200,10.0,68.0,19822.0,0.0,1.0,0.9965811965811966,0.003919597989949748
0.05,0.00020110608345902463,1.0,0.2857142857142857,0.7142857142857143,1.0,43.42589760012925,28,200,10.0,19886.0,4.0,0.0,1.0,0.00020110608345902463,0.9997989949748743
0.1,0.00030165912518853697,1.0,0.375,0.625,1.0,43.42589760012925,28,200,10.0,19884.0,6.0,0.0,1.0,0.00030165912518853697,0.9996984924623116
0.15,0.00030165912518853697,1.0,0.375,0.625,1.0,43.42589760012925,28,200,10.0,19884.0,6.0,0.0,1.0,0.00030165912518853697,0.9996984924623116
0.2,0.0003519356460532931,1.0,0.4117647058823529,0.5882352941176471,1.0,43.42589760012925,28,200,10.0,19883.0,7.0,0.0,1.0,0.0003519356460532931,0.9996482412060301
0.25,0.00045248868778280545,1.0,0.47368421052631576,0.5263157894736842,1.0,43.42589760012925,28,200,10.0,19881.0,9.0,0.0,1.0,0.00045248868778280545,0.9995477386934674
0.3,0.0005027652086475615,1.0,0.5,0.5,1.0,43.42589760012925,28,200,10.0,19880.0,10.0,0.0,1.0,0.0005027652086475615,0.9994974874371859
0.35,0.0006033182503770739,1.0,0.5454545454545454,0.45454545454545453,1.0,43.42589760012925,28,200,10.0,19878.0,12.0,0.0,1.0,0.0006033182503770739,0.9993969849246231
0.4,0.0007541478129713424,1.0,0.6,0.4,1.0,43.42589760012925,28,200,10.0,19875.0,15.0,0.0,1.0,0.0007541478129713424,0.9992462311557789
0.45,0.0009049773755656109,1.0,0.6428571428571429,0.35714285714285715,1.0,43.42589760012925,28,200,10.0,19872.0,18.0,0.0,1.0,0.0009049773755656109,0.9990954773869347
0.5,0.0011563599798893917,1.0,0.696969696969697,0.30303030303030304,1.0,43.42589760012925,28,200,10.0,19867.0,23.0,0.0,1.0,0.0011563599798893917,0.9988442211055276
0.55,0.0011563599798893917,1.0,0.696969696969697,0.30303030303030304,1.0,43.42589760012925,28,200,10.0,19867.0,23.0,0.0,1.0,0.0011563599798893917,0.9988442211055276
0.6,0.0012066365007541479,1.0,0.7058823529411765,0.29411764705882354,1.0,43.42589760012925,28,200,10.0,19866.0,24.0,0.0,1.0,0.0012066365007541479,0.9987939698492462
0.65,0.0012066365007541479,1.0,0.7058823529411765,0.29411764705882354,1.0,43.42589760012925,28,200,10.0,19866.0,24.0,0.0,1.0,0.0012066365007541479,0.9987939698492462
0.7,0.001608848667672197,1.0,0.7619047619047619,0.23809523809523808,1.0,43.42589760012925,28,200,10.0,19858.0,32.0,0.0,1.0,0.001608848667672197,0.998391959798995
0.75,0.0018099547511312218,1.0,0.782608695652174,0.21739130434782608,1.0,43.42589760012925,28,200,10.0,19854.0,36.0,0.0,1.0,0.0018099547511312218,0.9981909547738693
0.8,0.0029663147310206132,1.0,0.855072463768116,0.14492753623188406,1.0,43.42589760012925,28,200,10.0,19831.0,59.0,0.0,1.0,0.0029663147310206132,0.9970351758793969
0.85,0.01085972850678733,1.0,0.9557522123893806,0.04424778761061947,1.0,43.42589760012925,28,200,10.0,19674.0,216.0,0.0,1.0,0.01085972850678733,0.989145728643216
0.9,0.014077425842131725,1.0,0.9655172413793104,0.034482758620689655,1.0,43.42589760012925,28,200,10.0,19610.0,280.0,0.0,1.0,0.014077425842131725,0.985929648241206
0.95,0.021618903971845148,1.0,0.9772727272727273,0.022727272727272728,1.0,43.42589760012925,28,200,10.0,19460.0,430.0,0.0,1.0,0.021618903971845148,0.978391959798995
1.0,0.9984414278531926,1.0,0.9994967034073179,0.0005032965926820676,1.0,43.42589760012925,28,200,10.0,31.0,19859.0,0.0,1.0,0.9984414278531926,0.0020603015075376886
0.05,0.0,1.0,0.0,1.0,1.0,43.71416430012323,29,200,10.0,19890.0,0.0,0.0,1.0,0.0,1.0
0.1,0.0,1.0,0.0,1.0,1.0,43.71416430012323,29,200,10.0,19890.0,0.0,0.0,1.0,0.0,1.0
0.15,0.0,1.0,0.0,1.0,1.0,43.71416430012323,29,200,10.0,19890.0,0.0,0.0,1.0,0.0,1.0
0.2,5.0276520864756156e-05,1.0,0.09090909090909091,0.9090909090909091,1.0,43.71416430012323,29,200,10.0,19889.0,1.0,0.0,1.0,5.0276520864756156e-05,0.9999497487437186
0.25,0.00010055304172951231,1.0,0.16666666666666666,0.8333333333333334,1.0,43.71416430012323,29,200,10.0,19888.0,2.0,0.0,1.0,0.00010055304172951231,0.9998994974874372
0.3,0.00020110608345902463,1.0,0.2857142857142857,0.7142857142857143,1.0,43.71416430012323,29,200,10.0,19886.0,4.0,0.0,1.0,0.00020110608345902463,0.9997989949748743
0.35,0.00020110608345902463,1.0,0.2857142857142857,0.7142857142857143,1.0,43.71416430012323,29,200,10.0,19886.0,4.0,0.0,1.0,0.00020110608345902463,0.9997989949748743
0.4,0.00025138260432378077,1.0,0.3333333333333333,0.6666666666666666,1.0,43.71416430012323,29,200,10.0,19885.0,5.0,0.0,1.0,0.00025138260432378077,0.999748743718593
0.45,0.00030165912518853697,1.0,0.375,0.625,1.0,43.71416430012323,29,200,10.0,19884.0,6.0,0.0,1.0,0.00030165912518853697,0.9996984924623116
0.5,0.0009049773755656109,1.0,0.6428571428571429,0.35714285714285715,1.0,43.71416430012323,29,200,10.0,19872.0,18.0,0.0,1.0,0.0009049773755656109,0.9990954773869347
0.55,0.000955253896430367,1.0,0.6551724137931034,0.3448275862068966,1.0,43.71416430012323,29,200,10.0,19871.0,19.0,0.0,1.0,0.000955253896430367,0.9990452261306533
0.6,0.000955253896430367,1.0,0.6551724137931034,0.3448275862068966,1.0,43.71416430012323,29,200,10.0,19871.0,19.0,0.0,1.0,0.000955253896430367,0.9990452261306533
0.65,0.001005530417295123,1.0,0.6666666666666666,0.3333333333333333,1.0,43.71416430012323,29,200,10.0,19870.0,20.0,0.0,1.0,0.001005530417295123,0.9989949748743718
0.7,0.001256913021618904,1.0,0.7142857142857143,0.2857142857142857,1.0,43.71416430012323,29,200,10.0,19865.0,25.0,0.0,1.0,0.001256913021618904,0.9987437185929648
0.75,0.0013574660633484162,1.0,0.7297297297297297,0.2702702702702703,1.0,43.71416430012323,29,200,10.0,19863.0,27.0,0.0,1.0,0.0013574660633484162,0.998643216080402
0.8,0.0014077425842131724,1.0,0.7368421052631579,0.2631578947368421,1.0,43.71416430012323,29,200,10.0,19862.0,28.0,0.0,1.0,0.0014077425842131724,0.9985929648241206
0.85,0.001910507792860734,1.0,0.7916666666666666,0.20833333333333334,1.0,43.71416430012323,29,200,10.0,19852.0,38.0,0.0,1.0,0.001910507792860734,0.9980904522613065
0.9,0.004725992961287079,1.0,0.9038461538461539,0.09615384615384616,1.0,43.71416430012323,29,200,10.0,19796.0,94.0,0.0,1.0,0.004725992961287079,0.9952763819095477
0.95,0.01558572146807441,1.0,0.96875,0.03125,1.0,43.71416430012323,29,200,10.0,19580.0,310.0,0.0,1.0,0.01558572146807441,0.9844221105527639
1.0,0.9982905982905983,1.0,0.9994966274036041,0.0005033725963958522,1.0,43.71416430012323,29,200,10.0,34.0,19856.0,0.0,1.0,0.9982905982905983,0.0022110552763819095
0.05,0.0,1.0,0.0,1.0,1.0,43.49264320009388,30,200,10.0,19890.0,0.0,0.0,1.0,0.0,1.0
0.1,0.0,1.0,0.0,1.0,1.0,43.49264320009388,30,200,10.0,19890.0,0.0,0.0,1.0,0.0,1.0
0.15,0.0,1.0,0.0,1.0,1.0,43.49264320009388,30,200,10.0,19890.0,0.0,0.0,1.0,0.0,1.0
0.2,0.0,1.0,0.0,1.0,1.0,43.49264320009388,30,200,10.0,19890.0,0.0,0.0,1.0,0.0,1.0
0.25,0.0,1.0,0.0,1.0,1.0,43.49264320009388,30,200,10.0,19890.0,0.0,0.0,1.0,0.0,1.0
0.3,0.00020110608345902463,1.0,0.2857142857142857,0.7142857142857143,1.0,43.49264320009388,30,200,10.0,19886.0,4.0,0.0,1.0,0.00020110608345902463,0.9997989949748743
0.35,0.00045248868778280545,1.0,0.47368421052631576,0.5263157894736842,1.0,43.49264320009388,30,200,10.0,19881.0,9.0,0.0,1.0,0.00045248868778280545,0.9995477386934674
0.4,0.0005530417295123177,1.0,0.5238095238095238,0.47619047619047616,1.0,43.49264320009388,30,200,10.0,19879.0,11.0,0.0,1.0,0.0005530417295123177,0.9994472361809045
0.45,0.0007038712921065862,1.0,0.5833333333333334,0.4166666666666667,1.0,43.49264320009388,30,200,10.0,19876.0,14.0,0.0,1.0,0.0007038712921065862,0.9992964824120603
0.5,0.0007541478129713424,1.0,0.6,0.4,1.0,43.49264320009388,30,200,10.0,19875.0,15.0,0.0,1.0,0.0007541478129713424,0.9992462311557789
0.55,0.0007541478129713424,1.0,0.6,0.4,1.0,43.49264320009388,30,200,10.0,19875.0,15.0,0.0,1.0,0.0007541478129713424,0.9992462311557789
0.6,0.0007541478129713424,1.0,0.6,0.4,1.0,43.49264320009388,30,200,10.0,19875.0,15.0,0.0,1.0,0.0007541478129713424,0.9992462311557789
0.65,0.0007541478129713424,1.0,0.6,0.4,1.0,43.49264320009388,30,200,10.0,19875.0,15.0,0.0,1.0,0.0007541478129713424,0.9992462311557789
0.7,0.0008044243338360985,1.0,0.6153846153846154,0.38461538461538464,1.0,43.49264320009388,30,200,10.0,19874.0,16.0,0.0,1.0,0.0008044243338360985,0.9991959798994975
0.75,0.0008547008547008547,1.0,0.6296296296296297,0.37037037037037035,1.0,43.49264320009388,30,200,10.0,19873.0,17.0,0.0,1.0,0.0008547008547008547,0.999145728643216
0.8,0.0010558069381598793,1.0,0.6774193548387096,0.3225806451612903,1.0,43.49264320009388,30,200,10.0,19869.0,21.0,0.0,1.0,0.0010558069381598793,0.9989447236180905
0.85,0.0017596782302664656,1.0,0.7777777777777778,0.2222222222222222,1.0,43.49264320009388,30,200,10.0,19855.0,35.0,0.0,1.0,0.0017596782302664656,0.9982412060301508
0.9,0.019356460532931122,1.0,0.9746835443037974,0.02531645569620253,1.0,43.49264320009388,30,200,10.0,19505.0,385.0,0.0,1.0,0.019356460532931122,0.9806532663316583
0.95,0.024132730015082957,1.0,0.9795918367346939,0.02040816326530612,1.0,43.49264320009388,30,200,10.0,19410.0,480.0,0.0,1.0,0.024132730015082957,0.9758793969849247
1.0,0.9964303670186023,1.0,0.9994956881335418,0.0005043118664582178,1.0,43.49264320009388,30,200,10.0,71.0,19819.0,0.0,1.0,0.9964303670186023,0.00407035175879397
0.05,0.00010055304172951231,1.0,0.16666666666666666,0.8333333333333334,1.0,44.617795299971476,31,200,10.0,19888.0,2.0,0.0,1.0,0.00010055304172951231,0.9998994974874372
0.1,0.00010055304172951231,1.0,0.16666666666666666,0.8333333333333334,1.0,44.617795299971476,31,200,10.0,19888.0,2.0,0.0,1.0,0.00010055304172951231,0.9998994974874372
0.15,0.00010055304172951231,1.0,0.16666666666666666,0.8333333333333334,1.0,44.617795299971476,31,200,10.0,19888.0,2.0,0.0,1.0,0.00010055304172951231,0.9998994974874372
0.2,0.00020110608345902463,1.0,0.2857142857142857,0.7142857142857143,1.0,44.617795299971476,31,200,10.0,19886.0,4.0,0.0,1.0,0.00020110608345902463,0.9997989949748743
0.25,0.00020110608345902463,1.0,0.2857142857142857,0.7142857142857143,1.0,44.617795299971476,31,200,10.0,19886.0,4.0,0.0,1.0,0.00020110608345902463,0.9997989949748743
0.3,0.00030165912518853697,1.0,0.375,0.625,1.0,44.617795299971476,31,200,10.0,19884.0,6.0,0.0,1.0,0.00030165912518853697,0.9996984924623116
0.35,0.00030165912518853697,1.0,0.375,0.625,1.0,44.617795299971476,31,200,10.0,19884.0,6.0,0.0,1.0,0.00030165912518853697,0.9996984924623116
0.4,0.0003519356460532931,1.0,0.4117647058823529,0.5882352941176471,1.0,44.617795299971476,31,200,10.0,19883.0,7.0,0.0,1.0,0.0003519356460532931,0.9996482412060301
0.45,0.00040221216691804925,1.0,0.4444444444444444,0.5555555555555556,1.0,44.617795299971476,31,200,10.0,19882.0,8.0,0.0,1.0,0.00040221216691804925,0.9995979899497487
0.5,0.0007541478129713424,1.0,0.6,0.4,1.0,44.617795299971476,31,200,10.0,19875.0,15.0,0.0,1.0,0.0007541478129713424,0.9992462311557789
0.55,0.0008547008547008547,1.0,0.6296296296296297,0.37037037037037035,1.0,44.617795299971476,31,200,10.0,19873.0,17.0,0.0,1.0,0.0008547008547008547,0.999145728643216
0.6,0.0010558069381598793,1.0,0.6774193548387096,0.3225806451612903,1.0,44.617795299971476,31,200,10.0,19869.0,21.0,0.0,1.0,0.0010558069381598793,0.9989447236180905
0.65,0.0011060834590246355,1.0,0.6875,0.3125,1.0,44.617795299971476,31,200,10.0,19868.0,22.0,0.0,1.0,0.0011060834590246355,0.9988944723618091
0.7,0.0018099547511312218,1.0,0.782608695652174,0.21739130434782608,1.0,44.617795299971476,31,200,10.0,19854.0,36.0,0.0,1.0,0.0018099547511312218,0.9981909547738693
0.75,0.0020613373554550026,1.0,0.803921568627451,0.19607843137254902,1.0,44.617795299971476,31,200,10.0,19849.0,41.0,0.0,1.0,0.0020613373554550026,0.9979396984924623
0.8,0.003217697335344394,1.0,0.8648648648648649,0.13513513513513514,1.0,44.617795299971476,31,200,10.0,19826.0,64.0,0.0,1.0,0.003217697335344394,0.99678391959799
0.85,0.005279034690799397,1.0,0.9130434782608695,0.08695652173913043,1.0,44.617795299971476,31,200,10.0,19785.0,105.0,0.0,1.0,0.005279034690799397,0.9947236180904523
0.9,0.0212166918049271,1.0,0.9768518518518519,0.023148148148148147,1.0,44.617795299971476,31,200,10.0,19468.0,422.0,0.0,1.0,0.0212166918049271,0.9787939698492463
0.95,0.027400703871292106,1.0,0.9819819819819819,0.018018018018018018,1.0,44.617795299971476,31,200,10.0,19345.0,545.0,0.0,1.0,0.027400703871292106,0.9726130653266332
1.0,0.9984917043740573,1.0,0.9994967287367891,0.0005032712632108706,1.0,44.617795299971476,31,200,10.0,30.0,19860.0,0.0,1.0,0.9984917043740573,0.0020100502512562816
0.05,5.0276520864756156e-05,1.0,0.09090909090909091,0.9090909090909091,1.0,43.57383140013553,32,200,10.0,19889.0,1.0,0.0,1.0,5.0276520864756156e-05,0.9999497487437186
0.1,0.00010055304172951231,1.0,0.16666666666666666,0.8333333333333334,1.0,43.57383140013553,32,200,10.0,19888.0,2.0,0.0,1.0,0.00010055304172951231,0.9998994974874372
0.15,0.00015082956259426848,1.0,0.23076923076923078,0.7692307692307693,1.0,43.57383140013553,32,200,10.0,19887.0,3.0,0.0,1.0,0.00015082956259426848,0.9998492462311558
0.2,0.00015082956259426848,1.0,0.23076923076923078,0.7692307692307693,1.0,43.57383140013553,32,200,10.0,19887.0,3.0,0.0,1.0,0.00015082956259426848,0.9998492462311558
0.25,0.00015082956259426848,1.0,0.23076923076923078,0.7692307692307693,1.0,43.57383140013553,32,200,10.0,19887.0,3.0,0.0,1.0,0.00015082956259426848,0.9998492462311558
0.3,0.00025138260432378077,1.0,0.3333333333333333,0.6666666666666666,1.0,43.57383140013553,32,200,10.0,19885.0,5.0,0.0,1.0,0.00025138260432378077,0.999748743718593
0.35,0.00040221216691804925,1.0,0.4444444444444444,0.5555555555555556,1.0,43.57383140013553,32,200,10.0,19882.0,8.0,0.0,1.0,0.00040221216691804925,0.9995979899497487
0.4,0.00040221216691804925,1.0,0.4444444444444444,0.5555555555555556,1.0,43.57383140013553,32,200,10.0,19882.0,8.0,0.0,1.0,0.00040221216691804925,0.9995979899497487
0.45,0.00045248868778280545,1.0,0.47368421052631576,0.5263157894736842,1.0,43.57383140013553,32,200,10.0,19881.0,9.0,0.0,1.0,0.00045248868778280545,0.9995477386934674
0.5,0.0005027652086475615,1.0,0.5,0.5,1.0,43.57383140013553,32,200,10.0,19880.0,10.0,0.0,1.0,0.0005027652086475615,0.9994974874371859
0.55,0.0006033182503770739,1.0,0.5454545454545454,0.45454545454545453,1.0,43.57383140013553,32,200,10.0,19878.0,12.0,0.0,1.0,0.0006033182503770739,0.9993969849246231
0.6,0.0006033182503770739,1.0,0.5454545454545454,0.45454545454545453,1.0,43.57383140013553,32,200,10.0,19878.0,12.0,0.0,1.0,0.0006033182503770739,0.9993969849246231
0.65,0.0008044243338360985,1.0,0.6153846153846154,0.38461538461538464,1.0,43.57383140013553,32,200,10.0,19874.0,16.0,0.0,1.0,0.0008044243338360985,0.9991959798994975
0.7,0.001005530417295123,1.0,0.6666666666666666,0.3333333333333333,1.0,43.57383140013553,32,200,10.0,19870.0,20.0,0.0,1.0,0.001005530417295123,0.9989949748743718
0.75,0.0018099547511312218,1.0,0.782608695652174,0.21739130434782608,1.0,43.57383140013553,32,200,10.0,19854.0,36.0,0.0,1.0,0.0018099547511312218,0.9981909547738693
0.8,0.0018602312719959778,1.0,0.7872340425531915,0.2127659574468085,1.0,43.57383140013553,32,200,10.0,19853.0,37.0,0.0,1.0,0.0018602312719959778,0.998140703517588
0.85,0.002815485168426345,1.0,0.8484848484848485,0.15151515151515152,1.0,43.57383140013553,32,200,10.0,19834.0,56.0,0.0,1.0,0.002815485168426345,0.9971859296482412
0.9,0.0034690799396681748,1.0,0.8734177215189873,0.12658227848101267,1.0,43.57383140013553,32,200,10.0,19821.0,69.0,0.0,1.0,0.0034690799396681748,0.996532663316583
0.95,0.005429864253393665,1.0,0.9152542372881356,0.0847457627118644,1.0,43.57383140013553,32,200,10.0,19782.0,108.0,0.0,1.0,0.005429864253393665,0.9945728643216081
1.0,0.9945701357466064,1.0,0.9994947453516573,0.0005052546483427648,1.0,43.57383140013553,32,200,10.0,108.0,19782.0,0.0,1.0,0.9945701357466064,0.00592964824120603
0.05,5.0276520864756156e-05,1.0,0.09090909090909091,0.9090909090909091,1.0,44.857569500105456,33,200,10.0,19889.0,1.0,0.0,1.0,5.0276520864756156e-05,0.9999497487437186
0.1,0.00010055304172951231,1.0,0.16666666666666666,0.8333333333333334,1.0,44.857569500105456,33,200,10.0,19888.0,2.0,0.0,1.0,0.00010055304172951231,0.9998994974874372
0.15,0.00010055304172951231,1.0,0.16666666666666666,0.8333333333333334,1.0,44.857569500105456,33,200,10.0,19888.0,2.0,0.0,1.0,0.00010055304172951231,0.9998994974874372
0.2,0.00010055304172951231,1.0,0.16666666666666666,0.8333333333333334,1.0,44.857569500105456,33,200,10.0,19888.0,2.0,0.0,1.0,0.00010055304172951231,0.9998994974874372
0.25,0.00020110608345902463,1.0,0.2857142857142857,0.7142857142857143,1.0,44.857569500105456,33,200,10.0,19886.0,4.0,0.0,1.0,0.00020110608345902463,0.9997989949748743
0.3,0.00025138260432378077,1.0,0.3333333333333333,0.6666666666666666,1.0,44.857569500105456,33,200,10.0,19885.0,5.0,0.0,1.0,0.00025138260432378077,0.999748743718593
0.35,0.00025138260432378077,1.0,0.3333333333333333,0.6666666666666666,1.0,44.857569500105456,33,200,10.0,19885.0,5.0,0.0,1.0,0.00025138260432378077,0.999748743718593
0.4,0.00040221216691804925,1.0,0.4444444444444444,0.5555555555555556,1.0,44.857569500105456,33,200,10.0,19882.0,8.0,0.0,1.0,0.00040221216691804925,0.9995979899497487
0.45,0.00045248868778280545,1.0,0.47368421052631576,0.5263157894736842,1.0,44.857569500105456,33,200,10.0,19881.0,9.0,0.0,1.0,0.00045248868778280545,0.9995477386934674
0.5,0.0011563599798893917,1.0,0.696969696969697,0.30303030303030304,1.0,44.857569500105456,33,200,10.0,19867.0,23.0,0.0,1.0,0.0011563599798893917,0.9988442211055276
0.55,0.0011563599798893917,1.0,0.696969696969697,0.30303030303030304,1.0,44.857569500105456,33,200,10.0,19867.0,23.0,0.0,1.0,0.0011563599798893917,0.9988442211055276
0.6,0.00130718954248366,1.0,0.7222222222222222,0.2777777777777778,1.0,44.857569500105456,33,200,10.0,19864.0,26.0,0.0,1.0,0.00130718954248366,0.9986934673366834
0.65,0.001910507792860734,1.0,0.7916666666666666,0.20833333333333334,1.0,44.857569500105456,33,200,10.0,19852.0,38.0,0.0,1.0,0.001910507792860734,0.9980904522613065
0.7,0.002161890397184515,1.0,0.8113207547169812,0.18867924528301888,1.0,44.857569500105456,33,200,10.0,19847.0,43.0,0.0,1.0,0.002161890397184515,0.9978391959798995
0.75,0.003418803418803419,1.0,0.8717948717948718,0.1282051282051282,1.0,44.857569500105456,33,200,10.0,19822.0,68.0,0.0,1.0,0.003418803418803419,0.9965829145728643
0.8,0.004122674710910005,1.0,0.8913043478260869,0.10869565217391304,1.0,44.857569500105456,33,200,10.0,19808.0,82.0,0.0,1.0,0.004122674710910005,0.9958793969849247
0.85,0.005982905982905983,1.0,0.9224806201550387,0.07751937984496124,1.0,44.857569500105456,33,200,10.0,19771.0,119.0,0.0,1.0,0.005982905982905983,0.9940201005025125
0.9,0.006586224233283057,1.0,0.9290780141843972,0.07092198581560284,1.0,44.857569500105456,33,200,10.0,19759.0,131.0,0.0,1.0,0.006586224233283057,0.9934170854271357
0.95,0.032076420311714426,1.0,0.9845679012345679,0.015432098765432098,1.0,44.857569500105456,33,200,10.0,19252.0,638.0,0.0,1.0,0.032076420311714426,0.9679396984924623
1.0,0.9984917043740573,1.0,0.9994967287367891,0.0005032712632108706,1.0,44.857569500105456,33,200,10.0,30.0,19860.0,0.0,1.0,0.9984917043740573,0.0020100502512562816
0.05,0.0,1.0,0.0,1.0,1.0,43.07036380004138,34,200,10.0,19890.0,0.0,0.0,1.0,0.0,1.0
0.1,0.00010055304172951231,1.0,0.16666666666666666,0.8333333333333334,1.0,43.07036380004138,34,200,10.0,19888.0,2.0,0.0,1.0,0.00010055304172951231,0.9998994974874372
0.15,0.00010055304172951231,1.0,0.16666666666666666,0.8333333333333334,1.0,43.07036380004138,34,200,10.0,19888.0,2.0,0.0,1.0,0.00010055304172951231,0.9998994974874372
0.2,0.00015082956259426848,1.0,0.23076923076923078,0.7692307692307693,1.0,43.07036380004138,34,200,10.0,19887.0,3.0,0.0,1.0,0.00015082956259426848,0.9998492462311558
0.25,0.00025138260432378077,1.0,0.3333333333333333,0.6666666666666666,1.0,43.07036380004138,34,200,10.0,19885.0,5.0,0.0,1.0,0.00025138260432378077,0.999748743718593
0.3,0.00025138260432378077,1.0,0.3333333333333333,0.6666666666666666,1.0,43.07036380004138,34,200,10.0,19885.0,5.0,0.0,1.0,0.00025138260432378077,0.999748743718593
0.35,0.00030165912518853697,1.0,0.375,0.625,1.0,43.07036380004138,34,200,10.0,19884.0,6.0,0.0,1.0,0.00030165912518853697,0.9996984924623116
0.4,0.0007541478129713424,1.0,0.6,0.4,1.0,43.07036380004138,34,200,10.0,19875.0,15.0,0.0,1.0,0.0007541478129713424,0.9992462311557789
0.45,0.0009049773755656109,1.0,0.6428571428571429,0.35714285714285715,1.0,43.07036380004138,34,200,10.0,19872.0,18.0,0.0,1.0,0.0009049773755656109,0.9990954773869347
0.5,0.001005530417295123,1.0,0.6666666666666666,0.3333333333333333,1.0,43.07036380004138,34,200,10.0,19870.0,20.0,0.0,1.0,0.001005530417295123,0.9989949748743718
0.55,0.001005530417295123,1.0,0.6666666666666666,0.3333333333333333,1.0,43.07036380004138,34,200,10.0,19870.0,20.0,0.0,1.0,0.001005530417295123,0.9989949748743718
0.6,0.001005530417295123,1.0,0.6666666666666666,0.3333333333333333,1.0,43.07036380004138,34,200,10.0,19870.0,20.0,0.0,1.0,0.001005530417295123,0.9989949748743718
0.65,0.0010558069381598793,1.0,0.6774193548387096,0.3225806451612903,1.0,43.07036380004138,34,200,10.0,19869.0,21.0,0.0,1.0,0.0010558069381598793,0.9989447236180905
0.7,0.0010558069381598793,1.0,0.6774193548387096,0.3225806451612903,1.0,43.07036380004138,34,200,10.0,19869.0,21.0,0.0,1.0,0.0010558069381598793,0.9989447236180905
0.75,0.0011060834590246355,1.0,0.6875,0.3125,1.0,43.07036380004138,34,200,10.0,19868.0,22.0,0.0,1.0,0.0011060834590246355,0.9988944723618091
0.8,0.001608848667672197,1.0,0.7619047619047619,0.23809523809523808,1.0,43.07036380004138,34,200,10.0,19858.0,32.0,0.0,1.0,0.001608848667672197,0.998391959798995
0.85,0.0017596782302664656,1.0,0.7777777777777778,0.2222222222222222,1.0,43.07036380004138,34,200,10.0,19855.0,35.0,0.0,1.0,0.0017596782302664656,0.9982412060301508
0.9,0.0018099547511312218,1.0,0.782608695652174,0.21739130434782608,1.0,43.07036380004138,34,200,10.0,19854.0,36.0,0.0,1.0,0.0018099547511312218,0.9981909547738693
0.95,0.008597285067873304,1.0,0.9447513812154696,0.055248618784530384,1.0,43.07036380004138,34,200,10.0,19719.0,171.0,0.0,1.0,0.008597285067873304,0.9914070351758794
1.0,0.9983911513323278,1.0,0.999496678075297,0.0005033219247030401,1.0,43.07036380004138,34,200,10.0,32.0,19858.0,0.0,1.0,0.9983911513323278,0.0021105527638190956
0.05,0.00010055304172951231,1.0,0.16666666666666666,0.8333333333333334,1.0,44.081553399795666,35,200,10.0,19888.0,2.0,0.0,1.0,0.00010055304172951231,0.9998994974874372
0.1,0.00010055304172951231,1.0,0.16666666666666666,0.8333333333333334,1.0,44.081553399795666,35,200,10.0,19888.0,2.0,0.0,1.0,0.00010055304172951231,0.9998994974874372
0.15,0.00020110608345902463,1.0,0.2857142857142857,0.7142857142857143,1.0,44.081553399795666,35,200,10.0,19886.0,4.0,0.0,1.0,0.00020110608345902463,0.9997989949748743
0.2,0.00030165912518853697,1.0,0.375,0.625,1.0,44.081553399795666,35,200,10.0,19884.0,6.0,0.0,1.0,0.00030165912518853697,0.9996984924623116
0.25,0.0003519356460532931,1.0,0.4117647058823529,0.5882352941176471,1.0,44.081553399795666,35,200,10.0,19883.0,7.0,0.0,1.0,0.0003519356460532931,0.9996482412060301
0.3,0.00045248868778280545,1.0,0.47368421052631576,0.5263157894736842,1.0,44.081553399795666,35,200,10.0,19881.0,9.0,0.0,1.0,0.00045248868778280545,0.9995477386934674
0.35,0.00045248868778280545,1.0,0.47368421052631576,0.5263157894736842,1.0,44.081553399795666,35,200,10.0,19881.0,9.0,0.0,1.0,0.00045248868778280545,0.9995477386934674
0.4,0.0007038712921065862,1.0,0.5833333333333334,0.4166666666666667,1.0,44.081553399795666,35,200,10.0,19876.0,14.0,0.0,1.0,0.0007038712921065862,0.9992964824120603
0.45,0.0009049773755656109,1.0,0.6428571428571429,0.35714285714285715,1.0,44.081553399795666,35,200,10.0,19872.0,18.0,0.0,1.0,0.0009049773755656109,0.9990954773869347
0.5,0.001005530417295123,1.0,0.6666666666666666,0.3333333333333333,1.0,44.081553399795666,35,200,10.0,19870.0,20.0,0.0,1.0,0.001005530417295123,0.9989949748743718
0.55,0.0018602312719959778,1.0,0.7872340425531915,0.2127659574468085,1.0,44.081553399795666,35,200,10.0,19853.0,37.0,0.0,1.0,0.0018602312719959778,0.998140703517588
0.6,0.00196078431372549,1.0,0.7959183673469388,0.20408163265306123,1.0,44.081553399795666,35,200,10.0,19851.0,39.0,0.0,1.0,0.00196078431372549,0.9980402010050251
0.65,0.0023629964806435393,1.0,0.8245614035087719,0.17543859649122806,1.0,44.081553399795666,35,200,10.0,19843.0,47.0,0.0,1.0,0.0023629964806435393,0.9976381909547739
0.7,0.003167420814479638,1.0,0.863013698630137,0.136986301369863,1.0,44.081553399795666,35,200,10.0,19827.0,63.0,0.0,1.0,0.003167420814479638,0.9968341708542714
0.75,0.004524886877828055,1.0,0.9,0.1,1.0,44.081553399795666,35,200,10.0,19800.0,90.0,0.0,1.0,0.004524886877828055,0.9954773869346734
0.8,0.004524886877828055,1.0,0.9,0.1,1.0,44.081553399795666,35,200,10.0,19800.0,90.0,0.0,1.0,0.004524886877828055,0.9954773869346734
0.85,0.006334841628959276,1.0,0.9264705882352942,0.07352941176470588,1.0,44.081553399795666,35,200,10.0,19764.0,126.0,0.0,1.0,0.006334841628959276,0.9936683417085427
0.9,0.012217194570135747,1.0,0.9604743083003953,0.039525691699604744,1.0,44.081553399795666,35,200,10.0,19647.0,243.0,0.0,1.0,0.012217194570135747,0.9877889447236181
0.95,0.018552036199095023,1.0,0.9736147757255936,0.026385224274406333,1.0,44.081553399795666,35,200,10.0,19521.0,369.0,0.0,1.0,0.018552036199095023,0.9814572864321608
1.0,0.9984917043740573,1.0,0.9994967287367891,0.0005032712632108706,1.0,44.081553399795666,35,200,10.0,30.0,19860.0,0.0,1.0,0.9984917043740573,0.0020100502512562816
0.05,5.0276520864756156e-05,1.0,0.09090909090909091,0.9090909090909091,1.0,43.24020179989748,36,200,10.0,19889.0,1.0,0.0,1.0,5.0276520864756156e-05,0.9999497487437186
0.1,5.0276520864756156e-05,1.0,0.09090909090909091,0.9090909090909091,1.0,43.24020179989748,36,200,10.0,19889.0,1.0,0.0,1.0,5.0276520864756156e-05,0.9999497487437186
0.15,5.0276520864756156e-05,1.0,0.09090909090909091,0.9090909090909091,1.0,43.24020179989748,36,200,10.0,19889.0,1.0,0.0,1.0,5.0276520864756156e-05,0.9999497487437186
0.2,0.00010055304172951231,1.0,0.16666666666666666,0.8333333333333334,1.0,43.24020179989748,36,200,10.0,19888.0,2.0,0.0,1.0,0.00010055304172951231,0.9998994974874372
0.25,0.00010055304172951231,1.0,0.16666666666666666,0.8333333333333334,1.0,43.24020179989748,36,200,10.0,19888.0,2.0,0.0,1.0,0.00010055304172951231,0.9998994974874372
0.3,0.00015082956259426848,1.0,0.23076923076923078,0.7692307692307693,1.0,43.24020179989748,36,200,10.0,19887.0,3.0,0.0,1.0,0.00015082956259426848,0.9998492462311558
0.35,0.0005027652086475615,1.0,0.5,0.5,1.0,43.24020179989748,36,200,10.0,19880.0,10.0,0.0,1.0,0.0005027652086475615,0.9994974874371859
0.4,0.0007038712921065862,1.0,0.5833333333333334,0.4166666666666667,1.0,43.24020179989748,36,200,10.0,19876.0,14.0,0.0,1.0,0.0007038712921065862,0.9992964824120603
0.45,0.001256913021618904,1.0,0.7142857142857143,0.2857142857142857,1.0,43.24020179989748,36,200,10.0,19865.0,25.0,0.0,1.0,0.001256913021618904,0.9987437185929648
0.5,0.0017596782302664656,1.0,0.7777777777777778,0.2222222222222222,1.0,43.24020179989748,36,200,10.0,19855.0,35.0,0.0,1.0,0.0017596782302664656,0.9982412060301508
0.55,0.001910507792860734,1.0,0.7916666666666666,0.20833333333333334,1.0,43.24020179989748,36,200,10.0,19852.0,38.0,0.0,1.0,0.001910507792860734,0.9980904522613065
0.6,0.0023127199597787833,1.0,0.8214285714285714,0.17857142857142858,1.0,43.24020179989748,36,200,10.0,19844.0,46.0,0.0,1.0,0.0023127199597787833,0.9976884422110552
0.65,0.00261437908496732,1.0,0.8387096774193549,0.16129032258064516,1.0,43.24020179989748,36,200,10.0,19838.0,52.0,0.0,1.0,0.00261437908496732,0.9973869346733668
0.7,0.003368526897938663,1.0,0.8701298701298701,0.12987012987012986,1.0,43.24020179989748,36,200,10.0,19823.0,67.0,0.0,1.0,0.003368526897938663,0.9966331658291457
0.75,0.004575163398692811,1.0,0.900990099009901,0.09900990099009901,1.0,43.24020179989748,36,200,10.0,19799.0,91.0,0.0,1.0,0.004575163398692811,0.9954271356783919
0.8,0.007440925087983911,1.0,0.9367088607594937,0.06329113924050633,1.0,43.24020179989748,36,200,10.0,19742.0,148.0,0.0,1.0,0.007440925087983911,0.9925628140703517
0.85,0.014630467571644042,1.0,0.9667774086378738,0.03322259136212625,1.0,43.24020179989748,36,200,10.0,19599.0,291.0,0.0,1.0,0.014630467571644042,0.9853768844221106
0.9,0.017697335344394168,1.0,0.9723756906077348,0.027624309392265192,1.0,43.24020179989748,36,200,10.0,19538.0,352.0,0.0,1.0,0.017697335344394168,0.9823115577889447
0.95,0.04635495223730518,1.0,0.9892703862660944,0.01072961373390558,1.0,43.24020179989748,36,200,10.0,18968.0,922.0,0.0,1.0,0.04635495223730518,0.9536683417085428
1.0,0.9526897938662644,1.0,0.9994725460203597,0.0005274539796402763,1.0,43.24020179989748,36,200,10.0,941.0,18949.0,0.0,1.0,0.9526897938662644,0.04778894472361809
0.05,0.00010055304172951231,1.0,0.16666666666666666,0.8333333333333334,1.0,43.436635500052944,37,200,10.0,19888.0,2.0,0.0,1.0,0.00010055304172951231,0.9998994974874372
0.1,0.00015082956259426848,1.0,0.23076923076923078,0.7692307692307693,1.0,43.436635500052944,37,200,10.0,19887.0,3.0,0.0,1.0,0.00015082956259426848,0.9998492462311558
0.15,0.00015082956259426848,1.0,0.23076923076923078,0.7692307692307693,1.0,43.436635500052944,37,200,10.0,19887.0,3.0,0.0,1.0,0.00015082956259426848,0.9998492462311558
0.2,0.00020110608345902463,1.0,0.2857142857142857,0.7142857142857143,1.0,43.436635500052944,37,200,10.0,19886.0,4.0,0.0,1.0,0.00020110608345902463,0.9997989949748743
0.25,0.00025138260432378077,1.0,0.3333333333333333,0.6666666666666666,1.0,43.436635500052944,37,200,10.0,19885.0,5.0,0.0,1.0,0.00025138260432378077,0.999748743718593
0.3,0.00025138260432378077,1.0,0.3333333333333333,0.6666666666666666,1.0,43.436635500052944,37,200,10.0,19885.0,5.0,0.0,1.0,0.00025138260432378077,0.999748743718593
0.35,0.00025138260432378077,1.0,0.3333333333333333,0.6666666666666666,1.0,43.436635500052944,37,200,10.0,19885.0,5.0,0.0,1.0,0.00025138260432378077,0.999748743718593
0.4,0.0005530417295123177,1.0,0.5238095238095238,0.47619047619047616,1.0,43.436635500052944,37,200,10.0,19879.0,11.0,0.0,1.0,0.0005530417295123177,0.9994472361809045
0.45,0.0005530417295123177,1.0,0.5238095238095238,0.47619047619047616,1.0,43.436635500052944,37,200,10.0,19879.0,11.0,0.0,1.0,0.0005530417295123177,0.9994472361809045
0.5,0.0006033182503770739,1.0,0.5454545454545454,0.45454545454545453,1.0,43.436635500052944,37,200,10.0,19878.0,12.0,0.0,1.0,0.0006033182503770739,0.9993969849246231
0.55,0.0006033182503770739,1.0,0.5454545454545454,0.45454545454545453,1.0,43.436635500052944,37,200,10.0,19878.0,12.0,0.0,1.0,0.0006033182503770739,0.9993969849246231
0.6,0.00065359477124183,1.0,0.5652173913043478,0.43478260869565216,1.0,43.436635500052944,37,200,10.0,19877.0,13.0,0.0,1.0,0.00065359477124183,0.9993467336683417
0.65,0.0007038712921065862,1.0,0.5833333333333334,0.4166666666666667,1.0,43.436635500052944,37,200,10.0,19876.0,14.0,0.0,1.0,0.0007038712921065862,0.9992964824120603
0.7,0.001005530417295123,1.0,0.6666666666666666,0.3333333333333333,1.0,43.436635500052944,37,200,10.0,19870.0,20.0,0.0,1.0,0.001005530417295123,0.9989949748743718
0.75,0.0011563599798893917,1.0,0.696969696969697,0.30303030303030304,1.0,43.436635500052944,37,200,10.0,19867.0,23.0,0.0,1.0,0.0011563599798893917,0.9988442211055276
0.8,0.0011563599798893917,1.0,0.696969696969697,0.30303030303030304,1.0,43.436635500052944,37,200,10.0,19867.0,23.0,0.0,1.0,0.0011563599798893917,0.9988442211055276
0.85,0.0016591251885369532,1.0,0.7674418604651163,0.23255813953488372,1.0,43.436635500052944,37,200,10.0,19857.0,33.0,0.0,1.0,0.0016591251885369532,0.9983417085427135
0.9,0.002161890397184515,1.0,0.8113207547169812,0.18867924528301888,1.0,43.436635500052944,37,200,10.0,19847.0,43.0,0.0,1.0,0.002161890397184515,0.9978391959798995
0.95,0.015786827551533433,1.0,0.9691358024691358,0.030864197530864196,1.0,43.436635500052944,37,200,10.0,19576.0,314.0,0.0,1.0,0.015786827551533433,0.9842211055276382
1.0,0.9983911513323278,1.0,0.999496678075297,0.0005033219247030401,1.0,43.436635500052944,37,200,10.0,32.0,19858.0,0.0,1.0,0.9983911513323278,0.0021105527638190956
0.05,0.00010055304172951231,1.0,0.16666666666666666,0.8333333333333334,1.0,43.39194820006378,38,200,10.0,19888.0,2.0,0.0,1.0,0.00010055304172951231,0.9998994974874372
0.1,0.00010055304172951231,1.0,0.16666666666666666,0.8333333333333334,1.0,43.39194820006378,38,200,10.0,19888.0,2.0,0.0,1.0,0.00010055304172951231,0.9998994974874372
0.15,0.00010055304172951231,1.0,0.16666666666666666,0.8333333333333334,1.0,43.39194820006378,38,200,10.0,19888.0,2.0,0.0,1.0,0.00010055304172951231,0.9998994974874372
0.2,0.00015082956259426848,1.0,0.23076923076923078,0.7692307692307693,1.0,43.39194820006378,38,200,10.0,19887.0,3.0,0.0,1.0,0.00015082956259426848,0.9998492462311558
0.25,0.00015082956259426848,1.0,0.23076923076923078,0.7692307692307693,1.0,43.39194820006378,38,200,10.0,19887.0,3.0,0.0,1.0,0.00015082956259426848,0.9998492462311558
0.3,0.00015082956259426848,1.0,0.23076923076923078,0.7692307692307693,1.0,43.39194820006378,38,200,10.0,19887.0,3.0,0.0,1.0,0.00015082956259426848,0.9998492462311558
0.35,0.00015082956259426848,1.0,0.23076923076923078,0.7692307692307693,1.0,43.39194820006378,38,200,10.0,19887.0,3.0,0.0,1.0,0.00015082956259426848,0.9998492462311558
0.4,0.00015082956259426848,1.0,0.23076923076923078,0.7692307692307693,1.0,43.39194820006378,38,200,10.0,19887.0,3.0,0.0,1.0,0.00015082956259426848,0.9998492462311558
0.45,0.00025138260432378077,1.0,0.3333333333333333,0.6666666666666666,1.0,43.39194820006378,38,200,10.0,19885.0,5.0,0.0,1.0,0.00025138260432378077,0.999748743718593
0.5,0.0008044243338360985,1.0,0.6153846153846154,0.38461538461538464,1.0,43.39194820006378,38,200,10.0,19874.0,16.0,0.0,1.0,0.0008044243338360985,0.9991959798994975
0.55,0.0008547008547008547,1.0,0.6296296296296297,0.37037037037037035,1.0,43.39194820006378,38,200,10.0,19873.0,17.0,0.0,1.0,0.0008547008547008547,0.999145728643216
0.6,0.0009049773755656109,1.0,0.6428571428571429,0.35714285714285715,1.0,43.39194820006378,38,200,10.0,19872.0,18.0,0.0,1.0,0.0009049773755656109,0.9990954773869347
0.65,0.0009049773755656109,1.0,0.6428571428571429,0.35714285714285715,1.0,43.39194820006378,38,200,10.0,19872.0,18.0,0.0,1.0,0.0009049773755656109,0.9990954773869347
0.7,0.0012066365007541479,1.0,0.7058823529411765,0.29411764705882354,1.0,43.39194820006378,38,200,10.0,19866.0,24.0,0.0,1.0,0.0012066365007541479,0.9987939698492462
0.75,0.001256913021618904,1.0,0.7142857142857143,0.2857142857142857,1.0,43.39194820006378,38,200,10.0,19865.0,25.0,0.0,1.0,0.001256913021618904,0.9987437185929648
0.8,0.00130718954248366,1.0,0.7222222222222222,0.2777777777777778,1.0,43.39194820006378,38,200,10.0,19864.0,26.0,0.0,1.0,0.00130718954248366,0.9986934673366834
0.85,0.004022121669180492,1.0,0.8888888888888888,0.1111111111111111,1.0,43.39194820006378,38,200,10.0,19810.0,80.0,0.0,1.0,0.004022121669180492,0.9959798994974874
0.9,0.004172951231774761,1.0,0.8924731182795699,0.10752688172043011,1.0,43.39194820006378,38,200,10.0,19807.0,83.0,0.0,1.0,0.004172951231774761,0.9958291457286432
0.95,0.009552538964303671,1.0,0.95,0.05,1.0,43.39194820006378,38,200,10.0,19700.0,190.0,0.0,1.0,0.009552538964303671,0.9904522613065326
1.0,0.9984917043740573,1.0,0.9994967287367891,0.0005032712632108706,1.0,43.39194820006378,38,200,10.0,30.0,19860.0,0.0,1.0,0.9984917043740573,0.0020100502512562816
0.05,0.0,1.0,0.0,1.0,1.0,44.79991580010392,39,200,10.0,19890.0,0.0,0.0,1.0,0.0,1.0
0.1,0.0,1.0,0.0,1.0,1.0,44.79991580010392,39,200,10.0,19890.0,0.0,0.0,1.0,0.0,1.0
0.15,0.0,1.0,0.0,1.0,1.0,44.79991580010392,39,200,10.0,19890.0,0.0,0.0,1.0,0.0,1.0
0.2,0.00020110608345902463,1.0,0.2857142857142857,0.7142857142857143,1.0,44.79991580010392,39,200,10.0,19886.0,4.0,0.0,1.0,0.00020110608345902463,0.9997989949748743
0.25,0.00045248868778280545,1.0,0.47368421052631576,0.5263157894736842,1.0,44.79991580010392,39,200,10.0,19881.0,9.0,0.0,1.0,0.00045248868778280545,0.9995477386934674
0.3,0.00045248868778280545,1.0,0.47368421052631576,0.5263157894736842,1.0,44.79991580010392,39,200,10.0,19881.0,9.0,0.0,1.0,0.00045248868778280545,0.9995477386934674
0.35,0.0005027652086475615,1.0,0.5,0.5,1.0,44.79991580010392,39,200,10.0,19880.0,10.0,0.0,1.0,0.0005027652086475615,0.9994974874371859
0.4,0.0007038712921065862,1.0,0.5833333333333334,0.4166666666666667,1.0,44.79991580010392,39,200,10.0,19876.0,14.0,0.0,1.0,0.0007038712921065862,0.9992964824120603
0.45,0.0007541478129713424,1.0,0.6,0.4,1.0,44.79991580010392,39,200,10.0,19875.0,15.0,0.0,1.0,0.0007541478129713424,0.9992462311557789
0.5,0.0007541478129713424,1.0,0.6,0.4,1.0,44.79991580010392,39,200,10.0,19875.0,15.0,0.0,1.0,0.0007541478129713424,0.9992462311557789
0.55,0.001005530417295123,1.0,0.6666666666666666,0.3333333333333333,1.0,44.79991580010392,39,200,10.0,19870.0,20.0,0.0,1.0,0.001005530417295123,0.9989949748743718
0.6,0.0013574660633484162,1.0,0.7297297297297297,0.2702702702702703,1.0,44.79991580010392,39,200,10.0,19863.0,27.0,0.0,1.0,0.0013574660633484162,0.998643216080402
0.65,0.0017596782302664656,1.0,0.7777777777777778,0.2222222222222222,1.0,44.79991580010392,39,200,10.0,19855.0,35.0,0.0,1.0,0.0017596782302664656,0.9982412060301508
0.7,0.0023629964806435393,1.0,0.8245614035087719,0.17543859649122806,1.0,44.79991580010392,39,200,10.0,19843.0,47.0,0.0,1.0,0.0023629964806435393,0.9976381909547739
0.75,0.003418803418803419,1.0,0.8717948717948718,0.1282051282051282,1.0,44.79991580010392,39,200,10.0,19822.0,68.0,0.0,1.0,0.003418803418803419,0.9965829145728643
0.8,0.0037204625439919555,1.0,0.8809523809523809,0.11904761904761904,1.0,44.79991580010392,39,200,10.0,19816.0,74.0,0.0,1.0,0.0037204625439919555,0.9962814070351759
0.85,0.004675716440422323,1.0,0.9029126213592233,0.0970873786407767,1.0,44.79991580010392,39,200,10.0,19797.0,93.0,0.0,1.0,0.004675716440422323,0.9953266331658291
0.9,0.008295625942684766,1.0,0.9428571428571428,0.05714285714285714,1.0,44.79991580010392,39,200,10.0,19725.0,165.0,0.0,1.0,0.008295625942684766,0.9917085427135678
0.95,0.012870789341377576,1.0,0.9624060150375939,0.03759398496240601,1.0,44.79991580010392,39,200,10.0,19634.0,256.0,0.0,1.0,0.012870789341377576,0.9871356783919598
1.0,0.44454499748617393,1.0,0.9988703117939449,0.0011296882060551287,1.0,44.79991580010392,39,200,10.0,11048.0,8842.0,0.0,1.0,0.44454499748617393,0.555678391959799
0.05,0.00010055304172951231,1.0,0.16666666666666666,0.8333333333333334,1.0,43.89283760008402,40,200,10.0,19888.0,2.0,0.0,1.0,0.00010055304172951231,0.9998994974874372
0.1,0.00020110608345902463,1.0,0.2857142857142857,0.7142857142857143,1.0,43.89283760008402,40,200,10.0,19886.0,4.0,0.0,1.0,0.00020110608345902463,0.9997989949748743
0.15,0.00020110608345902463,1.0,0.2857142857142857,0.7142857142857143,1.0,43.89283760008402,40,200,10.0,19886.0,4.0,0.0,1.0,0.00020110608345902463,0.9997989949748743
0.2,0.00020110608345902463,1.0,0.2857142857142857,0.7142857142857143,1.0,43.89283760008402,40,200,10.0,19886.0,4.0,0.0,1.0,0.00020110608345902463,0.9997989949748743
0.25,0.00030165912518853697,1.0,0.375,0.625,1.0,43.89283760008402,40,200,10.0,19884.0,6.0,0.0,1.0,0.00030165912518853697,0.9996984924623116
0.3,0.00040221216691804925,1.0,0.4444444444444444,0.5555555555555556,1.0,43.89283760008402,40,200,10.0,19882.0,8.0,0.0,1.0,0.00040221216691804925,0.9995979899497487
0.35,0.00040221216691804925,1.0,0.4444444444444444,0.5555555555555556,1.0,43.89283760008402,40,200,10.0,19882.0,8.0,0.0,1.0,0.00040221216691804925,0.9995979899497487
0.4,0.00040221216691804925,1.0,0.4444444444444444,0.5555555555555556,1.0,43.89283760008402,40,200,10.0,19882.0,8.0,0.0,1.0,0.00040221216691804925,0.9995979899497487
0.45,0.0005027652086475615,1.0,0.5,0.5,1.0,43.89283760008402,40,200,10.0,19880.0,10.0,0.0,1.0,0.0005027652086475615,0.9994974874371859
0.5,0.0005027652086475615,1.0,0.5,0.5,1.0,43.89283760008402,40,200,10.0,19880.0,10.0,0.0,1.0,0.0005027652086475615,0.9994974874371859
0.55,0.0005530417295123177,1.0,0.5238095238095238,0.47619047619047616,1.0,43.89283760008402,40,200,10.0,19879.0,11.0,0.0,1.0,0.0005530417295123177,0.9994472361809045
0.6,0.0006033182503770739,1.0,0.5454545454545454,0.45454545454545453,1.0,43.89283760008402,40,200,10.0,19878.0,12.0,0.0,1.0,0.0006033182503770739,0.9993969849246231
0.65,0.00065359477124183,1.0,0.5652173913043478,0.43478260869565216,1.0,43.89283760008402,40,200,10.0,19877.0,13.0,0.0,1.0,0.00065359477124183,0.9993467336683417
0.7,0.0007038712921065862,1.0,0.5833333333333334,0.4166666666666667,1.0,43.89283760008402,40,200,10.0,19876.0,14.0,0.0,1.0,0.0007038712921065862,0.9992964824120603
0.75,0.0007038712921065862,1.0,0.5833333333333334,0.4166666666666667,1.0,43.89283760008402,40,200,10.0,19876.0,14.0,0.0,1.0,0.0007038712921065862,0.9992964824120603
0.8,0.0008044243338360985,1.0,0.6153846153846154,0.38461538461538464,1.0,43.89283760008402,40,200,10.0,19874.0,16.0,0.0,1.0,0.0008044243338360985,0.9991959798994975
0.85,0.0008044243338360985,1.0,0.6153846153846154,0.38461538461538464,1.0,43.89283760008402,40,200,10.0,19874.0,16.0,0.0,1.0,0.0008044243338360985,0.9991959798994975
0.9,0.0009049773755656109,1.0,0.6428571428571429,0.35714285714285715,1.0,43.89283760008402,40,200,10.0,19872.0,18.0,0.0,1.0,0.0009049773755656109,0.9990954773869347
0.95,0.07410759175465058,1.0,0.9932614555256065,0.006738544474393531,1.0,43.89283760008402,40,200,10.0,18416.0,1474.0,0.0,1.0,0.07410759175465058,0.925929648241206
1.0,0.998340874811463,1.0,0.9994966527407259,0.0005033472592741732,1.0,43.89283760008402,40,200,10.0,33.0,19857.0,0.0,1.0,0.998340874811463,0.0021608040201005025
0.05,0.0,1.0,0.0,1.0,1.0,46.13508670008741,41,200,10.0,19890.0,0.0,0.0,1.0,0.0,1.0
0.1,0.0,1.0,0.0,1.0,1.0,46.13508670008741,41,200,10.0,19890.0,0.0,0.0,1.0,0.0,1.0
0.15,5.0276520864756156e-05,1.0,0.09090909090909091,0.9090909090909091,1.0,46.13508670008741,41,200,10.0,19889.0,1.0,0.0,1.0,5.0276520864756156e-05,0.9999497487437186
0.2,5.0276520864756156e-05,1.0,0.09090909090909091,0.9090909090909091,1.0,46.13508670008741,41,200,10.0,19889.0,1.0,0.0,1.0,5.0276520864756156e-05,0.9999497487437186
0.25,0.00010055304172951231,1.0,0.16666666666666666,0.8333333333333334,1.0,46.13508670008741,41,200,10.0,19888.0,2.0,0.0,1.0,0.00010055304172951231,0.9998994974874372
0.3,0.00010055304172951231,1.0,0.16666666666666666,0.8333333333333334,1.0,46.13508670008741,41,200,10.0,19888.0,2.0,0.0,1.0,0.00010055304172951231,0.9998994974874372
0.35,0.00010055304172951231,1.0,0.16666666666666666,0.8333333333333334,1.0,46.13508670008741,41,200,10.0,19888.0,2.0,0.0,1.0,0.00010055304172951231,0.9998994974874372
0.4,0.00010055304172951231,1.0,0.16666666666666666,0.8333333333333334,1.0,46.13508670008741,41,200,10.0,19888.0,2.0,0.0,1.0,0.00010055304172951231,0.9998994974874372
0.45,0.00015082956259426848,1.0,0.23076923076923078,0.7692307692307693,1.0,46.13508670008741,41,200,10.0,19887.0,3.0,0.0,1.0,0.00015082956259426848,0.9998492462311558
0.5,0.00030165912518853697,1.0,0.375,0.625,1.0,46.13508670008741,41,200,10.0,19884.0,6.0,0.0,1.0,0.00030165912518853697,0.9996984924623116
0.55,0.00030165912518853697,1.0,0.375,0.625,1.0,46.13508670008741,41,200,10.0,19884.0,6.0,0.0,1.0,0.00030165912518853697,0.9996984924623116
0.6,0.00130718954248366,1.0,0.7222222222222222,0.2777777777777778,1.0,46.13508670008741,41,200,10.0,19864.0,26.0,0.0,1.0,0.00130718954248366,0.9986934673366834
0.65,0.0020613373554550026,1.0,0.803921568627451,0.19607843137254902,1.0,46.13508670008741,41,200,10.0,19849.0,41.0,0.0,1.0,0.0020613373554550026,0.9979396984924623
0.7,0.002161890397184515,1.0,0.8113207547169812,0.18867924528301888,1.0,46.13508670008741,41,200,10.0,19847.0,43.0,0.0,1.0,0.002161890397184515,0.9978391959798995
0.75,0.0024635495223730517,1.0,0.8305084745762712,0.1694915254237288,1.0,46.13508670008741,41,200,10.0,19841.0,49.0,0.0,1.0,0.0024635495223730517,0.997537688442211
0.8,0.00261437908496732,1.0,0.8387096774193549,0.16129032258064516,1.0,46.13508670008741,41,200,10.0,19838.0,52.0,0.0,1.0,0.00261437908496732,0.9973869346733668
0.85,0.00261437908496732,1.0,0.8387096774193549,0.16129032258064516,1.0,46.13508670008741,41,200,10.0,19838.0,52.0,0.0,1.0,0.00261437908496732,0.9973869346733668
0.9,0.022171945701357467,1.0,0.9778270509977827,0.022172949002217297,1.0,46.13508670008741,41,200,10.0,19449.0,441.0,0.0,1.0,0.022171945701357467,0.9778391959798995
0.95,0.02971342383107089,1.0,0.9833610648918469,0.016638935108153077,1.0,46.13508670008741,41,200,10.0,19299.0,591.0,0.0,1.0,0.02971342383107089,0.9703015075376884
1.0,0.9985922574157868,1.0,0.9994967793880838,0.000503220611916264,1.0,46.13508670008741,41,200,10.0,28.0,19862.0,0.0,1.0,0.9985922574157868,0.0019095477386934674
0.05,5.0276520864756156e-05,1.0,0.09090909090909091,0.9090909090909091,1.0,44.000156899914145,42,200,10.0,19889.0,1.0,0.0,1.0,5.0276520864756156e-05,0.9999497487437186
0.1,5.0276520864756156e-05,1.0,0.09090909090909091,0.9090909090909091,1.0,44.000156899914145,42,200,10.0,19889.0,1.0,0.0,1.0,5.0276520864756156e-05,0.9999497487437186
0.15,0.00015082956259426848,1.0,0.23076923076923078,0.7692307692307693,1.0,44.000156899914145,42,200,10.0,19887.0,3.0,0.0,1.0,0.00015082956259426848,0.9998492462311558
0.2,0.00015082956259426848,1.0,0.23076923076923078,0.7692307692307693,1.0,44.000156899914145,42,200,10.0,19887.0,3.0,0.0,1.0,0.00015082956259426848,0.9998492462311558
0.25,0.00015082956259426848,1.0,0.23076923076923078,0.7692307692307693,1.0,44.000156899914145,42,200,10.0,19887.0,3.0,0.0,1.0,0.00015082956259426848,0.9998492462311558
0.3,0.00020110608345902463,1.0,0.2857142857142857,0.7142857142857143,1.0,44.000156899914145,42,200,10.0,19886.0,4.0,0.0,1.0,0.00020110608345902463,0.9997989949748743
0.35,0.00020110608345902463,1.0,0.2857142857142857,0.7142857142857143,1.0,44.000156899914145,42,200,10.0,19886.0,4.0,0.0,1.0,0.00020110608345902463,0.9997989949748743
0.4,0.00020110608345902463,1.0,0.2857142857142857,0.7142857142857143,1.0,44.000156899914145,42,200,10.0,19886.0,4.0,0.0,1.0,0.00020110608345902463,0.9997989949748743
0.45,0.00030165912518853697,1.0,0.375,0.625,1.0,44.000156899914145,42,200,10.0,19884.0,6.0,0.0,1.0,0.00030165912518853697,0.9996984924623116
0.5,0.0006033182503770739,1.0,0.5454545454545454,0.45454545454545453,1.0,44.000156899914145,42,200,10.0,19878.0,12.0,0.0,1.0,0.0006033182503770739,0.9993969849246231
0.55,0.0006033182503770739,1.0,0.5454545454545454,0.45454545454545453,1.0,44.000156899914145,42,200,10.0,19878.0,12.0,0.0,1.0,0.0006033182503770739,0.9993969849246231
0.6,0.00065359477124183,1.0,0.5652173913043478,0.43478260869565216,1.0,44.000156899914145,42,200,10.0,19877.0,13.0,0.0,1.0,0.00065359477124183,0.9993467336683417
0.65,0.0010558069381598793,1.0,0.6774193548387096,0.3225806451612903,1.0,44.000156899914145,42,200,10.0,19869.0,21.0,0.0,1.0,0.0010558069381598793,0.9989447236180905
0.7,0.001256913021618904,1.0,0.7142857142857143,0.2857142857142857,1.0,44.000156899914145,42,200,10.0,19865.0,25.0,0.0,1.0,0.001256913021618904,0.9987437185929648
0.75,0.0013574660633484162,1.0,0.7297297297297297,0.2702702702702703,1.0,44.000156899914145,42,200,10.0,19863.0,27.0,0.0,1.0,0.0013574660633484162,0.998643216080402
0.8,0.0017596782302664656,1.0,0.7777777777777778,0.2222222222222222,1.0,44.000156899914145,42,200,10.0,19855.0,35.0,0.0,1.0,0.0017596782302664656,0.9982412060301508
0.85,0.0024132730015082957,1.0,0.8275862068965517,0.1724137931034483,1.0,44.000156899914145,42,200,10.0,19842.0,48.0,0.0,1.0,0.0024132730015082957,0.9975879396984925
0.9,0.0034690799396681748,1.0,0.8734177215189873,0.12658227848101267,1.0,44.000156899914145,42,200,10.0,19821.0,69.0,0.0,1.0,0.0034690799396681748,0.996532663316583
0.95,0.005329311211664153,1.0,0.9137931034482759,0.08620689655172414,1.0,44.000156899914145,42,200,10.0,19784.0,106.0,0.0,1.0,0.005329311211664153,0.9946733668341708
1.0,0.9817998994469582,1.0,0.9994881768860682,0.0005118231139318251,1.0,44.000156899914145,42,200,10.0,362.0,19528.0,0.0,1.0,0.9817998994469582,0.018693467336683416
0.05,5.0276520864756156e-05,1.0,0.09090909090909091,0.9090909090909091,1.0,44.951956500066444,43,200,10.0,19889.0,1.0,0.0,1.0,5.0276520864756156e-05,0.9999497487437186
0.1,0.00015082956259426848,1.0,0.23076923076923078,0.7692307692307693,1.0,44.951956500066444,43,200,10.0,19887.0,3.0,0.0,1.0,0.00015082956259426848,0.9998492462311558
0.15,0.00020110608345902463,1.0,0.2857142857142857,0.7142857142857143,1.0,44.951956500066444,43,200,10.0,19886.0,4.0,0.0,1.0,0.00020110608345902463,0.9997989949748743
0.2,0.0003519356460532931,1.0,0.4117647058823529,0.5882352941176471,1.0,44.951956500066444,43,200,10.0,19883.0,7.0,0.0,1.0,0.0003519356460532931,0.9996482412060301
0.25,0.0003519356460532931,1.0,0.4117647058823529,0.5882352941176471,1.0,44.951956500066444,43,200,10.0,19883.0,7.0,0.0,1.0,0.0003519356460532931,0.9996482412060301
0.3,0.00040221216691804925,1.0,0.4444444444444444,0.5555555555555556,1.0,44.951956500066444,43,200,10.0,19882.0,8.0,0.0,1.0,0.00040221216691804925,0.9995979899497487
0.35,0.00040221216691804925,1.0,0.4444444444444444,0.5555555555555556,1.0,44.951956500066444,43,200,10.0,19882.0,8.0,0.0,1.0,0.00040221216691804925,0.9995979899497487
0.4,0.0006033182503770739,1.0,0.5454545454545454,0.45454545454545453,1.0,44.951956500066444,43,200,10.0,19878.0,12.0,0.0,1.0,0.0006033182503770739,0.9993969849246231
0.45,0.0008044243338360985,1.0,0.6153846153846154,0.38461538461538464,1.0,44.951956500066444,43,200,10.0,19874.0,16.0,0.0,1.0,0.0008044243338360985,0.9991959798994975
0.5,0.0010558069381598793,1.0,0.6774193548387096,0.3225806451612903,1.0,44.951956500066444,43,200,10.0,19869.0,21.0,0.0,1.0,0.0010558069381598793,0.9989447236180905
0.55,0.0011563599798893917,1.0,0.696969696969697,0.30303030303030304,1.0,44.951956500066444,43,200,10.0,19867.0,23.0,0.0,1.0,0.0011563599798893917,0.9988442211055276
0.6,0.0014580191050779286,1.0,0.7435897435897436,0.2564102564102564,1.0,44.951956500066444,43,200,10.0,19861.0,29.0,0.0,1.0,0.0014580191050779286,0.9985427135678392
0.65,0.0016591251885369532,1.0,0.7674418604651163,0.23255813953488372,1.0,44.951956500066444,43,200,10.0,19857.0,33.0,0.0,1.0,0.0016591251885369532,0.9983417085427135
0.7,0.0016591251885369532,1.0,0.7674418604651163,0.23255813953488372,1.0,44.951956500066444,43,200,10.0,19857.0,33.0,0.0,1.0,0.0016591251885369532,0.9983417085427135
0.75,0.003519356460532931,1.0,0.875,0.125,1.0,44.951956500066444,43,200,10.0,19820.0,70.0,0.0,1.0,0.003519356460532931,0.9964824120603015
0.8,0.003519356460532931,1.0,0.875,0.125,1.0,44.951956500066444,43,200,10.0,19820.0,70.0,0.0,1.0,0.003519356460532931,0.9964824120603015
0.85,0.0036701860231271996,1.0,0.8795180722891566,0.12048192771084337,1.0,44.951956500066444,43,200,10.0,19817.0,73.0,0.0,1.0,0.0036701860231271996,0.9963316582914573
0.9,0.004022121669180492,1.0,0.8888888888888888,0.1111111111111111,1.0,44.951956500066444,43,200,10.0,19810.0,80.0,0.0,1.0,0.004022121669180492,0.9959798994974874
0.95,0.005480140774258421,1.0,0.9159663865546218,0.08403361344537816,1.0,44.951956500066444,43,200,10.0,19781.0,109.0,0.0,1.0,0.005480140774258421,0.9945226130653266
1.0,0.9856711915535445,1.0,0.9994901860820801,0.0005098139179199592,1.0,44.951956500066444,43,200,10.0,285.0,19605.0,0.0,1.0,0.9856711915535445,0.014824120603015075
0.05,0.0,1.0,0.0,1.0,1.0,41.92011349997483,44,200,10.0,19890.0,0.0,0.0,1.0,0.0,1.0
0.1,0.0,1.0,0.0,1.0,1.0,41.92011349997483,44,200,10.0,19890.0,0.0,0.0,1.0,0.0,1.0
0.15,0.00020110608345902463,1.0,0.2857142857142857,0.7142857142857143,1.0,41.92011349997483,44,200,10.0,19886.0,4.0,0.0,1.0,0.00020110608345902463,0.9997989949748743
0.2,0.00020110608345902463,1.0,0.2857142857142857,0.7142857142857143,1.0,41.92011349997483,44,200,10.0,19886.0,4.0,0.0,1.0,0.00020110608345902463,0.9997989949748743
0.25,0.0003519356460532931,1.0,0.4117647058823529,0.5882352941176471,1.0,41.92011349997483,44,200,10.0,19883.0,7.0,0.0,1.0,0.0003519356460532931,0.9996482412060301
0.3,0.0003519356460532931,1.0,0.4117647058823529,0.5882352941176471,1.0,41.92011349997483,44,200,10.0,19883.0,7.0,0.0,1.0,0.0003519356460532931,0.9996482412060301
0.35,0.00045248868778280545,1.0,0.47368421052631576,0.5263157894736842,1.0,41.92011349997483,44,200,10.0,19881.0,9.0,0.0,1.0,0.00045248868778280545,0.9995477386934674
0.4,0.0006033182503770739,1.0,0.5454545454545454,0.45454545454545453,1.0,41.92011349997483,44,200,10.0,19878.0,12.0,0.0,1.0,0.0006033182503770739,0.9993969849246231
0.45,0.0007038712921065862,1.0,0.5833333333333334,0.4166666666666667,1.0,41.92011349997483,44,200,10.0,19876.0,14.0,0.0,1.0,0.0007038712921065862,0.9992964824120603
0.5,0.0007038712921065862,1.0,0.5833333333333334,0.4166666666666667,1.0,41.92011349997483,44,200,10.0,19876.0,14.0,0.0,1.0,0.0007038712921065862,0.9992964824120603
0.55,0.0008044243338360985,1.0,0.6153846153846154,0.38461538461538464,1.0,41.92011349997483,44,200,10.0,19874.0,16.0,0.0,1.0,0.0008044243338360985,0.9991959798994975
0.6,0.0009049773755656109,1.0,0.6428571428571429,0.35714285714285715,1.0,41.92011349997483,44,200,10.0,19872.0,18.0,0.0,1.0,0.0009049773755656109,0.9990954773869347
0.65,0.001005530417295123,1.0,0.6666666666666666,0.3333333333333333,1.0,41.92011349997483,44,200,10.0,19870.0,20.0,0.0,1.0,0.001005530417295123,0.9989949748743718
0.7,0.001005530417295123,1.0,0.6666666666666666,0.3333333333333333,1.0,41.92011349997483,44,200,10.0,19870.0,20.0,0.0,1.0,0.001005530417295123,0.9989949748743718
0.75,0.001005530417295123,1.0,0.6666666666666666,0.3333333333333333,1.0,41.92011349997483,44,200,10.0,19870.0,20.0,0.0,1.0,0.001005530417295123,0.9989949748743718
0.8,0.002815485168426345,1.0,0.8484848484848485,0.15151515151515152,1.0,41.92011349997483,44,200,10.0,19834.0,56.0,0.0,1.0,0.002815485168426345,0.9971859296482412
0.85,0.0036701860231271996,1.0,0.8795180722891566,0.12048192771084337,1.0,41.92011349997483,44,200,10.0,19817.0,73.0,0.0,1.0,0.0036701860231271996,0.9963316582914573
0.9,0.006033182503770739,1.0,0.9230769230769231,0.07692307692307693,1.0,41.92011349997483,44,200,10.0,19770.0,120.0,0.0,1.0,0.006033182503770739,0.9939698492462311
0.95,0.01518350930115636,1.0,0.967948717948718,0.03205128205128205,1.0,41.92011349997483,44,200,10.0,19588.0,302.0,0.0,1.0,0.01518350930115636,0.984824120603015
1.0,0.9964303670186023,1.0,0.9994956881335418,0.0005043118664582178,1.0,41.92011349997483,44,200,10.0,71.0,19819.0,0.0,1.0,0.9964303670186023,0.00407035175879397
0.05,5.0276520864756156e-05,1.0,0.09090909090909091,0.9090909090909091,1.0,42.69438390014693,45,200,10.0,19889.0,1.0,0.0,1.0,5.0276520864756156e-05,0.9999497487437186
0.1,5.0276520864756156e-05,1.0,0.09090909090909091,0.9090909090909091,1.0,42.69438390014693,45,200,10.0,19889.0,1.0,0.0,1.0,5.0276520864756156e-05,0.9999497487437186
0.15,5.0276520864756156e-05,1.0,0.09090909090909091,0.9090909090909091,1.0,42.69438390014693,45,200,10.0,19889.0,1.0,0.0,1.0,5.0276520864756156e-05,0.9999497487437186
0.2,5.0276520864756156e-05,1.0,0.09090909090909091,0.9090909090909091,1.0,42.69438390014693,45,200,10.0,19889.0,1.0,0.0,1.0,5.0276520864756156e-05,0.9999497487437186
0.25,5.0276520864756156e-05,1.0,0.09090909090909091,0.9090909090909091,1.0,42.69438390014693,45,200,10.0,19889.0,1.0,0.0,1.0,5.0276520864756156e-05,0.9999497487437186
0.3,0.00015082956259426848,1.0,0.23076923076923078,0.7692307692307693,1.0,42.69438390014693,45,200,10.0,19887.0,3.0,0.0,1.0,0.00015082956259426848,0.9998492462311558
0.35,0.00015082956259426848,1.0,0.23076923076923078,0.7692307692307693,1.0,42.69438390014693,45,200,10.0,19887.0,3.0,0.0,1.0,0.00015082956259426848,0.9998492462311558
0.4,0.00015082956259426848,1.0,0.23076923076923078,0.7692307692307693,1.0,42.69438390014693,45,200,10.0,19887.0,3.0,0.0,1.0,0.00015082956259426848,0.9998492462311558
0.45,0.00020110608345902463,1.0,0.2857142857142857,0.7142857142857143,1.0,42.69438390014693,45,200,10.0,19886.0,4.0,0.0,1.0,0.00020110608345902463,0.9997989949748743
0.5,0.0003519356460532931,1.0,0.4117647058823529,0.5882352941176471,1.0,42.69438390014693,45,200,10.0,19883.0,7.0,0.0,1.0,0.0003519356460532931,0.9996482412060301
0.55,0.0003519356460532931,1.0,0.4117647058823529,0.5882352941176471,1.0,42.69438390014693,45,200,10.0,19883.0,7.0,0.0,1.0,0.0003519356460532931,0.9996482412060301
0.6,0.0003519356460532931,1.0,0.4117647058823529,0.5882352941176471,1.0,42.69438390014693,45,200,10.0,19883.0,7.0,0.0,1.0,0.0003519356460532931,0.9996482412060301
0.65,0.0003519356460532931,1.0,0.4117647058823529,0.5882352941176471,1.0,42.69438390014693,45,200,10.0,19883.0,7.0,0.0,1.0,0.0003519356460532931,0.9996482412060301
0.7,0.0003519356460532931,1.0,0.4117647058823529,0.5882352941176471,1.0,42.69438390014693,45,200,10.0,19883.0,7.0,0.0,1.0,0.0003519356460532931,0.9996482412060301
0.75,0.00065359477124183,1.0,0.5652173913043478,0.43478260869565216,1.0,42.69438390014693,45,200,10.0,19877.0,13.0,0.0,1.0,0.00065359477124183,0.9993467336683417
0.8,0.000955253896430367,1.0,0.6551724137931034,0.3448275862068966,1.0,42.69438390014693,45,200,10.0,19871.0,19.0,0.0,1.0,0.000955253896430367,0.9990452261306533
0.85,0.0010558069381598793,1.0,0.6774193548387096,0.3225806451612903,1.0,42.69438390014693,45,200,10.0,19869.0,21.0,0.0,1.0,0.0010558069381598793,0.9989447236180905
0.9,0.0010558069381598793,1.0,0.6774193548387096,0.3225806451612903,1.0,42.69438390014693,45,200,10.0,19869.0,21.0,0.0,1.0,0.0010558069381598793,0.9989447236180905
0.95,0.02503770739064857,1.0,0.9803149606299213,0.01968503937007874,1.0,42.69438390014693,45,200,10.0,19392.0,498.0,0.0,1.0,0.02503770739064857,0.9749748743718593
1.0,0.9963800904977376,1.0,0.9994956626992132,0.0005043373007867661,1.0,42.69438390014693,45,200,10.0,72.0,19818.0,0.0,1.0,0.9963800904977376,0.004120603015075377
0.05,0.0,1.0,0.0,1.0,1.0,43.45327809988521,46,200,10.0,19890.0,0.0,0.0,1.0,0.0,1.0
0.1,5.0276520864756156e-05,1.0,0.09090909090909091,0.9090909090909091,1.0,43.45327809988521,46,200,10.0,19889.0,1.0,0.0,1.0,5.0276520864756156e-05,0.9999497487437186
0.15,0.00015082956259426848,1.0,0.23076923076923078,0.7692307692307693,1.0,43.45327809988521,46,200,10.0,19887.0,3.0,0.0,1.0,0.00015082956259426848,0.9998492462311558
0.2,0.00015082956259426848,1.0,0.23076923076923078,0.7692307692307693,1.0,43.45327809988521,46,200,10.0,19887.0,3.0,0.0,1.0,0.00015082956259426848,0.9998492462311558
0.25,0.00020110608345902463,1.0,0.2857142857142857,0.7142857142857143,1.0,43.45327809988521,46,200,10.0,19886.0,4.0,0.0,1.0,0.00020110608345902463,0.9997989949748743
0.3,0.00020110608345902463,1.0,0.2857142857142857,0.7142857142857143,1.0,43.45327809988521,46,200,10.0,19886.0,4.0,0.0,1.0,0.00020110608345902463,0.9997989949748743
0.35,0.00020110608345902463,1.0,0.2857142857142857,0.7142857142857143,1.0,43.45327809988521,46,200,10.0,19886.0,4.0,0.0,1.0,0.00020110608345902463,0.9997989949748743
0.4,0.0006033182503770739,1.0,0.5454545454545454,0.45454545454545453,1.0,43.45327809988521,46,200,10.0,19878.0,12.0,0.0,1.0,0.0006033182503770739,0.9993969849246231
0.45,0.0008547008547008547,1.0,0.6296296296296297,0.37037037037037035,1.0,43.45327809988521,46,200,10.0,19873.0,17.0,0.0,1.0,0.0008547008547008547,0.999145728643216
0.5,0.0009049773755656109,1.0,0.6428571428571429,0.35714285714285715,1.0,43.45327809988521,46,200,10.0,19872.0,18.0,0.0,1.0,0.0009049773755656109,0.9990954773869347
0.55,0.0009049773755656109,1.0,0.6428571428571429,0.35714285714285715,1.0,43.45327809988521,46,200,10.0,19872.0,18.0,0.0,1.0,0.0009049773755656109,0.9990954773869347
0.6,0.001005530417295123,1.0,0.6666666666666666,0.3333333333333333,1.0,43.45327809988521,46,200,10.0,19870.0,20.0,0.0,1.0,0.001005530417295123,0.9989949748743718
0.65,0.001005530417295123,1.0,0.6666666666666666,0.3333333333333333,1.0,43.45327809988521,46,200,10.0,19870.0,20.0,0.0,1.0,0.001005530417295123,0.9989949748743718
0.7,0.0014077425842131724,1.0,0.7368421052631579,0.2631578947368421,1.0,43.45327809988521,46,200,10.0,19862.0,28.0,0.0,1.0,0.0014077425842131724,0.9985929648241206
0.75,0.0016591251885369532,1.0,0.7674418604651163,0.23255813953488372,1.0,43.45327809988521,46,200,10.0,19857.0,33.0,0.0,1.0,0.0016591251885369532,0.9983417085427135
0.8,0.00392156862745098,1.0,0.8863636363636364,0.11363636363636363,1.0,43.45327809988521,46,200,10.0,19812.0,78.0,0.0,1.0,0.00392156862745098,0.9960804020100502
0.85,0.007390648567119155,1.0,0.9363057324840764,0.06369426751592357,1.0,43.45327809988521,46,200,10.0,19743.0,147.0,0.0,1.0,0.007390648567119155,0.9926130653266332
0.9,0.012870789341377576,1.0,0.9624060150375939,0.03759398496240601,1.0,43.45327809988521,46,200,10.0,19634.0,256.0,0.0,1.0,0.012870789341377576,0.9871356783919598
0.95,0.02564102564102564,1.0,0.9807692307692307,0.019230769230769232,1.0,43.45327809988521,46,200,10.0,19380.0,510.0,0.0,1.0,0.02564102564102564,0.9743718592964824
1.0,0.998340874811463,1.0,0.9994966527407259,0.0005033472592741732,1.0,43.45327809988521,46,200,10.0,33.0,19857.0,0.0,1.0,0.998340874811463,0.0021608040201005025
0.05,0.0,1.0,0.0,1.0,1.0,43.38725040014833,47,200,10.0,19890.0,0.0,0.0,1.0,0.0,1.0
0.1,0.0,1.0,0.0,1.0,1.0,43.38725040014833,47,200,10.0,19890.0,0.0,0.0,1.0,0.0,1.0
0.15,0.00010055304172951231,1.0,0.16666666666666666,0.8333333333333334,1.0,43.38725040014833,47,200,10.0,19888.0,2.0,0.0,1.0,0.00010055304172951231,0.9998994974874372
0.2,0.00010055304172951231,1.0,0.16666666666666666,0.8333333333333334,1.0,43.38725040014833,47,200,10.0,19888.0,2.0,0.0,1.0,0.00010055304172951231,0.9998994974874372
0.25,0.00015082956259426848,1.0,0.23076923076923078,0.7692307692307693,1.0,43.38725040014833,47,200,10.0,19887.0,3.0,0.0,1.0,0.00015082956259426848,0.9998492462311558
0.3,0.00030165912518853697,1.0,0.375,0.625,1.0,43.38725040014833,47,200,10.0,19884.0,6.0,0.0,1.0,0.00030165912518853697,0.9996984924623116
0.35,0.0003519356460532931,1.0,0.4117647058823529,0.5882352941176471,1.0,43.38725040014833,47,200,10.0,19883.0,7.0,0.0,1.0,0.0003519356460532931,0.9996482412060301
0.4,0.00040221216691804925,1.0,0.4444444444444444,0.5555555555555556,1.0,43.38725040014833,47,200,10.0,19882.0,8.0,0.0,1.0,0.00040221216691804925,0.9995979899497487
0.45,0.00045248868778280545,1.0,0.47368421052631576,0.5263157894736842,1.0,43.38725040014833,47,200,10.0,19881.0,9.0,0.0,1.0,0.00045248868778280545,0.9995477386934674
0.5,0.0006033182503770739,1.0,0.5454545454545454,0.45454545454545453,1.0,43.38725040014833,47,200,10.0,19878.0,12.0,0.0,1.0,0.0006033182503770739,0.9993969849246231
0.55,0.0006033182503770739,1.0,0.5454545454545454,0.45454545454545453,1.0,43.38725040014833,47,200,10.0,19878.0,12.0,0.0,1.0,0.0006033182503770739,0.9993969849246231
0.6,0.0006033182503770739,1.0,0.5454545454545454,0.45454545454545453,1.0,43.38725040014833,47,200,10.0,19878.0,12.0,0.0,1.0,0.0006033182503770739,0.9993969849246231
0.65,0.0007038712921065862,1.0,0.5833333333333334,0.4166666666666667,1.0,43.38725040014833,47,200,10.0,19876.0,14.0,0.0,1.0,0.0007038712921065862,0.9992964824120603
0.7,0.000955253896430367,1.0,0.6551724137931034,0.3448275862068966,1.0,43.38725040014833,47,200,10.0,19871.0,19.0,0.0,1.0,0.000955253896430367,0.9990452261306533
0.75,0.000955253896430367,1.0,0.6551724137931034,0.3448275862068966,1.0,43.38725040014833,47,200,10.0,19871.0,19.0,0.0,1.0,0.000955253896430367,0.9990452261306533
0.8,0.0010558069381598793,1.0,0.6774193548387096,0.3225806451612903,1.0,43.38725040014833,47,200,10.0,19869.0,21.0,0.0,1.0,0.0010558069381598793,0.9989447236180905
0.85,0.004122674710910005,1.0,0.8913043478260869,0.10869565217391304,1.0,43.38725040014833,47,200,10.0,19808.0,82.0,0.0,1.0,0.004122674710910005,0.9958793969849247
0.9,0.021417797888386124,1.0,0.9770642201834863,0.022935779816513763,1.0,43.38725040014833,47,200,10.0,19464.0,426.0,0.0,1.0,0.021417797888386124,0.9785929648241206
0.95,0.045600804424333834,1.0,0.9890948745910578,0.010905125408942203,1.0,43.38725040014833,47,200,10.0,18983.0,907.0,0.0,1.0,0.045600804424333834,0.9544221105527638
1.0,0.9964303670186023,1.0,0.9994956881335418,0.0005043118664582178,1.0,43.38725040014833,47,200,10.0,71.0,19819.0,0.0,1.0,0.9964303670186023,0.00407035175879397
0.05,0.0,1.0,0.0,1.0,1.0,44.0757842999883,48,200,10.0,19890.0,0.0,0.0,1.0,0.0,1.0
0.1,0.00015082956259426848,1.0,0.23076923076923078,0.7692307692307693,1.0,44.0757842999883,48,200,10.0,19887.0,3.0,0.0,1.0,0.00015082956259426848,0.9998492462311558
0.15,0.00015082956259426848,1.0,0.23076923076923078,0.7692307692307693,1.0,44.0757842999883,48,200,10.0,19887.0,3.0,0.0,1.0,0.00015082956259426848,0.9998492462311558
0.2,0.00020110608345902463,1.0,0.2857142857142857,0.7142857142857143,1.0,44.0757842999883,48,200,10.0,19886.0,4.0,0.0,1.0,0.00020110608345902463,0.9997989949748743
0.25,0.00020110608345902463,1.0,0.2857142857142857,0.7142857142857143,1.0,44.0757842999883,48,200,10.0,19886.0,4.0,0.0,1.0,0.00020110608345902463,0.9997989949748743
0.3,0.00020110608345902463,1.0,0.2857142857142857,0.7142857142857143,1.0,44.0757842999883,48,200,10.0,19886.0,4.0,0.0,1.0,0.00020110608345902463,0.9997989949748743
0.35,0.00030165912518853697,1.0,0.375,0.625,1.0,44.0757842999883,48,200,10.0,19884.0,6.0,0.0,1.0,0.00030165912518853697,0.9996984924623116
0.4,0.00030165912518853697,1.0,0.375,0.625,1.0,44.0757842999883,48,200,10.0,19884.0,6.0,0.0,1.0,0.00030165912518853697,0.9996984924623116
0.45,0.00040221216691804925,1.0,0.4444444444444444,0.5555555555555556,1.0,44.0757842999883,48,200,10.0,19882.0,8.0,0.0,1.0,0.00040221216691804925,0.9995979899497487
0.5,0.00045248868778280545,1.0,0.47368421052631576,0.5263157894736842,1.0,44.0757842999883,48,200,10.0,19881.0,9.0,0.0,1.0,0.00045248868778280545,0.9995477386934674
0.55,0.0007038712921065862,1.0,0.5833333333333334,0.4166666666666667,1.0,44.0757842999883,48,200,10.0,19876.0,14.0,0.0,1.0,0.0007038712921065862,0.9992964824120603
0.6,0.0007541478129713424,1.0,0.6,0.4,1.0,44.0757842999883,48,200,10.0,19875.0,15.0,0.0,1.0,0.0007541478129713424,0.9992462311557789
0.65,0.0007541478129713424,1.0,0.6,0.4,1.0,44.0757842999883,48,200,10.0,19875.0,15.0,0.0,1.0,0.0007541478129713424,0.9992462311557789
0.7,0.0008044243338360985,1.0,0.6153846153846154,0.38461538461538464,1.0,44.0757842999883,48,200,10.0,19874.0,16.0,0.0,1.0,0.0008044243338360985,0.9991959798994975
0.75,0.0008547008547008547,1.0,0.6296296296296297,0.37037037037037035,1.0,44.0757842999883,48,200,10.0,19873.0,17.0,0.0,1.0,0.0008547008547008547,0.999145728643216
0.8,0.0029663147310206132,1.0,0.855072463768116,0.14492753623188406,1.0,44.0757842999883,48,200,10.0,19831.0,59.0,0.0,1.0,0.0029663147310206132,0.9970351758793969
0.85,0.003368526897938663,1.0,0.8701298701298701,0.12987012987012986,1.0,44.0757842999883,48,200,10.0,19823.0,67.0,0.0,1.0,0.003368526897938663,0.9966331658291457
0.9,0.004977375565610859,1.0,0.908256880733945,0.09174311926605505,1.0,44.0757842999883,48,200,10.0,19791.0,99.0,0.0,1.0,0.004977375565610859,0.9950251256281407
0.95,0.08401206636500755,1.0,0.9940511600237953,0.00594883997620464,1.0,44.0757842999883,48,200,10.0,18219.0,1671.0,0.0,1.0,0.08401206636500755,0.9160301507537688
1.0,0.9761689291101056,1.0,0.9994852259857923,0.0005147740142077627,1.0,44.0757842999883,48,200,10.0,474.0,19416.0,0.0,1.0,0.9761689291101056,0.024321608040201004
0.05,0.0,1.0,0.0,1.0,1.0,44.644153100205585,49,200,10.0,19890.0,0.0,0.0,1.0,0.0,1.0
0.1,5.0276520864756156e-05,1.0,0.09090909090909091,0.9090909090909091,1.0,44.644153100205585,49,200,10.0,19889.0,1.0,0.0,1.0,5.0276520864756156e-05,0.9999497487437186
0.15,5.0276520864756156e-05,1.0,0.09090909090909091,0.9090909090909091,1.0,44.644153100205585,49,200,10.0,19889.0,1.0,0.0,1.0,5.0276520864756156e-05,0.9999497487437186
0.2,0.00010055304172951231,1.0,0.16666666666666666,0.8333333333333334,1.0,44.644153100205585,49,200,10.0,19888.0,2.0,0.0,1.0,0.00010055304172951231,0.9998994974874372
0.25,0.00010055304172951231,1.0,0.16666666666666666,0.8333333333333334,1.0,44.644153100205585,49,200,10.0,19888.0,2.0,0.0,1.0,0.00010055304172951231,0.9998994974874372
0.3,0.00010055304172951231,1.0,0.16666666666666666,0.8333333333333334,1.0,44.644153100205585,49,200,10.0,19888.0,2.0,0.0,1.0,0.00010055304172951231,0.9998994974874372
0.35,0.00010055304172951231,1.0,0.16666666666666666,0.8333333333333334,1.0,44.644153100205585,49,200,10.0,19888.0,2.0,0.0,1.0,0.00010055304172951231,0.9998994974874372
0.4,0.00010055304172951231,1.0,0.16666666666666666,0.8333333333333334,1.0,44.644153100205585,49,200,10.0,19888.0,2.0,0.0,1.0,0.00010055304172951231,0.9998994974874372
0.45,0.00010055304172951231,1.0,0.16666666666666666,0.8333333333333334,1.0,44.644153100205585,49,200,10.0,19888.0,2.0,0.0,1.0,0.00010055304172951231,0.9998994974874372
0.5,0.00010055304172951231,1.0,0.16666666666666666,0.8333333333333334,1.0,44.644153100205585,49,200,10.0,19888.0,2.0,0.0,1.0,0.00010055304172951231,0.9998994974874372
0.55,0.00020110608345902463,1.0,0.2857142857142857,0.7142857142857143,1.0,44.644153100205585,49,200,10.0,19886.0,4.0,0.0,1.0,0.00020110608345902463,0.9997989949748743
0.6,0.00020110608345902463,1.0,0.2857142857142857,0.7142857142857143,1.0,44.644153100205585,49,200,10.0,19886.0,4.0,0.0,1.0,0.00020110608345902463,0.9997989949748743
0.65,0.0005027652086475615,1.0,0.5,0.5,1.0,44.644153100205585,49,200,10.0,19880.0,10.0,0.0,1.0,0.0005027652086475615,0.9994974874371859
0.7,0.001005530417295123,1.0,0.6666666666666666,0.3333333333333333,1.0,44.644153100205585,49,200,10.0,19870.0,20.0,0.0,1.0,0.001005530417295123,0.9989949748743718
0.75,0.0013574660633484162,1.0,0.7297297297297297,0.2702702702702703,1.0,44.644153100205585,49,200,10.0,19863.0,27.0,0.0,1.0,0.0013574660633484162,0.998643216080402
0.8,0.002011060834590246,1.0,0.8,0.2,1.0,44.644153100205585,49,200,10.0,19850.0,40.0,0.0,1.0,0.002011060834590246,0.9979899497487437
0.85,0.002161890397184515,1.0,0.8113207547169812,0.18867924528301888,1.0,44.644153100205585,49,200,10.0,19847.0,43.0,0.0,1.0,0.002161890397184515,0.9978391959798995
0.9,0.0057817998994469585,1.0,0.92,0.08,1.0,44.644153100205585,49,200,10.0,19775.0,115.0,0.0,1.0,0.0057817998994469585,0.9942211055276382
0.95,0.006837606837606838,1.0,0.9315068493150684,0.0684931506849315,1.0,44.644153100205585,49,200,10.0,19754.0,136.0,0.0,1.0,0.006837606837606838,0.9931658291457286
1.0,0.9982403217697335,1.0,0.9994966020639315,0.0005033979360684622,1.0,44.644153100205585,49,200,10.0,35.0,19855.0,0.0,1.0,0.9982403217697335,0.0022613065326633165
