FPR,TPR,FDR,NPrecision,NRecall,alpha,NTP,NTN,NFP,NFN,NTPR,NFPR,NACC,diffnetfinder_sec,run,dim
0.0,0.0,0.0,,0.0,0.05,0,4940,0,10,0.0,0.0,0.997979797979798,6.101510100066662,0,100
0.0,0.0,0.0,,0.0,0.1,0,4940,0,10,0.0,0.0,0.997979797979798,6.101510100066662,0,100
0.0,0.0,0.0,,0.0,0.15,0,4940,0,10,0.0,0.0,0.997979797979798,6.101510100066662,0,100
0.0,0.0,0.0,,0.0,0.2,0,4940,0,10,0.0,0.0,0.997979797979798,6.101510100066662,0,100
0.00020242914979757084,0.1,0.5,0.5,0.1,0.25,1,4939,1,9,0.1,0.00020242914979757084,0.997979797979798,6.101510100066662,0,100
0.00020242914979757084,0.1,0.5,0.5,0.1,0.3,1,4939,1,9,0.1,0.00020242914979757084,0.997979797979798,6.101510100066662,0,100
0.00020242914979757084,0.1,0.5,0.5,0.1,0.35,1,4939,1,9,0.1,0.00020242914979757084,0.997979797979798,6.101510100066662,0,100
0.00020242914979757084,0.1,0.5,0.5,0.1,0.4,1,4939,1,9,0.1,0.00020242914979757084,0.997979797979798,6.101510100066662,0,100
0.00020242914979757084,0.1,0.5,0.5,0.1,0.45,1,4939,1,9,0.1,0.00020242914979757084,0.997979797979798,6.101510100066662,0,100
0.00020242914979757084,0.1,0.5,0.5,0.1,0.5,1,4939,1,9,0.1,0.00020242914979757084,0.997979797979798,6.101510100066662,0,100
0.0006072874493927126,0.1,0.75,0.25,0.1,0.55,1,4937,3,9,0.1,0.0006072874493927126,0.9975757575757576,6.101510100066662,0,100
0.007692307692307693,0.2,0.95,0.05,0.2,0.6,2,4902,38,8,0.2,0.007692307692307693,0.9907070707070708,6.101510100066662,0,100
0.007894736842105263,0.2,0.9512195121951219,0.04878048780487805,0.2,0.65,2,4901,39,8,0.2,0.007894736842105263,0.9905050505050506,6.101510100066662,0,100
0.007894736842105263,0.2,0.9512195121951219,0.04878048780487805,0.2,0.7,2,4901,39,8,0.2,0.007894736842105263,0.9905050505050506,6.101510100066662,0,100
0.02854251012145749,0.2,0.986013986013986,0.013986013986013986,0.2,0.75,2,4799,141,8,0.2,0.02854251012145749,0.9698989898989899,6.101510100066662,0,100
0.03562753036437247,0.2,0.9887640449438202,0.011235955056179775,0.2,0.8,2,4764,176,8,0.2,0.03562753036437247,0.9628282828282828,6.101510100066662,0,100
0.0437246963562753,0.2,0.9908256880733946,0.009174311926605505,0.2,0.85,2,4724,216,8,0.2,0.0437246963562753,0.9547474747474748,6.101510100066662,0,100
0.055870445344129556,0.2,0.9928057553956835,0.007194244604316547,0.2,0.9,2,4664,276,8,0.2,0.055870445344129556,0.9426262626262626,6.101510100066662,0,100
0.1771255060728745,0.7,0.9920634920634921,0.007936507936507936,0.7,0.95,7,4065,875,3,0.7,0.1771255060728745,0.8226262626262626,6.101510100066662,0,100
0.998582995951417,1.0,0.9979769370827433,0.0020230629172567267,1.0,1.0,10,7,4933,0,1.0,0.998582995951417,0.0034343434343434343,6.101510100066662,0,100
0.0,0.0,0.0,,0.0,0.05,0,4940,0,10,0.0,0.0,0.997979797979798,6.34924949996639,1,100
0.0,0.0,0.0,,0.0,0.1,0,4940,0,10,0.0,0.0,0.997979797979798,6.34924949996639,1,100
0.0,0.0,0.0,,0.0,0.15,0,4940,0,10,0.0,0.0,0.997979797979798,6.34924949996639,1,100
0.0,0.0,0.0,,0.0,0.2,0,4940,0,10,0.0,0.0,0.997979797979798,6.34924949996639,1,100
0.0004048582995951417,0.0,1.0,0.0,0.0,0.25,0,4938,2,10,0.0,0.0004048582995951417,0.9975757575757576,6.34924949996639,1,100
0.0004048582995951417,0.0,1.0,0.0,0.0,0.3,0,4938,2,10,0.0,0.0004048582995951417,0.9975757575757576,6.34924949996639,1,100
0.0004048582995951417,0.0,1.0,0.0,0.0,0.35,0,4938,2,10,0.0,0.0004048582995951417,0.9975757575757576,6.34924949996639,1,100
0.0004048582995951417,0.0,1.0,0.0,0.0,0.4,0,4938,2,10,0.0,0.0004048582995951417,0.9975757575757576,6.34924949996639,1,100
0.0004048582995951417,0.0,1.0,0.0,0.0,0.45,0,4938,2,10,0.0,0.0004048582995951417,0.9975757575757576,6.34924949996639,1,100
0.0004048582995951417,0.0,1.0,0.0,0.0,0.5,0,4938,2,10,0.0,0.0004048582995951417,0.9975757575757576,6.34924949996639,1,100
0.0004048582995951417,0.0,1.0,0.0,0.0,0.55,0,4938,2,10,0.0,0.0004048582995951417,0.9975757575757576,6.34924949996639,1,100
0.0004048582995951417,0.0,1.0,0.0,0.0,0.6,0,4938,2,10,0.0,0.0004048582995951417,0.9975757575757576,6.34924949996639,1,100
0.0004048582995951417,0.0,1.0,0.0,0.0,0.65,0,4938,2,10,0.0,0.0004048582995951417,0.9975757575757576,6.34924949996639,1,100
0.0004048582995951417,0.0,1.0,0.0,0.0,0.7,0,4938,2,10,0.0,0.0004048582995951417,0.9975757575757576,6.34924949996639,1,100
0.0004048582995951417,0.0,1.0,0.0,0.0,0.75,0,4938,2,10,0.0,0.0004048582995951417,0.9975757575757576,6.34924949996639,1,100
0.0006072874493927126,0.0,1.0,0.0,0.0,0.8,0,4937,3,10,0.0,0.0006072874493927126,0.9973737373737374,6.34924949996639,1,100
0.0006072874493927126,0.0,1.0,0.0,0.0,0.85,0,4937,3,10,0.0,0.0006072874493927126,0.9973737373737374,6.34924949996639,1,100
0.0006072874493927126,0.0,1.0,0.0,0.0,0.9,0,4937,3,10,0.0,0.0006072874493927126,0.9973737373737374,6.34924949996639,1,100
0.061133603238866394,0.4,0.9869281045751634,0.013071895424836602,0.4,0.95,4,4638,302,6,0.4,0.061133603238866394,0.9377777777777778,6.34924949996639,1,100
0.9506072874493927,0.9,0.9980871413390011,0.0019128586609989374,0.9,1.0,9,244,4696,1,0.9,0.9506072874493927,0.051111111111111114,6.34924949996639,1,100
0.0,0.0,0.0,,0.0,0.05,0,4940,0,10,0.0,0.0,0.997979797979798,6.401402699993923,2,100
0.0,0.0,0.0,,0.0,0.1,0,4940,0,10,0.0,0.0,0.997979797979798,6.401402699993923,2,100
0.0,0.0,0.0,,0.0,0.15,0,4940,0,10,0.0,0.0,0.997979797979798,6.401402699993923,2,100
0.00020242914979757084,0.0,1.0,0.0,0.0,0.2,0,4939,1,10,0.0,0.00020242914979757084,0.9977777777777778,6.401402699993923,2,100
0.00020242914979757084,0.0,1.0,0.0,0.0,0.25,0,4939,1,10,0.0,0.00020242914979757084,0.9977777777777778,6.401402699993923,2,100
0.00020242914979757084,0.0,1.0,0.0,0.0,0.3,0,4939,1,10,0.0,0.00020242914979757084,0.9977777777777778,6.401402699993923,2,100
0.0004048582995951417,0.0,1.0,0.0,0.0,0.35,0,4938,2,10,0.0,0.0004048582995951417,0.9975757575757576,6.401402699993923,2,100
0.0004048582995951417,0.0,1.0,0.0,0.0,0.4,0,4938,2,10,0.0,0.0004048582995951417,0.9975757575757576,6.401402699993923,2,100
0.0004048582995951417,0.0,1.0,0.0,0.0,0.45,0,4938,2,10,0.0,0.0004048582995951417,0.9975757575757576,6.401402699993923,2,100
0.0004048582995951417,0.0,1.0,0.0,0.0,0.5,0,4938,2,10,0.0,0.0004048582995951417,0.9975757575757576,6.401402699993923,2,100
0.0004048582995951417,0.0,1.0,0.0,0.0,0.55,0,4938,2,10,0.0,0.0004048582995951417,0.9975757575757576,6.401402699993923,2,100
0.0006072874493927126,0.0,1.0,0.0,0.0,0.6,0,4937,3,10,0.0,0.0006072874493927126,0.9973737373737374,6.401402699993923,2,100
0.0006072874493927126,0.0,1.0,0.0,0.0,0.65,0,4937,3,10,0.0,0.0006072874493927126,0.9973737373737374,6.401402699993923,2,100
0.0006072874493927126,0.0,1.0,0.0,0.0,0.7,0,4937,3,10,0.0,0.0006072874493927126,0.9973737373737374,6.401402699993923,2,100
0.0006072874493927126,0.0,1.0,0.0,0.0,0.75,0,4937,3,10,0.0,0.0006072874493927126,0.9973737373737374,6.401402699993923,2,100
0.0006072874493927126,0.0,1.0,0.0,0.0,0.8,0,4937,3,10,0.0,0.0006072874493927126,0.9973737373737374,6.401402699993923,2,100
0.0032388663967611335,0.0,1.0,0.0,0.0,0.85,0,4924,16,10,0.0,0.0032388663967611335,0.9947474747474747,6.401402699993923,2,100
0.007692307692307693,0.1,0.9743589743589743,0.02564102564102564,0.1,0.9,1,4902,38,9,0.1,0.007692307692307693,0.9905050505050506,6.401402699993923,2,100
0.02813765182186235,0.3,0.9788732394366197,0.02112676056338028,0.3,0.95,3,4801,139,7,0.3,0.02813765182186235,0.9705050505050505,6.401402699993923,2,100
0.998582995951417,1.0,0.9979769370827433,0.0020230629172567267,1.0,1.0,10,7,4933,0,1.0,0.998582995951417,0.0034343434343434343,6.401402699993923,2,100
0.0,0.1,0.0,1.0,0.1,0.05,1,4940,0,9,0.1,0.0,0.9981818181818182,6.415313299978152,3,100
0.0,0.1,0.0,1.0,0.1,0.1,1,4940,0,9,0.1,0.0,0.9981818181818182,6.415313299978152,3,100
0.0,0.1,0.0,1.0,0.1,0.15,1,4940,0,9,0.1,0.0,0.9981818181818182,6.415313299978152,3,100
0.0,0.1,0.0,1.0,0.1,0.2,1,4940,0,9,0.1,0.0,0.9981818181818182,6.415313299978152,3,100
0.0,0.1,0.0,1.0,0.1,0.25,1,4940,0,9,0.1,0.0,0.9981818181818182,6.415313299978152,3,100
0.0,0.1,0.0,1.0,0.1,0.3,1,4940,0,9,0.1,0.0,0.9981818181818182,6.415313299978152,3,100
0.0,0.1,0.0,1.0,0.1,0.35,1,4940,0,9,0.1,0.0,0.9981818181818182,6.415313299978152,3,100
0.0,0.1,0.0,1.0,0.1,0.4,1,4940,0,9,0.1,0.0,0.9981818181818182,6.415313299978152,3,100
0.0,0.1,0.0,1.0,0.1,0.45,1,4940,0,9,0.1,0.0,0.9981818181818182,6.415313299978152,3,100
0.0006072874493927126,0.3,0.5,0.5,0.3,0.5,3,4937,3,7,0.3,0.0006072874493927126,0.997979797979798,6.415313299978152,3,100
0.001417004048582996,0.3,0.7,0.3,0.3,0.55,3,4933,7,7,0.3,0.001417004048582996,0.9971717171717172,6.415313299978152,3,100
0.001417004048582996,0.3,0.7,0.3,0.3,0.6,3,4933,7,7,0.3,0.001417004048582996,0.9971717171717172,6.415313299978152,3,100
0.001417004048582996,0.3,0.7,0.3,0.3,0.65,3,4933,7,7,0.3,0.001417004048582996,0.9971717171717172,6.415313299978152,3,100
0.001417004048582996,0.3,0.7,0.3,0.3,0.7,3,4933,7,7,0.3,0.001417004048582996,0.9971717171717172,6.415313299978152,3,100
0.002631578947368421,0.3,0.8125,0.1875,0.3,0.75,3,4927,13,7,0.3,0.002631578947368421,0.9959595959595959,6.415313299978152,3,100
0.002631578947368421,0.3,0.8125,0.1875,0.3,0.8,3,4927,13,7,0.3,0.002631578947368421,0.9959595959595959,6.415313299978152,3,100
0.002631578947368421,0.3,0.8125,0.1875,0.3,0.85,3,4927,13,7,0.3,0.002631578947368421,0.9959595959595959,6.415313299978152,3,100
0.003036437246963563,0.3,0.8333333333333334,0.16666666666666666,0.3,0.9,3,4925,15,7,0.3,0.003036437246963563,0.9955555555555555,6.415313299978152,3,100
0.00708502024291498,0.3,0.9210526315789473,0.07894736842105263,0.3,0.95,3,4905,35,7,0.3,0.00708502024291498,0.9915151515151515,6.415313299978152,3,100
0.9991902834008097,1.0,0.9979781641730692,0.0020218358269308533,1.0,1.0,10,4,4936,0,1.0,0.9991902834008097,0.0028282828282828283,6.415313299978152,3,100
0.0,0.0,0.0,,0.0,0.05,0,4940,0,10,0.0,0.0,0.997979797979798,6.283684300025925,4,100
0.0,0.0,0.0,,0.0,0.1,0,4940,0,10,0.0,0.0,0.997979797979798,6.283684300025925,4,100
0.0,0.0,0.0,,0.0,0.15,0,4940,0,10,0.0,0.0,0.997979797979798,6.283684300025925,4,100
0.0,0.0,0.0,,0.0,0.2,0,4940,0,10,0.0,0.0,0.997979797979798,6.283684300025925,4,100
0.0,0.0,0.0,,0.0,0.25,0,4940,0,10,0.0,0.0,0.997979797979798,6.283684300025925,4,100
0.0,0.0,0.0,,0.0,0.3,0,4940,0,10,0.0,0.0,0.997979797979798,6.283684300025925,4,100
0.0,0.0,0.0,,0.0,0.35,0,4940,0,10,0.0,0.0,0.997979797979798,6.283684300025925,4,100
0.0,0.0,0.0,,0.0,0.4,0,4940,0,10,0.0,0.0,0.997979797979798,6.283684300025925,4,100
0.0008097165991902834,0.0,1.0,0.0,0.0,0.45,0,4936,4,10,0.0,0.0008097165991902834,0.9971717171717172,6.283684300025925,4,100
0.0018218623481781376,0.0,1.0,0.0,0.0,0.5,0,4931,9,10,0.0,0.0018218623481781376,0.9961616161616161,6.283684300025925,4,100
0.0018218623481781376,0.0,1.0,0.0,0.0,0.55,0,4931,9,10,0.0,0.0018218623481781376,0.9961616161616161,6.283684300025925,4,100
0.002226720647773279,0.0,1.0,0.0,0.0,0.6,0,4929,11,10,0.0,0.002226720647773279,0.9957575757575757,6.283684300025925,4,100
0.0024291497975708503,0.0,1.0,0.0,0.0,0.65,0,4928,12,10,0.0,0.0024291497975708503,0.9955555555555555,6.283684300025925,4,100
0.0024291497975708503,0.0,1.0,0.0,0.0,0.7,0,4928,12,10,0.0,0.0024291497975708503,0.9955555555555555,6.283684300025925,4,100
0.002631578947368421,0.0,1.0,0.0,0.0,0.75,0,4927,13,10,0.0,0.002631578947368421,0.9953535353535353,6.283684300025925,4,100
0.00931174089068826,0.1,0.9787234042553191,0.02127659574468085,0.1,0.8,1,4894,46,9,0.1,0.00931174089068826,0.9888888888888889,6.283684300025925,4,100
0.01174089068825911,0.1,0.9830508474576272,0.01694915254237288,0.1,0.85,1,4882,58,9,0.1,0.01174089068825911,0.9864646464646465,6.283684300025925,4,100
0.0548582995951417,0.2,0.9926739926739927,0.007326007326007326,0.2,0.9,2,4669,271,8,0.2,0.0548582995951417,0.9436363636363636,6.283684300025925,4,100
0.4431174089068826,0.6,0.9972665148063782,0.002733485193621868,0.6,0.95,6,2751,2189,4,0.6,0.4431174089068826,0.556969696969697,6.283684300025925,4,100
0.982995951417004,1.0,0.9979449239621866,0.002055076037813399,1.0,1.0,10,84,4856,0,1.0,0.982995951417004,0.01898989898989899,6.283684300025925,4,100
0.0,0.0,0.0,,0.0,0.05,0,4940,0,10,0.0,0.0,0.997979797979798,6.368874199921265,5,100
0.0,0.0,0.0,,0.0,0.1,0,4940,0,10,0.0,0.0,0.997979797979798,6.368874199921265,5,100
0.0,0.0,0.0,,0.0,0.15,0,4940,0,10,0.0,0.0,0.997979797979798,6.368874199921265,5,100
0.0,0.0,0.0,,0.0,0.2,0,4940,0,10,0.0,0.0,0.997979797979798,6.368874199921265,5,100
0.0,0.0,0.0,,0.0,0.25,0,4940,0,10,0.0,0.0,0.997979797979798,6.368874199921265,5,100
0.0,0.0,0.0,,0.0,0.3,0,4940,0,10,0.0,0.0,0.997979797979798,6.368874199921265,5,100
0.0,0.0,0.0,,0.0,0.35,0,4940,0,10,0.0,0.0,0.997979797979798,6.368874199921265,5,100
0.0,0.0,0.0,,0.0,0.4,0,4940,0,10,0.0,0.0,0.997979797979798,6.368874199921265,5,100
0.0,0.0,0.0,,0.0,0.45,0,4940,0,10,0.0,0.0,0.997979797979798,6.368874199921265,5,100
0.0,0.0,0.0,,0.0,0.5,0,4940,0,10,0.0,0.0,0.997979797979798,6.368874199921265,5,100
0.0,0.0,0.0,,0.0,0.55,0,4940,0,10,0.0,0.0,0.997979797979798,6.368874199921265,5,100
0.0,0.0,0.0,,0.0,0.6,0,4940,0,10,0.0,0.0,0.997979797979798,6.368874199921265,5,100
0.0,0.0,0.0,,0.0,0.65,0,4940,0,10,0.0,0.0,0.997979797979798,6.368874199921265,5,100
0.0012145748987854252,0.0,1.0,0.0,0.0,0.7,0,4934,6,10,0.0,0.0012145748987854252,0.9967676767676767,6.368874199921265,5,100
0.0012145748987854252,0.0,1.0,0.0,0.0,0.75,0,4934,6,10,0.0,0.0012145748987854252,0.9967676767676767,6.368874199921265,5,100
0.0012145748987854252,0.0,1.0,0.0,0.0,0.8,0,4934,6,10,0.0,0.0012145748987854252,0.9967676767676767,6.368874199921265,5,100
0.0012145748987854252,0.0,1.0,0.0,0.0,0.85,0,4934,6,10,0.0,0.0012145748987854252,0.9967676767676767,6.368874199921265,5,100
0.01680161943319838,0.2,0.9764705882352941,0.023529411764705882,0.2,0.9,2,4857,83,8,0.2,0.01680161943319838,0.9816161616161616,6.368874199921265,5,100
0.017408906882591092,0.2,0.9772727272727273,0.022727272727272728,0.2,0.95,2,4854,86,8,0.2,0.017408906882591092,0.981010101010101,6.368874199921265,5,100
0.9993927125506072,1.0,0.997978572872448,0.002021427127552052,1.0,1.0,10,3,4937,0,1.0,0.9993927125506072,0.0026262626262626263,6.368874199921265,5,100
0.0,0.0,0.0,,0.0,0.05,0,4940,0,10,0.0,0.0,0.997979797979798,6.44500569999218,6,100
0.0,0.0,0.0,,0.0,0.1,0,4940,0,10,0.0,0.0,0.997979797979798,6.44500569999218,6,100
0.0,0.0,0.0,,0.0,0.15,0,4940,0,10,0.0,0.0,0.997979797979798,6.44500569999218,6,100
0.0,0.0,0.0,,0.0,0.2,0,4940,0,10,0.0,0.0,0.997979797979798,6.44500569999218,6,100
0.0,0.0,0.0,,0.0,0.25,0,4940,0,10,0.0,0.0,0.997979797979798,6.44500569999218,6,100
0.0,0.0,0.0,,0.0,0.3,0,4940,0,10,0.0,0.0,0.997979797979798,6.44500569999218,6,100
0.0,0.0,0.0,,0.0,0.35,0,4940,0,10,0.0,0.0,0.997979797979798,6.44500569999218,6,100
0.0,0.0,0.0,,0.0,0.4,0,4940,0,10,0.0,0.0,0.997979797979798,6.44500569999218,6,100
0.0,0.0,0.0,,0.0,0.45,0,4940,0,10,0.0,0.0,0.997979797979798,6.44500569999218,6,100
0.0,0.0,0.0,,0.0,0.5,0,4940,0,10,0.0,0.0,0.997979797979798,6.44500569999218,6,100
0.0,0.0,0.0,,0.0,0.55,0,4940,0,10,0.0,0.0,0.997979797979798,6.44500569999218,6,100
0.0,0.0,0.0,,0.0,0.6,0,4940,0,10,0.0,0.0,0.997979797979798,6.44500569999218,6,100
0.0,0.0,0.0,,0.0,0.65,0,4940,0,10,0.0,0.0,0.997979797979798,6.44500569999218,6,100
0.0,0.0,0.0,,0.0,0.7,0,4940,0,10,0.0,0.0,0.997979797979798,6.44500569999218,6,100
0.0,0.0,0.0,,0.0,0.75,0,4940,0,10,0.0,0.0,0.997979797979798,6.44500569999218,6,100
0.0,0.0,0.0,,0.0,0.8,0,4940,0,10,0.0,0.0,0.997979797979798,6.44500569999218,6,100
0.0,0.0,0.0,,0.0,0.85,0,4940,0,10,0.0,0.0,0.997979797979798,6.44500569999218,6,100
0.0,0.0,0.0,,0.0,0.9,0,4940,0,10,0.0,0.0,0.997979797979798,6.44500569999218,6,100
0.15445344129554656,0.3,0.9960835509138382,0.0039164490861618795,0.3,0.95,3,4177,763,7,0.3,0.15445344129554656,0.8444444444444444,6.44500569999218,6,100
0.9983805668016195,1.0,0.9979765277215702,0.0020234722784297854,1.0,1.0,10,8,4932,0,1.0,0.9983805668016195,0.0036363636363636364,6.44500569999218,6,100
0.0,0.0,0.0,,0.0,0.05,0,4940,0,10,0.0,0.0,0.997979797979798,6.329361199983396,7,100
0.0,0.0,0.0,,0.0,0.1,0,4940,0,10,0.0,0.0,0.997979797979798,6.329361199983396,7,100
0.0,0.0,0.0,,0.0,0.15,0,4940,0,10,0.0,0.0,0.997979797979798,6.329361199983396,7,100
0.0,0.0,0.0,,0.0,0.2,0,4940,0,10,0.0,0.0,0.997979797979798,6.329361199983396,7,100
0.0,0.0,0.0,,0.0,0.25,0,4940,0,10,0.0,0.0,0.997979797979798,6.329361199983396,7,100
0.0,0.0,0.0,,0.0,0.3,0,4940,0,10,0.0,0.0,0.997979797979798,6.329361199983396,7,100
0.0,0.0,0.0,,0.0,0.35,0,4940,0,10,0.0,0.0,0.997979797979798,6.329361199983396,7,100
0.0,0.0,0.0,,0.0,0.4,0,4940,0,10,0.0,0.0,0.997979797979798,6.329361199983396,7,100
0.0,0.0,0.0,,0.0,0.45,0,4940,0,10,0.0,0.0,0.997979797979798,6.329361199983396,7,100
0.0,0.0,0.0,,0.0,0.5,0,4940,0,10,0.0,0.0,0.997979797979798,6.329361199983396,7,100
0.0,0.0,0.0,,0.0,0.55,0,4940,0,10,0.0,0.0,0.997979797979798,6.329361199983396,7,100
0.0,0.0,0.0,,0.0,0.6,0,4940,0,10,0.0,0.0,0.997979797979798,6.329361199983396,7,100
0.0,0.0,0.0,,0.0,0.65,0,4940,0,10,0.0,0.0,0.997979797979798,6.329361199983396,7,100
0.0,0.0,0.0,,0.0,0.7,0,4940,0,10,0.0,0.0,0.997979797979798,6.329361199983396,7,100
0.0,0.0,0.0,,0.0,0.75,0,4940,0,10,0.0,0.0,0.997979797979798,6.329361199983396,7,100
0.005263157894736842,0.0,1.0,0.0,0.0,0.8,0,4914,26,10,0.0,0.005263157894736842,0.9927272727272727,6.329361199983396,7,100
0.007489878542510121,0.0,1.0,0.0,0.0,0.85,0,4903,37,10,0.0,0.007489878542510121,0.9905050505050506,6.329361199983396,7,100
0.007489878542510121,0.1,0.9736842105263158,0.02631578947368421,0.1,0.9,1,4903,37,9,0.1,0.007489878542510121,0.9907070707070708,6.329361199983396,7,100
0.020445344129554656,0.1,0.9901960784313726,0.00980392156862745,0.1,0.95,1,4839,101,9,0.1,0.020445344129554656,0.9777777777777777,6.329361199983396,7,100
0.9987854251012146,1.0,0.9979773462783171,0.0020226537216828477,1.0,1.0,10,6,4934,0,1.0,0.9987854251012146,0.0032323232323232323,6.329361199983396,7,100
0.0,0.0,0.0,,0.0,0.05,0,4940,0,10,0.0,0.0,0.997979797979798,6.355199899990112,8,100
0.0,0.0,0.0,,0.0,0.1,0,4940,0,10,0.0,0.0,0.997979797979798,6.355199899990112,8,100
0.0,0.0,0.0,,0.0,0.15,0,4940,0,10,0.0,0.0,0.997979797979798,6.355199899990112,8,100
0.0,0.0,0.0,,0.0,0.2,0,4940,0,10,0.0,0.0,0.997979797979798,6.355199899990112,8,100
0.0,0.0,0.0,,0.0,0.25,0,4940,0,10,0.0,0.0,0.997979797979798,6.355199899990112,8,100
0.0,0.0,0.0,,0.0,0.3,0,4940,0,10,0.0,0.0,0.997979797979798,6.355199899990112,8,100
0.0,0.0,0.0,,0.0,0.35,0,4940,0,10,0.0,0.0,0.997979797979798,6.355199899990112,8,100
0.0,0.0,0.0,,0.0,0.4,0,4940,0,10,0.0,0.0,0.997979797979798,6.355199899990112,8,100
0.0,0.0,0.0,,0.0,0.45,0,4940,0,10,0.0,0.0,0.997979797979798,6.355199899990112,8,100
0.00020242914979757084,0.0,1.0,0.0,0.0,0.5,0,4939,1,10,0.0,0.00020242914979757084,0.9977777777777778,6.355199899990112,8,100
0.00020242914979757084,0.0,1.0,0.0,0.0,0.55,0,4939,1,10,0.0,0.00020242914979757084,0.9977777777777778,6.355199899990112,8,100
0.00020242914979757084,0.0,1.0,0.0,0.0,0.6,0,4939,1,10,0.0,0.00020242914979757084,0.9977777777777778,6.355199899990112,8,100
0.00020242914979757084,0.0,1.0,0.0,0.0,0.65,0,4939,1,10,0.0,0.00020242914979757084,0.9977777777777778,6.355199899990112,8,100
0.0004048582995951417,0.1,0.6666666666666666,0.3333333333333333,0.1,0.7,1,4938,2,9,0.1,0.0004048582995951417,0.9977777777777778,6.355199899990112,8,100
0.0004048582995951417,0.1,0.6666666666666666,0.3333333333333333,0.1,0.75,1,4938,2,9,0.1,0.0004048582995951417,0.9977777777777778,6.355199899990112,8,100
0.0006072874493927126,0.1,0.75,0.25,0.1,0.8,1,4937,3,9,0.1,0.0006072874493927126,0.9975757575757576,6.355199899990112,8,100
0.006072874493927126,0.2,0.9375,0.0625,0.2,0.85,2,4910,30,8,0.2,0.006072874493927126,0.9923232323232323,6.355199899990112,8,100
0.0072874493927125505,0.2,0.9473684210526315,0.05263157894736842,0.2,0.9,2,4904,36,8,0.2,0.0072874493927125505,0.9911111111111112,6.355199899990112,8,100
0.10101214574898786,0.5,0.9900793650793651,0.00992063492063492,0.5,0.95,5,4441,499,5,0.5,0.10101214574898786,0.8981818181818182,6.355199899990112,8,100
0.9973684210526316,1.0,0.9979744784281953,0.0020255215718047396,1.0,1.0,10,13,4927,0,1.0,0.9973684210526316,0.004646464646464647,6.355199899990112,8,100
0.0,0.0,0.0,,0.0,0.05,0,4940,0,10,0.0,0.0,0.997979797979798,6.409665299928747,9,100
0.0,0.0,0.0,,0.0,0.1,0,4940,0,10,0.0,0.0,0.997979797979798,6.409665299928747,9,100
0.0,0.0,0.0,,0.0,0.15,0,4940,0,10,0.0,0.0,0.997979797979798,6.409665299928747,9,100
0.0,0.0,0.0,,0.0,0.2,0,4940,0,10,0.0,0.0,0.997979797979798,6.409665299928747,9,100
0.0,0.0,0.0,,0.0,0.25,0,4940,0,10,0.0,0.0,0.997979797979798,6.409665299928747,9,100
0.0,0.0,0.0,,0.0,0.3,0,4940,0,10,0.0,0.0,0.997979797979798,6.409665299928747,9,100
0.0,0.0,0.0,,0.0,0.35,0,4940,0,10,0.0,0.0,0.997979797979798,6.409665299928747,9,100
0.0,0.0,0.0,,0.0,0.4,0,4940,0,10,0.0,0.0,0.997979797979798,6.409665299928747,9,100
0.0,0.0,0.0,,0.0,0.45,0,4940,0,10,0.0,0.0,0.997979797979798,6.409665299928747,9,100
0.0,0.0,0.0,,0.0,0.5,0,4940,0,10,0.0,0.0,0.997979797979798,6.409665299928747,9,100
0.0,0.0,0.0,,0.0,0.55,0,4940,0,10,0.0,0.0,0.997979797979798,6.409665299928747,9,100
0.0,0.0,0.0,,0.0,0.6,0,4940,0,10,0.0,0.0,0.997979797979798,6.409665299928747,9,100
0.0,0.0,0.0,,0.0,0.65,0,4940,0,10,0.0,0.0,0.997979797979798,6.409665299928747,9,100
0.0,0.0,0.0,,0.0,0.7,0,4940,0,10,0.0,0.0,0.997979797979798,6.409665299928747,9,100
0.0034412955465587046,0.1,0.9444444444444444,0.05555555555555555,0.1,0.75,1,4923,17,9,0.1,0.0034412955465587046,0.9947474747474747,6.409665299928747,9,100
0.006477732793522267,0.2,0.9411764705882353,0.058823529411764705,0.2,0.8,2,4908,32,8,0.2,0.006477732793522267,0.9919191919191919,6.409665299928747,9,100
0.0066801619433198385,0.2,0.9428571428571428,0.05714285714285714,0.2,0.85,2,4907,33,8,0.2,0.0066801619433198385,0.9917171717171717,6.409665299928747,9,100
0.011336032388663968,0.2,0.9655172413793104,0.034482758620689655,0.2,0.9,2,4884,56,8,0.2,0.011336032388663968,0.9870707070707071,6.409665299928747,9,100
0.012348178137651822,0.3,0.953125,0.046875,0.3,0.95,3,4879,61,7,0.3,0.012348178137651822,0.9862626262626263,6.409665299928747,9,100
0.9983805668016195,1.0,0.9979765277215702,0.0020234722784297854,1.0,1.0,10,8,4932,0,1.0,0.9983805668016195,0.0036363636363636364,6.409665299928747,9,100
0.00020242914979757084,0.1,0.5,0.5,0.1,0.05,1,4939,1,9,0.1,0.00020242914979757084,0.997979797979798,6.349609300028533,10,100
0.00020242914979757084,0.1,0.5,0.5,0.1,0.1,1,4939,1,9,0.1,0.00020242914979757084,0.997979797979798,6.349609300028533,10,100
0.00020242914979757084,0.1,0.5,0.5,0.1,0.15,1,4939,1,9,0.1,0.00020242914979757084,0.997979797979798,6.349609300028533,10,100
0.0006072874493927126,0.1,0.75,0.25,0.1,0.2,1,4937,3,9,0.1,0.0006072874493927126,0.9975757575757576,6.349609300028533,10,100
0.0006072874493927126,0.1,0.75,0.25,0.1,0.25,1,4937,3,9,0.1,0.0006072874493927126,0.9975757575757576,6.349609300028533,10,100
0.0006072874493927126,0.1,0.75,0.25,0.1,0.3,1,4937,3,9,0.1,0.0006072874493927126,0.9975757575757576,6.349609300028533,10,100
0.0006072874493927126,0.1,0.75,0.25,0.1,0.35,1,4937,3,9,0.1,0.0006072874493927126,0.9975757575757576,6.349609300028533,10,100
0.0010121457489878543,0.1,0.8333333333333334,0.16666666666666666,0.1,0.4,1,4935,5,9,0.1,0.0010121457489878543,0.9971717171717172,6.349609300028533,10,100
0.0010121457489878543,0.1,0.8333333333333334,0.16666666666666666,0.1,0.45,1,4935,5,9,0.1,0.0010121457489878543,0.9971717171717172,6.349609300028533,10,100
0.004453441295546558,0.2,0.9166666666666666,0.08333333333333333,0.2,0.5,2,4918,22,8,0.2,0.004453441295546558,0.9939393939393939,6.349609300028533,10,100
0.005060728744939271,0.2,0.9259259259259259,0.07407407407407407,0.2,0.55,2,4915,25,8,0.2,0.005060728744939271,0.9933333333333333,6.349609300028533,10,100
0.0072874493927125505,0.2,0.9473684210526315,0.05263157894736842,0.2,0.6,2,4904,36,8,0.2,0.0072874493927125505,0.9911111111111112,6.349609300028533,10,100
0.017813765182186234,0.3,0.967032967032967,0.03296703296703297,0.3,0.65,3,4852,88,7,0.3,0.017813765182186234,0.9808080808080808,6.349609300028533,10,100
0.020850202429149797,0.3,0.9716981132075472,0.02830188679245283,0.3,0.7,3,4837,103,7,0.3,0.020850202429149797,0.9777777777777777,6.349609300028533,10,100
0.034817813765182185,0.3,0.9828571428571429,0.017142857142857144,0.3,0.75,3,4768,172,7,0.3,0.034817813765182185,0.9638383838383838,6.349609300028533,10,100
0.04433198380566802,0.4,0.9820627802690582,0.017937219730941704,0.4,0.8,4,4721,219,6,0.4,0.04433198380566802,0.9545454545454546,6.349609300028533,10,100
0.08927125506072875,0.6,0.9865771812080537,0.013422818791946308,0.6,0.85,6,4499,441,4,0.6,0.08927125506072875,0.9101010101010101,6.349609300028533,10,100
0.12449392712550607,0.6,0.9903381642512077,0.00966183574879227,0.6,0.9,6,4325,615,4,0.6,0.12449392712550607,0.8749494949494949,6.349609300028533,10,100
0.31275303643724695,0.8,0.9948486799742434,0.0051513200257566,0.8,0.95,8,3395,1545,2,0.8,0.31275303643724695,0.6874747474747475,6.349609300028533,10,100
0.9989878542510121,1.0,0.9979777553083923,0.0020222446916076846,1.0,1.0,10,5,4935,0,1.0,0.9989878542510121,0.0030303030303030303,6.349609300028533,10,100
0.0,0.0,0.0,,0.0,0.05,0,4940,0,10,0.0,0.0,0.997979797979798,6.368416599929333,11,100
0.0,0.0,0.0,,0.0,0.1,0,4940,0,10,0.0,0.0,0.997979797979798,6.368416599929333,11,100
0.0,0.0,0.0,,0.0,0.15,0,4940,0,10,0.0,0.0,0.997979797979798,6.368416599929333,11,100
0.0,0.0,0.0,,0.0,0.2,0,4940,0,10,0.0,0.0,0.997979797979798,6.368416599929333,11,100
0.0,0.0,0.0,,0.0,0.25,0,4940,0,10,0.0,0.0,0.997979797979798,6.368416599929333,11,100
0.0,0.0,0.0,,0.0,0.3,0,4940,0,10,0.0,0.0,0.997979797979798,6.368416599929333,11,100
0.00020242914979757084,0.0,1.0,0.0,0.0,0.35,0,4939,1,10,0.0,0.00020242914979757084,0.9977777777777778,6.368416599929333,11,100
0.0008097165991902834,0.0,1.0,0.0,0.0,0.4,0,4936,4,10,0.0,0.0008097165991902834,0.9971717171717172,6.368416599929333,11,100
0.0008097165991902834,0.0,1.0,0.0,0.0,0.45,0,4936,4,10,0.0,0.0008097165991902834,0.9971717171717172,6.368416599929333,11,100
0.0008097165991902834,0.0,1.0,0.0,0.0,0.5,0,4936,4,10,0.0,0.0008097165991902834,0.9971717171717172,6.368416599929333,11,100
0.0020242914979757085,0.0,1.0,0.0,0.0,0.55,0,4930,10,10,0.0,0.0020242914979757085,0.9959595959595959,6.368416599929333,11,100
0.0020242914979757085,0.0,1.0,0.0,0.0,0.6,0,4930,10,10,0.0,0.0020242914979757085,0.9959595959595959,6.368416599929333,11,100
0.0020242914979757085,0.0,1.0,0.0,0.0,0.65,0,4930,10,10,0.0,0.0020242914979757085,0.9959595959595959,6.368416599929333,11,100
0.0032388663967611335,0.0,1.0,0.0,0.0,0.7,0,4924,16,10,0.0,0.0032388663967611335,0.9947474747474747,6.368416599929333,11,100
0.0034412955465587046,0.0,1.0,0.0,0.0,0.75,0,4923,17,10,0.0,0.0034412955465587046,0.9945454545454545,6.368416599929333,11,100
0.0034412955465587046,0.0,1.0,0.0,0.0,0.8,0,4923,17,10,0.0,0.0034412955465587046,0.9945454545454545,6.368416599929333,11,100
0.004251012145748988,0.0,1.0,0.0,0.0,0.85,0,4919,21,10,0.0,0.004251012145748988,0.9937373737373737,6.368416599929333,11,100
0.0465587044534413,0.1,0.9956709956709957,0.004329004329004329,0.1,0.9,1,4710,230,9,0.1,0.0465587044534413,0.9517171717171717,6.368416599929333,11,100
0.10323886639676114,0.3,0.9941520467836257,0.005847953216374269,0.3,0.95,3,4430,510,7,0.3,0.10323886639676114,0.8955555555555555,6.368416599929333,11,100
0.9967611336032388,1.0,0.9979732468585326,0.002026753141467369,1.0,1.0,10,16,4924,0,1.0,0.9967611336032388,0.0052525252525252525,6.368416599929333,11,100
0.0,0.1,0.0,1.0,0.1,0.05,1,4940,0,9,0.1,0.0,0.9981818181818182,6.36436590005178,12,100
0.0,0.1,0.0,1.0,0.1,0.1,1,4940,0,9,0.1,0.0,0.9981818181818182,6.36436590005178,12,100
0.0,0.1,0.0,1.0,0.1,0.15,1,4940,0,9,0.1,0.0,0.9981818181818182,6.36436590005178,12,100
0.0,0.1,0.0,1.0,0.1,0.2,1,4940,0,9,0.1,0.0,0.9981818181818182,6.36436590005178,12,100
0.0,0.1,0.0,1.0,0.1,0.25,1,4940,0,9,0.1,0.0,0.9981818181818182,6.36436590005178,12,100
0.0004048582995951417,0.2,0.5,0.5,0.2,0.3,2,4938,2,8,0.2,0.0004048582995951417,0.997979797979798,6.36436590005178,12,100
0.0004048582995951417,0.2,0.5,0.5,0.2,0.35,2,4938,2,8,0.2,0.0004048582995951417,0.997979797979798,6.36436590005178,12,100
0.0004048582995951417,0.2,0.5,0.5,0.2,0.4,2,4938,2,8,0.2,0.0004048582995951417,0.997979797979798,6.36436590005178,12,100
0.0006072874493927126,0.2,0.6,0.4,0.2,0.45,2,4937,3,8,0.2,0.0006072874493927126,0.9977777777777778,6.36436590005178,12,100
0.0006072874493927126,0.2,0.6,0.4,0.2,0.5,2,4937,3,8,0.2,0.0006072874493927126,0.9977777777777778,6.36436590005178,12,100
0.0018218623481781376,0.2,0.8181818181818182,0.18181818181818182,0.2,0.55,2,4931,9,8,0.2,0.0018218623481781376,0.9965656565656565,6.36436590005178,12,100
0.0018218623481781376,0.2,0.8181818181818182,0.18181818181818182,0.2,0.6,2,4931,9,8,0.2,0.0018218623481781376,0.9965656565656565,6.36436590005178,12,100
0.0020242914979757085,0.2,0.8333333333333334,0.16666666666666666,0.2,0.65,2,4930,10,8,0.2,0.0020242914979757085,0.9963636363636363,6.36436590005178,12,100
0.0020242914979757085,0.2,0.8333333333333334,0.16666666666666666,0.2,0.7,2,4930,10,8,0.2,0.0020242914979757085,0.9963636363636363,6.36436590005178,12,100
0.0020242914979757085,0.2,0.8333333333333334,0.16666666666666666,0.2,0.75,2,4930,10,8,0.2,0.0020242914979757085,0.9963636363636363,6.36436590005178,12,100
0.0020242914979757085,0.2,0.8333333333333334,0.16666666666666666,0.2,0.8,2,4930,10,8,0.2,0.0020242914979757085,0.9963636363636363,6.36436590005178,12,100
0.006275303643724696,0.2,0.9393939393939394,0.06060606060606061,0.2,0.85,2,4909,31,8,0.2,0.006275303643724696,0.9921212121212121,6.36436590005178,12,100
0.008097165991902834,0.2,0.9523809523809523,0.047619047619047616,0.2,0.9,2,4900,40,8,0.2,0.008097165991902834,0.9903030303030304,6.36436590005178,12,100
0.010121457489878543,0.2,0.9615384615384616,0.038461538461538464,0.2,0.95,2,4890,50,8,0.2,0.010121457489878543,0.9882828282828283,6.36436590005178,12,100
0.9987854251012146,1.0,0.9979773462783171,0.0020226537216828477,1.0,1.0,10,6,4934,0,1.0,0.9987854251012146,0.0032323232323232323,6.36436590005178,12,100
0.0,0.0,0.0,,0.0,0.05,0,4940,0,10,0.0,0.0,0.997979797979798,6.3126868000254035,13,100
0.0,0.0,0.0,,0.0,0.1,0,4940,0,10,0.0,0.0,0.997979797979798,6.3126868000254035,13,100
0.0,0.0,0.0,,0.0,0.15,0,4940,0,10,0.0,0.0,0.997979797979798,6.3126868000254035,13,100
0.0,0.0,0.0,,0.0,0.2,0,4940,0,10,0.0,0.0,0.997979797979798,6.3126868000254035,13,100
0.0,0.0,0.0,,0.0,0.25,0,4940,0,10,0.0,0.0,0.997979797979798,6.3126868000254035,13,100
0.0,0.0,0.0,,0.0,0.3,0,4940,0,10,0.0,0.0,0.997979797979798,6.3126868000254035,13,100
0.0,0.0,0.0,,0.0,0.35,0,4940,0,10,0.0,0.0,0.997979797979798,6.3126868000254035,13,100
0.0,0.0,0.0,,0.0,0.4,0,4940,0,10,0.0,0.0,0.997979797979798,6.3126868000254035,13,100
0.0,0.0,0.0,,0.0,0.45,0,4940,0,10,0.0,0.0,0.997979797979798,6.3126868000254035,13,100
0.0,0.0,0.0,,0.0,0.5,0,4940,0,10,0.0,0.0,0.997979797979798,6.3126868000254035,13,100
0.0,0.0,0.0,,0.0,0.55,0,4940,0,10,0.0,0.0,0.997979797979798,6.3126868000254035,13,100
0.0,0.0,0.0,,0.0,0.6,0,4940,0,10,0.0,0.0,0.997979797979798,6.3126868000254035,13,100
0.0,0.0,0.0,,0.0,0.65,0,4940,0,10,0.0,0.0,0.997979797979798,6.3126868000254035,13,100
0.001417004048582996,0.0,1.0,0.0,0.0,0.7,0,4933,7,10,0.0,0.001417004048582996,0.9965656565656565,6.3126868000254035,13,100
0.0020242914979757085,0.0,1.0,0.0,0.0,0.75,0,4930,10,10,0.0,0.0020242914979757085,0.9959595959595959,6.3126868000254035,13,100
0.0020242914979757085,0.0,1.0,0.0,0.0,0.8,0,4930,10,10,0.0,0.0020242914979757085,0.9959595959595959,6.3126868000254035,13,100
0.005465587044534413,0.0,1.0,0.0,0.0,0.85,0,4913,27,10,0.0,0.005465587044534413,0.9925252525252525,6.3126868000254035,13,100
0.005465587044534413,0.0,1.0,0.0,0.0,0.9,0,4913,27,10,0.0,0.005465587044534413,0.9925252525252525,6.3126868000254035,13,100
0.00931174089068826,0.0,1.0,0.0,0.0,0.95,0,4894,46,10,0.0,0.00931174089068826,0.9886868686868687,6.3126868000254035,13,100
0.9983805668016195,1.0,0.9979765277215702,0.0020234722784297854,1.0,1.0,10,8,4932,0,1.0,0.9983805668016195,0.0036363636363636364,6.3126868000254035,13,100
0.0,0.0,0.0,,0.0,0.05,0,4940,0,10,0.0,0.0,0.997979797979798,6.242504600086249,14,100
0.0,0.0,0.0,,0.0,0.1,0,4940,0,10,0.0,0.0,0.997979797979798,6.242504600086249,14,100
0.0,0.0,0.0,,0.0,0.15,0,4940,0,10,0.0,0.0,0.997979797979798,6.242504600086249,14,100
0.0,0.0,0.0,,0.0,0.2,0,4940,0,10,0.0,0.0,0.997979797979798,6.242504600086249,14,100
0.0,0.0,0.0,,0.0,0.25,0,4940,0,10,0.0,0.0,0.997979797979798,6.242504600086249,14,100
0.0,0.0,0.0,,0.0,0.3,0,4940,0,10,0.0,0.0,0.997979797979798,6.242504600086249,14,100
0.0,0.0,0.0,,0.0,0.35,0,4940,0,10,0.0,0.0,0.997979797979798,6.242504600086249,14,100
0.0,0.0,0.0,,0.0,0.4,0,4940,0,10,0.0,0.0,0.997979797979798,6.242504600086249,14,100
0.0004048582995951417,0.0,1.0,0.0,0.0,0.45,0,4938,2,10,0.0,0.0004048582995951417,0.9975757575757576,6.242504600086249,14,100
0.0004048582995951417,0.0,1.0,0.0,0.0,0.5,0,4938,2,10,0.0,0.0004048582995951417,0.9975757575757576,6.242504600086249,14,100
0.0004048582995951417,0.0,1.0,0.0,0.0,0.55,0,4938,2,10,0.0,0.0004048582995951417,0.9975757575757576,6.242504600086249,14,100
0.0004048582995951417,0.0,1.0,0.0,0.0,0.6,0,4938,2,10,0.0,0.0004048582995951417,0.9975757575757576,6.242504600086249,14,100
0.0004048582995951417,0.0,1.0,0.0,0.0,0.65,0,4938,2,10,0.0,0.0004048582995951417,0.9975757575757576,6.242504600086249,14,100
0.0032388663967611335,0.1,0.9411764705882353,0.058823529411764705,0.1,0.7,1,4924,16,9,0.1,0.0032388663967611335,0.9949494949494949,6.242504600086249,14,100
0.0032388663967611335,0.1,0.9411764705882353,0.058823529411764705,0.1,0.75,1,4924,16,9,0.1,0.0032388663967611335,0.9949494949494949,6.242504600086249,14,100
0.0032388663967611335,0.1,0.9411764705882353,0.058823529411764705,0.1,0.8,1,4924,16,9,0.1,0.0032388663967611335,0.9949494949494949,6.242504600086249,14,100
0.0032388663967611335,0.1,0.9411764705882353,0.058823529411764705,0.1,0.85,1,4924,16,9,0.1,0.0032388663967611335,0.9949494949494949,6.242504600086249,14,100
0.04959514170040486,0.2,0.9919028340080972,0.008097165991902834,0.2,0.9,2,4695,245,8,0.2,0.04959514170040486,0.9488888888888889,6.242504600086249,14,100
0.20506072874493927,0.7,0.9931372549019608,0.006862745098039216,0.7,0.95,7,3927,1013,3,0.7,0.20506072874493927,0.7947474747474748,6.242504600086249,14,100
0.9761133603238866,1.0,0.9979304635761589,0.0020695364238410598,1.0,1.0,10,118,4822,0,1.0,0.9761133603238866,0.02585858585858586,6.242504600086249,14,100
0.0,0.0,0.0,,0.0,0.05,0,4940,0,10,0.0,0.0,0.997979797979798,6.170153500046581,15,100
0.0,0.0,0.0,,0.0,0.1,0,4940,0,10,0.0,0.0,0.997979797979798,6.170153500046581,15,100
0.0,0.0,0.0,,0.0,0.15,0,4940,0,10,0.0,0.0,0.997979797979798,6.170153500046581,15,100
0.0,0.0,0.0,,0.0,0.2,0,4940,0,10,0.0,0.0,0.997979797979798,6.170153500046581,15,100
0.0,0.0,0.0,,0.0,0.25,0,4940,0,10,0.0,0.0,0.997979797979798,6.170153500046581,15,100
0.0,0.0,0.0,,0.0,0.3,0,4940,0,10,0.0,0.0,0.997979797979798,6.170153500046581,15,100
0.0,0.0,0.0,,0.0,0.35,0,4940,0,10,0.0,0.0,0.997979797979798,6.170153500046581,15,100
0.0,0.0,0.0,,0.0,0.4,0,4940,0,10,0.0,0.0,0.997979797979798,6.170153500046581,15,100
0.0,0.0,0.0,,0.0,0.45,0,4940,0,10,0.0,0.0,0.997979797979798,6.170153500046581,15,100
0.0,0.0,0.0,,0.0,0.5,0,4940,0,10,0.0,0.0,0.997979797979798,6.170153500046581,15,100
0.0,0.0,0.0,,0.0,0.55,0,4940,0,10,0.0,0.0,0.997979797979798,6.170153500046581,15,100
0.0,0.0,0.0,,0.0,0.6,0,4940,0,10,0.0,0.0,0.997979797979798,6.170153500046581,15,100
0.0,0.0,0.0,,0.0,0.65,0,4940,0,10,0.0,0.0,0.997979797979798,6.170153500046581,15,100
0.008097165991902834,0.3,0.9302325581395349,0.06976744186046512,0.3,0.7,3,4900,40,7,0.3,0.008097165991902834,0.9905050505050506,6.170153500046581,15,100
0.038866396761133605,0.5,0.9746192893401016,0.025380710659898477,0.5,0.75,5,4748,192,5,0.5,0.038866396761133605,0.9602020202020202,6.170153500046581,15,100
0.07327935222672065,0.5,0.9863760217983651,0.013623978201634877,0.5,0.8,5,4578,362,5,0.5,0.07327935222672065,0.9258585858585858,6.170153500046581,15,100
0.13785425101214574,0.5,0.9927113702623906,0.007288629737609329,0.5,0.85,5,4259,681,5,0.5,0.13785425101214574,0.8614141414141414,6.170153500046581,15,100
0.2222672064777328,0.5,0.9954669084315503,0.004533091568449683,0.5,0.9,5,3842,1098,5,0.5,0.2222672064777328,0.7771717171717172,6.170153500046581,15,100
0.4370445344129555,0.7,0.9967682363804248,0.003231763619575254,0.7,0.95,7,2781,2159,3,0.7,0.4370445344129555,0.5632323232323232,6.170153500046581,15,100
0.9989878542510121,1.0,0.9979777553083923,0.0020222446916076846,1.0,1.0,10,5,4935,0,1.0,0.9989878542510121,0.0030303030303030303,6.170153500046581,15,100
0.0,0.1,0.0,1.0,0.1,0.05,1,4940,0,9,0.1,0.0,0.9981818181818182,6.490491100004874,16,100
0.0,0.1,0.0,1.0,0.1,0.1,1,4940,0,9,0.1,0.0,0.9981818181818182,6.490491100004874,16,100
0.0,0.1,0.0,1.0,0.1,0.15,1,4940,0,9,0.1,0.0,0.9981818181818182,6.490491100004874,16,100
0.0,0.1,0.0,1.0,0.1,0.2,1,4940,0,9,0.1,0.0,0.9981818181818182,6.490491100004874,16,100
0.0,0.1,0.0,1.0,0.1,0.25,1,4940,0,9,0.1,0.0,0.9981818181818182,6.490491100004874,16,100
0.0,0.1,0.0,1.0,0.1,0.3,1,4940,0,9,0.1,0.0,0.9981818181818182,6.490491100004874,16,100
0.0,0.1,0.0,1.0,0.1,0.35,1,4940,0,9,0.1,0.0,0.9981818181818182,6.490491100004874,16,100
0.0,0.1,0.0,1.0,0.1,0.4,1,4940,0,9,0.1,0.0,0.9981818181818182,6.490491100004874,16,100
0.0,0.1,0.0,1.0,0.1,0.45,1,4940,0,9,0.1,0.0,0.9981818181818182,6.490491100004874,16,100
0.0,0.1,0.0,1.0,0.1,0.5,1,4940,0,9,0.1,0.0,0.9981818181818182,6.490491100004874,16,100
0.0,0.1,0.0,1.0,0.1,0.55,1,4940,0,9,0.1,0.0,0.9981818181818182,6.490491100004874,16,100
0.0,0.1,0.0,1.0,0.1,0.6,1,4940,0,9,0.1,0.0,0.9981818181818182,6.490491100004874,16,100
0.0,0.1,0.0,1.0,0.1,0.65,1,4940,0,9,0.1,0.0,0.9981818181818182,6.490491100004874,16,100
0.005870445344129555,0.1,0.9666666666666667,0.03333333333333333,0.1,0.7,1,4911,29,9,0.1,0.005870445344129555,0.9923232323232323,6.490491100004874,16,100
0.011336032388663968,0.1,0.9824561403508771,0.017543859649122806,0.1,0.75,1,4884,56,9,0.1,0.011336032388663968,0.9868686868686869,6.490491100004874,16,100
0.025303643724696356,0.3,0.9765625,0.0234375,0.3,0.8,3,4815,125,7,0.3,0.025303643724696356,0.9733333333333334,6.490491100004874,16,100
0.032591093117408904,0.4,0.9757575757575757,0.024242424242424242,0.4,0.85,4,4779,161,6,0.4,0.032591093117408904,0.9662626262626263,6.490491100004874,16,100
0.04331983805668016,0.4,0.981651376146789,0.01834862385321101,0.4,0.9,4,4726,214,6,0.4,0.04331983805668016,0.9555555555555556,6.490491100004874,16,100
0.1180161943319838,0.5,0.9914965986394558,0.008503401360544218,0.5,0.95,5,4357,583,5,0.5,0.1180161943319838,0.8812121212121212,6.490491100004874,16,100
0.9983805668016195,1.0,0.9979765277215702,0.0020234722784297854,1.0,1.0,10,8,4932,0,1.0,0.9983805668016195,0.0036363636363636364,6.490491100004874,16,100
0.0,0.0,0.0,,0.0,0.05,0,4940,0,10,0.0,0.0,0.997979797979798,6.328335999976844,17,100
0.0,0.0,0.0,,0.0,0.1,0,4940,0,10,0.0,0.0,0.997979797979798,6.328335999976844,17,100
0.0,0.0,0.0,,0.0,0.15,0,4940,0,10,0.0,0.0,0.997979797979798,6.328335999976844,17,100
0.0,0.0,0.0,,0.0,0.2,0,4940,0,10,0.0,0.0,0.997979797979798,6.328335999976844,17,100
0.0,0.0,0.0,,0.0,0.25,0,4940,0,10,0.0,0.0,0.997979797979798,6.328335999976844,17,100
0.0,0.0,0.0,,0.0,0.3,0,4940,0,10,0.0,0.0,0.997979797979798,6.328335999976844,17,100
0.0,0.0,0.0,,0.0,0.35,0,4940,0,10,0.0,0.0,0.997979797979798,6.328335999976844,17,100
0.0004048582995951417,0.0,1.0,0.0,0.0,0.4,0,4938,2,10,0.0,0.0004048582995951417,0.9975757575757576,6.328335999976844,17,100
0.0004048582995951417,0.0,1.0,0.0,0.0,0.45,0,4938,2,10,0.0,0.0004048582995951417,0.9975757575757576,6.328335999976844,17,100
0.0004048582995951417,0.0,1.0,0.0,0.0,0.5,0,4938,2,10,0.0,0.0004048582995951417,0.9975757575757576,6.328335999976844,17,100
0.0004048582995951417,0.0,1.0,0.0,0.0,0.55,0,4938,2,10,0.0,0.0004048582995951417,0.9975757575757576,6.328335999976844,17,100
0.0004048582995951417,0.0,1.0,0.0,0.0,0.6,0,4938,2,10,0.0,0.0004048582995951417,0.9975757575757576,6.328335999976844,17,100
0.0004048582995951417,0.0,1.0,0.0,0.0,0.65,0,4938,2,10,0.0,0.0004048582995951417,0.9975757575757576,6.328335999976844,17,100
0.0004048582995951417,0.0,1.0,0.0,0.0,0.7,0,4938,2,10,0.0,0.0004048582995951417,0.9975757575757576,6.328335999976844,17,100
0.0010121457489878543,0.0,1.0,0.0,0.0,0.75,0,4935,5,10,0.0,0.0010121457489878543,0.996969696969697,6.328335999976844,17,100
0.0010121457489878543,0.0,1.0,0.0,0.0,0.8,0,4935,5,10,0.0,0.0010121457489878543,0.996969696969697,6.328335999976844,17,100
0.0020242914979757085,0.1,0.9090909090909091,0.09090909090909091,0.1,0.85,1,4930,10,9,0.1,0.0020242914979757085,0.9961616161616161,6.328335999976844,17,100
0.013157894736842105,0.1,0.9848484848484849,0.015151515151515152,0.1,0.9,1,4875,65,9,0.1,0.013157894736842105,0.9850505050505051,6.328335999976844,17,100
0.030161943319838055,0.3,0.9802631578947368,0.019736842105263157,0.3,0.95,3,4791,149,7,0.3,0.030161943319838055,0.9684848484848485,6.328335999976844,17,100
0.998582995951417,1.0,0.9979769370827433,0.0020230629172567267,1.0,1.0,10,7,4933,0,1.0,0.998582995951417,0.0034343434343434343,6.328335999976844,17,100
0.0,0.0,0.0,,0.0,0.05,0,4940,0,10,0.0,0.0,0.997979797979798,6.273334100027569,18,100
0.0,0.0,0.0,,0.0,0.1,0,4940,0,10,0.0,0.0,0.997979797979798,6.273334100027569,18,100
0.0,0.0,0.0,,0.0,0.15,0,4940,0,10,0.0,0.0,0.997979797979798,6.273334100027569,18,100
0.0,0.0,0.0,,0.0,0.2,0,4940,0,10,0.0,0.0,0.997979797979798,6.273334100027569,18,100
0.0004048582995951417,0.0,1.0,0.0,0.0,0.25,0,4938,2,10,0.0,0.0004048582995951417,0.9975757575757576,6.273334100027569,18,100
0.0004048582995951417,0.0,1.0,0.0,0.0,0.3,0,4938,2,10,0.0,0.0004048582995951417,0.9975757575757576,6.273334100027569,18,100
0.0004048582995951417,0.0,1.0,0.0,0.0,0.35,0,4938,2,10,0.0,0.0004048582995951417,0.9975757575757576,6.273334100027569,18,100
0.0004048582995951417,0.0,1.0,0.0,0.0,0.4,0,4938,2,10,0.0,0.0004048582995951417,0.9975757575757576,6.273334100027569,18,100
0.0004048582995951417,0.0,1.0,0.0,0.0,0.45,0,4938,2,10,0.0,0.0004048582995951417,0.9975757575757576,6.273334100027569,18,100
0.0004048582995951417,0.0,1.0,0.0,0.0,0.5,0,4938,2,10,0.0,0.0004048582995951417,0.9975757575757576,6.273334100027569,18,100
0.0004048582995951417,0.0,1.0,0.0,0.0,0.55,0,4938,2,10,0.0,0.0004048582995951417,0.9975757575757576,6.273334100027569,18,100
0.0018218623481781376,0.1,0.9,0.1,0.1,0.6,1,4931,9,9,0.1,0.0018218623481781376,0.9963636363636363,6.273334100027569,18,100
0.0018218623481781376,0.1,0.9,0.1,0.1,0.65,1,4931,9,9,0.1,0.0018218623481781376,0.9963636363636363,6.273334100027569,18,100
0.0018218623481781376,0.1,0.9,0.1,0.1,0.7,1,4931,9,9,0.1,0.0018218623481781376,0.9963636363636363,6.273334100027569,18,100
0.0018218623481781376,0.1,0.9,0.1,0.1,0.75,1,4931,9,9,0.1,0.0018218623481781376,0.9963636363636363,6.273334100027569,18,100
0.0020242914979757085,0.2,0.8333333333333334,0.16666666666666666,0.2,0.8,2,4930,10,8,0.2,0.0020242914979757085,0.9963636363636363,6.273334100027569,18,100
0.0020242914979757085,0.2,0.8333333333333334,0.16666666666666666,0.2,0.85,2,4930,10,8,0.2,0.0020242914979757085,0.9963636363636363,6.273334100027569,18,100
0.007894736842105263,0.4,0.9069767441860465,0.09302325581395349,0.4,0.9,4,4901,39,6,0.4,0.007894736842105263,0.990909090909091,6.273334100027569,18,100
0.007894736842105263,0.4,0.9069767441860465,0.09302325581395349,0.4,0.95,4,4901,39,6,0.4,0.007894736842105263,0.990909090909091,6.273334100027569,18,100
0.9989878542510121,1.0,0.9979777553083923,0.0020222446916076846,1.0,1.0,10,5,4935,0,1.0,0.9989878542510121,0.0030303030303030303,6.273334100027569,18,100
0.00020242914979757084,0.0,1.0,0.0,0.0,0.05,0,4939,1,10,0.0,0.00020242914979757084,0.9977777777777778,6.454057199996896,19,100
0.00020242914979757084,0.0,1.0,0.0,0.0,0.1,0,4939,1,10,0.0,0.00020242914979757084,0.9977777777777778,6.454057199996896,19,100
0.0004048582995951417,0.0,1.0,0.0,0.0,0.15,0,4938,2,10,0.0,0.0004048582995951417,0.9975757575757576,6.454057199996896,19,100
0.0004048582995951417,0.0,1.0,0.0,0.0,0.2,0,4938,2,10,0.0,0.0004048582995951417,0.9975757575757576,6.454057199996896,19,100
0.0004048582995951417,0.0,1.0,0.0,0.0,0.25,0,4938,2,10,0.0,0.0004048582995951417,0.9975757575757576,6.454057199996896,19,100
0.0004048582995951417,0.0,1.0,0.0,0.0,0.3,0,4938,2,10,0.0,0.0004048582995951417,0.9975757575757576,6.454057199996896,19,100
0.0004048582995951417,0.0,1.0,0.0,0.0,0.35,0,4938,2,10,0.0,0.0004048582995951417,0.9975757575757576,6.454057199996896,19,100
0.0004048582995951417,0.0,1.0,0.0,0.0,0.4,0,4938,2,10,0.0,0.0004048582995951417,0.9975757575757576,6.454057199996896,19,100
0.0004048582995951417,0.0,1.0,0.0,0.0,0.45,0,4938,2,10,0.0,0.0004048582995951417,0.9975757575757576,6.454057199996896,19,100
0.0004048582995951417,0.0,1.0,0.0,0.0,0.5,0,4938,2,10,0.0,0.0004048582995951417,0.9975757575757576,6.454057199996896,19,100
0.0004048582995951417,0.0,1.0,0.0,0.0,0.55,0,4938,2,10,0.0,0.0004048582995951417,0.9975757575757576,6.454057199996896,19,100
0.0004048582995951417,0.0,1.0,0.0,0.0,0.6,0,4938,2,10,0.0,0.0004048582995951417,0.9975757575757576,6.454057199996896,19,100
0.0004048582995951417,0.0,1.0,0.0,0.0,0.65,0,4938,2,10,0.0,0.0004048582995951417,0.9975757575757576,6.454057199996896,19,100
0.0018218623481781376,0.0,1.0,0.0,0.0,0.7,0,4931,9,10,0.0,0.0018218623481781376,0.9961616161616161,6.454057199996896,19,100
0.002226720647773279,0.1,0.9166666666666666,0.08333333333333333,0.1,0.75,1,4929,11,9,0.1,0.002226720647773279,0.9959595959595959,6.454057199996896,19,100
0.0024291497975708503,0.1,0.9230769230769231,0.07692307692307693,0.1,0.8,1,4928,12,9,0.1,0.0024291497975708503,0.9957575757575757,6.454057199996896,19,100
0.005870445344129555,0.2,0.9354838709677419,0.06451612903225806,0.2,0.85,2,4911,29,8,0.2,0.005870445344129555,0.9925252525252525,6.454057199996896,19,100
0.005870445344129555,0.2,0.9354838709677419,0.06451612903225806,0.2,0.9,2,4911,29,8,0.2,0.005870445344129555,0.9925252525252525,6.454057199996896,19,100
0.005870445344129555,0.2,0.9354838709677419,0.06451612903225806,0.2,0.95,2,4911,29,8,0.2,0.005870445344129555,0.9925252525252525,6.454057199996896,19,100
0.9987854251012146,1.0,0.9979773462783171,0.0020226537216828477,1.0,1.0,10,6,4934,0,1.0,0.9987854251012146,0.0032323232323232323,6.454057199996896,19,100
0.0,0.1,0.0,1.0,0.1,0.05,1,4940,0,9,0.1,0.0,0.9981818181818182,6.422888400033116,20,100
0.0,0.1,0.0,1.0,0.1,0.1,1,4940,0,9,0.1,0.0,0.9981818181818182,6.422888400033116,20,100
0.0,0.1,0.0,1.0,0.1,0.15,1,4940,0,9,0.1,0.0,0.9981818181818182,6.422888400033116,20,100
0.0,0.1,0.0,1.0,0.1,0.2,1,4940,0,9,0.1,0.0,0.9981818181818182,6.422888400033116,20,100
0.0,0.1,0.0,1.0,0.1,0.25,1,4940,0,9,0.1,0.0,0.9981818181818182,6.422888400033116,20,100
0.0,0.1,0.0,1.0,0.1,0.3,1,4940,0,9,0.1,0.0,0.9981818181818182,6.422888400033116,20,100
0.0,0.1,0.0,1.0,0.1,0.35,1,4940,0,9,0.1,0.0,0.9981818181818182,6.422888400033116,20,100
0.0,0.1,0.0,1.0,0.1,0.4,1,4940,0,9,0.1,0.0,0.9981818181818182,6.422888400033116,20,100
0.0,0.1,0.0,1.0,0.1,0.45,1,4940,0,9,0.1,0.0,0.9981818181818182,6.422888400033116,20,100
0.0,0.1,0.0,1.0,0.1,0.5,1,4940,0,9,0.1,0.0,0.9981818181818182,6.422888400033116,20,100
0.0,0.1,0.0,1.0,0.1,0.55,1,4940,0,9,0.1,0.0,0.9981818181818182,6.422888400033116,20,100
0.0,0.1,0.0,1.0,0.1,0.6,1,4940,0,9,0.1,0.0,0.9981818181818182,6.422888400033116,20,100
0.0,0.1,0.0,1.0,0.1,0.65,1,4940,0,9,0.1,0.0,0.9981818181818182,6.422888400033116,20,100
0.0,0.1,0.0,1.0,0.1,0.7,1,4940,0,9,0.1,0.0,0.9981818181818182,6.422888400033116,20,100
0.0,0.1,0.0,1.0,0.1,0.75,1,4940,0,9,0.1,0.0,0.9981818181818182,6.422888400033116,20,100
0.0066801619433198385,0.2,0.9428571428571428,0.05714285714285714,0.2,0.8,2,4907,33,8,0.2,0.0066801619433198385,0.9917171717171717,6.422888400033116,20,100
0.0072874493927125505,0.2,0.9473684210526315,0.05263157894736842,0.2,0.85,2,4904,36,8,0.2,0.0072874493927125505,0.9911111111111112,6.422888400033116,20,100
0.008097165991902834,0.2,0.9523809523809523,0.047619047619047616,0.2,0.9,2,4900,40,8,0.2,0.008097165991902834,0.9903030303030304,6.422888400033116,20,100
0.008299595141700405,0.2,0.9534883720930233,0.046511627906976744,0.2,0.95,2,4899,41,8,0.2,0.008299595141700405,0.9901010101010101,6.422888400033116,20,100
0.012550607287449392,0.3,0.9538461538461539,0.046153846153846156,0.3,1.0,3,4878,62,7,0.3,0.012550607287449392,0.9860606060606061,6.422888400033116,20,100
0.00020242914979757084,0.0,1.0,0.0,0.0,0.05,0,4939,1,10,0.0,0.00020242914979757084,0.9977777777777778,6.3226590000558645,21,100
0.0004048582995951417,0.0,1.0,0.0,0.0,0.1,0,4938,2,10,0.0,0.0004048582995951417,0.9975757575757576,6.3226590000558645,21,100
0.0004048582995951417,0.0,1.0,0.0,0.0,0.15,0,4938,2,10,0.0,0.0004048582995951417,0.9975757575757576,6.3226590000558645,21,100
0.0004048582995951417,0.0,1.0,0.0,0.0,0.2,0,4938,2,10,0.0,0.0004048582995951417,0.9975757575757576,6.3226590000558645,21,100
0.0004048582995951417,0.0,1.0,0.0,0.0,0.25,0,4938,2,10,0.0,0.0004048582995951417,0.9975757575757576,6.3226590000558645,21,100
0.0004048582995951417,0.0,1.0,0.0,0.0,0.3,0,4938,2,10,0.0,0.0004048582995951417,0.9975757575757576,6.3226590000558645,21,100
0.0004048582995951417,0.0,1.0,0.0,0.0,0.35,0,4938,2,10,0.0,0.0004048582995951417,0.9975757575757576,6.3226590000558645,21,100
0.0008097165991902834,0.1,0.8,0.2,0.1,0.4,1,4936,4,9,0.1,0.0008097165991902834,0.9973737373737374,6.3226590000558645,21,100
0.0008097165991902834,0.1,0.8,0.2,0.1,0.45,1,4936,4,9,0.1,0.0008097165991902834,0.9973737373737374,6.3226590000558645,21,100
0.0012145748987854252,0.1,0.8571428571428571,0.14285714285714285,0.1,0.5,1,4934,6,9,0.1,0.0012145748987854252,0.996969696969697,6.3226590000558645,21,100
0.0012145748987854252,0.1,0.8571428571428571,0.14285714285714285,0.1,0.55,1,4934,6,9,0.1,0.0012145748987854252,0.996969696969697,6.3226590000558645,21,100
0.0012145748987854252,0.1,0.8571428571428571,0.14285714285714285,0.1,0.6,1,4934,6,9,0.1,0.0012145748987854252,0.996969696969697,6.3226590000558645,21,100
0.001417004048582996,0.1,0.875,0.125,0.1,0.65,1,4933,7,9,0.1,0.001417004048582996,0.9967676767676767,6.3226590000558645,21,100
0.0018218623481781376,0.1,0.9,0.1,0.1,0.7,1,4931,9,9,0.1,0.0018218623481781376,0.9963636363636363,6.3226590000558645,21,100
0.002226720647773279,0.1,0.9166666666666666,0.08333333333333333,0.1,0.75,1,4929,11,9,0.1,0.002226720647773279,0.9959595959595959,6.3226590000558645,21,100
0.002226720647773279,0.1,0.9166666666666666,0.08333333333333333,0.1,0.8,1,4929,11,9,0.1,0.002226720647773279,0.9959595959595959,6.3226590000558645,21,100
0.002226720647773279,0.1,0.9166666666666666,0.08333333333333333,0.1,0.85,1,4929,11,9,0.1,0.002226720647773279,0.9959595959595959,6.3226590000558645,21,100
0.002226720647773279,0.1,0.9166666666666666,0.08333333333333333,0.1,0.9,1,4929,11,9,0.1,0.002226720647773279,0.9959595959595959,6.3226590000558645,21,100
0.002226720647773279,0.1,0.9166666666666666,0.08333333333333333,0.1,0.95,1,4929,11,9,0.1,0.002226720647773279,0.9959595959595959,6.3226590000558645,21,100
0.998582995951417,1.0,0.9979769370827433,0.0020230629172567267,1.0,1.0,10,7,4933,0,1.0,0.998582995951417,0.0034343434343434343,6.3226590000558645,21,100
0.0,0.1,0.0,1.0,0.1,0.05,1,4940,0,9,0.1,0.0,0.9981818181818182,6.356978499912657,22,100
0.0,0.1,0.0,1.0,0.1,0.1,1,4940,0,9,0.1,0.0,0.9981818181818182,6.356978499912657,22,100
0.0,0.1,0.0,1.0,0.1,0.15,1,4940,0,9,0.1,0.0,0.9981818181818182,6.356978499912657,22,100
0.0,0.1,0.0,1.0,0.1,0.2,1,4940,0,9,0.1,0.0,0.9981818181818182,6.356978499912657,22,100
0.0,0.1,0.0,1.0,0.1,0.25,1,4940,0,9,0.1,0.0,0.9981818181818182,6.356978499912657,22,100
0.0,0.1,0.0,1.0,0.1,0.3,1,4940,0,9,0.1,0.0,0.9981818181818182,6.356978499912657,22,100
0.0,0.1,0.0,1.0,0.1,0.35,1,4940,0,9,0.1,0.0,0.9981818181818182,6.356978499912657,22,100
0.0,0.1,0.0,1.0,0.1,0.4,1,4940,0,9,0.1,0.0,0.9981818181818182,6.356978499912657,22,100
0.0,0.1,0.0,1.0,0.1,0.45,1,4940,0,9,0.1,0.0,0.9981818181818182,6.356978499912657,22,100
0.0,0.1,0.0,1.0,0.1,0.5,1,4940,0,9,0.1,0.0,0.9981818181818182,6.356978499912657,22,100
0.0,0.1,0.0,1.0,0.1,0.55,1,4940,0,9,0.1,0.0,0.9981818181818182,6.356978499912657,22,100
0.0,0.1,0.0,1.0,0.1,0.6,1,4940,0,9,0.1,0.0,0.9981818181818182,6.356978499912657,22,100
0.0,0.1,0.0,1.0,0.1,0.65,1,4940,0,9,0.1,0.0,0.9981818181818182,6.356978499912657,22,100
0.0,0.1,0.0,1.0,0.1,0.7,1,4940,0,9,0.1,0.0,0.9981818181818182,6.356978499912657,22,100
0.0,0.1,0.0,1.0,0.1,0.75,1,4940,0,9,0.1,0.0,0.9981818181818182,6.356978499912657,22,100
0.0,0.1,0.0,1.0,0.1,0.8,1,4940,0,9,0.1,0.0,0.9981818181818182,6.356978499912657,22,100
0.0,0.1,0.0,1.0,0.1,0.85,1,4940,0,9,0.1,0.0,0.9981818181818182,6.356978499912657,22,100
0.0,0.1,0.0,1.0,0.1,0.9,1,4940,0,9,0.1,0.0,0.9981818181818182,6.356978499912657,22,100
0.010931174089068825,0.3,0.9473684210526315,0.05263157894736842,0.3,0.95,3,4886,54,7,0.3,0.010931174089068825,0.9876767676767677,6.356978499912657,22,100
0.9983805668016195,1.0,0.9979765277215702,0.0020234722784297854,1.0,1.0,10,8,4932,0,1.0,0.9983805668016195,0.0036363636363636364,6.356978499912657,22,100
0.0,0.0,0.0,,0.0,0.05,0,4940,0,10,0.0,0.0,0.997979797979798,6.298015099950135,23,100
0.0,0.0,0.0,,0.0,0.1,0,4940,0,10,0.0,0.0,0.997979797979798,6.298015099950135,23,100
0.0,0.0,0.0,,0.0,0.15,0,4940,0,10,0.0,0.0,0.997979797979798,6.298015099950135,23,100
0.0,0.0,0.0,,0.0,0.2,0,4940,0,10,0.0,0.0,0.997979797979798,6.298015099950135,23,100
0.0,0.0,0.0,,0.0,0.25,0,4940,0,10,0.0,0.0,0.997979797979798,6.298015099950135,23,100
0.00020242914979757084,0.0,1.0,0.0,0.0,0.3,0,4939,1,10,0.0,0.00020242914979757084,0.9977777777777778,6.298015099950135,23,100
0.00020242914979757084,0.0,1.0,0.0,0.0,0.35,0,4939,1,10,0.0,0.00020242914979757084,0.9977777777777778,6.298015099950135,23,100
0.00020242914979757084,0.0,1.0,0.0,0.0,0.4,0,4939,1,10,0.0,0.00020242914979757084,0.9977777777777778,6.298015099950135,23,100
0.00020242914979757084,0.0,1.0,0.0,0.0,0.45,0,4939,1,10,0.0,0.00020242914979757084,0.9977777777777778,6.298015099950135,23,100
0.00020242914979757084,0.0,1.0,0.0,0.0,0.5,0,4939,1,10,0.0,0.00020242914979757084,0.9977777777777778,6.298015099950135,23,100
0.0008097165991902834,0.0,1.0,0.0,0.0,0.55,0,4936,4,10,0.0,0.0008097165991902834,0.9971717171717172,6.298015099950135,23,100
0.0008097165991902834,0.0,1.0,0.0,0.0,0.6,0,4936,4,10,0.0,0.0008097165991902834,0.9971717171717172,6.298015099950135,23,100
0.0008097165991902834,0.0,1.0,0.0,0.0,0.65,0,4936,4,10,0.0,0.0008097165991902834,0.9971717171717172,6.298015099950135,23,100
0.0016194331983805667,0.0,1.0,0.0,0.0,0.7,0,4932,8,10,0.0,0.0016194331983805667,0.9963636363636363,6.298015099950135,23,100
0.0020242914979757085,0.0,1.0,0.0,0.0,0.75,0,4930,10,10,0.0,0.0020242914979757085,0.9959595959595959,6.298015099950135,23,100
0.010323886639676113,0.3,0.9444444444444444,0.05555555555555555,0.3,0.8,3,4889,51,7,0.3,0.010323886639676113,0.9882828282828283,6.298015099950135,23,100
0.012753036437246963,0.4,0.9402985074626866,0.05970149253731343,0.4,0.85,4,4877,63,6,0.4,0.012753036437246963,0.9860606060606061,6.298015099950135,23,100
0.015384615384615385,0.4,0.95,0.05,0.4,0.9,4,4864,76,6,0.4,0.015384615384615385,0.9834343434343434,6.298015099950135,23,100
0.08360323886639676,0.4,0.9904076738609112,0.009592326139088728,0.4,0.95,4,4527,413,6,0.4,0.08360323886639676,0.9153535353535354,6.298015099950135,23,100
0.9951417004048583,1.0,0.9979699553390174,0.0020300446609825416,1.0,1.0,10,24,4916,0,1.0,0.9951417004048583,0.006868686868686869,6.298015099950135,23,100
0.0,0.1,0.0,1.0,0.1,0.05,1,4940,0,9,0.1,0.0,0.9981818181818182,6.521701500052586,24,100
0.0,0.1,0.0,1.0,0.1,0.1,1,4940,0,9,0.1,0.0,0.9981818181818182,6.521701500052586,24,100
0.0004048582995951417,0.1,0.6666666666666666,0.3333333333333333,0.1,0.15,1,4938,2,9,0.1,0.0004048582995951417,0.9977777777777778,6.521701500052586,24,100
0.0006072874493927126,0.1,0.75,0.25,0.1,0.2,1,4937,3,9,0.1,0.0006072874493927126,0.9975757575757576,6.521701500052586,24,100
0.0010121457489878543,0.1,0.8333333333333334,0.16666666666666666,0.1,0.25,1,4935,5,9,0.1,0.0010121457489878543,0.9971717171717172,6.521701500052586,24,100
0.0016194331983805667,0.1,0.8888888888888888,0.1111111111111111,0.1,0.3,1,4932,8,9,0.1,0.0016194331983805667,0.9965656565656565,6.521701500052586,24,100
0.0016194331983805667,0.1,0.8888888888888888,0.1111111111111111,0.1,0.35,1,4932,8,9,0.1,0.0016194331983805667,0.9965656565656565,6.521701500052586,24,100
0.0018218623481781376,0.1,0.9,0.1,0.1,0.4,1,4931,9,9,0.1,0.0018218623481781376,0.9963636363636363,6.521701500052586,24,100
0.002226720647773279,0.1,0.9166666666666666,0.08333333333333333,0.1,0.45,1,4929,11,9,0.1,0.002226720647773279,0.9959595959595959,6.521701500052586,24,100
0.0024291497975708503,0.1,0.9230769230769231,0.07692307692307693,0.1,0.5,1,4928,12,9,0.1,0.0024291497975708503,0.9957575757575757,6.521701500052586,24,100
0.0024291497975708503,0.1,0.9230769230769231,0.07692307692307693,0.1,0.55,1,4928,12,9,0.1,0.0024291497975708503,0.9957575757575757,6.521701500052586,24,100
0.0024291497975708503,0.1,0.9230769230769231,0.07692307692307693,0.1,0.6,1,4928,12,9,0.1,0.0024291497975708503,0.9957575757575757,6.521701500052586,24,100
0.0024291497975708503,0.1,0.9230769230769231,0.07692307692307693,0.1,0.65,1,4928,12,9,0.1,0.0024291497975708503,0.9957575757575757,6.521701500052586,24,100
0.0024291497975708503,0.1,0.9230769230769231,0.07692307692307693,0.1,0.7,1,4928,12,9,0.1,0.0024291497975708503,0.9957575757575757,6.521701500052586,24,100
0.0024291497975708503,0.1,0.9230769230769231,0.07692307692307693,0.1,0.75,1,4928,12,9,0.1,0.0024291497975708503,0.9957575757575757,6.521701500052586,24,100
0.002631578947368421,0.1,0.9285714285714286,0.07142857142857142,0.1,0.8,1,4927,13,9,0.1,0.002631578947368421,0.9955555555555555,6.521701500052586,24,100
0.0032388663967611335,0.1,0.9411764705882353,0.058823529411764705,0.1,0.85,1,4924,16,9,0.1,0.0032388663967611335,0.9949494949494949,6.521701500052586,24,100
0.004251012145748988,0.1,0.9545454545454546,0.045454545454545456,0.1,0.9,1,4919,21,9,0.1,0.004251012145748988,0.9939393939393939,6.521701500052586,24,100
0.013765182186234818,0.3,0.9577464788732394,0.04225352112676056,0.3,0.95,3,4872,68,7,0.3,0.013765182186234818,0.9848484848484849,6.521701500052586,24,100
0.9967611336032388,1.0,0.9979732468585326,0.002026753141467369,1.0,1.0,10,16,4924,0,1.0,0.9967611336032388,0.0052525252525252525,6.521701500052586,24,100
0.0,0.0,0.0,,0.0,0.05,0,4940,0,10,0.0,0.0,0.997979797979798,6.312674000044353,25,100
0.0,0.0,0.0,,0.0,0.1,0,4940,0,10,0.0,0.0,0.997979797979798,6.312674000044353,25,100
0.0,0.0,0.0,,0.0,0.15,0,4940,0,10,0.0,0.0,0.997979797979798,6.312674000044353,25,100
0.0,0.0,0.0,,0.0,0.2,0,4940,0,10,0.0,0.0,0.997979797979798,6.312674000044353,25,100
0.0,0.0,0.0,,0.0,0.25,0,4940,0,10,0.0,0.0,0.997979797979798,6.312674000044353,25,100
0.0,0.0,0.0,,0.0,0.3,0,4940,0,10,0.0,0.0,0.997979797979798,6.312674000044353,25,100
0.0,0.0,0.0,,0.0,0.35,0,4940,0,10,0.0,0.0,0.997979797979798,6.312674000044353,25,100
0.0,0.0,0.0,,0.0,0.4,0,4940,0,10,0.0,0.0,0.997979797979798,6.312674000044353,25,100
0.0,0.0,0.0,,0.0,0.45,0,4940,0,10,0.0,0.0,0.997979797979798,6.312674000044353,25,100
0.0,0.0,0.0,,0.0,0.5,0,4940,0,10,0.0,0.0,0.997979797979798,6.312674000044353,25,100
0.0,0.0,0.0,,0.0,0.55,0,4940,0,10,0.0,0.0,0.997979797979798,6.312674000044353,25,100
0.0,0.0,0.0,,0.0,0.6,0,4940,0,10,0.0,0.0,0.997979797979798,6.312674000044353,25,100
0.0,0.0,0.0,,0.0,0.65,0,4940,0,10,0.0,0.0,0.997979797979798,6.312674000044353,25,100
0.0,0.0,0.0,,0.0,0.7,0,4940,0,10,0.0,0.0,0.997979797979798,6.312674000044353,25,100
0.006882591093117409,0.2,0.9444444444444444,0.05555555555555555,0.2,0.75,2,4906,34,8,0.2,0.006882591093117409,0.9915151515151515,6.312674000044353,25,100
0.00708502024291498,0.2,0.9459459459459459,0.05405405405405406,0.2,0.8,2,4905,35,8,0.2,0.00708502024291498,0.9913131313131314,6.312674000044353,25,100
0.00708502024291498,0.2,0.9459459459459459,0.05405405405405406,0.2,0.85,2,4905,35,8,0.2,0.00708502024291498,0.9913131313131314,6.312674000044353,25,100
0.00951417004048583,0.2,0.9591836734693877,0.04081632653061224,0.2,0.9,2,4893,47,8,0.2,0.00951417004048583,0.9888888888888889,6.312674000044353,25,100
0.015587044534412956,0.2,0.9746835443037974,0.02531645569620253,0.2,0.95,2,4863,77,8,0.2,0.015587044534412956,0.9828282828282828,6.312674000044353,25,100
0.9989878542510121,1.0,0.9979777553083923,0.0020222446916076846,1.0,1.0,10,5,4935,0,1.0,0.9989878542510121,0.0030303030303030303,6.312674000044353,25,100
0.0,0.0,0.0,,0.0,0.05,0,4940,0,10,0.0,0.0,0.997979797979798,6.405633999966085,26,100
0.0,0.0,0.0,,0.0,0.1,0,4940,0,10,0.0,0.0,0.997979797979798,6.405633999966085,26,100
0.0,0.0,0.0,,0.0,0.15,0,4940,0,10,0.0,0.0,0.997979797979798,6.405633999966085,26,100
0.0,0.0,0.0,,0.0,0.2,0,4940,0,10,0.0,0.0,0.997979797979798,6.405633999966085,26,100
0.0,0.0,0.0,,0.0,0.25,0,4940,0,10,0.0,0.0,0.997979797979798,6.405633999966085,26,100
0.0,0.0,0.0,,0.0,0.3,0,4940,0,10,0.0,0.0,0.997979797979798,6.405633999966085,26,100
0.0,0.0,0.0,,0.0,0.35,0,4940,0,10,0.0,0.0,0.997979797979798,6.405633999966085,26,100
0.0,0.0,0.0,,0.0,0.4,0,4940,0,10,0.0,0.0,0.997979797979798,6.405633999966085,26,100
0.0,0.0,0.0,,0.0,0.45,0,4940,0,10,0.0,0.0,0.997979797979798,6.405633999966085,26,100
0.0,0.0,0.0,,0.0,0.5,0,4940,0,10,0.0,0.0,0.997979797979798,6.405633999966085,26,100
0.0,0.0,0.0,,0.0,0.55,0,4940,0,10,0.0,0.0,0.997979797979798,6.405633999966085,26,100
0.0,0.0,0.0,,0.0,0.6,0,4940,0,10,0.0,0.0,0.997979797979798,6.405633999966085,26,100
0.0,0.0,0.0,,0.0,0.65,0,4940,0,10,0.0,0.0,0.997979797979798,6.405633999966085,26,100
0.0,0.0,0.0,,0.0,0.7,0,4940,0,10,0.0,0.0,0.997979797979798,6.405633999966085,26,100
0.0,0.0,0.0,,0.0,0.75,0,4940,0,10,0.0,0.0,0.997979797979798,6.405633999966085,26,100
0.0010121457489878543,0.0,1.0,0.0,0.0,0.8,0,4935,5,10,0.0,0.0010121457489878543,0.996969696969697,6.405633999966085,26,100
0.0012145748987854252,0.0,1.0,0.0,0.0,0.85,0,4934,6,10,0.0,0.0012145748987854252,0.9967676767676767,6.405633999966085,26,100
0.012145748987854251,0.1,0.9836065573770492,0.01639344262295082,0.1,0.9,1,4880,60,9,0.1,0.012145748987854251,0.9860606060606061,6.405633999966085,26,100
0.2354251012145749,0.7,0.994017094017094,0.005982905982905983,0.7,0.95,7,3777,1163,3,0.7,0.2354251012145749,0.7644444444444445,6.405633999966085,26,100
0.9951417004048583,1.0,0.9979699553390174,0.0020300446609825416,1.0,1.0,10,24,4916,0,1.0,0.9951417004048583,0.006868686868686869,6.405633999966085,26,100
0.0,0.1,0.0,1.0,0.1,0.05,1,4940,0,9,0.1,0.0,0.9981818181818182,6.313405499910004,27,100
0.00020242914979757084,0.1,0.5,0.5,0.1,0.1,1,4939,1,9,0.1,0.00020242914979757084,0.997979797979798,6.313405499910004,27,100
0.00020242914979757084,0.1,0.5,0.5,0.1,0.15,1,4939,1,9,0.1,0.00020242914979757084,0.997979797979798,6.313405499910004,27,100
0.00020242914979757084,0.1,0.5,0.5,0.1,0.2,1,4939,1,9,0.1,0.00020242914979757084,0.997979797979798,6.313405499910004,27,100
0.00020242914979757084,0.1,0.5,0.5,0.1,0.25,1,4939,1,9,0.1,0.00020242914979757084,0.997979797979798,6.313405499910004,27,100
0.0004048582995951417,0.2,0.5,0.5,0.2,0.3,2,4938,2,8,0.2,0.0004048582995951417,0.997979797979798,6.313405499910004,27,100
0.0008097165991902834,0.3,0.5714285714285714,0.42857142857142855,0.3,0.35,3,4936,4,7,0.3,0.0008097165991902834,0.9977777777777778,6.313405499910004,27,100
0.0016194331983805667,0.3,0.7272727272727273,0.2727272727272727,0.3,0.4,3,4932,8,7,0.3,0.0016194331983805667,0.996969696969697,6.313405499910004,27,100
0.0018218623481781376,0.3,0.75,0.25,0.3,0.45,3,4931,9,7,0.3,0.0018218623481781376,0.9967676767676767,6.313405499910004,27,100
0.0020242914979757085,0.3,0.7692307692307693,0.23076923076923078,0.3,0.5,3,4930,10,7,0.3,0.0020242914979757085,0.9965656565656565,6.313405499910004,27,100
0.002226720647773279,0.3,0.7857142857142857,0.21428571428571427,0.3,0.55,3,4929,11,7,0.3,0.002226720647773279,0.9963636363636363,6.313405499910004,27,100
0.0034412955465587046,0.3,0.85,0.15,0.3,0.6,3,4923,17,7,0.3,0.0034412955465587046,0.9951515151515151,6.313405499910004,27,100
0.0038461538461538464,0.3,0.8636363636363636,0.13636363636363635,0.3,0.65,3,4921,19,7,0.3,0.0038461538461538464,0.9947474747474747,6.313405499910004,27,100
0.0038461538461538464,0.3,0.8636363636363636,0.13636363636363635,0.3,0.7,3,4921,19,7,0.3,0.0038461538461538464,0.9947474747474747,6.313405499910004,27,100
0.011336032388663968,0.3,0.9491525423728814,0.05084745762711865,0.3,0.75,3,4884,56,7,0.3,0.011336032388663968,0.9872727272727273,6.313405499910004,27,100
0.015182186234817813,0.3,0.9615384615384616,0.038461538461538464,0.3,0.8,3,4865,75,7,0.3,0.015182186234817813,0.9834343434343434,6.313405499910004,27,100
0.01659919028340081,0.3,0.9647058823529412,0.03529411764705882,0.3,0.85,3,4858,82,7,0.3,0.01659919028340081,0.982020202020202,6.313405499910004,27,100
0.018016194331983804,0.3,0.967391304347826,0.03260869565217391,0.3,0.9,3,4851,89,7,0.3,0.018016194331983804,0.9806060606060606,6.313405499910004,27,100
0.04433198380566802,0.4,0.9820627802690582,0.017937219730941704,0.4,0.95,4,4721,219,6,0.4,0.04433198380566802,0.9545454545454546,6.313405499910004,27,100
0.9951417004048583,1.0,0.9979699553390174,0.0020300446609825416,1.0,1.0,10,24,4916,0,1.0,0.9951417004048583,0.006868686868686869,6.313405499910004,27,100
0.0,0.0,0.0,,0.0,0.05,0,4940,0,10,0.0,0.0,0.997979797979798,6.334866999997757,28,100
0.0,0.0,0.0,,0.0,0.1,0,4940,0,10,0.0,0.0,0.997979797979798,6.334866999997757,28,100
0.0,0.0,0.0,,0.0,0.15,0,4940,0,10,0.0,0.0,0.997979797979798,6.334866999997757,28,100
0.0,0.0,0.0,,0.0,0.2,0,4940,0,10,0.0,0.0,0.997979797979798,6.334866999997757,28,100
0.0,0.0,0.0,,0.0,0.25,0,4940,0,10,0.0,0.0,0.997979797979798,6.334866999997757,28,100
0.0,0.0,0.0,,0.0,0.3,0,4940,0,10,0.0,0.0,0.997979797979798,6.334866999997757,28,100
0.0,0.0,0.0,,0.0,0.35,0,4940,0,10,0.0,0.0,0.997979797979798,6.334866999997757,28,100
0.0,0.0,0.0,,0.0,0.4,0,4940,0,10,0.0,0.0,0.997979797979798,6.334866999997757,28,100
0.0,0.0,0.0,,0.0,0.45,0,4940,0,10,0.0,0.0,0.997979797979798,6.334866999997757,28,100
0.0,0.1,0.0,1.0,0.1,0.5,1,4940,0,9,0.1,0.0,0.9981818181818182,6.334866999997757,28,100
0.0,0.1,0.0,1.0,0.1,0.55,1,4940,0,9,0.1,0.0,0.9981818181818182,6.334866999997757,28,100
0.0012145748987854252,0.1,0.8571428571428571,0.14285714285714285,0.1,0.6,1,4934,6,9,0.1,0.0012145748987854252,0.996969696969697,6.334866999997757,28,100
0.0012145748987854252,0.1,0.8571428571428571,0.14285714285714285,0.1,0.65,1,4934,6,9,0.1,0.0012145748987854252,0.996969696969697,6.334866999997757,28,100
0.0012145748987854252,0.1,0.8571428571428571,0.14285714285714285,0.1,0.7,1,4934,6,9,0.1,0.0012145748987854252,0.996969696969697,6.334866999997757,28,100
0.001417004048582996,0.1,0.875,0.125,0.1,0.75,1,4933,7,9,0.1,0.001417004048582996,0.9967676767676767,6.334866999997757,28,100
0.009716599190283401,0.2,0.96,0.04,0.2,0.8,2,4892,48,8,0.2,0.009716599190283401,0.9886868686868687,6.334866999997757,28,100
0.010931174089068825,0.2,0.9642857142857143,0.03571428571428571,0.2,0.85,2,4886,54,8,0.2,0.010931174089068825,0.9874747474747475,6.334866999997757,28,100
0.013765182186234818,0.2,0.9714285714285714,0.02857142857142857,0.2,0.9,2,4872,68,8,0.2,0.013765182186234818,0.9846464646464647,6.334866999997757,28,100
0.06214574898785425,0.5,0.9839743589743589,0.016025641025641024,0.5,0.95,5,4633,307,5,0.5,0.06214574898785425,0.936969696969697,6.334866999997757,28,100
0.9983805668016195,1.0,0.9979765277215702,0.0020234722784297854,1.0,1.0,10,8,4932,0,1.0,0.9983805668016195,0.0036363636363636364,6.334866999997757,28,100
0.0,0.0,0.0,,0.0,0.05,0,4940,0,10,0.0,0.0,0.997979797979798,6.215931299957447,29,100
0.0004048582995951417,0.0,1.0,0.0,0.0,0.1,0,4938,2,10,0.0,0.0004048582995951417,0.9975757575757576,6.215931299957447,29,100
0.0004048582995951417,0.0,1.0,0.0,0.0,0.15,0,4938,2,10,0.0,0.0004048582995951417,0.9975757575757576,6.215931299957447,29,100
0.0004048582995951417,0.1,0.6666666666666666,0.3333333333333333,0.1,0.2,1,4938,2,9,0.1,0.0004048582995951417,0.9977777777777778,6.215931299957447,29,100
0.0004048582995951417,0.2,0.5,0.5,0.2,0.25,2,4938,2,8,0.2,0.0004048582995951417,0.997979797979798,6.215931299957447,29,100
0.0004048582995951417,0.2,0.5,0.5,0.2,0.3,2,4938,2,8,0.2,0.0004048582995951417,0.997979797979798,6.215931299957447,29,100
0.0004048582995951417,0.2,0.5,0.5,0.2,0.35,2,4938,2,8,0.2,0.0004048582995951417,0.997979797979798,6.215931299957447,29,100
0.0004048582995951417,0.2,0.5,0.5,0.2,0.4,2,4938,2,8,0.2,0.0004048582995951417,0.997979797979798,6.215931299957447,29,100
0.0004048582995951417,0.2,0.5,0.5,0.2,0.45,2,4938,2,8,0.2,0.0004048582995951417,0.997979797979798,6.215931299957447,29,100
0.0004048582995951417,0.2,0.5,0.5,0.2,0.5,2,4938,2,8,0.2,0.0004048582995951417,0.997979797979798,6.215931299957447,29,100
0.0004048582995951417,0.2,0.5,0.5,0.2,0.55,2,4938,2,8,0.2,0.0004048582995951417,0.997979797979798,6.215931299957447,29,100
0.0004048582995951417,0.2,0.5,0.5,0.2,0.6,2,4938,2,8,0.2,0.0004048582995951417,0.997979797979798,6.215931299957447,29,100
0.0004048582995951417,0.2,0.5,0.5,0.2,0.65,2,4938,2,8,0.2,0.0004048582995951417,0.997979797979798,6.215931299957447,29,100
0.0004048582995951417,0.2,0.5,0.5,0.2,0.7,2,4938,2,8,0.2,0.0004048582995951417,0.997979797979798,6.215931299957447,29,100
0.006275303643724696,0.2,0.9393939393939394,0.06060606060606061,0.2,0.75,2,4909,31,8,0.2,0.006275303643724696,0.9921212121212121,6.215931299957447,29,100
0.01194331983805668,0.3,0.9516129032258065,0.04838709677419355,0.3,0.8,3,4881,59,7,0.3,0.01194331983805668,0.9866666666666667,6.215931299957447,29,100
0.0680161943319838,0.6,0.9824561403508771,0.017543859649122806,0.6,0.85,6,4604,336,4,0.6,0.0680161943319838,0.9313131313131313,6.215931299957447,29,100
0.1319838056680162,0.7,0.9893778452200304,0.010622154779969651,0.7,0.9,7,4288,652,3,0.7,0.1319838056680162,0.8676767676767677,6.215931299957447,29,100
0.4680161943319838,0.8,0.996551724137931,0.0034482758620689655,0.8,0.95,8,2628,2312,2,0.8,0.4680161943319838,0.5325252525252525,6.215931299957447,29,100
0.9989878542510121,1.0,0.9979777553083923,0.0020222446916076846,1.0,1.0,10,5,4935,0,1.0,0.9989878542510121,0.0030303030303030303,6.215931299957447,29,100
0.0,0.0,0.0,,0.0,0.05,0,4940,0,10,0.0,0.0,0.997979797979798,6.395960900001228,30,100
0.0,0.0,0.0,,0.0,0.1,0,4940,0,10,0.0,0.0,0.997979797979798,6.395960900001228,30,100
0.0,0.0,0.0,,0.0,0.15,0,4940,0,10,0.0,0.0,0.997979797979798,6.395960900001228,30,100
0.0,0.0,0.0,,0.0,0.2,0,4940,0,10,0.0,0.0,0.997979797979798,6.395960900001228,30,100
0.0,0.0,0.0,,0.0,0.25,0,4940,0,10,0.0,0.0,0.997979797979798,6.395960900001228,30,100
0.0,0.0,0.0,,0.0,0.3,0,4940,0,10,0.0,0.0,0.997979797979798,6.395960900001228,30,100
0.0,0.0,0.0,,0.0,0.35,0,4940,0,10,0.0,0.0,0.997979797979798,6.395960900001228,30,100
0.0,0.0,0.0,,0.0,0.4,0,4940,0,10,0.0,0.0,0.997979797979798,6.395960900001228,30,100
0.0,0.0,0.0,,0.0,0.45,0,4940,0,10,0.0,0.0,0.997979797979798,6.395960900001228,30,100
0.0,0.0,0.0,,0.0,0.5,0,4940,0,10,0.0,0.0,0.997979797979798,6.395960900001228,30,100
0.0,0.0,0.0,,0.0,0.55,0,4940,0,10,0.0,0.0,0.997979797979798,6.395960900001228,30,100
0.0,0.0,0.0,,0.0,0.6,0,4940,0,10,0.0,0.0,0.997979797979798,6.395960900001228,30,100
0.0,0.0,0.0,,0.0,0.65,0,4940,0,10,0.0,0.0,0.997979797979798,6.395960900001228,30,100
0.0,0.0,0.0,,0.0,0.7,0,4940,0,10,0.0,0.0,0.997979797979798,6.395960900001228,30,100
0.0,0.0,0.0,,0.0,0.75,0,4940,0,10,0.0,0.0,0.997979797979798,6.395960900001228,30,100
0.0,0.0,0.0,,0.0,0.8,0,4940,0,10,0.0,0.0,0.997979797979798,6.395960900001228,30,100
0.0,0.0,0.0,,0.0,0.85,0,4940,0,10,0.0,0.0,0.997979797979798,6.395960900001228,30,100
0.0,0.0,0.0,,0.0,0.9,0,4940,0,10,0.0,0.0,0.997979797979798,6.395960900001228,30,100
0.046761133603238865,0.3,0.9871794871794872,0.01282051282051282,0.3,0.95,3,4709,231,7,0.3,0.046761133603238865,0.9519191919191919,6.395960900001228,30,100
0.9178137651821863,1.0,0.9977992957746479,0.0022007042253521128,1.0,1.0,10,406,4534,0,1.0,0.9178137651821863,0.08404040404040404,6.395960900001228,30,100
0.0,0.1,0.0,1.0,0.1,0.05,1,4940,0,9,0.1,0.0,0.9981818181818182,6.263327199965715,31,100
0.0,0.1,0.0,1.0,0.1,0.1,1,4940,0,9,0.1,0.0,0.9981818181818182,6.263327199965715,31,100
0.0,0.1,0.0,1.0,0.1,0.15,1,4940,0,9,0.1,0.0,0.9981818181818182,6.263327199965715,31,100
0.0,0.2,0.0,1.0,0.2,0.2,2,4940,0,8,0.2,0.0,0.9983838383838384,6.263327199965715,31,100
0.0,0.2,0.0,1.0,0.2,0.25,2,4940,0,8,0.2,0.0,0.9983838383838384,6.263327199965715,31,100
0.0,0.2,0.0,1.0,0.2,0.3,2,4940,0,8,0.2,0.0,0.9983838383838384,6.263327199965715,31,100
0.0,0.2,0.0,1.0,0.2,0.35,2,4940,0,8,0.2,0.0,0.9983838383838384,6.263327199965715,31,100
0.0,0.2,0.0,1.0,0.2,0.4,2,4940,0,8,0.2,0.0,0.9983838383838384,6.263327199965715,31,100
0.0016194331983805667,0.2,0.8,0.2,0.2,0.45,2,4932,8,8,0.2,0.0016194331983805667,0.9967676767676767,6.263327199965715,31,100
0.0016194331983805667,0.2,0.8,0.2,0.2,0.5,2,4932,8,8,0.2,0.0016194331983805667,0.9967676767676767,6.263327199965715,31,100
0.0016194331983805667,0.2,0.8,0.2,0.2,0.55,2,4932,8,8,0.2,0.0016194331983805667,0.9967676767676767,6.263327199965715,31,100
0.0018218623481781376,0.2,0.8181818181818182,0.18181818181818182,0.2,0.6,2,4931,9,8,0.2,0.0018218623481781376,0.9965656565656565,6.263327199965715,31,100
0.0018218623481781376,0.2,0.8181818181818182,0.18181818181818182,0.2,0.65,2,4931,9,8,0.2,0.0018218623481781376,0.9965656565656565,6.263327199965715,31,100
0.009109311740890687,0.3,0.9375,0.0625,0.3,0.7,3,4895,45,7,0.3,0.009109311740890687,0.9894949494949495,6.263327199965715,31,100
0.018421052631578946,0.5,0.9479166666666666,0.052083333333333336,0.5,0.75,5,4849,91,5,0.5,0.018421052631578946,0.9806060606060606,6.263327199965715,31,100
0.035222672064777326,0.5,0.9720670391061452,0.027932960893854747,0.5,0.8,5,4766,174,5,0.5,0.035222672064777326,0.9638383838383838,6.263327199965715,31,100
0.04149797570850203,0.5,0.9761904761904762,0.023809523809523808,0.5,0.85,5,4735,205,5,0.5,0.04149797570850203,0.9575757575757575,6.263327199965715,31,100
0.1402834008097166,0.7,0.99,0.01,0.7,0.9,7,4247,693,3,0.7,0.1402834008097166,0.8593939393939394,6.263327199965715,31,100
0.34433198380566804,0.7,0.9959016393442623,0.004098360655737705,0.7,0.95,7,3239,1701,3,0.7,0.34433198380566804,0.6557575757575758,6.263327199965715,31,100
0.9742914979757085,1.0,0.9979266017001867,0.0020733982998133943,1.0,1.0,10,127,4813,0,1.0,0.9742914979757085,0.027676767676767678,6.263327199965715,31,100
0.0,0.0,0.0,,0.0,0.05,0,4940,0,10,0.0,0.0,0.997979797979798,6.457395599922165,32,100
0.0,0.0,0.0,,0.0,0.1,0,4940,0,10,0.0,0.0,0.997979797979798,6.457395599922165,32,100
0.0,0.0,0.0,,0.0,0.15,0,4940,0,10,0.0,0.0,0.997979797979798,6.457395599922165,32,100
0.0,0.0,0.0,,0.0,0.2,0,4940,0,10,0.0,0.0,0.997979797979798,6.457395599922165,32,100
0.0,0.0,0.0,,0.0,0.25,0,4940,0,10,0.0,0.0,0.997979797979798,6.457395599922165,32,100
0.0,0.0,0.0,,0.0,0.3,0,4940,0,10,0.0,0.0,0.997979797979798,6.457395599922165,32,100
0.0,0.0,0.0,,0.0,0.35,0,4940,0,10,0.0,0.0,0.997979797979798,6.457395599922165,32,100
0.0,0.0,0.0,,0.0,0.4,0,4940,0,10,0.0,0.0,0.997979797979798,6.457395599922165,32,100
0.0,0.0,0.0,,0.0,0.45,0,4940,0,10,0.0,0.0,0.997979797979798,6.457395599922165,32,100
0.0,0.0,0.0,,0.0,0.5,0,4940,0,10,0.0,0.0,0.997979797979798,6.457395599922165,32,100
0.0,0.0,0.0,,0.0,0.55,0,4940,0,10,0.0,0.0,0.997979797979798,6.457395599922165,32,100
0.0020242914979757085,0.0,1.0,0.0,0.0,0.6,0,4930,10,10,0.0,0.0020242914979757085,0.9959595959595959,6.457395599922165,32,100
0.002226720647773279,0.0,1.0,0.0,0.0,0.65,0,4929,11,10,0.0,0.002226720647773279,0.9957575757575757,6.457395599922165,32,100
0.002226720647773279,0.0,1.0,0.0,0.0,0.7,0,4929,11,10,0.0,0.002226720647773279,0.9957575757575757,6.457395599922165,32,100
0.002226720647773279,0.0,1.0,0.0,0.0,0.75,0,4929,11,10,0.0,0.002226720647773279,0.9957575757575757,6.457395599922165,32,100
0.0024291497975708503,0.0,1.0,0.0,0.0,0.8,0,4928,12,10,0.0,0.0024291497975708503,0.9955555555555555,6.457395599922165,32,100
0.002631578947368421,0.0,1.0,0.0,0.0,0.85,0,4927,13,10,0.0,0.002631578947368421,0.9953535353535353,6.457395599922165,32,100
0.003036437246963563,0.0,1.0,0.0,0.0,0.9,0,4925,15,10,0.0,0.003036437246963563,0.9949494949494949,6.457395599922165,32,100
0.004048582995951417,0.0,1.0,0.0,0.0,0.95,0,4920,20,10,0.0,0.004048582995951417,0.9939393939393939,6.457395599922165,32,100
0.998582995951417,1.0,0.9979769370827433,0.0020230629172567267,1.0,1.0,10,7,4933,0,1.0,0.998582995951417,0.0034343434343434343,6.457395599922165,32,100
0.0,0.1,0.0,1.0,0.1,0.05,1,4940,0,9,0.1,0.0,0.9981818181818182,6.4751315000467,33,100
0.0,0.1,0.0,1.0,0.1,0.1,1,4940,0,9,0.1,0.0,0.9981818181818182,6.4751315000467,33,100
0.0,0.1,0.0,1.0,0.1,0.15,1,4940,0,9,0.1,0.0,0.9981818181818182,6.4751315000467,33,100
0.0,0.1,0.0,1.0,0.1,0.2,1,4940,0,9,0.1,0.0,0.9981818181818182,6.4751315000467,33,100
0.0,0.1,0.0,1.0,0.1,0.25,1,4940,0,9,0.1,0.0,0.9981818181818182,6.4751315000467,33,100
0.0,0.1,0.0,1.0,0.1,0.3,1,4940,0,9,0.1,0.0,0.9981818181818182,6.4751315000467,33,100
0.0020242914979757085,0.1,0.9090909090909091,0.09090909090909091,0.1,0.35,1,4930,10,9,0.1,0.0020242914979757085,0.9961616161616161,6.4751315000467,33,100
0.0020242914979757085,0.1,0.9090909090909091,0.09090909090909091,0.1,0.4,1,4930,10,9,0.1,0.0020242914979757085,0.9961616161616161,6.4751315000467,33,100
0.0020242914979757085,0.1,0.9090909090909091,0.09090909090909091,0.1,0.45,1,4930,10,9,0.1,0.0020242914979757085,0.9961616161616161,6.4751315000467,33,100
0.0020242914979757085,0.1,0.9090909090909091,0.09090909090909091,0.1,0.5,1,4930,10,9,0.1,0.0020242914979757085,0.9961616161616161,6.4751315000467,33,100
0.0024291497975708503,0.1,0.9230769230769231,0.07692307692307693,0.1,0.55,1,4928,12,9,0.1,0.0024291497975708503,0.9957575757575757,6.4751315000467,33,100
0.002631578947368421,0.1,0.9285714285714286,0.07142857142857142,0.1,0.6,1,4927,13,9,0.1,0.002631578947368421,0.9955555555555555,6.4751315000467,33,100
0.002631578947368421,0.1,0.9285714285714286,0.07142857142857142,0.1,0.65,1,4927,13,9,0.1,0.002631578947368421,0.9955555555555555,6.4751315000467,33,100
0.002834008097165992,0.1,0.9333333333333333,0.06666666666666667,0.1,0.7,1,4926,14,9,0.1,0.002834008097165992,0.9953535353535353,6.4751315000467,33,100
0.002834008097165992,0.1,0.9333333333333333,0.06666666666666667,0.1,0.75,1,4926,14,9,0.1,0.002834008097165992,0.9953535353535353,6.4751315000467,33,100
0.003036437246963563,0.1,0.9375,0.0625,0.1,0.8,1,4925,15,9,0.1,0.003036437246963563,0.9951515151515151,6.4751315000467,33,100
0.003036437246963563,0.1,0.9375,0.0625,0.1,0.85,1,4925,15,9,0.1,0.003036437246963563,0.9951515151515151,6.4751315000467,33,100
0.0034412955465587046,0.1,0.9444444444444444,0.05555555555555555,0.1,0.9,1,4923,17,9,0.1,0.0034412955465587046,0.9947474747474747,6.4751315000467,33,100
0.008097165991902834,0.2,0.9523809523809523,0.047619047619047616,0.2,0.95,2,4900,40,8,0.2,0.008097165991902834,0.9903030303030304,6.4751315000467,33,100
0.9951417004048583,1.0,0.9979699553390174,0.0020300446609825416,1.0,1.0,10,24,4916,0,1.0,0.9951417004048583,0.006868686868686869,6.4751315000467,33,100
0.0,0.1,0.0,1.0,0.1,0.05,1,4940,0,9,0.1,0.0,0.9981818181818182,6.174093800014816,34,100
0.0,0.1,0.0,1.0,0.1,0.1,1,4940,0,9,0.1,0.0,0.9981818181818182,6.174093800014816,34,100
0.0,0.1,0.0,1.0,0.1,0.15,1,4940,0,9,0.1,0.0,0.9981818181818182,6.174093800014816,34,100
0.0,0.1,0.0,1.0,0.1,0.2,1,4940,0,9,0.1,0.0,0.9981818181818182,6.174093800014816,34,100
0.0,0.1,0.0,1.0,0.1,0.25,1,4940,0,9,0.1,0.0,0.9981818181818182,6.174093800014816,34,100
0.0,0.1,0.0,1.0,0.1,0.3,1,4940,0,9,0.1,0.0,0.9981818181818182,6.174093800014816,34,100
0.0,0.1,0.0,1.0,0.1,0.35,1,4940,0,9,0.1,0.0,0.9981818181818182,6.174093800014816,34,100
0.0,0.1,0.0,1.0,0.1,0.4,1,4940,0,9,0.1,0.0,0.9981818181818182,6.174093800014816,34,100
0.0,0.1,0.0,1.0,0.1,0.45,1,4940,0,9,0.1,0.0,0.9981818181818182,6.174093800014816,34,100
0.0,0.1,0.0,1.0,0.1,0.5,1,4940,0,9,0.1,0.0,0.9981818181818182,6.174093800014816,34,100
0.0,0.1,0.0,1.0,0.1,0.55,1,4940,0,9,0.1,0.0,0.9981818181818182,6.174093800014816,34,100
0.0,0.1,0.0,1.0,0.1,0.6,1,4940,0,9,0.1,0.0,0.9981818181818182,6.174093800014816,34,100
0.00020242914979757084,0.2,0.3333333333333333,0.6666666666666666,0.2,0.65,2,4939,1,8,0.2,0.00020242914979757084,0.9981818181818182,6.174093800014816,34,100
0.00020242914979757084,0.2,0.3333333333333333,0.6666666666666666,0.2,0.7,2,4939,1,8,0.2,0.00020242914979757084,0.9981818181818182,6.174093800014816,34,100
0.00020242914979757084,0.2,0.3333333333333333,0.6666666666666666,0.2,0.75,2,4939,1,8,0.2,0.00020242914979757084,0.9981818181818182,6.174093800014816,34,100
0.00020242914979757084,0.2,0.3333333333333333,0.6666666666666666,0.2,0.8,2,4939,1,8,0.2,0.00020242914979757084,0.9981818181818182,6.174093800014816,34,100
0.00020242914979757084,0.2,0.3333333333333333,0.6666666666666666,0.2,0.85,2,4939,1,8,0.2,0.00020242914979757084,0.9981818181818182,6.174093800014816,34,100
0.09291497975708501,0.5,0.9892241379310345,0.010775862068965518,0.5,0.9,5,4481,459,5,0.5,0.09291497975708501,0.9062626262626262,6.174093800014816,34,100
0.22388663967611336,0.6,0.9946043165467626,0.00539568345323741,0.6,0.95,6,3834,1106,4,0.6,0.22388663967611336,0.7757575757575758,6.174093800014816,34,100
0.9989878542510121,1.0,0.9979777553083923,0.0020222446916076846,1.0,1.0,10,5,4935,0,1.0,0.9989878542510121,0.0030303030303030303,6.174093800014816,34,100
0.0004048582995951417,0.2,0.5,0.5,0.2,0.05,2,4938,2,8,0.2,0.0004048582995951417,0.997979797979798,6.3194285000208765,35,100
0.0004048582995951417,0.2,0.5,0.5,0.2,0.1,2,4938,2,8,0.2,0.0004048582995951417,0.997979797979798,6.3194285000208765,35,100
0.0008097165991902834,0.2,0.6666666666666666,0.3333333333333333,0.2,0.15,2,4936,4,8,0.2,0.0008097165991902834,0.9975757575757576,6.3194285000208765,35,100
0.0010121457489878543,0.2,0.7142857142857143,0.2857142857142857,0.2,0.2,2,4935,5,8,0.2,0.0010121457489878543,0.9973737373737374,6.3194285000208765,35,100
0.0016194331983805667,0.3,0.7272727272727273,0.2727272727272727,0.3,0.25,3,4932,8,7,0.3,0.0016194331983805667,0.996969696969697,6.3194285000208765,35,100
0.004048582995951417,0.3,0.8695652173913043,0.13043478260869565,0.3,0.3,3,4920,20,7,0.3,0.004048582995951417,0.9945454545454545,6.3194285000208765,35,100
0.004251012145748988,0.3,0.875,0.125,0.3,0.35,3,4919,21,7,0.3,0.004251012145748988,0.9943434343434343,6.3194285000208765,35,100
0.004453441295546558,0.3,0.88,0.12,0.3,0.4,3,4918,22,7,0.3,0.004453441295546558,0.9941414141414141,6.3194285000208765,35,100
0.004453441295546558,0.3,0.88,0.12,0.3,0.45,3,4918,22,7,0.3,0.004453441295546558,0.9941414141414141,6.3194285000208765,35,100
0.0066801619433198385,0.3,0.9166666666666666,0.08333333333333333,0.3,0.5,3,4907,33,7,0.3,0.0066801619433198385,0.9919191919191919,6.3194285000208765,35,100
0.00708502024291498,0.3,0.9210526315789473,0.07894736842105263,0.3,0.55,3,4905,35,7,0.3,0.00708502024291498,0.9915151515151515,6.3194285000208765,35,100
0.0072874493927125505,0.3,0.9230769230769231,0.07692307692307693,0.3,0.6,3,4904,36,7,0.3,0.0072874493927125505,0.9913131313131314,6.3194285000208765,35,100
0.013157894736842105,0.3,0.9558823529411765,0.04411764705882353,0.3,0.65,3,4875,65,7,0.3,0.013157894736842105,0.9854545454545455,6.3194285000208765,35,100
0.015182186234817813,0.3,0.9615384615384616,0.038461538461538464,0.3,0.7,3,4865,75,7,0.3,0.015182186234817813,0.9834343434343434,6.3194285000208765,35,100
0.017611336032388663,0.4,0.9560439560439561,0.04395604395604396,0.4,0.75,4,4853,87,6,0.4,0.017611336032388663,0.9812121212121212,6.3194285000208765,35,100
0.027530364372469637,0.4,0.9714285714285714,0.02857142857142857,0.4,0.8,4,4804,136,6,0.4,0.027530364372469637,0.9713131313131314,6.3194285000208765,35,100
0.04817813765182186,0.4,0.9834710743801653,0.01652892561983471,0.4,0.85,4,4702,238,6,0.4,0.04817813765182186,0.9507070707070707,6.3194285000208765,35,100
0.07489878542510121,0.6,0.9840425531914894,0.015957446808510637,0.6,0.9,6,4570,370,4,0.6,0.07489878542510121,0.9244444444444444,6.3194285000208765,35,100
0.12793522267206478,0.6,0.9905956112852664,0.009404388714733543,0.6,0.95,6,4308,632,4,0.6,0.12793522267206478,0.8715151515151515,6.3194285000208765,35,100
0.9914979757085021,1.0,0.9979625101874491,0.002037489812550937,1.0,1.0,10,42,4898,0,1.0,0.9914979757085021,0.010505050505050505,6.3194285000208765,35,100
0.0,0.0,0.0,,0.0,0.05,0,4940,0,10,0.0,0.0,0.997979797979798,6.35021369997412,36,100
0.0,0.0,0.0,,0.0,0.1,0,4940,0,10,0.0,0.0,0.997979797979798,6.35021369997412,36,100
0.0,0.0,0.0,,0.0,0.15,0,4940,0,10,0.0,0.0,0.997979797979798,6.35021369997412,36,100
0.0,0.0,0.0,,0.0,0.2,0,4940,0,10,0.0,0.0,0.997979797979798,6.35021369997412,36,100
0.0,0.1,0.0,1.0,0.1,0.25,1,4940,0,9,0.1,0.0,0.9981818181818182,6.35021369997412,36,100
0.0,0.1,0.0,1.0,0.1,0.3,1,4940,0,9,0.1,0.0,0.9981818181818182,6.35021369997412,36,100
0.0,0.1,0.0,1.0,0.1,0.35,1,4940,0,9,0.1,0.0,0.9981818181818182,6.35021369997412,36,100
0.0,0.1,0.0,1.0,0.1,0.4,1,4940,0,9,0.1,0.0,0.9981818181818182,6.35021369997412,36,100
0.0,0.1,0.0,1.0,0.1,0.45,1,4940,0,9,0.1,0.0,0.9981818181818182,6.35021369997412,36,100
0.0,0.1,0.0,1.0,0.1,0.5,1,4940,0,9,0.1,0.0,0.9981818181818182,6.35021369997412,36,100
0.0,0.1,0.0,1.0,0.1,0.55,1,4940,0,9,0.1,0.0,0.9981818181818182,6.35021369997412,36,100
0.0,0.1,0.0,1.0,0.1,0.6,1,4940,0,9,0.1,0.0,0.9981818181818182,6.35021369997412,36,100
0.0,0.1,0.0,1.0,0.1,0.65,1,4940,0,9,0.1,0.0,0.9981818181818182,6.35021369997412,36,100
0.0,0.1,0.0,1.0,0.1,0.7,1,4940,0,9,0.1,0.0,0.9981818181818182,6.35021369997412,36,100
0.003036437246963563,0.2,0.8823529411764706,0.11764705882352941,0.2,0.75,2,4925,15,8,0.2,0.003036437246963563,0.9953535353535353,6.35021369997412,36,100
0.006072874493927126,0.2,0.9375,0.0625,0.2,0.8,2,4910,30,8,0.2,0.006072874493927126,0.9923232323232323,6.35021369997412,36,100
0.008097165991902834,0.2,0.9523809523809523,0.047619047619047616,0.2,0.85,2,4900,40,8,0.2,0.008097165991902834,0.9903030303030304,6.35021369997412,36,100
0.008299595141700405,0.2,0.9534883720930233,0.046511627906976744,0.2,0.9,2,4899,41,8,0.2,0.008299595141700405,0.9901010101010101,6.35021369997412,36,100
0.00931174089068826,0.3,0.9387755102040817,0.061224489795918366,0.3,0.95,3,4894,46,7,0.3,0.00931174089068826,0.9892929292929293,6.35021369997412,36,100
0.9949392712550608,1.0,0.9979695431472081,0.0020304568527918783,1.0,1.0,10,25,4915,0,1.0,0.9949392712550608,0.007070707070707071,6.35021369997412,36,100
0.0,0.0,0.0,,0.0,0.05,0,4940,0,10,0.0,0.0,0.997979797979798,6.309927799971774,37,100
0.0,0.0,0.0,,0.0,0.1,0,4940,0,10,0.0,0.0,0.997979797979798,6.309927799971774,37,100
0.0,0.0,0.0,,0.0,0.15,0,4940,0,10,0.0,0.0,0.997979797979798,6.309927799971774,37,100
0.00020242914979757084,0.0,1.0,0.0,0.0,0.2,0,4939,1,10,0.0,0.00020242914979757084,0.9977777777777778,6.309927799971774,37,100
0.00020242914979757084,0.0,1.0,0.0,0.0,0.25,0,4939,1,10,0.0,0.00020242914979757084,0.9977777777777778,6.309927799971774,37,100
0.00020242914979757084,0.0,1.0,0.0,0.0,0.3,0,4939,1,10,0.0,0.00020242914979757084,0.9977777777777778,6.309927799971774,37,100
0.00020242914979757084,0.0,1.0,0.0,0.0,0.35,0,4939,1,10,0.0,0.00020242914979757084,0.9977777777777778,6.309927799971774,37,100
0.0004048582995951417,0.0,1.0,0.0,0.0,0.4,0,4938,2,10,0.0,0.0004048582995951417,0.9975757575757576,6.309927799971774,37,100
0.002226720647773279,0.0,1.0,0.0,0.0,0.45,0,4929,11,10,0.0,0.002226720647773279,0.9957575757575757,6.309927799971774,37,100
0.0024291497975708503,0.0,1.0,0.0,0.0,0.5,0,4928,12,10,0.0,0.0024291497975708503,0.9955555555555555,6.309927799971774,37,100
0.0038461538461538464,0.0,1.0,0.0,0.0,0.55,0,4921,19,10,0.0,0.0038461538461538464,0.9941414141414141,6.309927799971774,37,100
0.0038461538461538464,0.0,1.0,0.0,0.0,0.6,0,4921,19,10,0.0,0.0038461538461538464,0.9941414141414141,6.309927799971774,37,100
0.0038461538461538464,0.0,1.0,0.0,0.0,0.65,0,4921,19,10,0.0,0.0038461538461538464,0.9941414141414141,6.309927799971774,37,100
0.010121457489878543,0.0,1.0,0.0,0.0,0.7,0,4890,50,10,0.0,0.010121457489878543,0.9878787878787879,6.309927799971774,37,100
0.010728744939271255,0.0,1.0,0.0,0.0,0.75,0,4887,53,10,0.0,0.010728744939271255,0.9872727272727273,6.309927799971774,37,100
0.022672064777327937,0.1,0.9911504424778761,0.008849557522123894,0.1,0.8,1,4828,112,9,0.1,0.022672064777327937,0.9755555555555555,6.309927799971774,37,100
0.03319838056680162,0.1,0.9939393939393939,0.006060606060606061,0.1,0.85,1,4776,164,9,0.1,0.03319838056680162,0.965050505050505,6.309927799971774,37,100
0.12894736842105264,0.5,0.9922118380062306,0.00778816199376947,0.5,0.9,5,4303,637,5,0.5,0.12894736842105264,0.8703030303030304,6.309927799971774,37,100
0.49230769230769234,0.9,0.9963129864809505,0.0036870135190495697,0.9,0.95,9,2508,2432,1,0.9,0.49230769230769234,0.5084848484848485,6.309927799971774,37,100
0.9902834008097166,1.0,0.9979600163198694,0.002039983680130559,1.0,1.0,10,48,4892,0,1.0,0.9902834008097166,0.011717171717171718,6.309927799971774,37,100
0.0,0.0,0.0,,0.0,0.05,0,4940,0,10,0.0,0.0,0.997979797979798,6.2391985999420285,38,100
0.0,0.0,0.0,,0.0,0.1,0,4940,0,10,0.0,0.0,0.997979797979798,6.2391985999420285,38,100
0.0,0.0,0.0,,0.0,0.15,0,4940,0,10,0.0,0.0,0.997979797979798,6.2391985999420285,38,100
0.0,0.0,0.0,,0.0,0.2,0,4940,0,10,0.0,0.0,0.997979797979798,6.2391985999420285,38,100
0.0,0.0,0.0,,0.0,0.25,0,4940,0,10,0.0,0.0,0.997979797979798,6.2391985999420285,38,100
0.0,0.0,0.0,,0.0,0.3,0,4940,0,10,0.0,0.0,0.997979797979798,6.2391985999420285,38,100
0.0,0.0,0.0,,0.0,0.35,0,4940,0,10,0.0,0.0,0.997979797979798,6.2391985999420285,38,100
0.0,0.0,0.0,,0.0,0.4,0,4940,0,10,0.0,0.0,0.997979797979798,6.2391985999420285,38,100
0.0,0.0,0.0,,0.0,0.45,0,4940,0,10,0.0,0.0,0.997979797979798,6.2391985999420285,38,100
0.0,0.0,0.0,,0.0,0.5,0,4940,0,10,0.0,0.0,0.997979797979798,6.2391985999420285,38,100
0.0,0.0,0.0,,0.0,0.55,0,4940,0,10,0.0,0.0,0.997979797979798,6.2391985999420285,38,100
0.0,0.0,0.0,,0.0,0.6,0,4940,0,10,0.0,0.0,0.997979797979798,6.2391985999420285,38,100
0.0,0.0,0.0,,0.0,0.65,0,4940,0,10,0.0,0.0,0.997979797979798,6.2391985999420285,38,100
0.0006072874493927126,0.0,1.0,0.0,0.0,0.7,0,4937,3,10,0.0,0.0006072874493927126,0.9973737373737374,6.2391985999420285,38,100
0.0006072874493927126,0.0,1.0,0.0,0.0,0.75,0,4937,3,10,0.0,0.0006072874493927126,0.9973737373737374,6.2391985999420285,38,100
0.0006072874493927126,0.0,1.0,0.0,0.0,0.8,0,4937,3,10,0.0,0.0006072874493927126,0.9973737373737374,6.2391985999420285,38,100
0.0066801619433198385,0.1,0.9705882352941176,0.029411764705882353,0.1,0.85,1,4907,33,9,0.1,0.0066801619433198385,0.9915151515151515,6.2391985999420285,38,100
0.11700404858299596,0.2,0.996551724137931,0.0034482758620689655,0.2,0.9,2,4362,578,8,0.2,0.11700404858299596,0.8816161616161616,6.2391985999420285,38,100
0.2779352226720648,0.5,0.9963715529753265,0.00362844702467344,0.5,0.95,5,3567,1373,5,0.5,0.2779352226720648,0.7216161616161616,6.2391985999420285,38,100
0.9987854251012146,1.0,0.9979773462783171,0.0020226537216828477,1.0,1.0,10,6,4934,0,1.0,0.9987854251012146,0.0032323232323232323,6.2391985999420285,38,100
0.0,0.0,0.0,,0.0,0.05,0,4940,0,10,0.0,0.0,0.997979797979798,6.382323099998757,39,100
0.0,0.0,0.0,,0.0,0.1,0,4940,0,10,0.0,0.0,0.997979797979798,6.382323099998757,39,100
0.0,0.0,0.0,,0.0,0.15,0,4940,0,10,0.0,0.0,0.997979797979798,6.382323099998757,39,100
0.0,0.0,0.0,,0.0,0.2,0,4940,0,10,0.0,0.0,0.997979797979798,6.382323099998757,39,100
0.0,0.0,0.0,,0.0,0.25,0,4940,0,10,0.0,0.0,0.997979797979798,6.382323099998757,39,100
0.0,0.0,0.0,,0.0,0.3,0,4940,0,10,0.0,0.0,0.997979797979798,6.382323099998757,39,100
0.0,0.0,0.0,,0.0,0.35,0,4940,0,10,0.0,0.0,0.997979797979798,6.382323099998757,39,100
0.0006072874493927126,0.0,1.0,0.0,0.0,0.4,0,4937,3,10,0.0,0.0006072874493927126,0.9973737373737374,6.382323099998757,39,100
0.0010121457489878543,0.0,1.0,0.0,0.0,0.45,0,4935,5,10,0.0,0.0010121457489878543,0.996969696969697,6.382323099998757,39,100
0.0010121457489878543,0.0,1.0,0.0,0.0,0.5,0,4935,5,10,0.0,0.0010121457489878543,0.996969696969697,6.382323099998757,39,100
0.0010121457489878543,0.0,1.0,0.0,0.0,0.55,0,4935,5,10,0.0,0.0010121457489878543,0.996969696969697,6.382323099998757,39,100
0.0010121457489878543,0.0,1.0,0.0,0.0,0.6,0,4935,5,10,0.0,0.0010121457489878543,0.996969696969697,6.382323099998757,39,100
0.0010121457489878543,0.0,1.0,0.0,0.0,0.65,0,4935,5,10,0.0,0.0010121457489878543,0.996969696969697,6.382323099998757,39,100
0.0010121457489878543,0.1,0.8333333333333334,0.16666666666666666,0.1,0.7,1,4935,5,9,0.1,0.0010121457489878543,0.9971717171717172,6.382323099998757,39,100
0.0010121457489878543,0.1,0.8333333333333334,0.16666666666666666,0.1,0.75,1,4935,5,9,0.1,0.0010121457489878543,0.9971717171717172,6.382323099998757,39,100
0.0010121457489878543,0.1,0.8333333333333334,0.16666666666666666,0.1,0.8,1,4935,5,9,0.1,0.0010121457489878543,0.9971717171717172,6.382323099998757,39,100
0.0010121457489878543,0.1,0.8333333333333334,0.16666666666666666,0.1,0.85,1,4935,5,9,0.1,0.0010121457489878543,0.9971717171717172,6.382323099998757,39,100
0.0010121457489878543,0.1,0.8333333333333334,0.16666666666666666,0.1,0.9,1,4935,5,9,0.1,0.0010121457489878543,0.9971717171717172,6.382323099998757,39,100
0.012753036437246963,0.1,0.984375,0.015625,0.1,0.95,1,4877,63,9,0.1,0.012753036437246963,0.9854545454545455,6.382323099998757,39,100
0.990080971659919,1.0,0.997959600081616,0.0020403999183840034,1.0,1.0,10,49,4891,0,1.0,0.990080971659919,0.01191919191919192,6.382323099998757,39,100
0.0,0.0,0.0,,0.0,0.05,0,4940,0,10,0.0,0.0,0.997979797979798,6.317148100002669,40,100
0.0,0.0,0.0,,0.0,0.1,0,4940,0,10,0.0,0.0,0.997979797979798,6.317148100002669,40,100
0.0,0.0,0.0,,0.0,0.15,0,4940,0,10,0.0,0.0,0.997979797979798,6.317148100002669,40,100
0.0,0.0,0.0,,0.0,0.2,0,4940,0,10,0.0,0.0,0.997979797979798,6.317148100002669,40,100
0.0,0.0,0.0,,0.0,0.25,0,4940,0,10,0.0,0.0,0.997979797979798,6.317148100002669,40,100
0.0,0.0,0.0,,0.0,0.3,0,4940,0,10,0.0,0.0,0.997979797979798,6.317148100002669,40,100
0.0,0.0,0.0,,0.0,0.35,0,4940,0,10,0.0,0.0,0.997979797979798,6.317148100002669,40,100
0.0,0.0,0.0,,0.0,0.4,0,4940,0,10,0.0,0.0,0.997979797979798,6.317148100002669,40,100
0.0,0.0,0.0,,0.0,0.45,0,4940,0,10,0.0,0.0,0.997979797979798,6.317148100002669,40,100
0.0,0.0,0.0,,0.0,0.5,0,4940,0,10,0.0,0.0,0.997979797979798,6.317148100002669,40,100
0.0,0.0,0.0,,0.0,0.55,0,4940,0,10,0.0,0.0,0.997979797979798,6.317148100002669,40,100
0.0,0.0,0.0,,0.0,0.6,0,4940,0,10,0.0,0.0,0.997979797979798,6.317148100002669,40,100
0.0,0.0,0.0,,0.0,0.65,0,4940,0,10,0.0,0.0,0.997979797979798,6.317148100002669,40,100
0.0,0.0,0.0,,0.0,0.7,0,4940,0,10,0.0,0.0,0.997979797979798,6.317148100002669,40,100
0.0,0.0,0.0,,0.0,0.75,0,4940,0,10,0.0,0.0,0.997979797979798,6.317148100002669,40,100
0.007489878542510121,0.2,0.9487179487179487,0.05128205128205128,0.2,0.8,2,4903,37,8,0.2,0.007489878542510121,0.990909090909091,6.317148100002669,40,100
0.007692307692307693,0.2,0.95,0.05,0.2,0.85,2,4902,38,8,0.2,0.007692307692307693,0.9907070707070708,6.317148100002669,40,100
0.03319838056680162,0.4,0.9761904761904762,0.023809523809523808,0.4,0.9,4,4776,164,6,0.4,0.03319838056680162,0.9656565656565657,6.317148100002669,40,100
0.043522267206477734,0.6,0.9728506787330317,0.027149321266968326,0.6,0.95,6,4725,215,4,0.6,0.043522267206477734,0.9557575757575758,6.317148100002669,40,100
0.9589068825910931,1.0,0.9978934063619128,0.0021065936380872128,1.0,1.0,10,203,4737,0,1.0,0.9589068825910931,0.04303030303030303,6.317148100002669,40,100
0.0,0.0,0.0,,0.0,0.05,0,4940,0,10,0.0,0.0,0.997979797979798,6.311020400025882,41,100
0.0,0.0,0.0,,0.0,0.1,0,4940,0,10,0.0,0.0,0.997979797979798,6.311020400025882,41,100
0.0,0.0,0.0,,0.0,0.15,0,4940,0,10,0.0,0.0,0.997979797979798,6.311020400025882,41,100
0.0,0.0,0.0,,0.0,0.2,0,4940,0,10,0.0,0.0,0.997979797979798,6.311020400025882,41,100
0.0,0.0,0.0,,0.0,0.25,0,4940,0,10,0.0,0.0,0.997979797979798,6.311020400025882,41,100
0.0,0.0,0.0,,0.0,0.3,0,4940,0,10,0.0,0.0,0.997979797979798,6.311020400025882,41,100
0.0008097165991902834,0.1,0.8,0.2,0.1,0.35,1,4936,4,9,0.1,0.0008097165991902834,0.9973737373737374,6.311020400025882,41,100
0.001417004048582996,0.1,0.875,0.125,0.1,0.4,1,4933,7,9,0.1,0.001417004048582996,0.9967676767676767,6.311020400025882,41,100
0.0016194331983805667,0.1,0.8888888888888888,0.1111111111111111,0.1,0.45,1,4932,8,9,0.1,0.0016194331983805667,0.9965656565656565,6.311020400025882,41,100
0.0018218623481781376,0.1,0.9,0.1,0.1,0.5,1,4931,9,9,0.1,0.0018218623481781376,0.9963636363636363,6.311020400025882,41,100
0.0018218623481781376,0.1,0.9,0.1,0.1,0.55,1,4931,9,9,0.1,0.0018218623481781376,0.9963636363636363,6.311020400025882,41,100
0.0018218623481781376,0.1,0.9,0.1,0.1,0.6,1,4931,9,9,0.1,0.0018218623481781376,0.9963636363636363,6.311020400025882,41,100
0.0020242914979757085,0.1,0.9090909090909091,0.09090909090909091,0.1,0.65,1,4930,10,9,0.1,0.0020242914979757085,0.9961616161616161,6.311020400025882,41,100
0.00465587044534413,0.4,0.8518518518518519,0.14814814814814814,0.4,0.7,4,4917,23,6,0.4,0.00465587044534413,0.9941414141414141,6.311020400025882,41,100
0.004858299595141701,0.4,0.8571428571428571,0.14285714285714285,0.4,0.75,4,4916,24,6,0.4,0.004858299595141701,0.9939393939393939,6.311020400025882,41,100
0.011133603238866396,0.5,0.9166666666666666,0.08333333333333333,0.5,0.8,5,4885,55,5,0.5,0.011133603238866396,0.9878787878787879,6.311020400025882,41,100
0.012955465587044534,0.5,0.927536231884058,0.07246376811594203,0.5,0.85,5,4876,64,5,0.5,0.012955465587044534,0.9860606060606061,6.311020400025882,41,100
0.02165991902834008,0.6,0.9469026548672567,0.05309734513274336,0.6,0.9,6,4833,107,4,0.6,0.02165991902834008,0.9775757575757575,6.311020400025882,41,100
0.02206477732793522,0.6,0.9478260869565217,0.05217391304347826,0.6,0.95,6,4831,109,4,0.6,0.02206477732793522,0.9771717171717171,6.311020400025882,41,100
0.9951417004048583,1.0,0.9979699553390174,0.0020300446609825416,1.0,1.0,10,24,4916,0,1.0,0.9951417004048583,0.006868686868686869,6.311020400025882,41,100
0.0,0.0,0.0,,0.0,0.05,0,4940,0,10,0.0,0.0,0.997979797979798,6.449633099953644,42,100
0.0004048582995951417,0.0,1.0,0.0,0.0,0.1,0,4938,2,10,0.0,0.0004048582995951417,0.9975757575757576,6.449633099953644,42,100
0.0004048582995951417,0.0,1.0,0.0,0.0,0.15,0,4938,2,10,0.0,0.0004048582995951417,0.9975757575757576,6.449633099953644,42,100
0.0004048582995951417,0.0,1.0,0.0,0.0,0.2,0,4938,2,10,0.0,0.0004048582995951417,0.9975757575757576,6.449633099953644,42,100
0.0004048582995951417,0.0,1.0,0.0,0.0,0.25,0,4938,2,10,0.0,0.0004048582995951417,0.9975757575757576,6.449633099953644,42,100
0.0004048582995951417,0.0,1.0,0.0,0.0,0.3,0,4938,2,10,0.0,0.0004048582995951417,0.9975757575757576,6.449633099953644,42,100
0.0004048582995951417,0.0,1.0,0.0,0.0,0.35,0,4938,2,10,0.0,0.0004048582995951417,0.9975757575757576,6.449633099953644,42,100
0.0004048582995951417,0.0,1.0,0.0,0.0,0.4,0,4938,2,10,0.0,0.0004048582995951417,0.9975757575757576,6.449633099953644,42,100
0.0004048582995951417,0.0,1.0,0.0,0.0,0.45,0,4938,2,10,0.0,0.0004048582995951417,0.9975757575757576,6.449633099953644,42,100
0.0004048582995951417,0.0,1.0,0.0,0.0,0.5,0,4938,2,10,0.0,0.0004048582995951417,0.9975757575757576,6.449633099953644,42,100
0.001417004048582996,0.0,1.0,0.0,0.0,0.55,0,4933,7,10,0.0,0.001417004048582996,0.9965656565656565,6.449633099953644,42,100
0.001417004048582996,0.0,1.0,0.0,0.0,0.6,0,4933,7,10,0.0,0.001417004048582996,0.9965656565656565,6.449633099953644,42,100
0.0020242914979757085,0.2,0.8333333333333334,0.16666666666666666,0.2,0.65,2,4930,10,8,0.2,0.0020242914979757085,0.9963636363636363,6.449633099953644,42,100
0.002226720647773279,0.2,0.8461538461538461,0.15384615384615385,0.2,0.7,2,4929,11,8,0.2,0.002226720647773279,0.9961616161616161,6.449633099953644,42,100
0.00465587044534413,0.2,0.92,0.08,0.2,0.75,2,4917,23,8,0.2,0.00465587044534413,0.9937373737373737,6.449633099953644,42,100
0.004858299595141701,0.2,0.9230769230769231,0.07692307692307693,0.2,0.8,2,4916,24,8,0.2,0.004858299595141701,0.9935353535353535,6.449633099953644,42,100
0.007489878542510121,0.2,0.9487179487179487,0.05128205128205128,0.2,0.85,2,4903,37,8,0.2,0.007489878542510121,0.990909090909091,6.449633099953644,42,100
0.08846153846153847,0.5,0.9886877828054299,0.011312217194570135,0.5,0.9,5,4503,437,5,0.5,0.08846153846153847,0.9107070707070707,6.449633099953644,42,100
0.26072874493927123,0.7,0.9945945945945946,0.005405405405405406,0.7,0.95,7,3652,1288,3,0.7,0.26072874493927123,0.7391919191919192,6.449633099953644,42,100
0.9989878542510121,1.0,0.9979777553083923,0.0020222446916076846,1.0,1.0,10,5,4935,0,1.0,0.9989878542510121,0.0030303030303030303,6.449633099953644,42,100
0.0,0.0,0.0,,0.0,0.05,0,4940,0,10,0.0,0.0,0.997979797979798,6.351389299961738,43,100
0.0,0.0,0.0,,0.0,0.1,0,4940,0,10,0.0,0.0,0.997979797979798,6.351389299961738,43,100
0.0,0.0,0.0,,0.0,0.15,0,4940,0,10,0.0,0.0,0.997979797979798,6.351389299961738,43,100
0.0,0.0,0.0,,0.0,0.2,0,4940,0,10,0.0,0.0,0.997979797979798,6.351389299961738,43,100
0.0,0.0,0.0,,0.0,0.25,0,4940,0,10,0.0,0.0,0.997979797979798,6.351389299961738,43,100
0.0,0.0,0.0,,0.0,0.3,0,4940,0,10,0.0,0.0,0.997979797979798,6.351389299961738,43,100
0.0,0.0,0.0,,0.0,0.35,0,4940,0,10,0.0,0.0,0.997979797979798,6.351389299961738,43,100
0.0,0.0,0.0,,0.0,0.4,0,4940,0,10,0.0,0.0,0.997979797979798,6.351389299961738,43,100
0.0,0.0,0.0,,0.0,0.45,0,4940,0,10,0.0,0.0,0.997979797979798,6.351389299961738,43,100
0.0004048582995951417,0.0,1.0,0.0,0.0,0.5,0,4938,2,10,0.0,0.0004048582995951417,0.9975757575757576,6.351389299961738,43,100
0.0004048582995951417,0.0,1.0,0.0,0.0,0.55,0,4938,2,10,0.0,0.0004048582995951417,0.9975757575757576,6.351389299961738,43,100
0.0004048582995951417,0.0,1.0,0.0,0.0,0.6,0,4938,2,10,0.0,0.0004048582995951417,0.9975757575757576,6.351389299961738,43,100
0.0004048582995951417,0.0,1.0,0.0,0.0,0.65,0,4938,2,10,0.0,0.0004048582995951417,0.9975757575757576,6.351389299961738,43,100
0.0004048582995951417,0.0,1.0,0.0,0.0,0.7,0,4938,2,10,0.0,0.0004048582995951417,0.9975757575757576,6.351389299961738,43,100
0.0004048582995951417,0.0,1.0,0.0,0.0,0.75,0,4938,2,10,0.0,0.0004048582995951417,0.9975757575757576,6.351389299961738,43,100
0.001417004048582996,0.0,1.0,0.0,0.0,0.8,0,4933,7,10,0.0,0.001417004048582996,0.9965656565656565,6.351389299961738,43,100
0.004858299595141701,0.1,0.96,0.04,0.1,0.85,1,4916,24,9,0.1,0.004858299595141701,0.9933333333333333,6.351389299961738,43,100
0.005668016194331984,0.2,0.9333333333333333,0.06666666666666667,0.2,0.9,2,4912,28,8,0.2,0.005668016194331984,0.9927272727272727,6.351389299961738,43,100
0.006072874493927126,0.2,0.9375,0.0625,0.2,0.95,2,4910,30,8,0.2,0.006072874493927126,0.9923232323232323,6.351389299961738,43,100
0.9987854251012146,1.0,0.9979773462783171,0.0020226537216828477,1.0,1.0,10,6,4934,0,1.0,0.9987854251012146,0.0032323232323232323,6.351389299961738,43,100
0.0,0.0,0.0,,0.0,0.05,0,4940,0,10,0.0,0.0,0.997979797979798,6.354164300020784,44,100
0.0,0.0,0.0,,0.0,0.1,0,4940,0,10,0.0,0.0,0.997979797979798,6.354164300020784,44,100
0.0,0.0,0.0,,0.0,0.15,0,4940,0,10,0.0,0.0,0.997979797979798,6.354164300020784,44,100
0.0,0.0,0.0,,0.0,0.2,0,4940,0,10,0.0,0.0,0.997979797979798,6.354164300020784,44,100
0.0,0.0,0.0,,0.0,0.25,0,4940,0,10,0.0,0.0,0.997979797979798,6.354164300020784,44,100
0.0,0.0,0.0,,0.0,0.3,0,4940,0,10,0.0,0.0,0.997979797979798,6.354164300020784,44,100
0.0,0.0,0.0,,0.0,0.35,0,4940,0,10,0.0,0.0,0.997979797979798,6.354164300020784,44,100
0.0,0.0,0.0,,0.0,0.4,0,4940,0,10,0.0,0.0,0.997979797979798,6.354164300020784,44,100
0.0,0.0,0.0,,0.0,0.45,0,4940,0,10,0.0,0.0,0.997979797979798,6.354164300020784,44,100
0.0,0.0,0.0,,0.0,0.5,0,4940,0,10,0.0,0.0,0.997979797979798,6.354164300020784,44,100
0.0,0.0,0.0,,0.0,0.55,0,4940,0,10,0.0,0.0,0.997979797979798,6.354164300020784,44,100
0.0,0.0,0.0,,0.0,0.6,0,4940,0,10,0.0,0.0,0.997979797979798,6.354164300020784,44,100
0.0,0.0,0.0,,0.0,0.65,0,4940,0,10,0.0,0.0,0.997979797979798,6.354164300020784,44,100
0.0,0.0,0.0,,0.0,0.7,0,4940,0,10,0.0,0.0,0.997979797979798,6.354164300020784,44,100
0.0,0.0,0.0,,0.0,0.75,0,4940,0,10,0.0,0.0,0.997979797979798,6.354164300020784,44,100
0.0,0.0,0.0,,0.0,0.8,0,4940,0,10,0.0,0.0,0.997979797979798,6.354164300020784,44,100
0.0,0.0,0.0,,0.0,0.85,0,4940,0,10,0.0,0.0,0.997979797979798,6.354164300020784,44,100
0.004858299595141701,0.0,1.0,0.0,0.0,0.9,0,4916,24,10,0.0,0.004858299595141701,0.9931313131313131,6.354164300020784,44,100
0.029149797570850202,0.2,0.9863013698630136,0.0136986301369863,0.2,0.95,2,4796,144,8,0.2,0.029149797570850202,0.9692929292929293,6.354164300020784,44,100
0.9951417004048583,1.0,0.9979699553390174,0.0020300446609825416,1.0,1.0,10,24,4916,0,1.0,0.9951417004048583,0.006868686868686869,6.354164300020784,44,100
0.0,0.0,0.0,,0.0,0.05,0,4940,0,10,0.0,0.0,0.997979797979798,6.463980800006539,45,100
0.0,0.0,0.0,,0.0,0.1,0,4940,0,10,0.0,0.0,0.997979797979798,6.463980800006539,45,100
0.0,0.0,0.0,,0.0,0.15,0,4940,0,10,0.0,0.0,0.997979797979798,6.463980800006539,45,100
0.0,0.0,0.0,,0.0,0.2,0,4940,0,10,0.0,0.0,0.997979797979798,6.463980800006539,45,100
0.0012145748987854252,0.0,1.0,0.0,0.0,0.25,0,4934,6,10,0.0,0.0012145748987854252,0.9967676767676767,6.463980800006539,45,100
0.0012145748987854252,0.0,1.0,0.0,0.0,0.3,0,4934,6,10,0.0,0.0012145748987854252,0.9967676767676767,6.463980800006539,45,100
0.0012145748987854252,0.0,1.0,0.0,0.0,0.35,0,4934,6,10,0.0,0.0012145748987854252,0.9967676767676767,6.463980800006539,45,100
0.0012145748987854252,0.0,1.0,0.0,0.0,0.4,0,4934,6,10,0.0,0.0012145748987854252,0.9967676767676767,6.463980800006539,45,100
0.001417004048582996,0.0,1.0,0.0,0.0,0.45,0,4933,7,10,0.0,0.001417004048582996,0.9965656565656565,6.463980800006539,45,100
0.001417004048582996,0.1,0.875,0.125,0.1,0.5,1,4933,7,9,0.1,0.001417004048582996,0.9967676767676767,6.463980800006539,45,100
0.001417004048582996,0.1,0.875,0.125,0.1,0.55,1,4933,7,9,0.1,0.001417004048582996,0.9967676767676767,6.463980800006539,45,100
0.001417004048582996,0.1,0.875,0.125,0.1,0.6,1,4933,7,9,0.1,0.001417004048582996,0.9967676767676767,6.463980800006539,45,100
0.002834008097165992,0.1,0.9333333333333333,0.06666666666666667,0.1,0.65,1,4926,14,9,0.1,0.002834008097165992,0.9953535353535353,6.463980800006539,45,100
0.003036437246963563,0.1,0.9375,0.0625,0.1,0.7,1,4925,15,9,0.1,0.003036437246963563,0.9951515151515151,6.463980800006539,45,100
0.003036437246963563,0.1,0.9375,0.0625,0.1,0.75,1,4925,15,9,0.1,0.003036437246963563,0.9951515151515151,6.463980800006539,45,100
0.003036437246963563,0.1,0.9375,0.0625,0.1,0.8,1,4925,15,9,0.1,0.003036437246963563,0.9951515151515151,6.463980800006539,45,100
0.003036437246963563,0.1,0.9375,0.0625,0.1,0.85,1,4925,15,9,0.1,0.003036437246963563,0.9951515151515151,6.463980800006539,45,100
0.00465587044534413,0.1,0.9583333333333334,0.041666666666666664,0.1,0.9,1,4917,23,9,0.1,0.00465587044534413,0.9935353535353535,6.463980800006539,45,100
0.009716599190283401,0.3,0.9411764705882353,0.058823529411764705,0.3,0.95,3,4892,48,7,0.3,0.009716599190283401,0.9888888888888889,6.463980800006539,45,100
0.9834008097165992,1.0,0.9979457682826622,0.002054231717337716,1.0,1.0,10,82,4858,0,1.0,0.9834008097165992,0.018585858585858588,6.463980800006539,45,100
0.0,0.0,0.0,,0.0,0.05,0,4940,0,10,0.0,0.0,0.997979797979798,6.307379000005312,46,100
0.0,0.0,0.0,,0.0,0.1,0,4940,0,10,0.0,0.0,0.997979797979798,6.307379000005312,46,100
0.0,0.0,0.0,,0.0,0.15,0,4940,0,10,0.0,0.0,0.997979797979798,6.307379000005312,46,100
0.0,0.1,0.0,1.0,0.1,0.2,1,4940,0,9,0.1,0.0,0.9981818181818182,6.307379000005312,46,100
0.0,0.1,0.0,1.0,0.1,0.25,1,4940,0,9,0.1,0.0,0.9981818181818182,6.307379000005312,46,100
0.0004048582995951417,0.1,0.6666666666666666,0.3333333333333333,0.1,0.3,1,4938,2,9,0.1,0.0004048582995951417,0.9977777777777778,6.307379000005312,46,100
0.0004048582995951417,0.1,0.6666666666666666,0.3333333333333333,0.1,0.35,1,4938,2,9,0.1,0.0004048582995951417,0.9977777777777778,6.307379000005312,46,100
0.0004048582995951417,0.1,0.6666666666666666,0.3333333333333333,0.1,0.4,1,4938,2,9,0.1,0.0004048582995951417,0.9977777777777778,6.307379000005312,46,100
0.0004048582995951417,0.1,0.6666666666666666,0.3333333333333333,0.1,0.45,1,4938,2,9,0.1,0.0004048582995951417,0.9977777777777778,6.307379000005312,46,100
0.0004048582995951417,0.1,0.6666666666666666,0.3333333333333333,0.1,0.5,1,4938,2,9,0.1,0.0004048582995951417,0.9977777777777778,6.307379000005312,46,100
0.0004048582995951417,0.1,0.6666666666666666,0.3333333333333333,0.1,0.55,1,4938,2,9,0.1,0.0004048582995951417,0.9977777777777778,6.307379000005312,46,100
0.0008097165991902834,0.1,0.8,0.2,0.1,0.6,1,4936,4,9,0.1,0.0008097165991902834,0.9973737373737374,6.307379000005312,46,100
0.0008097165991902834,0.1,0.8,0.2,0.1,0.65,1,4936,4,9,0.1,0.0008097165991902834,0.9973737373737374,6.307379000005312,46,100
0.0008097165991902834,0.1,0.8,0.2,0.1,0.7,1,4936,4,9,0.1,0.0008097165991902834,0.9973737373737374,6.307379000005312,46,100
0.0008097165991902834,0.2,0.6666666666666666,0.3333333333333333,0.2,0.75,2,4936,4,8,0.2,0.0008097165991902834,0.9975757575757576,6.307379000005312,46,100
0.0012145748987854252,0.2,0.75,0.25,0.2,0.8,2,4934,6,8,0.2,0.0012145748987854252,0.9971717171717172,6.307379000005312,46,100
0.0012145748987854252,0.2,0.75,0.25,0.2,0.85,2,4934,6,8,0.2,0.0012145748987854252,0.9971717171717172,6.307379000005312,46,100
0.001417004048582996,0.2,0.7777777777777778,0.2222222222222222,0.2,0.9,2,4933,7,8,0.2,0.001417004048582996,0.996969696969697,6.307379000005312,46,100
0.07105263157894737,0.5,0.9859550561797753,0.014044943820224719,0.5,0.95,5,4589,351,5,0.5,0.07105263157894737,0.9280808080808081,6.307379000005312,46,100
0.7931174089068825,1.0,0.9974541751527495,0.0025458248472505093,1.0,1.0,10,1022,3918,0,1.0,0.7931174089068825,0.2084848484848485,6.307379000005312,46,100
0.0,0.1,0.0,1.0,0.1,0.05,1,4940,0,9,0.1,0.0,0.9981818181818182,6.360436800052412,47,100
0.0,0.1,0.0,1.0,0.1,0.1,1,4940,0,9,0.1,0.0,0.9981818181818182,6.360436800052412,47,100
0.0,0.1,0.0,1.0,0.1,0.15,1,4940,0,9,0.1,0.0,0.9981818181818182,6.360436800052412,47,100
0.0,0.1,0.0,1.0,0.1,0.2,1,4940,0,9,0.1,0.0,0.9981818181818182,6.360436800052412,47,100
0.0,0.1,0.0,1.0,0.1,0.25,1,4940,0,9,0.1,0.0,0.9981818181818182,6.360436800052412,47,100
0.0,0.1,0.0,1.0,0.1,0.3,1,4940,0,9,0.1,0.0,0.9981818181818182,6.360436800052412,47,100
0.0,0.1,0.0,1.0,0.1,0.35,1,4940,0,9,0.1,0.0,0.9981818181818182,6.360436800052412,47,100
0.0,0.1,0.0,1.0,0.1,0.4,1,4940,0,9,0.1,0.0,0.9981818181818182,6.360436800052412,47,100
0.0,0.1,0.0,1.0,0.1,0.45,1,4940,0,9,0.1,0.0,0.9981818181818182,6.360436800052412,47,100
0.0,0.1,0.0,1.0,0.1,0.5,1,4940,0,9,0.1,0.0,0.9981818181818182,6.360436800052412,47,100
0.0,0.1,0.0,1.0,0.1,0.55,1,4940,0,9,0.1,0.0,0.9981818181818182,6.360436800052412,47,100
0.0,0.1,0.0,1.0,0.1,0.6,1,4940,0,9,0.1,0.0,0.9981818181818182,6.360436800052412,47,100
0.00020242914979757084,0.1,0.5,0.5,0.1,0.65,1,4939,1,9,0.1,0.00020242914979757084,0.997979797979798,6.360436800052412,47,100
0.00020242914979757084,0.1,0.5,0.5,0.1,0.7,1,4939,1,9,0.1,0.00020242914979757084,0.997979797979798,6.360436800052412,47,100
0.002834008097165992,0.2,0.875,0.125,0.2,0.75,2,4926,14,8,0.2,0.002834008097165992,0.9955555555555555,6.360436800052412,47,100
0.005060728744939271,0.4,0.8620689655172413,0.13793103448275862,0.4,0.8,4,4915,25,6,0.4,0.005060728744939271,0.9937373737373737,6.360436800052412,47,100
0.005060728744939271,0.4,0.8620689655172413,0.13793103448275862,0.4,0.85,4,4915,25,6,0.4,0.005060728744939271,0.9937373737373737,6.360436800052412,47,100
0.005465587044534413,0.4,0.8709677419354839,0.12903225806451613,0.4,0.9,4,4913,27,6,0.4,0.005465587044534413,0.9933333333333333,6.360436800052412,47,100
0.039473684210526314,0.6,0.9701492537313433,0.029850746268656716,0.6,0.95,6,4745,195,4,0.6,0.039473684210526314,0.9597979797979798,6.360436800052412,47,100
0.9983805668016195,1.0,0.9979765277215702,0.0020234722784297854,1.0,1.0,10,8,4932,0,1.0,0.9983805668016195,0.0036363636363636364,6.360436800052412,47,100
0.0,0.0,0.0,,0.0,0.05,0,4940,0,10,0.0,0.0,0.997979797979798,6.406428399961442,48,100
0.0,0.0,0.0,,0.0,0.1,0,4940,0,10,0.0,0.0,0.997979797979798,6.406428399961442,48,100
0.0,0.0,0.0,,0.0,0.15,0,4940,0,10,0.0,0.0,0.997979797979798,6.406428399961442,48,100
0.0,0.0,0.0,,0.0,0.2,0,4940,0,10,0.0,0.0,0.997979797979798,6.406428399961442,48,100
0.0,0.0,0.0,,0.0,0.25,0,4940,0,10,0.0,0.0,0.997979797979798,6.406428399961442,48,100
0.0,0.0,0.0,,0.0,0.3,0,4940,0,10,0.0,0.0,0.997979797979798,6.406428399961442,48,100
0.0,0.0,0.0,,0.0,0.35,0,4940,0,10,0.0,0.0,0.997979797979798,6.406428399961442,48,100
0.0,0.0,0.0,,0.0,0.4,0,4940,0,10,0.0,0.0,0.997979797979798,6.406428399961442,48,100
0.0,0.0,0.0,,0.0,0.45,0,4940,0,10,0.0,0.0,0.997979797979798,6.406428399961442,48,100
0.0,0.0,0.0,,0.0,0.5,0,4940,0,10,0.0,0.0,0.997979797979798,6.406428399961442,48,100
0.0004048582995951417,0.0,1.0,0.0,0.0,0.55,0,4938,2,10,0.0,0.0004048582995951417,0.9975757575757576,6.406428399961442,48,100
0.0004048582995951417,0.0,1.0,0.0,0.0,0.6,0,4938,2,10,0.0,0.0004048582995951417,0.9975757575757576,6.406428399961442,48,100
0.0004048582995951417,0.0,1.0,0.0,0.0,0.65,0,4938,2,10,0.0,0.0004048582995951417,0.9975757575757576,6.406428399961442,48,100
0.0004048582995951417,0.0,1.0,0.0,0.0,0.7,0,4938,2,10,0.0,0.0004048582995951417,0.9975757575757576,6.406428399961442,48,100
0.0004048582995951417,0.0,1.0,0.0,0.0,0.75,0,4938,2,10,0.0,0.0004048582995951417,0.9975757575757576,6.406428399961442,48,100
0.0018218623481781376,0.1,0.9,0.1,0.1,0.8,1,4931,9,9,0.1,0.0018218623481781376,0.9963636363636363,6.406428399961442,48,100
0.009716599190283401,0.1,0.9795918367346939,0.02040816326530612,0.1,0.85,1,4892,48,9,0.1,0.009716599190283401,0.9884848484848485,6.406428399961442,48,100
0.05708502024291498,0.4,0.986013986013986,0.013986013986013986,0.4,0.9,4,4658,282,6,0.4,0.05708502024291498,0.9418181818181818,6.406428399961442,48,100
0.08036437246963563,0.6,0.9851116625310173,0.01488833746898263,0.6,0.95,6,4543,397,4,0.6,0.08036437246963563,0.918989898989899,6.406428399961442,48,100
0.9983805668016195,1.0,0.9979765277215702,0.0020234722784297854,1.0,1.0,10,8,4932,0,1.0,0.9983805668016195,0.0036363636363636364,6.406428399961442,48,100
0.0,0.0,0.0,,0.0,0.05,0,4940,0,10,0.0,0.0,0.997979797979798,6.39580040005967,49,100
0.0,0.0,0.0,,0.0,0.1,0,4940,0,10,0.0,0.0,0.997979797979798,6.39580040005967,49,100
0.00020242914979757084,0.0,1.0,0.0,0.0,0.15,0,4939,1,10,0.0,0.00020242914979757084,0.9977777777777778,6.39580040005967,49,100
0.00020242914979757084,0.0,1.0,0.0,0.0,0.2,0,4939,1,10,0.0,0.00020242914979757084,0.9977777777777778,6.39580040005967,49,100
0.00020242914979757084,0.0,1.0,0.0,0.0,0.25,0,4939,1,10,0.0,0.00020242914979757084,0.9977777777777778,6.39580040005967,49,100
0.00020242914979757084,0.0,1.0,0.0,0.0,0.3,0,4939,1,10,0.0,0.00020242914979757084,0.9977777777777778,6.39580040005967,49,100
0.00020242914979757084,0.0,1.0,0.0,0.0,0.35,0,4939,1,10,0.0,0.00020242914979757084,0.9977777777777778,6.39580040005967,49,100
0.00020242914979757084,0.0,1.0,0.0,0.0,0.4,0,4939,1,10,0.0,0.00020242914979757084,0.9977777777777778,6.39580040005967,49,100
0.00020242914979757084,0.0,1.0,0.0,0.0,0.45,0,4939,1,10,0.0,0.00020242914979757084,0.9977777777777778,6.39580040005967,49,100
0.00020242914979757084,0.0,1.0,0.0,0.0,0.5,0,4939,1,10,0.0,0.00020242914979757084,0.9977777777777778,6.39580040005967,49,100
0.002226720647773279,0.0,1.0,0.0,0.0,0.55,0,4929,11,10,0.0,0.002226720647773279,0.9957575757575757,6.39580040005967,49,100
0.002226720647773279,0.0,1.0,0.0,0.0,0.6,0,4929,11,10,0.0,0.002226720647773279,0.9957575757575757,6.39580040005967,49,100
0.002226720647773279,0.0,1.0,0.0,0.0,0.65,0,4929,11,10,0.0,0.002226720647773279,0.9957575757575757,6.39580040005967,49,100
0.0024291497975708503,0.0,1.0,0.0,0.0,0.7,0,4928,12,10,0.0,0.0024291497975708503,0.9955555555555555,6.39580040005967,49,100
0.006882591093117409,0.2,0.9444444444444444,0.05555555555555555,0.2,0.75,2,4906,34,8,0.2,0.006882591093117409,0.9915151515151515,6.39580040005967,49,100
0.0072874493927125505,0.2,0.9473684210526315,0.05263157894736842,0.2,0.8,2,4904,36,8,0.2,0.0072874493927125505,0.9911111111111112,6.39580040005967,49,100
0.008097165991902834,0.2,0.9523809523809523,0.047619047619047616,0.2,0.85,2,4900,40,8,0.2,0.008097165991902834,0.9903030303030304,6.39580040005967,49,100
0.008097165991902834,0.2,0.9523809523809523,0.047619047619047616,0.2,0.9,2,4900,40,8,0.2,0.008097165991902834,0.9903030303030304,6.39580040005967,49,100
0.009109311740890687,0.2,0.9574468085106383,0.0425531914893617,0.2,0.95,2,4895,45,8,0.2,0.009109311740890687,0.9892929292929293,6.39580040005967,49,100
0.9967611336032388,1.0,0.9979732468585326,0.002026753141467369,1.0,1.0,10,16,4924,0,1.0,0.9967611336032388,0.0052525252525252525,6.39580040005967,49,100
