FPR,TPR,FDR,NPrecision,NRecall,alpha,NTP,NTN,NFP,NFN,NTPR,NFPR,NACC,run,dim
0.0,0.0,0.0,,0.0,0.02,0,4940,0,10,0.0,0.0,0.997979797979798,0,100
0.0,0.0,0.0,,0.0,0.04,0,4940,0,10,0.0,0.0,0.997979797979798,0,100
0.0,0.0,0.0,,0.0,0.06,0,4940,0,10,0.0,0.0,0.997979797979798,0,100
0.0,0.0,0.0,,0.0,0.08,0,4940,0,10,0.0,0.0,0.997979797979798,0,100
0.0,0.0,0.0,,0.0,0.1,0,4940,0,10,0.0,0.0,0.997979797979798,0,100
0.0,0.0,0.0,,0.0,0.12,0,4940,0,10,0.0,0.0,0.997979797979798,0,100
0.0,0.0,0.0,,0.0,0.14,0,4940,0,10,0.0,0.0,0.997979797979798,0,100
0.0004048582995951417,0.0,1.0,0.0,0.0,0.16,0,4938,2,10,0.0,0.0004048582995951417,0.9975757575757576,0,100
0.0004048582995951417,0.0,1.0,0.0,0.0,0.18,0,4938,2,10,0.0,0.0004048582995951417,0.9975757575757576,0,100
0.0004048582995951417,0.0,1.0,0.0,0.0,0.2,0,4938,2,10,0.0,0.0004048582995951417,0.9975757575757576,0,100
0.0004048582995951417,0.0,1.0,0.0,0.0,0.22,0,4938,2,10,0.0,0.0004048582995951417,0.9975757575757576,0,100
0.0004048582995951417,0.0,1.0,0.0,0.0,0.24,0,4938,2,10,0.0,0.0004048582995951417,0.9975757575757576,0,100
0.0006072874493927126,0.0,1.0,0.0,0.0,0.26,0,4937,3,10,0.0,0.0006072874493927126,0.9973737373737374,0,100
0.0006072874493927126,0.0,1.0,0.0,0.0,0.28,0,4937,3,10,0.0,0.0006072874493927126,0.9973737373737374,0,100
0.0006072874493927126,0.0,1.0,0.0,0.0,0.3,0,4937,3,10,0.0,0.0006072874493927126,0.9973737373737374,0,100
0.0006072874493927126,0.0,1.0,0.0,0.0,0.32,0,4937,3,10,0.0,0.0006072874493927126,0.9973737373737374,0,100
0.0006072874493927126,0.0,1.0,0.0,0.0,0.34,0,4937,3,10,0.0,0.0006072874493927126,0.9973737373737374,0,100
0.0006072874493927126,0.0,1.0,0.0,0.0,0.36,0,4937,3,10,0.0,0.0006072874493927126,0.9973737373737374,0,100
0.0006072874493927126,0.0,1.0,0.0,0.0,0.38,0,4937,3,10,0.0,0.0006072874493927126,0.9973737373737374,0,100
0.0006072874493927126,0.0,1.0,0.0,0.0,0.4,0,4937,3,10,0.0,0.0006072874493927126,0.9973737373737374,0,100
0.0006072874493927126,0.0,1.0,0.0,0.0,0.42,0,4937,3,10,0.0,0.0006072874493927126,0.9973737373737374,0,100
0.0006072874493927126,0.0,1.0,0.0,0.0,0.44,0,4937,3,10,0.0,0.0006072874493927126,0.9973737373737374,0,100
0.0006072874493927126,0.0,1.0,0.0,0.0,0.46,0,4937,3,10,0.0,0.0006072874493927126,0.9973737373737374,0,100
0.0006072874493927126,0.0,1.0,0.0,0.0,0.48,0,4937,3,10,0.0,0.0006072874493927126,0.9973737373737374,0,100
0.0006072874493927126,0.0,1.0,0.0,0.0,0.5,0,4937,3,10,0.0,0.0006072874493927126,0.9973737373737374,0,100
0.0006072874493927126,0.0,1.0,0.0,0.0,0.52,0,4937,3,10,0.0,0.0006072874493927126,0.9973737373737374,0,100
0.0012145748987854252,0.0,1.0,0.0,0.0,0.54,0,4934,6,10,0.0,0.0012145748987854252,0.9967676767676767,0,100
0.0012145748987854252,0.0,1.0,0.0,0.0,0.56,0,4934,6,10,0.0,0.0012145748987854252,0.9967676767676767,0,100
0.0012145748987854252,0.0,1.0,0.0,0.0,0.58,0,4934,6,10,0.0,0.0012145748987854252,0.9967676767676767,0,100
0.0012145748987854252,0.0,1.0,0.0,0.0,0.6,0,4934,6,10,0.0,0.0012145748987854252,0.9967676767676767,0,100
0.002631578947368421,0.0,1.0,0.0,0.0,0.62,0,4927,13,10,0.0,0.002631578947368421,0.9953535353535353,0,100
0.002631578947368421,0.0,1.0,0.0,0.0,0.64,0,4927,13,10,0.0,0.002631578947368421,0.9953535353535353,0,100
0.002834008097165992,0.0,1.0,0.0,0.0,0.66,0,4926,14,10,0.0,0.002834008097165992,0.9951515151515151,0,100
0.002834008097165992,0.0,1.0,0.0,0.0,0.68,0,4926,14,10,0.0,0.002834008097165992,0.9951515151515151,0,100
0.005263157894736842,0.0,1.0,0.0,0.0,0.7,0,4914,26,10,0.0,0.005263157894736842,0.9927272727272727,0,100
0.005263157894736842,0.0,1.0,0.0,0.0,0.72,0,4914,26,10,0.0,0.005263157894736842,0.9927272727272727,0,100
0.005263157894736842,0.0,1.0,0.0,0.0,0.74,0,4914,26,10,0.0,0.005263157894736842,0.9927272727272727,0,100
0.005263157894736842,0.0,1.0,0.0,0.0,0.76,0,4914,26,10,0.0,0.005263157894736842,0.9927272727272727,0,100
0.006275303643724696,0.0,1.0,0.0,0.0,0.78,0,4909,31,10,0.0,0.006275303643724696,0.9917171717171717,0,100
0.006275303643724696,0.0,1.0,0.0,0.0,0.8,0,4909,31,10,0.0,0.006275303643724696,0.9917171717171717,0,100
0.006275303643724696,0.0,1.0,0.0,0.0,0.82,0,4909,31,10,0.0,0.006275303643724696,0.9917171717171717,0,100
0.006275303643724696,0.0,1.0,0.0,0.0,0.84,0,4909,31,10,0.0,0.006275303643724696,0.9917171717171717,0,100
0.0072874493927125505,0.0,1.0,0.0,0.0,0.86,0,4904,36,10,0.0,0.0072874493927125505,0.9907070707070708,0,100
0.009109311740890687,0.0,1.0,0.0,0.0,0.88,0,4895,45,10,0.0,0.009109311740890687,0.9888888888888889,0,100
0.012955465587044534,0.0,1.0,0.0,0.0,0.9,0,4876,64,10,0.0,0.012955465587044534,0.9850505050505051,0,100
0.015991902834008098,0.0,1.0,0.0,0.0,0.92,0,4861,79,10,0.0,0.015991902834008098,0.982020202020202,0,100
0.015991902834008098,0.0,1.0,0.0,0.0,0.94,0,4861,79,10,0.0,0.015991902834008098,0.982020202020202,0,100
0.2006072874493927,0.6,0.9939819458375125,0.006018054162487462,0.6,0.96,6,3949,991,4,0.6,0.2006072874493927,0.798989898989899,0,100
0.24392712550607287,0.6,0.9950454170107349,0.00495458298926507,0.6,0.98,6,3735,1205,4,0.6,0.24392712550607287,0.7557575757575757,0,100
0.7050607287449393,0.9,0.9974226804123711,0.002577319587628866,0.9,1.0,9,1457,3483,1,0.9,0.7050607287449393,0.2961616161616162,0,100
0.0,0.0,0.0,,0.0,0.02,0,4940,0,10,0.0,0.0,0.997979797979798,1,100
0.0,0.0,0.0,,0.0,0.04,0,4940,0,10,0.0,0.0,0.997979797979798,1,100
0.0,0.0,0.0,,0.0,0.06,0,4940,0,10,0.0,0.0,0.997979797979798,1,100
0.0,0.0,0.0,,0.0,0.08,0,4940,0,10,0.0,0.0,0.997979797979798,1,100
0.0,0.0,0.0,,0.0,0.1,0,4940,0,10,0.0,0.0,0.997979797979798,1,100
0.0,0.0,0.0,,0.0,0.12,0,4940,0,10,0.0,0.0,0.997979797979798,1,100
0.0,0.0,0.0,,0.0,0.14,0,4940,0,10,0.0,0.0,0.997979797979798,1,100
0.0,0.0,0.0,,0.0,0.16,0,4940,0,10,0.0,0.0,0.997979797979798,1,100
0.0,0.0,0.0,,0.0,0.18,0,4940,0,10,0.0,0.0,0.997979797979798,1,100
0.0,0.0,0.0,,0.0,0.2,0,4940,0,10,0.0,0.0,0.997979797979798,1,100
0.0,0.0,0.0,,0.0,0.22,0,4940,0,10,0.0,0.0,0.997979797979798,1,100
0.0,0.0,0.0,,0.0,0.24,0,4940,0,10,0.0,0.0,0.997979797979798,1,100
0.0,0.0,0.0,,0.0,0.26,0,4940,0,10,0.0,0.0,0.997979797979798,1,100
0.0,0.0,0.0,,0.0,0.28,0,4940,0,10,0.0,0.0,0.997979797979798,1,100
0.0,0.0,0.0,,0.0,0.3,0,4940,0,10,0.0,0.0,0.997979797979798,1,100
0.0,0.0,0.0,,0.0,0.32,0,4940,0,10,0.0,0.0,0.997979797979798,1,100
0.0,0.0,0.0,,0.0,0.34,0,4940,0,10,0.0,0.0,0.997979797979798,1,100
0.0,0.0,0.0,,0.0,0.36,0,4940,0,10,0.0,0.0,0.997979797979798,1,100
0.0,0.0,0.0,,0.0,0.38,0,4940,0,10,0.0,0.0,0.997979797979798,1,100
0.0,0.0,0.0,,0.0,0.4,0,4940,0,10,0.0,0.0,0.997979797979798,1,100
0.0,0.0,0.0,,0.0,0.42,0,4940,0,10,0.0,0.0,0.997979797979798,1,100
0.0,0.0,0.0,,0.0,0.44,0,4940,0,10,0.0,0.0,0.997979797979798,1,100
0.0,0.0,0.0,,0.0,0.46,0,4940,0,10,0.0,0.0,0.997979797979798,1,100
0.0,0.0,0.0,,0.0,0.48,0,4940,0,10,0.0,0.0,0.997979797979798,1,100
0.0,0.0,0.0,,0.0,0.5,0,4940,0,10,0.0,0.0,0.997979797979798,1,100
0.0,0.0,0.0,,0.0,0.52,0,4940,0,10,0.0,0.0,0.997979797979798,1,100
0.0,0.0,0.0,,0.0,0.54,0,4940,0,10,0.0,0.0,0.997979797979798,1,100
0.0,0.0,0.0,,0.0,0.56,0,4940,0,10,0.0,0.0,0.997979797979798,1,100
0.0,0.0,0.0,,0.0,0.58,0,4940,0,10,0.0,0.0,0.997979797979798,1,100
0.0,0.0,0.0,,0.0,0.6,0,4940,0,10,0.0,0.0,0.997979797979798,1,100
0.0,0.0,0.0,,0.0,0.62,0,4940,0,10,0.0,0.0,0.997979797979798,1,100
0.0,0.0,0.0,,0.0,0.64,0,4940,0,10,0.0,0.0,0.997979797979798,1,100
0.0,0.0,0.0,,0.0,0.66,0,4940,0,10,0.0,0.0,0.997979797979798,1,100
0.0,0.0,0.0,,0.0,0.68,0,4940,0,10,0.0,0.0,0.997979797979798,1,100
0.0,0.0,0.0,,0.0,0.7,0,4940,0,10,0.0,0.0,0.997979797979798,1,100
0.0,0.0,0.0,,0.0,0.72,0,4940,0,10,0.0,0.0,0.997979797979798,1,100
0.0,0.0,0.0,,0.0,0.74,0,4940,0,10,0.0,0.0,0.997979797979798,1,100
0.0,0.0,0.0,,0.0,0.76,0,4940,0,10,0.0,0.0,0.997979797979798,1,100
0.002834008097165992,0.2,0.875,0.125,0.2,0.78,2,4926,14,8,0.2,0.002834008097165992,0.9955555555555555,1,100
0.002834008097165992,0.2,0.875,0.125,0.2,0.8,2,4926,14,8,0.2,0.002834008097165992,0.9955555555555555,1,100
0.002834008097165992,0.2,0.875,0.125,0.2,0.82,2,4926,14,8,0.2,0.002834008097165992,0.9955555555555555,1,100
0.003036437246963563,0.2,0.8823529411764706,0.11764705882352941,0.2,0.84,2,4925,15,8,0.2,0.003036437246963563,0.9953535353535353,1,100
0.0038461538461538464,0.2,0.9047619047619048,0.09523809523809523,0.2,0.86,2,4921,19,8,0.2,0.0038461538461538464,0.9945454545454545,1,100
0.0038461538461538464,0.2,0.9047619047619048,0.09523809523809523,0.2,0.88,2,4921,19,8,0.2,0.0038461538461538464,0.9945454545454545,1,100
0.0038461538461538464,0.2,0.9047619047619048,0.09523809523809523,0.2,0.9,2,4921,19,8,0.2,0.0038461538461538464,0.9945454545454545,1,100
0.0038461538461538464,0.2,0.9047619047619048,0.09523809523809523,0.2,0.92,2,4921,19,8,0.2,0.0038461538461538464,0.9945454545454545,1,100
0.07753036437246963,0.3,0.9922279792746114,0.007772020725388601,0.3,0.94,3,4557,383,7,0.3,0.07753036437246963,0.9212121212121213,1,100
0.1394736842105263,0.4,0.9942279942279942,0.005772005772005772,0.4,0.96,4,4251,689,6,0.4,0.1394736842105263,0.8595959595959596,1,100
0.24676113360323887,0.7,0.9942903752039152,0.005709624796084829,0.7,0.98,7,3721,1219,3,0.7,0.24676113360323887,0.7531313131313131,1,100
0.9726720647773279,0.9,0.9981304528458662,0.0018695471541337765,0.9,1.0,9,135,4805,1,0.9,0.9726720647773279,0.02909090909090909,1,100
0.0,0.0,0.0,,0.0,0.02,0,4940,0,10,0.0,0.0,0.997979797979798,2,100
0.0,0.0,0.0,,0.0,0.04,0,4940,0,10,0.0,0.0,0.997979797979798,2,100
0.0,0.0,0.0,,0.0,0.06,0,4940,0,10,0.0,0.0,0.997979797979798,2,100
0.0,0.0,0.0,,0.0,0.08,0,4940,0,10,0.0,0.0,0.997979797979798,2,100
0.0,0.0,0.0,,0.0,0.1,0,4940,0,10,0.0,0.0,0.997979797979798,2,100
0.0004048582995951417,0.0,1.0,0.0,0.0,0.12,0,4938,2,10,0.0,0.0004048582995951417,0.9975757575757576,2,100
0.0004048582995951417,0.0,1.0,0.0,0.0,0.14,0,4938,2,10,0.0,0.0004048582995951417,0.9975757575757576,2,100
0.0004048582995951417,0.0,1.0,0.0,0.0,0.16,0,4938,2,10,0.0,0.0004048582995951417,0.9975757575757576,2,100
0.0004048582995951417,0.0,1.0,0.0,0.0,0.18,0,4938,2,10,0.0,0.0004048582995951417,0.9975757575757576,2,100
0.0004048582995951417,0.0,1.0,0.0,0.0,0.2,0,4938,2,10,0.0,0.0004048582995951417,0.9975757575757576,2,100
0.0004048582995951417,0.0,1.0,0.0,0.0,0.22,0,4938,2,10,0.0,0.0004048582995951417,0.9975757575757576,2,100
0.0006072874493927126,0.0,1.0,0.0,0.0,0.24,0,4937,3,10,0.0,0.0006072874493927126,0.9973737373737374,2,100
0.0006072874493927126,0.0,1.0,0.0,0.0,0.26,0,4937,3,10,0.0,0.0006072874493927126,0.9973737373737374,2,100
0.0008097165991902834,0.1,0.8,0.2,0.1,0.28,1,4936,4,9,0.1,0.0008097165991902834,0.9973737373737374,2,100
0.0008097165991902834,0.1,0.8,0.2,0.1,0.3,1,4936,4,9,0.1,0.0008097165991902834,0.9973737373737374,2,100
0.0008097165991902834,0.1,0.8,0.2,0.1,0.32,1,4936,4,9,0.1,0.0008097165991902834,0.9973737373737374,2,100
0.0008097165991902834,0.1,0.8,0.2,0.1,0.34,1,4936,4,9,0.1,0.0008097165991902834,0.9973737373737374,2,100
0.0008097165991902834,0.1,0.8,0.2,0.1,0.36,1,4936,4,9,0.1,0.0008097165991902834,0.9973737373737374,2,100
0.0010121457489878543,0.1,0.8333333333333334,0.16666666666666666,0.1,0.38,1,4935,5,9,0.1,0.0010121457489878543,0.9971717171717172,2,100
0.0010121457489878543,0.1,0.8333333333333334,0.16666666666666666,0.1,0.4,1,4935,5,9,0.1,0.0010121457489878543,0.9971717171717172,2,100
0.0010121457489878543,0.1,0.8333333333333334,0.16666666666666666,0.1,0.42,1,4935,5,9,0.1,0.0010121457489878543,0.9971717171717172,2,100
0.0010121457489878543,0.1,0.8333333333333334,0.16666666666666666,0.1,0.44,1,4935,5,9,0.1,0.0010121457489878543,0.9971717171717172,2,100
0.0010121457489878543,0.1,0.8333333333333334,0.16666666666666666,0.1,0.46,1,4935,5,9,0.1,0.0010121457489878543,0.9971717171717172,2,100
0.0010121457489878543,0.1,0.8333333333333334,0.16666666666666666,0.1,0.48,1,4935,5,9,0.1,0.0010121457489878543,0.9971717171717172,2,100
0.0010121457489878543,0.1,0.8333333333333334,0.16666666666666666,0.1,0.5,1,4935,5,9,0.1,0.0010121457489878543,0.9971717171717172,2,100
0.0020242914979757085,0.1,0.9090909090909091,0.09090909090909091,0.1,0.52,1,4930,10,9,0.1,0.0020242914979757085,0.9961616161616161,2,100
0.0020242914979757085,0.1,0.9090909090909091,0.09090909090909091,0.1,0.54,1,4930,10,9,0.1,0.0020242914979757085,0.9961616161616161,2,100
0.0020242914979757085,0.1,0.9090909090909091,0.09090909090909091,0.1,0.56,1,4930,10,9,0.1,0.0020242914979757085,0.9961616161616161,2,100
0.0034412955465587046,0.1,0.9444444444444444,0.05555555555555555,0.1,0.58,1,4923,17,9,0.1,0.0034412955465587046,0.9947474747474747,2,100
0.0034412955465587046,0.1,0.9444444444444444,0.05555555555555555,0.1,0.6,1,4923,17,9,0.1,0.0034412955465587046,0.9947474747474747,2,100
0.0034412955465587046,0.1,0.9444444444444444,0.05555555555555555,0.1,0.62,1,4923,17,9,0.1,0.0034412955465587046,0.9947474747474747,2,100
0.0034412955465587046,0.1,0.9444444444444444,0.05555555555555555,0.1,0.64,1,4923,17,9,0.1,0.0034412955465587046,0.9947474747474747,2,100
0.0034412955465587046,0.1,0.9444444444444444,0.05555555555555555,0.1,0.66,1,4923,17,9,0.1,0.0034412955465587046,0.9947474747474747,2,100
0.0034412955465587046,0.1,0.9444444444444444,0.05555555555555555,0.1,0.68,1,4923,17,9,0.1,0.0034412955465587046,0.9947474747474747,2,100
0.0034412955465587046,0.1,0.9444444444444444,0.05555555555555555,0.1,0.7,1,4923,17,9,0.1,0.0034412955465587046,0.9947474747474747,2,100
0.0036437246963562753,0.1,0.9473684210526315,0.05263157894736842,0.1,0.72,1,4922,18,9,0.1,0.0036437246963562753,0.9945454545454545,2,100
0.0036437246963562753,0.1,0.9473684210526315,0.05263157894736842,0.1,0.74,1,4922,18,9,0.1,0.0036437246963562753,0.9945454545454545,2,100
0.0036437246963562753,0.1,0.9473684210526315,0.05263157894736842,0.1,0.76,1,4922,18,9,0.1,0.0036437246963562753,0.9945454545454545,2,100
0.0038461538461538464,0.1,0.95,0.05,0.1,0.78,1,4921,19,9,0.1,0.0038461538461538464,0.9943434343434343,2,100
0.007489878542510121,0.1,0.9736842105263158,0.02631578947368421,0.1,0.8,1,4903,37,9,0.1,0.007489878542510121,0.9907070707070708,2,100
0.008299595141700405,0.1,0.9761904761904762,0.023809523809523808,0.1,0.82,1,4899,41,9,0.1,0.008299595141700405,0.98989898989899,2,100
0.008299595141700405,0.1,0.9761904761904762,0.023809523809523808,0.1,0.84,1,4899,41,9,0.1,0.008299595141700405,0.98989898989899,2,100
0.008299595141700405,0.1,0.9761904761904762,0.023809523809523808,0.1,0.86,1,4899,41,9,0.1,0.008299595141700405,0.98989898989899,2,100
0.014574898785425101,0.1,0.9863013698630136,0.0136986301369863,0.1,0.88,1,4868,72,9,0.1,0.014574898785425101,0.9836363636363636,2,100
0.018421052631578946,0.1,0.9891304347826086,0.010869565217391304,0.1,0.9,1,4849,91,9,0.1,0.018421052631578946,0.9797979797979798,2,100
0.018421052631578946,0.1,0.9891304347826086,0.010869565217391304,0.1,0.92,1,4849,91,9,0.1,0.018421052631578946,0.9797979797979798,2,100
0.024493927125506073,0.3,0.9758064516129032,0.024193548387096774,0.3,0.94,3,4819,121,7,0.3,0.024493927125506073,0.9741414141414141,2,100
0.03319838056680162,0.3,0.9820359281437125,0.017964071856287425,0.3,0.96,3,4776,164,7,0.3,0.03319838056680162,0.9654545454545455,2,100
0.11558704453441296,0.5,0.9913194444444444,0.008680555555555556,0.5,0.98,5,4369,571,5,0.5,0.11558704453441296,0.8836363636363637,2,100
0.965991902834008,1.0,0.9979088247595148,0.002091175240485153,1.0,1.0,10,168,4772,0,1.0,0.965991902834008,0.03595959595959596,2,100
0.00020242914979757084,0.0,1.0,0.0,0.0,0.02,0,4939,1,10,0.0,0.00020242914979757084,0.9977777777777778,3,100
0.00020242914979757084,0.0,1.0,0.0,0.0,0.04,0,4939,1,10,0.0,0.00020242914979757084,0.9977777777777778,3,100
0.0,0.0,0.0,,0.0,0.06,0,4940,0,10,0.0,0.0,0.997979797979798,3,100
0.00020242914979757084,0.0,1.0,0.0,0.0,0.08,0,4939,1,10,0.0,0.00020242914979757084,0.9977777777777778,3,100
0.0004048582995951417,0.0,1.0,0.0,0.0,0.1,0,4938,2,10,0.0,0.0004048582995951417,0.9975757575757576,3,100
0.0004048582995951417,0.0,1.0,0.0,0.0,0.12,0,4938,2,10,0.0,0.0004048582995951417,0.9975757575757576,3,100
0.0004048582995951417,0.0,1.0,0.0,0.0,0.14,0,4938,2,10,0.0,0.0004048582995951417,0.9975757575757576,3,100
0.0004048582995951417,0.0,1.0,0.0,0.0,0.16,0,4938,2,10,0.0,0.0004048582995951417,0.9975757575757576,3,100
0.0004048582995951417,0.0,1.0,0.0,0.0,0.18,0,4938,2,10,0.0,0.0004048582995951417,0.9975757575757576,3,100
0.0004048582995951417,0.0,1.0,0.0,0.0,0.2,0,4938,2,10,0.0,0.0004048582995951417,0.9975757575757576,3,100
0.0006072874493927126,0.0,1.0,0.0,0.0,0.22,0,4937,3,10,0.0,0.0006072874493927126,0.9973737373737374,3,100
0.0006072874493927126,0.0,1.0,0.0,0.0,0.24,0,4937,3,10,0.0,0.0006072874493927126,0.9973737373737374,3,100
0.0006072874493927126,0.0,1.0,0.0,0.0,0.26,0,4937,3,10,0.0,0.0006072874493927126,0.9973737373737374,3,100
0.0006072874493927126,0.0,1.0,0.0,0.0,0.28,0,4937,3,10,0.0,0.0006072874493927126,0.9973737373737374,3,100
0.0006072874493927126,0.0,1.0,0.0,0.0,0.3,0,4937,3,10,0.0,0.0006072874493927126,0.9973737373737374,3,100
0.0006072874493927126,0.0,1.0,0.0,0.0,0.32,0,4937,3,10,0.0,0.0006072874493927126,0.9973737373737374,3,100
0.0006072874493927126,0.0,1.0,0.0,0.0,0.34,0,4937,3,10,0.0,0.0006072874493927126,0.9973737373737374,3,100
0.001417004048582996,0.0,1.0,0.0,0.0,0.36,0,4933,7,10,0.0,0.001417004048582996,0.9965656565656565,3,100
0.001417004048582996,0.0,1.0,0.0,0.0,0.38,0,4933,7,10,0.0,0.001417004048582996,0.9965656565656565,3,100
0.001417004048582996,0.0,1.0,0.0,0.0,0.4,0,4933,7,10,0.0,0.001417004048582996,0.9965656565656565,3,100
0.001417004048582996,0.0,1.0,0.0,0.0,0.42,0,4933,7,10,0.0,0.001417004048582996,0.9965656565656565,3,100
0.0016194331983805667,0.0,1.0,0.0,0.0,0.44,0,4932,8,10,0.0,0.0016194331983805667,0.9963636363636363,3,100
0.0018218623481781376,0.0,1.0,0.0,0.0,0.46,0,4931,9,10,0.0,0.0018218623481781376,0.9961616161616161,3,100
0.0018218623481781376,0.0,1.0,0.0,0.0,0.48,0,4931,9,10,0.0,0.0018218623481781376,0.9961616161616161,3,100
0.0018218623481781376,0.0,1.0,0.0,0.0,0.5,0,4931,9,10,0.0,0.0018218623481781376,0.9961616161616161,3,100
0.0018218623481781376,0.0,1.0,0.0,0.0,0.52,0,4931,9,10,0.0,0.0018218623481781376,0.9961616161616161,3,100
0.0018218623481781376,0.0,1.0,0.0,0.0,0.54,0,4931,9,10,0.0,0.0018218623481781376,0.9961616161616161,3,100
0.0020242914979757085,0.0,1.0,0.0,0.0,0.56,0,4930,10,10,0.0,0.0020242914979757085,0.9959595959595959,3,100
0.0020242914979757085,0.0,1.0,0.0,0.0,0.58,0,4930,10,10,0.0,0.0020242914979757085,0.9959595959595959,3,100
0.0020242914979757085,0.0,1.0,0.0,0.0,0.6,0,4930,10,10,0.0,0.0020242914979757085,0.9959595959595959,3,100
0.0020242914979757085,0.0,1.0,0.0,0.0,0.62,0,4930,10,10,0.0,0.0020242914979757085,0.9959595959595959,3,100
0.0020242914979757085,0.0,1.0,0.0,0.0,0.64,0,4930,10,10,0.0,0.0020242914979757085,0.9959595959595959,3,100
0.00465587044534413,0.1,0.9583333333333334,0.041666666666666664,0.1,0.66,1,4917,23,9,0.1,0.00465587044534413,0.9935353535353535,3,100
0.00465587044534413,0.1,0.9583333333333334,0.041666666666666664,0.1,0.68,1,4917,23,9,0.1,0.00465587044534413,0.9935353535353535,3,100
0.00465587044534413,0.1,0.9583333333333334,0.041666666666666664,0.1,0.7,1,4917,23,9,0.1,0.00465587044534413,0.9935353535353535,3,100
0.00465587044534413,0.1,0.9583333333333334,0.041666666666666664,0.1,0.72,1,4917,23,9,0.1,0.00465587044534413,0.9935353535353535,3,100
0.004858299595141701,0.1,0.96,0.04,0.1,0.74,1,4916,24,9,0.1,0.004858299595141701,0.9933333333333333,3,100
0.004858299595141701,0.1,0.96,0.04,0.1,0.76,1,4916,24,9,0.1,0.004858299595141701,0.9933333333333333,3,100
0.005263157894736842,0.1,0.9629629629629629,0.037037037037037035,0.1,0.78,1,4914,26,9,0.1,0.005263157894736842,0.9929292929292929,3,100
0.005870445344129555,0.1,0.9666666666666667,0.03333333333333333,0.1,0.8,1,4911,29,9,0.1,0.005870445344129555,0.9923232323232323,3,100
0.005870445344129555,0.1,0.9666666666666667,0.03333333333333333,0.1,0.82,1,4911,29,9,0.1,0.005870445344129555,0.9923232323232323,3,100
0.005870445344129555,0.1,0.9666666666666667,0.03333333333333333,0.1,0.84,1,4911,29,9,0.1,0.005870445344129555,0.9923232323232323,3,100
0.013967611336032389,0.1,0.9857142857142858,0.014285714285714285,0.1,0.86,1,4871,69,9,0.1,0.013967611336032389,0.9842424242424243,3,100
0.013967611336032389,0.1,0.9857142857142858,0.014285714285714285,0.1,0.88,1,4871,69,9,0.1,0.013967611336032389,0.9842424242424243,3,100
0.019433198380566803,0.1,0.9896907216494846,0.010309278350515464,0.1,0.9,1,4844,96,9,0.1,0.019433198380566803,0.9787878787878788,3,100
0.02165991902834008,0.1,0.9907407407407407,0.009259259259259259,0.1,0.92,1,4833,107,9,0.1,0.02165991902834008,0.9765656565656565,3,100
0.02165991902834008,0.1,0.9907407407407407,0.009259259259259259,0.1,0.94,1,4833,107,9,0.1,0.02165991902834008,0.9765656565656565,3,100
0.0742914979757085,0.4,0.9892183288409704,0.01078167115902965,0.4,0.96,4,4573,367,6,0.4,0.0742914979757085,0.9246464646464646,3,100
0.12692307692307692,0.4,0.993660855784469,0.006339144215530904,0.4,0.98,4,4313,627,6,0.4,0.12692307692307692,0.8721212121212121,3,100
0.8611336032388665,1.0,0.9976547842401501,0.0023452157598499064,1.0,1.0,10,686,4254,0,1.0,0.8611336032388665,0.1406060606060606,3,100
0.0,0.0,0.0,,0.0,0.02,0,4940,0,10,0.0,0.0,0.997979797979798,4,100
0.0,0.0,0.0,,0.0,0.04,0,4940,0,10,0.0,0.0,0.997979797979798,4,100
0.0,0.0,0.0,,0.0,0.06,0,4940,0,10,0.0,0.0,0.997979797979798,4,100
0.0,0.0,0.0,,0.0,0.08,0,4940,0,10,0.0,0.0,0.997979797979798,4,100
0.0,0.0,0.0,,0.0,0.1,0,4940,0,10,0.0,0.0,0.997979797979798,4,100
0.0,0.0,0.0,,0.0,0.12,0,4940,0,10,0.0,0.0,0.997979797979798,4,100
0.0004048582995951417,0.1,0.6666666666666666,0.3333333333333333,0.1,0.14,1,4938,2,9,0.1,0.0004048582995951417,0.9977777777777778,4,100
0.0004048582995951417,0.1,0.6666666666666666,0.3333333333333333,0.1,0.16,1,4938,2,9,0.1,0.0004048582995951417,0.9977777777777778,4,100
0.0004048582995951417,0.1,0.6666666666666666,0.3333333333333333,0.1,0.18,1,4938,2,9,0.1,0.0004048582995951417,0.9977777777777778,4,100
0.0004048582995951417,0.1,0.6666666666666666,0.3333333333333333,0.1,0.2,1,4938,2,9,0.1,0.0004048582995951417,0.9977777777777778,4,100
0.0010121457489878543,0.2,0.7142857142857143,0.2857142857142857,0.2,0.22,2,4935,5,8,0.2,0.0010121457489878543,0.9973737373737374,4,100
0.0010121457489878543,0.2,0.7142857142857143,0.2857142857142857,0.2,0.24,2,4935,5,8,0.2,0.0010121457489878543,0.9973737373737374,4,100
0.0010121457489878543,0.2,0.7142857142857143,0.2857142857142857,0.2,0.26,2,4935,5,8,0.2,0.0010121457489878543,0.9973737373737374,4,100
0.0010121457489878543,0.2,0.7142857142857143,0.2857142857142857,0.2,0.28,2,4935,5,8,0.2,0.0010121457489878543,0.9973737373737374,4,100
0.0010121457489878543,0.2,0.7142857142857143,0.2857142857142857,0.2,0.3,2,4935,5,8,0.2,0.0010121457489878543,0.9973737373737374,4,100
0.0010121457489878543,0.2,0.7142857142857143,0.2857142857142857,0.2,0.32,2,4935,5,8,0.2,0.0010121457489878543,0.9973737373737374,4,100
0.0010121457489878543,0.2,0.7142857142857143,0.2857142857142857,0.2,0.34,2,4935,5,8,0.2,0.0010121457489878543,0.9973737373737374,4,100
0.0010121457489878543,0.2,0.7142857142857143,0.2857142857142857,0.2,0.36,2,4935,5,8,0.2,0.0010121457489878543,0.9973737373737374,4,100
0.0010121457489878543,0.2,0.7142857142857143,0.2857142857142857,0.2,0.38,2,4935,5,8,0.2,0.0010121457489878543,0.9973737373737374,4,100
0.0012145748987854252,0.2,0.75,0.25,0.2,0.4,2,4934,6,8,0.2,0.0012145748987854252,0.9971717171717172,4,100
0.0020242914979757085,0.2,0.8333333333333334,0.16666666666666666,0.2,0.42,2,4930,10,8,0.2,0.0020242914979757085,0.9963636363636363,4,100
0.003036437246963563,0.2,0.8823529411764706,0.11764705882352941,0.2,0.44,2,4925,15,8,0.2,0.003036437246963563,0.9953535353535353,4,100
0.003036437246963563,0.2,0.8823529411764706,0.11764705882352941,0.2,0.46,2,4925,15,8,0.2,0.003036437246963563,0.9953535353535353,4,100
0.0038461538461538464,0.2,0.9047619047619048,0.09523809523809523,0.2,0.48,2,4921,19,8,0.2,0.0038461538461538464,0.9945454545454545,4,100
0.0038461538461538464,0.2,0.9047619047619048,0.09523809523809523,0.2,0.5,2,4921,19,8,0.2,0.0038461538461538464,0.9945454545454545,4,100
0.0038461538461538464,0.2,0.9047619047619048,0.09523809523809523,0.2,0.52,2,4921,19,8,0.2,0.0038461538461538464,0.9945454545454545,4,100
0.0038461538461538464,0.2,0.9047619047619048,0.09523809523809523,0.2,0.54,2,4921,19,8,0.2,0.0038461538461538464,0.9945454545454545,4,100
0.004251012145748988,0.2,0.9130434782608695,0.08695652173913043,0.2,0.56,2,4919,21,8,0.2,0.004251012145748988,0.9941414141414141,4,100
0.004251012145748988,0.2,0.9130434782608695,0.08695652173913043,0.2,0.58,2,4919,21,8,0.2,0.004251012145748988,0.9941414141414141,4,100
0.004251012145748988,0.2,0.9130434782608695,0.08695652173913043,0.2,0.6,2,4919,21,8,0.2,0.004251012145748988,0.9941414141414141,4,100
0.005060728744939271,0.2,0.9259259259259259,0.07407407407407407,0.2,0.62,2,4915,25,8,0.2,0.005060728744939271,0.9933333333333333,4,100
0.005668016194331984,0.2,0.9333333333333333,0.06666666666666667,0.2,0.64,2,4912,28,8,0.2,0.005668016194331984,0.9927272727272727,4,100
0.005668016194331984,0.2,0.9333333333333333,0.06666666666666667,0.2,0.66,2,4912,28,8,0.2,0.005668016194331984,0.9927272727272727,4,100
0.005668016194331984,0.2,0.9333333333333333,0.06666666666666667,0.2,0.68,2,4912,28,8,0.2,0.005668016194331984,0.9927272727272727,4,100
0.005870445344129555,0.2,0.9354838709677419,0.06451612903225806,0.2,0.7,2,4911,29,8,0.2,0.005870445344129555,0.9925252525252525,4,100
0.005870445344129555,0.2,0.9354838709677419,0.06451612903225806,0.2,0.72,2,4911,29,8,0.2,0.005870445344129555,0.9925252525252525,4,100
0.005870445344129555,0.2,0.9354838709677419,0.06451612903225806,0.2,0.74,2,4911,29,8,0.2,0.005870445344129555,0.9925252525252525,4,100
0.00708502024291498,0.2,0.9459459459459459,0.05405405405405406,0.2,0.76,2,4905,35,8,0.2,0.00708502024291498,0.9913131313131314,4,100
0.00708502024291498,0.2,0.9459459459459459,0.05405405405405406,0.2,0.78,2,4905,35,8,0.2,0.00708502024291498,0.9913131313131314,4,100
0.00708502024291498,0.2,0.9459459459459459,0.05405405405405406,0.2,0.8,2,4905,35,8,0.2,0.00708502024291498,0.9913131313131314,4,100
0.00708502024291498,0.2,0.9459459459459459,0.05405405405405406,0.2,0.82,2,4905,35,8,0.2,0.00708502024291498,0.9913131313131314,4,100
0.008097165991902834,0.2,0.9523809523809523,0.047619047619047616,0.2,0.84,2,4900,40,8,0.2,0.008097165991902834,0.9903030303030304,4,100
0.008097165991902834,0.2,0.9523809523809523,0.047619047619047616,0.2,0.86,2,4900,40,8,0.2,0.008097165991902834,0.9903030303030304,4,100
0.027530364372469637,0.3,0.9784172661870504,0.02158273381294964,0.3,0.88,3,4804,136,7,0.3,0.027530364372469637,0.9711111111111111,4,100
0.027530364372469637,0.3,0.9784172661870504,0.02158273381294964,0.3,0.9,3,4804,136,7,0.3,0.027530364372469637,0.9711111111111111,4,100
0.03603238866396761,0.3,0.9834254143646409,0.016574585635359115,0.3,0.92,3,4762,178,7,0.3,0.03603238866396761,0.9626262626262626,4,100
0.039473684210526314,0.3,0.9848484848484849,0.015151515151515152,0.3,0.94,3,4745,195,7,0.3,0.039473684210526314,0.9591919191919192,4,100
0.04230769230769231,0.3,0.9858490566037735,0.014150943396226415,0.3,0.96,3,4731,209,7,0.3,0.04230769230769231,0.9563636363636364,4,100
0.2676113360323887,0.8,0.9939849624060151,0.006015037593984963,0.8,0.98,8,3618,1322,2,0.8,0.2676113360323887,0.7325252525252526,4,100
0.9686234817813765,1.0,0.9979144942648592,0.0020855057351407717,1.0,1.0,10,155,4785,0,1.0,0.9686234817813765,0.03333333333333333,4,100
0.0,0.0,0.0,,0.0,0.02,0,4940,0,10,0.0,0.0,0.997979797979798,5,100
0.0,0.0,0.0,,0.0,0.04,0,4940,0,10,0.0,0.0,0.997979797979798,5,100
0.0,0.0,0.0,,0.0,0.06,0,4940,0,10,0.0,0.0,0.997979797979798,5,100
0.0,0.0,0.0,,0.0,0.08,0,4940,0,10,0.0,0.0,0.997979797979798,5,100
0.0,0.0,0.0,,0.0,0.1,0,4940,0,10,0.0,0.0,0.997979797979798,5,100
0.0,0.0,0.0,,0.0,0.12,0,4940,0,10,0.0,0.0,0.997979797979798,5,100
0.0,0.0,0.0,,0.0,0.14,0,4940,0,10,0.0,0.0,0.997979797979798,5,100
0.0,0.0,0.0,,0.0,0.16,0,4940,0,10,0.0,0.0,0.997979797979798,5,100
0.0,0.0,0.0,,0.0,0.18,0,4940,0,10,0.0,0.0,0.997979797979798,5,100
0.0,0.0,0.0,,0.0,0.2,0,4940,0,10,0.0,0.0,0.997979797979798,5,100
0.0004048582995951417,0.0,1.0,0.0,0.0,0.22,0,4938,2,10,0.0,0.0004048582995951417,0.9975757575757576,5,100
0.0004048582995951417,0.0,1.0,0.0,0.0,0.24,0,4938,2,10,0.0,0.0004048582995951417,0.9975757575757576,5,100
0.0004048582995951417,0.0,1.0,0.0,0.0,0.26,0,4938,2,10,0.0,0.0004048582995951417,0.9975757575757576,5,100
0.0008097165991902834,0.0,1.0,0.0,0.0,0.28,0,4936,4,10,0.0,0.0008097165991902834,0.9971717171717172,5,100
0.0008097165991902834,0.0,1.0,0.0,0.0,0.3,0,4936,4,10,0.0,0.0008097165991902834,0.9971717171717172,5,100
0.0008097165991902834,0.0,1.0,0.0,0.0,0.32,0,4936,4,10,0.0,0.0008097165991902834,0.9971717171717172,5,100
0.0008097165991902834,0.0,1.0,0.0,0.0,0.34,0,4936,4,10,0.0,0.0008097165991902834,0.9971717171717172,5,100
0.001417004048582996,0.1,0.875,0.125,0.1,0.36,1,4933,7,9,0.1,0.001417004048582996,0.9967676767676767,5,100
0.001417004048582996,0.1,0.875,0.125,0.1,0.38,1,4933,7,9,0.1,0.001417004048582996,0.9967676767676767,5,100
0.001417004048582996,0.1,0.875,0.125,0.1,0.4,1,4933,7,9,0.1,0.001417004048582996,0.9967676767676767,5,100
0.001417004048582996,0.1,0.875,0.125,0.1,0.42,1,4933,7,9,0.1,0.001417004048582996,0.9967676767676767,5,100
0.001417004048582996,0.1,0.875,0.125,0.1,0.44,1,4933,7,9,0.1,0.001417004048582996,0.9967676767676767,5,100
0.001417004048582996,0.1,0.875,0.125,0.1,0.46,1,4933,7,9,0.1,0.001417004048582996,0.9967676767676767,5,100
0.001417004048582996,0.1,0.875,0.125,0.1,0.48,1,4933,7,9,0.1,0.001417004048582996,0.9967676767676767,5,100
0.0016194331983805667,0.1,0.8888888888888888,0.1111111111111111,0.1,0.5,1,4932,8,9,0.1,0.0016194331983805667,0.9965656565656565,5,100
0.0018218623481781376,0.1,0.9,0.1,0.1,0.52,1,4931,9,9,0.1,0.0018218623481781376,0.9963636363636363,5,100
0.0018218623481781376,0.1,0.9,0.1,0.1,0.54,1,4931,9,9,0.1,0.0018218623481781376,0.9963636363636363,5,100
0.002226720647773279,0.1,0.9166666666666666,0.08333333333333333,0.1,0.56,1,4929,11,9,0.1,0.002226720647773279,0.9959595959595959,5,100
0.002226720647773279,0.1,0.9166666666666666,0.08333333333333333,0.1,0.58,1,4929,11,9,0.1,0.002226720647773279,0.9959595959595959,5,100
0.002226720647773279,0.1,0.9166666666666666,0.08333333333333333,0.1,0.6,1,4929,11,9,0.1,0.002226720647773279,0.9959595959595959,5,100
0.002226720647773279,0.1,0.9166666666666666,0.08333333333333333,0.1,0.62,1,4929,11,9,0.1,0.002226720647773279,0.9959595959595959,5,100
0.002226720647773279,0.1,0.9166666666666666,0.08333333333333333,0.1,0.64,1,4929,11,9,0.1,0.002226720647773279,0.9959595959595959,5,100
0.004453441295546558,0.1,0.9565217391304348,0.043478260869565216,0.1,0.66,1,4918,22,9,0.1,0.004453441295546558,0.9937373737373737,5,100
0.004858299595141701,0.1,0.96,0.04,0.1,0.68,1,4916,24,9,0.1,0.004858299595141701,0.9933333333333333,5,100
0.004858299595141701,0.1,0.96,0.04,0.1,0.7,1,4916,24,9,0.1,0.004858299595141701,0.9933333333333333,5,100
0.006072874493927126,0.1,0.967741935483871,0.03225806451612903,0.1,0.72,1,4910,30,9,0.1,0.006072874493927126,0.9921212121212121,5,100
0.0066801619433198385,0.1,0.9705882352941176,0.029411764705882353,0.1,0.74,1,4907,33,9,0.1,0.0066801619433198385,0.9915151515151515,5,100
0.0072874493927125505,0.1,0.972972972972973,0.02702702702702703,0.1,0.76,1,4904,36,9,0.1,0.0072874493927125505,0.990909090909091,5,100
0.0072874493927125505,0.1,0.972972972972973,0.02702702702702703,0.1,0.78,1,4904,36,9,0.1,0.0072874493927125505,0.990909090909091,5,100
0.0072874493927125505,0.1,0.972972972972973,0.02702702702702703,0.1,0.8,1,4904,36,9,0.1,0.0072874493927125505,0.990909090909091,5,100
0.007692307692307693,0.1,0.9743589743589743,0.02564102564102564,0.1,0.82,1,4902,38,9,0.1,0.007692307692307693,0.9905050505050506,5,100
0.007692307692307693,0.1,0.9743589743589743,0.02564102564102564,0.1,0.84,1,4902,38,9,0.1,0.007692307692307693,0.9905050505050506,5,100
0.008299595141700405,0.1,0.9761904761904762,0.023809523809523808,0.1,0.86,1,4899,41,9,0.1,0.008299595141700405,0.98989898989899,5,100
0.008299595141700405,0.1,0.9761904761904762,0.023809523809523808,0.1,0.88,1,4899,41,9,0.1,0.008299595141700405,0.98989898989899,5,100
0.010121457489878543,0.1,0.9803921568627451,0.0196078431372549,0.1,0.9,1,4890,50,9,0.1,0.010121457489878543,0.9880808080808081,5,100
0.010121457489878543,0.1,0.9803921568627451,0.0196078431372549,0.1,0.92,1,4890,50,9,0.1,0.010121457489878543,0.9880808080808081,5,100
0.06437246963562752,0.1,0.9968652037617555,0.003134796238244514,0.1,0.94,1,4622,318,9,0.1,0.06437246963562752,0.933939393939394,5,100
0.19392712550607288,0.4,0.9958419958419958,0.004158004158004158,0.4,0.96,4,3982,958,6,0.4,0.19392712550607288,0.8052525252525252,5,100
0.23441295546558705,0.4,0.9965576592082617,0.0034423407917383822,0.4,0.98,4,3782,1158,6,0.4,0.23441295546558705,0.7648484848484849,5,100
0.9688259109311741,1.0,0.9979149291075896,0.002085070892410342,1.0,1.0,10,154,4786,0,1.0,0.9688259109311741,0.03313131313131313,5,100
0.0,0.0,0.0,,0.0,0.02,0,4940,0,10,0.0,0.0,0.997979797979798,6,100
0.0,0.0,0.0,,0.0,0.04,0,4940,0,10,0.0,0.0,0.997979797979798,6,100
0.0,0.0,0.0,,0.0,0.06,0,4940,0,10,0.0,0.0,0.997979797979798,6,100
0.0,0.0,0.0,,0.0,0.08,0,4940,0,10,0.0,0.0,0.997979797979798,6,100
0.0,0.0,0.0,,0.0,0.1,0,4940,0,10,0.0,0.0,0.997979797979798,6,100
0.0,0.0,0.0,,0.0,0.12,0,4940,0,10,0.0,0.0,0.997979797979798,6,100
0.0,0.0,0.0,,0.0,0.14,0,4940,0,10,0.0,0.0,0.997979797979798,6,100
0.0,0.0,0.0,,0.0,0.16,0,4940,0,10,0.0,0.0,0.997979797979798,6,100
0.0,0.0,0.0,,0.0,0.18,0,4940,0,10,0.0,0.0,0.997979797979798,6,100
0.0,0.0,0.0,,0.0,0.2,0,4940,0,10,0.0,0.0,0.997979797979798,6,100
0.0,0.0,0.0,,0.0,0.22,0,4940,0,10,0.0,0.0,0.997979797979798,6,100
0.0,0.0,0.0,,0.0,0.24,0,4940,0,10,0.0,0.0,0.997979797979798,6,100
0.0,0.0,0.0,,0.0,0.26,0,4940,0,10,0.0,0.0,0.997979797979798,6,100
0.0004048582995951417,0.0,1.0,0.0,0.0,0.28,0,4938,2,10,0.0,0.0004048582995951417,0.9975757575757576,6,100
0.0004048582995951417,0.0,1.0,0.0,0.0,0.3,0,4938,2,10,0.0,0.0004048582995951417,0.9975757575757576,6,100
0.0004048582995951417,0.0,1.0,0.0,0.0,0.32,0,4938,2,10,0.0,0.0004048582995951417,0.9975757575757576,6,100
0.0004048582995951417,0.0,1.0,0.0,0.0,0.34,0,4938,2,10,0.0,0.0004048582995951417,0.9975757575757576,6,100
0.0006072874493927126,0.0,1.0,0.0,0.0,0.36,0,4937,3,10,0.0,0.0006072874493927126,0.9973737373737374,6,100
0.0006072874493927126,0.0,1.0,0.0,0.0,0.38,0,4937,3,10,0.0,0.0006072874493927126,0.9973737373737374,6,100
0.0006072874493927126,0.0,1.0,0.0,0.0,0.4,0,4937,3,10,0.0,0.0006072874493927126,0.9973737373737374,6,100
0.0006072874493927126,0.0,1.0,0.0,0.0,0.42,0,4937,3,10,0.0,0.0006072874493927126,0.9973737373737374,6,100
0.0006072874493927126,0.0,1.0,0.0,0.0,0.44,0,4937,3,10,0.0,0.0006072874493927126,0.9973737373737374,6,100
0.0006072874493927126,0.0,1.0,0.0,0.0,0.46,0,4937,3,10,0.0,0.0006072874493927126,0.9973737373737374,6,100
0.0006072874493927126,0.0,1.0,0.0,0.0,0.48,0,4937,3,10,0.0,0.0006072874493927126,0.9973737373737374,6,100
0.0006072874493927126,0.0,1.0,0.0,0.0,0.5,0,4937,3,10,0.0,0.0006072874493927126,0.9973737373737374,6,100
0.0006072874493927126,0.0,1.0,0.0,0.0,0.52,0,4937,3,10,0.0,0.0006072874493927126,0.9973737373737374,6,100
0.001417004048582996,0.0,1.0,0.0,0.0,0.54,0,4933,7,10,0.0,0.001417004048582996,0.9965656565656565,6,100
0.001417004048582996,0.0,1.0,0.0,0.0,0.56,0,4933,7,10,0.0,0.001417004048582996,0.9965656565656565,6,100
0.001417004048582996,0.0,1.0,0.0,0.0,0.58,0,4933,7,10,0.0,0.001417004048582996,0.9965656565656565,6,100
0.001417004048582996,0.0,1.0,0.0,0.0,0.6,0,4933,7,10,0.0,0.001417004048582996,0.9965656565656565,6,100
0.0036437246963562753,0.1,0.9473684210526315,0.05263157894736842,0.1,0.62,1,4922,18,9,0.1,0.0036437246963562753,0.9945454545454545,6,100
0.0036437246963562753,0.1,0.9473684210526315,0.05263157894736842,0.1,0.64,1,4922,18,9,0.1,0.0036437246963562753,0.9945454545454545,6,100
0.005060728744939271,0.1,0.9615384615384616,0.038461538461538464,0.1,0.66,1,4915,25,9,0.1,0.005060728744939271,0.9931313131313131,6,100
0.005060728744939271,0.1,0.9615384615384616,0.038461538461538464,0.1,0.68,1,4915,25,9,0.1,0.005060728744939271,0.9931313131313131,6,100
0.007894736842105263,0.2,0.9512195121951219,0.04878048780487805,0.2,0.7,2,4901,39,8,0.2,0.007894736842105263,0.9905050505050506,6,100
0.007894736842105263,0.2,0.9512195121951219,0.04878048780487805,0.2,0.72,2,4901,39,8,0.2,0.007894736842105263,0.9905050505050506,6,100
0.007894736842105263,0.2,0.9512195121951219,0.04878048780487805,0.2,0.74,2,4901,39,8,0.2,0.007894736842105263,0.9905050505050506,6,100
0.015587044534412956,0.2,0.9746835443037974,0.02531645569620253,0.2,0.76,2,4863,77,8,0.2,0.015587044534412956,0.9828282828282828,6,100
0.01882591093117409,0.2,0.9789473684210527,0.021052631578947368,0.2,0.78,2,4847,93,8,0.2,0.01882591093117409,0.9795959595959596,6,100
0.01882591093117409,0.2,0.9789473684210527,0.021052631578947368,0.2,0.8,2,4847,93,8,0.2,0.01882591093117409,0.9795959595959596,6,100
0.020242914979757085,0.2,0.9803921568627451,0.0196078431372549,0.2,0.82,2,4840,100,8,0.2,0.020242914979757085,0.9781818181818182,6,100
0.020242914979757085,0.2,0.9803921568627451,0.0196078431372549,0.2,0.84,2,4840,100,8,0.2,0.020242914979757085,0.9781818181818182,6,100
0.02125506072874494,0.2,0.9813084112149533,0.018691588785046728,0.2,0.86,2,4835,105,8,0.2,0.02125506072874494,0.9771717171717171,6,100
0.02125506072874494,0.2,0.9813084112149533,0.018691588785046728,0.2,0.88,2,4835,105,8,0.2,0.02125506072874494,0.9771717171717171,6,100
0.025303643724696356,0.2,0.984251968503937,0.015748031496062992,0.2,0.9,2,4815,125,8,0.2,0.025303643724696356,0.9731313131313132,6,100
0.046153846153846156,0.2,0.991304347826087,0.008695652173913044,0.2,0.92,2,4712,228,8,0.2,0.046153846153846156,0.9523232323232323,6,100
0.11093117408906883,0.4,0.9927536231884058,0.007246376811594203,0.4,0.94,4,4392,548,6,0.4,0.11093117408906883,0.888080808080808,6,100
0.12793522267206478,0.4,0.9937106918238994,0.006289308176100629,0.4,0.96,4,4308,632,6,0.4,0.12793522267206478,0.8711111111111111,6,100
0.15931174089068825,0.4,0.9949431099873578,0.0050568900126422255,0.4,0.98,4,4153,787,6,0.4,0.15931174089068825,0.8397979797979798,6,100
0.9706477732793523,1.0,0.9979188345473465,0.002081165452653486,1.0,1.0,10,145,4795,0,1.0,0.9706477732793523,0.031313131313131314,6,100
0.0004048582995951417,0.0,1.0,0.0,0.0,0.02,0,4938,2,10,0.0,0.0004048582995951417,0.9975757575757576,7,100
0.0004048582995951417,0.0,1.0,0.0,0.0,0.04,0,4938,2,10,0.0,0.0004048582995951417,0.9975757575757576,7,100
0.0004048582995951417,0.0,1.0,0.0,0.0,0.06,0,4938,2,10,0.0,0.0004048582995951417,0.9975757575757576,7,100
0.0004048582995951417,0.0,1.0,0.0,0.0,0.08,0,4938,2,10,0.0,0.0004048582995951417,0.9975757575757576,7,100
0.0004048582995951417,0.0,1.0,0.0,0.0,0.1,0,4938,2,10,0.0,0.0004048582995951417,0.9975757575757576,7,100
0.0004048582995951417,0.0,1.0,0.0,0.0,0.12,0,4938,2,10,0.0,0.0004048582995951417,0.9975757575757576,7,100
0.0004048582995951417,0.0,1.0,0.0,0.0,0.14,0,4938,2,10,0.0,0.0004048582995951417,0.9975757575757576,7,100
0.0004048582995951417,0.0,1.0,0.0,0.0,0.16,0,4938,2,10,0.0,0.0004048582995951417,0.9975757575757576,7,100
0.0004048582995951417,0.0,1.0,0.0,0.0,0.18,0,4938,2,10,0.0,0.0004048582995951417,0.9975757575757576,7,100
0.0004048582995951417,0.0,1.0,0.0,0.0,0.2,0,4938,2,10,0.0,0.0004048582995951417,0.9975757575757576,7,100
0.0004048582995951417,0.0,1.0,0.0,0.0,0.22,0,4938,2,10,0.0,0.0004048582995951417,0.9975757575757576,7,100
0.0004048582995951417,0.0,1.0,0.0,0.0,0.24,0,4938,2,10,0.0,0.0004048582995951417,0.9975757575757576,7,100
0.0004048582995951417,0.0,1.0,0.0,0.0,0.26,0,4938,2,10,0.0,0.0004048582995951417,0.9975757575757576,7,100
0.0004048582995951417,0.0,1.0,0.0,0.0,0.28,0,4938,2,10,0.0,0.0004048582995951417,0.9975757575757576,7,100
0.0004048582995951417,0.0,1.0,0.0,0.0,0.3,0,4938,2,10,0.0,0.0004048582995951417,0.9975757575757576,7,100
0.0004048582995951417,0.0,1.0,0.0,0.0,0.32,0,4938,2,10,0.0,0.0004048582995951417,0.9975757575757576,7,100
0.0004048582995951417,0.0,1.0,0.0,0.0,0.34,0,4938,2,10,0.0,0.0004048582995951417,0.9975757575757576,7,100
0.0004048582995951417,0.0,1.0,0.0,0.0,0.36,0,4938,2,10,0.0,0.0004048582995951417,0.9975757575757576,7,100
0.0004048582995951417,0.0,1.0,0.0,0.0,0.38,0,4938,2,10,0.0,0.0004048582995951417,0.9975757575757576,7,100
0.0004048582995951417,0.0,1.0,0.0,0.0,0.4,0,4938,2,10,0.0,0.0004048582995951417,0.9975757575757576,7,100
0.0004048582995951417,0.0,1.0,0.0,0.0,0.42,0,4938,2,10,0.0,0.0004048582995951417,0.9975757575757576,7,100
0.0004048582995951417,0.0,1.0,0.0,0.0,0.44,0,4938,2,10,0.0,0.0004048582995951417,0.9975757575757576,7,100
0.0004048582995951417,0.0,1.0,0.0,0.0,0.46,0,4938,2,10,0.0,0.0004048582995951417,0.9975757575757576,7,100
0.0004048582995951417,0.0,1.0,0.0,0.0,0.48,0,4938,2,10,0.0,0.0004048582995951417,0.9975757575757576,7,100
0.0004048582995951417,0.0,1.0,0.0,0.0,0.5,0,4938,2,10,0.0,0.0004048582995951417,0.9975757575757576,7,100
0.0004048582995951417,0.0,1.0,0.0,0.0,0.52,0,4938,2,10,0.0,0.0004048582995951417,0.9975757575757576,7,100
0.0004048582995951417,0.0,1.0,0.0,0.0,0.54,0,4938,2,10,0.0,0.0004048582995951417,0.9975757575757576,7,100
0.0004048582995951417,0.0,1.0,0.0,0.0,0.56,0,4938,2,10,0.0,0.0004048582995951417,0.9975757575757576,7,100
0.0006072874493927126,0.0,1.0,0.0,0.0,0.58,0,4937,3,10,0.0,0.0006072874493927126,0.9973737373737374,7,100
0.0006072874493927126,0.0,1.0,0.0,0.0,0.6,0,4937,3,10,0.0,0.0006072874493927126,0.9973737373737374,7,100
0.0006072874493927126,0.0,1.0,0.0,0.0,0.62,0,4937,3,10,0.0,0.0006072874493927126,0.9973737373737374,7,100
0.0006072874493927126,0.0,1.0,0.0,0.0,0.64,0,4937,3,10,0.0,0.0006072874493927126,0.9973737373737374,7,100
0.0006072874493927126,0.0,1.0,0.0,0.0,0.66,0,4937,3,10,0.0,0.0006072874493927126,0.9973737373737374,7,100
0.0006072874493927126,0.0,1.0,0.0,0.0,0.68,0,4937,3,10,0.0,0.0006072874493927126,0.9973737373737374,7,100
0.0008097165991902834,0.0,1.0,0.0,0.0,0.7,0,4936,4,10,0.0,0.0008097165991902834,0.9971717171717172,7,100
0.0008097165991902834,0.0,1.0,0.0,0.0,0.72,0,4936,4,10,0.0,0.0008097165991902834,0.9971717171717172,7,100
0.0008097165991902834,0.0,1.0,0.0,0.0,0.74,0,4936,4,10,0.0,0.0008097165991902834,0.9971717171717172,7,100
0.0008097165991902834,0.0,1.0,0.0,0.0,0.76,0,4936,4,10,0.0,0.0008097165991902834,0.9971717171717172,7,100
0.0008097165991902834,0.0,1.0,0.0,0.0,0.78,0,4936,4,10,0.0,0.0008097165991902834,0.9971717171717172,7,100
0.0008097165991902834,0.0,1.0,0.0,0.0,0.8,0,4936,4,10,0.0,0.0008097165991902834,0.9971717171717172,7,100
0.0008097165991902834,0.0,1.0,0.0,0.0,0.82,0,4936,4,10,0.0,0.0008097165991902834,0.9971717171717172,7,100
0.02813765182186235,0.1,0.9928571428571429,0.007142857142857143,0.1,0.84,1,4801,139,9,0.1,0.02813765182186235,0.9701010101010101,7,100
0.034817813765182185,0.1,0.9942196531791907,0.005780346820809248,0.1,0.86,1,4768,172,9,0.1,0.034817813765182185,0.9634343434343434,7,100
0.034817813765182185,0.1,0.9942196531791907,0.005780346820809248,0.1,0.88,1,4768,172,9,0.1,0.034817813765182185,0.9634343434343434,7,100
0.037044534412955465,0.1,0.9945652173913043,0.005434782608695652,0.1,0.9,1,4757,183,9,0.1,0.037044534412955465,0.9612121212121212,7,100
0.04048582995951417,0.1,0.9950248756218906,0.004975124378109453,0.1,0.92,1,4740,200,9,0.1,0.04048582995951417,0.9577777777777777,7,100
0.04412955465587044,0.1,0.9954337899543378,0.0045662100456621,0.1,0.94,1,4722,218,9,0.1,0.04412955465587044,0.9541414141414142,7,100
0.06417004048582996,0.3,0.990625,0.009375,0.3,0.96,3,4623,317,7,0.3,0.06417004048582996,0.9345454545454546,7,100
0.6467611336032388,0.9,0.9971910112359551,0.0028089887640449437,0.9,0.98,9,1745,3195,1,0.9,0.6467611336032388,0.35434343434343435,7,100
0.8997975708502024,0.9,0.9979793444095195,0.002020655590480467,0.9,1.0,9,495,4445,1,0.9,0.8997975708502024,0.10181818181818182,7,100
0.0,0.1,0.0,1.0,0.1,0.02,1,4940,0,9,0.1,0.0,0.9981818181818182,8,100
0.0,0.1,0.0,1.0,0.1,0.04,1,4940,0,9,0.1,0.0,0.9981818181818182,8,100
0.0,0.1,0.0,1.0,0.1,0.06,1,4940,0,9,0.1,0.0,0.9981818181818182,8,100
0.0,0.1,0.0,1.0,0.1,0.08,1,4940,0,9,0.1,0.0,0.9981818181818182,8,100
0.0,0.1,0.0,1.0,0.1,0.1,1,4940,0,9,0.1,0.0,0.9981818181818182,8,100
0.0,0.1,0.0,1.0,0.1,0.12,1,4940,0,9,0.1,0.0,0.9981818181818182,8,100
0.0,0.1,0.0,1.0,0.1,0.14,1,4940,0,9,0.1,0.0,0.9981818181818182,8,100
0.0,0.1,0.0,1.0,0.1,0.16,1,4940,0,9,0.1,0.0,0.9981818181818182,8,100
0.0,0.1,0.0,1.0,0.1,0.18,1,4940,0,9,0.1,0.0,0.9981818181818182,8,100
0.0,0.1,0.0,1.0,0.1,0.2,1,4940,0,9,0.1,0.0,0.9981818181818182,8,100
0.0,0.1,0.0,1.0,0.1,0.22,1,4940,0,9,0.1,0.0,0.9981818181818182,8,100
0.0,0.1,0.0,1.0,0.1,0.24,1,4940,0,9,0.1,0.0,0.9981818181818182,8,100
0.0006072874493927126,0.1,0.75,0.25,0.1,0.26,1,4937,3,9,0.1,0.0006072874493927126,0.9975757575757576,8,100
0.0006072874493927126,0.1,0.75,0.25,0.1,0.28,1,4937,3,9,0.1,0.0006072874493927126,0.9975757575757576,8,100
0.0010121457489878543,0.1,0.8333333333333334,0.16666666666666666,0.1,0.3,1,4935,5,9,0.1,0.0010121457489878543,0.9971717171717172,8,100
0.0010121457489878543,0.1,0.8333333333333334,0.16666666666666666,0.1,0.32,1,4935,5,9,0.1,0.0010121457489878543,0.9971717171717172,8,100
0.0010121457489878543,0.1,0.8333333333333334,0.16666666666666666,0.1,0.34,1,4935,5,9,0.1,0.0010121457489878543,0.9971717171717172,8,100
0.0010121457489878543,0.1,0.8333333333333334,0.16666666666666666,0.1,0.36,1,4935,5,9,0.1,0.0010121457489878543,0.9971717171717172,8,100
0.001417004048582996,0.1,0.875,0.125,0.1,0.38,1,4933,7,9,0.1,0.001417004048582996,0.9967676767676767,8,100
0.001417004048582996,0.1,0.875,0.125,0.1,0.4,1,4933,7,9,0.1,0.001417004048582996,0.9967676767676767,8,100
0.001417004048582996,0.1,0.875,0.125,0.1,0.42,1,4933,7,9,0.1,0.001417004048582996,0.9967676767676767,8,100
0.001417004048582996,0.1,0.875,0.125,0.1,0.44,1,4933,7,9,0.1,0.001417004048582996,0.9967676767676767,8,100
0.001417004048582996,0.1,0.875,0.125,0.1,0.46,1,4933,7,9,0.1,0.001417004048582996,0.9967676767676767,8,100
0.002226720647773279,0.1,0.9166666666666666,0.08333333333333333,0.1,0.48,1,4929,11,9,0.1,0.002226720647773279,0.9959595959595959,8,100
0.002226720647773279,0.1,0.9166666666666666,0.08333333333333333,0.1,0.5,1,4929,11,9,0.1,0.002226720647773279,0.9959595959595959,8,100
0.0024291497975708503,0.1,0.9230769230769231,0.07692307692307693,0.1,0.52,1,4928,12,9,0.1,0.0024291497975708503,0.9957575757575757,8,100
0.0024291497975708503,0.1,0.9230769230769231,0.07692307692307693,0.1,0.54,1,4928,12,9,0.1,0.0024291497975708503,0.9957575757575757,8,100
0.002631578947368421,0.1,0.9285714285714286,0.07142857142857142,0.1,0.56,1,4927,13,9,0.1,0.002631578947368421,0.9955555555555555,8,100
0.002631578947368421,0.1,0.9285714285714286,0.07142857142857142,0.1,0.58,1,4927,13,9,0.1,0.002631578947368421,0.9955555555555555,8,100
0.0034412955465587046,0.1,0.9444444444444444,0.05555555555555555,0.1,0.6,1,4923,17,9,0.1,0.0034412955465587046,0.9947474747474747,8,100
0.0034412955465587046,0.1,0.9444444444444444,0.05555555555555555,0.1,0.62,1,4923,17,9,0.1,0.0034412955465587046,0.9947474747474747,8,100
0.0034412955465587046,0.1,0.9444444444444444,0.05555555555555555,0.1,0.64,1,4923,17,9,0.1,0.0034412955465587046,0.9947474747474747,8,100
0.0034412955465587046,0.1,0.9444444444444444,0.05555555555555555,0.1,0.66,1,4923,17,9,0.1,0.0034412955465587046,0.9947474747474747,8,100
0.0034412955465587046,0.1,0.9444444444444444,0.05555555555555555,0.1,0.68,1,4923,17,9,0.1,0.0034412955465587046,0.9947474747474747,8,100
0.0034412955465587046,0.1,0.9444444444444444,0.05555555555555555,0.1,0.7,1,4923,17,9,0.1,0.0034412955465587046,0.9947474747474747,8,100
0.011133603238866396,0.1,0.9821428571428571,0.017857142857142856,0.1,0.72,1,4885,55,9,0.1,0.011133603238866396,0.9870707070707071,8,100
0.01659919028340081,0.1,0.9879518072289156,0.012048192771084338,0.1,0.74,1,4858,82,9,0.1,0.01659919028340081,0.9816161616161616,8,100
0.01659919028340081,0.1,0.9879518072289156,0.012048192771084338,0.1,0.76,1,4858,82,9,0.1,0.01659919028340081,0.9816161616161616,8,100
0.017611336032388663,0.1,0.9886363636363636,0.011363636363636364,0.1,0.78,1,4853,87,9,0.1,0.017611336032388663,0.9806060606060606,8,100
0.017611336032388663,0.1,0.9886363636363636,0.011363636363636364,0.1,0.8,1,4853,87,9,0.1,0.017611336032388663,0.9806060606060606,8,100
0.01902834008097166,0.1,0.9894736842105263,0.010526315789473684,0.1,0.82,1,4846,94,9,0.1,0.01902834008097166,0.9791919191919192,8,100
0.01902834008097166,0.1,0.9894736842105263,0.010526315789473684,0.1,0.84,1,4846,94,9,0.1,0.01902834008097166,0.9791919191919192,8,100
0.01902834008097166,0.1,0.9894736842105263,0.010526315789473684,0.1,0.86,1,4846,94,9,0.1,0.01902834008097166,0.9791919191919192,8,100
0.025708502024291497,0.2,0.9844961240310077,0.015503875968992248,0.2,0.88,2,4813,127,8,0.2,0.025708502024291497,0.9727272727272728,8,100
0.025708502024291497,0.2,0.9844961240310077,0.015503875968992248,0.2,0.9,2,4813,127,8,0.2,0.025708502024291497,0.9727272727272728,8,100
0.039473684210526314,0.2,0.9898477157360406,0.01015228426395939,0.2,0.92,2,4745,195,8,0.2,0.039473684210526314,0.958989898989899,8,100
0.04412955465587044,0.2,0.990909090909091,0.00909090909090909,0.2,0.94,2,4722,218,8,0.2,0.04412955465587044,0.9543434343434344,8,100
0.07348178137651822,0.2,0.9945205479452055,0.005479452054794521,0.2,0.96,2,4577,363,8,0.2,0.07348178137651822,0.925050505050505,8,100
0.08016194331983806,0.2,0.9949748743718593,0.005025125628140704,0.2,0.98,2,4544,396,8,0.2,0.08016194331983806,0.9183838383838384,8,100
0.709919028340081,1.0,0.9971566676144441,0.0028433323855558716,1.0,1.0,10,1433,3507,0,1.0,0.709919028340081,0.2915151515151515,8,100
0.0,0.0,0.0,,0.0,0.02,0,4940,0,10,0.0,0.0,0.997979797979798,9,100
0.0,0.0,0.0,,0.0,0.04,0,4940,0,10,0.0,0.0,0.997979797979798,9,100
0.0,0.0,0.0,,0.0,0.06,0,4940,0,10,0.0,0.0,0.997979797979798,9,100
0.0,0.0,0.0,,0.0,0.08,0,4940,0,10,0.0,0.0,0.997979797979798,9,100
0.0,0.0,0.0,,0.0,0.1,0,4940,0,10,0.0,0.0,0.997979797979798,9,100
0.0,0.0,0.0,,0.0,0.12,0,4940,0,10,0.0,0.0,0.997979797979798,9,100
0.0,0.0,0.0,,0.0,0.14,0,4940,0,10,0.0,0.0,0.997979797979798,9,100
0.0,0.0,0.0,,0.0,0.16,0,4940,0,10,0.0,0.0,0.997979797979798,9,100
0.0,0.0,0.0,,0.0,0.18,0,4940,0,10,0.0,0.0,0.997979797979798,9,100
0.0,0.0,0.0,,0.0,0.2,0,4940,0,10,0.0,0.0,0.997979797979798,9,100
0.0,0.0,0.0,,0.0,0.22,0,4940,0,10,0.0,0.0,0.997979797979798,9,100
0.0,0.0,0.0,,0.0,0.24,0,4940,0,10,0.0,0.0,0.997979797979798,9,100
0.0,0.0,0.0,,0.0,0.26,0,4940,0,10,0.0,0.0,0.997979797979798,9,100
0.0,0.0,0.0,,0.0,0.28,0,4940,0,10,0.0,0.0,0.997979797979798,9,100
0.0,0.0,0.0,,0.0,0.3,0,4940,0,10,0.0,0.0,0.997979797979798,9,100
0.0,0.0,0.0,,0.0,0.32,0,4940,0,10,0.0,0.0,0.997979797979798,9,100
0.0,0.0,0.0,,0.0,0.34,0,4940,0,10,0.0,0.0,0.997979797979798,9,100
0.0,0.0,0.0,,0.0,0.36,0,4940,0,10,0.0,0.0,0.997979797979798,9,100
0.0,0.0,0.0,,0.0,0.38,0,4940,0,10,0.0,0.0,0.997979797979798,9,100
0.0,0.0,0.0,,0.0,0.4,0,4940,0,10,0.0,0.0,0.997979797979798,9,100
0.0,0.0,0.0,,0.0,0.42,0,4940,0,10,0.0,0.0,0.997979797979798,9,100
0.0,0.0,0.0,,0.0,0.44,0,4940,0,10,0.0,0.0,0.997979797979798,9,100
0.0,0.0,0.0,,0.0,0.46,0,4940,0,10,0.0,0.0,0.997979797979798,9,100
0.0,0.0,0.0,,0.0,0.48,0,4940,0,10,0.0,0.0,0.997979797979798,9,100
0.0,0.0,0.0,,0.0,0.5,0,4940,0,10,0.0,0.0,0.997979797979798,9,100
0.0,0.0,0.0,,0.0,0.52,0,4940,0,10,0.0,0.0,0.997979797979798,9,100
0.0,0.0,0.0,,0.0,0.54,0,4940,0,10,0.0,0.0,0.997979797979798,9,100
0.0,0.0,0.0,,0.0,0.56,0,4940,0,10,0.0,0.0,0.997979797979798,9,100
0.0,0.0,0.0,,0.0,0.58,0,4940,0,10,0.0,0.0,0.997979797979798,9,100
0.0,0.0,0.0,,0.0,0.6,0,4940,0,10,0.0,0.0,0.997979797979798,9,100
0.0006072874493927126,0.0,1.0,0.0,0.0,0.62,0,4937,3,10,0.0,0.0006072874493927126,0.9973737373737374,9,100
0.0006072874493927126,0.0,1.0,0.0,0.0,0.64,0,4937,3,10,0.0,0.0006072874493927126,0.9973737373737374,9,100
0.0006072874493927126,0.0,1.0,0.0,0.0,0.66,0,4937,3,10,0.0,0.0006072874493927126,0.9973737373737374,9,100
0.0006072874493927126,0.0,1.0,0.0,0.0,0.68,0,4937,3,10,0.0,0.0006072874493927126,0.9973737373737374,9,100
0.0006072874493927126,0.0,1.0,0.0,0.0,0.7,0,4937,3,10,0.0,0.0006072874493927126,0.9973737373737374,9,100
0.0006072874493927126,0.0,1.0,0.0,0.0,0.72,0,4937,3,10,0.0,0.0006072874493927126,0.9973737373737374,9,100
0.0006072874493927126,0.0,1.0,0.0,0.0,0.74,0,4937,3,10,0.0,0.0006072874493927126,0.9973737373737374,9,100
0.0006072874493927126,0.0,1.0,0.0,0.0,0.76,0,4937,3,10,0.0,0.0006072874493927126,0.9973737373737374,9,100
0.0006072874493927126,0.0,1.0,0.0,0.0,0.78,0,4937,3,10,0.0,0.0006072874493927126,0.9973737373737374,9,100
0.0006072874493927126,0.0,1.0,0.0,0.0,0.8,0,4937,3,10,0.0,0.0006072874493927126,0.9973737373737374,9,100
0.0006072874493927126,0.0,1.0,0.0,0.0,0.82,0,4937,3,10,0.0,0.0006072874493927126,0.9973737373737374,9,100
0.0006072874493927126,0.0,1.0,0.0,0.0,0.84,0,4937,3,10,0.0,0.0006072874493927126,0.9973737373737374,9,100
0.0006072874493927126,0.0,1.0,0.0,0.0,0.86,0,4937,3,10,0.0,0.0006072874493927126,0.9973737373737374,9,100
0.0006072874493927126,0.0,1.0,0.0,0.0,0.88,0,4937,3,10,0.0,0.0006072874493927126,0.9973737373737374,9,100
0.006072874493927126,0.1,0.967741935483871,0.03225806451612903,0.1,0.9,1,4910,30,9,0.1,0.006072874493927126,0.9921212121212121,9,100
0.006072874493927126,0.1,0.967741935483871,0.03225806451612903,0.1,0.92,1,4910,30,9,0.1,0.006072874493927126,0.9921212121212121,9,100
0.02874493927125506,0.1,0.993006993006993,0.006993006993006993,0.1,0.94,1,4798,142,9,0.1,0.02874493927125506,0.9694949494949495,9,100
0.04878542510121457,0.2,0.9917695473251029,0.00823045267489712,0.2,0.96,2,4699,241,8,0.2,0.04878542510121457,0.9496969696969697,9,100
0.05242914979757085,0.3,0.9885496183206107,0.011450381679389313,0.3,0.98,3,4681,259,7,0.3,0.05242914979757085,0.9462626262626262,9,100
0.823076923076923,1.0,0.9975466143277724,0.0024533856722276743,1.0,1.0,10,874,4066,0,1.0,0.823076923076923,0.1785858585858586,9,100
0.0,0.0,0.0,,0.0,0.02,0,4940,0,10,0.0,0.0,0.997979797979798,10,100
0.0,0.0,0.0,,0.0,0.04,0,4940,0,10,0.0,0.0,0.997979797979798,10,100
0.0,0.0,0.0,,0.0,0.06,0,4940,0,10,0.0,0.0,0.997979797979798,10,100
0.0,0.0,0.0,,0.0,0.08,0,4940,0,10,0.0,0.0,0.997979797979798,10,100
0.0,0.0,0.0,,0.0,0.1,0,4940,0,10,0.0,0.0,0.997979797979798,10,100
0.0,0.0,0.0,,0.0,0.12,0,4940,0,10,0.0,0.0,0.997979797979798,10,100
0.0,0.0,0.0,,0.0,0.14,0,4940,0,10,0.0,0.0,0.997979797979798,10,100
0.0,0.0,0.0,,0.0,0.16,0,4940,0,10,0.0,0.0,0.997979797979798,10,100
0.0,0.0,0.0,,0.0,0.18,0,4940,0,10,0.0,0.0,0.997979797979798,10,100
0.0,0.0,0.0,,0.0,0.2,0,4940,0,10,0.0,0.0,0.997979797979798,10,100
0.00020242914979757084,0.0,1.0,0.0,0.0,0.22,0,4939,1,10,0.0,0.00020242914979757084,0.9977777777777778,10,100
0.00020242914979757084,0.0,1.0,0.0,0.0,0.24,0,4939,1,10,0.0,0.00020242914979757084,0.9977777777777778,10,100
0.0004048582995951417,0.0,1.0,0.0,0.0,0.26,0,4938,2,10,0.0,0.0004048582995951417,0.9975757575757576,10,100
0.0004048582995951417,0.0,1.0,0.0,0.0,0.28,0,4938,2,10,0.0,0.0004048582995951417,0.9975757575757576,10,100
0.0004048582995951417,0.0,1.0,0.0,0.0,0.3,0,4938,2,10,0.0,0.0004048582995951417,0.9975757575757576,10,100
0.0012145748987854252,0.0,1.0,0.0,0.0,0.32,0,4934,6,10,0.0,0.0012145748987854252,0.9967676767676767,10,100
0.0012145748987854252,0.0,1.0,0.0,0.0,0.34,0,4934,6,10,0.0,0.0012145748987854252,0.9967676767676767,10,100
0.0012145748987854252,0.0,1.0,0.0,0.0,0.36,0,4934,6,10,0.0,0.0012145748987854252,0.9967676767676767,10,100
0.0012145748987854252,0.0,1.0,0.0,0.0,0.38,0,4934,6,10,0.0,0.0012145748987854252,0.9967676767676767,10,100
0.0012145748987854252,0.0,1.0,0.0,0.0,0.4,0,4934,6,10,0.0,0.0012145748987854252,0.9967676767676767,10,100
0.0012145748987854252,0.0,1.0,0.0,0.0,0.42,0,4934,6,10,0.0,0.0012145748987854252,0.9967676767676767,10,100
0.0012145748987854252,0.0,1.0,0.0,0.0,0.44,0,4934,6,10,0.0,0.0012145748987854252,0.9967676767676767,10,100
0.0012145748987854252,0.0,1.0,0.0,0.0,0.46,0,4934,6,10,0.0,0.0012145748987854252,0.9967676767676767,10,100
0.0012145748987854252,0.0,1.0,0.0,0.0,0.48,0,4934,6,10,0.0,0.0012145748987854252,0.9967676767676767,10,100
0.0012145748987854252,0.0,1.0,0.0,0.0,0.5,0,4934,6,10,0.0,0.0012145748987854252,0.9967676767676767,10,100
0.0012145748987854252,0.0,1.0,0.0,0.0,0.52,0,4934,6,10,0.0,0.0012145748987854252,0.9967676767676767,10,100
0.0012145748987854252,0.0,1.0,0.0,0.0,0.54,0,4934,6,10,0.0,0.0012145748987854252,0.9967676767676767,10,100
0.0012145748987854252,0.0,1.0,0.0,0.0,0.56,0,4934,6,10,0.0,0.0012145748987854252,0.9967676767676767,10,100
0.0012145748987854252,0.0,1.0,0.0,0.0,0.58,0,4934,6,10,0.0,0.0012145748987854252,0.9967676767676767,10,100
0.0012145748987854252,0.0,1.0,0.0,0.0,0.6,0,4934,6,10,0.0,0.0012145748987854252,0.9967676767676767,10,100
0.0012145748987854252,0.0,1.0,0.0,0.0,0.62,0,4934,6,10,0.0,0.0012145748987854252,0.9967676767676767,10,100
0.0012145748987854252,0.0,1.0,0.0,0.0,0.64,0,4934,6,10,0.0,0.0012145748987854252,0.9967676767676767,10,100
0.0012145748987854252,0.0,1.0,0.0,0.0,0.66,0,4934,6,10,0.0,0.0012145748987854252,0.9967676767676767,10,100
0.0012145748987854252,0.0,1.0,0.0,0.0,0.68,0,4934,6,10,0.0,0.0012145748987854252,0.9967676767676767,10,100
0.001417004048582996,0.0,1.0,0.0,0.0,0.7,0,4933,7,10,0.0,0.001417004048582996,0.9965656565656565,10,100
0.0018218623481781376,0.0,1.0,0.0,0.0,0.72,0,4931,9,10,0.0,0.0018218623481781376,0.9961616161616161,10,100
0.0018218623481781376,0.0,1.0,0.0,0.0,0.74,0,4931,9,10,0.0,0.0018218623481781376,0.9961616161616161,10,100
0.0018218623481781376,0.0,1.0,0.0,0.0,0.76,0,4931,9,10,0.0,0.0018218623481781376,0.9961616161616161,10,100
0.0018218623481781376,0.0,1.0,0.0,0.0,0.78,0,4931,9,10,0.0,0.0018218623481781376,0.9961616161616161,10,100
0.0018218623481781376,0.0,1.0,0.0,0.0,0.8,0,4931,9,10,0.0,0.0018218623481781376,0.9961616161616161,10,100
0.0018218623481781376,0.0,1.0,0.0,0.0,0.82,0,4931,9,10,0.0,0.0018218623481781376,0.9961616161616161,10,100
0.0018218623481781376,0.0,1.0,0.0,0.0,0.84,0,4931,9,10,0.0,0.0018218623481781376,0.9961616161616161,10,100
0.0018218623481781376,0.0,1.0,0.0,0.0,0.86,0,4931,9,10,0.0,0.0018218623481781376,0.9961616161616161,10,100
0.007489878542510121,0.1,0.9736842105263158,0.02631578947368421,0.1,0.88,1,4903,37,9,0.1,0.007489878542510121,0.9907070707070708,10,100
0.01720647773279352,0.2,0.9770114942528736,0.022988505747126436,0.2,0.9,2,4855,85,8,0.2,0.01720647773279352,0.9812121212121212,10,100
0.01882591093117409,0.2,0.9789473684210527,0.021052631578947368,0.2,0.92,2,4847,93,8,0.2,0.01882591093117409,0.9795959595959596,10,100
0.020647773279352227,0.2,0.9807692307692307,0.019230769230769232,0.2,0.94,2,4838,102,8,0.2,0.020647773279352227,0.9777777777777777,10,100
0.022672064777327937,0.2,0.9824561403508771,0.017543859649122806,0.2,0.96,2,4828,112,8,0.2,0.022672064777327937,0.9757575757575757,10,100
0.027732793522267207,0.2,0.9856115107913669,0.014388489208633094,0.2,0.98,2,4803,137,8,0.2,0.027732793522267207,0.9707070707070707,10,100
0.9346153846153846,1.0,0.9978387724227361,0.002161227577263886,1.0,1.0,10,323,4617,0,1.0,0.9346153846153846,0.06727272727272728,10,100
0.0,0.0,0.0,,0.0,0.02,0,4940,0,10,0.0,0.0,0.997979797979798,11,100
0.0,0.0,0.0,,0.0,0.04,0,4940,0,10,0.0,0.0,0.997979797979798,11,100
0.0,0.0,0.0,,0.0,0.06,0,4940,0,10,0.0,0.0,0.997979797979798,11,100
0.0,0.0,0.0,,0.0,0.08,0,4940,0,10,0.0,0.0,0.997979797979798,11,100
0.0,0.0,0.0,,0.0,0.1,0,4940,0,10,0.0,0.0,0.997979797979798,11,100
0.0,0.0,0.0,,0.0,0.12,0,4940,0,10,0.0,0.0,0.997979797979798,11,100
0.0,0.0,0.0,,0.0,0.14,0,4940,0,10,0.0,0.0,0.997979797979798,11,100
0.0,0.0,0.0,,0.0,0.16,0,4940,0,10,0.0,0.0,0.997979797979798,11,100
0.0,0.0,0.0,,0.0,0.18,0,4940,0,10,0.0,0.0,0.997979797979798,11,100
0.0,0.0,0.0,,0.0,0.2,0,4940,0,10,0.0,0.0,0.997979797979798,11,100
0.0,0.0,0.0,,0.0,0.22,0,4940,0,10,0.0,0.0,0.997979797979798,11,100
0.0,0.0,0.0,,0.0,0.24,0,4940,0,10,0.0,0.0,0.997979797979798,11,100
0.0,0.0,0.0,,0.0,0.26,0,4940,0,10,0.0,0.0,0.997979797979798,11,100
0.0,0.0,0.0,,0.0,0.28,0,4940,0,10,0.0,0.0,0.997979797979798,11,100
0.0,0.0,0.0,,0.0,0.3,0,4940,0,10,0.0,0.0,0.997979797979798,11,100
0.0,0.0,0.0,,0.0,0.32,0,4940,0,10,0.0,0.0,0.997979797979798,11,100
0.0,0.0,0.0,,0.0,0.34,0,4940,0,10,0.0,0.0,0.997979797979798,11,100
0.0,0.0,0.0,,0.0,0.36,0,4940,0,10,0.0,0.0,0.997979797979798,11,100
0.0,0.0,0.0,,0.0,0.38,0,4940,0,10,0.0,0.0,0.997979797979798,11,100
0.0,0.0,0.0,,0.0,0.4,0,4940,0,10,0.0,0.0,0.997979797979798,11,100
0.0,0.0,0.0,,0.0,0.42,0,4940,0,10,0.0,0.0,0.997979797979798,11,100
0.0,0.0,0.0,,0.0,0.44,0,4940,0,10,0.0,0.0,0.997979797979798,11,100
0.0,0.0,0.0,,0.0,0.46,0,4940,0,10,0.0,0.0,0.997979797979798,11,100
0.0,0.0,0.0,,0.0,0.48,0,4940,0,10,0.0,0.0,0.997979797979798,11,100
0.0,0.0,0.0,,0.0,0.5,0,4940,0,10,0.0,0.0,0.997979797979798,11,100
0.0,0.0,0.0,,0.0,0.52,0,4940,0,10,0.0,0.0,0.997979797979798,11,100
0.0,0.0,0.0,,0.0,0.54,0,4940,0,10,0.0,0.0,0.997979797979798,11,100
0.0,0.0,0.0,,0.0,0.56,0,4940,0,10,0.0,0.0,0.997979797979798,11,100
0.0,0.0,0.0,,0.0,0.58,0,4940,0,10,0.0,0.0,0.997979797979798,11,100
0.0,0.0,0.0,,0.0,0.6,0,4940,0,10,0.0,0.0,0.997979797979798,11,100
0.0012145748987854252,0.2,0.75,0.25,0.2,0.62,2,4934,6,8,0.2,0.0012145748987854252,0.9971717171717172,11,100
0.0012145748987854252,0.2,0.75,0.25,0.2,0.64,2,4934,6,8,0.2,0.0012145748987854252,0.9971717171717172,11,100
0.0012145748987854252,0.2,0.75,0.25,0.2,0.66,2,4934,6,8,0.2,0.0012145748987854252,0.9971717171717172,11,100
0.0024291497975708503,0.2,0.8571428571428571,0.14285714285714285,0.2,0.68,2,4928,12,8,0.2,0.0024291497975708503,0.9959595959595959,11,100
0.0024291497975708503,0.2,0.8571428571428571,0.14285714285714285,0.2,0.7,2,4928,12,8,0.2,0.0024291497975708503,0.9959595959595959,11,100
0.0024291497975708503,0.2,0.8571428571428571,0.14285714285714285,0.2,0.72,2,4928,12,8,0.2,0.0024291497975708503,0.9959595959595959,11,100
0.00465587044534413,0.2,0.92,0.08,0.2,0.74,2,4917,23,8,0.2,0.00465587044534413,0.9937373737373737,11,100
0.00465587044534413,0.2,0.92,0.08,0.2,0.76,2,4917,23,8,0.2,0.00465587044534413,0.9937373737373737,11,100
0.00465587044534413,0.2,0.92,0.08,0.2,0.78,2,4917,23,8,0.2,0.00465587044534413,0.9937373737373737,11,100
0.004858299595141701,0.2,0.9230769230769231,0.07692307692307693,0.2,0.8,2,4916,24,8,0.2,0.004858299595141701,0.9935353535353535,11,100
0.004858299595141701,0.2,0.9230769230769231,0.07692307692307693,0.2,0.82,2,4916,24,8,0.2,0.004858299595141701,0.9935353535353535,11,100
0.004858299595141701,0.2,0.9230769230769231,0.07692307692307693,0.2,0.84,2,4916,24,8,0.2,0.004858299595141701,0.9935353535353535,11,100
0.005060728744939271,0.2,0.9259259259259259,0.07407407407407407,0.2,0.86,2,4915,25,8,0.2,0.005060728744939271,0.9933333333333333,11,100
0.005060728744939271,0.2,0.9259259259259259,0.07407407407407407,0.2,0.88,2,4915,25,8,0.2,0.005060728744939271,0.9933333333333333,11,100
0.00708502024291498,0.2,0.9459459459459459,0.05405405405405406,0.2,0.9,2,4905,35,8,0.2,0.00708502024291498,0.9913131313131314,11,100
0.015384615384615385,0.3,0.9620253164556962,0.0379746835443038,0.3,0.92,3,4864,76,7,0.3,0.015384615384615385,0.9832323232323232,11,100
0.023076923076923078,0.4,0.9661016949152542,0.03389830508474576,0.4,0.94,4,4826,114,6,0.4,0.023076923076923078,0.9757575757575757,11,100
0.031174089068825912,0.4,0.9746835443037974,0.02531645569620253,0.4,0.96,4,4786,154,6,0.4,0.031174089068825912,0.9676767676767677,11,100
0.20566801619433198,0.7,0.9931573802541545,0.006842619745845552,0.7,0.98,7,3924,1016,3,0.7,0.20566801619433198,0.7941414141414141,11,100
0.26072874493927123,0.8,0.9938271604938271,0.006172839506172839,0.8,1.0,8,3652,1288,2,0.8,0.26072874493927123,0.7393939393939394,11,100
0.0,0.1,0.0,1.0,0.1,0.02,1,4940,0,9,0.1,0.0,0.9981818181818182,12,100
0.0,0.1,0.0,1.0,0.1,0.04,1,4940,0,9,0.1,0.0,0.9981818181818182,12,100
0.0,0.1,0.0,1.0,0.1,0.06,1,4940,0,9,0.1,0.0,0.9981818181818182,12,100
0.0,0.1,0.0,1.0,0.1,0.08,1,4940,0,9,0.1,0.0,0.9981818181818182,12,100
0.0,0.1,0.0,1.0,0.1,0.1,1,4940,0,9,0.1,0.0,0.9981818181818182,12,100
0.0,0.0,0.0,,0.0,0.12,0,4940,0,10,0.0,0.0,0.997979797979798,12,100
0.0,0.0,0.0,,0.0,0.14,0,4940,0,10,0.0,0.0,0.997979797979798,12,100
0.0,0.1,0.0,1.0,0.1,0.16,1,4940,0,9,0.1,0.0,0.9981818181818182,12,100
0.0,0.1,0.0,1.0,0.1,0.18,1,4940,0,9,0.1,0.0,0.9981818181818182,12,100
0.0,0.1,0.0,1.0,0.1,0.2,1,4940,0,9,0.1,0.0,0.9981818181818182,12,100
0.0,0.1,0.0,1.0,0.1,0.22,1,4940,0,9,0.1,0.0,0.9981818181818182,12,100
0.0,0.1,0.0,1.0,0.1,0.24,1,4940,0,9,0.1,0.0,0.9981818181818182,12,100
0.0,0.1,0.0,1.0,0.1,0.26,1,4940,0,9,0.1,0.0,0.9981818181818182,12,100
0.0,0.1,0.0,1.0,0.1,0.28,1,4940,0,9,0.1,0.0,0.9981818181818182,12,100
0.0,0.1,0.0,1.0,0.1,0.3,1,4940,0,9,0.1,0.0,0.9981818181818182,12,100
0.0,0.1,0.0,1.0,0.1,0.32,1,4940,0,9,0.1,0.0,0.9981818181818182,12,100
0.0,0.1,0.0,1.0,0.1,0.34,1,4940,0,9,0.1,0.0,0.9981818181818182,12,100
0.0,0.1,0.0,1.0,0.1,0.36,1,4940,0,9,0.1,0.0,0.9981818181818182,12,100
0.0,0.1,0.0,1.0,0.1,0.38,1,4940,0,9,0.1,0.0,0.9981818181818182,12,100
0.0,0.1,0.0,1.0,0.1,0.4,1,4940,0,9,0.1,0.0,0.9981818181818182,12,100
0.0,0.1,0.0,1.0,0.1,0.42,1,4940,0,9,0.1,0.0,0.9981818181818182,12,100
0.0,0.1,0.0,1.0,0.1,0.44,1,4940,0,9,0.1,0.0,0.9981818181818182,12,100
0.0,0.1,0.0,1.0,0.1,0.46,1,4940,0,9,0.1,0.0,0.9981818181818182,12,100
0.0,0.1,0.0,1.0,0.1,0.48,1,4940,0,9,0.1,0.0,0.9981818181818182,12,100
0.0,0.1,0.0,1.0,0.1,0.5,1,4940,0,9,0.1,0.0,0.9981818181818182,12,100
0.0,0.1,0.0,1.0,0.1,0.52,1,4940,0,9,0.1,0.0,0.9981818181818182,12,100
0.0,0.1,0.0,1.0,0.1,0.54,1,4940,0,9,0.1,0.0,0.9981818181818182,12,100
0.0,0.1,0.0,1.0,0.1,0.56,1,4940,0,9,0.1,0.0,0.9981818181818182,12,100
0.0,0.1,0.0,1.0,0.1,0.58,1,4940,0,9,0.1,0.0,0.9981818181818182,12,100
0.0,0.1,0.0,1.0,0.1,0.6,1,4940,0,9,0.1,0.0,0.9981818181818182,12,100
0.0,0.1,0.0,1.0,0.1,0.62,1,4940,0,9,0.1,0.0,0.9981818181818182,12,100
0.0,0.1,0.0,1.0,0.1,0.64,1,4940,0,9,0.1,0.0,0.9981818181818182,12,100
0.0006072874493927126,0.2,0.6,0.4,0.2,0.66,2,4937,3,8,0.2,0.0006072874493927126,0.9977777777777778,12,100
0.0006072874493927126,0.2,0.6,0.4,0.2,0.68,2,4937,3,8,0.2,0.0006072874493927126,0.9977777777777778,12,100
0.0006072874493927126,0.2,0.6,0.4,0.2,0.7,2,4937,3,8,0.2,0.0006072874493927126,0.9977777777777778,12,100
0.002631578947368421,0.2,0.8666666666666667,0.13333333333333333,0.2,0.72,2,4927,13,8,0.2,0.002631578947368421,0.9957575757575757,12,100
0.003036437246963563,0.2,0.8823529411764706,0.11764705882352941,0.2,0.74,2,4925,15,8,0.2,0.003036437246963563,0.9953535353535353,12,100
0.003036437246963563,0.2,0.8823529411764706,0.11764705882352941,0.2,0.76,2,4925,15,8,0.2,0.003036437246963563,0.9953535353535353,12,100
0.003036437246963563,0.2,0.8823529411764706,0.11764705882352941,0.2,0.78,2,4925,15,8,0.2,0.003036437246963563,0.9953535353535353,12,100
0.0032388663967611335,0.2,0.8888888888888888,0.1111111111111111,0.2,0.8,2,4924,16,8,0.2,0.0032388663967611335,0.9951515151515151,12,100
0.0036437246963562753,0.2,0.9,0.1,0.2,0.82,2,4922,18,8,0.2,0.0036437246963562753,0.9947474747474747,12,100
0.0072874493927125505,0.2,0.9473684210526315,0.05263157894736842,0.2,0.84,2,4904,36,8,0.2,0.0072874493927125505,0.9911111111111112,12,100
0.0072874493927125505,0.2,0.9473684210526315,0.05263157894736842,0.2,0.86,2,4904,36,8,0.2,0.0072874493927125505,0.9911111111111112,12,100
0.009109311740890687,0.2,0.9574468085106383,0.0425531914893617,0.2,0.88,2,4895,45,8,0.2,0.009109311740890687,0.9892929292929293,12,100
0.009109311740890687,0.2,0.9574468085106383,0.0425531914893617,0.2,0.9,2,4895,45,8,0.2,0.009109311740890687,0.9892929292929293,12,100
0.009109311740890687,0.2,0.9574468085106383,0.0425531914893617,0.2,0.92,2,4895,45,8,0.2,0.009109311740890687,0.9892929292929293,12,100
0.009716599190283401,0.2,0.96,0.04,0.2,0.94,2,4892,48,8,0.2,0.009716599190283401,0.9886868686868687,12,100
0.009716599190283401,0.2,0.96,0.04,0.2,0.96,2,4892,48,8,0.2,0.009716599190283401,0.9886868686868687,12,100
0.17732793522267207,0.6,0.9931972789115646,0.006802721088435374,0.6,0.98,6,4064,876,4,0.6,0.17732793522267207,0.8222222222222222,12,100
0.5234817813765182,0.8,0.9969159599074788,0.0030840400925212026,0.8,1.0,8,2354,2586,2,0.8,0.5234817813765182,0.4771717171717172,12,100
0.0,0.0,0.0,,0.0,0.02,0,4940,0,10,0.0,0.0,0.997979797979798,13,100
0.0,0.0,0.0,,0.0,0.04,0,4940,0,10,0.0,0.0,0.997979797979798,13,100
0.0,0.0,0.0,,0.0,0.06,0,4940,0,10,0.0,0.0,0.997979797979798,13,100
0.0,0.0,0.0,,0.0,0.08,0,4940,0,10,0.0,0.0,0.997979797979798,13,100
0.0,0.0,0.0,,0.0,0.1,0,4940,0,10,0.0,0.0,0.997979797979798,13,100
0.0,0.0,0.0,,0.0,0.12,0,4940,0,10,0.0,0.0,0.997979797979798,13,100
0.0,0.0,0.0,,0.0,0.14,0,4940,0,10,0.0,0.0,0.997979797979798,13,100
0.0,0.0,0.0,,0.0,0.16,0,4940,0,10,0.0,0.0,0.997979797979798,13,100
0.0,0.0,0.0,,0.0,0.18,0,4940,0,10,0.0,0.0,0.997979797979798,13,100
0.0,0.0,0.0,,0.0,0.2,0,4940,0,10,0.0,0.0,0.997979797979798,13,100
0.0,0.0,0.0,,0.0,0.22,0,4940,0,10,0.0,0.0,0.997979797979798,13,100
0.0,0.0,0.0,,0.0,0.24,0,4940,0,10,0.0,0.0,0.997979797979798,13,100
0.0,0.0,0.0,,0.0,0.26,0,4940,0,10,0.0,0.0,0.997979797979798,13,100
0.0,0.0,0.0,,0.0,0.28,0,4940,0,10,0.0,0.0,0.997979797979798,13,100
0.0,0.0,0.0,,0.0,0.3,0,4940,0,10,0.0,0.0,0.997979797979798,13,100
0.0,0.0,0.0,,0.0,0.32,0,4940,0,10,0.0,0.0,0.997979797979798,13,100
0.0,0.0,0.0,,0.0,0.34,0,4940,0,10,0.0,0.0,0.997979797979798,13,100
0.0,0.0,0.0,,0.0,0.36,0,4940,0,10,0.0,0.0,0.997979797979798,13,100
0.0,0.0,0.0,,0.0,0.38,0,4940,0,10,0.0,0.0,0.997979797979798,13,100
0.0,0.0,0.0,,0.0,0.4,0,4940,0,10,0.0,0.0,0.997979797979798,13,100
0.0,0.0,0.0,,0.0,0.42,0,4940,0,10,0.0,0.0,0.997979797979798,13,100
0.0,0.0,0.0,,0.0,0.44,0,4940,0,10,0.0,0.0,0.997979797979798,13,100
0.0,0.0,0.0,,0.0,0.46,0,4940,0,10,0.0,0.0,0.997979797979798,13,100
0.0,0.0,0.0,,0.0,0.48,0,4940,0,10,0.0,0.0,0.997979797979798,13,100
0.0,0.0,0.0,,0.0,0.5,0,4940,0,10,0.0,0.0,0.997979797979798,13,100
0.0,0.0,0.0,,0.0,0.52,0,4940,0,10,0.0,0.0,0.997979797979798,13,100
0.0008097165991902834,0.1,0.8,0.2,0.1,0.54,1,4936,4,9,0.1,0.0008097165991902834,0.9973737373737374,13,100
0.0008097165991902834,0.1,0.8,0.2,0.1,0.56,1,4936,4,9,0.1,0.0008097165991902834,0.9973737373737374,13,100
0.0008097165991902834,0.1,0.8,0.2,0.1,0.58,1,4936,4,9,0.1,0.0008097165991902834,0.9973737373737374,13,100
0.0008097165991902834,0.1,0.8,0.2,0.1,0.6,1,4936,4,9,0.1,0.0008097165991902834,0.9973737373737374,13,100
0.0008097165991902834,0.1,0.8,0.2,0.1,0.62,1,4936,4,9,0.1,0.0008097165991902834,0.9973737373737374,13,100
0.0008097165991902834,0.1,0.8,0.2,0.1,0.64,1,4936,4,9,0.1,0.0008097165991902834,0.9973737373737374,13,100
0.0008097165991902834,0.1,0.8,0.2,0.1,0.66,1,4936,4,9,0.1,0.0008097165991902834,0.9973737373737374,13,100
0.0008097165991902834,0.1,0.8,0.2,0.1,0.68,1,4936,4,9,0.1,0.0008097165991902834,0.9973737373737374,13,100
0.0008097165991902834,0.1,0.8,0.2,0.1,0.7,1,4936,4,9,0.1,0.0008097165991902834,0.9973737373737374,13,100
0.0008097165991902834,0.1,0.8,0.2,0.1,0.72,1,4936,4,9,0.1,0.0008097165991902834,0.9973737373737374,13,100
0.002226720647773279,0.3,0.7857142857142857,0.21428571428571427,0.3,0.74,3,4929,11,7,0.3,0.002226720647773279,0.9963636363636363,13,100
0.0038461538461538464,0.3,0.8636363636363636,0.13636363636363635,0.3,0.76,3,4921,19,7,0.3,0.0038461538461538464,0.9947474747474747,13,100
0.014777327935222672,0.3,0.9605263157894737,0.039473684210526314,0.3,0.78,3,4867,73,7,0.3,0.014777327935222672,0.9838383838383838,13,100
0.014777327935222672,0.3,0.9605263157894737,0.039473684210526314,0.3,0.8,3,4867,73,7,0.3,0.014777327935222672,0.9838383838383838,13,100
0.017611336032388663,0.3,0.9666666666666667,0.03333333333333333,0.3,0.82,3,4853,87,7,0.3,0.017611336032388663,0.981010101010101,13,100
0.017611336032388663,0.3,0.9666666666666667,0.03333333333333333,0.3,0.84,3,4853,87,7,0.3,0.017611336032388663,0.981010101010101,13,100
0.020445344129554656,0.3,0.9711538461538461,0.028846153846153848,0.3,0.86,3,4839,101,7,0.3,0.020445344129554656,0.9781818181818182,13,100
0.020445344129554656,0.3,0.9711538461538461,0.028846153846153848,0.3,0.88,3,4839,101,7,0.3,0.020445344129554656,0.9781818181818182,13,100
0.02388663967611336,0.3,0.9752066115702479,0.024793388429752067,0.3,0.9,3,4822,118,7,0.3,0.02388663967611336,0.9747474747474747,13,100
0.09736842105263158,0.4,0.9917525773195877,0.008247422680412371,0.4,0.92,4,4459,481,6,0.4,0.09736842105263158,0.9016161616161616,13,100
0.09736842105263158,0.4,0.9917525773195877,0.008247422680412371,0.4,0.94,4,4459,481,6,0.4,0.09736842105263158,0.9016161616161616,13,100
0.12753036437246965,0.4,0.9936908517350158,0.006309148264984227,0.4,0.96,4,4310,630,6,0.4,0.12753036437246965,0.8715151515151515,13,100
0.29412955465587043,0.5,0.9965706447187929,0.003429355281207133,0.5,0.98,5,3487,1453,5,0.5,0.29412955465587043,0.7054545454545454,13,100
0.9720647773279352,1.0,0.9979218620116376,0.0020781379883624274,1.0,1.0,10,138,4802,0,1.0,0.9720647773279352,0.0298989898989899,13,100
0.00020242914979757084,0.0,1.0,0.0,0.0,0.02,0,4939,1,10,0.0,0.00020242914979757084,0.9977777777777778,14,100
0.00020242914979757084,0.0,1.0,0.0,0.0,0.04,0,4939,1,10,0.0,0.00020242914979757084,0.9977777777777778,14,100
0.00020242914979757084,0.0,1.0,0.0,0.0,0.06,0,4939,1,10,0.0,0.00020242914979757084,0.9977777777777778,14,100
0.0,0.0,0.0,,0.0,0.08,0,4940,0,10,0.0,0.0,0.997979797979798,14,100
0.00020242914979757084,0.0,1.0,0.0,0.0,0.1,0,4939,1,10,0.0,0.00020242914979757084,0.9977777777777778,14,100
0.00020242914979757084,0.0,1.0,0.0,0.0,0.12,0,4939,1,10,0.0,0.00020242914979757084,0.9977777777777778,14,100
0.00020242914979757084,0.0,1.0,0.0,0.0,0.14,0,4939,1,10,0.0,0.00020242914979757084,0.9977777777777778,14,100
0.00020242914979757084,0.0,1.0,0.0,0.0,0.16,0,4939,1,10,0.0,0.00020242914979757084,0.9977777777777778,14,100
0.00020242914979757084,0.0,1.0,0.0,0.0,0.18,0,4939,1,10,0.0,0.00020242914979757084,0.9977777777777778,14,100
0.00020242914979757084,0.0,1.0,0.0,0.0,0.2,0,4939,1,10,0.0,0.00020242914979757084,0.9977777777777778,14,100
0.00020242914979757084,0.0,1.0,0.0,0.0,0.22,0,4939,1,10,0.0,0.00020242914979757084,0.9977777777777778,14,100
0.00020242914979757084,0.0,1.0,0.0,0.0,0.24,0,4939,1,10,0.0,0.00020242914979757084,0.9977777777777778,14,100
0.00020242914979757084,0.0,1.0,0.0,0.0,0.26,0,4939,1,10,0.0,0.00020242914979757084,0.9977777777777778,14,100
0.00020242914979757084,0.0,1.0,0.0,0.0,0.28,0,4939,1,10,0.0,0.00020242914979757084,0.9977777777777778,14,100
0.00020242914979757084,0.0,1.0,0.0,0.0,0.3,0,4939,1,10,0.0,0.00020242914979757084,0.9977777777777778,14,100
0.00020242914979757084,0.0,1.0,0.0,0.0,0.32,0,4939,1,10,0.0,0.00020242914979757084,0.9977777777777778,14,100
0.00020242914979757084,0.0,1.0,0.0,0.0,0.34,0,4939,1,10,0.0,0.00020242914979757084,0.9977777777777778,14,100
0.00020242914979757084,0.0,1.0,0.0,0.0,0.36,0,4939,1,10,0.0,0.00020242914979757084,0.9977777777777778,14,100
0.00020242914979757084,0.0,1.0,0.0,0.0,0.38,0,4939,1,10,0.0,0.00020242914979757084,0.9977777777777778,14,100
0.00020242914979757084,0.0,1.0,0.0,0.0,0.4,0,4939,1,10,0.0,0.00020242914979757084,0.9977777777777778,14,100
0.00020242914979757084,0.0,1.0,0.0,0.0,0.42,0,4939,1,10,0.0,0.00020242914979757084,0.9977777777777778,14,100
0.00020242914979757084,0.0,1.0,0.0,0.0,0.44,0,4939,1,10,0.0,0.00020242914979757084,0.9977777777777778,14,100
0.00020242914979757084,0.0,1.0,0.0,0.0,0.46,0,4939,1,10,0.0,0.00020242914979757084,0.9977777777777778,14,100
0.0004048582995951417,0.0,1.0,0.0,0.0,0.48,0,4938,2,10,0.0,0.0004048582995951417,0.9975757575757576,14,100
0.0004048582995951417,0.0,1.0,0.0,0.0,0.5,0,4938,2,10,0.0,0.0004048582995951417,0.9975757575757576,14,100
0.0004048582995951417,0.0,1.0,0.0,0.0,0.52,0,4938,2,10,0.0,0.0004048582995951417,0.9975757575757576,14,100
0.002631578947368421,0.2,0.8666666666666667,0.13333333333333333,0.2,0.54,2,4927,13,8,0.2,0.002631578947368421,0.9957575757575757,14,100
0.002631578947368421,0.2,0.8666666666666667,0.13333333333333333,0.2,0.56,2,4927,13,8,0.2,0.002631578947368421,0.9957575757575757,14,100
0.002631578947368421,0.2,0.8666666666666667,0.13333333333333333,0.2,0.58,2,4927,13,8,0.2,0.002631578947368421,0.9957575757575757,14,100
0.002631578947368421,0.2,0.8666666666666667,0.13333333333333333,0.2,0.6,2,4927,13,8,0.2,0.002631578947368421,0.9957575757575757,14,100
0.002631578947368421,0.2,0.8666666666666667,0.13333333333333333,0.2,0.62,2,4927,13,8,0.2,0.002631578947368421,0.9957575757575757,14,100
0.002631578947368421,0.2,0.8666666666666667,0.13333333333333333,0.2,0.64,2,4927,13,8,0.2,0.002631578947368421,0.9957575757575757,14,100
0.00465587044534413,0.2,0.92,0.08,0.2,0.66,2,4917,23,8,0.2,0.00465587044534413,0.9937373737373737,14,100
0.005263157894736842,0.2,0.9285714285714286,0.07142857142857142,0.2,0.68,2,4914,26,8,0.2,0.005263157894736842,0.9931313131313131,14,100
0.005263157894736842,0.2,0.9285714285714286,0.07142857142857142,0.2,0.7,2,4914,26,8,0.2,0.005263157894736842,0.9931313131313131,14,100
0.005263157894736842,0.2,0.9285714285714286,0.07142857142857142,0.2,0.72,2,4914,26,8,0.2,0.005263157894736842,0.9931313131313131,14,100
0.005263157894736842,0.2,0.9285714285714286,0.07142857142857142,0.2,0.74,2,4914,26,8,0.2,0.005263157894736842,0.9931313131313131,14,100
0.006275303643724696,0.2,0.9393939393939394,0.06060606060606061,0.2,0.76,2,4909,31,8,0.2,0.006275303643724696,0.9921212121212121,14,100
0.007894736842105263,0.3,0.9285714285714286,0.07142857142857142,0.3,0.78,3,4901,39,7,0.3,0.007894736842105263,0.9907070707070708,14,100
0.007894736842105263,0.3,0.9285714285714286,0.07142857142857142,0.3,0.8,3,4901,39,7,0.3,0.007894736842105263,0.9907070707070708,14,100
0.008704453441295546,0.3,0.9347826086956522,0.06521739130434782,0.3,0.82,3,4897,43,7,0.3,0.008704453441295546,0.98989898989899,14,100
0.010931174089068825,0.4,0.9310344827586207,0.06896551724137931,0.4,0.84,4,4886,54,6,0.4,0.010931174089068825,0.9878787878787879,14,100
0.023076923076923078,0.4,0.9661016949152542,0.03389830508474576,0.4,0.86,4,4826,114,6,0.4,0.023076923076923078,0.9757575757575757,14,100
0.025303643724696356,0.4,0.9689922480620154,0.031007751937984496,0.4,0.88,4,4815,125,6,0.4,0.025303643724696356,0.9735353535353536,14,100
0.07307692307692308,0.4,0.989041095890411,0.010958904109589041,0.4,0.9,4,4579,361,6,0.4,0.07307692307692308,0.9258585858585858,14,100
0.08643724696356275,0.5,0.9884259259259259,0.011574074074074073,0.5,0.92,5,4513,427,5,0.5,0.08643724696356275,0.9127272727272727,14,100
0.09412955465587045,0.5,0.9893617021276596,0.010638297872340425,0.5,0.94,5,4475,465,5,0.5,0.09412955465587045,0.9050505050505051,14,100
0.1431174089068826,0.5,0.9929775280898876,0.007022471910112359,0.5,0.96,5,4233,707,5,0.5,0.1431174089068826,0.8561616161616161,14,100
0.415587044534413,0.8,0.9961183891314895,0.0038816108685104317,0.8,0.98,8,2887,2053,2,0.8,0.415587044534413,0.5848484848484848,14,100
0.6026315789473684,1.0,0.9966521593572146,0.0033478406427854034,1.0,1.0,10,1963,2977,0,1.0,0.6026315789473684,0.3985858585858586,14,100
0.0,0.0,0.0,,0.0,0.02,0,4940,0,10,0.0,0.0,0.997979797979798,15,100
0.0,0.0,0.0,,0.0,0.04,0,4940,0,10,0.0,0.0,0.997979797979798,15,100
0.0,0.0,0.0,,0.0,0.06,0,4940,0,10,0.0,0.0,0.997979797979798,15,100
0.0,0.0,0.0,,0.0,0.08,0,4940,0,10,0.0,0.0,0.997979797979798,15,100
0.0,0.0,0.0,,0.0,0.1,0,4940,0,10,0.0,0.0,0.997979797979798,15,100
0.0,0.0,0.0,,0.0,0.12,0,4940,0,10,0.0,0.0,0.997979797979798,15,100
0.0,0.0,0.0,,0.0,0.14,0,4940,0,10,0.0,0.0,0.997979797979798,15,100
0.0,0.0,0.0,,0.0,0.16,0,4940,0,10,0.0,0.0,0.997979797979798,15,100
0.0,0.0,0.0,,0.0,0.18,0,4940,0,10,0.0,0.0,0.997979797979798,15,100
0.0,0.0,0.0,,0.0,0.2,0,4940,0,10,0.0,0.0,0.997979797979798,15,100
0.0004048582995951417,0.0,1.0,0.0,0.0,0.22,0,4938,2,10,0.0,0.0004048582995951417,0.9975757575757576,15,100
0.0006072874493927126,0.0,1.0,0.0,0.0,0.24,0,4937,3,10,0.0,0.0006072874493927126,0.9973737373737374,15,100
0.0006072874493927126,0.0,1.0,0.0,0.0,0.26,0,4937,3,10,0.0,0.0006072874493927126,0.9973737373737374,15,100
0.0006072874493927126,0.0,1.0,0.0,0.0,0.28,0,4937,3,10,0.0,0.0006072874493927126,0.9973737373737374,15,100
0.0006072874493927126,0.0,1.0,0.0,0.0,0.3,0,4937,3,10,0.0,0.0006072874493927126,0.9973737373737374,15,100
0.0006072874493927126,0.0,1.0,0.0,0.0,0.32,0,4937,3,10,0.0,0.0006072874493927126,0.9973737373737374,15,100
0.0006072874493927126,0.0,1.0,0.0,0.0,0.34,0,4937,3,10,0.0,0.0006072874493927126,0.9973737373737374,15,100
0.0008097165991902834,0.0,1.0,0.0,0.0,0.36,0,4936,4,10,0.0,0.0008097165991902834,0.9971717171717172,15,100
0.0008097165991902834,0.0,1.0,0.0,0.0,0.38,0,4936,4,10,0.0,0.0008097165991902834,0.9971717171717172,15,100
0.0008097165991902834,0.0,1.0,0.0,0.0,0.4,0,4936,4,10,0.0,0.0008097165991902834,0.9971717171717172,15,100
0.0008097165991902834,0.0,1.0,0.0,0.0,0.42,0,4936,4,10,0.0,0.0008097165991902834,0.9971717171717172,15,100
0.0008097165991902834,0.0,1.0,0.0,0.0,0.44,0,4936,4,10,0.0,0.0008097165991902834,0.9971717171717172,15,100
0.0008097165991902834,0.0,1.0,0.0,0.0,0.46,0,4936,4,10,0.0,0.0008097165991902834,0.9971717171717172,15,100
0.0008097165991902834,0.0,1.0,0.0,0.0,0.48,0,4936,4,10,0.0,0.0008097165991902834,0.9971717171717172,15,100
0.0008097165991902834,0.0,1.0,0.0,0.0,0.5,0,4936,4,10,0.0,0.0008097165991902834,0.9971717171717172,15,100
0.0008097165991902834,0.0,1.0,0.0,0.0,0.52,0,4936,4,10,0.0,0.0008097165991902834,0.9971717171717172,15,100
0.0008097165991902834,0.0,1.0,0.0,0.0,0.54,0,4936,4,10,0.0,0.0008097165991902834,0.9971717171717172,15,100
0.0008097165991902834,0.0,1.0,0.0,0.0,0.56,0,4936,4,10,0.0,0.0008097165991902834,0.9971717171717172,15,100
0.0008097165991902834,0.0,1.0,0.0,0.0,0.58,0,4936,4,10,0.0,0.0008097165991902834,0.9971717171717172,15,100
0.0008097165991902834,0.0,1.0,0.0,0.0,0.6,0,4936,4,10,0.0,0.0008097165991902834,0.9971717171717172,15,100
0.0010121457489878543,0.0,1.0,0.0,0.0,0.62,0,4935,5,10,0.0,0.0010121457489878543,0.996969696969697,15,100
0.0010121457489878543,0.0,1.0,0.0,0.0,0.64,0,4935,5,10,0.0,0.0010121457489878543,0.996969696969697,15,100
0.0010121457489878543,0.0,1.0,0.0,0.0,0.66,0,4935,5,10,0.0,0.0010121457489878543,0.996969696969697,15,100
0.0010121457489878543,0.0,1.0,0.0,0.0,0.68,0,4935,5,10,0.0,0.0010121457489878543,0.996969696969697,15,100
0.0016194331983805667,0.0,1.0,0.0,0.0,0.7,0,4932,8,10,0.0,0.0016194331983805667,0.9963636363636363,15,100
0.0018218623481781376,0.0,1.0,0.0,0.0,0.72,0,4931,9,10,0.0,0.0018218623481781376,0.9961616161616161,15,100
0.01174089068825911,0.0,1.0,0.0,0.0,0.74,0,4882,58,10,0.0,0.01174089068825911,0.9862626262626263,15,100
0.012955465587044534,0.0,1.0,0.0,0.0,0.76,0,4876,64,10,0.0,0.012955465587044534,0.9850505050505051,15,100
0.018218623481781375,0.0,1.0,0.0,0.0,0.78,0,4850,90,10,0.0,0.018218623481781375,0.9797979797979798,15,100
0.022267206477732792,0.0,1.0,0.0,0.0,0.8,0,4830,110,10,0.0,0.022267206477732792,0.9757575757575757,15,100
0.022267206477732792,0.0,1.0,0.0,0.0,0.82,0,4830,110,10,0.0,0.022267206477732792,0.9757575757575757,15,100
0.025910931174089068,0.1,0.9922480620155039,0.007751937984496124,0.1,0.84,1,4812,128,9,0.1,0.025910931174089068,0.9723232323232324,15,100
0.02854251012145749,0.1,0.9929577464788732,0.007042253521126761,0.1,0.86,1,4799,141,9,0.1,0.02854251012145749,0.9696969696969697,15,100
0.02854251012145749,0.1,0.9929577464788732,0.007042253521126761,0.1,0.88,1,4799,141,9,0.1,0.02854251012145749,0.9696969696969697,15,100
0.030364372469635626,0.2,0.9868421052631579,0.013157894736842105,0.2,0.9,2,4790,150,8,0.2,0.030364372469635626,0.9680808080808081,15,100
0.05425101214574899,0.2,0.9925925925925926,0.007407407407407408,0.2,0.92,2,4672,268,8,0.2,0.05425101214574899,0.9442424242424242,15,100
0.0708502024291498,0.2,0.9943181818181818,0.005681818181818182,0.2,0.94,2,4590,350,8,0.2,0.0708502024291498,0.9276767676767677,15,100
0.08299595141700405,0.2,0.9951456310679612,0.0048543689320388345,0.2,0.96,2,4530,410,8,0.2,0.08299595141700405,0.9155555555555556,15,100
0.2663967611336032,0.3,0.9977255496588324,0.002274450341167551,0.3,0.98,3,3624,1316,7,0.3,0.2663967611336032,0.7327272727272728,15,100
0.969838056680162,1.0,0.9979171006040408,0.002082899395959175,1.0,1.0,10,149,4791,0,1.0,0.969838056680162,0.03212121212121212,15,100
0.0,0.0,0.0,,0.0,0.02,0,4940,0,10,0.0,0.0,0.997979797979798,16,100
0.0,0.0,0.0,,0.0,0.04,0,4940,0,10,0.0,0.0,0.997979797979798,16,100
0.0,0.0,0.0,,0.0,0.06,0,4940,0,10,0.0,0.0,0.997979797979798,16,100
0.0,0.0,0.0,,0.0,0.08,0,4940,0,10,0.0,0.0,0.997979797979798,16,100
0.0,0.0,0.0,,0.0,0.1,0,4940,0,10,0.0,0.0,0.997979797979798,16,100
0.0,0.0,0.0,,0.0,0.12,0,4940,0,10,0.0,0.0,0.997979797979798,16,100
0.0,0.0,0.0,,0.0,0.14,0,4940,0,10,0.0,0.0,0.997979797979798,16,100
0.0,0.0,0.0,,0.0,0.16,0,4940,0,10,0.0,0.0,0.997979797979798,16,100
0.0,0.0,0.0,,0.0,0.18,0,4940,0,10,0.0,0.0,0.997979797979798,16,100
0.0,0.0,0.0,,0.0,0.2,0,4940,0,10,0.0,0.0,0.997979797979798,16,100
0.0,0.0,0.0,,0.0,0.22,0,4940,0,10,0.0,0.0,0.997979797979798,16,100
0.0,0.0,0.0,,0.0,0.24,0,4940,0,10,0.0,0.0,0.997979797979798,16,100
0.0,0.0,0.0,,0.0,0.26,0,4940,0,10,0.0,0.0,0.997979797979798,16,100
0.0,0.0,0.0,,0.0,0.28,0,4940,0,10,0.0,0.0,0.997979797979798,16,100
0.0,0.0,0.0,,0.0,0.3,0,4940,0,10,0.0,0.0,0.997979797979798,16,100
0.0,0.0,0.0,,0.0,0.32,0,4940,0,10,0.0,0.0,0.997979797979798,16,100
0.0,0.0,0.0,,0.0,0.34,0,4940,0,10,0.0,0.0,0.997979797979798,16,100
0.0,0.0,0.0,,0.0,0.36,0,4940,0,10,0.0,0.0,0.997979797979798,16,100
0.0,0.0,0.0,,0.0,0.38,0,4940,0,10,0.0,0.0,0.997979797979798,16,100
0.0,0.0,0.0,,0.0,0.4,0,4940,0,10,0.0,0.0,0.997979797979798,16,100
0.0,0.0,0.0,,0.0,0.42,0,4940,0,10,0.0,0.0,0.997979797979798,16,100
0.0,0.0,0.0,,0.0,0.44,0,4940,0,10,0.0,0.0,0.997979797979798,16,100
0.0,0.0,0.0,,0.0,0.46,0,4940,0,10,0.0,0.0,0.997979797979798,16,100
0.001417004048582996,0.1,0.875,0.125,0.1,0.48,1,4933,7,9,0.1,0.001417004048582996,0.9967676767676767,16,100
0.001417004048582996,0.1,0.875,0.125,0.1,0.5,1,4933,7,9,0.1,0.001417004048582996,0.9967676767676767,16,100
0.001417004048582996,0.1,0.875,0.125,0.1,0.52,1,4933,7,9,0.1,0.001417004048582996,0.9967676767676767,16,100
0.001417004048582996,0.1,0.875,0.125,0.1,0.54,1,4933,7,9,0.1,0.001417004048582996,0.9967676767676767,16,100
0.001417004048582996,0.1,0.875,0.125,0.1,0.56,1,4933,7,9,0.1,0.001417004048582996,0.9967676767676767,16,100
0.001417004048582996,0.1,0.875,0.125,0.1,0.58,1,4933,7,9,0.1,0.001417004048582996,0.9967676767676767,16,100
0.001417004048582996,0.1,0.875,0.125,0.1,0.6,1,4933,7,9,0.1,0.001417004048582996,0.9967676767676767,16,100
0.001417004048582996,0.1,0.875,0.125,0.1,0.62,1,4933,7,9,0.1,0.001417004048582996,0.9967676767676767,16,100
0.001417004048582996,0.1,0.875,0.125,0.1,0.64,1,4933,7,9,0.1,0.001417004048582996,0.9967676767676767,16,100
0.0020242914979757085,0.1,0.9090909090909091,0.09090909090909091,0.1,0.66,1,4930,10,9,0.1,0.0020242914979757085,0.9961616161616161,16,100
0.006275303643724696,0.1,0.96875,0.03125,0.1,0.68,1,4909,31,9,0.1,0.006275303643724696,0.9919191919191919,16,100
0.006275303643724696,0.1,0.96875,0.03125,0.1,0.7,1,4909,31,9,0.1,0.006275303643724696,0.9919191919191919,16,100
0.0066801619433198385,0.1,0.9705882352941176,0.029411764705882353,0.1,0.72,1,4907,33,9,0.1,0.0066801619433198385,0.9915151515151515,16,100
0.00931174089068826,0.1,0.9787234042553191,0.02127659574468085,0.1,0.74,1,4894,46,9,0.1,0.00931174089068826,0.9888888888888889,16,100
0.010121457489878543,0.1,0.9803921568627451,0.0196078431372549,0.1,0.76,1,4890,50,9,0.1,0.010121457489878543,0.9880808080808081,16,100
0.010121457489878543,0.1,0.9803921568627451,0.0196078431372549,0.1,0.78,1,4890,50,9,0.1,0.010121457489878543,0.9880808080808081,16,100
0.010121457489878543,0.1,0.9803921568627451,0.0196078431372549,0.1,0.8,1,4890,50,9,0.1,0.010121457489878543,0.9880808080808081,16,100
0.010323886639676113,0.1,0.9807692307692307,0.019230769230769232,0.1,0.82,1,4889,51,9,0.1,0.010323886639676113,0.9878787878787879,16,100
0.010323886639676113,0.1,0.9807692307692307,0.019230769230769232,0.1,0.84,1,4889,51,9,0.1,0.010323886639676113,0.9878787878787879,16,100
0.010931174089068825,0.1,0.9818181818181818,0.01818181818181818,0.1,0.86,1,4886,54,9,0.1,0.010931174089068825,0.9872727272727273,16,100
0.014574898785425101,0.2,0.972972972972973,0.02702702702702703,0.2,0.88,2,4868,72,8,0.2,0.014574898785425101,0.9838383838383838,16,100
0.02408906882591093,0.2,0.9834710743801653,0.01652892561983471,0.2,0.9,2,4821,119,8,0.2,0.02408906882591093,0.9743434343434343,16,100
0.025708502024291497,0.2,0.9844961240310077,0.015503875968992248,0.2,0.92,2,4813,127,8,0.2,0.025708502024291497,0.9727272727272728,16,100
0.025708502024291497,0.2,0.9844961240310077,0.015503875968992248,0.2,0.94,2,4813,127,8,0.2,0.025708502024291497,0.9727272727272728,16,100
0.027327935222672066,0.2,0.9854014598540146,0.014598540145985401,0.2,0.96,2,4805,135,8,0.2,0.027327935222672066,0.9711111111111111,16,100
0.02894736842105263,0.2,0.9862068965517241,0.013793103448275862,0.2,0.98,2,4797,143,8,0.2,0.02894736842105263,0.9694949494949495,16,100
0.9722672064777328,1.0,0.9979222937876584,0.002077706212341575,1.0,1.0,10,137,4803,0,1.0,0.9722672064777328,0.029696969696969697,16,100
0.0,0.0,0.0,,0.0,0.02,0,4940,0,10,0.0,0.0,0.997979797979798,17,100
0.0,0.0,0.0,,0.0,0.04,0,4940,0,10,0.0,0.0,0.997979797979798,17,100
0.0,0.0,0.0,,0.0,0.06,0,4940,0,10,0.0,0.0,0.997979797979798,17,100
0.0,0.0,0.0,,0.0,0.08,0,4940,0,10,0.0,0.0,0.997979797979798,17,100
0.0,0.0,0.0,,0.0,0.1,0,4940,0,10,0.0,0.0,0.997979797979798,17,100
0.0,0.0,0.0,,0.0,0.12,0,4940,0,10,0.0,0.0,0.997979797979798,17,100
0.0,0.0,0.0,,0.0,0.14,0,4940,0,10,0.0,0.0,0.997979797979798,17,100
0.0,0.0,0.0,,0.0,0.16,0,4940,0,10,0.0,0.0,0.997979797979798,17,100
0.0004048582995951417,0.0,1.0,0.0,0.0,0.18,0,4938,2,10,0.0,0.0004048582995951417,0.9975757575757576,17,100
0.0004048582995951417,0.0,1.0,0.0,0.0,0.2,0,4938,2,10,0.0,0.0004048582995951417,0.9975757575757576,17,100
0.0004048582995951417,0.0,1.0,0.0,0.0,0.22,0,4938,2,10,0.0,0.0004048582995951417,0.9975757575757576,17,100
0.0004048582995951417,0.0,1.0,0.0,0.0,0.24,0,4938,2,10,0.0,0.0004048582995951417,0.9975757575757576,17,100
0.0004048582995951417,0.0,1.0,0.0,0.0,0.26,0,4938,2,10,0.0,0.0004048582995951417,0.9975757575757576,17,100
0.0004048582995951417,0.0,1.0,0.0,0.0,0.28,0,4938,2,10,0.0,0.0004048582995951417,0.9975757575757576,17,100
0.0004048582995951417,0.0,1.0,0.0,0.0,0.3,0,4938,2,10,0.0,0.0004048582995951417,0.9975757575757576,17,100
0.0004048582995951417,0.0,1.0,0.0,0.0,0.32,0,4938,2,10,0.0,0.0004048582995951417,0.9975757575757576,17,100
0.0004048582995951417,0.0,1.0,0.0,0.0,0.34,0,4938,2,10,0.0,0.0004048582995951417,0.9975757575757576,17,100
0.0004048582995951417,0.0,1.0,0.0,0.0,0.36,0,4938,2,10,0.0,0.0004048582995951417,0.9975757575757576,17,100
0.0004048582995951417,0.0,1.0,0.0,0.0,0.38,0,4938,2,10,0.0,0.0004048582995951417,0.9975757575757576,17,100
0.0004048582995951417,0.0,1.0,0.0,0.0,0.4,0,4938,2,10,0.0,0.0004048582995951417,0.9975757575757576,17,100
0.0004048582995951417,0.0,1.0,0.0,0.0,0.42,0,4938,2,10,0.0,0.0004048582995951417,0.9975757575757576,17,100
0.0004048582995951417,0.0,1.0,0.0,0.0,0.44,0,4938,2,10,0.0,0.0004048582995951417,0.9975757575757576,17,100
0.0008097165991902834,0.0,1.0,0.0,0.0,0.46,0,4936,4,10,0.0,0.0008097165991902834,0.9971717171717172,17,100
0.0008097165991902834,0.0,1.0,0.0,0.0,0.48,0,4936,4,10,0.0,0.0008097165991902834,0.9971717171717172,17,100
0.0008097165991902834,0.0,1.0,0.0,0.0,0.5,0,4936,4,10,0.0,0.0008097165991902834,0.9971717171717172,17,100
0.0008097165991902834,0.0,1.0,0.0,0.0,0.52,0,4936,4,10,0.0,0.0008097165991902834,0.9971717171717172,17,100
0.0008097165991902834,0.0,1.0,0.0,0.0,0.54,0,4936,4,10,0.0,0.0008097165991902834,0.9971717171717172,17,100
0.0008097165991902834,0.0,1.0,0.0,0.0,0.56,0,4936,4,10,0.0,0.0008097165991902834,0.9971717171717172,17,100
0.0008097165991902834,0.0,1.0,0.0,0.0,0.58,0,4936,4,10,0.0,0.0008097165991902834,0.9971717171717172,17,100
0.0008097165991902834,0.0,1.0,0.0,0.0,0.6,0,4936,4,10,0.0,0.0008097165991902834,0.9971717171717172,17,100
0.0036437246963562753,0.0,1.0,0.0,0.0,0.62,0,4922,18,10,0.0,0.0036437246963562753,0.9943434343434343,17,100
0.0036437246963562753,0.0,1.0,0.0,0.0,0.64,0,4922,18,10,0.0,0.0036437246963562753,0.9943434343434343,17,100
0.0038461538461538464,0.0,1.0,0.0,0.0,0.66,0,4921,19,10,0.0,0.0038461538461538464,0.9941414141414141,17,100
0.006477732793522267,0.0,1.0,0.0,0.0,0.68,0,4908,32,10,0.0,0.006477732793522267,0.9915151515151515,17,100
0.006477732793522267,0.0,1.0,0.0,0.0,0.7,0,4908,32,10,0.0,0.006477732793522267,0.9915151515151515,17,100
0.006477732793522267,0.0,1.0,0.0,0.0,0.72,0,4908,32,10,0.0,0.006477732793522267,0.9915151515151515,17,100
0.0066801619433198385,0.0,1.0,0.0,0.0,0.74,0,4907,33,10,0.0,0.0066801619433198385,0.9913131313131314,17,100
0.0066801619433198385,0.0,1.0,0.0,0.0,0.76,0,4907,33,10,0.0,0.0066801619433198385,0.9913131313131314,17,100
0.0066801619433198385,0.0,1.0,0.0,0.0,0.78,0,4907,33,10,0.0,0.0066801619433198385,0.9913131313131314,17,100
0.0066801619433198385,0.0,1.0,0.0,0.0,0.8,0,4907,33,10,0.0,0.0066801619433198385,0.9913131313131314,17,100
0.006882591093117409,0.0,1.0,0.0,0.0,0.82,0,4906,34,10,0.0,0.006882591093117409,0.9911111111111112,17,100
0.007692307692307693,0.0,1.0,0.0,0.0,0.84,0,4902,38,10,0.0,0.007692307692307693,0.9903030303030304,17,100
0.008502024291497975,0.0,1.0,0.0,0.0,0.86,0,4898,42,10,0.0,0.008502024291497975,0.9894949494949495,17,100
0.010526315789473684,0.0,1.0,0.0,0.0,0.88,0,4888,52,10,0.0,0.010526315789473684,0.9874747474747475,17,100
0.010526315789473684,0.0,1.0,0.0,0.0,0.9,0,4888,52,10,0.0,0.010526315789473684,0.9874747474747475,17,100
0.01437246963562753,0.0,1.0,0.0,0.0,0.92,0,4869,71,10,0.0,0.01437246963562753,0.9836363636363636,17,100
0.01437246963562753,0.0,1.0,0.0,0.0,0.94,0,4869,71,10,0.0,0.01437246963562753,0.9836363636363636,17,100
0.015587044534412956,0.0,1.0,0.0,0.0,0.96,0,4863,77,10,0.0,0.015587044534412956,0.9824242424242424,17,100
0.7030364372469635,0.9,0.9974152785755313,0.002584721424468696,0.9,0.98,9,1467,3473,1,0.9,0.7030364372469635,0.29818181818181816,17,100
0.8728744939271255,1.0,0.997686256362795,0.0023137436372049976,1.0,1.0,10,628,4312,0,1.0,0.8728744939271255,0.1288888888888889,17,100
0.0,0.0,0.0,,0.0,0.02,0,4940,0,10,0.0,0.0,0.997979797979798,18,100
0.0,0.0,0.0,,0.0,0.04,0,4940,0,10,0.0,0.0,0.997979797979798,18,100
0.0,0.0,0.0,,0.0,0.06,0,4940,0,10,0.0,0.0,0.997979797979798,18,100
0.0,0.0,0.0,,0.0,0.08,0,4940,0,10,0.0,0.0,0.997979797979798,18,100
0.0,0.0,0.0,,0.0,0.1,0,4940,0,10,0.0,0.0,0.997979797979798,18,100
0.0,0.0,0.0,,0.0,0.12,0,4940,0,10,0.0,0.0,0.997979797979798,18,100
0.0,0.0,0.0,,0.0,0.14,0,4940,0,10,0.0,0.0,0.997979797979798,18,100
0.0,0.0,0.0,,0.0,0.16,0,4940,0,10,0.0,0.0,0.997979797979798,18,100
0.0,0.0,0.0,,0.0,0.18,0,4940,0,10,0.0,0.0,0.997979797979798,18,100
0.0,0.0,0.0,,0.0,0.2,0,4940,0,10,0.0,0.0,0.997979797979798,18,100
0.0,0.0,0.0,,0.0,0.22,0,4940,0,10,0.0,0.0,0.997979797979798,18,100
0.0004048582995951417,0.0,1.0,0.0,0.0,0.24,0,4938,2,10,0.0,0.0004048582995951417,0.9975757575757576,18,100
0.0004048582995951417,0.0,1.0,0.0,0.0,0.26,0,4938,2,10,0.0,0.0004048582995951417,0.9975757575757576,18,100
0.0004048582995951417,0.0,1.0,0.0,0.0,0.28,0,4938,2,10,0.0,0.0004048582995951417,0.9975757575757576,18,100
0.0004048582995951417,0.0,1.0,0.0,0.0,0.3,0,4938,2,10,0.0,0.0004048582995951417,0.9975757575757576,18,100
0.0004048582995951417,0.0,1.0,0.0,0.0,0.32,0,4938,2,10,0.0,0.0004048582995951417,0.9975757575757576,18,100
0.0004048582995951417,0.0,1.0,0.0,0.0,0.34,0,4938,2,10,0.0,0.0004048582995951417,0.9975757575757576,18,100
0.0004048582995951417,0.0,1.0,0.0,0.0,0.36,0,4938,2,10,0.0,0.0004048582995951417,0.9975757575757576,18,100
0.0004048582995951417,0.0,1.0,0.0,0.0,0.38,0,4938,2,10,0.0,0.0004048582995951417,0.9975757575757576,18,100
0.0004048582995951417,0.0,1.0,0.0,0.0,0.4,0,4938,2,10,0.0,0.0004048582995951417,0.9975757575757576,18,100
0.0004048582995951417,0.0,1.0,0.0,0.0,0.42,0,4938,2,10,0.0,0.0004048582995951417,0.9975757575757576,18,100
0.0004048582995951417,0.0,1.0,0.0,0.0,0.44,0,4938,2,10,0.0,0.0004048582995951417,0.9975757575757576,18,100
0.0004048582995951417,0.0,1.0,0.0,0.0,0.46,0,4938,2,10,0.0,0.0004048582995951417,0.9975757575757576,18,100
0.0004048582995951417,0.0,1.0,0.0,0.0,0.48,0,4938,2,10,0.0,0.0004048582995951417,0.9975757575757576,18,100
0.0004048582995951417,0.0,1.0,0.0,0.0,0.5,0,4938,2,10,0.0,0.0004048582995951417,0.9975757575757576,18,100
0.0004048582995951417,0.0,1.0,0.0,0.0,0.52,0,4938,2,10,0.0,0.0004048582995951417,0.9975757575757576,18,100
0.0004048582995951417,0.0,1.0,0.0,0.0,0.54,0,4938,2,10,0.0,0.0004048582995951417,0.9975757575757576,18,100
0.0004048582995951417,0.0,1.0,0.0,0.0,0.56,0,4938,2,10,0.0,0.0004048582995951417,0.9975757575757576,18,100
0.0004048582995951417,0.0,1.0,0.0,0.0,0.58,0,4938,2,10,0.0,0.0004048582995951417,0.9975757575757576,18,100
0.0004048582995951417,0.0,1.0,0.0,0.0,0.6,0,4938,2,10,0.0,0.0004048582995951417,0.9975757575757576,18,100
0.0004048582995951417,0.0,1.0,0.0,0.0,0.62,0,4938,2,10,0.0,0.0004048582995951417,0.9975757575757576,18,100
0.0004048582995951417,0.0,1.0,0.0,0.0,0.64,0,4938,2,10,0.0,0.0004048582995951417,0.9975757575757576,18,100
0.0004048582995951417,0.0,1.0,0.0,0.0,0.66,0,4938,2,10,0.0,0.0004048582995951417,0.9975757575757576,18,100
0.0004048582995951417,0.0,1.0,0.0,0.0,0.68,0,4938,2,10,0.0,0.0004048582995951417,0.9975757575757576,18,100
0.0004048582995951417,0.0,1.0,0.0,0.0,0.7,0,4938,2,10,0.0,0.0004048582995951417,0.9975757575757576,18,100
0.0004048582995951417,0.0,1.0,0.0,0.0,0.72,0,4938,2,10,0.0,0.0004048582995951417,0.9975757575757576,18,100
0.0004048582995951417,0.0,1.0,0.0,0.0,0.74,0,4938,2,10,0.0,0.0004048582995951417,0.9975757575757576,18,100
0.0004048582995951417,0.0,1.0,0.0,0.0,0.76,0,4938,2,10,0.0,0.0004048582995951417,0.9975757575757576,18,100
0.0004048582995951417,0.0,1.0,0.0,0.0,0.78,0,4938,2,10,0.0,0.0004048582995951417,0.9975757575757576,18,100
0.0004048582995951417,0.0,1.0,0.0,0.0,0.8,0,4938,2,10,0.0,0.0004048582995951417,0.9975757575757576,18,100
0.0004048582995951417,0.0,1.0,0.0,0.0,0.82,0,4938,2,10,0.0,0.0004048582995951417,0.9975757575757576,18,100
0.0004048582995951417,0.0,1.0,0.0,0.0,0.84,0,4938,2,10,0.0,0.0004048582995951417,0.9975757575757576,18,100
0.0004048582995951417,0.0,1.0,0.0,0.0,0.86,0,4938,2,10,0.0,0.0004048582995951417,0.9975757575757576,18,100
0.0004048582995951417,0.0,1.0,0.0,0.0,0.88,0,4938,2,10,0.0,0.0004048582995951417,0.9975757575757576,18,100
0.0004048582995951417,0.0,1.0,0.0,0.0,0.9,0,4938,2,10,0.0,0.0004048582995951417,0.9975757575757576,18,100
0.0004048582995951417,0.0,1.0,0.0,0.0,0.92,0,4938,2,10,0.0,0.0004048582995951417,0.9975757575757576,18,100
0.008906882591093117,0.2,0.9565217391304348,0.043478260869565216,0.2,0.94,2,4896,44,8,0.2,0.008906882591093117,0.9894949494949495,18,100
0.02186234817813765,0.3,0.972972972972973,0.02702702702702703,0.3,0.96,3,4832,108,7,0.3,0.02186234817813765,0.9767676767676767,18,100
0.04797570850202429,0.3,0.9875,0.0125,0.3,0.98,3,4703,237,7,0.3,0.04797570850202429,0.9507070707070707,18,100
0.9704453441295546,1.0,0.9979184013322231,0.0020815986677768525,1.0,1.0,10,146,4794,0,1.0,0.9704453441295546,0.03151515151515152,18,100
0.0,0.0,0.0,,0.0,0.02,0,4940,0,10,0.0,0.0,0.997979797979798,19,100
0.0,0.0,0.0,,0.0,0.04,0,4940,0,10,0.0,0.0,0.997979797979798,19,100
0.0,0.0,0.0,,0.0,0.06,0,4940,0,10,0.0,0.0,0.997979797979798,19,100
0.0,0.0,0.0,,0.0,0.08,0,4940,0,10,0.0,0.0,0.997979797979798,19,100
0.0,0.0,0.0,,0.0,0.1,0,4940,0,10,0.0,0.0,0.997979797979798,19,100
0.0,0.0,0.0,,0.0,0.12,0,4940,0,10,0.0,0.0,0.997979797979798,19,100
0.0,0.0,0.0,,0.0,0.14,0,4940,0,10,0.0,0.0,0.997979797979798,19,100
0.0,0.0,0.0,,0.0,0.16,0,4940,0,10,0.0,0.0,0.997979797979798,19,100
0.0,0.0,0.0,,0.0,0.18,0,4940,0,10,0.0,0.0,0.997979797979798,19,100
0.0,0.0,0.0,,0.0,0.2,0,4940,0,10,0.0,0.0,0.997979797979798,19,100
0.0,0.0,0.0,,0.0,0.22,0,4940,0,10,0.0,0.0,0.997979797979798,19,100
0.0,0.0,0.0,,0.0,0.24,0,4940,0,10,0.0,0.0,0.997979797979798,19,100
0.0,0.0,0.0,,0.0,0.26,0,4940,0,10,0.0,0.0,0.997979797979798,19,100
0.0,0.0,0.0,,0.0,0.28,0,4940,0,10,0.0,0.0,0.997979797979798,19,100
0.0,0.0,0.0,,0.0,0.3,0,4940,0,10,0.0,0.0,0.997979797979798,19,100
0.0,0.0,0.0,,0.0,0.32,0,4940,0,10,0.0,0.0,0.997979797979798,19,100
0.0004048582995951417,0.0,1.0,0.0,0.0,0.34,0,4938,2,10,0.0,0.0004048582995951417,0.9975757575757576,19,100
0.0004048582995951417,0.0,1.0,0.0,0.0,0.36,0,4938,2,10,0.0,0.0004048582995951417,0.9975757575757576,19,100
0.0004048582995951417,0.0,1.0,0.0,0.0,0.38,0,4938,2,10,0.0,0.0004048582995951417,0.9975757575757576,19,100
0.0004048582995951417,0.0,1.0,0.0,0.0,0.4,0,4938,2,10,0.0,0.0004048582995951417,0.9975757575757576,19,100
0.0004048582995951417,0.0,1.0,0.0,0.0,0.42,0,4938,2,10,0.0,0.0004048582995951417,0.9975757575757576,19,100
0.0004048582995951417,0.0,1.0,0.0,0.0,0.44,0,4938,2,10,0.0,0.0004048582995951417,0.9975757575757576,19,100
0.0004048582995951417,0.0,1.0,0.0,0.0,0.46,0,4938,2,10,0.0,0.0004048582995951417,0.9975757575757576,19,100
0.0004048582995951417,0.0,1.0,0.0,0.0,0.48,0,4938,2,10,0.0,0.0004048582995951417,0.9975757575757576,19,100
0.0004048582995951417,0.0,1.0,0.0,0.0,0.5,0,4938,2,10,0.0,0.0004048582995951417,0.9975757575757576,19,100
0.0004048582995951417,0.0,1.0,0.0,0.0,0.52,0,4938,2,10,0.0,0.0004048582995951417,0.9975757575757576,19,100
0.0004048582995951417,0.0,1.0,0.0,0.0,0.54,0,4938,2,10,0.0,0.0004048582995951417,0.9975757575757576,19,100
0.0004048582995951417,0.0,1.0,0.0,0.0,0.56,0,4938,2,10,0.0,0.0004048582995951417,0.9975757575757576,19,100
0.0004048582995951417,0.0,1.0,0.0,0.0,0.58,0,4938,2,10,0.0,0.0004048582995951417,0.9975757575757576,19,100
0.0004048582995951417,0.0,1.0,0.0,0.0,0.6,0,4938,2,10,0.0,0.0004048582995951417,0.9975757575757576,19,100
0.0004048582995951417,0.0,1.0,0.0,0.0,0.62,0,4938,2,10,0.0,0.0004048582995951417,0.9975757575757576,19,100
0.0004048582995951417,0.0,1.0,0.0,0.0,0.64,0,4938,2,10,0.0,0.0004048582995951417,0.9975757575757576,19,100
0.0004048582995951417,0.0,1.0,0.0,0.0,0.66,0,4938,2,10,0.0,0.0004048582995951417,0.9975757575757576,19,100
0.0004048582995951417,0.0,1.0,0.0,0.0,0.68,0,4938,2,10,0.0,0.0004048582995951417,0.9975757575757576,19,100
0.0004048582995951417,0.0,1.0,0.0,0.0,0.7,0,4938,2,10,0.0,0.0004048582995951417,0.9975757575757576,19,100
0.0004048582995951417,0.0,1.0,0.0,0.0,0.72,0,4938,2,10,0.0,0.0004048582995951417,0.9975757575757576,19,100
0.0004048582995951417,0.0,1.0,0.0,0.0,0.74,0,4938,2,10,0.0,0.0004048582995951417,0.9975757575757576,19,100
0.0004048582995951417,0.0,1.0,0.0,0.0,0.76,0,4938,2,10,0.0,0.0004048582995951417,0.9975757575757576,19,100
0.0004048582995951417,0.0,1.0,0.0,0.0,0.78,0,4938,2,10,0.0,0.0004048582995951417,0.9975757575757576,19,100
0.0006072874493927126,0.0,1.0,0.0,0.0,0.8,0,4937,3,10,0.0,0.0006072874493927126,0.9973737373737374,19,100
0.0008097165991902834,0.0,1.0,0.0,0.0,0.82,0,4936,4,10,0.0,0.0008097165991902834,0.9971717171717172,19,100
0.0008097165991902834,0.0,1.0,0.0,0.0,0.84,0,4936,4,10,0.0,0.0008097165991902834,0.9971717171717172,19,100
0.0008097165991902834,0.0,1.0,0.0,0.0,0.86,0,4936,4,10,0.0,0.0008097165991902834,0.9971717171717172,19,100
0.01194331983805668,0.1,0.9833333333333333,0.016666666666666666,0.1,0.88,1,4881,59,9,0.1,0.01194331983805668,0.9862626262626263,19,100
0.04797570850202429,0.1,0.9957983193277311,0.004201680672268907,0.1,0.9,1,4703,237,9,0.1,0.04797570850202429,0.9503030303030303,19,100
0.05668016194331984,0.2,0.9929078014184397,0.0070921985815602835,0.2,0.92,2,4660,280,8,0.2,0.05668016194331984,0.9418181818181818,19,100
0.08724696356275304,0.3,0.9930875576036866,0.0069124423963133645,0.3,0.94,3,4509,431,7,0.3,0.08724696356275304,0.9115151515151515,19,100
0.0931174089068826,0.3,0.9935205183585313,0.0064794816414686825,0.3,0.96,3,4480,460,7,0.3,0.0931174089068826,0.9056565656565656,19,100
0.12611336032388665,0.3,0.9952076677316294,0.004792332268370607,0.3,0.98,3,4317,623,7,0.3,0.12611336032388665,0.8727272727272727,19,100
0.9366396761133603,1.0,0.9978434332542592,0.0021565667457407807,1.0,1.0,10,313,4627,0,1.0,0.9366396761133603,0.06525252525252526,19,100
0.00020242914979757084,0.1,0.5,0.5,0.1,0.02,1,4939,1,9,0.1,0.00020242914979757084,0.997979797979798,20,100
0.00020242914979757084,0.1,0.5,0.5,0.1,0.04,1,4939,1,9,0.1,0.00020242914979757084,0.997979797979798,20,100
0.00020242914979757084,0.1,0.5,0.5,0.1,0.06,1,4939,1,9,0.1,0.00020242914979757084,0.997979797979798,20,100
0.00020242914979757084,0.1,0.5,0.5,0.1,0.08,1,4939,1,9,0.1,0.00020242914979757084,0.997979797979798,20,100
0.00020242914979757084,0.1,0.5,0.5,0.1,0.1,1,4939,1,9,0.1,0.00020242914979757084,0.997979797979798,20,100
0.00020242914979757084,0.1,0.5,0.5,0.1,0.12,1,4939,1,9,0.1,0.00020242914979757084,0.997979797979798,20,100
0.00020242914979757084,0.1,0.5,0.5,0.1,0.14,1,4939,1,9,0.1,0.00020242914979757084,0.997979797979798,20,100
0.00020242914979757084,0.1,0.5,0.5,0.1,0.16,1,4939,1,9,0.1,0.00020242914979757084,0.997979797979798,20,100
0.00020242914979757084,0.1,0.5,0.5,0.1,0.18,1,4939,1,9,0.1,0.00020242914979757084,0.997979797979798,20,100
0.00020242914979757084,0.1,0.5,0.5,0.1,0.2,1,4939,1,9,0.1,0.00020242914979757084,0.997979797979798,20,100
0.00020242914979757084,0.1,0.5,0.5,0.1,0.22,1,4939,1,9,0.1,0.00020242914979757084,0.997979797979798,20,100
0.00020242914979757084,0.1,0.5,0.5,0.1,0.24,1,4939,1,9,0.1,0.00020242914979757084,0.997979797979798,20,100
0.00020242914979757084,0.1,0.5,0.5,0.1,0.26,1,4939,1,9,0.1,0.00020242914979757084,0.997979797979798,20,100
0.0004048582995951417,0.1,0.6666666666666666,0.3333333333333333,0.1,0.28,1,4938,2,9,0.1,0.0004048582995951417,0.9977777777777778,20,100
0.0004048582995951417,0.1,0.6666666666666666,0.3333333333333333,0.1,0.3,1,4938,2,9,0.1,0.0004048582995951417,0.9977777777777778,20,100
0.0004048582995951417,0.1,0.6666666666666666,0.3333333333333333,0.1,0.32,1,4938,2,9,0.1,0.0004048582995951417,0.9977777777777778,20,100
0.0004048582995951417,0.1,0.6666666666666666,0.3333333333333333,0.1,0.34,1,4938,2,9,0.1,0.0004048582995951417,0.9977777777777778,20,100
0.0004048582995951417,0.1,0.6666666666666666,0.3333333333333333,0.1,0.36,1,4938,2,9,0.1,0.0004048582995951417,0.9977777777777778,20,100
0.0004048582995951417,0.1,0.6666666666666666,0.3333333333333333,0.1,0.38,1,4938,2,9,0.1,0.0004048582995951417,0.9977777777777778,20,100
0.0006072874493927126,0.1,0.75,0.25,0.1,0.4,1,4937,3,9,0.1,0.0006072874493927126,0.9975757575757576,20,100
0.0006072874493927126,0.1,0.75,0.25,0.1,0.42,1,4937,3,9,0.1,0.0006072874493927126,0.9975757575757576,20,100
0.0012145748987854252,0.1,0.8571428571428571,0.14285714285714285,0.1,0.44,1,4934,6,9,0.1,0.0012145748987854252,0.996969696969697,20,100
0.001417004048582996,0.1,0.875,0.125,0.1,0.46,1,4933,7,9,0.1,0.001417004048582996,0.9967676767676767,20,100
0.002834008097165992,0.2,0.875,0.125,0.2,0.48,2,4926,14,8,0.2,0.002834008097165992,0.9955555555555555,20,100
0.0038461538461538464,0.2,0.9047619047619048,0.09523809523809523,0.2,0.5,2,4921,19,8,0.2,0.0038461538461538464,0.9945454545454545,20,100
0.004251012145748988,0.2,0.9130434782608695,0.08695652173913043,0.2,0.52,2,4919,21,8,0.2,0.004251012145748988,0.9941414141414141,20,100
0.004251012145748988,0.2,0.9130434782608695,0.08695652173913043,0.2,0.54,2,4919,21,8,0.2,0.004251012145748988,0.9941414141414141,20,100
0.00465587044534413,0.2,0.92,0.08,0.2,0.56,2,4917,23,8,0.2,0.00465587044534413,0.9937373737373737,20,100
0.0066801619433198385,0.3,0.9166666666666666,0.08333333333333333,0.3,0.58,3,4907,33,7,0.3,0.0066801619433198385,0.9919191919191919,20,100
0.0066801619433198385,0.3,0.9166666666666666,0.08333333333333333,0.3,0.6,3,4907,33,7,0.3,0.0066801619433198385,0.9919191919191919,20,100
0.0066801619433198385,0.3,0.9166666666666666,0.08333333333333333,0.3,0.62,3,4907,33,7,0.3,0.0066801619433198385,0.9919191919191919,20,100
0.008097165991902834,0.3,0.9302325581395349,0.06976744186046512,0.3,0.64,3,4900,40,7,0.3,0.008097165991902834,0.9905050505050506,20,100
0.008097165991902834,0.3,0.9302325581395349,0.06976744186046512,0.3,0.66,3,4900,40,7,0.3,0.008097165991902834,0.9905050505050506,20,100
0.011538461538461539,0.3,0.95,0.05,0.3,0.68,3,4883,57,7,0.3,0.011538461538461539,0.9870707070707071,20,100
0.014574898785425101,0.3,0.96,0.04,0.3,0.7,3,4868,72,7,0.3,0.014574898785425101,0.984040404040404,20,100
0.014574898785425101,0.3,0.96,0.04,0.3,0.72,3,4868,72,7,0.3,0.014574898785425101,0.984040404040404,20,100
0.015587044534412956,0.3,0.9625,0.0375,0.3,0.74,3,4863,77,7,0.3,0.015587044534412956,0.983030303030303,20,100
0.015587044534412956,0.3,0.9625,0.0375,0.3,0.76,3,4863,77,7,0.3,0.015587044534412956,0.983030303030303,20,100
0.015587044534412956,0.3,0.9625,0.0375,0.3,0.78,3,4863,77,7,0.3,0.015587044534412956,0.983030303030303,20,100
0.015587044534412956,0.3,0.9625,0.0375,0.3,0.8,3,4863,77,7,0.3,0.015587044534412956,0.983030303030303,20,100
0.018016194331983804,0.3,0.967391304347826,0.03260869565217391,0.3,0.82,3,4851,89,7,0.3,0.018016194331983804,0.9806060606060606,20,100
0.018016194331983804,0.3,0.967391304347826,0.03260869565217391,0.3,0.84,3,4851,89,7,0.3,0.018016194331983804,0.9806060606060606,20,100
0.018016194331983804,0.3,0.967391304347826,0.03260869565217391,0.3,0.86,3,4851,89,7,0.3,0.018016194331983804,0.9806060606060606,20,100
0.018016194331983804,0.3,0.967391304347826,0.03260869565217391,0.3,0.88,3,4851,89,7,0.3,0.018016194331983804,0.9806060606060606,20,100
0.01862348178137652,0.3,0.968421052631579,0.031578947368421054,0.3,0.9,3,4848,92,7,0.3,0.01862348178137652,0.98,20,100
0.023076923076923078,0.3,0.9743589743589743,0.02564102564102564,0.3,0.92,3,4826,114,7,0.3,0.023076923076923078,0.9755555555555555,20,100
0.023076923076923078,0.3,0.9743589743589743,0.02564102564102564,0.3,0.94,3,4826,114,7,0.3,0.023076923076923078,0.9755555555555555,20,100
0.023076923076923078,0.3,0.9743589743589743,0.02564102564102564,0.3,0.96,3,4826,114,7,0.3,0.023076923076923078,0.9755555555555555,20,100
0.030364372469635626,0.3,0.9803921568627451,0.0196078431372549,0.3,0.98,3,4790,150,7,0.3,0.030364372469635626,0.9682828282828283,20,100
0.9718623481781377,1.0,0.9979214300561214,0.0020785699438786117,1.0,1.0,10,139,4801,0,1.0,0.9718623481781377,0.0301010101010101,20,100
0.0,0.0,0.0,,0.0,0.02,0,4940,0,10,0.0,0.0,0.997979797979798,21,100
0.0,0.0,0.0,,0.0,0.04,0,4940,0,10,0.0,0.0,0.997979797979798,21,100
0.0,0.0,0.0,,0.0,0.06,0,4940,0,10,0.0,0.0,0.997979797979798,21,100
0.0,0.0,0.0,,0.0,0.08,0,4940,0,10,0.0,0.0,0.997979797979798,21,100
0.0,0.0,0.0,,0.0,0.1,0,4940,0,10,0.0,0.0,0.997979797979798,21,100
0.0,0.0,0.0,,0.0,0.12,0,4940,0,10,0.0,0.0,0.997979797979798,21,100
0.0,0.0,0.0,,0.0,0.14,0,4940,0,10,0.0,0.0,0.997979797979798,21,100
0.0,0.0,0.0,,0.0,0.16,0,4940,0,10,0.0,0.0,0.997979797979798,21,100
0.0,0.0,0.0,,0.0,0.18,0,4940,0,10,0.0,0.0,0.997979797979798,21,100
0.0,0.0,0.0,,0.0,0.2,0,4940,0,10,0.0,0.0,0.997979797979798,21,100
0.0,0.0,0.0,,0.0,0.22,0,4940,0,10,0.0,0.0,0.997979797979798,21,100
0.0,0.0,0.0,,0.0,0.24,0,4940,0,10,0.0,0.0,0.997979797979798,21,100
0.0,0.0,0.0,,0.0,0.26,0,4940,0,10,0.0,0.0,0.997979797979798,21,100
0.0,0.0,0.0,,0.0,0.28,0,4940,0,10,0.0,0.0,0.997979797979798,21,100
0.0,0.0,0.0,,0.0,0.3,0,4940,0,10,0.0,0.0,0.997979797979798,21,100
0.0,0.0,0.0,,0.0,0.32,0,4940,0,10,0.0,0.0,0.997979797979798,21,100
0.0,0.0,0.0,,0.0,0.34,0,4940,0,10,0.0,0.0,0.997979797979798,21,100
0.0,0.0,0.0,,0.0,0.36,0,4940,0,10,0.0,0.0,0.997979797979798,21,100
0.0,0.0,0.0,,0.0,0.38,0,4940,0,10,0.0,0.0,0.997979797979798,21,100
0.0,0.0,0.0,,0.0,0.4,0,4940,0,10,0.0,0.0,0.997979797979798,21,100
0.0,0.0,0.0,,0.0,0.42,0,4940,0,10,0.0,0.0,0.997979797979798,21,100
0.0,0.0,0.0,,0.0,0.44,0,4940,0,10,0.0,0.0,0.997979797979798,21,100
0.0,0.0,0.0,,0.0,0.46,0,4940,0,10,0.0,0.0,0.997979797979798,21,100
0.0,0.0,0.0,,0.0,0.48,0,4940,0,10,0.0,0.0,0.997979797979798,21,100
0.0,0.0,0.0,,0.0,0.5,0,4940,0,10,0.0,0.0,0.997979797979798,21,100
0.0,0.0,0.0,,0.0,0.52,0,4940,0,10,0.0,0.0,0.997979797979798,21,100
0.0,0.0,0.0,,0.0,0.54,0,4940,0,10,0.0,0.0,0.997979797979798,21,100
0.0,0.0,0.0,,0.0,0.56,0,4940,0,10,0.0,0.0,0.997979797979798,21,100
0.0,0.0,0.0,,0.0,0.58,0,4940,0,10,0.0,0.0,0.997979797979798,21,100
0.0,0.0,0.0,,0.0,0.6,0,4940,0,10,0.0,0.0,0.997979797979798,21,100
0.0012145748987854252,0.1,0.8571428571428571,0.14285714285714285,0.1,0.62,1,4934,6,9,0.1,0.0012145748987854252,0.996969696969697,21,100
0.0012145748987854252,0.1,0.8571428571428571,0.14285714285714285,0.1,0.64,1,4934,6,9,0.1,0.0012145748987854252,0.996969696969697,21,100
0.0012145748987854252,0.1,0.8571428571428571,0.14285714285714285,0.1,0.66,1,4934,6,9,0.1,0.0012145748987854252,0.996969696969697,21,100
0.0012145748987854252,0.1,0.8571428571428571,0.14285714285714285,0.1,0.68,1,4934,6,9,0.1,0.0012145748987854252,0.996969696969697,21,100
0.0012145748987854252,0.1,0.8571428571428571,0.14285714285714285,0.1,0.7,1,4934,6,9,0.1,0.0012145748987854252,0.996969696969697,21,100
0.0012145748987854252,0.1,0.8571428571428571,0.14285714285714285,0.1,0.72,1,4934,6,9,0.1,0.0012145748987854252,0.996969696969697,21,100
0.0012145748987854252,0.1,0.8571428571428571,0.14285714285714285,0.1,0.74,1,4934,6,9,0.1,0.0012145748987854252,0.996969696969697,21,100
0.005263157894736842,0.1,0.9629629629629629,0.037037037037037035,0.1,0.76,1,4914,26,9,0.1,0.005263157894736842,0.9929292929292929,21,100
0.005263157894736842,0.1,0.9629629629629629,0.037037037037037035,0.1,0.78,1,4914,26,9,0.1,0.005263157894736842,0.9929292929292929,21,100
0.010323886639676113,0.1,0.9807692307692307,0.019230769230769232,0.1,0.8,1,4889,51,9,0.1,0.010323886639676113,0.9878787878787879,21,100
0.012550607287449392,0.1,0.9841269841269841,0.015873015873015872,0.1,0.82,1,4878,62,9,0.1,0.012550607287449392,0.9856565656565657,21,100
0.012550607287449392,0.1,0.9841269841269841,0.015873015873015872,0.1,0.84,1,4878,62,9,0.1,0.012550607287449392,0.9856565656565657,21,100
0.014979757085020242,0.1,0.9866666666666667,0.013333333333333334,0.1,0.86,1,4866,74,9,0.1,0.014979757085020242,0.9832323232323232,21,100
0.020445344129554656,0.1,0.9901960784313726,0.00980392156862745,0.1,0.88,1,4839,101,9,0.1,0.020445344129554656,0.9777777777777777,21,100
0.02206477732793522,0.1,0.990909090909091,0.00909090909090909,0.1,0.9,1,4831,109,9,0.1,0.02206477732793522,0.9761616161616161,21,100
0.02368421052631579,0.1,0.9915254237288136,0.00847457627118644,0.1,0.92,1,4823,117,9,0.1,0.02368421052631579,0.9745454545454545,21,100
0.05931174089068826,0.2,0.9932203389830508,0.006779661016949152,0.2,0.94,2,4647,293,8,0.2,0.05931174089068826,0.9391919191919192,21,100
0.09797570850202429,0.2,0.9958847736625515,0.00411522633744856,0.2,0.96,2,4456,484,8,0.2,0.09797570850202429,0.9006060606060606,21,100
0.7461538461538462,0.8,0.9978343259339469,0.002165674066053059,0.8,0.98,8,1254,3686,2,0.8,0.7461538461538462,0.2549494949494949,21,100
0.8807692307692307,0.8,0.9981647166781372,0.0018352833218628125,0.8,1.0,8,589,4351,2,0.8,0.8807692307692307,0.1206060606060606,21,100
0.0,0.0,0.0,,0.0,0.02,0,4940,0,10,0.0,0.0,0.997979797979798,22,100
0.0,0.0,0.0,,0.0,0.04,0,4940,0,10,0.0,0.0,0.997979797979798,22,100
0.0,0.0,0.0,,0.0,0.06,0,4940,0,10,0.0,0.0,0.997979797979798,22,100
0.0,0.0,0.0,,0.0,0.08,0,4940,0,10,0.0,0.0,0.997979797979798,22,100
0.0,0.0,0.0,,0.0,0.1,0,4940,0,10,0.0,0.0,0.997979797979798,22,100
0.0,0.0,0.0,,0.0,0.12,0,4940,0,10,0.0,0.0,0.997979797979798,22,100
0.0,0.0,0.0,,0.0,0.14,0,4940,0,10,0.0,0.0,0.997979797979798,22,100
0.0,0.0,0.0,,0.0,0.16,0,4940,0,10,0.0,0.0,0.997979797979798,22,100
0.0,0.0,0.0,,0.0,0.18,0,4940,0,10,0.0,0.0,0.997979797979798,22,100
0.0,0.0,0.0,,0.0,0.2,0,4940,0,10,0.0,0.0,0.997979797979798,22,100
0.0,0.0,0.0,,0.0,0.22,0,4940,0,10,0.0,0.0,0.997979797979798,22,100
0.0,0.0,0.0,,0.0,0.24,0,4940,0,10,0.0,0.0,0.997979797979798,22,100
0.0,0.0,0.0,,0.0,0.26,0,4940,0,10,0.0,0.0,0.997979797979798,22,100
0.0,0.0,0.0,,0.0,0.28,0,4940,0,10,0.0,0.0,0.997979797979798,22,100
0.0,0.0,0.0,,0.0,0.3,0,4940,0,10,0.0,0.0,0.997979797979798,22,100
0.0,0.0,0.0,,0.0,0.32,0,4940,0,10,0.0,0.0,0.997979797979798,22,100
0.0,0.0,0.0,,0.0,0.34,0,4940,0,10,0.0,0.0,0.997979797979798,22,100
0.0,0.0,0.0,,0.0,0.36,0,4940,0,10,0.0,0.0,0.997979797979798,22,100
0.0,0.0,0.0,,0.0,0.38,0,4940,0,10,0.0,0.0,0.997979797979798,22,100
0.0,0.0,0.0,,0.0,0.4,0,4940,0,10,0.0,0.0,0.997979797979798,22,100
0.0,0.0,0.0,,0.0,0.42,0,4940,0,10,0.0,0.0,0.997979797979798,22,100
0.0,0.0,0.0,,0.0,0.44,0,4940,0,10,0.0,0.0,0.997979797979798,22,100
0.0,0.0,0.0,,0.0,0.46,0,4940,0,10,0.0,0.0,0.997979797979798,22,100
0.0,0.0,0.0,,0.0,0.48,0,4940,0,10,0.0,0.0,0.997979797979798,22,100
0.0,0.0,0.0,,0.0,0.5,0,4940,0,10,0.0,0.0,0.997979797979798,22,100
0.0,0.0,0.0,,0.0,0.52,0,4940,0,10,0.0,0.0,0.997979797979798,22,100
0.0,0.0,0.0,,0.0,0.54,0,4940,0,10,0.0,0.0,0.997979797979798,22,100
0.0,0.0,0.0,,0.0,0.56,0,4940,0,10,0.0,0.0,0.997979797979798,22,100
0.0,0.0,0.0,,0.0,0.58,0,4940,0,10,0.0,0.0,0.997979797979798,22,100
0.0,0.0,0.0,,0.0,0.6,0,4940,0,10,0.0,0.0,0.997979797979798,22,100
0.0,0.0,0.0,,0.0,0.62,0,4940,0,10,0.0,0.0,0.997979797979798,22,100
0.0,0.0,0.0,,0.0,0.64,0,4940,0,10,0.0,0.0,0.997979797979798,22,100
0.0,0.0,0.0,,0.0,0.66,0,4940,0,10,0.0,0.0,0.997979797979798,22,100
0.0,0.0,0.0,,0.0,0.68,0,4940,0,10,0.0,0.0,0.997979797979798,22,100
0.0,0.0,0.0,,0.0,0.7,0,4940,0,10,0.0,0.0,0.997979797979798,22,100
0.0,0.0,0.0,,0.0,0.72,0,4940,0,10,0.0,0.0,0.997979797979798,22,100
0.0,0.0,0.0,,0.0,0.74,0,4940,0,10,0.0,0.0,0.997979797979798,22,100
0.0,0.0,0.0,,0.0,0.76,0,4940,0,10,0.0,0.0,0.997979797979798,22,100
0.0,0.0,0.0,,0.0,0.78,0,4940,0,10,0.0,0.0,0.997979797979798,22,100
0.0,0.0,0.0,,0.0,0.8,0,4940,0,10,0.0,0.0,0.997979797979798,22,100
0.0,0.0,0.0,,0.0,0.82,0,4940,0,10,0.0,0.0,0.997979797979798,22,100
0.005465587044534413,0.0,1.0,0.0,0.0,0.84,0,4913,27,10,0.0,0.005465587044534413,0.9925252525252525,22,100
0.006072874493927126,0.0,1.0,0.0,0.0,0.86,0,4910,30,10,0.0,0.006072874493927126,0.9919191919191919,22,100
0.006072874493927126,0.0,1.0,0.0,0.0,0.88,0,4910,30,10,0.0,0.006072874493927126,0.9919191919191919,22,100
0.006477732793522267,0.0,1.0,0.0,0.0,0.9,0,4908,32,10,0.0,0.006477732793522267,0.9915151515151515,22,100
0.030161943319838055,0.1,0.9933333333333333,0.006666666666666667,0.1,0.92,1,4791,149,9,0.1,0.030161943319838055,0.9680808080808081,22,100
0.04696356275303644,0.2,0.9914529914529915,0.008547008547008548,0.2,0.94,2,4708,232,8,0.2,0.04696356275303644,0.9515151515151515,22,100
0.0965587044534413,0.4,0.9916839916839917,0.008316008316008316,0.4,0.96,4,4463,477,6,0.4,0.0965587044534413,0.9024242424242425,22,100
0.4449392712550607,0.8,0.9963735267452403,0.003626473254759746,0.8,0.98,8,2742,2198,2,0.8,0.4449392712550607,0.5555555555555556,22,100
0.855668016194332,0.9,0.9978753541076487,0.002124645892351275,0.9,1.0,9,713,4227,1,0.9,0.855668016194332,0.14585858585858585,22,100
0.00020242914979757084,0.0,1.0,0.0,0.0,0.02,0,4939,1,10,0.0,0.00020242914979757084,0.9977777777777778,23,100
0.00020242914979757084,0.0,1.0,0.0,0.0,0.04,0,4939,1,10,0.0,0.00020242914979757084,0.9977777777777778,23,100
0.0,0.0,0.0,,0.0,0.06,0,4940,0,10,0.0,0.0,0.997979797979798,23,100
0.00020242914979757084,0.0,1.0,0.0,0.0,0.08,0,4939,1,10,0.0,0.00020242914979757084,0.9977777777777778,23,100
0.00020242914979757084,0.0,1.0,0.0,0.0,0.1,0,4939,1,10,0.0,0.00020242914979757084,0.9977777777777778,23,100
0.00020242914979757084,0.0,1.0,0.0,0.0,0.12,0,4939,1,10,0.0,0.00020242914979757084,0.9977777777777778,23,100
0.00020242914979757084,0.0,1.0,0.0,0.0,0.14,0,4939,1,10,0.0,0.00020242914979757084,0.9977777777777778,23,100
0.00020242914979757084,0.0,1.0,0.0,0.0,0.16,0,4939,1,10,0.0,0.00020242914979757084,0.9977777777777778,23,100
0.00020242914979757084,0.0,1.0,0.0,0.0,0.18,0,4939,1,10,0.0,0.00020242914979757084,0.9977777777777778,23,100
0.00020242914979757084,0.0,1.0,0.0,0.0,0.2,0,4939,1,10,0.0,0.00020242914979757084,0.9977777777777778,23,100
0.00020242914979757084,0.0,1.0,0.0,0.0,0.22,0,4939,1,10,0.0,0.00020242914979757084,0.9977777777777778,23,100
0.00020242914979757084,0.0,1.0,0.0,0.0,0.24,0,4939,1,10,0.0,0.00020242914979757084,0.9977777777777778,23,100
0.00020242914979757084,0.0,1.0,0.0,0.0,0.26,0,4939,1,10,0.0,0.00020242914979757084,0.9977777777777778,23,100
0.00020242914979757084,0.0,1.0,0.0,0.0,0.28,0,4939,1,10,0.0,0.00020242914979757084,0.9977777777777778,23,100
0.00020242914979757084,0.0,1.0,0.0,0.0,0.3,0,4939,1,10,0.0,0.00020242914979757084,0.9977777777777778,23,100
0.00020242914979757084,0.0,1.0,0.0,0.0,0.32,0,4939,1,10,0.0,0.00020242914979757084,0.9977777777777778,23,100
0.00020242914979757084,0.0,1.0,0.0,0.0,0.34,0,4939,1,10,0.0,0.00020242914979757084,0.9977777777777778,23,100
0.00020242914979757084,0.0,1.0,0.0,0.0,0.36,0,4939,1,10,0.0,0.00020242914979757084,0.9977777777777778,23,100
0.00020242914979757084,0.0,1.0,0.0,0.0,0.38,0,4939,1,10,0.0,0.00020242914979757084,0.9977777777777778,23,100
0.00020242914979757084,0.0,1.0,0.0,0.0,0.4,0,4939,1,10,0.0,0.00020242914979757084,0.9977777777777778,23,100
0.00020242914979757084,0.0,1.0,0.0,0.0,0.42,0,4939,1,10,0.0,0.00020242914979757084,0.9977777777777778,23,100
0.00020242914979757084,0.0,1.0,0.0,0.0,0.44,0,4939,1,10,0.0,0.00020242914979757084,0.9977777777777778,23,100
0.00020242914979757084,0.0,1.0,0.0,0.0,0.46,0,4939,1,10,0.0,0.00020242914979757084,0.9977777777777778,23,100
0.00020242914979757084,0.0,1.0,0.0,0.0,0.48,0,4939,1,10,0.0,0.00020242914979757084,0.9977777777777778,23,100
0.00020242914979757084,0.0,1.0,0.0,0.0,0.5,0,4939,1,10,0.0,0.00020242914979757084,0.9977777777777778,23,100
0.00020242914979757084,0.0,1.0,0.0,0.0,0.52,0,4939,1,10,0.0,0.00020242914979757084,0.9977777777777778,23,100
0.00020242914979757084,0.0,1.0,0.0,0.0,0.54,0,4939,1,10,0.0,0.00020242914979757084,0.9977777777777778,23,100
0.00020242914979757084,0.0,1.0,0.0,0.0,0.56,0,4939,1,10,0.0,0.00020242914979757084,0.9977777777777778,23,100
0.00020242914979757084,0.0,1.0,0.0,0.0,0.58,0,4939,1,10,0.0,0.00020242914979757084,0.9977777777777778,23,100
0.00020242914979757084,0.0,1.0,0.0,0.0,0.6,0,4939,1,10,0.0,0.00020242914979757084,0.9977777777777778,23,100
0.00020242914979757084,0.0,1.0,0.0,0.0,0.62,0,4939,1,10,0.0,0.00020242914979757084,0.9977777777777778,23,100
0.00020242914979757084,0.0,1.0,0.0,0.0,0.64,0,4939,1,10,0.0,0.00020242914979757084,0.9977777777777778,23,100
0.00020242914979757084,0.0,1.0,0.0,0.0,0.66,0,4939,1,10,0.0,0.00020242914979757084,0.9977777777777778,23,100
0.00020242914979757084,0.0,1.0,0.0,0.0,0.68,0,4939,1,10,0.0,0.00020242914979757084,0.9977777777777778,23,100
0.00020242914979757084,0.0,1.0,0.0,0.0,0.7,0,4939,1,10,0.0,0.00020242914979757084,0.9977777777777778,23,100
0.00020242914979757084,0.0,1.0,0.0,0.0,0.72,0,4939,1,10,0.0,0.00020242914979757084,0.9977777777777778,23,100
0.00020242914979757084,0.0,1.0,0.0,0.0,0.74,0,4939,1,10,0.0,0.00020242914979757084,0.9977777777777778,23,100
0.00020242914979757084,0.0,1.0,0.0,0.0,0.76,0,4939,1,10,0.0,0.00020242914979757084,0.9977777777777778,23,100
0.005263157894736842,0.2,0.9285714285714286,0.07142857142857142,0.2,0.78,2,4914,26,8,0.2,0.005263157894736842,0.9931313131313131,23,100
0.005263157894736842,0.2,0.9285714285714286,0.07142857142857142,0.2,0.8,2,4914,26,8,0.2,0.005263157894736842,0.9931313131313131,23,100
0.005263157894736842,0.2,0.9285714285714286,0.07142857142857142,0.2,0.82,2,4914,26,8,0.2,0.005263157894736842,0.9931313131313131,23,100
0.005263157894736842,0.2,0.9285714285714286,0.07142857142857142,0.2,0.84,2,4914,26,8,0.2,0.005263157894736842,0.9931313131313131,23,100
0.006275303643724696,0.2,0.9393939393939394,0.06060606060606061,0.2,0.86,2,4909,31,8,0.2,0.006275303643724696,0.9921212121212121,23,100
0.00708502024291498,0.2,0.9459459459459459,0.05405405405405406,0.2,0.88,2,4905,35,8,0.2,0.00708502024291498,0.9913131313131314,23,100
0.00708502024291498,0.2,0.9459459459459459,0.05405405405405406,0.2,0.9,2,4905,35,8,0.2,0.00708502024291498,0.9913131313131314,23,100
0.01174089068825911,0.2,0.9666666666666667,0.03333333333333333,0.2,0.92,2,4882,58,8,0.2,0.01174089068825911,0.9866666666666667,23,100
0.01174089068825911,0.2,0.9666666666666667,0.03333333333333333,0.2,0.94,2,4882,58,8,0.2,0.01174089068825911,0.9866666666666667,23,100
0.056882591093117406,0.4,0.9859649122807017,0.014035087719298246,0.4,0.96,4,4659,281,6,0.4,0.056882591093117406,0.942020202020202,23,100
0.16963562753036437,0.8,0.9905437352245863,0.009456264775413711,0.8,0.98,8,4102,838,2,0.8,0.16963562753036437,0.8303030303030303,23,100
0.9651821862348178,1.0,0.9979070740895772,0.002092925910422771,1.0,1.0,10,172,4768,0,1.0,0.9651821862348178,0.03676767676767677,23,100
0.0,0.0,0.0,,0.0,0.02,0,4940,0,10,0.0,0.0,0.997979797979798,24,100
0.0,0.0,0.0,,0.0,0.04,0,4940,0,10,0.0,0.0,0.997979797979798,24,100
0.0,0.0,0.0,,0.0,0.06,0,4940,0,10,0.0,0.0,0.997979797979798,24,100
0.0,0.0,0.0,,0.0,0.08,0,4940,0,10,0.0,0.0,0.997979797979798,24,100
0.0,0.0,0.0,,0.0,0.1,0,4940,0,10,0.0,0.0,0.997979797979798,24,100
0.0,0.0,0.0,,0.0,0.12,0,4940,0,10,0.0,0.0,0.997979797979798,24,100
0.0,0.0,0.0,,0.0,0.14,0,4940,0,10,0.0,0.0,0.997979797979798,24,100
0.0,0.0,0.0,,0.0,0.16,0,4940,0,10,0.0,0.0,0.997979797979798,24,100
0.0,0.0,0.0,,0.0,0.18,0,4940,0,10,0.0,0.0,0.997979797979798,24,100
0.0,0.0,0.0,,0.0,0.2,0,4940,0,10,0.0,0.0,0.997979797979798,24,100
0.0,0.0,0.0,,0.0,0.22,0,4940,0,10,0.0,0.0,0.997979797979798,24,100
0.0,0.0,0.0,,0.0,0.24,0,4940,0,10,0.0,0.0,0.997979797979798,24,100
0.0,0.0,0.0,,0.0,0.26,0,4940,0,10,0.0,0.0,0.997979797979798,24,100
0.0,0.0,0.0,,0.0,0.28,0,4940,0,10,0.0,0.0,0.997979797979798,24,100
0.0,0.0,0.0,,0.0,0.3,0,4940,0,10,0.0,0.0,0.997979797979798,24,100
0.0,0.0,0.0,,0.0,0.32,0,4940,0,10,0.0,0.0,0.997979797979798,24,100
0.0,0.0,0.0,,0.0,0.34,0,4940,0,10,0.0,0.0,0.997979797979798,24,100
0.0,0.0,0.0,,0.0,0.36,0,4940,0,10,0.0,0.0,0.997979797979798,24,100
0.0,0.0,0.0,,0.0,0.38,0,4940,0,10,0.0,0.0,0.997979797979798,24,100
0.0004048582995951417,0.0,1.0,0.0,0.0,0.4,0,4938,2,10,0.0,0.0004048582995951417,0.9975757575757576,24,100
0.0004048582995951417,0.0,1.0,0.0,0.0,0.42,0,4938,2,10,0.0,0.0004048582995951417,0.9975757575757576,24,100
0.0004048582995951417,0.0,1.0,0.0,0.0,0.44,0,4938,2,10,0.0,0.0004048582995951417,0.9975757575757576,24,100
0.0004048582995951417,0.0,1.0,0.0,0.0,0.46,0,4938,2,10,0.0,0.0004048582995951417,0.9975757575757576,24,100
0.0004048582995951417,0.0,1.0,0.0,0.0,0.48,0,4938,2,10,0.0,0.0004048582995951417,0.9975757575757576,24,100
0.0004048582995951417,0.0,1.0,0.0,0.0,0.5,0,4938,2,10,0.0,0.0004048582995951417,0.9975757575757576,24,100
0.0020242914979757085,0.0,1.0,0.0,0.0,0.52,0,4930,10,10,0.0,0.0020242914979757085,0.9959595959595959,24,100
0.0020242914979757085,0.0,1.0,0.0,0.0,0.54,0,4930,10,10,0.0,0.0020242914979757085,0.9959595959595959,24,100
0.0020242914979757085,0.0,1.0,0.0,0.0,0.56,0,4930,10,10,0.0,0.0020242914979757085,0.9959595959595959,24,100
0.0020242914979757085,0.0,1.0,0.0,0.0,0.58,0,4930,10,10,0.0,0.0020242914979757085,0.9959595959595959,24,100
0.0020242914979757085,0.0,1.0,0.0,0.0,0.6,0,4930,10,10,0.0,0.0020242914979757085,0.9959595959595959,24,100
0.0020242914979757085,0.0,1.0,0.0,0.0,0.62,0,4930,10,10,0.0,0.0020242914979757085,0.9959595959595959,24,100
0.0020242914979757085,0.0,1.0,0.0,0.0,0.64,0,4930,10,10,0.0,0.0020242914979757085,0.9959595959595959,24,100
0.0020242914979757085,0.0,1.0,0.0,0.0,0.66,0,4930,10,10,0.0,0.0020242914979757085,0.9959595959595959,24,100
0.0020242914979757085,0.0,1.0,0.0,0.0,0.68,0,4930,10,10,0.0,0.0020242914979757085,0.9959595959595959,24,100
0.0020242914979757085,0.0,1.0,0.0,0.0,0.7,0,4930,10,10,0.0,0.0020242914979757085,0.9959595959595959,24,100
0.009716599190283401,0.1,0.9795918367346939,0.02040816326530612,0.1,0.72,1,4892,48,9,0.1,0.009716599190283401,0.9884848484848485,24,100
0.009716599190283401,0.1,0.9795918367346939,0.02040816326530612,0.1,0.74,1,4892,48,9,0.1,0.009716599190283401,0.9884848484848485,24,100
0.009716599190283401,0.1,0.9795918367346939,0.02040816326530612,0.1,0.76,1,4892,48,9,0.1,0.009716599190283401,0.9884848484848485,24,100
0.010121457489878543,0.1,0.9803921568627451,0.0196078431372549,0.1,0.78,1,4890,50,9,0.1,0.010121457489878543,0.9880808080808081,24,100
0.010931174089068825,0.1,0.9818181818181818,0.01818181818181818,0.1,0.8,1,4886,54,9,0.1,0.010931174089068825,0.9872727272727273,24,100
0.01700404858299595,0.1,0.9882352941176471,0.011764705882352941,0.1,0.82,1,4856,84,9,0.1,0.01700404858299595,0.9812121212121212,24,100
0.022672064777327937,0.1,0.9911504424778761,0.008849557522123894,0.1,0.84,1,4828,112,9,0.1,0.022672064777327937,0.9755555555555555,24,100
0.022672064777327937,0.1,0.9911504424778761,0.008849557522123894,0.1,0.86,1,4828,112,9,0.1,0.022672064777327937,0.9755555555555555,24,100
0.02388663967611336,0.1,0.9915966386554622,0.008403361344537815,0.1,0.88,1,4822,118,9,0.1,0.02388663967611336,0.9743434343434343,24,100
0.025708502024291497,0.1,0.9921875,0.0078125,0.1,0.9,1,4813,127,9,0.1,0.025708502024291497,0.9725252525252526,24,100
0.025708502024291497,0.1,0.9921875,0.0078125,0.1,0.92,1,4813,127,9,0.1,0.025708502024291497,0.9725252525252526,24,100
0.040283400809716596,0.1,0.995,0.005,0.1,0.94,1,4741,199,9,0.1,0.040283400809716596,0.9579797979797979,24,100
0.09534412955465588,0.3,0.9936708860759493,0.006329113924050633,0.3,0.96,3,4469,471,7,0.3,0.09534412955465588,0.9034343434343435,24,100
0.10910931174089068,0.3,0.9944649446494465,0.005535055350553505,0.3,0.98,3,4401,539,7,0.3,0.10910931174089068,0.8896969696969697,24,100
0.46518218623481783,0.8,0.9965307892454467,0.003469210754553339,0.8,1.0,8,2642,2298,2,0.8,0.46518218623481783,0.5353535353535354,24,100
0.0,0.0,0.0,,0.0,0.02,0,4940,0,10,0.0,0.0,0.997979797979798,25,100
0.0,0.0,0.0,,0.0,0.04,0,4940,0,10,0.0,0.0,0.997979797979798,25,100
0.0,0.0,0.0,,0.0,0.06,0,4940,0,10,0.0,0.0,0.997979797979798,25,100
0.0,0.0,0.0,,0.0,0.08,0,4940,0,10,0.0,0.0,0.997979797979798,25,100
0.0,0.0,0.0,,0.0,0.1,0,4940,0,10,0.0,0.0,0.997979797979798,25,100
0.0,0.0,0.0,,0.0,0.12,0,4940,0,10,0.0,0.0,0.997979797979798,25,100
0.0,0.0,0.0,,0.0,0.14,0,4940,0,10,0.0,0.0,0.997979797979798,25,100
0.0,0.0,0.0,,0.0,0.16,0,4940,0,10,0.0,0.0,0.997979797979798,25,100
0.0,0.0,0.0,,0.0,0.18,0,4940,0,10,0.0,0.0,0.997979797979798,25,100
0.0,0.0,0.0,,0.0,0.2,0,4940,0,10,0.0,0.0,0.997979797979798,25,100
0.0,0.0,0.0,,0.0,0.22,0,4940,0,10,0.0,0.0,0.997979797979798,25,100
0.0,0.0,0.0,,0.0,0.24,0,4940,0,10,0.0,0.0,0.997979797979798,25,100
0.0,0.0,0.0,,0.0,0.26,0,4940,0,10,0.0,0.0,0.997979797979798,25,100
0.0,0.0,0.0,,0.0,0.28,0,4940,0,10,0.0,0.0,0.997979797979798,25,100
0.0,0.0,0.0,,0.0,0.3,0,4940,0,10,0.0,0.0,0.997979797979798,25,100
0.0,0.0,0.0,,0.0,0.32,0,4940,0,10,0.0,0.0,0.997979797979798,25,100
0.0,0.0,0.0,,0.0,0.34,0,4940,0,10,0.0,0.0,0.997979797979798,25,100
0.0,0.0,0.0,,0.0,0.36,0,4940,0,10,0.0,0.0,0.997979797979798,25,100
0.0,0.0,0.0,,0.0,0.38,0,4940,0,10,0.0,0.0,0.997979797979798,25,100
0.0,0.0,0.0,,0.0,0.4,0,4940,0,10,0.0,0.0,0.997979797979798,25,100
0.0,0.0,0.0,,0.0,0.42,0,4940,0,10,0.0,0.0,0.997979797979798,25,100
0.0,0.0,0.0,,0.0,0.44,0,4940,0,10,0.0,0.0,0.997979797979798,25,100
0.0,0.0,0.0,,0.0,0.46,0,4940,0,10,0.0,0.0,0.997979797979798,25,100
0.0,0.0,0.0,,0.0,0.48,0,4940,0,10,0.0,0.0,0.997979797979798,25,100
0.0,0.0,0.0,,0.0,0.5,0,4940,0,10,0.0,0.0,0.997979797979798,25,100
0.001417004048582996,0.0,1.0,0.0,0.0,0.52,0,4933,7,10,0.0,0.001417004048582996,0.9965656565656565,25,100
0.001417004048582996,0.0,1.0,0.0,0.0,0.54,0,4933,7,10,0.0,0.001417004048582996,0.9965656565656565,25,100
0.001417004048582996,0.0,1.0,0.0,0.0,0.56,0,4933,7,10,0.0,0.001417004048582996,0.9965656565656565,25,100
0.001417004048582996,0.0,1.0,0.0,0.0,0.58,0,4933,7,10,0.0,0.001417004048582996,0.9965656565656565,25,100
0.0018218623481781376,0.0,1.0,0.0,0.0,0.6,0,4931,9,10,0.0,0.0018218623481781376,0.9961616161616161,25,100
0.0020242914979757085,0.0,1.0,0.0,0.0,0.62,0,4930,10,10,0.0,0.0020242914979757085,0.9959595959595959,25,100
0.0020242914979757085,0.0,1.0,0.0,0.0,0.64,0,4930,10,10,0.0,0.0020242914979757085,0.9959595959595959,25,100
0.0020242914979757085,0.0,1.0,0.0,0.0,0.66,0,4930,10,10,0.0,0.0020242914979757085,0.9959595959595959,25,100
0.0020242914979757085,0.0,1.0,0.0,0.0,0.68,0,4930,10,10,0.0,0.0020242914979757085,0.9959595959595959,25,100
0.0020242914979757085,0.0,1.0,0.0,0.0,0.7,0,4930,10,10,0.0,0.0020242914979757085,0.9959595959595959,25,100
0.0020242914979757085,0.0,1.0,0.0,0.0,0.72,0,4930,10,10,0.0,0.0020242914979757085,0.9959595959595959,25,100
0.002226720647773279,0.0,1.0,0.0,0.0,0.74,0,4929,11,10,0.0,0.002226720647773279,0.9957575757575757,25,100
0.008299595141700405,0.0,1.0,0.0,0.0,0.76,0,4899,41,10,0.0,0.008299595141700405,0.9896969696969697,25,100
0.008299595141700405,0.0,1.0,0.0,0.0,0.78,0,4899,41,10,0.0,0.008299595141700405,0.9896969696969697,25,100
0.009919028340080972,0.0,1.0,0.0,0.0,0.8,0,4891,49,10,0.0,0.009919028340080972,0.9880808080808081,25,100
0.010931174089068825,0.0,1.0,0.0,0.0,0.82,0,4886,54,10,0.0,0.010931174089068825,0.9870707070707071,25,100
0.010931174089068825,0.0,1.0,0.0,0.0,0.84,0,4886,54,10,0.0,0.010931174089068825,0.9870707070707071,25,100
0.012753036437246963,0.0,1.0,0.0,0.0,0.86,0,4877,63,10,0.0,0.012753036437246963,0.9852525252525253,25,100
0.02894736842105263,0.0,1.0,0.0,0.0,0.88,0,4797,143,10,0.0,0.02894736842105263,0.9690909090909091,25,100
0.03097165991902834,0.1,0.9935064935064936,0.006493506493506494,0.1,0.9,1,4787,153,9,0.1,0.03097165991902834,0.9672727272727273,25,100
0.03097165991902834,0.1,0.9935064935064936,0.006493506493506494,0.1,0.92,1,4787,153,9,0.1,0.03097165991902834,0.9672727272727273,25,100
0.03279352226720648,0.1,0.9938650306748467,0.006134969325153374,0.1,0.94,1,4778,162,9,0.1,0.03279352226720648,0.9654545454545455,25,100
0.09210526315789473,0.3,0.9934497816593887,0.006550218340611353,0.3,0.96,3,4485,455,7,0.3,0.09210526315789473,0.9066666666666666,25,100
0.4346153846153846,0.8,0.9962877030162413,0.0037122969837587007,0.8,0.98,8,2793,2147,2,0.8,0.4346153846153846,0.5658585858585858,25,100
0.9421052631578948,1.0,0.9978559176672385,0.002144082332761578,1.0,1.0,10,286,4654,0,1.0,0.9421052631578948,0.0597979797979798,25,100
0.0,0.0,0.0,,0.0,0.02,0,4940,0,10,0.0,0.0,0.997979797979798,26,100
0.0,0.0,0.0,,0.0,0.04,0,4940,0,10,0.0,0.0,0.997979797979798,26,100
0.0,0.0,0.0,,0.0,0.06,0,4940,0,10,0.0,0.0,0.997979797979798,26,100
0.0,0.0,0.0,,0.0,0.08,0,4940,0,10,0.0,0.0,0.997979797979798,26,100
0.0,0.0,0.0,,0.0,0.1,0,4940,0,10,0.0,0.0,0.997979797979798,26,100
0.0,0.0,0.0,,0.0,0.12,0,4940,0,10,0.0,0.0,0.997979797979798,26,100
0.0,0.0,0.0,,0.0,0.14,0,4940,0,10,0.0,0.0,0.997979797979798,26,100
0.0,0.0,0.0,,0.0,0.16,0,4940,0,10,0.0,0.0,0.997979797979798,26,100
0.0,0.0,0.0,,0.0,0.18,0,4940,0,10,0.0,0.0,0.997979797979798,26,100
0.0,0.0,0.0,,0.0,0.2,0,4940,0,10,0.0,0.0,0.997979797979798,26,100
0.0,0.0,0.0,,0.0,0.22,0,4940,0,10,0.0,0.0,0.997979797979798,26,100
0.0,0.0,0.0,,0.0,0.24,0,4940,0,10,0.0,0.0,0.997979797979798,26,100
0.0,0.0,0.0,,0.0,0.26,0,4940,0,10,0.0,0.0,0.997979797979798,26,100
0.0,0.0,0.0,,0.0,0.28,0,4940,0,10,0.0,0.0,0.997979797979798,26,100
0.0,0.0,0.0,,0.0,0.3,0,4940,0,10,0.0,0.0,0.997979797979798,26,100
0.0,0.0,0.0,,0.0,0.32,0,4940,0,10,0.0,0.0,0.997979797979798,26,100
0.0,0.0,0.0,,0.0,0.34,0,4940,0,10,0.0,0.0,0.997979797979798,26,100
0.0,0.0,0.0,,0.0,0.36,0,4940,0,10,0.0,0.0,0.997979797979798,26,100
0.0,0.0,0.0,,0.0,0.38,0,4940,0,10,0.0,0.0,0.997979797979798,26,100
0.0,0.0,0.0,,0.0,0.4,0,4940,0,10,0.0,0.0,0.997979797979798,26,100
0.0,0.0,0.0,,0.0,0.42,0,4940,0,10,0.0,0.0,0.997979797979798,26,100
0.0004048582995951417,0.0,1.0,0.0,0.0,0.44,0,4938,2,10,0.0,0.0004048582995951417,0.9975757575757576,26,100
0.0004048582995951417,0.0,1.0,0.0,0.0,0.46,0,4938,2,10,0.0,0.0004048582995951417,0.9975757575757576,26,100
0.0004048582995951417,0.0,1.0,0.0,0.0,0.48,0,4938,2,10,0.0,0.0004048582995951417,0.9975757575757576,26,100
0.0004048582995951417,0.0,1.0,0.0,0.0,0.5,0,4938,2,10,0.0,0.0004048582995951417,0.9975757575757576,26,100
0.0034412955465587046,0.0,1.0,0.0,0.0,0.52,0,4923,17,10,0.0,0.0034412955465587046,0.9945454545454545,26,100
0.0034412955465587046,0.0,1.0,0.0,0.0,0.54,0,4923,17,10,0.0,0.0034412955465587046,0.9945454545454545,26,100
0.0034412955465587046,0.0,1.0,0.0,0.0,0.56,0,4923,17,10,0.0,0.0034412955465587046,0.9945454545454545,26,100
0.0034412955465587046,0.0,1.0,0.0,0.0,0.58,0,4923,17,10,0.0,0.0034412955465587046,0.9945454545454545,26,100
0.0034412955465587046,0.0,1.0,0.0,0.0,0.6,0,4923,17,10,0.0,0.0034412955465587046,0.9945454545454545,26,100
0.0034412955465587046,0.0,1.0,0.0,0.0,0.62,0,4923,17,10,0.0,0.0034412955465587046,0.9945454545454545,26,100
0.0034412955465587046,0.0,1.0,0.0,0.0,0.64,0,4923,17,10,0.0,0.0034412955465587046,0.9945454545454545,26,100
0.0038461538461538464,0.1,0.95,0.05,0.1,0.66,1,4921,19,9,0.1,0.0038461538461538464,0.9943434343434343,26,100
0.0038461538461538464,0.1,0.95,0.05,0.1,0.68,1,4921,19,9,0.1,0.0038461538461538464,0.9943434343434343,26,100
0.0038461538461538464,0.1,0.95,0.05,0.1,0.7,1,4921,19,9,0.1,0.0038461538461538464,0.9943434343434343,26,100
0.007489878542510121,0.1,0.9736842105263158,0.02631578947368421,0.1,0.72,1,4903,37,9,0.1,0.007489878542510121,0.9907070707070708,26,100
0.008097165991902834,0.1,0.975609756097561,0.024390243902439025,0.1,0.74,1,4900,40,9,0.1,0.008097165991902834,0.9901010101010101,26,100
0.008097165991902834,0.1,0.975609756097561,0.024390243902439025,0.1,0.76,1,4900,40,9,0.1,0.008097165991902834,0.9901010101010101,26,100
0.008704453441295546,0.1,0.9772727272727273,0.022727272727272728,0.1,0.78,1,4897,43,9,0.1,0.008704453441295546,0.9894949494949495,26,100
0.014979757085020242,0.1,0.9866666666666667,0.013333333333333334,0.1,0.8,1,4866,74,9,0.1,0.014979757085020242,0.9832323232323232,26,100
0.018016194331983804,0.2,0.978021978021978,0.02197802197802198,0.2,0.82,2,4851,89,8,0.2,0.018016194331983804,0.9804040404040404,26,100
0.019635627530364373,0.2,0.9797979797979798,0.020202020202020204,0.2,0.84,2,4843,97,8,0.2,0.019635627530364373,0.9787878787878788,26,100
0.019635627530364373,0.2,0.9797979797979798,0.020202020202020204,0.2,0.86,2,4843,97,8,0.2,0.019635627530364373,0.9787878787878788,26,100
0.019635627530364373,0.2,0.9797979797979798,0.020202020202020204,0.2,0.88,2,4843,97,8,0.2,0.019635627530364373,0.9787878787878788,26,100
0.022874493927125508,0.2,0.9826086956521739,0.017391304347826087,0.2,0.9,2,4827,113,8,0.2,0.022874493927125508,0.9755555555555555,26,100
0.022874493927125508,0.2,0.9826086956521739,0.017391304347826087,0.2,0.92,2,4827,113,8,0.2,0.022874493927125508,0.9755555555555555,26,100
0.024291497975708502,0.2,0.9836065573770492,0.01639344262295082,0.2,0.94,2,4820,120,8,0.2,0.024291497975708502,0.9741414141414141,26,100
0.02631578947368421,0.2,0.9848484848484849,0.015151515151515152,0.2,0.96,2,4810,130,8,0.2,0.02631578947368421,0.9721212121212122,26,100
0.02854251012145749,0.2,0.986013986013986,0.013986013986013986,0.2,0.98,2,4799,141,8,0.2,0.02854251012145749,0.9698989898989899,26,100
0.9091093117408907,0.8,0.9982218270726828,0.0017781729273171815,0.8,1.0,8,449,4491,2,0.8,0.9091093117408907,0.09232323232323232,26,100
0.0,0.0,0.0,,0.0,0.02,0,4940,0,10,0.0,0.0,0.997979797979798,27,100
0.0,0.0,0.0,,0.0,0.04,0,4940,0,10,0.0,0.0,0.997979797979798,27,100
0.0,0.0,0.0,,0.0,0.06,0,4940,0,10,0.0,0.0,0.997979797979798,27,100
0.0,0.0,0.0,,0.0,0.08,0,4940,0,10,0.0,0.0,0.997979797979798,27,100
0.0,0.0,0.0,,0.0,0.1,0,4940,0,10,0.0,0.0,0.997979797979798,27,100
0.0,0.0,0.0,,0.0,0.12,0,4940,0,10,0.0,0.0,0.997979797979798,27,100
0.0,0.0,0.0,,0.0,0.14,0,4940,0,10,0.0,0.0,0.997979797979798,27,100
0.0,0.0,0.0,,0.0,0.16,0,4940,0,10,0.0,0.0,0.997979797979798,27,100
0.0,0.0,0.0,,0.0,0.18,0,4940,0,10,0.0,0.0,0.997979797979798,27,100
0.0,0.0,0.0,,0.0,0.2,0,4940,0,10,0.0,0.0,0.997979797979798,27,100
0.0,0.0,0.0,,0.0,0.22,0,4940,0,10,0.0,0.0,0.997979797979798,27,100
0.0,0.0,0.0,,0.0,0.24,0,4940,0,10,0.0,0.0,0.997979797979798,27,100
0.0,0.0,0.0,,0.0,0.26,0,4940,0,10,0.0,0.0,0.997979797979798,27,100
0.0,0.0,0.0,,0.0,0.28,0,4940,0,10,0.0,0.0,0.997979797979798,27,100
0.0,0.0,0.0,,0.0,0.3,0,4940,0,10,0.0,0.0,0.997979797979798,27,100
0.0,0.0,0.0,,0.0,0.32,0,4940,0,10,0.0,0.0,0.997979797979798,27,100
0.0,0.0,0.0,,0.0,0.34,0,4940,0,10,0.0,0.0,0.997979797979798,27,100
0.0,0.0,0.0,,0.0,0.36,0,4940,0,10,0.0,0.0,0.997979797979798,27,100
0.0,0.0,0.0,,0.0,0.38,0,4940,0,10,0.0,0.0,0.997979797979798,27,100
0.0,0.0,0.0,,0.0,0.4,0,4940,0,10,0.0,0.0,0.997979797979798,27,100
0.0,0.0,0.0,,0.0,0.42,0,4940,0,10,0.0,0.0,0.997979797979798,27,100
0.001417004048582996,0.0,1.0,0.0,0.0,0.44,0,4933,7,10,0.0,0.001417004048582996,0.9965656565656565,27,100
0.001417004048582996,0.0,1.0,0.0,0.0,0.46,0,4933,7,10,0.0,0.001417004048582996,0.9965656565656565,27,100
0.001417004048582996,0.0,1.0,0.0,0.0,0.48,0,4933,7,10,0.0,0.001417004048582996,0.9965656565656565,27,100
0.001417004048582996,0.0,1.0,0.0,0.0,0.5,0,4933,7,10,0.0,0.001417004048582996,0.9965656565656565,27,100
0.001417004048582996,0.0,1.0,0.0,0.0,0.52,0,4933,7,10,0.0,0.001417004048582996,0.9965656565656565,27,100
0.001417004048582996,0.0,1.0,0.0,0.0,0.54,0,4933,7,10,0.0,0.001417004048582996,0.9965656565656565,27,100
0.0016194331983805667,0.0,1.0,0.0,0.0,0.56,0,4932,8,10,0.0,0.0016194331983805667,0.9963636363636363,27,100
0.0016194331983805667,0.0,1.0,0.0,0.0,0.58,0,4932,8,10,0.0,0.0016194331983805667,0.9963636363636363,27,100
0.0016194331983805667,0.0,1.0,0.0,0.0,0.6,0,4932,8,10,0.0,0.0016194331983805667,0.9963636363636363,27,100
0.0016194331983805667,0.0,1.0,0.0,0.0,0.62,0,4932,8,10,0.0,0.0016194331983805667,0.9963636363636363,27,100
0.0016194331983805667,0.0,1.0,0.0,0.0,0.64,0,4932,8,10,0.0,0.0016194331983805667,0.9963636363636363,27,100
0.0018218623481781376,0.0,1.0,0.0,0.0,0.66,0,4931,9,10,0.0,0.0018218623481781376,0.9961616161616161,27,100
0.002631578947368421,0.0,1.0,0.0,0.0,0.68,0,4927,13,10,0.0,0.002631578947368421,0.9953535353535353,27,100
0.0032388663967611335,0.0,1.0,0.0,0.0,0.7,0,4924,16,10,0.0,0.0032388663967611335,0.9947474747474747,27,100
0.0032388663967611335,0.0,1.0,0.0,0.0,0.72,0,4924,16,10,0.0,0.0032388663967611335,0.9947474747474747,27,100
0.0032388663967611335,0.0,1.0,0.0,0.0,0.74,0,4924,16,10,0.0,0.0032388663967611335,0.9947474747474747,27,100
0.0032388663967611335,0.0,1.0,0.0,0.0,0.76,0,4924,16,10,0.0,0.0032388663967611335,0.9947474747474747,27,100
0.0032388663967611335,0.0,1.0,0.0,0.0,0.78,0,4924,16,10,0.0,0.0032388663967611335,0.9947474747474747,27,100
0.0036437246963562753,0.0,1.0,0.0,0.0,0.8,0,4922,18,10,0.0,0.0036437246963562753,0.9943434343434343,27,100
0.0036437246963562753,0.0,1.0,0.0,0.0,0.82,0,4922,18,10,0.0,0.0036437246963562753,0.9943434343434343,27,100
0.008704453441295546,0.1,0.9772727272727273,0.022727272727272728,0.1,0.84,1,4897,43,9,0.1,0.008704453441295546,0.9894949494949495,27,100
0.008704453441295546,0.1,0.9772727272727273,0.022727272727272728,0.1,0.86,1,4897,43,9,0.1,0.008704453441295546,0.9894949494949495,27,100
0.00931174089068826,0.1,0.9787234042553191,0.02127659574468085,0.1,0.88,1,4894,46,9,0.1,0.00931174089068826,0.9888888888888889,27,100
0.00931174089068826,0.1,0.9787234042553191,0.02127659574468085,0.1,0.9,1,4894,46,9,0.1,0.00931174089068826,0.9888888888888889,27,100
0.00931174089068826,0.1,0.9787234042553191,0.02127659574468085,0.1,0.92,1,4894,46,9,0.1,0.00931174089068826,0.9888888888888889,27,100
0.05809716599190284,0.3,0.9896551724137931,0.010344827586206896,0.3,0.94,3,4653,287,7,0.3,0.05809716599190284,0.9406060606060606,27,100
0.05809716599190284,0.3,0.9896551724137931,0.010344827586206896,0.3,0.96,3,4653,287,7,0.3,0.05809716599190284,0.9406060606060606,27,100
0.6645748987854251,0.8,0.9975691279246429,0.002430872075357034,0.8,0.98,8,1657,3283,2,0.8,0.6645748987854251,0.33636363636363636,27,100
0.9700404858299595,1.0,0.9979175343606831,0.0020824656393169513,1.0,1.0,10,148,4792,0,1.0,0.9700404858299595,0.03191919191919192,27,100
0.00020242914979757084,0.0,1.0,0.0,0.0,0.02,0,4939,1,10,0.0,0.00020242914979757084,0.9977777777777778,28,100
0.00020242914979757084,0.0,1.0,0.0,0.0,0.04,0,4939,1,10,0.0,0.00020242914979757084,0.9977777777777778,28,100
0.00020242914979757084,0.0,1.0,0.0,0.0,0.06,0,4939,1,10,0.0,0.00020242914979757084,0.9977777777777778,28,100
0.0,0.0,0.0,,0.0,0.08,0,4940,0,10,0.0,0.0,0.997979797979798,28,100
0.00020242914979757084,0.0,1.0,0.0,0.0,0.1,0,4939,1,10,0.0,0.00020242914979757084,0.9977777777777778,28,100
0.00020242914979757084,0.0,1.0,0.0,0.0,0.12,0,4939,1,10,0.0,0.00020242914979757084,0.9977777777777778,28,100
0.00020242914979757084,0.0,1.0,0.0,0.0,0.14,0,4939,1,10,0.0,0.00020242914979757084,0.9977777777777778,28,100
0.00020242914979757084,0.0,1.0,0.0,0.0,0.16,0,4939,1,10,0.0,0.00020242914979757084,0.9977777777777778,28,100
0.00020242914979757084,0.0,1.0,0.0,0.0,0.18,0,4939,1,10,0.0,0.00020242914979757084,0.9977777777777778,28,100
0.00020242914979757084,0.0,1.0,0.0,0.0,0.2,0,4939,1,10,0.0,0.00020242914979757084,0.9977777777777778,28,100
0.00020242914979757084,0.0,1.0,0.0,0.0,0.22,0,4939,1,10,0.0,0.00020242914979757084,0.9977777777777778,28,100
0.00020242914979757084,0.0,1.0,0.0,0.0,0.24,0,4939,1,10,0.0,0.00020242914979757084,0.9977777777777778,28,100
0.00020242914979757084,0.0,1.0,0.0,0.0,0.26,0,4939,1,10,0.0,0.00020242914979757084,0.9977777777777778,28,100
0.00020242914979757084,0.0,1.0,0.0,0.0,0.28,0,4939,1,10,0.0,0.00020242914979757084,0.9977777777777778,28,100
0.00020242914979757084,0.0,1.0,0.0,0.0,0.3,0,4939,1,10,0.0,0.00020242914979757084,0.9977777777777778,28,100
0.00020242914979757084,0.0,1.0,0.0,0.0,0.32,0,4939,1,10,0.0,0.00020242914979757084,0.9977777777777778,28,100
0.00020242914979757084,0.0,1.0,0.0,0.0,0.34,0,4939,1,10,0.0,0.00020242914979757084,0.9977777777777778,28,100
0.00020242914979757084,0.0,1.0,0.0,0.0,0.36,0,4939,1,10,0.0,0.00020242914979757084,0.9977777777777778,28,100
0.00020242914979757084,0.0,1.0,0.0,0.0,0.38,0,4939,1,10,0.0,0.00020242914979757084,0.9977777777777778,28,100
0.00020242914979757084,0.0,1.0,0.0,0.0,0.4,0,4939,1,10,0.0,0.00020242914979757084,0.9977777777777778,28,100
0.00020242914979757084,0.0,1.0,0.0,0.0,0.42,0,4939,1,10,0.0,0.00020242914979757084,0.9977777777777778,28,100
0.00020242914979757084,0.0,1.0,0.0,0.0,0.44,0,4939,1,10,0.0,0.00020242914979757084,0.9977777777777778,28,100
0.00020242914979757084,0.0,1.0,0.0,0.0,0.46,0,4939,1,10,0.0,0.00020242914979757084,0.9977777777777778,28,100
0.00020242914979757084,0.0,1.0,0.0,0.0,0.48,0,4939,1,10,0.0,0.00020242914979757084,0.9977777777777778,28,100
0.00020242914979757084,0.0,1.0,0.0,0.0,0.5,0,4939,1,10,0.0,0.00020242914979757084,0.9977777777777778,28,100
0.00020242914979757084,0.0,1.0,0.0,0.0,0.52,0,4939,1,10,0.0,0.00020242914979757084,0.9977777777777778,28,100
0.00020242914979757084,0.0,1.0,0.0,0.0,0.54,0,4939,1,10,0.0,0.00020242914979757084,0.9977777777777778,28,100
0.00020242914979757084,0.0,1.0,0.0,0.0,0.56,0,4939,1,10,0.0,0.00020242914979757084,0.9977777777777778,28,100
0.00020242914979757084,0.0,1.0,0.0,0.0,0.58,0,4939,1,10,0.0,0.00020242914979757084,0.9977777777777778,28,100
0.00020242914979757084,0.0,1.0,0.0,0.0,0.6,0,4939,1,10,0.0,0.00020242914979757084,0.9977777777777778,28,100
0.00020242914979757084,0.0,1.0,0.0,0.0,0.62,0,4939,1,10,0.0,0.00020242914979757084,0.9977777777777778,28,100
0.00020242914979757084,0.0,1.0,0.0,0.0,0.64,0,4939,1,10,0.0,0.00020242914979757084,0.9977777777777778,28,100
0.00020242914979757084,0.0,1.0,0.0,0.0,0.66,0,4939,1,10,0.0,0.00020242914979757084,0.9977777777777778,28,100
0.00020242914979757084,0.0,1.0,0.0,0.0,0.68,0,4939,1,10,0.0,0.00020242914979757084,0.9977777777777778,28,100
0.00020242914979757084,0.0,1.0,0.0,0.0,0.7,0,4939,1,10,0.0,0.00020242914979757084,0.9977777777777778,28,100
0.00020242914979757084,0.0,1.0,0.0,0.0,0.72,0,4939,1,10,0.0,0.00020242914979757084,0.9977777777777778,28,100
0.00020242914979757084,0.0,1.0,0.0,0.0,0.74,0,4939,1,10,0.0,0.00020242914979757084,0.9977777777777778,28,100
0.00020242914979757084,0.0,1.0,0.0,0.0,0.76,0,4939,1,10,0.0,0.00020242914979757084,0.9977777777777778,28,100
0.00020242914979757084,0.0,1.0,0.0,0.0,0.78,0,4939,1,10,0.0,0.00020242914979757084,0.9977777777777778,28,100
0.00020242914979757084,0.0,1.0,0.0,0.0,0.8,0,4939,1,10,0.0,0.00020242914979757084,0.9977777777777778,28,100
0.00020242914979757084,0.0,1.0,0.0,0.0,0.82,0,4939,1,10,0.0,0.00020242914979757084,0.9977777777777778,28,100
0.00020242914979757084,0.0,1.0,0.0,0.0,0.84,0,4939,1,10,0.0,0.00020242914979757084,0.9977777777777778,28,100
0.00020242914979757084,0.0,1.0,0.0,0.0,0.86,0,4939,1,10,0.0,0.00020242914979757084,0.9977777777777778,28,100
0.0004048582995951417,0.0,1.0,0.0,0.0,0.88,0,4938,2,10,0.0,0.0004048582995951417,0.9975757575757576,28,100
0.0004048582995951417,0.0,1.0,0.0,0.0,0.9,0,4938,2,10,0.0,0.0004048582995951417,0.9975757575757576,28,100
0.0004048582995951417,0.0,1.0,0.0,0.0,0.92,0,4938,2,10,0.0,0.0004048582995951417,0.9975757575757576,28,100
0.0004048582995951417,0.0,1.0,0.0,0.0,0.94,0,4938,2,10,0.0,0.0004048582995951417,0.9975757575757576,28,100
0.0004048582995951417,0.0,1.0,0.0,0.0,0.96,0,4938,2,10,0.0,0.0004048582995951417,0.9975757575757576,28,100
0.0004048582995951417,0.0,1.0,0.0,0.0,0.98,0,4938,2,10,0.0,0.0004048582995951417,0.9975757575757576,28,100
0.6973684210526315,1.0,0.9971056439942113,0.002894356005788712,1.0,1.0,10,1495,3445,0,1.0,0.6973684210526315,0.30404040404040406,28,100
0.0,0.0,0.0,,0.0,0.02,0,4940,0,10,0.0,0.0,0.997979797979798,29,100
0.0,0.0,0.0,,0.0,0.04,0,4940,0,10,0.0,0.0,0.997979797979798,29,100
0.0,0.0,0.0,,0.0,0.06,0,4940,0,10,0.0,0.0,0.997979797979798,29,100
0.0,0.0,0.0,,0.0,0.08,0,4940,0,10,0.0,0.0,0.997979797979798,29,100
0.0,0.0,0.0,,0.0,0.1,0,4940,0,10,0.0,0.0,0.997979797979798,29,100
0.0,0.0,0.0,,0.0,0.12,0,4940,0,10,0.0,0.0,0.997979797979798,29,100
0.0,0.0,0.0,,0.0,0.14,0,4940,0,10,0.0,0.0,0.997979797979798,29,100
0.0,0.0,0.0,,0.0,0.16,0,4940,0,10,0.0,0.0,0.997979797979798,29,100
0.0,0.0,0.0,,0.0,0.18,0,4940,0,10,0.0,0.0,0.997979797979798,29,100
0.0,0.0,0.0,,0.0,0.2,0,4940,0,10,0.0,0.0,0.997979797979798,29,100
0.0,0.0,0.0,,0.0,0.22,0,4940,0,10,0.0,0.0,0.997979797979798,29,100
0.0,0.0,0.0,,0.0,0.24,0,4940,0,10,0.0,0.0,0.997979797979798,29,100
0.0,0.0,0.0,,0.0,0.26,0,4940,0,10,0.0,0.0,0.997979797979798,29,100
0.0,0.0,0.0,,0.0,0.28,0,4940,0,10,0.0,0.0,0.997979797979798,29,100
0.0,0.0,0.0,,0.0,0.3,0,4940,0,10,0.0,0.0,0.997979797979798,29,100
0.0,0.0,0.0,,0.0,0.32,0,4940,0,10,0.0,0.0,0.997979797979798,29,100
0.0,0.0,0.0,,0.0,0.34,0,4940,0,10,0.0,0.0,0.997979797979798,29,100
0.0,0.0,0.0,,0.0,0.36,0,4940,0,10,0.0,0.0,0.997979797979798,29,100
0.0,0.0,0.0,,0.0,0.38,0,4940,0,10,0.0,0.0,0.997979797979798,29,100
0.0,0.0,0.0,,0.0,0.4,0,4940,0,10,0.0,0.0,0.997979797979798,29,100
0.0,0.0,0.0,,0.0,0.42,0,4940,0,10,0.0,0.0,0.997979797979798,29,100
0.0,0.0,0.0,,0.0,0.44,0,4940,0,10,0.0,0.0,0.997979797979798,29,100
0.0,0.0,0.0,,0.0,0.46,0,4940,0,10,0.0,0.0,0.997979797979798,29,100
0.00020242914979757084,0.0,1.0,0.0,0.0,0.48,0,4939,1,10,0.0,0.00020242914979757084,0.9977777777777778,29,100
0.00020242914979757084,0.0,1.0,0.0,0.0,0.5,0,4939,1,10,0.0,0.00020242914979757084,0.9977777777777778,29,100
0.00020242914979757084,0.0,1.0,0.0,0.0,0.52,0,4939,1,10,0.0,0.00020242914979757084,0.9977777777777778,29,100
0.00020242914979757084,0.0,1.0,0.0,0.0,0.54,0,4939,1,10,0.0,0.00020242914979757084,0.9977777777777778,29,100
0.00020242914979757084,0.0,1.0,0.0,0.0,0.56,0,4939,1,10,0.0,0.00020242914979757084,0.9977777777777778,29,100
0.00020242914979757084,0.0,1.0,0.0,0.0,0.58,0,4939,1,10,0.0,0.00020242914979757084,0.9977777777777778,29,100
0.00020242914979757084,0.0,1.0,0.0,0.0,0.6,0,4939,1,10,0.0,0.00020242914979757084,0.9977777777777778,29,100
0.00020242914979757084,0.0,1.0,0.0,0.0,0.62,0,4939,1,10,0.0,0.00020242914979757084,0.9977777777777778,29,100
0.00020242914979757084,0.0,1.0,0.0,0.0,0.64,0,4939,1,10,0.0,0.00020242914979757084,0.9977777777777778,29,100
0.00020242914979757084,0.0,1.0,0.0,0.0,0.66,0,4939,1,10,0.0,0.00020242914979757084,0.9977777777777778,29,100
0.00020242914979757084,0.0,1.0,0.0,0.0,0.68,0,4939,1,10,0.0,0.00020242914979757084,0.9977777777777778,29,100
0.00020242914979757084,0.0,1.0,0.0,0.0,0.7,0,4939,1,10,0.0,0.00020242914979757084,0.9977777777777778,29,100
0.00020242914979757084,0.0,1.0,0.0,0.0,0.72,0,4939,1,10,0.0,0.00020242914979757084,0.9977777777777778,29,100
0.00020242914979757084,0.0,1.0,0.0,0.0,0.74,0,4939,1,10,0.0,0.00020242914979757084,0.9977777777777778,29,100
0.00020242914979757084,0.0,1.0,0.0,0.0,0.76,0,4939,1,10,0.0,0.00020242914979757084,0.9977777777777778,29,100
0.00020242914979757084,0.0,1.0,0.0,0.0,0.78,0,4939,1,10,0.0,0.00020242914979757084,0.9977777777777778,29,100
0.00020242914979757084,0.0,1.0,0.0,0.0,0.8,0,4939,1,10,0.0,0.00020242914979757084,0.9977777777777778,29,100
0.00020242914979757084,0.0,1.0,0.0,0.0,0.82,0,4939,1,10,0.0,0.00020242914979757084,0.9977777777777778,29,100
0.00020242914979757084,0.0,1.0,0.0,0.0,0.84,0,4939,1,10,0.0,0.00020242914979757084,0.9977777777777778,29,100
0.00020242914979757084,0.0,1.0,0.0,0.0,0.86,0,4939,1,10,0.0,0.00020242914979757084,0.9977777777777778,29,100
0.00020242914979757084,0.0,1.0,0.0,0.0,0.88,0,4939,1,10,0.0,0.00020242914979757084,0.9977777777777778,29,100
0.00020242914979757084,0.0,1.0,0.0,0.0,0.9,0,4939,1,10,0.0,0.00020242914979757084,0.9977777777777778,29,100
0.00020242914979757084,0.0,1.0,0.0,0.0,0.92,0,4939,1,10,0.0,0.00020242914979757084,0.9977777777777778,29,100
0.00020242914979757084,0.0,1.0,0.0,0.0,0.94,0,4939,1,10,0.0,0.00020242914979757084,0.9977777777777778,29,100
0.015789473684210527,0.3,0.9629629629629629,0.037037037037037035,0.3,0.96,3,4862,78,7,0.3,0.015789473684210527,0.9828282828282828,29,100
0.017611336032388663,0.3,0.9666666666666667,0.03333333333333333,0.3,0.98,3,4853,87,7,0.3,0.017611336032388663,0.981010101010101,29,100
0.969838056680162,1.0,0.9979171006040408,0.002082899395959175,1.0,1.0,10,149,4791,0,1.0,0.969838056680162,0.03212121212121212,29,100
0.0,0.0,0.0,,0.0,0.02,0,4940,0,10,0.0,0.0,0.997979797979798,30,100
0.0,0.0,0.0,,0.0,0.04,0,4940,0,10,0.0,0.0,0.997979797979798,30,100
0.0,0.0,0.0,,0.0,0.06,0,4940,0,10,0.0,0.0,0.997979797979798,30,100
0.0,0.0,0.0,,0.0,0.08,0,4940,0,10,0.0,0.0,0.997979797979798,30,100
0.0,0.0,0.0,,0.0,0.1,0,4940,0,10,0.0,0.0,0.997979797979798,30,100
0.0,0.0,0.0,,0.0,0.12,0,4940,0,10,0.0,0.0,0.997979797979798,30,100
0.0,0.0,0.0,,0.0,0.14,0,4940,0,10,0.0,0.0,0.997979797979798,30,100
0.0,0.0,0.0,,0.0,0.16,0,4940,0,10,0.0,0.0,0.997979797979798,30,100
0.0,0.0,0.0,,0.0,0.18,0,4940,0,10,0.0,0.0,0.997979797979798,30,100
0.0,0.0,0.0,,0.0,0.2,0,4940,0,10,0.0,0.0,0.997979797979798,30,100
0.0,0.0,0.0,,0.0,0.22,0,4940,0,10,0.0,0.0,0.997979797979798,30,100
0.0,0.0,0.0,,0.0,0.24,0,4940,0,10,0.0,0.0,0.997979797979798,30,100
0.0,0.0,0.0,,0.0,0.26,0,4940,0,10,0.0,0.0,0.997979797979798,30,100
0.0,0.0,0.0,,0.0,0.28,0,4940,0,10,0.0,0.0,0.997979797979798,30,100
0.0,0.0,0.0,,0.0,0.3,0,4940,0,10,0.0,0.0,0.997979797979798,30,100
0.0,0.0,0.0,,0.0,0.32,0,4940,0,10,0.0,0.0,0.997979797979798,30,100
0.0,0.0,0.0,,0.0,0.34,0,4940,0,10,0.0,0.0,0.997979797979798,30,100
0.0,0.0,0.0,,0.0,0.36,0,4940,0,10,0.0,0.0,0.997979797979798,30,100
0.0,0.0,0.0,,0.0,0.38,0,4940,0,10,0.0,0.0,0.997979797979798,30,100
0.0,0.0,0.0,,0.0,0.4,0,4940,0,10,0.0,0.0,0.997979797979798,30,100
0.0,0.0,0.0,,0.0,0.42,0,4940,0,10,0.0,0.0,0.997979797979798,30,100
0.0,0.0,0.0,,0.0,0.44,0,4940,0,10,0.0,0.0,0.997979797979798,30,100
0.0,0.0,0.0,,0.0,0.46,0,4940,0,10,0.0,0.0,0.997979797979798,30,100
0.0,0.0,0.0,,0.0,0.48,0,4940,0,10,0.0,0.0,0.997979797979798,30,100
0.0,0.0,0.0,,0.0,0.5,0,4940,0,10,0.0,0.0,0.997979797979798,30,100
0.0,0.0,0.0,,0.0,0.52,0,4940,0,10,0.0,0.0,0.997979797979798,30,100
0.0,0.0,0.0,,0.0,0.54,0,4940,0,10,0.0,0.0,0.997979797979798,30,100
0.0,0.0,0.0,,0.0,0.56,0,4940,0,10,0.0,0.0,0.997979797979798,30,100
0.0,0.0,0.0,,0.0,0.58,0,4940,0,10,0.0,0.0,0.997979797979798,30,100
0.0,0.0,0.0,,0.0,0.6,0,4940,0,10,0.0,0.0,0.997979797979798,30,100
0.0,0.0,0.0,,0.0,0.62,0,4940,0,10,0.0,0.0,0.997979797979798,30,100
0.0,0.0,0.0,,0.0,0.64,0,4940,0,10,0.0,0.0,0.997979797979798,30,100
0.0,0.0,0.0,,0.0,0.66,0,4940,0,10,0.0,0.0,0.997979797979798,30,100
0.0,0.0,0.0,,0.0,0.68,0,4940,0,10,0.0,0.0,0.997979797979798,30,100
0.0,0.0,0.0,,0.0,0.7,0,4940,0,10,0.0,0.0,0.997979797979798,30,100
0.007894736842105263,0.3,0.9285714285714286,0.07142857142857142,0.3,0.72,3,4901,39,7,0.3,0.007894736842105263,0.9907070707070708,30,100
0.007894736842105263,0.3,0.9285714285714286,0.07142857142857142,0.3,0.74,3,4901,39,7,0.3,0.007894736842105263,0.9907070707070708,30,100
0.008502024291497975,0.3,0.9333333333333333,0.06666666666666667,0.3,0.76,3,4898,42,7,0.3,0.008502024291497975,0.9901010101010101,30,100
0.014574898785425101,0.4,0.9473684210526315,0.05263157894736842,0.4,0.78,4,4868,72,6,0.4,0.014574898785425101,0.9842424242424243,30,100
0.015991902834008098,0.4,0.9518072289156626,0.04819277108433735,0.4,0.8,4,4861,79,6,0.4,0.015991902834008098,0.9828282828282828,30,100
0.015991902834008098,0.4,0.9518072289156626,0.04819277108433735,0.4,0.82,4,4861,79,6,0.4,0.015991902834008098,0.9828282828282828,30,100
0.01720647773279352,0.4,0.9550561797752809,0.0449438202247191,0.4,0.84,4,4855,85,6,0.4,0.01720647773279352,0.9816161616161616,30,100
0.022469635627530363,0.5,0.9568965517241379,0.04310344827586207,0.5,0.86,5,4829,111,5,0.5,0.022469635627530363,0.9765656565656565,30,100
0.024696356275303644,0.5,0.9606299212598425,0.03937007874015748,0.5,0.88,5,4818,122,5,0.5,0.024696356275303644,0.9743434343434343,30,100
0.05242914979757085,0.5,0.9810606060606061,0.01893939393939394,0.5,0.9,5,4681,259,5,0.5,0.05242914979757085,0.9466666666666667,30,100
0.05668016194331984,0.5,0.9824561403508771,0.017543859649122806,0.5,0.92,5,4660,280,5,0.5,0.05668016194331984,0.9424242424242424,30,100
0.11659919028340081,0.6,0.9896907216494846,0.010309278350515464,0.6,0.94,6,4364,576,4,0.6,0.11659919028340081,0.8828282828282829,30,100
0.17935222672064777,0.7,0.9921612541993281,0.007838745800671893,0.7,0.96,7,4054,886,3,0.7,0.17935222672064777,0.8204040404040404,30,100
0.2744939271255061,0.8,0.9941348973607038,0.005865102639296188,0.8,0.98,8,3584,1356,2,0.8,0.2744939271255061,0.7256565656565657,30,100
0.969838056680162,1.0,0.9979171006040408,0.002082899395959175,1.0,1.0,10,149,4791,0,1.0,0.969838056680162,0.03212121212121212,30,100
0.00020242914979757084,0.0,1.0,0.0,0.0,0.02,0,4939,1,10,0.0,0.00020242914979757084,0.9977777777777778,31,100
0.00020242914979757084,0.0,1.0,0.0,0.0,0.04,0,4939,1,10,0.0,0.00020242914979757084,0.9977777777777778,31,100
0.0,0.0,0.0,,0.0,0.06,0,4940,0,10,0.0,0.0,0.997979797979798,31,100
0.0004048582995951417,0.0,1.0,0.0,0.0,0.08,0,4938,2,10,0.0,0.0004048582995951417,0.9975757575757576,31,100
0.0004048582995951417,0.0,1.0,0.0,0.0,0.1,0,4938,2,10,0.0,0.0004048582995951417,0.9975757575757576,31,100
0.0004048582995951417,0.0,1.0,0.0,0.0,0.12,0,4938,2,10,0.0,0.0004048582995951417,0.9975757575757576,31,100
0.0004048582995951417,0.0,1.0,0.0,0.0,0.14,0,4938,2,10,0.0,0.0004048582995951417,0.9975757575757576,31,100
0.0004048582995951417,0.0,1.0,0.0,0.0,0.16,0,4938,2,10,0.0,0.0004048582995951417,0.9975757575757576,31,100
0.0004048582995951417,0.0,1.0,0.0,0.0,0.18,0,4938,2,10,0.0,0.0004048582995951417,0.9975757575757576,31,100
0.0004048582995951417,0.0,1.0,0.0,0.0,0.2,0,4938,2,10,0.0,0.0004048582995951417,0.9975757575757576,31,100
0.0004048582995951417,0.0,1.0,0.0,0.0,0.22,0,4938,2,10,0.0,0.0004048582995951417,0.9975757575757576,31,100
0.0006072874493927126,0.0,1.0,0.0,0.0,0.24,0,4937,3,10,0.0,0.0006072874493927126,0.9973737373737374,31,100
0.0008097165991902834,0.0,1.0,0.0,0.0,0.26,0,4936,4,10,0.0,0.0008097165991902834,0.9971717171717172,31,100
0.0008097165991902834,0.0,1.0,0.0,0.0,0.28,0,4936,4,10,0.0,0.0008097165991902834,0.9971717171717172,31,100
0.0008097165991902834,0.0,1.0,0.0,0.0,0.3,0,4936,4,10,0.0,0.0008097165991902834,0.9971717171717172,31,100
0.0008097165991902834,0.0,1.0,0.0,0.0,0.32,0,4936,4,10,0.0,0.0008097165991902834,0.9971717171717172,31,100
0.0008097165991902834,0.0,1.0,0.0,0.0,0.34,0,4936,4,10,0.0,0.0008097165991902834,0.9971717171717172,31,100
0.0008097165991902834,0.0,1.0,0.0,0.0,0.36,0,4936,4,10,0.0,0.0008097165991902834,0.9971717171717172,31,100
0.0008097165991902834,0.0,1.0,0.0,0.0,0.38,0,4936,4,10,0.0,0.0008097165991902834,0.9971717171717172,31,100
0.0010121457489878543,0.0,1.0,0.0,0.0,0.4,0,4935,5,10,0.0,0.0010121457489878543,0.996969696969697,31,100
0.0010121457489878543,0.0,1.0,0.0,0.0,0.42,0,4935,5,10,0.0,0.0010121457489878543,0.996969696969697,31,100
0.0010121457489878543,0.0,1.0,0.0,0.0,0.44,0,4935,5,10,0.0,0.0010121457489878543,0.996969696969697,31,100
0.0012145748987854252,0.0,1.0,0.0,0.0,0.46,0,4934,6,10,0.0,0.0012145748987854252,0.9967676767676767,31,100
0.0012145748987854252,0.0,1.0,0.0,0.0,0.48,0,4934,6,10,0.0,0.0012145748987854252,0.9967676767676767,31,100
0.0012145748987854252,0.0,1.0,0.0,0.0,0.5,0,4934,6,10,0.0,0.0012145748987854252,0.9967676767676767,31,100
0.0012145748987854252,0.0,1.0,0.0,0.0,0.52,0,4934,6,10,0.0,0.0012145748987854252,0.9967676767676767,31,100
0.0012145748987854252,0.0,1.0,0.0,0.0,0.54,0,4934,6,10,0.0,0.0012145748987854252,0.9967676767676767,31,100
0.001417004048582996,0.0,1.0,0.0,0.0,0.56,0,4933,7,10,0.0,0.001417004048582996,0.9965656565656565,31,100
0.001417004048582996,0.0,1.0,0.0,0.0,0.58,0,4933,7,10,0.0,0.001417004048582996,0.9965656565656565,31,100
0.001417004048582996,0.0,1.0,0.0,0.0,0.6,0,4933,7,10,0.0,0.001417004048582996,0.9965656565656565,31,100
0.001417004048582996,0.0,1.0,0.0,0.0,0.62,0,4933,7,10,0.0,0.001417004048582996,0.9965656565656565,31,100
0.001417004048582996,0.0,1.0,0.0,0.0,0.64,0,4933,7,10,0.0,0.001417004048582996,0.9965656565656565,31,100
0.001417004048582996,0.0,1.0,0.0,0.0,0.66,0,4933,7,10,0.0,0.001417004048582996,0.9965656565656565,31,100
0.0018218623481781376,0.0,1.0,0.0,0.0,0.68,0,4931,9,10,0.0,0.0018218623481781376,0.9961616161616161,31,100
0.0018218623481781376,0.0,1.0,0.0,0.0,0.7,0,4931,9,10,0.0,0.0018218623481781376,0.9961616161616161,31,100
0.0018218623481781376,0.0,1.0,0.0,0.0,0.72,0,4931,9,10,0.0,0.0018218623481781376,0.9961616161616161,31,100
0.0018218623481781376,0.0,1.0,0.0,0.0,0.74,0,4931,9,10,0.0,0.0018218623481781376,0.9961616161616161,31,100
0.0018218623481781376,0.0,1.0,0.0,0.0,0.76,0,4931,9,10,0.0,0.0018218623481781376,0.9961616161616161,31,100
0.0018218623481781376,0.0,1.0,0.0,0.0,0.78,0,4931,9,10,0.0,0.0018218623481781376,0.9961616161616161,31,100
0.002834008097165992,0.0,1.0,0.0,0.0,0.8,0,4926,14,10,0.0,0.002834008097165992,0.9951515151515151,31,100
0.002834008097165992,0.0,1.0,0.0,0.0,0.82,0,4926,14,10,0.0,0.002834008097165992,0.9951515151515151,31,100
0.0036437246963562753,0.0,1.0,0.0,0.0,0.84,0,4922,18,10,0.0,0.0036437246963562753,0.9943434343434343,31,100
0.0036437246963562753,0.0,1.0,0.0,0.0,0.86,0,4922,18,10,0.0,0.0036437246963562753,0.9943434343434343,31,100
0.04777327935222672,0.1,0.9957805907172996,0.004219409282700422,0.1,0.88,1,4704,236,9,0.1,0.04777327935222672,0.9505050505050505,31,100
0.05263157894736842,0.1,0.9961685823754789,0.0038314176245210726,0.1,0.9,1,4680,260,9,0.1,0.05263157894736842,0.9456565656565656,31,100
0.06255060728744939,0.1,0.9967741935483871,0.0032258064516129032,0.1,0.92,1,4631,309,9,0.1,0.06255060728744939,0.9357575757575758,31,100
0.06255060728744939,0.1,0.9967741935483871,0.0032258064516129032,0.1,0.94,1,4631,309,9,0.1,0.06255060728744939,0.9357575757575758,31,100
0.06700404858299595,0.1,0.9969879518072289,0.0030120481927710845,0.1,0.96,1,4609,331,9,0.1,0.06700404858299595,0.9313131313131313,31,100
0.08704453441295547,0.2,0.9953703703703703,0.004629629629629629,0.2,0.98,2,4510,430,8,0.2,0.08704453441295547,0.9115151515151515,31,100
0.8599190283400809,1.0,0.9976514795678723,0.0023485204321277596,1.0,1.0,10,692,4248,0,1.0,0.8599190283400809,0.14181818181818182,31,100
0.0,0.1,0.0,1.0,0.1,0.02,1,4940,0,9,0.1,0.0,0.9981818181818182,32,100
0.0,0.1,0.0,1.0,0.1,0.04,1,4940,0,9,0.1,0.0,0.9981818181818182,32,100
0.0,0.1,0.0,1.0,0.1,0.06,1,4940,0,9,0.1,0.0,0.9981818181818182,32,100
0.0,0.1,0.0,1.0,0.1,0.08,1,4940,0,9,0.1,0.0,0.9981818181818182,32,100
0.0,0.1,0.0,1.0,0.1,0.1,1,4940,0,9,0.1,0.0,0.9981818181818182,32,100
0.0,0.1,0.0,1.0,0.1,0.12,1,4940,0,9,0.1,0.0,0.9981818181818182,32,100
0.0,0.1,0.0,1.0,0.1,0.14,1,4940,0,9,0.1,0.0,0.9981818181818182,32,100
0.0,0.1,0.0,1.0,0.1,0.16,1,4940,0,9,0.1,0.0,0.9981818181818182,32,100
0.0,0.1,0.0,1.0,0.1,0.18,1,4940,0,9,0.1,0.0,0.9981818181818182,32,100
0.0,0.1,0.0,1.0,0.1,0.2,1,4940,0,9,0.1,0.0,0.9981818181818182,32,100
0.0,0.1,0.0,1.0,0.1,0.22,1,4940,0,9,0.1,0.0,0.9981818181818182,32,100
0.0,0.1,0.0,1.0,0.1,0.24,1,4940,0,9,0.1,0.0,0.9981818181818182,32,100
0.00020242914979757084,0.1,0.5,0.5,0.1,0.26,1,4939,1,9,0.1,0.00020242914979757084,0.997979797979798,32,100
0.00020242914979757084,0.1,0.5,0.5,0.1,0.28,1,4939,1,9,0.1,0.00020242914979757084,0.997979797979798,32,100
0.00020242914979757084,0.1,0.5,0.5,0.1,0.3,1,4939,1,9,0.1,0.00020242914979757084,0.997979797979798,32,100
0.00020242914979757084,0.1,0.5,0.5,0.1,0.32,1,4939,1,9,0.1,0.00020242914979757084,0.997979797979798,32,100
0.00020242914979757084,0.1,0.5,0.5,0.1,0.34,1,4939,1,9,0.1,0.00020242914979757084,0.997979797979798,32,100
0.00020242914979757084,0.1,0.5,0.5,0.1,0.36,1,4939,1,9,0.1,0.00020242914979757084,0.997979797979798,32,100
0.00020242914979757084,0.1,0.5,0.5,0.1,0.38,1,4939,1,9,0.1,0.00020242914979757084,0.997979797979798,32,100
0.00020242914979757084,0.1,0.5,0.5,0.1,0.4,1,4939,1,9,0.1,0.00020242914979757084,0.997979797979798,32,100
0.00020242914979757084,0.1,0.5,0.5,0.1,0.42,1,4939,1,9,0.1,0.00020242914979757084,0.997979797979798,32,100
0.00020242914979757084,0.1,0.5,0.5,0.1,0.44,1,4939,1,9,0.1,0.00020242914979757084,0.997979797979798,32,100
0.00020242914979757084,0.1,0.5,0.5,0.1,0.46,1,4939,1,9,0.1,0.00020242914979757084,0.997979797979798,32,100
0.00020242914979757084,0.1,0.5,0.5,0.1,0.48,1,4939,1,9,0.1,0.00020242914979757084,0.997979797979798,32,100
0.0006072874493927126,0.1,0.75,0.25,0.1,0.5,1,4937,3,9,0.1,0.0006072874493927126,0.9975757575757576,32,100
0.0006072874493927126,0.1,0.75,0.25,0.1,0.52,1,4937,3,9,0.1,0.0006072874493927126,0.9975757575757576,32,100
0.0006072874493927126,0.1,0.75,0.25,0.1,0.54,1,4937,3,9,0.1,0.0006072874493927126,0.9975757575757576,32,100
0.0006072874493927126,0.1,0.75,0.25,0.1,0.56,1,4937,3,9,0.1,0.0006072874493927126,0.9975757575757576,32,100
0.0006072874493927126,0.1,0.75,0.25,0.1,0.58,1,4937,3,9,0.1,0.0006072874493927126,0.9975757575757576,32,100
0.0006072874493927126,0.1,0.75,0.25,0.1,0.6,1,4937,3,9,0.1,0.0006072874493927126,0.9975757575757576,32,100
0.0006072874493927126,0.1,0.75,0.25,0.1,0.62,1,4937,3,9,0.1,0.0006072874493927126,0.9975757575757576,32,100
0.0006072874493927126,0.1,0.75,0.25,0.1,0.64,1,4937,3,9,0.1,0.0006072874493927126,0.9975757575757576,32,100
0.007489878542510121,0.3,0.925,0.075,0.3,0.66,3,4903,37,7,0.3,0.007489878542510121,0.9911111111111112,32,100
0.008502024291497975,0.3,0.9333333333333333,0.06666666666666667,0.3,0.68,3,4898,42,7,0.3,0.008502024291497975,0.9901010101010101,32,100
0.008502024291497975,0.3,0.9333333333333333,0.06666666666666667,0.3,0.7,3,4898,42,7,0.3,0.008502024291497975,0.9901010101010101,32,100
0.008502024291497975,0.3,0.9333333333333333,0.06666666666666667,0.3,0.72,3,4898,42,7,0.3,0.008502024291497975,0.9901010101010101,32,100
0.008502024291497975,0.3,0.9333333333333333,0.06666666666666667,0.3,0.74,3,4898,42,7,0.3,0.008502024291497975,0.9901010101010101,32,100
0.008906882591093117,0.3,0.9361702127659575,0.06382978723404255,0.3,0.76,3,4896,44,7,0.3,0.008906882591093117,0.9896969696969697,32,100
0.009919028340080972,0.3,0.9423076923076923,0.057692307692307696,0.3,0.78,3,4891,49,7,0.3,0.009919028340080972,0.9886868686868687,32,100
0.009919028340080972,0.3,0.9423076923076923,0.057692307692307696,0.3,0.8,3,4891,49,7,0.3,0.009919028340080972,0.9886868686868687,32,100
0.010931174089068825,0.3,0.9473684210526315,0.05263157894736842,0.3,0.82,3,4886,54,7,0.3,0.010931174089068825,0.9876767676767677,32,100
0.010931174089068825,0.3,0.9473684210526315,0.05263157894736842,0.3,0.84,3,4886,54,7,0.3,0.010931174089068825,0.9876767676767677,32,100
0.013765182186234818,0.3,0.9577464788732394,0.04225352112676056,0.3,0.86,3,4872,68,7,0.3,0.013765182186234818,0.9848484848484849,32,100
0.015587044534412956,0.3,0.9625,0.0375,0.3,0.88,3,4863,77,7,0.3,0.015587044534412956,0.983030303030303,32,100
0.019838056680161944,0.3,0.9702970297029703,0.0297029702970297,0.3,0.9,3,4842,98,7,0.3,0.019838056680161944,0.9787878787878788,32,100
0.02186234817813765,0.3,0.972972972972973,0.02702702702702703,0.3,0.92,3,4832,108,7,0.3,0.02186234817813765,0.9767676767676767,32,100
0.024291497975708502,0.3,0.975609756097561,0.024390243902439025,0.3,0.94,3,4820,120,7,0.3,0.024291497975708502,0.9743434343434343,32,100
0.03866396761133603,0.3,0.9845360824742269,0.015463917525773196,0.3,0.96,3,4749,191,7,0.3,0.03866396761133603,0.96,32,100
0.054048582995951416,0.3,0.9888888888888889,0.011111111111111112,0.3,0.98,3,4673,267,7,0.3,0.054048582995951416,0.9446464646464646,32,100
0.8874493927125506,1.0,0.9977241693218024,0.002275830678197542,1.0,1.0,10,556,4384,0,1.0,0.8874493927125506,0.11434343434343434,32,100
0.0,0.0,0.0,,0.0,0.02,0,4940,0,10,0.0,0.0,0.997979797979798,33,100
0.0,0.0,0.0,,0.0,0.04,0,4940,0,10,0.0,0.0,0.997979797979798,33,100
0.0,0.0,0.0,,0.0,0.06,0,4940,0,10,0.0,0.0,0.997979797979798,33,100
0.0,0.0,0.0,,0.0,0.08,0,4940,0,10,0.0,0.0,0.997979797979798,33,100
0.0,0.0,0.0,,0.0,0.1,0,4940,0,10,0.0,0.0,0.997979797979798,33,100
0.0,0.0,0.0,,0.0,0.12,0,4940,0,10,0.0,0.0,0.997979797979798,33,100
0.0,0.0,0.0,,0.0,0.14,0,4940,0,10,0.0,0.0,0.997979797979798,33,100
0.0,0.0,0.0,,0.0,0.16,0,4940,0,10,0.0,0.0,0.997979797979798,33,100
0.0,0.0,0.0,,0.0,0.18,0,4940,0,10,0.0,0.0,0.997979797979798,33,100
0.0,0.0,0.0,,0.0,0.2,0,4940,0,10,0.0,0.0,0.997979797979798,33,100
0.0,0.0,0.0,,0.0,0.22,0,4940,0,10,0.0,0.0,0.997979797979798,33,100
0.0,0.0,0.0,,0.0,0.24,0,4940,0,10,0.0,0.0,0.997979797979798,33,100
0.0,0.0,0.0,,0.0,0.26,0,4940,0,10,0.0,0.0,0.997979797979798,33,100
0.0,0.0,0.0,,0.0,0.28,0,4940,0,10,0.0,0.0,0.997979797979798,33,100
0.0,0.0,0.0,,0.0,0.3,0,4940,0,10,0.0,0.0,0.997979797979798,33,100
0.0,0.0,0.0,,0.0,0.32,0,4940,0,10,0.0,0.0,0.997979797979798,33,100
0.0,0.0,0.0,,0.0,0.34,0,4940,0,10,0.0,0.0,0.997979797979798,33,100
0.0,0.0,0.0,,0.0,0.36,0,4940,0,10,0.0,0.0,0.997979797979798,33,100
0.0,0.0,0.0,,0.0,0.38,0,4940,0,10,0.0,0.0,0.997979797979798,33,100
0.0,0.0,0.0,,0.0,0.4,0,4940,0,10,0.0,0.0,0.997979797979798,33,100
0.0,0.0,0.0,,0.0,0.42,0,4940,0,10,0.0,0.0,0.997979797979798,33,100
0.0,0.0,0.0,,0.0,0.44,0,4940,0,10,0.0,0.0,0.997979797979798,33,100
0.0,0.0,0.0,,0.0,0.46,0,4940,0,10,0.0,0.0,0.997979797979798,33,100
0.0,0.0,0.0,,0.0,0.48,0,4940,0,10,0.0,0.0,0.997979797979798,33,100
0.0,0.0,0.0,,0.0,0.5,0,4940,0,10,0.0,0.0,0.997979797979798,33,100
0.0,0.0,0.0,,0.0,0.52,0,4940,0,10,0.0,0.0,0.997979797979798,33,100
0.0,0.0,0.0,,0.0,0.54,0,4940,0,10,0.0,0.0,0.997979797979798,33,100
0.0,0.0,0.0,,0.0,0.56,0,4940,0,10,0.0,0.0,0.997979797979798,33,100
0.00020242914979757084,0.0,1.0,0.0,0.0,0.58,0,4939,1,10,0.0,0.00020242914979757084,0.9977777777777778,33,100
0.00020242914979757084,0.0,1.0,0.0,0.0,0.6,0,4939,1,10,0.0,0.00020242914979757084,0.9977777777777778,33,100
0.00020242914979757084,0.0,1.0,0.0,0.0,0.62,0,4939,1,10,0.0,0.00020242914979757084,0.9977777777777778,33,100
0.00020242914979757084,0.0,1.0,0.0,0.0,0.64,0,4939,1,10,0.0,0.00020242914979757084,0.9977777777777778,33,100
0.00020242914979757084,0.0,1.0,0.0,0.0,0.66,0,4939,1,10,0.0,0.00020242914979757084,0.9977777777777778,33,100
0.00020242914979757084,0.0,1.0,0.0,0.0,0.68,0,4939,1,10,0.0,0.00020242914979757084,0.9977777777777778,33,100
0.00020242914979757084,0.0,1.0,0.0,0.0,0.7,0,4939,1,10,0.0,0.00020242914979757084,0.9977777777777778,33,100
0.00020242914979757084,0.0,1.0,0.0,0.0,0.72,0,4939,1,10,0.0,0.00020242914979757084,0.9977777777777778,33,100
0.00020242914979757084,0.0,1.0,0.0,0.0,0.74,0,4939,1,10,0.0,0.00020242914979757084,0.9977777777777778,33,100
0.009919028340080972,0.1,0.98,0.02,0.1,0.76,1,4891,49,9,0.1,0.009919028340080972,0.9882828282828283,33,100
0.009919028340080972,0.1,0.98,0.02,0.1,0.78,1,4891,49,9,0.1,0.009919028340080972,0.9882828282828283,33,100
0.009919028340080972,0.1,0.98,0.02,0.1,0.8,1,4891,49,9,0.1,0.009919028340080972,0.9882828282828283,33,100
0.009919028340080972,0.1,0.98,0.02,0.1,0.82,1,4891,49,9,0.1,0.009919028340080972,0.9882828282828283,33,100
0.009919028340080972,0.1,0.98,0.02,0.1,0.84,1,4891,49,9,0.1,0.009919028340080972,0.9882828282828283,33,100
0.04311740890688259,0.2,0.9906976744186047,0.009302325581395349,0.2,0.86,2,4727,213,8,0.2,0.04311740890688259,0.9553535353535354,33,100
0.04311740890688259,0.2,0.9906976744186047,0.009302325581395349,0.2,0.88,2,4727,213,8,0.2,0.04311740890688259,0.9553535353535354,33,100
0.04595141700404858,0.3,0.9869565217391304,0.013043478260869565,0.3,0.9,3,4713,227,7,0.3,0.04595141700404858,0.9527272727272728,33,100
0.06477732793522267,0.3,0.9907120743034056,0.009287925696594427,0.3,0.92,3,4620,320,7,0.3,0.06477732793522267,0.933939393939394,33,100
0.08238866396761134,0.3,0.9926829268292683,0.007317073170731708,0.3,0.94,3,4533,407,7,0.3,0.08238866396761134,0.9163636363636364,33,100
0.1522267206477733,0.4,0.9947089947089947,0.005291005291005291,0.4,0.96,4,4188,752,6,0.4,0.1522267206477733,0.8468686868686869,33,100
0.18461538461538463,0.5,0.9945474372955289,0.0054525627044711015,0.5,0.98,5,4028,912,5,0.5,0.18461538461538463,0.8147474747474748,33,100
0.9378542510121457,1.0,0.9978462201163041,0.002153779883695886,1.0,1.0,10,307,4633,0,1.0,0.9378542510121457,0.06404040404040404,33,100
0.0,0.0,0.0,,0.0,0.02,0,4940,0,10,0.0,0.0,0.997979797979798,34,100
0.0,0.0,0.0,,0.0,0.04,0,4940,0,10,0.0,0.0,0.997979797979798,34,100
0.0,0.0,0.0,,0.0,0.06,0,4940,0,10,0.0,0.0,0.997979797979798,34,100
0.0,0.0,0.0,,0.0,0.08,0,4940,0,10,0.0,0.0,0.997979797979798,34,100
0.0,0.0,0.0,,0.0,0.1,0,4940,0,10,0.0,0.0,0.997979797979798,34,100
0.0,0.0,0.0,,0.0,0.12,0,4940,0,10,0.0,0.0,0.997979797979798,34,100
0.0,0.0,0.0,,0.0,0.14,0,4940,0,10,0.0,0.0,0.997979797979798,34,100
0.0,0.0,0.0,,0.0,0.16,0,4940,0,10,0.0,0.0,0.997979797979798,34,100
0.0,0.0,0.0,,0.0,0.18,0,4940,0,10,0.0,0.0,0.997979797979798,34,100
0.0,0.0,0.0,,0.0,0.2,0,4940,0,10,0.0,0.0,0.997979797979798,34,100
0.0,0.0,0.0,,0.0,0.22,0,4940,0,10,0.0,0.0,0.997979797979798,34,100
0.0,0.0,0.0,,0.0,0.24,0,4940,0,10,0.0,0.0,0.997979797979798,34,100
0.0004048582995951417,0.0,1.0,0.0,0.0,0.26,0,4938,2,10,0.0,0.0004048582995951417,0.9975757575757576,34,100
0.0004048582995951417,0.0,1.0,0.0,0.0,0.28,0,4938,2,10,0.0,0.0004048582995951417,0.9975757575757576,34,100
0.0004048582995951417,0.0,1.0,0.0,0.0,0.3,0,4938,2,10,0.0,0.0004048582995951417,0.9975757575757576,34,100
0.0008097165991902834,0.0,1.0,0.0,0.0,0.32,0,4936,4,10,0.0,0.0008097165991902834,0.9971717171717172,34,100
0.0008097165991902834,0.0,1.0,0.0,0.0,0.34,0,4936,4,10,0.0,0.0008097165991902834,0.9971717171717172,34,100
0.0008097165991902834,0.0,1.0,0.0,0.0,0.36,0,4936,4,10,0.0,0.0008097165991902834,0.9971717171717172,34,100
0.0008097165991902834,0.0,1.0,0.0,0.0,0.38,0,4936,4,10,0.0,0.0008097165991902834,0.9971717171717172,34,100
0.0008097165991902834,0.0,1.0,0.0,0.0,0.4,0,4936,4,10,0.0,0.0008097165991902834,0.9971717171717172,34,100
0.0008097165991902834,0.0,1.0,0.0,0.0,0.42,0,4936,4,10,0.0,0.0008097165991902834,0.9971717171717172,34,100
0.0008097165991902834,0.0,1.0,0.0,0.0,0.44,0,4936,4,10,0.0,0.0008097165991902834,0.9971717171717172,34,100
0.0008097165991902834,0.0,1.0,0.0,0.0,0.46,0,4936,4,10,0.0,0.0008097165991902834,0.9971717171717172,34,100
0.0008097165991902834,0.0,1.0,0.0,0.0,0.48,0,4936,4,10,0.0,0.0008097165991902834,0.9971717171717172,34,100
0.0008097165991902834,0.0,1.0,0.0,0.0,0.5,0,4936,4,10,0.0,0.0008097165991902834,0.9971717171717172,34,100
0.0008097165991902834,0.0,1.0,0.0,0.0,0.52,0,4936,4,10,0.0,0.0008097165991902834,0.9971717171717172,34,100
0.0008097165991902834,0.0,1.0,0.0,0.0,0.54,0,4936,4,10,0.0,0.0008097165991902834,0.9971717171717172,34,100
0.0008097165991902834,0.0,1.0,0.0,0.0,0.56,0,4936,4,10,0.0,0.0008097165991902834,0.9971717171717172,34,100
0.0008097165991902834,0.0,1.0,0.0,0.0,0.58,0,4936,4,10,0.0,0.0008097165991902834,0.9971717171717172,34,100
0.0008097165991902834,0.0,1.0,0.0,0.0,0.6,0,4936,4,10,0.0,0.0008097165991902834,0.9971717171717172,34,100
0.0008097165991902834,0.0,1.0,0.0,0.0,0.62,0,4936,4,10,0.0,0.0008097165991902834,0.9971717171717172,34,100
0.0018218623481781376,0.0,1.0,0.0,0.0,0.64,0,4931,9,10,0.0,0.0018218623481781376,0.9961616161616161,34,100
0.0018218623481781376,0.0,1.0,0.0,0.0,0.66,0,4931,9,10,0.0,0.0018218623481781376,0.9961616161616161,34,100
0.0018218623481781376,0.0,1.0,0.0,0.0,0.68,0,4931,9,10,0.0,0.0018218623481781376,0.9961616161616161,34,100
0.002226720647773279,0.0,1.0,0.0,0.0,0.7,0,4929,11,10,0.0,0.002226720647773279,0.9957575757575757,34,100
0.002834008097165992,0.0,1.0,0.0,0.0,0.72,0,4926,14,10,0.0,0.002834008097165992,0.9951515151515151,34,100
0.002834008097165992,0.0,1.0,0.0,0.0,0.74,0,4926,14,10,0.0,0.002834008097165992,0.9951515151515151,34,100
0.002834008097165992,0.0,1.0,0.0,0.0,0.76,0,4926,14,10,0.0,0.002834008097165992,0.9951515151515151,34,100
0.004251012145748988,0.1,0.9545454545454546,0.045454545454545456,0.1,0.78,1,4919,21,9,0.1,0.004251012145748988,0.9939393939393939,34,100
0.00465587044534413,0.1,0.9583333333333334,0.041666666666666664,0.1,0.8,1,4917,23,9,0.1,0.00465587044534413,0.9935353535353535,34,100
0.015789473684210527,0.1,0.9873417721518988,0.012658227848101266,0.1,0.82,1,4862,78,9,0.1,0.015789473684210527,0.9824242424242424,34,100
0.01720647773279352,0.1,0.9883720930232558,0.011627906976744186,0.1,0.84,1,4855,85,9,0.1,0.01720647773279352,0.981010101010101,34,100
0.01720647773279352,0.1,0.9883720930232558,0.011627906976744186,0.1,0.86,1,4855,85,9,0.1,0.01720647773279352,0.981010101010101,34,100
0.018421052631578946,0.1,0.9891304347826086,0.010869565217391304,0.1,0.88,1,4849,91,9,0.1,0.018421052631578946,0.9797979797979798,34,100
0.045344129554655874,0.3,0.986784140969163,0.013215859030837005,0.3,0.9,3,4716,224,7,0.3,0.045344129554655874,0.9533333333333334,34,100
0.04959514170040486,0.3,0.9879032258064516,0.012096774193548387,0.3,0.92,3,4695,245,7,0.3,0.04959514170040486,0.9490909090909091,34,100
0.08238866396761134,0.5,0.9878640776699029,0.012135922330097087,0.5,0.94,5,4533,407,5,0.5,0.08238866396761134,0.9167676767676768,34,100
0.08947368421052632,0.5,0.9888143176733781,0.011185682326621925,0.5,0.96,5,4498,442,5,0.5,0.08947368421052632,0.9096969696969697,34,100
0.09433198380566801,0.5,0.9893842887473461,0.010615711252653927,0.5,0.98,5,4474,466,5,0.5,0.09433198380566801,0.9048484848484849,34,100
0.9692307692307692,1.0,0.9979157982492706,0.0020842017507294707,1.0,1.0,10,152,4788,0,1.0,0.9692307692307692,0.03272727272727273,34,100
0.00020242914979757084,0.0,1.0,0.0,0.0,0.02,0,4939,1,10,0.0,0.00020242914979757084,0.9977777777777778,35,100
0.00020242914979757084,0.0,1.0,0.0,0.0,0.04,0,4939,1,10,0.0,0.00020242914979757084,0.9977777777777778,35,100
0.00020242914979757084,0.0,1.0,0.0,0.0,0.06,0,4939,1,10,0.0,0.00020242914979757084,0.9977777777777778,35,100
0.00020242914979757084,0.0,1.0,0.0,0.0,0.08,0,4939,1,10,0.0,0.00020242914979757084,0.9977777777777778,35,100
0.0,0.0,0.0,,0.0,0.1,0,4940,0,10,0.0,0.0,0.997979797979798,35,100
0.00020242914979757084,0.0,1.0,0.0,0.0,0.12,0,4939,1,10,0.0,0.00020242914979757084,0.9977777777777778,35,100
0.00020242914979757084,0.0,1.0,0.0,0.0,0.14,0,4939,1,10,0.0,0.00020242914979757084,0.9977777777777778,35,100
0.00020242914979757084,0.0,1.0,0.0,0.0,0.16,0,4939,1,10,0.0,0.00020242914979757084,0.9977777777777778,35,100
0.00020242914979757084,0.0,1.0,0.0,0.0,0.18,0,4939,1,10,0.0,0.00020242914979757084,0.9977777777777778,35,100
0.0004048582995951417,0.0,1.0,0.0,0.0,0.2,0,4938,2,10,0.0,0.0004048582995951417,0.9975757575757576,35,100
0.0004048582995951417,0.0,1.0,0.0,0.0,0.22,0,4938,2,10,0.0,0.0004048582995951417,0.9975757575757576,35,100
0.0004048582995951417,0.0,1.0,0.0,0.0,0.24,0,4938,2,10,0.0,0.0004048582995951417,0.9975757575757576,35,100
0.0004048582995951417,0.0,1.0,0.0,0.0,0.26,0,4938,2,10,0.0,0.0004048582995951417,0.9975757575757576,35,100
0.001417004048582996,0.1,0.875,0.125,0.1,0.28,1,4933,7,9,0.1,0.001417004048582996,0.9967676767676767,35,100
0.001417004048582996,0.1,0.875,0.125,0.1,0.3,1,4933,7,9,0.1,0.001417004048582996,0.9967676767676767,35,100
0.001417004048582996,0.1,0.875,0.125,0.1,0.32,1,4933,7,9,0.1,0.001417004048582996,0.9967676767676767,35,100
0.001417004048582996,0.1,0.875,0.125,0.1,0.34,1,4933,7,9,0.1,0.001417004048582996,0.9967676767676767,35,100
0.001417004048582996,0.1,0.875,0.125,0.1,0.36,1,4933,7,9,0.1,0.001417004048582996,0.9967676767676767,35,100
0.001417004048582996,0.1,0.875,0.125,0.1,0.38,1,4933,7,9,0.1,0.001417004048582996,0.9967676767676767,35,100
0.001417004048582996,0.1,0.875,0.125,0.1,0.4,1,4933,7,9,0.1,0.001417004048582996,0.9967676767676767,35,100
0.001417004048582996,0.1,0.875,0.125,0.1,0.42,1,4933,7,9,0.1,0.001417004048582996,0.9967676767676767,35,100
0.001417004048582996,0.1,0.875,0.125,0.1,0.44,1,4933,7,9,0.1,0.001417004048582996,0.9967676767676767,35,100
0.001417004048582996,0.1,0.875,0.125,0.1,0.46,1,4933,7,9,0.1,0.001417004048582996,0.9967676767676767,35,100
0.001417004048582996,0.1,0.875,0.125,0.1,0.48,1,4933,7,9,0.1,0.001417004048582996,0.9967676767676767,35,100
0.001417004048582996,0.1,0.875,0.125,0.1,0.5,1,4933,7,9,0.1,0.001417004048582996,0.9967676767676767,35,100
0.001417004048582996,0.1,0.875,0.125,0.1,0.52,1,4933,7,9,0.1,0.001417004048582996,0.9967676767676767,35,100
0.001417004048582996,0.1,0.875,0.125,0.1,0.54,1,4933,7,9,0.1,0.001417004048582996,0.9967676767676767,35,100
0.002631578947368421,0.1,0.9285714285714286,0.07142857142857142,0.1,0.56,1,4927,13,9,0.1,0.002631578947368421,0.9955555555555555,35,100
0.005465587044534413,0.1,0.9642857142857143,0.03571428571428571,0.1,0.58,1,4913,27,9,0.1,0.005465587044534413,0.9927272727272727,35,100
0.006072874493927126,0.1,0.967741935483871,0.03225806451612903,0.1,0.6,1,4910,30,9,0.1,0.006072874493927126,0.9921212121212121,35,100
0.006072874493927126,0.1,0.967741935483871,0.03225806451612903,0.1,0.62,1,4910,30,9,0.1,0.006072874493927126,0.9921212121212121,35,100
0.0066801619433198385,0.1,0.9705882352941176,0.029411764705882353,0.1,0.64,1,4907,33,9,0.1,0.0066801619433198385,0.9915151515151515,35,100
0.008502024291497975,0.1,0.9767441860465116,0.023255813953488372,0.1,0.66,1,4898,42,9,0.1,0.008502024291497975,0.9896969696969697,35,100
0.00931174089068826,0.1,0.9787234042553191,0.02127659574468085,0.1,0.68,1,4894,46,9,0.1,0.00931174089068826,0.9888888888888889,35,100
0.010323886639676113,0.2,0.9622641509433962,0.03773584905660377,0.2,0.7,2,4889,51,8,0.2,0.010323886639676113,0.9880808080808081,35,100
0.011538461538461539,0.2,0.9661016949152542,0.03389830508474576,0.2,0.72,2,4883,57,8,0.2,0.011538461538461539,0.9868686868686869,35,100
0.011538461538461539,0.2,0.9661016949152542,0.03389830508474576,0.2,0.74,2,4883,57,8,0.2,0.011538461538461539,0.9868686868686869,35,100
0.013967611336032389,0.2,0.971830985915493,0.028169014084507043,0.2,0.76,2,4871,69,8,0.2,0.013967611336032389,0.9844444444444445,35,100
0.015587044534412956,0.2,0.9746835443037974,0.02531645569620253,0.2,0.78,2,4863,77,8,0.2,0.015587044534412956,0.9828282828282828,35,100
0.015587044534412956,0.2,0.9746835443037974,0.02531645569620253,0.2,0.8,2,4863,77,8,0.2,0.015587044534412956,0.9828282828282828,35,100
0.01882591093117409,0.2,0.9789473684210527,0.021052631578947368,0.2,0.82,2,4847,93,8,0.2,0.01882591093117409,0.9795959595959596,35,100
0.01882591093117409,0.2,0.9789473684210527,0.021052631578947368,0.2,0.84,2,4847,93,8,0.2,0.01882591093117409,0.9795959595959596,35,100
0.020445344129554656,0.2,0.9805825242718447,0.019417475728155338,0.2,0.86,2,4839,101,8,0.2,0.020445344129554656,0.977979797979798,35,100
0.022267206477732792,0.2,0.9821428571428571,0.017857142857142856,0.2,0.88,2,4830,110,8,0.2,0.022267206477732792,0.9761616161616161,35,100
0.024696356275303644,0.2,0.9838709677419355,0.016129032258064516,0.2,0.9,2,4818,122,8,0.2,0.024696356275303644,0.9737373737373738,35,100
0.029959514170040485,0.2,0.9866666666666667,0.013333333333333334,0.2,0.92,2,4792,148,8,0.2,0.029959514170040485,0.9684848484848485,35,100
0.029959514170040485,0.2,0.9866666666666667,0.013333333333333334,0.2,0.94,2,4792,148,8,0.2,0.029959514170040485,0.9684848484848485,35,100
0.031983805668016195,0.2,0.9875,0.0125,0.2,0.96,2,4782,158,8,0.2,0.031983805668016195,0.9664646464646465,35,100
0.06477732793522267,0.3,0.9907120743034056,0.009287925696594427,0.3,0.98,3,4620,320,7,0.3,0.06477732793522267,0.933939393939394,35,100
0.8635627530364373,1.0,0.9976613657623947,0.0023386342376052385,1.0,1.0,10,674,4266,0,1.0,0.8635627530364373,0.13818181818181818,35,100
0.0,0.0,0.0,,0.0,0.02,0,4940,0,10,0.0,0.0,0.997979797979798,36,100
0.0,0.0,0.0,,0.0,0.04,0,4940,0,10,0.0,0.0,0.997979797979798,36,100
0.0,0.0,0.0,,0.0,0.06,0,4940,0,10,0.0,0.0,0.997979797979798,36,100
0.0,0.0,0.0,,0.0,0.08,0,4940,0,10,0.0,0.0,0.997979797979798,36,100
0.0,0.0,0.0,,0.0,0.1,0,4940,0,10,0.0,0.0,0.997979797979798,36,100
0.0,0.0,0.0,,0.0,0.12,0,4940,0,10,0.0,0.0,0.997979797979798,36,100
0.0,0.0,0.0,,0.0,0.14,0,4940,0,10,0.0,0.0,0.997979797979798,36,100
0.0,0.0,0.0,,0.0,0.16,0,4940,0,10,0.0,0.0,0.997979797979798,36,100
0.0,0.0,0.0,,0.0,0.18,0,4940,0,10,0.0,0.0,0.997979797979798,36,100
0.0,0.0,0.0,,0.0,0.2,0,4940,0,10,0.0,0.0,0.997979797979798,36,100
0.0,0.0,0.0,,0.0,0.22,0,4940,0,10,0.0,0.0,0.997979797979798,36,100
0.0,0.0,0.0,,0.0,0.24,0,4940,0,10,0.0,0.0,0.997979797979798,36,100
0.0,0.0,0.0,,0.0,0.26,0,4940,0,10,0.0,0.0,0.997979797979798,36,100
0.0008097165991902834,0.0,1.0,0.0,0.0,0.28,0,4936,4,10,0.0,0.0008097165991902834,0.9971717171717172,36,100
0.0008097165991902834,0.0,1.0,0.0,0.0,0.3,0,4936,4,10,0.0,0.0008097165991902834,0.9971717171717172,36,100
0.0008097165991902834,0.0,1.0,0.0,0.0,0.32,0,4936,4,10,0.0,0.0008097165991902834,0.9971717171717172,36,100
0.0008097165991902834,0.0,1.0,0.0,0.0,0.34,0,4936,4,10,0.0,0.0008097165991902834,0.9971717171717172,36,100
0.0008097165991902834,0.0,1.0,0.0,0.0,0.36,0,4936,4,10,0.0,0.0008097165991902834,0.9971717171717172,36,100
0.0008097165991902834,0.0,1.0,0.0,0.0,0.38,0,4936,4,10,0.0,0.0008097165991902834,0.9971717171717172,36,100
0.0008097165991902834,0.0,1.0,0.0,0.0,0.4,0,4936,4,10,0.0,0.0008097165991902834,0.9971717171717172,36,100
0.0008097165991902834,0.0,1.0,0.0,0.0,0.42,0,4936,4,10,0.0,0.0008097165991902834,0.9971717171717172,36,100
0.0008097165991902834,0.0,1.0,0.0,0.0,0.44,0,4936,4,10,0.0,0.0008097165991902834,0.9971717171717172,36,100
0.0010121457489878543,0.0,1.0,0.0,0.0,0.46,0,4935,5,10,0.0,0.0010121457489878543,0.996969696969697,36,100
0.0010121457489878543,0.0,1.0,0.0,0.0,0.48,0,4935,5,10,0.0,0.0010121457489878543,0.996969696969697,36,100
0.0010121457489878543,0.0,1.0,0.0,0.0,0.5,0,4935,5,10,0.0,0.0010121457489878543,0.996969696969697,36,100
0.0010121457489878543,0.0,1.0,0.0,0.0,0.52,0,4935,5,10,0.0,0.0010121457489878543,0.996969696969697,36,100
0.0010121457489878543,0.0,1.0,0.0,0.0,0.54,0,4935,5,10,0.0,0.0010121457489878543,0.996969696969697,36,100
0.0010121457489878543,0.0,1.0,0.0,0.0,0.56,0,4935,5,10,0.0,0.0010121457489878543,0.996969696969697,36,100
0.0010121457489878543,0.0,1.0,0.0,0.0,0.58,0,4935,5,10,0.0,0.0010121457489878543,0.996969696969697,36,100
0.0012145748987854252,0.0,1.0,0.0,0.0,0.6,0,4934,6,10,0.0,0.0012145748987854252,0.9967676767676767,36,100
0.0012145748987854252,0.0,1.0,0.0,0.0,0.62,0,4934,6,10,0.0,0.0012145748987854252,0.9967676767676767,36,100
0.002226720647773279,0.0,1.0,0.0,0.0,0.64,0,4929,11,10,0.0,0.002226720647773279,0.9957575757575757,36,100
0.002226720647773279,0.0,1.0,0.0,0.0,0.66,0,4929,11,10,0.0,0.002226720647773279,0.9957575757575757,36,100
0.002226720647773279,0.0,1.0,0.0,0.0,0.68,0,4929,11,10,0.0,0.002226720647773279,0.9957575757575757,36,100
0.002226720647773279,0.0,1.0,0.0,0.0,0.7,0,4929,11,10,0.0,0.002226720647773279,0.9957575757575757,36,100
0.002226720647773279,0.0,1.0,0.0,0.0,0.72,0,4929,11,10,0.0,0.002226720647773279,0.9957575757575757,36,100
0.002226720647773279,0.0,1.0,0.0,0.0,0.74,0,4929,11,10,0.0,0.002226720647773279,0.9957575757575757,36,100
0.002226720647773279,0.0,1.0,0.0,0.0,0.76,0,4929,11,10,0.0,0.002226720647773279,0.9957575757575757,36,100
0.0024291497975708503,0.0,1.0,0.0,0.0,0.78,0,4928,12,10,0.0,0.0024291497975708503,0.9955555555555555,36,100
0.0024291497975708503,0.0,1.0,0.0,0.0,0.8,0,4928,12,10,0.0,0.0024291497975708503,0.9955555555555555,36,100
0.002631578947368421,0.0,1.0,0.0,0.0,0.82,0,4927,13,10,0.0,0.002631578947368421,0.9953535353535353,36,100
0.002631578947368421,0.0,1.0,0.0,0.0,0.84,0,4927,13,10,0.0,0.002631578947368421,0.9953535353535353,36,100
0.002631578947368421,0.0,1.0,0.0,0.0,0.86,0,4927,13,10,0.0,0.002631578947368421,0.9953535353535353,36,100
0.002631578947368421,0.0,1.0,0.0,0.0,0.88,0,4927,13,10,0.0,0.002631578947368421,0.9953535353535353,36,100
0.002631578947368421,0.0,1.0,0.0,0.0,0.9,0,4927,13,10,0.0,0.002631578947368421,0.9953535353535353,36,100
0.002631578947368421,0.0,1.0,0.0,0.0,0.92,0,4927,13,10,0.0,0.002631578947368421,0.9953535353535353,36,100
0.002631578947368421,0.0,1.0,0.0,0.0,0.94,0,4927,13,10,0.0,0.002631578947368421,0.9953535353535353,36,100
0.06356275303643724,0.1,0.9968253968253968,0.0031746031746031746,0.1,0.96,1,4626,314,9,0.1,0.06356275303643724,0.9347474747474748,36,100
0.08056680161943319,0.1,0.9974937343358395,0.002506265664160401,0.1,0.98,1,4542,398,9,0.1,0.08056680161943319,0.9177777777777778,36,100
0.5678137651821862,0.8,0.9971560611446854,0.0028439388553146107,0.8,1.0,8,2135,2805,2,0.8,0.5678137651821862,0.43292929292929294,36,100
0.0,0.0,0.0,,0.0,0.02,0,4940,0,10,0.0,0.0,0.997979797979798,37,100
0.0,0.0,0.0,,0.0,0.04,0,4940,0,10,0.0,0.0,0.997979797979798,37,100
0.0,0.0,0.0,,0.0,0.06,0,4940,0,10,0.0,0.0,0.997979797979798,37,100
0.0,0.0,0.0,,0.0,0.08,0,4940,0,10,0.0,0.0,0.997979797979798,37,100
0.0,0.0,0.0,,0.0,0.1,0,4940,0,10,0.0,0.0,0.997979797979798,37,100
0.0,0.0,0.0,,0.0,0.12,0,4940,0,10,0.0,0.0,0.997979797979798,37,100
0.0,0.0,0.0,,0.0,0.14,0,4940,0,10,0.0,0.0,0.997979797979798,37,100
0.0,0.0,0.0,,0.0,0.16,0,4940,0,10,0.0,0.0,0.997979797979798,37,100
0.0,0.0,0.0,,0.0,0.18,0,4940,0,10,0.0,0.0,0.997979797979798,37,100
0.0,0.0,0.0,,0.0,0.2,0,4940,0,10,0.0,0.0,0.997979797979798,37,100
0.0,0.0,0.0,,0.0,0.22,0,4940,0,10,0.0,0.0,0.997979797979798,37,100
0.0,0.0,0.0,,0.0,0.24,0,4940,0,10,0.0,0.0,0.997979797979798,37,100
0.0,0.0,0.0,,0.0,0.26,0,4940,0,10,0.0,0.0,0.997979797979798,37,100
0.0,0.0,0.0,,0.0,0.28,0,4940,0,10,0.0,0.0,0.997979797979798,37,100
0.0,0.0,0.0,,0.0,0.3,0,4940,0,10,0.0,0.0,0.997979797979798,37,100
0.0,0.0,0.0,,0.0,0.32,0,4940,0,10,0.0,0.0,0.997979797979798,37,100
0.0,0.0,0.0,,0.0,0.34,0,4940,0,10,0.0,0.0,0.997979797979798,37,100
0.0,0.0,0.0,,0.0,0.36,0,4940,0,10,0.0,0.0,0.997979797979798,37,100
0.0,0.0,0.0,,0.0,0.38,0,4940,0,10,0.0,0.0,0.997979797979798,37,100
0.0,0.0,0.0,,0.0,0.4,0,4940,0,10,0.0,0.0,0.997979797979798,37,100
0.0,0.0,0.0,,0.0,0.42,0,4940,0,10,0.0,0.0,0.997979797979798,37,100
0.0,0.0,0.0,,0.0,0.44,0,4940,0,10,0.0,0.0,0.997979797979798,37,100
0.0008097165991902834,0.0,1.0,0.0,0.0,0.46,0,4936,4,10,0.0,0.0008097165991902834,0.9971717171717172,37,100
0.0008097165991902834,0.0,1.0,0.0,0.0,0.48,0,4936,4,10,0.0,0.0008097165991902834,0.9971717171717172,37,100
0.0008097165991902834,0.0,1.0,0.0,0.0,0.5,0,4936,4,10,0.0,0.0008097165991902834,0.9971717171717172,37,100
0.0008097165991902834,0.0,1.0,0.0,0.0,0.52,0,4936,4,10,0.0,0.0008097165991902834,0.9971717171717172,37,100
0.0008097165991902834,0.0,1.0,0.0,0.0,0.54,0,4936,4,10,0.0,0.0008097165991902834,0.9971717171717172,37,100
0.0008097165991902834,0.0,1.0,0.0,0.0,0.56,0,4936,4,10,0.0,0.0008097165991902834,0.9971717171717172,37,100
0.0008097165991902834,0.0,1.0,0.0,0.0,0.58,0,4936,4,10,0.0,0.0008097165991902834,0.9971717171717172,37,100
0.0018218623481781376,0.0,1.0,0.0,0.0,0.6,0,4931,9,10,0.0,0.0018218623481781376,0.9961616161616161,37,100
0.0018218623481781376,0.0,1.0,0.0,0.0,0.62,0,4931,9,10,0.0,0.0018218623481781376,0.9961616161616161,37,100
0.0018218623481781376,0.0,1.0,0.0,0.0,0.64,0,4931,9,10,0.0,0.0018218623481781376,0.9961616161616161,37,100
0.0018218623481781376,0.0,1.0,0.0,0.0,0.66,0,4931,9,10,0.0,0.0018218623481781376,0.9961616161616161,37,100
0.0018218623481781376,0.0,1.0,0.0,0.0,0.68,0,4931,9,10,0.0,0.0018218623481781376,0.9961616161616161,37,100
0.0018218623481781376,0.1,0.9,0.1,0.1,0.7,1,4931,9,9,0.1,0.0018218623481781376,0.9963636363636363,37,100
0.0018218623481781376,0.1,0.9,0.1,0.1,0.72,1,4931,9,9,0.1,0.0018218623481781376,0.9963636363636363,37,100
0.006275303643724696,0.1,0.96875,0.03125,0.1,0.74,1,4909,31,9,0.1,0.006275303643724696,0.9919191919191919,37,100
0.013562753036437248,0.1,0.9852941176470589,0.014705882352941176,0.1,0.76,1,4873,67,9,0.1,0.013562753036437248,0.9846464646464647,37,100
0.014979757085020242,0.1,0.9866666666666667,0.013333333333333334,0.1,0.78,1,4866,74,9,0.1,0.014979757085020242,0.9832323232323232,37,100
0.015991902834008098,0.1,0.9875,0.0125,0.1,0.8,1,4861,79,9,0.1,0.015991902834008098,0.9822222222222222,37,100
0.017408906882591092,0.1,0.9885057471264368,0.011494252873563218,0.1,0.82,1,4854,86,9,0.1,0.017408906882591092,0.9808080808080808,37,100
0.017408906882591092,0.1,0.9885057471264368,0.011494252873563218,0.1,0.84,1,4854,86,9,0.1,0.017408906882591092,0.9808080808080808,37,100
0.017408906882591092,0.1,0.9885057471264368,0.011494252873563218,0.1,0.86,1,4854,86,9,0.1,0.017408906882591092,0.9808080808080808,37,100
0.02206477732793522,0.1,0.990909090909091,0.00909090909090909,0.1,0.88,1,4831,109,9,0.1,0.02206477732793522,0.9761616161616161,37,100
0.02388663967611336,0.1,0.9915966386554622,0.008403361344537815,0.1,0.9,1,4822,118,9,0.1,0.02388663967611336,0.9743434343434343,37,100
0.0694331983805668,0.2,0.9942028985507246,0.005797101449275362,0.2,0.92,2,4597,343,8,0.2,0.0694331983805668,0.9290909090909091,37,100
0.08076923076923077,0.2,0.9950124688279302,0.004987531172069825,0.2,0.94,2,4541,399,8,0.2,0.08076923076923077,0.9177777777777778,37,100
0.10728744939271255,0.3,0.9943714821763602,0.005628517823639775,0.3,0.96,3,4410,530,7,0.3,0.10728744939271255,0.8915151515151515,37,100
0.12165991902834009,0.3,0.9950331125827815,0.004966887417218543,0.3,0.98,3,4339,601,7,0.3,0.12165991902834009,0.8771717171717172,37,100
0.9706477732793523,1.0,0.9979188345473465,0.002081165452653486,1.0,1.0,10,145,4795,0,1.0,0.9706477732793523,0.031313131313131314,37,100
0.0,0.0,0.0,,0.0,0.02,0,4940,0,10,0.0,0.0,0.997979797979798,38,100
0.0,0.0,0.0,,0.0,0.04,0,4940,0,10,0.0,0.0,0.997979797979798,38,100
0.0,0.0,0.0,,0.0,0.06,0,4940,0,10,0.0,0.0,0.997979797979798,38,100
0.0,0.0,0.0,,0.0,0.08,0,4940,0,10,0.0,0.0,0.997979797979798,38,100
0.0,0.0,0.0,,0.0,0.1,0,4940,0,10,0.0,0.0,0.997979797979798,38,100
0.0,0.0,0.0,,0.0,0.12,0,4940,0,10,0.0,0.0,0.997979797979798,38,100
0.0,0.0,0.0,,0.0,0.14,0,4940,0,10,0.0,0.0,0.997979797979798,38,100
0.0,0.0,0.0,,0.0,0.16,0,4940,0,10,0.0,0.0,0.997979797979798,38,100
0.0,0.0,0.0,,0.0,0.18,0,4940,0,10,0.0,0.0,0.997979797979798,38,100
0.0,0.0,0.0,,0.0,0.2,0,4940,0,10,0.0,0.0,0.997979797979798,38,100
0.0,0.0,0.0,,0.0,0.22,0,4940,0,10,0.0,0.0,0.997979797979798,38,100
0.0,0.0,0.0,,0.0,0.24,0,4940,0,10,0.0,0.0,0.997979797979798,38,100
0.0,0.0,0.0,,0.0,0.26,0,4940,0,10,0.0,0.0,0.997979797979798,38,100
0.0,0.0,0.0,,0.0,0.28,0,4940,0,10,0.0,0.0,0.997979797979798,38,100
0.0,0.0,0.0,,0.0,0.3,0,4940,0,10,0.0,0.0,0.997979797979798,38,100
0.0,0.0,0.0,,0.0,0.32,0,4940,0,10,0.0,0.0,0.997979797979798,38,100
0.0,0.0,0.0,,0.0,0.34,0,4940,0,10,0.0,0.0,0.997979797979798,38,100
0.0,0.0,0.0,,0.0,0.36,0,4940,0,10,0.0,0.0,0.997979797979798,38,100
0.0,0.0,0.0,,0.0,0.38,0,4940,0,10,0.0,0.0,0.997979797979798,38,100
0.0,0.0,0.0,,0.0,0.4,0,4940,0,10,0.0,0.0,0.997979797979798,38,100
0.0,0.0,0.0,,0.0,0.42,0,4940,0,10,0.0,0.0,0.997979797979798,38,100
0.0,0.0,0.0,,0.0,0.44,0,4940,0,10,0.0,0.0,0.997979797979798,38,100
0.0,0.0,0.0,,0.0,0.46,0,4940,0,10,0.0,0.0,0.997979797979798,38,100
0.0,0.0,0.0,,0.0,0.48,0,4940,0,10,0.0,0.0,0.997979797979798,38,100
0.0006072874493927126,0.0,1.0,0.0,0.0,0.5,0,4937,3,10,0.0,0.0006072874493927126,0.9973737373737374,38,100
0.0006072874493927126,0.0,1.0,0.0,0.0,0.52,0,4937,3,10,0.0,0.0006072874493927126,0.9973737373737374,38,100
0.0006072874493927126,0.0,1.0,0.0,0.0,0.54,0,4937,3,10,0.0,0.0006072874493927126,0.9973737373737374,38,100
0.0006072874493927126,0.0,1.0,0.0,0.0,0.56,0,4937,3,10,0.0,0.0006072874493927126,0.9973737373737374,38,100
0.0006072874493927126,0.0,1.0,0.0,0.0,0.58,0,4937,3,10,0.0,0.0006072874493927126,0.9973737373737374,38,100
0.0006072874493927126,0.0,1.0,0.0,0.0,0.6,0,4937,3,10,0.0,0.0006072874493927126,0.9973737373737374,38,100
0.0006072874493927126,0.0,1.0,0.0,0.0,0.62,0,4937,3,10,0.0,0.0006072874493927126,0.9973737373737374,38,100
0.0006072874493927126,0.0,1.0,0.0,0.0,0.64,0,4937,3,10,0.0,0.0006072874493927126,0.9973737373737374,38,100
0.0006072874493927126,0.0,1.0,0.0,0.0,0.66,0,4937,3,10,0.0,0.0006072874493927126,0.9973737373737374,38,100
0.0006072874493927126,0.0,1.0,0.0,0.0,0.68,0,4937,3,10,0.0,0.0006072874493927126,0.9973737373737374,38,100
0.0006072874493927126,0.0,1.0,0.0,0.0,0.7,0,4937,3,10,0.0,0.0006072874493927126,0.9973737373737374,38,100
0.0006072874493927126,0.0,1.0,0.0,0.0,0.72,0,4937,3,10,0.0,0.0006072874493927126,0.9973737373737374,38,100
0.0006072874493927126,0.0,1.0,0.0,0.0,0.74,0,4937,3,10,0.0,0.0006072874493927126,0.9973737373737374,38,100
0.0006072874493927126,0.0,1.0,0.0,0.0,0.76,0,4937,3,10,0.0,0.0006072874493927126,0.9973737373737374,38,100
0.0006072874493927126,0.0,1.0,0.0,0.0,0.78,0,4937,3,10,0.0,0.0006072874493927126,0.9973737373737374,38,100
0.0006072874493927126,0.0,1.0,0.0,0.0,0.8,0,4937,3,10,0.0,0.0006072874493927126,0.9973737373737374,38,100
0.0006072874493927126,0.0,1.0,0.0,0.0,0.82,0,4937,3,10,0.0,0.0006072874493927126,0.9973737373737374,38,100
0.0006072874493927126,0.0,1.0,0.0,0.0,0.84,0,4937,3,10,0.0,0.0006072874493927126,0.9973737373737374,38,100
0.0006072874493927126,0.0,1.0,0.0,0.0,0.86,0,4937,3,10,0.0,0.0006072874493927126,0.9973737373737374,38,100
0.0006072874493927126,0.0,1.0,0.0,0.0,0.88,0,4937,3,10,0.0,0.0006072874493927126,0.9973737373737374,38,100
0.0008097165991902834,0.0,1.0,0.0,0.0,0.9,0,4936,4,10,0.0,0.0008097165991902834,0.9971717171717172,38,100
0.0008097165991902834,0.0,1.0,0.0,0.0,0.92,0,4936,4,10,0.0,0.0008097165991902834,0.9971717171717172,38,100
0.0008097165991902834,0.0,1.0,0.0,0.0,0.94,0,4936,4,10,0.0,0.0008097165991902834,0.9971717171717172,38,100
0.0008097165991902834,0.0,1.0,0.0,0.0,0.96,0,4936,4,10,0.0,0.0008097165991902834,0.9971717171717172,38,100
0.007692307692307693,0.1,0.9743589743589743,0.02564102564102564,0.1,0.98,1,4902,38,9,0.1,0.007692307692307693,0.9905050505050506,38,100
0.6748987854251012,0.6,0.9982035928143712,0.0017964071856287425,0.6,1.0,6,1606,3334,4,0.6,0.6748987854251012,0.32565656565656564,38,100
0.0,0.1,0.0,1.0,0.1,0.02,1,4940,0,9,0.1,0.0,0.9981818181818182,39,100
0.0,0.1,0.0,1.0,0.1,0.04,1,4940,0,9,0.1,0.0,0.9981818181818182,39,100
0.0,0.1,0.0,1.0,0.1,0.06,1,4940,0,9,0.1,0.0,0.9981818181818182,39,100
0.0,0.1,0.0,1.0,0.1,0.08,1,4940,0,9,0.1,0.0,0.9981818181818182,39,100
0.0,0.1,0.0,1.0,0.1,0.1,1,4940,0,9,0.1,0.0,0.9981818181818182,39,100
0.0,0.1,0.0,1.0,0.1,0.12,1,4940,0,9,0.1,0.0,0.9981818181818182,39,100
0.0,0.0,0.0,,0.0,0.14,0,4940,0,10,0.0,0.0,0.997979797979798,39,100
0.0,0.1,0.0,1.0,0.1,0.16,1,4940,0,9,0.1,0.0,0.9981818181818182,39,100
0.0,0.1,0.0,1.0,0.1,0.18,1,4940,0,9,0.1,0.0,0.9981818181818182,39,100
0.0,0.1,0.0,1.0,0.1,0.2,1,4940,0,9,0.1,0.0,0.9981818181818182,39,100
0.0,0.1,0.0,1.0,0.1,0.22,1,4940,0,9,0.1,0.0,0.9981818181818182,39,100
0.0,0.1,0.0,1.0,0.1,0.24,1,4940,0,9,0.1,0.0,0.9981818181818182,39,100
0.0,0.1,0.0,1.0,0.1,0.26,1,4940,0,9,0.1,0.0,0.9981818181818182,39,100
0.0,0.1,0.0,1.0,0.1,0.28,1,4940,0,9,0.1,0.0,0.9981818181818182,39,100
0.0,0.1,0.0,1.0,0.1,0.3,1,4940,0,9,0.1,0.0,0.9981818181818182,39,100
0.0,0.1,0.0,1.0,0.1,0.32,1,4940,0,9,0.1,0.0,0.9981818181818182,39,100
0.0,0.1,0.0,1.0,0.1,0.34,1,4940,0,9,0.1,0.0,0.9981818181818182,39,100
0.0,0.1,0.0,1.0,0.1,0.36,1,4940,0,9,0.1,0.0,0.9981818181818182,39,100
0.0,0.1,0.0,1.0,0.1,0.38,1,4940,0,9,0.1,0.0,0.9981818181818182,39,100
0.0,0.1,0.0,1.0,0.1,0.4,1,4940,0,9,0.1,0.0,0.9981818181818182,39,100
0.0,0.1,0.0,1.0,0.1,0.42,1,4940,0,9,0.1,0.0,0.9981818181818182,39,100
0.0,0.1,0.0,1.0,0.1,0.44,1,4940,0,9,0.1,0.0,0.9981818181818182,39,100
0.0,0.1,0.0,1.0,0.1,0.46,1,4940,0,9,0.1,0.0,0.9981818181818182,39,100
0.0,0.1,0.0,1.0,0.1,0.48,1,4940,0,9,0.1,0.0,0.9981818181818182,39,100
0.0,0.1,0.0,1.0,0.1,0.5,1,4940,0,9,0.1,0.0,0.9981818181818182,39,100
0.0,0.1,0.0,1.0,0.1,0.52,1,4940,0,9,0.1,0.0,0.9981818181818182,39,100
0.0,0.1,0.0,1.0,0.1,0.54,1,4940,0,9,0.1,0.0,0.9981818181818182,39,100
0.0,0.1,0.0,1.0,0.1,0.56,1,4940,0,9,0.1,0.0,0.9981818181818182,39,100
0.0,0.1,0.0,1.0,0.1,0.58,1,4940,0,9,0.1,0.0,0.9981818181818182,39,100
0.0020242914979757085,0.2,0.8333333333333334,0.16666666666666666,0.2,0.6,2,4930,10,8,0.2,0.0020242914979757085,0.9963636363636363,39,100
0.0020242914979757085,0.2,0.8333333333333334,0.16666666666666666,0.2,0.62,2,4930,10,8,0.2,0.0020242914979757085,0.9963636363636363,39,100
0.002226720647773279,0.2,0.8461538461538461,0.15384615384615385,0.2,0.64,2,4929,11,8,0.2,0.002226720647773279,0.9961616161616161,39,100
0.002226720647773279,0.2,0.8461538461538461,0.15384615384615385,0.2,0.66,2,4929,11,8,0.2,0.002226720647773279,0.9961616161616161,39,100
0.0024291497975708503,0.2,0.8571428571428571,0.14285714285714285,0.2,0.68,2,4928,12,8,0.2,0.0024291497975708503,0.9959595959595959,39,100
0.0038461538461538464,0.2,0.9047619047619048,0.09523809523809523,0.2,0.7,2,4921,19,8,0.2,0.0038461538461538464,0.9945454545454545,39,100
0.0038461538461538464,0.2,0.9047619047619048,0.09523809523809523,0.2,0.72,2,4921,19,8,0.2,0.0038461538461538464,0.9945454545454545,39,100
0.0038461538461538464,0.2,0.9047619047619048,0.09523809523809523,0.2,0.74,2,4921,19,8,0.2,0.0038461538461538464,0.9945454545454545,39,100
0.0038461538461538464,0.2,0.9047619047619048,0.09523809523809523,0.2,0.76,2,4921,19,8,0.2,0.0038461538461538464,0.9945454545454545,39,100
0.019635627530364373,0.3,0.97,0.03,0.3,0.78,3,4843,97,7,0.3,0.019635627530364373,0.978989898989899,39,100
0.019635627530364373,0.3,0.97,0.03,0.3,0.8,3,4843,97,7,0.3,0.019635627530364373,0.978989898989899,39,100
0.020850202429149797,0.3,0.9716981132075472,0.02830188679245283,0.3,0.82,3,4837,103,7,0.3,0.020850202429149797,0.9777777777777777,39,100
0.020850202429149797,0.3,0.9716981132075472,0.02830188679245283,0.3,0.84,3,4837,103,7,0.3,0.020850202429149797,0.9777777777777777,39,100
0.020850202429149797,0.3,0.9716981132075472,0.02830188679245283,0.3,0.86,3,4837,103,7,0.3,0.020850202429149797,0.9777777777777777,39,100
0.027732793522267207,0.3,0.9785714285714285,0.02142857142857143,0.3,0.88,3,4803,137,7,0.3,0.027732793522267207,0.9709090909090909,39,100
0.029959514170040485,0.3,0.9801324503311258,0.019867549668874173,0.3,0.9,3,4792,148,7,0.3,0.029959514170040485,0.9686868686868687,39,100
0.029959514170040485,0.3,0.9801324503311258,0.019867549668874173,0.3,0.92,3,4792,148,7,0.3,0.029959514170040485,0.9686868686868687,39,100
0.10526315789473684,0.3,0.994263862332696,0.0057361376673040155,0.3,0.94,3,4420,520,7,0.3,0.10526315789473684,0.8935353535353535,39,100
0.14331983805668017,0.3,0.9957805907172996,0.004219409282700422,0.3,0.96,3,4232,708,7,0.3,0.14331983805668017,0.8555555555555555,39,100
0.19412955465587045,0.5,0.9948132780082988,0.005186721991701245,0.5,0.98,5,3981,959,5,0.5,0.19412955465587045,0.8052525252525252,39,100
0.9722672064777328,1.0,0.9979222937876584,0.002077706212341575,1.0,1.0,10,137,4803,0,1.0,0.9722672064777328,0.029696969696969697,39,100
0.0,0.0,0.0,,0.0,0.02,0,4940,0,10,0.0,0.0,0.997979797979798,40,100
0.0,0.0,0.0,,0.0,0.04,0,4940,0,10,0.0,0.0,0.997979797979798,40,100
0.0,0.0,0.0,,0.0,0.06,0,4940,0,10,0.0,0.0,0.997979797979798,40,100
0.0,0.0,0.0,,0.0,0.08,0,4940,0,10,0.0,0.0,0.997979797979798,40,100
0.0,0.0,0.0,,0.0,0.1,0,4940,0,10,0.0,0.0,0.997979797979798,40,100
0.0,0.0,0.0,,0.0,0.12,0,4940,0,10,0.0,0.0,0.997979797979798,40,100
0.0,0.0,0.0,,0.0,0.14,0,4940,0,10,0.0,0.0,0.997979797979798,40,100
0.0,0.0,0.0,,0.0,0.16,0,4940,0,10,0.0,0.0,0.997979797979798,40,100
0.0,0.0,0.0,,0.0,0.18,0,4940,0,10,0.0,0.0,0.997979797979798,40,100
0.0,0.0,0.0,,0.0,0.2,0,4940,0,10,0.0,0.0,0.997979797979798,40,100
0.0,0.0,0.0,,0.0,0.22,0,4940,0,10,0.0,0.0,0.997979797979798,40,100
0.0,0.0,0.0,,0.0,0.24,0,4940,0,10,0.0,0.0,0.997979797979798,40,100
0.0,0.0,0.0,,0.0,0.26,0,4940,0,10,0.0,0.0,0.997979797979798,40,100
0.0,0.0,0.0,,0.0,0.28,0,4940,0,10,0.0,0.0,0.997979797979798,40,100
0.0,0.0,0.0,,0.0,0.3,0,4940,0,10,0.0,0.0,0.997979797979798,40,100
0.0,0.0,0.0,,0.0,0.32,0,4940,0,10,0.0,0.0,0.997979797979798,40,100
0.0,0.0,0.0,,0.0,0.34,0,4940,0,10,0.0,0.0,0.997979797979798,40,100
0.0,0.0,0.0,,0.0,0.36,0,4940,0,10,0.0,0.0,0.997979797979798,40,100
0.0,0.0,0.0,,0.0,0.38,0,4940,0,10,0.0,0.0,0.997979797979798,40,100
0.0,0.0,0.0,,0.0,0.4,0,4940,0,10,0.0,0.0,0.997979797979798,40,100
0.0,0.0,0.0,,0.0,0.42,0,4940,0,10,0.0,0.0,0.997979797979798,40,100
0.0,0.0,0.0,,0.0,0.44,0,4940,0,10,0.0,0.0,0.997979797979798,40,100
0.00020242914979757084,0.0,1.0,0.0,0.0,0.46,0,4939,1,10,0.0,0.00020242914979757084,0.9977777777777778,40,100
0.00020242914979757084,0.0,1.0,0.0,0.0,0.48,0,4939,1,10,0.0,0.00020242914979757084,0.9977777777777778,40,100
0.00020242914979757084,0.0,1.0,0.0,0.0,0.5,0,4939,1,10,0.0,0.00020242914979757084,0.9977777777777778,40,100
0.00020242914979757084,0.0,1.0,0.0,0.0,0.52,0,4939,1,10,0.0,0.00020242914979757084,0.9977777777777778,40,100
0.00020242914979757084,0.0,1.0,0.0,0.0,0.54,0,4939,1,10,0.0,0.00020242914979757084,0.9977777777777778,40,100
0.00020242914979757084,0.0,1.0,0.0,0.0,0.56,0,4939,1,10,0.0,0.00020242914979757084,0.9977777777777778,40,100
0.00020242914979757084,0.0,1.0,0.0,0.0,0.58,0,4939,1,10,0.0,0.00020242914979757084,0.9977777777777778,40,100
0.00020242914979757084,0.0,1.0,0.0,0.0,0.6,0,4939,1,10,0.0,0.00020242914979757084,0.9977777777777778,40,100
0.00020242914979757084,0.0,1.0,0.0,0.0,0.62,0,4939,1,10,0.0,0.00020242914979757084,0.9977777777777778,40,100
0.0006072874493927126,0.0,1.0,0.0,0.0,0.64,0,4937,3,10,0.0,0.0006072874493927126,0.9973737373737374,40,100
0.0006072874493927126,0.0,1.0,0.0,0.0,0.66,0,4937,3,10,0.0,0.0006072874493927126,0.9973737373737374,40,100
0.0006072874493927126,0.0,1.0,0.0,0.0,0.68,0,4937,3,10,0.0,0.0006072874493927126,0.9973737373737374,40,100
0.0006072874493927126,0.0,1.0,0.0,0.0,0.7,0,4937,3,10,0.0,0.0006072874493927126,0.9973737373737374,40,100
0.0006072874493927126,0.0,1.0,0.0,0.0,0.72,0,4937,3,10,0.0,0.0006072874493927126,0.9973737373737374,40,100
0.014777327935222672,0.0,1.0,0.0,0.0,0.74,0,4867,73,10,0.0,0.014777327935222672,0.9832323232323232,40,100
0.014777327935222672,0.0,1.0,0.0,0.0,0.76,0,4867,73,10,0.0,0.014777327935222672,0.9832323232323232,40,100
0.015587044534412956,0.0,1.0,0.0,0.0,0.78,0,4863,77,10,0.0,0.015587044534412956,0.9824242424242424,40,100
0.015587044534412956,0.0,1.0,0.0,0.0,0.8,0,4863,77,10,0.0,0.015587044534412956,0.9824242424242424,40,100
0.018421052631578946,0.0,1.0,0.0,0.0,0.82,0,4849,91,10,0.0,0.018421052631578946,0.9795959595959596,40,100
0.018421052631578946,0.0,1.0,0.0,0.0,0.84,0,4849,91,10,0.0,0.018421052631578946,0.9795959595959596,40,100
0.026923076923076925,0.0,1.0,0.0,0.0,0.86,0,4807,133,10,0.0,0.026923076923076925,0.9711111111111111,40,100
0.04412955465587044,0.0,1.0,0.0,0.0,0.88,0,4722,218,10,0.0,0.04412955465587044,0.953939393939394,40,100
0.08157894736842106,0.2,0.9950617283950617,0.0049382716049382715,0.2,0.9,2,4537,403,8,0.2,0.08157894736842106,0.916969696969697,40,100
0.08765182186234818,0.2,0.9954022988505747,0.004597701149425287,0.2,0.92,2,4507,433,8,0.2,0.08765182186234818,0.9109090909090909,40,100
0.13846153846153847,0.4,0.9941860465116279,0.005813953488372093,0.4,0.94,4,4256,684,6,0.4,0.13846153846153847,0.8606060606060606,40,100
0.1576923076923077,0.4,0.9948914431673053,0.005108556832694764,0.4,0.96,4,4161,779,6,0.4,0.1576923076923077,0.8414141414141414,40,100
0.20728744939271254,0.4,0.9961089494163424,0.0038910505836575876,0.4,0.98,4,3916,1024,6,0.4,0.20728744939271254,0.7919191919191919,40,100
0.9686234817813765,0.9,0.9981226533166458,0.0018773466833541927,0.9,1.0,9,155,4785,1,0.9,0.9686234817813765,0.03313131313131313,40,100
0.0,0.0,0.0,,0.0,0.02,0,4940,0,10,0.0,0.0,0.997979797979798,41,100
0.0,0.0,0.0,,0.0,0.04,0,4940,0,10,0.0,0.0,0.997979797979798,41,100
0.0,0.0,0.0,,0.0,0.06,0,4940,0,10,0.0,0.0,0.997979797979798,41,100
0.0,0.0,0.0,,0.0,0.08,0,4940,0,10,0.0,0.0,0.997979797979798,41,100
0.0,0.0,0.0,,0.0,0.1,0,4940,0,10,0.0,0.0,0.997979797979798,41,100
0.0,0.0,0.0,,0.0,0.12,0,4940,0,10,0.0,0.0,0.997979797979798,41,100
0.0,0.0,0.0,,0.0,0.14,0,4940,0,10,0.0,0.0,0.997979797979798,41,100
0.0,0.0,0.0,,0.0,0.16,0,4940,0,10,0.0,0.0,0.997979797979798,41,100
0.0008097165991902834,0.0,1.0,0.0,0.0,0.18,0,4936,4,10,0.0,0.0008097165991902834,0.9971717171717172,41,100
0.0008097165991902834,0.0,1.0,0.0,0.0,0.2,0,4936,4,10,0.0,0.0008097165991902834,0.9971717171717172,41,100
0.0008097165991902834,0.0,1.0,0.0,0.0,0.22,0,4936,4,10,0.0,0.0008097165991902834,0.9971717171717172,41,100
0.0010121457489878543,0.0,1.0,0.0,0.0,0.24,0,4935,5,10,0.0,0.0010121457489878543,0.996969696969697,41,100
0.0010121457489878543,0.0,1.0,0.0,0.0,0.26,0,4935,5,10,0.0,0.0010121457489878543,0.996969696969697,41,100
0.0010121457489878543,0.0,1.0,0.0,0.0,0.28,0,4935,5,10,0.0,0.0010121457489878543,0.996969696969697,41,100
0.0018218623481781376,0.1,0.9,0.1,0.1,0.3,1,4931,9,9,0.1,0.0018218623481781376,0.9963636363636363,41,100
0.0018218623481781376,0.1,0.9,0.1,0.1,0.32,1,4931,9,9,0.1,0.0018218623481781376,0.9963636363636363,41,100
0.0018218623481781376,0.1,0.9,0.1,0.1,0.34,1,4931,9,9,0.1,0.0018218623481781376,0.9963636363636363,41,100
0.0020242914979757085,0.1,0.9090909090909091,0.09090909090909091,0.1,0.36,1,4930,10,9,0.1,0.0020242914979757085,0.9961616161616161,41,100
0.0020242914979757085,0.1,0.9090909090909091,0.09090909090909091,0.1,0.38,1,4930,10,9,0.1,0.0020242914979757085,0.9961616161616161,41,100
0.0020242914979757085,0.1,0.9090909090909091,0.09090909090909091,0.1,0.4,1,4930,10,9,0.1,0.0020242914979757085,0.9961616161616161,41,100
0.0020242914979757085,0.1,0.9090909090909091,0.09090909090909091,0.1,0.42,1,4930,10,9,0.1,0.0020242914979757085,0.9961616161616161,41,100
0.002226720647773279,0.1,0.9166666666666666,0.08333333333333333,0.1,0.44,1,4929,11,9,0.1,0.002226720647773279,0.9959595959595959,41,100
0.004251012145748988,0.1,0.9545454545454546,0.045454545454545456,0.1,0.46,1,4919,21,9,0.1,0.004251012145748988,0.9939393939393939,41,100
0.004251012145748988,0.1,0.9545454545454546,0.045454545454545456,0.1,0.48,1,4919,21,9,0.1,0.004251012145748988,0.9939393939393939,41,100
0.004251012145748988,0.1,0.9545454545454546,0.045454545454545456,0.1,0.5,1,4919,21,9,0.1,0.004251012145748988,0.9939393939393939,41,100
0.004251012145748988,0.1,0.9545454545454546,0.045454545454545456,0.1,0.52,1,4919,21,9,0.1,0.004251012145748988,0.9939393939393939,41,100
0.004251012145748988,0.1,0.9545454545454546,0.045454545454545456,0.1,0.54,1,4919,21,9,0.1,0.004251012145748988,0.9939393939393939,41,100
0.00465587044534413,0.1,0.9583333333333334,0.041666666666666664,0.1,0.56,1,4917,23,9,0.1,0.00465587044534413,0.9935353535353535,41,100
0.005060728744939271,0.1,0.9615384615384616,0.038461538461538464,0.1,0.58,1,4915,25,9,0.1,0.005060728744939271,0.9931313131313131,41,100
0.005060728744939271,0.1,0.9615384615384616,0.038461538461538464,0.1,0.6,1,4915,25,9,0.1,0.005060728744939271,0.9931313131313131,41,100
0.005060728744939271,0.1,0.9615384615384616,0.038461538461538464,0.1,0.62,1,4915,25,9,0.1,0.005060728744939271,0.9931313131313131,41,100
0.005060728744939271,0.1,0.9615384615384616,0.038461538461538464,0.1,0.64,1,4915,25,9,0.1,0.005060728744939271,0.9931313131313131,41,100
0.005668016194331984,0.2,0.9333333333333333,0.06666666666666667,0.2,0.66,2,4912,28,8,0.2,0.005668016194331984,0.9927272727272727,41,100
0.005668016194331984,0.2,0.9333333333333333,0.06666666666666667,0.2,0.68,2,4912,28,8,0.2,0.005668016194331984,0.9927272727272727,41,100
0.005668016194331984,0.2,0.9333333333333333,0.06666666666666667,0.2,0.7,2,4912,28,8,0.2,0.005668016194331984,0.9927272727272727,41,100
0.005870445344129555,0.2,0.9354838709677419,0.06451612903225806,0.2,0.72,2,4911,29,8,0.2,0.005870445344129555,0.9925252525252525,41,100
0.006477732793522267,0.2,0.9411764705882353,0.058823529411764705,0.2,0.74,2,4908,32,8,0.2,0.006477732793522267,0.9919191919191919,41,100
0.006477732793522267,0.2,0.9411764705882353,0.058823529411764705,0.2,0.76,2,4908,32,8,0.2,0.006477732793522267,0.9919191919191919,41,100
0.006477732793522267,0.2,0.9411764705882353,0.058823529411764705,0.2,0.78,2,4908,32,8,0.2,0.006477732793522267,0.9919191919191919,41,100
0.006477732793522267,0.2,0.9411764705882353,0.058823529411764705,0.2,0.8,2,4908,32,8,0.2,0.006477732793522267,0.9919191919191919,41,100
0.009716599190283401,0.2,0.96,0.04,0.2,0.82,2,4892,48,8,0.2,0.009716599190283401,0.9886868686868687,41,100
0.009716599190283401,0.2,0.96,0.04,0.2,0.84,2,4892,48,8,0.2,0.009716599190283401,0.9886868686868687,41,100
0.009716599190283401,0.2,0.96,0.04,0.2,0.86,2,4892,48,8,0.2,0.009716599190283401,0.9886868686868687,41,100
0.010323886639676113,0.2,0.9622641509433962,0.03773584905660377,0.2,0.88,2,4889,51,8,0.2,0.010323886639676113,0.9880808080808081,41,100
0.015991902834008098,0.2,0.9753086419753086,0.024691358024691357,0.2,0.9,2,4861,79,8,0.2,0.015991902834008098,0.9824242424242424,41,100
0.015991902834008098,0.2,0.9753086419753086,0.024691358024691357,0.2,0.92,2,4861,79,8,0.2,0.015991902834008098,0.9824242424242424,41,100
0.0437246963562753,0.2,0.9908256880733946,0.009174311926605505,0.2,0.94,2,4724,216,8,0.2,0.0437246963562753,0.9547474747474748,41,100
0.05748987854251012,0.2,0.993006993006993,0.006993006993006993,0.2,0.96,2,4656,284,8,0.2,0.05748987854251012,0.941010101010101,41,100
0.07307692307692308,0.2,0.9944903581267218,0.005509641873278237,0.2,0.98,2,4579,361,8,0.2,0.07307692307692308,0.9254545454545454,41,100
0.9390688259109312,1.0,0.9978489997848999,0.0021510002151000217,1.0,1.0,10,301,4639,0,1.0,0.9390688259109312,0.06282828282828283,41,100
0.0,0.1,0.0,1.0,0.1,0.02,1,4940,0,9,0.1,0.0,0.9981818181818182,42,100
0.0,0.1,0.0,1.0,0.1,0.04,1,4940,0,9,0.1,0.0,0.9981818181818182,42,100
0.0,0.1,0.0,1.0,0.1,0.06,1,4940,0,9,0.1,0.0,0.9981818181818182,42,100
0.0,0.1,0.0,1.0,0.1,0.08,1,4940,0,9,0.1,0.0,0.9981818181818182,42,100
0.0,0.0,0.0,,0.0,0.1,0,4940,0,10,0.0,0.0,0.997979797979798,42,100
0.0,0.1,0.0,1.0,0.1,0.12,1,4940,0,9,0.1,0.0,0.9981818181818182,42,100
0.0,0.1,0.0,1.0,0.1,0.14,1,4940,0,9,0.1,0.0,0.9981818181818182,42,100
0.0,0.1,0.0,1.0,0.1,0.16,1,4940,0,9,0.1,0.0,0.9981818181818182,42,100
0.0,0.1,0.0,1.0,0.1,0.18,1,4940,0,9,0.1,0.0,0.9981818181818182,42,100
0.0,0.1,0.0,1.0,0.1,0.2,1,4940,0,9,0.1,0.0,0.9981818181818182,42,100
0.0,0.1,0.0,1.0,0.1,0.22,1,4940,0,9,0.1,0.0,0.9981818181818182,42,100
0.00020242914979757084,0.1,0.5,0.5,0.1,0.24,1,4939,1,9,0.1,0.00020242914979757084,0.997979797979798,42,100
0.00020242914979757084,0.1,0.5,0.5,0.1,0.26,1,4939,1,9,0.1,0.00020242914979757084,0.997979797979798,42,100
0.00020242914979757084,0.1,0.5,0.5,0.1,0.28,1,4939,1,9,0.1,0.00020242914979757084,0.997979797979798,42,100
0.00020242914979757084,0.1,0.5,0.5,0.1,0.3,1,4939,1,9,0.1,0.00020242914979757084,0.997979797979798,42,100
0.00020242914979757084,0.1,0.5,0.5,0.1,0.32,1,4939,1,9,0.1,0.00020242914979757084,0.997979797979798,42,100
0.00020242914979757084,0.1,0.5,0.5,0.1,0.34,1,4939,1,9,0.1,0.00020242914979757084,0.997979797979798,42,100
0.00020242914979757084,0.1,0.5,0.5,0.1,0.36,1,4939,1,9,0.1,0.00020242914979757084,0.997979797979798,42,100
0.00020242914979757084,0.1,0.5,0.5,0.1,0.38,1,4939,1,9,0.1,0.00020242914979757084,0.997979797979798,42,100
0.00020242914979757084,0.1,0.5,0.5,0.1,0.4,1,4939,1,9,0.1,0.00020242914979757084,0.997979797979798,42,100
0.00020242914979757084,0.1,0.5,0.5,0.1,0.42,1,4939,1,9,0.1,0.00020242914979757084,0.997979797979798,42,100
0.00020242914979757084,0.1,0.5,0.5,0.1,0.44,1,4939,1,9,0.1,0.00020242914979757084,0.997979797979798,42,100
0.00020242914979757084,0.1,0.5,0.5,0.1,0.46,1,4939,1,9,0.1,0.00020242914979757084,0.997979797979798,42,100
0.00020242914979757084,0.1,0.5,0.5,0.1,0.48,1,4939,1,9,0.1,0.00020242914979757084,0.997979797979798,42,100
0.00020242914979757084,0.1,0.5,0.5,0.1,0.5,1,4939,1,9,0.1,0.00020242914979757084,0.997979797979798,42,100
0.0004048582995951417,0.1,0.6666666666666666,0.3333333333333333,0.1,0.52,1,4938,2,9,0.1,0.0004048582995951417,0.9977777777777778,42,100
0.0004048582995951417,0.1,0.6666666666666666,0.3333333333333333,0.1,0.54,1,4938,2,9,0.1,0.0004048582995951417,0.9977777777777778,42,100
0.0004048582995951417,0.1,0.6666666666666666,0.3333333333333333,0.1,0.56,1,4938,2,9,0.1,0.0004048582995951417,0.9977777777777778,42,100
0.0004048582995951417,0.1,0.6666666666666666,0.3333333333333333,0.1,0.58,1,4938,2,9,0.1,0.0004048582995951417,0.9977777777777778,42,100
0.0004048582995951417,0.1,0.6666666666666666,0.3333333333333333,0.1,0.6,1,4938,2,9,0.1,0.0004048582995951417,0.9977777777777778,42,100
0.0004048582995951417,0.1,0.6666666666666666,0.3333333333333333,0.1,0.62,1,4938,2,9,0.1,0.0004048582995951417,0.9977777777777778,42,100
0.0004048582995951417,0.1,0.6666666666666666,0.3333333333333333,0.1,0.64,1,4938,2,9,0.1,0.0004048582995951417,0.9977777777777778,42,100
0.0004048582995951417,0.1,0.6666666666666666,0.3333333333333333,0.1,0.66,1,4938,2,9,0.1,0.0004048582995951417,0.9977777777777778,42,100
0.0004048582995951417,0.1,0.6666666666666666,0.3333333333333333,0.1,0.68,1,4938,2,9,0.1,0.0004048582995951417,0.9977777777777778,42,100
0.0004048582995951417,0.1,0.6666666666666666,0.3333333333333333,0.1,0.7,1,4938,2,9,0.1,0.0004048582995951417,0.9977777777777778,42,100
0.0004048582995951417,0.1,0.6666666666666666,0.3333333333333333,0.1,0.72,1,4938,2,9,0.1,0.0004048582995951417,0.9977777777777778,42,100
0.0004048582995951417,0.1,0.6666666666666666,0.3333333333333333,0.1,0.74,1,4938,2,9,0.1,0.0004048582995951417,0.9977777777777778,42,100
0.0004048582995951417,0.1,0.6666666666666666,0.3333333333333333,0.1,0.76,1,4938,2,9,0.1,0.0004048582995951417,0.9977777777777778,42,100
0.0004048582995951417,0.1,0.6666666666666666,0.3333333333333333,0.1,0.78,1,4938,2,9,0.1,0.0004048582995951417,0.9977777777777778,42,100
0.0004048582995951417,0.1,0.6666666666666666,0.3333333333333333,0.1,0.8,1,4938,2,9,0.1,0.0004048582995951417,0.9977777777777778,42,100
0.0004048582995951417,0.1,0.6666666666666666,0.3333333333333333,0.1,0.82,1,4938,2,9,0.1,0.0004048582995951417,0.9977777777777778,42,100
0.001417004048582996,0.1,0.875,0.125,0.1,0.84,1,4933,7,9,0.1,0.001417004048582996,0.9967676767676767,42,100
0.001417004048582996,0.1,0.875,0.125,0.1,0.86,1,4933,7,9,0.1,0.001417004048582996,0.9967676767676767,42,100
0.004048582995951417,0.1,0.9523809523809523,0.047619047619047616,0.1,0.88,1,4920,20,9,0.1,0.004048582995951417,0.9941414141414141,42,100
0.004048582995951417,0.1,0.9523809523809523,0.047619047619047616,0.1,0.9,1,4920,20,9,0.1,0.004048582995951417,0.9941414141414141,42,100
0.004048582995951417,0.1,0.9523809523809523,0.047619047619047616,0.1,0.92,1,4920,20,9,0.1,0.004048582995951417,0.9941414141414141,42,100
0.004048582995951417,0.1,0.9523809523809523,0.047619047619047616,0.1,0.94,1,4920,20,9,0.1,0.004048582995951417,0.9941414141414141,42,100
0.007489878542510121,0.1,0.9736842105263158,0.02631578947368421,0.1,0.96,1,4903,37,9,0.1,0.007489878542510121,0.9907070707070708,42,100
0.007489878542510121,0.1,0.9736842105263158,0.02631578947368421,0.1,0.98,1,4903,37,9,0.1,0.007489878542510121,0.9907070707070708,42,100
0.765587044534413,0.8,0.9978891820580474,0.0021108179419525065,0.8,1.0,8,1158,3782,2,0.8,0.765587044534413,0.23555555555555555,42,100
0.0,0.0,0.0,,0.0,0.02,0,4940,0,10,0.0,0.0,0.997979797979798,43,100
0.0,0.0,0.0,,0.0,0.04,0,4940,0,10,0.0,0.0,0.997979797979798,43,100
0.0,0.0,0.0,,0.0,0.06,0,4940,0,10,0.0,0.0,0.997979797979798,43,100
0.0,0.0,0.0,,0.0,0.08,0,4940,0,10,0.0,0.0,0.997979797979798,43,100
0.0,0.0,0.0,,0.0,0.1,0,4940,0,10,0.0,0.0,0.997979797979798,43,100
0.0,0.0,0.0,,0.0,0.12,0,4940,0,10,0.0,0.0,0.997979797979798,43,100
0.0,0.0,0.0,,0.0,0.14,0,4940,0,10,0.0,0.0,0.997979797979798,43,100
0.0,0.0,0.0,,0.0,0.16,0,4940,0,10,0.0,0.0,0.997979797979798,43,100
0.0,0.0,0.0,,0.0,0.18,0,4940,0,10,0.0,0.0,0.997979797979798,43,100
0.0,0.0,0.0,,0.0,0.2,0,4940,0,10,0.0,0.0,0.997979797979798,43,100
0.0004048582995951417,0.1,0.6666666666666666,0.3333333333333333,0.1,0.22,1,4938,2,9,0.1,0.0004048582995951417,0.9977777777777778,43,100
0.0006072874493927126,0.1,0.75,0.25,0.1,0.24,1,4937,3,9,0.1,0.0006072874493927126,0.9975757575757576,43,100
0.0006072874493927126,0.1,0.75,0.25,0.1,0.26,1,4937,3,9,0.1,0.0006072874493927126,0.9975757575757576,43,100
0.0006072874493927126,0.1,0.75,0.25,0.1,0.28,1,4937,3,9,0.1,0.0006072874493927126,0.9975757575757576,43,100
0.0006072874493927126,0.1,0.75,0.25,0.1,0.3,1,4937,3,9,0.1,0.0006072874493927126,0.9975757575757576,43,100
0.0006072874493927126,0.1,0.75,0.25,0.1,0.32,1,4937,3,9,0.1,0.0006072874493927126,0.9975757575757576,43,100
0.0006072874493927126,0.1,0.75,0.25,0.1,0.34,1,4937,3,9,0.1,0.0006072874493927126,0.9975757575757576,43,100
0.0006072874493927126,0.1,0.75,0.25,0.1,0.36,1,4937,3,9,0.1,0.0006072874493927126,0.9975757575757576,43,100
0.0006072874493927126,0.1,0.75,0.25,0.1,0.38,1,4937,3,9,0.1,0.0006072874493927126,0.9975757575757576,43,100
0.0006072874493927126,0.1,0.75,0.25,0.1,0.4,1,4937,3,9,0.1,0.0006072874493927126,0.9975757575757576,43,100
0.0006072874493927126,0.1,0.75,0.25,0.1,0.42,1,4937,3,9,0.1,0.0006072874493927126,0.9975757575757576,43,100
0.0006072874493927126,0.1,0.75,0.25,0.1,0.44,1,4937,3,9,0.1,0.0006072874493927126,0.9975757575757576,43,100
0.0006072874493927126,0.1,0.75,0.25,0.1,0.46,1,4937,3,9,0.1,0.0006072874493927126,0.9975757575757576,43,100
0.0006072874493927126,0.1,0.75,0.25,0.1,0.48,1,4937,3,9,0.1,0.0006072874493927126,0.9975757575757576,43,100
0.0006072874493927126,0.1,0.75,0.25,0.1,0.5,1,4937,3,9,0.1,0.0006072874493927126,0.9975757575757576,43,100
0.0006072874493927126,0.1,0.75,0.25,0.1,0.52,1,4937,3,9,0.1,0.0006072874493927126,0.9975757575757576,43,100
0.0006072874493927126,0.1,0.75,0.25,0.1,0.54,1,4937,3,9,0.1,0.0006072874493927126,0.9975757575757576,43,100
0.002834008097165992,0.1,0.9333333333333333,0.06666666666666667,0.1,0.56,1,4926,14,9,0.1,0.002834008097165992,0.9953535353535353,43,100
0.0036437246963562753,0.1,0.9473684210526315,0.05263157894736842,0.1,0.58,1,4922,18,9,0.1,0.0036437246963562753,0.9945454545454545,43,100
0.0036437246963562753,0.1,0.9473684210526315,0.05263157894736842,0.1,0.6,1,4922,18,9,0.1,0.0036437246963562753,0.9945454545454545,43,100
0.0038461538461538464,0.1,0.95,0.05,0.1,0.62,1,4921,19,9,0.1,0.0038461538461538464,0.9943434343434343,43,100
0.004251012145748988,0.1,0.9545454545454546,0.045454545454545456,0.1,0.64,1,4919,21,9,0.1,0.004251012145748988,0.9939393939393939,43,100
0.004251012145748988,0.1,0.9545454545454546,0.045454545454545456,0.1,0.66,1,4919,21,9,0.1,0.004251012145748988,0.9939393939393939,43,100
0.005263157894736842,0.1,0.9629629629629629,0.037037037037037035,0.1,0.68,1,4914,26,9,0.1,0.005263157894736842,0.9929292929292929,43,100
0.005263157894736842,0.1,0.9629629629629629,0.037037037037037035,0.1,0.7,1,4914,26,9,0.1,0.005263157894736842,0.9929292929292929,43,100
0.005263157894736842,0.1,0.9629629629629629,0.037037037037037035,0.1,0.72,1,4914,26,9,0.1,0.005263157894736842,0.9929292929292929,43,100
0.005263157894736842,0.1,0.9629629629629629,0.037037037037037035,0.1,0.74,1,4914,26,9,0.1,0.005263157894736842,0.9929292929292929,43,100
0.005263157894736842,0.1,0.9629629629629629,0.037037037037037035,0.1,0.76,1,4914,26,9,0.1,0.005263157894736842,0.9929292929292929,43,100
0.005870445344129555,0.1,0.9666666666666667,0.03333333333333333,0.1,0.78,1,4911,29,9,0.1,0.005870445344129555,0.9923232323232323,43,100
0.005870445344129555,0.1,0.9666666666666667,0.03333333333333333,0.1,0.8,1,4911,29,9,0.1,0.005870445344129555,0.9923232323232323,43,100
0.0072874493927125505,0.1,0.972972972972973,0.02702702702702703,0.1,0.82,1,4904,36,9,0.1,0.0072874493927125505,0.990909090909091,43,100
0.007894736842105263,0.1,0.975,0.025,0.1,0.84,1,4901,39,9,0.1,0.007894736842105263,0.9903030303030304,43,100
0.026923076923076925,0.1,0.9925373134328358,0.007462686567164179,0.1,0.86,1,4807,133,9,0.1,0.026923076923076925,0.9713131313131314,43,100
0.029554655870445343,0.1,0.9931972789115646,0.006802721088435374,0.1,0.88,1,4794,146,9,0.1,0.029554655870445343,0.9686868686868687,43,100
0.0354251012145749,0.1,0.9943181818181818,0.005681818181818182,0.1,0.9,1,4765,175,9,0.1,0.0354251012145749,0.9628282828282828,43,100
0.0354251012145749,0.1,0.9943181818181818,0.005681818181818182,0.1,0.92,1,4765,175,9,0.1,0.0354251012145749,0.9628282828282828,43,100
0.03765182186234818,0.1,0.9946524064171123,0.0053475935828877,0.1,0.94,1,4754,186,9,0.1,0.03765182186234818,0.9606060606060606,43,100
0.15789473684210525,0.6,0.9923664122137404,0.007633587786259542,0.6,0.96,6,4160,780,4,0.6,0.15789473684210525,0.8416161616161616,43,100
0.22064777327935223,0.8,0.9927140255009107,0.007285974499089253,0.8,0.98,8,3850,1090,2,0.8,0.22064777327935223,0.7793939393939394,43,100
0.9382591093117408,1.0,0.9978471474703983,0.002152852529601722,1.0,1.0,10,305,4635,0,1.0,0.9382591093117408,0.06363636363636363,43,100
0.0,0.0,0.0,,0.0,0.02,0,4940,0,10,0.0,0.0,0.997979797979798,44,100
0.0,0.0,0.0,,0.0,0.04,0,4940,0,10,0.0,0.0,0.997979797979798,44,100
0.0,0.0,0.0,,0.0,0.06,0,4940,0,10,0.0,0.0,0.997979797979798,44,100
0.0,0.0,0.0,,0.0,0.08,0,4940,0,10,0.0,0.0,0.997979797979798,44,100
0.0,0.0,0.0,,0.0,0.1,0,4940,0,10,0.0,0.0,0.997979797979798,44,100
0.0,0.0,0.0,,0.0,0.12,0,4940,0,10,0.0,0.0,0.997979797979798,44,100
0.0,0.0,0.0,,0.0,0.14,0,4940,0,10,0.0,0.0,0.997979797979798,44,100
0.0,0.0,0.0,,0.0,0.16,0,4940,0,10,0.0,0.0,0.997979797979798,44,100
0.00020242914979757084,0.0,1.0,0.0,0.0,0.18,0,4939,1,10,0.0,0.00020242914979757084,0.9977777777777778,44,100
0.00020242914979757084,0.0,1.0,0.0,0.0,0.2,0,4939,1,10,0.0,0.00020242914979757084,0.9977777777777778,44,100
0.00020242914979757084,0.0,1.0,0.0,0.0,0.22,0,4939,1,10,0.0,0.00020242914979757084,0.9977777777777778,44,100
0.00020242914979757084,0.0,1.0,0.0,0.0,0.24,0,4939,1,10,0.0,0.00020242914979757084,0.9977777777777778,44,100
0.00020242914979757084,0.0,1.0,0.0,0.0,0.26,0,4939,1,10,0.0,0.00020242914979757084,0.9977777777777778,44,100
0.00020242914979757084,0.0,1.0,0.0,0.0,0.28,0,4939,1,10,0.0,0.00020242914979757084,0.9977777777777778,44,100
0.00020242914979757084,0.0,1.0,0.0,0.0,0.3,0,4939,1,10,0.0,0.00020242914979757084,0.9977777777777778,44,100
0.00020242914979757084,0.0,1.0,0.0,0.0,0.32,0,4939,1,10,0.0,0.00020242914979757084,0.9977777777777778,44,100
0.00020242914979757084,0.0,1.0,0.0,0.0,0.34,0,4939,1,10,0.0,0.00020242914979757084,0.9977777777777778,44,100
0.0018218623481781376,0.1,0.9,0.1,0.1,0.36,1,4931,9,9,0.1,0.0018218623481781376,0.9963636363636363,44,100
0.0018218623481781376,0.1,0.9,0.1,0.1,0.38,1,4931,9,9,0.1,0.0018218623481781376,0.9963636363636363,44,100
0.0018218623481781376,0.1,0.9,0.1,0.1,0.4,1,4931,9,9,0.1,0.0018218623481781376,0.9963636363636363,44,100
0.002631578947368421,0.1,0.9285714285714286,0.07142857142857142,0.1,0.42,1,4927,13,9,0.1,0.002631578947368421,0.9955555555555555,44,100
0.002631578947368421,0.1,0.9285714285714286,0.07142857142857142,0.1,0.44,1,4927,13,9,0.1,0.002631578947368421,0.9955555555555555,44,100
0.002631578947368421,0.1,0.9285714285714286,0.07142857142857142,0.1,0.46,1,4927,13,9,0.1,0.002631578947368421,0.9955555555555555,44,100
0.002631578947368421,0.1,0.9285714285714286,0.07142857142857142,0.1,0.48,1,4927,13,9,0.1,0.002631578947368421,0.9955555555555555,44,100
0.0032388663967611335,0.2,0.8888888888888888,0.1111111111111111,0.2,0.5,2,4924,16,8,0.2,0.0032388663967611335,0.9951515151515151,44,100
0.0032388663967611335,0.2,0.8888888888888888,0.1111111111111111,0.2,0.52,2,4924,16,8,0.2,0.0032388663967611335,0.9951515151515151,44,100
0.0034412955465587046,0.2,0.8947368421052632,0.10526315789473684,0.2,0.54,2,4923,17,8,0.2,0.0034412955465587046,0.9949494949494949,44,100
0.004453441295546558,0.2,0.9166666666666666,0.08333333333333333,0.2,0.56,2,4918,22,8,0.2,0.004453441295546558,0.9939393939393939,44,100
0.004453441295546558,0.2,0.9166666666666666,0.08333333333333333,0.2,0.58,2,4918,22,8,0.2,0.004453441295546558,0.9939393939393939,44,100
0.004453441295546558,0.2,0.9166666666666666,0.08333333333333333,0.2,0.6,2,4918,22,8,0.2,0.004453441295546558,0.9939393939393939,44,100
0.005263157894736842,0.3,0.896551724137931,0.10344827586206896,0.3,0.62,3,4914,26,7,0.3,0.005263157894736842,0.9933333333333333,44,100
0.005263157894736842,0.3,0.896551724137931,0.10344827586206896,0.3,0.64,3,4914,26,7,0.3,0.005263157894736842,0.9933333333333333,44,100
0.005263157894736842,0.3,0.896551724137931,0.10344827586206896,0.3,0.66,3,4914,26,7,0.3,0.005263157894736842,0.9933333333333333,44,100
0.008299595141700405,0.3,0.9318181818181818,0.06818181818181818,0.3,0.68,3,4899,41,7,0.3,0.008299595141700405,0.9903030303030304,44,100
0.008299595141700405,0.3,0.9318181818181818,0.06818181818181818,0.3,0.7,3,4899,41,7,0.3,0.008299595141700405,0.9903030303030304,44,100
0.008299595141700405,0.3,0.9318181818181818,0.06818181818181818,0.3,0.72,3,4899,41,7,0.3,0.008299595141700405,0.9903030303030304,44,100
0.008299595141700405,0.3,0.9318181818181818,0.06818181818181818,0.3,0.74,3,4899,41,7,0.3,0.008299595141700405,0.9903030303030304,44,100
0.008299595141700405,0.3,0.9318181818181818,0.06818181818181818,0.3,0.76,3,4899,41,7,0.3,0.008299595141700405,0.9903030303030304,44,100
0.008299595141700405,0.3,0.9318181818181818,0.06818181818181818,0.3,0.78,3,4899,41,7,0.3,0.008299595141700405,0.9903030303030304,44,100
0.008299595141700405,0.3,0.9318181818181818,0.06818181818181818,0.3,0.8,3,4899,41,7,0.3,0.008299595141700405,0.9903030303030304,44,100
0.011538461538461539,0.3,0.95,0.05,0.3,0.82,3,4883,57,7,0.3,0.011538461538461539,0.9870707070707071,44,100
0.029352226720647773,0.3,0.9797297297297297,0.02027027027027027,0.3,0.84,3,4795,145,7,0.3,0.029352226720647773,0.9692929292929293,44,100
0.029352226720647773,0.3,0.9797297297297297,0.02027027027027027,0.3,0.86,3,4795,145,7,0.3,0.029352226720647773,0.9692929292929293,44,100
0.03178137651821862,0.3,0.98125,0.01875,0.3,0.88,3,4783,157,7,0.3,0.03178137651821862,0.9668686868686869,44,100
0.034210526315789476,0.3,0.9825581395348837,0.01744186046511628,0.3,0.9,3,4771,169,7,0.3,0.034210526315789476,0.9644444444444444,44,100
0.034210526315789476,0.3,0.9825581395348837,0.01744186046511628,0.3,0.92,3,4771,169,7,0.3,0.034210526315789476,0.9644444444444444,44,100
0.034210526315789476,0.3,0.9825581395348837,0.01744186046511628,0.3,0.94,3,4771,169,7,0.3,0.034210526315789476,0.9644444444444444,44,100
0.09534412955465588,0.3,0.9936708860759493,0.006329113924050633,0.3,0.96,3,4469,471,7,0.3,0.09534412955465588,0.9034343434343435,44,100
0.10141700404858299,0.4,0.9920792079207921,0.007920792079207921,0.4,0.98,4,4439,501,6,0.4,0.10141700404858299,0.8975757575757576,44,100
0.8338056680161944,0.8,0.9980615459171311,0.001938454082868912,0.8,1.0,8,821,4119,2,0.8,0.8338056680161944,0.16747474747474747,44,100
0.0,0.0,0.0,,0.0,0.02,0,4940,0,10,0.0,0.0,0.997979797979798,45,100
0.0,0.0,0.0,,0.0,0.04,0,4940,0,10,0.0,0.0,0.997979797979798,45,100
0.0,0.0,0.0,,0.0,0.06,0,4940,0,10,0.0,0.0,0.997979797979798,45,100
0.0,0.0,0.0,,0.0,0.08,0,4940,0,10,0.0,0.0,0.997979797979798,45,100
0.0,0.0,0.0,,0.0,0.1,0,4940,0,10,0.0,0.0,0.997979797979798,45,100
0.0,0.0,0.0,,0.0,0.12,0,4940,0,10,0.0,0.0,0.997979797979798,45,100
0.0,0.0,0.0,,0.0,0.14,0,4940,0,10,0.0,0.0,0.997979797979798,45,100
0.0,0.0,0.0,,0.0,0.16,0,4940,0,10,0.0,0.0,0.997979797979798,45,100
0.0,0.0,0.0,,0.0,0.18,0,4940,0,10,0.0,0.0,0.997979797979798,45,100
0.0,0.0,0.0,,0.0,0.2,0,4940,0,10,0.0,0.0,0.997979797979798,45,100
0.0,0.0,0.0,,0.0,0.22,0,4940,0,10,0.0,0.0,0.997979797979798,45,100
0.0,0.0,0.0,,0.0,0.24,0,4940,0,10,0.0,0.0,0.997979797979798,45,100
0.0,0.0,0.0,,0.0,0.26,0,4940,0,10,0.0,0.0,0.997979797979798,45,100
0.0,0.0,0.0,,0.0,0.28,0,4940,0,10,0.0,0.0,0.997979797979798,45,100
0.0,0.0,0.0,,0.0,0.3,0,4940,0,10,0.0,0.0,0.997979797979798,45,100
0.0,0.0,0.0,,0.0,0.32,0,4940,0,10,0.0,0.0,0.997979797979798,45,100
0.0,0.0,0.0,,0.0,0.34,0,4940,0,10,0.0,0.0,0.997979797979798,45,100
0.0,0.0,0.0,,0.0,0.36,0,4940,0,10,0.0,0.0,0.997979797979798,45,100
0.0,0.0,0.0,,0.0,0.38,0,4940,0,10,0.0,0.0,0.997979797979798,45,100
0.0,0.0,0.0,,0.0,0.4,0,4940,0,10,0.0,0.0,0.997979797979798,45,100
0.0,0.0,0.0,,0.0,0.42,0,4940,0,10,0.0,0.0,0.997979797979798,45,100
0.0,0.0,0.0,,0.0,0.44,0,4940,0,10,0.0,0.0,0.997979797979798,45,100
0.0,0.0,0.0,,0.0,0.46,0,4940,0,10,0.0,0.0,0.997979797979798,45,100
0.0,0.0,0.0,,0.0,0.48,0,4940,0,10,0.0,0.0,0.997979797979798,45,100
0.0,0.0,0.0,,0.0,0.5,0,4940,0,10,0.0,0.0,0.997979797979798,45,100
0.0,0.0,0.0,,0.0,0.52,0,4940,0,10,0.0,0.0,0.997979797979798,45,100
0.0,0.0,0.0,,0.0,0.54,0,4940,0,10,0.0,0.0,0.997979797979798,45,100
0.0,0.0,0.0,,0.0,0.56,0,4940,0,10,0.0,0.0,0.997979797979798,45,100
0.0,0.0,0.0,,0.0,0.58,0,4940,0,10,0.0,0.0,0.997979797979798,45,100
0.0,0.0,0.0,,0.0,0.6,0,4940,0,10,0.0,0.0,0.997979797979798,45,100
0.0,0.0,0.0,,0.0,0.62,0,4940,0,10,0.0,0.0,0.997979797979798,45,100
0.0006072874493927126,0.0,1.0,0.0,0.0,0.64,0,4937,3,10,0.0,0.0006072874493927126,0.9973737373737374,45,100
0.0006072874493927126,0.0,1.0,0.0,0.0,0.66,0,4937,3,10,0.0,0.0006072874493927126,0.9973737373737374,45,100
0.0006072874493927126,0.0,1.0,0.0,0.0,0.68,0,4937,3,10,0.0,0.0006072874493927126,0.9973737373737374,45,100
0.0006072874493927126,0.0,1.0,0.0,0.0,0.7,0,4937,3,10,0.0,0.0006072874493927126,0.9973737373737374,45,100
0.0006072874493927126,0.0,1.0,0.0,0.0,0.72,0,4937,3,10,0.0,0.0006072874493927126,0.9973737373737374,45,100
0.0006072874493927126,0.0,1.0,0.0,0.0,0.74,0,4937,3,10,0.0,0.0006072874493927126,0.9973737373737374,45,100
0.0006072874493927126,0.0,1.0,0.0,0.0,0.76,0,4937,3,10,0.0,0.0006072874493927126,0.9973737373737374,45,100
0.0006072874493927126,0.0,1.0,0.0,0.0,0.78,0,4937,3,10,0.0,0.0006072874493927126,0.9973737373737374,45,100
0.0006072874493927126,0.0,1.0,0.0,0.0,0.8,0,4937,3,10,0.0,0.0006072874493927126,0.9973737373737374,45,100
0.0006072874493927126,0.0,1.0,0.0,0.0,0.82,0,4937,3,10,0.0,0.0006072874493927126,0.9973737373737374,45,100
0.0006072874493927126,0.0,1.0,0.0,0.0,0.84,0,4937,3,10,0.0,0.0006072874493927126,0.9973737373737374,45,100
0.017813765182186234,0.1,0.9887640449438202,0.011235955056179775,0.1,0.86,1,4852,88,9,0.1,0.017813765182186234,0.9804040404040404,45,100
0.017813765182186234,0.1,0.9887640449438202,0.011235955056179775,0.1,0.88,1,4852,88,9,0.1,0.017813765182186234,0.9804040404040404,45,100
0.017813765182186234,0.1,0.9887640449438202,0.011235955056179775,0.1,0.9,1,4852,88,9,0.1,0.017813765182186234,0.9804040404040404,45,100
0.01862348178137652,0.1,0.989247311827957,0.010752688172043012,0.1,0.92,1,4848,92,9,0.1,0.01862348178137652,0.9795959595959596,45,100
0.024696356275303644,0.1,0.991869918699187,0.008130081300813009,0.1,0.94,1,4818,122,9,0.1,0.024696356275303644,0.9735353535353536,45,100
0.024696356275303644,0.1,0.991869918699187,0.008130081300813009,0.1,0.96,1,4818,122,9,0.1,0.024696356275303644,0.9735353535353536,45,100
0.025708502024291497,0.1,0.9921875,0.0078125,0.1,0.98,1,4813,127,9,0.1,0.025708502024291497,0.9725252525252526,45,100
0.9730769230769231,1.0,0.9979240190990243,0.002075980900975711,1.0,1.0,10,133,4807,0,1.0,0.9730769230769231,0.028888888888888888,45,100
0.0,0.0,0.0,,0.0,0.02,0,4940,0,10,0.0,0.0,0.997979797979798,46,100
0.0,0.0,0.0,,0.0,0.04,0,4940,0,10,0.0,0.0,0.997979797979798,46,100
0.0,0.0,0.0,,0.0,0.06,0,4940,0,10,0.0,0.0,0.997979797979798,46,100
0.0,0.0,0.0,,0.0,0.08,0,4940,0,10,0.0,0.0,0.997979797979798,46,100
0.0,0.0,0.0,,0.0,0.1,0,4940,0,10,0.0,0.0,0.997979797979798,46,100
0.0,0.0,0.0,,0.0,0.12,0,4940,0,10,0.0,0.0,0.997979797979798,46,100
0.0,0.0,0.0,,0.0,0.14,0,4940,0,10,0.0,0.0,0.997979797979798,46,100
0.0,0.0,0.0,,0.0,0.16,0,4940,0,10,0.0,0.0,0.997979797979798,46,100
0.0,0.0,0.0,,0.0,0.18,0,4940,0,10,0.0,0.0,0.997979797979798,46,100
0.0,0.0,0.0,,0.0,0.2,0,4940,0,10,0.0,0.0,0.997979797979798,46,100
0.0,0.0,0.0,,0.0,0.22,0,4940,0,10,0.0,0.0,0.997979797979798,46,100
0.0,0.0,0.0,,0.0,0.24,0,4940,0,10,0.0,0.0,0.997979797979798,46,100
0.0,0.0,0.0,,0.0,0.26,0,4940,0,10,0.0,0.0,0.997979797979798,46,100
0.0,0.0,0.0,,0.0,0.28,0,4940,0,10,0.0,0.0,0.997979797979798,46,100
0.0,0.0,0.0,,0.0,0.3,0,4940,0,10,0.0,0.0,0.997979797979798,46,100
0.0,0.0,0.0,,0.0,0.32,0,4940,0,10,0.0,0.0,0.997979797979798,46,100
0.0,0.0,0.0,,0.0,0.34,0,4940,0,10,0.0,0.0,0.997979797979798,46,100
0.0,0.0,0.0,,0.0,0.36,0,4940,0,10,0.0,0.0,0.997979797979798,46,100
0.0,0.0,0.0,,0.0,0.38,0,4940,0,10,0.0,0.0,0.997979797979798,46,100
0.0,0.0,0.0,,0.0,0.4,0,4940,0,10,0.0,0.0,0.997979797979798,46,100
0.0,0.0,0.0,,0.0,0.42,0,4940,0,10,0.0,0.0,0.997979797979798,46,100
0.0,0.0,0.0,,0.0,0.44,0,4940,0,10,0.0,0.0,0.997979797979798,46,100
0.0,0.0,0.0,,0.0,0.46,0,4940,0,10,0.0,0.0,0.997979797979798,46,100
0.0,0.0,0.0,,0.0,0.48,0,4940,0,10,0.0,0.0,0.997979797979798,46,100
0.0,0.0,0.0,,0.0,0.5,0,4940,0,10,0.0,0.0,0.997979797979798,46,100
0.0,0.0,0.0,,0.0,0.52,0,4940,0,10,0.0,0.0,0.997979797979798,46,100
0.0,0.0,0.0,,0.0,0.54,0,4940,0,10,0.0,0.0,0.997979797979798,46,100
0.0,0.0,0.0,,0.0,0.56,0,4940,0,10,0.0,0.0,0.997979797979798,46,100
0.0,0.0,0.0,,0.0,0.58,0,4940,0,10,0.0,0.0,0.997979797979798,46,100
0.0,0.0,0.0,,0.0,0.6,0,4940,0,10,0.0,0.0,0.997979797979798,46,100
0.0,0.0,0.0,,0.0,0.62,0,4940,0,10,0.0,0.0,0.997979797979798,46,100
0.0,0.0,0.0,,0.0,0.64,0,4940,0,10,0.0,0.0,0.997979797979798,46,100
0.0,0.0,0.0,,0.0,0.66,0,4940,0,10,0.0,0.0,0.997979797979798,46,100
0.004453441295546558,0.3,0.88,0.12,0.3,0.68,3,4918,22,7,0.3,0.004453441295546558,0.9941414141414141,46,100
0.004453441295546558,0.3,0.88,0.12,0.3,0.7,3,4918,22,7,0.3,0.004453441295546558,0.9941414141414141,46,100
0.004453441295546558,0.3,0.88,0.12,0.3,0.72,3,4918,22,7,0.3,0.004453441295546558,0.9941414141414141,46,100
0.004453441295546558,0.3,0.88,0.12,0.3,0.74,3,4918,22,7,0.3,0.004453441295546558,0.9941414141414141,46,100
0.004453441295546558,0.3,0.88,0.12,0.3,0.76,3,4918,22,7,0.3,0.004453441295546558,0.9941414141414141,46,100
0.004858299595141701,0.3,0.8888888888888888,0.1111111111111111,0.3,0.78,3,4916,24,7,0.3,0.004858299595141701,0.9937373737373737,46,100
0.004858299595141701,0.3,0.8888888888888888,0.1111111111111111,0.3,0.8,3,4916,24,7,0.3,0.004858299595141701,0.9937373737373737,46,100
0.005263157894736842,0.3,0.896551724137931,0.10344827586206896,0.3,0.82,3,4914,26,7,0.3,0.005263157894736842,0.9933333333333333,46,100
0.005263157894736842,0.3,0.896551724137931,0.10344827586206896,0.3,0.84,3,4914,26,7,0.3,0.005263157894736842,0.9933333333333333,46,100
0.0072874493927125505,0.3,0.9230769230769231,0.07692307692307693,0.3,0.86,3,4904,36,7,0.3,0.0072874493927125505,0.9913131313131314,46,100
0.0072874493927125505,0.3,0.9230769230769231,0.07692307692307693,0.3,0.88,3,4904,36,7,0.3,0.0072874493927125505,0.9913131313131314,46,100
0.007894736842105263,0.3,0.9285714285714286,0.07142857142857142,0.3,0.9,3,4901,39,7,0.3,0.007894736842105263,0.9907070707070708,46,100
0.007894736842105263,0.3,0.9285714285714286,0.07142857142857142,0.3,0.92,3,4901,39,7,0.3,0.007894736842105263,0.9907070707070708,46,100
0.008299595141700405,0.3,0.9318181818181818,0.06818181818181818,0.3,0.94,3,4899,41,7,0.3,0.008299595141700405,0.9903030303030304,46,100
0.008299595141700405,0.3,0.9318181818181818,0.06818181818181818,0.3,0.96,3,4899,41,7,0.3,0.008299595141700405,0.9903030303030304,46,100
0.09473684210526316,0.5,0.9894291754756871,0.010570824524312896,0.5,0.98,5,4472,468,5,0.5,0.09473684210526316,0.9044444444444445,46,100
0.8002024291497976,0.8,0.9979803080030295,0.002019691996970462,0.8,1.0,8,987,3953,2,0.8,0.8002024291497976,0.201010101010101,46,100
0.00020242914979757084,0.0,1.0,0.0,0.0,0.02,0,4939,1,10,0.0,0.00020242914979757084,0.9977777777777778,47,100
0.00020242914979757084,0.0,1.0,0.0,0.0,0.04,0,4939,1,10,0.0,0.00020242914979757084,0.9977777777777778,47,100
0.00020242914979757084,0.0,1.0,0.0,0.0,0.06,0,4939,1,10,0.0,0.00020242914979757084,0.9977777777777778,47,100
0.00020242914979757084,0.0,1.0,0.0,0.0,0.08,0,4939,1,10,0.0,0.00020242914979757084,0.9977777777777778,47,100
0.00020242914979757084,0.0,1.0,0.0,0.0,0.1,0,4939,1,10,0.0,0.00020242914979757084,0.9977777777777778,47,100
0.00020242914979757084,0.0,1.0,0.0,0.0,0.12,0,4939,1,10,0.0,0.00020242914979757084,0.9977777777777778,47,100
0.00020242914979757084,0.0,1.0,0.0,0.0,0.14,0,4939,1,10,0.0,0.00020242914979757084,0.9977777777777778,47,100
0.0004048582995951417,0.0,1.0,0.0,0.0,0.16,0,4938,2,10,0.0,0.0004048582995951417,0.9975757575757576,47,100
0.0004048582995951417,0.0,1.0,0.0,0.0,0.18,0,4938,2,10,0.0,0.0004048582995951417,0.9975757575757576,47,100
0.0004048582995951417,0.0,1.0,0.0,0.0,0.2,0,4938,2,10,0.0,0.0004048582995951417,0.9975757575757576,47,100
0.0004048582995951417,0.0,1.0,0.0,0.0,0.22,0,4938,2,10,0.0,0.0004048582995951417,0.9975757575757576,47,100
0.0004048582995951417,0.0,1.0,0.0,0.0,0.24,0,4938,2,10,0.0,0.0004048582995951417,0.9975757575757576,47,100
0.0004048582995951417,0.0,1.0,0.0,0.0,0.26,0,4938,2,10,0.0,0.0004048582995951417,0.9975757575757576,47,100
0.0004048582995951417,0.0,1.0,0.0,0.0,0.28,0,4938,2,10,0.0,0.0004048582995951417,0.9975757575757576,47,100
0.0004048582995951417,0.0,1.0,0.0,0.0,0.3,0,4938,2,10,0.0,0.0004048582995951417,0.9975757575757576,47,100
0.0004048582995951417,0.0,1.0,0.0,0.0,0.32,0,4938,2,10,0.0,0.0004048582995951417,0.9975757575757576,47,100
0.0004048582995951417,0.0,1.0,0.0,0.0,0.34,0,4938,2,10,0.0,0.0004048582995951417,0.9975757575757576,47,100
0.0006072874493927126,0.0,1.0,0.0,0.0,0.36,0,4937,3,10,0.0,0.0006072874493927126,0.9973737373737374,47,100
0.0006072874493927126,0.0,1.0,0.0,0.0,0.38,0,4937,3,10,0.0,0.0006072874493927126,0.9973737373737374,47,100
0.0006072874493927126,0.0,1.0,0.0,0.0,0.4,0,4937,3,10,0.0,0.0006072874493927126,0.9973737373737374,47,100
0.0006072874493927126,0.0,1.0,0.0,0.0,0.42,0,4937,3,10,0.0,0.0006072874493927126,0.9973737373737374,47,100
0.0006072874493927126,0.0,1.0,0.0,0.0,0.44,0,4937,3,10,0.0,0.0006072874493927126,0.9973737373737374,47,100
0.0006072874493927126,0.0,1.0,0.0,0.0,0.46,0,4937,3,10,0.0,0.0006072874493927126,0.9973737373737374,47,100
0.0006072874493927126,0.0,1.0,0.0,0.0,0.48,0,4937,3,10,0.0,0.0006072874493927126,0.9973737373737374,47,100
0.0006072874493927126,0.0,1.0,0.0,0.0,0.5,0,4937,3,10,0.0,0.0006072874493927126,0.9973737373737374,47,100
0.0006072874493927126,0.0,1.0,0.0,0.0,0.52,0,4937,3,10,0.0,0.0006072874493927126,0.9973737373737374,47,100
0.0006072874493927126,0.0,1.0,0.0,0.0,0.54,0,4937,3,10,0.0,0.0006072874493927126,0.9973737373737374,47,100
0.0006072874493927126,0.0,1.0,0.0,0.0,0.56,0,4937,3,10,0.0,0.0006072874493927126,0.9973737373737374,47,100
0.0006072874493927126,0.0,1.0,0.0,0.0,0.58,0,4937,3,10,0.0,0.0006072874493927126,0.9973737373737374,47,100
0.0008097165991902834,0.0,1.0,0.0,0.0,0.6,0,4936,4,10,0.0,0.0008097165991902834,0.9971717171717172,47,100
0.0008097165991902834,0.0,1.0,0.0,0.0,0.62,0,4936,4,10,0.0,0.0008097165991902834,0.9971717171717172,47,100
0.0008097165991902834,0.0,1.0,0.0,0.0,0.64,0,4936,4,10,0.0,0.0008097165991902834,0.9971717171717172,47,100
0.0008097165991902834,0.0,1.0,0.0,0.0,0.66,0,4936,4,10,0.0,0.0008097165991902834,0.9971717171717172,47,100
0.01174089068825911,0.3,0.9508196721311475,0.04918032786885246,0.3,0.68,3,4882,58,7,0.3,0.01174089068825911,0.9868686868686869,47,100
0.01174089068825911,0.3,0.9508196721311475,0.04918032786885246,0.3,0.7,3,4882,58,7,0.3,0.01174089068825911,0.9868686868686869,47,100
0.014979757085020242,0.3,0.961038961038961,0.03896103896103896,0.3,0.72,3,4866,74,7,0.3,0.014979757085020242,0.9836363636363636,47,100
0.022672064777327937,0.4,0.9655172413793104,0.034482758620689655,0.4,0.74,4,4828,112,6,0.4,0.022672064777327937,0.9761616161616161,47,100
0.034210526315789476,0.4,0.976878612716763,0.023121387283236993,0.4,0.76,4,4771,169,6,0.4,0.034210526315789476,0.9646464646464646,47,100
0.034210526315789476,0.4,0.976878612716763,0.023121387283236993,0.4,0.78,4,4771,169,6,0.4,0.034210526315789476,0.9646464646464646,47,100
0.05506072874493927,0.4,0.9855072463768116,0.014492753623188406,0.4,0.8,4,4668,272,6,0.4,0.05506072874493927,0.9438383838383838,47,100
0.05506072874493927,0.4,0.9855072463768116,0.014492753623188406,0.4,0.82,4,4668,272,6,0.4,0.05506072874493927,0.9438383838383838,47,100
0.06700404858299595,0.5,0.9851190476190477,0.01488095238095238,0.5,0.84,5,4609,331,5,0.5,0.06700404858299595,0.9321212121212121,47,100
0.06700404858299595,0.5,0.9851190476190477,0.01488095238095238,0.5,0.86,5,4609,331,5,0.5,0.06700404858299595,0.9321212121212121,47,100
0.0728744939271255,0.5,0.9863013698630136,0.0136986301369863,0.5,0.88,5,4580,360,5,0.5,0.0728744939271255,0.9262626262626262,47,100
0.07975708502024291,0.5,0.9874686716791979,0.012531328320802004,0.5,0.9,5,4546,394,5,0.5,0.07975708502024291,0.9193939393939394,47,100
0.08785425101214575,0.5,0.9886104783599089,0.011389521640091117,0.5,0.92,5,4506,434,5,0.5,0.08785425101214575,0.9113131313131313,47,100
0.08785425101214575,0.5,0.9886104783599089,0.011389521640091117,0.5,0.94,5,4506,434,5,0.5,0.08785425101214575,0.9113131313131313,47,100
0.0951417004048583,0.5,0.9894736842105263,0.010526315789473684,0.5,0.96,5,4470,470,5,0.5,0.0951417004048583,0.9040404040404041,47,100
0.15688259109311742,0.6,0.9923175416133163,0.0076824583866837385,0.6,0.98,6,4165,775,4,0.6,0.15688259109311742,0.8426262626262626,47,100
0.39817813765182186,0.8,0.9959493670886076,0.004050632911392405,0.8,1.0,8,2973,1967,2,0.8,0.39817813765182186,0.6022222222222222,47,100
0.0,0.0,0.0,,0.0,0.02,0,4940,0,10,0.0,0.0,0.997979797979798,48,100
0.0,0.0,0.0,,0.0,0.04,0,4940,0,10,0.0,0.0,0.997979797979798,48,100
0.0,0.0,0.0,,0.0,0.06,0,4940,0,10,0.0,0.0,0.997979797979798,48,100
0.0,0.0,0.0,,0.0,0.08,0,4940,0,10,0.0,0.0,0.997979797979798,48,100
0.0,0.0,0.0,,0.0,0.1,0,4940,0,10,0.0,0.0,0.997979797979798,48,100
0.0,0.0,0.0,,0.0,0.12,0,4940,0,10,0.0,0.0,0.997979797979798,48,100
0.0,0.0,0.0,,0.0,0.14,0,4940,0,10,0.0,0.0,0.997979797979798,48,100
0.0,0.0,0.0,,0.0,0.16,0,4940,0,10,0.0,0.0,0.997979797979798,48,100
0.0,0.0,0.0,,0.0,0.18,0,4940,0,10,0.0,0.0,0.997979797979798,48,100
0.0,0.0,0.0,,0.0,0.2,0,4940,0,10,0.0,0.0,0.997979797979798,48,100
0.0,0.0,0.0,,0.0,0.22,0,4940,0,10,0.0,0.0,0.997979797979798,48,100
0.0,0.0,0.0,,0.0,0.24,0,4940,0,10,0.0,0.0,0.997979797979798,48,100
0.0,0.0,0.0,,0.0,0.26,0,4940,0,10,0.0,0.0,0.997979797979798,48,100
0.0,0.0,0.0,,0.0,0.28,0,4940,0,10,0.0,0.0,0.997979797979798,48,100
0.0,0.0,0.0,,0.0,0.3,0,4940,0,10,0.0,0.0,0.997979797979798,48,100
0.0,0.0,0.0,,0.0,0.32,0,4940,0,10,0.0,0.0,0.997979797979798,48,100
0.0,0.0,0.0,,0.0,0.34,0,4940,0,10,0.0,0.0,0.997979797979798,48,100
0.0,0.0,0.0,,0.0,0.36,0,4940,0,10,0.0,0.0,0.997979797979798,48,100
0.0,0.0,0.0,,0.0,0.38,0,4940,0,10,0.0,0.0,0.997979797979798,48,100
0.0,0.0,0.0,,0.0,0.4,0,4940,0,10,0.0,0.0,0.997979797979798,48,100
0.0,0.0,0.0,,0.0,0.42,0,4940,0,10,0.0,0.0,0.997979797979798,48,100
0.0,0.0,0.0,,0.0,0.44,0,4940,0,10,0.0,0.0,0.997979797979798,48,100
0.0,0.0,0.0,,0.0,0.46,0,4940,0,10,0.0,0.0,0.997979797979798,48,100
0.0,0.0,0.0,,0.0,0.48,0,4940,0,10,0.0,0.0,0.997979797979798,48,100
0.0,0.0,0.0,,0.0,0.5,0,4940,0,10,0.0,0.0,0.997979797979798,48,100
0.0,0.0,0.0,,0.0,0.52,0,4940,0,10,0.0,0.0,0.997979797979798,48,100
0.0,0.0,0.0,,0.0,0.54,0,4940,0,10,0.0,0.0,0.997979797979798,48,100
0.0,0.0,0.0,,0.0,0.56,0,4940,0,10,0.0,0.0,0.997979797979798,48,100
0.0,0.0,0.0,,0.0,0.58,0,4940,0,10,0.0,0.0,0.997979797979798,48,100
0.0,0.0,0.0,,0.0,0.6,0,4940,0,10,0.0,0.0,0.997979797979798,48,100
0.0,0.0,0.0,,0.0,0.62,0,4940,0,10,0.0,0.0,0.997979797979798,48,100
0.0,0.0,0.0,,0.0,0.64,0,4940,0,10,0.0,0.0,0.997979797979798,48,100
0.0,0.0,0.0,,0.0,0.66,0,4940,0,10,0.0,0.0,0.997979797979798,48,100
0.0016194331983805667,0.2,0.8,0.2,0.2,0.68,2,4932,8,8,0.2,0.0016194331983805667,0.9967676767676767,48,100
0.003036437246963563,0.3,0.8333333333333334,0.16666666666666666,0.3,0.7,3,4925,15,7,0.3,0.003036437246963563,0.9955555555555555,48,100
0.003036437246963563,0.3,0.8333333333333334,0.16666666666666666,0.3,0.72,3,4925,15,7,0.3,0.003036437246963563,0.9955555555555555,48,100
0.0032388663967611335,0.3,0.8421052631578947,0.15789473684210525,0.3,0.74,3,4924,16,7,0.3,0.0032388663967611335,0.9953535353535353,48,100
0.0032388663967611335,0.3,0.8421052631578947,0.15789473684210525,0.3,0.76,3,4924,16,7,0.3,0.0032388663967611335,0.9953535353535353,48,100
0.004048582995951417,0.3,0.8695652173913043,0.13043478260869565,0.3,0.78,3,4920,20,7,0.3,0.004048582995951417,0.9945454545454545,48,100
0.004048582995951417,0.3,0.8695652173913043,0.13043478260869565,0.3,0.8,3,4920,20,7,0.3,0.004048582995951417,0.9945454545454545,48,100
0.004048582995951417,0.3,0.8695652173913043,0.13043478260869565,0.3,0.82,3,4920,20,7,0.3,0.004048582995951417,0.9945454545454545,48,100
0.004048582995951417,0.3,0.8695652173913043,0.13043478260869565,0.3,0.84,3,4920,20,7,0.3,0.004048582995951417,0.9945454545454545,48,100
0.004048582995951417,0.3,0.8695652173913043,0.13043478260869565,0.3,0.86,3,4920,20,7,0.3,0.004048582995951417,0.9945454545454545,48,100
0.004048582995951417,0.3,0.8695652173913043,0.13043478260869565,0.3,0.88,3,4920,20,7,0.3,0.004048582995951417,0.9945454545454545,48,100
0.004048582995951417,0.3,0.8695652173913043,0.13043478260869565,0.3,0.9,3,4920,20,7,0.3,0.004048582995951417,0.9945454545454545,48,100
0.004048582995951417,0.3,0.8695652173913043,0.13043478260869565,0.3,0.92,3,4920,20,7,0.3,0.004048582995951417,0.9945454545454545,48,100
0.004251012145748988,0.3,0.875,0.125,0.3,0.94,3,4919,21,7,0.3,0.004251012145748988,0.9943434343434343,48,100
0.004251012145748988,0.3,0.875,0.125,0.3,0.96,3,4919,21,7,0.3,0.004251012145748988,0.9943434343434343,48,100
0.2194331983805668,0.7,0.9935838680109991,0.006416131989000917,0.7,0.98,7,3856,1084,3,0.7,0.2194331983805668,0.7804040404040404,48,100
0.9742914979757085,1.0,0.9979266017001867,0.0020733982998133943,1.0,1.0,10,127,4813,0,1.0,0.9742914979757085,0.027676767676767678,48,100
0.0,0.0,0.0,,0.0,0.02,0,4940,0,10,0.0,0.0,0.997979797979798,49,100
0.0,0.0,0.0,,0.0,0.04,0,4940,0,10,0.0,0.0,0.997979797979798,49,100
0.0,0.0,0.0,,0.0,0.06,0,4940,0,10,0.0,0.0,0.997979797979798,49,100
0.0,0.0,0.0,,0.0,0.08,0,4940,0,10,0.0,0.0,0.997979797979798,49,100
0.0,0.0,0.0,,0.0,0.1,0,4940,0,10,0.0,0.0,0.997979797979798,49,100
0.0,0.0,0.0,,0.0,0.12,0,4940,0,10,0.0,0.0,0.997979797979798,49,100
0.0,0.0,0.0,,0.0,0.14,0,4940,0,10,0.0,0.0,0.997979797979798,49,100
0.0,0.0,0.0,,0.0,0.16,0,4940,0,10,0.0,0.0,0.997979797979798,49,100
0.0,0.0,0.0,,0.0,0.18,0,4940,0,10,0.0,0.0,0.997979797979798,49,100
0.0,0.0,0.0,,0.0,0.2,0,4940,0,10,0.0,0.0,0.997979797979798,49,100
0.0,0.0,0.0,,0.0,0.22,0,4940,0,10,0.0,0.0,0.997979797979798,49,100
0.0,0.0,0.0,,0.0,0.24,0,4940,0,10,0.0,0.0,0.997979797979798,49,100
0.0,0.0,0.0,,0.0,0.26,0,4940,0,10,0.0,0.0,0.997979797979798,49,100
0.0,0.0,0.0,,0.0,0.28,0,4940,0,10,0.0,0.0,0.997979797979798,49,100
0.0,0.0,0.0,,0.0,0.3,0,4940,0,10,0.0,0.0,0.997979797979798,49,100
0.0,0.0,0.0,,0.0,0.32,0,4940,0,10,0.0,0.0,0.997979797979798,49,100
0.0,0.0,0.0,,0.0,0.34,0,4940,0,10,0.0,0.0,0.997979797979798,49,100
0.00020242914979757084,0.0,1.0,0.0,0.0,0.36,0,4939,1,10,0.0,0.00020242914979757084,0.9977777777777778,49,100
0.00020242914979757084,0.0,1.0,0.0,0.0,0.38,0,4939,1,10,0.0,0.00020242914979757084,0.9977777777777778,49,100
0.00020242914979757084,0.0,1.0,0.0,0.0,0.4,0,4939,1,10,0.0,0.00020242914979757084,0.9977777777777778,49,100
0.001417004048582996,0.1,0.875,0.125,0.1,0.42,1,4933,7,9,0.1,0.001417004048582996,0.9967676767676767,49,100
0.002226720647773279,0.1,0.9166666666666666,0.08333333333333333,0.1,0.44,1,4929,11,9,0.1,0.002226720647773279,0.9959595959595959,49,100
0.0024291497975708503,0.1,0.9230769230769231,0.07692307692307693,0.1,0.46,1,4928,12,9,0.1,0.0024291497975708503,0.9957575757575757,49,100
0.0024291497975708503,0.1,0.9230769230769231,0.07692307692307693,0.1,0.48,1,4928,12,9,0.1,0.0024291497975708503,0.9957575757575757,49,100
0.0024291497975708503,0.1,0.9230769230769231,0.07692307692307693,0.1,0.5,1,4928,12,9,0.1,0.0024291497975708503,0.9957575757575757,49,100
0.0024291497975708503,0.1,0.9230769230769231,0.07692307692307693,0.1,0.52,1,4928,12,9,0.1,0.0024291497975708503,0.9957575757575757,49,100
0.0024291497975708503,0.1,0.9230769230769231,0.07692307692307693,0.1,0.54,1,4928,12,9,0.1,0.0024291497975708503,0.9957575757575757,49,100
0.0024291497975708503,0.1,0.9230769230769231,0.07692307692307693,0.1,0.56,1,4928,12,9,0.1,0.0024291497975708503,0.9957575757575757,49,100
0.002631578947368421,0.1,0.9285714285714286,0.07142857142857142,0.1,0.58,1,4927,13,9,0.1,0.002631578947368421,0.9955555555555555,49,100
0.002631578947368421,0.1,0.9285714285714286,0.07142857142857142,0.1,0.6,1,4927,13,9,0.1,0.002631578947368421,0.9955555555555555,49,100
0.0032388663967611335,0.1,0.9411764705882353,0.058823529411764705,0.1,0.62,1,4924,16,9,0.1,0.0032388663967611335,0.9949494949494949,49,100
0.0032388663967611335,0.1,0.9411764705882353,0.058823529411764705,0.1,0.64,1,4924,16,9,0.1,0.0032388663967611335,0.9949494949494949,49,100
0.0032388663967611335,0.1,0.9411764705882353,0.058823529411764705,0.1,0.66,1,4924,16,9,0.1,0.0032388663967611335,0.9949494949494949,49,100
0.0034412955465587046,0.1,0.9444444444444444,0.05555555555555555,0.1,0.68,1,4923,17,9,0.1,0.0034412955465587046,0.9947474747474747,49,100
0.0034412955465587046,0.1,0.9444444444444444,0.05555555555555555,0.1,0.7,1,4923,17,9,0.1,0.0034412955465587046,0.9947474747474747,49,100
0.0036437246963562753,0.1,0.9473684210526315,0.05263157894736842,0.1,0.72,1,4922,18,9,0.1,0.0036437246963562753,0.9945454545454545,49,100
0.0036437246963562753,0.1,0.9473684210526315,0.05263157894736842,0.1,0.74,1,4922,18,9,0.1,0.0036437246963562753,0.9945454545454545,49,100
0.0036437246963562753,0.1,0.9473684210526315,0.05263157894736842,0.1,0.76,1,4922,18,9,0.1,0.0036437246963562753,0.9945454545454545,49,100
0.0036437246963562753,0.2,0.9,0.1,0.2,0.78,2,4922,18,8,0.2,0.0036437246963562753,0.9947474747474747,49,100
0.013157894736842105,0.3,0.9558823529411765,0.04411764705882353,0.3,0.8,3,4875,65,7,0.3,0.013157894736842105,0.9854545454545455,49,100
0.022672064777327937,0.4,0.9655172413793104,0.034482758620689655,0.4,0.82,4,4828,112,6,0.4,0.022672064777327937,0.9761616161616161,49,100
0.022672064777327937,0.4,0.9655172413793104,0.034482758620689655,0.4,0.84,4,4828,112,6,0.4,0.022672064777327937,0.9761616161616161,49,100
0.02408906882591093,0.4,0.967479674796748,0.032520325203252036,0.4,0.86,4,4821,119,6,0.4,0.02408906882591093,0.9747474747474747,49,100
0.029352226720647773,0.4,0.9731543624161074,0.026845637583892617,0.4,0.88,4,4795,145,6,0.4,0.029352226720647773,0.9694949494949495,49,100
0.029352226720647773,0.4,0.9731543624161074,0.026845637583892617,0.4,0.9,4,4795,145,6,0.4,0.029352226720647773,0.9694949494949495,49,100
0.04251012145748988,0.4,0.9813084112149533,0.018691588785046728,0.4,0.92,4,4730,210,6,0.4,0.04251012145748988,0.9563636363636364,49,100
0.06700404858299595,0.4,0.9880597014925373,0.011940298507462687,0.4,0.94,4,4609,331,6,0.4,0.06700404858299595,0.9319191919191919,49,100
0.06700404858299595,0.4,0.9880597014925373,0.011940298507462687,0.4,0.96,4,4609,331,6,0.4,0.06700404858299595,0.9319191919191919,49,100
0.09979757085020242,0.4,0.9919517102615694,0.008048289738430584,0.4,0.98,4,4447,493,6,0.4,0.09979757085020242,0.8991919191919192,49,100
0.9706477732793523,1.0,0.9979188345473465,0.002081165452653486,1.0,1.0,10,145,4795,0,1.0,0.9706477732793523,0.031313131313131314,49,100
