FPR,TPR,FDR,NPrecision,NRecall,alpha,NTP,NTN,NFP,NFN,NTPR,NFPR,NACC,run,dim
5.0276520864756156e-05,0.0,1.0,0.0,0.0,0.02,0,19889,1,10,0.0,5.0276520864756156e-05,0.9994472361809045,0,200
5.0276520864756156e-05,0.0,1.0,0.0,0.0,0.04,0,19889,1,10,0.0,5.0276520864756156e-05,0.9994472361809045,0,200
5.0276520864756156e-05,0.0,1.0,0.0,0.0,0.06,0,19889,1,10,0.0,5.0276520864756156e-05,0.9994472361809045,0,200
0.0,0.0,0.0,,0.0,0.08,0,19890,0,10,0.0,0.0,0.9994974874371859,0,200
5.0276520864756156e-05,0.0,1.0,0.0,0.0,0.1,0,19889,1,10,0.0,5.0276520864756156e-05,0.9994472361809045,0,200
5.0276520864756156e-05,0.0,1.0,0.0,0.0,0.12,0,19889,1,10,0.0,5.0276520864756156e-05,0.9994472361809045,0,200
5.0276520864756156e-05,0.0,1.0,0.0,0.0,0.14,0,19889,1,10,0.0,5.0276520864756156e-05,0.9994472361809045,0,200
5.0276520864756156e-05,0.0,1.0,0.0,0.0,0.16,0,19889,1,10,0.0,5.0276520864756156e-05,0.9994472361809045,0,200
5.0276520864756156e-05,0.0,1.0,0.0,0.0,0.18,0,19889,1,10,0.0,5.0276520864756156e-05,0.9994472361809045,0,200
0.00010055304172951231,0.0,1.0,0.0,0.0,0.2,0,19888,2,10,0.0,0.00010055304172951231,0.9993969849246231,0,200
0.00010055304172951231,0.0,1.0,0.0,0.0,0.22,0,19888,2,10,0.0,0.00010055304172951231,0.9993969849246231,0,200
0.00010055304172951231,0.0,1.0,0.0,0.0,0.24,0,19888,2,10,0.0,0.00010055304172951231,0.9993969849246231,0,200
0.00010055304172951231,0.0,1.0,0.0,0.0,0.26,0,19888,2,10,0.0,0.00010055304172951231,0.9993969849246231,0,200
0.00010055304172951231,0.0,1.0,0.0,0.0,0.28,0,19888,2,10,0.0,0.00010055304172951231,0.9993969849246231,0,200
0.00010055304172951231,0.0,1.0,0.0,0.0,0.3,0,19888,2,10,0.0,0.00010055304172951231,0.9993969849246231,0,200
0.00010055304172951231,0.0,1.0,0.0,0.0,0.32,0,19888,2,10,0.0,0.00010055304172951231,0.9993969849246231,0,200
0.00010055304172951231,0.0,1.0,0.0,0.0,0.34,0,19888,2,10,0.0,0.00010055304172951231,0.9993969849246231,0,200
0.00010055304172951231,0.0,1.0,0.0,0.0,0.36,0,19888,2,10,0.0,0.00010055304172951231,0.9993969849246231,0,200
0.00010055304172951231,0.0,1.0,0.0,0.0,0.38,0,19888,2,10,0.0,0.00010055304172951231,0.9993969849246231,0,200
0.00010055304172951231,0.0,1.0,0.0,0.0,0.4,0,19888,2,10,0.0,0.00010055304172951231,0.9993969849246231,0,200
0.00010055304172951231,0.0,1.0,0.0,0.0,0.42,0,19888,2,10,0.0,0.00010055304172951231,0.9993969849246231,0,200
0.00010055304172951231,0.0,1.0,0.0,0.0,0.44,0,19888,2,10,0.0,0.00010055304172951231,0.9993969849246231,0,200
0.00010055304172951231,0.0,1.0,0.0,0.0,0.46,0,19888,2,10,0.0,0.00010055304172951231,0.9993969849246231,0,200
0.00010055304172951231,0.0,1.0,0.0,0.0,0.48,0,19888,2,10,0.0,0.00010055304172951231,0.9993969849246231,0,200
0.00010055304172951231,0.0,1.0,0.0,0.0,0.5,0,19888,2,10,0.0,0.00010055304172951231,0.9993969849246231,0,200
0.00010055304172951231,0.0,1.0,0.0,0.0,0.52,0,19888,2,10,0.0,0.00010055304172951231,0.9993969849246231,0,200
0.00010055304172951231,0.0,1.0,0.0,0.0,0.54,0,19888,2,10,0.0,0.00010055304172951231,0.9993969849246231,0,200
0.00015082956259426848,0.0,1.0,0.0,0.0,0.56,0,19887,3,10,0.0,0.00015082956259426848,0.9993467336683417,0,200
0.00015082956259426848,0.0,1.0,0.0,0.0,0.58,0,19887,3,10,0.0,0.00015082956259426848,0.9993467336683417,0,200
0.00015082956259426848,0.0,1.0,0.0,0.0,0.6,0,19887,3,10,0.0,0.00015082956259426848,0.9993467336683417,0,200
0.00020110608345902463,0.0,1.0,0.0,0.0,0.62,0,19886,4,10,0.0,0.00020110608345902463,0.9992964824120603,0,200
0.00020110608345902463,0.0,1.0,0.0,0.0,0.64,0,19886,4,10,0.0,0.00020110608345902463,0.9992964824120603,0,200
0.00020110608345902463,0.0,1.0,0.0,0.0,0.66,0,19886,4,10,0.0,0.00020110608345902463,0.9992964824120603,0,200
0.00020110608345902463,0.0,1.0,0.0,0.0,0.68,0,19886,4,10,0.0,0.00020110608345902463,0.9992964824120603,0,200
0.00020110608345902463,0.0,1.0,0.0,0.0,0.7,0,19886,4,10,0.0,0.00020110608345902463,0.9992964824120603,0,200
0.00020110608345902463,0.0,1.0,0.0,0.0,0.72,0,19886,4,10,0.0,0.00020110608345902463,0.9992964824120603,0,200
0.00020110608345902463,0.0,1.0,0.0,0.0,0.74,0,19886,4,10,0.0,0.00020110608345902463,0.9992964824120603,0,200
0.00020110608345902463,0.0,1.0,0.0,0.0,0.76,0,19886,4,10,0.0,0.00020110608345902463,0.9992964824120603,0,200
0.00020110608345902463,0.0,1.0,0.0,0.0,0.78,0,19886,4,10,0.0,0.00020110608345902463,0.9992964824120603,0,200
0.0008044243338360985,0.0,1.0,0.0,0.0,0.8,0,19874,16,10,0.0,0.0008044243338360985,0.9986934673366834,0,200
0.0008044243338360985,0.0,1.0,0.0,0.0,0.82,0,19874,16,10,0.0,0.0008044243338360985,0.9986934673366834,0,200
0.0032679738562091504,0.0,1.0,0.0,0.0,0.84,0,19825,65,10,0.0,0.0032679738562091504,0.9962311557788944,0,200
0.004977375565610859,0.1,0.99,0.01,0.1,0.86,1,19791,99,9,0.1,0.004977375565610859,0.9945728643216081,0,200
0.005681246857717446,0.1,0.9912280701754386,0.008771929824561403,0.1,0.88,1,19777,113,9,0.1,0.005681246857717446,0.9938693467336683,0,200
0.011111111111111112,0.3,0.9866071428571429,0.013392857142857142,0.3,0.9,3,19669,221,7,0.3,0.011111111111111112,0.9885427135678392,0,200
0.012619406737053796,0.3,0.9881889763779528,0.011811023622047244,0.3,0.92,3,19639,251,7,0.3,0.012619406737053796,0.9870351758793969,0,200
0.014027149321266969,0.3,0.9893617021276596,0.010638297872340425,0.3,0.94,3,19611,279,7,0.3,0.014027149321266969,0.9856281407035176,0,200
0.015736551030668677,0.3,0.990506329113924,0.00949367088607595,0.3,0.96,3,19577,313,7,0.3,0.015736551030668677,0.9839195979899498,0,200
0.06968325791855204,0.4,0.9971223021582734,0.0028776978417266188,0.4,0.98,4,18504,1386,6,0.4,0.06968325791855204,0.9300502512562814,0,200
0.8886877828054298,1.0,0.9994345810245392,0.0005654189754608164,1.0,1.0,10,2214,17676,0,1.0,0.8886877828054298,0.11175879396984925,0,200
0.0,0.0,0.0,,0.0,0.02,0,19890,0,10,0.0,0.0,0.9994974874371859,1,200
0.0,0.0,0.0,,0.0,0.04,0,19890,0,10,0.0,0.0,0.9994974874371859,1,200
0.0,0.0,0.0,,0.0,0.06,0,19890,0,10,0.0,0.0,0.9994974874371859,1,200
0.0,0.0,0.0,,0.0,0.08,0,19890,0,10,0.0,0.0,0.9994974874371859,1,200
0.0,0.0,0.0,,0.0,0.1,0,19890,0,10,0.0,0.0,0.9994974874371859,1,200
0.0,0.0,0.0,,0.0,0.12,0,19890,0,10,0.0,0.0,0.9994974874371859,1,200
0.0,0.0,0.0,,0.0,0.14,0,19890,0,10,0.0,0.0,0.9994974874371859,1,200
0.0,0.0,0.0,,0.0,0.16,0,19890,0,10,0.0,0.0,0.9994974874371859,1,200
0.0,0.0,0.0,,0.0,0.18,0,19890,0,10,0.0,0.0,0.9994974874371859,1,200
0.0,0.0,0.0,,0.0,0.2,0,19890,0,10,0.0,0.0,0.9994974874371859,1,200
0.0,0.0,0.0,,0.0,0.22,0,19890,0,10,0.0,0.0,0.9994974874371859,1,200
0.0,0.0,0.0,,0.0,0.24,0,19890,0,10,0.0,0.0,0.9994974874371859,1,200
0.0,0.0,0.0,,0.0,0.26,0,19890,0,10,0.0,0.0,0.9994974874371859,1,200
0.0,0.0,0.0,,0.0,0.28,0,19890,0,10,0.0,0.0,0.9994974874371859,1,200
0.0,0.0,0.0,,0.0,0.3,0,19890,0,10,0.0,0.0,0.9994974874371859,1,200
0.0,0.0,0.0,,0.0,0.32,0,19890,0,10,0.0,0.0,0.9994974874371859,1,200
0.0,0.0,0.0,,0.0,0.34,0,19890,0,10,0.0,0.0,0.9994974874371859,1,200
0.0,0.0,0.0,,0.0,0.36,0,19890,0,10,0.0,0.0,0.9994974874371859,1,200
0.0,0.0,0.0,,0.0,0.38,0,19890,0,10,0.0,0.0,0.9994974874371859,1,200
0.0,0.0,0.0,,0.0,0.4,0,19890,0,10,0.0,0.0,0.9994974874371859,1,200
0.0,0.0,0.0,,0.0,0.42,0,19890,0,10,0.0,0.0,0.9994974874371859,1,200
0.0,0.0,0.0,,0.0,0.44,0,19890,0,10,0.0,0.0,0.9994974874371859,1,200
0.0,0.0,0.0,,0.0,0.46,0,19890,0,10,0.0,0.0,0.9994974874371859,1,200
0.0,0.0,0.0,,0.0,0.48,0,19890,0,10,0.0,0.0,0.9994974874371859,1,200
0.0,0.0,0.0,,0.0,0.5,0,19890,0,10,0.0,0.0,0.9994974874371859,1,200
0.0,0.0,0.0,,0.0,0.52,0,19890,0,10,0.0,0.0,0.9994974874371859,1,200
0.0,0.0,0.0,,0.0,0.54,0,19890,0,10,0.0,0.0,0.9994974874371859,1,200
0.0,0.0,0.0,,0.0,0.56,0,19890,0,10,0.0,0.0,0.9994974874371859,1,200
0.0,0.0,0.0,,0.0,0.58,0,19890,0,10,0.0,0.0,0.9994974874371859,1,200
0.0,0.0,0.0,,0.0,0.6,0,19890,0,10,0.0,0.0,0.9994974874371859,1,200
0.0,0.0,0.0,,0.0,0.62,0,19890,0,10,0.0,0.0,0.9994974874371859,1,200
0.0,0.0,0.0,,0.0,0.64,0,19890,0,10,0.0,0.0,0.9994974874371859,1,200
0.0005530417295123177,0.0,1.0,0.0,0.0,0.66,0,19879,11,10,0.0,0.0005530417295123177,0.9989447236180905,1,200
0.001005530417295123,0.0,1.0,0.0,0.0,0.68,0,19870,20,10,0.0,0.001005530417295123,0.9984924623115577,1,200
0.00130718954248366,0.0,1.0,0.0,0.0,0.7,0,19864,26,10,0.0,0.00130718954248366,0.9981909547738693,1,200
0.00130718954248366,0.0,1.0,0.0,0.0,0.72,0,19864,26,10,0.0,0.00130718954248366,0.9981909547738693,1,200
0.0014580191050779286,0.0,1.0,0.0,0.0,0.74,0,19861,29,10,0.0,0.0014580191050779286,0.9980402010050251,1,200
0.006334841628959276,0.1,0.9921259842519685,0.007874015748031496,0.1,0.76,1,19764,126,9,0.1,0.006334841628959276,0.99321608040201,1,200
0.009100050276520865,0.1,0.9945054945054945,0.005494505494505495,0.1,0.78,1,19709,181,9,0.1,0.009100050276520865,0.9904522613065326,1,200
0.009100050276520865,0.1,0.9945054945054945,0.005494505494505495,0.1,0.8,1,19709,181,9,0.1,0.009100050276520865,0.9904522613065326,1,200
0.012468577174459528,0.1,0.9959839357429718,0.004016064257028112,0.1,0.82,1,19642,248,9,0.1,0.012468577174459528,0.9870854271356784,1,200
0.01362493715434892,0.1,0.9963235294117647,0.003676470588235294,0.1,0.84,1,19619,271,9,0.1,0.01362493715434892,0.985929648241206,1,200
0.01518350930115636,0.1,0.9966996699669967,0.0033003300330033004,0.1,0.86,1,19588,302,9,0.1,0.01518350930115636,0.9843718592964824,1,200
0.018552036199095023,0.1,0.9972972972972973,0.002702702702702703,0.1,0.88,1,19521,369,9,0.1,0.018552036199095023,0.9810050251256281,1,200
0.025490196078431372,0.1,0.9980314960629921,0.001968503937007874,0.1,0.9,1,19383,507,9,0.1,0.025490196078431372,0.974070351758794,1,200
0.06802413273001508,0.3,0.9977876106194691,0.0022123893805309734,0.3,0.92,3,18537,1353,7,0.3,0.06802413273001508,0.9316582914572864,1,200
0.07988939165409753,0.3,0.9981155778894473,0.0018844221105527637,0.3,0.94,3,18301,1589,7,0.3,0.07988939165409753,0.9197989949748744,1,200
0.10180995475113122,0.4,0.9980285855101035,0.001971414489896501,0.4,0.96,4,17865,2025,6,0.4,0.10180995475113122,0.8979396984924624,1,200
0.1279537456008044,0.5,0.9980392156862745,0.00196078431372549,0.5,0.98,5,17345,2545,5,0.5,0.1279537456008044,0.871859296482412,1,200
0.9340874811463047,1.0,0.9994620474474152,0.000537952552584862,1.0,1.0,10,1311,18579,0,1.0,0.9340874811463047,0.06638190954773869,1,200
0.0,0.0,0.0,,0.0,0.02,0,19890,0,10,0.0,0.0,0.9994974874371859,2,200
0.0,0.0,0.0,,0.0,0.04,0,19890,0,10,0.0,0.0,0.9994974874371859,2,200
0.0,0.0,0.0,,0.0,0.06,0,19890,0,10,0.0,0.0,0.9994974874371859,2,200
0.0,0.0,0.0,,0.0,0.08,0,19890,0,10,0.0,0.0,0.9994974874371859,2,200
0.0,0.0,0.0,,0.0,0.1,0,19890,0,10,0.0,0.0,0.9994974874371859,2,200
0.0,0.0,0.0,,0.0,0.12,0,19890,0,10,0.0,0.0,0.9994974874371859,2,200
0.0,0.0,0.0,,0.0,0.14,0,19890,0,10,0.0,0.0,0.9994974874371859,2,200
0.0,0.0,0.0,,0.0,0.16,0,19890,0,10,0.0,0.0,0.9994974874371859,2,200
0.0,0.0,0.0,,0.0,0.18,0,19890,0,10,0.0,0.0,0.9994974874371859,2,200
0.0,0.0,0.0,,0.0,0.2,0,19890,0,10,0.0,0.0,0.9994974874371859,2,200
0.0,0.0,0.0,,0.0,0.22,0,19890,0,10,0.0,0.0,0.9994974874371859,2,200
0.0,0.0,0.0,,0.0,0.24,0,19890,0,10,0.0,0.0,0.9994974874371859,2,200
0.0,0.0,0.0,,0.0,0.26,0,19890,0,10,0.0,0.0,0.9994974874371859,2,200
0.0,0.0,0.0,,0.0,0.28,0,19890,0,10,0.0,0.0,0.9994974874371859,2,200
0.0,0.0,0.0,,0.0,0.3,0,19890,0,10,0.0,0.0,0.9994974874371859,2,200
0.0,0.0,0.0,,0.0,0.32,0,19890,0,10,0.0,0.0,0.9994974874371859,2,200
0.0,0.0,0.0,,0.0,0.34,0,19890,0,10,0.0,0.0,0.9994974874371859,2,200
0.0,0.0,0.0,,0.0,0.36,0,19890,0,10,0.0,0.0,0.9994974874371859,2,200
0.0,0.0,0.0,,0.0,0.38,0,19890,0,10,0.0,0.0,0.9994974874371859,2,200
0.0,0.0,0.0,,0.0,0.4,0,19890,0,10,0.0,0.0,0.9994974874371859,2,200
0.0,0.0,0.0,,0.0,0.42,0,19890,0,10,0.0,0.0,0.9994974874371859,2,200
0.0,0.0,0.0,,0.0,0.44,0,19890,0,10,0.0,0.0,0.9994974874371859,2,200
0.0,0.0,0.0,,0.0,0.46,0,19890,0,10,0.0,0.0,0.9994974874371859,2,200
0.0,0.0,0.0,,0.0,0.48,0,19890,0,10,0.0,0.0,0.9994974874371859,2,200
0.0,0.0,0.0,,0.0,0.5,0,19890,0,10,0.0,0.0,0.9994974874371859,2,200
0.0,0.0,0.0,,0.0,0.52,0,19890,0,10,0.0,0.0,0.9994974874371859,2,200
0.0,0.0,0.0,,0.0,0.54,0,19890,0,10,0.0,0.0,0.9994974874371859,2,200
0.0,0.0,0.0,,0.0,0.56,0,19890,0,10,0.0,0.0,0.9994974874371859,2,200
0.0,0.0,0.0,,0.0,0.58,0,19890,0,10,0.0,0.0,0.9994974874371859,2,200
0.0,0.0,0.0,,0.0,0.6,0,19890,0,10,0.0,0.0,0.9994974874371859,2,200
0.0,0.0,0.0,,0.0,0.62,0,19890,0,10,0.0,0.0,0.9994974874371859,2,200
0.0,0.0,0.0,,0.0,0.64,0,19890,0,10,0.0,0.0,0.9994974874371859,2,200
0.0,0.0,0.0,,0.0,0.66,0,19890,0,10,0.0,0.0,0.9994974874371859,2,200
0.0,0.0,0.0,,0.0,0.68,0,19890,0,10,0.0,0.0,0.9994974874371859,2,200
0.0,0.0,0.0,,0.0,0.7,0,19890,0,10,0.0,0.0,0.9994974874371859,2,200
0.0,0.0,0.0,,0.0,0.72,0,19890,0,10,0.0,0.0,0.9994974874371859,2,200
0.0,0.0,0.0,,0.0,0.74,0,19890,0,10,0.0,0.0,0.9994974874371859,2,200
0.0,0.0,0.0,,0.0,0.76,0,19890,0,10,0.0,0.0,0.9994974874371859,2,200
0.0,0.0,0.0,,0.0,0.78,0,19890,0,10,0.0,0.0,0.9994974874371859,2,200
0.0,0.0,0.0,,0.0,0.8,0,19890,0,10,0.0,0.0,0.9994974874371859,2,200
0.0018099547511312218,0.0,1.0,0.0,0.0,0.82,0,19854,36,10,0.0,0.0018099547511312218,0.9976884422110552,2,200
0.0018099547511312218,0.0,1.0,0.0,0.0,0.84,0,19854,36,10,0.0,0.0018099547511312218,0.9976884422110552,2,200
0.0018099547511312218,0.0,1.0,0.0,0.0,0.86,0,19854,36,10,0.0,0.0018099547511312218,0.9976884422110552,2,200
0.0018099547511312218,0.0,1.0,0.0,0.0,0.88,0,19854,36,10,0.0,0.0018099547511312218,0.9976884422110552,2,200
0.001910507792860734,0.0,1.0,0.0,0.0,0.9,0,19852,38,10,0.0,0.001910507792860734,0.9975879396984925,2,200
0.001910507792860734,0.0,1.0,0.0,0.0,0.92,0,19852,38,10,0.0,0.001910507792860734,0.9975879396984925,2,200
0.004424333836098542,0.2,0.9777777777777777,0.022222222222222223,0.2,0.94,2,19802,88,8,0.2,0.004424333836098542,0.9951758793969849,2,200
0.004424333836098542,0.2,0.9777777777777777,0.022222222222222223,0.2,0.96,2,19802,88,8,0.2,0.004424333836098542,0.9951758793969849,2,200
0.18134741075917546,0.8,0.9977869986168741,0.0022130013831258644,0.8,0.98,8,16283,3607,2,0.8,0.18134741075917546,0.818643216080402,2,200
0.6076923076923076,1.0,0.9991733487641564,0.0008266512358435976,1.0,1.0,10,7803,12087,0,1.0,0.6076923076923076,0.39261306532663315,2,200
0.0,0.0,0.0,,0.0,0.02,0,19890,0,10,0.0,0.0,0.9994974874371859,3,200
0.0,0.0,0.0,,0.0,0.04,0,19890,0,10,0.0,0.0,0.9994974874371859,3,200
0.0,0.0,0.0,,0.0,0.06,0,19890,0,10,0.0,0.0,0.9994974874371859,3,200
0.0,0.0,0.0,,0.0,0.08,0,19890,0,10,0.0,0.0,0.9994974874371859,3,200
0.0,0.0,0.0,,0.0,0.1,0,19890,0,10,0.0,0.0,0.9994974874371859,3,200
0.0,0.0,0.0,,0.0,0.12,0,19890,0,10,0.0,0.0,0.9994974874371859,3,200
0.0,0.0,0.0,,0.0,0.14,0,19890,0,10,0.0,0.0,0.9994974874371859,3,200
0.0,0.0,0.0,,0.0,0.16,0,19890,0,10,0.0,0.0,0.9994974874371859,3,200
0.0,0.0,0.0,,0.0,0.18,0,19890,0,10,0.0,0.0,0.9994974874371859,3,200
0.0,0.0,0.0,,0.0,0.2,0,19890,0,10,0.0,0.0,0.9994974874371859,3,200
0.0,0.0,0.0,,0.0,0.22,0,19890,0,10,0.0,0.0,0.9994974874371859,3,200
0.0,0.0,0.0,,0.0,0.24,0,19890,0,10,0.0,0.0,0.9994974874371859,3,200
0.0,0.0,0.0,,0.0,0.26,0,19890,0,10,0.0,0.0,0.9994974874371859,3,200
0.0,0.0,0.0,,0.0,0.28,0,19890,0,10,0.0,0.0,0.9994974874371859,3,200
0.0,0.0,0.0,,0.0,0.3,0,19890,0,10,0.0,0.0,0.9994974874371859,3,200
0.0,0.0,0.0,,0.0,0.32,0,19890,0,10,0.0,0.0,0.9994974874371859,3,200
0.0,0.0,0.0,,0.0,0.34,0,19890,0,10,0.0,0.0,0.9994974874371859,3,200
0.0,0.0,0.0,,0.0,0.36,0,19890,0,10,0.0,0.0,0.9994974874371859,3,200
0.0,0.0,0.0,,0.0,0.38,0,19890,0,10,0.0,0.0,0.9994974874371859,3,200
0.0,0.0,0.0,,0.0,0.4,0,19890,0,10,0.0,0.0,0.9994974874371859,3,200
0.0,0.0,0.0,,0.0,0.42,0,19890,0,10,0.0,0.0,0.9994974874371859,3,200
0.0,0.0,0.0,,0.0,0.44,0,19890,0,10,0.0,0.0,0.9994974874371859,3,200
0.0,0.0,0.0,,0.0,0.46,0,19890,0,10,0.0,0.0,0.9994974874371859,3,200
0.0,0.0,0.0,,0.0,0.48,0,19890,0,10,0.0,0.0,0.9994974874371859,3,200
0.0,0.0,0.0,,0.0,0.5,0,19890,0,10,0.0,0.0,0.9994974874371859,3,200
0.0,0.0,0.0,,0.0,0.52,0,19890,0,10,0.0,0.0,0.9994974874371859,3,200
0.0,0.0,0.0,,0.0,0.54,0,19890,0,10,0.0,0.0,0.9994974874371859,3,200
0.0,0.0,0.0,,0.0,0.56,0,19890,0,10,0.0,0.0,0.9994974874371859,3,200
0.0,0.0,0.0,,0.0,0.58,0,19890,0,10,0.0,0.0,0.9994974874371859,3,200
0.0,0.0,0.0,,0.0,0.6,0,19890,0,10,0.0,0.0,0.9994974874371859,3,200
0.0,0.0,0.0,,0.0,0.62,0,19890,0,10,0.0,0.0,0.9994974874371859,3,200
0.0,0.0,0.0,,0.0,0.64,0,19890,0,10,0.0,0.0,0.9994974874371859,3,200
0.0,0.0,0.0,,0.0,0.66,0,19890,0,10,0.0,0.0,0.9994974874371859,3,200
0.0,0.0,0.0,,0.0,0.68,0,19890,0,10,0.0,0.0,0.9994974874371859,3,200
0.0,0.0,0.0,,0.0,0.7,0,19890,0,10,0.0,0.0,0.9994974874371859,3,200
0.0003519356460532931,0.1,0.875,0.125,0.1,0.72,1,19883,7,9,0.1,0.0003519356460532931,0.9991959798994975,3,200
0.00065359477124183,0.1,0.9285714285714286,0.07142857142857142,0.1,0.74,1,19877,13,9,0.1,0.00065359477124183,0.9988944723618091,3,200
0.0007541478129713424,0.1,0.9375,0.0625,0.1,0.76,1,19875,15,9,0.1,0.0007541478129713424,0.9987939698492462,3,200
0.00130718954248366,0.1,0.9629629629629629,0.037037037037037035,0.1,0.78,1,19864,26,9,0.1,0.00130718954248366,0.9982412060301508,3,200
0.00130718954248366,0.1,0.9629629629629629,0.037037037037037035,0.1,0.8,1,19864,26,9,0.1,0.00130718954248366,0.9982412060301508,3,200
0.00130718954248366,0.1,0.9629629629629629,0.037037037037037035,0.1,0.82,1,19864,26,9,0.1,0.00130718954248366,0.9982412060301508,3,200
0.0014077425842131724,0.1,0.9655172413793104,0.034482758620689655,0.1,0.84,1,19862,28,9,0.1,0.0014077425842131724,0.998140703517588,3,200
0.001558572146807441,0.1,0.96875,0.03125,0.1,0.86,1,19859,31,9,0.1,0.001558572146807441,0.9979899497487437,3,200
0.001558572146807441,0.1,0.96875,0.03125,0.1,0.88,1,19859,31,9,0.1,0.001558572146807441,0.9979899497487437,3,200
0.001558572146807441,0.1,0.96875,0.03125,0.1,0.9,1,19859,31,9,0.1,0.001558572146807441,0.9979899497487437,3,200
0.002212166918049271,0.1,0.9777777777777777,0.022222222222222223,0.1,0.92,1,19846,44,9,0.1,0.002212166918049271,0.9973366834170855,3,200
0.002212166918049271,0.1,0.9777777777777777,0.022222222222222223,0.1,0.94,1,19846,44,9,0.1,0.002212166918049271,0.9973366834170855,3,200
0.015987933634992457,0.3,0.9906542056074766,0.009345794392523364,0.3,0.96,3,19572,318,7,0.3,0.015987933634992457,0.9836683417085427,3,200
0.01729512317747612,0.3,0.9913544668587896,0.008645533141210375,0.3,0.98,3,19546,344,7,0.3,0.01729512317747612,0.9823618090452261,3,200
0.8491201608848667,0.8,0.9995265431733443,0.00047345682665561937,0.8,1.0,8,3001,16889,2,0.8,0.8491201608848667,0.15120603015075376,3,200
0.0,0.0,0.0,,0.0,0.02,0,19890,0,10,0.0,0.0,0.9994974874371859,4,200
0.0,0.0,0.0,,0.0,0.04,0,19890,0,10,0.0,0.0,0.9994974874371859,4,200
0.0,0.0,0.0,,0.0,0.06,0,19890,0,10,0.0,0.0,0.9994974874371859,4,200
0.0,0.0,0.0,,0.0,0.08,0,19890,0,10,0.0,0.0,0.9994974874371859,4,200
0.0,0.0,0.0,,0.0,0.1,0,19890,0,10,0.0,0.0,0.9994974874371859,4,200
0.0,0.0,0.0,,0.0,0.12,0,19890,0,10,0.0,0.0,0.9994974874371859,4,200
0.0,0.0,0.0,,0.0,0.14,0,19890,0,10,0.0,0.0,0.9994974874371859,4,200
0.0,0.0,0.0,,0.0,0.16,0,19890,0,10,0.0,0.0,0.9994974874371859,4,200
0.0,0.0,0.0,,0.0,0.18,0,19890,0,10,0.0,0.0,0.9994974874371859,4,200
0.0,0.0,0.0,,0.0,0.2,0,19890,0,10,0.0,0.0,0.9994974874371859,4,200
0.0,0.0,0.0,,0.0,0.22,0,19890,0,10,0.0,0.0,0.9994974874371859,4,200
0.0,0.0,0.0,,0.0,0.24,0,19890,0,10,0.0,0.0,0.9994974874371859,4,200
0.0,0.0,0.0,,0.0,0.26,0,19890,0,10,0.0,0.0,0.9994974874371859,4,200
0.0,0.0,0.0,,0.0,0.28,0,19890,0,10,0.0,0.0,0.9994974874371859,4,200
0.0,0.0,0.0,,0.0,0.3,0,19890,0,10,0.0,0.0,0.9994974874371859,4,200
0.0,0.0,0.0,,0.0,0.32,0,19890,0,10,0.0,0.0,0.9994974874371859,4,200
0.0,0.0,0.0,,0.0,0.34,0,19890,0,10,0.0,0.0,0.9994974874371859,4,200
0.0,0.0,0.0,,0.0,0.36,0,19890,0,10,0.0,0.0,0.9994974874371859,4,200
0.0,0.0,0.0,,0.0,0.38,0,19890,0,10,0.0,0.0,0.9994974874371859,4,200
0.0,0.0,0.0,,0.0,0.4,0,19890,0,10,0.0,0.0,0.9994974874371859,4,200
0.0,0.0,0.0,,0.0,0.42,0,19890,0,10,0.0,0.0,0.9994974874371859,4,200
0.0,0.0,0.0,,0.0,0.44,0,19890,0,10,0.0,0.0,0.9994974874371859,4,200
0.0,0.0,0.0,,0.0,0.46,0,19890,0,10,0.0,0.0,0.9994974874371859,4,200
0.0,0.0,0.0,,0.0,0.48,0,19890,0,10,0.0,0.0,0.9994974874371859,4,200
0.0,0.0,0.0,,0.0,0.5,0,19890,0,10,0.0,0.0,0.9994974874371859,4,200
0.0,0.0,0.0,,0.0,0.52,0,19890,0,10,0.0,0.0,0.9994974874371859,4,200
0.0,0.0,0.0,,0.0,0.54,0,19890,0,10,0.0,0.0,0.9994974874371859,4,200
0.0,0.0,0.0,,0.0,0.56,0,19890,0,10,0.0,0.0,0.9994974874371859,4,200
0.0,0.0,0.0,,0.0,0.58,0,19890,0,10,0.0,0.0,0.9994974874371859,4,200
0.0,0.0,0.0,,0.0,0.6,0,19890,0,10,0.0,0.0,0.9994974874371859,4,200
0.0,0.0,0.0,,0.0,0.62,0,19890,0,10,0.0,0.0,0.9994974874371859,4,200
0.0,0.0,0.0,,0.0,0.64,0,19890,0,10,0.0,0.0,0.9994974874371859,4,200
0.0,0.0,0.0,,0.0,0.66,0,19890,0,10,0.0,0.0,0.9994974874371859,4,200
0.00020110608345902463,0.0,1.0,0.0,0.0,0.68,0,19886,4,10,0.0,0.00020110608345902463,0.9992964824120603,4,200
0.00020110608345902463,0.0,1.0,0.0,0.0,0.7,0,19886,4,10,0.0,0.00020110608345902463,0.9992964824120603,4,200
0.00020110608345902463,0.0,1.0,0.0,0.0,0.72,0,19886,4,10,0.0,0.00020110608345902463,0.9992964824120603,4,200
0.00025138260432378077,0.0,1.0,0.0,0.0,0.74,0,19885,5,10,0.0,0.00025138260432378077,0.9992462311557789,4,200
0.0007541478129713424,0.0,1.0,0.0,0.0,0.76,0,19875,15,10,0.0,0.0007541478129713424,0.9987437185929648,4,200
0.0007541478129713424,0.0,1.0,0.0,0.0,0.78,0,19875,15,10,0.0,0.0007541478129713424,0.9987437185929648,4,200
0.0007541478129713424,0.0,1.0,0.0,0.0,0.8,0,19875,15,10,0.0,0.0007541478129713424,0.9987437185929648,4,200
0.0008044243338360985,0.0,1.0,0.0,0.0,0.82,0,19874,16,10,0.0,0.0008044243338360985,0.9986934673366834,4,200
0.0018099547511312218,0.1,0.972972972972973,0.02702702702702703,0.1,0.84,1,19854,36,9,0.1,0.0018099547511312218,0.9977386934673367,4,200
0.01764705882352941,0.3,0.9915254237288136,0.00847457627118644,0.3,0.86,3,19539,351,7,0.3,0.01764705882352941,0.9820100502512563,4,200
0.01764705882352941,0.3,0.9915254237288136,0.00847457627118644,0.3,0.88,3,19539,351,7,0.3,0.01764705882352941,0.9820100502512563,4,200
0.021166415284062344,0.3,0.9929245283018868,0.007075471698113208,0.3,0.9,3,19469,421,7,0.3,0.021166415284062344,0.9784924623115578,4,200
0.034891905480140775,0.3,0.9956958393113343,0.00430416068866571,0.3,0.92,3,19196,694,7,0.3,0.034891905480140775,0.9647738693467337,4,200
0.050729009552538964,0.3,0.9970355731225297,0.0029644268774703555,0.3,0.94,3,18881,1009,7,0.3,0.050729009552538964,0.9489447236180905,4,200
0.0599798893916541,0.3,0.9974916387959866,0.002508361204013378,0.3,0.96,3,18697,1193,7,0.3,0.0599798893916541,0.9396984924623115,4,200
0.18652589240824535,0.6,0.9983853606027987,0.0016146393972012918,0.6,0.98,6,16180,3710,4,0.6,0.18652589240824535,0.8133668341708543,4,200
0.9679235796882856,0.9,0.9995327345413011,0.00046726545869892527,0.9,1.0,9,638,19252,1,0.9,0.9679235796882856,0.032512562814070355,4,200
5.0276520864756156e-05,0.0,1.0,0.0,0.0,0.02,0,19889,1,10,0.0,5.0276520864756156e-05,0.9994472361809045,5,200
5.0276520864756156e-05,0.0,1.0,0.0,0.0,0.04,0,19889,1,10,0.0,5.0276520864756156e-05,0.9994472361809045,5,200
5.0276520864756156e-05,0.0,1.0,0.0,0.0,0.06,0,19889,1,10,0.0,5.0276520864756156e-05,0.9994472361809045,5,200
5.0276520864756156e-05,0.0,1.0,0.0,0.0,0.08,0,19889,1,10,0.0,5.0276520864756156e-05,0.9994472361809045,5,200
5.0276520864756156e-05,0.0,1.0,0.0,0.0,0.1,0,19889,1,10,0.0,5.0276520864756156e-05,0.9994472361809045,5,200
0.00010055304172951231,0.0,1.0,0.0,0.0,0.12,0,19888,2,10,0.0,0.00010055304172951231,0.9993969849246231,5,200
0.00010055304172951231,0.0,1.0,0.0,0.0,0.14,0,19888,2,10,0.0,0.00010055304172951231,0.9993969849246231,5,200
0.00015082956259426848,0.0,1.0,0.0,0.0,0.16,0,19887,3,10,0.0,0.00015082956259426848,0.9993467336683417,5,200
0.00020110608345902463,0.1,0.8,0.2,0.1,0.18,1,19886,4,9,0.1,0.00020110608345902463,0.9993467336683417,5,200
0.00020110608345902463,0.1,0.8,0.2,0.1,0.2,1,19886,4,9,0.1,0.00020110608345902463,0.9993467336683417,5,200
0.00020110608345902463,0.1,0.8,0.2,0.1,0.22,1,19886,4,9,0.1,0.00020110608345902463,0.9993467336683417,5,200
0.00030165912518853697,0.1,0.8571428571428571,0.14285714285714285,0.1,0.24,1,19884,6,9,0.1,0.00030165912518853697,0.9992462311557789,5,200
0.00030165912518853697,0.1,0.8571428571428571,0.14285714285714285,0.1,0.26,1,19884,6,9,0.1,0.00030165912518853697,0.9992462311557789,5,200
0.00030165912518853697,0.1,0.8571428571428571,0.14285714285714285,0.1,0.28,1,19884,6,9,0.1,0.00030165912518853697,0.9992462311557789,5,200
0.00030165912518853697,0.1,0.8571428571428571,0.14285714285714285,0.1,0.3,1,19884,6,9,0.1,0.00030165912518853697,0.9992462311557789,5,200
0.0003519356460532931,0.1,0.875,0.125,0.1,0.32,1,19883,7,9,0.1,0.0003519356460532931,0.9991959798994975,5,200
0.0003519356460532931,0.1,0.875,0.125,0.1,0.34,1,19883,7,9,0.1,0.0003519356460532931,0.9991959798994975,5,200
0.0003519356460532931,0.1,0.875,0.125,0.1,0.36,1,19883,7,9,0.1,0.0003519356460532931,0.9991959798994975,5,200
0.0007038712921065862,0.1,0.9333333333333333,0.06666666666666667,0.1,0.38,1,19876,14,9,0.1,0.0007038712921065862,0.9988442211055276,5,200
0.0007038712921065862,0.1,0.9333333333333333,0.06666666666666667,0.1,0.4,1,19876,14,9,0.1,0.0007038712921065862,0.9988442211055276,5,200
0.0007038712921065862,0.1,0.9333333333333333,0.06666666666666667,0.1,0.42,1,19876,14,9,0.1,0.0007038712921065862,0.9988442211055276,5,200
0.0007038712921065862,0.1,0.9333333333333333,0.06666666666666667,0.1,0.44,1,19876,14,9,0.1,0.0007038712921065862,0.9988442211055276,5,200
0.0007038712921065862,0.1,0.9333333333333333,0.06666666666666667,0.1,0.46,1,19876,14,9,0.1,0.0007038712921065862,0.9988442211055276,5,200
0.0007038712921065862,0.1,0.9333333333333333,0.06666666666666667,0.1,0.48,1,19876,14,9,0.1,0.0007038712921065862,0.9988442211055276,5,200
0.0008044243338360985,0.1,0.9411764705882353,0.058823529411764705,0.1,0.5,1,19874,16,9,0.1,0.0008044243338360985,0.9987437185929648,5,200
0.0008044243338360985,0.1,0.9411764705882353,0.058823529411764705,0.1,0.52,1,19874,16,9,0.1,0.0008044243338360985,0.9987437185929648,5,200
0.0008044243338360985,0.1,0.9411764705882353,0.058823529411764705,0.1,0.54,1,19874,16,9,0.1,0.0008044243338360985,0.9987437185929648,5,200
0.001558572146807441,0.1,0.96875,0.03125,0.1,0.56,1,19859,31,9,0.1,0.001558572146807441,0.9979899497487437,5,200
0.001558572146807441,0.1,0.96875,0.03125,0.1,0.58,1,19859,31,9,0.1,0.001558572146807441,0.9979899497487437,5,200
0.0017596782302664656,0.1,0.9722222222222222,0.027777777777777776,0.1,0.6,1,19855,35,9,0.1,0.0017596782302664656,0.9977889447236181,5,200
0.003368526897938663,0.1,0.9852941176470589,0.014705882352941176,0.1,0.62,1,19823,67,9,0.1,0.003368526897938663,0.9961809045226131,5,200
0.003368526897938663,0.1,0.9852941176470589,0.014705882352941176,0.1,0.64,1,19823,67,9,0.1,0.003368526897938663,0.9961809045226131,5,200
0.003368526897938663,0.1,0.9852941176470589,0.014705882352941176,0.1,0.66,1,19823,67,9,0.1,0.003368526897938663,0.9961809045226131,5,200
0.003368526897938663,0.1,0.9852941176470589,0.014705882352941176,0.1,0.68,1,19823,67,9,0.1,0.003368526897938663,0.9961809045226131,5,200
0.0036199095022624436,0.1,0.9863013698630136,0.0136986301369863,0.1,0.7,1,19818,72,9,0.1,0.0036199095022624436,0.995929648241206,5,200
0.0048265460030165915,0.1,0.9896907216494846,0.010309278350515464,0.1,0.72,1,19794,96,9,0.1,0.0048265460030165915,0.9947236180904523,5,200
0.005580693815987934,0.1,0.9910714285714286,0.008928571428571428,0.1,0.74,1,19779,111,9,0.1,0.005580693815987934,0.9939698492462311,5,200
0.006385118149824032,0.1,0.9921875,0.0078125,0.1,0.76,1,19763,127,9,0.1,0.006385118149824032,0.9931658291457286,5,200
0.008446455505279034,0.1,0.9940828402366864,0.005917159763313609,0.1,0.78,1,19722,168,9,0.1,0.008446455505279034,0.9911055276381909,5,200
0.009653092006033183,0.1,0.9948186528497409,0.0051813471502590676,0.1,0.8,1,19698,192,9,0.1,0.009653092006033183,0.9898994974874372,5,200
0.010910005027652086,0.1,0.9954128440366973,0.0045871559633027525,0.1,0.82,1,19673,217,9,0.1,0.010910005027652086,0.9886432160804021,5,200
0.016339869281045753,0.1,0.9969325153374233,0.003067484662576687,0.1,0.84,1,19565,325,9,0.1,0.016339869281045753,0.98321608040201,5,200
0.016339869281045753,0.1,0.9969325153374233,0.003067484662576687,0.1,0.86,1,19565,325,9,0.1,0.016339869281045753,0.98321608040201,5,200
0.017998994469582703,0.1,0.9972144846796658,0.002785515320334262,0.1,0.88,1,19532,358,9,0.1,0.017998994469582703,0.9815577889447236,5,200
0.020261437908496733,0.1,0.9975247524752475,0.0024752475247524753,0.1,0.9,1,19487,403,9,0.1,0.020261437908496733,0.9792964824120604,5,200
0.025741578682755152,0.1,0.9980506822612085,0.001949317738791423,0.1,0.92,1,19378,512,9,0.1,0.025741578682755152,0.973819095477387,5,200
0.05937657114127702,0.2,0.9983093829247676,0.0016906170752324597,0.2,0.94,2,18709,1181,8,0.2,0.05937657114127702,0.940251256281407,5,200
0.06586224233283057,0.2,0.9984756097560976,0.001524390243902439,0.2,0.96,2,18580,1310,8,0.2,0.06586224233283057,0.9337688442211055,5,200
0.10960281548516843,0.3,0.9986257443884563,0.001374255611543747,0.3,0.98,3,17710,2180,7,0.3,0.10960281548516843,0.8901005025125628,5,200
0.9630467571644042,1.0,0.9994782154969998,0.0005217845030002609,1.0,1.0,10,735,19155,0,1.0,0.9630467571644042,0.03743718592964824,5,200
5.0276520864756156e-05,0.0,1.0,0.0,0.0,0.02,0,19889,1,10,0.0,5.0276520864756156e-05,0.9994472361809045,6,200
5.0276520864756156e-05,0.0,1.0,0.0,0.0,0.04,0,19889,1,10,0.0,5.0276520864756156e-05,0.9994472361809045,6,200
5.0276520864756156e-05,0.0,1.0,0.0,0.0,0.06,0,19889,1,10,0.0,5.0276520864756156e-05,0.9994472361809045,6,200
5.0276520864756156e-05,0.0,1.0,0.0,0.0,0.08,0,19889,1,10,0.0,5.0276520864756156e-05,0.9994472361809045,6,200
0.0,0.0,0.0,,0.0,0.1,0,19890,0,10,0.0,0.0,0.9994974874371859,6,200
5.0276520864756156e-05,0.0,1.0,0.0,0.0,0.12,0,19889,1,10,0.0,5.0276520864756156e-05,0.9994472361809045,6,200
5.0276520864756156e-05,0.0,1.0,0.0,0.0,0.14,0,19889,1,10,0.0,5.0276520864756156e-05,0.9994472361809045,6,200
5.0276520864756156e-05,0.0,1.0,0.0,0.0,0.16,0,19889,1,10,0.0,5.0276520864756156e-05,0.9994472361809045,6,200
5.0276520864756156e-05,0.0,1.0,0.0,0.0,0.18,0,19889,1,10,0.0,5.0276520864756156e-05,0.9994472361809045,6,200
5.0276520864756156e-05,0.0,1.0,0.0,0.0,0.2,0,19889,1,10,0.0,5.0276520864756156e-05,0.9994472361809045,6,200
5.0276520864756156e-05,0.0,1.0,0.0,0.0,0.22,0,19889,1,10,0.0,5.0276520864756156e-05,0.9994472361809045,6,200
5.0276520864756156e-05,0.0,1.0,0.0,0.0,0.24,0,19889,1,10,0.0,5.0276520864756156e-05,0.9994472361809045,6,200
5.0276520864756156e-05,0.0,1.0,0.0,0.0,0.26,0,19889,1,10,0.0,5.0276520864756156e-05,0.9994472361809045,6,200
5.0276520864756156e-05,0.0,1.0,0.0,0.0,0.28,0,19889,1,10,0.0,5.0276520864756156e-05,0.9994472361809045,6,200
0.00015082956259426848,0.0,1.0,0.0,0.0,0.3,0,19887,3,10,0.0,0.00015082956259426848,0.9993467336683417,6,200
0.00015082956259426848,0.0,1.0,0.0,0.0,0.32,0,19887,3,10,0.0,0.00015082956259426848,0.9993467336683417,6,200
0.00015082956259426848,0.0,1.0,0.0,0.0,0.34,0,19887,3,10,0.0,0.00015082956259426848,0.9993467336683417,6,200
0.00065359477124183,0.1,0.9285714285714286,0.07142857142857142,0.1,0.36,1,19877,13,9,0.1,0.00065359477124183,0.9988944723618091,6,200
0.00065359477124183,0.1,0.9285714285714286,0.07142857142857142,0.1,0.38,1,19877,13,9,0.1,0.00065359477124183,0.9988944723618091,6,200
0.0007038712921065862,0.1,0.9333333333333333,0.06666666666666667,0.1,0.4,1,19876,14,9,0.1,0.0007038712921065862,0.9988442211055276,6,200
0.0007038712921065862,0.1,0.9333333333333333,0.06666666666666667,0.1,0.42,1,19876,14,9,0.1,0.0007038712921065862,0.9988442211055276,6,200
0.0007541478129713424,0.1,0.9375,0.0625,0.1,0.44,1,19875,15,9,0.1,0.0007541478129713424,0.9987939698492462,6,200
0.0007541478129713424,0.1,0.9375,0.0625,0.1,0.46,1,19875,15,9,0.1,0.0007541478129713424,0.9987939698492462,6,200
0.0007541478129713424,0.1,0.9375,0.0625,0.1,0.48,1,19875,15,9,0.1,0.0007541478129713424,0.9987939698492462,6,200
0.0007541478129713424,0.1,0.9375,0.0625,0.1,0.5,1,19875,15,9,0.1,0.0007541478129713424,0.9987939698492462,6,200
0.0007541478129713424,0.1,0.9375,0.0625,0.1,0.52,1,19875,15,9,0.1,0.0007541478129713424,0.9987939698492462,6,200
0.0007541478129713424,0.1,0.9375,0.0625,0.1,0.54,1,19875,15,9,0.1,0.0007541478129713424,0.9987939698492462,6,200
0.0007541478129713424,0.1,0.9375,0.0625,0.1,0.56,1,19875,15,9,0.1,0.0007541478129713424,0.9987939698492462,6,200
0.0007541478129713424,0.1,0.9375,0.0625,0.1,0.58,1,19875,15,9,0.1,0.0007541478129713424,0.9987939698492462,6,200
0.0008044243338360985,0.1,0.9411764705882353,0.058823529411764705,0.1,0.6,1,19874,16,9,0.1,0.0008044243338360985,0.9987437185929648,6,200
0.0011060834590246355,0.1,0.9565217391304348,0.043478260869565216,0.1,0.62,1,19868,22,9,0.1,0.0011060834590246355,0.9984422110552764,6,200
0.0011060834590246355,0.1,0.9565217391304348,0.043478260869565216,0.1,0.64,1,19868,22,9,0.1,0.0011060834590246355,0.9984422110552764,6,200
0.0011060834590246355,0.1,0.9565217391304348,0.043478260869565216,0.1,0.66,1,19868,22,9,0.1,0.0011060834590246355,0.9984422110552764,6,200
0.0012066365007541479,0.1,0.96,0.04,0.1,0.68,1,19866,24,9,0.1,0.0012066365007541479,0.9983417085427135,6,200
0.006535947712418301,0.3,0.9774436090225563,0.022556390977443608,0.3,0.7,3,19760,130,7,0.3,0.006535947712418301,0.9931155778894473,6,200
0.006535947712418301,0.3,0.9774436090225563,0.022556390977443608,0.3,0.72,3,19760,130,7,0.3,0.006535947712418301,0.9931155778894473,6,200
0.006535947712418301,0.3,0.9774436090225563,0.022556390977443608,0.3,0.74,3,19760,130,7,0.3,0.006535947712418301,0.9931155778894473,6,200
0.016189039718451485,0.3,0.9907692307692307,0.009230769230769232,0.3,0.76,3,19568,322,7,0.3,0.016189039718451485,0.9834673366834171,6,200
0.01804927099044746,0.3,0.9917127071823204,0.008287292817679558,0.3,0.78,3,19531,359,7,0.3,0.01804927099044746,0.981608040201005,6,200
0.022322775263951735,0.3,0.9932885906040269,0.006711409395973154,0.3,0.8,3,19446,444,7,0.3,0.022322775263951735,0.9773366834170855,6,200
0.022322775263951735,0.3,0.9932885906040269,0.006711409395973154,0.3,0.82,3,19446,444,7,0.3,0.022322775263951735,0.9773366834170855,6,200
0.027802916038210154,0.3,0.9946043165467626,0.00539568345323741,0.3,0.84,3,19337,553,7,0.3,0.027802916038210154,0.9718592964824121,6,200
0.038210155857214684,0.4,0.9947643979057592,0.005235602094240838,0.4,0.86,4,19130,760,6,0.4,0.038210155857214684,0.9615075376884422,6,200
0.046656611362493716,0.4,0.9957081545064378,0.004291845493562232,0.4,0.88,4,18962,928,6,0.4,0.046656611362493716,0.9530653266331658,6,200
0.046656611362493716,0.4,0.9957081545064378,0.004291845493562232,0.4,0.9,4,18962,928,6,0.4,0.046656611362493716,0.9530653266331658,6,200
0.06279537456008044,0.4,0.9968076616121309,0.0031923383878691143,0.4,0.92,4,18641,1249,6,0.4,0.06279537456008044,0.9369346733668342,6,200
0.07491201608848667,0.4,0.9973226238286479,0.002677376171352075,0.4,0.94,4,18400,1490,6,0.4,0.07491201608848667,0.9248241206030151,6,200
0.11930618401206637,0.5,0.9978973927670312,0.0021026072329688814,0.5,0.96,5,17517,2373,5,0.5,0.11930618401206637,0.8805025125628141,6,200
0.1541478129713424,0.5,0.9983718658417453,0.0016281341582546401,0.5,0.98,5,16824,3066,5,0.5,0.1541478129713424,0.845678391959799,6,200
0.609703368526898,0.9,0.9992584047462096,0.0007415952537903757,0.9,1.0,9,7763,12127,1,0.9,0.609703368526898,0.3905527638190955,6,200
5.0276520864756156e-05,0.1,0.5,0.5,0.1,0.02,1,19889,1,9,0.1,5.0276520864756156e-05,0.9994974874371859,7,200
5.0276520864756156e-05,0.1,0.5,0.5,0.1,0.04,1,19889,1,9,0.1,5.0276520864756156e-05,0.9994974874371859,7,200
5.0276520864756156e-05,0.1,0.5,0.5,0.1,0.06,1,19889,1,9,0.1,5.0276520864756156e-05,0.9994974874371859,7,200
5.0276520864756156e-05,0.1,0.5,0.5,0.1,0.08,1,19889,1,9,0.1,5.0276520864756156e-05,0.9994974874371859,7,200
5.0276520864756156e-05,0.1,0.5,0.5,0.1,0.1,1,19889,1,9,0.1,5.0276520864756156e-05,0.9994974874371859,7,200
5.0276520864756156e-05,0.1,0.5,0.5,0.1,0.12,1,19889,1,9,0.1,5.0276520864756156e-05,0.9994974874371859,7,200
5.0276520864756156e-05,0.1,0.5,0.5,0.1,0.14,1,19889,1,9,0.1,5.0276520864756156e-05,0.9994974874371859,7,200
5.0276520864756156e-05,0.1,0.5,0.5,0.1,0.16,1,19889,1,9,0.1,5.0276520864756156e-05,0.9994974874371859,7,200
0.00015082956259426848,0.1,0.75,0.25,0.1,0.18,1,19887,3,9,0.1,0.00015082956259426848,0.9993969849246231,7,200
0.00015082956259426848,0.1,0.75,0.25,0.1,0.2,1,19887,3,9,0.1,0.00015082956259426848,0.9993969849246231,7,200
0.00015082956259426848,0.1,0.75,0.25,0.1,0.22,1,19887,3,9,0.1,0.00015082956259426848,0.9993969849246231,7,200
0.00015082956259426848,0.1,0.75,0.25,0.1,0.24,1,19887,3,9,0.1,0.00015082956259426848,0.9993969849246231,7,200
0.00015082956259426848,0.1,0.75,0.25,0.1,0.26,1,19887,3,9,0.1,0.00015082956259426848,0.9993969849246231,7,200
0.00015082956259426848,0.1,0.75,0.25,0.1,0.28,1,19887,3,9,0.1,0.00015082956259426848,0.9993969849246231,7,200
0.00015082956259426848,0.1,0.75,0.25,0.1,0.3,1,19887,3,9,0.1,0.00015082956259426848,0.9993969849246231,7,200
0.00015082956259426848,0.1,0.75,0.25,0.1,0.32,1,19887,3,9,0.1,0.00015082956259426848,0.9993969849246231,7,200
0.00015082956259426848,0.1,0.75,0.25,0.1,0.34,1,19887,3,9,0.1,0.00015082956259426848,0.9993969849246231,7,200
0.0003519356460532931,0.1,0.875,0.125,0.1,0.36,1,19883,7,9,0.1,0.0003519356460532931,0.9991959798994975,7,200
0.0005027652086475615,0.1,0.9090909090909091,0.09090909090909091,0.1,0.38,1,19880,10,9,0.1,0.0005027652086475615,0.9990452261306533,7,200
0.0007541478129713424,0.1,0.9375,0.0625,0.1,0.4,1,19875,15,9,0.1,0.0007541478129713424,0.9987939698492462,7,200
0.0007541478129713424,0.1,0.9375,0.0625,0.1,0.42,1,19875,15,9,0.1,0.0007541478129713424,0.9987939698492462,7,200
0.0007541478129713424,0.1,0.9375,0.0625,0.1,0.44,1,19875,15,9,0.1,0.0007541478129713424,0.9987939698492462,7,200
0.0007541478129713424,0.2,0.8823529411764706,0.11764705882352941,0.2,0.46,2,19875,15,8,0.2,0.0007541478129713424,0.9988442211055276,7,200
0.0009049773755656109,0.2,0.9,0.1,0.2,0.48,2,19872,18,8,0.2,0.0009049773755656109,0.9986934673366834,7,200
0.0009049773755656109,0.2,0.9,0.1,0.2,0.5,2,19872,18,8,0.2,0.0009049773755656109,0.9986934673366834,7,200
0.0009049773755656109,0.2,0.9,0.1,0.2,0.52,2,19872,18,8,0.2,0.0009049773755656109,0.9986934673366834,7,200
0.0012066365007541479,0.2,0.9230769230769231,0.07692307692307693,0.2,0.54,2,19866,24,8,0.2,0.0012066365007541479,0.998391959798995,7,200
0.0012066365007541479,0.2,0.9230769230769231,0.07692307692307693,0.2,0.56,2,19866,24,8,0.2,0.0012066365007541479,0.998391959798995,7,200
0.0012066365007541479,0.2,0.9230769230769231,0.07692307692307693,0.2,0.58,2,19866,24,8,0.2,0.0012066365007541479,0.998391959798995,7,200
0.0012066365007541479,0.2,0.9230769230769231,0.07692307692307693,0.2,0.6,2,19866,24,8,0.2,0.0012066365007541479,0.998391959798995,7,200
0.00130718954248366,0.2,0.9285714285714286,0.07142857142857142,0.2,0.62,2,19864,26,8,0.2,0.00130718954248366,0.9982914572864322,7,200
0.00130718954248366,0.2,0.9285714285714286,0.07142857142857142,0.2,0.64,2,19864,26,8,0.2,0.00130718954248366,0.9982914572864322,7,200
0.0015082956259426848,0.2,0.9375,0.0625,0.2,0.66,2,19860,30,8,0.2,0.0015082956259426848,0.9980904522613065,7,200
0.0015082956259426848,0.2,0.9375,0.0625,0.2,0.68,2,19860,30,8,0.2,0.0015082956259426848,0.9980904522613065,7,200
0.0015082956259426848,0.2,0.9375,0.0625,0.2,0.7,2,19860,30,8,0.2,0.0015082956259426848,0.9980904522613065,7,200
0.0016591251885369532,0.2,0.9428571428571428,0.05714285714285714,0.2,0.72,2,19857,33,8,0.2,0.0016591251885369532,0.9979396984924623,7,200
0.0016591251885369532,0.2,0.9428571428571428,0.05714285714285714,0.2,0.74,2,19857,33,8,0.2,0.0016591251885369532,0.9979396984924623,7,200
0.001910507792860734,0.2,0.95,0.05,0.2,0.76,2,19852,38,8,0.2,0.001910507792860734,0.9976884422110552,7,200
0.0026646556058320765,0.2,0.9636363636363636,0.03636363636363636,0.2,0.78,2,19837,53,8,0.2,0.0026646556058320765,0.9969346733668342,7,200
0.003167420814479638,0.2,0.9692307692307692,0.03076923076923077,0.2,0.8,2,19827,63,8,0.2,0.003167420814479638,0.9964321608040201,7,200
0.006133735545500251,0.2,0.9838709677419355,0.016129032258064516,0.2,0.82,2,19768,122,8,0.2,0.006133735545500251,0.9934673366834171,7,200
0.006133735545500251,0.2,0.9838709677419355,0.016129032258064516,0.2,0.84,2,19768,122,8,0.2,0.006133735545500251,0.9934673366834171,7,200
0.006988436400201106,0.2,0.9858156028368794,0.014184397163120567,0.2,0.86,2,19751,139,8,0.2,0.006988436400201106,0.9926130653266332,7,200
0.012619406737053796,0.2,0.9920948616600791,0.007905138339920948,0.2,0.88,2,19639,251,8,0.2,0.012619406737053796,0.9869849246231156,7,200
0.01452991452991453,0.2,0.993127147766323,0.006872852233676976,0.2,0.9,2,19601,289,8,0.2,0.01452991452991453,0.9850753768844221,7,200
0.016289592760180997,0.2,0.9938650306748467,0.006134969325153374,0.2,0.92,2,19566,324,8,0.2,0.016289592760180997,0.9833165829145729,7,200
0.024534942182001005,0.2,0.9959183673469387,0.004081632653061225,0.2,0.94,2,19402,488,8,0.2,0.024534942182001005,0.9750753768844221,7,200
0.027853192559074914,0.2,0.9964028776978417,0.0035971223021582736,0.2,0.96,2,19336,554,8,0.2,0.027853192559074914,0.9717587939698492,7,200
0.0355455002513826,0.2,0.997179125528914,0.0028208744710860366,0.2,0.98,2,19183,707,8,0.2,0.0355455002513826,0.964070351758794,7,200
0.342885872297637,0.7,0.998974659440457,0.0010253405595429912,0.7,1.0,7,13070,6820,3,0.7,0.342885872297637,0.6571356783919599,7,200
0.0,0.2,0.0,1.0,0.2,0.02,2,19890,0,8,0.2,0.0,0.9995979899497487,8,200
0.0,0.2,0.0,1.0,0.2,0.04,2,19890,0,8,0.2,0.0,0.9995979899497487,8,200
0.0,0.2,0.0,1.0,0.2,0.06,2,19890,0,8,0.2,0.0,0.9995979899497487,8,200
0.0,0.2,0.0,1.0,0.2,0.08,2,19890,0,8,0.2,0.0,0.9995979899497487,8,200
0.0,0.2,0.0,1.0,0.2,0.1,2,19890,0,8,0.2,0.0,0.9995979899497487,8,200
0.0,0.2,0.0,1.0,0.2,0.12,2,19890,0,8,0.2,0.0,0.9995979899497487,8,200
0.0,0.2,0.0,1.0,0.2,0.14,2,19890,0,8,0.2,0.0,0.9995979899497487,8,200
0.0,0.2,0.0,1.0,0.2,0.16,2,19890,0,8,0.2,0.0,0.9995979899497487,8,200
0.0,0.2,0.0,1.0,0.2,0.18,2,19890,0,8,0.2,0.0,0.9995979899497487,8,200
0.0,0.2,0.0,1.0,0.2,0.2,2,19890,0,8,0.2,0.0,0.9995979899497487,8,200
0.0,0.2,0.0,1.0,0.2,0.22,2,19890,0,8,0.2,0.0,0.9995979899497487,8,200
0.0,0.2,0.0,1.0,0.2,0.24,2,19890,0,8,0.2,0.0,0.9995979899497487,8,200
0.0,0.2,0.0,1.0,0.2,0.26,2,19890,0,8,0.2,0.0,0.9995979899497487,8,200
0.0,0.2,0.0,1.0,0.2,0.28,2,19890,0,8,0.2,0.0,0.9995979899497487,8,200
0.0,0.2,0.0,1.0,0.2,0.3,2,19890,0,8,0.2,0.0,0.9995979899497487,8,200
0.0,0.2,0.0,1.0,0.2,0.32,2,19890,0,8,0.2,0.0,0.9995979899497487,8,200
0.0,0.2,0.0,1.0,0.2,0.34,2,19890,0,8,0.2,0.0,0.9995979899497487,8,200
0.0,0.2,0.0,1.0,0.2,0.36,2,19890,0,8,0.2,0.0,0.9995979899497487,8,200
0.0,0.2,0.0,1.0,0.2,0.38,2,19890,0,8,0.2,0.0,0.9995979899497487,8,200
0.0,0.2,0.0,1.0,0.2,0.4,2,19890,0,8,0.2,0.0,0.9995979899497487,8,200
0.0,0.2,0.0,1.0,0.2,0.42,2,19890,0,8,0.2,0.0,0.9995979899497487,8,200
0.0,0.2,0.0,1.0,0.2,0.44,2,19890,0,8,0.2,0.0,0.9995979899497487,8,200
0.0,0.2,0.0,1.0,0.2,0.46,2,19890,0,8,0.2,0.0,0.9995979899497487,8,200
0.0,0.2,0.0,1.0,0.2,0.48,2,19890,0,8,0.2,0.0,0.9995979899497487,8,200
0.0,0.2,0.0,1.0,0.2,0.5,2,19890,0,8,0.2,0.0,0.9995979899497487,8,200
0.0,0.2,0.0,1.0,0.2,0.52,2,19890,0,8,0.2,0.0,0.9995979899497487,8,200
0.0,0.2,0.0,1.0,0.2,0.54,2,19890,0,8,0.2,0.0,0.9995979899497487,8,200
0.0,0.2,0.0,1.0,0.2,0.56,2,19890,0,8,0.2,0.0,0.9995979899497487,8,200
0.0,0.2,0.0,1.0,0.2,0.58,2,19890,0,8,0.2,0.0,0.9995979899497487,8,200
5.0276520864756156e-05,0.2,0.3333333333333333,0.6666666666666666,0.2,0.6,2,19889,1,8,0.2,5.0276520864756156e-05,0.9995477386934674,8,200
5.0276520864756156e-05,0.2,0.3333333333333333,0.6666666666666666,0.2,0.62,2,19889,1,8,0.2,5.0276520864756156e-05,0.9995477386934674,8,200
5.0276520864756156e-05,0.2,0.3333333333333333,0.6666666666666666,0.2,0.64,2,19889,1,8,0.2,5.0276520864756156e-05,0.9995477386934674,8,200
0.00040221216691804925,0.2,0.8,0.2,0.2,0.66,2,19882,8,8,0.2,0.00040221216691804925,0.9991959798994975,8,200
0.00040221216691804925,0.2,0.8,0.2,0.2,0.68,2,19882,8,8,0.2,0.00040221216691804925,0.9991959798994975,8,200
0.00040221216691804925,0.2,0.8,0.2,0.2,0.7,2,19882,8,8,0.2,0.00040221216691804925,0.9991959798994975,8,200
0.0005530417295123177,0.2,0.8461538461538461,0.15384615384615385,0.2,0.72,2,19879,11,8,0.2,0.0005530417295123177,0.9990452261306533,8,200
0.00065359477124183,0.2,0.8666666666666667,0.13333333333333333,0.2,0.74,2,19877,13,8,0.2,0.00065359477124183,0.9989447236180905,8,200
0.00065359477124183,0.2,0.8666666666666667,0.13333333333333333,0.2,0.76,2,19877,13,8,0.2,0.00065359477124183,0.9989447236180905,8,200
0.00065359477124183,0.2,0.8666666666666667,0.13333333333333333,0.2,0.78,2,19877,13,8,0.2,0.00065359477124183,0.9989447236180905,8,200
0.0024635495223730517,0.2,0.9607843137254902,0.0392156862745098,0.2,0.8,2,19841,49,8,0.2,0.0024635495223730517,0.9971356783919598,8,200
0.004524886877828055,0.2,0.9782608695652174,0.021739130434782608,0.2,0.82,2,19800,90,8,0.2,0.004524886877828055,0.9950753768844222,8,200
0.0058823529411764705,0.2,0.9831932773109243,0.01680672268907563,0.2,0.84,2,19773,117,8,0.2,0.0058823529411764705,0.9937185929648241,8,200
0.007692307692307693,0.2,0.9870967741935484,0.012903225806451613,0.2,0.86,2,19737,153,8,0.2,0.007692307692307693,0.9919095477386934,8,200
0.008597285067873304,0.2,0.9884393063583815,0.011560693641618497,0.2,0.88,2,19719,171,8,0.2,0.008597285067873304,0.9910050251256282,8,200
0.01452991452991453,0.2,0.993127147766323,0.006872852233676976,0.2,0.9,2,19601,289,8,0.2,0.01452991452991453,0.9850753768844221,8,200
0.020764203117144293,0.2,0.9951807228915662,0.004819277108433735,0.2,0.92,2,19477,413,8,0.2,0.020764203117144293,0.9788442211055276,8,200
0.023076923076923078,0.2,0.9956616052060737,0.004338394793926247,0.2,0.94,2,19431,459,8,0.2,0.023076923076923078,0.976532663316583,8,200
0.03594771241830065,0.2,0.99721059972106,0.002789400278940028,0.2,0.96,2,19175,715,8,0.2,0.03594771241830065,0.9636683417085428,8,200
0.06817496229260935,0.2,0.9985272459499264,0.0014727540500736377,0.2,0.98,2,18534,1356,8,0.2,0.06817496229260935,0.9314572864321609,8,200
0.9642031171442936,0.9,0.9995309324021473,0.0004690675978527128,0.9,1.0,9,712,19178,1,0.9,0.9642031171442936,0.03623115577889447,8,200
0.0,0.0,0.0,,0.0,0.02,0,19890,0,10,0.0,0.0,0.9994974874371859,9,200
0.0,0.0,0.0,,0.0,0.04,0,19890,0,10,0.0,0.0,0.9994974874371859,9,200
0.0,0.0,0.0,,0.0,0.06,0,19890,0,10,0.0,0.0,0.9994974874371859,9,200
0.0,0.0,0.0,,0.0,0.08,0,19890,0,10,0.0,0.0,0.9994974874371859,9,200
0.0,0.0,0.0,,0.0,0.1,0,19890,0,10,0.0,0.0,0.9994974874371859,9,200
0.0,0.0,0.0,,0.0,0.12,0,19890,0,10,0.0,0.0,0.9994974874371859,9,200
0.0,0.0,0.0,,0.0,0.14,0,19890,0,10,0.0,0.0,0.9994974874371859,9,200
0.0,0.0,0.0,,0.0,0.16,0,19890,0,10,0.0,0.0,0.9994974874371859,9,200
0.0,0.0,0.0,,0.0,0.18,0,19890,0,10,0.0,0.0,0.9994974874371859,9,200
0.0,0.0,0.0,,0.0,0.2,0,19890,0,10,0.0,0.0,0.9994974874371859,9,200
0.0,0.0,0.0,,0.0,0.22,0,19890,0,10,0.0,0.0,0.9994974874371859,9,200
0.0,0.0,0.0,,0.0,0.24,0,19890,0,10,0.0,0.0,0.9994974874371859,9,200
0.0,0.0,0.0,,0.0,0.26,0,19890,0,10,0.0,0.0,0.9994974874371859,9,200
0.0,0.0,0.0,,0.0,0.28,0,19890,0,10,0.0,0.0,0.9994974874371859,9,200
0.0,0.0,0.0,,0.0,0.3,0,19890,0,10,0.0,0.0,0.9994974874371859,9,200
0.0,0.0,0.0,,0.0,0.32,0,19890,0,10,0.0,0.0,0.9994974874371859,9,200
0.0,0.0,0.0,,0.0,0.34,0,19890,0,10,0.0,0.0,0.9994974874371859,9,200
0.0,0.0,0.0,,0.0,0.36,0,19890,0,10,0.0,0.0,0.9994974874371859,9,200
0.0,0.0,0.0,,0.0,0.38,0,19890,0,10,0.0,0.0,0.9994974874371859,9,200
0.0,0.0,0.0,,0.0,0.4,0,19890,0,10,0.0,0.0,0.9994974874371859,9,200
0.0,0.0,0.0,,0.0,0.42,0,19890,0,10,0.0,0.0,0.9994974874371859,9,200
0.0,0.0,0.0,,0.0,0.44,0,19890,0,10,0.0,0.0,0.9994974874371859,9,200
0.0,0.0,0.0,,0.0,0.46,0,19890,0,10,0.0,0.0,0.9994974874371859,9,200
0.0,0.0,0.0,,0.0,0.48,0,19890,0,10,0.0,0.0,0.9994974874371859,9,200
0.0,0.0,0.0,,0.0,0.5,0,19890,0,10,0.0,0.0,0.9994974874371859,9,200
0.0,0.0,0.0,,0.0,0.52,0,19890,0,10,0.0,0.0,0.9994974874371859,9,200
0.0006033182503770739,0.0,1.0,0.0,0.0,0.54,0,19878,12,10,0.0,0.0006033182503770739,0.9988944723618091,9,200
0.0010558069381598793,0.1,0.9545454545454546,0.045454545454545456,0.1,0.56,1,19869,21,9,0.1,0.0010558069381598793,0.9984924623115577,9,200
0.0010558069381598793,0.1,0.9545454545454546,0.045454545454545456,0.1,0.58,1,19869,21,9,0.1,0.0010558069381598793,0.9984924623115577,9,200
0.0011563599798893917,0.1,0.9583333333333334,0.041666666666666664,0.1,0.6,1,19867,23,9,0.1,0.0011563599798893917,0.998391959798995,9,200
0.0011563599798893917,0.1,0.9583333333333334,0.041666666666666664,0.1,0.62,1,19867,23,9,0.1,0.0011563599798893917,0.998391959798995,9,200
0.0011563599798893917,0.1,0.9583333333333334,0.041666666666666664,0.1,0.64,1,19867,23,9,0.1,0.0011563599798893917,0.998391959798995,9,200
0.0011563599798893917,0.1,0.9583333333333334,0.041666666666666664,0.1,0.66,1,19867,23,9,0.1,0.0011563599798893917,0.998391959798995,9,200
0.0011563599798893917,0.1,0.9583333333333334,0.041666666666666664,0.1,0.68,1,19867,23,9,0.1,0.0011563599798893917,0.998391959798995,9,200
0.0011563599798893917,0.1,0.9583333333333334,0.041666666666666664,0.1,0.7,1,19867,23,9,0.1,0.0011563599798893917,0.998391959798995,9,200
0.00130718954248366,0.1,0.9629629629629629,0.037037037037037035,0.1,0.72,1,19864,26,9,0.1,0.00130718954248366,0.9982412060301508,9,200
0.00130718954248366,0.1,0.9629629629629629,0.037037037037037035,0.1,0.74,1,19864,26,9,0.1,0.00130718954248366,0.9982412060301508,9,200
0.00130718954248366,0.1,0.9629629629629629,0.037037037037037035,0.1,0.76,1,19864,26,9,0.1,0.00130718954248366,0.9982412060301508,9,200
0.00130718954248366,0.1,0.9629629629629629,0.037037037037037035,0.1,0.78,1,19864,26,9,0.1,0.00130718954248366,0.9982412060301508,9,200
0.0013574660633484162,0.1,0.9642857142857143,0.03571428571428571,0.1,0.8,1,19863,27,9,0.1,0.0013574660633484162,0.9981909547738693,9,200
0.0013574660633484162,0.1,0.9642857142857143,0.03571428571428571,0.1,0.82,1,19863,27,9,0.1,0.0013574660633484162,0.9981909547738693,9,200
0.002011060834590246,0.1,0.975609756097561,0.024390243902439025,0.1,0.84,1,19850,40,9,0.1,0.002011060834590246,0.997537688442211,9,200
0.006586224233283057,0.1,0.9924242424242424,0.007575757575757576,0.1,0.86,1,19759,131,9,0.1,0.006586224233283057,0.992964824120603,9,200
0.008345902463549522,0.1,0.9940119760479041,0.005988023952095809,0.1,0.88,1,19724,166,9,0.1,0.008345902463549522,0.9912060301507538,9,200
0.008345902463549522,0.1,0.9940119760479041,0.005988023952095809,0.1,0.9,1,19724,166,9,0.1,0.008345902463549522,0.9912060301507538,9,200
0.008345902463549522,0.1,0.9940119760479041,0.005988023952095809,0.1,0.92,1,19724,166,9,0.1,0.008345902463549522,0.9912060301507538,9,200
0.012669683257918552,0.1,0.9960474308300395,0.003952569169960474,0.1,0.94,1,19638,252,9,0.1,0.012669683257918552,0.9868844221105527,9,200
0.012669683257918552,0.1,0.9960474308300395,0.003952569169960474,0.1,0.96,1,19638,252,9,0.1,0.012669683257918552,0.9868844221105527,9,200
0.015284062342885872,0.1,0.9967213114754099,0.003278688524590164,0.1,0.98,1,19586,304,9,0.1,0.015284062342885872,0.9842713567839196,9,200
0.9024132730015083,1.0,0.9994431761233922,0.000556823876607829,1.0,1.0,10,1941,17949,0,1.0,0.9024132730015083,0.09804020100502513,9,200
0.0,0.1,0.0,1.0,0.1,0.02,1,19890,0,9,0.1,0.0,0.9995477386934674,10,200
0.0,0.1,0.0,1.0,0.1,0.04,1,19890,0,9,0.1,0.0,0.9995477386934674,10,200
0.0,0.1,0.0,1.0,0.1,0.06,1,19890,0,9,0.1,0.0,0.9995477386934674,10,200
0.0,0.1,0.0,1.0,0.1,0.08,1,19890,0,9,0.1,0.0,0.9995477386934674,10,200
0.0,0.0,0.0,,0.0,0.1,0,19890,0,10,0.0,0.0,0.9994974874371859,10,200
0.0,0.1,0.0,1.0,0.1,0.12,1,19890,0,9,0.1,0.0,0.9995477386934674,10,200
0.0,0.1,0.0,1.0,0.1,0.14,1,19890,0,9,0.1,0.0,0.9995477386934674,10,200
0.0,0.1,0.0,1.0,0.1,0.16,1,19890,0,9,0.1,0.0,0.9995477386934674,10,200
0.0,0.1,0.0,1.0,0.1,0.18,1,19890,0,9,0.1,0.0,0.9995477386934674,10,200
0.0,0.1,0.0,1.0,0.1,0.2,1,19890,0,9,0.1,0.0,0.9995477386934674,10,200
0.0,0.1,0.0,1.0,0.1,0.22,1,19890,0,9,0.1,0.0,0.9995477386934674,10,200
0.0,0.1,0.0,1.0,0.1,0.24,1,19890,0,9,0.1,0.0,0.9995477386934674,10,200
0.0,0.1,0.0,1.0,0.1,0.26,1,19890,0,9,0.1,0.0,0.9995477386934674,10,200
0.0,0.1,0.0,1.0,0.1,0.28,1,19890,0,9,0.1,0.0,0.9995477386934674,10,200
0.0,0.1,0.0,1.0,0.1,0.3,1,19890,0,9,0.1,0.0,0.9995477386934674,10,200
0.0,0.1,0.0,1.0,0.1,0.32,1,19890,0,9,0.1,0.0,0.9995477386934674,10,200
0.0,0.1,0.0,1.0,0.1,0.34,1,19890,0,9,0.1,0.0,0.9995477386934674,10,200
0.0,0.1,0.0,1.0,0.1,0.36,1,19890,0,9,0.1,0.0,0.9995477386934674,10,200
0.0,0.1,0.0,1.0,0.1,0.38,1,19890,0,9,0.1,0.0,0.9995477386934674,10,200
0.0,0.1,0.0,1.0,0.1,0.4,1,19890,0,9,0.1,0.0,0.9995477386934674,10,200
0.0,0.1,0.0,1.0,0.1,0.42,1,19890,0,9,0.1,0.0,0.9995477386934674,10,200
0.0,0.1,0.0,1.0,0.1,0.44,1,19890,0,9,0.1,0.0,0.9995477386934674,10,200
0.0,0.1,0.0,1.0,0.1,0.46,1,19890,0,9,0.1,0.0,0.9995477386934674,10,200
0.0,0.1,0.0,1.0,0.1,0.48,1,19890,0,9,0.1,0.0,0.9995477386934674,10,200
0.0,0.1,0.0,1.0,0.1,0.5,1,19890,0,9,0.1,0.0,0.9995477386934674,10,200
0.0,0.1,0.0,1.0,0.1,0.52,1,19890,0,9,0.1,0.0,0.9995477386934674,10,200
0.0,0.1,0.0,1.0,0.1,0.54,1,19890,0,9,0.1,0.0,0.9995477386934674,10,200
0.0,0.1,0.0,1.0,0.1,0.56,1,19890,0,9,0.1,0.0,0.9995477386934674,10,200
0.0,0.1,0.0,1.0,0.1,0.58,1,19890,0,9,0.1,0.0,0.9995477386934674,10,200
0.0,0.1,0.0,1.0,0.1,0.6,1,19890,0,9,0.1,0.0,0.9995477386934674,10,200
0.0,0.1,0.0,1.0,0.1,0.62,1,19890,0,9,0.1,0.0,0.9995477386934674,10,200
0.0,0.1,0.0,1.0,0.1,0.64,1,19890,0,9,0.1,0.0,0.9995477386934674,10,200
0.0003519356460532931,0.1,0.875,0.125,0.1,0.66,1,19883,7,9,0.1,0.0003519356460532931,0.9991959798994975,10,200
0.0003519356460532931,0.1,0.875,0.125,0.1,0.68,1,19883,7,9,0.1,0.0003519356460532931,0.9991959798994975,10,200
0.0020613373554550026,0.1,0.9761904761904762,0.023809523809523808,0.1,0.7,1,19849,41,9,0.1,0.0020613373554550026,0.9974874371859297,10,200
0.0020613373554550026,0.1,0.9761904761904762,0.023809523809523808,0.1,0.72,1,19849,41,9,0.1,0.0020613373554550026,0.9974874371859297,10,200
0.0020613373554550026,0.1,0.9761904761904762,0.023809523809523808,0.1,0.74,1,19849,41,9,0.1,0.0020613373554550026,0.9974874371859297,10,200
0.002161890397184515,0.2,0.9555555555555556,0.044444444444444446,0.2,0.76,2,19847,43,8,0.2,0.002161890397184515,0.9974371859296483,10,200
0.002513826043237808,0.2,0.9615384615384616,0.038461538461538464,0.2,0.78,2,19840,50,8,0.2,0.002513826043237808,0.9970854271356784,10,200
0.006133735545500251,0.2,0.9838709677419355,0.016129032258064516,0.2,0.8,2,19768,122,8,0.2,0.006133735545500251,0.9934673366834171,10,200
0.006887883358471594,0.2,0.9856115107913669,0.014388489208633094,0.2,0.82,2,19753,137,8,0.2,0.006887883358471594,0.992713567839196,10,200
0.011714429361488185,0.3,0.9872881355932204,0.012711864406779662,0.3,0.84,3,19657,233,7,0.3,0.011714429361488185,0.9879396984924623,10,200
0.011714429361488185,0.3,0.9872881355932204,0.012711864406779662,0.3,0.86,3,19657,233,7,0.3,0.011714429361488185,0.9879396984924623,10,200
0.012921065862242332,0.3,0.9884615384615385,0.011538461538461539,0.3,0.88,3,19633,257,7,0.3,0.012921065862242332,0.9867336683417085,10,200
0.014278531925590749,0.3,0.9895470383275261,0.010452961672473868,0.3,0.9,3,19606,284,7,0.3,0.014278531925590749,0.9853768844221106,10,200
0.023026646556058322,0.3,0.9934924078091106,0.006507592190889371,0.3,0.92,3,19432,458,7,0.3,0.023026646556058322,0.9766331658291457,10,200
0.025691302161890396,0.3,0.9941634241245136,0.005836575875486381,0.3,0.94,3,19379,511,7,0.3,0.025691302161890396,0.9739698492462312,10,200
0.04007038712921066,0.3,0.99625,0.00375,0.3,0.96,3,19093,797,7,0.3,0.04007038712921066,0.9595979899497488,10,200
0.06038210155857215,0.4,0.9966804979253112,0.0033195020746887966,0.4,0.98,4,18689,1201,6,0.4,0.06038210155857215,0.9393467336683418,10,200
0.9643036701860231,1.0,0.9994788952579469,0.0005211047420531526,1.0,1.0,10,710,19180,0,1.0,0.9643036701860231,0.036180904522613064,10,200
0.0,0.0,0.0,,0.0,0.02,0,19890,0,10,0.0,0.0,0.9994974874371859,11,200
0.0,0.0,0.0,,0.0,0.04,0,19890,0,10,0.0,0.0,0.9994974874371859,11,200
0.0,0.0,0.0,,0.0,0.06,0,19890,0,10,0.0,0.0,0.9994974874371859,11,200
0.0,0.0,0.0,,0.0,0.08,0,19890,0,10,0.0,0.0,0.9994974874371859,11,200
0.0,0.0,0.0,,0.0,0.1,0,19890,0,10,0.0,0.0,0.9994974874371859,11,200
0.0,0.0,0.0,,0.0,0.12,0,19890,0,10,0.0,0.0,0.9994974874371859,11,200
0.0,0.0,0.0,,0.0,0.14,0,19890,0,10,0.0,0.0,0.9994974874371859,11,200
0.0,0.0,0.0,,0.0,0.16,0,19890,0,10,0.0,0.0,0.9994974874371859,11,200
0.00010055304172951231,0.0,1.0,0.0,0.0,0.18,0,19888,2,10,0.0,0.00010055304172951231,0.9993969849246231,11,200
0.00010055304172951231,0.0,1.0,0.0,0.0,0.2,0,19888,2,10,0.0,0.00010055304172951231,0.9993969849246231,11,200
0.00010055304172951231,0.0,1.0,0.0,0.0,0.22,0,19888,2,10,0.0,0.00010055304172951231,0.9993969849246231,11,200
0.00010055304172951231,0.0,1.0,0.0,0.0,0.24,0,19888,2,10,0.0,0.00010055304172951231,0.9993969849246231,11,200
0.00010055304172951231,0.0,1.0,0.0,0.0,0.26,0,19888,2,10,0.0,0.00010055304172951231,0.9993969849246231,11,200
0.00010055304172951231,0.0,1.0,0.0,0.0,0.28,0,19888,2,10,0.0,0.00010055304172951231,0.9993969849246231,11,200
0.00010055304172951231,0.0,1.0,0.0,0.0,0.3,0,19888,2,10,0.0,0.00010055304172951231,0.9993969849246231,11,200
0.00010055304172951231,0.0,1.0,0.0,0.0,0.32,0,19888,2,10,0.0,0.00010055304172951231,0.9993969849246231,11,200
0.00010055304172951231,0.0,1.0,0.0,0.0,0.34,0,19888,2,10,0.0,0.00010055304172951231,0.9993969849246231,11,200
0.00010055304172951231,0.0,1.0,0.0,0.0,0.36,0,19888,2,10,0.0,0.00010055304172951231,0.9993969849246231,11,200
0.00010055304172951231,0.0,1.0,0.0,0.0,0.38,0,19888,2,10,0.0,0.00010055304172951231,0.9993969849246231,11,200
0.00010055304172951231,0.0,1.0,0.0,0.0,0.4,0,19888,2,10,0.0,0.00010055304172951231,0.9993969849246231,11,200
0.00010055304172951231,0.0,1.0,0.0,0.0,0.42,0,19888,2,10,0.0,0.00010055304172951231,0.9993969849246231,11,200
0.00010055304172951231,0.0,1.0,0.0,0.0,0.44,0,19888,2,10,0.0,0.00010055304172951231,0.9993969849246231,11,200
0.00010055304172951231,0.0,1.0,0.0,0.0,0.46,0,19888,2,10,0.0,0.00010055304172951231,0.9993969849246231,11,200
0.00010055304172951231,0.0,1.0,0.0,0.0,0.48,0,19888,2,10,0.0,0.00010055304172951231,0.9993969849246231,11,200
0.00010055304172951231,0.0,1.0,0.0,0.0,0.5,0,19888,2,10,0.0,0.00010055304172951231,0.9993969849246231,11,200
0.00010055304172951231,0.0,1.0,0.0,0.0,0.52,0,19888,2,10,0.0,0.00010055304172951231,0.9993969849246231,11,200
0.00010055304172951231,0.0,1.0,0.0,0.0,0.54,0,19888,2,10,0.0,0.00010055304172951231,0.9993969849246231,11,200
0.0013574660633484162,0.0,1.0,0.0,0.0,0.56,0,19863,27,10,0.0,0.0013574660633484162,0.998140703517588,11,200
0.0013574660633484162,0.0,1.0,0.0,0.0,0.58,0,19863,27,10,0.0,0.0013574660633484162,0.998140703517588,11,200
0.0013574660633484162,0.0,1.0,0.0,0.0,0.6,0,19863,27,10,0.0,0.0013574660633484162,0.998140703517588,11,200
0.0017094017094017094,0.0,1.0,0.0,0.0,0.62,0,19856,34,10,0.0,0.0017094017094017094,0.9977889447236181,11,200
0.0017094017094017094,0.0,1.0,0.0,0.0,0.64,0,19856,34,10,0.0,0.0017094017094017094,0.9977889447236181,11,200
0.0017094017094017094,0.0,1.0,0.0,0.0,0.66,0,19856,34,10,0.0,0.0017094017094017094,0.9977889447236181,11,200
0.0027149321266968325,0.2,0.9642857142857143,0.03571428571428571,0.2,0.68,2,19836,54,8,0.2,0.0027149321266968325,0.9968844221105527,11,200
0.004122674710910005,0.3,0.9647058823529412,0.03529411764705882,0.3,0.7,3,19808,82,7,0.3,0.004122674710910005,0.9955276381909548,11,200
0.004122674710910005,0.3,0.9647058823529412,0.03529411764705882,0.3,0.72,3,19808,82,7,0.3,0.004122674710910005,0.9955276381909548,11,200
0.004524886877828055,0.3,0.967741935483871,0.03225806451612903,0.3,0.74,3,19800,90,7,0.3,0.004524886877828055,0.9951256281407035,11,200
0.004524886877828055,0.3,0.967741935483871,0.03225806451612903,0.3,0.76,3,19800,90,7,0.3,0.004524886877828055,0.9951256281407035,11,200
0.004977375565610859,0.3,0.9705882352941176,0.029411764705882353,0.3,0.78,3,19791,99,7,0.3,0.004977375565610859,0.9946733668341708,11,200
0.009653092006033183,0.5,0.9746192893401016,0.025380710659898477,0.5,0.8,5,19698,192,5,0.5,0.009653092006033183,0.9901005025125628,11,200
0.010759175465057818,0.5,0.9771689497716894,0.0228310502283105,0.5,0.82,5,19676,214,5,0.5,0.010759175465057818,0.9889949748743718,11,200
0.010759175465057818,0.5,0.9771689497716894,0.0228310502283105,0.5,0.84,5,19676,214,5,0.5,0.010759175465057818,0.9889949748743718,11,200
0.011814982403217697,0.5,0.9791666666666666,0.020833333333333332,0.5,0.86,5,19655,235,5,0.5,0.011814982403217697,0.9879396984924623,11,200
0.014731020613373554,0.5,0.9832214765100671,0.016778523489932886,0.5,0.88,5,19597,293,5,0.5,0.014731020613373554,0.9850251256281407,11,200
0.037104072398190045,0.5,0.9932705248990579,0.006729475100942127,0.5,0.9,5,19152,738,5,0.5,0.037104072398190045,0.9626633165829146,11,200
0.04504776269482152,0.5,0.9944506104328524,0.005549389567147614,0.5,0.92,5,18994,896,5,0.5,0.04504776269482152,0.9547236180904523,11,200
0.05500251382604324,0.5,0.9954504094631483,0.004549590536851683,0.5,0.94,5,18796,1094,5,0.5,0.05500251382604324,0.9447738693467337,11,200
0.0660633484162896,0.5,0.9962092494313874,0.0037907505686125853,0.5,0.96,5,18576,1314,5,0.5,0.0660633484162896,0.9337185929648241,11,200
0.09431875314228255,0.5,0.9973418394471026,0.002658160552897395,0.5,0.98,5,18014,1876,5,0.5,0.09431875314228255,0.9054773869346734,11,200
0.7236802413273001,1.0,0.9993057484032213,0.0006942515967786726,1.0,1.0,10,5496,14394,0,1.0,0.7236802413273001,0.27668341708542715,11,200
0.0,0.0,0.0,,0.0,0.02,0,19890,0,10,0.0,0.0,0.9994974874371859,12,200
0.0,0.0,0.0,,0.0,0.04,0,19890,0,10,0.0,0.0,0.9994974874371859,12,200
0.0,0.0,0.0,,0.0,0.06,0,19890,0,10,0.0,0.0,0.9994974874371859,12,200
0.0,0.0,0.0,,0.0,0.08,0,19890,0,10,0.0,0.0,0.9994974874371859,12,200
0.0,0.0,0.0,,0.0,0.1,0,19890,0,10,0.0,0.0,0.9994974874371859,12,200
0.0,0.0,0.0,,0.0,0.12,0,19890,0,10,0.0,0.0,0.9994974874371859,12,200
0.0,0.0,0.0,,0.0,0.14,0,19890,0,10,0.0,0.0,0.9994974874371859,12,200
0.0,0.0,0.0,,0.0,0.16,0,19890,0,10,0.0,0.0,0.9994974874371859,12,200
0.0,0.0,0.0,,0.0,0.18,0,19890,0,10,0.0,0.0,0.9994974874371859,12,200
0.0,0.0,0.0,,0.0,0.2,0,19890,0,10,0.0,0.0,0.9994974874371859,12,200
0.0,0.0,0.0,,0.0,0.22,0,19890,0,10,0.0,0.0,0.9994974874371859,12,200
0.00015082956259426848,0.0,1.0,0.0,0.0,0.24,0,19887,3,10,0.0,0.00015082956259426848,0.9993467336683417,12,200
0.00025138260432378077,0.0,1.0,0.0,0.0,0.26,0,19885,5,10,0.0,0.00025138260432378077,0.9992462311557789,12,200
0.00025138260432378077,0.0,1.0,0.0,0.0,0.28,0,19885,5,10,0.0,0.00025138260432378077,0.9992462311557789,12,200
0.00025138260432378077,0.0,1.0,0.0,0.0,0.3,0,19885,5,10,0.0,0.00025138260432378077,0.9992462311557789,12,200
0.0003519356460532931,0.0,1.0,0.0,0.0,0.32,0,19883,7,10,0.0,0.0003519356460532931,0.999145728643216,12,200
0.0003519356460532931,0.0,1.0,0.0,0.0,0.34,0,19883,7,10,0.0,0.0003519356460532931,0.999145728643216,12,200
0.0003519356460532931,0.0,1.0,0.0,0.0,0.36,0,19883,7,10,0.0,0.0003519356460532931,0.999145728643216,12,200
0.0003519356460532931,0.0,1.0,0.0,0.0,0.38,0,19883,7,10,0.0,0.0003519356460532931,0.999145728643216,12,200
0.0003519356460532931,0.0,1.0,0.0,0.0,0.4,0,19883,7,10,0.0,0.0003519356460532931,0.999145728643216,12,200
0.0003519356460532931,0.0,1.0,0.0,0.0,0.42,0,19883,7,10,0.0,0.0003519356460532931,0.999145728643216,12,200
0.0005027652086475615,0.0,1.0,0.0,0.0,0.44,0,19880,10,10,0.0,0.0005027652086475615,0.9989949748743718,12,200
0.0005027652086475615,0.0,1.0,0.0,0.0,0.46,0,19880,10,10,0.0,0.0005027652086475615,0.9989949748743718,12,200
0.0005530417295123177,0.0,1.0,0.0,0.0,0.48,0,19879,11,10,0.0,0.0005530417295123177,0.9989447236180905,12,200
0.0005530417295123177,0.0,1.0,0.0,0.0,0.5,0,19879,11,10,0.0,0.0005530417295123177,0.9989447236180905,12,200
0.0006033182503770739,0.0,1.0,0.0,0.0,0.52,0,19878,12,10,0.0,0.0006033182503770739,0.9988944723618091,12,200
0.0006033182503770739,0.0,1.0,0.0,0.0,0.54,0,19878,12,10,0.0,0.0006033182503770739,0.9988944723618091,12,200
0.0006033182503770739,0.0,1.0,0.0,0.0,0.56,0,19878,12,10,0.0,0.0006033182503770739,0.9988944723618091,12,200
0.0006033182503770739,0.0,1.0,0.0,0.0,0.58,0,19878,12,10,0.0,0.0006033182503770739,0.9988944723618091,12,200
0.0007038712921065862,0.0,1.0,0.0,0.0,0.6,0,19876,14,10,0.0,0.0007038712921065862,0.9987939698492462,12,200
0.0007038712921065862,0.0,1.0,0.0,0.0,0.62,0,19876,14,10,0.0,0.0007038712921065862,0.9987939698492462,12,200
0.0007038712921065862,0.0,1.0,0.0,0.0,0.64,0,19876,14,10,0.0,0.0007038712921065862,0.9987939698492462,12,200
0.0009049773755656109,0.0,1.0,0.0,0.0,0.66,0,19872,18,10,0.0,0.0009049773755656109,0.9985929648241206,12,200
0.0009049773755656109,0.0,1.0,0.0,0.0,0.68,0,19872,18,10,0.0,0.0009049773755656109,0.9985929648241206,12,200
0.0009049773755656109,0.0,1.0,0.0,0.0,0.7,0,19872,18,10,0.0,0.0009049773755656109,0.9985929648241206,12,200
0.000955253896430367,0.0,1.0,0.0,0.0,0.72,0,19871,19,10,0.0,0.000955253896430367,0.9985427135678392,12,200
0.000955253896430367,0.0,1.0,0.0,0.0,0.74,0,19871,19,10,0.0,0.000955253896430367,0.9985427135678392,12,200
0.0012066365007541479,0.1,0.96,0.04,0.1,0.76,1,19866,24,9,0.1,0.0012066365007541479,0.9983417085427135,12,200
0.004524886877828055,0.1,0.989010989010989,0.01098901098901099,0.1,0.78,1,19800,90,9,0.1,0.004524886877828055,0.9950251256281407,12,200
0.0058320764203117145,0.1,0.9914529914529915,0.008547008547008548,0.1,0.8,1,19774,116,9,0.1,0.0058320764203117145,0.9937185929648241,12,200
0.007541478129713424,0.1,0.9933774834437086,0.006622516556291391,0.1,0.82,1,19740,150,9,0.1,0.007541478129713424,0.9920100502512563,12,200
0.009502262443438913,0.1,0.9947368421052631,0.005263157894736842,0.1,0.84,1,19701,189,9,0.1,0.009502262443438913,0.9900502512562814,12,200
0.009502262443438913,0.1,0.9947368421052631,0.005263157894736842,0.1,0.86,1,19701,189,9,0.1,0.009502262443438913,0.9900502512562814,12,200
0.010356963298139768,0.1,0.9951690821256038,0.004830917874396135,0.1,0.88,1,19684,206,9,0.1,0.010356963298139768,0.9891959798994975,12,200
0.023378582202111614,0.3,0.9935897435897436,0.00641025641025641,0.3,0.9,3,19425,465,7,0.3,0.023378582202111614,0.9762814070351759,12,200
0.032679738562091505,0.4,0.9938837920489296,0.0061162079510703364,0.4,0.92,4,19240,650,6,0.4,0.032679738562091505,0.967035175879397,12,200
0.043489190548014076,0.5,0.9942528735632183,0.005747126436781609,0.5,0.94,5,19025,865,5,0.5,0.043489190548014076,0.9562814070351758,12,200
0.058320764203117145,0.5,0.9957081545064378,0.004291845493562232,0.5,0.96,5,18730,1160,5,0.5,0.058320764203117145,0.9414572864321608,12,200
0.120412267471091,0.5,0.9979166666666667,0.0020833333333333333,0.5,0.98,5,17495,2395,5,0.5,0.120412267471091,0.8793969849246231,12,200
0.9664655605832077,0.9,0.9995320299500832,0.00046797004991680534,0.9,1.0,9,667,19223,1,0.9,0.9664655605832077,0.03396984924623116,12,200
0.0,0.0,0.0,,0.0,0.02,0,19890,0,10,0.0,0.0,0.9994974874371859,13,200
0.0,0.0,0.0,,0.0,0.04,0,19890,0,10,0.0,0.0,0.9994974874371859,13,200
0.0,0.0,0.0,,0.0,0.06,0,19890,0,10,0.0,0.0,0.9994974874371859,13,200
0.0,0.0,0.0,,0.0,0.08,0,19890,0,10,0.0,0.0,0.9994974874371859,13,200
0.0,0.0,0.0,,0.0,0.1,0,19890,0,10,0.0,0.0,0.9994974874371859,13,200
0.0,0.0,0.0,,0.0,0.12,0,19890,0,10,0.0,0.0,0.9994974874371859,13,200
0.0,0.0,0.0,,0.0,0.14,0,19890,0,10,0.0,0.0,0.9994974874371859,13,200
0.0,0.0,0.0,,0.0,0.16,0,19890,0,10,0.0,0.0,0.9994974874371859,13,200
0.0,0.0,0.0,,0.0,0.18,0,19890,0,10,0.0,0.0,0.9994974874371859,13,200
0.0,0.0,0.0,,0.0,0.2,0,19890,0,10,0.0,0.0,0.9994974874371859,13,200
0.0,0.0,0.0,,0.0,0.22,0,19890,0,10,0.0,0.0,0.9994974874371859,13,200
0.0,0.0,0.0,,0.0,0.24,0,19890,0,10,0.0,0.0,0.9994974874371859,13,200
0.0,0.0,0.0,,0.0,0.26,0,19890,0,10,0.0,0.0,0.9994974874371859,13,200
0.0,0.0,0.0,,0.0,0.28,0,19890,0,10,0.0,0.0,0.9994974874371859,13,200
0.0,0.0,0.0,,0.0,0.3,0,19890,0,10,0.0,0.0,0.9994974874371859,13,200
0.0,0.0,0.0,,0.0,0.32,0,19890,0,10,0.0,0.0,0.9994974874371859,13,200
0.00010055304172951231,0.0,1.0,0.0,0.0,0.34,0,19888,2,10,0.0,0.00010055304172951231,0.9993969849246231,13,200
0.00010055304172951231,0.0,1.0,0.0,0.0,0.36,0,19888,2,10,0.0,0.00010055304172951231,0.9993969849246231,13,200
0.00010055304172951231,0.0,1.0,0.0,0.0,0.38,0,19888,2,10,0.0,0.00010055304172951231,0.9993969849246231,13,200
0.00025138260432378077,0.0,1.0,0.0,0.0,0.4,0,19885,5,10,0.0,0.00025138260432378077,0.9992462311557789,13,200
0.00025138260432378077,0.0,1.0,0.0,0.0,0.42,0,19885,5,10,0.0,0.00025138260432378077,0.9992462311557789,13,200
0.00025138260432378077,0.0,1.0,0.0,0.0,0.44,0,19885,5,10,0.0,0.00025138260432378077,0.9992462311557789,13,200
0.00025138260432378077,0.0,1.0,0.0,0.0,0.46,0,19885,5,10,0.0,0.00025138260432378077,0.9992462311557789,13,200
0.00025138260432378077,0.0,1.0,0.0,0.0,0.48,0,19885,5,10,0.0,0.00025138260432378077,0.9992462311557789,13,200
0.00025138260432378077,0.0,1.0,0.0,0.0,0.5,0,19885,5,10,0.0,0.00025138260432378077,0.9992462311557789,13,200
0.00025138260432378077,0.0,1.0,0.0,0.0,0.52,0,19885,5,10,0.0,0.00025138260432378077,0.9992462311557789,13,200
0.00025138260432378077,0.0,1.0,0.0,0.0,0.54,0,19885,5,10,0.0,0.00025138260432378077,0.9992462311557789,13,200
0.0005530417295123177,0.1,0.9166666666666666,0.08333333333333333,0.1,0.56,1,19879,11,9,0.1,0.0005530417295123177,0.9989949748743718,13,200
0.0005530417295123177,0.1,0.9166666666666666,0.08333333333333333,0.1,0.58,1,19879,11,9,0.1,0.0005530417295123177,0.9989949748743718,13,200
0.0005530417295123177,0.1,0.9166666666666666,0.08333333333333333,0.1,0.6,1,19879,11,9,0.1,0.0005530417295123177,0.9989949748743718,13,200
0.0005530417295123177,0.1,0.9166666666666666,0.08333333333333333,0.1,0.62,1,19879,11,9,0.1,0.0005530417295123177,0.9989949748743718,13,200
0.0005530417295123177,0.1,0.9166666666666666,0.08333333333333333,0.1,0.64,1,19879,11,9,0.1,0.0005530417295123177,0.9989949748743718,13,200
0.0005530417295123177,0.1,0.9166666666666666,0.08333333333333333,0.1,0.66,1,19879,11,9,0.1,0.0005530417295123177,0.9989949748743718,13,200
0.0005530417295123177,0.1,0.9166666666666666,0.08333333333333333,0.1,0.68,1,19879,11,9,0.1,0.0005530417295123177,0.9989949748743718,13,200
0.0005530417295123177,0.1,0.9166666666666666,0.08333333333333333,0.1,0.7,1,19879,11,9,0.1,0.0005530417295123177,0.9989949748743718,13,200
0.0008547008547008547,0.1,0.9444444444444444,0.05555555555555555,0.1,0.72,1,19873,17,9,0.1,0.0008547008547008547,0.9986934673366834,13,200
0.0008547008547008547,0.1,0.9444444444444444,0.05555555555555555,0.1,0.74,1,19873,17,9,0.1,0.0008547008547008547,0.9986934673366834,13,200
0.000955253896430367,0.1,0.95,0.05,0.1,0.76,1,19871,19,9,0.1,0.000955253896430367,0.9985929648241206,13,200
0.004223227752639517,0.2,0.9767441860465116,0.023255813953488372,0.2,0.78,2,19806,84,8,0.2,0.004223227752639517,0.9953768844221106,13,200
0.005480140774258421,0.2,0.9819819819819819,0.018018018018018018,0.2,0.8,2,19781,109,8,0.2,0.005480140774258421,0.9941206030150753,13,200
0.005480140774258421,0.2,0.9819819819819819,0.018018018018018018,0.2,0.82,2,19781,109,8,0.2,0.005480140774258421,0.9941206030150753,13,200
0.005982905982905983,0.2,0.9834710743801653,0.01652892561983471,0.2,0.84,2,19771,119,8,0.2,0.005982905982905983,0.9936180904522613,13,200
0.005982905982905983,0.2,0.9834710743801653,0.01652892561983471,0.2,0.86,2,19771,119,8,0.2,0.005982905982905983,0.9936180904522613,13,200
0.006586224233283057,0.2,0.9849624060150376,0.015037593984962405,0.2,0.88,2,19759,131,8,0.2,0.006586224233283057,0.9930150753768844,13,200
0.00824534942182001,0.2,0.9879518072289156,0.012048192771084338,0.2,0.9,2,19726,164,8,0.2,0.00824534942182001,0.991356783919598,13,200
0.01518350930115636,0.4,0.9869281045751634,0.013071895424836602,0.4,0.92,4,19588,302,6,0.4,0.01518350930115636,0.9845226130653266,13,200
0.01518350930115636,0.4,0.9869281045751634,0.013071895424836602,0.4,0.94,4,19588,302,6,0.4,0.01518350930115636,0.9845226130653266,13,200
0.02921065862242333,0.6,0.989778534923339,0.010221465076660987,0.6,0.96,6,19309,581,4,0.6,0.02921065862242333,0.9706030150753768,13,200
0.07928607340372046,0.7,0.9955808080808081,0.004419191919191919,0.7,0.98,7,18313,1577,3,0.7,0.07928607340372046,0.9206030150753769,13,200
0.41432880844645553,0.7,0.9991513094083414,0.0008486905916585839,0.7,1.0,7,11649,8241,3,0.7,0.41432880844645553,0.5857286432160804,13,200
0.0,0.0,0.0,,0.0,0.02,0,19890,0,10,0.0,0.0,0.9994974874371859,14,200
0.0,0.0,0.0,,0.0,0.04,0,19890,0,10,0.0,0.0,0.9994974874371859,14,200
0.0,0.0,0.0,,0.0,0.06,0,19890,0,10,0.0,0.0,0.9994974874371859,14,200
0.0,0.0,0.0,,0.0,0.08,0,19890,0,10,0.0,0.0,0.9994974874371859,14,200
0.0,0.0,0.0,,0.0,0.1,0,19890,0,10,0.0,0.0,0.9994974874371859,14,200
0.0,0.0,0.0,,0.0,0.12,0,19890,0,10,0.0,0.0,0.9994974874371859,14,200
0.0,0.0,0.0,,0.0,0.14,0,19890,0,10,0.0,0.0,0.9994974874371859,14,200
0.0,0.0,0.0,,0.0,0.16,0,19890,0,10,0.0,0.0,0.9994974874371859,14,200
0.0,0.0,0.0,,0.0,0.18,0,19890,0,10,0.0,0.0,0.9994974874371859,14,200
0.0,0.0,0.0,,0.0,0.2,0,19890,0,10,0.0,0.0,0.9994974874371859,14,200
0.0,0.0,0.0,,0.0,0.22,0,19890,0,10,0.0,0.0,0.9994974874371859,14,200
0.0,0.0,0.0,,0.0,0.24,0,19890,0,10,0.0,0.0,0.9994974874371859,14,200
0.0,0.0,0.0,,0.0,0.26,0,19890,0,10,0.0,0.0,0.9994974874371859,14,200
0.0,0.0,0.0,,0.0,0.28,0,19890,0,10,0.0,0.0,0.9994974874371859,14,200
0.0,0.0,0.0,,0.0,0.3,0,19890,0,10,0.0,0.0,0.9994974874371859,14,200
0.0,0.0,0.0,,0.0,0.32,0,19890,0,10,0.0,0.0,0.9994974874371859,14,200
0.0,0.0,0.0,,0.0,0.34,0,19890,0,10,0.0,0.0,0.9994974874371859,14,200
0.0,0.0,0.0,,0.0,0.36,0,19890,0,10,0.0,0.0,0.9994974874371859,14,200
0.0,0.0,0.0,,0.0,0.38,0,19890,0,10,0.0,0.0,0.9994974874371859,14,200
0.0,0.0,0.0,,0.0,0.4,0,19890,0,10,0.0,0.0,0.9994974874371859,14,200
0.0,0.0,0.0,,0.0,0.42,0,19890,0,10,0.0,0.0,0.9994974874371859,14,200
0.0,0.0,0.0,,0.0,0.44,0,19890,0,10,0.0,0.0,0.9994974874371859,14,200
0.0,0.0,0.0,,0.0,0.46,0,19890,0,10,0.0,0.0,0.9994974874371859,14,200
0.0,0.0,0.0,,0.0,0.48,0,19890,0,10,0.0,0.0,0.9994974874371859,14,200
0.0,0.0,0.0,,0.0,0.5,0,19890,0,10,0.0,0.0,0.9994974874371859,14,200
0.0,0.0,0.0,,0.0,0.52,0,19890,0,10,0.0,0.0,0.9994974874371859,14,200
0.0,0.0,0.0,,0.0,0.54,0,19890,0,10,0.0,0.0,0.9994974874371859,14,200
0.0,0.0,0.0,,0.0,0.56,0,19890,0,10,0.0,0.0,0.9994974874371859,14,200
0.0,0.0,0.0,,0.0,0.58,0,19890,0,10,0.0,0.0,0.9994974874371859,14,200
0.0,0.0,0.0,,0.0,0.6,0,19890,0,10,0.0,0.0,0.9994974874371859,14,200
0.0,0.0,0.0,,0.0,0.62,0,19890,0,10,0.0,0.0,0.9994974874371859,14,200
0.0,0.0,0.0,,0.0,0.64,0,19890,0,10,0.0,0.0,0.9994974874371859,14,200
0.0,0.0,0.0,,0.0,0.66,0,19890,0,10,0.0,0.0,0.9994974874371859,14,200
0.0,0.0,0.0,,0.0,0.68,0,19890,0,10,0.0,0.0,0.9994974874371859,14,200
0.0,0.0,0.0,,0.0,0.7,0,19890,0,10,0.0,0.0,0.9994974874371859,14,200
0.0,0.0,0.0,,0.0,0.72,0,19890,0,10,0.0,0.0,0.9994974874371859,14,200
0.0,0.0,0.0,,0.0,0.74,0,19890,0,10,0.0,0.0,0.9994974874371859,14,200
0.0024132730015082957,0.1,0.9795918367346939,0.02040816326530612,0.1,0.76,1,19842,48,9,0.1,0.0024132730015082957,0.9971356783919598,14,200
0.003569632981397687,0.1,0.9861111111111112,0.013888888888888888,0.1,0.78,1,19819,71,9,0.1,0.003569632981397687,0.9959798994974874,14,200
0.0058320764203117145,0.1,0.9914529914529915,0.008547008547008548,0.1,0.8,1,19774,116,9,0.1,0.0058320764203117145,0.9937185929648241,14,200
0.0058320764203117145,0.1,0.9914529914529915,0.008547008547008548,0.1,0.82,1,19774,116,9,0.1,0.0058320764203117145,0.9937185929648241,14,200
0.00718954248366013,0.1,0.9930555555555556,0.006944444444444444,0.1,0.84,1,19747,143,9,0.1,0.00718954248366013,0.9923618090452261,14,200
0.014177978883861237,0.2,0.9929577464788732,0.007042253521126761,0.2,0.86,2,19608,282,8,0.2,0.014177978883861237,0.9854271356783919,14,200
0.015635997988939165,0.2,0.9936102236421726,0.006389776357827476,0.2,0.88,2,19579,311,8,0.2,0.015635997988939165,0.9839698492462312,14,200
0.021266968325791856,0.2,0.9952941176470588,0.004705882352941176,0.2,0.9,2,19467,423,8,0.2,0.021266968325791856,0.9783417085427135,14,200
0.0322272498743087,0.2,0.9968895800933126,0.003110419906687403,0.2,0.92,2,19249,641,8,0.2,0.0322272498743087,0.9673869346733668,14,200
0.04620412267471091,0.3,0.9967462039045553,0.0032537960954446853,0.3,0.94,3,18971,919,7,0.3,0.04620412267471091,0.9534673366834171,14,200
0.05545500251382604,0.4,0.996386630532972,0.0036133694670280035,0.4,0.96,4,18787,1103,6,0.4,0.05545500251382604,0.9442713567839196,14,200
0.08461538461538462,0.4,0.997628927089508,0.0023710729104919974,0.4,0.98,4,18207,1683,6,0.4,0.08461538461538462,0.9151256281407035,14,200
0.39728506787330314,0.5,0.9993676489186797,0.0006323510813203491,0.5,1.0,5,11988,7902,5,0.5,0.39728506787330314,0.6026633165829146,14,200
0.0,0.0,0.0,,0.0,0.02,0,19890,0,10,0.0,0.0,0.9994974874371859,15,200
0.0,0.0,0.0,,0.0,0.04,0,19890,0,10,0.0,0.0,0.9994974874371859,15,200
0.0,0.0,0.0,,0.0,0.06,0,19890,0,10,0.0,0.0,0.9994974874371859,15,200
0.0,0.0,0.0,,0.0,0.08,0,19890,0,10,0.0,0.0,0.9994974874371859,15,200
0.0,0.0,0.0,,0.0,0.1,0,19890,0,10,0.0,0.0,0.9994974874371859,15,200
0.0,0.0,0.0,,0.0,0.12,0,19890,0,10,0.0,0.0,0.9994974874371859,15,200
0.0,0.0,0.0,,0.0,0.14,0,19890,0,10,0.0,0.0,0.9994974874371859,15,200
0.0,0.0,0.0,,0.0,0.16,0,19890,0,10,0.0,0.0,0.9994974874371859,15,200
0.0,0.0,0.0,,0.0,0.18,0,19890,0,10,0.0,0.0,0.9994974874371859,15,200
0.0,0.0,0.0,,0.0,0.2,0,19890,0,10,0.0,0.0,0.9994974874371859,15,200
0.0,0.0,0.0,,0.0,0.22,0,19890,0,10,0.0,0.0,0.9994974874371859,15,200
0.0,0.0,0.0,,0.0,0.24,0,19890,0,10,0.0,0.0,0.9994974874371859,15,200
0.0,0.0,0.0,,0.0,0.26,0,19890,0,10,0.0,0.0,0.9994974874371859,15,200
0.00030165912518853697,0.1,0.8571428571428571,0.14285714285714285,0.1,0.28,1,19884,6,9,0.1,0.00030165912518853697,0.9992462311557789,15,200
0.00030165912518853697,0.1,0.8571428571428571,0.14285714285714285,0.1,0.3,1,19884,6,9,0.1,0.00030165912518853697,0.9992462311557789,15,200
0.00030165912518853697,0.1,0.8571428571428571,0.14285714285714285,0.1,0.32,1,19884,6,9,0.1,0.00030165912518853697,0.9992462311557789,15,200
0.00030165912518853697,0.1,0.8571428571428571,0.14285714285714285,0.1,0.34,1,19884,6,9,0.1,0.00030165912518853697,0.9992462311557789,15,200
0.00030165912518853697,0.1,0.8571428571428571,0.14285714285714285,0.1,0.36,1,19884,6,9,0.1,0.00030165912518853697,0.9992462311557789,15,200
0.00030165912518853697,0.1,0.8571428571428571,0.14285714285714285,0.1,0.38,1,19884,6,9,0.1,0.00030165912518853697,0.9992462311557789,15,200
0.0005027652086475615,0.1,0.9090909090909091,0.09090909090909091,0.1,0.4,1,19880,10,9,0.1,0.0005027652086475615,0.9990452261306533,15,200
0.0005027652086475615,0.1,0.9090909090909091,0.09090909090909091,0.1,0.42,1,19880,10,9,0.1,0.0005027652086475615,0.9990452261306533,15,200
0.0005027652086475615,0.1,0.9090909090909091,0.09090909090909091,0.1,0.44,1,19880,10,9,0.1,0.0005027652086475615,0.9990452261306533,15,200
0.0005027652086475615,0.1,0.9090909090909091,0.09090909090909091,0.1,0.46,1,19880,10,9,0.1,0.0005027652086475615,0.9990452261306533,15,200
0.0006033182503770739,0.1,0.9230769230769231,0.07692307692307693,0.1,0.48,1,19878,12,9,0.1,0.0006033182503770739,0.9989447236180905,15,200
0.0006033182503770739,0.1,0.9230769230769231,0.07692307692307693,0.1,0.5,1,19878,12,9,0.1,0.0006033182503770739,0.9989447236180905,15,200
0.0006033182503770739,0.1,0.9230769230769231,0.07692307692307693,0.1,0.52,1,19878,12,9,0.1,0.0006033182503770739,0.9989447236180905,15,200
0.0006033182503770739,0.1,0.9230769230769231,0.07692307692307693,0.1,0.54,1,19878,12,9,0.1,0.0006033182503770739,0.9989447236180905,15,200
0.0006033182503770739,0.1,0.9230769230769231,0.07692307692307693,0.1,0.56,1,19878,12,9,0.1,0.0006033182503770739,0.9989447236180905,15,200
0.0006033182503770739,0.1,0.9230769230769231,0.07692307692307693,0.1,0.58,1,19878,12,9,0.1,0.0006033182503770739,0.9989447236180905,15,200
0.0006033182503770739,0.1,0.9230769230769231,0.07692307692307693,0.1,0.6,1,19878,12,9,0.1,0.0006033182503770739,0.9989447236180905,15,200
0.0006033182503770739,0.1,0.9230769230769231,0.07692307692307693,0.1,0.62,1,19878,12,9,0.1,0.0006033182503770739,0.9989447236180905,15,200
0.0030165912518853697,0.1,0.9836065573770492,0.01639344262295082,0.1,0.64,1,19830,60,9,0.1,0.0030165912518853697,0.996532663316583,15,200
0.003368526897938663,0.1,0.9852941176470589,0.014705882352941176,0.1,0.66,1,19823,67,9,0.1,0.003368526897938663,0.9961809045226131,15,200
0.004374057315233786,0.1,0.9886363636363636,0.011363636363636364,0.1,0.68,1,19803,87,9,0.1,0.004374057315233786,0.9951758793969849,15,200
0.004927099044746103,0.1,0.98989898989899,0.010101010101010102,0.1,0.7,1,19792,98,9,0.1,0.004927099044746103,0.9946231155778894,15,200
0.004927099044746103,0.1,0.98989898989899,0.010101010101010102,0.1,0.72,1,19792,98,9,0.1,0.004927099044746103,0.9946231155778894,15,200
0.005329311211664153,0.1,0.9906542056074766,0.009345794392523364,0.1,0.74,1,19784,106,9,0.1,0.005329311211664153,0.9942211055276382,15,200
0.006686777275012569,0.1,0.9925373134328358,0.007462686567164179,0.1,0.76,1,19757,133,9,0.1,0.006686777275012569,0.9928643216080402,15,200
0.007440925087983911,0.2,0.9866666666666667,0.013333333333333334,0.2,0.78,2,19742,148,8,0.2,0.007440925087983911,0.9921608040201005,15,200
0.012016088486676723,0.2,0.991701244813278,0.008298755186721992,0.2,0.8,2,19651,239,8,0.2,0.012016088486676723,0.9875879396984925,15,200
0.01322272498743087,0.2,0.9924528301886792,0.007547169811320755,0.2,0.82,2,19627,263,8,0.2,0.01322272498743087,0.9863819095477387,15,200
0.014630467571644042,0.2,0.9931740614334471,0.006825938566552901,0.2,0.84,2,19599,291,8,0.2,0.014630467571644042,0.9849748743718593,15,200
0.016289592760180997,0.2,0.9938650306748467,0.006134969325153374,0.2,0.86,2,19566,324,8,0.2,0.016289592760180997,0.9833165829145729,15,200
0.017848164906988435,0.2,0.9943977591036415,0.0056022408963585435,0.2,0.88,2,19535,355,8,0.2,0.017848164906988435,0.9817587939698492,15,200
0.03021618903971845,0.5,0.9917491749174917,0.00825082508250825,0.5,0.9,5,19289,601,5,0.5,0.03021618903971845,0.9695477386934673,15,200
0.05555555555555555,0.5,0.9954954954954955,0.0045045045045045045,0.5,0.92,5,18785,1105,5,0.5,0.05555555555555555,0.9442211055276382,15,200
0.08044243338360986,0.5,0.9968847352024922,0.003115264797507788,0.5,0.94,5,18290,1600,5,0.5,0.08044243338360986,0.9193467336683417,15,200
0.09431875314228255,0.5,0.9973418394471026,0.002658160552897395,0.5,0.96,5,18014,1876,5,0.5,0.09431875314228255,0.9054773869346734,15,200
0.19240824534942183,0.7,0.9981742305685968,0.0018257694314032342,0.7,0.98,7,16063,3827,3,0.7,0.19240824534942183,0.8075376884422111,15,200
0.9677727501256913,1.0,0.9994807622410302,0.0005192377589698323,1.0,1.0,10,641,19249,0,1.0,0.9677727501256913,0.03271356783919598,15,200
0.0,0.0,0.0,,0.0,0.02,0,19890,0,10,0.0,0.0,0.9994974874371859,16,200
0.0,0.0,0.0,,0.0,0.04,0,19890,0,10,0.0,0.0,0.9994974874371859,16,200
0.0,0.0,0.0,,0.0,0.06,0,19890,0,10,0.0,0.0,0.9994974874371859,16,200
0.0,0.0,0.0,,0.0,0.08,0,19890,0,10,0.0,0.0,0.9994974874371859,16,200
0.0,0.0,0.0,,0.0,0.1,0,19890,0,10,0.0,0.0,0.9994974874371859,16,200
0.0,0.0,0.0,,0.0,0.12,0,19890,0,10,0.0,0.0,0.9994974874371859,16,200
0.0,0.0,0.0,,0.0,0.14,0,19890,0,10,0.0,0.0,0.9994974874371859,16,200
0.0,0.0,0.0,,0.0,0.16,0,19890,0,10,0.0,0.0,0.9994974874371859,16,200
0.0,0.0,0.0,,0.0,0.18,0,19890,0,10,0.0,0.0,0.9994974874371859,16,200
0.0,0.0,0.0,,0.0,0.2,0,19890,0,10,0.0,0.0,0.9994974874371859,16,200
0.0,0.0,0.0,,0.0,0.22,0,19890,0,10,0.0,0.0,0.9994974874371859,16,200
0.0,0.0,0.0,,0.0,0.24,0,19890,0,10,0.0,0.0,0.9994974874371859,16,200
0.0,0.0,0.0,,0.0,0.26,0,19890,0,10,0.0,0.0,0.9994974874371859,16,200
0.0,0.0,0.0,,0.0,0.28,0,19890,0,10,0.0,0.0,0.9994974874371859,16,200
0.0,0.0,0.0,,0.0,0.3,0,19890,0,10,0.0,0.0,0.9994974874371859,16,200
0.0007038712921065862,0.0,1.0,0.0,0.0,0.32,0,19876,14,10,0.0,0.0007038712921065862,0.9987939698492462,16,200
0.0007038712921065862,0.0,1.0,0.0,0.0,0.34,0,19876,14,10,0.0,0.0007038712921065862,0.9987939698492462,16,200
0.0007541478129713424,0.0,1.0,0.0,0.0,0.36,0,19875,15,10,0.0,0.0007541478129713424,0.9987437185929648,16,200
0.000955253896430367,0.0,1.0,0.0,0.0,0.38,0,19871,19,10,0.0,0.000955253896430367,0.9985427135678392,16,200
0.000955253896430367,0.0,1.0,0.0,0.0,0.4,0,19871,19,10,0.0,0.000955253896430367,0.9985427135678392,16,200
0.000955253896430367,0.0,1.0,0.0,0.0,0.42,0,19871,19,10,0.0,0.000955253896430367,0.9985427135678392,16,200
0.001005530417295123,0.0,1.0,0.0,0.0,0.44,0,19870,20,10,0.0,0.001005530417295123,0.9984924623115577,16,200
0.001005530417295123,0.0,1.0,0.0,0.0,0.46,0,19870,20,10,0.0,0.001005530417295123,0.9984924623115577,16,200
0.001005530417295123,0.0,1.0,0.0,0.0,0.48,0,19870,20,10,0.0,0.001005530417295123,0.9984924623115577,16,200
0.001005530417295123,0.0,1.0,0.0,0.0,0.5,0,19870,20,10,0.0,0.001005530417295123,0.9984924623115577,16,200
0.001005530417295123,0.0,1.0,0.0,0.0,0.52,0,19870,20,10,0.0,0.001005530417295123,0.9984924623115577,16,200
0.001005530417295123,0.0,1.0,0.0,0.0,0.54,0,19870,20,10,0.0,0.001005530417295123,0.9984924623115577,16,200
0.001005530417295123,0.0,1.0,0.0,0.0,0.56,0,19870,20,10,0.0,0.001005530417295123,0.9984924623115577,16,200
0.001005530417295123,0.0,1.0,0.0,0.0,0.58,0,19870,20,10,0.0,0.001005530417295123,0.9984924623115577,16,200
0.001558572146807441,0.0,1.0,0.0,0.0,0.6,0,19859,31,10,0.0,0.001558572146807441,0.9979396984924623,16,200
0.001558572146807441,0.0,1.0,0.0,0.0,0.62,0,19859,31,10,0.0,0.001558572146807441,0.9979396984924623,16,200
0.001558572146807441,0.0,1.0,0.0,0.0,0.64,0,19859,31,10,0.0,0.001558572146807441,0.9979396984924623,16,200
0.0016591251885369532,0.0,1.0,0.0,0.0,0.66,0,19857,33,10,0.0,0.0016591251885369532,0.9978391959798995,16,200
0.0016591251885369532,0.0,1.0,0.0,0.0,0.68,0,19857,33,10,0.0,0.0016591251885369532,0.9978391959798995,16,200
0.0018099547511312218,0.0,1.0,0.0,0.0,0.7,0,19854,36,10,0.0,0.0018099547511312218,0.9976884422110552,16,200
0.0018099547511312218,0.0,1.0,0.0,0.0,0.72,0,19854,36,10,0.0,0.0018099547511312218,0.9976884422110552,16,200
0.004122674710910005,0.0,1.0,0.0,0.0,0.74,0,19808,82,10,0.0,0.004122674710910005,0.9953768844221106,16,200
0.007792860734037205,0.1,0.9935897435897436,0.00641025641025641,0.1,0.76,1,19735,155,9,0.1,0.007792860734037205,0.9917587939698492,16,200
0.007792860734037205,0.1,0.9935897435897436,0.00641025641025641,0.1,0.78,1,19735,155,9,0.1,0.007792860734037205,0.9917587939698492,16,200
0.015786827551533433,0.2,0.9936708860759493,0.006329113924050633,0.2,0.8,2,19576,314,8,0.2,0.015786827551533433,0.9838190954773869,16,200
0.017445952740070388,0.2,0.994269340974212,0.0057306590257879654,0.2,0.82,2,19543,347,8,0.2,0.017445952740070388,0.9821608040201005,16,200
0.019356460532931122,0.2,0.9948320413436692,0.00516795865633075,0.2,0.84,2,19505,385,8,0.2,0.019356460532931122,0.9802512562814071,16,200
0.021317244846656612,0.2,0.9953051643192489,0.004694835680751174,0.2,0.86,2,19466,424,8,0.2,0.021317244846656612,0.9782914572864322,16,200
0.0322272498743087,0.3,0.9953416149068323,0.004658385093167702,0.3,0.88,3,19249,641,7,0.3,0.0322272498743087,0.9674371859296482,16,200
0.03544494720965309,0.3,0.9957627118644068,0.00423728813559322,0.3,0.9,3,19185,705,7,0.3,0.03544494720965309,0.9642211055276382,16,200
0.04710910005027652,0.3,0.9968085106382979,0.0031914893617021275,0.3,0.92,3,18953,937,7,0.3,0.04710910005027652,0.9525628140703517,16,200
0.04710910005027652,0.3,0.9968085106382979,0.0031914893617021275,0.3,0.94,3,18953,937,7,0.3,0.04710910005027652,0.9525628140703517,16,200
0.06737053795877325,0.4,0.9970238095238095,0.002976190476190476,0.4,0.96,4,18550,1340,6,0.4,0.06737053795877325,0.9323618090452261,16,200
0.11447963800904977,0.7,0.9969352014010507,0.003064798598949212,0.7,0.98,7,17613,2277,3,0.7,0.11447963800904977,0.8854271356783919,16,200
0.36787330316742084,0.8,0.9989078498293515,0.0010921501706484642,0.8,1.0,8,12573,7317,2,0.8,0.36787330316742084,0.6322110552763819,16,200
0.0,0.0,0.0,,0.0,0.02,0,19890,0,10,0.0,0.0,0.9994974874371859,17,200
0.0,0.0,0.0,,0.0,0.04,0,19890,0,10,0.0,0.0,0.9994974874371859,17,200
0.0,0.0,0.0,,0.0,0.06,0,19890,0,10,0.0,0.0,0.9994974874371859,17,200
0.0,0.0,0.0,,0.0,0.08,0,19890,0,10,0.0,0.0,0.9994974874371859,17,200
0.0,0.0,0.0,,0.0,0.1,0,19890,0,10,0.0,0.0,0.9994974874371859,17,200
0.0,0.0,0.0,,0.0,0.12,0,19890,0,10,0.0,0.0,0.9994974874371859,17,200
0.0,0.0,0.0,,0.0,0.14,0,19890,0,10,0.0,0.0,0.9994974874371859,17,200
0.0,0.0,0.0,,0.0,0.16,0,19890,0,10,0.0,0.0,0.9994974874371859,17,200
0.0,0.0,0.0,,0.0,0.18,0,19890,0,10,0.0,0.0,0.9994974874371859,17,200
0.0,0.0,0.0,,0.0,0.2,0,19890,0,10,0.0,0.0,0.9994974874371859,17,200
0.0,0.0,0.0,,0.0,0.22,0,19890,0,10,0.0,0.0,0.9994974874371859,17,200
0.0,0.0,0.0,,0.0,0.24,0,19890,0,10,0.0,0.0,0.9994974874371859,17,200
0.0,0.0,0.0,,0.0,0.26,0,19890,0,10,0.0,0.0,0.9994974874371859,17,200
0.0,0.0,0.0,,0.0,0.28,0,19890,0,10,0.0,0.0,0.9994974874371859,17,200
0.0,0.0,0.0,,0.0,0.3,0,19890,0,10,0.0,0.0,0.9994974874371859,17,200
0.0,0.0,0.0,,0.0,0.32,0,19890,0,10,0.0,0.0,0.9994974874371859,17,200
0.0,0.0,0.0,,0.0,0.34,0,19890,0,10,0.0,0.0,0.9994974874371859,17,200
0.0,0.0,0.0,,0.0,0.36,0,19890,0,10,0.0,0.0,0.9994974874371859,17,200
0.0,0.0,0.0,,0.0,0.38,0,19890,0,10,0.0,0.0,0.9994974874371859,17,200
0.00010055304172951231,0.0,1.0,0.0,0.0,0.4,0,19888,2,10,0.0,0.00010055304172951231,0.9993969849246231,17,200
0.00010055304172951231,0.0,1.0,0.0,0.0,0.42,0,19888,2,10,0.0,0.00010055304172951231,0.9993969849246231,17,200
0.00010055304172951231,0.0,1.0,0.0,0.0,0.44,0,19888,2,10,0.0,0.00010055304172951231,0.9993969849246231,17,200
0.00015082956259426848,0.0,1.0,0.0,0.0,0.46,0,19887,3,10,0.0,0.00015082956259426848,0.9993467336683417,17,200
0.00015082956259426848,0.0,1.0,0.0,0.0,0.48,0,19887,3,10,0.0,0.00015082956259426848,0.9993467336683417,17,200
0.00015082956259426848,0.0,1.0,0.0,0.0,0.5,0,19887,3,10,0.0,0.00015082956259426848,0.9993467336683417,17,200
0.00015082956259426848,0.0,1.0,0.0,0.0,0.52,0,19887,3,10,0.0,0.00015082956259426848,0.9993467336683417,17,200
0.00015082956259426848,0.0,1.0,0.0,0.0,0.54,0,19887,3,10,0.0,0.00015082956259426848,0.9993467336683417,17,200
0.00015082956259426848,0.0,1.0,0.0,0.0,0.56,0,19887,3,10,0.0,0.00015082956259426848,0.9993467336683417,17,200
0.00020110608345902463,0.0,1.0,0.0,0.0,0.58,0,19886,4,10,0.0,0.00020110608345902463,0.9992964824120603,17,200
0.00020110608345902463,0.0,1.0,0.0,0.0,0.6,0,19886,4,10,0.0,0.00020110608345902463,0.9992964824120603,17,200
0.00045248868778280545,0.0,1.0,0.0,0.0,0.62,0,19881,9,10,0.0,0.00045248868778280545,0.9990452261306533,17,200
0.00045248868778280545,0.0,1.0,0.0,0.0,0.64,0,19881,9,10,0.0,0.00045248868778280545,0.9990452261306533,17,200
0.00045248868778280545,0.0,1.0,0.0,0.0,0.66,0,19881,9,10,0.0,0.00045248868778280545,0.9990452261306533,17,200
0.00045248868778280545,0.0,1.0,0.0,0.0,0.68,0,19881,9,10,0.0,0.00045248868778280545,0.9990452261306533,17,200
0.00045248868778280545,0.0,1.0,0.0,0.0,0.7,0,19881,9,10,0.0,0.00045248868778280545,0.9990452261306533,17,200
0.00045248868778280545,0.0,1.0,0.0,0.0,0.72,0,19881,9,10,0.0,0.00045248868778280545,0.9990452261306533,17,200
0.00045248868778280545,0.0,1.0,0.0,0.0,0.74,0,19881,9,10,0.0,0.00045248868778280545,0.9990452261306533,17,200
0.0007038712921065862,0.0,1.0,0.0,0.0,0.76,0,19876,14,10,0.0,0.0007038712921065862,0.9987939698492462,17,200
0.0008044243338360985,0.0,1.0,0.0,0.0,0.78,0,19874,16,10,0.0,0.0008044243338360985,0.9986934673366834,17,200
0.0009049773755656109,0.0,1.0,0.0,0.0,0.8,0,19872,18,10,0.0,0.0009049773755656109,0.9985929648241206,17,200
0.0009049773755656109,0.0,1.0,0.0,0.0,0.82,0,19872,18,10,0.0,0.0009049773755656109,0.9985929648241206,17,200
0.001005530417295123,0.0,1.0,0.0,0.0,0.84,0,19870,20,10,0.0,0.001005530417295123,0.9984924623115577,17,200
0.0011563599798893917,0.0,1.0,0.0,0.0,0.86,0,19867,23,10,0.0,0.0011563599798893917,0.9983417085427135,17,200
0.00130718954248366,0.0,1.0,0.0,0.0,0.88,0,19864,26,10,0.0,0.00130718954248366,0.9981909547738693,17,200
0.00130718954248366,0.0,1.0,0.0,0.0,0.9,0,19864,26,10,0.0,0.00130718954248366,0.9981909547738693,17,200
0.00130718954248366,0.0,1.0,0.0,0.0,0.92,0,19864,26,10,0.0,0.00130718954248366,0.9981909547738693,17,200
0.00130718954248366,0.0,1.0,0.0,0.0,0.94,0,19864,26,10,0.0,0.00130718954248366,0.9981909547738693,17,200
0.004977375565610859,0.0,1.0,0.0,0.0,0.96,0,19791,99,10,0.0,0.004977375565610859,0.9945226130653266,17,200
0.004977375565610859,0.0,1.0,0.0,0.0,0.98,0,19791,99,10,0.0,0.004977375565610859,0.9945226130653266,17,200
0.3262946204122675,0.5,0.9992301770592764,0.0007698229407236335,0.5,1.0,5,13400,6490,5,0.5,0.3262946204122675,0.6736180904522613,17,200
0.0,0.0,0.0,,0.0,0.02,0,19890,0,10,0.0,0.0,0.9994974874371859,18,200
0.0,0.0,0.0,,0.0,0.04,0,19890,0,10,0.0,0.0,0.9994974874371859,18,200
0.0,0.0,0.0,,0.0,0.06,0,19890,0,10,0.0,0.0,0.9994974874371859,18,200
0.0,0.0,0.0,,0.0,0.08,0,19890,0,10,0.0,0.0,0.9994974874371859,18,200
0.0,0.0,0.0,,0.0,0.1,0,19890,0,10,0.0,0.0,0.9994974874371859,18,200
0.0,0.0,0.0,,0.0,0.12,0,19890,0,10,0.0,0.0,0.9994974874371859,18,200
0.0,0.0,0.0,,0.0,0.14,0,19890,0,10,0.0,0.0,0.9994974874371859,18,200
0.0,0.0,0.0,,0.0,0.16,0,19890,0,10,0.0,0.0,0.9994974874371859,18,200
0.0,0.0,0.0,,0.0,0.18,0,19890,0,10,0.0,0.0,0.9994974874371859,18,200
0.0,0.0,0.0,,0.0,0.2,0,19890,0,10,0.0,0.0,0.9994974874371859,18,200
0.0,0.0,0.0,,0.0,0.22,0,19890,0,10,0.0,0.0,0.9994974874371859,18,200
0.0,0.0,0.0,,0.0,0.24,0,19890,0,10,0.0,0.0,0.9994974874371859,18,200
0.0,0.0,0.0,,0.0,0.26,0,19890,0,10,0.0,0.0,0.9994974874371859,18,200
0.0,0.0,0.0,,0.0,0.28,0,19890,0,10,0.0,0.0,0.9994974874371859,18,200
0.0,0.0,0.0,,0.0,0.3,0,19890,0,10,0.0,0.0,0.9994974874371859,18,200
0.0,0.0,0.0,,0.0,0.32,0,19890,0,10,0.0,0.0,0.9994974874371859,18,200
0.0,0.0,0.0,,0.0,0.34,0,19890,0,10,0.0,0.0,0.9994974874371859,18,200
0.0,0.0,0.0,,0.0,0.36,0,19890,0,10,0.0,0.0,0.9994974874371859,18,200
0.0,0.0,0.0,,0.0,0.38,0,19890,0,10,0.0,0.0,0.9994974874371859,18,200
0.0,0.0,0.0,,0.0,0.4,0,19890,0,10,0.0,0.0,0.9994974874371859,18,200
0.0,0.0,0.0,,0.0,0.42,0,19890,0,10,0.0,0.0,0.9994974874371859,18,200
0.0,0.0,0.0,,0.0,0.44,0,19890,0,10,0.0,0.0,0.9994974874371859,18,200
0.0,0.0,0.0,,0.0,0.46,0,19890,0,10,0.0,0.0,0.9994974874371859,18,200
0.0,0.0,0.0,,0.0,0.48,0,19890,0,10,0.0,0.0,0.9994974874371859,18,200
0.0,0.0,0.0,,0.0,0.5,0,19890,0,10,0.0,0.0,0.9994974874371859,18,200
0.0,0.0,0.0,,0.0,0.52,0,19890,0,10,0.0,0.0,0.9994974874371859,18,200
0.0,0.0,0.0,,0.0,0.54,0,19890,0,10,0.0,0.0,0.9994974874371859,18,200
0.0,0.0,0.0,,0.0,0.56,0,19890,0,10,0.0,0.0,0.9994974874371859,18,200
0.0,0.0,0.0,,0.0,0.58,0,19890,0,10,0.0,0.0,0.9994974874371859,18,200
0.0,0.0,0.0,,0.0,0.6,0,19890,0,10,0.0,0.0,0.9994974874371859,18,200
0.0,0.0,0.0,,0.0,0.62,0,19890,0,10,0.0,0.0,0.9994974874371859,18,200
0.0,0.0,0.0,,0.0,0.64,0,19890,0,10,0.0,0.0,0.9994974874371859,18,200
5.0276520864756156e-05,0.0,1.0,0.0,0.0,0.66,0,19889,1,10,0.0,5.0276520864756156e-05,0.9994472361809045,18,200
5.0276520864756156e-05,0.0,1.0,0.0,0.0,0.68,0,19889,1,10,0.0,5.0276520864756156e-05,0.9994472361809045,18,200
5.0276520864756156e-05,0.0,1.0,0.0,0.0,0.7,0,19889,1,10,0.0,5.0276520864756156e-05,0.9994472361809045,18,200
5.0276520864756156e-05,0.0,1.0,0.0,0.0,0.72,0,19889,1,10,0.0,5.0276520864756156e-05,0.9994472361809045,18,200
0.0007038712921065862,0.0,1.0,0.0,0.0,0.74,0,19876,14,10,0.0,0.0007038712921065862,0.9987939698492462,18,200
0.0007038712921065862,0.0,1.0,0.0,0.0,0.76,0,19876,14,10,0.0,0.0007038712921065862,0.9987939698492462,18,200
0.002212166918049271,0.1,0.9777777777777777,0.022222222222222223,0.1,0.78,1,19846,44,9,0.1,0.002212166918049271,0.9973366834170855,18,200
0.002212166918049271,0.1,0.9777777777777777,0.022222222222222223,0.1,0.8,1,19846,44,9,0.1,0.002212166918049271,0.9973366834170855,18,200
0.002765208647561589,0.1,0.9821428571428571,0.017857142857142856,0.1,0.82,1,19835,55,9,0.1,0.002765208647561589,0.99678391959799,18,200
0.002765208647561589,0.1,0.9821428571428571,0.017857142857142856,0.1,0.84,1,19835,55,9,0.1,0.002765208647561589,0.99678391959799,18,200
0.0030668677727501256,0.1,0.9838709677419355,0.016129032258064516,0.1,0.86,1,19829,61,9,0.1,0.0030668677727501256,0.9964824120603015,18,200
0.003418803418803419,0.1,0.9855072463768116,0.014492753623188406,0.1,0.88,1,19822,68,9,0.1,0.003418803418803419,0.9961306532663317,18,200
0.005077928607340372,0.1,0.9901960784313726,0.00980392156862745,0.1,0.9,1,19789,101,9,0.1,0.005077928607340372,0.9944723618090452,18,200
0.005077928607340372,0.1,0.9901960784313726,0.00980392156862745,0.1,0.92,1,19789,101,9,0.1,0.005077928607340372,0.9944723618090452,18,200
0.00930115635997989,0.2,0.9893048128342246,0.0106951871657754,0.2,0.94,2,19705,185,8,0.2,0.00930115635997989,0.9903015075376884,18,200
0.01845148315736551,0.2,0.994579945799458,0.005420054200542005,0.2,0.96,2,19523,367,8,0.2,0.01845148315736551,0.9811557788944724,18,200
0.16641528406234288,0.5,0.9984917043740573,0.0015082956259426848,0.5,0.98,5,16580,3310,5,0.5,0.16641528406234288,0.8334170854271357,18,200
0.9663147310206134,1.0,0.999479979199168,0.0005200208008320333,1.0,1.0,10,670,19220,0,1.0,0.9663147310206134,0.034170854271356785,18,200
5.0276520864756156e-05,0.0,1.0,0.0,0.0,0.02,0,19889,1,10,0.0,5.0276520864756156e-05,0.9994472361809045,19,200
5.0276520864756156e-05,0.0,1.0,0.0,0.0,0.04,0,19889,1,10,0.0,5.0276520864756156e-05,0.9994472361809045,19,200
5.0276520864756156e-05,0.0,1.0,0.0,0.0,0.06,0,19889,1,10,0.0,5.0276520864756156e-05,0.9994472361809045,19,200
5.0276520864756156e-05,0.0,1.0,0.0,0.0,0.08,0,19889,1,10,0.0,5.0276520864756156e-05,0.9994472361809045,19,200
5.0276520864756156e-05,0.0,1.0,0.0,0.0,0.1,0,19889,1,10,0.0,5.0276520864756156e-05,0.9994472361809045,19,200
5.0276520864756156e-05,0.0,1.0,0.0,0.0,0.12,0,19889,1,10,0.0,5.0276520864756156e-05,0.9994472361809045,19,200
5.0276520864756156e-05,0.0,1.0,0.0,0.0,0.14,0,19889,1,10,0.0,5.0276520864756156e-05,0.9994472361809045,19,200
5.0276520864756156e-05,0.0,1.0,0.0,0.0,0.16,0,19889,1,10,0.0,5.0276520864756156e-05,0.9994472361809045,19,200
5.0276520864756156e-05,0.0,1.0,0.0,0.0,0.18,0,19889,1,10,0.0,5.0276520864756156e-05,0.9994472361809045,19,200
5.0276520864756156e-05,0.0,1.0,0.0,0.0,0.2,0,19889,1,10,0.0,5.0276520864756156e-05,0.9994472361809045,19,200
0.00025138260432378077,0.0,1.0,0.0,0.0,0.22,0,19885,5,10,0.0,0.00025138260432378077,0.9992462311557789,19,200
0.00025138260432378077,0.0,1.0,0.0,0.0,0.24,0,19885,5,10,0.0,0.00025138260432378077,0.9992462311557789,19,200
0.00025138260432378077,0.0,1.0,0.0,0.0,0.26,0,19885,5,10,0.0,0.00025138260432378077,0.9992462311557789,19,200
0.00025138260432378077,0.0,1.0,0.0,0.0,0.28,0,19885,5,10,0.0,0.00025138260432378077,0.9992462311557789,19,200
0.00025138260432378077,0.0,1.0,0.0,0.0,0.3,0,19885,5,10,0.0,0.00025138260432378077,0.9992462311557789,19,200
0.00025138260432378077,0.0,1.0,0.0,0.0,0.32,0,19885,5,10,0.0,0.00025138260432378077,0.9992462311557789,19,200
0.00025138260432378077,0.0,1.0,0.0,0.0,0.34,0,19885,5,10,0.0,0.00025138260432378077,0.9992462311557789,19,200
0.00025138260432378077,0.0,1.0,0.0,0.0,0.36,0,19885,5,10,0.0,0.00025138260432378077,0.9992462311557789,19,200
0.00025138260432378077,0.0,1.0,0.0,0.0,0.38,0,19885,5,10,0.0,0.00025138260432378077,0.9992462311557789,19,200
0.00025138260432378077,0.0,1.0,0.0,0.0,0.4,0,19885,5,10,0.0,0.00025138260432378077,0.9992462311557789,19,200
0.00025138260432378077,0.0,1.0,0.0,0.0,0.42,0,19885,5,10,0.0,0.00025138260432378077,0.9992462311557789,19,200
0.00025138260432378077,0.0,1.0,0.0,0.0,0.44,0,19885,5,10,0.0,0.00025138260432378077,0.9992462311557789,19,200
0.00025138260432378077,0.0,1.0,0.0,0.0,0.46,0,19885,5,10,0.0,0.00025138260432378077,0.9992462311557789,19,200
0.00025138260432378077,0.0,1.0,0.0,0.0,0.48,0,19885,5,10,0.0,0.00025138260432378077,0.9992462311557789,19,200
0.00025138260432378077,0.0,1.0,0.0,0.0,0.5,0,19885,5,10,0.0,0.00025138260432378077,0.9992462311557789,19,200
0.00025138260432378077,0.0,1.0,0.0,0.0,0.52,0,19885,5,10,0.0,0.00025138260432378077,0.9992462311557789,19,200
0.00025138260432378077,0.0,1.0,0.0,0.0,0.54,0,19885,5,10,0.0,0.00025138260432378077,0.9992462311557789,19,200
0.0011563599798893917,0.0,1.0,0.0,0.0,0.56,0,19867,23,10,0.0,0.0011563599798893917,0.9983417085427135,19,200
0.0011563599798893917,0.0,1.0,0.0,0.0,0.58,0,19867,23,10,0.0,0.0011563599798893917,0.9983417085427135,19,200
0.0011563599798893917,0.0,1.0,0.0,0.0,0.6,0,19867,23,10,0.0,0.0011563599798893917,0.9983417085427135,19,200
0.0011563599798893917,0.0,1.0,0.0,0.0,0.62,0,19867,23,10,0.0,0.0011563599798893917,0.9983417085427135,19,200
0.0012066365007541479,0.0,1.0,0.0,0.0,0.64,0,19866,24,10,0.0,0.0012066365007541479,0.9982914572864322,19,200
0.0012066365007541479,0.0,1.0,0.0,0.0,0.66,0,19866,24,10,0.0,0.0012066365007541479,0.9982914572864322,19,200
0.001608848667672197,0.0,1.0,0.0,0.0,0.68,0,19858,32,10,0.0,0.001608848667672197,0.9978894472361809,19,200
0.001608848667672197,0.0,1.0,0.0,0.0,0.7,0,19858,32,10,0.0,0.001608848667672197,0.9978894472361809,19,200
0.001608848667672197,0.0,1.0,0.0,0.0,0.72,0,19858,32,10,0.0,0.001608848667672197,0.9978894472361809,19,200
0.001608848667672197,0.0,1.0,0.0,0.0,0.74,0,19858,32,10,0.0,0.001608848667672197,0.9978894472361809,19,200
0.001608848667672197,0.0,1.0,0.0,0.0,0.76,0,19858,32,10,0.0,0.001608848667672197,0.9978894472361809,19,200
0.0016591251885369532,0.0,1.0,0.0,0.0,0.78,0,19857,33,10,0.0,0.0016591251885369532,0.9978391959798995,19,200
0.0016591251885369532,0.0,1.0,0.0,0.0,0.8,0,19857,33,10,0.0,0.0016591251885369532,0.9978391959798995,19,200
0.0018602312719959778,0.0,1.0,0.0,0.0,0.82,0,19853,37,10,0.0,0.0018602312719959778,0.9976381909547739,19,200
0.0024635495223730517,0.0,1.0,0.0,0.0,0.84,0,19841,49,10,0.0,0.0024635495223730517,0.9970351758793969,19,200
0.0024635495223730517,0.0,1.0,0.0,0.0,0.86,0,19841,49,10,0.0,0.0024635495223730517,0.9970351758793969,19,200
0.009100050276520865,0.2,0.9890710382513661,0.01092896174863388,0.2,0.88,2,19709,181,8,0.2,0.009100050276520865,0.9905025125628141,19,200
0.011664152840623429,0.3,0.9872340425531915,0.01276595744680851,0.3,0.9,3,19658,232,7,0.3,0.011664152840623429,0.9879899497487438,19,200
0.019808949220713926,0.4,0.9899497487437185,0.010050251256281407,0.4,0.92,4,19496,394,6,0.4,0.019808949220713926,0.9798994974874372,19,200
0.028104575163398694,0.4,0.9928952042628775,0.007104795737122558,0.4,0.94,4,19331,559,6,0.4,0.028104575163398694,0.971608040201005,19,200
0.03102061337355455,0.4,0.9935587761674718,0.00644122383252818,0.4,0.96,4,19273,617,6,0.4,0.03102061337355455,0.9686934673366834,19,200
0.038310708898944196,0.5,0.9934810951760105,0.00651890482398957,0.5,0.98,5,19128,762,5,0.5,0.038310708898944196,0.9614572864321608,19,200
0.9630467571644042,1.0,0.9994782154969998,0.0005217845030002609,1.0,1.0,10,735,19155,0,1.0,0.9630467571644042,0.03743718592964824,19,200
5.0276520864756156e-05,0.0,1.0,0.0,0.0,0.02,0,19889,1,10,0.0,5.0276520864756156e-05,0.9994472361809045,20,200
5.0276520864756156e-05,0.0,1.0,0.0,0.0,0.04,0,19889,1,10,0.0,5.0276520864756156e-05,0.9994472361809045,20,200
5.0276520864756156e-05,0.0,1.0,0.0,0.0,0.06,0,19889,1,10,0.0,5.0276520864756156e-05,0.9994472361809045,20,200
5.0276520864756156e-05,0.0,1.0,0.0,0.0,0.08,0,19889,1,10,0.0,5.0276520864756156e-05,0.9994472361809045,20,200
5.0276520864756156e-05,0.0,1.0,0.0,0.0,0.1,0,19889,1,10,0.0,5.0276520864756156e-05,0.9994472361809045,20,200
5.0276520864756156e-05,0.0,1.0,0.0,0.0,0.12,0,19889,1,10,0.0,5.0276520864756156e-05,0.9994472361809045,20,200
5.0276520864756156e-05,0.0,1.0,0.0,0.0,0.14,0,19889,1,10,0.0,5.0276520864756156e-05,0.9994472361809045,20,200
5.0276520864756156e-05,0.0,1.0,0.0,0.0,0.16,0,19889,1,10,0.0,5.0276520864756156e-05,0.9994472361809045,20,200
0.00015082956259426848,0.0,1.0,0.0,0.0,0.18,0,19887,3,10,0.0,0.00015082956259426848,0.9993467336683417,20,200
0.00015082956259426848,0.0,1.0,0.0,0.0,0.2,0,19887,3,10,0.0,0.00015082956259426848,0.9993467336683417,20,200
0.00015082956259426848,0.0,1.0,0.0,0.0,0.22,0,19887,3,10,0.0,0.00015082956259426848,0.9993467336683417,20,200
0.00015082956259426848,0.0,1.0,0.0,0.0,0.24,0,19887,3,10,0.0,0.00015082956259426848,0.9993467336683417,20,200
0.00015082956259426848,0.0,1.0,0.0,0.0,0.26,0,19887,3,10,0.0,0.00015082956259426848,0.9993467336683417,20,200
0.00015082956259426848,0.0,1.0,0.0,0.0,0.28,0,19887,3,10,0.0,0.00015082956259426848,0.9993467336683417,20,200
0.00015082956259426848,0.0,1.0,0.0,0.0,0.3,0,19887,3,10,0.0,0.00015082956259426848,0.9993467336683417,20,200
0.00015082956259426848,0.0,1.0,0.0,0.0,0.32,0,19887,3,10,0.0,0.00015082956259426848,0.9993467336683417,20,200
0.00015082956259426848,0.0,1.0,0.0,0.0,0.34,0,19887,3,10,0.0,0.00015082956259426848,0.9993467336683417,20,200
0.00015082956259426848,0.0,1.0,0.0,0.0,0.36,0,19887,3,10,0.0,0.00015082956259426848,0.9993467336683417,20,200
0.00015082956259426848,0.0,1.0,0.0,0.0,0.38,0,19887,3,10,0.0,0.00015082956259426848,0.9993467336683417,20,200
0.00020110608345902463,0.0,1.0,0.0,0.0,0.4,0,19886,4,10,0.0,0.00020110608345902463,0.9992964824120603,20,200
0.00020110608345902463,0.0,1.0,0.0,0.0,0.42,0,19886,4,10,0.0,0.00020110608345902463,0.9992964824120603,20,200
0.00020110608345902463,0.0,1.0,0.0,0.0,0.44,0,19886,4,10,0.0,0.00020110608345902463,0.9992964824120603,20,200
0.00020110608345902463,0.0,1.0,0.0,0.0,0.46,0,19886,4,10,0.0,0.00020110608345902463,0.9992964824120603,20,200
0.00196078431372549,0.0,1.0,0.0,0.0,0.48,0,19851,39,10,0.0,0.00196078431372549,0.997537688442211,20,200
0.0022624434389140274,0.0,1.0,0.0,0.0,0.5,0,19845,45,10,0.0,0.0022624434389140274,0.9972361809045226,20,200
0.0022624434389140274,0.0,1.0,0.0,0.0,0.52,0,19845,45,10,0.0,0.0022624434389140274,0.9972361809045226,20,200
0.0022624434389140274,0.0,1.0,0.0,0.0,0.54,0,19845,45,10,0.0,0.0022624434389140274,0.9972361809045226,20,200
0.0024132730015082957,0.0,1.0,0.0,0.0,0.56,0,19842,48,10,0.0,0.0024132730015082957,0.9970854271356784,20,200
0.002815485168426345,0.0,1.0,0.0,0.0,0.58,0,19834,56,10,0.0,0.002815485168426345,0.9966834170854272,20,200
0.002815485168426345,0.0,1.0,0.0,0.0,0.6,0,19834,56,10,0.0,0.002815485168426345,0.9966834170854272,20,200
0.003117144293614882,0.1,0.9841269841269841,0.015873015873015872,0.1,0.62,1,19828,62,9,0.1,0.003117144293614882,0.9964321608040201,20,200
0.00432378079436903,0.1,0.9885057471264368,0.011494252873563218,0.1,0.64,1,19804,86,9,0.1,0.00432378079436903,0.9952261306532664,20,200
0.00432378079436903,0.1,0.9885057471264368,0.011494252873563218,0.1,0.66,1,19804,86,9,0.1,0.00432378079436903,0.9952261306532664,20,200
0.006737053795877326,0.2,0.9852941176470589,0.014705882352941176,0.2,0.68,2,19756,134,8,0.2,0.006737053795877326,0.9928643216080402,20,200
0.006737053795877326,0.2,0.9852941176470589,0.014705882352941176,0.2,0.7,2,19756,134,8,0.2,0.006737053795877326,0.9928643216080402,20,200
0.007692307692307693,0.2,0.9870967741935484,0.012903225806451613,0.2,0.72,2,19737,153,8,0.2,0.007692307692307693,0.9919095477386934,20,200
0.0102061337355455,0.2,0.9902439024390244,0.00975609756097561,0.2,0.74,2,19687,203,8,0.2,0.0102061337355455,0.9893969849246231,20,200
0.011613876319758673,0.2,0.9914163090128756,0.008583690987124463,0.2,0.76,2,19659,231,8,0.2,0.011613876319758673,0.9879899497487438,20,200
0.011613876319758673,0.2,0.9914163090128756,0.008583690987124463,0.2,0.78,2,19659,231,8,0.2,0.011613876319758673,0.9879899497487438,20,200
0.01518350930115636,0.2,0.993421052631579,0.006578947368421052,0.2,0.8,2,19588,302,8,0.2,0.01518350930115636,0.9844221105527639,20,200
0.02001005530417295,0.2,0.995,0.005,0.2,0.82,2,19492,398,8,0.2,0.02001005530417295,0.9795979899497488,20,200
0.02001005530417295,0.2,0.995,0.005,0.2,0.84,2,19492,398,8,0.2,0.02001005530417295,0.9795979899497488,20,200
0.02895927601809955,0.2,0.9965397923875432,0.0034602076124567475,0.2,0.86,2,19314,576,8,0.2,0.02895927601809955,0.9706532663316583,20,200
0.03262946204122675,0.2,0.9969278033794163,0.0030721966205837174,0.2,0.88,2,19241,649,8,0.2,0.03262946204122675,0.9669849246231156,20,200
0.053544494720965306,0.2,0.9981255857544518,0.0018744142455482662,0.2,0.9,2,18825,1065,8,0.2,0.053544494720965306,0.9460804020100503,20,200
0.07611865258924082,0.2,0.9986807387862797,0.0013192612137203166,0.2,0.92,2,18376,1514,8,0.2,0.07611865258924082,0.9235175879396985,20,200
0.11649069884364002,0.3,0.9987068965517242,0.001293103448275862,0.3,0.94,3,17573,2317,7,0.3,0.11649069884364002,0.88321608040201,20,200
0.17209653092006033,0.4,0.9988327983659178,0.0011672016340822876,0.4,0.96,4,16467,3423,6,0.4,0.17209653092006033,0.8276884422110553,20,200
0.22473604826546004,0.5,0.9988826815642458,0.0011173184357541898,0.5,0.98,5,15420,4470,5,0.5,0.22473604826546004,0.7751256281407035,20,200
0.9578682755153344,1.0,0.9994753960759627,0.0005246039240373518,1.0,1.0,10,838,19052,0,1.0,0.9578682755153344,0.042613065326633164,20,200
0.0,0.0,0.0,,0.0,0.02,0,19890,0,10,0.0,0.0,0.9994974874371859,21,200
0.0,0.0,0.0,,0.0,0.04,0,19890,0,10,0.0,0.0,0.9994974874371859,21,200
0.0,0.0,0.0,,0.0,0.06,0,19890,0,10,0.0,0.0,0.9994974874371859,21,200
0.0,0.0,0.0,,0.0,0.08,0,19890,0,10,0.0,0.0,0.9994974874371859,21,200
0.0,0.0,0.0,,0.0,0.1,0,19890,0,10,0.0,0.0,0.9994974874371859,21,200
0.0,0.0,0.0,,0.0,0.12,0,19890,0,10,0.0,0.0,0.9994974874371859,21,200
0.0,0.0,0.0,,0.0,0.14,0,19890,0,10,0.0,0.0,0.9994974874371859,21,200
0.0,0.0,0.0,,0.0,0.16,0,19890,0,10,0.0,0.0,0.9994974874371859,21,200
0.0,0.0,0.0,,0.0,0.18,0,19890,0,10,0.0,0.0,0.9994974874371859,21,200
0.0,0.0,0.0,,0.0,0.2,0,19890,0,10,0.0,0.0,0.9994974874371859,21,200
0.0,0.0,0.0,,0.0,0.22,0,19890,0,10,0.0,0.0,0.9994974874371859,21,200
0.0,0.0,0.0,,0.0,0.24,0,19890,0,10,0.0,0.0,0.9994974874371859,21,200
0.0,0.0,0.0,,0.0,0.26,0,19890,0,10,0.0,0.0,0.9994974874371859,21,200
0.0,0.0,0.0,,0.0,0.28,0,19890,0,10,0.0,0.0,0.9994974874371859,21,200
0.0,0.0,0.0,,0.0,0.3,0,19890,0,10,0.0,0.0,0.9994974874371859,21,200
0.0,0.0,0.0,,0.0,0.32,0,19890,0,10,0.0,0.0,0.9994974874371859,21,200
0.0,0.0,0.0,,0.0,0.34,0,19890,0,10,0.0,0.0,0.9994974874371859,21,200
0.0,0.0,0.0,,0.0,0.36,0,19890,0,10,0.0,0.0,0.9994974874371859,21,200
0.0,0.0,0.0,,0.0,0.38,0,19890,0,10,0.0,0.0,0.9994974874371859,21,200
0.0,0.0,0.0,,0.0,0.4,0,19890,0,10,0.0,0.0,0.9994974874371859,21,200
0.0,0.0,0.0,,0.0,0.42,0,19890,0,10,0.0,0.0,0.9994974874371859,21,200
0.0,0.0,0.0,,0.0,0.44,0,19890,0,10,0.0,0.0,0.9994974874371859,21,200
0.0,0.0,0.0,,0.0,0.46,0,19890,0,10,0.0,0.0,0.9994974874371859,21,200
0.0,0.0,0.0,,0.0,0.48,0,19890,0,10,0.0,0.0,0.9994974874371859,21,200
0.0,0.0,0.0,,0.0,0.5,0,19890,0,10,0.0,0.0,0.9994974874371859,21,200
0.0,0.0,0.0,,0.0,0.52,0,19890,0,10,0.0,0.0,0.9994974874371859,21,200
0.0007541478129713424,0.0,1.0,0.0,0.0,0.54,0,19875,15,10,0.0,0.0007541478129713424,0.9987437185929648,21,200
0.0007541478129713424,0.0,1.0,0.0,0.0,0.56,0,19875,15,10,0.0,0.0007541478129713424,0.9987437185929648,21,200
0.000955253896430367,0.0,1.0,0.0,0.0,0.58,0,19871,19,10,0.0,0.000955253896430367,0.9985427135678392,21,200
0.000955253896430367,0.0,1.0,0.0,0.0,0.6,0,19871,19,10,0.0,0.000955253896430367,0.9985427135678392,21,200
0.0014077425842131724,0.0,1.0,0.0,0.0,0.62,0,19862,28,10,0.0,0.0014077425842131724,0.9980904522613065,21,200
0.0014077425842131724,0.0,1.0,0.0,0.0,0.64,0,19862,28,10,0.0,0.0014077425842131724,0.9980904522613065,21,200
0.0018099547511312218,0.0,1.0,0.0,0.0,0.66,0,19854,36,10,0.0,0.0018099547511312218,0.9976884422110552,21,200
0.002011060834590246,0.0,1.0,0.0,0.0,0.68,0,19850,40,10,0.0,0.002011060834590246,0.9974874371859297,21,200
0.002011060834590246,0.0,1.0,0.0,0.0,0.7,0,19850,40,10,0.0,0.002011060834590246,0.9974874371859297,21,200
0.002513826043237808,0.0,1.0,0.0,0.0,0.72,0,19840,50,10,0.0,0.002513826043237808,0.9969849246231156,21,200
0.002513826043237808,0.0,1.0,0.0,0.0,0.74,0,19840,50,10,0.0,0.002513826043237808,0.9969849246231156,21,200
0.0027149321266968325,0.0,1.0,0.0,0.0,0.76,0,19836,54,10,0.0,0.0027149321266968325,0.99678391959799,21,200
0.0027149321266968325,0.0,1.0,0.0,0.0,0.78,0,19836,54,10,0.0,0.0027149321266968325,0.99678391959799,21,200
0.0034690799396681748,0.0,1.0,0.0,0.0,0.8,0,19821,69,10,0.0,0.0034690799396681748,0.9960301507537689,21,200
0.0034690799396681748,0.0,1.0,0.0,0.0,0.82,0,19821,69,10,0.0,0.0034690799396681748,0.9960301507537689,21,200
0.016591251885369532,0.3,0.990990990990991,0.009009009009009009,0.3,0.84,3,19560,330,7,0.3,0.016591251885369532,0.9830653266331658,21,200
0.02564102564102564,0.4,0.9922178988326849,0.007782101167315175,0.4,0.86,4,19380,510,6,0.4,0.02564102564102564,0.974070351758794,21,200
0.02564102564102564,0.4,0.9922178988326849,0.007782101167315175,0.4,0.88,4,19380,510,6,0.4,0.02564102564102564,0.974070351758794,21,200
0.027702362996480642,0.4,0.9927927927927928,0.007207207207207207,0.4,0.9,4,19339,551,6,0.4,0.027702362996480642,0.9720100502512563,21,200
0.04489693313222725,0.5,0.9944320712694877,0.005567928730512249,0.5,0.92,5,18997,893,5,0.5,0.04489693313222725,0.9548743718592965,21,200
0.04489693313222725,0.5,0.9944320712694877,0.005567928730512249,0.5,0.94,5,18997,893,5,0.5,0.04489693313222725,0.9548743718592965,21,200
0.09145299145299145,0.6,0.9967123287671232,0.0032876712328767125,0.6,0.96,6,18071,1819,4,0.6,0.09145299145299145,0.908391959798995,21,200
0.14811463046757165,0.7,0.9976295292922451,0.0023704707077548256,0.7,0.98,7,16944,2946,3,0.7,0.14811463046757165,0.8518090452261307,21,200
0.9341377576671694,0.9,0.9995158427026736,0.0004841572973263758,0.9,1.0,9,1310,18580,1,0.9,0.9341377576671694,0.06628140703517588,21,200
5.0276520864756156e-05,0.0,1.0,0.0,0.0,0.02,0,19889,1,10,0.0,5.0276520864756156e-05,0.9994472361809045,22,200
5.0276520864756156e-05,0.0,1.0,0.0,0.0,0.04,0,19889,1,10,0.0,5.0276520864756156e-05,0.9994472361809045,22,200
5.0276520864756156e-05,0.0,1.0,0.0,0.0,0.06,0,19889,1,10,0.0,5.0276520864756156e-05,0.9994472361809045,22,200
5.0276520864756156e-05,0.0,1.0,0.0,0.0,0.08,0,19889,1,10,0.0,5.0276520864756156e-05,0.9994472361809045,22,200
5.0276520864756156e-05,0.0,1.0,0.0,0.0,0.1,0,19889,1,10,0.0,5.0276520864756156e-05,0.9994472361809045,22,200
5.0276520864756156e-05,0.0,1.0,0.0,0.0,0.12,0,19889,1,10,0.0,5.0276520864756156e-05,0.9994472361809045,22,200
5.0276520864756156e-05,0.0,1.0,0.0,0.0,0.14,0,19889,1,10,0.0,5.0276520864756156e-05,0.9994472361809045,22,200
0.00010055304172951231,0.0,1.0,0.0,0.0,0.16,0,19888,2,10,0.0,0.00010055304172951231,0.9993969849246231,22,200
0.00010055304172951231,0.0,1.0,0.0,0.0,0.18,0,19888,2,10,0.0,0.00010055304172951231,0.9993969849246231,22,200
0.00010055304172951231,0.0,1.0,0.0,0.0,0.2,0,19888,2,10,0.0,0.00010055304172951231,0.9993969849246231,22,200
0.00010055304172951231,0.0,1.0,0.0,0.0,0.22,0,19888,2,10,0.0,0.00010055304172951231,0.9993969849246231,22,200
0.00010055304172951231,0.0,1.0,0.0,0.0,0.24,0,19888,2,10,0.0,0.00010055304172951231,0.9993969849246231,22,200
0.00010055304172951231,0.0,1.0,0.0,0.0,0.26,0,19888,2,10,0.0,0.00010055304172951231,0.9993969849246231,22,200
0.00010055304172951231,0.0,1.0,0.0,0.0,0.28,0,19888,2,10,0.0,0.00010055304172951231,0.9993969849246231,22,200
0.00010055304172951231,0.0,1.0,0.0,0.0,0.3,0,19888,2,10,0.0,0.00010055304172951231,0.9993969849246231,22,200
0.00015082956259426848,0.0,1.0,0.0,0.0,0.32,0,19887,3,10,0.0,0.00015082956259426848,0.9993467336683417,22,200
0.00015082956259426848,0.0,1.0,0.0,0.0,0.34,0,19887,3,10,0.0,0.00015082956259426848,0.9993467336683417,22,200
0.00015082956259426848,0.0,1.0,0.0,0.0,0.36,0,19887,3,10,0.0,0.00015082956259426848,0.9993467336683417,22,200
0.00015082956259426848,0.0,1.0,0.0,0.0,0.38,0,19887,3,10,0.0,0.00015082956259426848,0.9993467336683417,22,200
0.00015082956259426848,0.0,1.0,0.0,0.0,0.4,0,19887,3,10,0.0,0.00015082956259426848,0.9993467336683417,22,200
0.0005027652086475615,0.0,1.0,0.0,0.0,0.42,0,19880,10,10,0.0,0.0005027652086475615,0.9989949748743718,22,200
0.0005027652086475615,0.0,1.0,0.0,0.0,0.44,0,19880,10,10,0.0,0.0005027652086475615,0.9989949748743718,22,200
0.0005530417295123177,0.0,1.0,0.0,0.0,0.46,0,19879,11,10,0.0,0.0005530417295123177,0.9989447236180905,22,200
0.0005530417295123177,0.0,1.0,0.0,0.0,0.48,0,19879,11,10,0.0,0.0005530417295123177,0.9989447236180905,22,200
0.0005530417295123177,0.0,1.0,0.0,0.0,0.5,0,19879,11,10,0.0,0.0005530417295123177,0.9989447236180905,22,200
0.0005530417295123177,0.0,1.0,0.0,0.0,0.52,0,19879,11,10,0.0,0.0005530417295123177,0.9989447236180905,22,200
0.0005530417295123177,0.0,1.0,0.0,0.0,0.54,0,19879,11,10,0.0,0.0005530417295123177,0.9989447236180905,22,200
0.0005530417295123177,0.0,1.0,0.0,0.0,0.56,0,19879,11,10,0.0,0.0005530417295123177,0.9989447236180905,22,200
0.0005530417295123177,0.0,1.0,0.0,0.0,0.58,0,19879,11,10,0.0,0.0005530417295123177,0.9989447236180905,22,200
0.0005530417295123177,0.0,1.0,0.0,0.0,0.6,0,19879,11,10,0.0,0.0005530417295123177,0.9989447236180905,22,200
0.0005530417295123177,0.0,1.0,0.0,0.0,0.62,0,19879,11,10,0.0,0.0005530417295123177,0.9989447236180905,22,200
0.0006033182503770739,0.0,1.0,0.0,0.0,0.64,0,19878,12,10,0.0,0.0006033182503770739,0.9988944723618091,22,200
0.0006033182503770739,0.0,1.0,0.0,0.0,0.66,0,19878,12,10,0.0,0.0006033182503770739,0.9988944723618091,22,200
0.0006033182503770739,0.0,1.0,0.0,0.0,0.68,0,19878,12,10,0.0,0.0006033182503770739,0.9988944723618091,22,200
0.00065359477124183,0.0,1.0,0.0,0.0,0.7,0,19877,13,10,0.0,0.00065359477124183,0.9988442211055276,22,200
0.00065359477124183,0.0,1.0,0.0,0.0,0.72,0,19877,13,10,0.0,0.00065359477124183,0.9988442211055276,22,200
0.00065359477124183,0.0,1.0,0.0,0.0,0.74,0,19877,13,10,0.0,0.00065359477124183,0.9988442211055276,22,200
0.00065359477124183,0.0,1.0,0.0,0.0,0.76,0,19877,13,10,0.0,0.00065359477124183,0.9988442211055276,22,200
0.00065359477124183,0.0,1.0,0.0,0.0,0.78,0,19877,13,10,0.0,0.00065359477124183,0.9988442211055276,22,200
0.0007038712921065862,0.0,1.0,0.0,0.0,0.8,0,19876,14,10,0.0,0.0007038712921065862,0.9987939698492462,22,200
0.002815485168426345,0.1,0.9824561403508771,0.017543859649122806,0.1,0.82,1,19834,56,9,0.1,0.002815485168426345,0.9967336683417085,22,200
0.002815485168426345,0.1,0.9824561403508771,0.017543859649122806,0.1,0.84,1,19834,56,9,0.1,0.002815485168426345,0.9967336683417085,22,200
0.002815485168426345,0.1,0.9824561403508771,0.017543859649122806,0.1,0.86,1,19834,56,9,0.1,0.002815485168426345,0.9967336683417085,22,200
0.003117144293614882,0.1,0.9841269841269841,0.015873015873015872,0.1,0.88,1,19828,62,9,0.1,0.003117144293614882,0.9964321608040201,22,200
0.004876822523881347,0.2,0.9797979797979798,0.020202020202020204,0.2,0.9,2,19793,97,8,0.2,0.004876822523881347,0.9947236180904523,22,200
0.005580693815987934,0.2,0.9823008849557522,0.017699115044247787,0.2,0.92,2,19779,111,8,0.2,0.005580693815987934,0.9940201005025125,22,200
0.006435394670688788,0.2,0.9846153846153847,0.015384615384615385,0.2,0.94,2,19762,128,8,0.2,0.006435394670688788,0.9931658291457286,22,200
0.06274509803921569,0.5,0.9960095770151636,0.0039904229848363925,0.5,0.96,5,18642,1248,5,0.5,0.06274509803921569,0.937035175879397,22,200
0.0779788838612368,0.6,0.9961464354527938,0.0038535645472061657,0.6,0.98,6,18339,1551,4,0.6,0.0779788838612368,0.921859296482412,22,200
0.9600301659125189,1.0,0.9994765768123528,0.0005234231876472127,1.0,1.0,10,795,19095,0,1.0,0.9600301659125189,0.040452261306532664,22,200
0.0,0.0,0.0,,0.0,0.02,0,19890,0,10,0.0,0.0,0.9994974874371859,23,200
0.0,0.0,0.0,,0.0,0.04,0,19890,0,10,0.0,0.0,0.9994974874371859,23,200
0.0,0.0,0.0,,0.0,0.06,0,19890,0,10,0.0,0.0,0.9994974874371859,23,200
0.0,0.0,0.0,,0.0,0.08,0,19890,0,10,0.0,0.0,0.9994974874371859,23,200
0.0,0.0,0.0,,0.0,0.1,0,19890,0,10,0.0,0.0,0.9994974874371859,23,200
0.0,0.0,0.0,,0.0,0.12,0,19890,0,10,0.0,0.0,0.9994974874371859,23,200
0.0,0.0,0.0,,0.0,0.14,0,19890,0,10,0.0,0.0,0.9994974874371859,23,200
0.0,0.0,0.0,,0.0,0.16,0,19890,0,10,0.0,0.0,0.9994974874371859,23,200
0.0,0.0,0.0,,0.0,0.18,0,19890,0,10,0.0,0.0,0.9994974874371859,23,200
0.0,0.0,0.0,,0.0,0.2,0,19890,0,10,0.0,0.0,0.9994974874371859,23,200
0.0,0.0,0.0,,0.0,0.22,0,19890,0,10,0.0,0.0,0.9994974874371859,23,200
0.0,0.0,0.0,,0.0,0.24,0,19890,0,10,0.0,0.0,0.9994974874371859,23,200
0.0,0.0,0.0,,0.0,0.26,0,19890,0,10,0.0,0.0,0.9994974874371859,23,200
0.0,0.0,0.0,,0.0,0.28,0,19890,0,10,0.0,0.0,0.9994974874371859,23,200
0.0,0.0,0.0,,0.0,0.3,0,19890,0,10,0.0,0.0,0.9994974874371859,23,200
0.0,0.0,0.0,,0.0,0.32,0,19890,0,10,0.0,0.0,0.9994974874371859,23,200
0.0,0.0,0.0,,0.0,0.34,0,19890,0,10,0.0,0.0,0.9994974874371859,23,200
0.0,0.0,0.0,,0.0,0.36,0,19890,0,10,0.0,0.0,0.9994974874371859,23,200
0.0,0.0,0.0,,0.0,0.38,0,19890,0,10,0.0,0.0,0.9994974874371859,23,200
0.0,0.0,0.0,,0.0,0.4,0,19890,0,10,0.0,0.0,0.9994974874371859,23,200
0.0,0.0,0.0,,0.0,0.42,0,19890,0,10,0.0,0.0,0.9994974874371859,23,200
0.0,0.0,0.0,,0.0,0.44,0,19890,0,10,0.0,0.0,0.9994974874371859,23,200
0.0,0.0,0.0,,0.0,0.46,0,19890,0,10,0.0,0.0,0.9994974874371859,23,200
0.0,0.0,0.0,,0.0,0.48,0,19890,0,10,0.0,0.0,0.9994974874371859,23,200
0.0,0.0,0.0,,0.0,0.5,0,19890,0,10,0.0,0.0,0.9994974874371859,23,200
0.0,0.0,0.0,,0.0,0.52,0,19890,0,10,0.0,0.0,0.9994974874371859,23,200
0.0,0.0,0.0,,0.0,0.54,0,19890,0,10,0.0,0.0,0.9994974874371859,23,200
0.0,0.0,0.0,,0.0,0.56,0,19890,0,10,0.0,0.0,0.9994974874371859,23,200
0.0,0.0,0.0,,0.0,0.58,0,19890,0,10,0.0,0.0,0.9994974874371859,23,200
0.0,0.0,0.0,,0.0,0.6,0,19890,0,10,0.0,0.0,0.9994974874371859,23,200
0.0,0.0,0.0,,0.0,0.62,0,19890,0,10,0.0,0.0,0.9994974874371859,23,200
0.0,0.0,0.0,,0.0,0.64,0,19890,0,10,0.0,0.0,0.9994974874371859,23,200
0.0,0.0,0.0,,0.0,0.66,0,19890,0,10,0.0,0.0,0.9994974874371859,23,200
0.0,0.0,0.0,,0.0,0.68,0,19890,0,10,0.0,0.0,0.9994974874371859,23,200
0.0,0.0,0.0,,0.0,0.7,0,19890,0,10,0.0,0.0,0.9994974874371859,23,200
0.0,0.0,0.0,,0.0,0.72,0,19890,0,10,0.0,0.0,0.9994974874371859,23,200
0.0,0.0,0.0,,0.0,0.74,0,19890,0,10,0.0,0.0,0.9994974874371859,23,200
0.00040221216691804925,0.0,1.0,0.0,0.0,0.76,0,19882,8,10,0.0,0.00040221216691804925,0.9990954773869347,23,200
0.00040221216691804925,0.0,1.0,0.0,0.0,0.78,0,19882,8,10,0.0,0.00040221216691804925,0.9990954773869347,23,200
0.002564102564102564,0.1,0.9807692307692307,0.019230769230769232,0.1,0.8,1,19839,51,9,0.1,0.002564102564102564,0.9969849246231156,23,200
0.002564102564102564,0.1,0.9807692307692307,0.019230769230769232,0.1,0.82,1,19839,51,9,0.1,0.002564102564102564,0.9969849246231156,23,200
0.002564102564102564,0.1,0.9807692307692307,0.019230769230769232,0.1,0.84,1,19839,51,9,0.1,0.002564102564102564,0.9969849246231156,23,200
0.0030668677727501256,0.1,0.9838709677419355,0.016129032258064516,0.1,0.86,1,19829,61,9,0.1,0.0030668677727501256,0.9964824120603015,23,200
0.025992961287078935,0.3,0.9942307692307693,0.0057692307692307696,0.3,0.88,3,19373,517,7,0.3,0.025992961287078935,0.9736683417085427,23,200
0.03398692810457516,0.3,0.9955817378497791,0.004418262150220913,0.3,0.9,3,19214,676,7,0.3,0.03398692810457516,0.965678391959799,23,200
0.036601307189542485,0.3,0.9958960328317373,0.004103967168262654,0.3,0.92,3,19162,728,7,0.3,0.036601307189542485,0.9630653266331658,23,200
0.03961789844142785,0.3,0.9962073324905183,0.0037926675094816687,0.3,0.94,3,19102,788,7,0.3,0.03961789844142785,0.9600502512562814,23,200
0.04253393665158371,0.3,0.9964664310954063,0.0035335689045936395,0.3,0.96,3,19044,846,7,0.3,0.04253393665158371,0.9571356783919598,23,200
0.059074912016088485,0.4,0.996607294317218,0.0033927056827820186,0.4,0.98,4,18715,1175,6,0.4,0.059074912016088485,0.9406532663316582,23,200
0.9705882352941176,0.9,0.9995340167753961,0.00046598322460391424,0.9,1.0,9,585,19305,1,0.9,0.9705882352941176,0.029849246231155778,23,200
0.0,0.0,0.0,,0.0,0.02,0,19890,0,10,0.0,0.0,0.9994974874371859,24,200
0.0,0.0,0.0,,0.0,0.04,0,19890,0,10,0.0,0.0,0.9994974874371859,24,200
0.0,0.0,0.0,,0.0,0.06,0,19890,0,10,0.0,0.0,0.9994974874371859,24,200
0.0,0.0,0.0,,0.0,0.08,0,19890,0,10,0.0,0.0,0.9994974874371859,24,200
0.0,0.0,0.0,,0.0,0.1,0,19890,0,10,0.0,0.0,0.9994974874371859,24,200
0.0,0.0,0.0,,0.0,0.12,0,19890,0,10,0.0,0.0,0.9994974874371859,24,200
0.0,0.0,0.0,,0.0,0.14,0,19890,0,10,0.0,0.0,0.9994974874371859,24,200
0.0,0.0,0.0,,0.0,0.16,0,19890,0,10,0.0,0.0,0.9994974874371859,24,200
0.0,0.0,0.0,,0.0,0.18,0,19890,0,10,0.0,0.0,0.9994974874371859,24,200
0.0,0.0,0.0,,0.0,0.2,0,19890,0,10,0.0,0.0,0.9994974874371859,24,200
0.0,0.0,0.0,,0.0,0.22,0,19890,0,10,0.0,0.0,0.9994974874371859,24,200
0.00010055304172951231,0.0,1.0,0.0,0.0,0.24,0,19888,2,10,0.0,0.00010055304172951231,0.9993969849246231,24,200
0.00010055304172951231,0.0,1.0,0.0,0.0,0.26,0,19888,2,10,0.0,0.00010055304172951231,0.9993969849246231,24,200
0.00010055304172951231,0.0,1.0,0.0,0.0,0.28,0,19888,2,10,0.0,0.00010055304172951231,0.9993969849246231,24,200
0.00010055304172951231,0.0,1.0,0.0,0.0,0.3,0,19888,2,10,0.0,0.00010055304172951231,0.9993969849246231,24,200
0.00010055304172951231,0.0,1.0,0.0,0.0,0.32,0,19888,2,10,0.0,0.00010055304172951231,0.9993969849246231,24,200
0.00010055304172951231,0.0,1.0,0.0,0.0,0.34,0,19888,2,10,0.0,0.00010055304172951231,0.9993969849246231,24,200
0.00010055304172951231,0.0,1.0,0.0,0.0,0.36,0,19888,2,10,0.0,0.00010055304172951231,0.9993969849246231,24,200
0.00010055304172951231,0.0,1.0,0.0,0.0,0.38,0,19888,2,10,0.0,0.00010055304172951231,0.9993969849246231,24,200
0.00010055304172951231,0.0,1.0,0.0,0.0,0.4,0,19888,2,10,0.0,0.00010055304172951231,0.9993969849246231,24,200
0.00015082956259426848,0.0,1.0,0.0,0.0,0.42,0,19887,3,10,0.0,0.00015082956259426848,0.9993467336683417,24,200
0.00015082956259426848,0.0,1.0,0.0,0.0,0.44,0,19887,3,10,0.0,0.00015082956259426848,0.9993467336683417,24,200
0.00015082956259426848,0.0,1.0,0.0,0.0,0.46,0,19887,3,10,0.0,0.00015082956259426848,0.9993467336683417,24,200
0.00015082956259426848,0.0,1.0,0.0,0.0,0.48,0,19887,3,10,0.0,0.00015082956259426848,0.9993467336683417,24,200
0.00015082956259426848,0.0,1.0,0.0,0.0,0.5,0,19887,3,10,0.0,0.00015082956259426848,0.9993467336683417,24,200
0.00030165912518853697,0.0,1.0,0.0,0.0,0.52,0,19884,6,10,0.0,0.00030165912518853697,0.9991959798994975,24,200
0.00030165912518853697,0.0,1.0,0.0,0.0,0.54,0,19884,6,10,0.0,0.00030165912518853697,0.9991959798994975,24,200
0.00030165912518853697,0.0,1.0,0.0,0.0,0.56,0,19884,6,10,0.0,0.00030165912518853697,0.9991959798994975,24,200
0.00040221216691804925,0.1,0.8888888888888888,0.1111111111111111,0.1,0.58,1,19882,8,9,0.1,0.00040221216691804925,0.999145728643216,24,200
0.0005530417295123177,0.1,0.9166666666666666,0.08333333333333333,0.1,0.6,1,19879,11,9,0.1,0.0005530417295123177,0.9989949748743718,24,200
0.0011060834590246355,0.1,0.9565217391304348,0.043478260869565216,0.1,0.62,1,19868,22,9,0.1,0.0011060834590246355,0.9984422110552764,24,200
0.0017094017094017094,0.1,0.9714285714285714,0.02857142857142857,0.1,0.64,1,19856,34,9,0.1,0.0017094017094017094,0.9978391959798995,24,200
0.00196078431372549,0.1,0.975,0.025,0.1,0.66,1,19851,39,9,0.1,0.00196078431372549,0.9975879396984925,24,200
0.00196078431372549,0.1,0.975,0.025,0.1,0.68,1,19851,39,9,0.1,0.00196078431372549,0.9975879396984925,24,200
0.00196078431372549,0.1,0.975,0.025,0.1,0.7,1,19851,39,9,0.1,0.00196078431372549,0.9975879396984925,24,200
0.0033182503770739064,0.1,0.9850746268656716,0.014925373134328358,0.1,0.72,1,19824,66,9,0.1,0.0033182503770739064,0.9962311557788944,24,200
0.008547008547008548,0.2,0.9883720930232558,0.011627906976744186,0.2,0.74,2,19720,170,8,0.2,0.008547008547008548,0.9910552763819096,24,200
0.008547008547008548,0.2,0.9883720930232558,0.011627906976744186,0.2,0.76,2,19720,170,8,0.2,0.008547008547008548,0.9910552763819096,24,200
0.009351432880844645,0.2,0.9893617021276596,0.010638297872340425,0.2,0.78,2,19704,186,8,0.2,0.009351432880844645,0.9902512562814071,24,200
0.009351432880844645,0.2,0.9893617021276596,0.010638297872340425,0.2,0.8,2,19704,186,8,0.2,0.009351432880844645,0.9902512562814071,24,200
0.011463046757164403,0.2,0.991304347826087,0.008695652173913044,0.2,0.82,2,19662,228,8,0.2,0.011463046757164403,0.988140703517588,24,200
0.01623931623931624,0.3,0.99079754601227,0.009202453987730062,0.3,0.84,3,19567,323,7,0.3,0.01623931623931624,0.9834170854271357,24,200
0.025540472599296128,0.5,0.9902534113060428,0.009746588693957114,0.5,0.86,5,19382,508,5,0.5,0.025540472599296128,0.9742211055276382,24,200
0.03926596279537456,0.6,0.9923761118170267,0.007623888182973317,0.6,0.88,6,19109,781,4,0.6,0.03926596279537456,0.9605527638190955,24,200
0.05862242332830568,0.6,0.9948805460750854,0.005119453924914676,0.6,0.9,6,18724,1166,4,0.6,0.05862242332830568,0.9412060301507538,24,200
0.07008547008547009,0.6,0.9957142857142857,0.004285714285714286,0.6,0.92,6,18496,1394,4,0.6,0.07008547008547009,0.929748743718593,24,200
0.08386123680241327,0.7,0.9958208955223881,0.00417910447761194,0.7,0.94,7,18222,1668,3,0.7,0.08386123680241327,0.9160301507537688,24,200
0.10915032679738562,0.7,0.9967860422405876,0.0032139577594123047,0.7,0.96,7,17719,2171,3,0.7,0.10915032679738562,0.8907537688442211,24,200
0.17631975867269986,0.8,0.997724039829303,0.002275960170697013,0.8,0.98,8,16383,3507,2,0.8,0.17631975867269986,0.8236683417085428,24,200
0.4033685268979387,0.8,0.999003860042336,0.0009961399576640518,0.8,1.0,8,11867,8023,2,0.8,0.4033685268979387,0.5967336683417085,24,200
0.0,0.0,0.0,,0.0,0.02,0,19890,0,10,0.0,0.0,0.9994974874371859,25,200
0.0,0.0,0.0,,0.0,0.04,0,19890,0,10,0.0,0.0,0.9994974874371859,25,200
0.0,0.0,0.0,,0.0,0.06,0,19890,0,10,0.0,0.0,0.9994974874371859,25,200
0.0,0.0,0.0,,0.0,0.08,0,19890,0,10,0.0,0.0,0.9994974874371859,25,200
0.0,0.0,0.0,,0.0,0.1,0,19890,0,10,0.0,0.0,0.9994974874371859,25,200
0.0,0.0,0.0,,0.0,0.12,0,19890,0,10,0.0,0.0,0.9994974874371859,25,200
0.0,0.0,0.0,,0.0,0.14,0,19890,0,10,0.0,0.0,0.9994974874371859,25,200
0.0,0.0,0.0,,0.0,0.16,0,19890,0,10,0.0,0.0,0.9994974874371859,25,200
0.0,0.0,0.0,,0.0,0.18,0,19890,0,10,0.0,0.0,0.9994974874371859,25,200
0.0,0.0,0.0,,0.0,0.2,0,19890,0,10,0.0,0.0,0.9994974874371859,25,200
0.0,0.0,0.0,,0.0,0.22,0,19890,0,10,0.0,0.0,0.9994974874371859,25,200
0.0,0.0,0.0,,0.0,0.24,0,19890,0,10,0.0,0.0,0.9994974874371859,25,200
0.0,0.0,0.0,,0.0,0.26,0,19890,0,10,0.0,0.0,0.9994974874371859,25,200
0.0,0.0,0.0,,0.0,0.28,0,19890,0,10,0.0,0.0,0.9994974874371859,25,200
0.0,0.0,0.0,,0.0,0.3,0,19890,0,10,0.0,0.0,0.9994974874371859,25,200
0.0,0.0,0.0,,0.0,0.32,0,19890,0,10,0.0,0.0,0.9994974874371859,25,200
0.0,0.0,0.0,,0.0,0.34,0,19890,0,10,0.0,0.0,0.9994974874371859,25,200
0.0,0.0,0.0,,0.0,0.36,0,19890,0,10,0.0,0.0,0.9994974874371859,25,200
0.0,0.0,0.0,,0.0,0.38,0,19890,0,10,0.0,0.0,0.9994974874371859,25,200
0.0,0.0,0.0,,0.0,0.4,0,19890,0,10,0.0,0.0,0.9994974874371859,25,200
0.0,0.0,0.0,,0.0,0.42,0,19890,0,10,0.0,0.0,0.9994974874371859,25,200
0.0,0.0,0.0,,0.0,0.44,0,19890,0,10,0.0,0.0,0.9994974874371859,25,200
0.0,0.0,0.0,,0.0,0.46,0,19890,0,10,0.0,0.0,0.9994974874371859,25,200
0.0,0.0,0.0,,0.0,0.48,0,19890,0,10,0.0,0.0,0.9994974874371859,25,200
0.0005027652086475615,0.0,1.0,0.0,0.0,0.5,0,19880,10,10,0.0,0.0005027652086475615,0.9989949748743718,25,200
0.0005027652086475615,0.0,1.0,0.0,0.0,0.52,0,19880,10,10,0.0,0.0005027652086475615,0.9989949748743718,25,200
0.0005027652086475615,0.0,1.0,0.0,0.0,0.54,0,19880,10,10,0.0,0.0005027652086475615,0.9989949748743718,25,200
0.0005027652086475615,0.0,1.0,0.0,0.0,0.56,0,19880,10,10,0.0,0.0005027652086475615,0.9989949748743718,25,200
0.0011060834590246355,0.0,1.0,0.0,0.0,0.58,0,19868,22,10,0.0,0.0011060834590246355,0.998391959798995,25,200
0.0022624434389140274,0.0,1.0,0.0,0.0,0.6,0,19845,45,10,0.0,0.0022624434389140274,0.9972361809045226,25,200
0.0022624434389140274,0.0,1.0,0.0,0.0,0.62,0,19845,45,10,0.0,0.0022624434389140274,0.9972361809045226,25,200
0.0024635495223730517,0.0,1.0,0.0,0.0,0.64,0,19841,49,10,0.0,0.0024635495223730517,0.9970351758793969,25,200
0.0024635495223730517,0.0,1.0,0.0,0.0,0.66,0,19841,49,10,0.0,0.0024635495223730517,0.9970351758793969,25,200
0.0024635495223730517,0.0,1.0,0.0,0.0,0.68,0,19841,49,10,0.0,0.0024635495223730517,0.9970351758793969,25,200
0.002513826043237808,0.1,0.9803921568627451,0.0196078431372549,0.1,0.7,1,19840,50,9,0.1,0.002513826043237808,0.9970351758793969,25,200
0.002513826043237808,0.1,0.9803921568627451,0.0196078431372549,0.1,0.72,1,19840,50,9,0.1,0.002513826043237808,0.9970351758793969,25,200
0.002513826043237808,0.1,0.9803921568627451,0.0196078431372549,0.1,0.74,1,19840,50,9,0.1,0.002513826043237808,0.9970351758793969,25,200
0.0027149321266968325,0.1,0.9818181818181818,0.01818181818181818,0.1,0.76,1,19836,54,9,0.1,0.0027149321266968325,0.9968341708542714,25,200
0.00392156862745098,0.2,0.975,0.025,0.2,0.78,2,19812,78,8,0.2,0.00392156862745098,0.995678391959799,25,200
0.004424333836098542,0.2,0.9777777777777777,0.022222222222222223,0.2,0.8,2,19802,88,8,0.2,0.004424333836098542,0.9951758793969849,25,200
0.005580693815987934,0.2,0.9823008849557522,0.017699115044247787,0.2,0.82,2,19779,111,8,0.2,0.005580693815987934,0.9940201005025125,25,200
0.013373554550025138,0.2,0.9925373134328358,0.007462686567164179,0.2,0.84,2,19624,266,8,0.2,0.013373554550025138,0.9862311557788944,25,200
0.01639014580191051,0.2,0.9939024390243902,0.006097560975609756,0.2,0.86,2,19564,326,8,0.2,0.01639014580191051,0.98321608040201,25,200
0.022674710910005027,0.2,0.9955849889624724,0.004415011037527594,0.2,0.88,2,19439,451,8,0.2,0.022674710910005027,0.9769346733668341,25,200
0.02750125691302162,0.2,0.9963570127504554,0.0036429872495446266,0.2,0.9,2,19343,547,8,0.2,0.02750125691302162,0.9721105527638191,25,200
0.03705379587732529,0.3,0.995945945945946,0.004054054054054054,0.3,0.92,3,19153,737,7,0.3,0.03705379587732529,0.9626130653266332,25,200
0.048768225238813474,0.3,0.9969167523124358,0.003083247687564234,0.3,0.94,3,18920,970,7,0.3,0.048768225238813474,0.9509045226130654,25,200
0.053041729512317747,0.3,0.997164461247637,0.002835538752362949,0.3,0.96,3,18835,1055,7,0.3,0.053041729512317747,0.9466331658291457,25,200
0.06269482151835093,0.4,0.996802557953637,0.0031974420463629096,0.4,0.98,4,18643,1247,6,0.4,0.06269482151835093,0.937035175879397,25,200
0.9681246857717446,1.0,0.999480950897955,0.0005190491020450534,1.0,1.0,10,634,19256,0,1.0,0.9681246857717446,0.032361809045226134,25,200
0.0,0.0,0.0,,0.0,0.02,0,19890,0,10,0.0,0.0,0.9994974874371859,26,200
0.0,0.0,0.0,,0.0,0.04,0,19890,0,10,0.0,0.0,0.9994974874371859,26,200
0.0,0.0,0.0,,0.0,0.06,0,19890,0,10,0.0,0.0,0.9994974874371859,26,200
0.0,0.0,0.0,,0.0,0.08,0,19890,0,10,0.0,0.0,0.9994974874371859,26,200
0.0,0.0,0.0,,0.0,0.1,0,19890,0,10,0.0,0.0,0.9994974874371859,26,200
0.0,0.0,0.0,,0.0,0.12,0,19890,0,10,0.0,0.0,0.9994974874371859,26,200
0.0,0.0,0.0,,0.0,0.14,0,19890,0,10,0.0,0.0,0.9994974874371859,26,200
0.0,0.0,0.0,,0.0,0.16,0,19890,0,10,0.0,0.0,0.9994974874371859,26,200
0.0,0.0,0.0,,0.0,0.18,0,19890,0,10,0.0,0.0,0.9994974874371859,26,200
0.0,0.0,0.0,,0.0,0.2,0,19890,0,10,0.0,0.0,0.9994974874371859,26,200
0.0,0.0,0.0,,0.0,0.22,0,19890,0,10,0.0,0.0,0.9994974874371859,26,200
5.0276520864756156e-05,0.0,1.0,0.0,0.0,0.24,0,19889,1,10,0.0,5.0276520864756156e-05,0.9994472361809045,26,200
5.0276520864756156e-05,0.0,1.0,0.0,0.0,0.26,0,19889,1,10,0.0,5.0276520864756156e-05,0.9994472361809045,26,200
5.0276520864756156e-05,0.0,1.0,0.0,0.0,0.28,0,19889,1,10,0.0,5.0276520864756156e-05,0.9994472361809045,26,200
5.0276520864756156e-05,0.0,1.0,0.0,0.0,0.3,0,19889,1,10,0.0,5.0276520864756156e-05,0.9994472361809045,26,200
5.0276520864756156e-05,0.0,1.0,0.0,0.0,0.32,0,19889,1,10,0.0,5.0276520864756156e-05,0.9994472361809045,26,200
5.0276520864756156e-05,0.0,1.0,0.0,0.0,0.34,0,19889,1,10,0.0,5.0276520864756156e-05,0.9994472361809045,26,200
0.00025138260432378077,0.0,1.0,0.0,0.0,0.36,0,19885,5,10,0.0,0.00025138260432378077,0.9992462311557789,26,200
0.00025138260432378077,0.0,1.0,0.0,0.0,0.38,0,19885,5,10,0.0,0.00025138260432378077,0.9992462311557789,26,200
0.00025138260432378077,0.0,1.0,0.0,0.0,0.4,0,19885,5,10,0.0,0.00025138260432378077,0.9992462311557789,26,200
0.00025138260432378077,0.0,1.0,0.0,0.0,0.42,0,19885,5,10,0.0,0.00025138260432378077,0.9992462311557789,26,200
0.00025138260432378077,0.0,1.0,0.0,0.0,0.44,0,19885,5,10,0.0,0.00025138260432378077,0.9992462311557789,26,200
0.00025138260432378077,0.0,1.0,0.0,0.0,0.46,0,19885,5,10,0.0,0.00025138260432378077,0.9992462311557789,26,200
0.00025138260432378077,0.0,1.0,0.0,0.0,0.48,0,19885,5,10,0.0,0.00025138260432378077,0.9992462311557789,26,200
0.00025138260432378077,0.0,1.0,0.0,0.0,0.5,0,19885,5,10,0.0,0.00025138260432378077,0.9992462311557789,26,200
0.00025138260432378077,0.0,1.0,0.0,0.0,0.52,0,19885,5,10,0.0,0.00025138260432378077,0.9992462311557789,26,200
0.00025138260432378077,0.0,1.0,0.0,0.0,0.54,0,19885,5,10,0.0,0.00025138260432378077,0.9992462311557789,26,200
0.00025138260432378077,0.0,1.0,0.0,0.0,0.56,0,19885,5,10,0.0,0.00025138260432378077,0.9992462311557789,26,200
0.00025138260432378077,0.0,1.0,0.0,0.0,0.58,0,19885,5,10,0.0,0.00025138260432378077,0.9992462311557789,26,200
0.00025138260432378077,0.0,1.0,0.0,0.0,0.6,0,19885,5,10,0.0,0.00025138260432378077,0.9992462311557789,26,200
0.00025138260432378077,0.0,1.0,0.0,0.0,0.62,0,19885,5,10,0.0,0.00025138260432378077,0.9992462311557789,26,200
0.00025138260432378077,0.0,1.0,0.0,0.0,0.64,0,19885,5,10,0.0,0.00025138260432378077,0.9992462311557789,26,200
0.00025138260432378077,0.0,1.0,0.0,0.0,0.66,0,19885,5,10,0.0,0.00025138260432378077,0.9992462311557789,26,200
0.00025138260432378077,0.0,1.0,0.0,0.0,0.68,0,19885,5,10,0.0,0.00025138260432378077,0.9992462311557789,26,200
0.00025138260432378077,0.0,1.0,0.0,0.0,0.7,0,19885,5,10,0.0,0.00025138260432378077,0.9992462311557789,26,200
0.00025138260432378077,0.0,1.0,0.0,0.0,0.72,0,19885,5,10,0.0,0.00025138260432378077,0.9992462311557789,26,200
0.00025138260432378077,0.0,1.0,0.0,0.0,0.74,0,19885,5,10,0.0,0.00025138260432378077,0.9992462311557789,26,200
0.00025138260432378077,0.0,1.0,0.0,0.0,0.76,0,19885,5,10,0.0,0.00025138260432378077,0.9992462311557789,26,200
0.00025138260432378077,0.0,1.0,0.0,0.0,0.78,0,19885,5,10,0.0,0.00025138260432378077,0.9992462311557789,26,200
0.00025138260432378077,0.0,1.0,0.0,0.0,0.8,0,19885,5,10,0.0,0.00025138260432378077,0.9992462311557789,26,200
0.00025138260432378077,0.0,1.0,0.0,0.0,0.82,0,19885,5,10,0.0,0.00025138260432378077,0.9992462311557789,26,200
0.00025138260432378077,0.0,1.0,0.0,0.0,0.84,0,19885,5,10,0.0,0.00025138260432378077,0.9992462311557789,26,200
0.013373554550025138,0.2,0.9925373134328358,0.007462686567164179,0.2,0.86,2,19624,266,8,0.2,0.013373554550025138,0.9862311557788944,26,200
0.013373554550025138,0.2,0.9925373134328358,0.007462686567164179,0.2,0.88,2,19624,266,8,0.2,0.013373554550025138,0.9862311557788944,26,200
0.018401206636500755,0.3,0.991869918699187,0.008130081300813009,0.3,0.9,3,19524,366,7,0.3,0.018401206636500755,0.9812562814070351,26,200
0.023076923076923078,0.3,0.9935064935064936,0.006493506493506494,0.3,0.92,3,19431,459,7,0.3,0.023076923076923078,0.9765829145728643,26,200
0.025238813474107592,0.3,0.994059405940594,0.005940594059405941,0.3,0.94,3,19388,502,7,0.3,0.025238813474107592,0.9744221105527638,26,200
0.025238813474107592,0.3,0.994059405940594,0.005940594059405941,0.3,0.96,3,19388,502,7,0.3,0.025238813474107592,0.9744221105527638,26,200
0.02724987430869784,0.3,0.9944954128440368,0.005504587155963303,0.3,0.98,3,19348,542,7,0.3,0.02724987430869784,0.9724120603015075,26,200
0.965158371040724,1.0,0.999479356484615,0.0005206435153850159,1.0,1.0,10,693,19197,0,1.0,0.965158371040724,0.035326633165829145,26,200
0.0,0.0,0.0,,0.0,0.02,0,19890,0,10,0.0,0.0,0.9994974874371859,27,200
0.0,0.0,0.0,,0.0,0.04,0,19890,0,10,0.0,0.0,0.9994974874371859,27,200
0.0,0.0,0.0,,0.0,0.06,0,19890,0,10,0.0,0.0,0.9994974874371859,27,200
0.0,0.0,0.0,,0.0,0.08,0,19890,0,10,0.0,0.0,0.9994974874371859,27,200
0.0,0.0,0.0,,0.0,0.1,0,19890,0,10,0.0,0.0,0.9994974874371859,27,200
0.0,0.0,0.0,,0.0,0.12,0,19890,0,10,0.0,0.0,0.9994974874371859,27,200
0.0,0.0,0.0,,0.0,0.14,0,19890,0,10,0.0,0.0,0.9994974874371859,27,200
0.0,0.0,0.0,,0.0,0.16,0,19890,0,10,0.0,0.0,0.9994974874371859,27,200
0.0,0.0,0.0,,0.0,0.18,0,19890,0,10,0.0,0.0,0.9994974874371859,27,200
0.0,0.0,0.0,,0.0,0.2,0,19890,0,10,0.0,0.0,0.9994974874371859,27,200
0.0,0.0,0.0,,0.0,0.22,0,19890,0,10,0.0,0.0,0.9994974874371859,27,200
0.0,0.0,0.0,,0.0,0.24,0,19890,0,10,0.0,0.0,0.9994974874371859,27,200
0.0,0.0,0.0,,0.0,0.26,0,19890,0,10,0.0,0.0,0.9994974874371859,27,200
0.0,0.0,0.0,,0.0,0.28,0,19890,0,10,0.0,0.0,0.9994974874371859,27,200
0.0,0.0,0.0,,0.0,0.3,0,19890,0,10,0.0,0.0,0.9994974874371859,27,200
0.0,0.0,0.0,,0.0,0.32,0,19890,0,10,0.0,0.0,0.9994974874371859,27,200
0.0,0.0,0.0,,0.0,0.34,0,19890,0,10,0.0,0.0,0.9994974874371859,27,200
0.0,0.0,0.0,,0.0,0.36,0,19890,0,10,0.0,0.0,0.9994974874371859,27,200
0.0,0.0,0.0,,0.0,0.38,0,19890,0,10,0.0,0.0,0.9994974874371859,27,200
0.0,0.0,0.0,,0.0,0.4,0,19890,0,10,0.0,0.0,0.9994974874371859,27,200
0.0,0.0,0.0,,0.0,0.42,0,19890,0,10,0.0,0.0,0.9994974874371859,27,200
0.0,0.0,0.0,,0.0,0.44,0,19890,0,10,0.0,0.0,0.9994974874371859,27,200
0.0,0.0,0.0,,0.0,0.46,0,19890,0,10,0.0,0.0,0.9994974874371859,27,200
0.0,0.0,0.0,,0.0,0.48,0,19890,0,10,0.0,0.0,0.9994974874371859,27,200
0.0,0.0,0.0,,0.0,0.5,0,19890,0,10,0.0,0.0,0.9994974874371859,27,200
0.0,0.0,0.0,,0.0,0.52,0,19890,0,10,0.0,0.0,0.9994974874371859,27,200
0.0,0.0,0.0,,0.0,0.54,0,19890,0,10,0.0,0.0,0.9994974874371859,27,200
0.0,0.0,0.0,,0.0,0.56,0,19890,0,10,0.0,0.0,0.9994974874371859,27,200
0.0,0.0,0.0,,0.0,0.58,0,19890,0,10,0.0,0.0,0.9994974874371859,27,200
0.0,0.0,0.0,,0.0,0.6,0,19890,0,10,0.0,0.0,0.9994974874371859,27,200
0.0,0.0,0.0,,0.0,0.62,0,19890,0,10,0.0,0.0,0.9994974874371859,27,200
0.0,0.0,0.0,,0.0,0.64,0,19890,0,10,0.0,0.0,0.9994974874371859,27,200
0.0,0.0,0.0,,0.0,0.66,0,19890,0,10,0.0,0.0,0.9994974874371859,27,200
0.0,0.0,0.0,,0.0,0.68,0,19890,0,10,0.0,0.0,0.9994974874371859,27,200
0.0,0.0,0.0,,0.0,0.7,0,19890,0,10,0.0,0.0,0.9994974874371859,27,200
0.0,0.0,0.0,,0.0,0.72,0,19890,0,10,0.0,0.0,0.9994974874371859,27,200
0.0,0.0,0.0,,0.0,0.74,0,19890,0,10,0.0,0.0,0.9994974874371859,27,200
0.0,0.0,0.0,,0.0,0.76,0,19890,0,10,0.0,0.0,0.9994974874371859,27,200
0.0,0.0,0.0,,0.0,0.78,0,19890,0,10,0.0,0.0,0.9994974874371859,27,200
0.000955253896430367,0.1,0.95,0.05,0.1,0.8,1,19871,19,9,0.1,0.000955253896430367,0.9985929648241206,27,200
0.000955253896430367,0.1,0.95,0.05,0.1,0.82,1,19871,19,9,0.1,0.000955253896430367,0.9985929648241206,27,200
0.0010558069381598793,0.1,0.9545454545454546,0.045454545454545456,0.1,0.84,1,19869,21,9,0.1,0.0010558069381598793,0.9984924623115577,27,200
0.0010558069381598793,0.1,0.9545454545454546,0.045454545454545456,0.1,0.86,1,19869,21,9,0.1,0.0010558069381598793,0.9984924623115577,27,200
0.0011563599798893917,0.1,0.9583333333333334,0.041666666666666664,0.1,0.88,1,19867,23,9,0.1,0.0011563599798893917,0.998391959798995,27,200
0.01322272498743087,0.2,0.9924528301886792,0.007547169811320755,0.2,0.9,2,19627,263,8,0.2,0.01322272498743087,0.9863819095477387,27,200
0.01322272498743087,0.2,0.9924528301886792,0.007547169811320755,0.2,0.92,2,19627,263,8,0.2,0.01322272498743087,0.9863819095477387,27,200
0.030015082956259428,0.3,0.995,0.005,0.3,0.94,3,19293,597,7,0.3,0.030015082956259428,0.9696482412060301,27,200
0.03986928104575163,0.3,0.9962311557788944,0.0037688442211055275,0.3,0.96,3,19097,793,7,0.3,0.03986928104575163,0.9597989949748744,27,200
0.06787330316742081,0.5,0.996309963099631,0.0036900369003690036,0.5,0.98,5,18540,1350,5,0.5,0.06787330316742081,0.9319095477386935,27,200
0.9372046254399196,1.0,0.9994638357192643,0.0005361642807356174,1.0,1.0,10,1249,18641,0,1.0,0.9372046254399196,0.06326633165829146,27,200
5.0276520864756156e-05,0.1,0.5,0.5,0.1,0.02,1,19889,1,9,0.1,5.0276520864756156e-05,0.9994974874371859,28,200
5.0276520864756156e-05,0.1,0.5,0.5,0.1,0.04,1,19889,1,9,0.1,5.0276520864756156e-05,0.9994974874371859,28,200
5.0276520864756156e-05,0.1,0.5,0.5,0.1,0.06,1,19889,1,9,0.1,5.0276520864756156e-05,0.9994974874371859,28,200
5.0276520864756156e-05,0.1,0.5,0.5,0.1,0.08,1,19889,1,9,0.1,5.0276520864756156e-05,0.9994974874371859,28,200
5.0276520864756156e-05,0.1,0.5,0.5,0.1,0.1,1,19889,1,9,0.1,5.0276520864756156e-05,0.9994974874371859,28,200
5.0276520864756156e-05,0.1,0.5,0.5,0.1,0.12,1,19889,1,9,0.1,5.0276520864756156e-05,0.9994974874371859,28,200
0.00010055304172951231,0.1,0.6666666666666666,0.3333333333333333,0.1,0.14,1,19888,2,9,0.1,0.00010055304172951231,0.9994472361809045,28,200
0.00010055304172951231,0.1,0.6666666666666666,0.3333333333333333,0.1,0.16,1,19888,2,9,0.1,0.00010055304172951231,0.9994472361809045,28,200
0.00010055304172951231,0.1,0.6666666666666666,0.3333333333333333,0.1,0.18,1,19888,2,9,0.1,0.00010055304172951231,0.9994472361809045,28,200
0.00015082956259426848,0.1,0.75,0.25,0.1,0.2,1,19887,3,9,0.1,0.00015082956259426848,0.9993969849246231,28,200
0.00015082956259426848,0.1,0.75,0.25,0.1,0.22,1,19887,3,9,0.1,0.00015082956259426848,0.9993969849246231,28,200
0.00015082956259426848,0.1,0.75,0.25,0.1,0.24,1,19887,3,9,0.1,0.00015082956259426848,0.9993969849246231,28,200
0.00015082956259426848,0.1,0.75,0.25,0.1,0.26,1,19887,3,9,0.1,0.00015082956259426848,0.9993969849246231,28,200
0.00015082956259426848,0.1,0.75,0.25,0.1,0.28,1,19887,3,9,0.1,0.00015082956259426848,0.9993969849246231,28,200
0.00015082956259426848,0.1,0.75,0.25,0.1,0.3,1,19887,3,9,0.1,0.00015082956259426848,0.9993969849246231,28,200
0.00015082956259426848,0.1,0.75,0.25,0.1,0.32,1,19887,3,9,0.1,0.00015082956259426848,0.9993969849246231,28,200
0.00015082956259426848,0.1,0.75,0.25,0.1,0.34,1,19887,3,9,0.1,0.00015082956259426848,0.9993969849246231,28,200
0.00015082956259426848,0.1,0.75,0.25,0.1,0.36,1,19887,3,9,0.1,0.00015082956259426848,0.9993969849246231,28,200
0.00015082956259426848,0.1,0.75,0.25,0.1,0.38,1,19887,3,9,0.1,0.00015082956259426848,0.9993969849246231,28,200
0.00015082956259426848,0.1,0.75,0.25,0.1,0.4,1,19887,3,9,0.1,0.00015082956259426848,0.9993969849246231,28,200
0.00015082956259426848,0.1,0.75,0.25,0.1,0.42,1,19887,3,9,0.1,0.00015082956259426848,0.9993969849246231,28,200
0.00015082956259426848,0.1,0.75,0.25,0.1,0.44,1,19887,3,9,0.1,0.00015082956259426848,0.9993969849246231,28,200
0.00015082956259426848,0.1,0.75,0.25,0.1,0.46,1,19887,3,9,0.1,0.00015082956259426848,0.9993969849246231,28,200
0.00015082956259426848,0.1,0.75,0.25,0.1,0.48,1,19887,3,9,0.1,0.00015082956259426848,0.9993969849246231,28,200
0.00015082956259426848,0.1,0.75,0.25,0.1,0.5,1,19887,3,9,0.1,0.00015082956259426848,0.9993969849246231,28,200
0.00015082956259426848,0.1,0.75,0.25,0.1,0.52,1,19887,3,9,0.1,0.00015082956259426848,0.9993969849246231,28,200
0.00015082956259426848,0.1,0.75,0.25,0.1,0.54,1,19887,3,9,0.1,0.00015082956259426848,0.9993969849246231,28,200
0.00015082956259426848,0.1,0.75,0.25,0.1,0.56,1,19887,3,9,0.1,0.00015082956259426848,0.9993969849246231,28,200
0.00015082956259426848,0.1,0.75,0.25,0.1,0.58,1,19887,3,9,0.1,0.00015082956259426848,0.9993969849246231,28,200
0.00015082956259426848,0.1,0.75,0.25,0.1,0.6,1,19887,3,9,0.1,0.00015082956259426848,0.9993969849246231,28,200
0.00015082956259426848,0.1,0.75,0.25,0.1,0.62,1,19887,3,9,0.1,0.00015082956259426848,0.9993969849246231,28,200
0.00015082956259426848,0.1,0.75,0.25,0.1,0.64,1,19887,3,9,0.1,0.00015082956259426848,0.9993969849246231,28,200
0.00015082956259426848,0.1,0.75,0.25,0.1,0.66,1,19887,3,9,0.1,0.00015082956259426848,0.9993969849246231,28,200
0.00015082956259426848,0.1,0.75,0.25,0.1,0.68,1,19887,3,9,0.1,0.00015082956259426848,0.9993969849246231,28,200
0.00015082956259426848,0.1,0.75,0.25,0.1,0.7,1,19887,3,9,0.1,0.00015082956259426848,0.9993969849246231,28,200
0.00015082956259426848,0.1,0.75,0.25,0.1,0.72,1,19887,3,9,0.1,0.00015082956259426848,0.9993969849246231,28,200
0.00015082956259426848,0.1,0.75,0.25,0.1,0.74,1,19887,3,9,0.1,0.00015082956259426848,0.9993969849246231,28,200
0.00015082956259426848,0.1,0.75,0.25,0.1,0.76,1,19887,3,9,0.1,0.00015082956259426848,0.9993969849246231,28,200
0.00015082956259426848,0.1,0.75,0.25,0.1,0.78,1,19887,3,9,0.1,0.00015082956259426848,0.9993969849246231,28,200
0.00015082956259426848,0.1,0.75,0.25,0.1,0.8,1,19887,3,9,0.1,0.00015082956259426848,0.9993969849246231,28,200
0.00015082956259426848,0.1,0.75,0.25,0.1,0.82,1,19887,3,9,0.1,0.00015082956259426848,0.9993969849246231,28,200
0.0011060834590246355,0.2,0.9166666666666666,0.08333333333333333,0.2,0.84,2,19868,22,8,0.2,0.0011060834590246355,0.9984924623115577,28,200
0.008697838109602816,0.3,0.9829545454545454,0.017045454545454544,0.3,0.86,3,19717,173,7,0.3,0.008697838109602816,0.9909547738693467,28,200
0.011412770236299647,0.3,0.9869565217391304,0.013043478260869565,0.3,0.88,3,19663,227,7,0.3,0.011412770236299647,0.9882412060301508,28,200
0.013122171945701358,0.3,0.9886363636363636,0.011363636363636364,0.3,0.9,3,19629,261,7,0.3,0.013122171945701358,0.986532663316583,28,200
0.013122171945701358,0.3,0.9886363636363636,0.011363636363636364,0.3,0.92,3,19629,261,7,0.3,0.013122171945701358,0.986532663316583,28,200
0.013122171945701358,0.3,0.9886363636363636,0.011363636363636364,0.3,0.94,3,19629,261,7,0.3,0.013122171945701358,0.986532663316583,28,200
0.01870286576168929,0.4,0.9893617021276596,0.010638297872340425,0.4,0.96,4,19518,372,6,0.4,0.01870286576168929,0.9810050251256281,28,200
0.021266968325791856,0.4,0.990632318501171,0.00936768149882904,0.4,0.98,4,19467,423,6,0.4,0.021266968325791856,0.9784422110552764,28,200
0.7983911513323279,1.0,0.9993706733794839,0.0006293266205160479,1.0,1.0,10,4010,15880,0,1.0,0.7983911513323279,0.2020100502512563,28,200
0.0,0.0,0.0,,0.0,0.02,0,19890,0,10,0.0,0.0,0.9994974874371859,29,200
0.0,0.0,0.0,,0.0,0.04,0,19890,0,10,0.0,0.0,0.9994974874371859,29,200
0.0,0.0,0.0,,0.0,0.06,0,19890,0,10,0.0,0.0,0.9994974874371859,29,200
0.0,0.0,0.0,,0.0,0.08,0,19890,0,10,0.0,0.0,0.9994974874371859,29,200
0.0,0.0,0.0,,0.0,0.1,0,19890,0,10,0.0,0.0,0.9994974874371859,29,200
0.0,0.0,0.0,,0.0,0.12,0,19890,0,10,0.0,0.0,0.9994974874371859,29,200
0.0,0.0,0.0,,0.0,0.14,0,19890,0,10,0.0,0.0,0.9994974874371859,29,200
0.0,0.0,0.0,,0.0,0.16,0,19890,0,10,0.0,0.0,0.9994974874371859,29,200
0.0,0.0,0.0,,0.0,0.18,0,19890,0,10,0.0,0.0,0.9994974874371859,29,200
0.0,0.0,0.0,,0.0,0.2,0,19890,0,10,0.0,0.0,0.9994974874371859,29,200
0.0,0.0,0.0,,0.0,0.22,0,19890,0,10,0.0,0.0,0.9994974874371859,29,200
0.0,0.0,0.0,,0.0,0.24,0,19890,0,10,0.0,0.0,0.9994974874371859,29,200
0.0,0.0,0.0,,0.0,0.26,0,19890,0,10,0.0,0.0,0.9994974874371859,29,200
0.0,0.0,0.0,,0.0,0.28,0,19890,0,10,0.0,0.0,0.9994974874371859,29,200
0.0,0.0,0.0,,0.0,0.3,0,19890,0,10,0.0,0.0,0.9994974874371859,29,200
0.0,0.0,0.0,,0.0,0.32,0,19890,0,10,0.0,0.0,0.9994974874371859,29,200
0.0,0.0,0.0,,0.0,0.34,0,19890,0,10,0.0,0.0,0.9994974874371859,29,200
0.0,0.0,0.0,,0.0,0.36,0,19890,0,10,0.0,0.0,0.9994974874371859,29,200
0.0,0.0,0.0,,0.0,0.38,0,19890,0,10,0.0,0.0,0.9994974874371859,29,200
0.0,0.0,0.0,,0.0,0.4,0,19890,0,10,0.0,0.0,0.9994974874371859,29,200
0.0,0.0,0.0,,0.0,0.42,0,19890,0,10,0.0,0.0,0.9994974874371859,29,200
0.0,0.0,0.0,,0.0,0.44,0,19890,0,10,0.0,0.0,0.9994974874371859,29,200
0.0,0.0,0.0,,0.0,0.46,0,19890,0,10,0.0,0.0,0.9994974874371859,29,200
0.0,0.0,0.0,,0.0,0.48,0,19890,0,10,0.0,0.0,0.9994974874371859,29,200
0.0,0.0,0.0,,0.0,0.5,0,19890,0,10,0.0,0.0,0.9994974874371859,29,200
0.0,0.0,0.0,,0.0,0.52,0,19890,0,10,0.0,0.0,0.9994974874371859,29,200
0.0,0.0,0.0,,0.0,0.54,0,19890,0,10,0.0,0.0,0.9994974874371859,29,200
0.0,0.0,0.0,,0.0,0.56,0,19890,0,10,0.0,0.0,0.9994974874371859,29,200
0.0,0.0,0.0,,0.0,0.58,0,19890,0,10,0.0,0.0,0.9994974874371859,29,200
0.0,0.0,0.0,,0.0,0.6,0,19890,0,10,0.0,0.0,0.9994974874371859,29,200
0.0,0.0,0.0,,0.0,0.62,0,19890,0,10,0.0,0.0,0.9994974874371859,29,200
0.0,0.0,0.0,,0.0,0.64,0,19890,0,10,0.0,0.0,0.9994974874371859,29,200
0.0,0.0,0.0,,0.0,0.66,0,19890,0,10,0.0,0.0,0.9994974874371859,29,200
0.0,0.0,0.0,,0.0,0.68,0,19890,0,10,0.0,0.0,0.9994974874371859,29,200
0.00020110608345902463,0.0,1.0,0.0,0.0,0.7,0,19886,4,10,0.0,0.00020110608345902463,0.9992964824120603,29,200
0.001256913021618904,0.0,1.0,0.0,0.0,0.72,0,19865,25,10,0.0,0.001256913021618904,0.9982412060301508,29,200
0.001256913021618904,0.0,1.0,0.0,0.0,0.74,0,19865,25,10,0.0,0.001256913021618904,0.9982412060301508,29,200
0.001256913021618904,0.0,1.0,0.0,0.0,0.76,0,19865,25,10,0.0,0.001256913021618904,0.9982412060301508,29,200
0.0013574660633484162,0.0,1.0,0.0,0.0,0.78,0,19863,27,10,0.0,0.0013574660633484162,0.998140703517588,29,200
0.0017596782302664656,0.0,1.0,0.0,0.0,0.8,0,19855,35,10,0.0,0.0017596782302664656,0.9977386934673367,29,200
0.0022624434389140274,0.0,1.0,0.0,0.0,0.82,0,19845,45,10,0.0,0.0022624434389140274,0.9972361809045226,29,200
0.002513826043237808,0.0,1.0,0.0,0.0,0.84,0,19840,50,10,0.0,0.002513826043237808,0.9969849246231156,29,200
0.003217697335344394,0.0,1.0,0.0,0.0,0.86,0,19826,64,10,0.0,0.003217697335344394,0.9962814070351759,29,200
0.003569632981397687,0.0,1.0,0.0,0.0,0.88,0,19819,71,10,0.0,0.003569632981397687,0.995929648241206,29,200
0.003569632981397687,0.0,1.0,0.0,0.0,0.9,0,19819,71,10,0.0,0.003569632981397687,0.995929648241206,29,200
0.003569632981397687,0.0,1.0,0.0,0.0,0.92,0,19819,71,10,0.0,0.003569632981397687,0.995929648241206,29,200
0.03775766716943187,0.3,0.9960212201591512,0.003978779840848806,0.3,0.94,3,19139,751,7,0.3,0.03775766716943187,0.9619095477386934,29,200
0.08572146807440925,0.3,0.9982435597189696,0.001756440281030445,0.3,0.96,3,18185,1705,7,0.3,0.08572146807440925,0.9139698492462311,29,200
0.1170940170940171,0.4,0.9982854693527646,0.0017145306472353193,0.4,0.98,4,17561,2329,6,0.4,0.1170940170940171,0.8826633165829145,29,200
0.9686274509803922,1.0,0.9994812201701598,0.0005187798298402158,1.0,1.0,10,624,19266,0,1.0,0.9686274509803922,0.03185929648241206,29,200
5.0276520864756156e-05,0.1,0.5,0.5,0.1,0.02,1,19889,1,9,0.1,5.0276520864756156e-05,0.9994974874371859,30,200
5.0276520864756156e-05,0.1,0.5,0.5,0.1,0.04,1,19889,1,9,0.1,5.0276520864756156e-05,0.9994974874371859,30,200
5.0276520864756156e-05,0.1,0.5,0.5,0.1,0.06,1,19889,1,9,0.1,5.0276520864756156e-05,0.9994974874371859,30,200
5.0276520864756156e-05,0.1,0.5,0.5,0.1,0.08,1,19889,1,9,0.1,5.0276520864756156e-05,0.9994974874371859,30,200
5.0276520864756156e-05,0.1,0.5,0.5,0.1,0.1,1,19889,1,9,0.1,5.0276520864756156e-05,0.9994974874371859,30,200
5.0276520864756156e-05,0.1,0.5,0.5,0.1,0.12,1,19889,1,9,0.1,5.0276520864756156e-05,0.9994974874371859,30,200
5.0276520864756156e-05,0.1,0.5,0.5,0.1,0.14,1,19889,1,9,0.1,5.0276520864756156e-05,0.9994974874371859,30,200
5.0276520864756156e-05,0.1,0.5,0.5,0.1,0.16,1,19889,1,9,0.1,5.0276520864756156e-05,0.9994974874371859,30,200
0.00010055304172951231,0.2,0.5,0.5,0.2,0.18,2,19888,2,8,0.2,0.00010055304172951231,0.9994974874371859,30,200
0.00010055304172951231,0.2,0.5,0.5,0.2,0.2,2,19888,2,8,0.2,0.00010055304172951231,0.9994974874371859,30,200
0.00010055304172951231,0.2,0.5,0.5,0.2,0.22,2,19888,2,8,0.2,0.00010055304172951231,0.9994974874371859,30,200
0.00025138260432378077,0.2,0.7142857142857143,0.2857142857142857,0.2,0.24,2,19885,5,8,0.2,0.00025138260432378077,0.9993467336683417,30,200
0.00025138260432378077,0.2,0.7142857142857143,0.2857142857142857,0.2,0.26,2,19885,5,8,0.2,0.00025138260432378077,0.9993467336683417,30,200
0.00025138260432378077,0.2,0.7142857142857143,0.2857142857142857,0.2,0.28,2,19885,5,8,0.2,0.00025138260432378077,0.9993467336683417,30,200
0.00025138260432378077,0.2,0.7142857142857143,0.2857142857142857,0.2,0.3,2,19885,5,8,0.2,0.00025138260432378077,0.9993467336683417,30,200
0.00025138260432378077,0.2,0.7142857142857143,0.2857142857142857,0.2,0.32,2,19885,5,8,0.2,0.00025138260432378077,0.9993467336683417,30,200
0.00025138260432378077,0.2,0.7142857142857143,0.2857142857142857,0.2,0.34,2,19885,5,8,0.2,0.00025138260432378077,0.9993467336683417,30,200
0.00025138260432378077,0.2,0.7142857142857143,0.2857142857142857,0.2,0.36,2,19885,5,8,0.2,0.00025138260432378077,0.9993467336683417,30,200
0.00030165912518853697,0.2,0.75,0.25,0.2,0.38,2,19884,6,8,0.2,0.00030165912518853697,0.9992964824120603,30,200
0.0003519356460532931,0.2,0.7777777777777778,0.2222222222222222,0.2,0.4,2,19883,7,8,0.2,0.0003519356460532931,0.9992462311557789,30,200
0.0003519356460532931,0.2,0.7777777777777778,0.2222222222222222,0.2,0.42,2,19883,7,8,0.2,0.0003519356460532931,0.9992462311557789,30,200
0.0003519356460532931,0.2,0.7777777777777778,0.2222222222222222,0.2,0.44,2,19883,7,8,0.2,0.0003519356460532931,0.9992462311557789,30,200
0.0003519356460532931,0.2,0.7777777777777778,0.2222222222222222,0.2,0.46,2,19883,7,8,0.2,0.0003519356460532931,0.9992462311557789,30,200
0.0003519356460532931,0.2,0.7777777777777778,0.2222222222222222,0.2,0.48,2,19883,7,8,0.2,0.0003519356460532931,0.9992462311557789,30,200
0.0003519356460532931,0.2,0.7777777777777778,0.2222222222222222,0.2,0.5,2,19883,7,8,0.2,0.0003519356460532931,0.9992462311557789,30,200
0.00065359477124183,0.2,0.8666666666666667,0.13333333333333333,0.2,0.52,2,19877,13,8,0.2,0.00065359477124183,0.9989447236180905,30,200
0.00065359477124183,0.2,0.8666666666666667,0.13333333333333333,0.2,0.54,2,19877,13,8,0.2,0.00065359477124183,0.9989447236180905,30,200
0.00065359477124183,0.2,0.8666666666666667,0.13333333333333333,0.2,0.56,2,19877,13,8,0.2,0.00065359477124183,0.9989447236180905,30,200
0.0007038712921065862,0.2,0.875,0.125,0.2,0.58,2,19876,14,8,0.2,0.0007038712921065862,0.9988944723618091,30,200
0.0008547008547008547,0.2,0.8947368421052632,0.10526315789473684,0.2,0.6,2,19873,17,8,0.2,0.0008547008547008547,0.9987437185929648,30,200
0.0008547008547008547,0.2,0.8947368421052632,0.10526315789473684,0.2,0.62,2,19873,17,8,0.2,0.0008547008547008547,0.9987437185929648,30,200
0.0017094017094017094,0.2,0.9444444444444444,0.05555555555555555,0.2,0.64,2,19856,34,8,0.2,0.0017094017094017094,0.9978894472361809,30,200
0.002011060834590246,0.2,0.9523809523809523,0.047619047619047616,0.2,0.66,2,19850,40,8,0.2,0.002011060834590246,0.9975879396984925,30,200
0.002011060834590246,0.2,0.9523809523809523,0.047619047619047616,0.2,0.68,2,19850,40,8,0.2,0.002011060834590246,0.9975879396984925,30,200
0.002011060834590246,0.2,0.9523809523809523,0.047619047619047616,0.2,0.7,2,19850,40,8,0.2,0.002011060834590246,0.9975879396984925,30,200
0.002161890397184515,0.2,0.9555555555555556,0.044444444444444446,0.2,0.72,2,19847,43,8,0.2,0.002161890397184515,0.9974371859296483,30,200
0.0024635495223730517,0.2,0.9607843137254902,0.0392156862745098,0.2,0.74,2,19841,49,8,0.2,0.0024635495223730517,0.9971356783919598,30,200
0.0029160382101558573,0.2,0.9666666666666667,0.03333333333333333,0.2,0.76,2,19832,58,8,0.2,0.0029160382101558573,0.9966834170854272,30,200
0.0029160382101558573,0.2,0.9666666666666667,0.03333333333333333,0.2,0.78,2,19832,58,8,0.2,0.0029160382101558573,0.9966834170854272,30,200
0.0029160382101558573,0.2,0.9666666666666667,0.03333333333333333,0.2,0.8,2,19832,58,8,0.2,0.0029160382101558573,0.9966834170854272,30,200
0.004374057315233786,0.2,0.9775280898876404,0.02247191011235955,0.2,0.82,2,19803,87,8,0.2,0.004374057315233786,0.9952261306532664,30,200
0.0058823529411764705,0.3,0.975,0.025,0.3,0.84,3,19773,117,7,0.3,0.0058823529411764705,0.9937688442211056,30,200
0.006636500754147813,0.3,0.9777777777777777,0.022222222222222223,0.3,0.86,3,19758,132,7,0.3,0.006636500754147813,0.9930150753768844,30,200
0.006636500754147813,0.3,0.9777777777777777,0.022222222222222223,0.3,0.88,3,19758,132,7,0.3,0.006636500754147813,0.9930150753768844,30,200
0.006636500754147813,0.3,0.9777777777777777,0.022222222222222223,0.3,0.9,3,19758,132,7,0.3,0.006636500754147813,0.9930150753768844,30,200
0.014982403217697336,0.4,0.9867549668874173,0.013245033112582781,0.4,0.92,4,19592,298,6,0.4,0.014982403217697336,0.9847236180904523,30,200
0.014982403217697336,0.4,0.9867549668874173,0.013245033112582781,0.4,0.94,4,19592,298,6,0.4,0.014982403217697336,0.9847236180904523,30,200
0.024434389140271493,0.4,0.9918367346938776,0.00816326530612245,0.4,0.96,4,19404,486,6,0.4,0.024434389140271493,0.9752763819095477,30,200
0.09648064353946707,0.5,0.9974012474012474,0.002598752598752599,0.5,0.98,5,17971,1919,5,0.5,0.09648064353946707,0.9033165829145728,30,200
0.9611362493715435,1.0,0.999477178857113,0.0005228211428870183,1.0,1.0,10,773,19117,0,1.0,0.9611362493715435,0.03934673366834171,30,200
5.0276520864756156e-05,0.0,1.0,0.0,0.0,0.02,0,19889,1,10,0.0,5.0276520864756156e-05,0.9994472361809045,31,200
5.0276520864756156e-05,0.0,1.0,0.0,0.0,0.04,0,19889,1,10,0.0,5.0276520864756156e-05,0.9994472361809045,31,200
5.0276520864756156e-05,0.0,1.0,0.0,0.0,0.06,0,19889,1,10,0.0,5.0276520864756156e-05,0.9994472361809045,31,200
5.0276520864756156e-05,0.0,1.0,0.0,0.0,0.08,0,19889,1,10,0.0,5.0276520864756156e-05,0.9994472361809045,31,200
5.0276520864756156e-05,0.0,1.0,0.0,0.0,0.1,0,19889,1,10,0.0,5.0276520864756156e-05,0.9994472361809045,31,200
5.0276520864756156e-05,0.0,1.0,0.0,0.0,0.12,0,19889,1,10,0.0,5.0276520864756156e-05,0.9994472361809045,31,200
5.0276520864756156e-05,0.0,1.0,0.0,0.0,0.14,0,19889,1,10,0.0,5.0276520864756156e-05,0.9994472361809045,31,200
5.0276520864756156e-05,0.0,1.0,0.0,0.0,0.16,0,19889,1,10,0.0,5.0276520864756156e-05,0.9994472361809045,31,200
5.0276520864756156e-05,0.0,1.0,0.0,0.0,0.18,0,19889,1,10,0.0,5.0276520864756156e-05,0.9994472361809045,31,200
5.0276520864756156e-05,0.0,1.0,0.0,0.0,0.2,0,19889,1,10,0.0,5.0276520864756156e-05,0.9994472361809045,31,200
5.0276520864756156e-05,0.0,1.0,0.0,0.0,0.22,0,19889,1,10,0.0,5.0276520864756156e-05,0.9994472361809045,31,200
5.0276520864756156e-05,0.0,1.0,0.0,0.0,0.24,0,19889,1,10,0.0,5.0276520864756156e-05,0.9994472361809045,31,200
5.0276520864756156e-05,0.0,1.0,0.0,0.0,0.26,0,19889,1,10,0.0,5.0276520864756156e-05,0.9994472361809045,31,200
5.0276520864756156e-05,0.0,1.0,0.0,0.0,0.28,0,19889,1,10,0.0,5.0276520864756156e-05,0.9994472361809045,31,200
5.0276520864756156e-05,0.0,1.0,0.0,0.0,0.3,0,19889,1,10,0.0,5.0276520864756156e-05,0.9994472361809045,31,200
5.0276520864756156e-05,0.0,1.0,0.0,0.0,0.32,0,19889,1,10,0.0,5.0276520864756156e-05,0.9994472361809045,31,200
5.0276520864756156e-05,0.0,1.0,0.0,0.0,0.34,0,19889,1,10,0.0,5.0276520864756156e-05,0.9994472361809045,31,200
5.0276520864756156e-05,0.0,1.0,0.0,0.0,0.36,0,19889,1,10,0.0,5.0276520864756156e-05,0.9994472361809045,31,200
5.0276520864756156e-05,0.0,1.0,0.0,0.0,0.38,0,19889,1,10,0.0,5.0276520864756156e-05,0.9994472361809045,31,200
5.0276520864756156e-05,0.0,1.0,0.0,0.0,0.4,0,19889,1,10,0.0,5.0276520864756156e-05,0.9994472361809045,31,200
5.0276520864756156e-05,0.0,1.0,0.0,0.0,0.42,0,19889,1,10,0.0,5.0276520864756156e-05,0.9994472361809045,31,200
5.0276520864756156e-05,0.0,1.0,0.0,0.0,0.44,0,19889,1,10,0.0,5.0276520864756156e-05,0.9994472361809045,31,200
5.0276520864756156e-05,0.0,1.0,0.0,0.0,0.46,0,19889,1,10,0.0,5.0276520864756156e-05,0.9994472361809045,31,200
5.0276520864756156e-05,0.0,1.0,0.0,0.0,0.48,0,19889,1,10,0.0,5.0276520864756156e-05,0.9994472361809045,31,200
5.0276520864756156e-05,0.0,1.0,0.0,0.0,0.5,0,19889,1,10,0.0,5.0276520864756156e-05,0.9994472361809045,31,200
5.0276520864756156e-05,0.0,1.0,0.0,0.0,0.52,0,19889,1,10,0.0,5.0276520864756156e-05,0.9994472361809045,31,200
0.00015082956259426848,0.0,1.0,0.0,0.0,0.54,0,19887,3,10,0.0,0.00015082956259426848,0.9993467336683417,31,200
0.00015082956259426848,0.0,1.0,0.0,0.0,0.56,0,19887,3,10,0.0,0.00015082956259426848,0.9993467336683417,31,200
0.00030165912518853697,0.0,1.0,0.0,0.0,0.58,0,19884,6,10,0.0,0.00030165912518853697,0.9991959798994975,31,200
0.00030165912518853697,0.0,1.0,0.0,0.0,0.6,0,19884,6,10,0.0,0.00030165912518853697,0.9991959798994975,31,200
0.00030165912518853697,0.0,1.0,0.0,0.0,0.62,0,19884,6,10,0.0,0.00030165912518853697,0.9991959798994975,31,200
0.00030165912518853697,0.0,1.0,0.0,0.0,0.64,0,19884,6,10,0.0,0.00030165912518853697,0.9991959798994975,31,200
0.00030165912518853697,0.0,1.0,0.0,0.0,0.66,0,19884,6,10,0.0,0.00030165912518853697,0.9991959798994975,31,200
0.00030165912518853697,0.0,1.0,0.0,0.0,0.68,0,19884,6,10,0.0,0.00030165912518853697,0.9991959798994975,31,200
0.0016591251885369532,0.2,0.9428571428571428,0.05714285714285714,0.2,0.7,2,19857,33,8,0.2,0.0016591251885369532,0.9979396984924623,31,200
0.0016591251885369532,0.2,0.9428571428571428,0.05714285714285714,0.2,0.72,2,19857,33,8,0.2,0.0016591251885369532,0.9979396984924623,31,200
0.0016591251885369532,0.2,0.9428571428571428,0.05714285714285714,0.2,0.74,2,19857,33,8,0.2,0.0016591251885369532,0.9979396984924623,31,200
0.0016591251885369532,0.2,0.9428571428571428,0.05714285714285714,0.2,0.76,2,19857,33,8,0.2,0.0016591251885369532,0.9979396984924623,31,200
0.0016591251885369532,0.2,0.9428571428571428,0.05714285714285714,0.2,0.78,2,19857,33,8,0.2,0.0016591251885369532,0.9979396984924623,31,200
0.0017094017094017094,0.2,0.9444444444444444,0.05555555555555555,0.2,0.8,2,19856,34,8,0.2,0.0017094017094017094,0.9978894472361809,31,200
0.003821015585721468,0.2,0.9743589743589743,0.02564102564102564,0.2,0.82,2,19814,76,8,0.2,0.003821015585721468,0.9957788944723618,31,200
0.003821015585721468,0.2,0.9743589743589743,0.02564102564102564,0.2,0.84,2,19814,76,8,0.2,0.003821015585721468,0.9957788944723618,31,200
0.004273504273504274,0.2,0.9770114942528736,0.022988505747126436,0.2,0.86,2,19805,85,8,0.2,0.004273504273504274,0.9953266331658291,31,200
0.004273504273504274,0.2,0.9770114942528736,0.022988505747126436,0.2,0.88,2,19805,85,8,0.2,0.004273504273504274,0.9953266331658291,31,200
0.005480140774258421,0.2,0.9819819819819819,0.018018018018018018,0.2,0.9,2,19781,109,8,0.2,0.005480140774258421,0.9941206030150753,31,200
0.005480140774258421,0.2,0.9819819819819819,0.018018018018018018,0.2,0.92,2,19781,109,8,0.2,0.005480140774258421,0.9941206030150753,31,200
0.0069381598793363496,0.2,0.9857142857142858,0.014285714285714285,0.2,0.94,2,19752,138,8,0.2,0.0069381598793363496,0.9926633165829146,31,200
0.025741578682755152,0.3,0.9941747572815534,0.005825242718446602,0.3,0.96,3,19378,512,7,0.3,0.025741578682755152,0.9739195979899498,31,200
0.0452991452991453,0.3,0.9966814159292036,0.00331858407079646,0.3,0.98,3,18989,901,7,0.3,0.0452991452991453,0.9543718592964824,31,200
0.4017094017094017,0.8,0.9989997499374844,0.001000250062515629,0.8,1.0,8,11900,7990,2,0.8,0.4017094017094017,0.598391959798995,31,200
0.0,0.0,0.0,,0.0,0.02,0,19890,0,10,0.0,0.0,0.9994974874371859,32,200
0.0,0.0,0.0,,0.0,0.04,0,19890,0,10,0.0,0.0,0.9994974874371859,32,200
0.0,0.0,0.0,,0.0,0.06,0,19890,0,10,0.0,0.0,0.9994974874371859,32,200
0.0,0.0,0.0,,0.0,0.08,0,19890,0,10,0.0,0.0,0.9994974874371859,32,200
0.0,0.0,0.0,,0.0,0.1,0,19890,0,10,0.0,0.0,0.9994974874371859,32,200
0.0,0.0,0.0,,0.0,0.12,0,19890,0,10,0.0,0.0,0.9994974874371859,32,200
0.0,0.0,0.0,,0.0,0.14,0,19890,0,10,0.0,0.0,0.9994974874371859,32,200
0.0,0.0,0.0,,0.0,0.16,0,19890,0,10,0.0,0.0,0.9994974874371859,32,200
0.0,0.0,0.0,,0.0,0.18,0,19890,0,10,0.0,0.0,0.9994974874371859,32,200
0.0,0.0,0.0,,0.0,0.2,0,19890,0,10,0.0,0.0,0.9994974874371859,32,200
0.0,0.0,0.0,,0.0,0.22,0,19890,0,10,0.0,0.0,0.9994974874371859,32,200
0.0,0.0,0.0,,0.0,0.24,0,19890,0,10,0.0,0.0,0.9994974874371859,32,200
0.0,0.0,0.0,,0.0,0.26,0,19890,0,10,0.0,0.0,0.9994974874371859,32,200
0.0,0.0,0.0,,0.0,0.28,0,19890,0,10,0.0,0.0,0.9994974874371859,32,200
0.0,0.0,0.0,,0.0,0.3,0,19890,0,10,0.0,0.0,0.9994974874371859,32,200
0.0,0.0,0.0,,0.0,0.32,0,19890,0,10,0.0,0.0,0.9994974874371859,32,200
0.0,0.0,0.0,,0.0,0.34,0,19890,0,10,0.0,0.0,0.9994974874371859,32,200
0.0,0.0,0.0,,0.0,0.36,0,19890,0,10,0.0,0.0,0.9994974874371859,32,200
0.0,0.0,0.0,,0.0,0.38,0,19890,0,10,0.0,0.0,0.9994974874371859,32,200
0.0,0.0,0.0,,0.0,0.4,0,19890,0,10,0.0,0.0,0.9994974874371859,32,200
0.0,0.0,0.0,,0.0,0.42,0,19890,0,10,0.0,0.0,0.9994974874371859,32,200
0.0,0.0,0.0,,0.0,0.44,0,19890,0,10,0.0,0.0,0.9994974874371859,32,200
0.0,0.0,0.0,,0.0,0.46,0,19890,0,10,0.0,0.0,0.9994974874371859,32,200
0.0,0.0,0.0,,0.0,0.48,0,19890,0,10,0.0,0.0,0.9994974874371859,32,200
0.0,0.0,0.0,,0.0,0.5,0,19890,0,10,0.0,0.0,0.9994974874371859,32,200
0.0,0.0,0.0,,0.0,0.52,0,19890,0,10,0.0,0.0,0.9994974874371859,32,200
0.0,0.0,0.0,,0.0,0.54,0,19890,0,10,0.0,0.0,0.9994974874371859,32,200
0.0,0.0,0.0,,0.0,0.56,0,19890,0,10,0.0,0.0,0.9994974874371859,32,200
0.0,0.0,0.0,,0.0,0.58,0,19890,0,10,0.0,0.0,0.9994974874371859,32,200
0.0,0.0,0.0,,0.0,0.6,0,19890,0,10,0.0,0.0,0.9994974874371859,32,200
0.0,0.0,0.0,,0.0,0.62,0,19890,0,10,0.0,0.0,0.9994974874371859,32,200
0.0,0.0,0.0,,0.0,0.64,0,19890,0,10,0.0,0.0,0.9994974874371859,32,200
0.00040221216691804925,0.0,1.0,0.0,0.0,0.66,0,19882,8,10,0.0,0.00040221216691804925,0.9990954773869347,32,200
0.00040221216691804925,0.0,1.0,0.0,0.0,0.68,0,19882,8,10,0.0,0.00040221216691804925,0.9990954773869347,32,200
0.0007038712921065862,0.0,1.0,0.0,0.0,0.7,0,19876,14,10,0.0,0.0007038712921065862,0.9987939698492462,32,200
0.0007038712921065862,0.0,1.0,0.0,0.0,0.72,0,19876,14,10,0.0,0.0007038712921065862,0.9987939698492462,32,200
0.0007541478129713424,0.0,1.0,0.0,0.0,0.74,0,19875,15,10,0.0,0.0007541478129713424,0.9987437185929648,32,200
0.0007541478129713424,0.0,1.0,0.0,0.0,0.76,0,19875,15,10,0.0,0.0007541478129713424,0.9987437185929648,32,200
0.0007541478129713424,0.0,1.0,0.0,0.0,0.78,0,19875,15,10,0.0,0.0007541478129713424,0.9987437185929648,32,200
0.0007541478129713424,0.0,1.0,0.0,0.0,0.8,0,19875,15,10,0.0,0.0007541478129713424,0.9987437185929648,32,200
0.0008044243338360985,0.0,1.0,0.0,0.0,0.82,0,19874,16,10,0.0,0.0008044243338360985,0.9986934673366834,32,200
0.0008044243338360985,0.0,1.0,0.0,0.0,0.84,0,19874,16,10,0.0,0.0008044243338360985,0.9986934673366834,32,200
0.0008044243338360985,0.0,1.0,0.0,0.0,0.86,0,19874,16,10,0.0,0.0008044243338360985,0.9986934673366834,32,200
0.0048265460030165915,0.0,1.0,0.0,0.0,0.88,0,19794,96,10,0.0,0.0048265460030165915,0.9946733668341708,32,200
0.005329311211664153,0.0,1.0,0.0,0.0,0.9,0,19784,106,10,0.0,0.005329311211664153,0.9941708542713568,32,200
0.005329311211664153,0.0,1.0,0.0,0.0,0.92,0,19784,106,10,0.0,0.005329311211664153,0.9941708542713568,32,200
0.02473604826546003,0.2,0.9959514170040485,0.004048582995951417,0.2,0.94,2,19398,492,8,0.2,0.02473604826546003,0.9748743718592965,32,200
0.026847662141779787,0.2,0.996268656716418,0.0037313432835820895,0.2,0.96,2,19356,534,8,0.2,0.026847662141779787,0.9727638190954774,32,200
0.035143288084464555,0.3,0.9957264957264957,0.004273504273504274,0.3,0.98,3,19191,699,7,0.3,0.035143288084464555,0.9645226130653266,32,200
0.8763700351935646,1.0,0.9994266383808268,0.0005733616191732126,1.0,1.0,10,2459,17431,0,1.0,0.8763700351935646,0.12407035175879397,32,200
0.0,0.0,0.0,,0.0,0.02,0,19890,0,10,0.0,0.0,0.9994974874371859,33,200
0.0,0.0,0.0,,0.0,0.04,0,19890,0,10,0.0,0.0,0.9994974874371859,33,200
0.0,0.0,0.0,,0.0,0.06,0,19890,0,10,0.0,0.0,0.9994974874371859,33,200
0.0,0.0,0.0,,0.0,0.08,0,19890,0,10,0.0,0.0,0.9994974874371859,33,200
0.0,0.0,0.0,,0.0,0.1,0,19890,0,10,0.0,0.0,0.9994974874371859,33,200
0.0,0.0,0.0,,0.0,0.12,0,19890,0,10,0.0,0.0,0.9994974874371859,33,200
0.0,0.0,0.0,,0.0,0.14,0,19890,0,10,0.0,0.0,0.9994974874371859,33,200
0.0,0.0,0.0,,0.0,0.16,0,19890,0,10,0.0,0.0,0.9994974874371859,33,200
0.0,0.0,0.0,,0.0,0.18,0,19890,0,10,0.0,0.0,0.9994974874371859,33,200
0.0,0.0,0.0,,0.0,0.2,0,19890,0,10,0.0,0.0,0.9994974874371859,33,200
0.0,0.0,0.0,,0.0,0.22,0,19890,0,10,0.0,0.0,0.9994974874371859,33,200
0.0,0.0,0.0,,0.0,0.24,0,19890,0,10,0.0,0.0,0.9994974874371859,33,200
0.0,0.0,0.0,,0.0,0.26,0,19890,0,10,0.0,0.0,0.9994974874371859,33,200
0.0,0.0,0.0,,0.0,0.28,0,19890,0,10,0.0,0.0,0.9994974874371859,33,200
0.0,0.0,0.0,,0.0,0.3,0,19890,0,10,0.0,0.0,0.9994974874371859,33,200
0.0,0.0,0.0,,0.0,0.32,0,19890,0,10,0.0,0.0,0.9994974874371859,33,200
0.0,0.0,0.0,,0.0,0.34,0,19890,0,10,0.0,0.0,0.9994974874371859,33,200
0.0,0.0,0.0,,0.0,0.36,0,19890,0,10,0.0,0.0,0.9994974874371859,33,200
0.0,0.0,0.0,,0.0,0.38,0,19890,0,10,0.0,0.0,0.9994974874371859,33,200
0.0,0.0,0.0,,0.0,0.4,0,19890,0,10,0.0,0.0,0.9994974874371859,33,200
0.0,0.0,0.0,,0.0,0.42,0,19890,0,10,0.0,0.0,0.9994974874371859,33,200
0.0,0.0,0.0,,0.0,0.44,0,19890,0,10,0.0,0.0,0.9994974874371859,33,200
0.0,0.0,0.0,,0.0,0.46,0,19890,0,10,0.0,0.0,0.9994974874371859,33,200
0.0,0.0,0.0,,0.0,0.48,0,19890,0,10,0.0,0.0,0.9994974874371859,33,200
0.0,0.0,0.0,,0.0,0.5,0,19890,0,10,0.0,0.0,0.9994974874371859,33,200
0.0,0.0,0.0,,0.0,0.52,0,19890,0,10,0.0,0.0,0.9994974874371859,33,200
0.0,0.0,0.0,,0.0,0.54,0,19890,0,10,0.0,0.0,0.9994974874371859,33,200
0.0,0.0,0.0,,0.0,0.56,0,19890,0,10,0.0,0.0,0.9994974874371859,33,200
5.0276520864756156e-05,0.0,1.0,0.0,0.0,0.58,0,19889,1,10,0.0,5.0276520864756156e-05,0.9994472361809045,33,200
5.0276520864756156e-05,0.0,1.0,0.0,0.0,0.6,0,19889,1,10,0.0,5.0276520864756156e-05,0.9994472361809045,33,200
0.0009049773755656109,0.0,1.0,0.0,0.0,0.62,0,19872,18,10,0.0,0.0009049773755656109,0.9985929648241206,33,200
0.0009049773755656109,0.0,1.0,0.0,0.0,0.64,0,19872,18,10,0.0,0.0009049773755656109,0.9985929648241206,33,200
0.0009049773755656109,0.0,1.0,0.0,0.0,0.66,0,19872,18,10,0.0,0.0009049773755656109,0.9985929648241206,33,200
0.000955253896430367,0.0,1.0,0.0,0.0,0.68,0,19871,19,10,0.0,0.000955253896430367,0.9985427135678392,33,200
0.000955253896430367,0.0,1.0,0.0,0.0,0.7,0,19871,19,10,0.0,0.000955253896430367,0.9985427135678392,33,200
0.000955253896430367,0.0,1.0,0.0,0.0,0.72,0,19871,19,10,0.0,0.000955253896430367,0.9985427135678392,33,200
0.0012066365007541479,0.0,1.0,0.0,0.0,0.74,0,19866,24,10,0.0,0.0012066365007541479,0.9982914572864322,33,200
0.0013574660633484162,0.0,1.0,0.0,0.0,0.76,0,19863,27,10,0.0,0.0013574660633484162,0.998140703517588,33,200
0.0015082956259426848,0.1,0.967741935483871,0.03225806451612903,0.1,0.78,1,19860,30,9,0.1,0.0015082956259426848,0.9980402010050251,33,200
0.0015082956259426848,0.1,0.967741935483871,0.03225806451612903,0.1,0.8,1,19860,30,9,0.1,0.0015082956259426848,0.9980402010050251,33,200
0.0015082956259426848,0.1,0.967741935483871,0.03225806451612903,0.1,0.82,1,19860,30,9,0.1,0.0015082956259426848,0.9980402010050251,33,200
0.00864756158873806,0.2,0.9885057471264368,0.011494252873563218,0.2,0.84,2,19718,172,8,0.2,0.00864756158873806,0.9909547738693467,33,200
0.009552538964303671,0.2,0.9895833333333334,0.010416666666666666,0.2,0.86,2,19700,190,8,0.2,0.009552538964303671,0.9900502512562814,33,200
0.01060834590246355,0.2,0.9906103286384976,0.009389671361502348,0.2,0.88,2,19679,211,8,0.2,0.01060834590246355,0.9889949748743718,33,200
0.01060834590246355,0.2,0.9906103286384976,0.009389671361502348,0.2,0.9,2,19679,211,8,0.2,0.01060834590246355,0.9889949748743718,33,200
0.012870789341377576,0.3,0.9884169884169884,0.011583011583011582,0.3,0.92,3,19634,256,7,0.3,0.012870789341377576,0.98678391959799,33,200
0.025238813474107592,0.5,0.9901380670611439,0.009861932938856016,0.5,0.94,5,19388,502,5,0.5,0.025238813474107592,0.9745226130653266,33,200
0.05726495726495726,0.6,0.994759825327511,0.005240174672489083,0.6,0.96,6,18751,1139,4,0.6,0.05726495726495726,0.9425628140703518,33,200
0.12755153343388637,0.6,0.9976405819897759,0.0023594180102241447,0.6,0.98,6,17353,2537,4,0.6,0.12755153343388637,0.8723115577889448,33,200
0.96701860231272,1.0,0.9994803575140303,0.0005196424859696529,1.0,1.0,10,656,19234,0,1.0,0.96701860231272,0.03346733668341709,33,200
0.0,0.0,0.0,,0.0,0.02,0,19890,0,10,0.0,0.0,0.9994974874371859,34,200
0.0,0.0,0.0,,0.0,0.04,0,19890,0,10,0.0,0.0,0.9994974874371859,34,200
0.0,0.0,0.0,,0.0,0.06,0,19890,0,10,0.0,0.0,0.9994974874371859,34,200
0.0,0.0,0.0,,0.0,0.08,0,19890,0,10,0.0,0.0,0.9994974874371859,34,200
0.0,0.0,0.0,,0.0,0.1,0,19890,0,10,0.0,0.0,0.9994974874371859,34,200
0.0,0.0,0.0,,0.0,0.12,0,19890,0,10,0.0,0.0,0.9994974874371859,34,200
0.0,0.0,0.0,,0.0,0.14,0,19890,0,10,0.0,0.0,0.9994974874371859,34,200
0.0,0.0,0.0,,0.0,0.16,0,19890,0,10,0.0,0.0,0.9994974874371859,34,200
0.0,0.0,0.0,,0.0,0.18,0,19890,0,10,0.0,0.0,0.9994974874371859,34,200
0.0,0.0,0.0,,0.0,0.2,0,19890,0,10,0.0,0.0,0.9994974874371859,34,200
0.0,0.0,0.0,,0.0,0.22,0,19890,0,10,0.0,0.0,0.9994974874371859,34,200
0.0,0.0,0.0,,0.0,0.24,0,19890,0,10,0.0,0.0,0.9994974874371859,34,200
0.0,0.0,0.0,,0.0,0.26,0,19890,0,10,0.0,0.0,0.9994974874371859,34,200
5.0276520864756156e-05,0.0,1.0,0.0,0.0,0.28,0,19889,1,10,0.0,5.0276520864756156e-05,0.9994472361809045,34,200
5.0276520864756156e-05,0.0,1.0,0.0,0.0,0.3,0,19889,1,10,0.0,5.0276520864756156e-05,0.9994472361809045,34,200
5.0276520864756156e-05,0.0,1.0,0.0,0.0,0.32,0,19889,1,10,0.0,5.0276520864756156e-05,0.9994472361809045,34,200
5.0276520864756156e-05,0.0,1.0,0.0,0.0,0.34,0,19889,1,10,0.0,5.0276520864756156e-05,0.9994472361809045,34,200
5.0276520864756156e-05,0.0,1.0,0.0,0.0,0.36,0,19889,1,10,0.0,5.0276520864756156e-05,0.9994472361809045,34,200
5.0276520864756156e-05,0.0,1.0,0.0,0.0,0.38,0,19889,1,10,0.0,5.0276520864756156e-05,0.9994472361809045,34,200
0.00010055304172951231,0.2,0.5,0.5,0.2,0.4,2,19888,2,8,0.2,0.00010055304172951231,0.9994974874371859,34,200
0.00010055304172951231,0.2,0.5,0.5,0.2,0.42,2,19888,2,8,0.2,0.00010055304172951231,0.9994974874371859,34,200
0.00010055304172951231,0.2,0.5,0.5,0.2,0.44,2,19888,2,8,0.2,0.00010055304172951231,0.9994974874371859,34,200
0.00010055304172951231,0.2,0.5,0.5,0.2,0.46,2,19888,2,8,0.2,0.00010055304172951231,0.9994974874371859,34,200
0.00010055304172951231,0.2,0.5,0.5,0.2,0.48,2,19888,2,8,0.2,0.00010055304172951231,0.9994974874371859,34,200
0.00010055304172951231,0.2,0.5,0.5,0.2,0.5,2,19888,2,8,0.2,0.00010055304172951231,0.9994974874371859,34,200
0.00010055304172951231,0.2,0.5,0.5,0.2,0.52,2,19888,2,8,0.2,0.00010055304172951231,0.9994974874371859,34,200
0.00010055304172951231,0.2,0.5,0.5,0.2,0.54,2,19888,2,8,0.2,0.00010055304172951231,0.9994974874371859,34,200
0.00025138260432378077,0.2,0.7142857142857143,0.2857142857142857,0.2,0.56,2,19885,5,8,0.2,0.00025138260432378077,0.9993467336683417,34,200
0.00030165912518853697,0.2,0.75,0.25,0.2,0.58,2,19884,6,8,0.2,0.00030165912518853697,0.9992964824120603,34,200
0.00030165912518853697,0.2,0.75,0.25,0.2,0.6,2,19884,6,8,0.2,0.00030165912518853697,0.9992964824120603,34,200
0.0008044243338360985,0.2,0.8888888888888888,0.1111111111111111,0.2,0.62,2,19874,16,8,0.2,0.0008044243338360985,0.9987939698492462,34,200
0.0008044243338360985,0.2,0.8888888888888888,0.1111111111111111,0.2,0.64,2,19874,16,8,0.2,0.0008044243338360985,0.9987939698492462,34,200
0.0008044243338360985,0.2,0.8888888888888888,0.1111111111111111,0.2,0.66,2,19874,16,8,0.2,0.0008044243338360985,0.9987939698492462,34,200
0.0008547008547008547,0.2,0.8947368421052632,0.10526315789473684,0.2,0.68,2,19873,17,8,0.2,0.0008547008547008547,0.9987437185929648,34,200
0.0008547008547008547,0.2,0.8947368421052632,0.10526315789473684,0.2,0.7,2,19873,17,8,0.2,0.0008547008547008547,0.9987437185929648,34,200
0.0008547008547008547,0.2,0.8947368421052632,0.10526315789473684,0.2,0.72,2,19873,17,8,0.2,0.0008547008547008547,0.9987437185929648,34,200
0.0008547008547008547,0.2,0.8947368421052632,0.10526315789473684,0.2,0.74,2,19873,17,8,0.2,0.0008547008547008547,0.9987437185929648,34,200
0.0058823529411764705,0.4,0.9669421487603306,0.03305785123966942,0.4,0.76,4,19773,117,6,0.4,0.0058823529411764705,0.9938190954773869,34,200
0.0058823529411764705,0.4,0.9669421487603306,0.03305785123966942,0.4,0.78,4,19773,117,6,0.4,0.0058823529411764705,0.9938190954773869,34,200
0.007440925087983911,0.4,0.9736842105263158,0.02631578947368421,0.4,0.8,4,19742,148,6,0.4,0.007440925087983911,0.9922613065326633,34,200
0.007440925087983911,0.4,0.9736842105263158,0.02631578947368421,0.4,0.82,4,19742,148,6,0.4,0.007440925087983911,0.9922613065326633,34,200
0.013775766716943187,0.4,0.9856115107913669,0.014388489208633094,0.4,0.84,4,19616,274,6,0.4,0.013775766716943187,0.985929648241206,34,200
0.019306184012066366,0.4,0.9896907216494846,0.010309278350515464,0.4,0.86,4,19506,384,6,0.4,0.019306184012066366,0.9804020100502513,34,200
0.019306184012066366,0.4,0.9896907216494846,0.010309278350515464,0.4,0.88,4,19506,384,6,0.4,0.019306184012066366,0.9804020100502513,34,200
0.021015585721468076,0.4,0.990521327014218,0.009478672985781991,0.4,0.9,4,19472,418,6,0.4,0.021015585721468076,0.9786934673366834,34,200
0.05032679738562092,0.5,0.9950298210735586,0.004970178926441352,0.5,0.92,5,18889,1001,5,0.5,0.05032679738562092,0.9494472361809045,34,200
0.05032679738562092,0.5,0.9950298210735586,0.004970178926441352,0.5,0.94,5,18889,1001,5,0.5,0.05032679738562092,0.9494472361809045,34,200
0.07953745600804424,0.5,0.9968494013862634,0.00315059861373661,0.5,0.96,5,18308,1582,5,0.5,0.07953745600804424,0.920251256281407,34,200
0.15982905982905982,0.6,0.998116169544741,0.0018838304552590266,0.6,0.98,6,16711,3179,4,0.6,0.15982905982905982,0.8400502512562814,34,200
0.9648064353946707,1.0,0.9994791666666667,0.0005208333333333333,1.0,1.0,10,700,19190,0,1.0,0.9648064353946707,0.035678391959798994,34,200
0.0,0.0,0.0,,0.0,0.02,0,19890,0,10,0.0,0.0,0.9994974874371859,35,200
0.0,0.0,0.0,,0.0,0.04,0,19890,0,10,0.0,0.0,0.9994974874371859,35,200
0.0,0.0,0.0,,0.0,0.06,0,19890,0,10,0.0,0.0,0.9994974874371859,35,200
0.0,0.0,0.0,,0.0,0.08,0,19890,0,10,0.0,0.0,0.9994974874371859,35,200
0.0,0.0,0.0,,0.0,0.1,0,19890,0,10,0.0,0.0,0.9994974874371859,35,200
0.0,0.0,0.0,,0.0,0.12,0,19890,0,10,0.0,0.0,0.9994974874371859,35,200
0.0,0.0,0.0,,0.0,0.14,0,19890,0,10,0.0,0.0,0.9994974874371859,35,200
0.0,0.0,0.0,,0.0,0.16,0,19890,0,10,0.0,0.0,0.9994974874371859,35,200
0.00015082956259426848,0.0,1.0,0.0,0.0,0.18,0,19887,3,10,0.0,0.00015082956259426848,0.9993467336683417,35,200
0.00015082956259426848,0.0,1.0,0.0,0.0,0.2,0,19887,3,10,0.0,0.00015082956259426848,0.9993467336683417,35,200
0.00015082956259426848,0.0,1.0,0.0,0.0,0.22,0,19887,3,10,0.0,0.00015082956259426848,0.9993467336683417,35,200
0.00015082956259426848,0.0,1.0,0.0,0.0,0.24,0,19887,3,10,0.0,0.00015082956259426848,0.9993467336683417,35,200
0.00015082956259426848,0.0,1.0,0.0,0.0,0.26,0,19887,3,10,0.0,0.00015082956259426848,0.9993467336683417,35,200
0.00015082956259426848,0.0,1.0,0.0,0.0,0.28,0,19887,3,10,0.0,0.00015082956259426848,0.9993467336683417,35,200
0.00015082956259426848,0.0,1.0,0.0,0.0,0.3,0,19887,3,10,0.0,0.00015082956259426848,0.9993467336683417,35,200
0.00015082956259426848,0.0,1.0,0.0,0.0,0.32,0,19887,3,10,0.0,0.00015082956259426848,0.9993467336683417,35,200
0.00020110608345902463,0.0,1.0,0.0,0.0,0.34,0,19886,4,10,0.0,0.00020110608345902463,0.9992964824120603,35,200
0.00020110608345902463,0.0,1.0,0.0,0.0,0.36,0,19886,4,10,0.0,0.00020110608345902463,0.9992964824120603,35,200
0.00020110608345902463,0.0,1.0,0.0,0.0,0.38,0,19886,4,10,0.0,0.00020110608345902463,0.9992964824120603,35,200
0.00020110608345902463,0.0,1.0,0.0,0.0,0.4,0,19886,4,10,0.0,0.00020110608345902463,0.9992964824120603,35,200
0.00020110608345902463,0.0,1.0,0.0,0.0,0.42,0,19886,4,10,0.0,0.00020110608345902463,0.9992964824120603,35,200
0.00020110608345902463,0.0,1.0,0.0,0.0,0.44,0,19886,4,10,0.0,0.00020110608345902463,0.9992964824120603,35,200
0.00020110608345902463,0.0,1.0,0.0,0.0,0.46,0,19886,4,10,0.0,0.00020110608345902463,0.9992964824120603,35,200
0.00020110608345902463,0.0,1.0,0.0,0.0,0.48,0,19886,4,10,0.0,0.00020110608345902463,0.9992964824120603,35,200
0.00020110608345902463,0.0,1.0,0.0,0.0,0.5,0,19886,4,10,0.0,0.00020110608345902463,0.9992964824120603,35,200
0.00020110608345902463,0.0,1.0,0.0,0.0,0.52,0,19886,4,10,0.0,0.00020110608345902463,0.9992964824120603,35,200
0.00020110608345902463,0.0,1.0,0.0,0.0,0.54,0,19886,4,10,0.0,0.00020110608345902463,0.9992964824120603,35,200
0.00030165912518853697,0.0,1.0,0.0,0.0,0.56,0,19884,6,10,0.0,0.00030165912518853697,0.9991959798994975,35,200
0.00030165912518853697,0.0,1.0,0.0,0.0,0.58,0,19884,6,10,0.0,0.00030165912518853697,0.9991959798994975,35,200
0.00030165912518853697,0.0,1.0,0.0,0.0,0.6,0,19884,6,10,0.0,0.00030165912518853697,0.9991959798994975,35,200
0.00030165912518853697,0.0,1.0,0.0,0.0,0.62,0,19884,6,10,0.0,0.00030165912518853697,0.9991959798994975,35,200
0.00030165912518853697,0.0,1.0,0.0,0.0,0.64,0,19884,6,10,0.0,0.00030165912518853697,0.9991959798994975,35,200
0.00030165912518853697,0.0,1.0,0.0,0.0,0.66,0,19884,6,10,0.0,0.00030165912518853697,0.9991959798994975,35,200
0.0003519356460532931,0.0,1.0,0.0,0.0,0.68,0,19883,7,10,0.0,0.0003519356460532931,0.999145728643216,35,200
0.0003519356460532931,0.0,1.0,0.0,0.0,0.7,0,19883,7,10,0.0,0.0003519356460532931,0.999145728643216,35,200
0.0003519356460532931,0.0,1.0,0.0,0.0,0.72,0,19883,7,10,0.0,0.0003519356460532931,0.999145728643216,35,200
0.0003519356460532931,0.0,1.0,0.0,0.0,0.74,0,19883,7,10,0.0,0.0003519356460532931,0.999145728643216,35,200
0.0003519356460532931,0.0,1.0,0.0,0.0,0.76,0,19883,7,10,0.0,0.0003519356460532931,0.999145728643216,35,200
0.0003519356460532931,0.0,1.0,0.0,0.0,0.78,0,19883,7,10,0.0,0.0003519356460532931,0.999145728643216,35,200
0.0003519356460532931,0.0,1.0,0.0,0.0,0.8,0,19883,7,10,0.0,0.0003519356460532931,0.999145728643216,35,200
0.00040221216691804925,0.0,1.0,0.0,0.0,0.82,0,19882,8,10,0.0,0.00040221216691804925,0.9990954773869347,35,200
0.002564102564102564,0.1,0.9807692307692307,0.019230769230769232,0.1,0.84,1,19839,51,9,0.1,0.002564102564102564,0.9969849246231156,35,200
0.002564102564102564,0.1,0.9807692307692307,0.019230769230769232,0.1,0.86,1,19839,51,9,0.1,0.002564102564102564,0.9969849246231156,35,200
0.002564102564102564,0.1,0.9807692307692307,0.019230769230769232,0.1,0.88,1,19839,51,9,0.1,0.002564102564102564,0.9969849246231156,35,200
0.0027149321266968325,0.1,0.9818181818181818,0.01818181818181818,0.1,0.9,1,19836,54,9,0.1,0.0027149321266968325,0.9968341708542714,35,200
0.0027149321266968325,0.1,0.9818181818181818,0.01818181818181818,0.1,0.92,1,19836,54,9,0.1,0.0027149321266968325,0.9968341708542714,35,200
0.029361488185017597,0.4,0.9931972789115646,0.006802721088435374,0.4,0.94,4,19306,584,6,0.4,0.029361488185017597,0.9703517587939698,35,200
0.049120160884866766,0.4,0.9959225280326198,0.004077471967380225,0.4,0.96,4,18913,977,6,0.4,0.049120160884866766,0.9506030150753769,35,200
0.07154348919054801,0.4,0.9971969166082691,0.002803083391730904,0.4,0.98,4,18467,1423,6,0.4,0.07154348919054801,0.9281909547738694,35,200
0.9663650075414781,1.0,0.9994800062399252,0.0005199937600748791,1.0,1.0,10,669,19221,0,1.0,0.9663650075414781,0.03412060301507538,35,200
0.0,0.0,0.0,,0.0,0.02,0,19890,0,10,0.0,0.0,0.9994974874371859,36,200
0.0,0.0,0.0,,0.0,0.04,0,19890,0,10,0.0,0.0,0.9994974874371859,36,200
0.0,0.0,0.0,,0.0,0.06,0,19890,0,10,0.0,0.0,0.9994974874371859,36,200
0.0,0.0,0.0,,0.0,0.08,0,19890,0,10,0.0,0.0,0.9994974874371859,36,200
0.0,0.0,0.0,,0.0,0.1,0,19890,0,10,0.0,0.0,0.9994974874371859,36,200
0.0,0.0,0.0,,0.0,0.12,0,19890,0,10,0.0,0.0,0.9994974874371859,36,200
0.0,0.0,0.0,,0.0,0.14,0,19890,0,10,0.0,0.0,0.9994974874371859,36,200
0.0,0.0,0.0,,0.0,0.16,0,19890,0,10,0.0,0.0,0.9994974874371859,36,200
0.0,0.0,0.0,,0.0,0.18,0,19890,0,10,0.0,0.0,0.9994974874371859,36,200
0.0,0.0,0.0,,0.0,0.2,0,19890,0,10,0.0,0.0,0.9994974874371859,36,200
0.0,0.0,0.0,,0.0,0.22,0,19890,0,10,0.0,0.0,0.9994974874371859,36,200
0.0,0.0,0.0,,0.0,0.24,0,19890,0,10,0.0,0.0,0.9994974874371859,36,200
0.0,0.0,0.0,,0.0,0.26,0,19890,0,10,0.0,0.0,0.9994974874371859,36,200
0.0,0.0,0.0,,0.0,0.28,0,19890,0,10,0.0,0.0,0.9994974874371859,36,200
0.0,0.0,0.0,,0.0,0.3,0,19890,0,10,0.0,0.0,0.9994974874371859,36,200
0.0,0.0,0.0,,0.0,0.32,0,19890,0,10,0.0,0.0,0.9994974874371859,36,200
0.0,0.0,0.0,,0.0,0.34,0,19890,0,10,0.0,0.0,0.9994974874371859,36,200
0.00030165912518853697,0.0,1.0,0.0,0.0,0.36,0,19884,6,10,0.0,0.00030165912518853697,0.9991959798994975,36,200
0.00030165912518853697,0.0,1.0,0.0,0.0,0.38,0,19884,6,10,0.0,0.00030165912518853697,0.9991959798994975,36,200
0.00030165912518853697,0.0,1.0,0.0,0.0,0.4,0,19884,6,10,0.0,0.00030165912518853697,0.9991959798994975,36,200
0.00030165912518853697,0.0,1.0,0.0,0.0,0.42,0,19884,6,10,0.0,0.00030165912518853697,0.9991959798994975,36,200
0.00030165912518853697,0.0,1.0,0.0,0.0,0.44,0,19884,6,10,0.0,0.00030165912518853697,0.9991959798994975,36,200
0.00030165912518853697,0.0,1.0,0.0,0.0,0.46,0,19884,6,10,0.0,0.00030165912518853697,0.9991959798994975,36,200
0.00030165912518853697,0.0,1.0,0.0,0.0,0.48,0,19884,6,10,0.0,0.00030165912518853697,0.9991959798994975,36,200
0.00030165912518853697,0.0,1.0,0.0,0.0,0.5,0,19884,6,10,0.0,0.00030165912518853697,0.9991959798994975,36,200
0.00030165912518853697,0.0,1.0,0.0,0.0,0.52,0,19884,6,10,0.0,0.00030165912518853697,0.9991959798994975,36,200
0.00030165912518853697,0.0,1.0,0.0,0.0,0.54,0,19884,6,10,0.0,0.00030165912518853697,0.9991959798994975,36,200
0.00030165912518853697,0.0,1.0,0.0,0.0,0.56,0,19884,6,10,0.0,0.00030165912518853697,0.9991959798994975,36,200
0.00030165912518853697,0.0,1.0,0.0,0.0,0.58,0,19884,6,10,0.0,0.00030165912518853697,0.9991959798994975,36,200
0.00030165912518853697,0.0,1.0,0.0,0.0,0.6,0,19884,6,10,0.0,0.00030165912518853697,0.9991959798994975,36,200
0.00030165912518853697,0.0,1.0,0.0,0.0,0.62,0,19884,6,10,0.0,0.00030165912518853697,0.9991959798994975,36,200
0.00030165912518853697,0.0,1.0,0.0,0.0,0.64,0,19884,6,10,0.0,0.00030165912518853697,0.9991959798994975,36,200
0.00030165912518853697,0.0,1.0,0.0,0.0,0.66,0,19884,6,10,0.0,0.00030165912518853697,0.9991959798994975,36,200
0.00030165912518853697,0.0,1.0,0.0,0.0,0.68,0,19884,6,10,0.0,0.00030165912518853697,0.9991959798994975,36,200
0.00030165912518853697,0.0,1.0,0.0,0.0,0.7,0,19884,6,10,0.0,0.00030165912518853697,0.9991959798994975,36,200
0.00030165912518853697,0.0,1.0,0.0,0.0,0.72,0,19884,6,10,0.0,0.00030165912518853697,0.9991959798994975,36,200
0.005027652086475616,0.0,1.0,0.0,0.0,0.74,0,19790,100,10,0.0,0.005027652086475616,0.9944723618090452,36,200
0.005027652086475616,0.0,1.0,0.0,0.0,0.76,0,19790,100,10,0.0,0.005027652086475616,0.9944723618090452,36,200
0.007038712921065862,0.0,1.0,0.0,0.0,0.78,0,19750,140,10,0.0,0.007038712921065862,0.992462311557789,36,200
0.00784313725490196,0.0,1.0,0.0,0.0,0.8,0,19734,156,10,0.0,0.00784313725490196,0.9916582914572865,36,200
0.008697838109602816,0.0,1.0,0.0,0.0,0.82,0,19717,173,10,0.0,0.008697838109602816,0.9908040201005025,36,200
0.012317747611865259,0.0,1.0,0.0,0.0,0.84,0,19645,245,10,0.0,0.012317747611865259,0.9871859296482413,36,200
0.017094017094017096,0.1,0.9970674486803519,0.002932551319648094,0.1,0.86,1,19550,340,9,0.1,0.017094017094017096,0.982462311557789,36,200
0.02946204122674711,0.1,0.9982964224872232,0.0017035775127768314,0.1,0.88,1,19304,586,9,0.1,0.02946204122674711,0.9701005025125629,36,200
0.03192559074912016,0.1,0.9984276729559748,0.0015723270440251573,0.1,0.9,1,19255,635,9,0.1,0.03192559074912016,0.9676381909547739,36,200
0.047310206133735544,0.2,0.9978791092258749,0.0021208907741251328,0.2,0.92,2,18949,941,8,0.2,0.047310206133735544,0.9523115577889447,36,200
0.05153343388637506,0.2,0.9980525803310614,0.0019474196689386564,0.2,0.94,2,18865,1025,8,0.2,0.05153343388637506,0.9480904522613065,36,200
0.06108597285067873,0.2,0.9983566146261298,0.0016433853738701725,0.2,0.96,2,18675,1215,8,0.2,0.06108597285067873,0.9385427135678392,36,200
0.19663147310206133,0.6,0.9984682154710237,0.0015317845289762573,0.6,0.98,6,15979,3911,4,0.6,0.19663147310206133,0.8032663316582914,36,200
0.9668677727501257,1.0,0.9994802764929058,0.0005197235070942259,1.0,1.0,10,659,19231,0,1.0,0.9668677727501257,0.03361809045226131,36,200
0.0,0.0,0.0,,0.0,0.02,0,19890,0,10,0.0,0.0,0.9994974874371859,37,200
0.0,0.0,0.0,,0.0,0.04,0,19890,0,10,0.0,0.0,0.9994974874371859,37,200
0.0,0.0,0.0,,0.0,0.06,0,19890,0,10,0.0,0.0,0.9994974874371859,37,200
0.0,0.0,0.0,,0.0,0.08,0,19890,0,10,0.0,0.0,0.9994974874371859,37,200
0.0,0.0,0.0,,0.0,0.1,0,19890,0,10,0.0,0.0,0.9994974874371859,37,200
0.0,0.0,0.0,,0.0,0.12,0,19890,0,10,0.0,0.0,0.9994974874371859,37,200
0.0,0.0,0.0,,0.0,0.14,0,19890,0,10,0.0,0.0,0.9994974874371859,37,200
0.0,0.0,0.0,,0.0,0.16,0,19890,0,10,0.0,0.0,0.9994974874371859,37,200
0.0,0.0,0.0,,0.0,0.18,0,19890,0,10,0.0,0.0,0.9994974874371859,37,200
0.0,0.0,0.0,,0.0,0.2,0,19890,0,10,0.0,0.0,0.9994974874371859,37,200
0.0,0.0,0.0,,0.0,0.22,0,19890,0,10,0.0,0.0,0.9994974874371859,37,200
0.0,0.0,0.0,,0.0,0.24,0,19890,0,10,0.0,0.0,0.9994974874371859,37,200
0.0,0.0,0.0,,0.0,0.26,0,19890,0,10,0.0,0.0,0.9994974874371859,37,200
0.0,0.0,0.0,,0.0,0.28,0,19890,0,10,0.0,0.0,0.9994974874371859,37,200
0.0,0.0,0.0,,0.0,0.3,0,19890,0,10,0.0,0.0,0.9994974874371859,37,200
0.0,0.0,0.0,,0.0,0.32,0,19890,0,10,0.0,0.0,0.9994974874371859,37,200
0.0,0.0,0.0,,0.0,0.34,0,19890,0,10,0.0,0.0,0.9994974874371859,37,200
0.0,0.0,0.0,,0.0,0.36,0,19890,0,10,0.0,0.0,0.9994974874371859,37,200
0.0,0.0,0.0,,0.0,0.38,0,19890,0,10,0.0,0.0,0.9994974874371859,37,200
0.0,0.0,0.0,,0.0,0.4,0,19890,0,10,0.0,0.0,0.9994974874371859,37,200
0.0,0.0,0.0,,0.0,0.42,0,19890,0,10,0.0,0.0,0.9994974874371859,37,200
0.0,0.0,0.0,,0.0,0.44,0,19890,0,10,0.0,0.0,0.9994974874371859,37,200
0.0,0.0,0.0,,0.0,0.46,0,19890,0,10,0.0,0.0,0.9994974874371859,37,200
0.0,0.0,0.0,,0.0,0.48,0,19890,0,10,0.0,0.0,0.9994974874371859,37,200
0.0,0.0,0.0,,0.0,0.5,0,19890,0,10,0.0,0.0,0.9994974874371859,37,200
0.0,0.0,0.0,,0.0,0.52,0,19890,0,10,0.0,0.0,0.9994974874371859,37,200
0.0,0.0,0.0,,0.0,0.54,0,19890,0,10,0.0,0.0,0.9994974874371859,37,200
0.0,0.0,0.0,,0.0,0.56,0,19890,0,10,0.0,0.0,0.9994974874371859,37,200
0.0,0.0,0.0,,0.0,0.58,0,19890,0,10,0.0,0.0,0.9994974874371859,37,200
0.0,0.0,0.0,,0.0,0.6,0,19890,0,10,0.0,0.0,0.9994974874371859,37,200
0.0,0.0,0.0,,0.0,0.62,0,19890,0,10,0.0,0.0,0.9994974874371859,37,200
0.0011060834590246355,0.0,1.0,0.0,0.0,0.64,0,19868,22,10,0.0,0.0011060834590246355,0.998391959798995,37,200
0.0014580191050779286,0.0,1.0,0.0,0.0,0.66,0,19861,29,10,0.0,0.0014580191050779286,0.9980402010050251,37,200
0.0014580191050779286,0.0,1.0,0.0,0.0,0.68,0,19861,29,10,0.0,0.0014580191050779286,0.9980402010050251,37,200
0.001608848667672197,0.0,1.0,0.0,0.0,0.7,0,19858,32,10,0.0,0.001608848667672197,0.9978894472361809,37,200
0.001608848667672197,0.0,1.0,0.0,0.0,0.72,0,19858,32,10,0.0,0.001608848667672197,0.9978894472361809,37,200
0.001608848667672197,0.0,1.0,0.0,0.0,0.74,0,19858,32,10,0.0,0.001608848667672197,0.9978894472361809,37,200
0.00196078431372549,0.0,1.0,0.0,0.0,0.76,0,19851,39,10,0.0,0.00196078431372549,0.997537688442211,37,200
0.00196078431372549,0.0,1.0,0.0,0.0,0.78,0,19851,39,10,0.0,0.00196078431372549,0.997537688442211,37,200
0.0024635495223730517,0.0,1.0,0.0,0.0,0.8,0,19841,49,10,0.0,0.0024635495223730517,0.9970351758793969,37,200
0.006083459024635495,0.2,0.983739837398374,0.016260162601626018,0.2,0.82,2,19769,121,8,0.2,0.006083459024635495,0.9935175879396985,37,200
0.006686777275012569,0.2,0.9851851851851852,0.014814814814814815,0.2,0.84,2,19757,133,8,0.2,0.006686777275012569,0.9929145728643216,37,200
0.007541478129713424,0.2,0.9868421052631579,0.013157894736842105,0.2,0.86,2,19740,150,8,0.2,0.007541478129713424,0.9920603015075377,37,200
0.007541478129713424,0.2,0.9868421052631579,0.013157894736842105,0.2,0.88,2,19740,150,8,0.2,0.007541478129713424,0.9920603015075377,37,200
0.01322272498743087,0.2,0.9924528301886792,0.007547169811320755,0.2,0.9,2,19627,263,8,0.2,0.01322272498743087,0.9863819095477387,37,200
0.014680744092508798,0.2,0.9931972789115646,0.006802721088435374,0.2,0.92,2,19598,292,8,0.2,0.014680744092508798,0.9849246231155779,37,200
0.03092006033182504,0.2,0.9967585089141004,0.0032414910858995136,0.2,0.94,2,19275,615,8,0.2,0.03092006033182504,0.9686934673366834,37,200
0.041025641025641026,0.2,0.9975550122249389,0.0024449877750611247,0.2,0.96,2,19074,816,8,0.2,0.041025641025641026,0.9585929648241206,37,200
0.049522373051784814,0.2,0.9979736575481256,0.002026342451874367,0.2,0.98,2,18905,985,8,0.2,0.049522373051784814,0.9501005025125628,37,200
0.9688285570638512,1.0,0.9994813278008299,0.0005186721991701245,1.0,1.0,10,620,19270,0,1.0,0.9688285570638512,0.03165829145728643,37,200
0.0,0.0,0.0,,0.0,0.02,0,19890,0,10,0.0,0.0,0.9994974874371859,38,200
0.0,0.0,0.0,,0.0,0.04,0,19890,0,10,0.0,0.0,0.9994974874371859,38,200
0.0,0.0,0.0,,0.0,0.06,0,19890,0,10,0.0,0.0,0.9994974874371859,38,200
0.0,0.0,0.0,,0.0,0.08,0,19890,0,10,0.0,0.0,0.9994974874371859,38,200
0.0,0.0,0.0,,0.0,0.1,0,19890,0,10,0.0,0.0,0.9994974874371859,38,200
0.0,0.0,0.0,,0.0,0.12,0,19890,0,10,0.0,0.0,0.9994974874371859,38,200
0.0,0.0,0.0,,0.0,0.14,0,19890,0,10,0.0,0.0,0.9994974874371859,38,200
0.0,0.0,0.0,,0.0,0.16,0,19890,0,10,0.0,0.0,0.9994974874371859,38,200
0.0,0.0,0.0,,0.0,0.18,0,19890,0,10,0.0,0.0,0.9994974874371859,38,200
0.0,0.0,0.0,,0.0,0.2,0,19890,0,10,0.0,0.0,0.9994974874371859,38,200
0.0,0.0,0.0,,0.0,0.22,0,19890,0,10,0.0,0.0,0.9994974874371859,38,200
0.0,0.0,0.0,,0.0,0.24,0,19890,0,10,0.0,0.0,0.9994974874371859,38,200
0.0,0.0,0.0,,0.0,0.26,0,19890,0,10,0.0,0.0,0.9994974874371859,38,200
0.0,0.0,0.0,,0.0,0.28,0,19890,0,10,0.0,0.0,0.9994974874371859,38,200
0.0,0.0,0.0,,0.0,0.3,0,19890,0,10,0.0,0.0,0.9994974874371859,38,200
0.0,0.0,0.0,,0.0,0.32,0,19890,0,10,0.0,0.0,0.9994974874371859,38,200
0.0,0.0,0.0,,0.0,0.34,0,19890,0,10,0.0,0.0,0.9994974874371859,38,200
0.0,0.0,0.0,,0.0,0.36,0,19890,0,10,0.0,0.0,0.9994974874371859,38,200
0.0,0.0,0.0,,0.0,0.38,0,19890,0,10,0.0,0.0,0.9994974874371859,38,200
0.0,0.0,0.0,,0.0,0.4,0,19890,0,10,0.0,0.0,0.9994974874371859,38,200
0.0,0.0,0.0,,0.0,0.42,0,19890,0,10,0.0,0.0,0.9994974874371859,38,200
0.0,0.0,0.0,,0.0,0.44,0,19890,0,10,0.0,0.0,0.9994974874371859,38,200
0.0,0.0,0.0,,0.0,0.46,0,19890,0,10,0.0,0.0,0.9994974874371859,38,200
0.0,0.0,0.0,,0.0,0.48,0,19890,0,10,0.0,0.0,0.9994974874371859,38,200
0.0,0.0,0.0,,0.0,0.5,0,19890,0,10,0.0,0.0,0.9994974874371859,38,200
0.0,0.0,0.0,,0.0,0.52,0,19890,0,10,0.0,0.0,0.9994974874371859,38,200
0.0,0.0,0.0,,0.0,0.54,0,19890,0,10,0.0,0.0,0.9994974874371859,38,200
0.0,0.0,0.0,,0.0,0.56,0,19890,0,10,0.0,0.0,0.9994974874371859,38,200
0.0,0.0,0.0,,0.0,0.58,0,19890,0,10,0.0,0.0,0.9994974874371859,38,200
0.0,0.0,0.0,,0.0,0.6,0,19890,0,10,0.0,0.0,0.9994974874371859,38,200
0.0,0.0,0.0,,0.0,0.62,0,19890,0,10,0.0,0.0,0.9994974874371859,38,200
0.0,0.0,0.0,,0.0,0.64,0,19890,0,10,0.0,0.0,0.9994974874371859,38,200
0.0,0.0,0.0,,0.0,0.66,0,19890,0,10,0.0,0.0,0.9994974874371859,38,200
0.00030165912518853697,0.0,1.0,0.0,0.0,0.68,0,19884,6,10,0.0,0.00030165912518853697,0.9991959798994975,38,200
0.00030165912518853697,0.0,1.0,0.0,0.0,0.7,0,19884,6,10,0.0,0.00030165912518853697,0.9991959798994975,38,200
0.00030165912518853697,0.0,1.0,0.0,0.0,0.72,0,19884,6,10,0.0,0.00030165912518853697,0.9991959798994975,38,200
0.00030165912518853697,0.0,1.0,0.0,0.0,0.74,0,19884,6,10,0.0,0.00030165912518853697,0.9991959798994975,38,200
0.00030165912518853697,0.0,1.0,0.0,0.0,0.76,0,19884,6,10,0.0,0.00030165912518853697,0.9991959798994975,38,200
0.00030165912518853697,0.0,1.0,0.0,0.0,0.78,0,19884,6,10,0.0,0.00030165912518853697,0.9991959798994975,38,200
0.0003519356460532931,0.0,1.0,0.0,0.0,0.8,0,19883,7,10,0.0,0.0003519356460532931,0.999145728643216,38,200
0.0003519356460532931,0.0,1.0,0.0,0.0,0.82,0,19883,7,10,0.0,0.0003519356460532931,0.999145728643216,38,200
0.0003519356460532931,0.0,1.0,0.0,0.0,0.84,0,19883,7,10,0.0,0.0003519356460532931,0.999145728643216,38,200
0.0003519356460532931,0.0,1.0,0.0,0.0,0.86,0,19883,7,10,0.0,0.0003519356460532931,0.999145728643216,38,200
0.01126194067370538,0.3,0.986784140969163,0.013215859030837005,0.3,0.88,3,19666,224,7,0.3,0.01126194067370538,0.988391959798995,38,200
0.022322775263951735,0.3,0.9932885906040269,0.006711409395973154,0.3,0.9,3,19446,444,7,0.3,0.022322775263951735,0.9773366834170855,38,200
0.027450980392156862,0.3,0.994535519125683,0.00546448087431694,0.3,0.92,3,19344,546,7,0.3,0.027450980392156862,0.972211055276382,38,200
0.03021618903971845,0.3,0.9950331125827815,0.004966887417218543,0.3,0.94,3,19289,601,7,0.3,0.03021618903971845,0.9694472361809046,38,200
0.08768225238813473,0.3,0.998282770463652,0.0017172295363480253,0.3,0.96,3,18146,1744,7,0.3,0.08768225238813473,0.9120100502512563,38,200
0.12176973353443941,0.4,0.998351195383347,0.0016488046166529267,0.4,0.98,4,17468,2422,6,0.4,0.12176973353443941,0.8779899497487437,38,200
0.375666163901458,0.8,0.9989304812834224,0.0010695187165775401,0.8,1.0,8,12418,7472,2,0.8,0.375666163901458,0.6244221105527639,38,200
0.0,0.0,0.0,,0.0,0.02,0,19890,0,10,0.0,0.0,0.9994974874371859,39,200
0.0,0.0,0.0,,0.0,0.04,0,19890,0,10,0.0,0.0,0.9994974874371859,39,200
0.0,0.0,0.0,,0.0,0.06,0,19890,0,10,0.0,0.0,0.9994974874371859,39,200
0.0,0.0,0.0,,0.0,0.08,0,19890,0,10,0.0,0.0,0.9994974874371859,39,200
0.0,0.0,0.0,,0.0,0.1,0,19890,0,10,0.0,0.0,0.9994974874371859,39,200
0.0,0.0,0.0,,0.0,0.12,0,19890,0,10,0.0,0.0,0.9994974874371859,39,200
0.0,0.0,0.0,,0.0,0.14,0,19890,0,10,0.0,0.0,0.9994974874371859,39,200
0.0,0.0,0.0,,0.0,0.16,0,19890,0,10,0.0,0.0,0.9994974874371859,39,200
0.0,0.0,0.0,,0.0,0.18,0,19890,0,10,0.0,0.0,0.9994974874371859,39,200
0.0,0.0,0.0,,0.0,0.2,0,19890,0,10,0.0,0.0,0.9994974874371859,39,200
0.0,0.0,0.0,,0.0,0.22,0,19890,0,10,0.0,0.0,0.9994974874371859,39,200
0.0,0.0,0.0,,0.0,0.24,0,19890,0,10,0.0,0.0,0.9994974874371859,39,200
0.0,0.0,0.0,,0.0,0.26,0,19890,0,10,0.0,0.0,0.9994974874371859,39,200
0.0,0.0,0.0,,0.0,0.28,0,19890,0,10,0.0,0.0,0.9994974874371859,39,200
0.0,0.0,0.0,,0.0,0.3,0,19890,0,10,0.0,0.0,0.9994974874371859,39,200
0.0,0.0,0.0,,0.0,0.32,0,19890,0,10,0.0,0.0,0.9994974874371859,39,200
0.0,0.0,0.0,,0.0,0.34,0,19890,0,10,0.0,0.0,0.9994974874371859,39,200
0.0,0.0,0.0,,0.0,0.36,0,19890,0,10,0.0,0.0,0.9994974874371859,39,200
0.0,0.0,0.0,,0.0,0.38,0,19890,0,10,0.0,0.0,0.9994974874371859,39,200
0.0,0.0,0.0,,0.0,0.4,0,19890,0,10,0.0,0.0,0.9994974874371859,39,200
0.0,0.0,0.0,,0.0,0.42,0,19890,0,10,0.0,0.0,0.9994974874371859,39,200
0.0,0.0,0.0,,0.0,0.44,0,19890,0,10,0.0,0.0,0.9994974874371859,39,200
0.0,0.0,0.0,,0.0,0.46,0,19890,0,10,0.0,0.0,0.9994974874371859,39,200
0.0,0.0,0.0,,0.0,0.48,0,19890,0,10,0.0,0.0,0.9994974874371859,39,200
0.0,0.0,0.0,,0.0,0.5,0,19890,0,10,0.0,0.0,0.9994974874371859,39,200
0.0,0.0,0.0,,0.0,0.52,0,19890,0,10,0.0,0.0,0.9994974874371859,39,200
0.0,0.0,0.0,,0.0,0.54,0,19890,0,10,0.0,0.0,0.9994974874371859,39,200
0.0,0.0,0.0,,0.0,0.56,0,19890,0,10,0.0,0.0,0.9994974874371859,39,200
0.0,0.0,0.0,,0.0,0.58,0,19890,0,10,0.0,0.0,0.9994974874371859,39,200
0.0,0.0,0.0,,0.0,0.6,0,19890,0,10,0.0,0.0,0.9994974874371859,39,200
0.0,0.0,0.0,,0.0,0.62,0,19890,0,10,0.0,0.0,0.9994974874371859,39,200
0.0,0.0,0.0,,0.0,0.64,0,19890,0,10,0.0,0.0,0.9994974874371859,39,200
0.0,0.0,0.0,,0.0,0.66,0,19890,0,10,0.0,0.0,0.9994974874371859,39,200
0.0,0.0,0.0,,0.0,0.68,0,19890,0,10,0.0,0.0,0.9994974874371859,39,200
0.0,0.0,0.0,,0.0,0.7,0,19890,0,10,0.0,0.0,0.9994974874371859,39,200
0.0,0.0,0.0,,0.0,0.72,0,19890,0,10,0.0,0.0,0.9994974874371859,39,200
0.0,0.0,0.0,,0.0,0.74,0,19890,0,10,0.0,0.0,0.9994974874371859,39,200
0.0,0.0,0.0,,0.0,0.76,0,19890,0,10,0.0,0.0,0.9994974874371859,39,200
0.00025138260432378077,0.0,1.0,0.0,0.0,0.78,0,19885,5,10,0.0,0.00025138260432378077,0.9992462311557789,39,200
0.00025138260432378077,0.0,1.0,0.0,0.0,0.8,0,19885,5,10,0.0,0.00025138260432378077,0.9992462311557789,39,200
0.00025138260432378077,0.0,1.0,0.0,0.0,0.82,0,19885,5,10,0.0,0.00025138260432378077,0.9992462311557789,39,200
0.00025138260432378077,0.0,1.0,0.0,0.0,0.84,0,19885,5,10,0.0,0.00025138260432378077,0.9992462311557789,39,200
0.0007541478129713424,0.1,0.9375,0.0625,0.1,0.86,1,19875,15,9,0.1,0.0007541478129713424,0.9987939698492462,39,200
0.001608848667672197,0.1,0.9696969696969697,0.030303030303030304,0.1,0.88,1,19858,32,9,0.1,0.001608848667672197,0.9979396984924623,39,200
0.001608848667672197,0.1,0.9696969696969697,0.030303030303030304,0.1,0.9,1,19858,32,9,0.1,0.001608848667672197,0.9979396984924623,39,200
0.010256410256410256,0.2,0.9902912621359223,0.009708737864077669,0.2,0.92,2,19686,204,8,0.2,0.010256410256410256,0.9893467336683417,39,200
0.02262443438914027,0.3,0.9933774834437086,0.006622516556291391,0.3,0.94,3,19440,450,7,0.3,0.02262443438914027,0.977035175879397,39,200
0.027652086475615886,0.3,0.9945750452079566,0.0054249547920434,0.3,0.96,3,19340,550,7,0.3,0.027652086475615886,0.9720100502512563,39,200
0.0371543489190548,0.4,0.9946164199192463,0.005383580080753701,0.4,0.98,4,19151,739,6,0.4,0.0371543489190548,0.9625628140703517,39,200
0.9667169431875314,0.9,0.9995321515828871,0.0004678484171128554,0.9,1.0,9,662,19228,1,0.9,0.9667169431875314,0.03371859296482412,39,200
0.0,0.0,0.0,,0.0,0.02,0,19890,0,10,0.0,0.0,0.9994974874371859,40,200
0.0,0.0,0.0,,0.0,0.04,0,19890,0,10,0.0,0.0,0.9994974874371859,40,200
0.0,0.0,0.0,,0.0,0.06,0,19890,0,10,0.0,0.0,0.9994974874371859,40,200
0.0,0.0,0.0,,0.0,0.08,0,19890,0,10,0.0,0.0,0.9994974874371859,40,200
0.0,0.0,0.0,,0.0,0.1,0,19890,0,10,0.0,0.0,0.9994974874371859,40,200
0.0,0.0,0.0,,0.0,0.12,0,19890,0,10,0.0,0.0,0.9994974874371859,40,200
0.0,0.0,0.0,,0.0,0.14,0,19890,0,10,0.0,0.0,0.9994974874371859,40,200
0.0,0.0,0.0,,0.0,0.16,0,19890,0,10,0.0,0.0,0.9994974874371859,40,200
0.0,0.0,0.0,,0.0,0.18,0,19890,0,10,0.0,0.0,0.9994974874371859,40,200
0.0,0.0,0.0,,0.0,0.2,0,19890,0,10,0.0,0.0,0.9994974874371859,40,200
0.0,0.0,0.0,,0.0,0.22,0,19890,0,10,0.0,0.0,0.9994974874371859,40,200
0.0,0.0,0.0,,0.0,0.24,0,19890,0,10,0.0,0.0,0.9994974874371859,40,200
0.0,0.0,0.0,,0.0,0.26,0,19890,0,10,0.0,0.0,0.9994974874371859,40,200
0.0,0.0,0.0,,0.0,0.28,0,19890,0,10,0.0,0.0,0.9994974874371859,40,200
0.0,0.0,0.0,,0.0,0.3,0,19890,0,10,0.0,0.0,0.9994974874371859,40,200
0.0,0.0,0.0,,0.0,0.32,0,19890,0,10,0.0,0.0,0.9994974874371859,40,200
0.0,0.0,0.0,,0.0,0.34,0,19890,0,10,0.0,0.0,0.9994974874371859,40,200
0.00010055304172951231,0.0,1.0,0.0,0.0,0.36,0,19888,2,10,0.0,0.00010055304172951231,0.9993969849246231,40,200
0.00020110608345902463,0.0,1.0,0.0,0.0,0.38,0,19886,4,10,0.0,0.00020110608345902463,0.9992964824120603,40,200
0.00020110608345902463,0.0,1.0,0.0,0.0,0.4,0,19886,4,10,0.0,0.00020110608345902463,0.9992964824120603,40,200
0.00020110608345902463,0.0,1.0,0.0,0.0,0.42,0,19886,4,10,0.0,0.00020110608345902463,0.9992964824120603,40,200
0.0003519356460532931,0.0,1.0,0.0,0.0,0.44,0,19883,7,10,0.0,0.0003519356460532931,0.999145728643216,40,200
0.0003519356460532931,0.0,1.0,0.0,0.0,0.46,0,19883,7,10,0.0,0.0003519356460532931,0.999145728643216,40,200
0.0003519356460532931,0.0,1.0,0.0,0.0,0.48,0,19883,7,10,0.0,0.0003519356460532931,0.999145728643216,40,200
0.0003519356460532931,0.0,1.0,0.0,0.0,0.5,0,19883,7,10,0.0,0.0003519356460532931,0.999145728643216,40,200
0.0003519356460532931,0.0,1.0,0.0,0.0,0.52,0,19883,7,10,0.0,0.0003519356460532931,0.999145728643216,40,200
0.00040221216691804925,0.0,1.0,0.0,0.0,0.54,0,19882,8,10,0.0,0.00040221216691804925,0.9990954773869347,40,200
0.00045248868778280545,0.0,1.0,0.0,0.0,0.56,0,19881,9,10,0.0,0.00045248868778280545,0.9990452261306533,40,200
0.00045248868778280545,0.0,1.0,0.0,0.0,0.58,0,19881,9,10,0.0,0.00045248868778280545,0.9990452261306533,40,200
0.0005027652086475615,0.0,1.0,0.0,0.0,0.6,0,19880,10,10,0.0,0.0005027652086475615,0.9989949748743718,40,200
0.0005027652086475615,0.0,1.0,0.0,0.0,0.62,0,19880,10,10,0.0,0.0005027652086475615,0.9989949748743718,40,200
0.00196078431372549,0.0,1.0,0.0,0.0,0.64,0,19851,39,10,0.0,0.00196078431372549,0.997537688442211,40,200
0.00196078431372549,0.0,1.0,0.0,0.0,0.66,0,19851,39,10,0.0,0.00196078431372549,0.997537688442211,40,200
0.00196078431372549,0.0,1.0,0.0,0.0,0.68,0,19851,39,10,0.0,0.00196078431372549,0.997537688442211,40,200
0.0020613373554550026,0.0,1.0,0.0,0.0,0.7,0,19849,41,10,0.0,0.0020613373554550026,0.9974371859296483,40,200
0.0020613373554550026,0.0,1.0,0.0,0.0,0.72,0,19849,41,10,0.0,0.0020613373554550026,0.9974371859296483,40,200
0.0020613373554550026,0.0,1.0,0.0,0.0,0.74,0,19849,41,10,0.0,0.0020613373554550026,0.9974371859296483,40,200
0.0029663147310206132,0.0,1.0,0.0,0.0,0.76,0,19831,59,10,0.0,0.0029663147310206132,0.996532663316583,40,200
0.003368526897938663,0.0,1.0,0.0,0.0,0.78,0,19823,67,10,0.0,0.003368526897938663,0.9961306532663317,40,200
0.004876822523881347,0.1,0.9897959183673469,0.01020408163265306,0.1,0.8,1,19793,97,9,0.1,0.004876822523881347,0.9946733668341708,40,200
0.004876822523881347,0.1,0.9897959183673469,0.01020408163265306,0.1,0.82,1,19793,97,9,0.1,0.004876822523881347,0.9946733668341708,40,200
0.006133735545500251,0.1,0.991869918699187,0.008130081300813009,0.1,0.84,1,19768,122,9,0.1,0.006133735545500251,0.9934170854271357,40,200
0.014731020613373554,0.1,0.9965986394557823,0.003401360544217687,0.1,0.86,1,19597,293,9,0.1,0.014731020613373554,0.984824120603015,40,200
0.016339869281045753,0.1,0.9969325153374233,0.003067484662576687,0.1,0.88,1,19565,325,9,0.1,0.016339869281045753,0.98321608040201,40,200
0.022674710910005027,0.1,0.9977876106194691,0.0022123893805309734,0.1,0.9,1,19439,451,9,0.1,0.022674710910005027,0.9768844221105528,40,200
0.024685771744595273,0.2,0.9959432048681541,0.004056795131845842,0.2,0.92,2,19399,491,8,0.2,0.024685771744595273,0.9749246231155779,40,200
0.03740573152337858,0.3,0.9959839357429718,0.004016064257028112,0.3,0.94,3,19146,744,7,0.3,0.03740573152337858,0.9622613065326633,40,200
0.07410759175465058,0.4,0.9972936400541272,0.0027063599458728013,0.4,0.96,4,18416,1474,6,0.4,0.07410759175465058,0.9256281407035176,40,200
0.08707893413775766,0.4,0.9976958525345622,0.002304147465437788,0.4,0.98,4,18158,1732,6,0.4,0.08707893413775766,0.9126633165829146,40,200
0.9315736551030669,1.0,0.9994605965801823,0.0005394034198176816,1.0,1.0,10,1361,18529,0,1.0,0.9315736551030669,0.06889447236180904,40,200
0.0,0.0,0.0,,0.0,0.02,0,19890,0,10,0.0,0.0,0.9994974874371859,41,200
0.0,0.0,0.0,,0.0,0.04,0,19890,0,10,0.0,0.0,0.9994974874371859,41,200
0.0,0.0,0.0,,0.0,0.06,0,19890,0,10,0.0,0.0,0.9994974874371859,41,200
0.0,0.0,0.0,,0.0,0.08,0,19890,0,10,0.0,0.0,0.9994974874371859,41,200
0.0,0.0,0.0,,0.0,0.1,0,19890,0,10,0.0,0.0,0.9994974874371859,41,200
0.0,0.0,0.0,,0.0,0.12,0,19890,0,10,0.0,0.0,0.9994974874371859,41,200
0.0,0.0,0.0,,0.0,0.14,0,19890,0,10,0.0,0.0,0.9994974874371859,41,200
0.0,0.0,0.0,,0.0,0.16,0,19890,0,10,0.0,0.0,0.9994974874371859,41,200
0.0,0.0,0.0,,0.0,0.18,0,19890,0,10,0.0,0.0,0.9994974874371859,41,200
0.0,0.0,0.0,,0.0,0.2,0,19890,0,10,0.0,0.0,0.9994974874371859,41,200
0.0,0.0,0.0,,0.0,0.22,0,19890,0,10,0.0,0.0,0.9994974874371859,41,200
0.0,0.0,0.0,,0.0,0.24,0,19890,0,10,0.0,0.0,0.9994974874371859,41,200
0.0,0.0,0.0,,0.0,0.26,0,19890,0,10,0.0,0.0,0.9994974874371859,41,200
0.0,0.0,0.0,,0.0,0.28,0,19890,0,10,0.0,0.0,0.9994974874371859,41,200
0.0,0.0,0.0,,0.0,0.3,0,19890,0,10,0.0,0.0,0.9994974874371859,41,200
0.0,0.0,0.0,,0.0,0.32,0,19890,0,10,0.0,0.0,0.9994974874371859,41,200
0.0,0.0,0.0,,0.0,0.34,0,19890,0,10,0.0,0.0,0.9994974874371859,41,200
0.0,0.0,0.0,,0.0,0.36,0,19890,0,10,0.0,0.0,0.9994974874371859,41,200
0.0,0.0,0.0,,0.0,0.38,0,19890,0,10,0.0,0.0,0.9994974874371859,41,200
0.0,0.0,0.0,,0.0,0.4,0,19890,0,10,0.0,0.0,0.9994974874371859,41,200
5.0276520864756156e-05,0.0,1.0,0.0,0.0,0.42,0,19889,1,10,0.0,5.0276520864756156e-05,0.9994472361809045,41,200
5.0276520864756156e-05,0.0,1.0,0.0,0.0,0.44,0,19889,1,10,0.0,5.0276520864756156e-05,0.9994472361809045,41,200
5.0276520864756156e-05,0.0,1.0,0.0,0.0,0.46,0,19889,1,10,0.0,5.0276520864756156e-05,0.9994472361809045,41,200
5.0276520864756156e-05,0.0,1.0,0.0,0.0,0.48,0,19889,1,10,0.0,5.0276520864756156e-05,0.9994472361809045,41,200
5.0276520864756156e-05,0.0,1.0,0.0,0.0,0.5,0,19889,1,10,0.0,5.0276520864756156e-05,0.9994472361809045,41,200
5.0276520864756156e-05,0.0,1.0,0.0,0.0,0.52,0,19889,1,10,0.0,5.0276520864756156e-05,0.9994472361809045,41,200
5.0276520864756156e-05,0.0,1.0,0.0,0.0,0.54,0,19889,1,10,0.0,5.0276520864756156e-05,0.9994472361809045,41,200
5.0276520864756156e-05,0.0,1.0,0.0,0.0,0.56,0,19889,1,10,0.0,5.0276520864756156e-05,0.9994472361809045,41,200
5.0276520864756156e-05,0.0,1.0,0.0,0.0,0.58,0,19889,1,10,0.0,5.0276520864756156e-05,0.9994472361809045,41,200
5.0276520864756156e-05,0.0,1.0,0.0,0.0,0.6,0,19889,1,10,0.0,5.0276520864756156e-05,0.9994472361809045,41,200
5.0276520864756156e-05,0.0,1.0,0.0,0.0,0.62,0,19889,1,10,0.0,5.0276520864756156e-05,0.9994472361809045,41,200
0.00010055304172951231,0.1,0.6666666666666666,0.3333333333333333,0.1,0.64,1,19888,2,9,0.1,0.00010055304172951231,0.9994472361809045,41,200
0.00010055304172951231,0.1,0.6666666666666666,0.3333333333333333,0.1,0.66,1,19888,2,9,0.1,0.00010055304172951231,0.9994472361809045,41,200
0.00015082956259426848,0.1,0.75,0.25,0.1,0.68,1,19887,3,9,0.1,0.00015082956259426848,0.9993969849246231,41,200
0.00015082956259426848,0.1,0.75,0.25,0.1,0.7,1,19887,3,9,0.1,0.00015082956259426848,0.9993969849246231,41,200
0.00015082956259426848,0.1,0.75,0.25,0.1,0.72,1,19887,3,9,0.1,0.00015082956259426848,0.9993969849246231,41,200
0.00015082956259426848,0.1,0.75,0.25,0.1,0.74,1,19887,3,9,0.1,0.00015082956259426848,0.9993969849246231,41,200
0.004072398190045249,0.2,0.9759036144578314,0.024096385542168676,0.2,0.76,2,19809,81,8,0.2,0.004072398190045249,0.9955276381909548,41,200
0.005329311211664153,0.2,0.9814814814814815,0.018518518518518517,0.2,0.78,2,19784,106,8,0.2,0.005329311211664153,0.9942713567839196,41,200
0.0059326294620412265,0.2,0.9833333333333333,0.016666666666666666,0.2,0.8,2,19772,118,8,0.2,0.0059326294620412265,0.9936683417085427,41,200
0.006636500754147813,0.2,0.9850746268656716,0.014925373134328358,0.2,0.82,2,19758,132,8,0.2,0.006636500754147813,0.992964824120603,41,200
0.007491201608848668,0.2,0.9867549668874173,0.013245033112582781,0.2,0.84,2,19741,149,8,0.2,0.007491201608848668,0.9921105527638191,41,200
0.009502262443438913,0.2,0.9895287958115183,0.010471204188481676,0.2,0.86,2,19701,189,8,0.2,0.009502262443438913,0.9901005025125628,41,200
0.01060834590246355,0.2,0.9906103286384976,0.009389671361502348,0.2,0.88,2,19679,211,8,0.2,0.01060834590246355,0.9889949748743718,41,200
0.01322272498743087,0.2,0.9924528301886792,0.007547169811320755,0.2,0.9,2,19627,263,8,0.2,0.01322272498743087,0.9863819095477387,41,200
0.03629964806435395,0.4,0.9944903581267218,0.005509641873278237,0.4,0.92,4,19168,722,6,0.4,0.03629964806435395,0.9634170854271357,41,200
0.054147812971342385,0.4,0.996299722479186,0.0037002775208140612,0.4,0.94,4,18813,1077,6,0.4,0.054147812971342385,0.9455778894472362,41,200
0.0648064353946707,0.4,0.9969064191802011,0.0030935808197989174,0.4,0.96,4,18601,1289,6,0.4,0.0648064353946707,0.9349246231155779,41,200
0.08471593765711413,0.4,0.9976317347542925,0.002368265245707519,0.4,0.98,4,18205,1685,6,0.4,0.08471593765711413,0.9150251256281408,41,200
0.8633484162895928,1.0,0.9994179955767664,0.0005820044232336166,1.0,1.0,10,2718,17172,0,1.0,0.8633484162895928,0.1370854271356784,41,200
5.0276520864756156e-05,0.0,1.0,0.0,0.0,0.02,0,19889,1,10,0.0,5.0276520864756156e-05,0.9994472361809045,42,200
5.0276520864756156e-05,0.0,1.0,0.0,0.0,0.04,0,19889,1,10,0.0,5.0276520864756156e-05,0.9994472361809045,42,200
5.0276520864756156e-05,0.0,1.0,0.0,0.0,0.06,0,19889,1,10,0.0,5.0276520864756156e-05,0.9994472361809045,42,200
0.00010055304172951231,0.0,1.0,0.0,0.0,0.08,0,19888,2,10,0.0,0.00010055304172951231,0.9993969849246231,42,200
0.00010055304172951231,0.0,1.0,0.0,0.0,0.1,0,19888,2,10,0.0,0.00010055304172951231,0.9993969849246231,42,200
0.00010055304172951231,0.0,1.0,0.0,0.0,0.12,0,19888,2,10,0.0,0.00010055304172951231,0.9993969849246231,42,200
0.00010055304172951231,0.0,1.0,0.0,0.0,0.14,0,19888,2,10,0.0,0.00010055304172951231,0.9993969849246231,42,200
0.00010055304172951231,0.0,1.0,0.0,0.0,0.16,0,19888,2,10,0.0,0.00010055304172951231,0.9993969849246231,42,200
0.00010055304172951231,0.0,1.0,0.0,0.0,0.18,0,19888,2,10,0.0,0.00010055304172951231,0.9993969849246231,42,200
0.00010055304172951231,0.0,1.0,0.0,0.0,0.2,0,19888,2,10,0.0,0.00010055304172951231,0.9993969849246231,42,200
0.00010055304172951231,0.0,1.0,0.0,0.0,0.22,0,19888,2,10,0.0,0.00010055304172951231,0.9993969849246231,42,200
0.00015082956259426848,0.0,1.0,0.0,0.0,0.24,0,19887,3,10,0.0,0.00015082956259426848,0.9993467336683417,42,200
0.00015082956259426848,0.0,1.0,0.0,0.0,0.26,0,19887,3,10,0.0,0.00015082956259426848,0.9993467336683417,42,200
0.00025138260432378077,0.0,1.0,0.0,0.0,0.28,0,19885,5,10,0.0,0.00025138260432378077,0.9992462311557789,42,200
0.00025138260432378077,0.0,1.0,0.0,0.0,0.3,0,19885,5,10,0.0,0.00025138260432378077,0.9992462311557789,42,200
0.00025138260432378077,0.0,1.0,0.0,0.0,0.32,0,19885,5,10,0.0,0.00025138260432378077,0.9992462311557789,42,200
0.00025138260432378077,0.0,1.0,0.0,0.0,0.34,0,19885,5,10,0.0,0.00025138260432378077,0.9992462311557789,42,200
0.00025138260432378077,0.0,1.0,0.0,0.0,0.36,0,19885,5,10,0.0,0.00025138260432378077,0.9992462311557789,42,200
0.00025138260432378077,0.0,1.0,0.0,0.0,0.38,0,19885,5,10,0.0,0.00025138260432378077,0.9992462311557789,42,200
0.00025138260432378077,0.0,1.0,0.0,0.0,0.4,0,19885,5,10,0.0,0.00025138260432378077,0.9992462311557789,42,200
0.00025138260432378077,0.0,1.0,0.0,0.0,0.42,0,19885,5,10,0.0,0.00025138260432378077,0.9992462311557789,42,200
0.00025138260432378077,0.0,1.0,0.0,0.0,0.44,0,19885,5,10,0.0,0.00025138260432378077,0.9992462311557789,42,200
0.00025138260432378077,0.0,1.0,0.0,0.0,0.46,0,19885,5,10,0.0,0.00025138260432378077,0.9992462311557789,42,200
0.00025138260432378077,0.0,1.0,0.0,0.0,0.48,0,19885,5,10,0.0,0.00025138260432378077,0.9992462311557789,42,200
0.00025138260432378077,0.0,1.0,0.0,0.0,0.5,0,19885,5,10,0.0,0.00025138260432378077,0.9992462311557789,42,200
0.00025138260432378077,0.0,1.0,0.0,0.0,0.52,0,19885,5,10,0.0,0.00025138260432378077,0.9992462311557789,42,200
0.0007541478129713424,0.0,1.0,0.0,0.0,0.54,0,19875,15,10,0.0,0.0007541478129713424,0.9987437185929648,42,200
0.0007541478129713424,0.0,1.0,0.0,0.0,0.56,0,19875,15,10,0.0,0.0007541478129713424,0.9987437185929648,42,200
0.0007541478129713424,0.0,1.0,0.0,0.0,0.58,0,19875,15,10,0.0,0.0007541478129713424,0.9987437185929648,42,200
0.0007541478129713424,0.0,1.0,0.0,0.0,0.6,0,19875,15,10,0.0,0.0007541478129713424,0.9987437185929648,42,200
0.0008044243338360985,0.0,1.0,0.0,0.0,0.62,0,19874,16,10,0.0,0.0008044243338360985,0.9986934673366834,42,200
0.0008044243338360985,0.0,1.0,0.0,0.0,0.64,0,19874,16,10,0.0,0.0008044243338360985,0.9986934673366834,42,200
0.0008044243338360985,0.0,1.0,0.0,0.0,0.66,0,19874,16,10,0.0,0.0008044243338360985,0.9986934673366834,42,200
0.0008044243338360985,0.0,1.0,0.0,0.0,0.68,0,19874,16,10,0.0,0.0008044243338360985,0.9986934673366834,42,200
0.0008044243338360985,0.0,1.0,0.0,0.0,0.7,0,19874,16,10,0.0,0.0008044243338360985,0.9986934673366834,42,200
0.0008044243338360985,0.0,1.0,0.0,0.0,0.72,0,19874,16,10,0.0,0.0008044243338360985,0.9986934673366834,42,200
0.0008044243338360985,0.0,1.0,0.0,0.0,0.74,0,19874,16,10,0.0,0.0008044243338360985,0.9986934673366834,42,200
0.0008044243338360985,0.0,1.0,0.0,0.0,0.76,0,19874,16,10,0.0,0.0008044243338360985,0.9986934673366834,42,200
0.0008044243338360985,0.0,1.0,0.0,0.0,0.78,0,19874,16,10,0.0,0.0008044243338360985,0.9986934673366834,42,200
0.0009049773755656109,0.0,1.0,0.0,0.0,0.8,0,19872,18,10,0.0,0.0009049773755656109,0.9985929648241206,42,200
0.0009049773755656109,0.0,1.0,0.0,0.0,0.82,0,19872,18,10,0.0,0.0009049773755656109,0.9985929648241206,42,200
0.0009049773755656109,0.0,1.0,0.0,0.0,0.84,0,19872,18,10,0.0,0.0009049773755656109,0.9985929648241206,42,200
0.0009049773755656109,0.0,1.0,0.0,0.0,0.86,0,19872,18,10,0.0,0.0009049773755656109,0.9985929648241206,42,200
0.003117144293614882,0.3,0.9538461538461539,0.046153846153846156,0.3,0.88,3,19828,62,7,0.3,0.003117144293614882,0.996532663316583,42,200
0.003117144293614882,0.3,0.9538461538461539,0.046153846153846156,0.3,0.9,3,19828,62,7,0.3,0.003117144293614882,0.996532663316583,42,200
0.007642031171442936,0.4,0.9743589743589743,0.02564102564102564,0.4,0.92,4,19738,152,6,0.4,0.007642031171442936,0.9920603015075377,42,200
0.007642031171442936,0.4,0.9743589743589743,0.02564102564102564,0.4,0.94,4,19738,152,6,0.4,0.007642031171442936,0.9920603015075377,42,200
0.06108597285067873,0.5,0.9959016393442623,0.004098360655737705,0.5,0.96,5,18675,1215,5,0.5,0.06108597285067873,0.9386934673366835,42,200
0.167420814479638,0.6,0.9982014388489209,0.0017985611510791368,0.6,0.98,6,16560,3330,4,0.6,0.167420814479638,0.8324623115577889,42,200
0.9613373554550025,1.0,0.9994772881710313,0.0005227118289686895,1.0,1.0,10,769,19121,0,1.0,0.9613373554550025,0.03914572864321608,42,200
0.0,0.0,0.0,,0.0,0.02,0,19890,0,10,0.0,0.0,0.9994974874371859,43,200
0.0,0.0,0.0,,0.0,0.04,0,19890,0,10,0.0,0.0,0.9994974874371859,43,200
0.0,0.0,0.0,,0.0,0.06,0,19890,0,10,0.0,0.0,0.9994974874371859,43,200
0.0,0.0,0.0,,0.0,0.08,0,19890,0,10,0.0,0.0,0.9994974874371859,43,200
0.0,0.0,0.0,,0.0,0.1,0,19890,0,10,0.0,0.0,0.9994974874371859,43,200
0.0,0.0,0.0,,0.0,0.12,0,19890,0,10,0.0,0.0,0.9994974874371859,43,200
0.0,0.0,0.0,,0.0,0.14,0,19890,0,10,0.0,0.0,0.9994974874371859,43,200
0.0,0.0,0.0,,0.0,0.16,0,19890,0,10,0.0,0.0,0.9994974874371859,43,200
0.0,0.0,0.0,,0.0,0.18,0,19890,0,10,0.0,0.0,0.9994974874371859,43,200
0.0,0.0,0.0,,0.0,0.2,0,19890,0,10,0.0,0.0,0.9994974874371859,43,200
0.0,0.0,0.0,,0.0,0.22,0,19890,0,10,0.0,0.0,0.9994974874371859,43,200
0.0,0.0,0.0,,0.0,0.24,0,19890,0,10,0.0,0.0,0.9994974874371859,43,200
0.0,0.0,0.0,,0.0,0.26,0,19890,0,10,0.0,0.0,0.9994974874371859,43,200
0.0,0.0,0.0,,0.0,0.28,0,19890,0,10,0.0,0.0,0.9994974874371859,43,200
0.0,0.0,0.0,,0.0,0.3,0,19890,0,10,0.0,0.0,0.9994974874371859,43,200
0.0,0.0,0.0,,0.0,0.32,0,19890,0,10,0.0,0.0,0.9994974874371859,43,200
0.0,0.0,0.0,,0.0,0.34,0,19890,0,10,0.0,0.0,0.9994974874371859,43,200
0.0,0.0,0.0,,0.0,0.36,0,19890,0,10,0.0,0.0,0.9994974874371859,43,200
0.0005027652086475615,0.0,1.0,0.0,0.0,0.38,0,19880,10,10,0.0,0.0005027652086475615,0.9989949748743718,43,200
0.0005530417295123177,0.0,1.0,0.0,0.0,0.4,0,19879,11,10,0.0,0.0005530417295123177,0.9989447236180905,43,200
0.0005530417295123177,0.0,1.0,0.0,0.0,0.42,0,19879,11,10,0.0,0.0005530417295123177,0.9989447236180905,43,200
0.0005530417295123177,0.0,1.0,0.0,0.0,0.44,0,19879,11,10,0.0,0.0005530417295123177,0.9989447236180905,43,200
0.0005530417295123177,0.0,1.0,0.0,0.0,0.46,0,19879,11,10,0.0,0.0005530417295123177,0.9989447236180905,43,200
0.00065359477124183,0.0,1.0,0.0,0.0,0.48,0,19877,13,10,0.0,0.00065359477124183,0.9988442211055276,43,200
0.00065359477124183,0.0,1.0,0.0,0.0,0.5,0,19877,13,10,0.0,0.00065359477124183,0.9988442211055276,43,200
0.0007038712921065862,0.0,1.0,0.0,0.0,0.52,0,19876,14,10,0.0,0.0007038712921065862,0.9987939698492462,43,200
0.0008044243338360985,0.0,1.0,0.0,0.0,0.54,0,19874,16,10,0.0,0.0008044243338360985,0.9986934673366834,43,200
0.0008044243338360985,0.0,1.0,0.0,0.0,0.56,0,19874,16,10,0.0,0.0008044243338360985,0.9986934673366834,43,200
0.0008547008547008547,0.0,1.0,0.0,0.0,0.58,0,19873,17,10,0.0,0.0008547008547008547,0.998643216080402,43,200
0.0008547008547008547,0.0,1.0,0.0,0.0,0.6,0,19873,17,10,0.0,0.0008547008547008547,0.998643216080402,43,200
0.0008547008547008547,0.0,1.0,0.0,0.0,0.62,0,19873,17,10,0.0,0.0008547008547008547,0.998643216080402,43,200
0.0009049773755656109,0.0,1.0,0.0,0.0,0.64,0,19872,18,10,0.0,0.0009049773755656109,0.9985929648241206,43,200
0.0009049773755656109,0.0,1.0,0.0,0.0,0.66,0,19872,18,10,0.0,0.0009049773755656109,0.9985929648241206,43,200
0.0009049773755656109,0.0,1.0,0.0,0.0,0.68,0,19872,18,10,0.0,0.0009049773755656109,0.9985929648241206,43,200
0.000955253896430367,0.0,1.0,0.0,0.0,0.7,0,19871,19,10,0.0,0.000955253896430367,0.9985427135678392,43,200
0.000955253896430367,0.0,1.0,0.0,0.0,0.72,0,19871,19,10,0.0,0.000955253896430367,0.9985427135678392,43,200
0.001910507792860734,0.0,1.0,0.0,0.0,0.74,0,19852,38,10,0.0,0.001910507792860734,0.9975879396984925,43,200
0.001910507792860734,0.0,1.0,0.0,0.0,0.76,0,19852,38,10,0.0,0.001910507792860734,0.9975879396984925,43,200
0.001910507792860734,0.0,1.0,0.0,0.0,0.78,0,19852,38,10,0.0,0.001910507792860734,0.9975879396984925,43,200
0.001910507792860734,0.0,1.0,0.0,0.0,0.8,0,19852,38,10,0.0,0.001910507792860734,0.9975879396984925,43,200
0.002011060834590246,0.0,1.0,0.0,0.0,0.82,0,19850,40,10,0.0,0.002011060834590246,0.9974874371859297,43,200
0.0022624434389140274,0.0,1.0,0.0,0.0,0.84,0,19845,45,10,0.0,0.0022624434389140274,0.9972361809045226,43,200
0.0022624434389140274,0.0,1.0,0.0,0.0,0.86,0,19845,45,10,0.0,0.0022624434389140274,0.9972361809045226,43,200
0.0022624434389140274,0.0,1.0,0.0,0.0,0.88,0,19845,45,10,0.0,0.0022624434389140274,0.9972361809045226,43,200
0.0024132730015082957,0.0,1.0,0.0,0.0,0.9,0,19842,48,10,0.0,0.0024132730015082957,0.9970854271356784,43,200
0.0024132730015082957,0.0,1.0,0.0,0.0,0.92,0,19842,48,10,0.0,0.0024132730015082957,0.9970854271356784,43,200
0.06626445449974862,0.4,0.9969742813918305,0.0030257186081694403,0.4,0.94,4,18572,1318,6,0.4,0.06626445449974862,0.9334673366834171,43,200
0.07802916038210156,0.4,0.9974293059125964,0.002570694087403599,0.4,0.96,4,18338,1552,6,0.4,0.07802916038210156,0.9217085427135678,43,200
0.10864756158873806,0.5,0.9976915974145891,0.0023084025854108957,0.5,0.98,5,17729,2161,5,0.5,0.10864756158873806,0.8911557788944724,43,200
0.9682755153343389,1.0,0.9994810317089626,0.0005189682910374177,1.0,1.0,10,631,19259,0,1.0,0.9682755153343389,0.03221105527638191,43,200
0.0,0.0,0.0,,0.0,0.02,0,19890,0,10,0.0,0.0,0.9994974874371859,44,200
0.0,0.0,0.0,,0.0,0.04,0,19890,0,10,0.0,0.0,0.9994974874371859,44,200
0.0,0.0,0.0,,0.0,0.06,0,19890,0,10,0.0,0.0,0.9994974874371859,44,200
0.0,0.0,0.0,,0.0,0.08,0,19890,0,10,0.0,0.0,0.9994974874371859,44,200
0.0,0.0,0.0,,0.0,0.1,0,19890,0,10,0.0,0.0,0.9994974874371859,44,200
0.0,0.0,0.0,,0.0,0.12,0,19890,0,10,0.0,0.0,0.9994974874371859,44,200
0.0,0.0,0.0,,0.0,0.14,0,19890,0,10,0.0,0.0,0.9994974874371859,44,200
0.0,0.0,0.0,,0.0,0.16,0,19890,0,10,0.0,0.0,0.9994974874371859,44,200
0.0,0.0,0.0,,0.0,0.18,0,19890,0,10,0.0,0.0,0.9994974874371859,44,200
0.0,0.0,0.0,,0.0,0.2,0,19890,0,10,0.0,0.0,0.9994974874371859,44,200
0.0,0.0,0.0,,0.0,0.22,0,19890,0,10,0.0,0.0,0.9994974874371859,44,200
0.0,0.0,0.0,,0.0,0.24,0,19890,0,10,0.0,0.0,0.9994974874371859,44,200
0.0,0.0,0.0,,0.0,0.26,0,19890,0,10,0.0,0.0,0.9994974874371859,44,200
0.0,0.0,0.0,,0.0,0.28,0,19890,0,10,0.0,0.0,0.9994974874371859,44,200
0.0,0.0,0.0,,0.0,0.3,0,19890,0,10,0.0,0.0,0.9994974874371859,44,200
0.0,0.0,0.0,,0.0,0.32,0,19890,0,10,0.0,0.0,0.9994974874371859,44,200
0.0,0.0,0.0,,0.0,0.34,0,19890,0,10,0.0,0.0,0.9994974874371859,44,200
0.0,0.0,0.0,,0.0,0.36,0,19890,0,10,0.0,0.0,0.9994974874371859,44,200
0.0,0.0,0.0,,0.0,0.38,0,19890,0,10,0.0,0.0,0.9994974874371859,44,200
0.0,0.0,0.0,,0.0,0.4,0,19890,0,10,0.0,0.0,0.9994974874371859,44,200
0.0,0.0,0.0,,0.0,0.42,0,19890,0,10,0.0,0.0,0.9994974874371859,44,200
0.0,0.0,0.0,,0.0,0.44,0,19890,0,10,0.0,0.0,0.9994974874371859,44,200
0.0,0.0,0.0,,0.0,0.46,0,19890,0,10,0.0,0.0,0.9994974874371859,44,200
0.0,0.0,0.0,,0.0,0.48,0,19890,0,10,0.0,0.0,0.9994974874371859,44,200
0.0,0.0,0.0,,0.0,0.5,0,19890,0,10,0.0,0.0,0.9994974874371859,44,200
0.0,0.0,0.0,,0.0,0.52,0,19890,0,10,0.0,0.0,0.9994974874371859,44,200
0.0,0.0,0.0,,0.0,0.54,0,19890,0,10,0.0,0.0,0.9994974874371859,44,200
0.0,0.0,0.0,,0.0,0.56,0,19890,0,10,0.0,0.0,0.9994974874371859,44,200
0.00040221216691804925,0.0,1.0,0.0,0.0,0.58,0,19882,8,10,0.0,0.00040221216691804925,0.9990954773869347,44,200
0.00040221216691804925,0.0,1.0,0.0,0.0,0.6,0,19882,8,10,0.0,0.00040221216691804925,0.9990954773869347,44,200
0.00045248868778280545,0.0,1.0,0.0,0.0,0.62,0,19881,9,10,0.0,0.00045248868778280545,0.9990452261306533,44,200
0.00045248868778280545,0.0,1.0,0.0,0.0,0.64,0,19881,9,10,0.0,0.00045248868778280545,0.9990452261306533,44,200
0.0005027652086475615,0.0,1.0,0.0,0.0,0.66,0,19880,10,10,0.0,0.0005027652086475615,0.9989949748743718,44,200
0.0029663147310206132,0.0,1.0,0.0,0.0,0.68,0,19831,59,10,0.0,0.0029663147310206132,0.996532663316583,44,200
0.0029663147310206132,0.0,1.0,0.0,0.0,0.7,0,19831,59,10,0.0,0.0029663147310206132,0.996532663316583,44,200
0.0032679738562091504,0.0,1.0,0.0,0.0,0.72,0,19825,65,10,0.0,0.0032679738562091504,0.9962311557788944,44,200
0.0032679738562091504,0.0,1.0,0.0,0.0,0.74,0,19825,65,10,0.0,0.0032679738562091504,0.9962311557788944,44,200
0.0032679738562091504,0.0,1.0,0.0,0.0,0.76,0,19825,65,10,0.0,0.0032679738562091504,0.9962311557788944,44,200
0.0034690799396681748,0.0,1.0,0.0,0.0,0.78,0,19821,69,10,0.0,0.0034690799396681748,0.9960301507537689,44,200
0.0034690799396681748,0.0,1.0,0.0,0.0,0.8,0,19821,69,10,0.0,0.0034690799396681748,0.9960301507537689,44,200
0.003770739064856712,0.0,1.0,0.0,0.0,0.82,0,19815,75,10,0.0,0.003770739064856712,0.9957286432160805,44,200
0.004122674710910005,0.1,0.9879518072289156,0.012048192771084338,0.1,0.84,1,19808,82,9,0.1,0.004122674710910005,0.9954271356783919,44,200
0.005329311211664153,0.1,0.9906542056074766,0.009345794392523364,0.1,0.86,1,19784,106,9,0.1,0.005329311211664153,0.9942211055276382,44,200
0.005329311211664153,0.1,0.9906542056074766,0.009345794392523364,0.1,0.88,1,19784,106,9,0.1,0.005329311211664153,0.9942211055276382,44,200
0.009552538964303671,0.1,0.9947643979057592,0.005235602094240838,0.1,0.9,1,19700,190,9,0.1,0.009552538964303671,0.99,44,200
0.009552538964303671,0.1,0.9947643979057592,0.005235602094240838,0.1,0.92,1,19700,190,9,0.1,0.009552538964303671,0.99,44,200
0.01045751633986928,0.1,0.9952153110047847,0.004784688995215311,0.1,0.94,1,19682,208,9,0.1,0.01045751633986928,0.9890954773869347,44,200
0.01282051282051282,0.1,0.99609375,0.00390625,0.1,0.96,1,19635,255,9,0.1,0.01282051282051282,0.9867336683417085,44,200
0.18672699849170438,0.4,0.9989241527703067,0.0010758472296933835,0.4,0.98,4,16176,3714,6,0.4,0.18672699849170438,0.8130653266331658,44,200
0.6777275012569131,0.6,0.9995550941717336,0.0004449058282663503,0.6,1.0,6,6410,13480,4,0.6,0.6777275012569131,0.32241206030150754,44,200
0.0,0.0,0.0,,0.0,0.02,0,19890,0,10,0.0,0.0,0.9994974874371859,45,200
0.0,0.0,0.0,,0.0,0.04,0,19890,0,10,0.0,0.0,0.9994974874371859,45,200
0.0,0.0,0.0,,0.0,0.06,0,19890,0,10,0.0,0.0,0.9994974874371859,45,200
0.0,0.0,0.0,,0.0,0.08,0,19890,0,10,0.0,0.0,0.9994974874371859,45,200
0.0,0.0,0.0,,0.0,0.1,0,19890,0,10,0.0,0.0,0.9994974874371859,45,200
0.0,0.0,0.0,,0.0,0.12,0,19890,0,10,0.0,0.0,0.9994974874371859,45,200
0.0,0.0,0.0,,0.0,0.14,0,19890,0,10,0.0,0.0,0.9994974874371859,45,200
0.0,0.0,0.0,,0.0,0.16,0,19890,0,10,0.0,0.0,0.9994974874371859,45,200
0.0,0.0,0.0,,0.0,0.18,0,19890,0,10,0.0,0.0,0.9994974874371859,45,200
5.0276520864756156e-05,0.0,1.0,0.0,0.0,0.2,0,19889,1,10,0.0,5.0276520864756156e-05,0.9994472361809045,45,200
5.0276520864756156e-05,0.0,1.0,0.0,0.0,0.22,0,19889,1,10,0.0,5.0276520864756156e-05,0.9994472361809045,45,200
5.0276520864756156e-05,0.0,1.0,0.0,0.0,0.24,0,19889,1,10,0.0,5.0276520864756156e-05,0.9994472361809045,45,200
5.0276520864756156e-05,0.0,1.0,0.0,0.0,0.26,0,19889,1,10,0.0,5.0276520864756156e-05,0.9994472361809045,45,200
5.0276520864756156e-05,0.0,1.0,0.0,0.0,0.28,0,19889,1,10,0.0,5.0276520864756156e-05,0.9994472361809045,45,200
5.0276520864756156e-05,0.0,1.0,0.0,0.0,0.3,0,19889,1,10,0.0,5.0276520864756156e-05,0.9994472361809045,45,200
5.0276520864756156e-05,0.0,1.0,0.0,0.0,0.32,0,19889,1,10,0.0,5.0276520864756156e-05,0.9994472361809045,45,200
0.00010055304172951231,0.0,1.0,0.0,0.0,0.34,0,19888,2,10,0.0,0.00010055304172951231,0.9993969849246231,45,200
0.00010055304172951231,0.0,1.0,0.0,0.0,0.36,0,19888,2,10,0.0,0.00010055304172951231,0.9993969849246231,45,200
0.00010055304172951231,0.0,1.0,0.0,0.0,0.38,0,19888,2,10,0.0,0.00010055304172951231,0.9993969849246231,45,200
0.00015082956259426848,0.0,1.0,0.0,0.0,0.4,0,19887,3,10,0.0,0.00015082956259426848,0.9993467336683417,45,200
0.00015082956259426848,0.0,1.0,0.0,0.0,0.42,0,19887,3,10,0.0,0.00015082956259426848,0.9993467336683417,45,200
0.00020110608345902463,0.0,1.0,0.0,0.0,0.44,0,19886,4,10,0.0,0.00020110608345902463,0.9992964824120603,45,200
0.00020110608345902463,0.0,1.0,0.0,0.0,0.46,0,19886,4,10,0.0,0.00020110608345902463,0.9992964824120603,45,200
0.00020110608345902463,0.0,1.0,0.0,0.0,0.48,0,19886,4,10,0.0,0.00020110608345902463,0.9992964824120603,45,200
0.00020110608345902463,0.0,1.0,0.0,0.0,0.5,0,19886,4,10,0.0,0.00020110608345902463,0.9992964824120603,45,200
0.00025138260432378077,0.0,1.0,0.0,0.0,0.52,0,19885,5,10,0.0,0.00025138260432378077,0.9992462311557789,45,200
0.00025138260432378077,0.0,1.0,0.0,0.0,0.54,0,19885,5,10,0.0,0.00025138260432378077,0.9992462311557789,45,200
0.00025138260432378077,0.0,1.0,0.0,0.0,0.56,0,19885,5,10,0.0,0.00025138260432378077,0.9992462311557789,45,200
0.0009049773755656109,0.0,1.0,0.0,0.0,0.58,0,19872,18,10,0.0,0.0009049773755656109,0.9985929648241206,45,200
0.0009049773755656109,0.0,1.0,0.0,0.0,0.6,0,19872,18,10,0.0,0.0009049773755656109,0.9985929648241206,45,200
0.0009049773755656109,0.0,1.0,0.0,0.0,0.62,0,19872,18,10,0.0,0.0009049773755656109,0.9985929648241206,45,200
0.0009049773755656109,0.0,1.0,0.0,0.0,0.64,0,19872,18,10,0.0,0.0009049773755656109,0.9985929648241206,45,200
0.000955253896430367,0.0,1.0,0.0,0.0,0.66,0,19871,19,10,0.0,0.000955253896430367,0.9985427135678392,45,200
0.000955253896430367,0.0,1.0,0.0,0.0,0.68,0,19871,19,10,0.0,0.000955253896430367,0.9985427135678392,45,200
0.000955253896430367,0.0,1.0,0.0,0.0,0.7,0,19871,19,10,0.0,0.000955253896430367,0.9985427135678392,45,200
0.0012066365007541479,0.0,1.0,0.0,0.0,0.72,0,19866,24,10,0.0,0.0012066365007541479,0.9982914572864322,45,200
0.0012066365007541479,0.0,1.0,0.0,0.0,0.74,0,19866,24,10,0.0,0.0012066365007541479,0.9982914572864322,45,200
0.0018099547511312218,0.0,1.0,0.0,0.0,0.76,0,19854,36,10,0.0,0.0018099547511312218,0.9976884422110552,45,200
0.0018099547511312218,0.0,1.0,0.0,0.0,0.78,0,19854,36,10,0.0,0.0018099547511312218,0.9976884422110552,45,200
0.0018099547511312218,0.0,1.0,0.0,0.0,0.8,0,19854,36,10,0.0,0.0018099547511312218,0.9976884422110552,45,200
0.0027149321266968325,0.0,1.0,0.0,0.0,0.82,0,19836,54,10,0.0,0.0027149321266968325,0.99678391959799,45,200
0.0030668677727501256,0.0,1.0,0.0,0.0,0.84,0,19829,61,10,0.0,0.0030668677727501256,0.9964321608040201,45,200
0.0030668677727501256,0.0,1.0,0.0,0.0,0.86,0,19829,61,10,0.0,0.0030668677727501256,0.9964321608040201,45,200
0.0038712921065862244,0.0,1.0,0.0,0.0,0.88,0,19813,77,10,0.0,0.0038712921065862244,0.9956281407035176,45,200
0.0038712921065862244,0.0,1.0,0.0,0.0,0.9,0,19813,77,10,0.0,0.0038712921065862244,0.9956281407035176,45,200
0.006636500754147813,0.0,1.0,0.0,0.0,0.92,0,19758,132,10,0.0,0.006636500754147813,0.9928643216080402,45,200
0.02921065862242333,0.1,0.9982817869415808,0.001718213058419244,0.1,0.94,1,19309,581,9,0.1,0.02921065862242333,0.9703517587939698,45,200
0.03202614379084967,0.2,0.9968701095461658,0.003129890453834116,0.2,0.96,2,19253,637,8,0.2,0.03202614379084967,0.9675879396984924,45,200
0.16636500754147812,0.6,0.9981900452488688,0.0018099547511312218,0.6,0.98,6,16581,3309,4,0.6,0.16636500754147812,0.8335175879396985,45,200
0.9644544997486174,1.0,0.999478976710259,0.0005210232897410514,1.0,1.0,10,707,19183,0,1.0,0.9644544997486174,0.03603015075376884,45,200
0.0,0.0,0.0,,0.0,0.02,0,19890,0,10,0.0,0.0,0.9994974874371859,46,200
0.0,0.0,0.0,,0.0,0.04,0,19890,0,10,0.0,0.0,0.9994974874371859,46,200
0.0,0.0,0.0,,0.0,0.06,0,19890,0,10,0.0,0.0,0.9994974874371859,46,200
0.0,0.0,0.0,,0.0,0.08,0,19890,0,10,0.0,0.0,0.9994974874371859,46,200
0.0,0.0,0.0,,0.0,0.1,0,19890,0,10,0.0,0.0,0.9994974874371859,46,200
0.0,0.0,0.0,,0.0,0.12,0,19890,0,10,0.0,0.0,0.9994974874371859,46,200
0.0,0.0,0.0,,0.0,0.14,0,19890,0,10,0.0,0.0,0.9994974874371859,46,200
0.0,0.0,0.0,,0.0,0.16,0,19890,0,10,0.0,0.0,0.9994974874371859,46,200
0.0,0.0,0.0,,0.0,0.18,0,19890,0,10,0.0,0.0,0.9994974874371859,46,200
0.0,0.0,0.0,,0.0,0.2,0,19890,0,10,0.0,0.0,0.9994974874371859,46,200
0.0,0.0,0.0,,0.0,0.22,0,19890,0,10,0.0,0.0,0.9994974874371859,46,200
0.0,0.0,0.0,,0.0,0.24,0,19890,0,10,0.0,0.0,0.9994974874371859,46,200
0.0,0.0,0.0,,0.0,0.26,0,19890,0,10,0.0,0.0,0.9994974874371859,46,200
0.0,0.0,0.0,,0.0,0.28,0,19890,0,10,0.0,0.0,0.9994974874371859,46,200
0.0,0.0,0.0,,0.0,0.3,0,19890,0,10,0.0,0.0,0.9994974874371859,46,200
0.0,0.0,0.0,,0.0,0.32,0,19890,0,10,0.0,0.0,0.9994974874371859,46,200
0.0,0.0,0.0,,0.0,0.34,0,19890,0,10,0.0,0.0,0.9994974874371859,46,200
0.0,0.0,0.0,,0.0,0.36,0,19890,0,10,0.0,0.0,0.9994974874371859,46,200
0.0,0.0,0.0,,0.0,0.38,0,19890,0,10,0.0,0.0,0.9994974874371859,46,200
0.0,0.0,0.0,,0.0,0.4,0,19890,0,10,0.0,0.0,0.9994974874371859,46,200
0.0,0.0,0.0,,0.0,0.42,0,19890,0,10,0.0,0.0,0.9994974874371859,46,200
0.0,0.0,0.0,,0.0,0.44,0,19890,0,10,0.0,0.0,0.9994974874371859,46,200
0.0,0.0,0.0,,0.0,0.46,0,19890,0,10,0.0,0.0,0.9994974874371859,46,200
0.0,0.0,0.0,,0.0,0.48,0,19890,0,10,0.0,0.0,0.9994974874371859,46,200
0.0,0.0,0.0,,0.0,0.5,0,19890,0,10,0.0,0.0,0.9994974874371859,46,200
0.0,0.0,0.0,,0.0,0.52,0,19890,0,10,0.0,0.0,0.9994974874371859,46,200
0.0,0.0,0.0,,0.0,0.54,0,19890,0,10,0.0,0.0,0.9994974874371859,46,200
0.0,0.0,0.0,,0.0,0.56,0,19890,0,10,0.0,0.0,0.9994974874371859,46,200
0.0,0.0,0.0,,0.0,0.58,0,19890,0,10,0.0,0.0,0.9994974874371859,46,200
0.0,0.0,0.0,,0.0,0.6,0,19890,0,10,0.0,0.0,0.9994974874371859,46,200
0.0,0.0,0.0,,0.0,0.62,0,19890,0,10,0.0,0.0,0.9994974874371859,46,200
0.0,0.0,0.0,,0.0,0.64,0,19890,0,10,0.0,0.0,0.9994974874371859,46,200
0.0007038712921065862,0.0,1.0,0.0,0.0,0.66,0,19876,14,10,0.0,0.0007038712921065862,0.9987939698492462,46,200
0.0008044243338360985,0.0,1.0,0.0,0.0,0.68,0,19874,16,10,0.0,0.0008044243338360985,0.9986934673366834,46,200
0.0008044243338360985,0.0,1.0,0.0,0.0,0.7,0,19874,16,10,0.0,0.0008044243338360985,0.9986934673366834,46,200
0.0008044243338360985,0.0,1.0,0.0,0.0,0.72,0,19874,16,10,0.0,0.0008044243338360985,0.9986934673366834,46,200
0.0008044243338360985,0.0,1.0,0.0,0.0,0.74,0,19874,16,10,0.0,0.0008044243338360985,0.9986934673366834,46,200
0.000955253896430367,0.0,1.0,0.0,0.0,0.76,0,19871,19,10,0.0,0.000955253896430367,0.9985427135678392,46,200
0.0016591251885369532,0.0,1.0,0.0,0.0,0.78,0,19857,33,10,0.0,0.0016591251885369532,0.9978391959798995,46,200
0.0024635495223730517,0.0,1.0,0.0,0.0,0.8,0,19841,49,10,0.0,0.0024635495223730517,0.9970351758793969,46,200
0.0024635495223730517,0.0,1.0,0.0,0.0,0.82,0,19841,49,10,0.0,0.0024635495223730517,0.9970351758793969,46,200
0.003971845148315736,0.1,0.9875,0.0125,0.1,0.84,1,19811,79,9,0.1,0.003971845148315736,0.9955778894472361,46,200
0.003971845148315736,0.1,0.9875,0.0125,0.1,0.86,1,19811,79,9,0.1,0.003971845148315736,0.9955778894472361,46,200
0.00432378079436903,0.1,0.9885057471264368,0.011494252873563218,0.1,0.88,1,19804,86,9,0.1,0.00432378079436903,0.9952261306532664,46,200
0.00432378079436903,0.1,0.9885057471264368,0.011494252873563218,0.1,0.9,1,19804,86,9,0.1,0.00432378079436903,0.9952261306532664,46,200
0.008798391151332328,0.1,0.9943181818181818,0.005681818181818182,0.1,0.92,1,19715,175,9,0.1,0.008798391151332328,0.9907537688442211,46,200
0.015133232780291604,0.1,0.9966887417218543,0.0033112582781456954,0.1,0.94,1,19589,301,9,0.1,0.015133232780291604,0.9844221105527639,46,200
0.05620915032679739,0.3,0.9973238180196253,0.0026761819803746653,0.3,0.96,3,18772,1118,7,0.3,0.05620915032679739,0.9434673366834171,46,200
0.15178481649069883,0.5,0.9983465608465608,0.0016534391534391533,0.5,0.98,5,16871,3019,5,0.5,0.15178481649069883,0.8480402010050251,46,200
0.33589743589743587,0.8,0.9988040065779639,0.0011959934220361788,0.8,1.0,8,13209,6681,2,0.8,0.33589743589743587,0.6641708542713568,46,200
0.0,0.0,0.0,,0.0,0.02,0,19890,0,10,0.0,0.0,0.9994974874371859,47,200
0.0,0.0,0.0,,0.0,0.04,0,19890,0,10,0.0,0.0,0.9994974874371859,47,200
0.0,0.0,0.0,,0.0,0.06,0,19890,0,10,0.0,0.0,0.9994974874371859,47,200
0.0,0.0,0.0,,0.0,0.08,0,19890,0,10,0.0,0.0,0.9994974874371859,47,200
0.0,0.0,0.0,,0.0,0.1,0,19890,0,10,0.0,0.0,0.9994974874371859,47,200
0.0,0.0,0.0,,0.0,0.12,0,19890,0,10,0.0,0.0,0.9994974874371859,47,200
0.0,0.0,0.0,,0.0,0.14,0,19890,0,10,0.0,0.0,0.9994974874371859,47,200
0.0,0.0,0.0,,0.0,0.16,0,19890,0,10,0.0,0.0,0.9994974874371859,47,200
0.0,0.0,0.0,,0.0,0.18,0,19890,0,10,0.0,0.0,0.9994974874371859,47,200
0.0,0.0,0.0,,0.0,0.2,0,19890,0,10,0.0,0.0,0.9994974874371859,47,200
0.0,0.0,0.0,,0.0,0.22,0,19890,0,10,0.0,0.0,0.9994974874371859,47,200
0.0,0.0,0.0,,0.0,0.24,0,19890,0,10,0.0,0.0,0.9994974874371859,47,200
0.0,0.0,0.0,,0.0,0.26,0,19890,0,10,0.0,0.0,0.9994974874371859,47,200
0.0,0.0,0.0,,0.0,0.28,0,19890,0,10,0.0,0.0,0.9994974874371859,47,200
0.00010055304172951231,0.0,1.0,0.0,0.0,0.3,0,19888,2,10,0.0,0.00010055304172951231,0.9993969849246231,47,200
0.00010055304172951231,0.0,1.0,0.0,0.0,0.32,0,19888,2,10,0.0,0.00010055304172951231,0.9993969849246231,47,200
0.00010055304172951231,0.0,1.0,0.0,0.0,0.34,0,19888,2,10,0.0,0.00010055304172951231,0.9993969849246231,47,200
0.00010055304172951231,0.0,1.0,0.0,0.0,0.36,0,19888,2,10,0.0,0.00010055304172951231,0.9993969849246231,47,200
0.00010055304172951231,0.0,1.0,0.0,0.0,0.38,0,19888,2,10,0.0,0.00010055304172951231,0.9993969849246231,47,200
0.00010055304172951231,0.0,1.0,0.0,0.0,0.4,0,19888,2,10,0.0,0.00010055304172951231,0.9993969849246231,47,200
0.00010055304172951231,0.0,1.0,0.0,0.0,0.42,0,19888,2,10,0.0,0.00010055304172951231,0.9993969849246231,47,200
0.00010055304172951231,0.0,1.0,0.0,0.0,0.44,0,19888,2,10,0.0,0.00010055304172951231,0.9993969849246231,47,200
0.00010055304172951231,0.0,1.0,0.0,0.0,0.46,0,19888,2,10,0.0,0.00010055304172951231,0.9993969849246231,47,200
0.00010055304172951231,0.0,1.0,0.0,0.0,0.48,0,19888,2,10,0.0,0.00010055304172951231,0.9993969849246231,47,200
0.00015082956259426848,0.0,1.0,0.0,0.0,0.5,0,19887,3,10,0.0,0.00015082956259426848,0.9993467336683417,47,200
0.00015082956259426848,0.0,1.0,0.0,0.0,0.52,0,19887,3,10,0.0,0.00015082956259426848,0.9993467336683417,47,200
0.00040221216691804925,0.0,1.0,0.0,0.0,0.54,0,19882,8,10,0.0,0.00040221216691804925,0.9990954773869347,47,200
0.00040221216691804925,0.0,1.0,0.0,0.0,0.56,0,19882,8,10,0.0,0.00040221216691804925,0.9990954773869347,47,200
0.00040221216691804925,0.0,1.0,0.0,0.0,0.58,0,19882,8,10,0.0,0.00040221216691804925,0.9990954773869347,47,200
0.00040221216691804925,0.0,1.0,0.0,0.0,0.6,0,19882,8,10,0.0,0.00040221216691804925,0.9990954773869347,47,200
0.00040221216691804925,0.0,1.0,0.0,0.0,0.62,0,19882,8,10,0.0,0.00040221216691804925,0.9990954773869347,47,200
0.00040221216691804925,0.0,1.0,0.0,0.0,0.64,0,19882,8,10,0.0,0.00040221216691804925,0.9990954773869347,47,200
0.00040221216691804925,0.0,1.0,0.0,0.0,0.66,0,19882,8,10,0.0,0.00040221216691804925,0.9990954773869347,47,200
0.00045248868778280545,0.0,1.0,0.0,0.0,0.68,0,19881,9,10,0.0,0.00045248868778280545,0.9990452261306533,47,200
0.00045248868778280545,0.0,1.0,0.0,0.0,0.7,0,19881,9,10,0.0,0.00045248868778280545,0.9990452261306533,47,200
0.00045248868778280545,0.0,1.0,0.0,0.0,0.72,0,19881,9,10,0.0,0.00045248868778280545,0.9990452261306533,47,200
0.00045248868778280545,0.0,1.0,0.0,0.0,0.74,0,19881,9,10,0.0,0.00045248868778280545,0.9990452261306533,47,200
0.0005530417295123177,0.0,1.0,0.0,0.0,0.76,0,19879,11,10,0.0,0.0005530417295123177,0.9989447236180905,47,200
0.0005530417295123177,0.0,1.0,0.0,0.0,0.78,0,19879,11,10,0.0,0.0005530417295123177,0.9989447236180905,47,200
0.0008547008547008547,0.0,1.0,0.0,0.0,0.8,0,19873,17,10,0.0,0.0008547008547008547,0.998643216080402,47,200
0.0021116138763197585,0.0,1.0,0.0,0.0,0.82,0,19848,42,10,0.0,0.0021116138763197585,0.9973869346733668,47,200
0.0021116138763197585,0.0,1.0,0.0,0.0,0.84,0,19848,42,10,0.0,0.0021116138763197585,0.9973869346733668,47,200
0.0023127199597787833,0.0,1.0,0.0,0.0,0.86,0,19844,46,10,0.0,0.0023127199597787833,0.9971859296482412,47,200
0.0023127199597787833,0.0,1.0,0.0,0.0,0.88,0,19844,46,10,0.0,0.0023127199597787833,0.9971859296482412,47,200
0.006737053795877326,0.0,1.0,0.0,0.0,0.9,0,19756,134,10,0.0,0.006737053795877326,0.9927638190954774,47,200
0.00759175465057818,0.0,1.0,0.0,0.0,0.92,0,19739,151,10,0.0,0.00759175465057818,0.9919095477386934,47,200
0.030970336852689795,0.2,0.9967637540453075,0.003236245954692557,0.2,0.94,2,19274,616,8,0.2,0.030970336852689795,0.968643216080402,47,200
0.041277023629964806,0.2,0.9975698663426489,0.002430133657351154,0.2,0.96,2,19069,821,8,0.2,0.041277023629964806,0.9583417085427136,47,200
0.11588738059326295,0.3,0.9987001733102253,0.0012998266897746968,0.3,0.98,3,17585,2305,7,0.3,0.11588738059326295,0.8838190954773869,47,200
0.9668677727501257,1.0,0.9994802764929058,0.0005197235070942259,1.0,1.0,10,659,19231,0,1.0,0.9668677727501257,0.03361809045226131,47,200
0.0,0.0,0.0,,0.0,0.02,0,19890,0,10,0.0,0.0,0.9994974874371859,48,200
5.0276520864756156e-05,0.0,1.0,0.0,0.0,0.04,0,19889,1,10,0.0,5.0276520864756156e-05,0.9994472361809045,48,200
5.0276520864756156e-05,0.0,1.0,0.0,0.0,0.06,0,19889,1,10,0.0,5.0276520864756156e-05,0.9994472361809045,48,200
5.0276520864756156e-05,0.0,1.0,0.0,0.0,0.08,0,19889,1,10,0.0,5.0276520864756156e-05,0.9994472361809045,48,200
5.0276520864756156e-05,0.0,1.0,0.0,0.0,0.1,0,19889,1,10,0.0,5.0276520864756156e-05,0.9994472361809045,48,200
5.0276520864756156e-05,0.0,1.0,0.0,0.0,0.12,0,19889,1,10,0.0,5.0276520864756156e-05,0.9994472361809045,48,200
5.0276520864756156e-05,0.0,1.0,0.0,0.0,0.14,0,19889,1,10,0.0,5.0276520864756156e-05,0.9994472361809045,48,200
5.0276520864756156e-05,0.0,1.0,0.0,0.0,0.16,0,19889,1,10,0.0,5.0276520864756156e-05,0.9994472361809045,48,200
5.0276520864756156e-05,0.0,1.0,0.0,0.0,0.18,0,19889,1,10,0.0,5.0276520864756156e-05,0.9994472361809045,48,200
0.00010055304172951231,0.0,1.0,0.0,0.0,0.2,0,19888,2,10,0.0,0.00010055304172951231,0.9993969849246231,48,200
0.00010055304172951231,0.0,1.0,0.0,0.0,0.22,0,19888,2,10,0.0,0.00010055304172951231,0.9993969849246231,48,200
0.00010055304172951231,0.0,1.0,0.0,0.0,0.24,0,19888,2,10,0.0,0.00010055304172951231,0.9993969849246231,48,200
0.00010055304172951231,0.0,1.0,0.0,0.0,0.26,0,19888,2,10,0.0,0.00010055304172951231,0.9993969849246231,48,200
0.00010055304172951231,0.0,1.0,0.0,0.0,0.28,0,19888,2,10,0.0,0.00010055304172951231,0.9993969849246231,48,200
0.00010055304172951231,0.0,1.0,0.0,0.0,0.3,0,19888,2,10,0.0,0.00010055304172951231,0.9993969849246231,48,200
0.00010055304172951231,0.0,1.0,0.0,0.0,0.32,0,19888,2,10,0.0,0.00010055304172951231,0.9993969849246231,48,200
0.00010055304172951231,0.0,1.0,0.0,0.0,0.34,0,19888,2,10,0.0,0.00010055304172951231,0.9993969849246231,48,200
0.00010055304172951231,0.0,1.0,0.0,0.0,0.36,0,19888,2,10,0.0,0.00010055304172951231,0.9993969849246231,48,200
0.00010055304172951231,0.0,1.0,0.0,0.0,0.38,0,19888,2,10,0.0,0.00010055304172951231,0.9993969849246231,48,200
0.00010055304172951231,0.0,1.0,0.0,0.0,0.4,0,19888,2,10,0.0,0.00010055304172951231,0.9993969849246231,48,200
0.00010055304172951231,0.0,1.0,0.0,0.0,0.42,0,19888,2,10,0.0,0.00010055304172951231,0.9993969849246231,48,200
0.00010055304172951231,0.0,1.0,0.0,0.0,0.44,0,19888,2,10,0.0,0.00010055304172951231,0.9993969849246231,48,200
0.00010055304172951231,0.0,1.0,0.0,0.0,0.46,0,19888,2,10,0.0,0.00010055304172951231,0.9993969849246231,48,200
0.00010055304172951231,0.0,1.0,0.0,0.0,0.48,0,19888,2,10,0.0,0.00010055304172951231,0.9993969849246231,48,200
0.00010055304172951231,0.0,1.0,0.0,0.0,0.5,0,19888,2,10,0.0,0.00010055304172951231,0.9993969849246231,48,200
0.00010055304172951231,0.0,1.0,0.0,0.0,0.52,0,19888,2,10,0.0,0.00010055304172951231,0.9993969849246231,48,200
0.0005027652086475615,0.1,0.9090909090909091,0.09090909090909091,0.1,0.54,1,19880,10,9,0.1,0.0005027652086475615,0.9990452261306533,48,200
0.0005027652086475615,0.1,0.9090909090909091,0.09090909090909091,0.1,0.56,1,19880,10,9,0.1,0.0005027652086475615,0.9990452261306533,48,200
0.001005530417295123,0.2,0.9090909090909091,0.09090909090909091,0.2,0.58,2,19870,20,8,0.2,0.001005530417295123,0.9985929648241206,48,200
0.001005530417295123,0.2,0.9090909090909091,0.09090909090909091,0.2,0.6,2,19870,20,8,0.2,0.001005530417295123,0.9985929648241206,48,200
0.001005530417295123,0.2,0.9090909090909091,0.09090909090909091,0.2,0.62,2,19870,20,8,0.2,0.001005530417295123,0.9985929648241206,48,200
0.001608848667672197,0.2,0.9411764705882353,0.058823529411764705,0.2,0.64,2,19858,32,8,0.2,0.001608848667672197,0.9979899497487437,48,200
0.001608848667672197,0.2,0.9411764705882353,0.058823529411764705,0.2,0.66,2,19858,32,8,0.2,0.001608848667672197,0.9979899497487437,48,200
0.001608848667672197,0.2,0.9411764705882353,0.058823529411764705,0.2,0.68,2,19858,32,8,0.2,0.001608848667672197,0.9979899497487437,48,200
0.0017596782302664656,0.2,0.9459459459459459,0.05405405405405406,0.2,0.7,2,19855,35,8,0.2,0.0017596782302664656,0.9978391959798995,48,200
0.0017596782302664656,0.2,0.9459459459459459,0.05405405405405406,0.2,0.72,2,19855,35,8,0.2,0.0017596782302664656,0.9978391959798995,48,200
0.0017596782302664656,0.2,0.9459459459459459,0.05405405405405406,0.2,0.74,2,19855,35,8,0.2,0.0017596782302664656,0.9978391959798995,48,200
0.0032679738562091504,0.2,0.9701492537313433,0.029850746268656716,0.2,0.76,2,19825,65,8,0.2,0.0032679738562091504,0.9963316582914573,48,200
0.0032679738562091504,0.2,0.9701492537313433,0.029850746268656716,0.2,0.78,2,19825,65,8,0.2,0.0032679738562091504,0.9963316582914573,48,200
0.0032679738562091504,0.2,0.9701492537313433,0.029850746268656716,0.2,0.8,2,19825,65,8,0.2,0.0032679738562091504,0.9963316582914573,48,200
0.0032679738562091504,0.2,0.9701492537313433,0.029850746268656716,0.2,0.82,2,19825,65,8,0.2,0.0032679738562091504,0.9963316582914573,48,200
0.003519356460532931,0.2,0.9722222222222222,0.027777777777777776,0.2,0.84,2,19820,70,8,0.2,0.003519356460532931,0.9960804020100502,48,200
0.004072398190045249,0.2,0.9759036144578314,0.024096385542168676,0.2,0.86,2,19809,81,8,0.2,0.004072398190045249,0.9955276381909548,48,200
0.004675716440422323,0.2,0.9789473684210527,0.021052631578947368,0.2,0.88,2,19797,93,8,0.2,0.004675716440422323,0.9949246231155779,48,200
0.004675716440422323,0.2,0.9789473684210527,0.021052631578947368,0.2,0.9,2,19797,93,8,0.2,0.004675716440422323,0.9949246231155779,48,200
0.005178481649069884,0.2,0.9809523809523809,0.01904761904761905,0.2,0.92,2,19787,103,8,0.2,0.005178481649069884,0.9944221105527639,48,200
0.018903971845148314,0.2,0.9947089947089947,0.005291005291005291,0.2,0.94,2,19514,376,8,0.2,0.018903971845148314,0.9807035175879397,48,200
0.024283559577677225,0.2,0.9958762886597938,0.004123711340206186,0.2,0.96,2,19407,483,8,0.2,0.024283559577677225,0.9753266331658291,48,200
0.04439416792357969,0.2,0.9977401129943503,0.0022598870056497176,0.2,0.98,2,19007,883,8,0.2,0.04439416792357969,0.9552261306532663,48,200
0.9625942684766214,0.8,0.9995823326720268,0.0004176673279732693,0.8,1.0,8,744,19146,2,0.8,0.9625942684766214,0.03778894472361809,48,200
0.0,0.0,0.0,,0.0,0.02,0,19890,0,10,0.0,0.0,0.9994974874371859,49,200
0.0,0.0,0.0,,0.0,0.04,0,19890,0,10,0.0,0.0,0.9994974874371859,49,200
0.0,0.0,0.0,,0.0,0.06,0,19890,0,10,0.0,0.0,0.9994974874371859,49,200
0.0,0.0,0.0,,0.0,0.08,0,19890,0,10,0.0,0.0,0.9994974874371859,49,200
0.0,0.0,0.0,,0.0,0.1,0,19890,0,10,0.0,0.0,0.9994974874371859,49,200
0.0,0.0,0.0,,0.0,0.12,0,19890,0,10,0.0,0.0,0.9994974874371859,49,200
0.0,0.0,0.0,,0.0,0.14,0,19890,0,10,0.0,0.0,0.9994974874371859,49,200
0.0,0.0,0.0,,0.0,0.16,0,19890,0,10,0.0,0.0,0.9994974874371859,49,200
0.0,0.0,0.0,,0.0,0.18,0,19890,0,10,0.0,0.0,0.9994974874371859,49,200
0.0,0.0,0.0,,0.0,0.2,0,19890,0,10,0.0,0.0,0.9994974874371859,49,200
0.0,0.0,0.0,,0.0,0.22,0,19890,0,10,0.0,0.0,0.9994974874371859,49,200
0.0,0.0,0.0,,0.0,0.24,0,19890,0,10,0.0,0.0,0.9994974874371859,49,200
0.0,0.0,0.0,,0.0,0.26,0,19890,0,10,0.0,0.0,0.9994974874371859,49,200
0.0,0.0,0.0,,0.0,0.28,0,19890,0,10,0.0,0.0,0.9994974874371859,49,200
0.0,0.0,0.0,,0.0,0.3,0,19890,0,10,0.0,0.0,0.9994974874371859,49,200
0.0,0.0,0.0,,0.0,0.32,0,19890,0,10,0.0,0.0,0.9994974874371859,49,200
0.0,0.0,0.0,,0.0,0.34,0,19890,0,10,0.0,0.0,0.9994974874371859,49,200
0.0,0.0,0.0,,0.0,0.36,0,19890,0,10,0.0,0.0,0.9994974874371859,49,200
0.0,0.0,0.0,,0.0,0.38,0,19890,0,10,0.0,0.0,0.9994974874371859,49,200
0.0,0.0,0.0,,0.0,0.4,0,19890,0,10,0.0,0.0,0.9994974874371859,49,200
0.0,0.0,0.0,,0.0,0.42,0,19890,0,10,0.0,0.0,0.9994974874371859,49,200
0.0,0.0,0.0,,0.0,0.44,0,19890,0,10,0.0,0.0,0.9994974874371859,49,200
0.0008044243338360985,0.0,1.0,0.0,0.0,0.46,0,19874,16,10,0.0,0.0008044243338360985,0.9986934673366834,49,200
0.0008044243338360985,0.0,1.0,0.0,0.0,0.48,0,19874,16,10,0.0,0.0008044243338360985,0.9986934673366834,49,200
0.0008044243338360985,0.0,1.0,0.0,0.0,0.5,0,19874,16,10,0.0,0.0008044243338360985,0.9986934673366834,49,200
0.000955253896430367,0.0,1.0,0.0,0.0,0.52,0,19871,19,10,0.0,0.000955253896430367,0.9985427135678392,49,200
0.000955253896430367,0.0,1.0,0.0,0.0,0.54,0,19871,19,10,0.0,0.000955253896430367,0.9985427135678392,49,200
0.0016591251885369532,0.0,1.0,0.0,0.0,0.56,0,19857,33,10,0.0,0.0016591251885369532,0.9978391959798995,49,200
0.0018099547511312218,0.0,1.0,0.0,0.0,0.58,0,19854,36,10,0.0,0.0018099547511312218,0.9976884422110552,49,200
0.0018099547511312218,0.0,1.0,0.0,0.0,0.6,0,19854,36,10,0.0,0.0018099547511312218,0.9976884422110552,49,200
0.002011060834590246,0.0,1.0,0.0,0.0,0.62,0,19850,40,10,0.0,0.002011060834590246,0.9974874371859297,49,200
0.002212166918049271,0.0,1.0,0.0,0.0,0.64,0,19846,44,10,0.0,0.002212166918049271,0.997286432160804,49,200
0.002212166918049271,0.0,1.0,0.0,0.0,0.66,0,19846,44,10,0.0,0.002212166918049271,0.997286432160804,49,200
0.0024132730015082957,0.0,1.0,0.0,0.0,0.68,0,19842,48,10,0.0,0.0024132730015082957,0.9970854271356784,49,200
0.0024132730015082957,0.0,1.0,0.0,0.0,0.7,0,19842,48,10,0.0,0.0024132730015082957,0.9970854271356784,49,200
0.005027652086475616,0.1,0.9900990099009901,0.009900990099009901,0.1,0.72,1,19790,100,9,0.1,0.005027652086475616,0.9945226130653266,49,200
0.005027652086475616,0.1,0.9900990099009901,0.009900990099009901,0.1,0.74,1,19790,100,9,0.1,0.005027652086475616,0.9945226130653266,49,200
0.005480140774258421,0.1,0.990909090909091,0.00909090909090909,0.1,0.76,1,19781,109,9,0.1,0.005480140774258421,0.994070351758794,49,200
0.005480140774258421,0.1,0.990909090909091,0.00909090909090909,0.1,0.78,1,19781,109,9,0.1,0.005480140774258421,0.994070351758794,49,200
0.0059326294620412265,0.1,0.9915966386554622,0.008403361344537815,0.1,0.8,1,19772,118,9,0.1,0.0059326294620412265,0.9936180904522613,49,200
0.006586224233283057,0.1,0.9924242424242424,0.007575757575757576,0.1,0.82,1,19759,131,9,0.1,0.006586224233283057,0.992964824120603,49,200
0.013373554550025138,0.1,0.9962546816479401,0.003745318352059925,0.1,0.84,1,19624,266,9,0.1,0.013373554550025138,0.9861809045226131,49,200
0.01623931623931624,0.1,0.9969135802469136,0.0030864197530864196,0.1,0.86,1,19567,323,9,0.1,0.01623931623931624,0.9833165829145729,49,200
0.01623931623931624,0.1,0.9969135802469136,0.0030864197530864196,0.1,0.88,1,19567,323,9,0.1,0.01623931623931624,0.9833165829145729,49,200
0.01739567621920563,0.1,0.9971181556195965,0.002881844380403458,0.1,0.9,1,19544,346,9,0.1,0.01739567621920563,0.9821608040201005,49,200
0.04866767219708396,0.2,0.9979381443298969,0.002061855670103093,0.2,0.92,2,18922,968,8,0.2,0.04866767219708396,0.9509547738693467,49,200
0.057817998994469585,0.2,0.9982638888888888,0.001736111111111111,0.2,0.94,2,18740,1150,8,0.2,0.057817998994469585,0.9418090452261306,49,200
0.08149824032176974,0.3,0.9981527093596059,0.0018472906403940886,0.3,0.96,3,18269,1621,7,0.3,0.08149824032176974,0.9181909547738694,49,200
0.13247863247863248,0.6,0.9977281332828474,0.002271866717152594,0.6,0.98,6,17255,2635,4,0.6,0.13247863247863248,0.8673869346733668,49,200
0.9677727501256913,0.9,0.9995326617509607,0.0004673382490393603,0.9,1.0,9,641,19249,1,0.9,0.9677727501256913,0.032663316582914576,49,200
