FPR,TPR,FDR,NPrecision,NRecall,alpha,NTP,NTN,NFP,NFN,NTPR,NFPR,NACC,diffnetfinder_sec,run,dim
0.0,0.0,0.0,,0.0,0.05,0,19890,0,10,0.0,0.0,0.9994974874371859,45.70669210003689,0,200
0.0,0.0,0.0,,0.0,0.1,0,19890,0,10,0.0,0.0,0.9994974874371859,45.70669210003689,0,200
0.0,0.0,0.0,,0.0,0.15,0,19890,0,10,0.0,0.0,0.9994974874371859,45.70669210003689,0,200
5.0276520864756156e-05,0.0,1.0,0.0,0.0,0.2,0,19889,1,10,0.0,5.0276520864756156e-05,0.9994472361809045,45.70669210003689,0,200
5.0276520864756156e-05,0.0,1.0,0.0,0.0,0.25,0,19889,1,10,0.0,5.0276520864756156e-05,0.9994472361809045,45.70669210003689,0,200
0.00010055304172951231,0.0,1.0,0.0,0.0,0.3,0,19888,2,10,0.0,0.00010055304172951231,0.9993969849246231,45.70669210003689,0,200
0.00010055304172951231,0.1,0.6666666666666666,0.3333333333333333,0.1,0.35,1,19888,2,9,0.1,0.00010055304172951231,0.9994472361809045,45.70669210003689,0,200
0.00010055304172951231,0.1,0.6666666666666666,0.3333333333333333,0.1,0.4,1,19888,2,9,0.1,0.00010055304172951231,0.9994472361809045,45.70669210003689,0,200
0.00040221216691804925,0.1,0.8888888888888888,0.1111111111111111,0.1,0.45,1,19882,8,9,0.1,0.00040221216691804925,0.999145728643216,45.70669210003689,0,200
0.00045248868778280545,0.1,0.9,0.1,0.1,0.5,1,19881,9,9,0.1,0.00045248868778280545,0.9990954773869347,45.70669210003689,0,200
0.0005530417295123177,0.1,0.9166666666666666,0.08333333333333333,0.1,0.55,1,19879,11,9,0.1,0.0005530417295123177,0.9989949748743718,45.70669210003689,0,200
0.001005530417295123,0.1,0.9523809523809523,0.047619047619047616,0.1,0.6,1,19870,20,9,0.1,0.001005530417295123,0.9985427135678392,45.70669210003689,0,200
0.0011060834590246355,0.1,0.9565217391304348,0.043478260869565216,0.1,0.65,1,19868,22,9,0.1,0.0011060834590246355,0.9984422110552764,45.70669210003689,0,200
0.0015082956259426848,0.2,0.9375,0.0625,0.2,0.7,2,19860,30,8,0.2,0.0015082956259426848,0.9980904522613065,45.70669210003689,0,200
0.0015082956259426848,0.2,0.9375,0.0625,0.2,0.75,2,19860,30,8,0.2,0.0015082956259426848,0.9980904522613065,45.70669210003689,0,200
0.0020613373554550026,0.2,0.9534883720930233,0.046511627906976744,0.2,0.8,2,19849,41,8,0.2,0.0020613373554550026,0.997537688442211,45.70669210003689,0,200
0.0021116138763197585,0.2,0.9545454545454546,0.045454545454545456,0.2,0.85,2,19848,42,8,0.2,0.0021116138763197585,0.9974874371859297,45.70669210003689,0,200
0.0022624434389140274,0.2,0.9574468085106383,0.0425531914893617,0.2,0.9,2,19845,45,8,0.2,0.0022624434389140274,0.9973366834170855,45.70669210003689,0,200
0.00718954248366013,0.3,0.9794520547945206,0.02054794520547945,0.3,0.95,3,19747,143,7,0.3,0.00718954248366013,0.992462311557789,45.70669210003689,0,200
0.9963298139768728,1.0,0.999495637262319,0.0005043627376809402,1.0,1.0,10,73,19817,0,1.0,0.9963298139768728,0.004170854271356784,45.70669210003689,0,200
5.0276520864756156e-05,0.0,1.0,0.0,0.0,0.05,0,19889,1,10,0.0,5.0276520864756156e-05,0.9994472361809045,44.72890800004825,1,200
5.0276520864756156e-05,0.0,1.0,0.0,0.0,0.1,0,19889,1,10,0.0,5.0276520864756156e-05,0.9994472361809045,44.72890800004825,1,200
5.0276520864756156e-05,0.0,1.0,0.0,0.0,0.15,0,19889,1,10,0.0,5.0276520864756156e-05,0.9994472361809045,44.72890800004825,1,200
5.0276520864756156e-05,0.0,1.0,0.0,0.0,0.2,0,19889,1,10,0.0,5.0276520864756156e-05,0.9994472361809045,44.72890800004825,1,200
5.0276520864756156e-05,0.0,1.0,0.0,0.0,0.25,0,19889,1,10,0.0,5.0276520864756156e-05,0.9994472361809045,44.72890800004825,1,200
5.0276520864756156e-05,0.0,1.0,0.0,0.0,0.3,0,19889,1,10,0.0,5.0276520864756156e-05,0.9994472361809045,44.72890800004825,1,200
5.0276520864756156e-05,0.0,1.0,0.0,0.0,0.35,0,19889,1,10,0.0,5.0276520864756156e-05,0.9994472361809045,44.72890800004825,1,200
5.0276520864756156e-05,0.0,1.0,0.0,0.0,0.4,0,19889,1,10,0.0,5.0276520864756156e-05,0.9994472361809045,44.72890800004825,1,200
5.0276520864756156e-05,0.0,1.0,0.0,0.0,0.45,0,19889,1,10,0.0,5.0276520864756156e-05,0.9994472361809045,44.72890800004825,1,200
5.0276520864756156e-05,0.0,1.0,0.0,0.0,0.5,0,19889,1,10,0.0,5.0276520864756156e-05,0.9994472361809045,44.72890800004825,1,200
5.0276520864756156e-05,0.0,1.0,0.0,0.0,0.55,0,19889,1,10,0.0,5.0276520864756156e-05,0.9994472361809045,44.72890800004825,1,200
5.0276520864756156e-05,0.0,1.0,0.0,0.0,0.6,0,19889,1,10,0.0,5.0276520864756156e-05,0.9994472361809045,44.72890800004825,1,200
0.00010055304172951231,0.0,1.0,0.0,0.0,0.65,0,19888,2,10,0.0,0.00010055304172951231,0.9993969849246231,44.72890800004825,1,200
0.00010055304172951231,0.0,1.0,0.0,0.0,0.7,0,19888,2,10,0.0,0.00010055304172951231,0.9993969849246231,44.72890800004825,1,200
0.00010055304172951231,0.0,1.0,0.0,0.0,0.75,0,19888,2,10,0.0,0.00010055304172951231,0.9993969849246231,44.72890800004825,1,200
0.00010055304172951231,0.0,1.0,0.0,0.0,0.8,0,19888,2,10,0.0,0.00010055304172951231,0.9993969849246231,44.72890800004825,1,200
0.0015082956259426848,0.0,1.0,0.0,0.0,0.85,0,19860,30,10,0.0,0.0015082956259426848,0.9979899497487437,44.72890800004825,1,200
0.0018099547511312218,0.0,1.0,0.0,0.0,0.9,0,19854,36,10,0.0,0.0018099547511312218,0.9976884422110552,44.72890800004825,1,200
0.00432378079436903,0.0,1.0,0.0,0.0,0.95,0,19804,86,10,0.0,0.00432378079436903,0.9951758793969849,44.72890800004825,1,200
0.9984917043740573,1.0,0.9994967287367891,0.0005032712632108706,1.0,1.0,10,30,19860,0,1.0,0.9984917043740573,0.0020100502512562816,44.72890800004825,1,200
5.0276520864756156e-05,0.0,1.0,0.0,0.0,0.05,0,19889,1,10,0.0,5.0276520864756156e-05,0.9994472361809045,45.81643470004201,2,200
5.0276520864756156e-05,0.0,1.0,0.0,0.0,0.1,0,19889,1,10,0.0,5.0276520864756156e-05,0.9994472361809045,45.81643470004201,2,200
5.0276520864756156e-05,0.1,0.5,0.5,0.1,0.15,1,19889,1,9,0.1,5.0276520864756156e-05,0.9994974874371859,45.81643470004201,2,200
5.0276520864756156e-05,0.1,0.5,0.5,0.1,0.2,1,19889,1,9,0.1,5.0276520864756156e-05,0.9994974874371859,45.81643470004201,2,200
0.00010055304172951231,0.1,0.6666666666666666,0.3333333333333333,0.1,0.25,1,19888,2,9,0.1,0.00010055304172951231,0.9994472361809045,45.81643470004201,2,200
0.00010055304172951231,0.1,0.6666666666666666,0.3333333333333333,0.1,0.3,1,19888,2,9,0.1,0.00010055304172951231,0.9994472361809045,45.81643470004201,2,200
0.00015082956259426848,0.1,0.75,0.25,0.1,0.35,1,19887,3,9,0.1,0.00015082956259426848,0.9993969849246231,45.81643470004201,2,200
0.00030165912518853697,0.1,0.8571428571428571,0.14285714285714285,0.1,0.4,1,19884,6,9,0.1,0.00030165912518853697,0.9992462311557789,45.81643470004201,2,200
0.00030165912518853697,0.1,0.8571428571428571,0.14285714285714285,0.1,0.45,1,19884,6,9,0.1,0.00030165912518853697,0.9992462311557789,45.81643470004201,2,200
0.00030165912518853697,0.1,0.8571428571428571,0.14285714285714285,0.1,0.5,1,19884,6,9,0.1,0.00030165912518853697,0.9992462311557789,45.81643470004201,2,200
0.00030165912518853697,0.1,0.8571428571428571,0.14285714285714285,0.1,0.55,1,19884,6,9,0.1,0.00030165912518853697,0.9992462311557789,45.81643470004201,2,200
0.00065359477124183,0.1,0.9285714285714286,0.07142857142857142,0.1,0.6,1,19877,13,9,0.1,0.00065359477124183,0.9988944723618091,45.81643470004201,2,200
0.001005530417295123,0.1,0.9523809523809523,0.047619047619047616,0.1,0.65,1,19870,20,9,0.1,0.001005530417295123,0.9985427135678392,45.81643470004201,2,200
0.0010558069381598793,0.1,0.9545454545454546,0.045454545454545456,0.1,0.7,1,19869,21,9,0.1,0.0010558069381598793,0.9984924623115577,45.81643470004201,2,200
0.0011060834590246355,0.1,0.9565217391304348,0.043478260869565216,0.1,0.75,1,19868,22,9,0.1,0.0011060834590246355,0.9984422110552764,45.81643470004201,2,200
0.0013574660633484162,0.1,0.9642857142857143,0.03571428571428571,0.1,0.8,1,19863,27,9,0.1,0.0013574660633484162,0.9981909547738693,45.81643470004201,2,200
0.0018099547511312218,0.1,0.972972972972973,0.02702702702702703,0.1,0.85,1,19854,36,9,0.1,0.0018099547511312218,0.9977386934673367,45.81643470004201,2,200
0.003821015585721468,0.2,0.9743589743589743,0.02564102564102564,0.2,0.9,2,19814,76,8,0.2,0.003821015585721468,0.9957788944723618,45.81643470004201,2,200
0.004022121669180492,0.2,0.975609756097561,0.024390243902439025,0.2,0.95,2,19810,80,8,0.2,0.004022121669180492,0.9955778894472361,45.81643470004201,2,200
0.006385118149824032,0.2,0.9844961240310077,0.015503875968992248,0.2,1.0,2,19763,127,8,0.2,0.006385118149824032,0.99321608040201,45.81643470004201,2,200
0.0,0.0,0.0,,0.0,0.05,0,19890,0,10,0.0,0.0,0.9994974874371859,45.88317419984378,3,200
0.0,0.0,0.0,,0.0,0.1,0,19890,0,10,0.0,0.0,0.9994974874371859,45.88317419984378,3,200
0.0,0.0,0.0,,0.0,0.15,0,19890,0,10,0.0,0.0,0.9994974874371859,45.88317419984378,3,200
5.0276520864756156e-05,0.0,1.0,0.0,0.0,0.2,0,19889,1,10,0.0,5.0276520864756156e-05,0.9994472361809045,45.88317419984378,3,200
5.0276520864756156e-05,0.0,1.0,0.0,0.0,0.25,0,19889,1,10,0.0,5.0276520864756156e-05,0.9994472361809045,45.88317419984378,3,200
5.0276520864756156e-05,0.0,1.0,0.0,0.0,0.3,0,19889,1,10,0.0,5.0276520864756156e-05,0.9994472361809045,45.88317419984378,3,200
5.0276520864756156e-05,0.0,1.0,0.0,0.0,0.35,0,19889,1,10,0.0,5.0276520864756156e-05,0.9994472361809045,45.88317419984378,3,200
5.0276520864756156e-05,0.0,1.0,0.0,0.0,0.4,0,19889,1,10,0.0,5.0276520864756156e-05,0.9994472361809045,45.88317419984378,3,200
5.0276520864756156e-05,0.0,1.0,0.0,0.0,0.45,0,19889,1,10,0.0,5.0276520864756156e-05,0.9994472361809045,45.88317419984378,3,200
5.0276520864756156e-05,0.0,1.0,0.0,0.0,0.5,0,19889,1,10,0.0,5.0276520864756156e-05,0.9994472361809045,45.88317419984378,3,200
0.00010055304172951231,0.1,0.6666666666666666,0.3333333333333333,0.1,0.55,1,19888,2,9,0.1,0.00010055304172951231,0.9994472361809045,45.88317419984378,3,200
0.00010055304172951231,0.1,0.6666666666666666,0.3333333333333333,0.1,0.6,1,19888,2,9,0.1,0.00010055304172951231,0.9994472361809045,45.88317419984378,3,200
0.00010055304172951231,0.2,0.5,0.5,0.2,0.65,2,19888,2,8,0.2,0.00010055304172951231,0.9994974874371859,45.88317419984378,3,200
0.00030165912518853697,0.2,0.75,0.25,0.2,0.7,2,19884,6,8,0.2,0.00030165912518853697,0.9992964824120603,45.88317419984378,3,200
0.00030165912518853697,0.2,0.75,0.25,0.2,0.75,2,19884,6,8,0.2,0.00030165912518853697,0.9992964824120603,45.88317419984378,3,200
0.00030165912518853697,0.2,0.75,0.25,0.2,0.8,2,19884,6,8,0.2,0.00030165912518853697,0.9992964824120603,45.88317419984378,3,200
0.0003519356460532931,0.2,0.7777777777777778,0.2222222222222222,0.2,0.85,2,19883,7,8,0.2,0.0003519356460532931,0.9992462311557789,45.88317419984378,3,200
0.0011060834590246355,0.2,0.9166666666666666,0.08333333333333333,0.2,0.9,2,19868,22,8,0.2,0.0011060834590246355,0.9984924623115577,45.88317419984378,3,200
0.11633986928104575,0.6,0.9974137931034482,0.002586206896551724,0.6,0.95,6,17576,2314,4,0.6,0.11633986928104575,0.8835175879396985,45.88317419984378,3,200
0.9982403217697335,1.0,0.9994966020639315,0.0005033979360684622,1.0,1.0,10,35,19855,0,1.0,0.9982403217697335,0.0022613065326633165,45.88317419984378,3,200
0.0,0.0,0.0,,0.0,0.05,0,19890,0,10,0.0,0.0,0.9994974874371859,45.218663500156254,4,200
0.0,0.0,0.0,,0.0,0.1,0,19890,0,10,0.0,0.0,0.9994974874371859,45.218663500156254,4,200
0.0,0.0,0.0,,0.0,0.15,0,19890,0,10,0.0,0.0,0.9994974874371859,45.218663500156254,4,200
5.0276520864756156e-05,0.0,1.0,0.0,0.0,0.2,0,19889,1,10,0.0,5.0276520864756156e-05,0.9994472361809045,45.218663500156254,4,200
5.0276520864756156e-05,0.0,1.0,0.0,0.0,0.25,0,19889,1,10,0.0,5.0276520864756156e-05,0.9994472361809045,45.218663500156254,4,200
5.0276520864756156e-05,0.0,1.0,0.0,0.0,0.3,0,19889,1,10,0.0,5.0276520864756156e-05,0.9994472361809045,45.218663500156254,4,200
5.0276520864756156e-05,0.0,1.0,0.0,0.0,0.35,0,19889,1,10,0.0,5.0276520864756156e-05,0.9994472361809045,45.218663500156254,4,200
5.0276520864756156e-05,0.0,1.0,0.0,0.0,0.4,0,19889,1,10,0.0,5.0276520864756156e-05,0.9994472361809045,45.218663500156254,4,200
5.0276520864756156e-05,0.0,1.0,0.0,0.0,0.45,0,19889,1,10,0.0,5.0276520864756156e-05,0.9994472361809045,45.218663500156254,4,200
0.0003519356460532931,0.0,1.0,0.0,0.0,0.5,0,19883,7,10,0.0,0.0003519356460532931,0.999145728643216,45.218663500156254,4,200
0.0003519356460532931,0.0,1.0,0.0,0.0,0.55,0,19883,7,10,0.0,0.0003519356460532931,0.999145728643216,45.218663500156254,4,200
0.0003519356460532931,0.0,1.0,0.0,0.0,0.6,0,19883,7,10,0.0,0.0003519356460532931,0.999145728643216,45.218663500156254,4,200
0.0005530417295123177,0.0,1.0,0.0,0.0,0.65,0,19879,11,10,0.0,0.0005530417295123177,0.9989447236180905,45.218663500156254,4,200
0.0005530417295123177,0.0,1.0,0.0,0.0,0.7,0,19879,11,10,0.0,0.0005530417295123177,0.9989447236180905,45.218663500156254,4,200
0.0005530417295123177,0.0,1.0,0.0,0.0,0.75,0,19879,11,10,0.0,0.0005530417295123177,0.9989447236180905,45.218663500156254,4,200
0.0005530417295123177,0.0,1.0,0.0,0.0,0.8,0,19879,11,10,0.0,0.0005530417295123177,0.9989447236180905,45.218663500156254,4,200
0.00130718954248366,0.0,1.0,0.0,0.0,0.85,0,19864,26,10,0.0,0.00130718954248366,0.9981909547738693,45.218663500156254,4,200
0.0015082956259426848,0.0,1.0,0.0,0.0,0.9,0,19860,30,10,0.0,0.0015082956259426848,0.9979899497487437,45.218663500156254,4,200
0.004625439919557567,0.0,1.0,0.0,0.0,0.95,0,19798,92,10,0.0,0.004625439919557567,0.9948743718592965,45.218663500156254,4,200
0.9984917043740573,1.0,0.9994967287367891,0.0005032712632108706,1.0,1.0,10,30,19860,0,1.0,0.9984917043740573,0.0020100502512562816,45.218663500156254,4,200
0.0,0.0,0.0,,0.0,0.05,0,19890,0,10,0.0,0.0,0.9994974874371859,45.71911930013448,5,200
0.0,0.0,0.0,,0.0,0.1,0,19890,0,10,0.0,0.0,0.9994974874371859,45.71911930013448,5,200
0.0,0.0,0.0,,0.0,0.15,0,19890,0,10,0.0,0.0,0.9994974874371859,45.71911930013448,5,200
0.0,0.0,0.0,,0.0,0.2,0,19890,0,10,0.0,0.0,0.9994974874371859,45.71911930013448,5,200
0.0,0.0,0.0,,0.0,0.25,0,19890,0,10,0.0,0.0,0.9994974874371859,45.71911930013448,5,200
0.00010055304172951231,0.0,1.0,0.0,0.0,0.3,0,19888,2,10,0.0,0.00010055304172951231,0.9993969849246231,45.71911930013448,5,200
0.00010055304172951231,0.0,1.0,0.0,0.0,0.35,0,19888,2,10,0.0,0.00010055304172951231,0.9993969849246231,45.71911930013448,5,200
0.00010055304172951231,0.0,1.0,0.0,0.0,0.4,0,19888,2,10,0.0,0.00010055304172951231,0.9993969849246231,45.71911930013448,5,200
0.00010055304172951231,0.0,1.0,0.0,0.0,0.45,0,19888,2,10,0.0,0.00010055304172951231,0.9993969849246231,45.71911930013448,5,200
0.00010055304172951231,0.0,1.0,0.0,0.0,0.5,0,19888,2,10,0.0,0.00010055304172951231,0.9993969849246231,45.71911930013448,5,200
0.00010055304172951231,0.0,1.0,0.0,0.0,0.55,0,19888,2,10,0.0,0.00010055304172951231,0.9993969849246231,45.71911930013448,5,200
0.00010055304172951231,0.0,1.0,0.0,0.0,0.6,0,19888,2,10,0.0,0.00010055304172951231,0.9993969849246231,45.71911930013448,5,200
0.00010055304172951231,0.0,1.0,0.0,0.0,0.65,0,19888,2,10,0.0,0.00010055304172951231,0.9993969849246231,45.71911930013448,5,200
0.00010055304172951231,0.0,1.0,0.0,0.0,0.7,0,19888,2,10,0.0,0.00010055304172951231,0.9993969849246231,45.71911930013448,5,200
0.00010055304172951231,0.0,1.0,0.0,0.0,0.75,0,19888,2,10,0.0,0.00010055304172951231,0.9993969849246231,45.71911930013448,5,200
0.00010055304172951231,0.0,1.0,0.0,0.0,0.8,0,19888,2,10,0.0,0.00010055304172951231,0.9993969849246231,45.71911930013448,5,200
0.00010055304172951231,0.0,1.0,0.0,0.0,0.85,0,19888,2,10,0.0,0.00010055304172951231,0.9993969849246231,45.71911930013448,5,200
0.00015082956259426848,0.0,1.0,0.0,0.0,0.9,0,19887,3,10,0.0,0.00015082956259426848,0.9993467336683417,45.71911930013448,5,200
0.0059326294620412265,0.0,1.0,0.0,0.0,0.95,0,19772,118,10,0.0,0.0059326294620412265,0.9935678391959799,45.71911930013448,5,200
0.04625439919557567,0.0,1.0,0.0,0.0,1.0,0,18970,920,10,0.0,0.04625439919557567,0.9532663316582914,45.71911930013448,5,200
0.0,0.1,0.0,1.0,0.1,0.05,1,19890,0,9,0.1,0.0,0.9995477386934674,45.56088409991935,6,200
0.0,0.1,0.0,1.0,0.1,0.1,1,19890,0,9,0.1,0.0,0.9995477386934674,45.56088409991935,6,200
0.0,0.1,0.0,1.0,0.1,0.15,1,19890,0,9,0.1,0.0,0.9995477386934674,45.56088409991935,6,200
0.0,0.1,0.0,1.0,0.1,0.2,1,19890,0,9,0.1,0.0,0.9995477386934674,45.56088409991935,6,200
5.0276520864756156e-05,0.1,0.5,0.5,0.1,0.25,1,19889,1,9,0.1,5.0276520864756156e-05,0.9994974874371859,45.56088409991935,6,200
0.00010055304172951231,0.1,0.6666666666666666,0.3333333333333333,0.1,0.3,1,19888,2,9,0.1,0.00010055304172951231,0.9994472361809045,45.56088409991935,6,200
0.00020110608345902463,0.1,0.8,0.2,0.1,0.35,1,19886,4,9,0.1,0.00020110608345902463,0.9993467336683417,45.56088409991935,6,200
0.00020110608345902463,0.1,0.8,0.2,0.1,0.4,1,19886,4,9,0.1,0.00020110608345902463,0.9993467336683417,45.56088409991935,6,200
0.00020110608345902463,0.1,0.8,0.2,0.1,0.45,1,19886,4,9,0.1,0.00020110608345902463,0.9993467336683417,45.56088409991935,6,200
0.00020110608345902463,0.1,0.8,0.2,0.1,0.5,1,19886,4,9,0.1,0.00020110608345902463,0.9993467336683417,45.56088409991935,6,200
0.00020110608345902463,0.1,0.8,0.2,0.1,0.55,1,19886,4,9,0.1,0.00020110608345902463,0.9993467336683417,45.56088409991935,6,200
0.00025138260432378077,0.1,0.8333333333333334,0.16666666666666666,0.1,0.6,1,19885,5,9,0.1,0.00025138260432378077,0.9992964824120603,45.56088409991935,6,200
0.00025138260432378077,0.1,0.8333333333333334,0.16666666666666666,0.1,0.65,1,19885,5,9,0.1,0.00025138260432378077,0.9992964824120603,45.56088409991935,6,200
0.00025138260432378077,0.1,0.8333333333333334,0.16666666666666666,0.1,0.7,1,19885,5,9,0.1,0.00025138260432378077,0.9992964824120603,45.56088409991935,6,200
0.00025138260432378077,0.1,0.8333333333333334,0.16666666666666666,0.1,0.75,1,19885,5,9,0.1,0.00025138260432378077,0.9992964824120603,45.56088409991935,6,200
0.00025138260432378077,0.1,0.8333333333333334,0.16666666666666666,0.1,0.8,1,19885,5,9,0.1,0.00025138260432378077,0.9992964824120603,45.56088409991935,6,200
0.00030165912518853697,0.1,0.8571428571428571,0.14285714285714285,0.1,0.85,1,19884,6,9,0.1,0.00030165912518853697,0.9992462311557789,45.56088409991935,6,200
0.0012066365007541479,0.1,0.96,0.04,0.1,0.9,1,19866,24,9,0.1,0.0012066365007541479,0.9983417085427135,45.56088409991935,6,200
0.028054298642533938,0.4,0.9928825622775801,0.0071174377224199285,0.4,0.95,4,19332,558,6,0.4,0.028054298642533938,0.9716582914572864,45.56088409991935,6,200
0.9983911513323278,1.0,0.999496678075297,0.0005033219247030401,1.0,1.0,10,32,19858,0,1.0,0.9983911513323278,0.0021105527638190956,45.56088409991935,6,200
0.0,0.0,0.0,,0.0,0.05,0,19890,0,10,0.0,0.0,0.9994974874371859,44.43366149999201,7,200
0.0,0.0,0.0,,0.0,0.1,0,19890,0,10,0.0,0.0,0.9994974874371859,44.43366149999201,7,200
0.0,0.0,0.0,,0.0,0.15,0,19890,0,10,0.0,0.0,0.9994974874371859,44.43366149999201,7,200
0.0,0.0,0.0,,0.0,0.2,0,19890,0,10,0.0,0.0,0.9994974874371859,44.43366149999201,7,200
0.0,0.0,0.0,,0.0,0.25,0,19890,0,10,0.0,0.0,0.9994974874371859,44.43366149999201,7,200
0.0,0.0,0.0,,0.0,0.3,0,19890,0,10,0.0,0.0,0.9994974874371859,44.43366149999201,7,200
0.00030165912518853697,0.2,0.75,0.25,0.2,0.35,2,19884,6,8,0.2,0.00030165912518853697,0.9992964824120603,44.43366149999201,7,200
0.00030165912518853697,0.3,0.6666666666666666,0.3333333333333333,0.3,0.4,3,19884,6,7,0.3,0.00030165912518853697,0.9993467336683417,44.43366149999201,7,200
0.0003519356460532931,0.3,0.7,0.3,0.3,0.45,3,19883,7,7,0.3,0.0003519356460532931,0.9992964824120603,44.43366149999201,7,200
0.0003519356460532931,0.3,0.7,0.3,0.3,0.5,3,19883,7,7,0.3,0.0003519356460532931,0.9992964824120603,44.43366149999201,7,200
0.0003519356460532931,0.3,0.7,0.3,0.3,0.55,3,19883,7,7,0.3,0.0003519356460532931,0.9992964824120603,44.43366149999201,7,200
0.0005530417295123177,0.3,0.7857142857142857,0.21428571428571427,0.3,0.6,3,19879,11,7,0.3,0.0005530417295123177,0.9990954773869347,44.43366149999201,7,200
0.002765208647561589,0.3,0.9482758620689655,0.05172413793103448,0.3,0.65,3,19835,55,7,0.3,0.002765208647561589,0.9968844221105527,44.43366149999201,7,200
0.005731523378582202,0.3,0.9743589743589743,0.02564102564102564,0.3,0.7,3,19776,114,7,0.3,0.005731523378582202,0.9939195979899498,44.43366149999201,7,200
0.008748114630467572,0.3,0.9830508474576272,0.01694915254237288,0.3,0.75,3,19716,174,7,0.3,0.008748114630467572,0.9909045226130653,44.43366149999201,7,200
0.01493212669683258,0.3,0.99,0.01,0.3,0.8,3,19593,297,7,0.3,0.01493212669683258,0.9847236180904523,44.43366149999201,7,200
0.030869783810960283,0.3,0.9951377633711507,0.004862236628849271,0.3,0.85,3,19276,614,7,0.3,0.030869783810960283,0.9687939698492463,44.43366149999201,7,200
0.04751131221719457,0.4,0.9957850368809273,0.004214963119072708,0.4,0.9,4,18945,945,6,0.4,0.04751131221719457,0.952211055276382,44.43366149999201,7,200
0.14605329311211665,0.5,0.9982817869415808,0.001718213058419244,0.5,0.95,5,16985,2905,5,0.5,0.14605329311211665,0.8537688442211055,44.43366149999201,7,200
0.9981900452488688,1.0,0.9994965767217077,0.0005034232782923883,1.0,1.0,10,36,19854,0,1.0,0.9981900452488688,0.0023115577889447235,44.43366149999201,7,200
0.0,0.0,0.0,,0.0,0.05,0,19890,0,10,0.0,0.0,0.9994974874371859,46.097628199961036,8,200
0.0,0.0,0.0,,0.0,0.1,0,19890,0,10,0.0,0.0,0.9994974874371859,46.097628199961036,8,200
0.0,0.1,0.0,1.0,0.1,0.15,1,19890,0,9,0.1,0.0,0.9995477386934674,46.097628199961036,8,200
0.0,0.1,0.0,1.0,0.1,0.2,1,19890,0,9,0.1,0.0,0.9995477386934674,46.097628199961036,8,200
0.0,0.1,0.0,1.0,0.1,0.25,1,19890,0,9,0.1,0.0,0.9995477386934674,46.097628199961036,8,200
0.0,0.1,0.0,1.0,0.1,0.3,1,19890,0,9,0.1,0.0,0.9995477386934674,46.097628199961036,8,200
0.0,0.1,0.0,1.0,0.1,0.35,1,19890,0,9,0.1,0.0,0.9995477386934674,46.097628199961036,8,200
5.0276520864756156e-05,0.1,0.5,0.5,0.1,0.4,1,19889,1,9,0.1,5.0276520864756156e-05,0.9994974874371859,46.097628199961036,8,200
5.0276520864756156e-05,0.1,0.5,0.5,0.1,0.45,1,19889,1,9,0.1,5.0276520864756156e-05,0.9994974874371859,46.097628199961036,8,200
5.0276520864756156e-05,0.1,0.5,0.5,0.1,0.5,1,19889,1,9,0.1,5.0276520864756156e-05,0.9994974874371859,46.097628199961036,8,200
0.00010055304172951231,0.1,0.6666666666666666,0.3333333333333333,0.1,0.55,1,19888,2,9,0.1,0.00010055304172951231,0.9994472361809045,46.097628199961036,8,200
0.00010055304172951231,0.1,0.6666666666666666,0.3333333333333333,0.1,0.6,1,19888,2,9,0.1,0.00010055304172951231,0.9994472361809045,46.097628199961036,8,200
0.00010055304172951231,0.1,0.6666666666666666,0.3333333333333333,0.1,0.65,1,19888,2,9,0.1,0.00010055304172951231,0.9994472361809045,46.097628199961036,8,200
0.00015082956259426848,0.1,0.75,0.25,0.1,0.7,1,19887,3,9,0.1,0.00015082956259426848,0.9993969849246231,46.097628199961036,8,200
0.00015082956259426848,0.1,0.75,0.25,0.1,0.75,1,19887,3,9,0.1,0.00015082956259426848,0.9993969849246231,46.097628199961036,8,200
0.00020110608345902463,0.1,0.8,0.2,0.1,0.8,1,19886,4,9,0.1,0.00020110608345902463,0.9993467336683417,46.097628199961036,8,200
0.0005530417295123177,0.1,0.9166666666666666,0.08333333333333333,0.1,0.85,1,19879,11,9,0.1,0.0005530417295123177,0.9989949748743718,46.097628199961036,8,200
0.0036701860231271996,0.2,0.9733333333333334,0.02666666666666667,0.2,0.9,2,19817,73,8,0.2,0.0036701860231271996,0.995929648241206,46.097628199961036,8,200
0.006787330316742082,0.2,0.9854014598540146,0.014598540145985401,0.2,0.95,2,19755,135,8,0.2,0.006787330316742082,0.9928140703517588,46.097628199961036,8,200
0.9524384112619406,1.0,0.9994724068798143,0.0005275931201857128,1.0,1.0,10,946,18944,0,1.0,0.9524384112619406,0.048040201005025124,46.097628199961036,8,200
0.0,0.1,0.0,1.0,0.1,0.05,1,19890,0,9,0.1,0.0,0.9995477386934674,46.014991000061855,9,200
0.0,0.1,0.0,1.0,0.1,0.1,1,19890,0,9,0.1,0.0,0.9995477386934674,46.014991000061855,9,200
0.0,0.1,0.0,1.0,0.1,0.15,1,19890,0,9,0.1,0.0,0.9995477386934674,46.014991000061855,9,200
0.0,0.1,0.0,1.0,0.1,0.2,1,19890,0,9,0.1,0.0,0.9995477386934674,46.014991000061855,9,200
0.0,0.1,0.0,1.0,0.1,0.25,1,19890,0,9,0.1,0.0,0.9995477386934674,46.014991000061855,9,200
0.0,0.1,0.0,1.0,0.1,0.3,1,19890,0,9,0.1,0.0,0.9995477386934674,46.014991000061855,9,200
0.0,0.1,0.0,1.0,0.1,0.35,1,19890,0,9,0.1,0.0,0.9995477386934674,46.014991000061855,9,200
0.0,0.1,0.0,1.0,0.1,0.4,1,19890,0,9,0.1,0.0,0.9995477386934674,46.014991000061855,9,200
0.0,0.1,0.0,1.0,0.1,0.45,1,19890,0,9,0.1,0.0,0.9995477386934674,46.014991000061855,9,200
0.0,0.1,0.0,1.0,0.1,0.5,1,19890,0,9,0.1,0.0,0.9995477386934674,46.014991000061855,9,200
0.0,0.1,0.0,1.0,0.1,0.55,1,19890,0,9,0.1,0.0,0.9995477386934674,46.014991000061855,9,200
0.0,0.1,0.0,1.0,0.1,0.6,1,19890,0,9,0.1,0.0,0.9995477386934674,46.014991000061855,9,200
0.0,0.1,0.0,1.0,0.1,0.65,1,19890,0,9,0.1,0.0,0.9995477386934674,46.014991000061855,9,200
0.0,0.1,0.0,1.0,0.1,0.7,1,19890,0,9,0.1,0.0,0.9995477386934674,46.014991000061855,9,200
0.0,0.1,0.0,1.0,0.1,0.75,1,19890,0,9,0.1,0.0,0.9995477386934674,46.014991000061855,9,200
0.0,0.1,0.0,1.0,0.1,0.8,1,19890,0,9,0.1,0.0,0.9995477386934674,46.014991000061855,9,200
0.00025138260432378077,0.1,0.8333333333333334,0.16666666666666666,0.1,0.85,1,19885,5,9,0.1,0.00025138260432378077,0.9992964824120603,46.014991000061855,9,200
0.00025138260432378077,0.1,0.8333333333333334,0.16666666666666666,0.1,0.9,1,19885,5,9,0.1,0.00025138260432378077,0.9992964824120603,46.014991000061855,9,200
0.002815485168426345,0.2,0.9655172413793104,0.034482758620689655,0.2,0.95,2,19834,56,8,0.2,0.002815485168426345,0.99678391959799,46.014991000061855,9,200
0.9987430869783811,1.0,0.9994968553459119,0.0005031446540880503,1.0,1.0,10,25,19865,0,1.0,0.9987430869783811,0.0017587939698492463,46.014991000061855,9,200
0.0,0.0,0.0,,0.0,0.05,0,19890,0,10,0.0,0.0,0.9994974874371859,45.19403679994866,10,200
0.0,0.0,0.0,,0.0,0.1,0,19890,0,10,0.0,0.0,0.9994974874371859,45.19403679994866,10,200
0.0,0.0,0.0,,0.0,0.15,0,19890,0,10,0.0,0.0,0.9994974874371859,45.19403679994866,10,200
0.0,0.0,0.0,,0.0,0.2,0,19890,0,10,0.0,0.0,0.9994974874371859,45.19403679994866,10,200
0.0,0.0,0.0,,0.0,0.25,0,19890,0,10,0.0,0.0,0.9994974874371859,45.19403679994866,10,200
0.0,0.0,0.0,,0.0,0.3,0,19890,0,10,0.0,0.0,0.9994974874371859,45.19403679994866,10,200
0.0,0.0,0.0,,0.0,0.35,0,19890,0,10,0.0,0.0,0.9994974874371859,45.19403679994866,10,200
0.0,0.0,0.0,,0.0,0.4,0,19890,0,10,0.0,0.0,0.9994974874371859,45.19403679994866,10,200
0.0,0.0,0.0,,0.0,0.45,0,19890,0,10,0.0,0.0,0.9994974874371859,45.19403679994866,10,200
0.00015082956259426848,0.0,1.0,0.0,0.0,0.5,0,19887,3,10,0.0,0.00015082956259426848,0.9993467336683417,45.19403679994866,10,200
0.00015082956259426848,0.0,1.0,0.0,0.0,0.55,0,19887,3,10,0.0,0.00015082956259426848,0.9993467336683417,45.19403679994866,10,200
0.00030165912518853697,0.0,1.0,0.0,0.0,0.6,0,19884,6,10,0.0,0.00030165912518853697,0.9991959798994975,45.19403679994866,10,200
0.00030165912518853697,0.0,1.0,0.0,0.0,0.65,0,19884,6,10,0.0,0.00030165912518853697,0.9991959798994975,45.19403679994866,10,200
0.0003519356460532931,0.0,1.0,0.0,0.0,0.7,0,19883,7,10,0.0,0.0003519356460532931,0.999145728643216,45.19403679994866,10,200
0.0003519356460532931,0.0,1.0,0.0,0.0,0.75,0,19883,7,10,0.0,0.0003519356460532931,0.999145728643216,45.19403679994866,10,200
0.0003519356460532931,0.0,1.0,0.0,0.0,0.8,0,19883,7,10,0.0,0.0003519356460532931,0.999145728643216,45.19403679994866,10,200
0.0003519356460532931,0.0,1.0,0.0,0.0,0.85,0,19883,7,10,0.0,0.0003519356460532931,0.999145728643216,45.19403679994866,10,200
0.0175465057817999,0.2,0.9943019943019943,0.005698005698005698,0.2,0.9,2,19541,349,8,0.2,0.0175465057817999,0.9820603015075376,45.19403679994866,10,200
0.02895927601809955,0.3,0.9948186528497409,0.0051813471502590676,0.3,0.95,3,19314,576,7,0.3,0.02895927601809955,0.9707035175879397,45.19403679994866,10,200
0.9981900452488688,1.0,0.9994965767217077,0.0005034232782923883,1.0,1.0,10,36,19854,0,1.0,0.9981900452488688,0.0023115577889447235,45.19403679994866,10,200
0.0,0.0,0.0,,0.0,0.05,0,19890,0,10,0.0,0.0,0.9994974874371859,45.562635800102726,11,200
0.0,0.0,0.0,,0.0,0.1,0,19890,0,10,0.0,0.0,0.9994974874371859,45.562635800102726,11,200
0.0,0.0,0.0,,0.0,0.15,0,19890,0,10,0.0,0.0,0.9994974874371859,45.562635800102726,11,200
0.0,0.0,0.0,,0.0,0.2,0,19890,0,10,0.0,0.0,0.9994974874371859,45.562635800102726,11,200
0.0,0.0,0.0,,0.0,0.25,0,19890,0,10,0.0,0.0,0.9994974874371859,45.562635800102726,11,200
0.0,0.0,0.0,,0.0,0.3,0,19890,0,10,0.0,0.0,0.9994974874371859,45.562635800102726,11,200
0.0,0.0,0.0,,0.0,0.35,0,19890,0,10,0.0,0.0,0.9994974874371859,45.562635800102726,11,200
0.0,0.0,0.0,,0.0,0.4,0,19890,0,10,0.0,0.0,0.9994974874371859,45.562635800102726,11,200
0.0,0.0,0.0,,0.0,0.45,0,19890,0,10,0.0,0.0,0.9994974874371859,45.562635800102726,11,200
0.0,0.0,0.0,,0.0,0.5,0,19890,0,10,0.0,0.0,0.9994974874371859,45.562635800102726,11,200
0.0,0.0,0.0,,0.0,0.55,0,19890,0,10,0.0,0.0,0.9994974874371859,45.562635800102726,11,200
0.0,0.0,0.0,,0.0,0.6,0,19890,0,10,0.0,0.0,0.9994974874371859,45.562635800102726,11,200
0.0,0.0,0.0,,0.0,0.65,0,19890,0,10,0.0,0.0,0.9994974874371859,45.562635800102726,11,200
0.0009049773755656109,0.1,0.9473684210526315,0.05263157894736842,0.1,0.7,1,19872,18,9,0.1,0.0009049773755656109,0.998643216080402,45.562635800102726,11,200
0.0015082956259426848,0.1,0.967741935483871,0.03225806451612903,0.1,0.75,1,19860,30,9,0.1,0.0015082956259426848,0.9980402010050251,45.562635800102726,11,200
0.0015082956259426848,0.1,0.967741935483871,0.03225806451612903,0.1,0.8,1,19860,30,9,0.1,0.0015082956259426848,0.9980402010050251,45.562635800102726,11,200
0.001558572146807441,0.1,0.96875,0.03125,0.1,0.85,1,19859,31,9,0.1,0.001558572146807441,0.9979899497487437,45.562635800102726,11,200
0.005731523378582202,0.2,0.9827586206896551,0.017241379310344827,0.2,0.9,2,19776,114,8,0.2,0.005731523378582202,0.9938693467336683,45.562635800102726,11,200
0.07898441427853192,0.5,0.9968274111675127,0.0031725888324873096,0.5,0.95,5,18319,1571,5,0.5,0.07898441427853192,0.9208040201005026,45.562635800102726,11,200
0.9981900452488688,1.0,0.9994965767217077,0.0005034232782923883,1.0,1.0,10,36,19854,0,1.0,0.9981900452488688,0.0023115577889447235,45.562635800102726,11,200
0.0,0.1,0.0,1.0,0.1,0.05,1,19890,0,9,0.1,0.0,0.9995477386934674,45.399834600044414,12,200
0.00010055304172951231,0.1,0.6666666666666666,0.3333333333333333,0.1,0.1,1,19888,2,9,0.1,0.00010055304172951231,0.9994472361809045,45.399834600044414,12,200
0.00040221216691804925,0.1,0.8888888888888888,0.1111111111111111,0.1,0.15,1,19882,8,9,0.1,0.00040221216691804925,0.999145728643216,45.399834600044414,12,200
0.00045248868778280545,0.1,0.9,0.1,0.1,0.2,1,19881,9,9,0.1,0.00045248868778280545,0.9990954773869347,45.399834600044414,12,200
0.00045248868778280545,0.1,0.9,0.1,0.1,0.25,1,19881,9,9,0.1,0.00045248868778280545,0.9990954773869347,45.399834600044414,12,200
0.00045248868778280545,0.1,0.9,0.1,0.1,0.3,1,19881,9,9,0.1,0.00045248868778280545,0.9990954773869347,45.399834600044414,12,200
0.00045248868778280545,0.1,0.9,0.1,0.1,0.35,1,19881,9,9,0.1,0.00045248868778280545,0.9990954773869347,45.399834600044414,12,200
0.0005027652086475615,0.1,0.9090909090909091,0.09090909090909091,0.1,0.4,1,19880,10,9,0.1,0.0005027652086475615,0.9990452261306533,45.399834600044414,12,200
0.0005530417295123177,0.1,0.9166666666666666,0.08333333333333333,0.1,0.45,1,19879,11,9,0.1,0.0005530417295123177,0.9989949748743718,45.399834600044414,12,200
0.0007038712921065862,0.1,0.9333333333333333,0.06666666666666667,0.1,0.5,1,19876,14,9,0.1,0.0007038712921065862,0.9988442211055276,45.399834600044414,12,200
0.0007038712921065862,0.1,0.9333333333333333,0.06666666666666667,0.1,0.55,1,19876,14,9,0.1,0.0007038712921065862,0.9988442211055276,45.399834600044414,12,200
0.0009049773755656109,0.1,0.9473684210526315,0.05263157894736842,0.1,0.6,1,19872,18,9,0.1,0.0009049773755656109,0.998643216080402,45.399834600044414,12,200
0.001005530417295123,0.1,0.9523809523809523,0.047619047619047616,0.1,0.65,1,19870,20,9,0.1,0.001005530417295123,0.9985427135678392,45.399834600044414,12,200
0.001005530417295123,0.1,0.9523809523809523,0.047619047619047616,0.1,0.7,1,19870,20,9,0.1,0.001005530417295123,0.9985427135678392,45.399834600044414,12,200
0.0017094017094017094,0.1,0.9714285714285714,0.02857142857142857,0.1,0.75,1,19856,34,9,0.1,0.0017094017094017094,0.9978391959798995,45.399834600044414,12,200
0.0018602312719959778,0.1,0.9736842105263158,0.02631578947368421,0.1,0.8,1,19853,37,9,0.1,0.0018602312719959778,0.9976884422110552,45.399834600044414,12,200
0.002212166918049271,0.2,0.9565217391304348,0.043478260869565216,0.2,0.85,2,19846,44,8,0.2,0.002212166918049271,0.9973869346733668,45.399834600044414,12,200
0.0032679738562091504,0.2,0.9701492537313433,0.029850746268656716,0.2,0.9,2,19825,65,8,0.2,0.0032679738562091504,0.9963316582914573,45.399834600044414,12,200
0.005077928607340372,0.3,0.9711538461538461,0.028846153846153848,0.3,0.95,3,19789,101,7,0.3,0.005077928607340372,0.9945728643216081,45.399834600044414,12,200
0.9931121166415284,1.0,0.9994940039467692,0.0005059960532307848,1.0,1.0,10,137,19753,0,1.0,0.9931121166415284,0.007386934673366834,45.399834600044414,12,200
0.0,0.0,0.0,,0.0,0.05,0,19890,0,10,0.0,0.0,0.9994974874371859,45.32323380000889,13,200
0.0,0.0,0.0,,0.0,0.1,0,19890,0,10,0.0,0.0,0.9994974874371859,45.32323380000889,13,200
0.0,0.0,0.0,,0.0,0.15,0,19890,0,10,0.0,0.0,0.9994974874371859,45.32323380000889,13,200
0.0,0.0,0.0,,0.0,0.2,0,19890,0,10,0.0,0.0,0.9994974874371859,45.32323380000889,13,200
0.0,0.0,0.0,,0.0,0.25,0,19890,0,10,0.0,0.0,0.9994974874371859,45.32323380000889,13,200
0.0,0.0,0.0,,0.0,0.3,0,19890,0,10,0.0,0.0,0.9994974874371859,45.32323380000889,13,200
0.0,0.0,0.0,,0.0,0.35,0,19890,0,10,0.0,0.0,0.9994974874371859,45.32323380000889,13,200
0.00015082956259426848,0.0,1.0,0.0,0.0,0.4,0,19887,3,10,0.0,0.00015082956259426848,0.9993467336683417,45.32323380000889,13,200
0.00015082956259426848,0.0,1.0,0.0,0.0,0.45,0,19887,3,10,0.0,0.00015082956259426848,0.9993467336683417,45.32323380000889,13,200
0.00020110608345902463,0.0,1.0,0.0,0.0,0.5,0,19886,4,10,0.0,0.00020110608345902463,0.9992964824120603,45.32323380000889,13,200
0.00025138260432378077,0.0,1.0,0.0,0.0,0.55,0,19885,5,10,0.0,0.00025138260432378077,0.9992462311557789,45.32323380000889,13,200
0.00025138260432378077,0.0,1.0,0.0,0.0,0.6,0,19885,5,10,0.0,0.00025138260432378077,0.9992462311557789,45.32323380000889,13,200
0.00025138260432378077,0.0,1.0,0.0,0.0,0.65,0,19885,5,10,0.0,0.00025138260432378077,0.9992462311557789,45.32323380000889,13,200
0.00030165912518853697,0.0,1.0,0.0,0.0,0.7,0,19884,6,10,0.0,0.00030165912518853697,0.9991959798994975,45.32323380000889,13,200
0.0005027652086475615,0.0,1.0,0.0,0.0,0.75,0,19880,10,10,0.0,0.0005027652086475615,0.9989949748743718,45.32323380000889,13,200
0.0008547008547008547,0.0,1.0,0.0,0.0,0.8,0,19873,17,10,0.0,0.0008547008547008547,0.998643216080402,45.32323380000889,13,200
0.0008547008547008547,0.0,1.0,0.0,0.0,0.85,0,19873,17,10,0.0,0.0008547008547008547,0.998643216080402,45.32323380000889,13,200
0.0009049773755656109,0.0,1.0,0.0,0.0,0.9,0,19872,18,10,0.0,0.0009049773755656109,0.9985929648241206,45.32323380000889,13,200
0.005329311211664153,0.1,0.9906542056074766,0.009345794392523364,0.1,0.95,1,19784,106,9,0.1,0.005329311211664153,0.9942211055276382,45.32323380000889,13,200
0.9966314731020613,1.0,0.9994957898452075,0.0005042101547925175,1.0,1.0,10,67,19823,0,1.0,0.9966314731020613,0.003869346733668342,45.32323380000889,13,200
0.0,0.0,0.0,,0.0,0.05,0,19890,0,10,0.0,0.0,0.9994974874371859,45.297053599962965,14,200
5.0276520864756156e-05,0.0,1.0,0.0,0.0,0.1,0,19889,1,10,0.0,5.0276520864756156e-05,0.9994472361809045,45.297053599962965,14,200
5.0276520864756156e-05,0.0,1.0,0.0,0.0,0.15,0,19889,1,10,0.0,5.0276520864756156e-05,0.9994472361809045,45.297053599962965,14,200
5.0276520864756156e-05,0.0,1.0,0.0,0.0,0.2,0,19889,1,10,0.0,5.0276520864756156e-05,0.9994472361809045,45.297053599962965,14,200
5.0276520864756156e-05,0.0,1.0,0.0,0.0,0.25,0,19889,1,10,0.0,5.0276520864756156e-05,0.9994472361809045,45.297053599962965,14,200
5.0276520864756156e-05,0.0,1.0,0.0,0.0,0.3,0,19889,1,10,0.0,5.0276520864756156e-05,0.9994472361809045,45.297053599962965,14,200
5.0276520864756156e-05,0.0,1.0,0.0,0.0,0.35,0,19889,1,10,0.0,5.0276520864756156e-05,0.9994472361809045,45.297053599962965,14,200
0.00010055304172951231,0.0,1.0,0.0,0.0,0.4,0,19888,2,10,0.0,0.00010055304172951231,0.9993969849246231,45.297053599962965,14,200
0.00010055304172951231,0.0,1.0,0.0,0.0,0.45,0,19888,2,10,0.0,0.00010055304172951231,0.9993969849246231,45.297053599962965,14,200
0.00010055304172951231,0.0,1.0,0.0,0.0,0.5,0,19888,2,10,0.0,0.00010055304172951231,0.9993969849246231,45.297053599962965,14,200
0.00010055304172951231,0.0,1.0,0.0,0.0,0.55,0,19888,2,10,0.0,0.00010055304172951231,0.9993969849246231,45.297053599962965,14,200
0.00010055304172951231,0.0,1.0,0.0,0.0,0.6,0,19888,2,10,0.0,0.00010055304172951231,0.9993969849246231,45.297053599962965,14,200
0.00010055304172951231,0.0,1.0,0.0,0.0,0.65,0,19888,2,10,0.0,0.00010055304172951231,0.9993969849246231,45.297053599962965,14,200
0.00010055304172951231,0.0,1.0,0.0,0.0,0.7,0,19888,2,10,0.0,0.00010055304172951231,0.9993969849246231,45.297053599962965,14,200
0.00010055304172951231,0.0,1.0,0.0,0.0,0.75,0,19888,2,10,0.0,0.00010055304172951231,0.9993969849246231,45.297053599962965,14,200
0.00010055304172951231,0.0,1.0,0.0,0.0,0.8,0,19888,2,10,0.0,0.00010055304172951231,0.9993969849246231,45.297053599962965,14,200
0.00010055304172951231,0.0,1.0,0.0,0.0,0.85,0,19888,2,10,0.0,0.00010055304172951231,0.9993969849246231,45.297053599962965,14,200
0.00020110608345902463,0.0,1.0,0.0,0.0,0.9,0,19886,4,10,0.0,0.00020110608345902463,0.9992964824120603,45.297053599962965,14,200
0.00020110608345902463,0.0,1.0,0.0,0.0,0.95,0,19886,4,10,0.0,0.00020110608345902463,0.9992964824120603,45.297053599962965,14,200
0.9981900452488688,1.0,0.9994965767217077,0.0005034232782923883,1.0,1.0,10,36,19854,0,1.0,0.9981900452488688,0.0023115577889447235,45.297053599962965,14,200
0.0,0.0,0.0,,0.0,0.05,0,19890,0,10,0.0,0.0,0.9994974874371859,45.448090699967,15,200
0.0,0.0,0.0,,0.0,0.1,0,19890,0,10,0.0,0.0,0.9994974874371859,45.448090699967,15,200
0.0,0.0,0.0,,0.0,0.15,0,19890,0,10,0.0,0.0,0.9994974874371859,45.448090699967,15,200
5.0276520864756156e-05,0.0,1.0,0.0,0.0,0.2,0,19889,1,10,0.0,5.0276520864756156e-05,0.9994472361809045,45.448090699967,15,200
0.00025138260432378077,0.0,1.0,0.0,0.0,0.25,0,19885,5,10,0.0,0.00025138260432378077,0.9992462311557789,45.448090699967,15,200
0.00025138260432378077,0.0,1.0,0.0,0.0,0.3,0,19885,5,10,0.0,0.00025138260432378077,0.9992462311557789,45.448090699967,15,200
0.00045248868778280545,0.0,1.0,0.0,0.0,0.35,0,19881,9,10,0.0,0.00045248868778280545,0.9990452261306533,45.448090699967,15,200
0.00045248868778280545,0.0,1.0,0.0,0.0,0.4,0,19881,9,10,0.0,0.00045248868778280545,0.9990452261306533,45.448090699967,15,200
0.00045248868778280545,0.0,1.0,0.0,0.0,0.45,0,19881,9,10,0.0,0.00045248868778280545,0.9990452261306533,45.448090699967,15,200
0.0007038712921065862,0.0,1.0,0.0,0.0,0.5,0,19876,14,10,0.0,0.0007038712921065862,0.9987939698492462,45.448090699967,15,200
0.0007038712921065862,0.0,1.0,0.0,0.0,0.55,0,19876,14,10,0.0,0.0007038712921065862,0.9987939698492462,45.448090699967,15,200
0.0007541478129713424,0.0,1.0,0.0,0.0,0.6,0,19875,15,10,0.0,0.0007541478129713424,0.9987437185929648,45.448090699967,15,200
0.0008044243338360985,0.0,1.0,0.0,0.0,0.65,0,19874,16,10,0.0,0.0008044243338360985,0.9986934673366834,45.448090699967,15,200
0.0008044243338360985,0.0,1.0,0.0,0.0,0.7,0,19874,16,10,0.0,0.0008044243338360985,0.9986934673366834,45.448090699967,15,200
0.0011563599798893917,0.0,1.0,0.0,0.0,0.75,0,19867,23,10,0.0,0.0011563599798893917,0.9983417085427135,45.448090699967,15,200
0.0011563599798893917,0.0,1.0,0.0,0.0,0.8,0,19867,23,10,0.0,0.0011563599798893917,0.9983417085427135,45.448090699967,15,200
0.012770236299648064,0.3,0.9883268482490273,0.011673151750972763,0.3,0.85,3,19636,254,7,0.3,0.012770236299648064,0.9868844221105527,45.448090699967,15,200
0.014429361488185018,0.4,0.9862542955326461,0.013745704467353952,0.4,0.9,4,19603,287,6,0.4,0.014429361488185018,0.9852763819095477,45.448090699967,15,200
0.021618903971845148,0.4,0.9907834101382489,0.009216589861751152,0.4,0.95,4,19460,430,6,0.4,0.021618903971845148,0.9780904522613065,45.448090699967,15,200
0.9927099044746104,1.0,0.9994937990382182,0.0005062009617818274,1.0,1.0,10,145,19745,0,1.0,0.9927099044746104,0.007788944723618091,45.448090699967,15,200
5.0276520864756156e-05,0.0,1.0,0.0,0.0,0.05,0,19889,1,10,0.0,5.0276520864756156e-05,0.9994472361809045,45.03762239986099,16,200
5.0276520864756156e-05,0.0,1.0,0.0,0.0,0.1,0,19889,1,10,0.0,5.0276520864756156e-05,0.9994472361809045,45.03762239986099,16,200
5.0276520864756156e-05,0.0,1.0,0.0,0.0,0.15,0,19889,1,10,0.0,5.0276520864756156e-05,0.9994472361809045,45.03762239986099,16,200
5.0276520864756156e-05,0.0,1.0,0.0,0.0,0.2,0,19889,1,10,0.0,5.0276520864756156e-05,0.9994472361809045,45.03762239986099,16,200
5.0276520864756156e-05,0.0,1.0,0.0,0.0,0.25,0,19889,1,10,0.0,5.0276520864756156e-05,0.9994472361809045,45.03762239986099,16,200
5.0276520864756156e-05,0.0,1.0,0.0,0.0,0.3,0,19889,1,10,0.0,5.0276520864756156e-05,0.9994472361809045,45.03762239986099,16,200
5.0276520864756156e-05,0.0,1.0,0.0,0.0,0.35,0,19889,1,10,0.0,5.0276520864756156e-05,0.9994472361809045,45.03762239986099,16,200
5.0276520864756156e-05,0.0,1.0,0.0,0.0,0.4,0,19889,1,10,0.0,5.0276520864756156e-05,0.9994472361809045,45.03762239986099,16,200
5.0276520864756156e-05,0.0,1.0,0.0,0.0,0.45,0,19889,1,10,0.0,5.0276520864756156e-05,0.9994472361809045,45.03762239986099,16,200
5.0276520864756156e-05,0.0,1.0,0.0,0.0,0.5,0,19889,1,10,0.0,5.0276520864756156e-05,0.9994472361809045,45.03762239986099,16,200
5.0276520864756156e-05,0.0,1.0,0.0,0.0,0.55,0,19889,1,10,0.0,5.0276520864756156e-05,0.9994472361809045,45.03762239986099,16,200
0.00020110608345902463,0.0,1.0,0.0,0.0,0.6,0,19886,4,10,0.0,0.00020110608345902463,0.9992964824120603,45.03762239986099,16,200
0.00020110608345902463,0.0,1.0,0.0,0.0,0.65,0,19886,4,10,0.0,0.00020110608345902463,0.9992964824120603,45.03762239986099,16,200
0.00020110608345902463,0.0,1.0,0.0,0.0,0.7,0,19886,4,10,0.0,0.00020110608345902463,0.9992964824120603,45.03762239986099,16,200
0.00020110608345902463,0.0,1.0,0.0,0.0,0.75,0,19886,4,10,0.0,0.00020110608345902463,0.9992964824120603,45.03762239986099,16,200
0.001558572146807441,0.0,1.0,0.0,0.0,0.8,0,19859,31,10,0.0,0.001558572146807441,0.9979396984924623,45.03762239986099,16,200
0.00196078431372549,0.0,1.0,0.0,0.0,0.85,0,19851,39,10,0.0,0.00196078431372549,0.997537688442211,45.03762239986099,16,200
0.004524886877828055,0.0,1.0,0.0,0.0,0.9,0,19800,90,10,0.0,0.004524886877828055,0.9949748743718593,45.03762239986099,16,200
0.03770739064856712,0.5,0.9933774834437086,0.006622516556291391,0.5,0.95,5,19140,750,5,0.5,0.03770739064856712,0.9620603015075377,45.03762239986099,16,200
0.9984414278531926,1.0,0.9994967034073179,0.0005032965926820676,1.0,1.0,10,31,19859,0,1.0,0.9984414278531926,0.0020603015075376886,45.03762239986099,16,200
0.0,0.0,0.0,,0.0,0.05,0,19890,0,10,0.0,0.0,0.9994974874371859,44.6607726002112,17,200
5.0276520864756156e-05,0.0,1.0,0.0,0.0,0.1,0,19889,1,10,0.0,5.0276520864756156e-05,0.9994472361809045,44.6607726002112,17,200
5.0276520864756156e-05,0.0,1.0,0.0,0.0,0.15,0,19889,1,10,0.0,5.0276520864756156e-05,0.9994472361809045,44.6607726002112,17,200
5.0276520864756156e-05,0.0,1.0,0.0,0.0,0.2,0,19889,1,10,0.0,5.0276520864756156e-05,0.9994472361809045,44.6607726002112,17,200
0.00010055304172951231,0.0,1.0,0.0,0.0,0.25,0,19888,2,10,0.0,0.00010055304172951231,0.9993969849246231,44.6607726002112,17,200
0.0006033182503770739,0.0,1.0,0.0,0.0,0.3,0,19878,12,10,0.0,0.0006033182503770739,0.9988944723618091,44.6607726002112,17,200
0.001005530417295123,0.1,0.9523809523809523,0.047619047619047616,0.1,0.35,1,19870,20,9,0.1,0.001005530417295123,0.9985427135678392,44.6607726002112,17,200
0.0012066365007541479,0.1,0.96,0.04,0.1,0.4,1,19866,24,9,0.1,0.0012066365007541479,0.9983417085427135,44.6607726002112,17,200
0.0013574660633484162,0.1,0.9642857142857143,0.03571428571428571,0.1,0.45,1,19863,27,9,0.1,0.0013574660633484162,0.9981909547738693,44.6607726002112,17,200
0.0018099547511312218,0.1,0.972972972972973,0.02702702702702703,0.1,0.5,1,19854,36,9,0.1,0.0018099547511312218,0.9977386934673367,44.6607726002112,17,200
0.002765208647561589,0.2,0.9649122807017544,0.03508771929824561,0.2,0.55,2,19835,55,8,0.2,0.002765208647561589,0.9968341708542714,44.6607726002112,17,200
0.0030165912518853697,0.2,0.967741935483871,0.03225806451612903,0.2,0.6,2,19830,60,8,0.2,0.0030165912518853697,0.9965829145728643,44.6607726002112,17,200
0.004474610356963298,0.2,0.978021978021978,0.02197802197802198,0.2,0.65,2,19801,89,8,0.2,0.004474610356963298,0.9951256281407035,44.6607726002112,17,200
0.007993966817496229,0.2,0.9875776397515528,0.012422360248447204,0.2,0.7,2,19731,159,8,0.2,0.007993966817496229,0.991608040201005,44.6607726002112,17,200
0.014731020613373554,0.3,0.9898648648648649,0.010135135135135136,0.3,0.75,3,19597,293,7,0.3,0.014731020613373554,0.9849246231155779,44.6607726002112,17,200
0.02031171442936149,0.3,0.9926289926289926,0.007371007371007371,0.3,0.8,3,19486,404,7,0.3,0.02031171442936149,0.9793467336683417,44.6607726002112,17,200
0.0314228255404726,0.4,0.9936406995230525,0.006359300476947536,0.4,0.85,4,19265,625,6,0.4,0.0314228255404726,0.9682914572864322,44.6607726002112,17,200
0.045098039215686274,0.5,0.9944567627494457,0.005543237250554324,0.5,0.9,5,18993,897,5,0.5,0.045098039215686274,0.9546733668341708,44.6607726002112,17,200
0.06365007541478129,0.5,0.996066089693155,0.003933910306845004,0.5,0.95,5,18624,1266,5,0.5,0.06365007541478129,0.9361306532663317,44.6607726002112,17,200
0.7369029663147311,1.0,0.9993181973136974,0.000681802686302584,1.0,1.0,10,5233,14657,0,1.0,0.7369029663147311,0.2634673366834171,44.6607726002112,17,200
5.0276520864756156e-05,0.0,1.0,0.0,0.0,0.05,0,19889,1,10,0.0,5.0276520864756156e-05,0.9994472361809045,44.74799220007844,18,200
5.0276520864756156e-05,0.0,1.0,0.0,0.0,0.1,0,19889,1,10,0.0,5.0276520864756156e-05,0.9994472361809045,44.74799220007844,18,200
5.0276520864756156e-05,0.0,1.0,0.0,0.0,0.15,0,19889,1,10,0.0,5.0276520864756156e-05,0.9994472361809045,44.74799220007844,18,200
0.00010055304172951231,0.0,1.0,0.0,0.0,0.2,0,19888,2,10,0.0,0.00010055304172951231,0.9993969849246231,44.74799220007844,18,200
0.00030165912518853697,0.0,1.0,0.0,0.0,0.25,0,19884,6,10,0.0,0.00030165912518853697,0.9991959798994975,44.74799220007844,18,200
0.0003519356460532931,0.0,1.0,0.0,0.0,0.3,0,19883,7,10,0.0,0.0003519356460532931,0.999145728643216,44.74799220007844,18,200
0.0003519356460532931,0.0,1.0,0.0,0.0,0.35,0,19883,7,10,0.0,0.0003519356460532931,0.999145728643216,44.74799220007844,18,200
0.00045248868778280545,0.0,1.0,0.0,0.0,0.4,0,19881,9,10,0.0,0.00045248868778280545,0.9990452261306533,44.74799220007844,18,200
0.00045248868778280545,0.0,1.0,0.0,0.0,0.45,0,19881,9,10,0.0,0.00045248868778280545,0.9990452261306533,44.74799220007844,18,200
0.00065359477124183,0.0,1.0,0.0,0.0,0.5,0,19877,13,10,0.0,0.00065359477124183,0.9988442211055276,44.74799220007844,18,200
0.0009049773755656109,0.1,0.9473684210526315,0.05263157894736842,0.1,0.55,1,19872,18,9,0.1,0.0009049773755656109,0.998643216080402,44.74799220007844,18,200
0.0009049773755656109,0.1,0.9473684210526315,0.05263157894736842,0.1,0.6,1,19872,18,9,0.1,0.0009049773755656109,0.998643216080402,44.74799220007844,18,200
0.0017094017094017094,0.1,0.9714285714285714,0.02857142857142857,0.1,0.65,1,19856,34,9,0.1,0.0017094017094017094,0.9978391959798995,44.74799220007844,18,200
0.002161890397184515,0.1,0.9772727272727273,0.022727272727272728,0.1,0.7,1,19847,43,9,0.1,0.002161890397184515,0.9973869346733668,44.74799220007844,18,200
0.006083459024635495,0.3,0.9758064516129032,0.024193548387096774,0.3,0.75,3,19769,121,7,0.3,0.006083459024635495,0.9935678391959799,44.74799220007844,18,200
0.011211664152840623,0.3,0.9867256637168141,0.01327433628318584,0.3,0.8,3,19667,223,7,0.3,0.011211664152840623,0.9884422110552764,44.74799220007844,18,200
0.015535444947209653,0.3,0.9903846153846154,0.009615384615384616,0.3,0.85,3,19581,309,7,0.3,0.015535444947209653,0.9841206030150754,44.74799220007844,18,200
0.031825037707390647,0.3,0.9952830188679245,0.0047169811320754715,0.3,0.9,3,19257,633,7,0.3,0.031825037707390647,0.9678391959798995,44.74799220007844,18,200
0.12760180995475112,0.7,0.9972495088408644,0.00275049115913556,0.7,0.95,7,17352,2538,3,0.7,0.12760180995475112,0.8723115577889448,44.74799220007844,18,200
0.8199597787833082,1.0,0.9993872173540045,0.0006127826459954654,1.0,1.0,10,3581,16309,0,1.0,0.8199597787833082,0.18045226130653266,44.74799220007844,18,200
0.0,0.0,0.0,,0.0,0.05,0,19890,0,10,0.0,0.0,0.9994974874371859,45.113838099874556,19,200
0.0,0.0,0.0,,0.0,0.1,0,19890,0,10,0.0,0.0,0.9994974874371859,45.113838099874556,19,200
0.0,0.0,0.0,,0.0,0.15,0,19890,0,10,0.0,0.0,0.9994974874371859,45.113838099874556,19,200
0.0,0.0,0.0,,0.0,0.2,0,19890,0,10,0.0,0.0,0.9994974874371859,45.113838099874556,19,200
0.0,0.0,0.0,,0.0,0.25,0,19890,0,10,0.0,0.0,0.9994974874371859,45.113838099874556,19,200
0.0,0.0,0.0,,0.0,0.3,0,19890,0,10,0.0,0.0,0.9994974874371859,45.113838099874556,19,200
5.0276520864756156e-05,0.0,1.0,0.0,0.0,0.35,0,19889,1,10,0.0,5.0276520864756156e-05,0.9994472361809045,45.113838099874556,19,200
5.0276520864756156e-05,0.0,1.0,0.0,0.0,0.4,0,19889,1,10,0.0,5.0276520864756156e-05,0.9994472361809045,45.113838099874556,19,200
0.00015082956259426848,0.0,1.0,0.0,0.0,0.45,0,19887,3,10,0.0,0.00015082956259426848,0.9993467336683417,45.113838099874556,19,200
0.00015082956259426848,0.0,1.0,0.0,0.0,0.5,0,19887,3,10,0.0,0.00015082956259426848,0.9993467336683417,45.113838099874556,19,200
0.00020110608345902463,0.0,1.0,0.0,0.0,0.55,0,19886,4,10,0.0,0.00020110608345902463,0.9992964824120603,45.113838099874556,19,200
0.0005530417295123177,0.1,0.9166666666666666,0.08333333333333333,0.1,0.6,1,19879,11,9,0.1,0.0005530417295123177,0.9989949748743718,45.113838099874556,19,200
0.0005530417295123177,0.1,0.9166666666666666,0.08333333333333333,0.1,0.65,1,19879,11,9,0.1,0.0005530417295123177,0.9989949748743718,45.113838099874556,19,200
0.0009049773755656109,0.2,0.9,0.1,0.2,0.7,2,19872,18,8,0.2,0.0009049773755656109,0.9986934673366834,45.113838099874556,19,200
0.0010558069381598793,0.2,0.9130434782608695,0.08695652173913043,0.2,0.75,2,19869,21,8,0.2,0.0010558069381598793,0.9985427135678392,45.113838099874556,19,200
0.0010558069381598793,0.2,0.9130434782608695,0.08695652173913043,0.2,0.8,2,19869,21,8,0.2,0.0010558069381598793,0.9985427135678392,45.113838099874556,19,200
0.0011563599798893917,0.2,0.92,0.08,0.2,0.85,2,19867,23,8,0.2,0.0011563599798893917,0.9984422110552764,45.113838099874556,19,200
0.003117144293614882,0.3,0.9538461538461539,0.046153846153846156,0.3,0.9,3,19828,62,7,0.3,0.003117144293614882,0.996532663316583,45.113838099874556,19,200
0.004122674710910005,0.3,0.9647058823529412,0.03529411764705882,0.3,0.95,3,19808,82,7,0.3,0.004122674710910005,0.9955276381909548,45.113838099874556,19,200
0.9981900452488688,1.0,0.9994965767217077,0.0005034232782923883,1.0,1.0,10,36,19854,0,1.0,0.9981900452488688,0.0023115577889447235,45.113838099874556,19,200
5.0276520864756156e-05,0.0,1.0,0.0,0.0,0.05,0,19889,1,10,0.0,5.0276520864756156e-05,0.9994472361809045,45.39076619991101,20,200
5.0276520864756156e-05,0.0,1.0,0.0,0.0,0.1,0,19889,1,10,0.0,5.0276520864756156e-05,0.9994472361809045,45.39076619991101,20,200
5.0276520864756156e-05,0.0,1.0,0.0,0.0,0.15,0,19889,1,10,0.0,5.0276520864756156e-05,0.9994472361809045,45.39076619991101,20,200
5.0276520864756156e-05,0.0,1.0,0.0,0.0,0.2,0,19889,1,10,0.0,5.0276520864756156e-05,0.9994472361809045,45.39076619991101,20,200
5.0276520864756156e-05,0.0,1.0,0.0,0.0,0.25,0,19889,1,10,0.0,5.0276520864756156e-05,0.9994472361809045,45.39076619991101,20,200
5.0276520864756156e-05,0.0,1.0,0.0,0.0,0.3,0,19889,1,10,0.0,5.0276520864756156e-05,0.9994472361809045,45.39076619991101,20,200
0.00030165912518853697,0.1,0.8571428571428571,0.14285714285714285,0.1,0.35,1,19884,6,9,0.1,0.00030165912518853697,0.9992462311557789,45.39076619991101,20,200
0.0003519356460532931,0.1,0.875,0.125,0.1,0.4,1,19883,7,9,0.1,0.0003519356460532931,0.9991959798994975,45.39076619991101,20,200
0.00040221216691804925,0.1,0.8888888888888888,0.1111111111111111,0.1,0.45,1,19882,8,9,0.1,0.00040221216691804925,0.999145728643216,45.39076619991101,20,200
0.00040221216691804925,0.1,0.8888888888888888,0.1111111111111111,0.1,0.5,1,19882,8,9,0.1,0.00040221216691804925,0.999145728643216,45.39076619991101,20,200
0.00045248868778280545,0.1,0.9,0.1,0.1,0.55,1,19881,9,9,0.1,0.00045248868778280545,0.9990954773869347,45.39076619991101,20,200
0.00045248868778280545,0.1,0.9,0.1,0.1,0.6,1,19881,9,9,0.1,0.00045248868778280545,0.9990954773869347,45.39076619991101,20,200
0.00045248868778280545,0.1,0.9,0.1,0.1,0.65,1,19881,9,9,0.1,0.00045248868778280545,0.9990954773869347,45.39076619991101,20,200
0.0005027652086475615,0.1,0.9090909090909091,0.09090909090909091,0.1,0.7,1,19880,10,9,0.1,0.0005027652086475615,0.9990452261306533,45.39076619991101,20,200
0.0007038712921065862,0.1,0.9333333333333333,0.06666666666666667,0.1,0.75,1,19876,14,9,0.1,0.0007038712921065862,0.9988442211055276,45.39076619991101,20,200
0.0008044243338360985,0.1,0.9411764705882353,0.058823529411764705,0.1,0.8,1,19874,16,9,0.1,0.0008044243338360985,0.9987437185929648,45.39076619991101,20,200
0.0008044243338360985,0.1,0.9411764705882353,0.058823529411764705,0.1,0.85,1,19874,16,9,0.1,0.0008044243338360985,0.9987437185929648,45.39076619991101,20,200
0.000955253896430367,0.1,0.95,0.05,0.1,0.9,1,19871,19,9,0.1,0.000955253896430367,0.9985929648241206,45.39076619991101,20,200
0.000955253896430367,0.1,0.95,0.05,0.1,0.95,1,19871,19,9,0.1,0.000955253896430367,0.9985929648241206,45.39076619991101,20,200
0.9967320261437909,1.0,0.9994958406856567,0.0005041593143433325,1.0,1.0,10,65,19825,0,1.0,0.9967320261437909,0.0037688442211055275,45.39076619991101,20,200
0.0,0.0,0.0,,0.0,0.05,0,19890,0,10,0.0,0.0,0.9994974874371859,45.294743300182745,21,200
0.0,0.0,0.0,,0.0,0.1,0,19890,0,10,0.0,0.0,0.9994974874371859,45.294743300182745,21,200
0.0,0.0,0.0,,0.0,0.15,0,19890,0,10,0.0,0.0,0.9994974874371859,45.294743300182745,21,200
0.0,0.0,0.0,,0.0,0.2,0,19890,0,10,0.0,0.0,0.9994974874371859,45.294743300182745,21,200
0.0,0.0,0.0,,0.0,0.25,0,19890,0,10,0.0,0.0,0.9994974874371859,45.294743300182745,21,200
0.0,0.0,0.0,,0.0,0.3,0,19890,0,10,0.0,0.0,0.9994974874371859,45.294743300182745,21,200
0.0,0.0,0.0,,0.0,0.35,0,19890,0,10,0.0,0.0,0.9994974874371859,45.294743300182745,21,200
0.0,0.0,0.0,,0.0,0.4,0,19890,0,10,0.0,0.0,0.9994974874371859,45.294743300182745,21,200
0.0,0.0,0.0,,0.0,0.45,0,19890,0,10,0.0,0.0,0.9994974874371859,45.294743300182745,21,200
0.0,0.0,0.0,,0.0,0.5,0,19890,0,10,0.0,0.0,0.9994974874371859,45.294743300182745,21,200
0.0003519356460532931,0.0,1.0,0.0,0.0,0.55,0,19883,7,10,0.0,0.0003519356460532931,0.999145728643216,45.294743300182745,21,200
0.0003519356460532931,0.0,1.0,0.0,0.0,0.6,0,19883,7,10,0.0,0.0003519356460532931,0.999145728643216,45.294743300182745,21,200
0.0003519356460532931,0.0,1.0,0.0,0.0,0.65,0,19883,7,10,0.0,0.0003519356460532931,0.999145728643216,45.294743300182745,21,200
0.0003519356460532931,0.0,1.0,0.0,0.0,0.7,0,19883,7,10,0.0,0.0003519356460532931,0.999145728643216,45.294743300182745,21,200
0.0003519356460532931,0.0,1.0,0.0,0.0,0.75,0,19883,7,10,0.0,0.0003519356460532931,0.999145728643216,45.294743300182745,21,200
0.0003519356460532931,0.0,1.0,0.0,0.0,0.8,0,19883,7,10,0.0,0.0003519356460532931,0.999145728643216,45.294743300182745,21,200
0.0003519356460532931,0.0,1.0,0.0,0.0,0.85,0,19883,7,10,0.0,0.0003519356460532931,0.999145728643216,45.294743300182745,21,200
0.0009049773755656109,0.0,1.0,0.0,0.0,0.9,0,19872,18,10,0.0,0.0009049773755656109,0.9985929648241206,45.294743300182745,21,200
0.0010558069381598793,0.0,1.0,0.0,0.0,0.95,0,19869,21,10,0.0,0.0010558069381598793,0.9984422110552764,45.294743300182745,21,200
0.9982403217697335,1.0,0.9994966020639315,0.0005033979360684622,1.0,1.0,10,35,19855,0,1.0,0.9982403217697335,0.0022613065326633165,45.294743300182745,21,200
0.0,0.0,0.0,,0.0,0.05,0,19890,0,10,0.0,0.0,0.9994974874371859,45.79231240018271,22,200
0.0,0.0,0.0,,0.0,0.1,0,19890,0,10,0.0,0.0,0.9994974874371859,45.79231240018271,22,200
0.0,0.0,0.0,,0.0,0.15,0,19890,0,10,0.0,0.0,0.9994974874371859,45.79231240018271,22,200
0.0,0.0,0.0,,0.0,0.2,0,19890,0,10,0.0,0.0,0.9994974874371859,45.79231240018271,22,200
5.0276520864756156e-05,0.0,1.0,0.0,0.0,0.25,0,19889,1,10,0.0,5.0276520864756156e-05,0.9994472361809045,45.79231240018271,22,200
5.0276520864756156e-05,0.0,1.0,0.0,0.0,0.3,0,19889,1,10,0.0,5.0276520864756156e-05,0.9994472361809045,45.79231240018271,22,200
0.00010055304172951231,0.0,1.0,0.0,0.0,0.35,0,19888,2,10,0.0,0.00010055304172951231,0.9993969849246231,45.79231240018271,22,200
0.00015082956259426848,0.0,1.0,0.0,0.0,0.4,0,19887,3,10,0.0,0.00015082956259426848,0.9993467336683417,45.79231240018271,22,200
0.00015082956259426848,0.0,1.0,0.0,0.0,0.45,0,19887,3,10,0.0,0.00015082956259426848,0.9993467336683417,45.79231240018271,22,200
0.00030165912518853697,0.0,1.0,0.0,0.0,0.5,0,19884,6,10,0.0,0.00030165912518853697,0.9991959798994975,45.79231240018271,22,200
0.0008044243338360985,0.0,1.0,0.0,0.0,0.55,0,19874,16,10,0.0,0.0008044243338360985,0.9986934673366834,45.79231240018271,22,200
0.000955253896430367,0.0,1.0,0.0,0.0,0.6,0,19871,19,10,0.0,0.000955253896430367,0.9985427135678392,45.79231240018271,22,200
0.000955253896430367,0.0,1.0,0.0,0.0,0.65,0,19871,19,10,0.0,0.000955253896430367,0.9985427135678392,45.79231240018271,22,200
0.0010558069381598793,0.0,1.0,0.0,0.0,0.7,0,19869,21,10,0.0,0.0010558069381598793,0.9984422110552764,45.79231240018271,22,200
0.0013574660633484162,0.0,1.0,0.0,0.0,0.75,0,19863,27,10,0.0,0.0013574660633484162,0.998140703517588,45.79231240018271,22,200
0.0014077425842131724,0.0,1.0,0.0,0.0,0.8,0,19862,28,10,0.0,0.0014077425842131724,0.9980904522613065,45.79231240018271,22,200
0.0014580191050779286,0.0,1.0,0.0,0.0,0.85,0,19861,29,10,0.0,0.0014580191050779286,0.9980402010050251,45.79231240018271,22,200
0.0014580191050779286,0.0,1.0,0.0,0.0,0.9,0,19861,29,10,0.0,0.0014580191050779286,0.9980402010050251,45.79231240018271,22,200
0.009954751131221719,0.0,1.0,0.0,0.0,0.95,0,19692,198,10,0.0,0.009954751131221719,0.9895477386934673,45.79231240018271,22,200
0.01452991452991453,0.0,1.0,0.0,0.0,1.0,0,19601,289,10,0.0,0.01452991452991453,0.9849748743718593,45.79231240018271,22,200
0.0,0.0,0.0,,0.0,0.05,0,19890,0,10,0.0,0.0,0.9994974874371859,46.665983400074765,23,200
0.0,0.0,0.0,,0.0,0.1,0,19890,0,10,0.0,0.0,0.9994974874371859,46.665983400074765,23,200
0.0,0.0,0.0,,0.0,0.15,0,19890,0,10,0.0,0.0,0.9994974874371859,46.665983400074765,23,200
0.0,0.0,0.0,,0.0,0.2,0,19890,0,10,0.0,0.0,0.9994974874371859,46.665983400074765,23,200
0.00020110608345902463,0.1,0.8,0.2,0.1,0.25,1,19886,4,9,0.1,0.00020110608345902463,0.9993467336683417,46.665983400074765,23,200
0.00020110608345902463,0.1,0.8,0.2,0.1,0.3,1,19886,4,9,0.1,0.00020110608345902463,0.9993467336683417,46.665983400074765,23,200
0.00020110608345902463,0.1,0.8,0.2,0.1,0.35,1,19886,4,9,0.1,0.00020110608345902463,0.9993467336683417,46.665983400074765,23,200
0.00020110608345902463,0.1,0.8,0.2,0.1,0.4,1,19886,4,9,0.1,0.00020110608345902463,0.9993467336683417,46.665983400074765,23,200
0.00020110608345902463,0.1,0.8,0.2,0.1,0.45,1,19886,4,9,0.1,0.00020110608345902463,0.9993467336683417,46.665983400074765,23,200
0.00020110608345902463,0.1,0.8,0.2,0.1,0.5,1,19886,4,9,0.1,0.00020110608345902463,0.9993467336683417,46.665983400074765,23,200
0.00020110608345902463,0.1,0.8,0.2,0.1,0.55,1,19886,4,9,0.1,0.00020110608345902463,0.9993467336683417,46.665983400074765,23,200
0.00020110608345902463,0.1,0.8,0.2,0.1,0.6,1,19886,4,9,0.1,0.00020110608345902463,0.9993467336683417,46.665983400074765,23,200
0.00025138260432378077,0.1,0.8333333333333334,0.16666666666666666,0.1,0.65,1,19885,5,9,0.1,0.00025138260432378077,0.9992964824120603,46.665983400074765,23,200
0.00025138260432378077,0.1,0.8333333333333334,0.16666666666666666,0.1,0.7,1,19885,5,9,0.1,0.00025138260432378077,0.9992964824120603,46.665983400074765,23,200
0.00025138260432378077,0.1,0.8333333333333334,0.16666666666666666,0.1,0.75,1,19885,5,9,0.1,0.00025138260432378077,0.9992964824120603,46.665983400074765,23,200
0.0006033182503770739,0.1,0.9230769230769231,0.07692307692307693,0.1,0.8,1,19878,12,9,0.1,0.0006033182503770739,0.9989447236180905,46.665983400074765,23,200
0.00065359477124183,0.1,0.9285714285714286,0.07142857142857142,0.1,0.85,1,19877,13,9,0.1,0.00065359477124183,0.9988944723618091,46.665983400074765,23,200
0.00065359477124183,0.1,0.9285714285714286,0.07142857142857142,0.1,0.9,1,19877,13,9,0.1,0.00065359477124183,0.9988944723618091,46.665983400074765,23,200
0.00065359477124183,0.1,0.9285714285714286,0.07142857142857142,0.1,0.95,1,19877,13,9,0.1,0.00065359477124183,0.9988944723618091,46.665983400074765,23,200
0.9985922574157868,1.0,0.9994967793880838,0.000503220611916264,1.0,1.0,10,28,19862,0,1.0,0.9985922574157868,0.0019095477386934674,46.665983400074765,23,200
0.0,0.0,0.0,,0.0,0.05,0,19890,0,10,0.0,0.0,0.9994974874371859,47.35669569997117,24,200
0.0,0.0,0.0,,0.0,0.1,0,19890,0,10,0.0,0.0,0.9994974874371859,47.35669569997117,24,200
0.0,0.0,0.0,,0.0,0.15,0,19890,0,10,0.0,0.0,0.9994974874371859,47.35669569997117,24,200
0.0,0.0,0.0,,0.0,0.2,0,19890,0,10,0.0,0.0,0.9994974874371859,47.35669569997117,24,200
0.0,0.0,0.0,,0.0,0.25,0,19890,0,10,0.0,0.0,0.9994974874371859,47.35669569997117,24,200
0.0,0.0,0.0,,0.0,0.3,0,19890,0,10,0.0,0.0,0.9994974874371859,47.35669569997117,24,200
0.0,0.0,0.0,,0.0,0.35,0,19890,0,10,0.0,0.0,0.9994974874371859,47.35669569997117,24,200
0.0,0.0,0.0,,0.0,0.4,0,19890,0,10,0.0,0.0,0.9994974874371859,47.35669569997117,24,200
0.0,0.0,0.0,,0.0,0.45,0,19890,0,10,0.0,0.0,0.9994974874371859,47.35669569997117,24,200
0.0,0.0,0.0,,0.0,0.5,0,19890,0,10,0.0,0.0,0.9994974874371859,47.35669569997117,24,200
0.0,0.0,0.0,,0.0,0.55,0,19890,0,10,0.0,0.0,0.9994974874371859,47.35669569997117,24,200
0.0,0.0,0.0,,0.0,0.6,0,19890,0,10,0.0,0.0,0.9994974874371859,47.35669569997117,24,200
0.0,0.0,0.0,,0.0,0.65,0,19890,0,10,0.0,0.0,0.9994974874371859,47.35669569997117,24,200
0.0,0.0,0.0,,0.0,0.7,0,19890,0,10,0.0,0.0,0.9994974874371859,47.35669569997117,24,200
0.0,0.0,0.0,,0.0,0.75,0,19890,0,10,0.0,0.0,0.9994974874371859,47.35669569997117,24,200
0.0,0.0,0.0,,0.0,0.8,0,19890,0,10,0.0,0.0,0.9994974874371859,47.35669569997117,24,200
0.0,0.0,0.0,,0.0,0.85,0,19890,0,10,0.0,0.0,0.9994974874371859,47.35669569997117,24,200
0.0,0.0,0.0,,0.0,0.9,0,19890,0,10,0.0,0.0,0.9994974874371859,47.35669569997117,24,200
0.0036701860231271996,0.0,1.0,0.0,0.0,0.95,0,19817,73,10,0.0,0.0036701860231271996,0.9958291457286432,47.35669569997117,24,200
0.9927099044746104,1.0,0.9994937990382182,0.0005062009617818274,1.0,1.0,10,145,19745,0,1.0,0.9927099044746104,0.007788944723618091,47.35669569997117,24,200
0.0,0.1,0.0,1.0,0.1,0.05,1,19890,0,9,0.1,0.0,0.9995477386934674,48.01585879991762,25,200
0.0,0.2,0.0,1.0,0.2,0.1,2,19890,0,8,0.2,0.0,0.9995979899497487,48.01585879991762,25,200
0.0,0.2,0.0,1.0,0.2,0.15,2,19890,0,8,0.2,0.0,0.9995979899497487,48.01585879991762,25,200
0.0,0.2,0.0,1.0,0.2,0.2,2,19890,0,8,0.2,0.0,0.9995979899497487,48.01585879991762,25,200
0.0,0.2,0.0,1.0,0.2,0.25,2,19890,0,8,0.2,0.0,0.9995979899497487,48.01585879991762,25,200
0.0,0.2,0.0,1.0,0.2,0.3,2,19890,0,8,0.2,0.0,0.9995979899497487,48.01585879991762,25,200
0.0,0.2,0.0,1.0,0.2,0.35,2,19890,0,8,0.2,0.0,0.9995979899497487,48.01585879991762,25,200
0.0,0.2,0.0,1.0,0.2,0.4,2,19890,0,8,0.2,0.0,0.9995979899497487,48.01585879991762,25,200
0.0,0.2,0.0,1.0,0.2,0.45,2,19890,0,8,0.2,0.0,0.9995979899497487,48.01585879991762,25,200
0.0,0.2,0.0,1.0,0.2,0.5,2,19890,0,8,0.2,0.0,0.9995979899497487,48.01585879991762,25,200
0.0,0.2,0.0,1.0,0.2,0.55,2,19890,0,8,0.2,0.0,0.9995979899497487,48.01585879991762,25,200
0.0,0.2,0.0,1.0,0.2,0.6,2,19890,0,8,0.2,0.0,0.9995979899497487,48.01585879991762,25,200
0.0,0.2,0.0,1.0,0.2,0.65,2,19890,0,8,0.2,0.0,0.9995979899497487,48.01585879991762,25,200
0.0,0.2,0.0,1.0,0.2,0.7,2,19890,0,8,0.2,0.0,0.9995979899497487,48.01585879991762,25,200
0.0,0.2,0.0,1.0,0.2,0.75,2,19890,0,8,0.2,0.0,0.9995979899497487,48.01585879991762,25,200
0.0,0.2,0.0,1.0,0.2,0.8,2,19890,0,8,0.2,0.0,0.9995979899497487,48.01585879991762,25,200
0.0,0.2,0.0,1.0,0.2,0.85,2,19890,0,8,0.2,0.0,0.9995979899497487,48.01585879991762,25,200
0.002513826043237808,0.2,0.9615384615384616,0.038461538461538464,0.2,0.9,2,19840,50,8,0.2,0.002513826043237808,0.9970854271356784,48.01585879991762,25,200
0.0027149321266968325,0.2,0.9642857142857143,0.03571428571428571,0.2,0.95,2,19836,54,8,0.2,0.0027149321266968325,0.9968844221105527,48.01585879991762,25,200
0.9984917043740573,1.0,0.9994967287367891,0.0005032712632108706,1.0,1.0,10,30,19860,0,1.0,0.9984917043740573,0.0020100502512562816,48.01585879991762,25,200
0.0,0.0,0.0,,0.0,0.05,0,19890,0,10,0.0,0.0,0.9994974874371859,56.16115950001404,26,200
0.0,0.0,0.0,,0.0,0.1,0,19890,0,10,0.0,0.0,0.9994974874371859,56.16115950001404,26,200
0.0,0.0,0.0,,0.0,0.15,0,19890,0,10,0.0,0.0,0.9994974874371859,56.16115950001404,26,200
0.0,0.0,0.0,,0.0,0.2,0,19890,0,10,0.0,0.0,0.9994974874371859,56.16115950001404,26,200
0.0,0.0,0.0,,0.0,0.25,0,19890,0,10,0.0,0.0,0.9994974874371859,56.16115950001404,26,200
0.00020110608345902463,0.0,1.0,0.0,0.0,0.3,0,19886,4,10,0.0,0.00020110608345902463,0.9992964824120603,56.16115950001404,26,200
0.00020110608345902463,0.0,1.0,0.0,0.0,0.35,0,19886,4,10,0.0,0.00020110608345902463,0.9992964824120603,56.16115950001404,26,200
0.00020110608345902463,0.0,1.0,0.0,0.0,0.4,0,19886,4,10,0.0,0.00020110608345902463,0.9992964824120603,56.16115950001404,26,200
0.00020110608345902463,0.0,1.0,0.0,0.0,0.45,0,19886,4,10,0.0,0.00020110608345902463,0.9992964824120603,56.16115950001404,26,200
0.00020110608345902463,0.0,1.0,0.0,0.0,0.5,0,19886,4,10,0.0,0.00020110608345902463,0.9992964824120603,56.16115950001404,26,200
0.00020110608345902463,0.0,1.0,0.0,0.0,0.55,0,19886,4,10,0.0,0.00020110608345902463,0.9992964824120603,56.16115950001404,26,200
0.00045248868778280545,0.0,1.0,0.0,0.0,0.6,0,19881,9,10,0.0,0.00045248868778280545,0.9990452261306533,56.16115950001404,26,200
0.00045248868778280545,0.0,1.0,0.0,0.0,0.65,0,19881,9,10,0.0,0.00045248868778280545,0.9990452261306533,56.16115950001404,26,200
0.0006033182503770739,0.0,1.0,0.0,0.0,0.7,0,19878,12,10,0.0,0.0006033182503770739,0.9988944723618091,56.16115950001404,26,200
0.001558572146807441,0.1,0.96875,0.03125,0.1,0.75,1,19859,31,9,0.1,0.001558572146807441,0.9979899497487437,56.16115950001404,26,200
0.001608848667672197,0.1,0.9696969696969697,0.030303030303030304,0.1,0.8,1,19858,32,9,0.1,0.001608848667672197,0.9979396984924623,56.16115950001404,26,200
0.001608848667672197,0.1,0.9696969696969697,0.030303030303030304,0.1,0.85,1,19858,32,9,0.1,0.001608848667672197,0.9979396984924623,56.16115950001404,26,200
0.002011060834590246,0.1,0.975609756097561,0.024390243902439025,0.1,0.9,1,19850,40,9,0.1,0.002011060834590246,0.997537688442211,56.16115950001404,26,200
0.031975867269984914,0.3,0.9953051643192489,0.004694835680751174,0.3,0.95,3,19254,636,7,0.3,0.031975867269984914,0.9676884422110553,56.16115950001404,26,200
0.9982403217697335,1.0,0.9994966020639315,0.0005033979360684622,1.0,1.0,10,35,19855,0,1.0,0.9982403217697335,0.0022613065326633165,56.16115950001404,26,200
0.0,0.0,0.0,,0.0,0.05,0,19890,0,10,0.0,0.0,0.9994974874371859,49.55662179994397,27,200
0.0,0.0,0.0,,0.0,0.1,0,19890,0,10,0.0,0.0,0.9994974874371859,49.55662179994397,27,200
0.0,0.0,0.0,,0.0,0.15,0,19890,0,10,0.0,0.0,0.9994974874371859,49.55662179994397,27,200
0.0,0.0,0.0,,0.0,0.2,0,19890,0,10,0.0,0.0,0.9994974874371859,49.55662179994397,27,200
0.0,0.0,0.0,,0.0,0.25,0,19890,0,10,0.0,0.0,0.9994974874371859,49.55662179994397,27,200
0.0,0.0,0.0,,0.0,0.3,0,19890,0,10,0.0,0.0,0.9994974874371859,49.55662179994397,27,200
0.0,0.0,0.0,,0.0,0.35,0,19890,0,10,0.0,0.0,0.9994974874371859,49.55662179994397,27,200
0.0,0.0,0.0,,0.0,0.4,0,19890,0,10,0.0,0.0,0.9994974874371859,49.55662179994397,27,200
0.0,0.0,0.0,,0.0,0.45,0,19890,0,10,0.0,0.0,0.9994974874371859,49.55662179994397,27,200
0.0,0.0,0.0,,0.0,0.5,0,19890,0,10,0.0,0.0,0.9994974874371859,49.55662179994397,27,200
0.0,0.0,0.0,,0.0,0.55,0,19890,0,10,0.0,0.0,0.9994974874371859,49.55662179994397,27,200
0.0,0.0,0.0,,0.0,0.6,0,19890,0,10,0.0,0.0,0.9994974874371859,49.55662179994397,27,200
0.00010055304172951231,0.0,1.0,0.0,0.0,0.65,0,19888,2,10,0.0,0.00010055304172951231,0.9993969849246231,49.55662179994397,27,200
0.00010055304172951231,0.0,1.0,0.0,0.0,0.7,0,19888,2,10,0.0,0.00010055304172951231,0.9993969849246231,49.55662179994397,27,200
0.00010055304172951231,0.0,1.0,0.0,0.0,0.75,0,19888,2,10,0.0,0.00010055304172951231,0.9993969849246231,49.55662179994397,27,200
0.00010055304172951231,0.0,1.0,0.0,0.0,0.8,0,19888,2,10,0.0,0.00010055304172951231,0.9993969849246231,49.55662179994397,27,200
0.0020613373554550026,0.1,0.9761904761904762,0.023809523809523808,0.1,0.85,1,19849,41,9,0.1,0.0020613373554550026,0.9974874371859297,49.55662179994397,27,200
0.002815485168426345,0.1,0.9824561403508771,0.017543859649122806,0.1,0.9,1,19834,56,9,0.1,0.002815485168426345,0.9967336683417085,49.55662179994397,27,200
0.0037204625439919555,0.1,0.9866666666666667,0.013333333333333334,0.1,0.95,1,19816,74,9,0.1,0.0037204625439919555,0.9958291457286432,49.55662179994397,27,200
0.9985419808949221,1.0,0.999496754063711,0.0005032459362890644,1.0,1.0,10,29,19861,0,1.0,0.9985419808949221,0.001959798994974874,49.55662179994397,27,200
5.0276520864756156e-05,0.0,1.0,0.0,0.0,0.05,0,19889,1,10,0.0,5.0276520864756156e-05,0.9994472361809045,51.5730877998285,28,200
5.0276520864756156e-05,0.0,1.0,0.0,0.0,0.1,0,19889,1,10,0.0,5.0276520864756156e-05,0.9994472361809045,51.5730877998285,28,200
0.0005027652086475615,0.1,0.9090909090909091,0.09090909090909091,0.1,0.15,1,19880,10,9,0.1,0.0005027652086475615,0.9990452261306533,51.5730877998285,28,200
0.0005530417295123177,0.1,0.9166666666666666,0.08333333333333333,0.1,0.2,1,19879,11,9,0.1,0.0005530417295123177,0.9989949748743718,51.5730877998285,28,200
0.0005530417295123177,0.1,0.9166666666666666,0.08333333333333333,0.1,0.25,1,19879,11,9,0.1,0.0005530417295123177,0.9989949748743718,51.5730877998285,28,200
0.0006033182503770739,0.1,0.9230769230769231,0.07692307692307693,0.1,0.3,1,19878,12,9,0.1,0.0006033182503770739,0.9989447236180905,51.5730877998285,28,200
0.00065359477124183,0.1,0.9285714285714286,0.07142857142857142,0.1,0.35,1,19877,13,9,0.1,0.00065359477124183,0.9988944723618091,51.5730877998285,28,200
0.00065359477124183,0.1,0.9285714285714286,0.07142857142857142,0.1,0.4,1,19877,13,9,0.1,0.00065359477124183,0.9988944723618091,51.5730877998285,28,200
0.00065359477124183,0.1,0.9285714285714286,0.07142857142857142,0.1,0.45,1,19877,13,9,0.1,0.00065359477124183,0.9988944723618091,51.5730877998285,28,200
0.0008044243338360985,0.1,0.9411764705882353,0.058823529411764705,0.1,0.5,1,19874,16,9,0.1,0.0008044243338360985,0.9987437185929648,51.5730877998285,28,200
0.0008547008547008547,0.1,0.9444444444444444,0.05555555555555555,0.1,0.55,1,19873,17,9,0.1,0.0008547008547008547,0.9986934673366834,51.5730877998285,28,200
0.0011563599798893917,0.1,0.9583333333333334,0.041666666666666664,0.1,0.6,1,19867,23,9,0.1,0.0011563599798893917,0.998391959798995,51.5730877998285,28,200
0.0027149321266968325,0.1,0.9818181818181818,0.01818181818181818,0.1,0.65,1,19836,54,9,0.1,0.0027149321266968325,0.9968341708542714,51.5730877998285,28,200
0.005077928607340372,0.1,0.9901960784313726,0.00980392156862745,0.1,0.7,1,19789,101,9,0.1,0.005077928607340372,0.9944723618090452,51.5730877998285,28,200
0.009854198089492207,0.1,0.9949238578680203,0.005076142131979695,0.1,0.75,1,19694,196,9,0.1,0.009854198089492207,0.9896984924623116,51.5730877998285,28,200
0.013323278029160382,0.1,0.9962406015037594,0.0037593984962406013,0.1,0.8,1,19625,265,9,0.1,0.013323278029160382,0.9862311557788944,51.5730877998285,28,200
0.024786324786324785,0.2,0.9959595959595959,0.00404040404040404,0.2,0.85,2,19397,493,8,0.2,0.024786324786324785,0.974824120603015,51.5730877998285,28,200
0.09587732528909,0.3,0.9984293193717277,0.0015706806282722514,0.3,0.9,3,17983,1907,7,0.3,0.09587732528909,0.9038190954773869,51.5730877998285,28,200
0.2983911513323278,0.5,0.9991582491582491,0.0008417508417508417,0.5,0.95,5,13955,5935,5,0.5,0.2983911513323278,0.7015075376884422,51.5730877998285,28,200
0.9933132227249875,1.0,0.9994941063388476,0.0005058936611524258,1.0,1.0,10,133,19757,0,1.0,0.9933132227249875,0.007185929648241206,51.5730877998285,28,200
0.00010055304172951231,0.0,1.0,0.0,0.0,0.05,0,19888,2,10,0.0,0.00010055304172951231,0.9993969849246231,47.469769899966195,29,200
0.00010055304172951231,0.0,1.0,0.0,0.0,0.1,0,19888,2,10,0.0,0.00010055304172951231,0.9993969849246231,47.469769899966195,29,200
0.00015082956259426848,0.1,0.75,0.25,0.1,0.15,1,19887,3,9,0.1,0.00015082956259426848,0.9993969849246231,47.469769899966195,29,200
0.0003519356460532931,0.1,0.875,0.125,0.1,0.2,1,19883,7,9,0.1,0.0003519356460532931,0.9991959798994975,47.469769899966195,29,200
0.0003519356460532931,0.1,0.875,0.125,0.1,0.25,1,19883,7,9,0.1,0.0003519356460532931,0.9991959798994975,47.469769899966195,29,200
0.00040221216691804925,0.1,0.8888888888888888,0.1111111111111111,0.1,0.3,1,19882,8,9,0.1,0.00040221216691804925,0.999145728643216,47.469769899966195,29,200
0.0005027652086475615,0.1,0.9090909090909091,0.09090909090909091,0.1,0.35,1,19880,10,9,0.1,0.0005027652086475615,0.9990452261306533,47.469769899966195,29,200
0.0005530417295123177,0.1,0.9166666666666666,0.08333333333333333,0.1,0.4,1,19879,11,9,0.1,0.0005530417295123177,0.9989949748743718,47.469769899966195,29,200
0.0005530417295123177,0.1,0.9166666666666666,0.08333333333333333,0.1,0.45,1,19879,11,9,0.1,0.0005530417295123177,0.9989949748743718,47.469769899966195,29,200
0.0005530417295123177,0.1,0.9166666666666666,0.08333333333333333,0.1,0.5,1,19879,11,9,0.1,0.0005530417295123177,0.9989949748743718,47.469769899966195,29,200
0.0007541478129713424,0.1,0.9375,0.0625,0.1,0.55,1,19875,15,9,0.1,0.0007541478129713424,0.9987939698492462,47.469769899966195,29,200
0.0009049773755656109,0.1,0.9473684210526315,0.05263157894736842,0.1,0.6,1,19872,18,9,0.1,0.0009049773755656109,0.998643216080402,47.469769899966195,29,200
0.000955253896430367,0.1,0.95,0.05,0.1,0.65,1,19871,19,9,0.1,0.000955253896430367,0.9985929648241206,47.469769899966195,29,200
0.0014077425842131724,0.2,0.9333333333333333,0.06666666666666667,0.2,0.7,2,19862,28,8,0.2,0.0014077425842131724,0.9981909547738693,47.469769899966195,29,200
0.0014580191050779286,0.2,0.9354838709677419,0.06451612903225806,0.2,0.75,2,19861,29,8,0.2,0.0014580191050779286,0.998140703517588,47.469769899966195,29,200
0.0015082956259426848,0.2,0.9375,0.0625,0.2,0.8,2,19860,30,8,0.2,0.0015082956259426848,0.9980904522613065,47.469769899966195,29,200
0.0016591251885369532,0.2,0.9428571428571428,0.05714285714285714,0.2,0.85,2,19857,33,8,0.2,0.0016591251885369532,0.9979396984924623,47.469769899966195,29,200
0.0057817998994469585,0.4,0.9663865546218487,0.03361344537815126,0.4,0.9,4,19775,115,6,0.4,0.0057817998994469585,0.9939195979899498,47.469769899966195,29,200
0.007088989441930618,0.4,0.9724137931034482,0.027586206896551724,0.4,0.95,4,19749,141,6,0.4,0.007088989441930618,0.9926130653266332,47.469769899966195,29,200
0.991352438411262,1.0,0.999493106244931,0.0005068937550689375,1.0,1.0,10,172,19718,0,1.0,0.991352438411262,0.00914572864321608,47.469769899966195,29,200
0.0,0.0,0.0,,0.0,0.05,0,19890,0,10,0.0,0.0,0.9994974874371859,50.4044846999459,30,200
0.0,0.0,0.0,,0.0,0.1,0,19890,0,10,0.0,0.0,0.9994974874371859,50.4044846999459,30,200
0.0,0.0,0.0,,0.0,0.15,0,19890,0,10,0.0,0.0,0.9994974874371859,50.4044846999459,30,200
0.0,0.0,0.0,,0.0,0.2,0,19890,0,10,0.0,0.0,0.9994974874371859,50.4044846999459,30,200
0.0,0.0,0.0,,0.0,0.25,0,19890,0,10,0.0,0.0,0.9994974874371859,50.4044846999459,30,200
0.0,0.0,0.0,,0.0,0.3,0,19890,0,10,0.0,0.0,0.9994974874371859,50.4044846999459,30,200
0.0,0.0,0.0,,0.0,0.35,0,19890,0,10,0.0,0.0,0.9994974874371859,50.4044846999459,30,200
0.0,0.0,0.0,,0.0,0.4,0,19890,0,10,0.0,0.0,0.9994974874371859,50.4044846999459,30,200
0.0,0.0,0.0,,0.0,0.45,0,19890,0,10,0.0,0.0,0.9994974874371859,50.4044846999459,30,200
0.00010055304172951231,0.0,1.0,0.0,0.0,0.5,0,19888,2,10,0.0,0.00010055304172951231,0.9993969849246231,50.4044846999459,30,200
0.00010055304172951231,0.0,1.0,0.0,0.0,0.55,0,19888,2,10,0.0,0.00010055304172951231,0.9993969849246231,50.4044846999459,30,200
0.00010055304172951231,0.0,1.0,0.0,0.0,0.6,0,19888,2,10,0.0,0.00010055304172951231,0.9993969849246231,50.4044846999459,30,200
0.00010055304172951231,0.0,1.0,0.0,0.0,0.65,0,19888,2,10,0.0,0.00010055304172951231,0.9993969849246231,50.4044846999459,30,200
0.00010055304172951231,0.0,1.0,0.0,0.0,0.7,0,19888,2,10,0.0,0.00010055304172951231,0.9993969849246231,50.4044846999459,30,200
0.00020110608345902463,0.0,1.0,0.0,0.0,0.75,0,19886,4,10,0.0,0.00020110608345902463,0.9992964824120603,50.4044846999459,30,200
0.00020110608345902463,0.0,1.0,0.0,0.0,0.8,0,19886,4,10,0.0,0.00020110608345902463,0.9992964824120603,50.4044846999459,30,200
0.0003519356460532931,0.0,1.0,0.0,0.0,0.85,0,19883,7,10,0.0,0.0003519356460532931,0.999145728643216,50.4044846999459,30,200
0.006033182503770739,0.1,0.9917355371900827,0.008264462809917356,0.1,0.9,1,19770,120,9,0.1,0.006033182503770739,0.9935175879396985,50.4044846999459,30,200
0.00628456510809452,0.1,0.9920634920634921,0.007936507936507936,0.1,0.95,1,19765,125,9,0.1,0.00628456510809452,0.9932663316582915,50.4044846999459,30,200
0.9984414278531926,1.0,0.9994967034073179,0.0005032965926820676,1.0,1.0,10,31,19859,0,1.0,0.9984414278531926,0.0020603015075376886,50.4044846999459,30,200
0.0,0.0,0.0,,0.0,0.05,0,19890,0,10,0.0,0.0,0.9994974874371859,51.69012190005742,31,200
0.0,0.0,0.0,,0.0,0.1,0,19890,0,10,0.0,0.0,0.9994974874371859,51.69012190005742,31,200
0.0,0.0,0.0,,0.0,0.15,0,19890,0,10,0.0,0.0,0.9994974874371859,51.69012190005742,31,200
0.0,0.0,0.0,,0.0,0.2,0,19890,0,10,0.0,0.0,0.9994974874371859,51.69012190005742,31,200
0.0,0.0,0.0,,0.0,0.25,0,19890,0,10,0.0,0.0,0.9994974874371859,51.69012190005742,31,200
0.0,0.0,0.0,,0.0,0.3,0,19890,0,10,0.0,0.0,0.9994974874371859,51.69012190005742,31,200
0.0,0.0,0.0,,0.0,0.35,0,19890,0,10,0.0,0.0,0.9994974874371859,51.69012190005742,31,200
0.0,0.0,0.0,,0.0,0.4,0,19890,0,10,0.0,0.0,0.9994974874371859,51.69012190005742,31,200
0.0,0.0,0.0,,0.0,0.45,0,19890,0,10,0.0,0.0,0.9994974874371859,51.69012190005742,31,200
0.0,0.0,0.0,,0.0,0.5,0,19890,0,10,0.0,0.0,0.9994974874371859,51.69012190005742,31,200
0.0,0.0,0.0,,0.0,0.55,0,19890,0,10,0.0,0.0,0.9994974874371859,51.69012190005742,31,200
0.0,0.0,0.0,,0.0,0.6,0,19890,0,10,0.0,0.0,0.9994974874371859,51.69012190005742,31,200
0.0,0.0,0.0,,0.0,0.65,0,19890,0,10,0.0,0.0,0.9994974874371859,51.69012190005742,31,200
0.0,0.0,0.0,,0.0,0.7,0,19890,0,10,0.0,0.0,0.9994974874371859,51.69012190005742,31,200
0.0,0.0,0.0,,0.0,0.75,0,19890,0,10,0.0,0.0,0.9994974874371859,51.69012190005742,31,200
0.0,0.0,0.0,,0.0,0.8,0,19890,0,10,0.0,0.0,0.9994974874371859,51.69012190005742,31,200
0.0,0.0,0.0,,0.0,0.85,0,19890,0,10,0.0,0.0,0.9994974874371859,51.69012190005742,31,200
0.0,0.0,0.0,,0.0,0.9,0,19890,0,10,0.0,0.0,0.9994974874371859,51.69012190005742,31,200
0.01804927099044746,0.2,0.9944598337950139,0.00554016620498615,0.2,0.95,2,19531,359,8,0.2,0.01804927099044746,0.9815577889447236,51.69012190005742,31,200
0.9982403217697335,1.0,0.9994966020639315,0.0005033979360684622,1.0,1.0,10,35,19855,0,1.0,0.9982403217697335,0.0022613065326633165,51.69012190005742,31,200
0.0,0.0,0.0,,0.0,0.05,0,19890,0,10,0.0,0.0,0.9994974874371859,48.40644600009546,32,200
0.0,0.0,0.0,,0.0,0.1,0,19890,0,10,0.0,0.0,0.9994974874371859,48.40644600009546,32,200
0.0,0.0,0.0,,0.0,0.15,0,19890,0,10,0.0,0.0,0.9994974874371859,48.40644600009546,32,200
0.0,0.0,0.0,,0.0,0.2,0,19890,0,10,0.0,0.0,0.9994974874371859,48.40644600009546,32,200
0.0,0.0,0.0,,0.0,0.25,0,19890,0,10,0.0,0.0,0.9994974874371859,48.40644600009546,32,200
0.0,0.0,0.0,,0.0,0.3,0,19890,0,10,0.0,0.0,0.9994974874371859,48.40644600009546,32,200
0.0,0.0,0.0,,0.0,0.35,0,19890,0,10,0.0,0.0,0.9994974874371859,48.40644600009546,32,200
0.0,0.0,0.0,,0.0,0.4,0,19890,0,10,0.0,0.0,0.9994974874371859,48.40644600009546,32,200
0.0,0.0,0.0,,0.0,0.45,0,19890,0,10,0.0,0.0,0.9994974874371859,48.40644600009546,32,200
0.0,0.0,0.0,,0.0,0.5,0,19890,0,10,0.0,0.0,0.9994974874371859,48.40644600009546,32,200
0.00040221216691804925,0.0,1.0,0.0,0.0,0.55,0,19882,8,10,0.0,0.00040221216691804925,0.9990954773869347,48.40644600009546,32,200
0.00040221216691804925,0.0,1.0,0.0,0.0,0.6,0,19882,8,10,0.0,0.00040221216691804925,0.9990954773869347,48.40644600009546,32,200
0.0008547008547008547,0.0,1.0,0.0,0.0,0.65,0,19873,17,10,0.0,0.0008547008547008547,0.998643216080402,48.40644600009546,32,200
0.0012066365007541479,0.0,1.0,0.0,0.0,0.7,0,19866,24,10,0.0,0.0012066365007541479,0.9982914572864322,48.40644600009546,32,200
0.0012066365007541479,0.0,1.0,0.0,0.0,0.75,0,19866,24,10,0.0,0.0012066365007541479,0.9982914572864322,48.40644600009546,32,200
0.0012066365007541479,0.0,1.0,0.0,0.0,0.8,0,19866,24,10,0.0,0.0012066365007541479,0.9982914572864322,48.40644600009546,32,200
0.0015082956259426848,0.0,1.0,0.0,0.0,0.85,0,19860,30,10,0.0,0.0015082956259426848,0.9979899497487437,48.40644600009546,32,200
0.007541478129713424,0.2,0.9868421052631579,0.013157894736842105,0.2,0.9,2,19740,150,8,0.2,0.007541478129713424,0.9920603015075377,48.40644600009546,32,200
0.009753645047762695,0.2,0.9897959183673469,0.01020408163265306,0.2,0.95,2,19696,194,8,0.2,0.009753645047762695,0.9898492462311558,48.40644600009546,32,200
0.9985419808949221,1.0,0.999496754063711,0.0005032459362890644,1.0,1.0,10,29,19861,0,1.0,0.9985419808949221,0.001959798994974874,48.40644600009546,32,200
0.0,0.0,0.0,,0.0,0.05,0,19890,0,10,0.0,0.0,0.9994974874371859,47.9121121999342,33,200
0.0,0.0,0.0,,0.0,0.1,0,19890,0,10,0.0,0.0,0.9994974874371859,47.9121121999342,33,200
0.0,0.0,0.0,,0.0,0.15,0,19890,0,10,0.0,0.0,0.9994974874371859,47.9121121999342,33,200
0.0,0.0,0.0,,0.0,0.2,0,19890,0,10,0.0,0.0,0.9994974874371859,47.9121121999342,33,200
0.0,0.0,0.0,,0.0,0.25,0,19890,0,10,0.0,0.0,0.9994974874371859,47.9121121999342,33,200
0.0,0.0,0.0,,0.0,0.3,0,19890,0,10,0.0,0.0,0.9994974874371859,47.9121121999342,33,200
0.0,0.0,0.0,,0.0,0.35,0,19890,0,10,0.0,0.0,0.9994974874371859,47.9121121999342,33,200
0.0,0.0,0.0,,0.0,0.4,0,19890,0,10,0.0,0.0,0.9994974874371859,47.9121121999342,33,200
0.0,0.0,0.0,,0.0,0.45,0,19890,0,10,0.0,0.0,0.9994974874371859,47.9121121999342,33,200
0.0,0.0,0.0,,0.0,0.5,0,19890,0,10,0.0,0.0,0.9994974874371859,47.9121121999342,33,200
0.0,0.0,0.0,,0.0,0.55,0,19890,0,10,0.0,0.0,0.9994974874371859,47.9121121999342,33,200
0.0,0.0,0.0,,0.0,0.6,0,19890,0,10,0.0,0.0,0.9994974874371859,47.9121121999342,33,200
0.0,0.0,0.0,,0.0,0.65,0,19890,0,10,0.0,0.0,0.9994974874371859,47.9121121999342,33,200
0.0,0.0,0.0,,0.0,0.7,0,19890,0,10,0.0,0.0,0.9994974874371859,47.9121121999342,33,200
0.0,0.0,0.0,,0.0,0.75,0,19890,0,10,0.0,0.0,0.9994974874371859,47.9121121999342,33,200
0.0,0.0,0.0,,0.0,0.8,0,19890,0,10,0.0,0.0,0.9994974874371859,47.9121121999342,33,200
0.0,0.0,0.0,,0.0,0.85,0,19890,0,10,0.0,0.0,0.9994974874371859,47.9121121999342,33,200
0.002865761689291101,0.1,0.9827586206896551,0.017241379310344827,0.1,0.9,1,19833,57,9,0.1,0.002865761689291101,0.9966834170854272,47.9121121999342,33,200
0.002865761689291101,0.1,0.9827586206896551,0.017241379310344827,0.1,0.95,1,19833,57,9,0.1,0.002865761689291101,0.9966834170854272,47.9121121999342,33,200
0.01493212669683258,0.3,0.99,0.01,0.3,1.0,3,19593,297,7,0.3,0.01493212669683258,0.9847236180904523,47.9121121999342,33,200
0.0,0.0,0.0,,0.0,0.05,0,19890,0,10,0.0,0.0,0.9994974874371859,49.84183970000595,34,200
0.0,0.0,0.0,,0.0,0.1,0,19890,0,10,0.0,0.0,0.9994974874371859,49.84183970000595,34,200
0.0,0.0,0.0,,0.0,0.15,0,19890,0,10,0.0,0.0,0.9994974874371859,49.84183970000595,34,200
0.0,0.0,0.0,,0.0,0.2,0,19890,0,10,0.0,0.0,0.9994974874371859,49.84183970000595,34,200
0.0,0.0,0.0,,0.0,0.25,0,19890,0,10,0.0,0.0,0.9994974874371859,49.84183970000595,34,200
0.0,0.0,0.0,,0.0,0.3,0,19890,0,10,0.0,0.0,0.9994974874371859,49.84183970000595,34,200
0.0,0.0,0.0,,0.0,0.35,0,19890,0,10,0.0,0.0,0.9994974874371859,49.84183970000595,34,200
0.0,0.0,0.0,,0.0,0.4,0,19890,0,10,0.0,0.0,0.9994974874371859,49.84183970000595,34,200
0.0,0.0,0.0,,0.0,0.45,0,19890,0,10,0.0,0.0,0.9994974874371859,49.84183970000595,34,200
0.0,0.0,0.0,,0.0,0.5,0,19890,0,10,0.0,0.0,0.9994974874371859,49.84183970000595,34,200
0.0,0.0,0.0,,0.0,0.55,0,19890,0,10,0.0,0.0,0.9994974874371859,49.84183970000595,34,200
0.0,0.0,0.0,,0.0,0.6,0,19890,0,10,0.0,0.0,0.9994974874371859,49.84183970000595,34,200
0.0,0.0,0.0,,0.0,0.65,0,19890,0,10,0.0,0.0,0.9994974874371859,49.84183970000595,34,200
0.0,0.0,0.0,,0.0,0.7,0,19890,0,10,0.0,0.0,0.9994974874371859,49.84183970000595,34,200
0.0,0.0,0.0,,0.0,0.75,0,19890,0,10,0.0,0.0,0.9994974874371859,49.84183970000595,34,200
0.00030165912518853697,0.0,1.0,0.0,0.0,0.8,0,19884,6,10,0.0,0.00030165912518853697,0.9991959798994975,49.84183970000595,34,200
0.00130718954248366,0.0,1.0,0.0,0.0,0.85,0,19864,26,10,0.0,0.00130718954248366,0.9981909547738693,49.84183970000595,34,200
0.00130718954248366,0.0,1.0,0.0,0.0,0.9,0,19864,26,10,0.0,0.00130718954248366,0.9981909547738693,49.84183970000595,34,200
0.0020613373554550026,0.0,1.0,0.0,0.0,0.95,0,19849,41,10,0.0,0.0020613373554550026,0.9974371859296483,49.84183970000595,34,200
0.9505781799899446,1.0,0.9994713749537453,0.0005286250462546915,1.0,1.0,10,983,18907,0,1.0,0.9505781799899446,0.04989949748743719,49.84183970000595,34,200
0.0,0.0,0.0,,0.0,0.05,0,19890,0,10,0.0,0.0,0.9994974874371859,45.88215530011803,35,200
0.0,0.0,0.0,,0.0,0.1,0,19890,0,10,0.0,0.0,0.9994974874371859,45.88215530011803,35,200
0.0,0.0,0.0,,0.0,0.15,0,19890,0,10,0.0,0.0,0.9994974874371859,45.88215530011803,35,200
0.0,0.0,0.0,,0.0,0.2,0,19890,0,10,0.0,0.0,0.9994974874371859,45.88215530011803,35,200
0.0,0.0,0.0,,0.0,0.25,0,19890,0,10,0.0,0.0,0.9994974874371859,45.88215530011803,35,200
0.0,0.0,0.0,,0.0,0.3,0,19890,0,10,0.0,0.0,0.9994974874371859,45.88215530011803,35,200
0.00010055304172951231,0.0,1.0,0.0,0.0,0.35,0,19888,2,10,0.0,0.00010055304172951231,0.9993969849246231,45.88215530011803,35,200
0.0005027652086475615,0.0,1.0,0.0,0.0,0.4,0,19880,10,10,0.0,0.0005027652086475615,0.9989949748743718,45.88215530011803,35,200
0.0005027652086475615,0.0,1.0,0.0,0.0,0.45,0,19880,10,10,0.0,0.0005027652086475615,0.9989949748743718,45.88215530011803,35,200
0.000955253896430367,0.0,1.0,0.0,0.0,0.5,0,19871,19,10,0.0,0.000955253896430367,0.9985427135678392,45.88215530011803,35,200
0.000955253896430367,0.0,1.0,0.0,0.0,0.55,0,19871,19,10,0.0,0.000955253896430367,0.9985427135678392,45.88215530011803,35,200
0.000955253896430367,0.0,1.0,0.0,0.0,0.6,0,19871,19,10,0.0,0.000955253896430367,0.9985427135678392,45.88215530011803,35,200
0.0016591251885369532,0.1,0.9705882352941176,0.029411764705882353,0.1,0.65,1,19857,33,9,0.1,0.0016591251885369532,0.9978894472361809,45.88215530011803,35,200
0.0026646556058320765,0.2,0.9636363636363636,0.03636363636363636,0.2,0.7,2,19837,53,8,0.2,0.0026646556058320765,0.9969346733668342,45.88215530011803,35,200
0.004273504273504274,0.2,0.9770114942528736,0.022988505747126436,0.2,0.75,2,19805,85,8,0.2,0.004273504273504274,0.9953266331658291,45.88215530011803,35,200
0.005077928607340372,0.3,0.9711538461538461,0.028846153846153848,0.3,0.8,3,19789,101,7,0.3,0.005077928607340372,0.9945728643216081,45.88215530011803,35,200
0.010507792860734038,0.3,0.9858490566037735,0.014150943396226415,0.3,0.85,3,19681,209,7,0.3,0.010507792860734038,0.989145728643216,45.88215530011803,35,200
0.06762192056309703,0.7,0.9948224852071006,0.005177514792899409,0.7,0.9,7,18545,1345,3,0.7,0.06762192056309703,0.9322613065326634,45.88215530011803,35,200
0.116289592760181,0.7,0.9969827586206896,0.003017241379310345,0.7,0.95,7,17577,2313,3,0.7,0.116289592760181,0.8836180904522613,45.88215530011803,35,200
0.5131724484665661,0.9,0.9991190289741582,0.0008809710258418168,0.9,1.0,9,9683,10207,1,0.9,0.5131724484665661,0.487035175879397,45.88215530011803,35,200
0.0,0.0,0.0,,0.0,0.05,0,19890,0,10,0.0,0.0,0.9994974874371859,47.22676069987938,36,200
0.0,0.0,0.0,,0.0,0.1,0,19890,0,10,0.0,0.0,0.9994974874371859,47.22676069987938,36,200
0.0,0.0,0.0,,0.0,0.15,0,19890,0,10,0.0,0.0,0.9994974874371859,47.22676069987938,36,200
0.0,0.0,0.0,,0.0,0.2,0,19890,0,10,0.0,0.0,0.9994974874371859,47.22676069987938,36,200
0.0,0.0,0.0,,0.0,0.25,0,19890,0,10,0.0,0.0,0.9994974874371859,47.22676069987938,36,200
0.0,0.0,0.0,,0.0,0.3,0,19890,0,10,0.0,0.0,0.9994974874371859,47.22676069987938,36,200
0.0,0.0,0.0,,0.0,0.35,0,19890,0,10,0.0,0.0,0.9994974874371859,47.22676069987938,36,200
0.0,0.0,0.0,,0.0,0.4,0,19890,0,10,0.0,0.0,0.9994974874371859,47.22676069987938,36,200
0.0,0.0,0.0,,0.0,0.45,0,19890,0,10,0.0,0.0,0.9994974874371859,47.22676069987938,36,200
0.0,0.0,0.0,,0.0,0.5,0,19890,0,10,0.0,0.0,0.9994974874371859,47.22676069987938,36,200
0.0,0.0,0.0,,0.0,0.55,0,19890,0,10,0.0,0.0,0.9994974874371859,47.22676069987938,36,200
0.0,0.0,0.0,,0.0,0.6,0,19890,0,10,0.0,0.0,0.9994974874371859,47.22676069987938,36,200
0.0,0.0,0.0,,0.0,0.65,0,19890,0,10,0.0,0.0,0.9994974874371859,47.22676069987938,36,200
0.0,0.0,0.0,,0.0,0.7,0,19890,0,10,0.0,0.0,0.9994974874371859,47.22676069987938,36,200
0.0,0.0,0.0,,0.0,0.75,0,19890,0,10,0.0,0.0,0.9994974874371859,47.22676069987938,36,200
0.0,0.0,0.0,,0.0,0.8,0,19890,0,10,0.0,0.0,0.9994974874371859,47.22676069987938,36,200
0.003569632981397687,0.1,0.9861111111111112,0.013888888888888888,0.1,0.85,1,19819,71,9,0.1,0.003569632981397687,0.9959798994974874,47.22676069987938,36,200
0.003971845148315736,0.1,0.9875,0.0125,0.1,0.9,1,19811,79,9,0.1,0.003971845148315736,0.9955778894472361,47.22676069987938,36,200
0.013071895424836602,0.1,0.9961685823754789,0.0038314176245210726,0.1,0.95,1,19630,260,9,0.1,0.013071895424836602,0.9864824120603015,47.22676069987938,36,200
0.9983911513323278,1.0,0.999496678075297,0.0005033219247030401,1.0,1.0,10,32,19858,0,1.0,0.9983911513323278,0.0021105527638190956,47.22676069987938,36,200
0.0,0.0,0.0,,0.0,0.05,0,19890,0,10,0.0,0.0,0.9994974874371859,46.81662210007198,37,200
0.0,0.0,0.0,,0.0,0.1,0,19890,0,10,0.0,0.0,0.9994974874371859,46.81662210007198,37,200
0.0,0.0,0.0,,0.0,0.15,0,19890,0,10,0.0,0.0,0.9994974874371859,46.81662210007198,37,200
0.0,0.0,0.0,,0.0,0.2,0,19890,0,10,0.0,0.0,0.9994974874371859,46.81662210007198,37,200
0.0,0.0,0.0,,0.0,0.25,0,19890,0,10,0.0,0.0,0.9994974874371859,46.81662210007198,37,200
0.0,0.0,0.0,,0.0,0.3,0,19890,0,10,0.0,0.0,0.9994974874371859,46.81662210007198,37,200
0.0,0.0,0.0,,0.0,0.35,0,19890,0,10,0.0,0.0,0.9994974874371859,46.81662210007198,37,200
0.0,0.0,0.0,,0.0,0.4,0,19890,0,10,0.0,0.0,0.9994974874371859,46.81662210007198,37,200
0.0,0.0,0.0,,0.0,0.45,0,19890,0,10,0.0,0.0,0.9994974874371859,46.81662210007198,37,200
0.0,0.0,0.0,,0.0,0.5,0,19890,0,10,0.0,0.0,0.9994974874371859,46.81662210007198,37,200
0.0,0.0,0.0,,0.0,0.55,0,19890,0,10,0.0,0.0,0.9994974874371859,46.81662210007198,37,200
0.0,0.0,0.0,,0.0,0.6,0,19890,0,10,0.0,0.0,0.9994974874371859,46.81662210007198,37,200
5.0276520864756156e-05,0.0,1.0,0.0,0.0,0.65,0,19889,1,10,0.0,5.0276520864756156e-05,0.9994472361809045,46.81662210007198,37,200
0.00030165912518853697,0.0,1.0,0.0,0.0,0.7,0,19884,6,10,0.0,0.00030165912518853697,0.9991959798994975,46.81662210007198,37,200
0.00030165912518853697,0.0,1.0,0.0,0.0,0.75,0,19884,6,10,0.0,0.00030165912518853697,0.9991959798994975,46.81662210007198,37,200
0.00030165912518853697,0.0,1.0,0.0,0.0,0.8,0,19884,6,10,0.0,0.00030165912518853697,0.9991959798994975,46.81662210007198,37,200
0.00030165912518853697,0.0,1.0,0.0,0.0,0.85,0,19884,6,10,0.0,0.00030165912518853697,0.9991959798994975,46.81662210007198,37,200
0.003770739064856712,0.0,1.0,0.0,0.0,0.9,0,19815,75,10,0.0,0.003770739064856712,0.9957286432160805,46.81662210007198,37,200
0.004172951231774761,0.0,1.0,0.0,0.0,0.95,0,19807,83,10,0.0,0.004172951231774761,0.9953266331658291,46.81662210007198,37,200
0.9982403217697335,1.0,0.9994966020639315,0.0005033979360684622,1.0,1.0,10,35,19855,0,1.0,0.9982403217697335,0.0022613065326633165,46.81662210007198,37,200
0.0,0.0,0.0,,0.0,0.05,0,19890,0,10,0.0,0.0,0.9994974874371859,49.06209219992161,38,200
0.0,0.0,0.0,,0.0,0.1,0,19890,0,10,0.0,0.0,0.9994974874371859,49.06209219992161,38,200
0.0,0.0,0.0,,0.0,0.15,0,19890,0,10,0.0,0.0,0.9994974874371859,49.06209219992161,38,200
0.0,0.0,0.0,,0.0,0.2,0,19890,0,10,0.0,0.0,0.9994974874371859,49.06209219992161,38,200
0.0,0.0,0.0,,0.0,0.25,0,19890,0,10,0.0,0.0,0.9994974874371859,49.06209219992161,38,200
0.0,0.0,0.0,,0.0,0.3,0,19890,0,10,0.0,0.0,0.9994974874371859,49.06209219992161,38,200
0.0,0.0,0.0,,0.0,0.35,0,19890,0,10,0.0,0.0,0.9994974874371859,49.06209219992161,38,200
0.0,0.0,0.0,,0.0,0.4,0,19890,0,10,0.0,0.0,0.9994974874371859,49.06209219992161,38,200
0.0,0.0,0.0,,0.0,0.45,0,19890,0,10,0.0,0.0,0.9994974874371859,49.06209219992161,38,200
0.0,0.0,0.0,,0.0,0.5,0,19890,0,10,0.0,0.0,0.9994974874371859,49.06209219992161,38,200
0.0,0.0,0.0,,0.0,0.55,0,19890,0,10,0.0,0.0,0.9994974874371859,49.06209219992161,38,200
0.0,0.0,0.0,,0.0,0.6,0,19890,0,10,0.0,0.0,0.9994974874371859,49.06209219992161,38,200
0.0,0.0,0.0,,0.0,0.65,0,19890,0,10,0.0,0.0,0.9994974874371859,49.06209219992161,38,200
0.0,0.0,0.0,,0.0,0.7,0,19890,0,10,0.0,0.0,0.9994974874371859,49.06209219992161,38,200
5.0276520864756156e-05,0.0,1.0,0.0,0.0,0.75,0,19889,1,10,0.0,5.0276520864756156e-05,0.9994472361809045,49.06209219992161,38,200
0.002865761689291101,0.0,1.0,0.0,0.0,0.8,0,19833,57,10,0.0,0.002865761689291101,0.9966331658291457,49.06209219992161,38,200
0.0029663147310206132,0.0,1.0,0.0,0.0,0.85,0,19831,59,10,0.0,0.0029663147310206132,0.996532663316583,49.06209219992161,38,200
0.004374057315233786,0.0,1.0,0.0,0.0,0.9,0,19803,87,10,0.0,0.004374057315233786,0.9951256281407035,49.06209219992161,38,200
0.004524886877828055,0.0,1.0,0.0,0.0,0.95,0,19800,90,10,0.0,0.004524886877828055,0.9949748743718593,49.06209219992161,38,200
0.9982403217697335,1.0,0.9994966020639315,0.0005033979360684622,1.0,1.0,10,35,19855,0,1.0,0.9982403217697335,0.0022613065326633165,49.06209219992161,38,200
0.0,0.0,0.0,,0.0,0.05,0,19890,0,10,0.0,0.0,0.9994974874371859,48.84303559991531,39,200
0.0,0.0,0.0,,0.0,0.1,0,19890,0,10,0.0,0.0,0.9994974874371859,48.84303559991531,39,200
0.0,0.0,0.0,,0.0,0.15,0,19890,0,10,0.0,0.0,0.9994974874371859,48.84303559991531,39,200
0.0,0.0,0.0,,0.0,0.2,0,19890,0,10,0.0,0.0,0.9994974874371859,48.84303559991531,39,200
0.0,0.0,0.0,,0.0,0.25,0,19890,0,10,0.0,0.0,0.9994974874371859,48.84303559991531,39,200
0.0,0.0,0.0,,0.0,0.3,0,19890,0,10,0.0,0.0,0.9994974874371859,48.84303559991531,39,200
0.0,0.0,0.0,,0.0,0.35,0,19890,0,10,0.0,0.0,0.9994974874371859,48.84303559991531,39,200
0.0,0.0,0.0,,0.0,0.4,0,19890,0,10,0.0,0.0,0.9994974874371859,48.84303559991531,39,200
0.0,0.0,0.0,,0.0,0.45,0,19890,0,10,0.0,0.0,0.9994974874371859,48.84303559991531,39,200
0.0,0.0,0.0,,0.0,0.5,0,19890,0,10,0.0,0.0,0.9994974874371859,48.84303559991531,39,200
0.0,0.0,0.0,,0.0,0.55,0,19890,0,10,0.0,0.0,0.9994974874371859,48.84303559991531,39,200
0.0,0.0,0.0,,0.0,0.6,0,19890,0,10,0.0,0.0,0.9994974874371859,48.84303559991531,39,200
0.0,0.0,0.0,,0.0,0.65,0,19890,0,10,0.0,0.0,0.9994974874371859,48.84303559991531,39,200
0.00010055304172951231,0.1,0.6666666666666666,0.3333333333333333,0.1,0.7,1,19888,2,9,0.1,0.00010055304172951231,0.9994472361809045,48.84303559991531,39,200
0.00010055304172951231,0.1,0.6666666666666666,0.3333333333333333,0.1,0.75,1,19888,2,9,0.1,0.00010055304172951231,0.9994472361809045,48.84303559991531,39,200
0.00010055304172951231,0.1,0.6666666666666666,0.3333333333333333,0.1,0.8,1,19888,2,9,0.1,0.00010055304172951231,0.9994472361809045,48.84303559991531,39,200
0.00010055304172951231,0.1,0.6666666666666666,0.3333333333333333,0.1,0.85,1,19888,2,9,0.1,0.00010055304172951231,0.9994472361809045,48.84303559991531,39,200
0.00025138260432378077,0.1,0.8333333333333334,0.16666666666666666,0.1,0.9,1,19885,5,9,0.1,0.00025138260432378077,0.9992964824120603,48.84303559991531,39,200
0.014077425842131725,0.2,0.9929078014184397,0.0070921985815602835,0.2,0.95,2,19610,280,8,0.2,0.014077425842131725,0.9855276381909548,48.84303559991531,39,200
0.022674710910005027,0.2,0.9955849889624724,0.004415011037527594,0.2,1.0,2,19439,451,8,0.2,0.022674710910005027,0.9769346733668341,48.84303559991531,39,200
5.0276520864756156e-05,0.0,1.0,0.0,0.0,0.05,0,19889,1,10,0.0,5.0276520864756156e-05,0.9994472361809045,46.05292429984547,40,200
5.0276520864756156e-05,0.0,1.0,0.0,0.0,0.1,0,19889,1,10,0.0,5.0276520864756156e-05,0.9994472361809045,46.05292429984547,40,200
5.0276520864756156e-05,0.0,1.0,0.0,0.0,0.15,0,19889,1,10,0.0,5.0276520864756156e-05,0.9994472361809045,46.05292429984547,40,200
5.0276520864756156e-05,0.0,1.0,0.0,0.0,0.2,0,19889,1,10,0.0,5.0276520864756156e-05,0.9994472361809045,46.05292429984547,40,200
5.0276520864756156e-05,0.0,1.0,0.0,0.0,0.25,0,19889,1,10,0.0,5.0276520864756156e-05,0.9994472361809045,46.05292429984547,40,200
5.0276520864756156e-05,0.0,1.0,0.0,0.0,0.3,0,19889,1,10,0.0,5.0276520864756156e-05,0.9994472361809045,46.05292429984547,40,200
5.0276520864756156e-05,0.0,1.0,0.0,0.0,0.35,0,19889,1,10,0.0,5.0276520864756156e-05,0.9994472361809045,46.05292429984547,40,200
5.0276520864756156e-05,0.0,1.0,0.0,0.0,0.4,0,19889,1,10,0.0,5.0276520864756156e-05,0.9994472361809045,46.05292429984547,40,200
5.0276520864756156e-05,0.0,1.0,0.0,0.0,0.45,0,19889,1,10,0.0,5.0276520864756156e-05,0.9994472361809045,46.05292429984547,40,200
5.0276520864756156e-05,0.0,1.0,0.0,0.0,0.5,0,19889,1,10,0.0,5.0276520864756156e-05,0.9994472361809045,46.05292429984547,40,200
5.0276520864756156e-05,0.0,1.0,0.0,0.0,0.55,0,19889,1,10,0.0,5.0276520864756156e-05,0.9994472361809045,46.05292429984547,40,200
5.0276520864756156e-05,0.0,1.0,0.0,0.0,0.6,0,19889,1,10,0.0,5.0276520864756156e-05,0.9994472361809045,46.05292429984547,40,200
5.0276520864756156e-05,0.0,1.0,0.0,0.0,0.65,0,19889,1,10,0.0,5.0276520864756156e-05,0.9994472361809045,46.05292429984547,40,200
0.00010055304172951231,0.1,0.6666666666666666,0.3333333333333333,0.1,0.7,1,19888,2,9,0.1,0.00010055304172951231,0.9994472361809045,46.05292429984547,40,200
0.00010055304172951231,0.1,0.6666666666666666,0.3333333333333333,0.1,0.75,1,19888,2,9,0.1,0.00010055304172951231,0.9994472361809045,46.05292429984547,40,200
0.0006033182503770739,0.2,0.8571428571428571,0.14285714285714285,0.2,0.8,2,19878,12,8,0.2,0.0006033182503770739,0.9989949748743718,46.05292429984547,40,200
0.0011563599798893917,0.3,0.8846153846153846,0.11538461538461539,0.3,0.85,3,19867,23,7,0.3,0.0011563599798893917,0.9984924623115577,46.05292429984547,40,200
0.003519356460532931,0.4,0.9459459459459459,0.05405405405405406,0.4,0.9,4,19820,70,6,0.4,0.003519356460532931,0.9961809045226131,46.05292429984547,40,200
0.010658622423328306,0.4,0.9814814814814815,0.018518518518518517,0.4,0.95,4,19678,212,6,0.4,0.010658622423328306,0.9890452261306533,46.05292429984547,40,200
0.9986928104575163,1.0,0.9994968300291839,0.0005031699708161417,1.0,1.0,10,26,19864,0,1.0,0.9986928104575163,0.0018090452261306533,46.05292429984547,40,200
0.0,0.0,0.0,,0.0,0.05,0,19890,0,10,0.0,0.0,0.9994974874371859,50.87539339996874,41,200
0.0,0.0,0.0,,0.0,0.1,0,19890,0,10,0.0,0.0,0.9994974874371859,50.87539339996874,41,200
0.0,0.0,0.0,,0.0,0.15,0,19890,0,10,0.0,0.0,0.9994974874371859,50.87539339996874,41,200
0.0,0.0,0.0,,0.0,0.2,0,19890,0,10,0.0,0.0,0.9994974874371859,50.87539339996874,41,200
0.0,0.0,0.0,,0.0,0.25,0,19890,0,10,0.0,0.0,0.9994974874371859,50.87539339996874,41,200
0.0,0.0,0.0,,0.0,0.3,0,19890,0,10,0.0,0.0,0.9994974874371859,50.87539339996874,41,200
0.0,0.0,0.0,,0.0,0.35,0,19890,0,10,0.0,0.0,0.9994974874371859,50.87539339996874,41,200
0.0,0.0,0.0,,0.0,0.4,0,19890,0,10,0.0,0.0,0.9994974874371859,50.87539339996874,41,200
0.0,0.0,0.0,,0.0,0.45,0,19890,0,10,0.0,0.0,0.9994974874371859,50.87539339996874,41,200
0.0,0.0,0.0,,0.0,0.5,0,19890,0,10,0.0,0.0,0.9994974874371859,50.87539339996874,41,200
0.0,0.0,0.0,,0.0,0.55,0,19890,0,10,0.0,0.0,0.9994974874371859,50.87539339996874,41,200
0.0,0.0,0.0,,0.0,0.6,0,19890,0,10,0.0,0.0,0.9994974874371859,50.87539339996874,41,200
0.0,0.0,0.0,,0.0,0.65,0,19890,0,10,0.0,0.0,0.9994974874371859,50.87539339996874,41,200
0.00025138260432378077,0.0,1.0,0.0,0.0,0.7,0,19885,5,10,0.0,0.00025138260432378077,0.9992462311557789,50.87539339996874,41,200
0.00030165912518853697,0.0,1.0,0.0,0.0,0.75,0,19884,6,10,0.0,0.00030165912518853697,0.9991959798994975,50.87539339996874,41,200
0.00045248868778280545,0.0,1.0,0.0,0.0,0.8,0,19881,9,10,0.0,0.00045248868778280545,0.9990452261306533,50.87539339996874,41,200
0.00045248868778280545,0.0,1.0,0.0,0.0,0.85,0,19881,9,10,0.0,0.00045248868778280545,0.9990452261306533,50.87539339996874,41,200
0.00045248868778280545,0.0,1.0,0.0,0.0,0.9,0,19881,9,10,0.0,0.00045248868778280545,0.9990452261306533,50.87539339996874,41,200
0.005982905982905983,0.3,0.9754098360655737,0.02459016393442623,0.3,0.95,3,19771,119,7,0.3,0.005982905982905983,0.9936683417085427,50.87539339996874,41,200
0.013725490196078431,0.3,0.9891304347826086,0.010869565217391304,0.3,1.0,3,19617,273,7,0.3,0.013725490196078431,0.985929648241206,50.87539339996874,41,200
0.0,0.0,0.0,,0.0,0.05,0,19890,0,10,0.0,0.0,0.9994974874371859,48.13904569996521,42,200
0.0,0.0,0.0,,0.0,0.1,0,19890,0,10,0.0,0.0,0.9994974874371859,48.13904569996521,42,200
0.0,0.0,0.0,,0.0,0.15,0,19890,0,10,0.0,0.0,0.9994974874371859,48.13904569996521,42,200
0.0,0.0,0.0,,0.0,0.2,0,19890,0,10,0.0,0.0,0.9994974874371859,48.13904569996521,42,200
0.0,0.0,0.0,,0.0,0.25,0,19890,0,10,0.0,0.0,0.9994974874371859,48.13904569996521,42,200
0.0,0.0,0.0,,0.0,0.3,0,19890,0,10,0.0,0.0,0.9994974874371859,48.13904569996521,42,200
0.0,0.0,0.0,,0.0,0.35,0,19890,0,10,0.0,0.0,0.9994974874371859,48.13904569996521,42,200
0.0,0.0,0.0,,0.0,0.4,0,19890,0,10,0.0,0.0,0.9994974874371859,48.13904569996521,42,200
0.0,0.0,0.0,,0.0,0.45,0,19890,0,10,0.0,0.0,0.9994974874371859,48.13904569996521,42,200
0.0,0.0,0.0,,0.0,0.5,0,19890,0,10,0.0,0.0,0.9994974874371859,48.13904569996521,42,200
0.0,0.0,0.0,,0.0,0.55,0,19890,0,10,0.0,0.0,0.9994974874371859,48.13904569996521,42,200
0.0,0.0,0.0,,0.0,0.6,0,19890,0,10,0.0,0.0,0.9994974874371859,48.13904569996521,42,200
0.00025138260432378077,0.1,0.8333333333333334,0.16666666666666666,0.1,0.65,1,19885,5,9,0.1,0.00025138260432378077,0.9992964824120603,48.13904569996521,42,200
0.00130718954248366,0.1,0.9629629629629629,0.037037037037037035,0.1,0.7,1,19864,26,9,0.1,0.00130718954248366,0.9982412060301508,48.13904569996521,42,200
0.0014580191050779286,0.1,0.9666666666666667,0.03333333333333333,0.1,0.75,1,19861,29,9,0.1,0.0014580191050779286,0.9980904522613065,48.13904569996521,42,200
0.001910507792860734,0.1,0.9743589743589743,0.02564102564102564,0.1,0.8,1,19852,38,9,0.1,0.001910507792860734,0.9976381909547739,48.13904569996521,42,200
0.002011060834590246,0.1,0.975609756097561,0.024390243902439025,0.1,0.85,1,19850,40,9,0.1,0.002011060834590246,0.997537688442211,48.13904569996521,42,200
0.006686777275012569,0.1,0.9925373134328358,0.007462686567164179,0.1,0.9,1,19757,133,9,0.1,0.006686777275012569,0.9928643216080402,48.13904569996521,42,200
0.013976872800402213,0.2,0.9928571428571429,0.007142857142857143,0.2,0.95,2,19612,278,8,0.2,0.013976872800402213,0.9856281407035176,48.13904569996521,42,200
0.9964806435394671,1.0,0.9994957135653051,0.0005042864346949068,1.0,1.0,10,70,19820,0,1.0,0.9964806435394671,0.004020100502512563,48.13904569996521,42,200
0.0,0.0,0.0,,0.0,0.05,0,19890,0,10,0.0,0.0,0.9994974874371859,50.7914447998628,43,200
0.0,0.0,0.0,,0.0,0.1,0,19890,0,10,0.0,0.0,0.9994974874371859,50.7914447998628,43,200
0.0,0.0,0.0,,0.0,0.15,0,19890,0,10,0.0,0.0,0.9994974874371859,50.7914447998628,43,200
0.0,0.0,0.0,,0.0,0.2,0,19890,0,10,0.0,0.0,0.9994974874371859,50.7914447998628,43,200
0.0,0.0,0.0,,0.0,0.25,0,19890,0,10,0.0,0.0,0.9994974874371859,50.7914447998628,43,200
0.0,0.0,0.0,,0.0,0.3,0,19890,0,10,0.0,0.0,0.9994974874371859,50.7914447998628,43,200
0.0,0.0,0.0,,0.0,0.35,0,19890,0,10,0.0,0.0,0.9994974874371859,50.7914447998628,43,200
0.0,0.0,0.0,,0.0,0.4,0,19890,0,10,0.0,0.0,0.9994974874371859,50.7914447998628,43,200
0.00045248868778280545,0.0,1.0,0.0,0.0,0.45,0,19881,9,10,0.0,0.00045248868778280545,0.9990452261306533,50.7914447998628,43,200
0.00045248868778280545,0.0,1.0,0.0,0.0,0.5,0,19881,9,10,0.0,0.00045248868778280545,0.9990452261306533,50.7914447998628,43,200
0.00045248868778280545,0.0,1.0,0.0,0.0,0.55,0,19881,9,10,0.0,0.00045248868778280545,0.9990452261306533,50.7914447998628,43,200
0.00045248868778280545,0.0,1.0,0.0,0.0,0.6,0,19881,9,10,0.0,0.00045248868778280545,0.9990452261306533,50.7914447998628,43,200
0.00045248868778280545,0.0,1.0,0.0,0.0,0.65,0,19881,9,10,0.0,0.00045248868778280545,0.9990452261306533,50.7914447998628,43,200
0.00045248868778280545,0.0,1.0,0.0,0.0,0.7,0,19881,9,10,0.0,0.00045248868778280545,0.9990452261306533,50.7914447998628,43,200
0.0008547008547008547,0.0,1.0,0.0,0.0,0.75,0,19873,17,10,0.0,0.0008547008547008547,0.998643216080402,50.7914447998628,43,200
0.0012066365007541479,0.0,1.0,0.0,0.0,0.8,0,19866,24,10,0.0,0.0012066365007541479,0.9982914572864322,50.7914447998628,43,200
0.0012066365007541479,0.0,1.0,0.0,0.0,0.85,0,19866,24,10,0.0,0.0012066365007541479,0.9982914572864322,50.7914447998628,43,200
0.001910507792860734,0.0,1.0,0.0,0.0,0.9,0,19852,38,10,0.0,0.001910507792860734,0.9975879396984925,50.7914447998628,43,200
0.0021116138763197585,0.1,0.9767441860465116,0.023255813953488372,0.1,0.95,1,19848,42,9,0.1,0.0021116138763197585,0.9974371859296483,50.7914447998628,43,200
0.9636500754147813,1.0,0.9994785420034417,0.0005214579965583772,1.0,1.0,10,723,19167,0,1.0,0.9636500754147813,0.036834170854271354,50.7914447998628,43,200
0.0,0.0,0.0,,0.0,0.05,0,19890,0,10,0.0,0.0,0.9994974874371859,49.18539969995618,44,200
0.0,0.0,0.0,,0.0,0.1,0,19890,0,10,0.0,0.0,0.9994974874371859,49.18539969995618,44,200
0.0,0.0,0.0,,0.0,0.15,0,19890,0,10,0.0,0.0,0.9994974874371859,49.18539969995618,44,200
0.0,0.0,0.0,,0.0,0.2,0,19890,0,10,0.0,0.0,0.9994974874371859,49.18539969995618,44,200
5.0276520864756156e-05,0.0,1.0,0.0,0.0,0.25,0,19889,1,10,0.0,5.0276520864756156e-05,0.9994472361809045,49.18539969995618,44,200
5.0276520864756156e-05,0.0,1.0,0.0,0.0,0.3,0,19889,1,10,0.0,5.0276520864756156e-05,0.9994472361809045,49.18539969995618,44,200
5.0276520864756156e-05,0.0,1.0,0.0,0.0,0.35,0,19889,1,10,0.0,5.0276520864756156e-05,0.9994472361809045,49.18539969995618,44,200
5.0276520864756156e-05,0.0,1.0,0.0,0.0,0.4,0,19889,1,10,0.0,5.0276520864756156e-05,0.9994472361809045,49.18539969995618,44,200
0.00010055304172951231,0.0,1.0,0.0,0.0,0.45,0,19888,2,10,0.0,0.00010055304172951231,0.9993969849246231,49.18539969995618,44,200
0.0005027652086475615,0.0,1.0,0.0,0.0,0.5,0,19880,10,10,0.0,0.0005027652086475615,0.9989949748743718,49.18539969995618,44,200
0.0005530417295123177,0.1,0.9166666666666666,0.08333333333333333,0.1,0.55,1,19879,11,9,0.1,0.0005530417295123177,0.9989949748743718,49.18539969995618,44,200
0.00065359477124183,0.1,0.9285714285714286,0.07142857142857142,0.1,0.6,1,19877,13,9,0.1,0.00065359477124183,0.9988944723618091,49.18539969995618,44,200
0.00065359477124183,0.1,0.9285714285714286,0.07142857142857142,0.1,0.65,1,19877,13,9,0.1,0.00065359477124183,0.9988944723618091,49.18539969995618,44,200
0.00065359477124183,0.1,0.9285714285714286,0.07142857142857142,0.1,0.7,1,19877,13,9,0.1,0.00065359477124183,0.9988944723618091,49.18539969995618,44,200
0.00065359477124183,0.1,0.9285714285714286,0.07142857142857142,0.1,0.75,1,19877,13,9,0.1,0.00065359477124183,0.9988944723618091,49.18539969995618,44,200
0.0024635495223730517,0.2,0.9607843137254902,0.0392156862745098,0.2,0.8,2,19841,49,8,0.2,0.0024635495223730517,0.9971356783919598,49.18539969995618,44,200
0.0030165912518853697,0.2,0.967741935483871,0.03225806451612903,0.2,0.85,2,19830,60,8,0.2,0.0030165912518853697,0.9965829145728643,49.18539969995618,44,200
0.003971845148315736,0.2,0.9753086419753086,0.024691358024691357,0.2,0.9,2,19811,79,8,0.2,0.003971845148315736,0.9956281407035176,49.18539969995618,44,200
0.02277526395173454,0.3,0.993421052631579,0.006578947368421052,0.3,0.95,3,19437,453,7,0.3,0.02277526395173454,0.9768844221105528,49.18539969995618,44,200
0.9965811965811966,1.0,0.9994957644211375,0.0005042355788624445,1.0,1.0,10,68,19822,0,1.0,0.9965811965811966,0.003919597989949748,49.18539969995618,44,200
0.0,0.0,0.0,,0.0,0.05,0,19890,0,10,0.0,0.0,0.9994974874371859,51.504749700194225,45,200
0.0,0.0,0.0,,0.0,0.1,0,19890,0,10,0.0,0.0,0.9994974874371859,51.504749700194225,45,200
0.0,0.0,0.0,,0.0,0.15,0,19890,0,10,0.0,0.0,0.9994974874371859,51.504749700194225,45,200
0.0,0.0,0.0,,0.0,0.2,0,19890,0,10,0.0,0.0,0.9994974874371859,51.504749700194225,45,200
0.0,0.0,0.0,,0.0,0.25,0,19890,0,10,0.0,0.0,0.9994974874371859,51.504749700194225,45,200
0.0,0.0,0.0,,0.0,0.3,0,19890,0,10,0.0,0.0,0.9994974874371859,51.504749700194225,45,200
0.0,0.0,0.0,,0.0,0.35,0,19890,0,10,0.0,0.0,0.9994974874371859,51.504749700194225,45,200
0.0,0.0,0.0,,0.0,0.4,0,19890,0,10,0.0,0.0,0.9994974874371859,51.504749700194225,45,200
0.0,0.0,0.0,,0.0,0.45,0,19890,0,10,0.0,0.0,0.9994974874371859,51.504749700194225,45,200
5.0276520864756156e-05,0.0,1.0,0.0,0.0,0.5,0,19889,1,10,0.0,5.0276520864756156e-05,0.9994472361809045,51.504749700194225,45,200
5.0276520864756156e-05,0.0,1.0,0.0,0.0,0.55,0,19889,1,10,0.0,5.0276520864756156e-05,0.9994472361809045,51.504749700194225,45,200
0.00010055304172951231,0.0,1.0,0.0,0.0,0.6,0,19888,2,10,0.0,0.00010055304172951231,0.9993969849246231,51.504749700194225,45,200
0.00010055304172951231,0.0,1.0,0.0,0.0,0.65,0,19888,2,10,0.0,0.00010055304172951231,0.9993969849246231,51.504749700194225,45,200
0.00010055304172951231,0.0,1.0,0.0,0.0,0.7,0,19888,2,10,0.0,0.00010055304172951231,0.9993969849246231,51.504749700194225,45,200
0.00010055304172951231,0.0,1.0,0.0,0.0,0.75,0,19888,2,10,0.0,0.00010055304172951231,0.9993969849246231,51.504749700194225,45,200
0.00015082956259426848,0.0,1.0,0.0,0.0,0.8,0,19887,3,10,0.0,0.00015082956259426848,0.9993467336683417,51.504749700194225,45,200
0.00015082956259426848,0.0,1.0,0.0,0.0,0.85,0,19887,3,10,0.0,0.00015082956259426848,0.9993467336683417,51.504749700194225,45,200
0.00015082956259426848,0.0,1.0,0.0,0.0,0.9,0,19887,3,10,0.0,0.00015082956259426848,0.9993467336683417,51.504749700194225,45,200
0.030869783810960283,0.3,0.9951377633711507,0.004862236628849271,0.3,0.95,3,19276,614,7,0.3,0.030869783810960283,0.9687939698492463,51.504749700194225,45,200
0.9988436400201106,1.0,0.9994969059717261,0.0005030940282738844,1.0,1.0,10,23,19867,0,1.0,0.9988436400201106,0.0016582914572864321,51.504749700194225,45,200
0.0,0.1,0.0,1.0,0.1,0.05,1,19890,0,9,0.1,0.0,0.9995477386934674,47.65349499997683,46,200
0.0,0.1,0.0,1.0,0.1,0.1,1,19890,0,9,0.1,0.0,0.9995477386934674,47.65349499997683,46,200
0.0,0.1,0.0,1.0,0.1,0.15,1,19890,0,9,0.1,0.0,0.9995477386934674,47.65349499997683,46,200
0.0,0.1,0.0,1.0,0.1,0.2,1,19890,0,9,0.1,0.0,0.9995477386934674,47.65349499997683,46,200
0.0,0.1,0.0,1.0,0.1,0.25,1,19890,0,9,0.1,0.0,0.9995477386934674,47.65349499997683,46,200
0.0,0.1,0.0,1.0,0.1,0.3,1,19890,0,9,0.1,0.0,0.9995477386934674,47.65349499997683,46,200
0.00020110608345902463,0.1,0.8,0.2,0.1,0.35,1,19886,4,9,0.1,0.00020110608345902463,0.9993467336683417,47.65349499997683,46,200
0.00020110608345902463,0.1,0.8,0.2,0.1,0.4,1,19886,4,9,0.1,0.00020110608345902463,0.9993467336683417,47.65349499997683,46,200
0.00020110608345902463,0.1,0.8,0.2,0.1,0.45,1,19886,4,9,0.1,0.00020110608345902463,0.9993467336683417,47.65349499997683,46,200
0.00020110608345902463,0.1,0.8,0.2,0.1,0.5,1,19886,4,9,0.1,0.00020110608345902463,0.9993467336683417,47.65349499997683,46,200
0.0005530417295123177,0.1,0.9166666666666666,0.08333333333333333,0.1,0.55,1,19879,11,9,0.1,0.0005530417295123177,0.9989949748743718,47.65349499997683,46,200
0.00065359477124183,0.1,0.9285714285714286,0.07142857142857142,0.1,0.6,1,19877,13,9,0.1,0.00065359477124183,0.9988944723618091,47.65349499997683,46,200
0.00065359477124183,0.1,0.9285714285714286,0.07142857142857142,0.1,0.65,1,19877,13,9,0.1,0.00065359477124183,0.9988944723618091,47.65349499997683,46,200
0.001256913021618904,0.1,0.9615384615384616,0.038461538461538464,0.1,0.7,1,19865,25,9,0.1,0.001256913021618904,0.9982914572864322,47.65349499997683,46,200
0.00130718954248366,0.1,0.9629629629629629,0.037037037037037035,0.1,0.75,1,19864,26,9,0.1,0.00130718954248366,0.9982412060301508,47.65349499997683,46,200
0.0018602312719959778,0.2,0.9487179487179487,0.05128205128205128,0.2,0.8,2,19853,37,8,0.2,0.0018602312719959778,0.9977386934673367,47.65349499997683,46,200
0.0020613373554550026,0.2,0.9534883720930233,0.046511627906976744,0.2,0.85,2,19849,41,8,0.2,0.0020613373554550026,0.997537688442211,47.65349499997683,46,200
0.00759175465057818,0.4,0.9741935483870968,0.025806451612903226,0.4,0.9,4,19739,151,6,0.4,0.00759175465057818,0.9921105527638191,47.65349499997683,46,200
0.1421820010055304,0.6,0.9978828510938603,0.002117148906139732,0.6,0.95,6,17062,2828,4,0.6,0.1421820010055304,0.8576884422110552,47.65349499997683,46,200
0.9964806435394671,1.0,0.9994957135653051,0.0005042864346949068,1.0,1.0,10,70,19820,0,1.0,0.9964806435394671,0.004020100502512563,47.65349499997683,46,200
0.0,0.0,0.0,,0.0,0.05,0,19890,0,10,0.0,0.0,0.9994974874371859,49.39706469979137,47,200
0.0,0.0,0.0,,0.0,0.1,0,19890,0,10,0.0,0.0,0.9994974874371859,49.39706469979137,47,200
0.0,0.0,0.0,,0.0,0.15,0,19890,0,10,0.0,0.0,0.9994974874371859,49.39706469979137,47,200
0.0,0.0,0.0,,0.0,0.2,0,19890,0,10,0.0,0.0,0.9994974874371859,49.39706469979137,47,200
0.0,0.0,0.0,,0.0,0.25,0,19890,0,10,0.0,0.0,0.9994974874371859,49.39706469979137,47,200
0.0,0.0,0.0,,0.0,0.3,0,19890,0,10,0.0,0.0,0.9994974874371859,49.39706469979137,47,200
0.00015082956259426848,0.0,1.0,0.0,0.0,0.35,0,19887,3,10,0.0,0.00015082956259426848,0.9993467336683417,49.39706469979137,47,200
0.00015082956259426848,0.0,1.0,0.0,0.0,0.4,0,19887,3,10,0.0,0.00015082956259426848,0.9993467336683417,49.39706469979137,47,200
0.00020110608345902463,0.1,0.8,0.2,0.1,0.45,1,19886,4,9,0.1,0.00020110608345902463,0.9993467336683417,49.39706469979137,47,200
0.00020110608345902463,0.1,0.8,0.2,0.1,0.5,1,19886,4,9,0.1,0.00020110608345902463,0.9993467336683417,49.39706469979137,47,200
0.00020110608345902463,0.1,0.8,0.2,0.1,0.55,1,19886,4,9,0.1,0.00020110608345902463,0.9993467336683417,49.39706469979137,47,200
0.0009049773755656109,0.2,0.9,0.1,0.2,0.6,2,19872,18,8,0.2,0.0009049773755656109,0.9986934673366834,49.39706469979137,47,200
0.001005530417295123,0.2,0.9090909090909091,0.09090909090909091,0.2,0.65,2,19870,20,8,0.2,0.001005530417295123,0.9985929648241206,49.39706469979137,47,200
0.001005530417295123,0.2,0.9090909090909091,0.09090909090909091,0.2,0.7,2,19870,20,8,0.2,0.001005530417295123,0.9985929648241206,49.39706469979137,47,200
0.0017094017094017094,0.3,0.918918918918919,0.08108108108108109,0.3,0.75,3,19856,34,7,0.3,0.0017094017094017094,0.9979396984924623,49.39706469979137,47,200
0.002011060834590246,0.3,0.9302325581395349,0.06976744186046512,0.3,0.8,3,19850,40,7,0.3,0.002011060834590246,0.9976381909547739,49.39706469979137,47,200
0.0021116138763197585,0.3,0.9333333333333333,0.06666666666666667,0.3,0.85,3,19848,42,7,0.3,0.0021116138763197585,0.997537688442211,49.39706469979137,47,200
0.0021116138763197585,0.3,0.9333333333333333,0.06666666666666667,0.3,0.9,3,19848,42,7,0.3,0.0021116138763197585,0.997537688442211,49.39706469979137,47,200
0.0023629964806435393,0.3,0.94,0.06,0.3,0.95,3,19843,47,7,0.3,0.0023629964806435393,0.997286432160804,49.39706469979137,47,200
0.9985419808949221,1.0,0.999496754063711,0.0005032459362890644,1.0,1.0,10,29,19861,0,1.0,0.9985419808949221,0.001959798994974874,49.39706469979137,47,200
0.0,0.0,0.0,,0.0,0.05,0,19890,0,10,0.0,0.0,0.9994974874371859,48.47731149988249,48,200
0.0,0.0,0.0,,0.0,0.1,0,19890,0,10,0.0,0.0,0.9994974874371859,48.47731149988249,48,200
5.0276520864756156e-05,0.0,1.0,0.0,0.0,0.15,0,19889,1,10,0.0,5.0276520864756156e-05,0.9994472361809045,48.47731149988249,48,200
0.00010055304172951231,0.0,1.0,0.0,0.0,0.2,0,19888,2,10,0.0,0.00010055304172951231,0.9993969849246231,48.47731149988249,48,200
0.00020110608345902463,0.0,1.0,0.0,0.0,0.25,0,19886,4,10,0.0,0.00020110608345902463,0.9992964824120603,48.47731149988249,48,200
0.00020110608345902463,0.0,1.0,0.0,0.0,0.3,0,19886,4,10,0.0,0.00020110608345902463,0.9992964824120603,48.47731149988249,48,200
0.00020110608345902463,0.0,1.0,0.0,0.0,0.35,0,19886,4,10,0.0,0.00020110608345902463,0.9992964824120603,48.47731149988249,48,200
0.00020110608345902463,0.0,1.0,0.0,0.0,0.4,0,19886,4,10,0.0,0.00020110608345902463,0.9992964824120603,48.47731149988249,48,200
0.000955253896430367,0.0,1.0,0.0,0.0,0.45,0,19871,19,10,0.0,0.000955253896430367,0.9985427135678392,48.47731149988249,48,200
0.0011060834590246355,0.0,1.0,0.0,0.0,0.5,0,19868,22,10,0.0,0.0011060834590246355,0.998391959798995,48.47731149988249,48,200
0.0013574660633484162,0.0,1.0,0.0,0.0,0.55,0,19863,27,10,0.0,0.0013574660633484162,0.998140703517588,48.47731149988249,48,200
0.0014077425842131724,0.0,1.0,0.0,0.0,0.6,0,19862,28,10,0.0,0.0014077425842131724,0.9980904522613065,48.47731149988249,48,200
0.001910507792860734,0.0,1.0,0.0,0.0,0.65,0,19852,38,10,0.0,0.001910507792860734,0.9975879396984925,48.47731149988249,48,200
0.00261437908496732,0.0,1.0,0.0,0.0,0.7,0,19838,52,10,0.0,0.00261437908496732,0.9968844221105527,48.47731149988249,48,200
0.0030668677727501256,0.0,1.0,0.0,0.0,0.75,0,19829,61,10,0.0,0.0030668677727501256,0.9964321608040201,48.47731149988249,48,200
0.003368526897938663,0.0,1.0,0.0,0.0,0.8,0,19823,67,10,0.0,0.003368526897938663,0.9961306532663317,48.47731149988249,48,200
0.008446455505279034,0.2,0.9882352941176471,0.011764705882352941,0.2,0.85,2,19722,168,8,0.2,0.008446455505279034,0.9911557788944724,48.47731149988249,48,200
0.010759175465057818,0.3,0.9861751152073732,0.013824884792626729,0.3,0.9,3,19676,214,7,0.3,0.010759175465057818,0.988894472361809,48.47731149988249,48,200
0.024987430869783812,0.6,0.9880715705765407,0.011928429423459244,0.6,0.95,6,19393,497,4,0.6,0.024987430869783812,0.974824120603015,48.47731149988249,48,200
0.9984414278531926,1.0,0.9994967034073179,0.0005032965926820676,1.0,1.0,10,31,19859,0,1.0,0.9984414278531926,0.0020603015075376886,48.47731149988249,48,200
0.0,0.0,0.0,,0.0,0.05,0,19890,0,10,0.0,0.0,0.9994974874371859,54.60871970001608,49,200
0.0,0.0,0.0,,0.0,0.1,0,19890,0,10,0.0,0.0,0.9994974874371859,54.60871970001608,49,200
0.0,0.0,0.0,,0.0,0.15,0,19890,0,10,0.0,0.0,0.9994974874371859,54.60871970001608,49,200
0.0,0.0,0.0,,0.0,0.2,0,19890,0,10,0.0,0.0,0.9994974874371859,54.60871970001608,49,200
0.0,0.0,0.0,,0.0,0.25,0,19890,0,10,0.0,0.0,0.9994974874371859,54.60871970001608,49,200
0.0,0.0,0.0,,0.0,0.3,0,19890,0,10,0.0,0.0,0.9994974874371859,54.60871970001608,49,200
0.0,0.0,0.0,,0.0,0.35,0,19890,0,10,0.0,0.0,0.9994974874371859,54.60871970001608,49,200
0.0,0.0,0.0,,0.0,0.4,0,19890,0,10,0.0,0.0,0.9994974874371859,54.60871970001608,49,200
0.0,0.0,0.0,,0.0,0.45,0,19890,0,10,0.0,0.0,0.9994974874371859,54.60871970001608,49,200
0.0,0.0,0.0,,0.0,0.5,0,19890,0,10,0.0,0.0,0.9994974874371859,54.60871970001608,49,200
0.0,0.0,0.0,,0.0,0.55,0,19890,0,10,0.0,0.0,0.9994974874371859,54.60871970001608,49,200
0.0,0.0,0.0,,0.0,0.6,0,19890,0,10,0.0,0.0,0.9994974874371859,54.60871970001608,49,200
0.0,0.0,0.0,,0.0,0.65,0,19890,0,10,0.0,0.0,0.9994974874371859,54.60871970001608,49,200
0.0,0.0,0.0,,0.0,0.7,0,19890,0,10,0.0,0.0,0.9994974874371859,54.60871970001608,49,200
0.0,0.0,0.0,,0.0,0.75,0,19890,0,10,0.0,0.0,0.9994974874371859,54.60871970001608,49,200
0.0,0.0,0.0,,0.0,0.8,0,19890,0,10,0.0,0.0,0.9994974874371859,54.60871970001608,49,200
5.0276520864756156e-05,0.0,1.0,0.0,0.0,0.85,0,19889,1,10,0.0,5.0276520864756156e-05,0.9994472361809045,54.60871970001608,49,200
5.0276520864756156e-05,0.0,1.0,0.0,0.0,0.9,0,19889,1,10,0.0,5.0276520864756156e-05,0.9994472361809045,54.60871970001608,49,200
0.0017596782302664656,0.0,1.0,0.0,0.0,0.95,0,19855,35,10,0.0,0.0017596782302664656,0.9977386934673367,54.60871970001608,49,200
0.8741578682755153,0.9,0.9994826396872845,0.0005173603127155668,0.9,1.0,9,2503,17387,1,0.9,0.8741578682755153,0.12623115577889446,54.60871970001608,49,200
