FPR,TPR,FDR,NPrecision,NRecall,alpha,NTP,NTN,NFP,NFN,NTPR,NFPR,NACC,diffnetfinder_sec,run,dim
0.0,0.0,0.0,,0.0,0.05,0,19890,0,10,0.0,0.0,0.9994974874371859,46.43033430003561,0,200
0.0,0.0,0.0,,0.0,0.1,0,19890,0,10,0.0,0.0,0.9994974874371859,46.43033430003561,0,200
0.0,0.0,0.0,,0.0,0.15,0,19890,0,10,0.0,0.0,0.9994974874371859,46.43033430003561,0,200
0.0,0.0,0.0,,0.0,0.2,0,19890,0,10,0.0,0.0,0.9994974874371859,46.43033430003561,0,200
0.0,0.0,0.0,,0.0,0.25,0,19890,0,10,0.0,0.0,0.9994974874371859,46.43033430003561,0,200
0.0,0.0,0.0,,0.0,0.3,0,19890,0,10,0.0,0.0,0.9994974874371859,46.43033430003561,0,200
0.00010055304172951231,0.1,0.6666666666666666,0.3333333333333333,0.1,0.35,1,19888,2,9,0.1,0.00010055304172951231,0.9994472361809045,46.43033430003561,0,200
0.00010055304172951231,0.1,0.6666666666666666,0.3333333333333333,0.1,0.4,1,19888,2,9,0.1,0.00010055304172951231,0.9994472361809045,46.43033430003561,0,200
0.00010055304172951231,0.1,0.6666666666666666,0.3333333333333333,0.1,0.45,1,19888,2,9,0.1,0.00010055304172951231,0.9994472361809045,46.43033430003561,0,200
0.00010055304172951231,0.1,0.6666666666666666,0.3333333333333333,0.1,0.5,1,19888,2,9,0.1,0.00010055304172951231,0.9994472361809045,46.43033430003561,0,200
0.00010055304172951231,0.1,0.6666666666666666,0.3333333333333333,0.1,0.55,1,19888,2,9,0.1,0.00010055304172951231,0.9994472361809045,46.43033430003561,0,200
0.00015082956259426848,0.1,0.75,0.25,0.1,0.6,1,19887,3,9,0.1,0.00015082956259426848,0.9993969849246231,46.43033430003561,0,200
0.00015082956259426848,0.1,0.75,0.25,0.1,0.65,1,19887,3,9,0.1,0.00015082956259426848,0.9993969849246231,46.43033430003561,0,200
0.00015082956259426848,0.1,0.75,0.25,0.1,0.7,1,19887,3,9,0.1,0.00015082956259426848,0.9993969849246231,46.43033430003561,0,200
0.00020110608345902463,0.1,0.8,0.2,0.1,0.75,1,19886,4,9,0.1,0.00020110608345902463,0.9993467336683417,46.43033430003561,0,200
0.00025138260432378077,0.1,0.8333333333333334,0.16666666666666666,0.1,0.8,1,19885,5,9,0.1,0.00025138260432378077,0.9992964824120603,46.43033430003561,0,200
0.00261437908496732,0.1,0.9811320754716981,0.018867924528301886,0.1,0.85,1,19838,52,9,0.1,0.00261437908496732,0.9969346733668342,46.43033430003561,0,200
0.002865761689291101,0.1,0.9827586206896551,0.017241379310344827,0.1,0.9,1,19833,57,9,0.1,0.002865761689291101,0.9966834170854272,46.43033430003561,0,200
0.0036199095022624436,0.1,0.9863013698630136,0.0136986301369863,0.1,0.95,1,19818,72,9,0.1,0.0036199095022624436,0.995929648241206,46.43033430003561,0,200
0.9964806435394671,1.0,0.9994957135653051,0.0005042864346949068,1.0,1.0,10,70,19820,0,1.0,0.9964806435394671,0.004020100502512563,46.43033430003561,0,200
0.0,0.0,0.0,,0.0,0.05,0,19890,0,10,0.0,0.0,0.9994974874371859,45.41823439998552,1,200
0.0,0.0,0.0,,0.0,0.1,0,19890,0,10,0.0,0.0,0.9994974874371859,45.41823439998552,1,200
0.0,0.0,0.0,,0.0,0.15,0,19890,0,10,0.0,0.0,0.9994974874371859,45.41823439998552,1,200
0.0,0.0,0.0,,0.0,0.2,0,19890,0,10,0.0,0.0,0.9994974874371859,45.41823439998552,1,200
5.0276520864756156e-05,0.0,1.0,0.0,0.0,0.25,0,19889,1,10,0.0,5.0276520864756156e-05,0.9994472361809045,45.41823439998552,1,200
5.0276520864756156e-05,0.0,1.0,0.0,0.0,0.3,0,19889,1,10,0.0,5.0276520864756156e-05,0.9994472361809045,45.41823439998552,1,200
5.0276520864756156e-05,0.0,1.0,0.0,0.0,0.35,0,19889,1,10,0.0,5.0276520864756156e-05,0.9994472361809045,45.41823439998552,1,200
5.0276520864756156e-05,0.0,1.0,0.0,0.0,0.4,0,19889,1,10,0.0,5.0276520864756156e-05,0.9994472361809045,45.41823439998552,1,200
5.0276520864756156e-05,0.0,1.0,0.0,0.0,0.45,0,19889,1,10,0.0,5.0276520864756156e-05,0.9994472361809045,45.41823439998552,1,200
5.0276520864756156e-05,0.0,1.0,0.0,0.0,0.5,0,19889,1,10,0.0,5.0276520864756156e-05,0.9994472361809045,45.41823439998552,1,200
5.0276520864756156e-05,0.0,1.0,0.0,0.0,0.55,0,19889,1,10,0.0,5.0276520864756156e-05,0.9994472361809045,45.41823439998552,1,200
0.00030165912518853697,0.0,1.0,0.0,0.0,0.6,0,19884,6,10,0.0,0.00030165912518853697,0.9991959798994975,45.41823439998552,1,200
0.00030165912518853697,0.0,1.0,0.0,0.0,0.65,0,19884,6,10,0.0,0.00030165912518853697,0.9991959798994975,45.41823439998552,1,200
0.00030165912518853697,0.0,1.0,0.0,0.0,0.7,0,19884,6,10,0.0,0.00030165912518853697,0.9991959798994975,45.41823439998552,1,200
0.0003519356460532931,0.0,1.0,0.0,0.0,0.75,0,19883,7,10,0.0,0.0003519356460532931,0.999145728643216,45.41823439998552,1,200
0.0006033182503770739,0.0,1.0,0.0,0.0,0.8,0,19878,12,10,0.0,0.0006033182503770739,0.9988944723618091,45.41823439998552,1,200
0.001608848667672197,0.0,1.0,0.0,0.0,0.85,0,19858,32,10,0.0,0.001608848667672197,0.9978894472361809,45.41823439998552,1,200
0.0058320764203117145,0.0,1.0,0.0,0.0,0.9,0,19774,116,10,0.0,0.0058320764203117145,0.9936683417085427,45.41823439998552,1,200
0.00759175465057818,0.1,0.993421052631579,0.006578947368421052,0.1,0.95,1,19739,151,9,0.1,0.00759175465057818,0.9919597989949749,45.41823439998552,1,200
0.9981900452488688,1.0,0.9994965767217077,0.0005034232782923883,1.0,1.0,10,36,19854,0,1.0,0.9981900452488688,0.0023115577889447235,45.41823439998552,1,200
0.0,0.0,0.0,,0.0,0.05,0,19890,0,10,0.0,0.0,0.9994974874371859,46.466185400029644,2,200
0.0,0.0,0.0,,0.0,0.1,0,19890,0,10,0.0,0.0,0.9994974874371859,46.466185400029644,2,200
5.0276520864756156e-05,0.0,1.0,0.0,0.0,0.15,0,19889,1,10,0.0,5.0276520864756156e-05,0.9994472361809045,46.466185400029644,2,200
5.0276520864756156e-05,0.0,1.0,0.0,0.0,0.2,0,19889,1,10,0.0,5.0276520864756156e-05,0.9994472361809045,46.466185400029644,2,200
0.00015082956259426848,0.1,0.75,0.25,0.1,0.25,1,19887,3,9,0.1,0.00015082956259426848,0.9993969849246231,46.466185400029644,2,200
0.00015082956259426848,0.1,0.75,0.25,0.1,0.3,1,19887,3,9,0.1,0.00015082956259426848,0.9993969849246231,46.466185400029644,2,200
0.00015082956259426848,0.1,0.75,0.25,0.1,0.35,1,19887,3,9,0.1,0.00015082956259426848,0.9993969849246231,46.466185400029644,2,200
0.00015082956259426848,0.1,0.75,0.25,0.1,0.4,1,19887,3,9,0.1,0.00015082956259426848,0.9993969849246231,46.466185400029644,2,200
0.00025138260432378077,0.1,0.8333333333333334,0.16666666666666666,0.1,0.45,1,19885,5,9,0.1,0.00025138260432378077,0.9992964824120603,46.466185400029644,2,200
0.00025138260432378077,0.1,0.8333333333333334,0.16666666666666666,0.1,0.5,1,19885,5,9,0.1,0.00025138260432378077,0.9992964824120603,46.466185400029644,2,200
0.00025138260432378077,0.1,0.8333333333333334,0.16666666666666666,0.1,0.55,1,19885,5,9,0.1,0.00025138260432378077,0.9992964824120603,46.466185400029644,2,200
0.00025138260432378077,0.1,0.8333333333333334,0.16666666666666666,0.1,0.6,1,19885,5,9,0.1,0.00025138260432378077,0.9992964824120603,46.466185400029644,2,200
0.00025138260432378077,0.1,0.8333333333333334,0.16666666666666666,0.1,0.65,1,19885,5,9,0.1,0.00025138260432378077,0.9992964824120603,46.466185400029644,2,200
0.00025138260432378077,0.1,0.8333333333333334,0.16666666666666666,0.1,0.7,1,19885,5,9,0.1,0.00025138260432378077,0.9992964824120603,46.466185400029644,2,200
0.00025138260432378077,0.1,0.8333333333333334,0.16666666666666666,0.1,0.75,1,19885,5,9,0.1,0.00025138260432378077,0.9992964824120603,46.466185400029644,2,200
0.0013574660633484162,0.1,0.9642857142857143,0.03571428571428571,0.1,0.8,1,19863,27,9,0.1,0.0013574660633484162,0.9981909547738693,46.466185400029644,2,200
0.0016591251885369532,0.1,0.9705882352941176,0.029411764705882353,0.1,0.85,1,19857,33,9,0.1,0.0016591251885369532,0.9978894472361809,46.466185400029644,2,200
0.00261437908496732,0.1,0.9811320754716981,0.018867924528301886,0.1,0.9,1,19838,52,9,0.1,0.00261437908496732,0.9969346733668342,46.466185400029644,2,200
0.0029160382101558573,0.1,0.9830508474576272,0.01694915254237288,0.1,0.95,1,19832,58,9,0.1,0.0029160382101558573,0.9966331658291457,46.466185400029644,2,200
0.005077928607340372,0.1,0.9901960784313726,0.00980392156862745,0.1,1.0,1,19789,101,9,0.1,0.005077928607340372,0.9944723618090452,46.466185400029644,2,200
0.0,0.0,0.0,,0.0,0.05,0,19890,0,10,0.0,0.0,0.9994974874371859,46.432234700070694,3,200
0.0,0.0,0.0,,0.0,0.1,0,19890,0,10,0.0,0.0,0.9994974874371859,46.432234700070694,3,200
0.0,0.1,0.0,1.0,0.1,0.15,1,19890,0,9,0.1,0.0,0.9995477386934674,46.432234700070694,3,200
0.00020110608345902463,0.1,0.8,0.2,0.1,0.2,1,19886,4,9,0.1,0.00020110608345902463,0.9993467336683417,46.432234700070694,3,200
0.00020110608345902463,0.1,0.8,0.2,0.1,0.25,1,19886,4,9,0.1,0.00020110608345902463,0.9993467336683417,46.432234700070694,3,200
0.00020110608345902463,0.2,0.6666666666666666,0.3333333333333333,0.2,0.3,2,19886,4,8,0.2,0.00020110608345902463,0.9993969849246231,46.432234700070694,3,200
0.00020110608345902463,0.2,0.6666666666666666,0.3333333333333333,0.2,0.35,2,19886,4,8,0.2,0.00020110608345902463,0.9993969849246231,46.432234700070694,3,200
0.00020110608345902463,0.2,0.6666666666666666,0.3333333333333333,0.2,0.4,2,19886,4,8,0.2,0.00020110608345902463,0.9993969849246231,46.432234700070694,3,200
0.00030165912518853697,0.2,0.75,0.25,0.2,0.45,2,19884,6,8,0.2,0.00030165912518853697,0.9992964824120603,46.432234700070694,3,200
0.00030165912518853697,0.2,0.75,0.25,0.2,0.5,2,19884,6,8,0.2,0.00030165912518853697,0.9992964824120603,46.432234700070694,3,200
0.00030165912518853697,0.2,0.75,0.25,0.2,0.55,2,19884,6,8,0.2,0.00030165912518853697,0.9992964824120603,46.432234700070694,3,200
0.0003519356460532931,0.2,0.7777777777777778,0.2222222222222222,0.2,0.6,2,19883,7,8,0.2,0.0003519356460532931,0.9992462311557789,46.432234700070694,3,200
0.0008044243338360985,0.2,0.8888888888888888,0.1111111111111111,0.2,0.65,2,19874,16,8,0.2,0.0008044243338360985,0.9987939698492462,46.432234700070694,3,200
0.001005530417295123,0.2,0.9090909090909091,0.09090909090909091,0.2,0.7,2,19870,20,8,0.2,0.001005530417295123,0.9985929648241206,46.432234700070694,3,200
0.001005530417295123,0.2,0.9090909090909091,0.09090909090909091,0.2,0.75,2,19870,20,8,0.2,0.001005530417295123,0.9985929648241206,46.432234700070694,3,200
0.00196078431372549,0.2,0.9512195121951219,0.04878048780487805,0.2,0.8,2,19851,39,8,0.2,0.00196078431372549,0.9976381909547739,46.432234700070694,3,200
0.0030165912518853697,0.3,0.9523809523809523,0.047619047619047616,0.3,0.85,3,19830,60,7,0.3,0.0030165912518853697,0.9966331658291457,46.432234700070694,3,200
0.003167420814479638,0.3,0.9545454545454546,0.045454545454545456,0.3,0.9,3,19827,63,7,0.3,0.003167420814479638,0.9964824120603015,46.432234700070694,3,200
0.008798391151332328,0.3,0.9831460674157303,0.016853932584269662,0.3,0.95,3,19715,175,7,0.3,0.008798391151332328,0.9908542713567839,46.432234700070694,3,200
0.9964806435394671,1.0,0.9994957135653051,0.0005042864346949068,1.0,1.0,10,70,19820,0,1.0,0.9964806435394671,0.004020100502512563,46.432234700070694,3,200
0.0,0.0,0.0,,0.0,0.05,0,19890,0,10,0.0,0.0,0.9994974874371859,46.1221310000401,4,200
0.0,0.0,0.0,,0.0,0.1,0,19890,0,10,0.0,0.0,0.9994974874371859,46.1221310000401,4,200
0.0,0.0,0.0,,0.0,0.15,0,19890,0,10,0.0,0.0,0.9994974874371859,46.1221310000401,4,200
0.0,0.0,0.0,,0.0,0.2,0,19890,0,10,0.0,0.0,0.9994974874371859,46.1221310000401,4,200
0.0,0.0,0.0,,0.0,0.25,0,19890,0,10,0.0,0.0,0.9994974874371859,46.1221310000401,4,200
0.0,0.0,0.0,,0.0,0.3,0,19890,0,10,0.0,0.0,0.9994974874371859,46.1221310000401,4,200
0.0,0.0,0.0,,0.0,0.35,0,19890,0,10,0.0,0.0,0.9994974874371859,46.1221310000401,4,200
0.0,0.0,0.0,,0.0,0.4,0,19890,0,10,0.0,0.0,0.9994974874371859,46.1221310000401,4,200
0.0,0.0,0.0,,0.0,0.45,0,19890,0,10,0.0,0.0,0.9994974874371859,46.1221310000401,4,200
0.00010055304172951231,0.0,1.0,0.0,0.0,0.5,0,19888,2,10,0.0,0.00010055304172951231,0.9993969849246231,46.1221310000401,4,200
0.00010055304172951231,0.0,1.0,0.0,0.0,0.55,0,19888,2,10,0.0,0.00010055304172951231,0.9993969849246231,46.1221310000401,4,200
0.00010055304172951231,0.0,1.0,0.0,0.0,0.6,0,19888,2,10,0.0,0.00010055304172951231,0.9993969849246231,46.1221310000401,4,200
0.00045248868778280545,0.0,1.0,0.0,0.0,0.65,0,19881,9,10,0.0,0.00045248868778280545,0.9990452261306533,46.1221310000401,4,200
0.00045248868778280545,0.0,1.0,0.0,0.0,0.7,0,19881,9,10,0.0,0.00045248868778280545,0.9990452261306533,46.1221310000401,4,200
0.00045248868778280545,0.0,1.0,0.0,0.0,0.75,0,19881,9,10,0.0,0.00045248868778280545,0.9990452261306533,46.1221310000401,4,200
0.00045248868778280545,0.0,1.0,0.0,0.0,0.8,0,19881,9,10,0.0,0.00045248868778280545,0.9990452261306533,46.1221310000401,4,200
0.0008044243338360985,0.0,1.0,0.0,0.0,0.85,0,19874,16,10,0.0,0.0008044243338360985,0.9986934673366834,46.1221310000401,4,200
0.004675716440422323,0.0,1.0,0.0,0.0,0.9,0,19797,93,10,0.0,0.004675716440422323,0.9948241206030151,46.1221310000401,4,200
0.006686777275012569,0.0,1.0,0.0,0.0,0.95,0,19757,133,10,0.0,0.006686777275012569,0.9928140703517588,46.1221310000401,4,200
0.9986928104575163,1.0,0.9994968300291839,0.0005031699708161417,1.0,1.0,10,26,19864,0,1.0,0.9986928104575163,0.0018090452261306533,46.1221310000401,4,200
0.0,0.0,0.0,,0.0,0.05,0,19890,0,10,0.0,0.0,0.9994974874371859,46.28439859999344,5,200
0.0,0.0,0.0,,0.0,0.1,0,19890,0,10,0.0,0.0,0.9994974874371859,46.28439859999344,5,200
0.0,0.0,0.0,,0.0,0.15,0,19890,0,10,0.0,0.0,0.9994974874371859,46.28439859999344,5,200
0.0,0.0,0.0,,0.0,0.2,0,19890,0,10,0.0,0.0,0.9994974874371859,46.28439859999344,5,200
0.0,0.0,0.0,,0.0,0.25,0,19890,0,10,0.0,0.0,0.9994974874371859,46.28439859999344,5,200
0.0,0.0,0.0,,0.0,0.3,0,19890,0,10,0.0,0.0,0.9994974874371859,46.28439859999344,5,200
0.0,0.0,0.0,,0.0,0.35,0,19890,0,10,0.0,0.0,0.9994974874371859,46.28439859999344,5,200
0.0,0.0,0.0,,0.0,0.4,0,19890,0,10,0.0,0.0,0.9994974874371859,46.28439859999344,5,200
0.0,0.0,0.0,,0.0,0.45,0,19890,0,10,0.0,0.0,0.9994974874371859,46.28439859999344,5,200
0.0,0.0,0.0,,0.0,0.5,0,19890,0,10,0.0,0.0,0.9994974874371859,46.28439859999344,5,200
0.0,0.0,0.0,,0.0,0.55,0,19890,0,10,0.0,0.0,0.9994974874371859,46.28439859999344,5,200
0.0,0.0,0.0,,0.0,0.6,0,19890,0,10,0.0,0.0,0.9994974874371859,46.28439859999344,5,200
0.0,0.0,0.0,,0.0,0.65,0,19890,0,10,0.0,0.0,0.9994974874371859,46.28439859999344,5,200
0.0,0.0,0.0,,0.0,0.7,0,19890,0,10,0.0,0.0,0.9994974874371859,46.28439859999344,5,200
0.0,0.0,0.0,,0.0,0.75,0,19890,0,10,0.0,0.0,0.9994974874371859,46.28439859999344,5,200
0.0,0.0,0.0,,0.0,0.8,0,19890,0,10,0.0,0.0,0.9994974874371859,46.28439859999344,5,200
0.0015082956259426848,0.0,1.0,0.0,0.0,0.85,0,19860,30,10,0.0,0.0015082956259426848,0.9979899497487437,46.28439859999344,5,200
0.00196078431372549,0.0,1.0,0.0,0.0,0.9,0,19851,39,10,0.0,0.00196078431372549,0.997537688442211,46.28439859999344,5,200
0.0020613373554550026,0.0,1.0,0.0,0.0,0.95,0,19849,41,10,0.0,0.0020613373554550026,0.9974371859296483,46.28439859999344,5,200
0.998340874811463,1.0,0.9994966527407259,0.0005033472592741732,1.0,1.0,10,33,19857,0,1.0,0.998340874811463,0.0021608040201005025,46.28439859999344,5,200
0.0,0.1,0.0,1.0,0.1,0.05,1,19890,0,9,0.1,0.0,0.9995477386934674,46.32695919997059,6,200
0.0,0.1,0.0,1.0,0.1,0.1,1,19890,0,9,0.1,0.0,0.9995477386934674,46.32695919997059,6,200
0.0,0.1,0.0,1.0,0.1,0.15,1,19890,0,9,0.1,0.0,0.9995477386934674,46.32695919997059,6,200
0.0,0.1,0.0,1.0,0.1,0.2,1,19890,0,9,0.1,0.0,0.9995477386934674,46.32695919997059,6,200
0.0,0.1,0.0,1.0,0.1,0.25,1,19890,0,9,0.1,0.0,0.9995477386934674,46.32695919997059,6,200
0.00010055304172951231,0.1,0.6666666666666666,0.3333333333333333,0.1,0.3,1,19888,2,9,0.1,0.00010055304172951231,0.9994472361809045,46.32695919997059,6,200
0.00010055304172951231,0.1,0.6666666666666666,0.3333333333333333,0.1,0.35,1,19888,2,9,0.1,0.00010055304172951231,0.9994472361809045,46.32695919997059,6,200
0.00010055304172951231,0.1,0.6666666666666666,0.3333333333333333,0.1,0.4,1,19888,2,9,0.1,0.00010055304172951231,0.9994472361809045,46.32695919997059,6,200
0.00010055304172951231,0.1,0.6666666666666666,0.3333333333333333,0.1,0.45,1,19888,2,9,0.1,0.00010055304172951231,0.9994472361809045,46.32695919997059,6,200
0.00010055304172951231,0.1,0.6666666666666666,0.3333333333333333,0.1,0.5,1,19888,2,9,0.1,0.00010055304172951231,0.9994472361809045,46.32695919997059,6,200
0.00015082956259426848,0.1,0.75,0.25,0.1,0.55,1,19887,3,9,0.1,0.00015082956259426848,0.9993969849246231,46.32695919997059,6,200
0.00020110608345902463,0.1,0.8,0.2,0.1,0.6,1,19886,4,9,0.1,0.00020110608345902463,0.9993467336683417,46.32695919997059,6,200
0.00020110608345902463,0.1,0.8,0.2,0.1,0.65,1,19886,4,9,0.1,0.00020110608345902463,0.9993467336683417,46.32695919997059,6,200
0.00020110608345902463,0.1,0.8,0.2,0.1,0.7,1,19886,4,9,0.1,0.00020110608345902463,0.9993467336683417,46.32695919997059,6,200
0.00020110608345902463,0.1,0.8,0.2,0.1,0.75,1,19886,4,9,0.1,0.00020110608345902463,0.9993467336683417,46.32695919997059,6,200
0.00020110608345902463,0.1,0.8,0.2,0.1,0.8,1,19886,4,9,0.1,0.00020110608345902463,0.9993467336683417,46.32695919997059,6,200
0.00020110608345902463,0.1,0.8,0.2,0.1,0.85,1,19886,4,9,0.1,0.00020110608345902463,0.9993467336683417,46.32695919997059,6,200
0.00020110608345902463,0.1,0.8,0.2,0.1,0.9,1,19886,4,9,0.1,0.00020110608345902463,0.9993467336683417,46.32695919997059,6,200
0.03524384112619407,0.4,0.9943262411347518,0.005673758865248227,0.4,0.95,4,19189,701,6,0.4,0.03524384112619407,0.9644723618090453,46.32695919997059,6,200
0.9305681246857718,0.9,0.9995139863916189,0.00048601360838103466,0.9,1.0,9,1381,18509,1,0.9,0.9305681246857718,0.06984924623115578,46.32695919997059,6,200
0.0,0.0,0.0,,0.0,0.05,0,19890,0,10,0.0,0.0,0.9994974874371859,45.21259630005807,7,200
0.0,0.0,0.0,,0.0,0.1,0,19890,0,10,0.0,0.0,0.9994974874371859,45.21259630005807,7,200
0.0,0.1,0.0,1.0,0.1,0.15,1,19890,0,9,0.1,0.0,0.9995477386934674,45.21259630005807,7,200
0.0,0.1,0.0,1.0,0.1,0.2,1,19890,0,9,0.1,0.0,0.9995477386934674,45.21259630005807,7,200
0.0,0.2,0.0,1.0,0.2,0.25,2,19890,0,8,0.2,0.0,0.9995979899497487,45.21259630005807,7,200
0.0,0.2,0.0,1.0,0.2,0.3,2,19890,0,8,0.2,0.0,0.9995979899497487,45.21259630005807,7,200
0.00015082956259426848,0.2,0.6,0.4,0.2,0.35,2,19887,3,8,0.2,0.00015082956259426848,0.9994472361809045,45.21259630005807,7,200
0.00020110608345902463,0.2,0.6666666666666666,0.3333333333333333,0.2,0.4,2,19886,4,8,0.2,0.00020110608345902463,0.9993969849246231,45.21259630005807,7,200
0.00030165912518853697,0.2,0.75,0.25,0.2,0.45,2,19884,6,8,0.2,0.00030165912518853697,0.9992964824120603,45.21259630005807,7,200
0.0005027652086475615,0.2,0.8333333333333334,0.16666666666666666,0.2,0.5,2,19880,10,8,0.2,0.0005027652086475615,0.9990954773869347,45.21259630005807,7,200
0.00065359477124183,0.3,0.8125,0.1875,0.3,0.55,3,19877,13,7,0.3,0.00065359477124183,0.9989949748743718,45.21259630005807,7,200
0.0009049773755656109,0.3,0.8571428571428571,0.14285714285714285,0.3,0.6,3,19872,18,7,0.3,0.0009049773755656109,0.9987437185929648,45.21259630005807,7,200
0.0013574660633484162,0.3,0.9,0.1,0.3,0.65,3,19863,27,7,0.3,0.0013574660633484162,0.9982914572864322,45.21259630005807,7,200
0.0018602312719959778,0.3,0.925,0.075,0.3,0.7,3,19853,37,7,0.3,0.0018602312719959778,0.9977889447236181,45.21259630005807,7,200
0.001910507792860734,0.3,0.926829268292683,0.07317073170731707,0.3,0.75,3,19852,38,7,0.3,0.001910507792860734,0.9977386934673367,45.21259630005807,7,200
0.008547008547008548,0.3,0.9826589595375722,0.017341040462427744,0.3,0.8,3,19720,170,7,0.3,0.008547008547008548,0.9911055276381909,45.21259630005807,7,200
0.009703368526897939,0.4,0.9796954314720813,0.02030456852791878,0.4,0.85,4,19697,193,6,0.4,0.009703368526897939,0.99,45.21259630005807,7,200
0.013323278029160382,0.5,0.9814814814814815,0.018518518518518517,0.5,0.9,5,19625,265,5,0.5,0.013323278029160382,0.9864321608040201,45.21259630005807,7,200
0.02212166918049271,0.5,0.9887640449438202,0.011235955056179775,0.5,0.95,5,19450,440,5,0.5,0.02212166918049271,0.9776381909547739,45.21259630005807,7,200
0.9986425339366516,1.0,0.9994968047099079,0.0005031952900920847,1.0,1.0,10,27,19863,0,1.0,0.9986425339366516,0.0018592964824120603,45.21259630005807,7,200
0.0,0.1,0.0,1.0,0.1,0.05,1,19890,0,9,0.1,0.0,0.9995477386934674,47.16622249991633,8,200
0.0,0.1,0.0,1.0,0.1,0.1,1,19890,0,9,0.1,0.0,0.9995477386934674,47.16622249991633,8,200
0.0,0.1,0.0,1.0,0.1,0.15,1,19890,0,9,0.1,0.0,0.9995477386934674,47.16622249991633,8,200
0.0,0.1,0.0,1.0,0.1,0.2,1,19890,0,9,0.1,0.0,0.9995477386934674,47.16622249991633,8,200
0.0,0.1,0.0,1.0,0.1,0.25,1,19890,0,9,0.1,0.0,0.9995477386934674,47.16622249991633,8,200
0.0,0.1,0.0,1.0,0.1,0.3,1,19890,0,9,0.1,0.0,0.9995477386934674,47.16622249991633,8,200
0.0,0.1,0.0,1.0,0.1,0.35,1,19890,0,9,0.1,0.0,0.9995477386934674,47.16622249991633,8,200
0.0,0.1,0.0,1.0,0.1,0.4,1,19890,0,9,0.1,0.0,0.9995477386934674,47.16622249991633,8,200
0.0,0.1,0.0,1.0,0.1,0.45,1,19890,0,9,0.1,0.0,0.9995477386934674,47.16622249991633,8,200
0.0,0.1,0.0,1.0,0.1,0.5,1,19890,0,9,0.1,0.0,0.9995477386934674,47.16622249991633,8,200
0.0,0.1,0.0,1.0,0.1,0.55,1,19890,0,9,0.1,0.0,0.9995477386934674,47.16622249991633,8,200
0.0,0.1,0.0,1.0,0.1,0.6,1,19890,0,9,0.1,0.0,0.9995477386934674,47.16622249991633,8,200
0.0,0.1,0.0,1.0,0.1,0.65,1,19890,0,9,0.1,0.0,0.9995477386934674,47.16622249991633,8,200
0.00010055304172951231,0.1,0.6666666666666666,0.3333333333333333,0.1,0.7,1,19888,2,9,0.1,0.00010055304172951231,0.9994472361809045,47.16622249991633,8,200
0.00010055304172951231,0.1,0.6666666666666666,0.3333333333333333,0.1,0.75,1,19888,2,9,0.1,0.00010055304172951231,0.9994472361809045,47.16622249991633,8,200
0.00010055304172951231,0.1,0.6666666666666666,0.3333333333333333,0.1,0.8,1,19888,2,9,0.1,0.00010055304172951231,0.9994472361809045,47.16622249991633,8,200
0.00010055304172951231,0.1,0.6666666666666666,0.3333333333333333,0.1,0.85,1,19888,2,9,0.1,0.00010055304172951231,0.9994472361809045,47.16622249991633,8,200
0.00010055304172951231,0.1,0.6666666666666666,0.3333333333333333,0.1,0.9,1,19888,2,9,0.1,0.00010055304172951231,0.9994472361809045,47.16622249991633,8,200
0.008697838109602816,0.2,0.9885714285714285,0.011428571428571429,0.2,0.95,2,19717,173,8,0.2,0.008697838109602816,0.9909045226130653,47.16622249991633,8,200
0.9983911513323278,1.0,0.999496678075297,0.0005033219247030401,1.0,1.0,10,32,19858,0,1.0,0.9983911513323278,0.0021105527638190956,47.16622249991633,8,200
0.0,0.1,0.0,1.0,0.1,0.05,1,19890,0,9,0.1,0.0,0.9995477386934674,46.81573319993913,9,200
0.0,0.1,0.0,1.0,0.1,0.1,1,19890,0,9,0.1,0.0,0.9995477386934674,46.81573319993913,9,200
0.0,0.1,0.0,1.0,0.1,0.15,1,19890,0,9,0.1,0.0,0.9995477386934674,46.81573319993913,9,200
0.0,0.1,0.0,1.0,0.1,0.2,1,19890,0,9,0.1,0.0,0.9995477386934674,46.81573319993913,9,200
0.0,0.1,0.0,1.0,0.1,0.25,1,19890,0,9,0.1,0.0,0.9995477386934674,46.81573319993913,9,200
0.0,0.1,0.0,1.0,0.1,0.3,1,19890,0,9,0.1,0.0,0.9995477386934674,46.81573319993913,9,200
0.0,0.1,0.0,1.0,0.1,0.35,1,19890,0,9,0.1,0.0,0.9995477386934674,46.81573319993913,9,200
0.0,0.1,0.0,1.0,0.1,0.4,1,19890,0,9,0.1,0.0,0.9995477386934674,46.81573319993913,9,200
0.0,0.1,0.0,1.0,0.1,0.45,1,19890,0,9,0.1,0.0,0.9995477386934674,46.81573319993913,9,200
0.00015082956259426848,0.1,0.75,0.25,0.1,0.5,1,19887,3,9,0.1,0.00015082956259426848,0.9993969849246231,46.81573319993913,9,200
0.00015082956259426848,0.1,0.75,0.25,0.1,0.55,1,19887,3,9,0.1,0.00015082956259426848,0.9993969849246231,46.81573319993913,9,200
0.00015082956259426848,0.1,0.75,0.25,0.1,0.6,1,19887,3,9,0.1,0.00015082956259426848,0.9993969849246231,46.81573319993913,9,200
0.00015082956259426848,0.1,0.75,0.25,0.1,0.65,1,19887,3,9,0.1,0.00015082956259426848,0.9993969849246231,46.81573319993913,9,200
0.00015082956259426848,0.1,0.75,0.25,0.1,0.7,1,19887,3,9,0.1,0.00015082956259426848,0.9993969849246231,46.81573319993913,9,200
0.00015082956259426848,0.1,0.75,0.25,0.1,0.75,1,19887,3,9,0.1,0.00015082956259426848,0.9993969849246231,46.81573319993913,9,200
0.00015082956259426848,0.1,0.75,0.25,0.1,0.8,1,19887,3,9,0.1,0.00015082956259426848,0.9993969849246231,46.81573319993913,9,200
0.00020110608345902463,0.1,0.8,0.2,0.1,0.85,1,19886,4,9,0.1,0.00020110608345902463,0.9993467336683417,46.81573319993913,9,200
0.00020110608345902463,0.1,0.8,0.2,0.1,0.9,1,19886,4,9,0.1,0.00020110608345902463,0.9993467336683417,46.81573319993913,9,200
0.002161890397184515,0.1,0.9772727272727273,0.022727272727272728,0.1,0.95,1,19847,43,9,0.1,0.002161890397184515,0.9973869346733668,46.81573319993913,9,200
0.05077928607340372,0.4,0.9960552268244576,0.0039447731755424065,0.4,1.0,4,18880,1010,6,0.4,0.05077928607340372,0.9489447236180905,46.81573319993913,9,200
0.0,0.0,0.0,,0.0,0.05,0,19890,0,10,0.0,0.0,0.9994974874371859,45.99723060010001,10,200
0.0,0.0,0.0,,0.0,0.1,0,19890,0,10,0.0,0.0,0.9994974874371859,45.99723060010001,10,200
0.0,0.0,0.0,,0.0,0.15,0,19890,0,10,0.0,0.0,0.9994974874371859,45.99723060010001,10,200
5.0276520864756156e-05,0.0,1.0,0.0,0.0,0.2,0,19889,1,10,0.0,5.0276520864756156e-05,0.9994472361809045,45.99723060010001,10,200
5.0276520864756156e-05,0.0,1.0,0.0,0.0,0.25,0,19889,1,10,0.0,5.0276520864756156e-05,0.9994472361809045,45.99723060010001,10,200
5.0276520864756156e-05,0.0,1.0,0.0,0.0,0.3,0,19889,1,10,0.0,5.0276520864756156e-05,0.9994472361809045,45.99723060010001,10,200
5.0276520864756156e-05,0.0,1.0,0.0,0.0,0.35,0,19889,1,10,0.0,5.0276520864756156e-05,0.9994472361809045,45.99723060010001,10,200
5.0276520864756156e-05,0.0,1.0,0.0,0.0,0.4,0,19889,1,10,0.0,5.0276520864756156e-05,0.9994472361809045,45.99723060010001,10,200
5.0276520864756156e-05,0.0,1.0,0.0,0.0,0.45,0,19889,1,10,0.0,5.0276520864756156e-05,0.9994472361809045,45.99723060010001,10,200
5.0276520864756156e-05,0.0,1.0,0.0,0.0,0.5,0,19889,1,10,0.0,5.0276520864756156e-05,0.9994472361809045,45.99723060010001,10,200
5.0276520864756156e-05,0.0,1.0,0.0,0.0,0.55,0,19889,1,10,0.0,5.0276520864756156e-05,0.9994472361809045,45.99723060010001,10,200
0.00020110608345902463,0.1,0.8,0.2,0.1,0.6,1,19886,4,9,0.1,0.00020110608345902463,0.9993467336683417,45.99723060010001,10,200
0.00020110608345902463,0.1,0.8,0.2,0.1,0.65,1,19886,4,9,0.1,0.00020110608345902463,0.9993467336683417,45.99723060010001,10,200
0.00030165912518853697,0.1,0.8571428571428571,0.14285714285714285,0.1,0.7,1,19884,6,9,0.1,0.00030165912518853697,0.9992462311557789,45.99723060010001,10,200
0.0003519356460532931,0.1,0.875,0.125,0.1,0.75,1,19883,7,9,0.1,0.0003519356460532931,0.9991959798994975,45.99723060010001,10,200
0.0003519356460532931,0.1,0.875,0.125,0.1,0.8,1,19883,7,9,0.1,0.0003519356460532931,0.9991959798994975,45.99723060010001,10,200
0.0007541478129713424,0.2,0.8823529411764706,0.11764705882352941,0.2,0.85,2,19875,15,8,0.2,0.0007541478129713424,0.9988442211055276,45.99723060010001,10,200
0.0007541478129713424,0.2,0.8823529411764706,0.11764705882352941,0.2,0.9,2,19875,15,8,0.2,0.0007541478129713424,0.9988442211055276,45.99723060010001,10,200
0.0014077425842131724,0.2,0.9333333333333333,0.06666666666666667,0.2,0.95,2,19862,28,8,0.2,0.0014077425842131724,0.9981909547738693,45.99723060010001,10,200
0.9982905982905983,1.0,0.9994966274036041,0.0005033725963958522,1.0,1.0,10,34,19856,0,1.0,0.9982905982905983,0.0022110552763819095,45.99723060010001,10,200
0.0,0.0,0.0,,0.0,0.05,0,19890,0,10,0.0,0.0,0.9994974874371859,46.22671730001457,11,200
0.0,0.0,0.0,,0.0,0.1,0,19890,0,10,0.0,0.0,0.9994974874371859,46.22671730001457,11,200
0.0,0.0,0.0,,0.0,0.15,0,19890,0,10,0.0,0.0,0.9994974874371859,46.22671730001457,11,200
0.0,0.0,0.0,,0.0,0.2,0,19890,0,10,0.0,0.0,0.9994974874371859,46.22671730001457,11,200
0.00010055304172951231,0.1,0.6666666666666666,0.3333333333333333,0.1,0.25,1,19888,2,9,0.1,0.00010055304172951231,0.9994472361809045,46.22671730001457,11,200
0.00010055304172951231,0.1,0.6666666666666666,0.3333333333333333,0.1,0.3,1,19888,2,9,0.1,0.00010055304172951231,0.9994472361809045,46.22671730001457,11,200
0.00010055304172951231,0.1,0.6666666666666666,0.3333333333333333,0.1,0.35,1,19888,2,9,0.1,0.00010055304172951231,0.9994472361809045,46.22671730001457,11,200
0.00010055304172951231,0.1,0.6666666666666666,0.3333333333333333,0.1,0.4,1,19888,2,9,0.1,0.00010055304172951231,0.9994472361809045,46.22671730001457,11,200
0.00010055304172951231,0.1,0.6666666666666666,0.3333333333333333,0.1,0.45,1,19888,2,9,0.1,0.00010055304172951231,0.9994472361809045,46.22671730001457,11,200
0.00010055304172951231,0.1,0.6666666666666666,0.3333333333333333,0.1,0.5,1,19888,2,9,0.1,0.00010055304172951231,0.9994472361809045,46.22671730001457,11,200
0.00010055304172951231,0.1,0.6666666666666666,0.3333333333333333,0.1,0.55,1,19888,2,9,0.1,0.00010055304172951231,0.9994472361809045,46.22671730001457,11,200
0.00015082956259426848,0.1,0.75,0.25,0.1,0.6,1,19887,3,9,0.1,0.00015082956259426848,0.9993969849246231,46.22671730001457,11,200
0.00015082956259426848,0.1,0.75,0.25,0.1,0.65,1,19887,3,9,0.1,0.00015082956259426848,0.9993969849246231,46.22671730001457,11,200
0.00015082956259426848,0.1,0.75,0.25,0.1,0.7,1,19887,3,9,0.1,0.00015082956259426848,0.9993969849246231,46.22671730001457,11,200
0.00015082956259426848,0.1,0.75,0.25,0.1,0.75,1,19887,3,9,0.1,0.00015082956259426848,0.9993969849246231,46.22671730001457,11,200
0.00015082956259426848,0.1,0.75,0.25,0.1,0.8,1,19887,3,9,0.1,0.00015082956259426848,0.9993969849246231,46.22671730001457,11,200
0.00015082956259426848,0.1,0.75,0.25,0.1,0.85,1,19887,3,9,0.1,0.00015082956259426848,0.9993969849246231,46.22671730001457,11,200
0.001005530417295123,0.1,0.9523809523809523,0.047619047619047616,0.1,0.9,1,19870,20,9,0.1,0.001005530417295123,0.9985427135678392,46.22671730001457,11,200
0.029110105580693817,0.5,0.9914383561643836,0.008561643835616438,0.5,0.95,5,19311,579,5,0.5,0.029110105580693817,0.9706532663316583,46.22671730001457,11,200
0.969079939668175,1.0,0.9994814622763806,0.0005185377236193933,1.0,1.0,10,615,19275,0,1.0,0.969079939668175,0.031407035175879394,46.22671730001457,11,200
0.0,0.0,0.0,,0.0,0.05,0,19890,0,10,0.0,0.0,0.9994974874371859,46.505927900085226,12,200
0.0,0.0,0.0,,0.0,0.1,0,19890,0,10,0.0,0.0,0.9994974874371859,46.505927900085226,12,200
0.0,0.1,0.0,1.0,0.1,0.15,1,19890,0,9,0.1,0.0,0.9995477386934674,46.505927900085226,12,200
0.0,0.1,0.0,1.0,0.1,0.2,1,19890,0,9,0.1,0.0,0.9995477386934674,46.505927900085226,12,200
5.0276520864756156e-05,0.1,0.5,0.5,0.1,0.25,1,19889,1,9,0.1,5.0276520864756156e-05,0.9994974874371859,46.505927900085226,12,200
0.00020110608345902463,0.1,0.8,0.2,0.1,0.3,1,19886,4,9,0.1,0.00020110608345902463,0.9993467336683417,46.505927900085226,12,200
0.0003519356460532931,0.1,0.875,0.125,0.1,0.35,1,19883,7,9,0.1,0.0003519356460532931,0.9991959798994975,46.505927900085226,12,200
0.0003519356460532931,0.1,0.875,0.125,0.1,0.4,1,19883,7,9,0.1,0.0003519356460532931,0.9991959798994975,46.505927900085226,12,200
0.00045248868778280545,0.1,0.9,0.1,0.1,0.45,1,19881,9,9,0.1,0.00045248868778280545,0.9990954773869347,46.505927900085226,12,200
0.0008044243338360985,0.1,0.9411764705882353,0.058823529411764705,0.1,0.5,1,19874,16,9,0.1,0.0008044243338360985,0.9987437185929648,46.505927900085226,12,200
0.0008044243338360985,0.1,0.9411764705882353,0.058823529411764705,0.1,0.55,1,19874,16,9,0.1,0.0008044243338360985,0.9987437185929648,46.505927900085226,12,200
0.000955253896430367,0.1,0.95,0.05,0.1,0.6,1,19871,19,9,0.1,0.000955253896430367,0.9985929648241206,46.505927900085226,12,200
0.001005530417295123,0.1,0.9523809523809523,0.047619047619047616,0.1,0.65,1,19870,20,9,0.1,0.001005530417295123,0.9985427135678392,46.505927900085226,12,200
0.00130718954248366,0.1,0.9629629629629629,0.037037037037037035,0.1,0.7,1,19864,26,9,0.1,0.00130718954248366,0.9982412060301508,46.505927900085226,12,200
0.00130718954248366,0.1,0.9629629629629629,0.037037037037037035,0.1,0.75,1,19864,26,9,0.1,0.00130718954248366,0.9982412060301508,46.505927900085226,12,200
0.0017094017094017094,0.1,0.9714285714285714,0.02857142857142857,0.1,0.8,1,19856,34,9,0.1,0.0017094017094017094,0.9978391959798995,46.505927900085226,12,200
0.0020613373554550026,0.1,0.9761904761904762,0.023809523809523808,0.1,0.85,1,19849,41,9,0.1,0.0020613373554550026,0.9974874371859297,46.505927900085226,12,200
0.003217697335344394,0.1,0.9846153846153847,0.015384615384615385,0.1,0.9,1,19826,64,9,0.1,0.003217697335344394,0.9963316582914573,46.505927900085226,12,200
0.0036199095022624436,0.1,0.9863013698630136,0.0136986301369863,0.1,0.95,1,19818,72,9,0.1,0.0036199095022624436,0.995929648241206,46.505927900085226,12,200
0.9981900452488688,1.0,0.9994965767217077,0.0005034232782923883,1.0,1.0,10,36,19854,0,1.0,0.9981900452488688,0.0023115577889447235,46.505927900085226,12,200
0.0,0.0,0.0,,0.0,0.05,0,19890,0,10,0.0,0.0,0.9994974874371859,46.45766630000435,13,200
0.0,0.0,0.0,,0.0,0.1,0,19890,0,10,0.0,0.0,0.9994974874371859,46.45766630000435,13,200
0.0,0.0,0.0,,0.0,0.15,0,19890,0,10,0.0,0.0,0.9994974874371859,46.45766630000435,13,200
0.0,0.0,0.0,,0.0,0.2,0,19890,0,10,0.0,0.0,0.9994974874371859,46.45766630000435,13,200
0.0,0.0,0.0,,0.0,0.25,0,19890,0,10,0.0,0.0,0.9994974874371859,46.45766630000435,13,200
0.0,0.0,0.0,,0.0,0.3,0,19890,0,10,0.0,0.0,0.9994974874371859,46.45766630000435,13,200
0.0,0.0,0.0,,0.0,0.35,0,19890,0,10,0.0,0.0,0.9994974874371859,46.45766630000435,13,200
0.0,0.0,0.0,,0.0,0.4,0,19890,0,10,0.0,0.0,0.9994974874371859,46.45766630000435,13,200
0.0,0.0,0.0,,0.0,0.45,0,19890,0,10,0.0,0.0,0.9994974874371859,46.45766630000435,13,200
0.00045248868778280545,0.0,1.0,0.0,0.0,0.5,0,19881,9,10,0.0,0.00045248868778280545,0.9990452261306533,46.45766630000435,13,200
0.0005530417295123177,0.0,1.0,0.0,0.0,0.55,0,19879,11,10,0.0,0.0005530417295123177,0.9989447236180905,46.45766630000435,13,200
0.0005530417295123177,0.0,1.0,0.0,0.0,0.6,0,19879,11,10,0.0,0.0005530417295123177,0.9989447236180905,46.45766630000435,13,200
0.0005530417295123177,0.0,1.0,0.0,0.0,0.65,0,19879,11,10,0.0,0.0005530417295123177,0.9989447236180905,46.45766630000435,13,200
0.0005530417295123177,0.0,1.0,0.0,0.0,0.7,0,19879,11,10,0.0,0.0005530417295123177,0.9989447236180905,46.45766630000435,13,200
0.0006033182503770739,0.0,1.0,0.0,0.0,0.75,0,19878,12,10,0.0,0.0006033182503770739,0.9988944723618091,46.45766630000435,13,200
0.0006033182503770739,0.0,1.0,0.0,0.0,0.8,0,19878,12,10,0.0,0.0006033182503770739,0.9988944723618091,46.45766630000435,13,200
0.0006033182503770739,0.0,1.0,0.0,0.0,0.85,0,19878,12,10,0.0,0.0006033182503770739,0.9988944723618091,46.45766630000435,13,200
0.0033182503770739064,0.1,0.9850746268656716,0.014925373134328358,0.1,0.9,1,19824,66,9,0.1,0.0033182503770739064,0.9962311557788944,46.45766630000435,13,200
0.008748114630467572,0.1,0.9942857142857143,0.005714285714285714,0.1,0.95,1,19716,174,9,0.1,0.008748114630467572,0.9908040201005025,46.45766630000435,13,200
0.9964303670186023,1.0,0.9994956881335418,0.0005043118664582178,1.0,1.0,10,71,19819,0,1.0,0.9964303670186023,0.00407035175879397,46.45766630000435,13,200
0.0,0.0,0.0,,0.0,0.05,0,19890,0,10,0.0,0.0,0.9994974874371859,46.765243500005454,14,200
0.0,0.0,0.0,,0.0,0.1,0,19890,0,10,0.0,0.0,0.9994974874371859,46.765243500005454,14,200
5.0276520864756156e-05,0.0,1.0,0.0,0.0,0.15,0,19889,1,10,0.0,5.0276520864756156e-05,0.9994472361809045,46.765243500005454,14,200
5.0276520864756156e-05,0.0,1.0,0.0,0.0,0.2,0,19889,1,10,0.0,5.0276520864756156e-05,0.9994472361809045,46.765243500005454,14,200
5.0276520864756156e-05,0.0,1.0,0.0,0.0,0.25,0,19889,1,10,0.0,5.0276520864756156e-05,0.9994472361809045,46.765243500005454,14,200
5.0276520864756156e-05,0.0,1.0,0.0,0.0,0.3,0,19889,1,10,0.0,5.0276520864756156e-05,0.9994472361809045,46.765243500005454,14,200
5.0276520864756156e-05,0.0,1.0,0.0,0.0,0.35,0,19889,1,10,0.0,5.0276520864756156e-05,0.9994472361809045,46.765243500005454,14,200
5.0276520864756156e-05,0.0,1.0,0.0,0.0,0.4,0,19889,1,10,0.0,5.0276520864756156e-05,0.9994472361809045,46.765243500005454,14,200
5.0276520864756156e-05,0.0,1.0,0.0,0.0,0.45,0,19889,1,10,0.0,5.0276520864756156e-05,0.9994472361809045,46.765243500005454,14,200
5.0276520864756156e-05,0.0,1.0,0.0,0.0,0.5,0,19889,1,10,0.0,5.0276520864756156e-05,0.9994472361809045,46.765243500005454,14,200
5.0276520864756156e-05,0.0,1.0,0.0,0.0,0.55,0,19889,1,10,0.0,5.0276520864756156e-05,0.9994472361809045,46.765243500005454,14,200
5.0276520864756156e-05,0.0,1.0,0.0,0.0,0.6,0,19889,1,10,0.0,5.0276520864756156e-05,0.9994472361809045,46.765243500005454,14,200
5.0276520864756156e-05,0.0,1.0,0.0,0.0,0.65,0,19889,1,10,0.0,5.0276520864756156e-05,0.9994472361809045,46.765243500005454,14,200
5.0276520864756156e-05,0.0,1.0,0.0,0.0,0.7,0,19889,1,10,0.0,5.0276520864756156e-05,0.9994472361809045,46.765243500005454,14,200
5.0276520864756156e-05,0.0,1.0,0.0,0.0,0.75,0,19889,1,10,0.0,5.0276520864756156e-05,0.9994472361809045,46.765243500005454,14,200
5.0276520864756156e-05,0.0,1.0,0.0,0.0,0.8,0,19889,1,10,0.0,5.0276520864756156e-05,0.9994472361809045,46.765243500005454,14,200
5.0276520864756156e-05,0.0,1.0,0.0,0.0,0.85,0,19889,1,10,0.0,5.0276520864756156e-05,0.9994472361809045,46.765243500005454,14,200
5.0276520864756156e-05,0.0,1.0,0.0,0.0,0.9,0,19889,1,10,0.0,5.0276520864756156e-05,0.9994472361809045,46.765243500005454,14,200
0.0008547008547008547,0.1,0.9444444444444444,0.05555555555555555,0.1,0.95,1,19873,17,9,0.1,0.0008547008547008547,0.9986934673366834,46.765243500005454,14,200
0.9982905982905983,1.0,0.9994966274036041,0.0005033725963958522,1.0,1.0,10,34,19856,0,1.0,0.9982905982905983,0.0022110552763819095,46.765243500005454,14,200
0.0,0.0,0.0,,0.0,0.05,0,19890,0,10,0.0,0.0,0.9994974874371859,46.511313599999994,15,200
0.0,0.0,0.0,,0.0,0.1,0,19890,0,10,0.0,0.0,0.9994974874371859,46.511313599999994,15,200
0.0,0.0,0.0,,0.0,0.15,0,19890,0,10,0.0,0.0,0.9994974874371859,46.511313599999994,15,200
0.0,0.0,0.0,,0.0,0.2,0,19890,0,10,0.0,0.0,0.9994974874371859,46.511313599999994,15,200
0.0,0.0,0.0,,0.0,0.25,0,19890,0,10,0.0,0.0,0.9994974874371859,46.511313599999994,15,200
0.0,0.0,0.0,,0.0,0.3,0,19890,0,10,0.0,0.0,0.9994974874371859,46.511313599999994,15,200
0.00010055304172951231,0.0,1.0,0.0,0.0,0.35,0,19888,2,10,0.0,0.00010055304172951231,0.9993969849246231,46.511313599999994,15,200
0.00020110608345902463,0.0,1.0,0.0,0.0,0.4,0,19886,4,10,0.0,0.00020110608345902463,0.9992964824120603,46.511313599999994,15,200
0.00045248868778280545,0.0,1.0,0.0,0.0,0.45,0,19881,9,10,0.0,0.00045248868778280545,0.9990452261306533,46.511313599999994,15,200
0.00045248868778280545,0.0,1.0,0.0,0.0,0.5,0,19881,9,10,0.0,0.00045248868778280545,0.9990452261306533,46.511313599999994,15,200
0.00065359477124183,0.0,1.0,0.0,0.0,0.55,0,19877,13,10,0.0,0.00065359477124183,0.9988442211055276,46.511313599999994,15,200
0.0007038712921065862,0.0,1.0,0.0,0.0,0.6,0,19876,14,10,0.0,0.0007038712921065862,0.9987939698492462,46.511313599999994,15,200
0.0007038712921065862,0.0,1.0,0.0,0.0,0.65,0,19876,14,10,0.0,0.0007038712921065862,0.9987939698492462,46.511313599999994,15,200
0.0009049773755656109,0.0,1.0,0.0,0.0,0.7,0,19872,18,10,0.0,0.0009049773755656109,0.9985929648241206,46.511313599999994,15,200
0.001256913021618904,0.0,1.0,0.0,0.0,0.75,0,19865,25,10,0.0,0.001256913021618904,0.9982412060301508,46.511313599999994,15,200
0.00130718954248366,0.0,1.0,0.0,0.0,0.8,0,19864,26,10,0.0,0.00130718954248366,0.9981909547738693,46.511313599999994,15,200
0.00130718954248366,0.0,1.0,0.0,0.0,0.85,0,19864,26,10,0.0,0.00130718954248366,0.9981909547738693,46.511313599999994,15,200
0.0030165912518853697,0.1,0.9836065573770492,0.01639344262295082,0.1,0.9,1,19830,60,9,0.1,0.0030165912518853697,0.996532663316583,46.511313599999994,15,200
0.006334841628959276,0.2,0.984375,0.015625,0.2,0.95,2,19764,126,8,0.2,0.006334841628959276,0.9932663316582915,46.511313599999994,15,200
0.9963298139768728,1.0,0.999495637262319,0.0005043627376809402,1.0,1.0,10,73,19817,0,1.0,0.9963298139768728,0.004170854271356784,46.511313599999994,15,200
0.0,0.0,0.0,,0.0,0.05,0,19890,0,10,0.0,0.0,0.9994974874371859,46.07423559995368,16,200
0.0,0.0,0.0,,0.0,0.1,0,19890,0,10,0.0,0.0,0.9994974874371859,46.07423559995368,16,200
0.0,0.0,0.0,,0.0,0.15,0,19890,0,10,0.0,0.0,0.9994974874371859,46.07423559995368,16,200
0.0,0.0,0.0,,0.0,0.2,0,19890,0,10,0.0,0.0,0.9994974874371859,46.07423559995368,16,200
0.0,0.0,0.0,,0.0,0.25,0,19890,0,10,0.0,0.0,0.9994974874371859,46.07423559995368,16,200
0.0,0.0,0.0,,0.0,0.3,0,19890,0,10,0.0,0.0,0.9994974874371859,46.07423559995368,16,200
0.0,0.0,0.0,,0.0,0.35,0,19890,0,10,0.0,0.0,0.9994974874371859,46.07423559995368,16,200
0.0,0.0,0.0,,0.0,0.4,0,19890,0,10,0.0,0.0,0.9994974874371859,46.07423559995368,16,200
0.0,0.0,0.0,,0.0,0.45,0,19890,0,10,0.0,0.0,0.9994974874371859,46.07423559995368,16,200
0.00010055304172951231,0.0,1.0,0.0,0.0,0.5,0,19888,2,10,0.0,0.00010055304172951231,0.9993969849246231,46.07423559995368,16,200
0.00010055304172951231,0.0,1.0,0.0,0.0,0.55,0,19888,2,10,0.0,0.00010055304172951231,0.9993969849246231,46.07423559995368,16,200
0.00010055304172951231,0.0,1.0,0.0,0.0,0.6,0,19888,2,10,0.0,0.00010055304172951231,0.9993969849246231,46.07423559995368,16,200
0.00010055304172951231,0.0,1.0,0.0,0.0,0.65,0,19888,2,10,0.0,0.00010055304172951231,0.9993969849246231,46.07423559995368,16,200
0.00010055304172951231,0.0,1.0,0.0,0.0,0.7,0,19888,2,10,0.0,0.00010055304172951231,0.9993969849246231,46.07423559995368,16,200
0.00010055304172951231,0.0,1.0,0.0,0.0,0.75,0,19888,2,10,0.0,0.00010055304172951231,0.9993969849246231,46.07423559995368,16,200
0.00015082956259426848,0.0,1.0,0.0,0.0,0.8,0,19887,3,10,0.0,0.00015082956259426848,0.9993467336683417,46.07423559995368,16,200
0.00015082956259426848,0.0,1.0,0.0,0.0,0.85,0,19887,3,10,0.0,0.00015082956259426848,0.9993467336683417,46.07423559995368,16,200
0.00015082956259426848,0.0,1.0,0.0,0.0,0.9,0,19887,3,10,0.0,0.00015082956259426848,0.9993467336683417,46.07423559995368,16,200
0.004474610356963298,0.0,1.0,0.0,0.0,0.95,0,19801,89,10,0.0,0.004474610356963298,0.9950251256281407,46.07423559995368,16,200
0.9908496732026144,1.0,0.9994928491733441,0.0005071508266558474,1.0,1.0,10,182,19708,0,1.0,0.9908496732026144,0.009648241206030151,46.07423559995368,16,200
0.0,0.0,0.0,,0.0,0.05,0,19890,0,10,0.0,0.0,0.9994974874371859,45.89631039998494,17,200
0.0,0.0,0.0,,0.0,0.1,0,19890,0,10,0.0,0.0,0.9994974874371859,45.89631039998494,17,200
5.0276520864756156e-05,0.0,1.0,0.0,0.0,0.15,0,19889,1,10,0.0,5.0276520864756156e-05,0.9994472361809045,45.89631039998494,17,200
5.0276520864756156e-05,0.0,1.0,0.0,0.0,0.2,0,19889,1,10,0.0,5.0276520864756156e-05,0.9994472361809045,45.89631039998494,17,200
5.0276520864756156e-05,0.0,1.0,0.0,0.0,0.25,0,19889,1,10,0.0,5.0276520864756156e-05,0.9994472361809045,45.89631039998494,17,200
0.00025138260432378077,0.0,1.0,0.0,0.0,0.3,0,19885,5,10,0.0,0.00025138260432378077,0.9992462311557789,45.89631039998494,17,200
0.0003519356460532931,0.1,0.875,0.125,0.1,0.35,1,19883,7,9,0.1,0.0003519356460532931,0.9991959798994975,45.89631039998494,17,200
0.0003519356460532931,0.1,0.875,0.125,0.1,0.4,1,19883,7,9,0.1,0.0003519356460532931,0.9991959798994975,45.89631039998494,17,200
0.00040221216691804925,0.1,0.8888888888888888,0.1111111111111111,0.1,0.45,1,19882,8,9,0.1,0.00040221216691804925,0.999145728643216,45.89631039998494,17,200
0.00045248868778280545,0.1,0.9,0.1,0.1,0.5,1,19881,9,9,0.1,0.00045248868778280545,0.9990954773869347,45.89631039998494,17,200
0.0005027652086475615,0.1,0.9090909090909091,0.09090909090909091,0.1,0.55,1,19880,10,9,0.1,0.0005027652086475615,0.9990452261306533,45.89631039998494,17,200
0.0005530417295123177,0.1,0.9166666666666666,0.08333333333333333,0.1,0.6,1,19879,11,9,0.1,0.0005530417295123177,0.9989949748743718,45.89631039998494,17,200
0.0005530417295123177,0.1,0.9166666666666666,0.08333333333333333,0.1,0.65,1,19879,11,9,0.1,0.0005530417295123177,0.9989949748743718,45.89631039998494,17,200
0.0023629964806435393,0.2,0.9591836734693877,0.04081632653061224,0.2,0.7,2,19843,47,8,0.2,0.0023629964806435393,0.9972361809045226,45.89631039998494,17,200
0.0034690799396681748,0.2,0.971830985915493,0.028169014084507043,0.2,0.75,2,19821,69,8,0.2,0.0034690799396681748,0.9961306532663317,45.89631039998494,17,200
0.004524886877828055,0.2,0.9782608695652174,0.021739130434782608,0.2,0.8,2,19800,90,8,0.2,0.004524886877828055,0.9950753768844222,45.89631039998494,17,200
0.012719959778783308,0.2,0.9921568627450981,0.00784313725490196,0.2,0.85,2,19637,253,8,0.2,0.012719959778783308,0.9868844221105527,45.89631039998494,17,200
0.015082956259426848,0.2,0.9933774834437086,0.006622516556291391,0.2,0.9,2,19590,300,8,0.2,0.015082956259426848,0.9845226130653266,45.89631039998494,17,200
0.02031171442936149,0.4,0.9901960784313726,0.00980392156862745,0.4,0.95,4,19486,404,6,0.4,0.02031171442936149,0.9793969849246231,45.89631039998494,17,200
0.9986425339366516,1.0,0.9994968047099079,0.0005031952900920847,1.0,1.0,10,27,19863,0,1.0,0.9986425339366516,0.0018592964824120603,45.89631039998494,17,200
5.0276520864756156e-05,0.0,1.0,0.0,0.0,0.05,0,19889,1,10,0.0,5.0276520864756156e-05,0.9994472361809045,45.38983959984034,18,200
5.0276520864756156e-05,0.0,1.0,0.0,0.0,0.1,0,19889,1,10,0.0,5.0276520864756156e-05,0.9994472361809045,45.38983959984034,18,200
5.0276520864756156e-05,0.0,1.0,0.0,0.0,0.15,0,19889,1,10,0.0,5.0276520864756156e-05,0.9994472361809045,45.38983959984034,18,200
5.0276520864756156e-05,0.0,1.0,0.0,0.0,0.2,0,19889,1,10,0.0,5.0276520864756156e-05,0.9994472361809045,45.38983959984034,18,200
5.0276520864756156e-05,0.0,1.0,0.0,0.0,0.25,0,19889,1,10,0.0,5.0276520864756156e-05,0.9994472361809045,45.38983959984034,18,200
5.0276520864756156e-05,0.0,1.0,0.0,0.0,0.3,0,19889,1,10,0.0,5.0276520864756156e-05,0.9994472361809045,45.38983959984034,18,200
5.0276520864756156e-05,0.0,1.0,0.0,0.0,0.35,0,19889,1,10,0.0,5.0276520864756156e-05,0.9994472361809045,45.38983959984034,18,200
5.0276520864756156e-05,0.0,1.0,0.0,0.0,0.4,0,19889,1,10,0.0,5.0276520864756156e-05,0.9994472361809045,45.38983959984034,18,200
5.0276520864756156e-05,0.0,1.0,0.0,0.0,0.45,0,19889,1,10,0.0,5.0276520864756156e-05,0.9994472361809045,45.38983959984034,18,200
5.0276520864756156e-05,0.0,1.0,0.0,0.0,0.5,0,19889,1,10,0.0,5.0276520864756156e-05,0.9994472361809045,45.38983959984034,18,200
5.0276520864756156e-05,0.0,1.0,0.0,0.0,0.55,0,19889,1,10,0.0,5.0276520864756156e-05,0.9994472361809045,45.38983959984034,18,200
5.0276520864756156e-05,0.0,1.0,0.0,0.0,0.6,0,19889,1,10,0.0,5.0276520864756156e-05,0.9994472361809045,45.38983959984034,18,200
5.0276520864756156e-05,0.0,1.0,0.0,0.0,0.65,0,19889,1,10,0.0,5.0276520864756156e-05,0.9994472361809045,45.38983959984034,18,200
0.0006033182503770739,0.1,0.9230769230769231,0.07692307692307693,0.1,0.7,1,19878,12,9,0.1,0.0006033182503770739,0.9989447236180905,45.38983959984034,18,200
0.0006033182503770739,0.1,0.9230769230769231,0.07692307692307693,0.1,0.75,1,19878,12,9,0.1,0.0006033182503770739,0.9989447236180905,45.38983959984034,18,200
0.00065359477124183,0.1,0.9285714285714286,0.07142857142857142,0.1,0.8,1,19877,13,9,0.1,0.00065359477124183,0.9988944723618091,45.38983959984034,18,200
0.0009049773755656109,0.1,0.9473684210526315,0.05263157894736842,0.1,0.85,1,19872,18,9,0.1,0.0009049773755656109,0.998643216080402,45.38983959984034,18,200
0.001005530417295123,0.1,0.9523809523809523,0.047619047619047616,0.1,0.9,1,19870,20,9,0.1,0.001005530417295123,0.9985427135678392,45.38983959984034,18,200
0.007390648567119155,0.2,0.9865771812080537,0.013422818791946308,0.2,0.95,2,19743,147,8,0.2,0.007390648567119155,0.9922110552763819,45.38983959984034,18,200
0.9986425339366516,1.0,0.9994968047099079,0.0005031952900920847,1.0,1.0,10,27,19863,0,1.0,0.9986425339366516,0.0018592964824120603,45.38983959984034,18,200
0.0,0.0,0.0,,0.0,0.05,0,19890,0,10,0.0,0.0,0.9994974874371859,46.296958999941126,19,200
0.0,0.0,0.0,,0.0,0.1,0,19890,0,10,0.0,0.0,0.9994974874371859,46.296958999941126,19,200
0.0,0.0,0.0,,0.0,0.15,0,19890,0,10,0.0,0.0,0.9994974874371859,46.296958999941126,19,200
0.0,0.0,0.0,,0.0,0.2,0,19890,0,10,0.0,0.0,0.9994974874371859,46.296958999941126,19,200
0.0,0.0,0.0,,0.0,0.25,0,19890,0,10,0.0,0.0,0.9994974874371859,46.296958999941126,19,200
0.0,0.0,0.0,,0.0,0.3,0,19890,0,10,0.0,0.0,0.9994974874371859,46.296958999941126,19,200
0.0,0.0,0.0,,0.0,0.35,0,19890,0,10,0.0,0.0,0.9994974874371859,46.296958999941126,19,200
0.0,0.0,0.0,,0.0,0.4,0,19890,0,10,0.0,0.0,0.9994974874371859,46.296958999941126,19,200
0.0,0.0,0.0,,0.0,0.45,0,19890,0,10,0.0,0.0,0.9994974874371859,46.296958999941126,19,200
0.0,0.0,0.0,,0.0,0.5,0,19890,0,10,0.0,0.0,0.9994974874371859,46.296958999941126,19,200
0.0,0.0,0.0,,0.0,0.55,0,19890,0,10,0.0,0.0,0.9994974874371859,46.296958999941126,19,200
0.0,0.0,0.0,,0.0,0.6,0,19890,0,10,0.0,0.0,0.9994974874371859,46.296958999941126,19,200
0.0,0.0,0.0,,0.0,0.65,0,19890,0,10,0.0,0.0,0.9994974874371859,46.296958999941126,19,200
0.00030165912518853697,0.0,1.0,0.0,0.0,0.7,0,19884,6,10,0.0,0.00030165912518853697,0.9991959798994975,46.296958999941126,19,200
0.00030165912518853697,0.0,1.0,0.0,0.0,0.75,0,19884,6,10,0.0,0.00030165912518853697,0.9991959798994975,46.296958999941126,19,200
0.0009049773755656109,0.1,0.9473684210526315,0.05263157894736842,0.1,0.8,1,19872,18,9,0.1,0.0009049773755656109,0.998643216080402,46.296958999941126,19,200
0.001005530417295123,0.1,0.9523809523809523,0.047619047619047616,0.1,0.85,1,19870,20,9,0.1,0.001005530417295123,0.9985427135678392,46.296958999941126,19,200
0.001558572146807441,0.2,0.9393939393939394,0.06060606060606061,0.2,0.9,2,19859,31,8,0.2,0.001558572146807441,0.9980402010050251,46.296958999941126,19,200
0.001558572146807441,0.2,0.9393939393939394,0.06060606060606061,0.2,0.95,2,19859,31,8,0.2,0.001558572146807441,0.9980402010050251,46.296958999941126,19,200
0.9802413273001508,1.0,0.9994873635105347,0.0005126364894653202,1.0,1.0,10,393,19497,0,1.0,0.9802413273001508,0.020251256281407035,46.296958999941126,19,200
5.0276520864756156e-05,0.0,1.0,0.0,0.0,0.05,0,19889,1,10,0.0,5.0276520864756156e-05,0.9994472361809045,46.28126659989357,20,200
5.0276520864756156e-05,0.0,1.0,0.0,0.0,0.1,0,19889,1,10,0.0,5.0276520864756156e-05,0.9994472361809045,46.28126659989357,20,200
5.0276520864756156e-05,0.0,1.0,0.0,0.0,0.15,0,19889,1,10,0.0,5.0276520864756156e-05,0.9994472361809045,46.28126659989357,20,200
5.0276520864756156e-05,0.0,1.0,0.0,0.0,0.2,0,19889,1,10,0.0,5.0276520864756156e-05,0.9994472361809045,46.28126659989357,20,200
5.0276520864756156e-05,0.0,1.0,0.0,0.0,0.25,0,19889,1,10,0.0,5.0276520864756156e-05,0.9994472361809045,46.28126659989357,20,200
5.0276520864756156e-05,0.1,0.5,0.5,0.1,0.3,1,19889,1,9,0.1,5.0276520864756156e-05,0.9994974874371859,46.28126659989357,20,200
0.00045248868778280545,0.2,0.8181818181818182,0.18181818181818182,0.2,0.35,2,19881,9,8,0.2,0.00045248868778280545,0.999145728643216,46.28126659989357,20,200
0.00045248868778280545,0.2,0.8181818181818182,0.18181818181818182,0.2,0.4,2,19881,9,8,0.2,0.00045248868778280545,0.999145728643216,46.28126659989357,20,200
0.0005027652086475615,0.2,0.8333333333333334,0.16666666666666666,0.2,0.45,2,19880,10,8,0.2,0.0005027652086475615,0.9990954773869347,46.28126659989357,20,200
0.0007541478129713424,0.2,0.8823529411764706,0.11764705882352941,0.2,0.5,2,19875,15,8,0.2,0.0007541478129713424,0.9988442211055276,46.28126659989357,20,200
0.0007541478129713424,0.2,0.8823529411764706,0.11764705882352941,0.2,0.55,2,19875,15,8,0.2,0.0007541478129713424,0.9988442211055276,46.28126659989357,20,200
0.0007541478129713424,0.2,0.8823529411764706,0.11764705882352941,0.2,0.6,2,19875,15,8,0.2,0.0007541478129713424,0.9988442211055276,46.28126659989357,20,200
0.0007541478129713424,0.2,0.8823529411764706,0.11764705882352941,0.2,0.65,2,19875,15,8,0.2,0.0007541478129713424,0.9988442211055276,46.28126659989357,20,200
0.0007541478129713424,0.2,0.8823529411764706,0.11764705882352941,0.2,0.7,2,19875,15,8,0.2,0.0007541478129713424,0.9988442211055276,46.28126659989357,20,200
0.000955253896430367,0.2,0.9047619047619048,0.09523809523809523,0.2,0.75,2,19871,19,8,0.2,0.000955253896430367,0.998643216080402,46.28126659989357,20,200
0.0011060834590246355,0.2,0.9166666666666666,0.08333333333333333,0.2,0.8,2,19868,22,8,0.2,0.0011060834590246355,0.9984924623115577,46.28126659989357,20,200
0.0014580191050779286,0.2,0.9354838709677419,0.06451612903225806,0.2,0.85,2,19861,29,8,0.2,0.0014580191050779286,0.998140703517588,46.28126659989357,20,200
0.002513826043237808,0.2,0.9615384615384616,0.038461538461538464,0.2,0.9,2,19840,50,8,0.2,0.002513826043237808,0.9970854271356784,46.28126659989357,20,200
0.0027149321266968325,0.2,0.9642857142857143,0.03571428571428571,0.2,0.95,2,19836,54,8,0.2,0.0027149321266968325,0.9968844221105527,46.28126659989357,20,200
0.9982905982905983,1.0,0.9994966274036041,0.0005033725963958522,1.0,1.0,10,34,19856,0,1.0,0.9982905982905983,0.0022110552763819095,46.28126659989357,20,200
0.0,0.0,0.0,,0.0,0.05,0,19890,0,10,0.0,0.0,0.9994974874371859,46.34624879993498,21,200
0.0,0.0,0.0,,0.0,0.1,0,19890,0,10,0.0,0.0,0.9994974874371859,46.34624879993498,21,200
0.0,0.0,0.0,,0.0,0.15,0,19890,0,10,0.0,0.0,0.9994974874371859,46.34624879993498,21,200
0.0,0.0,0.0,,0.0,0.2,0,19890,0,10,0.0,0.0,0.9994974874371859,46.34624879993498,21,200
0.0,0.0,0.0,,0.0,0.25,0,19890,0,10,0.0,0.0,0.9994974874371859,46.34624879993498,21,200
0.0,0.0,0.0,,0.0,0.3,0,19890,0,10,0.0,0.0,0.9994974874371859,46.34624879993498,21,200
0.0,0.0,0.0,,0.0,0.35,0,19890,0,10,0.0,0.0,0.9994974874371859,46.34624879993498,21,200
0.0,0.0,0.0,,0.0,0.4,0,19890,0,10,0.0,0.0,0.9994974874371859,46.34624879993498,21,200
0.00025138260432378077,0.0,1.0,0.0,0.0,0.45,0,19885,5,10,0.0,0.00025138260432378077,0.9992462311557789,46.34624879993498,21,200
0.00025138260432378077,0.0,1.0,0.0,0.0,0.5,0,19885,5,10,0.0,0.00025138260432378077,0.9992462311557789,46.34624879993498,21,200
0.0003519356460532931,0.0,1.0,0.0,0.0,0.55,0,19883,7,10,0.0,0.0003519356460532931,0.999145728643216,46.34624879993498,21,200
0.0003519356460532931,0.0,1.0,0.0,0.0,0.6,0,19883,7,10,0.0,0.0003519356460532931,0.999145728643216,46.34624879993498,21,200
0.0003519356460532931,0.0,1.0,0.0,0.0,0.65,0,19883,7,10,0.0,0.0003519356460532931,0.999145728643216,46.34624879993498,21,200
0.0003519356460532931,0.0,1.0,0.0,0.0,0.7,0,19883,7,10,0.0,0.0003519356460532931,0.999145728643216,46.34624879993498,21,200
0.0003519356460532931,0.0,1.0,0.0,0.0,0.75,0,19883,7,10,0.0,0.0003519356460532931,0.999145728643216,46.34624879993498,21,200
0.0003519356460532931,0.0,1.0,0.0,0.0,0.8,0,19883,7,10,0.0,0.0003519356460532931,0.999145728643216,46.34624879993498,21,200
0.0003519356460532931,0.0,1.0,0.0,0.0,0.85,0,19883,7,10,0.0,0.0003519356460532931,0.999145728643216,46.34624879993498,21,200
0.001005530417295123,0.0,1.0,0.0,0.0,0.9,0,19870,20,10,0.0,0.001005530417295123,0.9984924623115577,46.34624879993498,21,200
0.001005530417295123,0.0,1.0,0.0,0.0,0.95,0,19870,20,10,0.0,0.001005530417295123,0.9984924623115577,46.34624879993498,21,200
0.9946706887883359,1.0,0.9994947964029504,0.000505203597049611,1.0,1.0,10,106,19784,0,1.0,0.9946706887883359,0.005829145728643216,46.34624879993498,21,200
0.0,0.0,0.0,,0.0,0.05,0,19890,0,10,0.0,0.0,0.9994974874371859,47.06287599983625,22,200
0.0,0.0,0.0,,0.0,0.1,0,19890,0,10,0.0,0.0,0.9994974874371859,47.06287599983625,22,200
0.0,0.0,0.0,,0.0,0.15,0,19890,0,10,0.0,0.0,0.9994974874371859,47.06287599983625,22,200
0.0,0.0,0.0,,0.0,0.2,0,19890,0,10,0.0,0.0,0.9994974874371859,47.06287599983625,22,200
0.00010055304172951231,0.0,1.0,0.0,0.0,0.25,0,19888,2,10,0.0,0.00010055304172951231,0.9993969849246231,47.06287599983625,22,200
0.00010055304172951231,0.0,1.0,0.0,0.0,0.3,0,19888,2,10,0.0,0.00010055304172951231,0.9993969849246231,47.06287599983625,22,200
0.00020110608345902463,0.0,1.0,0.0,0.0,0.35,0,19886,4,10,0.0,0.00020110608345902463,0.9992964824120603,47.06287599983625,22,200
0.00025138260432378077,0.0,1.0,0.0,0.0,0.4,0,19885,5,10,0.0,0.00025138260432378077,0.9992462311557789,47.06287599983625,22,200
0.00025138260432378077,0.0,1.0,0.0,0.0,0.45,0,19885,5,10,0.0,0.00025138260432378077,0.9992462311557789,47.06287599983625,22,200
0.00030165912518853697,0.0,1.0,0.0,0.0,0.5,0,19884,6,10,0.0,0.00030165912518853697,0.9991959798994975,47.06287599983625,22,200
0.00030165912518853697,0.0,1.0,0.0,0.0,0.55,0,19884,6,10,0.0,0.00030165912518853697,0.9991959798994975,47.06287599983625,22,200
0.00040221216691804925,0.0,1.0,0.0,0.0,0.6,0,19882,8,10,0.0,0.00040221216691804925,0.9990954773869347,47.06287599983625,22,200
0.00040221216691804925,0.0,1.0,0.0,0.0,0.65,0,19882,8,10,0.0,0.00040221216691804925,0.9990954773869347,47.06287599983625,22,200
0.00040221216691804925,0.0,1.0,0.0,0.0,0.7,0,19882,8,10,0.0,0.00040221216691804925,0.9990954773869347,47.06287599983625,22,200
0.00040221216691804925,0.0,1.0,0.0,0.0,0.75,0,19882,8,10,0.0,0.00040221216691804925,0.9990954773869347,47.06287599983625,22,200
0.00040221216691804925,0.0,1.0,0.0,0.0,0.8,0,19882,8,10,0.0,0.00040221216691804925,0.9990954773869347,47.06287599983625,22,200
0.0006033182503770739,0.0,1.0,0.0,0.0,0.85,0,19878,12,10,0.0,0.0006033182503770739,0.9988944723618091,47.06287599983625,22,200
0.0006033182503770739,0.0,1.0,0.0,0.0,0.9,0,19878,12,10,0.0,0.0006033182503770739,0.9988944723618091,47.06287599983625,22,200
0.0006033182503770739,0.0,1.0,0.0,0.0,0.95,0,19878,12,10,0.0,0.0006033182503770739,0.9988944723618091,47.06287599983625,22,200
0.9965811965811966,1.0,0.9994957644211375,0.0005042355788624445,1.0,1.0,10,68,19822,0,1.0,0.9965811965811966,0.003919597989949748,47.06287599983625,22,200
0.0,0.0,0.0,,0.0,0.05,0,19890,0,10,0.0,0.0,0.9994974874371859,49.54195340001024,23,200
0.0,0.0,0.0,,0.0,0.1,0,19890,0,10,0.0,0.0,0.9994974874371859,49.54195340001024,23,200
0.0,0.0,0.0,,0.0,0.15,0,19890,0,10,0.0,0.0,0.9994974874371859,49.54195340001024,23,200
0.0,0.0,0.0,,0.0,0.2,0,19890,0,10,0.0,0.0,0.9994974874371859,49.54195340001024,23,200
0.0,0.0,0.0,,0.0,0.25,0,19890,0,10,0.0,0.0,0.9994974874371859,49.54195340001024,23,200
0.0,0.0,0.0,,0.0,0.3,0,19890,0,10,0.0,0.0,0.9994974874371859,49.54195340001024,23,200
0.0,0.0,0.0,,0.0,0.35,0,19890,0,10,0.0,0.0,0.9994974874371859,49.54195340001024,23,200
5.0276520864756156e-05,0.0,1.0,0.0,0.0,0.4,0,19889,1,10,0.0,5.0276520864756156e-05,0.9994472361809045,49.54195340001024,23,200
5.0276520864756156e-05,0.0,1.0,0.0,0.0,0.45,0,19889,1,10,0.0,5.0276520864756156e-05,0.9994472361809045,49.54195340001024,23,200
0.00025138260432378077,0.0,1.0,0.0,0.0,0.5,0,19885,5,10,0.0,0.00025138260432378077,0.9992462311557789,49.54195340001024,23,200
0.00025138260432378077,0.0,1.0,0.0,0.0,0.55,0,19885,5,10,0.0,0.00025138260432378077,0.9992462311557789,49.54195340001024,23,200
0.0007038712921065862,0.1,0.9333333333333333,0.06666666666666667,0.1,0.6,1,19876,14,9,0.1,0.0007038712921065862,0.9988442211055276,49.54195340001024,23,200
0.0007038712921065862,0.1,0.9333333333333333,0.06666666666666667,0.1,0.65,1,19876,14,9,0.1,0.0007038712921065862,0.9988442211055276,49.54195340001024,23,200
0.0007541478129713424,0.1,0.9375,0.0625,0.1,0.7,1,19875,15,9,0.1,0.0007541478129713424,0.9987939698492462,49.54195340001024,23,200
0.0009049773755656109,0.1,0.9473684210526315,0.05263157894736842,0.1,0.75,1,19872,18,9,0.1,0.0009049773755656109,0.998643216080402,49.54195340001024,23,200
0.00130718954248366,0.1,0.9629629629629629,0.037037037037037035,0.1,0.8,1,19864,26,9,0.1,0.00130718954248366,0.9982412060301508,49.54195340001024,23,200
0.002765208647561589,0.1,0.9821428571428571,0.017857142857142856,0.1,0.85,1,19835,55,9,0.1,0.002765208647561589,0.99678391959799,49.54195340001024,23,200
0.0030668677727501256,0.1,0.9838709677419355,0.016129032258064516,0.1,0.9,1,19829,61,9,0.1,0.0030668677727501256,0.9964824120603015,49.54195340001024,23,200
0.003519356460532931,0.1,0.9859154929577465,0.014084507042253521,0.1,0.95,1,19820,70,9,0.1,0.003519356460532931,0.9960301507537689,49.54195340001024,23,200
0.9982905982905983,1.0,0.9994966274036041,0.0005033725963958522,1.0,1.0,10,34,19856,0,1.0,0.9982905982905983,0.0022110552763819095,49.54195340001024,23,200
0.0,0.0,0.0,,0.0,0.05,0,19890,0,10,0.0,0.0,0.9994974874371859,47.63525569997728,24,200
0.0,0.0,0.0,,0.0,0.1,0,19890,0,10,0.0,0.0,0.9994974874371859,47.63525569997728,24,200
0.0,0.0,0.0,,0.0,0.15,0,19890,0,10,0.0,0.0,0.9994974874371859,47.63525569997728,24,200
0.0,0.0,0.0,,0.0,0.2,0,19890,0,10,0.0,0.0,0.9994974874371859,47.63525569997728,24,200
0.0,0.0,0.0,,0.0,0.25,0,19890,0,10,0.0,0.0,0.9994974874371859,47.63525569997728,24,200
0.0,0.0,0.0,,0.0,0.3,0,19890,0,10,0.0,0.0,0.9994974874371859,47.63525569997728,24,200
0.0,0.0,0.0,,0.0,0.35,0,19890,0,10,0.0,0.0,0.9994974874371859,47.63525569997728,24,200
0.0,0.0,0.0,,0.0,0.4,0,19890,0,10,0.0,0.0,0.9994974874371859,47.63525569997728,24,200
0.0,0.0,0.0,,0.0,0.45,0,19890,0,10,0.0,0.0,0.9994974874371859,47.63525569997728,24,200
0.0,0.0,0.0,,0.0,0.5,0,19890,0,10,0.0,0.0,0.9994974874371859,47.63525569997728,24,200
0.0,0.0,0.0,,0.0,0.55,0,19890,0,10,0.0,0.0,0.9994974874371859,47.63525569997728,24,200
0.0,0.0,0.0,,0.0,0.6,0,19890,0,10,0.0,0.0,0.9994974874371859,47.63525569997728,24,200
0.0,0.0,0.0,,0.0,0.65,0,19890,0,10,0.0,0.0,0.9994974874371859,47.63525569997728,24,200
0.0,0.0,0.0,,0.0,0.7,0,19890,0,10,0.0,0.0,0.9994974874371859,47.63525569997728,24,200
0.0,0.0,0.0,,0.0,0.75,0,19890,0,10,0.0,0.0,0.9994974874371859,47.63525569997728,24,200
0.0,0.0,0.0,,0.0,0.8,0,19890,0,10,0.0,0.0,0.9994974874371859,47.63525569997728,24,200
0.0,0.0,0.0,,0.0,0.85,0,19890,0,10,0.0,0.0,0.9994974874371859,47.63525569997728,24,200
0.003418803418803419,0.0,1.0,0.0,0.0,0.9,0,19822,68,10,0.0,0.003418803418803419,0.9960804020100502,47.63525569997728,24,200
0.004122674710910005,0.0,1.0,0.0,0.0,0.95,0,19808,82,10,0.0,0.004122674710910005,0.9953768844221106,47.63525569997728,24,200
0.6065359477124183,0.8,0.9993373094764745,0.0006626905235255136,0.8,1.0,8,7826,12064,2,0.8,0.6065359477124183,0.3936683417085427,47.63525569997728,24,200
5.0276520864756156e-05,0.2,0.3333333333333333,0.6666666666666666,0.2,0.05,2,19889,1,8,0.2,5.0276520864756156e-05,0.9995477386934674,50.06996519980021,25,200
5.0276520864756156e-05,0.2,0.3333333333333333,0.6666666666666666,0.2,0.1,2,19889,1,8,0.2,5.0276520864756156e-05,0.9995477386934674,50.06996519980021,25,200
5.0276520864756156e-05,0.2,0.3333333333333333,0.6666666666666666,0.2,0.15,2,19889,1,8,0.2,5.0276520864756156e-05,0.9995477386934674,50.06996519980021,25,200
5.0276520864756156e-05,0.2,0.3333333333333333,0.6666666666666666,0.2,0.2,2,19889,1,8,0.2,5.0276520864756156e-05,0.9995477386934674,50.06996519980021,25,200
5.0276520864756156e-05,0.2,0.3333333333333333,0.6666666666666666,0.2,0.25,2,19889,1,8,0.2,5.0276520864756156e-05,0.9995477386934674,50.06996519980021,25,200
0.00010055304172951231,0.2,0.5,0.5,0.2,0.3,2,19888,2,8,0.2,0.00010055304172951231,0.9994974874371859,50.06996519980021,25,200
0.00010055304172951231,0.2,0.5,0.5,0.2,0.35,2,19888,2,8,0.2,0.00010055304172951231,0.9994974874371859,50.06996519980021,25,200
0.00015082956259426848,0.2,0.6,0.4,0.2,0.4,2,19887,3,8,0.2,0.00015082956259426848,0.9994472361809045,50.06996519980021,25,200
0.00015082956259426848,0.2,0.6,0.4,0.2,0.45,2,19887,3,8,0.2,0.00015082956259426848,0.9994472361809045,50.06996519980021,25,200
0.00025138260432378077,0.2,0.7142857142857143,0.2857142857142857,0.2,0.5,2,19885,5,8,0.2,0.00025138260432378077,0.9993467336683417,50.06996519980021,25,200
0.00025138260432378077,0.2,0.7142857142857143,0.2857142857142857,0.2,0.55,2,19885,5,8,0.2,0.00025138260432378077,0.9993467336683417,50.06996519980021,25,200
0.00030165912518853697,0.2,0.75,0.25,0.2,0.6,2,19884,6,8,0.2,0.00030165912518853697,0.9992964824120603,50.06996519980021,25,200
0.0003519356460532931,0.2,0.7777777777777778,0.2222222222222222,0.2,0.65,2,19883,7,8,0.2,0.0003519356460532931,0.9992462311557789,50.06996519980021,25,200
0.0003519356460532931,0.2,0.7777777777777778,0.2222222222222222,0.2,0.7,2,19883,7,8,0.2,0.0003519356460532931,0.9992462311557789,50.06996519980021,25,200
0.0003519356460532931,0.2,0.7777777777777778,0.2222222222222222,0.2,0.75,2,19883,7,8,0.2,0.0003519356460532931,0.9992462311557789,50.06996519980021,25,200
0.00040221216691804925,0.2,0.8,0.2,0.2,0.8,2,19882,8,8,0.2,0.00040221216691804925,0.9991959798994975,50.06996519980021,25,200
0.00040221216691804925,0.2,0.8,0.2,0.2,0.85,2,19882,8,8,0.2,0.00040221216691804925,0.9991959798994975,50.06996519980021,25,200
0.00045248868778280545,0.2,0.8181818181818182,0.18181818181818182,0.2,0.9,2,19881,9,8,0.2,0.00045248868778280545,0.999145728643216,50.06996519980021,25,200
0.00045248868778280545,0.2,0.8181818181818182,0.18181818181818182,0.2,0.95,2,19881,9,8,0.2,0.00045248868778280545,0.999145728643216,50.06996519980021,25,200
0.04343891402714932,0.3,0.9965397923875432,0.0034602076124567475,0.3,1.0,3,19026,864,7,0.3,0.04343891402714932,0.9562311557788945,50.06996519980021,25,200
0.0,0.0,0.0,,0.0,0.05,0,19890,0,10,0.0,0.0,0.9994974874371859,47.11343459994532,26,200
0.0,0.0,0.0,,0.0,0.1,0,19890,0,10,0.0,0.0,0.9994974874371859,47.11343459994532,26,200
0.0,0.0,0.0,,0.0,0.15,0,19890,0,10,0.0,0.0,0.9994974874371859,47.11343459994532,26,200
0.0,0.0,0.0,,0.0,0.2,0,19890,0,10,0.0,0.0,0.9994974874371859,47.11343459994532,26,200
0.0,0.0,0.0,,0.0,0.25,0,19890,0,10,0.0,0.0,0.9994974874371859,47.11343459994532,26,200
0.0,0.0,0.0,,0.0,0.3,0,19890,0,10,0.0,0.0,0.9994974874371859,47.11343459994532,26,200
0.0,0.0,0.0,,0.0,0.35,0,19890,0,10,0.0,0.0,0.9994974874371859,47.11343459994532,26,200
0.0,0.0,0.0,,0.0,0.4,0,19890,0,10,0.0,0.0,0.9994974874371859,47.11343459994532,26,200
0.0003519356460532931,0.0,1.0,0.0,0.0,0.45,0,19883,7,10,0.0,0.0003519356460532931,0.999145728643216,47.11343459994532,26,200
0.0003519356460532931,0.0,1.0,0.0,0.0,0.5,0,19883,7,10,0.0,0.0003519356460532931,0.999145728643216,47.11343459994532,26,200
0.0003519356460532931,0.0,1.0,0.0,0.0,0.55,0,19883,7,10,0.0,0.0003519356460532931,0.999145728643216,47.11343459994532,26,200
0.0003519356460532931,0.0,1.0,0.0,0.0,0.6,0,19883,7,10,0.0,0.0003519356460532931,0.999145728643216,47.11343459994532,26,200
0.00040221216691804925,0.0,1.0,0.0,0.0,0.65,0,19882,8,10,0.0,0.00040221216691804925,0.9990954773869347,47.11343459994532,26,200
0.00040221216691804925,0.0,1.0,0.0,0.0,0.7,0,19882,8,10,0.0,0.00040221216691804925,0.9990954773869347,47.11343459994532,26,200
0.00040221216691804925,0.0,1.0,0.0,0.0,0.75,0,19882,8,10,0.0,0.00040221216691804925,0.9990954773869347,47.11343459994532,26,200
0.00040221216691804925,0.0,1.0,0.0,0.0,0.8,0,19882,8,10,0.0,0.00040221216691804925,0.9990954773869347,47.11343459994532,26,200
0.0009049773755656109,0.1,0.9473684210526315,0.05263157894736842,0.1,0.85,1,19872,18,9,0.1,0.0009049773755656109,0.998643216080402,47.11343459994532,26,200
0.001005530417295123,0.1,0.9523809523809523,0.047619047619047616,0.1,0.9,1,19870,20,9,0.1,0.001005530417295123,0.9985427135678392,47.11343459994532,26,200
0.04670688788335847,0.4,0.9957127545551983,0.004287245444801715,0.4,0.95,4,18961,929,6,0.4,0.04670688788335847,0.9530150753768845,47.11343459994532,26,200
0.9724987430869784,1.0,0.9994832842453366,0.0005167157546633596,1.0,1.0,10,547,19343,0,1.0,0.9724987430869784,0.02798994974874372,47.11343459994532,26,200
0.0,0.0,0.0,,0.0,0.05,0,19890,0,10,0.0,0.0,0.9994974874371859,49.94431799999438,27,200
0.0,0.0,0.0,,0.0,0.1,0,19890,0,10,0.0,0.0,0.9994974874371859,49.94431799999438,27,200
0.0,0.0,0.0,,0.0,0.15,0,19890,0,10,0.0,0.0,0.9994974874371859,49.94431799999438,27,200
0.0,0.0,0.0,,0.0,0.2,0,19890,0,10,0.0,0.0,0.9994974874371859,49.94431799999438,27,200
0.0,0.0,0.0,,0.0,0.25,0,19890,0,10,0.0,0.0,0.9994974874371859,49.94431799999438,27,200
0.0,0.0,0.0,,0.0,0.3,0,19890,0,10,0.0,0.0,0.9994974874371859,49.94431799999438,27,200
0.0,0.0,0.0,,0.0,0.35,0,19890,0,10,0.0,0.0,0.9994974874371859,49.94431799999438,27,200
0.0,0.0,0.0,,0.0,0.4,0,19890,0,10,0.0,0.0,0.9994974874371859,49.94431799999438,27,200
0.0,0.0,0.0,,0.0,0.45,0,19890,0,10,0.0,0.0,0.9994974874371859,49.94431799999438,27,200
0.0,0.0,0.0,,0.0,0.5,0,19890,0,10,0.0,0.0,0.9994974874371859,49.94431799999438,27,200
0.0,0.0,0.0,,0.0,0.55,0,19890,0,10,0.0,0.0,0.9994974874371859,49.94431799999438,27,200
0.0,0.0,0.0,,0.0,0.6,0,19890,0,10,0.0,0.0,0.9994974874371859,49.94431799999438,27,200
0.0,0.0,0.0,,0.0,0.65,0,19890,0,10,0.0,0.0,0.9994974874371859,49.94431799999438,27,200
0.0,0.0,0.0,,0.0,0.7,0,19890,0,10,0.0,0.0,0.9994974874371859,49.94431799999438,27,200
0.0,0.0,0.0,,0.0,0.75,0,19890,0,10,0.0,0.0,0.9994974874371859,49.94431799999438,27,200
5.0276520864756156e-05,0.0,1.0,0.0,0.0,0.8,0,19889,1,10,0.0,5.0276520864756156e-05,0.9994472361809045,49.94431799999438,27,200
5.0276520864756156e-05,0.0,1.0,0.0,0.0,0.85,0,19889,1,10,0.0,5.0276520864756156e-05,0.9994472361809045,49.94431799999438,27,200
5.0276520864756156e-05,0.0,1.0,0.0,0.0,0.9,0,19889,1,10,0.0,5.0276520864756156e-05,0.9994472361809045,49.94431799999438,27,200
0.011312217194570135,0.1,0.995575221238938,0.004424778761061947,0.1,0.95,1,19665,225,9,0.1,0.011312217194570135,0.9882412060301508,49.94431799999438,27,200
0.9982905982905983,1.0,0.9994966274036041,0.0005033725963958522,1.0,1.0,10,34,19856,0,1.0,0.9982905982905983,0.0022110552763819095,49.94431799999438,27,200
0.0,0.0,0.0,,0.0,0.05,0,19890,0,10,0.0,0.0,0.9994974874371859,49.61415289994329,28,200
0.0,0.0,0.0,,0.0,0.1,0,19890,0,10,0.0,0.0,0.9994974874371859,49.61415289994329,28,200
5.0276520864756156e-05,0.1,0.5,0.5,0.1,0.15,1,19889,1,9,0.1,5.0276520864756156e-05,0.9994974874371859,49.61415289994329,28,200
5.0276520864756156e-05,0.1,0.5,0.5,0.1,0.2,1,19889,1,9,0.1,5.0276520864756156e-05,0.9994974874371859,49.61415289994329,28,200
0.00010055304172951231,0.1,0.6666666666666666,0.3333333333333333,0.1,0.25,1,19888,2,9,0.1,0.00010055304172951231,0.9994472361809045,49.61415289994329,28,200
0.00010055304172951231,0.1,0.6666666666666666,0.3333333333333333,0.1,0.3,1,19888,2,9,0.1,0.00010055304172951231,0.9994472361809045,49.61415289994329,28,200
0.00010055304172951231,0.1,0.6666666666666666,0.3333333333333333,0.1,0.35,1,19888,2,9,0.1,0.00010055304172951231,0.9994472361809045,49.61415289994329,28,200
0.00010055304172951231,0.1,0.6666666666666666,0.3333333333333333,0.1,0.4,1,19888,2,9,0.1,0.00010055304172951231,0.9994472361809045,49.61415289994329,28,200
0.0003519356460532931,0.1,0.875,0.125,0.1,0.45,1,19883,7,9,0.1,0.0003519356460532931,0.9991959798994975,49.61415289994329,28,200
0.0005530417295123177,0.1,0.9166666666666666,0.08333333333333333,0.1,0.5,1,19879,11,9,0.1,0.0005530417295123177,0.9989949748743718,49.61415289994329,28,200
0.0005530417295123177,0.1,0.9166666666666666,0.08333333333333333,0.1,0.55,1,19879,11,9,0.1,0.0005530417295123177,0.9989949748743718,49.61415289994329,28,200
0.0005530417295123177,0.1,0.9166666666666666,0.08333333333333333,0.1,0.6,1,19879,11,9,0.1,0.0005530417295123177,0.9989949748743718,49.61415289994329,28,200
0.0008044243338360985,0.1,0.9411764705882353,0.058823529411764705,0.1,0.65,1,19874,16,9,0.1,0.0008044243338360985,0.9987437185929648,49.61415289994329,28,200
0.002011060834590246,0.1,0.975609756097561,0.024390243902439025,0.1,0.7,1,19850,40,9,0.1,0.002011060834590246,0.997537688442211,49.61415289994329,28,200
0.003167420814479638,0.1,0.984375,0.015625,0.1,0.75,1,19827,63,9,0.1,0.003167420814479638,0.9963819095477386,49.61415289994329,28,200
0.003418803418803419,0.1,0.9855072463768116,0.014492753623188406,0.1,0.8,1,19822,68,9,0.1,0.003418803418803419,0.9961306532663317,49.61415289994329,28,200
0.009602815485168427,0.1,0.9947916666666666,0.005208333333333333,0.1,0.85,1,19699,191,9,0.1,0.009602815485168427,0.9899497487437185,49.61415289994329,28,200
0.017697335344394168,0.1,0.9971671388101983,0.0028328611898017,0.1,0.9,1,19538,352,9,0.1,0.017697335344394168,0.9818592964824121,49.61415289994329,28,200
0.07375565610859729,0.2,0.998638529611981,0.0013614703880190605,0.2,0.95,2,18423,1467,8,0.2,0.07375565610859729,0.9258793969849246,49.61415289994329,28,200
0.9986928104575163,1.0,0.9994968300291839,0.0005031699708161417,1.0,1.0,10,26,19864,0,1.0,0.9986928104575163,0.0018090452261306533,49.61415289994329,28,200
5.0276520864756156e-05,0.0,1.0,0.0,0.0,0.05,0,19889,1,10,0.0,5.0276520864756156e-05,0.9994472361809045,49.323849299922585,29,200
0.00020110608345902463,0.0,1.0,0.0,0.0,0.1,0,19886,4,10,0.0,0.00020110608345902463,0.9992964824120603,49.323849299922585,29,200
0.00020110608345902463,0.0,1.0,0.0,0.0,0.15,0,19886,4,10,0.0,0.00020110608345902463,0.9992964824120603,49.323849299922585,29,200
0.00030165912518853697,0.0,1.0,0.0,0.0,0.2,0,19884,6,10,0.0,0.00030165912518853697,0.9991959798994975,49.323849299922585,29,200
0.00030165912518853697,0.0,1.0,0.0,0.0,0.25,0,19884,6,10,0.0,0.00030165912518853697,0.9991959798994975,49.323849299922585,29,200
0.00030165912518853697,0.0,1.0,0.0,0.0,0.3,0,19884,6,10,0.0,0.00030165912518853697,0.9991959798994975,49.323849299922585,29,200
0.00030165912518853697,0.0,1.0,0.0,0.0,0.35,0,19884,6,10,0.0,0.00030165912518853697,0.9991959798994975,49.323849299922585,29,200
0.00030165912518853697,0.0,1.0,0.0,0.0,0.4,0,19884,6,10,0.0,0.00030165912518853697,0.9991959798994975,49.323849299922585,29,200
0.00030165912518853697,0.0,1.0,0.0,0.0,0.45,0,19884,6,10,0.0,0.00030165912518853697,0.9991959798994975,49.323849299922585,29,200
0.00040221216691804925,0.0,1.0,0.0,0.0,0.5,0,19882,8,10,0.0,0.00040221216691804925,0.9990954773869347,49.323849299922585,29,200
0.00045248868778280545,0.0,1.0,0.0,0.0,0.55,0,19881,9,10,0.0,0.00045248868778280545,0.9990452261306533,49.323849299922585,29,200
0.0005027652086475615,0.0,1.0,0.0,0.0,0.6,0,19880,10,10,0.0,0.0005027652086475615,0.9989949748743718,49.323849299922585,29,200
0.0008547008547008547,0.1,0.9444444444444444,0.05555555555555555,0.1,0.65,1,19873,17,9,0.1,0.0008547008547008547,0.9986934673366834,49.323849299922585,29,200
0.000955253896430367,0.1,0.95,0.05,0.1,0.7,1,19871,19,9,0.1,0.000955253896430367,0.9985929648241206,49.323849299922585,29,200
0.000955253896430367,0.2,0.9047619047619048,0.09523809523809523,0.2,0.75,2,19871,19,8,0.2,0.000955253896430367,0.998643216080402,49.323849299922585,29,200
0.0022624434389140274,0.2,0.9574468085106383,0.0425531914893617,0.2,0.8,2,19845,45,8,0.2,0.0022624434389140274,0.9973366834170855,49.323849299922585,29,200
0.002564102564102564,0.2,0.9622641509433962,0.03773584905660377,0.2,0.85,2,19839,51,8,0.2,0.002564102564102564,0.9970351758793969,49.323849299922585,29,200
0.004625439919557567,0.2,0.9787234042553191,0.02127659574468085,0.2,0.9,2,19798,92,8,0.2,0.004625439919557567,0.9949748743718593,49.323849299922585,29,200
0.01649069884364002,0.2,0.9939393939393939,0.006060606060606061,0.2,0.95,2,19562,328,8,0.2,0.01649069884364002,0.9831155778894473,49.323849299922585,29,200
0.9982403217697335,1.0,0.9994966020639315,0.0005033979360684622,1.0,1.0,10,35,19855,0,1.0,0.9982403217697335,0.0022613065326633165,49.323849299922585,29,200
0.0,0.0,0.0,,0.0,0.05,0,19890,0,10,0.0,0.0,0.9994974874371859,50.2137430999428,30,200
0.0,0.0,0.0,,0.0,0.1,0,19890,0,10,0.0,0.0,0.9994974874371859,50.2137430999428,30,200
0.0,0.0,0.0,,0.0,0.15,0,19890,0,10,0.0,0.0,0.9994974874371859,50.2137430999428,30,200
0.0,0.0,0.0,,0.0,0.2,0,19890,0,10,0.0,0.0,0.9994974874371859,50.2137430999428,30,200
0.0,0.0,0.0,,0.0,0.25,0,19890,0,10,0.0,0.0,0.9994974874371859,50.2137430999428,30,200
0.0,0.0,0.0,,0.0,0.3,0,19890,0,10,0.0,0.0,0.9994974874371859,50.2137430999428,30,200
0.0,0.0,0.0,,0.0,0.35,0,19890,0,10,0.0,0.0,0.9994974874371859,50.2137430999428,30,200
0.0,0.0,0.0,,0.0,0.4,0,19890,0,10,0.0,0.0,0.9994974874371859,50.2137430999428,30,200
0.0,0.0,0.0,,0.0,0.45,0,19890,0,10,0.0,0.0,0.9994974874371859,50.2137430999428,30,200
0.0,0.0,0.0,,0.0,0.5,0,19890,0,10,0.0,0.0,0.9994974874371859,50.2137430999428,30,200
0.0,0.0,0.0,,0.0,0.55,0,19890,0,10,0.0,0.0,0.9994974874371859,50.2137430999428,30,200
0.0,0.0,0.0,,0.0,0.6,0,19890,0,10,0.0,0.0,0.9994974874371859,50.2137430999428,30,200
0.0,0.0,0.0,,0.0,0.65,0,19890,0,10,0.0,0.0,0.9994974874371859,50.2137430999428,30,200
0.0,0.0,0.0,,0.0,0.7,0,19890,0,10,0.0,0.0,0.9994974874371859,50.2137430999428,30,200
0.0,0.0,0.0,,0.0,0.75,0,19890,0,10,0.0,0.0,0.9994974874371859,50.2137430999428,30,200
0.0,0.0,0.0,,0.0,0.8,0,19890,0,10,0.0,0.0,0.9994974874371859,50.2137430999428,30,200
0.0,0.0,0.0,,0.0,0.85,0,19890,0,10,0.0,0.0,0.9994974874371859,50.2137430999428,30,200
0.0,0.0,0.0,,0.0,0.9,0,19890,0,10,0.0,0.0,0.9994974874371859,50.2137430999428,30,200
0.0038712921065862244,0.1,0.9871794871794872,0.01282051282051282,0.1,0.95,1,19813,77,9,0.1,0.0038712921065862244,0.995678391959799,50.2137430999428,30,200
0.9982403217697335,1.0,0.9994966020639315,0.0005033979360684622,1.0,1.0,10,35,19855,0,1.0,0.9982403217697335,0.0022613065326633165,50.2137430999428,30,200
0.0,0.0,0.0,,0.0,0.05,0,19890,0,10,0.0,0.0,0.9994974874371859,47.481522399932146,31,200
0.0,0.0,0.0,,0.0,0.1,0,19890,0,10,0.0,0.0,0.9994974874371859,47.481522399932146,31,200
0.0,0.0,0.0,,0.0,0.15,0,19890,0,10,0.0,0.0,0.9994974874371859,47.481522399932146,31,200
0.0,0.0,0.0,,0.0,0.2,0,19890,0,10,0.0,0.0,0.9994974874371859,47.481522399932146,31,200
0.0,0.0,0.0,,0.0,0.25,0,19890,0,10,0.0,0.0,0.9994974874371859,47.481522399932146,31,200
0.0,0.0,0.0,,0.0,0.3,0,19890,0,10,0.0,0.0,0.9994974874371859,47.481522399932146,31,200
0.0,0.0,0.0,,0.0,0.35,0,19890,0,10,0.0,0.0,0.9994974874371859,47.481522399932146,31,200
0.0,0.0,0.0,,0.0,0.4,0,19890,0,10,0.0,0.0,0.9994974874371859,47.481522399932146,31,200
0.0,0.0,0.0,,0.0,0.45,0,19890,0,10,0.0,0.0,0.9994974874371859,47.481522399932146,31,200
0.0,0.0,0.0,,0.0,0.5,0,19890,0,10,0.0,0.0,0.9994974874371859,47.481522399932146,31,200
0.0,0.0,0.0,,0.0,0.55,0,19890,0,10,0.0,0.0,0.9994974874371859,47.481522399932146,31,200
0.0,0.0,0.0,,0.0,0.6,0,19890,0,10,0.0,0.0,0.9994974874371859,47.481522399932146,31,200
0.0,0.0,0.0,,0.0,0.65,0,19890,0,10,0.0,0.0,0.9994974874371859,47.481522399932146,31,200
0.0,0.0,0.0,,0.0,0.7,0,19890,0,10,0.0,0.0,0.9994974874371859,47.481522399932146,31,200
0.0,0.0,0.0,,0.0,0.75,0,19890,0,10,0.0,0.0,0.9994974874371859,47.481522399932146,31,200
5.0276520864756156e-05,0.0,1.0,0.0,0.0,0.8,0,19889,1,10,0.0,5.0276520864756156e-05,0.9994472361809045,47.481522399932146,31,200
5.0276520864756156e-05,0.0,1.0,0.0,0.0,0.85,0,19889,1,10,0.0,5.0276520864756156e-05,0.9994472361809045,47.481522399932146,31,200
0.0011563599798893917,0.0,1.0,0.0,0.0,0.9,0,19867,23,10,0.0,0.0011563599798893917,0.9983417085427135,47.481522399932146,31,200
0.022976370035193566,0.2,0.9956427015250545,0.004357298474945534,0.2,0.95,2,19433,457,8,0.2,0.022976370035193566,0.9766331658291457,47.481522399932146,31,200
0.9910005027652087,1.0,0.9994929263221947,0.0005070736778053851,1.0,1.0,10,179,19711,0,1.0,0.9910005027652087,0.00949748743718593,47.481522399932146,31,200
0.0,0.0,0.0,,0.0,0.05,0,19890,0,10,0.0,0.0,0.9994974874371859,46.86473200004548,32,200
0.0,0.0,0.0,,0.0,0.1,0,19890,0,10,0.0,0.0,0.9994974874371859,46.86473200004548,32,200
0.0,0.0,0.0,,0.0,0.15,0,19890,0,10,0.0,0.0,0.9994974874371859,46.86473200004548,32,200
0.0,0.0,0.0,,0.0,0.2,0,19890,0,10,0.0,0.0,0.9994974874371859,46.86473200004548,32,200
0.0,0.0,0.0,,0.0,0.25,0,19890,0,10,0.0,0.0,0.9994974874371859,46.86473200004548,32,200
0.0,0.0,0.0,,0.0,0.3,0,19890,0,10,0.0,0.0,0.9994974874371859,46.86473200004548,32,200
0.0,0.0,0.0,,0.0,0.35,0,19890,0,10,0.0,0.0,0.9994974874371859,46.86473200004548,32,200
0.0,0.0,0.0,,0.0,0.4,0,19890,0,10,0.0,0.0,0.9994974874371859,46.86473200004548,32,200
0.0,0.0,0.0,,0.0,0.45,0,19890,0,10,0.0,0.0,0.9994974874371859,46.86473200004548,32,200
0.0,0.0,0.0,,0.0,0.5,0,19890,0,10,0.0,0.0,0.9994974874371859,46.86473200004548,32,200
0.0,0.0,0.0,,0.0,0.55,0,19890,0,10,0.0,0.0,0.9994974874371859,46.86473200004548,32,200
0.0,0.0,0.0,,0.0,0.6,0,19890,0,10,0.0,0.0,0.9994974874371859,46.86473200004548,32,200
0.00130718954248366,0.0,1.0,0.0,0.0,0.65,0,19864,26,10,0.0,0.00130718954248366,0.9981909547738693,46.86473200004548,32,200
0.0014077425842131724,0.0,1.0,0.0,0.0,0.7,0,19862,28,10,0.0,0.0014077425842131724,0.9980904522613065,46.86473200004548,32,200
0.0014077425842131724,0.0,1.0,0.0,0.0,0.75,0,19862,28,10,0.0,0.0014077425842131724,0.9980904522613065,46.86473200004548,32,200
0.0014077425842131724,0.0,1.0,0.0,0.0,0.8,0,19862,28,10,0.0,0.0014077425842131724,0.9980904522613065,46.86473200004548,32,200
0.0015082956259426848,0.0,1.0,0.0,0.0,0.85,0,19860,30,10,0.0,0.0015082956259426848,0.9979899497487437,46.86473200004548,32,200
0.0018099547511312218,0.0,1.0,0.0,0.0,0.9,0,19854,36,10,0.0,0.0018099547511312218,0.9976884422110552,46.86473200004548,32,200
0.006636500754147813,0.2,0.9850746268656716,0.014925373134328358,0.2,0.95,2,19758,132,8,0.2,0.006636500754147813,0.992964824120603,46.86473200004548,32,200
0.009653092006033183,0.2,0.9896907216494846,0.010309278350515464,0.2,1.0,2,19698,192,8,0.2,0.009653092006033183,0.9899497487437185,46.86473200004548,32,200
0.0,0.0,0.0,,0.0,0.05,0,19890,0,10,0.0,0.0,0.9994974874371859,49.8714478998445,33,200
0.0,0.0,0.0,,0.0,0.1,0,19890,0,10,0.0,0.0,0.9994974874371859,49.8714478998445,33,200
0.0,0.0,0.0,,0.0,0.15,0,19890,0,10,0.0,0.0,0.9994974874371859,49.8714478998445,33,200
0.0,0.0,0.0,,0.0,0.2,0,19890,0,10,0.0,0.0,0.9994974874371859,49.8714478998445,33,200
0.0,0.0,0.0,,0.0,0.25,0,19890,0,10,0.0,0.0,0.9994974874371859,49.8714478998445,33,200
0.0,0.0,0.0,,0.0,0.3,0,19890,0,10,0.0,0.0,0.9994974874371859,49.8714478998445,33,200
0.0,0.0,0.0,,0.0,0.35,0,19890,0,10,0.0,0.0,0.9994974874371859,49.8714478998445,33,200
0.0,0.0,0.0,,0.0,0.4,0,19890,0,10,0.0,0.0,0.9994974874371859,49.8714478998445,33,200
0.0,0.0,0.0,,0.0,0.45,0,19890,0,10,0.0,0.0,0.9994974874371859,49.8714478998445,33,200
0.0,0.0,0.0,,0.0,0.5,0,19890,0,10,0.0,0.0,0.9994974874371859,49.8714478998445,33,200
0.0,0.0,0.0,,0.0,0.55,0,19890,0,10,0.0,0.0,0.9994974874371859,49.8714478998445,33,200
0.0,0.0,0.0,,0.0,0.6,0,19890,0,10,0.0,0.0,0.9994974874371859,49.8714478998445,33,200
0.0,0.0,0.0,,0.0,0.65,0,19890,0,10,0.0,0.0,0.9994974874371859,49.8714478998445,33,200
0.0,0.0,0.0,,0.0,0.7,0,19890,0,10,0.0,0.0,0.9994974874371859,49.8714478998445,33,200
0.0,0.0,0.0,,0.0,0.75,0,19890,0,10,0.0,0.0,0.9994974874371859,49.8714478998445,33,200
0.0,0.0,0.0,,0.0,0.8,0,19890,0,10,0.0,0.0,0.9994974874371859,49.8714478998445,33,200
0.0,0.0,0.0,,0.0,0.85,0,19890,0,10,0.0,0.0,0.9994974874371859,49.8714478998445,33,200
0.0,0.0,0.0,,0.0,0.9,0,19890,0,10,0.0,0.0,0.9994974874371859,49.8714478998445,33,200
0.006033182503770739,0.2,0.9836065573770492,0.01639344262295082,0.2,0.95,2,19770,120,8,0.2,0.006033182503770739,0.9935678391959799,49.8714478998445,33,200
0.9963298139768728,1.0,0.999495637262319,0.0005043627376809402,1.0,1.0,10,73,19817,0,1.0,0.9963298139768728,0.004170854271356784,49.8714478998445,33,200
0.0,0.0,0.0,,0.0,0.05,0,19890,0,10,0.0,0.0,0.9994974874371859,48.62177400011569,34,200
0.0,0.0,0.0,,0.0,0.1,0,19890,0,10,0.0,0.0,0.9994974874371859,48.62177400011569,34,200
0.0,0.0,0.0,,0.0,0.15,0,19890,0,10,0.0,0.0,0.9994974874371859,48.62177400011569,34,200
0.0,0.0,0.0,,0.0,0.2,0,19890,0,10,0.0,0.0,0.9994974874371859,48.62177400011569,34,200
0.0,0.0,0.0,,0.0,0.25,0,19890,0,10,0.0,0.0,0.9994974874371859,48.62177400011569,34,200
0.0,0.0,0.0,,0.0,0.3,0,19890,0,10,0.0,0.0,0.9994974874371859,48.62177400011569,34,200
0.0,0.0,0.0,,0.0,0.35,0,19890,0,10,0.0,0.0,0.9994974874371859,48.62177400011569,34,200
0.0,0.0,0.0,,0.0,0.4,0,19890,0,10,0.0,0.0,0.9994974874371859,48.62177400011569,34,200
0.0,0.0,0.0,,0.0,0.45,0,19890,0,10,0.0,0.0,0.9994974874371859,48.62177400011569,34,200
0.0,0.0,0.0,,0.0,0.5,0,19890,0,10,0.0,0.0,0.9994974874371859,48.62177400011569,34,200
0.0,0.0,0.0,,0.0,0.55,0,19890,0,10,0.0,0.0,0.9994974874371859,48.62177400011569,34,200
0.0,0.0,0.0,,0.0,0.6,0,19890,0,10,0.0,0.0,0.9994974874371859,48.62177400011569,34,200
0.0,0.0,0.0,,0.0,0.65,0,19890,0,10,0.0,0.0,0.9994974874371859,48.62177400011569,34,200
0.0,0.0,0.0,,0.0,0.7,0,19890,0,10,0.0,0.0,0.9994974874371859,48.62177400011569,34,200
0.0,0.0,0.0,,0.0,0.75,0,19890,0,10,0.0,0.0,0.9994974874371859,48.62177400011569,34,200
0.0,0.0,0.0,,0.0,0.8,0,19890,0,10,0.0,0.0,0.9994974874371859,48.62177400011569,34,200
0.00065359477124183,0.0,1.0,0.0,0.0,0.85,0,19877,13,10,0.0,0.00065359477124183,0.9988442211055276,48.62177400011569,34,200
0.001558572146807441,0.0,1.0,0.0,0.0,0.9,0,19859,31,10,0.0,0.001558572146807441,0.9979396984924623,48.62177400011569,34,200
0.0030165912518853697,0.0,1.0,0.0,0.0,0.95,0,19830,60,10,0.0,0.0030165912518853697,0.9964824120603015,48.62177400011569,34,200
0.998340874811463,1.0,0.9994966527407259,0.0005033472592741732,1.0,1.0,10,33,19857,0,1.0,0.998340874811463,0.0021608040201005025,48.62177400011569,34,200
0.0,0.0,0.0,,0.0,0.05,0,19890,0,10,0.0,0.0,0.9994974874371859,48.873961800010875,35,200
0.0,0.0,0.0,,0.0,0.1,0,19890,0,10,0.0,0.0,0.9994974874371859,48.873961800010875,35,200
0.0,0.0,0.0,,0.0,0.15,0,19890,0,10,0.0,0.0,0.9994974874371859,48.873961800010875,35,200
0.0,0.0,0.0,,0.0,0.2,0,19890,0,10,0.0,0.0,0.9994974874371859,48.873961800010875,35,200
0.0,0.0,0.0,,0.0,0.25,0,19890,0,10,0.0,0.0,0.9994974874371859,48.873961800010875,35,200
0.0,0.0,0.0,,0.0,0.3,0,19890,0,10,0.0,0.0,0.9994974874371859,48.873961800010875,35,200
5.0276520864756156e-05,0.0,1.0,0.0,0.0,0.35,0,19889,1,10,0.0,5.0276520864756156e-05,0.9994472361809045,48.873961800010875,35,200
0.00010055304172951231,0.0,1.0,0.0,0.0,0.4,0,19888,2,10,0.0,0.00010055304172951231,0.9993969849246231,48.873961800010875,35,200
0.00025138260432378077,0.1,0.8333333333333334,0.16666666666666666,0.1,0.45,1,19885,5,9,0.1,0.00025138260432378077,0.9992964824120603,48.873961800010875,35,200
0.00030165912518853697,0.1,0.8571428571428571,0.14285714285714285,0.1,0.5,1,19884,6,9,0.1,0.00030165912518853697,0.9992462311557789,48.873961800010875,35,200
0.00030165912518853697,0.1,0.8571428571428571,0.14285714285714285,0.1,0.55,1,19884,6,9,0.1,0.00030165912518853697,0.9992462311557789,48.873961800010875,35,200
0.00030165912518853697,0.1,0.8571428571428571,0.14285714285714285,0.1,0.6,1,19884,6,9,0.1,0.00030165912518853697,0.9992462311557789,48.873961800010875,35,200
0.00030165912518853697,0.1,0.8571428571428571,0.14285714285714285,0.1,0.65,1,19884,6,9,0.1,0.00030165912518853697,0.9992462311557789,48.873961800010875,35,200
0.0013574660633484162,0.1,0.9642857142857143,0.03571428571428571,0.1,0.7,1,19863,27,9,0.1,0.0013574660633484162,0.9981909547738693,48.873961800010875,35,200
0.0020613373554550026,0.2,0.9534883720930233,0.046511627906976744,0.2,0.75,2,19849,41,8,0.2,0.0020613373554550026,0.997537688442211,48.873961800010875,35,200
0.0030668677727501256,0.3,0.953125,0.046875,0.3,0.8,3,19829,61,7,0.3,0.0030668677727501256,0.9965829145728643,48.873961800010875,35,200
0.003418803418803419,0.3,0.9577464788732394,0.04225352112676056,0.3,0.85,3,19822,68,7,0.3,0.003418803418803419,0.9962311557788944,48.873961800010875,35,200
0.005077928607340372,0.4,0.9619047619047619,0.0380952380952381,0.4,0.9,4,19789,101,6,0.4,0.005077928607340372,0.9946231155778894,48.873961800010875,35,200
0.005580693815987934,0.4,0.9652173913043478,0.034782608695652174,0.4,0.95,4,19779,111,6,0.4,0.005580693815987934,0.9941206030150753,48.873961800010875,35,200
0.9909502262443439,1.0,0.9994929006085193,0.0005070993914807302,1.0,1.0,10,180,19710,0,1.0,0.9909502262443439,0.009547738693467337,48.873961800010875,35,200
0.0,0.0,0.0,,0.0,0.05,0,19890,0,10,0.0,0.0,0.9994974874371859,48.240195399848744,36,200
0.0,0.0,0.0,,0.0,0.1,0,19890,0,10,0.0,0.0,0.9994974874371859,48.240195399848744,36,200
0.0,0.0,0.0,,0.0,0.15,0,19890,0,10,0.0,0.0,0.9994974874371859,48.240195399848744,36,200
0.0,0.0,0.0,,0.0,0.2,0,19890,0,10,0.0,0.0,0.9994974874371859,48.240195399848744,36,200
0.0,0.0,0.0,,0.0,0.25,0,19890,0,10,0.0,0.0,0.9994974874371859,48.240195399848744,36,200
0.0,0.0,0.0,,0.0,0.3,0,19890,0,10,0.0,0.0,0.9994974874371859,48.240195399848744,36,200
0.0,0.0,0.0,,0.0,0.35,0,19890,0,10,0.0,0.0,0.9994974874371859,48.240195399848744,36,200
0.0,0.0,0.0,,0.0,0.4,0,19890,0,10,0.0,0.0,0.9994974874371859,48.240195399848744,36,200
0.0,0.0,0.0,,0.0,0.45,0,19890,0,10,0.0,0.0,0.9994974874371859,48.240195399848744,36,200
0.0,0.0,0.0,,0.0,0.5,0,19890,0,10,0.0,0.0,0.9994974874371859,48.240195399848744,36,200
0.0,0.0,0.0,,0.0,0.55,0,19890,0,10,0.0,0.0,0.9994974874371859,48.240195399848744,36,200
0.0,0.0,0.0,,0.0,0.6,0,19890,0,10,0.0,0.0,0.9994974874371859,48.240195399848744,36,200
0.0,0.0,0.0,,0.0,0.65,0,19890,0,10,0.0,0.0,0.9994974874371859,48.240195399848744,36,200
0.0,0.0,0.0,,0.0,0.7,0,19890,0,10,0.0,0.0,0.9994974874371859,48.240195399848744,36,200
0.0,0.0,0.0,,0.0,0.75,0,19890,0,10,0.0,0.0,0.9994974874371859,48.240195399848744,36,200
0.0,0.0,0.0,,0.0,0.8,0,19890,0,10,0.0,0.0,0.9994974874371859,48.240195399848744,36,200
0.0,0.0,0.0,,0.0,0.85,0,19890,0,10,0.0,0.0,0.9994974874371859,48.240195399848744,36,200
0.0,0.0,0.0,,0.0,0.9,0,19890,0,10,0.0,0.0,0.9994974874371859,48.240195399848744,36,200
0.005530417295123178,0.1,0.990990990990991,0.009009009009009009,0.1,0.95,1,19780,110,9,0.1,0.005530417295123178,0.9940201005025125,48.240195399848744,36,200
0.9928607340372047,1.0,0.9994938758983702,0.0005061241016297196,1.0,1.0,10,142,19748,0,1.0,0.9928607340372047,0.00763819095477387,48.240195399848744,36,200
0.0,0.0,0.0,,0.0,0.05,0,19890,0,10,0.0,0.0,0.9994974874371859,47.50772599992342,37,200
0.0,0.0,0.0,,0.0,0.1,0,19890,0,10,0.0,0.0,0.9994974874371859,47.50772599992342,37,200
0.0,0.0,0.0,,0.0,0.15,0,19890,0,10,0.0,0.0,0.9994974874371859,47.50772599992342,37,200
0.0,0.0,0.0,,0.0,0.2,0,19890,0,10,0.0,0.0,0.9994974874371859,47.50772599992342,37,200
0.0,0.0,0.0,,0.0,0.25,0,19890,0,10,0.0,0.0,0.9994974874371859,47.50772599992342,37,200
0.0,0.0,0.0,,0.0,0.3,0,19890,0,10,0.0,0.0,0.9994974874371859,47.50772599992342,37,200
0.0,0.0,0.0,,0.0,0.35,0,19890,0,10,0.0,0.0,0.9994974874371859,47.50772599992342,37,200
0.0,0.0,0.0,,0.0,0.4,0,19890,0,10,0.0,0.0,0.9994974874371859,47.50772599992342,37,200
0.00015082956259426848,0.0,1.0,0.0,0.0,0.45,0,19887,3,10,0.0,0.00015082956259426848,0.9993467336683417,47.50772599992342,37,200
0.00020110608345902463,0.0,1.0,0.0,0.0,0.5,0,19886,4,10,0.0,0.00020110608345902463,0.9992964824120603,47.50772599992342,37,200
0.00020110608345902463,0.0,1.0,0.0,0.0,0.55,0,19886,4,10,0.0,0.00020110608345902463,0.9992964824120603,47.50772599992342,37,200
0.00020110608345902463,0.0,1.0,0.0,0.0,0.6,0,19886,4,10,0.0,0.00020110608345902463,0.9992964824120603,47.50772599992342,37,200
0.00020110608345902463,0.0,1.0,0.0,0.0,0.65,0,19886,4,10,0.0,0.00020110608345902463,0.9992964824120603,47.50772599992342,37,200
0.00020110608345902463,0.0,1.0,0.0,0.0,0.7,0,19886,4,10,0.0,0.00020110608345902463,0.9992964824120603,47.50772599992342,37,200
0.00020110608345902463,0.0,1.0,0.0,0.0,0.75,0,19886,4,10,0.0,0.00020110608345902463,0.9992964824120603,47.50772599992342,37,200
0.00020110608345902463,0.0,1.0,0.0,0.0,0.8,0,19886,4,10,0.0,0.00020110608345902463,0.9992964824120603,47.50772599992342,37,200
0.00020110608345902463,0.0,1.0,0.0,0.0,0.85,0,19886,4,10,0.0,0.00020110608345902463,0.9992964824120603,47.50772599992342,37,200
0.0006033182503770739,0.0,1.0,0.0,0.0,0.9,0,19878,12,10,0.0,0.0006033182503770739,0.9988944723618091,47.50772599992342,37,200
0.0007541478129713424,0.0,1.0,0.0,0.0,0.95,0,19875,15,10,0.0,0.0007541478129713424,0.9987437185929648,47.50772599992342,37,200
0.9984414278531926,1.0,0.9994967034073179,0.0005032965926820676,1.0,1.0,10,31,19859,0,1.0,0.9984414278531926,0.0020603015075376886,47.50772599992342,37,200
0.0,0.0,0.0,,0.0,0.05,0,19890,0,10,0.0,0.0,0.9994974874371859,51.142866500187665,38,200
0.0,0.0,0.0,,0.0,0.1,0,19890,0,10,0.0,0.0,0.9994974874371859,51.142866500187665,38,200
0.0,0.0,0.0,,0.0,0.15,0,19890,0,10,0.0,0.0,0.9994974874371859,51.142866500187665,38,200
0.0,0.0,0.0,,0.0,0.2,0,19890,0,10,0.0,0.0,0.9994974874371859,51.142866500187665,38,200
0.0,0.0,0.0,,0.0,0.25,0,19890,0,10,0.0,0.0,0.9994974874371859,51.142866500187665,38,200
0.0,0.0,0.0,,0.0,0.3,0,19890,0,10,0.0,0.0,0.9994974874371859,51.142866500187665,38,200
0.0,0.0,0.0,,0.0,0.35,0,19890,0,10,0.0,0.0,0.9994974874371859,51.142866500187665,38,200
0.0,0.0,0.0,,0.0,0.4,0,19890,0,10,0.0,0.0,0.9994974874371859,51.142866500187665,38,200
0.0,0.0,0.0,,0.0,0.45,0,19890,0,10,0.0,0.0,0.9994974874371859,51.142866500187665,38,200
0.00010055304172951231,0.0,1.0,0.0,0.0,0.5,0,19888,2,10,0.0,0.00010055304172951231,0.9993969849246231,51.142866500187665,38,200
0.00010055304172951231,0.0,1.0,0.0,0.0,0.55,0,19888,2,10,0.0,0.00010055304172951231,0.9993969849246231,51.142866500187665,38,200
0.00010055304172951231,0.0,1.0,0.0,0.0,0.6,0,19888,2,10,0.0,0.00010055304172951231,0.9993969849246231,51.142866500187665,38,200
0.00010055304172951231,0.0,1.0,0.0,0.0,0.65,0,19888,2,10,0.0,0.00010055304172951231,0.9993969849246231,51.142866500187665,38,200
0.00010055304172951231,0.0,1.0,0.0,0.0,0.7,0,19888,2,10,0.0,0.00010055304172951231,0.9993969849246231,51.142866500187665,38,200
0.00010055304172951231,0.0,1.0,0.0,0.0,0.75,0,19888,2,10,0.0,0.00010055304172951231,0.9993969849246231,51.142866500187665,38,200
0.00010055304172951231,0.0,1.0,0.0,0.0,0.8,0,19888,2,10,0.0,0.00010055304172951231,0.9993969849246231,51.142866500187665,38,200
0.00010055304172951231,0.0,1.0,0.0,0.0,0.85,0,19888,2,10,0.0,0.00010055304172951231,0.9993969849246231,51.142866500187665,38,200
0.00392156862745098,0.0,1.0,0.0,0.0,0.9,0,19812,78,10,0.0,0.00392156862745098,0.9955778894472361,51.142866500187665,38,200
0.004625439919557567,0.0,1.0,0.0,0.0,0.95,0,19798,92,10,0.0,0.004625439919557567,0.9948743718592965,51.142866500187665,38,200
0.9986425339366516,1.0,0.9994968047099079,0.0005031952900920847,1.0,1.0,10,27,19863,0,1.0,0.9986425339366516,0.0018592964824120603,51.142866500187665,38,200
0.0,0.0,0.0,,0.0,0.05,0,19890,0,10,0.0,0.0,0.9994974874371859,49.22153429989703,39,200
0.0,0.0,0.0,,0.0,0.1,0,19890,0,10,0.0,0.0,0.9994974874371859,49.22153429989703,39,200
0.0,0.0,0.0,,0.0,0.15,0,19890,0,10,0.0,0.0,0.9994974874371859,49.22153429989703,39,200
0.0,0.0,0.0,,0.0,0.2,0,19890,0,10,0.0,0.0,0.9994974874371859,49.22153429989703,39,200
0.0,0.0,0.0,,0.0,0.25,0,19890,0,10,0.0,0.0,0.9994974874371859,49.22153429989703,39,200
0.0,0.0,0.0,,0.0,0.3,0,19890,0,10,0.0,0.0,0.9994974874371859,49.22153429989703,39,200
0.0,0.0,0.0,,0.0,0.35,0,19890,0,10,0.0,0.0,0.9994974874371859,49.22153429989703,39,200
0.0,0.0,0.0,,0.0,0.4,0,19890,0,10,0.0,0.0,0.9994974874371859,49.22153429989703,39,200
0.0,0.0,0.0,,0.0,0.45,0,19890,0,10,0.0,0.0,0.9994974874371859,49.22153429989703,39,200
0.0,0.0,0.0,,0.0,0.5,0,19890,0,10,0.0,0.0,0.9994974874371859,49.22153429989703,39,200
0.0,0.0,0.0,,0.0,0.55,0,19890,0,10,0.0,0.0,0.9994974874371859,49.22153429989703,39,200
0.0,0.0,0.0,,0.0,0.6,0,19890,0,10,0.0,0.0,0.9994974874371859,49.22153429989703,39,200
0.0,0.0,0.0,,0.0,0.65,0,19890,0,10,0.0,0.0,0.9994974874371859,49.22153429989703,39,200
0.0,0.0,0.0,,0.0,0.7,0,19890,0,10,0.0,0.0,0.9994974874371859,49.22153429989703,39,200
0.0,0.0,0.0,,0.0,0.75,0,19890,0,10,0.0,0.0,0.9994974874371859,49.22153429989703,39,200
0.0,0.0,0.0,,0.0,0.8,0,19890,0,10,0.0,0.0,0.9994974874371859,49.22153429989703,39,200
0.0,0.0,0.0,,0.0,0.85,0,19890,0,10,0.0,0.0,0.9994974874371859,49.22153429989703,39,200
0.0016591251885369532,0.1,0.9705882352941176,0.029411764705882353,0.1,0.9,1,19857,33,9,0.1,0.0016591251885369532,0.9978894472361809,49.22153429989703,39,200
0.014680744092508798,0.2,0.9931972789115646,0.006802721088435374,0.2,0.95,2,19598,292,8,0.2,0.014680744092508798,0.9849246231155779,49.22153429989703,39,200
0.016691804927099044,0.2,0.9940119760479041,0.005988023952095809,0.2,1.0,2,19558,332,8,0.2,0.016691804927099044,0.9829145728643216,49.22153429989703,39,200
0.0,0.0,0.0,,0.0,0.05,0,19890,0,10,0.0,0.0,0.9994974874371859,49.88084920006804,40,200
0.0,0.0,0.0,,0.0,0.1,0,19890,0,10,0.0,0.0,0.9994974874371859,49.88084920006804,40,200
0.0,0.0,0.0,,0.0,0.15,0,19890,0,10,0.0,0.0,0.9994974874371859,49.88084920006804,40,200
0.0,0.0,0.0,,0.0,0.2,0,19890,0,10,0.0,0.0,0.9994974874371859,49.88084920006804,40,200
0.0,0.0,0.0,,0.0,0.25,0,19890,0,10,0.0,0.0,0.9994974874371859,49.88084920006804,40,200
0.0,0.0,0.0,,0.0,0.3,0,19890,0,10,0.0,0.0,0.9994974874371859,49.88084920006804,40,200
0.0,0.0,0.0,,0.0,0.35,0,19890,0,10,0.0,0.0,0.9994974874371859,49.88084920006804,40,200
0.0,0.0,0.0,,0.0,0.4,0,19890,0,10,0.0,0.0,0.9994974874371859,49.88084920006804,40,200
0.0,0.0,0.0,,0.0,0.45,0,19890,0,10,0.0,0.0,0.9994974874371859,49.88084920006804,40,200
0.0,0.0,0.0,,0.0,0.5,0,19890,0,10,0.0,0.0,0.9994974874371859,49.88084920006804,40,200
0.0,0.0,0.0,,0.0,0.55,0,19890,0,10,0.0,0.0,0.9994974874371859,49.88084920006804,40,200
0.00010055304172951231,0.1,0.6666666666666666,0.3333333333333333,0.1,0.6,1,19888,2,9,0.1,0.00010055304172951231,0.9994472361809045,49.88084920006804,40,200
0.00010055304172951231,0.1,0.6666666666666666,0.3333333333333333,0.1,0.65,1,19888,2,9,0.1,0.00010055304172951231,0.9994472361809045,49.88084920006804,40,200
0.00010055304172951231,0.1,0.6666666666666666,0.3333333333333333,0.1,0.7,1,19888,2,9,0.1,0.00010055304172951231,0.9994472361809045,49.88084920006804,40,200
0.00010055304172951231,0.1,0.6666666666666666,0.3333333333333333,0.1,0.75,1,19888,2,9,0.1,0.00010055304172951231,0.9994472361809045,49.88084920006804,40,200
0.00025138260432378077,0.1,0.8333333333333334,0.16666666666666666,0.1,0.8,1,19885,5,9,0.1,0.00025138260432378077,0.9992964824120603,49.88084920006804,40,200
0.003418803418803419,0.3,0.9577464788732394,0.04225352112676056,0.3,0.85,3,19822,68,7,0.3,0.003418803418803419,0.9962311557788944,49.88084920006804,40,200
0.0036199095022624436,0.3,0.96,0.04,0.3,0.9,3,19818,72,7,0.3,0.0036199095022624436,0.9960301507537689,49.88084920006804,40,200
0.005731523378582202,0.4,0.9661016949152542,0.03389830508474576,0.4,0.95,4,19776,114,6,0.4,0.005731523378582202,0.9939698492462311,49.88084920006804,40,200
0.9964806435394671,1.0,0.9994957135653051,0.0005042864346949068,1.0,1.0,10,70,19820,0,1.0,0.9964806435394671,0.004020100502512563,49.88084920006804,40,200
0.0,0.0,0.0,,0.0,0.05,0,19890,0,10,0.0,0.0,0.9994974874371859,49.68415139988065,41,200
0.0,0.0,0.0,,0.0,0.1,0,19890,0,10,0.0,0.0,0.9994974874371859,49.68415139988065,41,200
0.0,0.0,0.0,,0.0,0.15,0,19890,0,10,0.0,0.0,0.9994974874371859,49.68415139988065,41,200
0.0,0.0,0.0,,0.0,0.2,0,19890,0,10,0.0,0.0,0.9994974874371859,49.68415139988065,41,200
0.0,0.0,0.0,,0.0,0.25,0,19890,0,10,0.0,0.0,0.9994974874371859,49.68415139988065,41,200
0.0,0.0,0.0,,0.0,0.3,0,19890,0,10,0.0,0.0,0.9994974874371859,49.68415139988065,41,200
0.0,0.0,0.0,,0.0,0.35,0,19890,0,10,0.0,0.0,0.9994974874371859,49.68415139988065,41,200
0.0,0.0,0.0,,0.0,0.4,0,19890,0,10,0.0,0.0,0.9994974874371859,49.68415139988065,41,200
0.0,0.0,0.0,,0.0,0.45,0,19890,0,10,0.0,0.0,0.9994974874371859,49.68415139988065,41,200
0.0,0.0,0.0,,0.0,0.5,0,19890,0,10,0.0,0.0,0.9994974874371859,49.68415139988065,41,200
0.0,0.0,0.0,,0.0,0.55,0,19890,0,10,0.0,0.0,0.9994974874371859,49.68415139988065,41,200
0.0,0.0,0.0,,0.0,0.6,0,19890,0,10,0.0,0.0,0.9994974874371859,49.68415139988065,41,200
0.0,0.0,0.0,,0.0,0.65,0,19890,0,10,0.0,0.0,0.9994974874371859,49.68415139988065,41,200
0.0,0.0,0.0,,0.0,0.7,0,19890,0,10,0.0,0.0,0.9994974874371859,49.68415139988065,41,200
0.0,0.0,0.0,,0.0,0.75,0,19890,0,10,0.0,0.0,0.9994974874371859,49.68415139988065,41,200
0.0,0.0,0.0,,0.0,0.8,0,19890,0,10,0.0,0.0,0.9994974874371859,49.68415139988065,41,200
0.0,0.0,0.0,,0.0,0.85,0,19890,0,10,0.0,0.0,0.9994974874371859,49.68415139988065,41,200
0.0,0.0,0.0,,0.0,0.9,0,19890,0,10,0.0,0.0,0.9994974874371859,49.68415139988065,41,200
0.0007541478129713424,0.0,1.0,0.0,0.0,0.95,0,19875,15,10,0.0,0.0007541478129713424,0.9987437185929648,49.68415139988065,41,200
0.9908999497234792,1.0,0.9994928748922359,0.0005071251077640854,1.0,1.0,10,181,19709,0,1.0,0.9908999497234792,0.009597989949748744,49.68415139988065,41,200
0.0,0.0,0.0,,0.0,0.05,0,19890,0,10,0.0,0.0,0.9994974874371859,48.40728379995562,42,200
0.0,0.0,0.0,,0.0,0.1,0,19890,0,10,0.0,0.0,0.9994974874371859,48.40728379995562,42,200
0.0,0.0,0.0,,0.0,0.15,0,19890,0,10,0.0,0.0,0.9994974874371859,48.40728379995562,42,200
0.0,0.0,0.0,,0.0,0.2,0,19890,0,10,0.0,0.0,0.9994974874371859,48.40728379995562,42,200
0.0,0.0,0.0,,0.0,0.25,0,19890,0,10,0.0,0.0,0.9994974874371859,48.40728379995562,42,200
0.0,0.0,0.0,,0.0,0.3,0,19890,0,10,0.0,0.0,0.9994974874371859,48.40728379995562,42,200
0.0,0.0,0.0,,0.0,0.35,0,19890,0,10,0.0,0.0,0.9994974874371859,48.40728379995562,42,200
0.0,0.0,0.0,,0.0,0.4,0,19890,0,10,0.0,0.0,0.9994974874371859,48.40728379995562,42,200
0.0,0.0,0.0,,0.0,0.45,0,19890,0,10,0.0,0.0,0.9994974874371859,48.40728379995562,42,200
0.00015082956259426848,0.1,0.75,0.25,0.1,0.5,1,19887,3,9,0.1,0.00015082956259426848,0.9993969849246231,48.40728379995562,42,200
0.00015082956259426848,0.1,0.75,0.25,0.1,0.55,1,19887,3,9,0.1,0.00015082956259426848,0.9993969849246231,48.40728379995562,42,200
0.00015082956259426848,0.1,0.75,0.25,0.1,0.6,1,19887,3,9,0.1,0.00015082956259426848,0.9993969849246231,48.40728379995562,42,200
0.0008547008547008547,0.1,0.9444444444444444,0.05555555555555555,0.1,0.65,1,19873,17,9,0.1,0.0008547008547008547,0.9986934673366834,48.40728379995562,42,200
0.0012066365007541479,0.1,0.96,0.04,0.1,0.7,1,19866,24,9,0.1,0.0012066365007541479,0.9983417085427135,48.40728379995562,42,200
0.0013574660633484162,0.1,0.9642857142857143,0.03571428571428571,0.1,0.75,1,19863,27,9,0.1,0.0013574660633484162,0.9981909547738693,48.40728379995562,42,200
0.0018602312719959778,0.1,0.9736842105263158,0.02631578947368421,0.1,0.8,1,19853,37,9,0.1,0.0018602312719959778,0.9976884422110552,48.40728379995562,42,200
0.002161890397184515,0.1,0.9772727272727273,0.022727272727272728,0.1,0.85,1,19847,43,9,0.1,0.002161890397184515,0.9973869346733668,48.40728379995562,42,200
0.002865761689291101,0.1,0.9827586206896551,0.017241379310344827,0.1,0.9,1,19833,57,9,0.1,0.002865761689291101,0.9966834170854272,48.40728379995562,42,200
0.0030668677727501256,0.1,0.9838709677419355,0.016129032258064516,0.1,0.95,1,19829,61,9,0.1,0.0030668677727501256,0.9964824120603015,48.40728379995562,42,200
0.9985922574157868,1.0,0.9994967793880838,0.000503220611916264,1.0,1.0,10,28,19862,0,1.0,0.9985922574157868,0.0019095477386934674,48.40728379995562,42,200
0.0,0.0,0.0,,0.0,0.05,0,19890,0,10,0.0,0.0,0.9994974874371859,49.73010940011591,43,200
0.0,0.0,0.0,,0.0,0.1,0,19890,0,10,0.0,0.0,0.9994974874371859,49.73010940011591,43,200
0.0,0.0,0.0,,0.0,0.15,0,19890,0,10,0.0,0.0,0.9994974874371859,49.73010940011591,43,200
0.0,0.0,0.0,,0.0,0.2,0,19890,0,10,0.0,0.0,0.9994974874371859,49.73010940011591,43,200
0.0,0.0,0.0,,0.0,0.25,0,19890,0,10,0.0,0.0,0.9994974874371859,49.73010940011591,43,200
0.0,0.0,0.0,,0.0,0.3,0,19890,0,10,0.0,0.0,0.9994974874371859,49.73010940011591,43,200
0.0003519356460532931,0.0,1.0,0.0,0.0,0.35,0,19883,7,10,0.0,0.0003519356460532931,0.999145728643216,49.73010940011591,43,200
0.0003519356460532931,0.0,1.0,0.0,0.0,0.4,0,19883,7,10,0.0,0.0003519356460532931,0.999145728643216,49.73010940011591,43,200
0.0003519356460532931,0.0,1.0,0.0,0.0,0.45,0,19883,7,10,0.0,0.0003519356460532931,0.999145728643216,49.73010940011591,43,200
0.00040221216691804925,0.0,1.0,0.0,0.0,0.5,0,19882,8,10,0.0,0.00040221216691804925,0.9990954773869347,49.73010940011591,43,200
0.00040221216691804925,0.0,1.0,0.0,0.0,0.55,0,19882,8,10,0.0,0.00040221216691804925,0.9990954773869347,49.73010940011591,43,200
0.00040221216691804925,0.0,1.0,0.0,0.0,0.6,0,19882,8,10,0.0,0.00040221216691804925,0.9990954773869347,49.73010940011591,43,200
0.00040221216691804925,0.0,1.0,0.0,0.0,0.65,0,19882,8,10,0.0,0.00040221216691804925,0.9990954773869347,49.73010940011591,43,200
0.0009049773755656109,0.0,1.0,0.0,0.0,0.7,0,19872,18,10,0.0,0.0009049773755656109,0.9985929648241206,49.73010940011591,43,200
0.0009049773755656109,0.0,1.0,0.0,0.0,0.75,0,19872,18,10,0.0,0.0009049773755656109,0.9985929648241206,49.73010940011591,43,200
0.001608848667672197,0.0,1.0,0.0,0.0,0.8,0,19858,32,10,0.0,0.001608848667672197,0.9978894472361809,49.73010940011591,43,200
0.0018602312719959778,0.0,1.0,0.0,0.0,0.85,0,19853,37,10,0.0,0.0018602312719959778,0.9976381909547739,49.73010940011591,43,200
0.008697838109602816,0.3,0.9829545454545454,0.017045454545454544,0.3,0.9,3,19717,173,7,0.3,0.008697838109602816,0.9909547738693467,49.73010940011591,43,200
0.009150326797385621,0.3,0.9837837837837838,0.016216216216216217,0.3,0.95,3,19708,182,7,0.3,0.009150326797385621,0.9905025125628141,49.73010940011591,43,200
0.9946204122674711,1.0,0.9994947708785934,0.0005052291214065579,1.0,1.0,10,107,19783,0,1.0,0.9946204122674711,0.005879396984924623,49.73010940011591,43,200
0.0,0.0,0.0,,0.0,0.05,0,19890,0,10,0.0,0.0,0.9994974874371859,47.803402699995786,44,200
0.0,0.0,0.0,,0.0,0.1,0,19890,0,10,0.0,0.0,0.9994974874371859,47.803402699995786,44,200
0.0,0.0,0.0,,0.0,0.15,0,19890,0,10,0.0,0.0,0.9994974874371859,47.803402699995786,44,200
0.0,0.0,0.0,,0.0,0.2,0,19890,0,10,0.0,0.0,0.9994974874371859,47.803402699995786,44,200
0.0,0.0,0.0,,0.0,0.25,0,19890,0,10,0.0,0.0,0.9994974874371859,47.803402699995786,44,200
0.0,0.0,0.0,,0.0,0.3,0,19890,0,10,0.0,0.0,0.9994974874371859,47.803402699995786,44,200
0.0,0.0,0.0,,0.0,0.35,0,19890,0,10,0.0,0.0,0.9994974874371859,47.803402699995786,44,200
0.0,0.0,0.0,,0.0,0.4,0,19890,0,10,0.0,0.0,0.9994974874371859,47.803402699995786,44,200
0.0,0.0,0.0,,0.0,0.45,0,19890,0,10,0.0,0.0,0.9994974874371859,47.803402699995786,44,200
0.0,0.0,0.0,,0.0,0.5,0,19890,0,10,0.0,0.0,0.9994974874371859,47.803402699995786,44,200
0.0005530417295123177,0.1,0.9166666666666666,0.08333333333333333,0.1,0.55,1,19879,11,9,0.1,0.0005530417295123177,0.9989949748743718,47.803402699995786,44,200
0.0007038712921065862,0.1,0.9333333333333333,0.06666666666666667,0.1,0.6,1,19876,14,9,0.1,0.0007038712921065862,0.9988442211055276,47.803402699995786,44,200
0.0007038712921065862,0.1,0.9333333333333333,0.06666666666666667,0.1,0.65,1,19876,14,9,0.1,0.0007038712921065862,0.9988442211055276,47.803402699995786,44,200
0.0009049773755656109,0.2,0.9,0.1,0.2,0.7,2,19872,18,8,0.2,0.0009049773755656109,0.9986934673366834,47.803402699995786,44,200
0.0009049773755656109,0.2,0.9,0.1,0.2,0.75,2,19872,18,8,0.2,0.0009049773755656109,0.9986934673366834,47.803402699995786,44,200
0.0009049773755656109,0.2,0.9,0.1,0.2,0.8,2,19872,18,8,0.2,0.0009049773755656109,0.9986934673366834,47.803402699995786,44,200
0.001256913021618904,0.2,0.9259259259259259,0.07407407407407407,0.2,0.85,2,19865,25,8,0.2,0.001256913021618904,0.9983417085427135,47.803402699995786,44,200
0.0014077425842131724,0.2,0.9333333333333333,0.06666666666666667,0.2,0.9,2,19862,28,8,0.2,0.0014077425842131724,0.9981909547738693,47.803402699995786,44,200
0.0048265460030165915,0.2,0.9795918367346939,0.02040816326530612,0.2,0.95,2,19794,96,8,0.2,0.0048265460030165915,0.9947738693467336,47.803402699995786,44,200
0.989089994972348,1.0,0.9994919473657471,0.0005080526342529086,1.0,1.0,10,217,19673,0,1.0,0.989089994972348,0.011407035175879397,47.803402699995786,44,200
0.0,0.0,0.0,,0.0,0.05,0,19890,0,10,0.0,0.0,0.9994974874371859,50.45143290003762,45,200
0.0,0.0,0.0,,0.0,0.1,0,19890,0,10,0.0,0.0,0.9994974874371859,50.45143290003762,45,200
0.0,0.0,0.0,,0.0,0.15,0,19890,0,10,0.0,0.0,0.9994974874371859,50.45143290003762,45,200
0.0,0.0,0.0,,0.0,0.2,0,19890,0,10,0.0,0.0,0.9994974874371859,50.45143290003762,45,200
0.0,0.0,0.0,,0.0,0.25,0,19890,0,10,0.0,0.0,0.9994974874371859,50.45143290003762,45,200
0.0,0.0,0.0,,0.0,0.3,0,19890,0,10,0.0,0.0,0.9994974874371859,50.45143290003762,45,200
0.0,0.0,0.0,,0.0,0.35,0,19890,0,10,0.0,0.0,0.9994974874371859,50.45143290003762,45,200
0.0,0.0,0.0,,0.0,0.4,0,19890,0,10,0.0,0.0,0.9994974874371859,50.45143290003762,45,200
0.0,0.0,0.0,,0.0,0.45,0,19890,0,10,0.0,0.0,0.9994974874371859,50.45143290003762,45,200
5.0276520864756156e-05,0.0,1.0,0.0,0.0,0.5,0,19889,1,10,0.0,5.0276520864756156e-05,0.9994472361809045,50.45143290003762,45,200
5.0276520864756156e-05,0.0,1.0,0.0,0.0,0.55,0,19889,1,10,0.0,5.0276520864756156e-05,0.9994472361809045,50.45143290003762,45,200
0.00015082956259426848,0.0,1.0,0.0,0.0,0.6,0,19887,3,10,0.0,0.00015082956259426848,0.9993467336683417,50.45143290003762,45,200
0.00015082956259426848,0.0,1.0,0.0,0.0,0.65,0,19887,3,10,0.0,0.00015082956259426848,0.9993467336683417,50.45143290003762,45,200
0.00015082956259426848,0.0,1.0,0.0,0.0,0.7,0,19887,3,10,0.0,0.00015082956259426848,0.9993467336683417,50.45143290003762,45,200
0.00015082956259426848,0.0,1.0,0.0,0.0,0.75,0,19887,3,10,0.0,0.00015082956259426848,0.9993467336683417,50.45143290003762,45,200
0.00015082956259426848,0.0,1.0,0.0,0.0,0.8,0,19887,3,10,0.0,0.00015082956259426848,0.9993467336683417,50.45143290003762,45,200
0.00015082956259426848,0.0,1.0,0.0,0.0,0.85,0,19887,3,10,0.0,0.00015082956259426848,0.9993467336683417,50.45143290003762,45,200
0.0029160382101558573,0.1,0.9830508474576272,0.01694915254237288,0.1,0.9,1,19832,58,9,0.1,0.0029160382101558573,0.9966331658291457,50.45143290003762,45,200
0.038461538461538464,0.4,0.9947984395318595,0.005201560468140442,0.4,0.95,4,19125,765,6,0.4,0.038461538461538464,0.9612562814070352,50.45143290003762,45,200
0.9985922574157868,1.0,0.9994967793880838,0.000503220611916264,1.0,1.0,10,28,19862,0,1.0,0.9985922574157868,0.0019095477386934674,50.45143290003762,45,200
0.0,0.1,0.0,1.0,0.1,0.05,1,19890,0,9,0.1,0.0,0.9995477386934674,47.86024340009317,46,200
0.0,0.1,0.0,1.0,0.1,0.1,1,19890,0,9,0.1,0.0,0.9995477386934674,47.86024340009317,46,200
0.0,0.1,0.0,1.0,0.1,0.15,1,19890,0,9,0.1,0.0,0.9995477386934674,47.86024340009317,46,200
0.0,0.1,0.0,1.0,0.1,0.2,1,19890,0,9,0.1,0.0,0.9995477386934674,47.86024340009317,46,200
0.0,0.1,0.0,1.0,0.1,0.25,1,19890,0,9,0.1,0.0,0.9995477386934674,47.86024340009317,46,200
0.0,0.1,0.0,1.0,0.1,0.3,1,19890,0,9,0.1,0.0,0.9995477386934674,47.86024340009317,46,200
0.00015082956259426848,0.1,0.75,0.25,0.1,0.35,1,19887,3,9,0.1,0.00015082956259426848,0.9993969849246231,47.86024340009317,46,200
0.00015082956259426848,0.1,0.75,0.25,0.1,0.4,1,19887,3,9,0.1,0.00015082956259426848,0.9993969849246231,47.86024340009317,46,200
0.00015082956259426848,0.1,0.75,0.25,0.1,0.45,1,19887,3,9,0.1,0.00015082956259426848,0.9993969849246231,47.86024340009317,46,200
0.00015082956259426848,0.1,0.75,0.25,0.1,0.5,1,19887,3,9,0.1,0.00015082956259426848,0.9993969849246231,47.86024340009317,46,200
0.0005530417295123177,0.1,0.9166666666666666,0.08333333333333333,0.1,0.55,1,19879,11,9,0.1,0.0005530417295123177,0.9989949748743718,47.86024340009317,46,200
0.0006033182503770739,0.1,0.9230769230769231,0.07692307692307693,0.1,0.6,1,19878,12,9,0.1,0.0006033182503770739,0.9989447236180905,47.86024340009317,46,200
0.0006033182503770739,0.1,0.9230769230769231,0.07692307692307693,0.1,0.65,1,19878,12,9,0.1,0.0006033182503770739,0.9989447236180905,47.86024340009317,46,200
0.0006033182503770739,0.1,0.9230769230769231,0.07692307692307693,0.1,0.7,1,19878,12,9,0.1,0.0006033182503770739,0.9989447236180905,47.86024340009317,46,200
0.0006033182503770739,0.1,0.9230769230769231,0.07692307692307693,0.1,0.75,1,19878,12,9,0.1,0.0006033182503770739,0.9989447236180905,47.86024340009317,46,200
0.001558572146807441,0.1,0.96875,0.03125,0.1,0.8,1,19859,31,9,0.1,0.001558572146807441,0.9979899497487437,47.86024340009317,46,200
0.002011060834590246,0.1,0.975609756097561,0.024390243902439025,0.1,0.85,1,19850,40,9,0.1,0.002011060834590246,0.997537688442211,47.86024340009317,46,200
0.0020613373554550026,0.2,0.9534883720930233,0.046511627906976744,0.2,0.9,2,19849,41,8,0.2,0.0020613373554550026,0.997537688442211,47.86024340009317,46,200
0.13790849673202615,0.6,0.9978173881411422,0.0021826118588577663,0.6,0.95,6,17147,2743,4,0.6,0.13790849673202615,0.8619597989949749,47.86024340009317,46,200
0.9965309200603318,1.0,0.9994957389945035,0.000504261005496445,1.0,1.0,10,69,19821,0,1.0,0.9965309200603318,0.003969849246231155,47.86024340009317,46,200
0.0,0.0,0.0,,0.0,0.05,0,19890,0,10,0.0,0.0,0.9994974874371859,50.212667299900204,47,200
0.0,0.0,0.0,,0.0,0.1,0,19890,0,10,0.0,0.0,0.9994974874371859,50.212667299900204,47,200
0.0,0.0,0.0,,0.0,0.15,0,19890,0,10,0.0,0.0,0.9994974874371859,50.212667299900204,47,200
0.0,0.0,0.0,,0.0,0.2,0,19890,0,10,0.0,0.0,0.9994974874371859,50.212667299900204,47,200
0.0,0.0,0.0,,0.0,0.25,0,19890,0,10,0.0,0.0,0.9994974874371859,50.212667299900204,47,200
0.0,0.0,0.0,,0.0,0.3,0,19890,0,10,0.0,0.0,0.9994974874371859,50.212667299900204,47,200
0.0,0.0,0.0,,0.0,0.35,0,19890,0,10,0.0,0.0,0.9994974874371859,50.212667299900204,47,200
0.0,0.0,0.0,,0.0,0.4,0,19890,0,10,0.0,0.0,0.9994974874371859,50.212667299900204,47,200
5.0276520864756156e-05,0.0,1.0,0.0,0.0,0.45,0,19889,1,10,0.0,5.0276520864756156e-05,0.9994472361809045,50.212667299900204,47,200
5.0276520864756156e-05,0.0,1.0,0.0,0.0,0.5,0,19889,1,10,0.0,5.0276520864756156e-05,0.9994472361809045,50.212667299900204,47,200
5.0276520864756156e-05,0.0,1.0,0.0,0.0,0.55,0,19889,1,10,0.0,5.0276520864756156e-05,0.9994472361809045,50.212667299900204,47,200
5.0276520864756156e-05,0.0,1.0,0.0,0.0,0.6,0,19889,1,10,0.0,5.0276520864756156e-05,0.9994472361809045,50.212667299900204,47,200
5.0276520864756156e-05,0.0,1.0,0.0,0.0,0.65,0,19889,1,10,0.0,5.0276520864756156e-05,0.9994472361809045,50.212667299900204,47,200
5.0276520864756156e-05,0.0,1.0,0.0,0.0,0.7,0,19889,1,10,0.0,5.0276520864756156e-05,0.9994472361809045,50.212667299900204,47,200
0.001005530417295123,0.1,0.9523809523809523,0.047619047619047616,0.1,0.75,1,19870,20,9,0.1,0.001005530417295123,0.9985427135678392,50.212667299900204,47,200
0.001256913021618904,0.1,0.9615384615384616,0.038461538461538464,0.1,0.8,1,19865,25,9,0.1,0.001256913021618904,0.9982914572864322,50.212667299900204,47,200
0.00130718954248366,0.1,0.9629629629629629,0.037037037037037035,0.1,0.85,1,19864,26,9,0.1,0.00130718954248366,0.9982412060301508,50.212667299900204,47,200
0.0017596782302664656,0.1,0.9722222222222222,0.027777777777777776,0.1,0.9,1,19855,35,9,0.1,0.0017596782302664656,0.9977889447236181,50.212667299900204,47,200
0.0027149321266968325,0.1,0.9818181818181818,0.01818181818181818,0.1,0.95,1,19836,54,9,0.1,0.0027149321266968325,0.9968341708542714,50.212667299900204,47,200
0.9927099044746104,1.0,0.9994937990382182,0.0005062009617818274,1.0,1.0,10,145,19745,0,1.0,0.9927099044746104,0.007788944723618091,50.212667299900204,47,200
0.0,0.0,0.0,,0.0,0.05,0,19890,0,10,0.0,0.0,0.9994974874371859,46.255434300052,48,200
0.0,0.0,0.0,,0.0,0.1,0,19890,0,10,0.0,0.0,0.9994974874371859,46.255434300052,48,200
0.00010055304172951231,0.0,1.0,0.0,0.0,0.15,0,19888,2,10,0.0,0.00010055304172951231,0.9993969849246231,46.255434300052,48,200
0.00010055304172951231,0.0,1.0,0.0,0.0,0.2,0,19888,2,10,0.0,0.00010055304172951231,0.9993969849246231,46.255434300052,48,200
0.00015082956259426848,0.0,1.0,0.0,0.0,0.25,0,19887,3,10,0.0,0.00015082956259426848,0.9993467336683417,46.255434300052,48,200
0.00015082956259426848,0.0,1.0,0.0,0.0,0.3,0,19887,3,10,0.0,0.00015082956259426848,0.9993467336683417,46.255434300052,48,200
0.00015082956259426848,0.0,1.0,0.0,0.0,0.35,0,19887,3,10,0.0,0.00015082956259426848,0.9993467336683417,46.255434300052,48,200
0.00015082956259426848,0.0,1.0,0.0,0.0,0.4,0,19887,3,10,0.0,0.00015082956259426848,0.9993467336683417,46.255434300052,48,200
0.00015082956259426848,0.0,1.0,0.0,0.0,0.45,0,19887,3,10,0.0,0.00015082956259426848,0.9993467336683417,46.255434300052,48,200
0.00020110608345902463,0.0,1.0,0.0,0.0,0.5,0,19886,4,10,0.0,0.00020110608345902463,0.9992964824120603,46.255434300052,48,200
0.00020110608345902463,0.0,1.0,0.0,0.0,0.55,0,19886,4,10,0.0,0.00020110608345902463,0.9992964824120603,46.255434300052,48,200
0.00040221216691804925,0.0,1.0,0.0,0.0,0.6,0,19882,8,10,0.0,0.00040221216691804925,0.9990954773869347,46.255434300052,48,200
0.0016591251885369532,0.0,1.0,0.0,0.0,0.65,0,19857,33,10,0.0,0.0016591251885369532,0.9978391959798995,46.255434300052,48,200
0.0016591251885369532,0.0,1.0,0.0,0.0,0.7,0,19857,33,10,0.0,0.0016591251885369532,0.9978391959798995,46.255434300052,48,200
0.0017596782302664656,0.0,1.0,0.0,0.0,0.75,0,19855,35,10,0.0,0.0017596782302664656,0.9977386934673367,46.255434300052,48,200
0.001910507792860734,0.0,1.0,0.0,0.0,0.8,0,19852,38,10,0.0,0.001910507792860734,0.9975879396984925,46.255434300052,48,200
0.0020613373554550026,0.0,1.0,0.0,0.0,0.85,0,19849,41,10,0.0,0.0020613373554550026,0.9974371859296483,46.255434300052,48,200
0.00261437908496732,0.0,1.0,0.0,0.0,0.9,0,19838,52,10,0.0,0.00261437908496732,0.9968844221105527,46.255434300052,48,200
0.0029160382101558573,0.0,1.0,0.0,0.0,0.95,0,19832,58,10,0.0,0.0029160382101558573,0.9965829145728643,46.255434300052,48,200
0.9987430869783811,1.0,0.9994968553459119,0.0005031446540880503,1.0,1.0,10,25,19865,0,1.0,0.9987430869783811,0.0017587939698492463,46.255434300052,48,200
0.0,0.0,0.0,,0.0,0.05,0,19890,0,10,0.0,0.0,0.9994974874371859,61.25764130009338,49,200
0.0,0.0,0.0,,0.0,0.1,0,19890,0,10,0.0,0.0,0.9994974874371859,61.25764130009338,49,200
0.0,0.0,0.0,,0.0,0.15,0,19890,0,10,0.0,0.0,0.9994974874371859,61.25764130009338,49,200
0.0,0.0,0.0,,0.0,0.2,0,19890,0,10,0.0,0.0,0.9994974874371859,61.25764130009338,49,200
0.00015082956259426848,0.0,1.0,0.0,0.0,0.25,0,19887,3,10,0.0,0.00015082956259426848,0.9993467336683417,61.25764130009338,49,200
0.00015082956259426848,0.0,1.0,0.0,0.0,0.3,0,19887,3,10,0.0,0.00015082956259426848,0.9993467336683417,61.25764130009338,49,200
0.00015082956259426848,0.0,1.0,0.0,0.0,0.35,0,19887,3,10,0.0,0.00015082956259426848,0.9993467336683417,61.25764130009338,49,200
0.00015082956259426848,0.0,1.0,0.0,0.0,0.4,0,19887,3,10,0.0,0.00015082956259426848,0.9993467336683417,61.25764130009338,49,200
0.00015082956259426848,0.0,1.0,0.0,0.0,0.45,0,19887,3,10,0.0,0.00015082956259426848,0.9993467336683417,61.25764130009338,49,200
0.00015082956259426848,0.0,1.0,0.0,0.0,0.5,0,19887,3,10,0.0,0.00015082956259426848,0.9993467336683417,61.25764130009338,49,200
0.0005530417295123177,0.0,1.0,0.0,0.0,0.55,0,19879,11,10,0.0,0.0005530417295123177,0.9989447236180905,61.25764130009338,49,200
0.0007541478129713424,0.0,1.0,0.0,0.0,0.6,0,19875,15,10,0.0,0.0007541478129713424,0.9987437185929648,61.25764130009338,49,200
0.0007541478129713424,0.0,1.0,0.0,0.0,0.65,0,19875,15,10,0.0,0.0007541478129713424,0.9987437185929648,61.25764130009338,49,200
0.0009049773755656109,0.0,1.0,0.0,0.0,0.7,0,19872,18,10,0.0,0.0009049773755656109,0.9985929648241206,61.25764130009338,49,200
0.0011563599798893917,0.0,1.0,0.0,0.0,0.75,0,19867,23,10,0.0,0.0011563599798893917,0.9983417085427135,61.25764130009338,49,200
0.001256913021618904,0.0,1.0,0.0,0.0,0.8,0,19865,25,10,0.0,0.001256913021618904,0.9982412060301508,61.25764130009338,49,200
0.001558572146807441,0.0,1.0,0.0,0.0,0.85,0,19859,31,10,0.0,0.001558572146807441,0.9979396984924623,61.25764130009338,49,200
0.006334841628959276,0.0,1.0,0.0,0.0,0.9,0,19764,126,10,0.0,0.006334841628959276,0.9931658291457286,61.25764130009338,49,200
0.006837606837606838,0.0,1.0,0.0,0.0,0.95,0,19754,136,10,0.0,0.006837606837606838,0.9926633165829146,61.25764130009338,49,200
0.9983911513323278,1.0,0.999496678075297,0.0005033219247030401,1.0,1.0,10,32,19858,0,1.0,0.9983911513323278,0.0021105527638190956,61.25764130009338,49,200
