FPR,TPR,FDR,NPrecision,NRecall,alpha,NTP,NTN,NFP,NFN,NTPR,NFPR,NACC,diffnetfinder_sec,run,dim
0.0,0.1,0.0,1.0,0.1,0.05,1,4940,0,9,0.1,0.0,0.9981818181818182,6.172881499980576,0,100
0.0,0.1,0.0,1.0,0.1,0.1,1,4940,0,9,0.1,0.0,0.9981818181818182,6.172881499980576,0,100
0.0,0.1,0.0,1.0,0.1,0.15,1,4940,0,9,0.1,0.0,0.9981818181818182,6.172881499980576,0,100
0.0,0.1,0.0,1.0,0.1,0.2,1,4940,0,9,0.1,0.0,0.9981818181818182,6.172881499980576,0,100
0.0004048582995951417,0.1,0.6666666666666666,0.3333333333333333,0.1,0.25,1,4938,2,9,0.1,0.0004048582995951417,0.9977777777777778,6.172881499980576,0,100
0.0004048582995951417,0.1,0.6666666666666666,0.3333333333333333,0.1,0.3,1,4938,2,9,0.1,0.0004048582995951417,0.9977777777777778,6.172881499980576,0,100
0.0004048582995951417,0.1,0.6666666666666666,0.3333333333333333,0.1,0.35,1,4938,2,9,0.1,0.0004048582995951417,0.9977777777777778,6.172881499980576,0,100
0.0004048582995951417,0.1,0.6666666666666666,0.3333333333333333,0.1,0.4,1,4938,2,9,0.1,0.0004048582995951417,0.9977777777777778,6.172881499980576,0,100
0.0004048582995951417,0.1,0.6666666666666666,0.3333333333333333,0.1,0.45,1,4938,2,9,0.1,0.0004048582995951417,0.9977777777777778,6.172881499980576,0,100
0.0004048582995951417,0.1,0.6666666666666666,0.3333333333333333,0.1,0.5,1,4938,2,9,0.1,0.0004048582995951417,0.9977777777777778,6.172881499980576,0,100
0.0004048582995951417,0.1,0.6666666666666666,0.3333333333333333,0.1,0.55,1,4938,2,9,0.1,0.0004048582995951417,0.9977777777777778,6.172881499980576,0,100
0.0004048582995951417,0.1,0.6666666666666666,0.3333333333333333,0.1,0.6,1,4938,2,9,0.1,0.0004048582995951417,0.9977777777777778,6.172881499980576,0,100
0.0008097165991902834,0.1,0.8,0.2,0.1,0.65,1,4936,4,9,0.1,0.0008097165991902834,0.9973737373737374,6.172881499980576,0,100
0.0008097165991902834,0.1,0.8,0.2,0.1,0.7,1,4936,4,9,0.1,0.0008097165991902834,0.9973737373737374,6.172881499980576,0,100
0.0008097165991902834,0.1,0.8,0.2,0.1,0.75,1,4936,4,9,0.1,0.0008097165991902834,0.9973737373737374,6.172881499980576,0,100
0.0008097165991902834,0.1,0.8,0.2,0.1,0.8,1,4936,4,9,0.1,0.0008097165991902834,0.9973737373737374,6.172881499980576,0,100
0.015789473684210527,0.5,0.9397590361445783,0.060240963855421686,0.5,0.85,5,4862,78,5,0.5,0.015789473684210527,0.9832323232323232,6.172881499980576,0,100
0.09817813765182186,0.8,0.9837728194726166,0.016227180527383367,0.8,0.9,8,4455,485,2,0.8,0.09817813765182186,0.9016161616161616,6.172881499980576,0,100
0.2716599190283401,0.8,0.9940740740740741,0.005925925925925926,0.8,0.95,8,3598,1342,2,0.8,0.2716599190283401,0.7284848484848485,6.172881499980576,0,100
0.9937246963562752,1.0,0.9979670664769262,0.0020329335230737954,1.0,1.0,10,31,4909,0,1.0,0.9937246963562752,0.008282828282828282,6.172881499980576,0,100
0.0,0.0,0.0,,0.0,0.05,0,4940,0,10,0.0,0.0,0.997979797979798,5.931567599996924,1,100
0.0,0.0,0.0,,0.0,0.1,0,4940,0,10,0.0,0.0,0.997979797979798,5.931567599996924,1,100
0.0,0.0,0.0,,0.0,0.15,0,4940,0,10,0.0,0.0,0.997979797979798,5.931567599996924,1,100
0.0,0.0,0.0,,0.0,0.2,0,4940,0,10,0.0,0.0,0.997979797979798,5.931567599996924,1,100
0.0,0.0,0.0,,0.0,0.25,0,4940,0,10,0.0,0.0,0.997979797979798,5.931567599996924,1,100
0.0,0.0,0.0,,0.0,0.3,0,4940,0,10,0.0,0.0,0.997979797979798,5.931567599996924,1,100
0.0,0.0,0.0,,0.0,0.35,0,4940,0,10,0.0,0.0,0.997979797979798,5.931567599996924,1,100
0.0,0.0,0.0,,0.0,0.4,0,4940,0,10,0.0,0.0,0.997979797979798,5.931567599996924,1,100
0.0,0.0,0.0,,0.0,0.45,0,4940,0,10,0.0,0.0,0.997979797979798,5.931567599996924,1,100
0.001417004048582996,0.2,0.7777777777777778,0.2222222222222222,0.2,0.5,2,4933,7,8,0.2,0.001417004048582996,0.996969696969697,5.931567599996924,1,100
0.001417004048582996,0.2,0.7777777777777778,0.2222222222222222,0.2,0.55,2,4933,7,8,0.2,0.001417004048582996,0.996969696969697,5.931567599996924,1,100
0.0018218623481781376,0.2,0.8181818181818182,0.18181818181818182,0.2,0.6,2,4931,9,8,0.2,0.0018218623481781376,0.9965656565656565,5.931567599996924,1,100
0.002226720647773279,0.2,0.8461538461538461,0.15384615384615385,0.2,0.65,2,4929,11,8,0.2,0.002226720647773279,0.9961616161616161,5.931567599996924,1,100
0.002226720647773279,0.2,0.8461538461538461,0.15384615384615385,0.2,0.7,2,4929,11,8,0.2,0.002226720647773279,0.9961616161616161,5.931567599996924,1,100
0.006072874493927126,0.3,0.9090909090909091,0.09090909090909091,0.3,0.75,3,4910,30,7,0.3,0.006072874493927126,0.9925252525252525,5.931567599996924,1,100
0.013360323886639677,0.4,0.9428571428571428,0.05714285714285714,0.4,0.8,4,4874,66,6,0.4,0.013360323886639677,0.9854545454545455,5.931567599996924,1,100
0.02611336032388664,0.6,0.9555555555555556,0.044444444444444446,0.6,0.85,6,4811,129,4,0.6,0.02611336032388664,0.9731313131313132,5.931567599996924,1,100
0.08380566801619434,0.6,0.9857142857142858,0.014285714285714285,0.6,0.9,6,4526,414,4,0.6,0.08380566801619434,0.9155555555555556,5.931567599996924,1,100
0.15121457489878543,0.7,0.9907161803713528,0.009283819628647215,0.7,0.95,7,4193,747,3,0.7,0.15121457489878543,0.8484848484848485,5.931567599996924,1,100
0.998582995951417,1.0,0.9979769370827433,0.0020230629172567267,1.0,1.0,10,7,4933,0,1.0,0.998582995951417,0.0034343434343434343,5.931567599996924,1,100
0.0,0.0,0.0,,0.0,0.05,0,4940,0,10,0.0,0.0,0.997979797979798,6.285084299976006,2,100
0.0,0.0,0.0,,0.0,0.1,0,4940,0,10,0.0,0.0,0.997979797979798,6.285084299976006,2,100
0.0,0.0,0.0,,0.0,0.15,0,4940,0,10,0.0,0.0,0.997979797979798,6.285084299976006,2,100
0.0,0.0,0.0,,0.0,0.2,0,4940,0,10,0.0,0.0,0.997979797979798,6.285084299976006,2,100
0.0,0.0,0.0,,0.0,0.25,0,4940,0,10,0.0,0.0,0.997979797979798,6.285084299976006,2,100
0.0,0.0,0.0,,0.0,0.3,0,4940,0,10,0.0,0.0,0.997979797979798,6.285084299976006,2,100
0.00020242914979757084,0.0,1.0,0.0,0.0,0.35,0,4939,1,10,0.0,0.00020242914979757084,0.9977777777777778,6.285084299976006,2,100
0.00020242914979757084,0.0,1.0,0.0,0.0,0.4,0,4939,1,10,0.0,0.00020242914979757084,0.9977777777777778,6.285084299976006,2,100
0.00020242914979757084,0.0,1.0,0.0,0.0,0.45,0,4939,1,10,0.0,0.00020242914979757084,0.9977777777777778,6.285084299976006,2,100
0.00020242914979757084,0.0,1.0,0.0,0.0,0.5,0,4939,1,10,0.0,0.00020242914979757084,0.9977777777777778,6.285084299976006,2,100
0.0018218623481781376,0.1,0.9,0.1,0.1,0.55,1,4931,9,9,0.1,0.0018218623481781376,0.9963636363636363,6.285084299976006,2,100
0.0018218623481781376,0.2,0.8181818181818182,0.18181818181818182,0.2,0.6,2,4931,9,8,0.2,0.0018218623481781376,0.9965656565656565,6.285084299976006,2,100
0.0018218623481781376,0.2,0.8181818181818182,0.18181818181818182,0.2,0.65,2,4931,9,8,0.2,0.0018218623481781376,0.9965656565656565,6.285084299976006,2,100
0.0018218623481781376,0.2,0.8181818181818182,0.18181818181818182,0.2,0.7,2,4931,9,8,0.2,0.0018218623481781376,0.9965656565656565,6.285084299976006,2,100
0.0018218623481781376,0.2,0.8181818181818182,0.18181818181818182,0.2,0.75,2,4931,9,8,0.2,0.0018218623481781376,0.9965656565656565,6.285084299976006,2,100
0.0018218623481781376,0.2,0.8181818181818182,0.18181818181818182,0.2,0.8,2,4931,9,8,0.2,0.0018218623481781376,0.9965656565656565,6.285084299976006,2,100
0.002226720647773279,0.3,0.7857142857142857,0.21428571428571427,0.3,0.85,3,4929,11,7,0.3,0.002226720647773279,0.9963636363636363,6.285084299976006,2,100
0.002226720647773279,0.3,0.7857142857142857,0.21428571428571427,0.3,0.9,3,4929,11,7,0.3,0.002226720647773279,0.9963636363636363,6.285084299976006,2,100
0.018218623481781375,0.4,0.9574468085106383,0.0425531914893617,0.4,0.95,4,4850,90,6,0.4,0.018218623481781375,0.9806060606060606,6.285084299976006,2,100
0.09008097165991903,0.6,0.9866962305986696,0.013303769401330377,0.6,1.0,6,4495,445,4,0.6,0.09008097165991903,0.9092929292929293,6.285084299976006,2,100
0.0,0.0,0.0,,0.0,0.05,0,4940,0,10,0.0,0.0,0.997979797979798,7.423194199916907,3,100
0.0008097165991902834,0.0,1.0,0.0,0.0,0.1,0,4936,4,10,0.0,0.0008097165991902834,0.9971717171717172,7.423194199916907,3,100
0.0008097165991902834,0.0,1.0,0.0,0.0,0.15,0,4936,4,10,0.0,0.0008097165991902834,0.9971717171717172,7.423194199916907,3,100
0.0008097165991902834,0.0,1.0,0.0,0.0,0.2,0,4936,4,10,0.0,0.0008097165991902834,0.9971717171717172,7.423194199916907,3,100
0.0010121457489878543,0.0,1.0,0.0,0.0,0.25,0,4935,5,10,0.0,0.0010121457489878543,0.996969696969697,7.423194199916907,3,100
0.0010121457489878543,0.0,1.0,0.0,0.0,0.3,0,4935,5,10,0.0,0.0010121457489878543,0.996969696969697,7.423194199916907,3,100
0.0010121457489878543,0.0,1.0,0.0,0.0,0.35,0,4935,5,10,0.0,0.0010121457489878543,0.996969696969697,7.423194199916907,3,100
0.0010121457489878543,0.0,1.0,0.0,0.0,0.4,0,4935,5,10,0.0,0.0010121457489878543,0.996969696969697,7.423194199916907,3,100
0.0010121457489878543,0.0,1.0,0.0,0.0,0.45,0,4935,5,10,0.0,0.0010121457489878543,0.996969696969697,7.423194199916907,3,100
0.0010121457489878543,0.1,0.8333333333333334,0.16666666666666666,0.1,0.5,1,4935,5,9,0.1,0.0010121457489878543,0.9971717171717172,7.423194199916907,3,100
0.0012145748987854252,0.1,0.8571428571428571,0.14285714285714285,0.1,0.55,1,4934,6,9,0.1,0.0012145748987854252,0.996969696969697,7.423194199916907,3,100
0.0018218623481781376,0.1,0.9,0.1,0.1,0.6,1,4931,9,9,0.1,0.0018218623481781376,0.9963636363636363,7.423194199916907,3,100
0.0018218623481781376,0.1,0.9,0.1,0.1,0.65,1,4931,9,9,0.1,0.0018218623481781376,0.9963636363636363,7.423194199916907,3,100
0.0018218623481781376,0.1,0.9,0.1,0.1,0.7,1,4931,9,9,0.1,0.0018218623481781376,0.9963636363636363,7.423194199916907,3,100
0.0018218623481781376,0.1,0.9,0.1,0.1,0.75,1,4931,9,9,0.1,0.0018218623481781376,0.9963636363636363,7.423194199916907,3,100
0.005870445344129555,0.1,0.9666666666666667,0.03333333333333333,0.1,0.8,1,4911,29,9,0.1,0.005870445344129555,0.9923232323232323,7.423194199916907,3,100
0.005870445344129555,0.1,0.9666666666666667,0.03333333333333333,0.1,0.85,1,4911,29,9,0.1,0.005870445344129555,0.9923232323232323,7.423194199916907,3,100
0.005870445344129555,0.1,0.9666666666666667,0.03333333333333333,0.1,0.9,1,4911,29,9,0.1,0.005870445344129555,0.9923232323232323,7.423194199916907,3,100
0.020647773279352227,0.3,0.9714285714285714,0.02857142857142857,0.3,0.95,3,4838,102,7,0.3,0.020647773279352227,0.977979797979798,7.423194199916907,3,100
0.9848178137651822,1.0,0.997948717948718,0.0020512820512820513,1.0,1.0,10,75,4865,0,1.0,0.9848178137651822,0.01717171717171717,7.423194199916907,3,100
0.0,0.0,0.0,,0.0,0.05,0,4940,0,10,0.0,0.0,0.997979797979798,6.928268800023943,4,100
0.0,0.0,0.0,,0.0,0.1,0,4940,0,10,0.0,0.0,0.997979797979798,6.928268800023943,4,100
0.0,0.0,0.0,,0.0,0.15,0,4940,0,10,0.0,0.0,0.997979797979798,6.928268800023943,4,100
0.0,0.0,0.0,,0.0,0.2,0,4940,0,10,0.0,0.0,0.997979797979798,6.928268800023943,4,100
0.00020242914979757084,0.0,1.0,0.0,0.0,0.25,0,4939,1,10,0.0,0.00020242914979757084,0.9977777777777778,6.928268800023943,4,100
0.00020242914979757084,0.0,1.0,0.0,0.0,0.3,0,4939,1,10,0.0,0.00020242914979757084,0.9977777777777778,6.928268800023943,4,100
0.00020242914979757084,0.0,1.0,0.0,0.0,0.35,0,4939,1,10,0.0,0.00020242914979757084,0.9977777777777778,6.928268800023943,4,100
0.00020242914979757084,0.0,1.0,0.0,0.0,0.4,0,4939,1,10,0.0,0.00020242914979757084,0.9977777777777778,6.928268800023943,4,100
0.00020242914979757084,0.0,1.0,0.0,0.0,0.45,0,4939,1,10,0.0,0.00020242914979757084,0.9977777777777778,6.928268800023943,4,100
0.002631578947368421,0.0,1.0,0.0,0.0,0.5,0,4927,13,10,0.0,0.002631578947368421,0.9953535353535353,6.928268800023943,4,100
0.0036437246963562753,0.0,1.0,0.0,0.0,0.55,0,4922,18,10,0.0,0.0036437246963562753,0.9943434343434343,6.928268800023943,4,100
0.0038461538461538464,0.0,1.0,0.0,0.0,0.6,0,4921,19,10,0.0,0.0038461538461538464,0.9941414141414141,6.928268800023943,4,100
0.004453441295546558,0.0,1.0,0.0,0.0,0.65,0,4918,22,10,0.0,0.004453441295546558,0.9935353535353535,6.928268800023943,4,100
0.006882591093117409,0.1,0.9714285714285714,0.02857142857142857,0.1,0.7,1,4906,34,9,0.1,0.006882591093117409,0.9913131313131314,6.928268800023943,4,100
0.007692307692307693,0.1,0.9743589743589743,0.02564102564102564,0.1,0.75,1,4902,38,9,0.1,0.007692307692307693,0.9905050505050506,6.928268800023943,4,100
0.008906882591093117,0.1,0.9777777777777777,0.022222222222222223,0.1,0.8,1,4896,44,9,0.1,0.008906882591093117,0.9892929292929293,6.928268800023943,4,100
0.01194331983805668,0.2,0.9672131147540983,0.03278688524590164,0.2,0.85,2,4881,59,8,0.2,0.01194331983805668,0.9864646464646465,6.928268800023943,4,100
0.012348178137651822,0.2,0.9682539682539683,0.031746031746031744,0.2,0.9,2,4879,61,8,0.2,0.012348178137651822,0.9860606060606061,6.928268800023943,4,100
0.015587044534412956,0.2,0.9746835443037974,0.02531645569620253,0.2,0.95,2,4863,77,8,0.2,0.015587044534412956,0.9828282828282828,6.928268800023943,4,100
0.998582995951417,1.0,0.9979769370827433,0.0020230629172567267,1.0,1.0,10,7,4933,0,1.0,0.998582995951417,0.0034343434343434343,6.928268800023943,4,100
0.0,0.0,0.0,,0.0,0.05,0,4940,0,10,0.0,0.0,0.997979797979798,6.387794299982488,5,100
0.0,0.0,0.0,,0.0,0.1,0,4940,0,10,0.0,0.0,0.997979797979798,6.387794299982488,5,100
0.0,0.0,0.0,,0.0,0.15,0,4940,0,10,0.0,0.0,0.997979797979798,6.387794299982488,5,100
0.0,0.0,0.0,,0.0,0.2,0,4940,0,10,0.0,0.0,0.997979797979798,6.387794299982488,5,100
0.0,0.0,0.0,,0.0,0.25,0,4940,0,10,0.0,0.0,0.997979797979798,6.387794299982488,5,100
0.0,0.0,0.0,,0.0,0.3,0,4940,0,10,0.0,0.0,0.997979797979798,6.387794299982488,5,100
0.0,0.0,0.0,,0.0,0.35,0,4940,0,10,0.0,0.0,0.997979797979798,6.387794299982488,5,100
0.0,0.0,0.0,,0.0,0.4,0,4940,0,10,0.0,0.0,0.997979797979798,6.387794299982488,5,100
0.0,0.0,0.0,,0.0,0.45,0,4940,0,10,0.0,0.0,0.997979797979798,6.387794299982488,5,100
0.0,0.0,0.0,,0.0,0.5,0,4940,0,10,0.0,0.0,0.997979797979798,6.387794299982488,5,100
0.001417004048582996,0.2,0.7777777777777778,0.2222222222222222,0.2,0.55,2,4933,7,8,0.2,0.001417004048582996,0.996969696969697,6.387794299982488,5,100
0.001417004048582996,0.2,0.7777777777777778,0.2222222222222222,0.2,0.6,2,4933,7,8,0.2,0.001417004048582996,0.996969696969697,6.387794299982488,5,100
0.002631578947368421,0.2,0.8666666666666667,0.13333333333333333,0.2,0.65,2,4927,13,8,0.2,0.002631578947368421,0.9957575757575757,6.387794299982488,5,100
0.002631578947368421,0.2,0.8666666666666667,0.13333333333333333,0.2,0.7,2,4927,13,8,0.2,0.002631578947368421,0.9957575757575757,6.387794299982488,5,100
0.002631578947368421,0.2,0.8666666666666667,0.13333333333333333,0.2,0.75,2,4927,13,8,0.2,0.002631578947368421,0.9957575757575757,6.387794299982488,5,100
0.004048582995951417,0.2,0.9090909090909091,0.09090909090909091,0.2,0.8,2,4920,20,8,0.2,0.004048582995951417,0.9943434343434343,6.387794299982488,5,100
0.00465587044534413,0.2,0.92,0.08,0.2,0.85,2,4917,23,8,0.2,0.00465587044534413,0.9937373737373737,6.387794299982488,5,100
0.04008097165991903,0.5,0.9753694581280788,0.024630541871921183,0.5,0.9,5,4742,198,5,0.5,0.04008097165991903,0.958989898989899,6.387794299982488,5,100
0.13866396761133604,0.8,0.9884559884559885,0.011544011544011544,0.8,0.95,8,4255,685,2,0.8,0.13866396761133604,0.8612121212121212,6.387794299982488,5,100
0.9692307692307692,1.0,0.9979157982492706,0.0020842017507294707,1.0,1.0,10,152,4788,0,1.0,0.9692307692307692,0.03272727272727273,6.387794299982488,5,100
0.0,0.0,0.0,,0.0,0.05,0,4940,0,10,0.0,0.0,0.997979797979798,7.226122299907729,6,100
0.0,0.0,0.0,,0.0,0.1,0,4940,0,10,0.0,0.0,0.997979797979798,7.226122299907729,6,100
0.0,0.0,0.0,,0.0,0.15,0,4940,0,10,0.0,0.0,0.997979797979798,7.226122299907729,6,100
0.0,0.0,0.0,,0.0,0.2,0,4940,0,10,0.0,0.0,0.997979797979798,7.226122299907729,6,100
0.0,0.0,0.0,,0.0,0.25,0,4940,0,10,0.0,0.0,0.997979797979798,7.226122299907729,6,100
0.0,0.0,0.0,,0.0,0.3,0,4940,0,10,0.0,0.0,0.997979797979798,7.226122299907729,6,100
0.0,0.0,0.0,,0.0,0.35,0,4940,0,10,0.0,0.0,0.997979797979798,7.226122299907729,6,100
0.00020242914979757084,0.0,1.0,0.0,0.0,0.4,0,4939,1,10,0.0,0.00020242914979757084,0.9977777777777778,7.226122299907729,6,100
0.00020242914979757084,0.0,1.0,0.0,0.0,0.45,0,4939,1,10,0.0,0.00020242914979757084,0.9977777777777778,7.226122299907729,6,100
0.0006072874493927126,0.0,1.0,0.0,0.0,0.5,0,4937,3,10,0.0,0.0006072874493927126,0.9973737373737374,7.226122299907729,6,100
0.0006072874493927126,0.0,1.0,0.0,0.0,0.55,0,4937,3,10,0.0,0.0006072874493927126,0.9973737373737374,7.226122299907729,6,100
0.0006072874493927126,0.0,1.0,0.0,0.0,0.6,0,4937,3,10,0.0,0.0006072874493927126,0.9973737373737374,7.226122299907729,6,100
0.0006072874493927126,0.0,1.0,0.0,0.0,0.65,0,4937,3,10,0.0,0.0006072874493927126,0.9973737373737374,7.226122299907729,6,100
0.0006072874493927126,0.0,1.0,0.0,0.0,0.7,0,4937,3,10,0.0,0.0006072874493927126,0.9973737373737374,7.226122299907729,6,100
0.013157894736842105,0.2,0.9701492537313433,0.029850746268656716,0.2,0.75,2,4875,65,8,0.2,0.013157894736842105,0.9852525252525253,7.226122299907729,6,100
0.04919028340080972,0.6,0.9759036144578314,0.024096385542168676,0.6,0.8,6,4697,243,4,0.6,0.04919028340080972,0.9501010101010101,7.226122299907729,6,100
0.06194331983805668,0.7,0.9776357827476039,0.022364217252396165,0.7,0.85,7,4634,306,3,0.7,0.06194331983805668,0.9375757575757576,7.226122299907729,6,100
0.08724696356275304,0.7,0.9840182648401826,0.01598173515981735,0.7,0.9,7,4509,431,3,0.7,0.08724696356275304,0.9123232323232323,7.226122299907729,6,100
0.32510121457489877,1.0,0.9938118811881188,0.006188118811881188,1.0,0.95,10,3334,1606,0,1.0,0.32510121457489877,0.6755555555555556,7.226122299907729,6,100
0.998582995951417,1.0,0.9979769370827433,0.0020230629172567267,1.0,1.0,10,7,4933,0,1.0,0.998582995951417,0.0034343434343434343,7.226122299907729,6,100
0.0,0.0,0.0,,0.0,0.05,0,4940,0,10,0.0,0.0,0.997979797979798,7.29440680006519,7,100
0.0,0.0,0.0,,0.0,0.1,0,4940,0,10,0.0,0.0,0.997979797979798,7.29440680006519,7,100
0.0,0.0,0.0,,0.0,0.15,0,4940,0,10,0.0,0.0,0.997979797979798,7.29440680006519,7,100
0.0,0.0,0.0,,0.0,0.2,0,4940,0,10,0.0,0.0,0.997979797979798,7.29440680006519,7,100
0.0,0.0,0.0,,0.0,0.25,0,4940,0,10,0.0,0.0,0.997979797979798,7.29440680006519,7,100
0.0,0.0,0.0,,0.0,0.3,0,4940,0,10,0.0,0.0,0.997979797979798,7.29440680006519,7,100
0.00020242914979757084,0.0,1.0,0.0,0.0,0.35,0,4939,1,10,0.0,0.00020242914979757084,0.9977777777777778,7.29440680006519,7,100
0.00020242914979757084,0.0,1.0,0.0,0.0,0.4,0,4939,1,10,0.0,0.00020242914979757084,0.9977777777777778,7.29440680006519,7,100
0.00020242914979757084,0.0,1.0,0.0,0.0,0.45,0,4939,1,10,0.0,0.00020242914979757084,0.9977777777777778,7.29440680006519,7,100
0.00020242914979757084,0.0,1.0,0.0,0.0,0.5,0,4939,1,10,0.0,0.00020242914979757084,0.9977777777777778,7.29440680006519,7,100
0.00020242914979757084,0.0,1.0,0.0,0.0,0.55,0,4939,1,10,0.0,0.00020242914979757084,0.9977777777777778,7.29440680006519,7,100
0.00020242914979757084,0.0,1.0,0.0,0.0,0.6,0,4939,1,10,0.0,0.00020242914979757084,0.9977777777777778,7.29440680006519,7,100
0.0004048582995951417,0.0,1.0,0.0,0.0,0.65,0,4938,2,10,0.0,0.0004048582995951417,0.9975757575757576,7.29440680006519,7,100
0.0004048582995951417,0.0,1.0,0.0,0.0,0.7,0,4938,2,10,0.0,0.0004048582995951417,0.9975757575757576,7.29440680006519,7,100
0.0012145748987854252,0.1,0.8571428571428571,0.14285714285714285,0.1,0.75,1,4934,6,9,0.1,0.0012145748987854252,0.996969696969697,7.29440680006519,7,100
0.006275303643724696,0.2,0.9393939393939394,0.06060606060606061,0.2,0.8,2,4909,31,8,0.2,0.006275303643724696,0.9921212121212121,7.29440680006519,7,100
0.009716599190283401,0.2,0.96,0.04,0.2,0.85,2,4892,48,8,0.2,0.009716599190283401,0.9886868686868687,7.29440680006519,7,100
0.014777327935222672,0.3,0.9605263157894737,0.039473684210526314,0.3,0.9,3,4867,73,7,0.3,0.014777327935222672,0.9838383838383838,7.29440680006519,7,100
0.04433198380566802,0.4,0.9820627802690582,0.017937219730941704,0.4,0.95,4,4721,219,6,0.4,0.04433198380566802,0.9545454545454546,7.29440680006519,7,100
0.9402834008097166,1.0,0.9978517722878625,0.0021482277121374865,1.0,1.0,10,295,4645,0,1.0,0.9402834008097166,0.06161616161616162,7.29440680006519,7,100
0.0,0.0,0.0,,0.0,0.05,0,4940,0,10,0.0,0.0,0.997979797979798,7.081417899928056,8,100
0.0,0.0,0.0,,0.0,0.1,0,4940,0,10,0.0,0.0,0.997979797979798,7.081417899928056,8,100
0.0,0.0,0.0,,0.0,0.15,0,4940,0,10,0.0,0.0,0.997979797979798,7.081417899928056,8,100
0.00020242914979757084,0.0,1.0,0.0,0.0,0.2,0,4939,1,10,0.0,0.00020242914979757084,0.9977777777777778,7.081417899928056,8,100
0.0004048582995951417,0.0,1.0,0.0,0.0,0.25,0,4938,2,10,0.0,0.0004048582995951417,0.9975757575757576,7.081417899928056,8,100
0.0004048582995951417,0.2,0.5,0.5,0.2,0.3,2,4938,2,8,0.2,0.0004048582995951417,0.997979797979798,7.081417899928056,8,100
0.0004048582995951417,0.2,0.5,0.5,0.2,0.35,2,4938,2,8,0.2,0.0004048582995951417,0.997979797979798,7.081417899928056,8,100
0.0006072874493927126,0.2,0.6,0.4,0.2,0.4,2,4937,3,8,0.2,0.0006072874493927126,0.9977777777777778,7.081417899928056,8,100
0.0008097165991902834,0.2,0.6666666666666666,0.3333333333333333,0.2,0.45,2,4936,4,8,0.2,0.0008097165991902834,0.9975757575757576,7.081417899928056,8,100
0.0010121457489878543,0.2,0.7142857142857143,0.2857142857142857,0.2,0.5,2,4935,5,8,0.2,0.0010121457489878543,0.9973737373737374,7.081417899928056,8,100
0.002631578947368421,0.2,0.8666666666666667,0.13333333333333333,0.2,0.55,2,4927,13,8,0.2,0.002631578947368421,0.9957575757575757,7.081417899928056,8,100
0.0034412955465587046,0.2,0.8947368421052632,0.10526315789473684,0.2,0.6,2,4923,17,8,0.2,0.0034412955465587046,0.9949494949494949,7.081417899928056,8,100
0.0034412955465587046,0.2,0.8947368421052632,0.10526315789473684,0.2,0.65,2,4923,17,8,0.2,0.0034412955465587046,0.9949494949494949,7.081417899928056,8,100
0.0036437246963562753,0.2,0.9,0.1,0.2,0.7,2,4922,18,8,0.2,0.0036437246963562753,0.9947474747474747,7.081417899928056,8,100
0.007692307692307693,0.2,0.95,0.05,0.2,0.75,2,4902,38,8,0.2,0.007692307692307693,0.9907070707070708,7.081417899928056,8,100
0.008299595141700405,0.2,0.9534883720930233,0.046511627906976744,0.2,0.8,2,4899,41,8,0.2,0.008299595141700405,0.9901010101010101,7.081417899928056,8,100
0.07307692307692308,0.5,0.9863387978142076,0.01366120218579235,0.5,0.85,5,4579,361,5,0.5,0.07307692307692308,0.926060606060606,7.081417899928056,8,100
0.10303643724696357,0.6,0.9883495145631068,0.011650485436893204,0.6,0.9,6,4431,509,4,0.6,0.10303643724696357,0.8963636363636364,7.081417899928056,8,100
0.2919028340080972,0.7,0.9951690821256038,0.004830917874396135,0.7,0.95,7,3498,1442,3,0.7,0.2919028340080972,0.7080808080808081,7.081417899928056,8,100
0.9657894736842105,1.0,0.9979083873666597,0.002091612633340305,1.0,1.0,10,169,4771,0,1.0,0.9657894736842105,0.03616161616161616,7.081417899928056,8,100
0.0,0.0,0.0,,0.0,0.05,0,4940,0,10,0.0,0.0,0.997979797979798,7.262972600059584,9,100
0.0,0.1,0.0,1.0,0.1,0.1,1,4940,0,9,0.1,0.0,0.9981818181818182,7.262972600059584,9,100
0.0,0.1,0.0,1.0,0.1,0.15,1,4940,0,9,0.1,0.0,0.9981818181818182,7.262972600059584,9,100
0.0,0.1,0.0,1.0,0.1,0.2,1,4940,0,9,0.1,0.0,0.9981818181818182,7.262972600059584,9,100
0.0,0.1,0.0,1.0,0.1,0.25,1,4940,0,9,0.1,0.0,0.9981818181818182,7.262972600059584,9,100
0.0,0.1,0.0,1.0,0.1,0.3,1,4940,0,9,0.1,0.0,0.9981818181818182,7.262972600059584,9,100
0.0,0.1,0.0,1.0,0.1,0.35,1,4940,0,9,0.1,0.0,0.9981818181818182,7.262972600059584,9,100
0.0,0.1,0.0,1.0,0.1,0.4,1,4940,0,9,0.1,0.0,0.9981818181818182,7.262972600059584,9,100
0.0,0.1,0.0,1.0,0.1,0.45,1,4940,0,9,0.1,0.0,0.9981818181818182,7.262972600059584,9,100
0.0,0.1,0.0,1.0,0.1,0.5,1,4940,0,9,0.1,0.0,0.9981818181818182,7.262972600059584,9,100
0.0010121457489878543,0.1,0.8333333333333334,0.16666666666666666,0.1,0.55,1,4935,5,9,0.1,0.0010121457489878543,0.9971717171717172,7.262972600059584,9,100
0.0018218623481781376,0.1,0.9,0.1,0.1,0.6,1,4931,9,9,0.1,0.0018218623481781376,0.9963636363636363,7.262972600059584,9,100
0.0018218623481781376,0.1,0.9,0.1,0.1,0.65,1,4931,9,9,0.1,0.0018218623481781376,0.9963636363636363,7.262972600059584,9,100
0.0018218623481781376,0.1,0.9,0.1,0.1,0.7,1,4931,9,9,0.1,0.0018218623481781376,0.9963636363636363,7.262972600059584,9,100
0.0020242914979757085,0.1,0.9090909090909091,0.09090909090909091,0.1,0.75,1,4930,10,9,0.1,0.0020242914979757085,0.9961616161616161,7.262972600059584,9,100
0.0024291497975708503,0.1,0.9230769230769231,0.07692307692307693,0.1,0.8,1,4928,12,9,0.1,0.0024291497975708503,0.9957575757575757,7.262972600059584,9,100
0.004048582995951417,0.1,0.9523809523809523,0.047619047619047616,0.1,0.85,1,4920,20,9,0.1,0.004048582995951417,0.9941414141414141,7.262972600059584,9,100
0.004251012145748988,0.1,0.9545454545454546,0.045454545454545456,0.1,0.9,1,4919,21,9,0.1,0.004251012145748988,0.9939393939393939,7.262972600059584,9,100
0.013157894736842105,0.3,0.9558823529411765,0.04411764705882353,0.3,0.95,3,4875,65,7,0.3,0.013157894736842105,0.9854545454545455,7.262972600059584,9,100
0.9933198380566801,1.0,0.9979662395769778,0.002033760423022168,1.0,1.0,10,33,4907,0,1.0,0.9933198380566801,0.008686868686868687,7.262972600059584,9,100
0.0,0.0,0.0,,0.0,0.05,0,4940,0,10,0.0,0.0,0.997979797979798,7.164232500013895,10,100
0.0,0.0,0.0,,0.0,0.1,0,4940,0,10,0.0,0.0,0.997979797979798,7.164232500013895,10,100
0.0,0.0,0.0,,0.0,0.15,0,4940,0,10,0.0,0.0,0.997979797979798,7.164232500013895,10,100
0.0,0.0,0.0,,0.0,0.2,0,4940,0,10,0.0,0.0,0.997979797979798,7.164232500013895,10,100
0.0,0.0,0.0,,0.0,0.25,0,4940,0,10,0.0,0.0,0.997979797979798,7.164232500013895,10,100
0.0,0.0,0.0,,0.0,0.3,0,4940,0,10,0.0,0.0,0.997979797979798,7.164232500013895,10,100
0.0,0.0,0.0,,0.0,0.35,0,4940,0,10,0.0,0.0,0.997979797979798,7.164232500013895,10,100
0.0,0.0,0.0,,0.0,0.4,0,4940,0,10,0.0,0.0,0.997979797979798,7.164232500013895,10,100
0.0,0.0,0.0,,0.0,0.45,0,4940,0,10,0.0,0.0,0.997979797979798,7.164232500013895,10,100
0.0,0.0,0.0,,0.0,0.5,0,4940,0,10,0.0,0.0,0.997979797979798,7.164232500013895,10,100
0.0,0.0,0.0,,0.0,0.55,0,4940,0,10,0.0,0.0,0.997979797979798,7.164232500013895,10,100
0.0,0.0,0.0,,0.0,0.6,0,4940,0,10,0.0,0.0,0.997979797979798,7.164232500013895,10,100
0.0,0.0,0.0,,0.0,0.65,0,4940,0,10,0.0,0.0,0.997979797979798,7.164232500013895,10,100
0.0,0.0,0.0,,0.0,0.7,0,4940,0,10,0.0,0.0,0.997979797979798,7.164232500013895,10,100
0.0,0.0,0.0,,0.0,0.75,0,4940,0,10,0.0,0.0,0.997979797979798,7.164232500013895,10,100
0.0,0.0,0.0,,0.0,0.8,0,4940,0,10,0.0,0.0,0.997979797979798,7.164232500013895,10,100
0.007894736842105263,0.2,0.9512195121951219,0.04878048780487805,0.2,0.85,2,4901,39,8,0.2,0.007894736842105263,0.9905050505050506,7.164232500013895,10,100
0.04433198380566802,0.6,0.9733333333333334,0.02666666666666667,0.6,0.9,6,4721,219,4,0.6,0.04433198380566802,0.954949494949495,7.164232500013895,10,100
0.1417004048582996,0.8,0.9887005649717514,0.011299435028248588,0.8,0.95,8,4240,700,2,0.8,0.1417004048582996,0.8581818181818182,7.164232500013895,10,100
0.9917004048582996,1.0,0.9979629252393563,0.002037074760643716,1.0,1.0,10,41,4899,0,1.0,0.9917004048582996,0.010303030303030303,7.164232500013895,10,100
0.0,0.1,0.0,1.0,0.1,0.05,1,4940,0,9,0.1,0.0,0.9981818181818182,7.081046000006609,11,100
0.00020242914979757084,0.1,0.5,0.5,0.1,0.1,1,4939,1,9,0.1,0.00020242914979757084,0.997979797979798,7.081046000006609,11,100
0.0008097165991902834,0.2,0.6666666666666666,0.3333333333333333,0.2,0.15,2,4936,4,8,0.2,0.0008097165991902834,0.9975757575757576,7.081046000006609,11,100
0.0016194331983805667,0.2,0.8,0.2,0.2,0.2,2,4932,8,8,0.2,0.0016194331983805667,0.9967676767676767,7.081046000006609,11,100
0.0018218623481781376,0.2,0.8181818181818182,0.18181818181818182,0.2,0.25,2,4931,9,8,0.2,0.0018218623481781376,0.9965656565656565,7.081046000006609,11,100
0.0020242914979757085,0.2,0.8333333333333334,0.16666666666666666,0.2,0.3,2,4930,10,8,0.2,0.0020242914979757085,0.9963636363636363,7.081046000006609,11,100
0.002226720647773279,0.2,0.8461538461538461,0.15384615384615385,0.2,0.35,2,4929,11,8,0.2,0.002226720647773279,0.9961616161616161,7.081046000006609,11,100
0.002631578947368421,0.2,0.8666666666666667,0.13333333333333333,0.2,0.4,2,4927,13,8,0.2,0.002631578947368421,0.9957575757575757,7.081046000006609,11,100
0.003036437246963563,0.2,0.8823529411764706,0.11764705882352941,0.2,0.45,2,4925,15,8,0.2,0.003036437246963563,0.9953535353535353,7.081046000006609,11,100
0.003036437246963563,0.2,0.8823529411764706,0.11764705882352941,0.2,0.5,2,4925,15,8,0.2,0.003036437246963563,0.9953535353535353,7.081046000006609,11,100
0.0032388663967611335,0.2,0.8888888888888888,0.1111111111111111,0.2,0.55,2,4924,16,8,0.2,0.0032388663967611335,0.9951515151515151,7.081046000006609,11,100
0.004048582995951417,0.3,0.8695652173913043,0.13043478260869565,0.3,0.6,3,4920,20,7,0.3,0.004048582995951417,0.9945454545454545,7.081046000006609,11,100
0.007489878542510121,0.3,0.925,0.075,0.3,0.65,3,4903,37,7,0.3,0.007489878542510121,0.9911111111111112,7.081046000006609,11,100
0.007489878542510121,0.3,0.925,0.075,0.3,0.7,3,4903,37,7,0.3,0.007489878542510121,0.9911111111111112,7.081046000006609,11,100
0.007489878542510121,0.3,0.925,0.075,0.3,0.75,3,4903,37,7,0.3,0.007489878542510121,0.9911111111111112,7.081046000006609,11,100
0.007489878542510121,0.3,0.925,0.075,0.3,0.8,3,4903,37,7,0.3,0.007489878542510121,0.9911111111111112,7.081046000006609,11,100
0.027530364372469637,0.6,0.9577464788732394,0.04225352112676056,0.6,0.85,6,4804,136,4,0.6,0.027530364372469637,0.9717171717171718,7.081046000006609,11,100
0.050404858299595144,0.6,0.9764705882352941,0.023529411764705882,0.6,0.9,6,4691,249,4,0.6,0.050404858299595144,0.9488888888888889,7.081046000006609,11,100
0.1651821862348178,0.7,0.991494532199271,0.00850546780072904,0.7,0.95,7,4124,816,3,0.7,0.1651821862348178,0.8345454545454546,7.081046000006609,11,100
0.998582995951417,1.0,0.9979769370827433,0.0020230629172567267,1.0,1.0,10,7,4933,0,1.0,0.998582995951417,0.0034343434343434343,7.081046000006609,11,100
0.00020242914979757084,0.0,1.0,0.0,0.0,0.05,0,4939,1,10,0.0,0.00020242914979757084,0.9977777777777778,6.75665790005587,12,100
0.00020242914979757084,0.1,0.5,0.5,0.1,0.1,1,4939,1,9,0.1,0.00020242914979757084,0.997979797979798,6.75665790005587,12,100
0.00020242914979757084,0.1,0.5,0.5,0.1,0.15,1,4939,1,9,0.1,0.00020242914979757084,0.997979797979798,6.75665790005587,12,100
0.001417004048582996,0.1,0.875,0.125,0.1,0.2,1,4933,7,9,0.1,0.001417004048582996,0.9967676767676767,6.75665790005587,12,100
0.0020242914979757085,0.2,0.8333333333333334,0.16666666666666666,0.2,0.25,2,4930,10,8,0.2,0.0020242914979757085,0.9963636363636363,6.75665790005587,12,100
0.0020242914979757085,0.2,0.8333333333333334,0.16666666666666666,0.2,0.3,2,4930,10,8,0.2,0.0020242914979757085,0.9963636363636363,6.75665790005587,12,100
0.0020242914979757085,0.2,0.8333333333333334,0.16666666666666666,0.2,0.35,2,4930,10,8,0.2,0.0020242914979757085,0.9963636363636363,6.75665790005587,12,100
0.0020242914979757085,0.2,0.8333333333333334,0.16666666666666666,0.2,0.4,2,4930,10,8,0.2,0.0020242914979757085,0.9963636363636363,6.75665790005587,12,100
0.0020242914979757085,0.2,0.8333333333333334,0.16666666666666666,0.2,0.45,2,4930,10,8,0.2,0.0020242914979757085,0.9963636363636363,6.75665790005587,12,100
0.002631578947368421,0.2,0.8666666666666667,0.13333333333333333,0.2,0.5,2,4927,13,8,0.2,0.002631578947368421,0.9957575757575757,6.75665790005587,12,100
0.002631578947368421,0.2,0.8666666666666667,0.13333333333333333,0.2,0.55,2,4927,13,8,0.2,0.002631578947368421,0.9957575757575757,6.75665790005587,12,100
0.0034412955465587046,0.2,0.8947368421052632,0.10526315789473684,0.2,0.6,2,4923,17,8,0.2,0.0034412955465587046,0.9949494949494949,6.75665790005587,12,100
0.0034412955465587046,0.2,0.8947368421052632,0.10526315789473684,0.2,0.65,2,4923,17,8,0.2,0.0034412955465587046,0.9949494949494949,6.75665790005587,12,100
0.0034412955465587046,0.2,0.8947368421052632,0.10526315789473684,0.2,0.7,2,4923,17,8,0.2,0.0034412955465587046,0.9949494949494949,6.75665790005587,12,100
0.0034412955465587046,0.2,0.8947368421052632,0.10526315789473684,0.2,0.75,2,4923,17,8,0.2,0.0034412955465587046,0.9949494949494949,6.75665790005587,12,100
0.005060728744939271,0.2,0.9259259259259259,0.07407407407407407,0.2,0.8,2,4915,25,8,0.2,0.005060728744939271,0.9933333333333333,6.75665790005587,12,100
0.017611336032388663,0.3,0.9666666666666667,0.03333333333333333,0.3,0.85,3,4853,87,7,0.3,0.017611336032388663,0.981010101010101,6.75665790005587,12,100
0.017611336032388663,0.3,0.9666666666666667,0.03333333333333333,0.3,0.9,3,4853,87,7,0.3,0.017611336032388663,0.981010101010101,6.75665790005587,12,100
0.04008097165991903,0.3,0.9850746268656716,0.014925373134328358,0.3,0.95,3,4742,198,7,0.3,0.04008097165991903,0.9585858585858585,6.75665790005587,12,100
0.9657894736842105,1.0,0.9979083873666597,0.002091612633340305,1.0,1.0,10,169,4771,0,1.0,0.9657894736842105,0.03616161616161616,6.75665790005587,12,100
0.0,0.0,0.0,,0.0,0.05,0,4940,0,10,0.0,0.0,0.997979797979798,7.215826299972832,13,100
0.0004048582995951417,0.0,1.0,0.0,0.0,0.1,0,4938,2,10,0.0,0.0004048582995951417,0.9975757575757576,7.215826299972832,13,100
0.0010121457489878543,0.1,0.8333333333333334,0.16666666666666666,0.1,0.15,1,4935,5,9,0.1,0.0010121457489878543,0.9971717171717172,7.215826299972832,13,100
0.0012145748987854252,0.1,0.8571428571428571,0.14285714285714285,0.1,0.2,1,4934,6,9,0.1,0.0012145748987854252,0.996969696969697,7.215826299972832,13,100
0.0012145748987854252,0.1,0.8571428571428571,0.14285714285714285,0.1,0.25,1,4934,6,9,0.1,0.0012145748987854252,0.996969696969697,7.215826299972832,13,100
0.002226720647773279,0.1,0.9166666666666666,0.08333333333333333,0.1,0.3,1,4929,11,9,0.1,0.002226720647773279,0.9959595959595959,7.215826299972832,13,100
0.002226720647773279,0.1,0.9166666666666666,0.08333333333333333,0.1,0.35,1,4929,11,9,0.1,0.002226720647773279,0.9959595959595959,7.215826299972832,13,100
0.002226720647773279,0.1,0.9166666666666666,0.08333333333333333,0.1,0.4,1,4929,11,9,0.1,0.002226720647773279,0.9959595959595959,7.215826299972832,13,100
0.002226720647773279,0.1,0.9166666666666666,0.08333333333333333,0.1,0.45,1,4929,11,9,0.1,0.002226720647773279,0.9959595959595959,7.215826299972832,13,100
0.003036437246963563,0.1,0.9375,0.0625,0.1,0.5,1,4925,15,9,0.1,0.003036437246963563,0.9951515151515151,7.215826299972832,13,100
0.004251012145748988,0.1,0.9545454545454546,0.045454545454545456,0.1,0.55,1,4919,21,9,0.1,0.004251012145748988,0.9939393939393939,7.215826299972832,13,100
0.004251012145748988,0.1,0.9545454545454546,0.045454545454545456,0.1,0.6,1,4919,21,9,0.1,0.004251012145748988,0.9939393939393939,7.215826299972832,13,100
0.004251012145748988,0.1,0.9545454545454546,0.045454545454545456,0.1,0.65,1,4919,21,9,0.1,0.004251012145748988,0.9939393939393939,7.215826299972832,13,100
0.004251012145748988,0.2,0.9130434782608695,0.08695652173913043,0.2,0.7,2,4919,21,8,0.2,0.004251012145748988,0.9941414141414141,7.215826299972832,13,100
0.006072874493927126,0.2,0.9375,0.0625,0.2,0.75,2,4910,30,8,0.2,0.006072874493927126,0.9923232323232323,7.215826299972832,13,100
0.006072874493927126,0.2,0.9375,0.0625,0.2,0.8,2,4910,30,8,0.2,0.006072874493927126,0.9923232323232323,7.215826299972832,13,100
0.008502024291497975,0.3,0.9333333333333333,0.06666666666666667,0.3,0.85,3,4898,42,7,0.3,0.008502024291497975,0.9901010101010101,7.215826299972832,13,100
0.023076923076923078,0.3,0.9743589743589743,0.02564102564102564,0.3,0.9,3,4826,114,7,0.3,0.023076923076923078,0.9755555555555555,7.215826299972832,13,100
0.04473684210526316,0.3,0.9866071428571429,0.013392857142857142,0.3,0.95,3,4719,221,7,0.3,0.04473684210526316,0.953939393939394,7.215826299972832,13,100
0.9914979757085021,1.0,0.9979625101874491,0.002037489812550937,1.0,1.0,10,42,4898,0,1.0,0.9914979757085021,0.010505050505050505,7.215826299972832,13,100
0.0,0.0,0.0,,0.0,0.05,0,4940,0,10,0.0,0.0,0.997979797979798,7.3750517999287695,14,100
0.0,0.0,0.0,,0.0,0.1,0,4940,0,10,0.0,0.0,0.997979797979798,7.3750517999287695,14,100
0.0,0.0,0.0,,0.0,0.15,0,4940,0,10,0.0,0.0,0.997979797979798,7.3750517999287695,14,100
0.0,0.0,0.0,,0.0,0.2,0,4940,0,10,0.0,0.0,0.997979797979798,7.3750517999287695,14,100
0.0,0.0,0.0,,0.0,0.25,0,4940,0,10,0.0,0.0,0.997979797979798,7.3750517999287695,14,100
0.0,0.0,0.0,,0.0,0.3,0,4940,0,10,0.0,0.0,0.997979797979798,7.3750517999287695,14,100
0.0,0.0,0.0,,0.0,0.35,0,4940,0,10,0.0,0.0,0.997979797979798,7.3750517999287695,14,100
0.0,0.0,0.0,,0.0,0.4,0,4940,0,10,0.0,0.0,0.997979797979798,7.3750517999287695,14,100
0.0,0.0,0.0,,0.0,0.45,0,4940,0,10,0.0,0.0,0.997979797979798,7.3750517999287695,14,100
0.0004048582995951417,0.1,0.6666666666666666,0.3333333333333333,0.1,0.5,1,4938,2,9,0.1,0.0004048582995951417,0.9977777777777778,7.3750517999287695,14,100
0.0008097165991902834,0.1,0.8,0.2,0.1,0.55,1,4936,4,9,0.1,0.0008097165991902834,0.9973737373737374,7.3750517999287695,14,100
0.0008097165991902834,0.1,0.8,0.2,0.1,0.6,1,4936,4,9,0.1,0.0008097165991902834,0.9973737373737374,7.3750517999287695,14,100
0.0016194331983805667,0.2,0.8,0.2,0.2,0.65,2,4932,8,8,0.2,0.0016194331983805667,0.9967676767676767,7.3750517999287695,14,100
0.0016194331983805667,0.2,0.8,0.2,0.2,0.7,2,4932,8,8,0.2,0.0016194331983805667,0.9967676767676767,7.3750517999287695,14,100
0.0018218623481781376,0.2,0.8181818181818182,0.18181818181818182,0.2,0.75,2,4931,9,8,0.2,0.0018218623481781376,0.9965656565656565,7.3750517999287695,14,100
0.0018218623481781376,0.2,0.8181818181818182,0.18181818181818182,0.2,0.8,2,4931,9,8,0.2,0.0018218623481781376,0.9965656565656565,7.3750517999287695,14,100
0.00465587044534413,0.2,0.92,0.08,0.2,0.85,2,4917,23,8,0.2,0.00465587044534413,0.9937373737373737,7.3750517999287695,14,100
0.012550607287449392,0.2,0.96875,0.03125,0.2,0.9,2,4878,62,8,0.2,0.012550607287449392,0.9858585858585859,7.3750517999287695,14,100
0.07145748987854252,0.3,0.9915730337078652,0.008426966292134831,0.3,0.95,3,4587,353,7,0.3,0.07145748987854252,0.9272727272727272,7.3750517999287695,14,100
0.9971659919028341,1.0,0.9979740680713128,0.002025931928687196,1.0,1.0,10,14,4926,0,1.0,0.9971659919028341,0.0048484848484848485,7.3750517999287695,14,100
0.00020242914979757084,0.0,1.0,0.0,0.0,0.05,0,4939,1,10,0.0,0.00020242914979757084,0.9977777777777778,6.1828058999963105,15,100
0.00020242914979757084,0.0,1.0,0.0,0.0,0.1,0,4939,1,10,0.0,0.00020242914979757084,0.9977777777777778,6.1828058999963105,15,100
0.00020242914979757084,0.0,1.0,0.0,0.0,0.15,0,4939,1,10,0.0,0.00020242914979757084,0.9977777777777778,6.1828058999963105,15,100
0.00020242914979757084,0.0,1.0,0.0,0.0,0.2,0,4939,1,10,0.0,0.00020242914979757084,0.9977777777777778,6.1828058999963105,15,100
0.00020242914979757084,0.0,1.0,0.0,0.0,0.25,0,4939,1,10,0.0,0.00020242914979757084,0.9977777777777778,6.1828058999963105,15,100
0.00020242914979757084,0.0,1.0,0.0,0.0,0.3,0,4939,1,10,0.0,0.00020242914979757084,0.9977777777777778,6.1828058999963105,15,100
0.00020242914979757084,0.0,1.0,0.0,0.0,0.35,0,4939,1,10,0.0,0.00020242914979757084,0.9977777777777778,6.1828058999963105,15,100
0.00020242914979757084,0.0,1.0,0.0,0.0,0.4,0,4939,1,10,0.0,0.00020242914979757084,0.9977777777777778,6.1828058999963105,15,100
0.00020242914979757084,0.0,1.0,0.0,0.0,0.45,0,4939,1,10,0.0,0.00020242914979757084,0.9977777777777778,6.1828058999963105,15,100
0.00020242914979757084,0.0,1.0,0.0,0.0,0.5,0,4939,1,10,0.0,0.00020242914979757084,0.9977777777777778,6.1828058999963105,15,100
0.00020242914979757084,0.0,1.0,0.0,0.0,0.55,0,4939,1,10,0.0,0.00020242914979757084,0.9977777777777778,6.1828058999963105,15,100
0.00020242914979757084,0.0,1.0,0.0,0.0,0.6,0,4939,1,10,0.0,0.00020242914979757084,0.9977777777777778,6.1828058999963105,15,100
0.00020242914979757084,0.0,1.0,0.0,0.0,0.65,0,4939,1,10,0.0,0.00020242914979757084,0.9977777777777778,6.1828058999963105,15,100
0.01639676113360324,0.3,0.9642857142857143,0.03571428571428571,0.3,0.7,3,4859,81,7,0.3,0.01639676113360324,0.9822222222222222,6.1828058999963105,15,100
0.03360323886639676,0.3,0.9822485207100592,0.01775147928994083,0.3,0.75,3,4774,166,7,0.3,0.03360323886639676,0.965050505050505,6.1828058999963105,15,100
0.03441295546558704,0.3,0.9826589595375722,0.017341040462427744,0.3,0.8,3,4770,170,7,0.3,0.03441295546558704,0.9642424242424242,6.1828058999963105,15,100
0.06336032388663967,0.3,0.990506329113924,0.00949367088607595,0.3,0.85,3,4627,313,7,0.3,0.06336032388663967,0.9353535353535354,6.1828058999963105,15,100
0.16680161943319838,0.5,0.9939686369119421,0.006031363088057901,0.5,0.9,5,4116,824,5,0.5,0.16680161943319838,0.8325252525252526,6.1828058999963105,15,100
0.43380566801619436,0.7,0.9967441860465116,0.0032558139534883722,0.7,0.95,7,2797,2143,3,0.7,0.43380566801619436,0.5664646464646464,6.1828058999963105,15,100
0.9951417004048583,1.0,0.9979699553390174,0.0020300446609825416,1.0,1.0,10,24,4916,0,1.0,0.9951417004048583,0.006868686868686869,6.1828058999963105,15,100
0.0004048582995951417,0.0,1.0,0.0,0.0,0.05,0,4938,2,10,0.0,0.0004048582995951417,0.9975757575757576,6.0183128999779,16,100
0.0004048582995951417,0.0,1.0,0.0,0.0,0.1,0,4938,2,10,0.0,0.0004048582995951417,0.9975757575757576,6.0183128999779,16,100
0.0008097165991902834,0.1,0.8,0.2,0.1,0.15,1,4936,4,9,0.1,0.0008097165991902834,0.9973737373737374,6.0183128999779,16,100
0.0008097165991902834,0.1,0.8,0.2,0.1,0.2,1,4936,4,9,0.1,0.0008097165991902834,0.9973737373737374,6.0183128999779,16,100
0.0010121457489878543,0.1,0.8333333333333334,0.16666666666666666,0.1,0.25,1,4935,5,9,0.1,0.0010121457489878543,0.9971717171717172,6.0183128999779,16,100
0.0010121457489878543,0.1,0.8333333333333334,0.16666666666666666,0.1,0.3,1,4935,5,9,0.1,0.0010121457489878543,0.9971717171717172,6.0183128999779,16,100
0.0010121457489878543,0.1,0.8333333333333334,0.16666666666666666,0.1,0.35,1,4935,5,9,0.1,0.0010121457489878543,0.9971717171717172,6.0183128999779,16,100
0.0010121457489878543,0.1,0.8333333333333334,0.16666666666666666,0.1,0.4,1,4935,5,9,0.1,0.0010121457489878543,0.9971717171717172,6.0183128999779,16,100
0.0010121457489878543,0.1,0.8333333333333334,0.16666666666666666,0.1,0.45,1,4935,5,9,0.1,0.0010121457489878543,0.9971717171717172,6.0183128999779,16,100
0.0010121457489878543,0.1,0.8333333333333334,0.16666666666666666,0.1,0.5,1,4935,5,9,0.1,0.0010121457489878543,0.9971717171717172,6.0183128999779,16,100
0.001417004048582996,0.1,0.875,0.125,0.1,0.55,1,4933,7,9,0.1,0.001417004048582996,0.9967676767676767,6.0183128999779,16,100
0.001417004048582996,0.1,0.875,0.125,0.1,0.6,1,4933,7,9,0.1,0.001417004048582996,0.9967676767676767,6.0183128999779,16,100
0.0016194331983805667,0.1,0.8888888888888888,0.1111111111111111,0.1,0.65,1,4932,8,9,0.1,0.0016194331983805667,0.9965656565656565,6.0183128999779,16,100
0.0024291497975708503,0.1,0.9230769230769231,0.07692307692307693,0.1,0.7,1,4928,12,9,0.1,0.0024291497975708503,0.9957575757575757,6.0183128999779,16,100
0.0024291497975708503,0.1,0.9230769230769231,0.07692307692307693,0.1,0.75,1,4928,12,9,0.1,0.0024291497975708503,0.9957575757575757,6.0183128999779,16,100
0.005870445344129555,0.1,0.9666666666666667,0.03333333333333333,0.1,0.8,1,4911,29,9,0.1,0.005870445344129555,0.9923232323232323,6.0183128999779,16,100
0.0066801619433198385,0.1,0.9705882352941176,0.029411764705882353,0.1,0.85,1,4907,33,9,0.1,0.0066801619433198385,0.9915151515151515,6.0183128999779,16,100
0.00708502024291498,0.2,0.9459459459459459,0.05405405405405406,0.2,0.9,2,4905,35,8,0.2,0.00708502024291498,0.9913131313131314,6.0183128999779,16,100
0.011538461538461539,0.2,0.9661016949152542,0.03389830508474576,0.2,0.95,2,4883,57,8,0.2,0.011538461538461539,0.9868686868686869,6.0183128999779,16,100
0.9967611336032388,1.0,0.9979732468585326,0.002026753141467369,1.0,1.0,10,16,4924,0,1.0,0.9967611336032388,0.0052525252525252525,6.0183128999779,16,100
0.0,0.0,0.0,,0.0,0.05,0,4940,0,10,0.0,0.0,0.997979797979798,5.990264700027183,17,100
0.0,0.0,0.0,,0.0,0.1,0,4940,0,10,0.0,0.0,0.997979797979798,5.990264700027183,17,100
0.0,0.1,0.0,1.0,0.1,0.15,1,4940,0,9,0.1,0.0,0.9981818181818182,5.990264700027183,17,100
0.0,0.1,0.0,1.0,0.1,0.2,1,4940,0,9,0.1,0.0,0.9981818181818182,5.990264700027183,17,100
0.0,0.1,0.0,1.0,0.1,0.25,1,4940,0,9,0.1,0.0,0.9981818181818182,5.990264700027183,17,100
0.0,0.1,0.0,1.0,0.1,0.3,1,4940,0,9,0.1,0.0,0.9981818181818182,5.990264700027183,17,100
0.0,0.1,0.0,1.0,0.1,0.35,1,4940,0,9,0.1,0.0,0.9981818181818182,5.990264700027183,17,100
0.0,0.1,0.0,1.0,0.1,0.4,1,4940,0,9,0.1,0.0,0.9981818181818182,5.990264700027183,17,100
0.0,0.1,0.0,1.0,0.1,0.45,1,4940,0,9,0.1,0.0,0.9981818181818182,5.990264700027183,17,100
0.0,0.1,0.0,1.0,0.1,0.5,1,4940,0,9,0.1,0.0,0.9981818181818182,5.990264700027183,17,100
0.0,0.1,0.0,1.0,0.1,0.55,1,4940,0,9,0.1,0.0,0.9981818181818182,5.990264700027183,17,100
0.0,0.1,0.0,1.0,0.1,0.6,1,4940,0,9,0.1,0.0,0.9981818181818182,5.990264700027183,17,100
0.0006072874493927126,0.1,0.75,0.25,0.1,0.65,1,4937,3,9,0.1,0.0006072874493927126,0.9975757575757576,5.990264700027183,17,100
0.0006072874493927126,0.1,0.75,0.25,0.1,0.7,1,4937,3,9,0.1,0.0006072874493927126,0.9975757575757576,5.990264700027183,17,100
0.0016194331983805667,0.1,0.8888888888888888,0.1111111111111111,0.1,0.75,1,4932,8,9,0.1,0.0016194331983805667,0.9965656565656565,5.990264700027183,17,100
0.0018218623481781376,0.1,0.9,0.1,0.1,0.8,1,4931,9,9,0.1,0.0018218623481781376,0.9963636363636363,5.990264700027183,17,100
0.0018218623481781376,0.1,0.9,0.1,0.1,0.85,1,4931,9,9,0.1,0.0018218623481781376,0.9963636363636363,5.990264700027183,17,100
0.0018218623481781376,0.1,0.9,0.1,0.1,0.9,1,4931,9,9,0.1,0.0018218623481781376,0.9963636363636363,5.990264700027183,17,100
0.01680161943319838,0.4,0.9540229885057471,0.04597701149425287,0.4,0.95,4,4857,83,6,0.4,0.01680161943319838,0.982020202020202,5.990264700027183,17,100
0.9969635627530364,1.0,0.9979736575481256,0.002026342451874367,1.0,1.0,10,15,4925,0,1.0,0.9969635627530364,0.005050505050505051,5.990264700027183,17,100
0.0,0.0,0.0,,0.0,0.05,0,4940,0,10,0.0,0.0,0.997979797979798,7.283659999957308,18,100
0.0,0.0,0.0,,0.0,0.1,0,4940,0,10,0.0,0.0,0.997979797979798,7.283659999957308,18,100
0.0,0.0,0.0,,0.0,0.15,0,4940,0,10,0.0,0.0,0.997979797979798,7.283659999957308,18,100
0.0,0.0,0.0,,0.0,0.2,0,4940,0,10,0.0,0.0,0.997979797979798,7.283659999957308,18,100
0.0,0.0,0.0,,0.0,0.25,0,4940,0,10,0.0,0.0,0.997979797979798,7.283659999957308,18,100
0.0,0.0,0.0,,0.0,0.3,0,4940,0,10,0.0,0.0,0.997979797979798,7.283659999957308,18,100
0.0,0.0,0.0,,0.0,0.35,0,4940,0,10,0.0,0.0,0.997979797979798,7.283659999957308,18,100
0.0,0.0,0.0,,0.0,0.4,0,4940,0,10,0.0,0.0,0.997979797979798,7.283659999957308,18,100
0.0,0.0,0.0,,0.0,0.45,0,4940,0,10,0.0,0.0,0.997979797979798,7.283659999957308,18,100
0.0,0.0,0.0,,0.0,0.5,0,4940,0,10,0.0,0.0,0.997979797979798,7.283659999957308,18,100
0.0,0.0,0.0,,0.0,0.55,0,4940,0,10,0.0,0.0,0.997979797979798,7.283659999957308,18,100
0.0,0.0,0.0,,0.0,0.6,0,4940,0,10,0.0,0.0,0.997979797979798,7.283659999957308,18,100
0.0018218623481781376,0.4,0.6923076923076923,0.3076923076923077,0.4,0.65,4,4931,9,6,0.4,0.0018218623481781376,0.996969696969697,7.283659999957308,18,100
0.003036437246963563,0.4,0.7894736842105263,0.21052631578947367,0.4,0.7,4,4925,15,6,0.4,0.003036437246963563,0.9957575757575757,7.283659999957308,18,100
0.003036437246963563,0.4,0.7894736842105263,0.21052631578947367,0.4,0.75,4,4925,15,6,0.4,0.003036437246963563,0.9957575757575757,7.283659999957308,18,100
0.003036437246963563,0.4,0.7894736842105263,0.21052631578947367,0.4,0.8,4,4925,15,6,0.4,0.003036437246963563,0.9957575757575757,7.283659999957308,18,100
0.003036437246963563,0.4,0.7894736842105263,0.21052631578947367,0.4,0.85,4,4925,15,6,0.4,0.003036437246963563,0.9957575757575757,7.283659999957308,18,100
0.004251012145748988,0.4,0.84,0.16,0.4,0.9,4,4919,21,6,0.4,0.004251012145748988,0.9945454545454545,7.283659999957308,18,100
0.25931174089068826,0.9,0.9930232558139535,0.0069767441860465115,0.9,0.95,9,3659,1281,1,0.9,0.25931174089068826,0.741010101010101,7.283659999957308,18,100
0.9989878542510121,1.0,0.9979777553083923,0.0020222446916076846,1.0,1.0,10,5,4935,0,1.0,0.9989878542510121,0.0030303030303030303,7.283659999957308,18,100
0.0,0.0,0.0,,0.0,0.05,0,4940,0,10,0.0,0.0,0.997979797979798,7.552443799911998,19,100
0.0,0.0,0.0,,0.0,0.1,0,4940,0,10,0.0,0.0,0.997979797979798,7.552443799911998,19,100
0.00020242914979757084,0.0,1.0,0.0,0.0,0.15,0,4939,1,10,0.0,0.00020242914979757084,0.9977777777777778,7.552443799911998,19,100
0.0008097165991902834,0.0,1.0,0.0,0.0,0.2,0,4936,4,10,0.0,0.0008097165991902834,0.9971717171717172,7.552443799911998,19,100
0.0010121457489878543,0.0,1.0,0.0,0.0,0.25,0,4935,5,10,0.0,0.0010121457489878543,0.996969696969697,7.552443799911998,19,100
0.0012145748987854252,0.0,1.0,0.0,0.0,0.3,0,4934,6,10,0.0,0.0012145748987854252,0.9967676767676767,7.552443799911998,19,100
0.001417004048582996,0.0,1.0,0.0,0.0,0.35,0,4933,7,10,0.0,0.001417004048582996,0.9965656565656565,7.552443799911998,19,100
0.001417004048582996,0.0,1.0,0.0,0.0,0.4,0,4933,7,10,0.0,0.001417004048582996,0.9965656565656565,7.552443799911998,19,100
0.001417004048582996,0.0,1.0,0.0,0.0,0.45,0,4933,7,10,0.0,0.001417004048582996,0.9965656565656565,7.552443799911998,19,100
0.001417004048582996,0.0,1.0,0.0,0.0,0.5,0,4933,7,10,0.0,0.001417004048582996,0.9965656565656565,7.552443799911998,19,100
0.001417004048582996,0.0,1.0,0.0,0.0,0.55,0,4933,7,10,0.0,0.001417004048582996,0.9965656565656565,7.552443799911998,19,100
0.001417004048582996,0.0,1.0,0.0,0.0,0.6,0,4933,7,10,0.0,0.001417004048582996,0.9965656565656565,7.552443799911998,19,100
0.001417004048582996,0.0,1.0,0.0,0.0,0.65,0,4933,7,10,0.0,0.001417004048582996,0.9965656565656565,7.552443799911998,19,100
0.001417004048582996,0.0,1.0,0.0,0.0,0.7,0,4933,7,10,0.0,0.001417004048582996,0.9965656565656565,7.552443799911998,19,100
0.0038461538461538464,0.1,0.95,0.05,0.1,0.75,1,4921,19,9,0.1,0.0038461538461538464,0.9943434343434343,7.552443799911998,19,100
0.015991902834008098,0.3,0.9634146341463414,0.036585365853658534,0.3,0.8,3,4861,79,7,0.3,0.015991902834008098,0.9826262626262626,7.552443799911998,19,100
0.016194331983805668,0.3,0.963855421686747,0.03614457831325301,0.3,0.85,3,4860,80,7,0.3,0.016194331983805668,0.9824242424242424,7.552443799911998,19,100
0.1394736842105263,0.7,0.9899425287356322,0.010057471264367816,0.7,0.9,7,4251,689,3,0.7,0.1394736842105263,0.8602020202020202,7.552443799911998,19,100
0.19615384615384615,0.9,0.99079754601227,0.009202453987730062,0.9,0.95,9,3971,969,1,0.9,0.19615384615384615,0.804040404040404,7.552443799911998,19,100
0.9919028340080972,1.0,0.9979633401221996,0.002036659877800407,1.0,1.0,10,40,4900,0,1.0,0.9919028340080972,0.010101010101010102,7.552443799911998,19,100
0.0,0.1,0.0,1.0,0.1,0.05,1,4940,0,9,0.1,0.0,0.9981818181818182,7.9626887999475,20,100
0.00020242914979757084,0.1,0.5,0.5,0.1,0.1,1,4939,1,9,0.1,0.00020242914979757084,0.997979797979798,7.9626887999475,20,100
0.0004048582995951417,0.1,0.6666666666666666,0.3333333333333333,0.1,0.15,1,4938,2,9,0.1,0.0004048582995951417,0.9977777777777778,7.9626887999475,20,100
0.0008097165991902834,0.1,0.8,0.2,0.1,0.2,1,4936,4,9,0.1,0.0008097165991902834,0.9973737373737374,7.9626887999475,20,100
0.0012145748987854252,0.1,0.8571428571428571,0.14285714285714285,0.1,0.25,1,4934,6,9,0.1,0.0012145748987854252,0.996969696969697,7.9626887999475,20,100
0.0016194331983805667,0.3,0.7272727272727273,0.2727272727272727,0.3,0.3,3,4932,8,7,0.3,0.0016194331983805667,0.996969696969697,7.9626887999475,20,100
0.0024291497975708503,0.3,0.8,0.2,0.3,0.35,3,4928,12,7,0.3,0.0024291497975708503,0.9961616161616161,7.9626887999475,20,100
0.0032388663967611335,0.3,0.8421052631578947,0.15789473684210525,0.3,0.4,3,4924,16,7,0.3,0.0032388663967611335,0.9953535353535353,7.9626887999475,20,100
0.004858299595141701,0.3,0.8888888888888888,0.1111111111111111,0.3,0.45,3,4916,24,7,0.3,0.004858299595141701,0.9937373737373737,7.9626887999475,20,100
0.004858299595141701,0.3,0.8888888888888888,0.1111111111111111,0.3,0.5,3,4916,24,7,0.3,0.004858299595141701,0.9937373737373737,7.9626887999475,20,100
0.006072874493927126,0.3,0.9090909090909091,0.09090909090909091,0.3,0.55,3,4910,30,7,0.3,0.006072874493927126,0.9925252525252525,7.9626887999475,20,100
0.007489878542510121,0.5,0.8809523809523809,0.11904761904761904,0.5,0.6,5,4903,37,5,0.5,0.007489878542510121,0.9915151515151515,7.9626887999475,20,100
0.008299595141700405,0.5,0.8913043478260869,0.10869565217391304,0.5,0.65,5,4899,41,5,0.5,0.008299595141700405,0.9907070707070708,7.9626887999475,20,100
0.02388663967611336,0.5,0.959349593495935,0.04065040650406504,0.5,0.7,5,4822,118,5,0.5,0.02388663967611336,0.9751515151515151,7.9626887999475,20,100
0.030161943319838055,0.6,0.9612903225806452,0.03870967741935484,0.6,0.75,6,4791,149,4,0.6,0.030161943319838055,0.9690909090909091,7.9626887999475,20,100
0.053643724696356275,0.6,0.977859778597786,0.02214022140221402,0.6,0.8,6,4675,265,4,0.6,0.053643724696356275,0.9456565656565656,7.9626887999475,20,100
0.08238866396761134,0.8,0.980722891566265,0.01927710843373494,0.8,0.85,8,4533,407,2,0.8,0.08238866396761134,0.9173737373737374,7.9626887999475,20,100
0.10465587044534413,0.8,0.9847619047619047,0.015238095238095238,0.8,0.9,8,4423,517,2,0.8,0.10465587044534413,0.8951515151515151,7.9626887999475,20,100
0.3188259109311741,0.9,0.9943181818181818,0.005681818181818182,0.9,0.95,9,3365,1575,1,0.9,0.3188259109311741,0.6816161616161616,7.9626887999475,20,100
0.9983805668016195,1.0,0.9979765277215702,0.0020234722784297854,1.0,1.0,10,8,4932,0,1.0,0.9983805668016195,0.0036363636363636364,7.9626887999475,20,100
0.0,0.0,0.0,,0.0,0.05,0,4940,0,10,0.0,0.0,0.997979797979798,7.385137100005522,21,100
0.0,0.0,0.0,,0.0,0.1,0,4940,0,10,0.0,0.0,0.997979797979798,7.385137100005522,21,100
0.0,0.0,0.0,,0.0,0.15,0,4940,0,10,0.0,0.0,0.997979797979798,7.385137100005522,21,100
0.0,0.0,0.0,,0.0,0.2,0,4940,0,10,0.0,0.0,0.997979797979798,7.385137100005522,21,100
0.0,0.0,0.0,,0.0,0.25,0,4940,0,10,0.0,0.0,0.997979797979798,7.385137100005522,21,100
0.0,0.0,0.0,,0.0,0.3,0,4940,0,10,0.0,0.0,0.997979797979798,7.385137100005522,21,100
0.0,0.0,0.0,,0.0,0.35,0,4940,0,10,0.0,0.0,0.997979797979798,7.385137100005522,21,100
0.0,0.0,0.0,,0.0,0.4,0,4940,0,10,0.0,0.0,0.997979797979798,7.385137100005522,21,100
0.0,0.0,0.0,,0.0,0.45,0,4940,0,10,0.0,0.0,0.997979797979798,7.385137100005522,21,100
0.00020242914979757084,0.0,1.0,0.0,0.0,0.5,0,4939,1,10,0.0,0.00020242914979757084,0.9977777777777778,7.385137100005522,21,100
0.00020242914979757084,0.0,1.0,0.0,0.0,0.55,0,4939,1,10,0.0,0.00020242914979757084,0.9977777777777778,7.385137100005522,21,100
0.00020242914979757084,0.0,1.0,0.0,0.0,0.6,0,4939,1,10,0.0,0.00020242914979757084,0.9977777777777778,7.385137100005522,21,100
0.00020242914979757084,0.0,1.0,0.0,0.0,0.65,0,4939,1,10,0.0,0.00020242914979757084,0.9977777777777778,7.385137100005522,21,100
0.00020242914979757084,0.0,1.0,0.0,0.0,0.7,0,4939,1,10,0.0,0.00020242914979757084,0.9977777777777778,7.385137100005522,21,100
0.00020242914979757084,0.0,1.0,0.0,0.0,0.75,0,4939,1,10,0.0,0.00020242914979757084,0.9977777777777778,7.385137100005522,21,100
0.00020242914979757084,0.0,1.0,0.0,0.0,0.8,0,4939,1,10,0.0,0.00020242914979757084,0.9977777777777778,7.385137100005522,21,100
0.0018218623481781376,0.1,0.9,0.1,0.1,0.85,1,4931,9,9,0.1,0.0018218623481781376,0.9963636363636363,7.385137100005522,21,100
0.005263157894736842,0.1,0.9629629629629629,0.037037037037037035,0.1,0.9,1,4914,26,9,0.1,0.005263157894736842,0.9929292929292929,7.385137100005522,21,100
0.015384615384615385,0.1,0.987012987012987,0.012987012987012988,0.1,0.95,1,4864,76,9,0.1,0.015384615384615385,0.9828282828282828,7.385137100005522,21,100
0.9987854251012146,1.0,0.9979773462783171,0.0020226537216828477,1.0,1.0,10,6,4934,0,1.0,0.9987854251012146,0.0032323232323232323,7.385137100005522,21,100
0.0,0.1,0.0,1.0,0.1,0.05,1,4940,0,9,0.1,0.0,0.9981818181818182,7.214413899928331,22,100
0.0,0.1,0.0,1.0,0.1,0.1,1,4940,0,9,0.1,0.0,0.9981818181818182,7.214413899928331,22,100
0.0,0.1,0.0,1.0,0.1,0.15,1,4940,0,9,0.1,0.0,0.9981818181818182,7.214413899928331,22,100
0.0,0.1,0.0,1.0,0.1,0.2,1,4940,0,9,0.1,0.0,0.9981818181818182,7.214413899928331,22,100
0.00020242914979757084,0.1,0.5,0.5,0.1,0.25,1,4939,1,9,0.1,0.00020242914979757084,0.997979797979798,7.214413899928331,22,100
0.00020242914979757084,0.1,0.5,0.5,0.1,0.3,1,4939,1,9,0.1,0.00020242914979757084,0.997979797979798,7.214413899928331,22,100
0.0006072874493927126,0.2,0.6,0.4,0.2,0.35,2,4937,3,8,0.2,0.0006072874493927126,0.9977777777777778,7.214413899928331,22,100
0.0006072874493927126,0.2,0.6,0.4,0.2,0.4,2,4937,3,8,0.2,0.0006072874493927126,0.9977777777777778,7.214413899928331,22,100
0.0006072874493927126,0.2,0.6,0.4,0.2,0.45,2,4937,3,8,0.2,0.0006072874493927126,0.9977777777777778,7.214413899928331,22,100
0.0006072874493927126,0.2,0.6,0.4,0.2,0.5,2,4937,3,8,0.2,0.0006072874493927126,0.9977777777777778,7.214413899928331,22,100
0.0006072874493927126,0.2,0.6,0.4,0.2,0.55,2,4937,3,8,0.2,0.0006072874493927126,0.9977777777777778,7.214413899928331,22,100
0.0006072874493927126,0.2,0.6,0.4,0.2,0.6,2,4937,3,8,0.2,0.0006072874493927126,0.9977777777777778,7.214413899928331,22,100
0.0006072874493927126,0.2,0.6,0.4,0.2,0.65,2,4937,3,8,0.2,0.0006072874493927126,0.9977777777777778,7.214413899928331,22,100
0.0006072874493927126,0.2,0.6,0.4,0.2,0.7,2,4937,3,8,0.2,0.0006072874493927126,0.9977777777777778,7.214413899928331,22,100
0.0032388663967611335,0.3,0.8421052631578947,0.15789473684210525,0.3,0.75,3,4924,16,7,0.3,0.0032388663967611335,0.9953535353535353,7.214413899928331,22,100
0.004453441295546558,0.3,0.88,0.12,0.3,0.8,3,4918,22,7,0.3,0.004453441295546558,0.9941414141414141,7.214413899928331,22,100
0.009716599190283401,0.4,0.9230769230769231,0.07692307692307693,0.4,0.85,4,4892,48,6,0.4,0.009716599190283401,0.9890909090909091,7.214413899928331,22,100
0.011538461538461539,0.4,0.9344262295081968,0.06557377049180328,0.4,0.9,4,4883,57,6,0.4,0.011538461538461539,0.9872727272727273,7.214413899928331,22,100
0.019230769230769232,0.4,0.9595959595959596,0.04040404040404041,0.4,0.95,4,4845,95,6,0.4,0.019230769230769232,0.9795959595959596,7.214413899928331,22,100
0.9995951417004049,1.0,0.997978981406629,0.002021018593371059,1.0,1.0,10,2,4938,0,1.0,0.9995951417004049,0.0024242424242424242,7.214413899928331,22,100
0.0,0.0,0.0,,0.0,0.05,0,4940,0,10,0.0,0.0,0.997979797979798,7.485216100001708,23,100
0.0,0.0,0.0,,0.0,0.1,0,4940,0,10,0.0,0.0,0.997979797979798,7.485216100001708,23,100
0.0,0.0,0.0,,0.0,0.15,0,4940,0,10,0.0,0.0,0.997979797979798,7.485216100001708,23,100
0.0,0.0,0.0,,0.0,0.2,0,4940,0,10,0.0,0.0,0.997979797979798,7.485216100001708,23,100
0.0,0.0,0.0,,0.0,0.25,0,4940,0,10,0.0,0.0,0.997979797979798,7.485216100001708,23,100
0.0,0.0,0.0,,0.0,0.3,0,4940,0,10,0.0,0.0,0.997979797979798,7.485216100001708,23,100
0.0,0.0,0.0,,0.0,0.35,0,4940,0,10,0.0,0.0,0.997979797979798,7.485216100001708,23,100
0.0004048582995951417,0.1,0.6666666666666666,0.3333333333333333,0.1,0.4,1,4938,2,9,0.1,0.0004048582995951417,0.9977777777777778,7.485216100001708,23,100
0.0004048582995951417,0.1,0.6666666666666666,0.3333333333333333,0.1,0.45,1,4938,2,9,0.1,0.0004048582995951417,0.9977777777777778,7.485216100001708,23,100
0.0004048582995951417,0.1,0.6666666666666666,0.3333333333333333,0.1,0.5,1,4938,2,9,0.1,0.0004048582995951417,0.9977777777777778,7.485216100001708,23,100
0.0004048582995951417,0.1,0.6666666666666666,0.3333333333333333,0.1,0.55,1,4938,2,9,0.1,0.0004048582995951417,0.9977777777777778,7.485216100001708,23,100
0.0020242914979757085,0.1,0.9090909090909091,0.09090909090909091,0.1,0.6,1,4930,10,9,0.1,0.0020242914979757085,0.9961616161616161,7.485216100001708,23,100
0.0020242914979757085,0.1,0.9090909090909091,0.09090909090909091,0.1,0.65,1,4930,10,9,0.1,0.0020242914979757085,0.9961616161616161,7.485216100001708,23,100
0.0020242914979757085,0.1,0.9090909090909091,0.09090909090909091,0.1,0.7,1,4930,10,9,0.1,0.0020242914979757085,0.9961616161616161,7.485216100001708,23,100
0.002834008097165992,0.1,0.9333333333333333,0.06666666666666667,0.1,0.75,1,4926,14,9,0.1,0.002834008097165992,0.9953535353535353,7.485216100001708,23,100
0.002834008097165992,0.1,0.9333333333333333,0.06666666666666667,0.1,0.8,1,4926,14,9,0.1,0.002834008097165992,0.9953535353535353,7.485216100001708,23,100
0.002834008097165992,0.1,0.9333333333333333,0.06666666666666667,0.1,0.85,1,4926,14,9,0.1,0.002834008097165992,0.9953535353535353,7.485216100001708,23,100
0.003036437246963563,0.1,0.9375,0.0625,0.1,0.9,1,4925,15,9,0.1,0.003036437246963563,0.9951515151515151,7.485216100001708,23,100
0.12550607287449392,0.4,0.9935897435897436,0.00641025641025641,0.4,0.95,4,4320,620,6,0.4,0.12550607287449392,0.8735353535353535,7.485216100001708,23,100
0.9751012145748987,1.0,0.9979283198674125,0.0020716801325875284,1.0,1.0,10,123,4817,0,1.0,0.9751012145748987,0.026868686868686868,7.485216100001708,23,100
0.00020242914979757084,0.1,0.5,0.5,0.1,0.05,1,4939,1,9,0.1,0.00020242914979757084,0.997979797979798,7.367988899932243,24,100
0.00020242914979757084,0.1,0.5,0.5,0.1,0.1,1,4939,1,9,0.1,0.00020242914979757084,0.997979797979798,7.367988899932243,24,100
0.00020242914979757084,0.1,0.5,0.5,0.1,0.15,1,4939,1,9,0.1,0.00020242914979757084,0.997979797979798,7.367988899932243,24,100
0.00020242914979757084,0.1,0.5,0.5,0.1,0.2,1,4939,1,9,0.1,0.00020242914979757084,0.997979797979798,7.367988899932243,24,100
0.00020242914979757084,0.1,0.5,0.5,0.1,0.25,1,4939,1,9,0.1,0.00020242914979757084,0.997979797979798,7.367988899932243,24,100
0.00020242914979757084,0.1,0.5,0.5,0.1,0.3,1,4939,1,9,0.1,0.00020242914979757084,0.997979797979798,7.367988899932243,24,100
0.00020242914979757084,0.1,0.5,0.5,0.1,0.35,1,4939,1,9,0.1,0.00020242914979757084,0.997979797979798,7.367988899932243,24,100
0.0006072874493927126,0.1,0.75,0.25,0.1,0.4,1,4937,3,9,0.1,0.0006072874493927126,0.9975757575757576,7.367988899932243,24,100
0.0006072874493927126,0.1,0.75,0.25,0.1,0.45,1,4937,3,9,0.1,0.0006072874493927126,0.9975757575757576,7.367988899932243,24,100
0.0006072874493927126,0.1,0.75,0.25,0.1,0.5,1,4937,3,9,0.1,0.0006072874493927126,0.9975757575757576,7.367988899932243,24,100
0.0006072874493927126,0.1,0.75,0.25,0.1,0.55,1,4937,3,9,0.1,0.0006072874493927126,0.9975757575757576,7.367988899932243,24,100
0.0006072874493927126,0.1,0.75,0.25,0.1,0.6,1,4937,3,9,0.1,0.0006072874493927126,0.9975757575757576,7.367988899932243,24,100
0.0006072874493927126,0.1,0.75,0.25,0.1,0.65,1,4937,3,9,0.1,0.0006072874493927126,0.9975757575757576,7.367988899932243,24,100
0.002226720647773279,0.2,0.8461538461538461,0.15384615384615385,0.2,0.7,2,4929,11,8,0.2,0.002226720647773279,0.9961616161616161,7.367988899932243,24,100
0.002226720647773279,0.2,0.8461538461538461,0.15384615384615385,0.2,0.75,2,4929,11,8,0.2,0.002226720647773279,0.9961616161616161,7.367988899932243,24,100
0.019433198380566803,0.3,0.9696969696969697,0.030303030303030304,0.3,0.8,3,4844,96,7,0.3,0.019433198380566803,0.9791919191919192,7.367988899932243,24,100
0.020850202429149797,0.3,0.9716981132075472,0.02830188679245283,0.3,0.85,3,4837,103,7,0.3,0.020850202429149797,0.9777777777777777,7.367988899932243,24,100
0.07024291497975708,0.4,0.9886039886039886,0.011396011396011397,0.4,0.9,4,4593,347,6,0.4,0.07024291497975708,0.9286868686868687,7.367988899932243,24,100
0.11983805668016194,0.5,0.9916247906197655,0.008375209380234505,0.5,0.95,5,4348,592,5,0.5,0.11983805668016194,0.8793939393939394,7.367988899932243,24,100
0.9989878542510121,1.0,0.9979777553083923,0.0020222446916076846,1.0,1.0,10,5,4935,0,1.0,0.9989878542510121,0.0030303030303030303,7.367988899932243,24,100
0.0,0.1,0.0,1.0,0.1,0.05,1,4940,0,9,0.1,0.0,0.9981818181818182,7.310065600089729,25,100
0.0,0.1,0.0,1.0,0.1,0.1,1,4940,0,9,0.1,0.0,0.9981818181818182,7.310065600089729,25,100
0.0,0.1,0.0,1.0,0.1,0.15,1,4940,0,9,0.1,0.0,0.9981818181818182,7.310065600089729,25,100
0.0,0.1,0.0,1.0,0.1,0.2,1,4940,0,9,0.1,0.0,0.9981818181818182,7.310065600089729,25,100
0.0,0.1,0.0,1.0,0.1,0.25,1,4940,0,9,0.1,0.0,0.9981818181818182,7.310065600089729,25,100
0.0,0.1,0.0,1.0,0.1,0.3,1,4940,0,9,0.1,0.0,0.9981818181818182,7.310065600089729,25,100
0.0,0.1,0.0,1.0,0.1,0.35,1,4940,0,9,0.1,0.0,0.9981818181818182,7.310065600089729,25,100
0.0,0.1,0.0,1.0,0.1,0.4,1,4940,0,9,0.1,0.0,0.9981818181818182,7.310065600089729,25,100
0.0,0.1,0.0,1.0,0.1,0.45,1,4940,0,9,0.1,0.0,0.9981818181818182,7.310065600089729,25,100
0.0,0.1,0.0,1.0,0.1,0.5,1,4940,0,9,0.1,0.0,0.9981818181818182,7.310065600089729,25,100
0.0,0.1,0.0,1.0,0.1,0.55,1,4940,0,9,0.1,0.0,0.9981818181818182,7.310065600089729,25,100
0.0,0.2,0.0,1.0,0.2,0.6,2,4940,0,8,0.2,0.0,0.9983838383838384,7.310065600089729,25,100
0.00020242914979757084,0.3,0.25,0.75,0.3,0.65,3,4939,1,7,0.3,0.00020242914979757084,0.9983838383838384,7.310065600089729,25,100
0.00020242914979757084,0.3,0.25,0.75,0.3,0.7,3,4939,1,7,0.3,0.00020242914979757084,0.9983838383838384,7.310065600089729,25,100
0.0066801619433198385,0.4,0.8918918918918919,0.10810810810810811,0.4,0.75,4,4907,33,6,0.4,0.0066801619433198385,0.9921212121212121,7.310065600089729,25,100
0.03967611336032389,0.5,0.9751243781094527,0.024875621890547265,0.5,0.8,5,4744,196,5,0.5,0.03967611336032389,0.9593939393939394,7.310065600089729,25,100
0.06396761133603239,0.5,0.9844236760124611,0.01557632398753894,0.5,0.85,5,4624,316,5,0.5,0.06396761133603239,0.9351515151515152,7.310065600089729,25,100
0.13906882591093117,0.6,0.9913419913419913,0.008658008658008658,0.6,0.9,6,4253,687,4,0.6,0.13906882591093117,0.8604040404040404,7.310065600089729,25,100
0.5038461538461538,0.8,0.9967961553864637,0.0032038446135362435,0.8,0.95,8,2451,2489,2,0.8,0.5038461538461538,0.49676767676767675,7.310065600089729,25,100
0.9987854251012146,1.0,0.9979773462783171,0.0020226537216828477,1.0,1.0,10,6,4934,0,1.0,0.9987854251012146,0.0032323232323232323,7.310065600089729,25,100
0.0,0.1,0.0,1.0,0.1,0.05,1,4940,0,9,0.1,0.0,0.9981818181818182,7.151537199970335,26,100
0.0,0.1,0.0,1.0,0.1,0.1,1,4940,0,9,0.1,0.0,0.9981818181818182,7.151537199970335,26,100
0.0,0.1,0.0,1.0,0.1,0.15,1,4940,0,9,0.1,0.0,0.9981818181818182,7.151537199970335,26,100
0.0006072874493927126,0.2,0.6,0.4,0.2,0.2,2,4937,3,8,0.2,0.0006072874493927126,0.9977777777777778,7.151537199970335,26,100
0.0008097165991902834,0.2,0.6666666666666666,0.3333333333333333,0.2,0.25,2,4936,4,8,0.2,0.0008097165991902834,0.9975757575757576,7.151537199970335,26,100
0.0008097165991902834,0.2,0.6666666666666666,0.3333333333333333,0.2,0.3,2,4936,4,8,0.2,0.0008097165991902834,0.9975757575757576,7.151537199970335,26,100
0.0008097165991902834,0.2,0.6666666666666666,0.3333333333333333,0.2,0.35,2,4936,4,8,0.2,0.0008097165991902834,0.9975757575757576,7.151537199970335,26,100
0.0008097165991902834,0.2,0.6666666666666666,0.3333333333333333,0.2,0.4,2,4936,4,8,0.2,0.0008097165991902834,0.9975757575757576,7.151537199970335,26,100
0.0008097165991902834,0.2,0.6666666666666666,0.3333333333333333,0.2,0.45,2,4936,4,8,0.2,0.0008097165991902834,0.9975757575757576,7.151537199970335,26,100
0.0016194331983805667,0.2,0.8,0.2,0.2,0.5,2,4932,8,8,0.2,0.0016194331983805667,0.9967676767676767,7.151537199970335,26,100
0.0016194331983805667,0.2,0.8,0.2,0.2,0.55,2,4932,8,8,0.2,0.0016194331983805667,0.9967676767676767,7.151537199970335,26,100
0.0016194331983805667,0.2,0.8,0.2,0.2,0.6,2,4932,8,8,0.2,0.0016194331983805667,0.9967676767676767,7.151537199970335,26,100
0.0020242914979757085,0.2,0.8333333333333334,0.16666666666666666,0.2,0.65,2,4930,10,8,0.2,0.0020242914979757085,0.9963636363636363,7.151537199970335,26,100
0.002631578947368421,0.2,0.8666666666666667,0.13333333333333333,0.2,0.7,2,4927,13,8,0.2,0.002631578947368421,0.9957575757575757,7.151537199970335,26,100
0.002631578947368421,0.2,0.8666666666666667,0.13333333333333333,0.2,0.75,2,4927,13,8,0.2,0.002631578947368421,0.9957575757575757,7.151537199970335,26,100
0.008299595141700405,0.4,0.9111111111111111,0.08888888888888889,0.4,0.8,4,4899,41,6,0.4,0.008299595141700405,0.9905050505050506,7.151537199970335,26,100
0.010931174089068825,0.4,0.9310344827586207,0.06896551724137931,0.4,0.85,4,4886,54,6,0.4,0.010931174089068825,0.9878787878787879,7.151537199970335,26,100
0.041093117408906886,0.8,0.9620853080568721,0.037914691943127965,0.8,0.9,8,4737,203,2,0.8,0.041093117408906886,0.9585858585858585,7.151537199970335,26,100
0.06842105263157895,0.9,0.9740634005763689,0.025936599423631124,0.9,0.95,9,4602,338,1,0.9,0.06842105263157895,0.9315151515151515,7.151537199970335,26,100
0.9995951417004049,1.0,0.997978981406629,0.002021018593371059,1.0,1.0,10,2,4938,0,1.0,0.9995951417004049,0.0024242424242424242,7.151537199970335,26,100
0.0,0.0,0.0,,0.0,0.05,0,4940,0,10,0.0,0.0,0.997979797979798,6.488420300069265,27,100
0.0,0.2,0.0,1.0,0.2,0.1,2,4940,0,8,0.2,0.0,0.9983838383838384,6.488420300069265,27,100
0.0,0.2,0.0,1.0,0.2,0.15,2,4940,0,8,0.2,0.0,0.9983838383838384,6.488420300069265,27,100
0.0,0.2,0.0,1.0,0.2,0.2,2,4940,0,8,0.2,0.0,0.9983838383838384,6.488420300069265,27,100
0.00020242914979757084,0.2,0.3333333333333333,0.6666666666666666,0.2,0.25,2,4939,1,8,0.2,0.00020242914979757084,0.9981818181818182,6.488420300069265,27,100
0.0006072874493927126,0.3,0.5,0.5,0.3,0.3,3,4937,3,7,0.3,0.0006072874493927126,0.997979797979798,6.488420300069265,27,100
0.0010121457489878543,0.3,0.625,0.375,0.3,0.35,3,4935,5,7,0.3,0.0010121457489878543,0.9975757575757576,6.488420300069265,27,100
0.002226720647773279,0.4,0.7333333333333333,0.26666666666666666,0.4,0.4,4,4929,11,6,0.4,0.002226720647773279,0.9965656565656565,6.488420300069265,27,100
0.0038461538461538464,0.4,0.8260869565217391,0.17391304347826086,0.4,0.45,4,4921,19,6,0.4,0.0038461538461538464,0.9949494949494949,6.488420300069265,27,100
0.004048582995951417,0.4,0.8333333333333334,0.16666666666666666,0.4,0.5,4,4920,20,6,0.4,0.004048582995951417,0.9947474747474747,6.488420300069265,27,100
0.004048582995951417,0.4,0.8333333333333334,0.16666666666666666,0.4,0.55,4,4920,20,6,0.4,0.004048582995951417,0.9947474747474747,6.488420300069265,27,100
0.004858299595141701,0.5,0.8275862068965517,0.1724137931034483,0.5,0.6,5,4916,24,5,0.5,0.004858299595141701,0.9941414141414141,6.488420300069265,27,100
0.005465587044534413,0.5,0.84375,0.15625,0.5,0.65,5,4913,27,5,0.5,0.005465587044534413,0.9935353535353535,6.488420300069265,27,100
0.0066801619433198385,0.5,0.868421052631579,0.13157894736842105,0.5,0.7,5,4907,33,5,0.5,0.0066801619433198385,0.9923232323232323,6.488420300069265,27,100
0.010931174089068825,0.5,0.9152542372881356,0.0847457627118644,0.5,0.75,5,4886,54,5,0.5,0.010931174089068825,0.9880808080808081,6.488420300069265,27,100
0.011538461538461539,0.5,0.9193548387096774,0.08064516129032258,0.5,0.8,5,4883,57,5,0.5,0.011538461538461539,0.9874747474747475,6.488420300069265,27,100
0.012753036437246963,0.5,0.9264705882352942,0.07352941176470588,0.5,0.85,5,4877,63,5,0.5,0.012753036437246963,0.9862626262626263,6.488420300069265,27,100
0.08299595141700405,0.8,0.9808612440191388,0.019138755980861243,0.8,0.9,8,4530,410,2,0.8,0.08299595141700405,0.9167676767676768,6.488420300069265,27,100
0.1672064777327935,0.8,0.9904076738609112,0.009592326139088728,0.8,0.95,8,4114,826,2,0.8,0.1672064777327935,0.8327272727272728,6.488420300069265,27,100
0.9987854251012146,1.0,0.9979773462783171,0.0020226537216828477,1.0,1.0,10,6,4934,0,1.0,0.9987854251012146,0.0032323232323232323,6.488420300069265,27,100
0.0,0.0,0.0,,0.0,0.05,0,4940,0,10,0.0,0.0,0.997979797979798,7.196868299972266,28,100
0.0,0.0,0.0,,0.0,0.1,0,4940,0,10,0.0,0.0,0.997979797979798,7.196868299972266,28,100
0.00020242914979757084,0.0,1.0,0.0,0.0,0.15,0,4939,1,10,0.0,0.00020242914979757084,0.9977777777777778,7.196868299972266,28,100
0.00020242914979757084,0.0,1.0,0.0,0.0,0.2,0,4939,1,10,0.0,0.00020242914979757084,0.9977777777777778,7.196868299972266,28,100
0.00020242914979757084,0.0,1.0,0.0,0.0,0.25,0,4939,1,10,0.0,0.00020242914979757084,0.9977777777777778,7.196868299972266,28,100
0.00020242914979757084,0.0,1.0,0.0,0.0,0.3,0,4939,1,10,0.0,0.00020242914979757084,0.9977777777777778,7.196868299972266,28,100
0.0004048582995951417,0.0,1.0,0.0,0.0,0.35,0,4938,2,10,0.0,0.0004048582995951417,0.9975757575757576,7.196868299972266,28,100
0.001417004048582996,0.0,1.0,0.0,0.0,0.4,0,4933,7,10,0.0,0.001417004048582996,0.9965656565656565,7.196868299972266,28,100
0.0018218623481781376,0.0,1.0,0.0,0.0,0.45,0,4931,9,10,0.0,0.0018218623481781376,0.9961616161616161,7.196868299972266,28,100
0.002226720647773279,0.0,1.0,0.0,0.0,0.5,0,4929,11,10,0.0,0.002226720647773279,0.9957575757575757,7.196868299972266,28,100
0.002226720647773279,0.0,1.0,0.0,0.0,0.55,0,4929,11,10,0.0,0.002226720647773279,0.9957575757575757,7.196868299972266,28,100
0.002226720647773279,0.0,1.0,0.0,0.0,0.6,0,4929,11,10,0.0,0.002226720647773279,0.9957575757575757,7.196868299972266,28,100
0.0034412955465587046,0.0,1.0,0.0,0.0,0.65,0,4923,17,10,0.0,0.0034412955465587046,0.9945454545454545,7.196868299972266,28,100
0.004048582995951417,0.0,1.0,0.0,0.0,0.7,0,4920,20,10,0.0,0.004048582995951417,0.9939393939393939,7.196868299972266,28,100
0.004048582995951417,0.0,1.0,0.0,0.0,0.75,0,4920,20,10,0.0,0.004048582995951417,0.9939393939393939,7.196868299972266,28,100
0.006072874493927126,0.0,1.0,0.0,0.0,0.8,0,4910,30,10,0.0,0.006072874493927126,0.9919191919191919,7.196868299972266,28,100
0.01174089068825911,0.2,0.9666666666666667,0.03333333333333333,0.2,0.85,2,4882,58,8,0.2,0.01174089068825911,0.9866666666666667,7.196868299972266,28,100
0.018016194331983804,0.2,0.978021978021978,0.02197802197802198,0.2,0.9,2,4851,89,8,0.2,0.018016194331983804,0.9804040404040404,7.196868299972266,28,100
0.01862348178137652,0.2,0.9787234042553191,0.02127659574468085,0.2,0.95,2,4848,92,8,0.2,0.01862348178137652,0.9797979797979798,7.196868299972266,28,100
0.38704453441295544,0.7,0.9963522668056279,0.0036477331943720686,0.7,1.0,7,3028,1912,3,0.7,0.38704453441295544,0.6131313131313131,7.196868299972266,28,100
0.00020242914979757084,0.2,0.3333333333333333,0.6666666666666666,0.2,0.05,2,4939,1,8,0.2,0.00020242914979757084,0.9981818181818182,7.52551909990143,29,100
0.00020242914979757084,0.2,0.3333333333333333,0.6666666666666666,0.2,0.1,2,4939,1,8,0.2,0.00020242914979757084,0.9981818181818182,7.52551909990143,29,100
0.0004048582995951417,0.2,0.5,0.5,0.2,0.15,2,4938,2,8,0.2,0.0004048582995951417,0.997979797979798,7.52551909990143,29,100
0.0004048582995951417,0.3,0.4,0.6,0.3,0.2,3,4938,2,7,0.3,0.0004048582995951417,0.9981818181818182,7.52551909990143,29,100
0.0004048582995951417,0.3,0.4,0.6,0.3,0.25,3,4938,2,7,0.3,0.0004048582995951417,0.9981818181818182,7.52551909990143,29,100
0.0004048582995951417,0.3,0.4,0.6,0.3,0.3,3,4938,2,7,0.3,0.0004048582995951417,0.9981818181818182,7.52551909990143,29,100
0.0004048582995951417,0.3,0.4,0.6,0.3,0.35,3,4938,2,7,0.3,0.0004048582995951417,0.9981818181818182,7.52551909990143,29,100
0.0006072874493927126,0.3,0.5,0.5,0.3,0.4,3,4937,3,7,0.3,0.0006072874493927126,0.997979797979798,7.52551909990143,29,100
0.0006072874493927126,0.3,0.5,0.5,0.3,0.45,3,4937,3,7,0.3,0.0006072874493927126,0.997979797979798,7.52551909990143,29,100
0.0006072874493927126,0.3,0.5,0.5,0.3,0.5,3,4937,3,7,0.3,0.0006072874493927126,0.997979797979798,7.52551909990143,29,100
0.0008097165991902834,0.3,0.5714285714285714,0.42857142857142855,0.3,0.55,3,4936,4,7,0.3,0.0008097165991902834,0.9977777777777778,7.52551909990143,29,100
0.0008097165991902834,0.3,0.5714285714285714,0.42857142857142855,0.3,0.6,3,4936,4,7,0.3,0.0008097165991902834,0.9977777777777778,7.52551909990143,29,100
0.0008097165991902834,0.3,0.5714285714285714,0.42857142857142855,0.3,0.65,3,4936,4,7,0.3,0.0008097165991902834,0.9977777777777778,7.52551909990143,29,100
0.0008097165991902834,0.3,0.5714285714285714,0.42857142857142855,0.3,0.7,3,4936,4,7,0.3,0.0008097165991902834,0.9977777777777778,7.52551909990143,29,100
0.0010121457489878543,0.3,0.625,0.375,0.3,0.75,3,4935,5,7,0.3,0.0010121457489878543,0.9975757575757576,7.52551909990143,29,100
0.0010121457489878543,0.3,0.625,0.375,0.3,0.8,3,4935,5,7,0.3,0.0010121457489878543,0.9975757575757576,7.52551909990143,29,100
0.0018218623481781376,0.4,0.6923076923076923,0.3076923076923077,0.4,0.85,4,4931,9,6,0.4,0.0018218623481781376,0.996969696969697,7.52551909990143,29,100
0.002834008097165992,0.4,0.7777777777777778,0.2222222222222222,0.4,0.9,4,4926,14,6,0.4,0.002834008097165992,0.9959595959595959,7.52551909990143,29,100
0.1382591093117409,0.8,0.9884225759768451,0.011577424023154847,0.8,0.95,8,4257,683,2,0.8,0.1382591093117409,0.8616161616161616,7.52551909990143,29,100
0.998582995951417,1.0,0.9979769370827433,0.0020230629172567267,1.0,1.0,10,7,4933,0,1.0,0.998582995951417,0.0034343434343434343,7.52551909990143,29,100
0.0,0.1,0.0,1.0,0.1,0.05,1,4940,0,9,0.1,0.0,0.9981818181818182,7.353214900009334,30,100
0.0,0.1,0.0,1.0,0.1,0.1,1,4940,0,9,0.1,0.0,0.9981818181818182,7.353214900009334,30,100
0.0,0.1,0.0,1.0,0.1,0.15,1,4940,0,9,0.1,0.0,0.9981818181818182,7.353214900009334,30,100
0.0008097165991902834,0.1,0.8,0.2,0.1,0.2,1,4936,4,9,0.1,0.0008097165991902834,0.9973737373737374,7.353214900009334,30,100
0.0008097165991902834,0.1,0.8,0.2,0.1,0.25,1,4936,4,9,0.1,0.0008097165991902834,0.9973737373737374,7.353214900009334,30,100
0.0008097165991902834,0.1,0.8,0.2,0.1,0.3,1,4936,4,9,0.1,0.0008097165991902834,0.9973737373737374,7.353214900009334,30,100
0.0020242914979757085,0.2,0.8333333333333334,0.16666666666666666,0.2,0.35,2,4930,10,8,0.2,0.0020242914979757085,0.9963636363636363,7.353214900009334,30,100
0.002226720647773279,0.2,0.8461538461538461,0.15384615384615385,0.2,0.4,2,4929,11,8,0.2,0.002226720647773279,0.9961616161616161,7.353214900009334,30,100
0.003036437246963563,0.2,0.8823529411764706,0.11764705882352941,0.2,0.45,2,4925,15,8,0.2,0.003036437246963563,0.9953535353535353,7.353214900009334,30,100
0.0034412955465587046,0.3,0.85,0.15,0.3,0.5,3,4923,17,7,0.3,0.0034412955465587046,0.9951515151515151,7.353214900009334,30,100
0.004251012145748988,0.3,0.875,0.125,0.3,0.55,3,4919,21,7,0.3,0.004251012145748988,0.9943434343434343,7.353214900009334,30,100
0.006275303643724696,0.4,0.8857142857142857,0.11428571428571428,0.4,0.6,4,4909,31,6,0.4,0.006275303643724696,0.9925252525252525,7.353214900009334,30,100
0.008704453441295546,0.4,0.9148936170212766,0.0851063829787234,0.4,0.65,4,4897,43,6,0.4,0.008704453441295546,0.9901010101010101,7.353214900009334,30,100
0.009109311740890687,0.4,0.9183673469387755,0.08163265306122448,0.4,0.7,4,4895,45,6,0.4,0.009109311740890687,0.9896969696969697,7.353214900009334,30,100
0.013157894736842105,0.4,0.9420289855072463,0.057971014492753624,0.4,0.75,4,4875,65,6,0.4,0.013157894736842105,0.9856565656565657,7.353214900009334,30,100
0.01720647773279352,0.4,0.9550561797752809,0.0449438202247191,0.4,0.8,4,4855,85,6,0.4,0.01720647773279352,0.9816161616161616,7.353214900009334,30,100
0.018218623481781375,0.4,0.9574468085106383,0.0425531914893617,0.4,0.85,4,4850,90,6,0.4,0.018218623481781375,0.9806060606060606,7.353214900009334,30,100
0.01862348178137652,0.4,0.9583333333333334,0.041666666666666664,0.4,0.9,4,4848,92,6,0.4,0.01862348178137652,0.9802020202020202,7.353214900009334,30,100
0.020647773279352227,0.4,0.9622641509433962,0.03773584905660377,0.4,0.95,4,4838,102,6,0.4,0.020647773279352227,0.9781818181818182,7.353214900009334,30,100
0.9987854251012146,1.0,0.9979773462783171,0.0020226537216828477,1.0,1.0,10,6,4934,0,1.0,0.9987854251012146,0.0032323232323232323,7.353214900009334,30,100
0.0,0.0,0.0,,0.0,0.05,0,4940,0,10,0.0,0.0,0.997979797979798,6.134416999993846,31,100
0.0,0.0,0.0,,0.0,0.1,0,4940,0,10,0.0,0.0,0.997979797979798,6.134416999993846,31,100
0.0,0.0,0.0,,0.0,0.15,0,4940,0,10,0.0,0.0,0.997979797979798,6.134416999993846,31,100
0.0,0.0,0.0,,0.0,0.2,0,4940,0,10,0.0,0.0,0.997979797979798,6.134416999993846,31,100
0.0,0.0,0.0,,0.0,0.25,0,4940,0,10,0.0,0.0,0.997979797979798,6.134416999993846,31,100
0.0,0.0,0.0,,0.0,0.3,0,4940,0,10,0.0,0.0,0.997979797979798,6.134416999993846,31,100
0.0,0.0,0.0,,0.0,0.35,0,4940,0,10,0.0,0.0,0.997979797979798,6.134416999993846,31,100
0.00020242914979757084,0.0,1.0,0.0,0.0,0.4,0,4939,1,10,0.0,0.00020242914979757084,0.9977777777777778,6.134416999993846,31,100
0.00020242914979757084,0.0,1.0,0.0,0.0,0.45,0,4939,1,10,0.0,0.00020242914979757084,0.9977777777777778,6.134416999993846,31,100
0.00020242914979757084,0.0,1.0,0.0,0.0,0.5,0,4939,1,10,0.0,0.00020242914979757084,0.9977777777777778,6.134416999993846,31,100
0.00020242914979757084,0.0,1.0,0.0,0.0,0.55,0,4939,1,10,0.0,0.00020242914979757084,0.9977777777777778,6.134416999993846,31,100
0.0012145748987854252,0.3,0.6666666666666666,0.3333333333333333,0.3,0.6,3,4934,6,7,0.3,0.0012145748987854252,0.9973737373737374,6.134416999993846,31,100
0.0012145748987854252,0.3,0.6666666666666666,0.3333333333333333,0.3,0.65,3,4934,6,7,0.3,0.0012145748987854252,0.9973737373737374,6.134416999993846,31,100
0.0012145748987854252,0.3,0.6666666666666666,0.3333333333333333,0.3,0.7,3,4934,6,7,0.3,0.0012145748987854252,0.9973737373737374,6.134416999993846,31,100
0.0016194331983805667,0.3,0.7272727272727273,0.2727272727272727,0.3,0.75,3,4932,8,7,0.3,0.0016194331983805667,0.996969696969697,6.134416999993846,31,100
0.012753036437246963,0.3,0.9545454545454546,0.045454545454545456,0.3,0.8,3,4877,63,7,0.3,0.012753036437246963,0.9858585858585859,6.134416999993846,31,100
0.015587044534412956,0.3,0.9625,0.0375,0.3,0.85,3,4863,77,7,0.3,0.015587044534412956,0.983030303030303,6.134416999993846,31,100
0.02854251012145749,0.3,0.9791666666666666,0.020833333333333332,0.3,0.9,3,4799,141,7,0.3,0.02854251012145749,0.9701010101010101,6.134416999993846,31,100
0.04311740890688259,0.3,0.9861111111111112,0.013888888888888888,0.3,0.95,3,4727,213,7,0.3,0.04311740890688259,0.9555555555555556,6.134416999993846,31,100
0.9811740890688259,1.0,0.997941115915174,0.0020588840848260242,1.0,1.0,10,93,4847,0,1.0,0.9811740890688259,0.020808080808080807,6.134416999993846,31,100
0.0,0.0,0.0,,0.0,0.05,0,4940,0,10,0.0,0.0,0.997979797979798,5.96675620006863,32,100
0.0,0.0,0.0,,0.0,0.1,0,4940,0,10,0.0,0.0,0.997979797979798,5.96675620006863,32,100
0.0,0.3,0.0,1.0,0.3,0.15,3,4940,0,7,0.3,0.0,0.9985858585858586,5.96675620006863,32,100
0.0,0.3,0.0,1.0,0.3,0.2,3,4940,0,7,0.3,0.0,0.9985858585858586,5.96675620006863,32,100
0.0,0.3,0.0,1.0,0.3,0.25,3,4940,0,7,0.3,0.0,0.9985858585858586,5.96675620006863,32,100
0.0,0.3,0.0,1.0,0.3,0.3,3,4940,0,7,0.3,0.0,0.9985858585858586,5.96675620006863,32,100
0.0,0.3,0.0,1.0,0.3,0.35,3,4940,0,7,0.3,0.0,0.9985858585858586,5.96675620006863,32,100
0.0,0.3,0.0,1.0,0.3,0.4,3,4940,0,7,0.3,0.0,0.9985858585858586,5.96675620006863,32,100
0.0,0.3,0.0,1.0,0.3,0.45,3,4940,0,7,0.3,0.0,0.9985858585858586,5.96675620006863,32,100
0.00020242914979757084,0.3,0.25,0.75,0.3,0.5,3,4939,1,7,0.3,0.00020242914979757084,0.9983838383838384,5.96675620006863,32,100
0.00020242914979757084,0.3,0.25,0.75,0.3,0.55,3,4939,1,7,0.3,0.00020242914979757084,0.9983838383838384,5.96675620006863,32,100
0.0016194331983805667,0.3,0.7272727272727273,0.2727272727272727,0.3,0.6,3,4932,8,7,0.3,0.0016194331983805667,0.996969696969697,5.96675620006863,32,100
0.0018218623481781376,0.3,0.75,0.25,0.3,0.65,3,4931,9,7,0.3,0.0018218623481781376,0.9967676767676767,5.96675620006863,32,100
0.002631578947368421,0.3,0.8125,0.1875,0.3,0.7,3,4927,13,7,0.3,0.002631578947368421,0.9959595959595959,5.96675620006863,32,100
0.0066801619433198385,0.3,0.9166666666666666,0.08333333333333333,0.3,0.75,3,4907,33,7,0.3,0.0066801619433198385,0.9919191919191919,5.96675620006863,32,100
0.006882591093117409,0.3,0.918918918918919,0.08108108108108109,0.3,0.8,3,4906,34,7,0.3,0.006882591093117409,0.9917171717171717,5.96675620006863,32,100
0.014979757085020242,0.3,0.961038961038961,0.03896103896103896,0.3,0.85,3,4866,74,7,0.3,0.014979757085020242,0.9836363636363636,5.96675620006863,32,100
0.09352226720647773,0.5,0.9892933618843683,0.010706638115631691,0.5,0.9,5,4478,462,5,0.5,0.09352226720647773,0.9056565656565656,5.96675620006863,32,100
0.28866396761133606,0.7,0.9951151430565248,0.004884856943475227,0.7,0.95,7,3514,1426,3,0.7,0.28866396761133606,0.7113131313131313,5.96675620006863,32,100
0.9987854251012146,1.0,0.9979773462783171,0.0020226537216828477,1.0,1.0,10,6,4934,0,1.0,0.9987854251012146,0.0032323232323232323,5.96675620006863,32,100
0.0,0.0,0.0,,0.0,0.05,0,4940,0,10,0.0,0.0,0.997979797979798,5.9083812000462785,33,100
0.0,0.0,0.0,,0.0,0.1,0,4940,0,10,0.0,0.0,0.997979797979798,5.9083812000462785,33,100
0.0,0.0,0.0,,0.0,0.15,0,4940,0,10,0.0,0.0,0.997979797979798,5.9083812000462785,33,100
0.0,0.0,0.0,,0.0,0.2,0,4940,0,10,0.0,0.0,0.997979797979798,5.9083812000462785,33,100
0.0,0.0,0.0,,0.0,0.25,0,4940,0,10,0.0,0.0,0.997979797979798,5.9083812000462785,33,100
0.0,0.0,0.0,,0.0,0.3,0,4940,0,10,0.0,0.0,0.997979797979798,5.9083812000462785,33,100
0.0,0.0,0.0,,0.0,0.35,0,4940,0,10,0.0,0.0,0.997979797979798,5.9083812000462785,33,100
0.0,0.0,0.0,,0.0,0.4,0,4940,0,10,0.0,0.0,0.997979797979798,5.9083812000462785,33,100
0.0018218623481781376,0.0,1.0,0.0,0.0,0.45,0,4931,9,10,0.0,0.0018218623481781376,0.9961616161616161,5.9083812000462785,33,100
0.0018218623481781376,0.0,1.0,0.0,0.0,0.5,0,4931,9,10,0.0,0.0018218623481781376,0.9961616161616161,5.9083812000462785,33,100
0.0018218623481781376,0.0,1.0,0.0,0.0,0.55,0,4931,9,10,0.0,0.0018218623481781376,0.9961616161616161,5.9083812000462785,33,100
0.0020242914979757085,0.0,1.0,0.0,0.0,0.6,0,4930,10,10,0.0,0.0020242914979757085,0.9959595959595959,5.9083812000462785,33,100
0.002226720647773279,0.0,1.0,0.0,0.0,0.65,0,4929,11,10,0.0,0.002226720647773279,0.9957575757575757,5.9083812000462785,33,100
0.002226720647773279,0.0,1.0,0.0,0.0,0.7,0,4929,11,10,0.0,0.002226720647773279,0.9957575757575757,5.9083812000462785,33,100
0.002226720647773279,0.0,1.0,0.0,0.0,0.75,0,4929,11,10,0.0,0.002226720647773279,0.9957575757575757,5.9083812000462785,33,100
0.002226720647773279,0.0,1.0,0.0,0.0,0.8,0,4929,11,10,0.0,0.002226720647773279,0.9957575757575757,5.9083812000462785,33,100
0.02834008097165992,0.0,1.0,0.0,0.0,0.85,0,4800,140,10,0.0,0.02834008097165992,0.9696969696969697,5.9083812000462785,33,100
0.05121457489878543,0.0,1.0,0.0,0.0,0.9,0,4687,253,10,0.0,0.05121457489878543,0.9468686868686869,5.9083812000462785,33,100
0.1020242914979757,0.1,0.998019801980198,0.0019801980198019802,0.1,0.95,1,4436,504,9,0.1,0.1020242914979757,0.8963636363636364,5.9083812000462785,33,100
0.9983805668016195,1.0,0.9979765277215702,0.0020234722784297854,1.0,1.0,10,8,4932,0,1.0,0.9983805668016195,0.0036363636363636364,5.9083812000462785,33,100
0.0,0.1,0.0,1.0,0.1,0.05,1,4940,0,9,0.1,0.0,0.9981818181818182,5.931806800072081,34,100
0.0,0.1,0.0,1.0,0.1,0.1,1,4940,0,9,0.1,0.0,0.9981818181818182,5.931806800072081,34,100
0.0,0.1,0.0,1.0,0.1,0.15,1,4940,0,9,0.1,0.0,0.9981818181818182,5.931806800072081,34,100
0.0,0.1,0.0,1.0,0.1,0.2,1,4940,0,9,0.1,0.0,0.9981818181818182,5.931806800072081,34,100
0.0,0.1,0.0,1.0,0.1,0.25,1,4940,0,9,0.1,0.0,0.9981818181818182,5.931806800072081,34,100
0.00020242914979757084,0.1,0.5,0.5,0.1,0.3,1,4939,1,9,0.1,0.00020242914979757084,0.997979797979798,5.931806800072081,34,100
0.0006072874493927126,0.1,0.75,0.25,0.1,0.35,1,4937,3,9,0.1,0.0006072874493927126,0.9975757575757576,5.931806800072081,34,100
0.0006072874493927126,0.1,0.75,0.25,0.1,0.4,1,4937,3,9,0.1,0.0006072874493927126,0.9975757575757576,5.931806800072081,34,100
0.0006072874493927126,0.1,0.75,0.25,0.1,0.45,1,4937,3,9,0.1,0.0006072874493927126,0.9975757575757576,5.931806800072081,34,100
0.0008097165991902834,0.1,0.8,0.2,0.1,0.5,1,4936,4,9,0.1,0.0008097165991902834,0.9973737373737374,5.931806800072081,34,100
0.001417004048582996,0.1,0.875,0.125,0.1,0.55,1,4933,7,9,0.1,0.001417004048582996,0.9967676767676767,5.931806800072081,34,100
0.001417004048582996,0.1,0.875,0.125,0.1,0.6,1,4933,7,9,0.1,0.001417004048582996,0.9967676767676767,5.931806800072081,34,100
0.001417004048582996,0.1,0.875,0.125,0.1,0.65,1,4933,7,9,0.1,0.001417004048582996,0.9967676767676767,5.931806800072081,34,100
0.001417004048582996,0.1,0.875,0.125,0.1,0.7,1,4933,7,9,0.1,0.001417004048582996,0.9967676767676767,5.931806800072081,34,100
0.001417004048582996,0.1,0.875,0.125,0.1,0.75,1,4933,7,9,0.1,0.001417004048582996,0.9967676767676767,5.931806800072081,34,100
0.001417004048582996,0.1,0.875,0.125,0.1,0.8,1,4933,7,9,0.1,0.001417004048582996,0.9967676767676767,5.931806800072081,34,100
0.04129554655870445,0.4,0.9807692307692307,0.019230769230769232,0.4,0.85,4,4736,204,6,0.4,0.04129554655870445,0.9575757575757575,5.931806800072081,34,100
0.06295546558704454,0.6,0.9810725552050473,0.01892744479495268,0.6,0.9,6,4629,311,4,0.6,0.06295546558704454,0.9363636363636364,5.931806800072081,34,100
0.2340080971659919,0.7,0.9939810834049871,0.0060189165950128975,0.7,0.95,7,3784,1156,3,0.7,0.2340080971659919,0.7658585858585859,5.931806800072081,34,100
0.9973684210526316,1.0,0.9979744784281953,0.0020255215718047396,1.0,1.0,10,13,4927,0,1.0,0.9973684210526316,0.004646464646464647,5.931806800072081,34,100
0.0,0.1,0.0,1.0,0.1,0.05,1,4940,0,9,0.1,0.0,0.9981818181818182,5.990387300029397,35,100
0.0006072874493927126,0.1,0.75,0.25,0.1,0.1,1,4937,3,9,0.1,0.0006072874493927126,0.9975757575757576,5.990387300029397,35,100
0.0006072874493927126,0.1,0.75,0.25,0.1,0.15,1,4937,3,9,0.1,0.0006072874493927126,0.9975757575757576,5.990387300029397,35,100
0.0006072874493927126,0.1,0.75,0.25,0.1,0.2,1,4937,3,9,0.1,0.0006072874493927126,0.9975757575757576,5.990387300029397,35,100
0.0006072874493927126,0.1,0.75,0.25,0.1,0.25,1,4937,3,9,0.1,0.0006072874493927126,0.9975757575757576,5.990387300029397,35,100
0.0006072874493927126,0.1,0.75,0.25,0.1,0.3,1,4937,3,9,0.1,0.0006072874493927126,0.9975757575757576,5.990387300029397,35,100
0.0006072874493927126,0.1,0.75,0.25,0.1,0.35,1,4937,3,9,0.1,0.0006072874493927126,0.9975757575757576,5.990387300029397,35,100
0.0006072874493927126,0.1,0.75,0.25,0.1,0.4,1,4937,3,9,0.1,0.0006072874493927126,0.9975757575757576,5.990387300029397,35,100
0.0006072874493927126,0.1,0.75,0.25,0.1,0.45,1,4937,3,9,0.1,0.0006072874493927126,0.9975757575757576,5.990387300029397,35,100
0.0006072874493927126,0.1,0.75,0.25,0.1,0.5,1,4937,3,9,0.1,0.0006072874493927126,0.9975757575757576,5.990387300029397,35,100
0.0006072874493927126,0.1,0.75,0.25,0.1,0.55,1,4937,3,9,0.1,0.0006072874493927126,0.9975757575757576,5.990387300029397,35,100
0.0006072874493927126,0.1,0.75,0.25,0.1,0.6,1,4937,3,9,0.1,0.0006072874493927126,0.9975757575757576,5.990387300029397,35,100
0.0008097165991902834,0.1,0.8,0.2,0.1,0.65,1,4936,4,9,0.1,0.0008097165991902834,0.9973737373737374,5.990387300029397,35,100
0.0008097165991902834,0.1,0.8,0.2,0.1,0.7,1,4936,4,9,0.1,0.0008097165991902834,0.9973737373737374,5.990387300029397,35,100
0.0010121457489878543,0.1,0.8333333333333334,0.16666666666666666,0.1,0.75,1,4935,5,9,0.1,0.0010121457489878543,0.9971717171717172,5.990387300029397,35,100
0.0010121457489878543,0.1,0.8333333333333334,0.16666666666666666,0.1,0.8,1,4935,5,9,0.1,0.0010121457489878543,0.9971717171717172,5.990387300029397,35,100
0.0010121457489878543,0.1,0.8333333333333334,0.16666666666666666,0.1,0.85,1,4935,5,9,0.1,0.0010121457489878543,0.9971717171717172,5.990387300029397,35,100
0.0010121457489878543,0.1,0.8333333333333334,0.16666666666666666,0.1,0.9,1,4935,5,9,0.1,0.0010121457489878543,0.9971717171717172,5.990387300029397,35,100
0.2291497975708502,0.9,0.9921121822962313,0.007887817703768623,0.9,0.95,9,3808,1132,1,0.9,0.2291497975708502,0.7711111111111111,5.990387300029397,35,100
0.9989878542510121,1.0,0.9979777553083923,0.0020222446916076846,1.0,1.0,10,5,4935,0,1.0,0.9989878542510121,0.0030303030303030303,5.990387300029397,35,100
0.0,0.1,0.0,1.0,0.1,0.05,1,4940,0,9,0.1,0.0,0.9981818181818182,5.927268699975684,36,100
0.0,0.1,0.0,1.0,0.1,0.1,1,4940,0,9,0.1,0.0,0.9981818181818182,5.927268699975684,36,100
0.0,0.1,0.0,1.0,0.1,0.15,1,4940,0,9,0.1,0.0,0.9981818181818182,5.927268699975684,36,100
0.0,0.1,0.0,1.0,0.1,0.2,1,4940,0,9,0.1,0.0,0.9981818181818182,5.927268699975684,36,100
0.0,0.1,0.0,1.0,0.1,0.25,1,4940,0,9,0.1,0.0,0.9981818181818182,5.927268699975684,36,100
0.0004048582995951417,0.1,0.6666666666666666,0.3333333333333333,0.1,0.3,1,4938,2,9,0.1,0.0004048582995951417,0.9977777777777778,5.927268699975684,36,100
0.0004048582995951417,0.1,0.6666666666666666,0.3333333333333333,0.1,0.35,1,4938,2,9,0.1,0.0004048582995951417,0.9977777777777778,5.927268699975684,36,100
0.0004048582995951417,0.1,0.6666666666666666,0.3333333333333333,0.1,0.4,1,4938,2,9,0.1,0.0004048582995951417,0.9977777777777778,5.927268699975684,36,100
0.0006072874493927126,0.1,0.75,0.25,0.1,0.45,1,4937,3,9,0.1,0.0006072874493927126,0.9975757575757576,5.927268699975684,36,100
0.0006072874493927126,0.1,0.75,0.25,0.1,0.5,1,4937,3,9,0.1,0.0006072874493927126,0.9975757575757576,5.927268699975684,36,100
0.0006072874493927126,0.1,0.75,0.25,0.1,0.55,1,4937,3,9,0.1,0.0006072874493927126,0.9975757575757576,5.927268699975684,36,100
0.0006072874493927126,0.1,0.75,0.25,0.1,0.6,1,4937,3,9,0.1,0.0006072874493927126,0.9975757575757576,5.927268699975684,36,100
0.0020242914979757085,0.2,0.8333333333333334,0.16666666666666666,0.2,0.65,2,4930,10,8,0.2,0.0020242914979757085,0.9963636363636363,5.927268699975684,36,100
0.0024291497975708503,0.2,0.8571428571428571,0.14285714285714285,0.2,0.7,2,4928,12,8,0.2,0.0024291497975708503,0.9959595959595959,5.927268699975684,36,100
0.002631578947368421,0.4,0.7647058823529411,0.23529411764705882,0.4,0.75,4,4927,13,6,0.4,0.002631578947368421,0.9961616161616161,5.927268699975684,36,100
0.009109311740890687,0.4,0.9183673469387755,0.08163265306122448,0.4,0.8,4,4895,45,6,0.4,0.009109311740890687,0.9896969696969697,5.927268699975684,36,100
0.010728744939271255,0.4,0.9298245614035088,0.07017543859649122,0.4,0.85,4,4887,53,6,0.4,0.010728744939271255,0.9880808080808081,5.927268699975684,36,100
0.01862348178137652,0.5,0.9484536082474226,0.05154639175257732,0.5,0.9,5,4848,92,5,0.5,0.01862348178137652,0.9804040404040404,5.927268699975684,36,100
0.03502024291497976,0.7,0.9611111111111111,0.03888888888888889,0.7,0.95,7,4767,173,3,0.7,0.03502024291497976,0.9644444444444444,5.927268699975684,36,100
0.9919028340080972,1.0,0.9979633401221996,0.002036659877800407,1.0,1.0,10,40,4900,0,1.0,0.9919028340080972,0.010101010101010102,5.927268699975684,36,100
0.0,0.0,0.0,,0.0,0.05,0,4940,0,10,0.0,0.0,0.997979797979798,5.911381300073117,37,100
0.0,0.0,0.0,,0.0,0.1,0,4940,0,10,0.0,0.0,0.997979797979798,5.911381300073117,37,100
0.0,0.0,0.0,,0.0,0.15,0,4940,0,10,0.0,0.0,0.997979797979798,5.911381300073117,37,100
0.0004048582995951417,0.1,0.6666666666666666,0.3333333333333333,0.1,0.2,1,4938,2,9,0.1,0.0004048582995951417,0.9977777777777778,5.911381300073117,37,100
0.0004048582995951417,0.1,0.6666666666666666,0.3333333333333333,0.1,0.25,1,4938,2,9,0.1,0.0004048582995951417,0.9977777777777778,5.911381300073117,37,100
0.0004048582995951417,0.1,0.6666666666666666,0.3333333333333333,0.1,0.3,1,4938,2,9,0.1,0.0004048582995951417,0.9977777777777778,5.911381300073117,37,100
0.0004048582995951417,0.1,0.6666666666666666,0.3333333333333333,0.1,0.35,1,4938,2,9,0.1,0.0004048582995951417,0.9977777777777778,5.911381300073117,37,100
0.0010121457489878543,0.1,0.8333333333333334,0.16666666666666666,0.1,0.4,1,4935,5,9,0.1,0.0010121457489878543,0.9971717171717172,5.911381300073117,37,100
0.0024291497975708503,0.1,0.9230769230769231,0.07692307692307693,0.1,0.45,1,4928,12,9,0.1,0.0024291497975708503,0.9957575757575757,5.911381300073117,37,100
0.002834008097165992,0.1,0.9333333333333333,0.06666666666666667,0.1,0.5,1,4926,14,9,0.1,0.002834008097165992,0.9953535353535353,5.911381300073117,37,100
0.0036437246963562753,0.1,0.9473684210526315,0.05263157894736842,0.1,0.55,1,4922,18,9,0.1,0.0036437246963562753,0.9945454545454545,5.911381300073117,37,100
0.0036437246963562753,0.1,0.9473684210526315,0.05263157894736842,0.1,0.6,1,4922,18,9,0.1,0.0036437246963562753,0.9945454545454545,5.911381300073117,37,100
0.0038461538461538464,0.1,0.95,0.05,0.1,0.65,1,4921,19,9,0.1,0.0038461538461538464,0.9943434343434343,5.911381300073117,37,100
0.0038461538461538464,0.1,0.95,0.05,0.1,0.7,1,4921,19,9,0.1,0.0038461538461538464,0.9943434343434343,5.911381300073117,37,100
0.004251012145748988,0.1,0.9545454545454546,0.045454545454545456,0.1,0.75,1,4919,21,9,0.1,0.004251012145748988,0.9939393939393939,5.911381300073117,37,100
0.004453441295546558,0.1,0.9565217391304348,0.043478260869565216,0.1,0.8,1,4918,22,9,0.1,0.004453441295546558,0.9937373737373737,5.911381300073117,37,100
0.004453441295546558,0.1,0.9565217391304348,0.043478260869565216,0.1,0.85,1,4918,22,9,0.1,0.004453441295546558,0.9937373737373737,5.911381300073117,37,100
0.012145748987854251,0.2,0.967741935483871,0.03225806451612903,0.2,0.9,2,4880,60,8,0.2,0.012145748987854251,0.9862626262626263,5.911381300073117,37,100
0.10850202429149798,0.8,0.9852941176470589,0.014705882352941176,0.8,0.95,8,4404,536,2,0.8,0.10850202429149798,0.8913131313131313,5.911381300073117,37,100
0.9991902834008097,1.0,0.9979781641730692,0.0020218358269308533,1.0,1.0,10,4,4936,0,1.0,0.9991902834008097,0.0028282828282828283,5.911381300073117,37,100
0.0,0.0,0.0,,0.0,0.05,0,4940,0,10,0.0,0.0,0.997979797979798,6.342306499951519,38,100
0.0,0.0,0.0,,0.0,0.1,0,4940,0,10,0.0,0.0,0.997979797979798,6.342306499951519,38,100
0.0,0.0,0.0,,0.0,0.15,0,4940,0,10,0.0,0.0,0.997979797979798,6.342306499951519,38,100
0.00020242914979757084,0.0,1.0,0.0,0.0,0.2,0,4939,1,10,0.0,0.00020242914979757084,0.9977777777777778,6.342306499951519,38,100
0.00020242914979757084,0.0,1.0,0.0,0.0,0.25,0,4939,1,10,0.0,0.00020242914979757084,0.9977777777777778,6.342306499951519,38,100
0.00020242914979757084,0.0,1.0,0.0,0.0,0.3,0,4939,1,10,0.0,0.00020242914979757084,0.9977777777777778,6.342306499951519,38,100
0.00020242914979757084,0.0,1.0,0.0,0.0,0.35,0,4939,1,10,0.0,0.00020242914979757084,0.9977777777777778,6.342306499951519,38,100
0.00020242914979757084,0.0,1.0,0.0,0.0,0.4,0,4939,1,10,0.0,0.00020242914979757084,0.9977777777777778,6.342306499951519,38,100
0.00020242914979757084,0.0,1.0,0.0,0.0,0.45,0,4939,1,10,0.0,0.00020242914979757084,0.9977777777777778,6.342306499951519,38,100
0.0004048582995951417,0.0,1.0,0.0,0.0,0.5,0,4938,2,10,0.0,0.0004048582995951417,0.9975757575757576,6.342306499951519,38,100
0.0004048582995951417,0.0,1.0,0.0,0.0,0.55,0,4938,2,10,0.0,0.0004048582995951417,0.9975757575757576,6.342306499951519,38,100
0.0008097165991902834,0.0,1.0,0.0,0.0,0.6,0,4936,4,10,0.0,0.0008097165991902834,0.9971717171717172,6.342306499951519,38,100
0.0008097165991902834,0.0,1.0,0.0,0.0,0.65,0,4936,4,10,0.0,0.0008097165991902834,0.9971717171717172,6.342306499951519,38,100
0.0008097165991902834,0.0,1.0,0.0,0.0,0.7,0,4936,4,10,0.0,0.0008097165991902834,0.9971717171717172,6.342306499951519,38,100
0.0038461538461538464,0.0,1.0,0.0,0.0,0.75,0,4921,19,10,0.0,0.0038461538461538464,0.9941414141414141,6.342306499951519,38,100
0.0038461538461538464,0.0,1.0,0.0,0.0,0.8,0,4921,19,10,0.0,0.0038461538461538464,0.9941414141414141,6.342306499951519,38,100
0.0038461538461538464,0.0,1.0,0.0,0.0,0.85,0,4921,19,10,0.0,0.0038461538461538464,0.9941414141414141,6.342306499951519,38,100
0.04554655870445344,0.2,0.9911894273127754,0.00881057268722467,0.2,0.9,2,4715,225,8,0.2,0.04554655870445344,0.952929292929293,6.342306499951519,38,100
0.16983805668016194,0.4,0.9952550415183867,0.004744958481613286,0.4,0.95,4,4101,839,6,0.4,0.16983805668016194,0.8292929292929293,6.342306499951519,38,100
0.9971659919028341,1.0,0.9979740680713128,0.002025931928687196,1.0,1.0,10,14,4926,0,1.0,0.9971659919028341,0.0048484848484848485,6.342306499951519,38,100
0.0,0.1,0.0,1.0,0.1,0.05,1,4940,0,9,0.1,0.0,0.9981818181818182,5.992367899976671,39,100
0.0,0.1,0.0,1.0,0.1,0.1,1,4940,0,9,0.1,0.0,0.9981818181818182,5.992367899976671,39,100
0.0,0.2,0.0,1.0,0.2,0.15,2,4940,0,8,0.2,0.0,0.9983838383838384,5.992367899976671,39,100
0.0,0.2,0.0,1.0,0.2,0.2,2,4940,0,8,0.2,0.0,0.9983838383838384,5.992367899976671,39,100
0.0,0.2,0.0,1.0,0.2,0.25,2,4940,0,8,0.2,0.0,0.9983838383838384,5.992367899976671,39,100
0.0008097165991902834,0.3,0.5714285714285714,0.42857142857142855,0.3,0.3,3,4936,4,7,0.3,0.0008097165991902834,0.9977777777777778,5.992367899976671,39,100
0.0010121457489878543,0.3,0.625,0.375,0.3,0.35,3,4935,5,7,0.3,0.0010121457489878543,0.9975757575757576,5.992367899976671,39,100
0.001417004048582996,0.3,0.7,0.3,0.3,0.4,3,4933,7,7,0.3,0.001417004048582996,0.9971717171717172,5.992367899976671,39,100
0.001417004048582996,0.3,0.7,0.3,0.3,0.45,3,4933,7,7,0.3,0.001417004048582996,0.9971717171717172,5.992367899976671,39,100
0.001417004048582996,0.3,0.7,0.3,0.3,0.5,3,4933,7,7,0.3,0.001417004048582996,0.9971717171717172,5.992367899976671,39,100
0.001417004048582996,0.3,0.7,0.3,0.3,0.55,3,4933,7,7,0.3,0.001417004048582996,0.9971717171717172,5.992367899976671,39,100
0.0020242914979757085,0.3,0.7692307692307693,0.23076923076923078,0.3,0.6,3,4930,10,7,0.3,0.0020242914979757085,0.9965656565656565,5.992367899976671,39,100
0.0020242914979757085,0.3,0.7692307692307693,0.23076923076923078,0.3,0.65,3,4930,10,7,0.3,0.0020242914979757085,0.9965656565656565,5.992367899976671,39,100
0.006275303643724696,0.3,0.9117647058823529,0.08823529411764706,0.3,0.7,3,4909,31,7,0.3,0.006275303643724696,0.9923232323232323,5.992367899976671,39,100
0.006477732793522267,0.3,0.9142857142857143,0.08571428571428572,0.3,0.75,3,4908,32,7,0.3,0.006477732793522267,0.9921212121212121,5.992367899976671,39,100
0.03218623481781376,0.3,0.9814814814814815,0.018518518518518517,0.3,0.8,3,4781,159,7,0.3,0.03218623481781376,0.9664646464646465,5.992367899976671,39,100
0.039878542510121455,0.3,0.985,0.015,0.3,0.85,3,4743,197,7,0.3,0.039878542510121455,0.9587878787878787,5.992367899976671,39,100
0.0917004048582996,0.4,0.9912472647702407,0.0087527352297593,0.4,0.9,4,4487,453,6,0.4,0.0917004048582996,0.9072727272727272,5.992367899976671,39,100
0.43967611336032386,0.9,0.9958734525447043,0.0041265474552957355,0.9,0.95,9,2768,2172,1,0.9,0.43967611336032386,0.561010101010101,5.992367899976671,39,100
0.9983805668016195,1.0,0.9979765277215702,0.0020234722784297854,1.0,1.0,10,8,4932,0,1.0,0.9983805668016195,0.0036363636363636364,5.992367899976671,39,100
0.0,0.0,0.0,,0.0,0.05,0,4940,0,10,0.0,0.0,0.997979797979798,6.34097160003148,40,100
0.00020242914979757084,0.1,0.5,0.5,0.1,0.1,1,4939,1,9,0.1,0.00020242914979757084,0.997979797979798,6.34097160003148,40,100
0.00020242914979757084,0.1,0.5,0.5,0.1,0.15,1,4939,1,9,0.1,0.00020242914979757084,0.997979797979798,6.34097160003148,40,100
0.00020242914979757084,0.1,0.5,0.5,0.1,0.2,1,4939,1,9,0.1,0.00020242914979757084,0.997979797979798,6.34097160003148,40,100
0.0004048582995951417,0.1,0.6666666666666666,0.3333333333333333,0.1,0.25,1,4938,2,9,0.1,0.0004048582995951417,0.9977777777777778,6.34097160003148,40,100
0.0004048582995951417,0.1,0.6666666666666666,0.3333333333333333,0.1,0.3,1,4938,2,9,0.1,0.0004048582995951417,0.9977777777777778,6.34097160003148,40,100
0.0004048582995951417,0.1,0.6666666666666666,0.3333333333333333,0.1,0.35,1,4938,2,9,0.1,0.0004048582995951417,0.9977777777777778,6.34097160003148,40,100
0.0004048582995951417,0.1,0.6666666666666666,0.3333333333333333,0.1,0.4,1,4938,2,9,0.1,0.0004048582995951417,0.9977777777777778,6.34097160003148,40,100
0.0008097165991902834,0.1,0.8,0.2,0.1,0.45,1,4936,4,9,0.1,0.0008097165991902834,0.9973737373737374,6.34097160003148,40,100
0.0016194331983805667,0.1,0.8888888888888888,0.1111111111111111,0.1,0.5,1,4932,8,9,0.1,0.0016194331983805667,0.9965656565656565,6.34097160003148,40,100
0.0020242914979757085,0.1,0.9090909090909091,0.09090909090909091,0.1,0.55,1,4930,10,9,0.1,0.0020242914979757085,0.9961616161616161,6.34097160003148,40,100
0.002631578947368421,0.1,0.9285714285714286,0.07142857142857142,0.1,0.6,1,4927,13,9,0.1,0.002631578947368421,0.9955555555555555,6.34097160003148,40,100
0.003036437246963563,0.2,0.8823529411764706,0.11764705882352941,0.2,0.65,2,4925,15,8,0.2,0.003036437246963563,0.9953535353535353,6.34097160003148,40,100
0.0034412955465587046,0.2,0.8947368421052632,0.10526315789473684,0.2,0.7,2,4923,17,8,0.2,0.0034412955465587046,0.9949494949494949,6.34097160003148,40,100
0.0034412955465587046,0.2,0.8947368421052632,0.10526315789473684,0.2,0.75,2,4923,17,8,0.2,0.0034412955465587046,0.9949494949494949,6.34097160003148,40,100
0.0034412955465587046,0.2,0.8947368421052632,0.10526315789473684,0.2,0.8,2,4923,17,8,0.2,0.0034412955465587046,0.9949494949494949,6.34097160003148,40,100
0.005263157894736842,0.2,0.9285714285714286,0.07142857142857142,0.2,0.85,2,4914,26,8,0.2,0.005263157894736842,0.9931313131313131,6.34097160003148,40,100
0.008906882591093117,0.3,0.9361702127659575,0.06382978723404255,0.3,0.9,3,4896,44,7,0.3,0.008906882591093117,0.9896969696969697,6.34097160003148,40,100
0.008906882591093117,0.3,0.9361702127659575,0.06382978723404255,0.3,0.95,3,4896,44,7,0.3,0.008906882591093117,0.9896969696969697,6.34097160003148,40,100
0.8168016194331984,1.0,0.9975278121137207,0.002472187886279357,1.0,1.0,10,905,4035,0,1.0,0.8168016194331984,0.18484848484848485,6.34097160003148,40,100
0.0,0.1,0.0,1.0,0.1,0.05,1,4940,0,9,0.1,0.0,0.9981818181818182,6.199793400010094,41,100
0.0,0.1,0.0,1.0,0.1,0.1,1,4940,0,9,0.1,0.0,0.9981818181818182,6.199793400010094,41,100
0.0,0.1,0.0,1.0,0.1,0.15,1,4940,0,9,0.1,0.0,0.9981818181818182,6.199793400010094,41,100
0.0,0.1,0.0,1.0,0.1,0.2,1,4940,0,9,0.1,0.0,0.9981818181818182,6.199793400010094,41,100
0.0,0.1,0.0,1.0,0.1,0.25,1,4940,0,9,0.1,0.0,0.9981818181818182,6.199793400010094,41,100
0.0,0.1,0.0,1.0,0.1,0.3,1,4940,0,9,0.1,0.0,0.9981818181818182,6.199793400010094,41,100
0.00020242914979757084,0.1,0.5,0.5,0.1,0.35,1,4939,1,9,0.1,0.00020242914979757084,0.997979797979798,6.199793400010094,41,100
0.00020242914979757084,0.1,0.5,0.5,0.1,0.4,1,4939,1,9,0.1,0.00020242914979757084,0.997979797979798,6.199793400010094,41,100
0.0004048582995951417,0.1,0.6666666666666666,0.3333333333333333,0.1,0.45,1,4938,2,9,0.1,0.0004048582995951417,0.9977777777777778,6.199793400010094,41,100
0.0006072874493927126,0.2,0.6,0.4,0.2,0.5,2,4937,3,8,0.2,0.0006072874493927126,0.9977777777777778,6.199793400010094,41,100
0.0008097165991902834,0.2,0.6666666666666666,0.3333333333333333,0.2,0.55,2,4936,4,8,0.2,0.0008097165991902834,0.9975757575757576,6.199793400010094,41,100
0.0010121457489878543,0.2,0.7142857142857143,0.2857142857142857,0.2,0.6,2,4935,5,8,0.2,0.0010121457489878543,0.9973737373737374,6.199793400010094,41,100
0.0010121457489878543,0.2,0.7142857142857143,0.2857142857142857,0.2,0.65,2,4935,5,8,0.2,0.0010121457489878543,0.9973737373737374,6.199793400010094,41,100
0.001417004048582996,0.2,0.7777777777777778,0.2222222222222222,0.2,0.7,2,4933,7,8,0.2,0.001417004048582996,0.996969696969697,6.199793400010094,41,100
0.0018218623481781376,0.2,0.8181818181818182,0.18181818181818182,0.2,0.75,2,4931,9,8,0.2,0.0018218623481781376,0.9965656565656565,6.199793400010094,41,100
0.0018218623481781376,0.2,0.8181818181818182,0.18181818181818182,0.2,0.8,2,4931,9,8,0.2,0.0018218623481781376,0.9965656565656565,6.199793400010094,41,100
0.002226720647773279,0.3,0.7857142857142857,0.21428571428571427,0.3,0.85,3,4929,11,7,0.3,0.002226720647773279,0.9963636363636363,6.199793400010094,41,100
0.002226720647773279,0.3,0.7857142857142857,0.21428571428571427,0.3,0.9,3,4929,11,7,0.3,0.002226720647773279,0.9963636363636363,6.199793400010094,41,100
0.0038461538461538464,0.3,0.8636363636363636,0.13636363636363635,0.3,0.95,3,4921,19,7,0.3,0.0038461538461538464,0.9947474747474747,6.199793400010094,41,100
0.9983805668016195,1.0,0.9979765277215702,0.0020234722784297854,1.0,1.0,10,8,4932,0,1.0,0.9983805668016195,0.0036363636363636364,6.199793400010094,41,100
0.0,0.0,0.0,,0.0,0.05,0,4940,0,10,0.0,0.0,0.997979797979798,5.966145800077356,42,100
0.0,0.0,0.0,,0.0,0.1,0,4940,0,10,0.0,0.0,0.997979797979798,5.966145800077356,42,100
0.0004048582995951417,0.0,1.0,0.0,0.0,0.15,0,4938,2,10,0.0,0.0004048582995951417,0.9975757575757576,5.966145800077356,42,100
0.0004048582995951417,0.1,0.6666666666666666,0.3333333333333333,0.1,0.2,1,4938,2,9,0.1,0.0004048582995951417,0.9977777777777778,5.966145800077356,42,100
0.0010121457489878543,0.1,0.8333333333333334,0.16666666666666666,0.1,0.25,1,4935,5,9,0.1,0.0010121457489878543,0.9971717171717172,5.966145800077356,42,100
0.0010121457489878543,0.1,0.8333333333333334,0.16666666666666666,0.1,0.3,1,4935,5,9,0.1,0.0010121457489878543,0.9971717171717172,5.966145800077356,42,100
0.0010121457489878543,0.1,0.8333333333333334,0.16666666666666666,0.1,0.35,1,4935,5,9,0.1,0.0010121457489878543,0.9971717171717172,5.966145800077356,42,100
0.001417004048582996,0.1,0.875,0.125,0.1,0.4,1,4933,7,9,0.1,0.001417004048582996,0.9967676767676767,5.966145800077356,42,100
0.001417004048582996,0.1,0.875,0.125,0.1,0.45,1,4933,7,9,0.1,0.001417004048582996,0.9967676767676767,5.966145800077356,42,100
0.0016194331983805667,0.1,0.8888888888888888,0.1111111111111111,0.1,0.5,1,4932,8,9,0.1,0.0016194331983805667,0.9965656565656565,5.966145800077356,42,100
0.007692307692307693,0.2,0.95,0.05,0.2,0.55,2,4902,38,8,0.2,0.007692307692307693,0.9907070707070708,5.966145800077356,42,100
0.01417004048582996,0.2,0.9722222222222222,0.027777777777777776,0.2,0.6,2,4870,70,8,0.2,0.01417004048582996,0.9842424242424243,5.966145800077356,42,100
0.014777327935222672,0.2,0.9733333333333334,0.02666666666666667,0.2,0.65,2,4867,73,8,0.2,0.014777327935222672,0.9836363636363636,5.966145800077356,42,100
0.017813765182186234,0.2,0.9777777777777777,0.022222222222222223,0.2,0.7,2,4852,88,8,0.2,0.017813765182186234,0.9806060606060606,5.966145800077356,42,100
0.019838056680161944,0.2,0.98,0.02,0.2,0.75,2,4842,98,8,0.2,0.019838056680161944,0.9785858585858586,5.966145800077356,42,100
0.054048582995951416,0.2,0.9925650557620818,0.007434944237918215,0.2,0.8,2,4673,267,8,0.2,0.054048582995951416,0.9444444444444444,5.966145800077356,42,100
0.06578947368421052,0.2,0.9938837920489296,0.0061162079510703364,0.2,0.85,2,4615,325,8,0.2,0.06578947368421052,0.9327272727272727,5.966145800077356,42,100
0.07591093117408906,0.2,0.9946949602122016,0.005305039787798408,0.2,0.9,2,4565,375,8,0.2,0.07591093117408906,0.9226262626262626,5.966145800077356,42,100
0.17267206477732794,0.6,0.9930151338766007,0.006984866123399301,0.6,0.95,6,4087,853,4,0.6,0.17267206477732794,0.8268686868686869,5.966145800077356,42,100
0.998582995951417,1.0,0.9979769370827433,0.0020230629172567267,1.0,1.0,10,7,4933,0,1.0,0.998582995951417,0.0034343434343434343,5.966145800077356,42,100
0.0,0.2,0.0,1.0,0.2,0.05,2,4940,0,8,0.2,0.0,0.9983838383838384,5.978510999935679,43,100
0.0,0.2,0.0,1.0,0.2,0.1,2,4940,0,8,0.2,0.0,0.9983838383838384,5.978510999935679,43,100
0.0,0.2,0.0,1.0,0.2,0.15,2,4940,0,8,0.2,0.0,0.9983838383838384,5.978510999935679,43,100
0.00020242914979757084,0.2,0.3333333333333333,0.6666666666666666,0.2,0.2,2,4939,1,8,0.2,0.00020242914979757084,0.9981818181818182,5.978510999935679,43,100
0.00020242914979757084,0.2,0.3333333333333333,0.6666666666666666,0.2,0.25,2,4939,1,8,0.2,0.00020242914979757084,0.9981818181818182,5.978510999935679,43,100
0.00020242914979757084,0.2,0.3333333333333333,0.6666666666666666,0.2,0.3,2,4939,1,8,0.2,0.00020242914979757084,0.9981818181818182,5.978510999935679,43,100
0.00020242914979757084,0.2,0.3333333333333333,0.6666666666666666,0.2,0.35,2,4939,1,8,0.2,0.00020242914979757084,0.9981818181818182,5.978510999935679,43,100
0.00020242914979757084,0.2,0.3333333333333333,0.6666666666666666,0.2,0.4,2,4939,1,8,0.2,0.00020242914979757084,0.9981818181818182,5.978510999935679,43,100
0.00020242914979757084,0.2,0.3333333333333333,0.6666666666666666,0.2,0.45,2,4939,1,8,0.2,0.00020242914979757084,0.9981818181818182,5.978510999935679,43,100
0.00020242914979757084,0.2,0.3333333333333333,0.6666666666666666,0.2,0.5,2,4939,1,8,0.2,0.00020242914979757084,0.9981818181818182,5.978510999935679,43,100
0.00020242914979757084,0.2,0.3333333333333333,0.6666666666666666,0.2,0.55,2,4939,1,8,0.2,0.00020242914979757084,0.9981818181818182,5.978510999935679,43,100
0.00020242914979757084,0.2,0.3333333333333333,0.6666666666666666,0.2,0.6,2,4939,1,8,0.2,0.00020242914979757084,0.9981818181818182,5.978510999935679,43,100
0.00020242914979757084,0.2,0.3333333333333333,0.6666666666666666,0.2,0.65,2,4939,1,8,0.2,0.00020242914979757084,0.9981818181818182,5.978510999935679,43,100
0.0004048582995951417,0.2,0.5,0.5,0.2,0.7,2,4938,2,8,0.2,0.0004048582995951417,0.997979797979798,5.978510999935679,43,100
0.0004048582995951417,0.2,0.5,0.5,0.2,0.75,2,4938,2,8,0.2,0.0004048582995951417,0.997979797979798,5.978510999935679,43,100
0.0020242914979757085,0.2,0.8333333333333334,0.16666666666666666,0.2,0.8,2,4930,10,8,0.2,0.0020242914979757085,0.9963636363636363,5.978510999935679,43,100
0.005263157894736842,0.3,0.896551724137931,0.10344827586206896,0.3,0.85,3,4914,26,7,0.3,0.005263157894736842,0.9933333333333333,5.978510999935679,43,100
0.006072874493927126,0.3,0.9090909090909091,0.09090909090909091,0.3,0.9,3,4910,30,7,0.3,0.006072874493927126,0.9925252525252525,5.978510999935679,43,100
0.006275303643724696,0.3,0.9117647058823529,0.08823529411764706,0.3,0.95,3,4909,31,7,0.3,0.006275303643724696,0.9923232323232323,5.978510999935679,43,100
0.9991902834008097,1.0,0.9979781641730692,0.0020218358269308533,1.0,1.0,10,4,4936,0,1.0,0.9991902834008097,0.0028282828282828283,5.978510999935679,43,100
0.0,0.0,0.0,,0.0,0.05,0,4940,0,10,0.0,0.0,0.997979797979798,6.032020800048485,44,100
0.0,0.0,0.0,,0.0,0.1,0,4940,0,10,0.0,0.0,0.997979797979798,6.032020800048485,44,100
0.0,0.0,0.0,,0.0,0.15,0,4940,0,10,0.0,0.0,0.997979797979798,6.032020800048485,44,100
0.0,0.0,0.0,,0.0,0.2,0,4940,0,10,0.0,0.0,0.997979797979798,6.032020800048485,44,100
0.0,0.2,0.0,1.0,0.2,0.25,2,4940,0,8,0.2,0.0,0.9983838383838384,6.032020800048485,44,100
0.0,0.2,0.0,1.0,0.2,0.3,2,4940,0,8,0.2,0.0,0.9983838383838384,6.032020800048485,44,100
0.00020242914979757084,0.2,0.3333333333333333,0.6666666666666666,0.2,0.35,2,4939,1,8,0.2,0.00020242914979757084,0.9981818181818182,6.032020800048485,44,100
0.00020242914979757084,0.2,0.3333333333333333,0.6666666666666666,0.2,0.4,2,4939,1,8,0.2,0.00020242914979757084,0.9981818181818182,6.032020800048485,44,100
0.00020242914979757084,0.2,0.3333333333333333,0.6666666666666666,0.2,0.45,2,4939,1,8,0.2,0.00020242914979757084,0.9981818181818182,6.032020800048485,44,100
0.0008097165991902834,0.2,0.6666666666666666,0.3333333333333333,0.2,0.5,2,4936,4,8,0.2,0.0008097165991902834,0.9975757575757576,6.032020800048485,44,100
0.0008097165991902834,0.2,0.6666666666666666,0.3333333333333333,0.2,0.55,2,4936,4,8,0.2,0.0008097165991902834,0.9975757575757576,6.032020800048485,44,100
0.0008097165991902834,0.2,0.6666666666666666,0.3333333333333333,0.2,0.6,2,4936,4,8,0.2,0.0008097165991902834,0.9975757575757576,6.032020800048485,44,100
0.0012145748987854252,0.2,0.75,0.25,0.2,0.65,2,4934,6,8,0.2,0.0012145748987854252,0.9971717171717172,6.032020800048485,44,100
0.0020242914979757085,0.2,0.8333333333333334,0.16666666666666666,0.2,0.7,2,4930,10,8,0.2,0.0020242914979757085,0.9963636363636363,6.032020800048485,44,100
0.002226720647773279,0.3,0.7857142857142857,0.21428571428571427,0.3,0.75,3,4929,11,7,0.3,0.002226720647773279,0.9963636363636363,6.032020800048485,44,100
0.002226720647773279,0.3,0.7857142857142857,0.21428571428571427,0.3,0.8,3,4929,11,7,0.3,0.002226720647773279,0.9963636363636363,6.032020800048485,44,100
0.002226720647773279,0.3,0.7857142857142857,0.21428571428571427,0.3,0.85,3,4929,11,7,0.3,0.002226720647773279,0.9963636363636363,6.032020800048485,44,100
0.003036437246963563,0.3,0.8333333333333334,0.16666666666666666,0.3,0.9,3,4925,15,7,0.3,0.003036437246963563,0.9955555555555555,6.032020800048485,44,100
0.025101214574898785,0.4,0.96875,0.03125,0.4,0.95,4,4816,124,6,0.4,0.025101214574898785,0.9737373737373738,6.032020800048485,44,100
0.9987854251012146,1.0,0.9979773462783171,0.0020226537216828477,1.0,1.0,10,6,4934,0,1.0,0.9987854251012146,0.0032323232323232323,6.032020800048485,44,100
0.0,0.2,0.0,1.0,0.2,0.05,2,4940,0,8,0.2,0.0,0.9983838383838384,5.8919635999482125,45,100
0.0,0.2,0.0,1.0,0.2,0.1,2,4940,0,8,0.2,0.0,0.9983838383838384,5.8919635999482125,45,100
0.00020242914979757084,0.2,0.3333333333333333,0.6666666666666666,0.2,0.15,2,4939,1,8,0.2,0.00020242914979757084,0.9981818181818182,5.8919635999482125,45,100
0.00020242914979757084,0.2,0.3333333333333333,0.6666666666666666,0.2,0.2,2,4939,1,8,0.2,0.00020242914979757084,0.9981818181818182,5.8919635999482125,45,100
0.00020242914979757084,0.2,0.3333333333333333,0.6666666666666666,0.2,0.25,2,4939,1,8,0.2,0.00020242914979757084,0.9981818181818182,5.8919635999482125,45,100
0.0032388663967611335,0.4,0.8,0.2,0.4,0.3,4,4924,16,6,0.4,0.0032388663967611335,0.9955555555555555,5.8919635999482125,45,100
0.0038461538461538464,0.4,0.8260869565217391,0.17391304347826086,0.4,0.35,4,4921,19,6,0.4,0.0038461538461538464,0.9949494949494949,5.8919635999482125,45,100
0.004048582995951417,0.4,0.8333333333333334,0.16666666666666666,0.4,0.4,4,4920,20,6,0.4,0.004048582995951417,0.9947474747474747,5.8919635999482125,45,100
0.005263157894736842,0.5,0.8387096774193549,0.16129032258064516,0.5,0.45,5,4914,26,5,0.5,0.005263157894736842,0.9937373737373737,5.8919635999482125,45,100
0.006275303643724696,0.5,0.8611111111111112,0.1388888888888889,0.5,0.5,5,4909,31,5,0.5,0.006275303643724696,0.9927272727272727,5.8919635999482125,45,100
0.0072874493927125505,0.5,0.8780487804878049,0.12195121951219512,0.5,0.55,5,4904,36,5,0.5,0.0072874493927125505,0.9917171717171717,5.8919635999482125,45,100
0.018016194331983804,0.5,0.9468085106382979,0.05319148936170213,0.5,0.6,5,4851,89,5,0.5,0.018016194331983804,0.981010101010101,5.8919635999482125,45,100
0.027530364372469637,0.5,0.9645390070921985,0.03546099290780142,0.5,0.65,5,4804,136,5,0.5,0.027530364372469637,0.9715151515151516,5.8919635999482125,45,100
0.031983805668016195,0.5,0.9693251533742331,0.03067484662576687,0.5,0.7,5,4782,158,5,0.5,0.031983805668016195,0.9670707070707071,5.8919635999482125,45,100
0.03967611336032389,0.5,0.9751243781094527,0.024875621890547265,0.5,0.75,5,4744,196,5,0.5,0.03967611336032389,0.9593939393939394,5.8919635999482125,45,100
0.04979757085020243,0.5,0.9800796812749004,0.0199203187250996,0.5,0.8,5,4694,246,5,0.5,0.04979757085020243,0.9492929292929293,5.8919635999482125,45,100
0.0665991902834008,0.7,0.9791666666666666,0.020833333333333332,0.7,0.85,7,4611,329,3,0.7,0.0665991902834008,0.9329292929292929,5.8919635999482125,45,100
0.22044534412955466,0.8,0.9927073837739289,0.007292616226071103,0.8,0.9,8,3851,1089,2,0.8,0.22044534412955466,0.7795959595959596,5.8919635999482125,45,100
0.4117408906882591,1.0,0.9951076320939335,0.004892367906066536,1.0,0.95,10,2906,2034,0,1.0,0.4117408906882591,0.5890909090909091,5.8919635999482125,45,100
0.9971659919028341,1.0,0.9979740680713128,0.002025931928687196,1.0,1.0,10,14,4926,0,1.0,0.9971659919028341,0.0048484848484848485,5.8919635999482125,45,100
0.0,0.1,0.0,1.0,0.1,0.05,1,4940,0,9,0.1,0.0,0.9981818181818182,5.938082100008614,46,100
0.0,0.1,0.0,1.0,0.1,0.1,1,4940,0,9,0.1,0.0,0.9981818181818182,5.938082100008614,46,100
0.0,0.1,0.0,1.0,0.1,0.15,1,4940,0,9,0.1,0.0,0.9981818181818182,5.938082100008614,46,100
0.0,0.1,0.0,1.0,0.1,0.2,1,4940,0,9,0.1,0.0,0.9981818181818182,5.938082100008614,46,100
0.0,0.2,0.0,1.0,0.2,0.25,2,4940,0,8,0.2,0.0,0.9983838383838384,5.938082100008614,46,100
0.0,0.2,0.0,1.0,0.2,0.3,2,4940,0,8,0.2,0.0,0.9983838383838384,5.938082100008614,46,100
0.0,0.2,0.0,1.0,0.2,0.35,2,4940,0,8,0.2,0.0,0.9983838383838384,5.938082100008614,46,100
0.0,0.2,0.0,1.0,0.2,0.4,2,4940,0,8,0.2,0.0,0.9983838383838384,5.938082100008614,46,100
0.0,0.2,0.0,1.0,0.2,0.45,2,4940,0,8,0.2,0.0,0.9983838383838384,5.938082100008614,46,100
0.0,0.3,0.0,1.0,0.3,0.5,3,4940,0,7,0.3,0.0,0.9985858585858586,5.938082100008614,46,100
0.0,0.3,0.0,1.0,0.3,0.55,3,4940,0,7,0.3,0.0,0.9985858585858586,5.938082100008614,46,100
0.001417004048582996,0.3,0.7,0.3,0.3,0.6,3,4933,7,7,0.3,0.001417004048582996,0.9971717171717172,5.938082100008614,46,100
0.001417004048582996,0.3,0.7,0.3,0.3,0.65,3,4933,7,7,0.3,0.001417004048582996,0.9971717171717172,5.938082100008614,46,100
0.001417004048582996,0.3,0.7,0.3,0.3,0.7,3,4933,7,7,0.3,0.001417004048582996,0.9971717171717172,5.938082100008614,46,100
0.0018218623481781376,0.3,0.75,0.25,0.3,0.75,3,4931,9,7,0.3,0.0018218623481781376,0.9967676767676767,5.938082100008614,46,100
0.0018218623481781376,0.3,0.75,0.25,0.3,0.8,3,4931,9,7,0.3,0.0018218623481781376,0.9967676767676767,5.938082100008614,46,100
0.004251012145748988,0.3,0.875,0.125,0.3,0.85,3,4919,21,7,0.3,0.004251012145748988,0.9943434343434343,5.938082100008614,46,100
0.0340080971659919,0.5,0.9710982658959537,0.028901734104046242,0.5,0.9,5,4772,168,5,0.5,0.0340080971659919,0.965050505050505,5.938082100008614,46,100
0.08643724696356275,0.6,0.9861431870669746,0.013856812933025405,0.6,0.95,6,4513,427,4,0.6,0.08643724696356275,0.9129292929292929,5.938082100008614,46,100
0.9989878542510121,1.0,0.9979777553083923,0.0020222446916076846,1.0,1.0,10,5,4935,0,1.0,0.9989878542510121,0.0030303030303030303,5.938082100008614,46,100
0.0,0.0,0.0,,0.0,0.05,0,4940,0,10,0.0,0.0,0.997979797979798,5.943464300013147,47,100
0.0,0.0,0.0,,0.0,0.1,0,4940,0,10,0.0,0.0,0.997979797979798,5.943464300013147,47,100
0.0,0.0,0.0,,0.0,0.15,0,4940,0,10,0.0,0.0,0.997979797979798,5.943464300013147,47,100
0.0,0.0,0.0,,0.0,0.2,0,4940,0,10,0.0,0.0,0.997979797979798,5.943464300013147,47,100
0.0,0.0,0.0,,0.0,0.25,0,4940,0,10,0.0,0.0,0.997979797979798,5.943464300013147,47,100
0.0,0.1,0.0,1.0,0.1,0.3,1,4940,0,9,0.1,0.0,0.9981818181818182,5.943464300013147,47,100
0.0010121457489878543,0.2,0.7142857142857143,0.2857142857142857,0.2,0.35,2,4935,5,8,0.2,0.0010121457489878543,0.9973737373737374,5.943464300013147,47,100
0.0010121457489878543,0.2,0.7142857142857143,0.2857142857142857,0.2,0.4,2,4935,5,8,0.2,0.0010121457489878543,0.9973737373737374,5.943464300013147,47,100
0.0012145748987854252,0.2,0.75,0.25,0.2,0.45,2,4934,6,8,0.2,0.0012145748987854252,0.9971717171717172,5.943464300013147,47,100
0.0012145748987854252,0.2,0.75,0.25,0.2,0.5,2,4934,6,8,0.2,0.0012145748987854252,0.9971717171717172,5.943464300013147,47,100
0.001417004048582996,0.2,0.7777777777777778,0.2222222222222222,0.2,0.55,2,4933,7,8,0.2,0.001417004048582996,0.996969696969697,5.943464300013147,47,100
0.001417004048582996,0.2,0.7777777777777778,0.2222222222222222,0.2,0.6,2,4933,7,8,0.2,0.001417004048582996,0.996969696969697,5.943464300013147,47,100
0.001417004048582996,0.2,0.7777777777777778,0.2222222222222222,0.2,0.65,2,4933,7,8,0.2,0.001417004048582996,0.996969696969697,5.943464300013147,47,100
0.0016194331983805667,0.2,0.8,0.2,0.2,0.7,2,4932,8,8,0.2,0.0016194331983805667,0.9967676767676767,5.943464300013147,47,100
0.0024291497975708503,0.2,0.8571428571428571,0.14285714285714285,0.2,0.75,2,4928,12,8,0.2,0.0024291497975708503,0.9959595959595959,5.943464300013147,47,100
0.0024291497975708503,0.2,0.8571428571428571,0.14285714285714285,0.2,0.8,2,4928,12,8,0.2,0.0024291497975708503,0.9959595959595959,5.943464300013147,47,100
0.005870445344129555,0.2,0.9354838709677419,0.06451612903225806,0.2,0.85,2,4911,29,8,0.2,0.005870445344129555,0.9925252525252525,5.943464300013147,47,100
0.006072874493927126,0.2,0.9375,0.0625,0.2,0.9,2,4910,30,8,0.2,0.006072874493927126,0.9923232323232323,5.943464300013147,47,100
0.009919028340080972,0.4,0.9245283018867925,0.07547169811320754,0.4,0.95,4,4891,49,6,0.4,0.009919028340080972,0.9888888888888889,5.943464300013147,47,100
0.9850202429149798,1.0,0.9979491386382281,0.002050861361771944,1.0,1.0,10,74,4866,0,1.0,0.9850202429149798,0.01696969696969697,5.943464300013147,47,100
0.0,0.1,0.0,1.0,0.1,0.05,1,4940,0,9,0.1,0.0,0.9981818181818182,5.89207639999222,48,100
0.0,0.2,0.0,1.0,0.2,0.1,2,4940,0,8,0.2,0.0,0.9983838383838384,5.89207639999222,48,100
0.0,0.2,0.0,1.0,0.2,0.15,2,4940,0,8,0.2,0.0,0.9983838383838384,5.89207639999222,48,100
0.0,0.2,0.0,1.0,0.2,0.2,2,4940,0,8,0.2,0.0,0.9983838383838384,5.89207639999222,48,100
0.0,0.2,0.0,1.0,0.2,0.25,2,4940,0,8,0.2,0.0,0.9983838383838384,5.89207639999222,48,100
0.00020242914979757084,0.2,0.3333333333333333,0.6666666666666666,0.2,0.3,2,4939,1,8,0.2,0.00020242914979757084,0.9981818181818182,5.89207639999222,48,100
0.00020242914979757084,0.2,0.3333333333333333,0.6666666666666666,0.2,0.35,2,4939,1,8,0.2,0.00020242914979757084,0.9981818181818182,5.89207639999222,48,100
0.00020242914979757084,0.2,0.3333333333333333,0.6666666666666666,0.2,0.4,2,4939,1,8,0.2,0.00020242914979757084,0.9981818181818182,5.89207639999222,48,100
0.0006072874493927126,0.2,0.6,0.4,0.2,0.45,2,4937,3,8,0.2,0.0006072874493927126,0.9977777777777778,5.89207639999222,48,100
0.0006072874493927126,0.2,0.6,0.4,0.2,0.5,2,4937,3,8,0.2,0.0006072874493927126,0.9977777777777778,5.89207639999222,48,100
0.0006072874493927126,0.2,0.6,0.4,0.2,0.55,2,4937,3,8,0.2,0.0006072874493927126,0.9977777777777778,5.89207639999222,48,100
0.0006072874493927126,0.2,0.6,0.4,0.2,0.6,2,4937,3,8,0.2,0.0006072874493927126,0.9977777777777778,5.89207639999222,48,100
0.0006072874493927126,0.2,0.6,0.4,0.2,0.65,2,4937,3,8,0.2,0.0006072874493927126,0.9977777777777778,5.89207639999222,48,100
0.0018218623481781376,0.3,0.75,0.25,0.3,0.7,3,4931,9,7,0.3,0.0018218623481781376,0.9967676767676767,5.89207639999222,48,100
0.0018218623481781376,0.3,0.75,0.25,0.3,0.75,3,4931,9,7,0.3,0.0018218623481781376,0.9967676767676767,5.89207639999222,48,100
0.0032388663967611335,0.3,0.8421052631578947,0.15789473684210525,0.3,0.8,3,4924,16,7,0.3,0.0032388663967611335,0.9953535353535353,5.89207639999222,48,100
0.008097165991902834,0.3,0.9302325581395349,0.06976744186046512,0.3,0.85,3,4900,40,7,0.3,0.008097165991902834,0.9905050505050506,5.89207639999222,48,100
0.1445344129554656,0.6,0.9916666666666667,0.008333333333333333,0.6,0.9,6,4226,714,4,0.6,0.1445344129554656,0.8549494949494949,5.89207639999222,48,100
0.2765182186234818,0.9,0.9934545454545455,0.006545454545454545,0.9,0.95,9,3574,1366,1,0.9,0.2765182186234818,0.7238383838383838,5.89207639999222,48,100
0.998582995951417,1.0,0.9979769370827433,0.0020230629172567267,1.0,1.0,10,7,4933,0,1.0,0.998582995951417,0.0034343434343434343,5.89207639999222,48,100
0.0,0.0,0.0,,0.0,0.05,0,4940,0,10,0.0,0.0,0.997979797979798,5.935853500035591,49,100
0.0,0.0,0.0,,0.0,0.1,0,4940,0,10,0.0,0.0,0.997979797979798,5.935853500035591,49,100
0.00020242914979757084,0.0,1.0,0.0,0.0,0.15,0,4939,1,10,0.0,0.00020242914979757084,0.9977777777777778,5.935853500035591,49,100
0.00020242914979757084,0.0,1.0,0.0,0.0,0.2,0,4939,1,10,0.0,0.00020242914979757084,0.9977777777777778,5.935853500035591,49,100
0.00020242914979757084,0.0,1.0,0.0,0.0,0.25,0,4939,1,10,0.0,0.00020242914979757084,0.9977777777777778,5.935853500035591,49,100
0.00020242914979757084,0.0,1.0,0.0,0.0,0.3,0,4939,1,10,0.0,0.00020242914979757084,0.9977777777777778,5.935853500035591,49,100
0.00020242914979757084,0.0,1.0,0.0,0.0,0.35,0,4939,1,10,0.0,0.00020242914979757084,0.9977777777777778,5.935853500035591,49,100
0.00020242914979757084,0.0,1.0,0.0,0.0,0.4,0,4939,1,10,0.0,0.00020242914979757084,0.9977777777777778,5.935853500035591,49,100
0.00020242914979757084,0.1,0.5,0.5,0.1,0.45,1,4939,1,9,0.1,0.00020242914979757084,0.997979797979798,5.935853500035591,49,100
0.0016194331983805667,0.1,0.8888888888888888,0.1111111111111111,0.1,0.5,1,4932,8,9,0.1,0.0016194331983805667,0.9965656565656565,5.935853500035591,49,100
0.0016194331983805667,0.1,0.8888888888888888,0.1111111111111111,0.1,0.55,1,4932,8,9,0.1,0.0016194331983805667,0.9965656565656565,5.935853500035591,49,100
0.0016194331983805667,0.1,0.8888888888888888,0.1111111111111111,0.1,0.6,1,4932,8,9,0.1,0.0016194331983805667,0.9965656565656565,5.935853500035591,49,100
0.002226720647773279,0.2,0.8461538461538461,0.15384615384615385,0.2,0.65,2,4929,11,8,0.2,0.002226720647773279,0.9961616161616161,5.935853500035591,49,100
0.002226720647773279,0.2,0.8461538461538461,0.15384615384615385,0.2,0.7,2,4929,11,8,0.2,0.002226720647773279,0.9961616161616161,5.935853500035591,49,100
0.005263157894736842,0.2,0.9285714285714286,0.07142857142857142,0.2,0.75,2,4914,26,8,0.2,0.005263157894736842,0.9931313131313131,5.935853500035591,49,100
0.005465587044534413,0.2,0.9310344827586207,0.06896551724137931,0.2,0.8,2,4913,27,8,0.2,0.005465587044534413,0.9929292929292929,5.935853500035591,49,100
0.006477732793522267,0.2,0.9411764705882353,0.058823529411764705,0.2,0.85,2,4908,32,8,0.2,0.006477732793522267,0.9919191919191919,5.935853500035591,49,100
0.04048582995951417,0.5,0.975609756097561,0.024390243902439025,0.5,0.9,5,4740,200,5,0.5,0.04048582995951417,0.9585858585858585,5.935853500035591,49,100
0.23785425101214575,0.7,0.994077834179357,0.005922165820642978,0.7,0.95,7,3765,1175,3,0.7,0.23785425101214575,0.762020202020202,5.935853500035591,49,100
0.9993927125506072,1.0,0.997978572872448,0.002021427127552052,1.0,1.0,10,3,4937,0,1.0,0.9993927125506072,0.0026262626262626263,5.935853500035591,49,100
