FPR,TPR,FDR,NPrecision,NRecall,alpha,NTP,NTN,NFP,NFN,NTPR,NFPR,NACC,diffnetfinder_sec,run,dim
0.0,0.1,0.0,1.0,0.1,0.05,1,4940,0,9,0.1,0.0,0.9981818181818182,6.305555200087838,0,100
0.0,0.1,0.0,1.0,0.1,0.1,1,4940,0,9,0.1,0.0,0.9981818181818182,6.305555200087838,0,100
0.0,0.1,0.0,1.0,0.1,0.15,1,4940,0,9,0.1,0.0,0.9981818181818182,6.305555200087838,0,100
0.0,0.1,0.0,1.0,0.1,0.2,1,4940,0,9,0.1,0.0,0.9981818181818182,6.305555200087838,0,100
0.0,0.1,0.0,1.0,0.1,0.25,1,4940,0,9,0.1,0.0,0.9981818181818182,6.305555200087838,0,100
0.0,0.1,0.0,1.0,0.1,0.3,1,4940,0,9,0.1,0.0,0.9981818181818182,6.305555200087838,0,100
0.0,0.1,0.0,1.0,0.1,0.35,1,4940,0,9,0.1,0.0,0.9981818181818182,6.305555200087838,0,100
0.0,0.1,0.0,1.0,0.1,0.4,1,4940,0,9,0.1,0.0,0.9981818181818182,6.305555200087838,0,100
0.0,0.1,0.0,1.0,0.1,0.45,1,4940,0,9,0.1,0.0,0.9981818181818182,6.305555200087838,0,100
0.00020242914979757084,0.1,0.5,0.5,0.1,0.5,1,4939,1,9,0.1,0.00020242914979757084,0.997979797979798,6.305555200087838,0,100
0.00020242914979757084,0.1,0.5,0.5,0.1,0.55,1,4939,1,9,0.1,0.00020242914979757084,0.997979797979798,6.305555200087838,0,100
0.00020242914979757084,0.1,0.5,0.5,0.1,0.6,1,4939,1,9,0.1,0.00020242914979757084,0.997979797979798,6.305555200087838,0,100
0.00020242914979757084,0.1,0.5,0.5,0.1,0.65,1,4939,1,9,0.1,0.00020242914979757084,0.997979797979798,6.305555200087838,0,100
0.00020242914979757084,0.1,0.5,0.5,0.1,0.7,1,4939,1,9,0.1,0.00020242914979757084,0.997979797979798,6.305555200087838,0,100
0.00020242914979757084,0.1,0.5,0.5,0.1,0.75,1,4939,1,9,0.1,0.00020242914979757084,0.997979797979798,6.305555200087838,0,100
0.00020242914979757084,0.1,0.5,0.5,0.1,0.8,1,4939,1,9,0.1,0.00020242914979757084,0.997979797979798,6.305555200087838,0,100
0.00020242914979757084,0.1,0.5,0.5,0.1,0.85,1,4939,1,9,0.1,0.00020242914979757084,0.997979797979798,6.305555200087838,0,100
0.00020242914979757084,0.1,0.5,0.5,0.1,0.9,1,4939,1,9,0.1,0.00020242914979757084,0.997979797979798,6.305555200087838,0,100
0.13299595141700404,0.8,0.98796992481203,0.012030075187969926,0.8,0.95,8,4283,657,2,0.8,0.13299595141700404,0.8668686868686869,6.305555200087838,0,100
0.9852226720647773,1.0,0.9979495591552183,0.002050440844781628,1.0,1.0,10,73,4867,0,1.0,0.9852226720647773,0.016767676767676768,6.305555200087838,0,100
0.0,0.0,0.0,,0.0,0.05,0,4940,0,10,0.0,0.0,0.997979797979798,6.215680200024508,1,100
0.0,0.0,0.0,,0.0,0.1,0,4940,0,10,0.0,0.0,0.997979797979798,6.215680200024508,1,100
0.0,0.0,0.0,,0.0,0.15,0,4940,0,10,0.0,0.0,0.997979797979798,6.215680200024508,1,100
0.0,0.0,0.0,,0.0,0.2,0,4940,0,10,0.0,0.0,0.997979797979798,6.215680200024508,1,100
0.0,0.0,0.0,,0.0,0.25,0,4940,0,10,0.0,0.0,0.997979797979798,6.215680200024508,1,100
0.0,0.0,0.0,,0.0,0.3,0,4940,0,10,0.0,0.0,0.997979797979798,6.215680200024508,1,100
0.0008097165991902834,0.2,0.6666666666666666,0.3333333333333333,0.2,0.35,2,4936,4,8,0.2,0.0008097165991902834,0.9975757575757576,6.215680200024508,1,100
0.0008097165991902834,0.2,0.6666666666666666,0.3333333333333333,0.2,0.4,2,4936,4,8,0.2,0.0008097165991902834,0.9975757575757576,6.215680200024508,1,100
0.0008097165991902834,0.2,0.6666666666666666,0.3333333333333333,0.2,0.45,2,4936,4,8,0.2,0.0008097165991902834,0.9975757575757576,6.215680200024508,1,100
0.0016194331983805667,0.2,0.8,0.2,0.2,0.5,2,4932,8,8,0.2,0.0016194331983805667,0.9967676767676767,6.215680200024508,1,100
0.0018218623481781376,0.2,0.8181818181818182,0.18181818181818182,0.2,0.55,2,4931,9,8,0.2,0.0018218623481781376,0.9965656565656565,6.215680200024508,1,100
0.0018218623481781376,0.2,0.8181818181818182,0.18181818181818182,0.2,0.6,2,4931,9,8,0.2,0.0018218623481781376,0.9965656565656565,6.215680200024508,1,100
0.0018218623481781376,0.2,0.8181818181818182,0.18181818181818182,0.2,0.65,2,4931,9,8,0.2,0.0018218623481781376,0.9965656565656565,6.215680200024508,1,100
0.0024291497975708503,0.2,0.8571428571428571,0.14285714285714285,0.2,0.7,2,4928,12,8,0.2,0.0024291497975708503,0.9959595959595959,6.215680200024508,1,100
0.003036437246963563,0.2,0.8823529411764706,0.11764705882352941,0.2,0.75,2,4925,15,8,0.2,0.003036437246963563,0.9953535353535353,6.215680200024508,1,100
0.0036437246963562753,0.2,0.9,0.1,0.2,0.8,2,4922,18,8,0.2,0.0036437246963562753,0.9947474747474747,6.215680200024508,1,100
0.009919028340080972,0.3,0.9423076923076923,0.057692307692307696,0.3,0.85,3,4891,49,7,0.3,0.009919028340080972,0.9886868686868687,6.215680200024508,1,100
0.04777327935222672,0.6,0.9752066115702479,0.024793388429752067,0.6,0.9,6,4704,236,4,0.6,0.04777327935222672,0.9515151515151515,6.215680200024508,1,100
0.3740890688259109,0.8,0.9956896551724138,0.004310344827586207,0.8,0.95,8,3092,1848,2,0.8,0.3740890688259109,0.6262626262626263,6.215680200024508,1,100
0.9987854251012146,1.0,0.9979773462783171,0.0020226537216828477,1.0,1.0,10,6,4934,0,1.0,0.9987854251012146,0.0032323232323232323,6.215680200024508,1,100
0.0,0.0,0.0,,0.0,0.05,0,4940,0,10,0.0,0.0,0.997979797979798,6.607867899932899,2,100
0.0,0.0,0.0,,0.0,0.1,0,4940,0,10,0.0,0.0,0.997979797979798,6.607867899932899,2,100
0.0,0.0,0.0,,0.0,0.15,0,4940,0,10,0.0,0.0,0.997979797979798,6.607867899932899,2,100
0.00020242914979757084,0.0,1.0,0.0,0.0,0.2,0,4939,1,10,0.0,0.00020242914979757084,0.9977777777777778,6.607867899932899,2,100
0.00020242914979757084,0.0,1.0,0.0,0.0,0.25,0,4939,1,10,0.0,0.00020242914979757084,0.9977777777777778,6.607867899932899,2,100
0.00020242914979757084,0.0,1.0,0.0,0.0,0.3,0,4939,1,10,0.0,0.00020242914979757084,0.9977777777777778,6.607867899932899,2,100
0.00020242914979757084,0.0,1.0,0.0,0.0,0.35,0,4939,1,10,0.0,0.00020242914979757084,0.9977777777777778,6.607867899932899,2,100
0.00020242914979757084,0.0,1.0,0.0,0.0,0.4,0,4939,1,10,0.0,0.00020242914979757084,0.9977777777777778,6.607867899932899,2,100
0.001417004048582996,0.1,0.875,0.125,0.1,0.45,1,4933,7,9,0.1,0.001417004048582996,0.9967676767676767,6.607867899932899,2,100
0.001417004048582996,0.1,0.875,0.125,0.1,0.5,1,4933,7,9,0.1,0.001417004048582996,0.9967676767676767,6.607867899932899,2,100
0.0018218623481781376,0.1,0.9,0.1,0.1,0.55,1,4931,9,9,0.1,0.0018218623481781376,0.9963636363636363,6.607867899932899,2,100
0.0018218623481781376,0.1,0.9,0.1,0.1,0.6,1,4931,9,9,0.1,0.0018218623481781376,0.9963636363636363,6.607867899932899,2,100
0.0018218623481781376,0.1,0.9,0.1,0.1,0.65,1,4931,9,9,0.1,0.0018218623481781376,0.9963636363636363,6.607867899932899,2,100
0.0018218623481781376,0.2,0.8181818181818182,0.18181818181818182,0.2,0.7,2,4931,9,8,0.2,0.0018218623481781376,0.9965656565656565,6.607867899932899,2,100
0.0020242914979757085,0.2,0.8333333333333334,0.16666666666666666,0.2,0.75,2,4930,10,8,0.2,0.0020242914979757085,0.9963636363636363,6.607867899932899,2,100
0.0020242914979757085,0.2,0.8333333333333334,0.16666666666666666,0.2,0.8,2,4930,10,8,0.2,0.0020242914979757085,0.9963636363636363,6.607867899932899,2,100
0.0024291497975708503,0.2,0.8571428571428571,0.14285714285714285,0.2,0.85,2,4928,12,8,0.2,0.0024291497975708503,0.9959595959595959,6.607867899932899,2,100
0.0024291497975708503,0.3,0.8,0.2,0.3,0.9,3,4928,12,7,0.3,0.0024291497975708503,0.9961616161616161,6.607867899932899,2,100
0.08663967611336032,0.8,0.981651376146789,0.01834862385321101,0.8,0.95,8,4512,428,2,0.8,0.08663967611336032,0.9131313131313131,6.607867899932899,2,100
0.998582995951417,1.0,0.9979769370827433,0.0020230629172567267,1.0,1.0,10,7,4933,0,1.0,0.998582995951417,0.0034343434343434343,6.607867899932899,2,100
0.0,0.0,0.0,,0.0,0.05,0,4940,0,10,0.0,0.0,0.997979797979798,7.55562270001974,3,100
0.0,0.0,0.0,,0.0,0.1,0,4940,0,10,0.0,0.0,0.997979797979798,7.55562270001974,3,100
0.0,0.0,0.0,,0.0,0.15,0,4940,0,10,0.0,0.0,0.997979797979798,7.55562270001974,3,100
0.0,0.0,0.0,,0.0,0.2,0,4940,0,10,0.0,0.0,0.997979797979798,7.55562270001974,3,100
0.0,0.0,0.0,,0.0,0.25,0,4940,0,10,0.0,0.0,0.997979797979798,7.55562270001974,3,100
0.0,0.0,0.0,,0.0,0.3,0,4940,0,10,0.0,0.0,0.997979797979798,7.55562270001974,3,100
0.0,0.0,0.0,,0.0,0.35,0,4940,0,10,0.0,0.0,0.997979797979798,7.55562270001974,3,100
0.00020242914979757084,0.0,1.0,0.0,0.0,0.4,0,4939,1,10,0.0,0.00020242914979757084,0.9977777777777778,7.55562270001974,3,100
0.00020242914979757084,0.0,1.0,0.0,0.0,0.45,0,4939,1,10,0.0,0.00020242914979757084,0.9977777777777778,7.55562270001974,3,100
0.00020242914979757084,0.0,1.0,0.0,0.0,0.5,0,4939,1,10,0.0,0.00020242914979757084,0.9977777777777778,7.55562270001974,3,100
0.00020242914979757084,0.0,1.0,0.0,0.0,0.55,0,4939,1,10,0.0,0.00020242914979757084,0.9977777777777778,7.55562270001974,3,100
0.00020242914979757084,0.0,1.0,0.0,0.0,0.6,0,4939,1,10,0.0,0.00020242914979757084,0.9977777777777778,7.55562270001974,3,100
0.00020242914979757084,0.0,1.0,0.0,0.0,0.65,0,4939,1,10,0.0,0.00020242914979757084,0.9977777777777778,7.55562270001974,3,100
0.0024291497975708503,0.0,1.0,0.0,0.0,0.7,0,4928,12,10,0.0,0.0024291497975708503,0.9955555555555555,7.55562270001974,3,100
0.002631578947368421,0.0,1.0,0.0,0.0,0.75,0,4927,13,10,0.0,0.002631578947368421,0.9953535353535353,7.55562270001974,3,100
0.003036437246963563,0.0,1.0,0.0,0.0,0.8,0,4925,15,10,0.0,0.003036437246963563,0.9949494949494949,7.55562270001974,3,100
0.005060728744939271,0.0,1.0,0.0,0.0,0.85,0,4915,25,10,0.0,0.005060728744939271,0.9929292929292929,7.55562270001974,3,100
0.005668016194331984,0.0,1.0,0.0,0.0,0.9,0,4912,28,10,0.0,0.005668016194331984,0.9923232323232323,7.55562270001974,3,100
0.1813765182186235,0.6,0.9933481152993349,0.0066518847006651885,0.6,0.95,6,4044,896,4,0.6,0.1813765182186235,0.8181818181818182,7.55562270001974,3,100
0.9991902834008097,1.0,0.9979781641730692,0.0020218358269308533,1.0,1.0,10,4,4936,0,1.0,0.9991902834008097,0.0028282828282828283,7.55562270001974,3,100
0.0,0.0,0.0,,0.0,0.05,0,4940,0,10,0.0,0.0,0.997979797979798,7.227794900070876,4,100
0.0,0.0,0.0,,0.0,0.1,0,4940,0,10,0.0,0.0,0.997979797979798,7.227794900070876,4,100
0.00020242914979757084,0.0,1.0,0.0,0.0,0.15,0,4939,1,10,0.0,0.00020242914979757084,0.9977777777777778,7.227794900070876,4,100
0.00020242914979757084,0.0,1.0,0.0,0.0,0.2,0,4939,1,10,0.0,0.00020242914979757084,0.9977777777777778,7.227794900070876,4,100
0.00020242914979757084,0.0,1.0,0.0,0.0,0.25,0,4939,1,10,0.0,0.00020242914979757084,0.9977777777777778,7.227794900070876,4,100
0.00020242914979757084,0.0,1.0,0.0,0.0,0.3,0,4939,1,10,0.0,0.00020242914979757084,0.9977777777777778,7.227794900070876,4,100
0.00020242914979757084,0.0,1.0,0.0,0.0,0.35,0,4939,1,10,0.0,0.00020242914979757084,0.9977777777777778,7.227794900070876,4,100
0.00020242914979757084,0.0,1.0,0.0,0.0,0.4,0,4939,1,10,0.0,0.00020242914979757084,0.9977777777777778,7.227794900070876,4,100
0.0004048582995951417,0.0,1.0,0.0,0.0,0.45,0,4938,2,10,0.0,0.0004048582995951417,0.9975757575757576,7.227794900070876,4,100
0.0004048582995951417,0.0,1.0,0.0,0.0,0.5,0,4938,2,10,0.0,0.0004048582995951417,0.9975757575757576,7.227794900070876,4,100
0.0004048582995951417,0.0,1.0,0.0,0.0,0.55,0,4938,2,10,0.0,0.0004048582995951417,0.9975757575757576,7.227794900070876,4,100
0.0004048582995951417,0.0,1.0,0.0,0.0,0.6,0,4938,2,10,0.0,0.0004048582995951417,0.9975757575757576,7.227794900070876,4,100
0.0004048582995951417,0.0,1.0,0.0,0.0,0.65,0,4938,2,10,0.0,0.0004048582995951417,0.9975757575757576,7.227794900070876,4,100
0.0004048582995951417,0.0,1.0,0.0,0.0,0.7,0,4938,2,10,0.0,0.0004048582995951417,0.9975757575757576,7.227794900070876,4,100
0.0072874493927125505,0.1,0.972972972972973,0.02702702702702703,0.1,0.75,1,4904,36,9,0.1,0.0072874493927125505,0.990909090909091,7.227794900070876,4,100
0.00931174089068826,0.2,0.9583333333333334,0.041666666666666664,0.2,0.8,2,4894,46,8,0.2,0.00931174089068826,0.9890909090909091,7.227794900070876,4,100
0.014979757085020242,0.2,0.9736842105263158,0.02631578947368421,0.2,0.85,2,4866,74,8,0.2,0.014979757085020242,0.9834343434343434,7.227794900070876,4,100
0.015789473684210527,0.2,0.975,0.025,0.2,0.9,2,4862,78,8,0.2,0.015789473684210527,0.9826262626262626,7.227794900070876,4,100
0.03805668016194332,0.3,0.9842931937172775,0.015706806282722512,0.3,0.95,3,4752,188,7,0.3,0.03805668016194332,0.9606060606060606,7.227794900070876,4,100
0.6894736842105263,1.0,0.997072599531616,0.002927400468384075,1.0,1.0,10,1534,3406,0,1.0,0.6894736842105263,0.31191919191919193,7.227794900070876,4,100
0.0,0.0,0.0,,0.0,0.05,0,4940,0,10,0.0,0.0,0.997979797979798,7.180246200063266,5,100
0.0,0.0,0.0,,0.0,0.1,0,4940,0,10,0.0,0.0,0.997979797979798,7.180246200063266,5,100
0.0,0.0,0.0,,0.0,0.15,0,4940,0,10,0.0,0.0,0.997979797979798,7.180246200063266,5,100
0.0,0.0,0.0,,0.0,0.2,0,4940,0,10,0.0,0.0,0.997979797979798,7.180246200063266,5,100
0.0,0.0,0.0,,0.0,0.25,0,4940,0,10,0.0,0.0,0.997979797979798,7.180246200063266,5,100
0.0,0.0,0.0,,0.0,0.3,0,4940,0,10,0.0,0.0,0.997979797979798,7.180246200063266,5,100
0.0,0.0,0.0,,0.0,0.35,0,4940,0,10,0.0,0.0,0.997979797979798,7.180246200063266,5,100
0.0,0.0,0.0,,0.0,0.4,0,4940,0,10,0.0,0.0,0.997979797979798,7.180246200063266,5,100
0.0,0.0,0.0,,0.0,0.45,0,4940,0,10,0.0,0.0,0.997979797979798,7.180246200063266,5,100
0.0,0.0,0.0,,0.0,0.5,0,4940,0,10,0.0,0.0,0.997979797979798,7.180246200063266,5,100
0.0,0.0,0.0,,0.0,0.55,0,4940,0,10,0.0,0.0,0.997979797979798,7.180246200063266,5,100
0.0,0.0,0.0,,0.0,0.6,0,4940,0,10,0.0,0.0,0.997979797979798,7.180246200063266,5,100
0.0008097165991902834,0.2,0.6666666666666666,0.3333333333333333,0.2,0.65,2,4936,4,8,0.2,0.0008097165991902834,0.9975757575757576,7.180246200063266,5,100
0.0008097165991902834,0.2,0.6666666666666666,0.3333333333333333,0.2,0.7,2,4936,4,8,0.2,0.0008097165991902834,0.9975757575757576,7.180246200063266,5,100
0.0008097165991902834,0.2,0.6666666666666666,0.3333333333333333,0.2,0.75,2,4936,4,8,0.2,0.0008097165991902834,0.9975757575757576,7.180246200063266,5,100
0.0008097165991902834,0.2,0.6666666666666666,0.3333333333333333,0.2,0.8,2,4936,4,8,0.2,0.0008097165991902834,0.9975757575757576,7.180246200063266,5,100
0.0018218623481781376,0.2,0.8181818181818182,0.18181818181818182,0.2,0.85,2,4931,9,8,0.2,0.0018218623481781376,0.9965656565656565,7.180246200063266,5,100
0.005668016194331984,0.2,0.9333333333333333,0.06666666666666667,0.2,0.9,2,4912,28,8,0.2,0.005668016194331984,0.9927272727272727,7.180246200063266,5,100
0.10060728744939271,0.8,0.9841584158415841,0.015841584158415842,0.8,0.95,8,4443,497,2,0.8,0.10060728744939271,0.8991919191919192,7.180246200063266,5,100
0.9983805668016195,1.0,0.9979765277215702,0.0020234722784297854,1.0,1.0,10,8,4932,0,1.0,0.9983805668016195,0.0036363636363636364,7.180246200063266,5,100
0.0,0.0,0.0,,0.0,0.05,0,4940,0,10,0.0,0.0,0.997979797979798,7.509266200009733,6,100
0.0,0.0,0.0,,0.0,0.1,0,4940,0,10,0.0,0.0,0.997979797979798,7.509266200009733,6,100
0.0,0.0,0.0,,0.0,0.15,0,4940,0,10,0.0,0.0,0.997979797979798,7.509266200009733,6,100
0.0,0.0,0.0,,0.0,0.2,0,4940,0,10,0.0,0.0,0.997979797979798,7.509266200009733,6,100
0.0,0.0,0.0,,0.0,0.25,0,4940,0,10,0.0,0.0,0.997979797979798,7.509266200009733,6,100
0.0,0.0,0.0,,0.0,0.3,0,4940,0,10,0.0,0.0,0.997979797979798,7.509266200009733,6,100
0.0,0.0,0.0,,0.0,0.35,0,4940,0,10,0.0,0.0,0.997979797979798,7.509266200009733,6,100
0.0006072874493927126,0.0,1.0,0.0,0.0,0.4,0,4937,3,10,0.0,0.0006072874493927126,0.9973737373737374,7.509266200009733,6,100
0.0006072874493927126,0.0,1.0,0.0,0.0,0.45,0,4937,3,10,0.0,0.0006072874493927126,0.9973737373737374,7.509266200009733,6,100
0.0006072874493927126,0.0,1.0,0.0,0.0,0.5,0,4937,3,10,0.0,0.0006072874493927126,0.9973737373737374,7.509266200009733,6,100
0.0006072874493927126,0.0,1.0,0.0,0.0,0.55,0,4937,3,10,0.0,0.0006072874493927126,0.9973737373737374,7.509266200009733,6,100
0.0006072874493927126,0.0,1.0,0.0,0.0,0.6,0,4937,3,10,0.0,0.0006072874493927126,0.9973737373737374,7.509266200009733,6,100
0.0006072874493927126,0.0,1.0,0.0,0.0,0.65,0,4937,3,10,0.0,0.0006072874493927126,0.9973737373737374,7.509266200009733,6,100
0.0006072874493927126,0.0,1.0,0.0,0.0,0.7,0,4937,3,10,0.0,0.0006072874493927126,0.9973737373737374,7.509266200009733,6,100
0.0006072874493927126,0.0,1.0,0.0,0.0,0.75,0,4937,3,10,0.0,0.0006072874493927126,0.9973737373737374,7.509266200009733,6,100
0.033805668016194335,0.7,0.9597701149425287,0.040229885057471264,0.7,0.8,7,4773,167,3,0.7,0.033805668016194335,0.9656565656565657,7.509266200009733,6,100
0.04736842105263158,0.7,0.970954356846473,0.029045643153526972,0.7,0.85,7,4706,234,3,0.7,0.04736842105263158,0.9521212121212121,7.509266200009733,6,100
0.12489878542510122,0.9,0.9856230031948882,0.01437699680511182,0.9,0.9,9,4323,617,1,0.9,0.12489878542510122,0.8751515151515151,7.509266200009733,6,100
0.2153846153846154,0.9,0.9916123019571296,0.008387698042870456,0.9,0.95,9,3876,1064,1,0.9,0.2153846153846154,0.7848484848484848,7.509266200009733,6,100
0.9987854251012146,1.0,0.9979773462783171,0.0020226537216828477,1.0,1.0,10,6,4934,0,1.0,0.9987854251012146,0.0032323232323232323,7.509266200009733,6,100
0.0,0.0,0.0,,0.0,0.05,0,4940,0,10,0.0,0.0,0.997979797979798,7.53942350007128,7,100
0.0,0.0,0.0,,0.0,0.1,0,4940,0,10,0.0,0.0,0.997979797979798,7.53942350007128,7,100
0.0,0.0,0.0,,0.0,0.15,0,4940,0,10,0.0,0.0,0.997979797979798,7.53942350007128,7,100
0.0,0.0,0.0,,0.0,0.2,0,4940,0,10,0.0,0.0,0.997979797979798,7.53942350007128,7,100
0.0,0.0,0.0,,0.0,0.25,0,4940,0,10,0.0,0.0,0.997979797979798,7.53942350007128,7,100
0.0,0.0,0.0,,0.0,0.3,0,4940,0,10,0.0,0.0,0.997979797979798,7.53942350007128,7,100
0.00020242914979757084,0.0,1.0,0.0,0.0,0.35,0,4939,1,10,0.0,0.00020242914979757084,0.9977777777777778,7.53942350007128,7,100
0.00020242914979757084,0.0,1.0,0.0,0.0,0.4,0,4939,1,10,0.0,0.00020242914979757084,0.9977777777777778,7.53942350007128,7,100
0.00020242914979757084,0.0,1.0,0.0,0.0,0.45,0,4939,1,10,0.0,0.00020242914979757084,0.9977777777777778,7.53942350007128,7,100
0.00020242914979757084,0.0,1.0,0.0,0.0,0.5,0,4939,1,10,0.0,0.00020242914979757084,0.9977777777777778,7.53942350007128,7,100
0.00020242914979757084,0.0,1.0,0.0,0.0,0.55,0,4939,1,10,0.0,0.00020242914979757084,0.9977777777777778,7.53942350007128,7,100
0.00020242914979757084,0.0,1.0,0.0,0.0,0.6,0,4939,1,10,0.0,0.00020242914979757084,0.9977777777777778,7.53942350007128,7,100
0.0004048582995951417,0.0,1.0,0.0,0.0,0.65,0,4938,2,10,0.0,0.0004048582995951417,0.9975757575757576,7.53942350007128,7,100
0.0004048582995951417,0.0,1.0,0.0,0.0,0.7,0,4938,2,10,0.0,0.0004048582995951417,0.9975757575757576,7.53942350007128,7,100
0.0004048582995951417,0.0,1.0,0.0,0.0,0.75,0,4938,2,10,0.0,0.0004048582995951417,0.9975757575757576,7.53942350007128,7,100
0.0004048582995951417,0.0,1.0,0.0,0.0,0.8,0,4938,2,10,0.0,0.0004048582995951417,0.9975757575757576,7.53942350007128,7,100
0.0004048582995951417,0.0,1.0,0.0,0.0,0.85,0,4938,2,10,0.0,0.0004048582995951417,0.9975757575757576,7.53942350007128,7,100
0.0004048582995951417,0.0,1.0,0.0,0.0,0.9,0,4938,2,10,0.0,0.0004048582995951417,0.9975757575757576,7.53942350007128,7,100
0.018016194331983804,0.3,0.967391304347826,0.03260869565217391,0.3,0.95,3,4851,89,7,0.3,0.018016194331983804,0.9806060606060606,7.53942350007128,7,100
0.872672064777328,0.9,0.9979166666666667,0.0020833333333333333,0.9,1.0,9,629,4311,1,0.9,0.872672064777328,0.1288888888888889,7.53942350007128,7,100
0.0,0.0,0.0,,0.0,0.05,0,4940,0,10,0.0,0.0,0.997979797979798,7.368419099948369,8,100
0.0,0.0,0.0,,0.0,0.1,0,4940,0,10,0.0,0.0,0.997979797979798,7.368419099948369,8,100
0.00020242914979757084,0.0,1.0,0.0,0.0,0.15,0,4939,1,10,0.0,0.00020242914979757084,0.9977777777777778,7.368419099948369,8,100
0.00020242914979757084,0.0,1.0,0.0,0.0,0.2,0,4939,1,10,0.0,0.00020242914979757084,0.9977777777777778,7.368419099948369,8,100
0.00020242914979757084,0.0,1.0,0.0,0.0,0.25,0,4939,1,10,0.0,0.00020242914979757084,0.9977777777777778,7.368419099948369,8,100
0.0004048582995951417,0.0,1.0,0.0,0.0,0.3,0,4938,2,10,0.0,0.0004048582995951417,0.9975757575757576,7.368419099948369,8,100
0.0004048582995951417,0.0,1.0,0.0,0.0,0.35,0,4938,2,10,0.0,0.0004048582995951417,0.9975757575757576,7.368419099948369,8,100
0.0004048582995951417,0.2,0.5,0.5,0.2,0.4,2,4938,2,8,0.2,0.0004048582995951417,0.997979797979798,7.368419099948369,8,100
0.0004048582995951417,0.2,0.5,0.5,0.2,0.45,2,4938,2,8,0.2,0.0004048582995951417,0.997979797979798,7.368419099948369,8,100
0.0018218623481781376,0.2,0.8181818181818182,0.18181818181818182,0.2,0.5,2,4931,9,8,0.2,0.0018218623481781376,0.9965656565656565,7.368419099948369,8,100
0.0018218623481781376,0.2,0.8181818181818182,0.18181818181818182,0.2,0.55,2,4931,9,8,0.2,0.0018218623481781376,0.9965656565656565,7.368419099948369,8,100
0.0032388663967611335,0.2,0.8888888888888888,0.1111111111111111,0.2,0.6,2,4924,16,8,0.2,0.0032388663967611335,0.9951515151515151,7.368419099948369,8,100
0.0032388663967611335,0.2,0.8888888888888888,0.1111111111111111,0.2,0.65,2,4924,16,8,0.2,0.0032388663967611335,0.9951515151515151,7.368419099948369,8,100
0.0032388663967611335,0.2,0.8888888888888888,0.1111111111111111,0.2,0.7,2,4924,16,8,0.2,0.0032388663967611335,0.9951515151515151,7.368419099948369,8,100
0.005060728744939271,0.2,0.9259259259259259,0.07407407407407407,0.2,0.75,2,4915,25,8,0.2,0.005060728744939271,0.9933333333333333,7.368419099948369,8,100
0.010728744939271255,0.3,0.9464285714285714,0.05357142857142857,0.3,0.8,3,4887,53,7,0.3,0.010728744939271255,0.9878787878787879,7.368419099948369,8,100
0.07105263157894737,0.5,0.9859550561797753,0.014044943820224719,0.5,0.85,5,4589,351,5,0.5,0.07105263157894737,0.9280808080808081,7.368419099948369,8,100
0.0951417004048583,0.6,0.9873949579831933,0.012605042016806723,0.6,0.9,6,4470,470,4,0.6,0.0951417004048583,0.9042424242424243,7.368419099948369,8,100
0.3016194331983806,0.7,0.9953239812959251,0.004676018704074816,0.7,0.95,7,3450,1490,3,0.7,0.3016194331983806,0.6983838383838383,7.368419099948369,8,100
0.9983805668016195,1.0,0.9979765277215702,0.0020234722784297854,1.0,1.0,10,8,4932,0,1.0,0.9983805668016195,0.0036363636363636364,7.368419099948369,8,100
0.00020242914979757084,0.1,0.5,0.5,0.1,0.05,1,4939,1,9,0.1,0.00020242914979757084,0.997979797979798,7.461244700010866,9,100
0.0006072874493927126,0.1,0.75,0.25,0.1,0.1,1,4937,3,9,0.1,0.0006072874493927126,0.9975757575757576,7.461244700010866,9,100
0.0006072874493927126,0.2,0.6,0.4,0.2,0.15,2,4937,3,8,0.2,0.0006072874493927126,0.9977777777777778,7.461244700010866,9,100
0.0006072874493927126,0.2,0.6,0.4,0.2,0.2,2,4937,3,8,0.2,0.0006072874493927126,0.9977777777777778,7.461244700010866,9,100
0.0012145748987854252,0.2,0.75,0.25,0.2,0.25,2,4934,6,8,0.2,0.0012145748987854252,0.9971717171717172,7.461244700010866,9,100
0.0012145748987854252,0.2,0.75,0.25,0.2,0.3,2,4934,6,8,0.2,0.0012145748987854252,0.9971717171717172,7.461244700010866,9,100
0.0012145748987854252,0.2,0.75,0.25,0.2,0.35,2,4934,6,8,0.2,0.0012145748987854252,0.9971717171717172,7.461244700010866,9,100
0.0016194331983805667,0.2,0.8,0.2,0.2,0.4,2,4932,8,8,0.2,0.0016194331983805667,0.9967676767676767,7.461244700010866,9,100
0.0016194331983805667,0.2,0.8,0.2,0.2,0.45,2,4932,8,8,0.2,0.0016194331983805667,0.9967676767676767,7.461244700010866,9,100
0.0016194331983805667,0.2,0.8,0.2,0.2,0.5,2,4932,8,8,0.2,0.0016194331983805667,0.9967676767676767,7.461244700010866,9,100
0.0016194331983805667,0.2,0.8,0.2,0.2,0.55,2,4932,8,8,0.2,0.0016194331983805667,0.9967676767676767,7.461244700010866,9,100
0.0016194331983805667,0.2,0.8,0.2,0.2,0.6,2,4932,8,8,0.2,0.0016194331983805667,0.9967676767676767,7.461244700010866,9,100
0.0016194331983805667,0.2,0.8,0.2,0.2,0.65,2,4932,8,8,0.2,0.0016194331983805667,0.9967676767676767,7.461244700010866,9,100
0.0016194331983805667,0.2,0.8,0.2,0.2,0.7,2,4932,8,8,0.2,0.0016194331983805667,0.9967676767676767,7.461244700010866,9,100
0.002631578947368421,0.2,0.8666666666666667,0.13333333333333333,0.2,0.75,2,4927,13,8,0.2,0.002631578947368421,0.9957575757575757,7.461244700010866,9,100
0.002631578947368421,0.2,0.8666666666666667,0.13333333333333333,0.2,0.8,2,4927,13,8,0.2,0.002631578947368421,0.9957575757575757,7.461244700010866,9,100
0.004048582995951417,0.2,0.9090909090909091,0.09090909090909091,0.2,0.85,2,4920,20,8,0.2,0.004048582995951417,0.9943434343434343,7.461244700010866,9,100
0.00465587044534413,0.2,0.92,0.08,0.2,0.9,2,4917,23,8,0.2,0.00465587044534413,0.9937373737373737,7.461244700010866,9,100
0.02206477732793522,0.4,0.9646017699115044,0.035398230088495575,0.4,0.95,4,4831,109,6,0.4,0.02206477732793522,0.9767676767676767,7.461244700010866,9,100
0.9975708502024292,1.0,0.9979748886188741,0.002025111381125962,1.0,1.0,10,12,4928,0,1.0,0.9975708502024292,0.0044444444444444444,7.461244700010866,9,100
0.0,0.0,0.0,,0.0,0.05,0,4940,0,10,0.0,0.0,0.997979797979798,7.5084981000982225,10,100
0.0,0.0,0.0,,0.0,0.1,0,4940,0,10,0.0,0.0,0.997979797979798,7.5084981000982225,10,100
0.0,0.0,0.0,,0.0,0.15,0,4940,0,10,0.0,0.0,0.997979797979798,7.5084981000982225,10,100
0.0,0.0,0.0,,0.0,0.2,0,4940,0,10,0.0,0.0,0.997979797979798,7.5084981000982225,10,100
0.0,0.0,0.0,,0.0,0.25,0,4940,0,10,0.0,0.0,0.997979797979798,7.5084981000982225,10,100
0.0,0.0,0.0,,0.0,0.3,0,4940,0,10,0.0,0.0,0.997979797979798,7.5084981000982225,10,100
0.0,0.0,0.0,,0.0,0.35,0,4940,0,10,0.0,0.0,0.997979797979798,7.5084981000982225,10,100
0.0,0.0,0.0,,0.0,0.4,0,4940,0,10,0.0,0.0,0.997979797979798,7.5084981000982225,10,100
0.0,0.0,0.0,,0.0,0.45,0,4940,0,10,0.0,0.0,0.997979797979798,7.5084981000982225,10,100
0.0,0.0,0.0,,0.0,0.5,0,4940,0,10,0.0,0.0,0.997979797979798,7.5084981000982225,10,100
0.0,0.0,0.0,,0.0,0.55,0,4940,0,10,0.0,0.0,0.997979797979798,7.5084981000982225,10,100
0.0,0.0,0.0,,0.0,0.6,0,4940,0,10,0.0,0.0,0.997979797979798,7.5084981000982225,10,100
0.0,0.0,0.0,,0.0,0.65,0,4940,0,10,0.0,0.0,0.997979797979798,7.5084981000982225,10,100
0.0,0.0,0.0,,0.0,0.7,0,4940,0,10,0.0,0.0,0.997979797979798,7.5084981000982225,10,100
0.0,0.0,0.0,,0.0,0.75,0,4940,0,10,0.0,0.0,0.997979797979798,7.5084981000982225,10,100
0.0,0.0,0.0,,0.0,0.8,0,4940,0,10,0.0,0.0,0.997979797979798,7.5084981000982225,10,100
0.0,0.0,0.0,,0.0,0.85,0,4940,0,10,0.0,0.0,0.997979797979798,7.5084981000982225,10,100
0.025910931174089068,0.3,0.9770992366412213,0.022900763358778626,0.3,0.9,3,4812,128,7,0.3,0.025910931174089068,0.9727272727272728,7.5084981000982225,10,100
0.09210526315789473,0.8,0.9827213822894169,0.017278617710583154,0.8,0.95,8,4485,455,2,0.8,0.09210526315789473,0.9076767676767676,7.5084981000982225,10,100
0.998582995951417,1.0,0.9979769370827433,0.0020230629172567267,1.0,1.0,10,7,4933,0,1.0,0.998582995951417,0.0034343434343434343,7.5084981000982225,10,100
0.00020242914979757084,0.1,0.5,0.5,0.1,0.05,1,4939,1,9,0.1,0.00020242914979757084,0.997979797979798,7.360832499922253,11,100
0.00020242914979757084,0.1,0.5,0.5,0.1,0.1,1,4939,1,9,0.1,0.00020242914979757084,0.997979797979798,7.360832499922253,11,100
0.0010121457489878543,0.2,0.7142857142857143,0.2857142857142857,0.2,0.15,2,4935,5,8,0.2,0.0010121457489878543,0.9973737373737374,7.360832499922253,11,100
0.0012145748987854252,0.2,0.75,0.25,0.2,0.2,2,4934,6,8,0.2,0.0012145748987854252,0.9971717171717172,7.360832499922253,11,100
0.001417004048582996,0.2,0.7777777777777778,0.2222222222222222,0.2,0.25,2,4933,7,8,0.2,0.001417004048582996,0.996969696969697,7.360832499922253,11,100
0.001417004048582996,0.2,0.7777777777777778,0.2222222222222222,0.2,0.3,2,4933,7,8,0.2,0.001417004048582996,0.996969696969697,7.360832499922253,11,100
0.001417004048582996,0.2,0.7777777777777778,0.2222222222222222,0.2,0.35,2,4933,7,8,0.2,0.001417004048582996,0.996969696969697,7.360832499922253,11,100
0.0020242914979757085,0.2,0.8333333333333334,0.16666666666666666,0.2,0.4,2,4930,10,8,0.2,0.0020242914979757085,0.9963636363636363,7.360832499922253,11,100
0.0020242914979757085,0.2,0.8333333333333334,0.16666666666666666,0.2,0.45,2,4930,10,8,0.2,0.0020242914979757085,0.9963636363636363,7.360832499922253,11,100
0.0024291497975708503,0.2,0.8571428571428571,0.14285714285714285,0.2,0.5,2,4928,12,8,0.2,0.0024291497975708503,0.9959595959595959,7.360832499922253,11,100
0.0024291497975708503,0.3,0.8,0.2,0.3,0.55,3,4928,12,7,0.3,0.0024291497975708503,0.9961616161616161,7.360832499922253,11,100
0.0024291497975708503,0.3,0.8,0.2,0.3,0.6,3,4928,12,7,0.3,0.0024291497975708503,0.9961616161616161,7.360832499922253,11,100
0.003036437246963563,0.3,0.8333333333333334,0.16666666666666666,0.3,0.65,3,4925,15,7,0.3,0.003036437246963563,0.9955555555555555,7.360832499922253,11,100
0.003036437246963563,0.3,0.8333333333333334,0.16666666666666666,0.3,0.7,3,4925,15,7,0.3,0.003036437246963563,0.9955555555555555,7.360832499922253,11,100
0.009716599190283401,0.3,0.9411764705882353,0.058823529411764705,0.3,0.75,3,4892,48,7,0.3,0.009716599190283401,0.9888888888888889,7.360832499922253,11,100
0.019433198380566803,0.5,0.9504950495049505,0.04950495049504951,0.5,0.8,5,4844,96,5,0.5,0.019433198380566803,0.9795959595959596,7.360832499922253,11,100
0.03502024291497976,0.6,0.9664804469273743,0.0335195530726257,0.6,0.85,6,4767,173,4,0.6,0.03502024291497976,0.9642424242424242,7.360832499922253,11,100
0.043927125506072875,0.6,0.9730941704035875,0.026905829596412557,0.6,0.9,6,4723,217,4,0.6,0.043927125506072875,0.9553535353535354,7.360832499922253,11,100
0.2159919028340081,0.8,0.9925581395348837,0.0074418604651162795,0.8,0.95,8,3873,1067,2,0.8,0.2159919028340081,0.7840404040404041,7.360832499922253,11,100
0.998582995951417,1.0,0.9979769370827433,0.0020230629172567267,1.0,1.0,10,7,4933,0,1.0,0.998582995951417,0.0034343434343434343,7.360832499922253,11,100
0.0,0.0,0.0,,0.0,0.05,0,4940,0,10,0.0,0.0,0.997979797979798,6.665331800002605,12,100
0.0,0.0,0.0,,0.0,0.1,0,4940,0,10,0.0,0.0,0.997979797979798,6.665331800002605,12,100
0.00020242914979757084,0.1,0.5,0.5,0.1,0.15,1,4939,1,9,0.1,0.00020242914979757084,0.997979797979798,6.665331800002605,12,100
0.0012145748987854252,0.1,0.8571428571428571,0.14285714285714285,0.1,0.2,1,4934,6,9,0.1,0.0012145748987854252,0.996969696969697,6.665331800002605,12,100
0.0020242914979757085,0.2,0.8333333333333334,0.16666666666666666,0.2,0.25,2,4930,10,8,0.2,0.0020242914979757085,0.9963636363636363,6.665331800002605,12,100
0.0020242914979757085,0.2,0.8333333333333334,0.16666666666666666,0.2,0.3,2,4930,10,8,0.2,0.0020242914979757085,0.9963636363636363,6.665331800002605,12,100
0.0020242914979757085,0.2,0.8333333333333334,0.16666666666666666,0.2,0.35,2,4930,10,8,0.2,0.0020242914979757085,0.9963636363636363,6.665331800002605,12,100
0.0020242914979757085,0.2,0.8333333333333334,0.16666666666666666,0.2,0.4,2,4930,10,8,0.2,0.0020242914979757085,0.9963636363636363,6.665331800002605,12,100
0.0020242914979757085,0.2,0.8333333333333334,0.16666666666666666,0.2,0.45,2,4930,10,8,0.2,0.0020242914979757085,0.9963636363636363,6.665331800002605,12,100
0.0032388663967611335,0.2,0.8888888888888888,0.1111111111111111,0.2,0.5,2,4924,16,8,0.2,0.0032388663967611335,0.9951515151515151,6.665331800002605,12,100
0.0036437246963562753,0.2,0.9,0.1,0.2,0.55,2,4922,18,8,0.2,0.0036437246963562753,0.9947474747474747,6.665331800002605,12,100
0.004453441295546558,0.2,0.9166666666666666,0.08333333333333333,0.2,0.6,2,4918,22,8,0.2,0.004453441295546558,0.9939393939393939,6.665331800002605,12,100
0.004453441295546558,0.2,0.9166666666666666,0.08333333333333333,0.2,0.65,2,4918,22,8,0.2,0.004453441295546558,0.9939393939393939,6.665331800002605,12,100
0.004858299595141701,0.2,0.9230769230769231,0.07692307692307693,0.2,0.7,2,4916,24,8,0.2,0.004858299595141701,0.9935353535353535,6.665331800002605,12,100
0.005263157894736842,0.2,0.9285714285714286,0.07142857142857142,0.2,0.75,2,4914,26,8,0.2,0.005263157894736842,0.9931313131313131,6.665331800002605,12,100
0.005263157894736842,0.2,0.9285714285714286,0.07142857142857142,0.2,0.8,2,4914,26,8,0.2,0.005263157894736842,0.9931313131313131,6.665331800002605,12,100
0.005465587044534413,0.2,0.9310344827586207,0.06896551724137931,0.2,0.85,2,4913,27,8,0.2,0.005465587044534413,0.9929292929292929,6.665331800002605,12,100
0.005668016194331984,0.2,0.9333333333333333,0.06666666666666667,0.2,0.9,2,4912,28,8,0.2,0.005668016194331984,0.9927272727272727,6.665331800002605,12,100
0.006882591093117409,0.2,0.9444444444444444,0.05555555555555555,0.2,0.95,2,4906,34,8,0.2,0.006882591093117409,0.9915151515151515,6.665331800002605,12,100
0.9967611336032388,1.0,0.9979732468585326,0.002026753141467369,1.0,1.0,10,16,4924,0,1.0,0.9967611336032388,0.0052525252525252525,6.665331800002605,12,100
0.0,0.0,0.0,,0.0,0.05,0,4940,0,10,0.0,0.0,0.997979797979798,7.482125199981965,13,100
0.0004048582995951417,0.0,1.0,0.0,0.0,0.1,0,4938,2,10,0.0,0.0004048582995951417,0.9975757575757576,7.482125199981965,13,100
0.0006072874493927126,0.0,1.0,0.0,0.0,0.15,0,4937,3,10,0.0,0.0006072874493927126,0.9973737373737374,7.482125199981965,13,100
0.0010121457489878543,0.1,0.8333333333333334,0.16666666666666666,0.1,0.2,1,4935,5,9,0.1,0.0010121457489878543,0.9971717171717172,7.482125199981965,13,100
0.0012145748987854252,0.1,0.8571428571428571,0.14285714285714285,0.1,0.25,1,4934,6,9,0.1,0.0012145748987854252,0.996969696969697,7.482125199981965,13,100
0.0016194331983805667,0.1,0.8888888888888888,0.1111111111111111,0.1,0.3,1,4932,8,9,0.1,0.0016194331983805667,0.9965656565656565,7.482125199981965,13,100
0.002834008097165992,0.1,0.9333333333333333,0.06666666666666667,0.1,0.35,1,4926,14,9,0.1,0.002834008097165992,0.9953535353535353,7.482125199981965,13,100
0.002834008097165992,0.1,0.9333333333333333,0.06666666666666667,0.1,0.4,1,4926,14,9,0.1,0.002834008097165992,0.9953535353535353,7.482125199981965,13,100
0.003036437246963563,0.1,0.9375,0.0625,0.1,0.45,1,4925,15,9,0.1,0.003036437246963563,0.9951515151515151,7.482125199981965,13,100
0.003036437246963563,0.1,0.9375,0.0625,0.1,0.5,1,4925,15,9,0.1,0.003036437246963563,0.9951515151515151,7.482125199981965,13,100
0.003036437246963563,0.1,0.9375,0.0625,0.1,0.55,1,4925,15,9,0.1,0.003036437246963563,0.9951515151515151,7.482125199981965,13,100
0.004251012145748988,0.2,0.9130434782608695,0.08695652173913043,0.2,0.6,2,4919,21,8,0.2,0.004251012145748988,0.9941414141414141,7.482125199981965,13,100
0.004251012145748988,0.2,0.9130434782608695,0.08695652173913043,0.2,0.65,2,4919,21,8,0.2,0.004251012145748988,0.9941414141414141,7.482125199981965,13,100
0.004251012145748988,0.2,0.9130434782608695,0.08695652173913043,0.2,0.7,2,4919,21,8,0.2,0.004251012145748988,0.9941414141414141,7.482125199981965,13,100
0.004251012145748988,0.2,0.9130434782608695,0.08695652173913043,0.2,0.75,2,4919,21,8,0.2,0.004251012145748988,0.9941414141414141,7.482125199981965,13,100
0.006275303643724696,0.2,0.9393939393939394,0.06060606060606061,0.2,0.8,2,4909,31,8,0.2,0.006275303643724696,0.9921212121212121,7.482125199981965,13,100
0.010526315789473684,0.3,0.9454545454545454,0.05454545454545454,0.3,0.85,3,4888,52,7,0.3,0.010526315789473684,0.9880808080808081,7.482125199981965,13,100
0.026923076923076925,0.3,0.9779411764705882,0.022058823529411766,0.3,0.9,3,4807,133,7,0.3,0.026923076923076925,0.9717171717171718,7.482125199981965,13,100
0.03866396761133603,0.3,0.9845360824742269,0.015463917525773196,0.3,0.95,3,4749,191,7,0.3,0.03866396761133603,0.96,7.482125199981965,13,100
0.9987854251012146,1.0,0.9979773462783171,0.0020226537216828477,1.0,1.0,10,6,4934,0,1.0,0.9987854251012146,0.0032323232323232323,7.482125199981965,13,100
0.0,0.0,0.0,,0.0,0.05,0,4940,0,10,0.0,0.0,0.997979797979798,7.545657999929972,14,100
0.0,0.0,0.0,,0.0,0.1,0,4940,0,10,0.0,0.0,0.997979797979798,7.545657999929972,14,100
0.0,0.0,0.0,,0.0,0.15,0,4940,0,10,0.0,0.0,0.997979797979798,7.545657999929972,14,100
0.0,0.0,0.0,,0.0,0.2,0,4940,0,10,0.0,0.0,0.997979797979798,7.545657999929972,14,100
0.0,0.0,0.0,,0.0,0.25,0,4940,0,10,0.0,0.0,0.997979797979798,7.545657999929972,14,100
0.0,0.0,0.0,,0.0,0.3,0,4940,0,10,0.0,0.0,0.997979797979798,7.545657999929972,14,100
0.0,0.0,0.0,,0.0,0.35,0,4940,0,10,0.0,0.0,0.997979797979798,7.545657999929972,14,100
0.0,0.0,0.0,,0.0,0.4,0,4940,0,10,0.0,0.0,0.997979797979798,7.545657999929972,14,100
0.0,0.0,0.0,,0.0,0.45,0,4940,0,10,0.0,0.0,0.997979797979798,7.545657999929972,14,100
0.0,0.0,0.0,,0.0,0.5,0,4940,0,10,0.0,0.0,0.997979797979798,7.545657999929972,14,100
0.0006072874493927126,0.1,0.75,0.25,0.1,0.55,1,4937,3,9,0.1,0.0006072874493927126,0.9975757575757576,7.545657999929972,14,100
0.0006072874493927126,0.1,0.75,0.25,0.1,0.6,1,4937,3,9,0.1,0.0006072874493927126,0.9975757575757576,7.545657999929972,14,100
0.0006072874493927126,0.1,0.75,0.25,0.1,0.65,1,4937,3,9,0.1,0.0006072874493927126,0.9975757575757576,7.545657999929972,14,100
0.0006072874493927126,0.1,0.75,0.25,0.1,0.7,1,4937,3,9,0.1,0.0006072874493927126,0.9975757575757576,7.545657999929972,14,100
0.0012145748987854252,0.2,0.75,0.25,0.2,0.75,2,4934,6,8,0.2,0.0012145748987854252,0.9971717171717172,7.545657999929972,14,100
0.0016194331983805667,0.2,0.8,0.2,0.2,0.8,2,4932,8,8,0.2,0.0016194331983805667,0.9967676767676767,7.545657999929972,14,100
0.0018218623481781376,0.2,0.8181818181818182,0.18181818181818182,0.2,0.85,2,4931,9,8,0.2,0.0018218623481781376,0.9965656565656565,7.545657999929972,14,100
0.0034412955465587046,0.2,0.8947368421052632,0.10526315789473684,0.2,0.9,2,4923,17,8,0.2,0.0034412955465587046,0.9949494949494949,7.545657999929972,14,100
0.06680161943319839,0.3,0.990990990990991,0.009009009009009009,0.3,0.95,3,4610,330,7,0.3,0.06680161943319839,0.9319191919191919,7.545657999929972,14,100
0.9983805668016195,1.0,0.9979765277215702,0.0020234722784297854,1.0,1.0,10,8,4932,0,1.0,0.9983805668016195,0.0036363636363636364,7.545657999929972,14,100
0.00020242914979757084,0.0,1.0,0.0,0.0,0.05,0,4939,1,10,0.0,0.00020242914979757084,0.9977777777777778,6.337935299961828,15,100
0.00020242914979757084,0.0,1.0,0.0,0.0,0.1,0,4939,1,10,0.0,0.00020242914979757084,0.9977777777777778,6.337935299961828,15,100
0.00020242914979757084,0.0,1.0,0.0,0.0,0.15,0,4939,1,10,0.0,0.00020242914979757084,0.9977777777777778,6.337935299961828,15,100
0.00020242914979757084,0.0,1.0,0.0,0.0,0.2,0,4939,1,10,0.0,0.00020242914979757084,0.9977777777777778,6.337935299961828,15,100
0.00020242914979757084,0.0,1.0,0.0,0.0,0.25,0,4939,1,10,0.0,0.00020242914979757084,0.9977777777777778,6.337935299961828,15,100
0.00020242914979757084,0.0,1.0,0.0,0.0,0.3,0,4939,1,10,0.0,0.00020242914979757084,0.9977777777777778,6.337935299961828,15,100
0.00020242914979757084,0.0,1.0,0.0,0.0,0.35,0,4939,1,10,0.0,0.00020242914979757084,0.9977777777777778,6.337935299961828,15,100
0.00020242914979757084,0.0,1.0,0.0,0.0,0.4,0,4939,1,10,0.0,0.00020242914979757084,0.9977777777777778,6.337935299961828,15,100
0.0008097165991902834,0.0,1.0,0.0,0.0,0.45,0,4936,4,10,0.0,0.0008097165991902834,0.9971717171717172,6.337935299961828,15,100
0.001417004048582996,0.0,1.0,0.0,0.0,0.5,0,4933,7,10,0.0,0.001417004048582996,0.9965656565656565,6.337935299961828,15,100
0.001417004048582996,0.0,1.0,0.0,0.0,0.55,0,4933,7,10,0.0,0.001417004048582996,0.9965656565656565,6.337935299961828,15,100
0.001417004048582996,0.0,1.0,0.0,0.0,0.6,0,4933,7,10,0.0,0.001417004048582996,0.9965656565656565,6.337935299961828,15,100
0.001417004048582996,0.1,0.875,0.125,0.1,0.65,1,4933,7,9,0.1,0.001417004048582996,0.9967676767676767,6.337935299961828,15,100
0.0020242914979757085,0.1,0.9090909090909091,0.09090909090909091,0.1,0.7,1,4930,10,9,0.1,0.0020242914979757085,0.9961616161616161,6.337935299961828,15,100
0.009716599190283401,0.2,0.96,0.04,0.2,0.75,2,4892,48,8,0.2,0.009716599190283401,0.9886868686868687,6.337935299961828,15,100
0.013360323886639677,0.3,0.9565217391304348,0.043478260869565216,0.3,0.8,3,4874,66,7,0.3,0.013360323886639677,0.9852525252525253,6.337935299961828,15,100
0.03279352226720648,0.3,0.9818181818181818,0.01818181818181818,0.3,0.85,3,4778,162,7,0.3,0.03279352226720648,0.9658585858585859,6.337935299961828,15,100
0.12611336032388665,0.6,0.9904610492845787,0.009538950715421303,0.6,0.9,6,4317,623,4,0.6,0.12611336032388665,0.8733333333333333,6.337935299961828,15,100
0.42874493927125507,0.6,0.9971751412429378,0.002824858757062147,0.6,0.95,6,2822,2118,4,0.6,0.42874493927125507,0.5713131313131313,6.337935299961828,15,100
0.9987854251012146,1.0,0.9979773462783171,0.0020226537216828477,1.0,1.0,10,6,4934,0,1.0,0.9987854251012146,0.0032323232323232323,6.337935299961828,15,100
0.0004048582995951417,0.0,1.0,0.0,0.0,0.05,0,4938,2,10,0.0,0.0004048582995951417,0.9975757575757576,6.204257700010203,16,100
0.0004048582995951417,0.0,1.0,0.0,0.0,0.1,0,4938,2,10,0.0,0.0004048582995951417,0.9975757575757576,6.204257700010203,16,100
0.0006072874493927126,0.0,1.0,0.0,0.0,0.15,0,4937,3,10,0.0,0.0006072874493927126,0.9973737373737374,6.204257700010203,16,100
0.0006072874493927126,0.0,1.0,0.0,0.0,0.2,0,4937,3,10,0.0,0.0006072874493927126,0.9973737373737374,6.204257700010203,16,100
0.0006072874493927126,0.0,1.0,0.0,0.0,0.25,0,4937,3,10,0.0,0.0006072874493927126,0.9973737373737374,6.204257700010203,16,100
0.0006072874493927126,0.1,0.75,0.25,0.1,0.3,1,4937,3,9,0.1,0.0006072874493927126,0.9975757575757576,6.204257700010203,16,100
0.0006072874493927126,0.1,0.75,0.25,0.1,0.35,1,4937,3,9,0.1,0.0006072874493927126,0.9975757575757576,6.204257700010203,16,100
0.0008097165991902834,0.1,0.8,0.2,0.1,0.4,1,4936,4,9,0.1,0.0008097165991902834,0.9973737373737374,6.204257700010203,16,100
0.0008097165991902834,0.1,0.8,0.2,0.1,0.45,1,4936,4,9,0.1,0.0008097165991902834,0.9973737373737374,6.204257700010203,16,100
0.0010121457489878543,0.1,0.8333333333333334,0.16666666666666666,0.1,0.5,1,4935,5,9,0.1,0.0010121457489878543,0.9971717171717172,6.204257700010203,16,100
0.0010121457489878543,0.1,0.8333333333333334,0.16666666666666666,0.1,0.55,1,4935,5,9,0.1,0.0010121457489878543,0.9971717171717172,6.204257700010203,16,100
0.001417004048582996,0.1,0.875,0.125,0.1,0.6,1,4933,7,9,0.1,0.001417004048582996,0.9967676767676767,6.204257700010203,16,100
0.0018218623481781376,0.1,0.9,0.1,0.1,0.65,1,4931,9,9,0.1,0.0018218623481781376,0.9963636363636363,6.204257700010203,16,100
0.0018218623481781376,0.1,0.9,0.1,0.1,0.7,1,4931,9,9,0.1,0.0018218623481781376,0.9963636363636363,6.204257700010203,16,100
0.006072874493927126,0.1,0.967741935483871,0.03225806451612903,0.1,0.75,1,4910,30,9,0.1,0.006072874493927126,0.9921212121212121,6.204257700010203,16,100
0.006477732793522267,0.1,0.9696969696969697,0.030303030303030304,0.1,0.8,1,4908,32,9,0.1,0.006477732793522267,0.9917171717171717,6.204257700010203,16,100
0.006477732793522267,0.1,0.9696969696969697,0.030303030303030304,0.1,0.85,1,4908,32,9,0.1,0.006477732793522267,0.9917171717171717,6.204257700010203,16,100
0.006477732793522267,0.2,0.9411764705882353,0.058823529411764705,0.2,0.9,2,4908,32,8,0.2,0.006477732793522267,0.9919191919191919,6.204257700010203,16,100
0.0066801619433198385,0.2,0.9428571428571428,0.05714285714285714,0.2,0.95,2,4907,33,8,0.2,0.0066801619433198385,0.9917171717171717,6.204257700010203,16,100
0.9983805668016195,1.0,0.9979765277215702,0.0020234722784297854,1.0,1.0,10,8,4932,0,1.0,0.9983805668016195,0.0036363636363636364,6.204257700010203,16,100
0.0,0.0,0.0,,0.0,0.05,0,4940,0,10,0.0,0.0,0.997979797979798,6.277307200012729,17,100
0.0,0.0,0.0,,0.0,0.1,0,4940,0,10,0.0,0.0,0.997979797979798,6.277307200012729,17,100
0.0,0.1,0.0,1.0,0.1,0.15,1,4940,0,9,0.1,0.0,0.9981818181818182,6.277307200012729,17,100
0.0,0.1,0.0,1.0,0.1,0.2,1,4940,0,9,0.1,0.0,0.9981818181818182,6.277307200012729,17,100
0.0,0.1,0.0,1.0,0.1,0.25,1,4940,0,9,0.1,0.0,0.9981818181818182,6.277307200012729,17,100
0.0,0.1,0.0,1.0,0.1,0.3,1,4940,0,9,0.1,0.0,0.9981818181818182,6.277307200012729,17,100
0.0,0.1,0.0,1.0,0.1,0.35,1,4940,0,9,0.1,0.0,0.9981818181818182,6.277307200012729,17,100
0.0,0.1,0.0,1.0,0.1,0.4,1,4940,0,9,0.1,0.0,0.9981818181818182,6.277307200012729,17,100
0.0,0.1,0.0,1.0,0.1,0.45,1,4940,0,9,0.1,0.0,0.9981818181818182,6.277307200012729,17,100
0.0,0.1,0.0,1.0,0.1,0.5,1,4940,0,9,0.1,0.0,0.9981818181818182,6.277307200012729,17,100
0.0,0.1,0.0,1.0,0.1,0.55,1,4940,0,9,0.1,0.0,0.9981818181818182,6.277307200012729,17,100
0.0,0.1,0.0,1.0,0.1,0.6,1,4940,0,9,0.1,0.0,0.9981818181818182,6.277307200012729,17,100
0.0,0.1,0.0,1.0,0.1,0.65,1,4940,0,9,0.1,0.0,0.9981818181818182,6.277307200012729,17,100
0.0,0.1,0.0,1.0,0.1,0.7,1,4940,0,9,0.1,0.0,0.9981818181818182,6.277307200012729,17,100
0.0008097165991902834,0.1,0.8,0.2,0.1,0.75,1,4936,4,9,0.1,0.0008097165991902834,0.9973737373737374,6.277307200012729,17,100
0.0008097165991902834,0.1,0.8,0.2,0.1,0.8,1,4936,4,9,0.1,0.0008097165991902834,0.9973737373737374,6.277307200012729,17,100
0.0020242914979757085,0.1,0.9090909090909091,0.09090909090909091,0.1,0.85,1,4930,10,9,0.1,0.0020242914979757085,0.9961616161616161,6.277307200012729,17,100
0.0020242914979757085,0.1,0.9090909090909091,0.09090909090909091,0.1,0.9,1,4930,10,9,0.1,0.0020242914979757085,0.9961616161616161,6.277307200012729,17,100
0.027732793522267207,0.4,0.9716312056737588,0.028368794326241134,0.4,0.95,4,4803,137,6,0.4,0.027732793522267207,0.9711111111111111,6.277307200012729,17,100
0.998582995951417,1.0,0.9979769370827433,0.0020230629172567267,1.0,1.0,10,7,4933,0,1.0,0.998582995951417,0.0034343434343434343,6.277307200012729,17,100
0.0,0.0,0.0,,0.0,0.05,0,4940,0,10,0.0,0.0,0.997979797979798,7.4772331999847665,18,100
0.0,0.0,0.0,,0.0,0.1,0,4940,0,10,0.0,0.0,0.997979797979798,7.4772331999847665,18,100
0.0,0.0,0.0,,0.0,0.15,0,4940,0,10,0.0,0.0,0.997979797979798,7.4772331999847665,18,100
0.0,0.0,0.0,,0.0,0.2,0,4940,0,10,0.0,0.0,0.997979797979798,7.4772331999847665,18,100
0.0,0.0,0.0,,0.0,0.25,0,4940,0,10,0.0,0.0,0.997979797979798,7.4772331999847665,18,100
0.0,0.0,0.0,,0.0,0.3,0,4940,0,10,0.0,0.0,0.997979797979798,7.4772331999847665,18,100
0.0,0.0,0.0,,0.0,0.35,0,4940,0,10,0.0,0.0,0.997979797979798,7.4772331999847665,18,100
0.0,0.0,0.0,,0.0,0.4,0,4940,0,10,0.0,0.0,0.997979797979798,7.4772331999847665,18,100
0.0,0.0,0.0,,0.0,0.45,0,4940,0,10,0.0,0.0,0.997979797979798,7.4772331999847665,18,100
0.0,0.0,0.0,,0.0,0.5,0,4940,0,10,0.0,0.0,0.997979797979798,7.4772331999847665,18,100
0.0,0.0,0.0,,0.0,0.55,0,4940,0,10,0.0,0.0,0.997979797979798,7.4772331999847665,18,100
0.0,0.0,0.0,,0.0,0.6,0,4940,0,10,0.0,0.0,0.997979797979798,7.4772331999847665,18,100
0.0,0.0,0.0,,0.0,0.65,0,4940,0,10,0.0,0.0,0.997979797979798,7.4772331999847665,18,100
0.0,0.0,0.0,,0.0,0.7,0,4940,0,10,0.0,0.0,0.997979797979798,7.4772331999847665,18,100
0.0,0.0,0.0,,0.0,0.75,0,4940,0,10,0.0,0.0,0.997979797979798,7.4772331999847665,18,100
0.0,0.0,0.0,,0.0,0.8,0,4940,0,10,0.0,0.0,0.997979797979798,7.4772331999847665,18,100
0.004048582995951417,0.4,0.8333333333333334,0.16666666666666666,0.4,0.85,4,4920,20,6,0.4,0.004048582995951417,0.9947474747474747,7.4772331999847665,18,100
0.004048582995951417,0.4,0.8333333333333334,0.16666666666666666,0.4,0.9,4,4920,20,6,0.4,0.004048582995951417,0.9947474747474747,7.4772331999847665,18,100
0.19716599190283401,0.8,0.9918533604887984,0.008146639511201629,0.8,0.95,8,3966,974,2,0.8,0.19716599190283401,0.8028282828282828,7.4772331999847665,18,100
0.9987854251012146,1.0,0.9979773462783171,0.0020226537216828477,1.0,1.0,10,6,4934,0,1.0,0.9987854251012146,0.0032323232323232323,7.4772331999847665,18,100
0.0,0.0,0.0,,0.0,0.05,0,4940,0,10,0.0,0.0,0.997979797979798,7.5303508000215515,19,100
0.0,0.0,0.0,,0.0,0.1,0,4940,0,10,0.0,0.0,0.997979797979798,7.5303508000215515,19,100
0.0,0.0,0.0,,0.0,0.15,0,4940,0,10,0.0,0.0,0.997979797979798,7.5303508000215515,19,100
0.0006072874493927126,0.0,1.0,0.0,0.0,0.2,0,4937,3,10,0.0,0.0006072874493927126,0.9973737373737374,7.5303508000215515,19,100
0.0006072874493927126,0.0,1.0,0.0,0.0,0.25,0,4937,3,10,0.0,0.0006072874493927126,0.9973737373737374,7.5303508000215515,19,100
0.0006072874493927126,0.0,1.0,0.0,0.0,0.3,0,4937,3,10,0.0,0.0006072874493927126,0.9973737373737374,7.5303508000215515,19,100
0.0008097165991902834,0.0,1.0,0.0,0.0,0.35,0,4936,4,10,0.0,0.0008097165991902834,0.9971717171717172,7.5303508000215515,19,100
0.0012145748987854252,0.0,1.0,0.0,0.0,0.4,0,4934,6,10,0.0,0.0012145748987854252,0.9967676767676767,7.5303508000215515,19,100
0.0012145748987854252,0.0,1.0,0.0,0.0,0.45,0,4934,6,10,0.0,0.0012145748987854252,0.9967676767676767,7.5303508000215515,19,100
0.0016194331983805667,0.0,1.0,0.0,0.0,0.5,0,4932,8,10,0.0,0.0016194331983805667,0.9963636363636363,7.5303508000215515,19,100
0.0016194331983805667,0.0,1.0,0.0,0.0,0.55,0,4932,8,10,0.0,0.0016194331983805667,0.9963636363636363,7.5303508000215515,19,100
0.0018218623481781376,0.0,1.0,0.0,0.0,0.6,0,4931,9,10,0.0,0.0018218623481781376,0.9961616161616161,7.5303508000215515,19,100
0.0018218623481781376,0.0,1.0,0.0,0.0,0.65,0,4931,9,10,0.0,0.0018218623481781376,0.9961616161616161,7.5303508000215515,19,100
0.0018218623481781376,0.0,1.0,0.0,0.0,0.7,0,4931,9,10,0.0,0.0018218623481781376,0.9961616161616161,7.5303508000215515,19,100
0.0024291497975708503,0.0,1.0,0.0,0.0,0.75,0,4928,12,10,0.0,0.0024291497975708503,0.9955555555555555,7.5303508000215515,19,100
0.0024291497975708503,0.0,1.0,0.0,0.0,0.8,0,4928,12,10,0.0,0.0024291497975708503,0.9955555555555555,7.5303508000215515,19,100
0.005465587044534413,0.1,0.9642857142857143,0.03571428571428571,0.1,0.85,1,4913,27,9,0.1,0.005465587044534413,0.9927272727272727,7.5303508000215515,19,100
0.005465587044534413,0.1,0.9642857142857143,0.03571428571428571,0.1,0.9,1,4913,27,9,0.1,0.005465587044534413,0.9927272727272727,7.5303508000215515,19,100
0.17935222672064777,0.6,0.9932735426008968,0.006726457399103139,0.6,0.95,6,4054,886,4,0.6,0.17935222672064777,0.8202020202020202,7.5303508000215515,19,100
0.9989878542510121,1.0,0.9979777553083923,0.0020222446916076846,1.0,1.0,10,5,4935,0,1.0,0.9989878542510121,0.0030303030303030303,7.5303508000215515,19,100
0.0,0.1,0.0,1.0,0.1,0.05,1,4940,0,9,0.1,0.0,0.9981818181818182,7.827019799966365,20,100
0.0,0.1,0.0,1.0,0.1,0.1,1,4940,0,9,0.1,0.0,0.9981818181818182,7.827019799966365,20,100
0.0,0.1,0.0,1.0,0.1,0.15,1,4940,0,9,0.1,0.0,0.9981818181818182,7.827019799966365,20,100
0.00020242914979757084,0.1,0.5,0.5,0.1,0.2,1,4939,1,9,0.1,0.00020242914979757084,0.997979797979798,7.827019799966365,20,100
0.00020242914979757084,0.1,0.5,0.5,0.1,0.25,1,4939,1,9,0.1,0.00020242914979757084,0.997979797979798,7.827019799966365,20,100
0.00020242914979757084,0.1,0.5,0.5,0.1,0.3,1,4939,1,9,0.1,0.00020242914979757084,0.997979797979798,7.827019799966365,20,100
0.00020242914979757084,0.1,0.5,0.5,0.1,0.35,1,4939,1,9,0.1,0.00020242914979757084,0.997979797979798,7.827019799966365,20,100
0.00020242914979757084,0.1,0.5,0.5,0.1,0.4,1,4939,1,9,0.1,0.00020242914979757084,0.997979797979798,7.827019799966365,20,100
0.00020242914979757084,0.1,0.5,0.5,0.1,0.45,1,4939,1,9,0.1,0.00020242914979757084,0.997979797979798,7.827019799966365,20,100
0.00020242914979757084,0.1,0.5,0.5,0.1,0.5,1,4939,1,9,0.1,0.00020242914979757084,0.997979797979798,7.827019799966365,20,100
0.003036437246963563,0.3,0.8333333333333334,0.16666666666666666,0.3,0.55,3,4925,15,7,0.3,0.003036437246963563,0.9955555555555555,7.827019799966365,20,100
0.009109311740890687,0.4,0.9183673469387755,0.08163265306122448,0.4,0.6,4,4895,45,6,0.4,0.009109311740890687,0.9896969696969697,7.827019799966365,20,100
0.010323886639676113,0.4,0.9272727272727272,0.07272727272727272,0.4,0.65,4,4889,51,6,0.4,0.010323886639676113,0.9884848484848485,7.827019799966365,20,100
0.013157894736842105,0.5,0.9285714285714286,0.07142857142857142,0.5,0.7,5,4875,65,5,0.5,0.013157894736842105,0.9858585858585859,7.827019799966365,20,100
0.013562753036437248,0.6,0.9178082191780822,0.0821917808219178,0.6,0.75,6,4873,67,4,0.6,0.013562753036437248,0.9856565656565657,7.827019799966365,20,100
0.013765182186234818,0.6,0.918918918918919,0.08108108108108109,0.6,0.8,6,4872,68,4,0.6,0.013765182186234818,0.9854545454545455,7.827019799966365,20,100
0.02327935222672065,0.6,0.9504132231404959,0.049586776859504134,0.6,0.85,6,4825,115,4,0.6,0.02327935222672065,0.9759595959595959,7.827019799966365,20,100
0.02611336032388664,0.6,0.9555555555555556,0.044444444444444446,0.6,0.9,6,4811,129,4,0.6,0.02611336032388664,0.9731313131313132,7.827019799966365,20,100
0.04251012145748988,0.8,0.963302752293578,0.03669724770642202,0.8,0.95,8,4730,210,2,0.8,0.04251012145748988,0.9571717171717171,7.827019799966365,20,100
0.4902834008097166,1.0,0.9958881578947368,0.004111842105263158,1.0,1.0,10,2518,2422,0,1.0,0.4902834008097166,0.5107070707070707,7.827019799966365,20,100
0.0,0.0,0.0,,0.0,0.05,0,4940,0,10,0.0,0.0,0.997979797979798,7.597465600003488,21,100
0.0,0.0,0.0,,0.0,0.1,0,4940,0,10,0.0,0.0,0.997979797979798,7.597465600003488,21,100
0.0,0.0,0.0,,0.0,0.15,0,4940,0,10,0.0,0.0,0.997979797979798,7.597465600003488,21,100
0.0,0.0,0.0,,0.0,0.2,0,4940,0,10,0.0,0.0,0.997979797979798,7.597465600003488,21,100
0.00020242914979757084,0.0,1.0,0.0,0.0,0.25,0,4939,1,10,0.0,0.00020242914979757084,0.9977777777777778,7.597465600003488,21,100
0.00020242914979757084,0.0,1.0,0.0,0.0,0.3,0,4939,1,10,0.0,0.00020242914979757084,0.9977777777777778,7.597465600003488,21,100
0.00020242914979757084,0.0,1.0,0.0,0.0,0.35,0,4939,1,10,0.0,0.00020242914979757084,0.9977777777777778,7.597465600003488,21,100
0.00020242914979757084,0.0,1.0,0.0,0.0,0.4,0,4939,1,10,0.0,0.00020242914979757084,0.9977777777777778,7.597465600003488,21,100
0.00020242914979757084,0.0,1.0,0.0,0.0,0.45,0,4939,1,10,0.0,0.00020242914979757084,0.9977777777777778,7.597465600003488,21,100
0.00020242914979757084,0.0,1.0,0.0,0.0,0.5,0,4939,1,10,0.0,0.00020242914979757084,0.9977777777777778,7.597465600003488,21,100
0.00020242914979757084,0.0,1.0,0.0,0.0,0.55,0,4939,1,10,0.0,0.00020242914979757084,0.9977777777777778,7.597465600003488,21,100
0.00020242914979757084,0.0,1.0,0.0,0.0,0.6,0,4939,1,10,0.0,0.00020242914979757084,0.9977777777777778,7.597465600003488,21,100
0.00020242914979757084,0.0,1.0,0.0,0.0,0.65,0,4939,1,10,0.0,0.00020242914979757084,0.9977777777777778,7.597465600003488,21,100
0.0008097165991902834,0.0,1.0,0.0,0.0,0.7,0,4936,4,10,0.0,0.0008097165991902834,0.9971717171717172,7.597465600003488,21,100
0.0008097165991902834,0.0,1.0,0.0,0.0,0.75,0,4936,4,10,0.0,0.0008097165991902834,0.9971717171717172,7.597465600003488,21,100
0.0008097165991902834,0.0,1.0,0.0,0.0,0.8,0,4936,4,10,0.0,0.0008097165991902834,0.9971717171717172,7.597465600003488,21,100
0.0008097165991902834,0.0,1.0,0.0,0.0,0.85,0,4936,4,10,0.0,0.0008097165991902834,0.9971717171717172,7.597465600003488,21,100
0.0008097165991902834,0.1,0.8,0.2,0.1,0.9,1,4936,4,9,0.1,0.0008097165991902834,0.9973737373737374,7.597465600003488,21,100
0.012348178137651822,0.2,0.9682539682539683,0.031746031746031744,0.2,0.95,2,4879,61,8,0.2,0.012348178137651822,0.9860606060606061,7.597465600003488,21,100
0.02388663967611336,0.2,0.9833333333333333,0.016666666666666666,0.2,1.0,2,4822,118,8,0.2,0.02388663967611336,0.9745454545454545,7.597465600003488,21,100
0.0,0.1,0.0,1.0,0.1,0.05,1,4940,0,9,0.1,0.0,0.9981818181818182,7.696343599935062,22,100
0.0,0.1,0.0,1.0,0.1,0.1,1,4940,0,9,0.1,0.0,0.9981818181818182,7.696343599935062,22,100
0.0,0.1,0.0,1.0,0.1,0.15,1,4940,0,9,0.1,0.0,0.9981818181818182,7.696343599935062,22,100
0.0,0.1,0.0,1.0,0.1,0.2,1,4940,0,9,0.1,0.0,0.9981818181818182,7.696343599935062,22,100
0.0,0.1,0.0,1.0,0.1,0.25,1,4940,0,9,0.1,0.0,0.9981818181818182,7.696343599935062,22,100
0.0,0.1,0.0,1.0,0.1,0.3,1,4940,0,9,0.1,0.0,0.9981818181818182,7.696343599935062,22,100
0.0,0.1,0.0,1.0,0.1,0.35,1,4940,0,9,0.1,0.0,0.9981818181818182,7.696343599935062,22,100
0.0008097165991902834,0.1,0.8,0.2,0.1,0.4,1,4936,4,9,0.1,0.0008097165991902834,0.9973737373737374,7.696343599935062,22,100
0.0008097165991902834,0.1,0.8,0.2,0.1,0.45,1,4936,4,9,0.1,0.0008097165991902834,0.9973737373737374,7.696343599935062,22,100
0.0008097165991902834,0.1,0.8,0.2,0.1,0.5,1,4936,4,9,0.1,0.0008097165991902834,0.9973737373737374,7.696343599935062,22,100
0.0008097165991902834,0.1,0.8,0.2,0.1,0.55,1,4936,4,9,0.1,0.0008097165991902834,0.9973737373737374,7.696343599935062,22,100
0.0008097165991902834,0.1,0.8,0.2,0.1,0.6,1,4936,4,9,0.1,0.0008097165991902834,0.9973737373737374,7.696343599935062,22,100
0.0020242914979757085,0.3,0.7692307692307693,0.23076923076923078,0.3,0.65,3,4930,10,7,0.3,0.0020242914979757085,0.9965656565656565,7.696343599935062,22,100
0.0024291497975708503,0.3,0.8,0.2,0.3,0.7,3,4928,12,7,0.3,0.0024291497975708503,0.9961616161616161,7.696343599935062,22,100
0.0024291497975708503,0.3,0.8,0.2,0.3,0.75,3,4928,12,7,0.3,0.0024291497975708503,0.9961616161616161,7.696343599935062,22,100
0.002631578947368421,0.3,0.8125,0.1875,0.3,0.8,3,4927,13,7,0.3,0.002631578947368421,0.9959595959595959,7.696343599935062,22,100
0.0038461538461538464,0.4,0.8260869565217391,0.17391304347826086,0.4,0.85,4,4921,19,6,0.4,0.0038461538461538464,0.9949494949494949,7.696343599935062,22,100
0.008502024291497975,0.4,0.9130434782608695,0.08695652173913043,0.4,0.9,4,4898,42,6,0.4,0.008502024291497975,0.9903030303030304,7.696343599935062,22,100
0.01639676113360324,0.4,0.9529411764705882,0.047058823529411764,0.4,0.95,4,4859,81,6,0.4,0.01639676113360324,0.9824242424242424,7.696343599935062,22,100
0.9969635627530364,1.0,0.9979736575481256,0.002026342451874367,1.0,1.0,10,15,4925,0,1.0,0.9969635627530364,0.005050505050505051,7.696343599935062,22,100
0.0,0.0,0.0,,0.0,0.05,0,4940,0,10,0.0,0.0,0.997979797979798,7.4971928999293596,23,100
0.0,0.0,0.0,,0.0,0.1,0,4940,0,10,0.0,0.0,0.997979797979798,7.4971928999293596,23,100
0.0,0.0,0.0,,0.0,0.15,0,4940,0,10,0.0,0.0,0.997979797979798,7.4971928999293596,23,100
0.0,0.0,0.0,,0.0,0.2,0,4940,0,10,0.0,0.0,0.997979797979798,7.4971928999293596,23,100
0.0,0.0,0.0,,0.0,0.25,0,4940,0,10,0.0,0.0,0.997979797979798,7.4971928999293596,23,100
0.0,0.0,0.0,,0.0,0.3,0,4940,0,10,0.0,0.0,0.997979797979798,7.4971928999293596,23,100
0.0,0.0,0.0,,0.0,0.35,0,4940,0,10,0.0,0.0,0.997979797979798,7.4971928999293596,23,100
0.0004048582995951417,0.1,0.6666666666666666,0.3333333333333333,0.1,0.4,1,4938,2,9,0.1,0.0004048582995951417,0.9977777777777778,7.4971928999293596,23,100
0.0004048582995951417,0.1,0.6666666666666666,0.3333333333333333,0.1,0.45,1,4938,2,9,0.1,0.0004048582995951417,0.9977777777777778,7.4971928999293596,23,100
0.0004048582995951417,0.1,0.6666666666666666,0.3333333333333333,0.1,0.5,1,4938,2,9,0.1,0.0004048582995951417,0.9977777777777778,7.4971928999293596,23,100
0.0004048582995951417,0.1,0.6666666666666666,0.3333333333333333,0.1,0.55,1,4938,2,9,0.1,0.0004048582995951417,0.9977777777777778,7.4971928999293596,23,100
0.0018218623481781376,0.1,0.9,0.1,0.1,0.6,1,4931,9,9,0.1,0.0018218623481781376,0.9963636363636363,7.4971928999293596,23,100
0.0018218623481781376,0.1,0.9,0.1,0.1,0.65,1,4931,9,9,0.1,0.0018218623481781376,0.9963636363636363,7.4971928999293596,23,100
0.002226720647773279,0.1,0.9166666666666666,0.08333333333333333,0.1,0.7,1,4929,11,9,0.1,0.002226720647773279,0.9959595959595959,7.4971928999293596,23,100
0.002226720647773279,0.1,0.9166666666666666,0.08333333333333333,0.1,0.75,1,4929,11,9,0.1,0.002226720647773279,0.9959595959595959,7.4971928999293596,23,100
0.002226720647773279,0.1,0.9166666666666666,0.08333333333333333,0.1,0.8,1,4929,11,9,0.1,0.002226720647773279,0.9959595959595959,7.4971928999293596,23,100
0.002226720647773279,0.1,0.9166666666666666,0.08333333333333333,0.1,0.85,1,4929,11,9,0.1,0.002226720647773279,0.9959595959595959,7.4971928999293596,23,100
0.1194331983805668,0.4,0.9932659932659933,0.006734006734006734,0.4,0.9,4,4350,590,6,0.4,0.1194331983805668,0.8795959595959596,7.4971928999293596,23,100
0.16983805668016194,0.5,0.9940758293838863,0.005924170616113744,0.5,0.95,5,4101,839,5,0.5,0.16983805668016194,0.8294949494949495,7.4971928999293596,23,100
0.9967611336032388,1.0,0.9979732468585326,0.002026753141467369,1.0,1.0,10,16,4924,0,1.0,0.9967611336032388,0.0052525252525252525,7.4971928999293596,23,100
0.0,0.1,0.0,1.0,0.1,0.05,1,4940,0,9,0.1,0.0,0.9981818181818182,7.060783499968238,24,100
0.00020242914979757084,0.1,0.5,0.5,0.1,0.1,1,4939,1,9,0.1,0.00020242914979757084,0.997979797979798,7.060783499968238,24,100
0.00020242914979757084,0.1,0.5,0.5,0.1,0.15,1,4939,1,9,0.1,0.00020242914979757084,0.997979797979798,7.060783499968238,24,100
0.00020242914979757084,0.1,0.5,0.5,0.1,0.2,1,4939,1,9,0.1,0.00020242914979757084,0.997979797979798,7.060783499968238,24,100
0.00020242914979757084,0.1,0.5,0.5,0.1,0.25,1,4939,1,9,0.1,0.00020242914979757084,0.997979797979798,7.060783499968238,24,100
0.00020242914979757084,0.1,0.5,0.5,0.1,0.3,1,4939,1,9,0.1,0.00020242914979757084,0.997979797979798,7.060783499968238,24,100
0.00020242914979757084,0.1,0.5,0.5,0.1,0.35,1,4939,1,9,0.1,0.00020242914979757084,0.997979797979798,7.060783499968238,24,100
0.0006072874493927126,0.2,0.6,0.4,0.2,0.4,2,4937,3,8,0.2,0.0006072874493927126,0.9977777777777778,7.060783499968238,24,100
0.0006072874493927126,0.2,0.6,0.4,0.2,0.45,2,4937,3,8,0.2,0.0006072874493927126,0.9977777777777778,7.060783499968238,24,100
0.0006072874493927126,0.2,0.6,0.4,0.2,0.5,2,4937,3,8,0.2,0.0006072874493927126,0.9977777777777778,7.060783499968238,24,100
0.0006072874493927126,0.2,0.6,0.4,0.2,0.55,2,4937,3,8,0.2,0.0006072874493927126,0.9977777777777778,7.060783499968238,24,100
0.0006072874493927126,0.2,0.6,0.4,0.2,0.6,2,4937,3,8,0.2,0.0006072874493927126,0.9977777777777778,7.060783499968238,24,100
0.0006072874493927126,0.2,0.6,0.4,0.2,0.65,2,4937,3,8,0.2,0.0006072874493927126,0.9977777777777778,7.060783499968238,24,100
0.0006072874493927126,0.2,0.6,0.4,0.2,0.7,2,4937,3,8,0.2,0.0006072874493927126,0.9977777777777778,7.060783499968238,24,100
0.0006072874493927126,0.2,0.6,0.4,0.2,0.75,2,4937,3,8,0.2,0.0006072874493927126,0.9977777777777778,7.060783499968238,24,100
0.0006072874493927126,0.2,0.6,0.4,0.2,0.8,2,4937,3,8,0.2,0.0006072874493927126,0.9977777777777778,7.060783499968238,24,100
0.002226720647773279,0.2,0.8461538461538461,0.15384615384615385,0.2,0.85,2,4929,11,8,0.2,0.002226720647773279,0.9961616161616161,7.060783499968238,24,100
0.013967611336032389,0.3,0.9583333333333334,0.041666666666666664,0.3,0.9,3,4871,69,7,0.3,0.013967611336032389,0.9846464646464647,7.060783499968238,24,100
0.0917004048582996,0.4,0.9912472647702407,0.0087527352297593,0.4,0.95,4,4487,453,6,0.4,0.0917004048582996,0.9072727272727272,7.060783499968238,24,100
0.9983805668016195,1.0,0.9979765277215702,0.0020234722784297854,1.0,1.0,10,8,4932,0,1.0,0.9983805668016195,0.0036363636363636364,7.060783499968238,24,100
0.0,0.1,0.0,1.0,0.1,0.05,1,4940,0,9,0.1,0.0,0.9981818181818182,7.580076600075699,25,100
0.0,0.2,0.0,1.0,0.2,0.1,2,4940,0,8,0.2,0.0,0.9983838383838384,7.580076600075699,25,100
0.0,0.3,0.0,1.0,0.3,0.15,3,4940,0,7,0.3,0.0,0.9985858585858586,7.580076600075699,25,100
0.0,0.3,0.0,1.0,0.3,0.2,3,4940,0,7,0.3,0.0,0.9985858585858586,7.580076600075699,25,100
0.0,0.3,0.0,1.0,0.3,0.25,3,4940,0,7,0.3,0.0,0.9985858585858586,7.580076600075699,25,100
0.0,0.3,0.0,1.0,0.3,0.3,3,4940,0,7,0.3,0.0,0.9985858585858586,7.580076600075699,25,100
0.0,0.3,0.0,1.0,0.3,0.35,3,4940,0,7,0.3,0.0,0.9985858585858586,7.580076600075699,25,100
0.0,0.3,0.0,1.0,0.3,0.4,3,4940,0,7,0.3,0.0,0.9985858585858586,7.580076600075699,25,100
0.0,0.3,0.0,1.0,0.3,0.45,3,4940,0,7,0.3,0.0,0.9985858585858586,7.580076600075699,25,100
0.0,0.3,0.0,1.0,0.3,0.5,3,4940,0,7,0.3,0.0,0.9985858585858586,7.580076600075699,25,100
0.0,0.3,0.0,1.0,0.3,0.55,3,4940,0,7,0.3,0.0,0.9985858585858586,7.580076600075699,25,100
0.0,0.3,0.0,1.0,0.3,0.6,3,4940,0,7,0.3,0.0,0.9985858585858586,7.580076600075699,25,100
0.0,0.3,0.0,1.0,0.3,0.65,3,4940,0,7,0.3,0.0,0.9985858585858586,7.580076600075699,25,100
0.0,0.3,0.0,1.0,0.3,0.7,3,4940,0,7,0.3,0.0,0.9985858585858586,7.580076600075699,25,100
0.004251012145748988,0.3,0.875,0.125,0.3,0.75,3,4919,21,7,0.3,0.004251012145748988,0.9943434343434343,7.580076600075699,25,100
0.018218623481781375,0.5,0.9473684210526315,0.05263157894736842,0.5,0.8,5,4850,90,5,0.5,0.018218623481781375,0.9808080808080808,7.580076600075699,25,100
0.034210526315789476,0.5,0.9712643678160919,0.028735632183908046,0.5,0.85,5,4771,169,5,0.5,0.034210526315789476,0.9648484848484848,7.580076600075699,25,100
0.051821862348178135,0.5,0.9808429118773946,0.019157088122605363,0.5,0.9,5,4684,256,5,0.5,0.051821862348178135,0.9472727272727273,7.580076600075699,25,100
0.36356275303643726,0.8,0.9955654101995566,0.004434589800443459,0.8,0.95,8,3144,1796,2,0.8,0.36356275303643726,0.6367676767676768,7.580076600075699,25,100
0.9991902834008097,1.0,0.9979781641730692,0.0020218358269308533,1.0,1.0,10,4,4936,0,1.0,0.9991902834008097,0.0028282828282828283,7.580076600075699,25,100
0.0,0.0,0.0,,0.0,0.05,0,4940,0,10,0.0,0.0,0.997979797979798,7.437333600013517,26,100
0.0,0.1,0.0,1.0,0.1,0.1,1,4940,0,9,0.1,0.0,0.9981818181818182,7.437333600013517,26,100
0.0,0.1,0.0,1.0,0.1,0.15,1,4940,0,9,0.1,0.0,0.9981818181818182,7.437333600013517,26,100
0.0,0.1,0.0,1.0,0.1,0.2,1,4940,0,9,0.1,0.0,0.9981818181818182,7.437333600013517,26,100
0.0,0.1,0.0,1.0,0.1,0.25,1,4940,0,9,0.1,0.0,0.9981818181818182,7.437333600013517,26,100
0.0006072874493927126,0.2,0.6,0.4,0.2,0.3,2,4937,3,8,0.2,0.0006072874493927126,0.9977777777777778,7.437333600013517,26,100
0.0006072874493927126,0.2,0.6,0.4,0.2,0.35,2,4937,3,8,0.2,0.0006072874493927126,0.9977777777777778,7.437333600013517,26,100
0.0006072874493927126,0.2,0.6,0.4,0.2,0.4,2,4937,3,8,0.2,0.0006072874493927126,0.9977777777777778,7.437333600013517,26,100
0.0006072874493927126,0.2,0.6,0.4,0.2,0.45,2,4937,3,8,0.2,0.0006072874493927126,0.9977777777777778,7.437333600013517,26,100
0.0006072874493927126,0.2,0.6,0.4,0.2,0.5,2,4937,3,8,0.2,0.0006072874493927126,0.9977777777777778,7.437333600013517,26,100
0.0006072874493927126,0.2,0.6,0.4,0.2,0.55,2,4937,3,8,0.2,0.0006072874493927126,0.9977777777777778,7.437333600013517,26,100
0.0016194331983805667,0.2,0.8,0.2,0.2,0.6,2,4932,8,8,0.2,0.0016194331983805667,0.9967676767676767,7.437333600013517,26,100
0.0018218623481781376,0.2,0.8181818181818182,0.18181818181818182,0.2,0.65,2,4931,9,8,0.2,0.0018218623481781376,0.9965656565656565,7.437333600013517,26,100
0.005060728744939271,0.2,0.9259259259259259,0.07407407407407407,0.2,0.7,2,4915,25,8,0.2,0.005060728744939271,0.9933333333333333,7.437333600013517,26,100
0.005668016194331984,0.3,0.9032258064516129,0.0967741935483871,0.3,0.75,3,4912,28,7,0.3,0.005668016194331984,0.9929292929292929,7.437333600013517,26,100
0.005870445344129555,0.3,0.90625,0.09375,0.3,0.8,3,4911,29,7,0.3,0.005870445344129555,0.9927272727272727,7.437333600013517,26,100
0.008299595141700405,0.3,0.9318181818181818,0.06818181818181818,0.3,0.85,3,4899,41,7,0.3,0.008299595141700405,0.9903030303030304,7.437333600013517,26,100
0.045748987854251015,0.9,0.9617021276595744,0.03829787234042553,0.9,0.9,9,4714,226,1,0.9,0.045748987854251015,0.9541414141414142,7.437333600013517,26,100
0.08340080971659919,0.9,0.9786223277909739,0.021377672209026127,0.9,0.95,9,4528,412,1,0.9,0.08340080971659919,0.9165656565656566,7.437333600013517,26,100
0.998582995951417,1.0,0.9979769370827433,0.0020230629172567267,1.0,1.0,10,7,4933,0,1.0,0.998582995951417,0.0034343434343434343,7.437333600013517,26,100
0.0,0.0,0.0,,0.0,0.05,0,4940,0,10,0.0,0.0,0.997979797979798,7.33859120006673,27,100
0.0,0.0,0.0,,0.0,0.1,0,4940,0,10,0.0,0.0,0.997979797979798,7.33859120006673,27,100
0.0004048582995951417,0.2,0.5,0.5,0.2,0.15,2,4938,2,8,0.2,0.0004048582995951417,0.997979797979798,7.33859120006673,27,100
0.0004048582995951417,0.2,0.5,0.5,0.2,0.2,2,4938,2,8,0.2,0.0004048582995951417,0.997979797979798,7.33859120006673,27,100
0.0004048582995951417,0.2,0.5,0.5,0.2,0.25,2,4938,2,8,0.2,0.0004048582995951417,0.997979797979798,7.33859120006673,27,100
0.0012145748987854252,0.4,0.6,0.4,0.4,0.3,4,4934,6,6,0.4,0.0012145748987854252,0.9975757575757576,7.33859120006673,27,100
0.0012145748987854252,0.4,0.6,0.4,0.4,0.35,4,4934,6,6,0.4,0.0012145748987854252,0.9975757575757576,7.33859120006673,27,100
0.0016194331983805667,0.4,0.6666666666666666,0.3333333333333333,0.4,0.4,4,4932,8,6,0.4,0.0016194331983805667,0.9971717171717172,7.33859120006673,27,100
0.0024291497975708503,0.4,0.75,0.25,0.4,0.45,4,4928,12,6,0.4,0.0024291497975708503,0.9963636363636363,7.33859120006673,27,100
0.002834008097165992,0.4,0.7777777777777778,0.2222222222222222,0.4,0.5,4,4926,14,6,0.4,0.002834008097165992,0.9959595959595959,7.33859120006673,27,100
0.003036437246963563,0.4,0.7894736842105263,0.21052631578947367,0.4,0.55,4,4925,15,6,0.4,0.003036437246963563,0.9957575757575757,7.33859120006673,27,100
0.0036437246963562753,0.5,0.782608695652174,0.21739130434782608,0.5,0.6,5,4922,18,5,0.5,0.0036437246963562753,0.9953535353535353,7.33859120006673,27,100
0.005465587044534413,0.5,0.84375,0.15625,0.5,0.65,5,4913,27,5,0.5,0.005465587044534413,0.9935353535353535,7.33859120006673,27,100
0.005465587044534413,0.5,0.84375,0.15625,0.5,0.7,5,4913,27,5,0.5,0.005465587044534413,0.9935353535353535,7.33859120006673,27,100
0.005668016194331984,0.5,0.8484848484848485,0.15151515151515152,0.5,0.75,5,4912,28,5,0.5,0.005668016194331984,0.9933333333333333,7.33859120006673,27,100
0.007489878542510121,0.5,0.8809523809523809,0.11904761904761904,0.5,0.8,5,4903,37,5,0.5,0.007489878542510121,0.9915151515151515,7.33859120006673,27,100
0.011336032388663968,0.5,0.9180327868852459,0.08196721311475409,0.5,0.85,5,4884,56,5,0.5,0.011336032388663968,0.9876767676767677,7.33859120006673,27,100
0.018218623481781375,0.5,0.9473684210526315,0.05263157894736842,0.5,0.9,5,4850,90,5,0.5,0.018218623481781375,0.9808080808080808,7.33859120006673,27,100
0.15526315789473685,0.8,0.9896774193548387,0.01032258064516129,0.8,0.95,8,4173,767,2,0.8,0.15526315789473685,0.8446464646464646,7.33859120006673,27,100
0.9955465587044534,1.0,0.9979707792207793,0.002029220779220779,1.0,1.0,10,22,4918,0,1.0,0.9955465587044534,0.006464646464646465,7.33859120006673,27,100
0.0,0.0,0.0,,0.0,0.05,0,4940,0,10,0.0,0.0,0.997979797979798,7.530493399943225,28,100
0.0,0.0,0.0,,0.0,0.1,0,4940,0,10,0.0,0.0,0.997979797979798,7.530493399943225,28,100
0.0,0.0,0.0,,0.0,0.15,0,4940,0,10,0.0,0.0,0.997979797979798,7.530493399943225,28,100
0.0,0.0,0.0,,0.0,0.2,0,4940,0,10,0.0,0.0,0.997979797979798,7.530493399943225,28,100
0.0,0.0,0.0,,0.0,0.25,0,4940,0,10,0.0,0.0,0.997979797979798,7.530493399943225,28,100
0.0012145748987854252,0.0,1.0,0.0,0.0,0.3,0,4934,6,10,0.0,0.0012145748987854252,0.9967676767676767,7.530493399943225,28,100
0.0018218623481781376,0.0,1.0,0.0,0.0,0.35,0,4931,9,10,0.0,0.0018218623481781376,0.9961616161616161,7.530493399943225,28,100
0.0018218623481781376,0.0,1.0,0.0,0.0,0.4,0,4931,9,10,0.0,0.0018218623481781376,0.9961616161616161,7.530493399943225,28,100
0.0018218623481781376,0.0,1.0,0.0,0.0,0.45,0,4931,9,10,0.0,0.0018218623481781376,0.9961616161616161,7.530493399943225,28,100
0.0018218623481781376,0.0,1.0,0.0,0.0,0.5,0,4931,9,10,0.0,0.0018218623481781376,0.9961616161616161,7.530493399943225,28,100
0.0018218623481781376,0.0,1.0,0.0,0.0,0.55,0,4931,9,10,0.0,0.0018218623481781376,0.9961616161616161,7.530493399943225,28,100
0.0018218623481781376,0.0,1.0,0.0,0.0,0.6,0,4931,9,10,0.0,0.0018218623481781376,0.9961616161616161,7.530493399943225,28,100
0.0018218623481781376,0.0,1.0,0.0,0.0,0.65,0,4931,9,10,0.0,0.0018218623481781376,0.9961616161616161,7.530493399943225,28,100
0.0024291497975708503,0.0,1.0,0.0,0.0,0.7,0,4928,12,10,0.0,0.0024291497975708503,0.9955555555555555,7.530493399943225,28,100
0.0024291497975708503,0.0,1.0,0.0,0.0,0.75,0,4928,12,10,0.0,0.0024291497975708503,0.9955555555555555,7.530493399943225,28,100
0.0032388663967611335,0.0,1.0,0.0,0.0,0.8,0,4924,16,10,0.0,0.0032388663967611335,0.9947474747474747,7.530493399943225,28,100
0.010728744939271255,0.2,0.9636363636363636,0.03636363636363636,0.2,0.85,2,4887,53,8,0.2,0.010728744939271255,0.9876767676767677,7.530493399943225,28,100
0.011133603238866396,0.2,0.9649122807017544,0.03508771929824561,0.2,0.9,2,4885,55,8,0.2,0.011133603238866396,0.9872727272727273,7.530493399943225,28,100
0.01882591093117409,0.2,0.9789473684210527,0.021052631578947368,0.2,0.95,2,4847,93,8,0.2,0.01882591093117409,0.9795959595959596,7.530493399943225,28,100
0.9967611336032388,1.0,0.9979732468585326,0.002026753141467369,1.0,1.0,10,16,4924,0,1.0,0.9967611336032388,0.0052525252525252525,7.530493399943225,28,100
0.00020242914979757084,0.0,1.0,0.0,0.0,0.05,0,4939,1,10,0.0,0.00020242914979757084,0.9977777777777778,7.677001100033522,29,100
0.00020242914979757084,0.0,1.0,0.0,0.0,0.1,0,4939,1,10,0.0,0.00020242914979757084,0.9977777777777778,7.677001100033522,29,100
0.00020242914979757084,0.1,0.5,0.5,0.1,0.15,1,4939,1,9,0.1,0.00020242914979757084,0.997979797979798,7.677001100033522,29,100
0.00020242914979757084,0.2,0.3333333333333333,0.6666666666666666,0.2,0.2,2,4939,1,8,0.2,0.00020242914979757084,0.9981818181818182,7.677001100033522,29,100
0.00020242914979757084,0.2,0.3333333333333333,0.6666666666666666,0.2,0.25,2,4939,1,8,0.2,0.00020242914979757084,0.9981818181818182,7.677001100033522,29,100
0.00020242914979757084,0.2,0.3333333333333333,0.6666666666666666,0.2,0.3,2,4939,1,8,0.2,0.00020242914979757084,0.9981818181818182,7.677001100033522,29,100
0.00020242914979757084,0.2,0.3333333333333333,0.6666666666666666,0.2,0.35,2,4939,1,8,0.2,0.00020242914979757084,0.9981818181818182,7.677001100033522,29,100
0.00020242914979757084,0.2,0.3333333333333333,0.6666666666666666,0.2,0.4,2,4939,1,8,0.2,0.00020242914979757084,0.9981818181818182,7.677001100033522,29,100
0.00020242914979757084,0.2,0.3333333333333333,0.6666666666666666,0.2,0.45,2,4939,1,8,0.2,0.00020242914979757084,0.9981818181818182,7.677001100033522,29,100
0.00020242914979757084,0.2,0.3333333333333333,0.6666666666666666,0.2,0.5,2,4939,1,8,0.2,0.00020242914979757084,0.9981818181818182,7.677001100033522,29,100
0.00020242914979757084,0.3,0.25,0.75,0.3,0.55,3,4939,1,7,0.3,0.00020242914979757084,0.9983838383838384,7.677001100033522,29,100
0.00020242914979757084,0.3,0.25,0.75,0.3,0.6,3,4939,1,7,0.3,0.00020242914979757084,0.9983838383838384,7.677001100033522,29,100
0.00020242914979757084,0.3,0.25,0.75,0.3,0.65,3,4939,1,7,0.3,0.00020242914979757084,0.9983838383838384,7.677001100033522,29,100
0.00020242914979757084,0.3,0.25,0.75,0.3,0.7,3,4939,1,7,0.3,0.00020242914979757084,0.9983838383838384,7.677001100033522,29,100
0.002226720647773279,0.3,0.7857142857142857,0.21428571428571427,0.3,0.75,3,4929,11,7,0.3,0.002226720647773279,0.9963636363636363,7.677001100033522,29,100
0.0024291497975708503,0.3,0.8,0.2,0.3,0.8,3,4928,12,7,0.3,0.0024291497975708503,0.9961616161616161,7.677001100033522,29,100
0.0024291497975708503,0.3,0.8,0.2,0.3,0.85,3,4928,12,7,0.3,0.0024291497975708503,0.9961616161616161,7.677001100033522,29,100
0.004251012145748988,0.3,0.875,0.125,0.3,0.9,3,4919,21,7,0.3,0.004251012145748988,0.9943434343434343,7.677001100033522,29,100
0.07894736842105263,0.8,0.9798994974874372,0.020100502512562814,0.8,0.95,8,4550,390,2,0.8,0.07894736842105263,0.9208080808080809,7.677001100033522,29,100
0.627327935222672,0.9,0.997104247104247,0.0028957528957528956,0.9,1.0,9,1841,3099,1,0.9,0.627327935222672,0.37373737373737376,7.677001100033522,29,100
0.0,0.0,0.0,,0.0,0.05,0,4940,0,10,0.0,0.0,0.997979797979798,7.55187249998562,30,100
0.0,0.0,0.0,,0.0,0.1,0,4940,0,10,0.0,0.0,0.997979797979798,7.55187249998562,30,100
0.0,0.1,0.0,1.0,0.1,0.15,1,4940,0,9,0.1,0.0,0.9981818181818182,7.55187249998562,30,100
0.0,0.1,0.0,1.0,0.1,0.2,1,4940,0,9,0.1,0.0,0.9981818181818182,7.55187249998562,30,100
0.0,0.1,0.0,1.0,0.1,0.25,1,4940,0,9,0.1,0.0,0.9981818181818182,7.55187249998562,30,100
0.0,0.1,0.0,1.0,0.1,0.3,1,4940,0,9,0.1,0.0,0.9981818181818182,7.55187249998562,30,100
0.0,0.1,0.0,1.0,0.1,0.35,1,4940,0,9,0.1,0.0,0.9981818181818182,7.55187249998562,30,100
0.0024291497975708503,0.2,0.8571428571428571,0.14285714285714285,0.2,0.4,2,4928,12,8,0.2,0.0024291497975708503,0.9959595959595959,7.55187249998562,30,100
0.0024291497975708503,0.2,0.8571428571428571,0.14285714285714285,0.2,0.45,2,4928,12,8,0.2,0.0024291497975708503,0.9959595959595959,7.55187249998562,30,100
0.002631578947368421,0.2,0.8666666666666667,0.13333333333333333,0.2,0.5,2,4927,13,8,0.2,0.002631578947368421,0.9957575757575757,7.55187249998562,30,100
0.003036437246963563,0.3,0.8333333333333334,0.16666666666666666,0.3,0.55,3,4925,15,7,0.3,0.003036437246963563,0.9955555555555555,7.55187249998562,30,100
0.0038461538461538464,0.3,0.8636363636363636,0.13636363636363635,0.3,0.6,3,4921,19,7,0.3,0.0038461538461538464,0.9947474747474747,7.55187249998562,30,100
0.0038461538461538464,0.3,0.8636363636363636,0.13636363636363635,0.3,0.65,3,4921,19,7,0.3,0.0038461538461538464,0.9947474747474747,7.55187249998562,30,100
0.004858299595141701,0.4,0.8571428571428571,0.14285714285714285,0.4,0.7,4,4916,24,6,0.4,0.004858299595141701,0.9939393939393939,7.55187249998562,30,100
0.005668016194331984,0.4,0.875,0.125,0.4,0.75,4,4912,28,6,0.4,0.005668016194331984,0.9931313131313131,7.55187249998562,30,100
0.009109311740890687,0.4,0.9183673469387755,0.08163265306122448,0.4,0.8,4,4895,45,6,0.4,0.009109311740890687,0.9896969696969697,7.55187249998562,30,100
0.012348178137651822,0.4,0.9384615384615385,0.06153846153846154,0.4,0.85,4,4879,61,6,0.4,0.012348178137651822,0.9864646464646465,7.55187249998562,30,100
0.017408906882591092,0.5,0.945054945054945,0.054945054945054944,0.5,0.9,5,4854,86,5,0.5,0.017408906882591092,0.9816161616161616,7.55187249998562,30,100
0.018218623481781375,0.5,0.9473684210526315,0.05263157894736842,0.5,0.95,5,4850,90,5,0.5,0.018218623481781375,0.9808080808080808,7.55187249998562,30,100
0.9987854251012146,1.0,0.9979773462783171,0.0020226537216828477,1.0,1.0,10,6,4934,0,1.0,0.9987854251012146,0.0032323232323232323,7.55187249998562,30,100
0.0,0.0,0.0,,0.0,0.05,0,4940,0,10,0.0,0.0,0.997979797979798,6.431117500062101,31,100
0.0,0.0,0.0,,0.0,0.1,0,4940,0,10,0.0,0.0,0.997979797979798,6.431117500062101,31,100
0.0,0.0,0.0,,0.0,0.15,0,4940,0,10,0.0,0.0,0.997979797979798,6.431117500062101,31,100
0.0,0.0,0.0,,0.0,0.2,0,4940,0,10,0.0,0.0,0.997979797979798,6.431117500062101,31,100
0.0,0.0,0.0,,0.0,0.25,0,4940,0,10,0.0,0.0,0.997979797979798,6.431117500062101,31,100
0.0,0.0,0.0,,0.0,0.3,0,4940,0,10,0.0,0.0,0.997979797979798,6.431117500062101,31,100
0.0,0.0,0.0,,0.0,0.35,0,4940,0,10,0.0,0.0,0.997979797979798,6.431117500062101,31,100
0.0,0.0,0.0,,0.0,0.4,0,4940,0,10,0.0,0.0,0.997979797979798,6.431117500062101,31,100
0.0,0.0,0.0,,0.0,0.45,0,4940,0,10,0.0,0.0,0.997979797979798,6.431117500062101,31,100
0.0010121457489878543,0.1,0.8333333333333334,0.16666666666666666,0.1,0.5,1,4935,5,9,0.1,0.0010121457489878543,0.9971717171717172,6.431117500062101,31,100
0.0010121457489878543,0.1,0.8333333333333334,0.16666666666666666,0.1,0.55,1,4935,5,9,0.1,0.0010121457489878543,0.9971717171717172,6.431117500062101,31,100
0.0016194331983805667,0.1,0.8888888888888888,0.1111111111111111,0.1,0.6,1,4932,8,9,0.1,0.0016194331983805667,0.9965656565656565,6.431117500062101,31,100
0.003036437246963563,0.3,0.8333333333333334,0.16666666666666666,0.3,0.65,3,4925,15,7,0.3,0.003036437246963563,0.9955555555555555,6.431117500062101,31,100
0.003036437246963563,0.3,0.8333333333333334,0.16666666666666666,0.3,0.7,3,4925,15,7,0.3,0.003036437246963563,0.9955555555555555,6.431117500062101,31,100
0.0038461538461538464,0.3,0.8636363636363636,0.13636363636363635,0.3,0.75,3,4921,19,7,0.3,0.0038461538461538464,0.9947474747474747,6.431117500062101,31,100
0.0038461538461538464,0.3,0.8636363636363636,0.13636363636363635,0.3,0.8,3,4921,19,7,0.3,0.0038461538461538464,0.9947474747474747,6.431117500062101,31,100
0.004453441295546558,0.3,0.88,0.12,0.3,0.85,3,4918,22,7,0.3,0.004453441295546558,0.9941414141414141,6.431117500062101,31,100
0.014979757085020242,0.3,0.961038961038961,0.03896103896103896,0.3,0.9,3,4866,74,7,0.3,0.014979757085020242,0.9836363636363636,6.431117500062101,31,100
0.050404858299595144,0.3,0.9880952380952381,0.011904761904761904,0.3,0.95,3,4691,249,7,0.3,0.050404858299595144,0.9482828282828283,6.431117500062101,31,100
0.9969635627530364,1.0,0.9979736575481256,0.002026342451874367,1.0,1.0,10,15,4925,0,1.0,0.9969635627530364,0.005050505050505051,6.431117500062101,31,100
0.0,0.0,0.0,,0.0,0.05,0,4940,0,10,0.0,0.0,0.997979797979798,6.155593300005421,32,100
0.0,0.0,0.0,,0.0,0.1,0,4940,0,10,0.0,0.0,0.997979797979798,6.155593300005421,32,100
0.0,0.0,0.0,,0.0,0.15,0,4940,0,10,0.0,0.0,0.997979797979798,6.155593300005421,32,100
0.0,0.3,0.0,1.0,0.3,0.2,3,4940,0,7,0.3,0.0,0.9985858585858586,6.155593300005421,32,100
0.0,0.3,0.0,1.0,0.3,0.25,3,4940,0,7,0.3,0.0,0.9985858585858586,6.155593300005421,32,100
0.0,0.3,0.0,1.0,0.3,0.3,3,4940,0,7,0.3,0.0,0.9985858585858586,6.155593300005421,32,100
0.0,0.3,0.0,1.0,0.3,0.35,3,4940,0,7,0.3,0.0,0.9985858585858586,6.155593300005421,32,100
0.0,0.3,0.0,1.0,0.3,0.4,3,4940,0,7,0.3,0.0,0.9985858585858586,6.155593300005421,32,100
0.0,0.3,0.0,1.0,0.3,0.45,3,4940,0,7,0.3,0.0,0.9985858585858586,6.155593300005421,32,100
0.0,0.3,0.0,1.0,0.3,0.5,3,4940,0,7,0.3,0.0,0.9985858585858586,6.155593300005421,32,100
0.00020242914979757084,0.3,0.25,0.75,0.3,0.55,3,4939,1,7,0.3,0.00020242914979757084,0.9983838383838384,6.155593300005421,32,100
0.00020242914979757084,0.3,0.25,0.75,0.3,0.6,3,4939,1,7,0.3,0.00020242914979757084,0.9983838383838384,6.155593300005421,32,100
0.00020242914979757084,0.3,0.25,0.75,0.3,0.65,3,4939,1,7,0.3,0.00020242914979757084,0.9983838383838384,6.155593300005421,32,100
0.0010121457489878543,0.3,0.625,0.375,0.3,0.7,3,4935,5,7,0.3,0.0010121457489878543,0.9975757575757576,6.155593300005421,32,100
0.0010121457489878543,0.3,0.625,0.375,0.3,0.75,3,4935,5,7,0.3,0.0010121457489878543,0.9975757575757576,6.155593300005421,32,100
0.001417004048582996,0.3,0.7,0.3,0.3,0.8,3,4933,7,7,0.3,0.001417004048582996,0.9971717171717172,6.155593300005421,32,100
0.001417004048582996,0.3,0.7,0.3,0.3,0.85,3,4933,7,7,0.3,0.001417004048582996,0.9971717171717172,6.155593300005421,32,100
0.027125506072874495,0.4,0.9710144927536232,0.028985507246376812,0.4,0.9,4,4806,134,6,0.4,0.027125506072874495,0.9717171717171718,6.155593300005421,32,100
0.31275303643724695,0.9,0.9942084942084942,0.005791505791505791,0.9,0.95,9,3395,1545,1,0.9,0.31275303643724695,0.6876767676767677,6.155593300005421,32,100
0.9983805668016195,1.0,0.9979765277215702,0.0020234722784297854,1.0,1.0,10,8,4932,0,1.0,0.9983805668016195,0.0036363636363636364,6.155593300005421,32,100
0.0,0.0,0.0,,0.0,0.05,0,4940,0,10,0.0,0.0,0.997979797979798,6.182049899944104,33,100
0.0,0.0,0.0,,0.0,0.1,0,4940,0,10,0.0,0.0,0.997979797979798,6.182049899944104,33,100
0.0,0.0,0.0,,0.0,0.15,0,4940,0,10,0.0,0.0,0.997979797979798,6.182049899944104,33,100
0.0,0.0,0.0,,0.0,0.2,0,4940,0,10,0.0,0.0,0.997979797979798,6.182049899944104,33,100
0.0,0.0,0.0,,0.0,0.25,0,4940,0,10,0.0,0.0,0.997979797979798,6.182049899944104,33,100
0.0,0.0,0.0,,0.0,0.3,0,4940,0,10,0.0,0.0,0.997979797979798,6.182049899944104,33,100
0.0,0.0,0.0,,0.0,0.35,0,4940,0,10,0.0,0.0,0.997979797979798,6.182049899944104,33,100
0.00020242914979757084,0.0,1.0,0.0,0.0,0.4,0,4939,1,10,0.0,0.00020242914979757084,0.9977777777777778,6.182049899944104,33,100
0.00020242914979757084,0.0,1.0,0.0,0.0,0.45,0,4939,1,10,0.0,0.00020242914979757084,0.9977777777777778,6.182049899944104,33,100
0.0004048582995951417,0.0,1.0,0.0,0.0,0.5,0,4938,2,10,0.0,0.0004048582995951417,0.9975757575757576,6.182049899944104,33,100
0.0006072874493927126,0.0,1.0,0.0,0.0,0.55,0,4937,3,10,0.0,0.0006072874493927126,0.9973737373737374,6.182049899944104,33,100
0.0006072874493927126,0.0,1.0,0.0,0.0,0.6,0,4937,3,10,0.0,0.0006072874493927126,0.9973737373737374,6.182049899944104,33,100
0.0006072874493927126,0.0,1.0,0.0,0.0,0.65,0,4937,3,10,0.0,0.0006072874493927126,0.9973737373737374,6.182049899944104,33,100
0.0006072874493927126,0.0,1.0,0.0,0.0,0.7,0,4937,3,10,0.0,0.0006072874493927126,0.9973737373737374,6.182049899944104,33,100
0.0006072874493927126,0.0,1.0,0.0,0.0,0.75,0,4937,3,10,0.0,0.0006072874493927126,0.9973737373737374,6.182049899944104,33,100
0.0032388663967611335,0.0,1.0,0.0,0.0,0.8,0,4924,16,10,0.0,0.0032388663967611335,0.9947474747474747,6.182049899944104,33,100
0.0032388663967611335,0.0,1.0,0.0,0.0,0.85,0,4924,16,10,0.0,0.0032388663967611335,0.9947474747474747,6.182049899944104,33,100
0.00931174089068826,0.0,1.0,0.0,0.0,0.9,0,4894,46,10,0.0,0.00931174089068826,0.9886868686868687,6.182049899944104,33,100
0.09271255060728745,0.3,0.9934924078091106,0.006507592190889371,0.3,0.95,3,4482,458,7,0.3,0.09271255060728745,0.906060606060606,6.182049899944104,33,100
0.29453441295546556,0.6,0.9958932238193019,0.004106776180698152,0.6,1.0,6,3485,1455,4,0.6,0.29453441295546556,0.7052525252525252,6.182049899944104,33,100
0.0,0.1,0.0,1.0,0.1,0.05,1,4940,0,9,0.1,0.0,0.9981818181818182,6.214689599932171,34,100
0.0,0.1,0.0,1.0,0.1,0.1,1,4940,0,9,0.1,0.0,0.9981818181818182,6.214689599932171,34,100
0.0004048582995951417,0.1,0.6666666666666666,0.3333333333333333,0.1,0.15,1,4938,2,9,0.1,0.0004048582995951417,0.9977777777777778,6.214689599932171,34,100
0.0004048582995951417,0.1,0.6666666666666666,0.3333333333333333,0.1,0.2,1,4938,2,9,0.1,0.0004048582995951417,0.9977777777777778,6.214689599932171,34,100
0.0012145748987854252,0.2,0.75,0.25,0.2,0.25,2,4934,6,8,0.2,0.0012145748987854252,0.9971717171717172,6.214689599932171,34,100
0.0016194331983805667,0.2,0.8,0.2,0.2,0.3,2,4932,8,8,0.2,0.0016194331983805667,0.9967676767676767,6.214689599932171,34,100
0.0018218623481781376,0.3,0.75,0.25,0.3,0.35,3,4931,9,7,0.3,0.0018218623481781376,0.9967676767676767,6.214689599932171,34,100
0.0020242914979757085,0.3,0.7692307692307693,0.23076923076923078,0.3,0.4,3,4930,10,7,0.3,0.0020242914979757085,0.9965656565656565,6.214689599932171,34,100
0.0020242914979757085,0.3,0.7692307692307693,0.23076923076923078,0.3,0.45,3,4930,10,7,0.3,0.0020242914979757085,0.9965656565656565,6.214689599932171,34,100
0.0020242914979757085,0.3,0.7692307692307693,0.23076923076923078,0.3,0.5,3,4930,10,7,0.3,0.0020242914979757085,0.9965656565656565,6.214689599932171,34,100
0.0020242914979757085,0.3,0.7692307692307693,0.23076923076923078,0.3,0.55,3,4930,10,7,0.3,0.0020242914979757085,0.9965656565656565,6.214689599932171,34,100
0.0020242914979757085,0.3,0.7692307692307693,0.23076923076923078,0.3,0.6,3,4930,10,7,0.3,0.0020242914979757085,0.9965656565656565,6.214689599932171,34,100
0.002226720647773279,0.3,0.7857142857142857,0.21428571428571427,0.3,0.65,3,4929,11,7,0.3,0.002226720647773279,0.9963636363636363,6.214689599932171,34,100
0.002631578947368421,0.3,0.8125,0.1875,0.3,0.7,3,4927,13,7,0.3,0.002631578947368421,0.9959595959595959,6.214689599932171,34,100
0.002631578947368421,0.3,0.8125,0.1875,0.3,0.75,3,4927,13,7,0.3,0.002631578947368421,0.9959595959595959,6.214689599932171,34,100
0.002834008097165992,0.3,0.8235294117647058,0.17647058823529413,0.3,0.8,3,4926,14,7,0.3,0.002834008097165992,0.9957575757575757,6.214689599932171,34,100
0.005465587044534413,0.4,0.8709677419354839,0.12903225806451613,0.4,0.85,4,4913,27,6,0.4,0.005465587044534413,0.9933333333333333,6.214689599932171,34,100
0.006072874493927126,0.4,0.8823529411764706,0.11764705882352941,0.4,0.9,4,4910,30,6,0.4,0.006072874493927126,0.9927272727272727,6.214689599932171,34,100
0.006072874493927126,0.4,0.8823529411764706,0.11764705882352941,0.4,0.95,4,4910,30,6,0.4,0.006072874493927126,0.9927272727272727,6.214689599932171,34,100
0.9983805668016195,1.0,0.9979765277215702,0.0020234722784297854,1.0,1.0,10,8,4932,0,1.0,0.9983805668016195,0.0036363636363636364,6.214689599932171,34,100
0.0,0.1,0.0,1.0,0.1,0.05,1,4940,0,9,0.1,0.0,0.9981818181818182,6.2764335999963805,35,100
0.0004048582995951417,0.1,0.6666666666666666,0.3333333333333333,0.1,0.1,1,4938,2,9,0.1,0.0004048582995951417,0.9977777777777778,6.2764335999963805,35,100
0.0004048582995951417,0.1,0.6666666666666666,0.3333333333333333,0.1,0.15,1,4938,2,9,0.1,0.0004048582995951417,0.9977777777777778,6.2764335999963805,35,100
0.0004048582995951417,0.1,0.6666666666666666,0.3333333333333333,0.1,0.2,1,4938,2,9,0.1,0.0004048582995951417,0.9977777777777778,6.2764335999963805,35,100
0.0004048582995951417,0.1,0.6666666666666666,0.3333333333333333,0.1,0.25,1,4938,2,9,0.1,0.0004048582995951417,0.9977777777777778,6.2764335999963805,35,100
0.0004048582995951417,0.1,0.6666666666666666,0.3333333333333333,0.1,0.3,1,4938,2,9,0.1,0.0004048582995951417,0.9977777777777778,6.2764335999963805,35,100
0.0004048582995951417,0.1,0.6666666666666666,0.3333333333333333,0.1,0.35,1,4938,2,9,0.1,0.0004048582995951417,0.9977777777777778,6.2764335999963805,35,100
0.0004048582995951417,0.1,0.6666666666666666,0.3333333333333333,0.1,0.4,1,4938,2,9,0.1,0.0004048582995951417,0.9977777777777778,6.2764335999963805,35,100
0.0004048582995951417,0.1,0.6666666666666666,0.3333333333333333,0.1,0.45,1,4938,2,9,0.1,0.0004048582995951417,0.9977777777777778,6.2764335999963805,35,100
0.0004048582995951417,0.1,0.6666666666666666,0.3333333333333333,0.1,0.5,1,4938,2,9,0.1,0.0004048582995951417,0.9977777777777778,6.2764335999963805,35,100
0.0004048582995951417,0.1,0.6666666666666666,0.3333333333333333,0.1,0.55,1,4938,2,9,0.1,0.0004048582995951417,0.9977777777777778,6.2764335999963805,35,100
0.0004048582995951417,0.1,0.6666666666666666,0.3333333333333333,0.1,0.6,1,4938,2,9,0.1,0.0004048582995951417,0.9977777777777778,6.2764335999963805,35,100
0.0004048582995951417,0.1,0.6666666666666666,0.3333333333333333,0.1,0.65,1,4938,2,9,0.1,0.0004048582995951417,0.9977777777777778,6.2764335999963805,35,100
0.0004048582995951417,0.1,0.6666666666666666,0.3333333333333333,0.1,0.7,1,4938,2,9,0.1,0.0004048582995951417,0.9977777777777778,6.2764335999963805,35,100
0.0004048582995951417,0.1,0.6666666666666666,0.3333333333333333,0.1,0.75,1,4938,2,9,0.1,0.0004048582995951417,0.9977777777777778,6.2764335999963805,35,100
0.0004048582995951417,0.1,0.6666666666666666,0.3333333333333333,0.1,0.8,1,4938,2,9,0.1,0.0004048582995951417,0.9977777777777778,6.2764335999963805,35,100
0.0004048582995951417,0.1,0.6666666666666666,0.3333333333333333,0.1,0.85,1,4938,2,9,0.1,0.0004048582995951417,0.9977777777777778,6.2764335999963805,35,100
0.12813765182186235,0.9,0.985981308411215,0.014018691588785047,0.9,0.9,9,4307,633,1,0.9,0.12813765182186235,0.8719191919191919,6.2764335999963805,35,100
0.2639676113360324,0.9,0.9931454683929931,0.006854531607006854,0.9,0.95,9,3636,1304,1,0.9,0.2639676113360324,0.7363636363636363,6.2764335999963805,35,100
0.998582995951417,1.0,0.9979769370827433,0.0020230629172567267,1.0,1.0,10,7,4933,0,1.0,0.998582995951417,0.0034343434343434343,6.2764335999963805,35,100
0.0,0.1,0.0,1.0,0.1,0.05,1,4940,0,9,0.1,0.0,0.9981818181818182,6.144176200032234,36,100
0.0,0.1,0.0,1.0,0.1,0.1,1,4940,0,9,0.1,0.0,0.9981818181818182,6.144176200032234,36,100
0.0,0.1,0.0,1.0,0.1,0.15,1,4940,0,9,0.1,0.0,0.9981818181818182,6.144176200032234,36,100
0.0,0.1,0.0,1.0,0.1,0.2,1,4940,0,9,0.1,0.0,0.9981818181818182,6.144176200032234,36,100
0.0004048582995951417,0.1,0.6666666666666666,0.3333333333333333,0.1,0.25,1,4938,2,9,0.1,0.0004048582995951417,0.9977777777777778,6.144176200032234,36,100
0.0004048582995951417,0.1,0.6666666666666666,0.3333333333333333,0.1,0.3,1,4938,2,9,0.1,0.0004048582995951417,0.9977777777777778,6.144176200032234,36,100
0.0004048582995951417,0.1,0.6666666666666666,0.3333333333333333,0.1,0.35,1,4938,2,9,0.1,0.0004048582995951417,0.9977777777777778,6.144176200032234,36,100
0.0004048582995951417,0.1,0.6666666666666666,0.3333333333333333,0.1,0.4,1,4938,2,9,0.1,0.0004048582995951417,0.9977777777777778,6.144176200032234,36,100
0.0006072874493927126,0.1,0.75,0.25,0.1,0.45,1,4937,3,9,0.1,0.0006072874493927126,0.9975757575757576,6.144176200032234,36,100
0.0006072874493927126,0.1,0.75,0.25,0.1,0.5,1,4937,3,9,0.1,0.0006072874493927126,0.9975757575757576,6.144176200032234,36,100
0.0006072874493927126,0.1,0.75,0.25,0.1,0.55,1,4937,3,9,0.1,0.0006072874493927126,0.9975757575757576,6.144176200032234,36,100
0.0006072874493927126,0.1,0.75,0.25,0.1,0.6,1,4937,3,9,0.1,0.0006072874493927126,0.9975757575757576,6.144176200032234,36,100
0.0006072874493927126,0.2,0.6,0.4,0.2,0.65,2,4937,3,8,0.2,0.0006072874493927126,0.9977777777777778,6.144176200032234,36,100
0.002834008097165992,0.3,0.8235294117647058,0.17647058823529413,0.3,0.7,3,4926,14,7,0.3,0.002834008097165992,0.9957575757575757,6.144176200032234,36,100
0.0034412955465587046,0.3,0.85,0.15,0.3,0.75,3,4923,17,7,0.3,0.0034412955465587046,0.9951515151515151,6.144176200032234,36,100
0.0034412955465587046,0.3,0.85,0.15,0.3,0.8,3,4923,17,7,0.3,0.0034412955465587046,0.9951515151515151,6.144176200032234,36,100
0.0036437246963562753,0.4,0.8181818181818182,0.18181818181818182,0.4,0.85,4,4922,18,6,0.4,0.0036437246963562753,0.9951515151515151,6.144176200032234,36,100
0.01700404858299595,0.5,0.9438202247191011,0.056179775280898875,0.5,0.9,5,4856,84,5,0.5,0.01700404858299595,0.982020202020202,6.144176200032234,36,100
0.032591093117408904,0.6,0.9640718562874252,0.03592814371257485,0.6,0.95,6,4779,161,4,0.6,0.032591093117408904,0.9666666666666667,6.144176200032234,36,100
0.978744939271255,1.0,0.9979360165118679,0.0020639834881320948,1.0,1.0,10,105,4835,0,1.0,0.978744939271255,0.023232323232323233,6.144176200032234,36,100
0.0,0.0,0.0,,0.0,0.05,0,4940,0,10,0.0,0.0,0.997979797979798,6.156215299968608,37,100
0.0,0.0,0.0,,0.0,0.1,0,4940,0,10,0.0,0.0,0.997979797979798,6.156215299968608,37,100
0.0,0.0,0.0,,0.0,0.15,0,4940,0,10,0.0,0.0,0.997979797979798,6.156215299968608,37,100
0.0004048582995951417,0.1,0.6666666666666666,0.3333333333333333,0.1,0.2,1,4938,2,9,0.1,0.0004048582995951417,0.9977777777777778,6.156215299968608,37,100
0.0004048582995951417,0.1,0.6666666666666666,0.3333333333333333,0.1,0.25,1,4938,2,9,0.1,0.0004048582995951417,0.9977777777777778,6.156215299968608,37,100
0.0004048582995951417,0.1,0.6666666666666666,0.3333333333333333,0.1,0.3,1,4938,2,9,0.1,0.0004048582995951417,0.9977777777777778,6.156215299968608,37,100
0.0004048582995951417,0.1,0.6666666666666666,0.3333333333333333,0.1,0.35,1,4938,2,9,0.1,0.0004048582995951417,0.9977777777777778,6.156215299968608,37,100
0.0018218623481781376,0.1,0.9,0.1,0.1,0.4,1,4931,9,9,0.1,0.0018218623481781376,0.9963636363636363,6.156215299968608,37,100
0.002226720647773279,0.1,0.9166666666666666,0.08333333333333333,0.1,0.45,1,4929,11,9,0.1,0.002226720647773279,0.9959595959595959,6.156215299968608,37,100
0.002631578947368421,0.1,0.9285714285714286,0.07142857142857142,0.1,0.5,1,4927,13,9,0.1,0.002631578947368421,0.9955555555555555,6.156215299968608,37,100
0.0036437246963562753,0.1,0.9473684210526315,0.05263157894736842,0.1,0.55,1,4922,18,9,0.1,0.0036437246963562753,0.9945454545454545,6.156215299968608,37,100
0.0036437246963562753,0.1,0.9473684210526315,0.05263157894736842,0.1,0.6,1,4922,18,9,0.1,0.0036437246963562753,0.9945454545454545,6.156215299968608,37,100
0.0038461538461538464,0.1,0.95,0.05,0.1,0.65,1,4921,19,9,0.1,0.0038461538461538464,0.9943434343434343,6.156215299968608,37,100
0.004251012145748988,0.1,0.9545454545454546,0.045454545454545456,0.1,0.7,1,4919,21,9,0.1,0.004251012145748988,0.9939393939393939,6.156215299968608,37,100
0.004453441295546558,0.1,0.9565217391304348,0.043478260869565216,0.1,0.75,1,4918,22,9,0.1,0.004453441295546558,0.9937373737373737,6.156215299968608,37,100
0.004453441295546558,0.1,0.9565217391304348,0.043478260869565216,0.1,0.8,1,4918,22,9,0.1,0.004453441295546558,0.9937373737373737,6.156215299968608,37,100
0.005465587044534413,0.1,0.9642857142857143,0.03571428571428571,0.1,0.85,1,4913,27,9,0.1,0.005465587044534413,0.9927272727272727,6.156215299968608,37,100
0.005465587044534413,0.1,0.9642857142857143,0.03571428571428571,0.1,0.9,1,4913,27,9,0.1,0.005465587044534413,0.9927272727272727,6.156215299968608,37,100
0.0965587044534413,0.8,0.9835051546391752,0.016494845360824743,0.8,0.95,8,4463,477,2,0.8,0.0965587044534413,0.9032323232323233,6.156215299968608,37,100
0.9951417004048583,1.0,0.9979699553390174,0.0020300446609825416,1.0,1.0,10,24,4916,0,1.0,0.9951417004048583,0.006868686868686869,6.156215299968608,37,100
0.0,0.0,0.0,,0.0,0.05,0,4940,0,10,0.0,0.0,0.997979797979798,6.92849349998869,38,100
0.0,0.0,0.0,,0.0,0.1,0,4940,0,10,0.0,0.0,0.997979797979798,6.92849349998869,38,100
0.0,0.0,0.0,,0.0,0.15,0,4940,0,10,0.0,0.0,0.997979797979798,6.92849349998869,38,100
0.0,0.0,0.0,,0.0,0.2,0,4940,0,10,0.0,0.0,0.997979797979798,6.92849349998869,38,100
0.0,0.0,0.0,,0.0,0.25,0,4940,0,10,0.0,0.0,0.997979797979798,6.92849349998869,38,100
0.00020242914979757084,0.0,1.0,0.0,0.0,0.3,0,4939,1,10,0.0,0.00020242914979757084,0.9977777777777778,6.92849349998869,38,100
0.0006072874493927126,0.0,1.0,0.0,0.0,0.35,0,4937,3,10,0.0,0.0006072874493927126,0.9973737373737374,6.92849349998869,38,100
0.0006072874493927126,0.0,1.0,0.0,0.0,0.4,0,4937,3,10,0.0,0.0006072874493927126,0.9973737373737374,6.92849349998869,38,100
0.0006072874493927126,0.0,1.0,0.0,0.0,0.45,0,4937,3,10,0.0,0.0006072874493927126,0.9973737373737374,6.92849349998869,38,100
0.0006072874493927126,0.0,1.0,0.0,0.0,0.5,0,4937,3,10,0.0,0.0006072874493927126,0.9973737373737374,6.92849349998869,38,100
0.0006072874493927126,0.0,1.0,0.0,0.0,0.55,0,4937,3,10,0.0,0.0006072874493927126,0.9973737373737374,6.92849349998869,38,100
0.0006072874493927126,0.0,1.0,0.0,0.0,0.6,0,4937,3,10,0.0,0.0006072874493927126,0.9973737373737374,6.92849349998869,38,100
0.0006072874493927126,0.0,1.0,0.0,0.0,0.65,0,4937,3,10,0.0,0.0006072874493927126,0.9973737373737374,6.92849349998869,38,100
0.0006072874493927126,0.0,1.0,0.0,0.0,0.7,0,4937,3,10,0.0,0.0006072874493927126,0.9973737373737374,6.92849349998869,38,100
0.0006072874493927126,0.0,1.0,0.0,0.0,0.75,0,4937,3,10,0.0,0.0006072874493927126,0.9973737373737374,6.92849349998869,38,100
0.0006072874493927126,0.0,1.0,0.0,0.0,0.8,0,4937,3,10,0.0,0.0006072874493927126,0.9973737373737374,6.92849349998869,38,100
0.0006072874493927126,0.0,1.0,0.0,0.0,0.85,0,4937,3,10,0.0,0.0006072874493927126,0.9973737373737374,6.92849349998869,38,100
0.0006072874493927126,0.0,1.0,0.0,0.0,0.9,0,4937,3,10,0.0,0.0006072874493927126,0.9973737373737374,6.92849349998869,38,100
0.19939271255060728,0.4,0.9959555106167847,0.004044489383215369,0.4,0.95,4,3955,985,6,0.4,0.19939271255060728,0.7997979797979798,6.92849349998869,38,100
0.9933198380566801,1.0,0.9979662395769778,0.002033760423022168,1.0,1.0,10,33,4907,0,1.0,0.9933198380566801,0.008686868686868687,6.92849349998869,38,100
0.0,0.1,0.0,1.0,0.1,0.05,1,4940,0,9,0.1,0.0,0.9981818181818182,6.208391199936159,39,100
0.0,0.1,0.0,1.0,0.1,0.1,1,4940,0,9,0.1,0.0,0.9981818181818182,6.208391199936159,39,100
0.0,0.1,0.0,1.0,0.1,0.15,1,4940,0,9,0.1,0.0,0.9981818181818182,6.208391199936159,39,100
0.0,0.1,0.0,1.0,0.1,0.2,1,4940,0,9,0.1,0.0,0.9981818181818182,6.208391199936159,39,100
0.0004048582995951417,0.3,0.4,0.6,0.3,0.25,3,4938,2,7,0.3,0.0004048582995951417,0.9981818181818182,6.208391199936159,39,100
0.0004048582995951417,0.3,0.4,0.6,0.3,0.3,3,4938,2,7,0.3,0.0004048582995951417,0.9981818181818182,6.208391199936159,39,100
0.0006072874493927126,0.3,0.5,0.5,0.3,0.35,3,4937,3,7,0.3,0.0006072874493927126,0.997979797979798,6.208391199936159,39,100
0.0008097165991902834,0.3,0.5714285714285714,0.42857142857142855,0.3,0.4,3,4936,4,7,0.3,0.0008097165991902834,0.9977777777777778,6.208391199936159,39,100
0.0008097165991902834,0.3,0.5714285714285714,0.42857142857142855,0.3,0.45,3,4936,4,7,0.3,0.0008097165991902834,0.9977777777777778,6.208391199936159,39,100
0.0008097165991902834,0.3,0.5714285714285714,0.42857142857142855,0.3,0.5,3,4936,4,7,0.3,0.0008097165991902834,0.9977777777777778,6.208391199936159,39,100
0.0010121457489878543,0.3,0.625,0.375,0.3,0.55,3,4935,5,7,0.3,0.0010121457489878543,0.9975757575757576,6.208391199936159,39,100
0.0010121457489878543,0.3,0.625,0.375,0.3,0.6,3,4935,5,7,0.3,0.0010121457489878543,0.9975757575757576,6.208391199936159,39,100
0.0016194331983805667,0.3,0.7272727272727273,0.2727272727272727,0.3,0.65,3,4932,8,7,0.3,0.0016194331983805667,0.996969696969697,6.208391199936159,39,100
0.0018218623481781376,0.3,0.75,0.25,0.3,0.7,3,4931,9,7,0.3,0.0018218623481781376,0.9967676767676767,6.208391199936159,39,100
0.0018218623481781376,0.3,0.75,0.25,0.3,0.75,3,4931,9,7,0.3,0.0018218623481781376,0.9967676767676767,6.208391199936159,39,100
0.0020242914979757085,0.3,0.7692307692307693,0.23076923076923078,0.3,0.8,3,4930,10,7,0.3,0.0020242914979757085,0.9965656565656565,6.208391199936159,39,100
0.02368421052631579,0.3,0.975,0.025,0.3,0.85,3,4823,117,7,0.3,0.02368421052631579,0.9749494949494949,6.208391199936159,39,100
0.11923076923076924,0.5,0.9915824915824916,0.008417508417508417,0.5,0.9,5,4351,589,5,0.5,0.11923076923076924,0.88,6.208391199936159,39,100
0.17955465587044533,0.8,0.9910614525139665,0.008938547486033519,0.8,0.95,8,4053,887,2,0.8,0.17955465587044533,0.8204040404040404,6.208391199936159,39,100
0.9971659919028341,1.0,0.9979740680713128,0.002025931928687196,1.0,1.0,10,14,4926,0,1.0,0.9971659919028341,0.0048484848484848485,6.208391199936159,39,100
0.0,0.0,0.0,,0.0,0.05,0,4940,0,10,0.0,0.0,0.997979797979798,6.871268299990334,40,100
0.0,0.0,0.0,,0.0,0.1,0,4940,0,10,0.0,0.0,0.997979797979798,6.871268299990334,40,100
0.0,0.0,0.0,,0.0,0.15,0,4940,0,10,0.0,0.0,0.997979797979798,6.871268299990334,40,100
0.0,0.1,0.0,1.0,0.1,0.2,1,4940,0,9,0.1,0.0,0.9981818181818182,6.871268299990334,40,100
0.0004048582995951417,0.1,0.6666666666666666,0.3333333333333333,0.1,0.25,1,4938,2,9,0.1,0.0004048582995951417,0.9977777777777778,6.871268299990334,40,100
0.0004048582995951417,0.1,0.6666666666666666,0.3333333333333333,0.1,0.3,1,4938,2,9,0.1,0.0004048582995951417,0.9977777777777778,6.871268299990334,40,100
0.0004048582995951417,0.1,0.6666666666666666,0.3333333333333333,0.1,0.35,1,4938,2,9,0.1,0.0004048582995951417,0.9977777777777778,6.871268299990334,40,100
0.0016194331983805667,0.1,0.8888888888888888,0.1111111111111111,0.1,0.4,1,4932,8,9,0.1,0.0016194331983805667,0.9965656565656565,6.871268299990334,40,100
0.0018218623481781376,0.1,0.9,0.1,0.1,0.45,1,4931,9,9,0.1,0.0018218623481781376,0.9963636363636363,6.871268299990334,40,100
0.0018218623481781376,0.1,0.9,0.1,0.1,0.5,1,4931,9,9,0.1,0.0018218623481781376,0.9963636363636363,6.871268299990334,40,100
0.0018218623481781376,0.1,0.9,0.1,0.1,0.55,1,4931,9,9,0.1,0.0018218623481781376,0.9963636363636363,6.871268299990334,40,100
0.0018218623481781376,0.1,0.9,0.1,0.1,0.6,1,4931,9,9,0.1,0.0018218623481781376,0.9963636363636363,6.871268299990334,40,100
0.003036437246963563,0.2,0.8823529411764706,0.11764705882352941,0.2,0.65,2,4925,15,8,0.2,0.003036437246963563,0.9953535353535353,6.871268299990334,40,100
0.003036437246963563,0.2,0.8823529411764706,0.11764705882352941,0.2,0.7,2,4925,15,8,0.2,0.003036437246963563,0.9953535353535353,6.871268299990334,40,100
0.003036437246963563,0.2,0.8823529411764706,0.11764705882352941,0.2,0.75,2,4925,15,8,0.2,0.003036437246963563,0.9953535353535353,6.871268299990334,40,100
0.003036437246963563,0.2,0.8823529411764706,0.11764705882352941,0.2,0.8,2,4925,15,8,0.2,0.003036437246963563,0.9953535353535353,6.871268299990334,40,100
0.0034412955465587046,0.2,0.8947368421052632,0.10526315789473684,0.2,0.85,2,4923,17,8,0.2,0.0034412955465587046,0.9949494949494949,6.871268299990334,40,100
0.0034412955465587046,0.2,0.8947368421052632,0.10526315789473684,0.2,0.9,2,4923,17,8,0.2,0.0034412955465587046,0.9949494949494949,6.871268299990334,40,100
0.006275303643724696,0.2,0.9393939393939394,0.06060606060606061,0.2,0.95,2,4909,31,8,0.2,0.006275303643724696,0.9921212121212121,6.871268299990334,40,100
0.8281376518218624,1.0,0.9975615703486954,0.00243842965130456,1.0,1.0,10,849,4091,0,1.0,0.8281376518218624,0.17353535353535354,6.871268299990334,40,100
0.0,0.0,0.0,,0.0,0.05,0,4940,0,10,0.0,0.0,0.997979797979798,6.635131699964404,41,100
0.0,0.0,0.0,,0.0,0.1,0,4940,0,10,0.0,0.0,0.997979797979798,6.635131699964404,41,100
0.0,0.0,0.0,,0.0,0.15,0,4940,0,10,0.0,0.0,0.997979797979798,6.635131699964404,41,100
0.0,0.0,0.0,,0.0,0.2,0,4940,0,10,0.0,0.0,0.997979797979798,6.635131699964404,41,100
0.0,0.0,0.0,,0.0,0.25,0,4940,0,10,0.0,0.0,0.997979797979798,6.635131699964404,41,100
0.0,0.0,0.0,,0.0,0.3,0,4940,0,10,0.0,0.0,0.997979797979798,6.635131699964404,41,100
0.0,0.0,0.0,,0.0,0.35,0,4940,0,10,0.0,0.0,0.997979797979798,6.635131699964404,41,100
0.0,0.0,0.0,,0.0,0.4,0,4940,0,10,0.0,0.0,0.997979797979798,6.635131699964404,41,100
0.0,0.0,0.0,,0.0,0.45,0,4940,0,10,0.0,0.0,0.997979797979798,6.635131699964404,41,100
0.0,0.0,0.0,,0.0,0.5,0,4940,0,10,0.0,0.0,0.997979797979798,6.635131699964404,41,100
0.0,0.0,0.0,,0.0,0.55,0,4940,0,10,0.0,0.0,0.997979797979798,6.635131699964404,41,100
0.0,0.0,0.0,,0.0,0.6,0,4940,0,10,0.0,0.0,0.997979797979798,6.635131699964404,41,100
0.0,0.0,0.0,,0.0,0.65,0,4940,0,10,0.0,0.0,0.997979797979798,6.635131699964404,41,100
0.0008097165991902834,0.1,0.8,0.2,0.1,0.7,1,4936,4,9,0.1,0.0008097165991902834,0.9973737373737374,6.635131699964404,41,100
0.0008097165991902834,0.1,0.8,0.2,0.1,0.75,1,4936,4,9,0.1,0.0008097165991902834,0.9973737373737374,6.635131699964404,41,100
0.0010121457489878543,0.1,0.8333333333333334,0.16666666666666666,0.1,0.8,1,4935,5,9,0.1,0.0010121457489878543,0.9971717171717172,6.635131699964404,41,100
0.0010121457489878543,0.1,0.8333333333333334,0.16666666666666666,0.1,0.85,1,4935,5,9,0.1,0.0010121457489878543,0.9971717171717172,6.635131699964404,41,100
0.002631578947368421,0.3,0.8125,0.1875,0.3,0.9,3,4927,13,7,0.3,0.002631578947368421,0.9959595959595959,6.635131699964404,41,100
0.020040485829959515,0.3,0.9705882352941176,0.029411764705882353,0.3,0.95,3,4841,99,7,0.3,0.020040485829959515,0.9785858585858586,6.635131699964404,41,100
0.998582995951417,1.0,0.9979769370827433,0.0020230629172567267,1.0,1.0,10,7,4933,0,1.0,0.998582995951417,0.0034343434343434343,6.635131699964404,41,100
0.0,0.0,0.0,,0.0,0.05,0,4940,0,10,0.0,0.0,0.997979797979798,6.328613299992867,42,100
0.0,0.0,0.0,,0.0,0.1,0,4940,0,10,0.0,0.0,0.997979797979798,6.328613299992867,42,100
0.00020242914979757084,0.0,1.0,0.0,0.0,0.15,0,4939,1,10,0.0,0.00020242914979757084,0.9977777777777778,6.328613299992867,42,100
0.00020242914979757084,0.0,1.0,0.0,0.0,0.2,0,4939,1,10,0.0,0.00020242914979757084,0.9977777777777778,6.328613299992867,42,100
0.00020242914979757084,0.0,1.0,0.0,0.0,0.25,0,4939,1,10,0.0,0.00020242914979757084,0.9977777777777778,6.328613299992867,42,100
0.00020242914979757084,0.0,1.0,0.0,0.0,0.3,0,4939,1,10,0.0,0.00020242914979757084,0.9977777777777778,6.328613299992867,42,100
0.0018218623481781376,0.1,0.9,0.1,0.1,0.35,1,4931,9,9,0.1,0.0018218623481781376,0.9963636363636363,6.328613299992867,42,100
0.0018218623481781376,0.1,0.9,0.1,0.1,0.4,1,4931,9,9,0.1,0.0018218623481781376,0.9963636363636363,6.328613299992867,42,100
0.0024291497975708503,0.1,0.9230769230769231,0.07692307692307693,0.1,0.45,1,4928,12,9,0.1,0.0024291497975708503,0.9957575757575757,6.328613299992867,42,100
0.0024291497975708503,0.1,0.9230769230769231,0.07692307692307693,0.1,0.5,1,4928,12,9,0.1,0.0024291497975708503,0.9957575757575757,6.328613299992867,42,100
0.0024291497975708503,0.1,0.9230769230769231,0.07692307692307693,0.1,0.55,1,4928,12,9,0.1,0.0024291497975708503,0.9957575757575757,6.328613299992867,42,100
0.0036437246963562753,0.2,0.9,0.1,0.2,0.6,2,4922,18,8,0.2,0.0036437246963562753,0.9947474747474747,6.328613299992867,42,100
0.010121457489878543,0.2,0.9615384615384616,0.038461538461538464,0.2,0.65,2,4890,50,8,0.2,0.010121457489878543,0.9882828282828283,6.328613299992867,42,100
0.010728744939271255,0.2,0.9636363636363636,0.03636363636363636,0.2,0.7,2,4887,53,8,0.2,0.010728744939271255,0.9876767676767677,6.328613299992867,42,100
0.02611336032388664,0.2,0.9847328244274809,0.015267175572519083,0.2,0.75,2,4811,129,8,0.2,0.02611336032388664,0.9723232323232324,6.328613299992867,42,100
0.03441295546558704,0.2,0.9883720930232558,0.011627906976744186,0.2,0.8,2,4770,170,8,0.2,0.03441295546558704,0.964040404040404,6.328613299992867,42,100
0.04230769230769231,0.2,0.990521327014218,0.009478672985781991,0.2,0.85,2,4731,209,8,0.2,0.04230769230769231,0.9561616161616162,6.328613299992867,42,100
0.06336032388663967,0.2,0.9936507936507937,0.006349206349206349,0.2,0.9,2,4627,313,8,0.2,0.06336032388663967,0.9351515151515152,6.328613299992867,42,100
0.2437246963562753,0.7,0.9942196531791907,0.005780346820809248,0.7,0.95,7,3736,1204,3,0.7,0.2437246963562753,0.7561616161616161,6.328613299992867,42,100
0.998582995951417,1.0,0.9979769370827433,0.0020230629172567267,1.0,1.0,10,7,4933,0,1.0,0.998582995951417,0.0034343434343434343,6.328613299992867,42,100
0.0,0.2,0.0,1.0,0.2,0.05,2,4940,0,8,0.2,0.0,0.9983838383838384,6.8316986000863835,43,100
0.0,0.2,0.0,1.0,0.2,0.1,2,4940,0,8,0.2,0.0,0.9983838383838384,6.8316986000863835,43,100
0.0,0.2,0.0,1.0,0.2,0.15,2,4940,0,8,0.2,0.0,0.9983838383838384,6.8316986000863835,43,100
0.0,0.2,0.0,1.0,0.2,0.2,2,4940,0,8,0.2,0.0,0.9983838383838384,6.8316986000863835,43,100
0.0004048582995951417,0.2,0.5,0.5,0.2,0.25,2,4938,2,8,0.2,0.0004048582995951417,0.997979797979798,6.8316986000863835,43,100
0.0004048582995951417,0.2,0.5,0.5,0.2,0.3,2,4938,2,8,0.2,0.0004048582995951417,0.997979797979798,6.8316986000863835,43,100
0.0004048582995951417,0.2,0.5,0.5,0.2,0.35,2,4938,2,8,0.2,0.0004048582995951417,0.997979797979798,6.8316986000863835,43,100
0.0004048582995951417,0.2,0.5,0.5,0.2,0.4,2,4938,2,8,0.2,0.0004048582995951417,0.997979797979798,6.8316986000863835,43,100
0.0004048582995951417,0.2,0.5,0.5,0.2,0.45,2,4938,2,8,0.2,0.0004048582995951417,0.997979797979798,6.8316986000863835,43,100
0.0004048582995951417,0.2,0.5,0.5,0.2,0.5,2,4938,2,8,0.2,0.0004048582995951417,0.997979797979798,6.8316986000863835,43,100
0.0004048582995951417,0.2,0.5,0.5,0.2,0.55,2,4938,2,8,0.2,0.0004048582995951417,0.997979797979798,6.8316986000863835,43,100
0.0012145748987854252,0.2,0.75,0.25,0.2,0.6,2,4934,6,8,0.2,0.0012145748987854252,0.9971717171717172,6.8316986000863835,43,100
0.0012145748987854252,0.2,0.75,0.25,0.2,0.65,2,4934,6,8,0.2,0.0012145748987854252,0.9971717171717172,6.8316986000863835,43,100
0.0012145748987854252,0.2,0.75,0.25,0.2,0.7,2,4934,6,8,0.2,0.0012145748987854252,0.9971717171717172,6.8316986000863835,43,100
0.0012145748987854252,0.2,0.75,0.25,0.2,0.75,2,4934,6,8,0.2,0.0012145748987854252,0.9971717171717172,6.8316986000863835,43,100
0.005263157894736842,0.3,0.896551724137931,0.10344827586206896,0.3,0.8,3,4914,26,7,0.3,0.005263157894736842,0.9933333333333333,6.8316986000863835,43,100
0.005263157894736842,0.3,0.896551724137931,0.10344827586206896,0.3,0.85,3,4914,26,7,0.3,0.005263157894736842,0.9933333333333333,6.8316986000863835,43,100
0.005465587044534413,0.3,0.9,0.1,0.3,0.9,3,4913,27,7,0.3,0.005465587044534413,0.9931313131313131,6.8316986000863835,43,100
0.005668016194331984,0.4,0.875,0.125,0.4,0.95,4,4912,28,6,0.4,0.005668016194331984,0.9931313131313131,6.8316986000863835,43,100
0.9973684210526316,1.0,0.9979744784281953,0.0020255215718047396,1.0,1.0,10,13,4927,0,1.0,0.9973684210526316,0.004646464646464647,6.8316986000863835,43,100
0.0,0.0,0.0,,0.0,0.05,0,4940,0,10,0.0,0.0,0.997979797979798,6.24928590003401,44,100
0.0,0.0,0.0,,0.0,0.1,0,4940,0,10,0.0,0.0,0.997979797979798,6.24928590003401,44,100
0.0,0.0,0.0,,0.0,0.15,0,4940,0,10,0.0,0.0,0.997979797979798,6.24928590003401,44,100
0.0,0.0,0.0,,0.0,0.2,0,4940,0,10,0.0,0.0,0.997979797979798,6.24928590003401,44,100
0.0,0.0,0.0,,0.0,0.25,0,4940,0,10,0.0,0.0,0.997979797979798,6.24928590003401,44,100
0.0,0.0,0.0,,0.0,0.3,0,4940,0,10,0.0,0.0,0.997979797979798,6.24928590003401,44,100
0.0,0.0,0.0,,0.0,0.35,0,4940,0,10,0.0,0.0,0.997979797979798,6.24928590003401,44,100
0.0,0.1,0.0,1.0,0.1,0.4,1,4940,0,9,0.1,0.0,0.9981818181818182,6.24928590003401,44,100
0.0,0.1,0.0,1.0,0.1,0.45,1,4940,0,9,0.1,0.0,0.9981818181818182,6.24928590003401,44,100
0.0,0.1,0.0,1.0,0.1,0.5,1,4940,0,9,0.1,0.0,0.9981818181818182,6.24928590003401,44,100
0.0,0.1,0.0,1.0,0.1,0.55,1,4940,0,9,0.1,0.0,0.9981818181818182,6.24928590003401,44,100
0.0,0.1,0.0,1.0,0.1,0.6,1,4940,0,9,0.1,0.0,0.9981818181818182,6.24928590003401,44,100
0.0,0.1,0.0,1.0,0.1,0.65,1,4940,0,9,0.1,0.0,0.9981818181818182,6.24928590003401,44,100
0.0,0.1,0.0,1.0,0.1,0.7,1,4940,0,9,0.1,0.0,0.9981818181818182,6.24928590003401,44,100
0.002631578947368421,0.3,0.8125,0.1875,0.3,0.75,3,4927,13,7,0.3,0.002631578947368421,0.9959595959595959,6.24928590003401,44,100
0.002631578947368421,0.3,0.8125,0.1875,0.3,0.8,3,4927,13,7,0.3,0.002631578947368421,0.9959595959595959,6.24928590003401,44,100
0.0036437246963562753,0.3,0.8571428571428571,0.14285714285714285,0.3,0.85,3,4922,18,7,0.3,0.0036437246963562753,0.9949494949494949,6.24928590003401,44,100
0.004251012145748988,0.3,0.875,0.125,0.3,0.9,3,4919,21,7,0.3,0.004251012145748988,0.9943434343434343,6.24928590003401,44,100
0.016194331983805668,0.5,0.9411764705882353,0.058823529411764705,0.5,0.95,5,4860,80,5,0.5,0.016194331983805668,0.9828282828282828,6.24928590003401,44,100
0.998582995951417,1.0,0.9979769370827433,0.0020230629172567267,1.0,1.0,10,7,4933,0,1.0,0.998582995951417,0.0034343434343434343,6.24928590003401,44,100
0.0,0.2,0.0,1.0,0.2,0.05,2,4940,0,8,0.2,0.0,0.9983838383838384,6.1222867999458686,45,100
0.0004048582995951417,0.3,0.4,0.6,0.3,0.1,3,4938,2,7,0.3,0.0004048582995951417,0.9981818181818182,6.1222867999458686,45,100
0.0010121457489878543,0.4,0.5555555555555556,0.4444444444444444,0.4,0.15,4,4935,5,6,0.4,0.0010121457489878543,0.9977777777777778,6.1222867999458686,45,100
0.0016194331983805667,0.4,0.6666666666666666,0.3333333333333333,0.4,0.2,4,4932,8,6,0.4,0.0016194331983805667,0.9971717171717172,6.1222867999458686,45,100
0.002834008097165992,0.5,0.7368421052631579,0.2631578947368421,0.5,0.25,5,4926,14,5,0.5,0.002834008097165992,0.9961616161616161,6.1222867999458686,45,100
0.004858299595141701,0.5,0.8275862068965517,0.1724137931034483,0.5,0.3,5,4916,24,5,0.5,0.004858299595141701,0.9941414141414141,6.1222867999458686,45,100
0.005465587044534413,0.6,0.8181818181818182,0.18181818181818182,0.6,0.35,6,4913,27,4,0.6,0.005465587044534413,0.9937373737373737,6.1222867999458686,45,100
0.005870445344129555,0.6,0.8285714285714286,0.17142857142857143,0.6,0.4,6,4911,29,4,0.6,0.005870445344129555,0.9933333333333333,6.1222867999458686,45,100
0.006072874493927126,0.6,0.8333333333333334,0.16666666666666666,0.6,0.45,6,4910,30,4,0.6,0.006072874493927126,0.9931313131313131,6.1222867999458686,45,100
0.00708502024291498,0.6,0.8536585365853658,0.14634146341463414,0.6,0.5,6,4905,35,4,0.6,0.00708502024291498,0.9921212121212121,6.1222867999458686,45,100
0.012145748987854251,0.6,0.9090909090909091,0.09090909090909091,0.6,0.55,6,4880,60,4,0.6,0.012145748987854251,0.9870707070707071,6.1222867999458686,45,100
0.01417004048582996,0.6,0.9210526315789473,0.07894736842105263,0.6,0.6,6,4870,70,4,0.6,0.01417004048582996,0.9850505050505051,6.1222867999458686,45,100
0.014979757085020242,0.6,0.925,0.075,0.6,0.65,6,4866,74,4,0.6,0.014979757085020242,0.9842424242424243,6.1222867999458686,45,100
0.020040485829959515,0.6,0.9428571428571428,0.05714285714285714,0.6,0.7,6,4841,99,4,0.6,0.020040485829959515,0.9791919191919192,6.1222867999458686,45,100
0.024696356275303644,0.6,0.953125,0.046875,0.6,0.75,6,4818,122,4,0.6,0.024696356275303644,0.9745454545454545,6.1222867999458686,45,100
0.03299595141700405,0.6,0.9644970414201184,0.03550295857988166,0.6,0.8,6,4777,163,4,0.6,0.03299595141700405,0.9662626262626263,6.1222867999458686,45,100
0.04068825910931174,0.7,0.9663461538461539,0.03365384615384615,0.7,0.85,7,4739,201,3,0.7,0.04068825910931174,0.9587878787878787,6.1222867999458686,45,100
0.11882591093117409,0.8,0.9865546218487395,0.013445378151260505,0.8,0.9,8,4353,587,2,0.8,0.11882591093117409,0.881010101010101,6.1222867999458686,45,100
0.35,0.8,0.9953943580886586,0.004605641911341394,0.8,0.95,8,3211,1729,2,0.8,0.35,0.6503030303030303,6.1222867999458686,45,100
0.9967611336032388,1.0,0.9979732468585326,0.002026753141467369,1.0,1.0,10,16,4924,0,1.0,0.9967611336032388,0.0052525252525252525,6.1222867999458686,45,100
0.0,0.1,0.0,1.0,0.1,0.05,1,4940,0,9,0.1,0.0,0.9981818181818182,6.17511499999091,46,100
0.0,0.1,0.0,1.0,0.1,0.1,1,4940,0,9,0.1,0.0,0.9981818181818182,6.17511499999091,46,100
0.0,0.1,0.0,1.0,0.1,0.15,1,4940,0,9,0.1,0.0,0.9981818181818182,6.17511499999091,46,100
0.0,0.1,0.0,1.0,0.1,0.2,1,4940,0,9,0.1,0.0,0.9981818181818182,6.17511499999091,46,100
0.0,0.2,0.0,1.0,0.2,0.25,2,4940,0,8,0.2,0.0,0.9983838383838384,6.17511499999091,46,100
0.0,0.2,0.0,1.0,0.2,0.3,2,4940,0,8,0.2,0.0,0.9983838383838384,6.17511499999091,46,100
0.0,0.2,0.0,1.0,0.2,0.35,2,4940,0,8,0.2,0.0,0.9983838383838384,6.17511499999091,46,100
0.0,0.2,0.0,1.0,0.2,0.4,2,4940,0,8,0.2,0.0,0.9983838383838384,6.17511499999091,46,100
0.0,0.2,0.0,1.0,0.2,0.45,2,4940,0,8,0.2,0.0,0.9983838383838384,6.17511499999091,46,100
0.0,0.2,0.0,1.0,0.2,0.5,2,4940,0,8,0.2,0.0,0.9983838383838384,6.17511499999091,46,100
0.0,0.3,0.0,1.0,0.3,0.55,3,4940,0,7,0.3,0.0,0.9985858585858586,6.17511499999091,46,100
0.0,0.3,0.0,1.0,0.3,0.6,3,4940,0,7,0.3,0.0,0.9985858585858586,6.17511499999091,46,100
0.0016194331983805667,0.3,0.7272727272727273,0.2727272727272727,0.3,0.65,3,4932,8,7,0.3,0.0016194331983805667,0.996969696969697,6.17511499999091,46,100
0.0016194331983805667,0.3,0.7272727272727273,0.2727272727272727,0.3,0.7,3,4932,8,7,0.3,0.0016194331983805667,0.996969696969697,6.17511499999091,46,100
0.0016194331983805667,0.3,0.7272727272727273,0.2727272727272727,0.3,0.75,3,4932,8,7,0.3,0.0016194331983805667,0.996969696969697,6.17511499999091,46,100
0.0018218623481781376,0.3,0.75,0.25,0.3,0.8,3,4931,9,7,0.3,0.0018218623481781376,0.9967676767676767,6.17511499999091,46,100
0.004048582995951417,0.3,0.8695652173913043,0.13043478260869565,0.3,0.85,3,4920,20,7,0.3,0.004048582995951417,0.9945454545454545,6.17511499999091,46,100
0.034210526315789476,0.5,0.9712643678160919,0.028735632183908046,0.5,0.9,5,4771,169,5,0.5,0.034210526315789476,0.9648484848484848,6.17511499999091,46,100
0.15607287449392712,0.7,0.9910025706940874,0.008997429305912597,0.7,0.95,7,4169,771,3,0.7,0.15607287449392712,0.8436363636363636,6.17511499999091,46,100
0.9923076923076923,0.9,0.998167379352474,0.0018326206475259622,0.9,1.0,9,38,4902,1,0.9,0.9923076923076923,0.009494949494949495,6.17511499999091,46,100
0.0,0.0,0.0,,0.0,0.05,0,4940,0,10,0.0,0.0,0.997979797979798,6.193868899950758,47,100
0.0,0.0,0.0,,0.0,0.1,0,4940,0,10,0.0,0.0,0.997979797979798,6.193868899950758,47,100
0.0,0.0,0.0,,0.0,0.15,0,4940,0,10,0.0,0.0,0.997979797979798,6.193868899950758,47,100
0.0,0.0,0.0,,0.0,0.2,0,4940,0,10,0.0,0.0,0.997979797979798,6.193868899950758,47,100
0.0,0.0,0.0,,0.0,0.25,0,4940,0,10,0.0,0.0,0.997979797979798,6.193868899950758,47,100
0.0,0.0,0.0,,0.0,0.3,0,4940,0,10,0.0,0.0,0.997979797979798,6.193868899950758,47,100
0.0,0.0,0.0,,0.0,0.35,0,4940,0,10,0.0,0.0,0.997979797979798,6.193868899950758,47,100
0.0,0.0,0.0,,0.0,0.4,0,4940,0,10,0.0,0.0,0.997979797979798,6.193868899950758,47,100
0.0,0.0,0.0,,0.0,0.45,0,4940,0,10,0.0,0.0,0.997979797979798,6.193868899950758,47,100
0.0,0.0,0.0,,0.0,0.5,0,4940,0,10,0.0,0.0,0.997979797979798,6.193868899950758,47,100
0.0,0.0,0.0,,0.0,0.55,0,4940,0,10,0.0,0.0,0.997979797979798,6.193868899950758,47,100
0.0,0.0,0.0,,0.0,0.6,0,4940,0,10,0.0,0.0,0.997979797979798,6.193868899950758,47,100
0.0,0.0,0.0,,0.0,0.65,0,4940,0,10,0.0,0.0,0.997979797979798,6.193868899950758,47,100
0.00020242914979757084,0.2,0.3333333333333333,0.6666666666666666,0.2,0.7,2,4939,1,8,0.2,0.00020242914979757084,0.9981818181818182,6.193868899950758,47,100
0.0010121457489878543,0.3,0.625,0.375,0.3,0.75,3,4935,5,7,0.3,0.0010121457489878543,0.9975757575757576,6.193868899950758,47,100
0.0010121457489878543,0.3,0.625,0.375,0.3,0.8,3,4935,5,7,0.3,0.0010121457489878543,0.9975757575757576,6.193868899950758,47,100
0.0010121457489878543,0.3,0.625,0.375,0.3,0.85,3,4935,5,7,0.3,0.0010121457489878543,0.9975757575757576,6.193868899950758,47,100
0.0010121457489878543,0.3,0.625,0.375,0.3,0.9,3,4935,5,7,0.3,0.0010121457489878543,0.9975757575757576,6.193868899950758,47,100
0.02368421052631579,0.6,0.9512195121951219,0.04878048780487805,0.6,0.95,6,4823,117,4,0.6,0.02368421052631579,0.9755555555555555,6.193868899950758,47,100
0.892914979757085,1.0,0.9977380683103371,0.002261931689662972,1.0,1.0,10,529,4411,0,1.0,0.892914979757085,0.10888888888888888,6.193868899950758,47,100
0.0,0.1,0.0,1.0,0.1,0.05,1,4940,0,9,0.1,0.0,0.9981818181818182,6.1504195999586955,48,100
0.0,0.2,0.0,1.0,0.2,0.1,2,4940,0,8,0.2,0.0,0.9983838383838384,6.1504195999586955,48,100
0.0,0.2,0.0,1.0,0.2,0.15,2,4940,0,8,0.2,0.0,0.9983838383838384,6.1504195999586955,48,100
0.0,0.2,0.0,1.0,0.2,0.2,2,4940,0,8,0.2,0.0,0.9983838383838384,6.1504195999586955,48,100
0.0,0.2,0.0,1.0,0.2,0.25,2,4940,0,8,0.2,0.0,0.9983838383838384,6.1504195999586955,48,100
0.0,0.2,0.0,1.0,0.2,0.3,2,4940,0,8,0.2,0.0,0.9983838383838384,6.1504195999586955,48,100
0.0,0.2,0.0,1.0,0.2,0.35,2,4940,0,8,0.2,0.0,0.9983838383838384,6.1504195999586955,48,100
0.0,0.2,0.0,1.0,0.2,0.4,2,4940,0,8,0.2,0.0,0.9983838383838384,6.1504195999586955,48,100
0.00020242914979757084,0.2,0.3333333333333333,0.6666666666666666,0.2,0.45,2,4939,1,8,0.2,0.00020242914979757084,0.9981818181818182,6.1504195999586955,48,100
0.00020242914979757084,0.2,0.3333333333333333,0.6666666666666666,0.2,0.5,2,4939,1,8,0.2,0.00020242914979757084,0.9981818181818182,6.1504195999586955,48,100
0.00020242914979757084,0.2,0.3333333333333333,0.6666666666666666,0.2,0.55,2,4939,1,8,0.2,0.00020242914979757084,0.9981818181818182,6.1504195999586955,48,100
0.00020242914979757084,0.2,0.3333333333333333,0.6666666666666666,0.2,0.6,2,4939,1,8,0.2,0.00020242914979757084,0.9981818181818182,6.1504195999586955,48,100
0.00020242914979757084,0.2,0.3333333333333333,0.6666666666666666,0.2,0.65,2,4939,1,8,0.2,0.00020242914979757084,0.9981818181818182,6.1504195999586955,48,100
0.00020242914979757084,0.2,0.3333333333333333,0.6666666666666666,0.2,0.7,2,4939,1,8,0.2,0.00020242914979757084,0.9981818181818182,6.1504195999586955,48,100
0.0012145748987854252,0.2,0.75,0.25,0.2,0.75,2,4934,6,8,0.2,0.0012145748987854252,0.9971717171717172,6.1504195999586955,48,100
0.003036437246963563,0.2,0.8823529411764706,0.11764705882352941,0.2,0.8,2,4925,15,8,0.2,0.003036437246963563,0.9953535353535353,6.1504195999586955,48,100
0.003036437246963563,0.2,0.8823529411764706,0.11764705882352941,0.2,0.85,2,4925,15,8,0.2,0.003036437246963563,0.9953535353535353,6.1504195999586955,48,100
0.055870445344129556,0.4,0.9857142857142858,0.014285714285714285,0.4,0.9,4,4664,276,6,0.4,0.055870445344129556,0.943030303030303,6.1504195999586955,48,100
0.2680161943319838,0.8,0.993993993993994,0.006006006006006006,0.8,0.95,8,3616,1324,2,0.8,0.2680161943319838,0.7321212121212122,6.1504195999586955,48,100
0.9846153846153847,1.0,0.9979482970865818,0.002051702913418137,1.0,1.0,10,76,4864,0,1.0,0.9846153846153847,0.017373737373737375,6.1504195999586955,48,100
0.0,0.0,0.0,,0.0,0.05,0,4940,0,10,0.0,0.0,0.997979797979798,6.149226599955,49,100
0.0,0.0,0.0,,0.0,0.1,0,4940,0,10,0.0,0.0,0.997979797979798,6.149226599955,49,100
0.00020242914979757084,0.0,1.0,0.0,0.0,0.15,0,4939,1,10,0.0,0.00020242914979757084,0.9977777777777778,6.149226599955,49,100
0.00020242914979757084,0.0,1.0,0.0,0.0,0.2,0,4939,1,10,0.0,0.00020242914979757084,0.9977777777777778,6.149226599955,49,100
0.0004048582995951417,0.0,1.0,0.0,0.0,0.25,0,4938,2,10,0.0,0.0004048582995951417,0.9975757575757576,6.149226599955,49,100
0.0004048582995951417,0.0,1.0,0.0,0.0,0.3,0,4938,2,10,0.0,0.0004048582995951417,0.9975757575757576,6.149226599955,49,100
0.0006072874493927126,0.0,1.0,0.0,0.0,0.35,0,4937,3,10,0.0,0.0006072874493927126,0.9973737373737374,6.149226599955,49,100
0.0008097165991902834,0.0,1.0,0.0,0.0,0.4,0,4936,4,10,0.0,0.0008097165991902834,0.9971717171717172,6.149226599955,49,100
0.0008097165991902834,0.0,1.0,0.0,0.0,0.45,0,4936,4,10,0.0,0.0008097165991902834,0.9971717171717172,6.149226599955,49,100
0.0008097165991902834,0.0,1.0,0.0,0.0,0.5,0,4936,4,10,0.0,0.0008097165991902834,0.9971717171717172,6.149226599955,49,100
0.0010121457489878543,0.0,1.0,0.0,0.0,0.55,0,4935,5,10,0.0,0.0010121457489878543,0.996969696969697,6.149226599955,49,100
0.0010121457489878543,0.1,0.8333333333333334,0.16666666666666666,0.1,0.6,1,4935,5,9,0.1,0.0010121457489878543,0.9971717171717172,6.149226599955,49,100
0.0010121457489878543,0.1,0.8333333333333334,0.16666666666666666,0.1,0.65,1,4935,5,9,0.1,0.0010121457489878543,0.9971717171717172,6.149226599955,49,100
0.0012145748987854252,0.1,0.8571428571428571,0.14285714285714285,0.1,0.7,1,4934,6,9,0.1,0.0012145748987854252,0.996969696969697,6.149226599955,49,100
0.0012145748987854252,0.1,0.8571428571428571,0.14285714285714285,0.1,0.75,1,4934,6,9,0.1,0.0012145748987854252,0.996969696969697,6.149226599955,49,100
0.006072874493927126,0.2,0.9375,0.0625,0.2,0.8,2,4910,30,8,0.2,0.006072874493927126,0.9923232323232323,6.149226599955,49,100
0.0066801619433198385,0.2,0.9428571428571428,0.05714285714285714,0.2,0.85,2,4907,33,8,0.2,0.0066801619433198385,0.9917171717171717,6.149226599955,49,100
0.006882591093117409,0.2,0.9444444444444444,0.05555555555555555,0.2,0.9,2,4906,34,8,0.2,0.006882591093117409,0.9915151515151515,6.149226599955,49,100
0.015587044534412956,0.4,0.9506172839506173,0.04938271604938271,0.4,0.95,4,4863,77,6,0.4,0.015587044534412956,0.9832323232323232,6.149226599955,49,100
0.8941295546558704,1.0,0.9977411339507567,0.00225886604924328,1.0,1.0,10,523,4417,0,1.0,0.8941295546558704,0.10767676767676768,6.149226599955,49,100
