FPR,TPR,FDR,NPrecision,NRecall,alpha,NTP,NTN,NFP,NFN,NTPR,NFPR,NACC,diffnetfinder_sec,run,dim
0.0,0.0,0.0,,0.0,0.05,0,19890,0,10,0.0,0.0,0.9994974874371859,42.23621669993736,0,200
0.0,0.0,0.0,,0.0,0.1,0,19890,0,10,0.0,0.0,0.9994974874371859,42.23621669993736,0,200
0.0,0.0,0.0,,0.0,0.15,0,19890,0,10,0.0,0.0,0.9994974874371859,42.23621669993736,0,200
0.0,0.0,0.0,,0.0,0.2,0,19890,0,10,0.0,0.0,0.9994974874371859,42.23621669993736,0,200
0.0,0.0,0.0,,0.0,0.25,0,19890,0,10,0.0,0.0,0.9994974874371859,42.23621669993736,0,200
0.0,0.0,0.0,,0.0,0.3,0,19890,0,10,0.0,0.0,0.9994974874371859,42.23621669993736,0,200
0.0,0.0,0.0,,0.0,0.35,0,19890,0,10,0.0,0.0,0.9994974874371859,42.23621669993736,0,200
0.0,0.0,0.0,,0.0,0.4,0,19890,0,10,0.0,0.0,0.9994974874371859,42.23621669993736,0,200
0.0,0.0,0.0,,0.0,0.45,0,19890,0,10,0.0,0.0,0.9994974874371859,42.23621669993736,0,200
0.0,0.0,0.0,,0.0,0.5,0,19890,0,10,0.0,0.0,0.9994974874371859,42.23621669993736,0,200
0.0,0.0,0.0,,0.0,0.55,0,19890,0,10,0.0,0.0,0.9994974874371859,42.23621669993736,0,200
0.0,0.0,0.0,,0.0,0.6,0,19890,0,10,0.0,0.0,0.9994974874371859,42.23621669993736,0,200
0.0,0.0,0.0,,0.0,0.65,0,19890,0,10,0.0,0.0,0.9994974874371859,42.23621669993736,0,200
0.001910507792860734,0.3,0.926829268292683,0.07317073170731707,0.3,0.7,3,19852,38,7,0.3,0.001910507792860734,0.9977386934673367,42.23621669993736,0,200
0.001910507792860734,0.3,0.926829268292683,0.07317073170731707,0.3,0.75,3,19852,38,7,0.3,0.001910507792860734,0.9977386934673367,42.23621669993736,0,200
0.0029160382101558573,0.3,0.9508196721311475,0.04918032786885246,0.3,0.8,3,19832,58,7,0.3,0.0029160382101558573,0.9967336683417085,42.23621669993736,0,200
0.003217697335344394,0.3,0.9552238805970149,0.04477611940298507,0.3,0.85,3,19826,64,7,0.3,0.003217697335344394,0.9964321608040201,42.23621669993736,0,200
0.003971845148315736,0.3,0.9634146341463414,0.036585365853658534,0.3,0.9,3,19811,79,7,0.3,0.003971845148315736,0.995678391959799,42.23621669993736,0,200
0.004474610356963298,0.3,0.967391304347826,0.03260869565217391,0.3,0.95,3,19801,89,7,0.3,0.004474610356963298,0.9951758793969849,42.23621669993736,0,200
0.9984917043740573,1.0,0.9994967287367891,0.0005032712632108706,1.0,1.0,10,30,19860,0,1.0,0.9984917043740573,0.0020100502512562816,42.23621669993736,0,200
0.0,0.0,0.0,,0.0,0.05,0,19890,0,10,0.0,0.0,0.9994974874371859,42.87088120006956,1,200
0.0,0.0,0.0,,0.0,0.1,0,19890,0,10,0.0,0.0,0.9994974874371859,42.87088120006956,1,200
0.0,0.0,0.0,,0.0,0.15,0,19890,0,10,0.0,0.0,0.9994974874371859,42.87088120006956,1,200
0.0,0.0,0.0,,0.0,0.2,0,19890,0,10,0.0,0.0,0.9994974874371859,42.87088120006956,1,200
0.0,0.0,0.0,,0.0,0.25,0,19890,0,10,0.0,0.0,0.9994974874371859,42.87088120006956,1,200
0.0,0.0,0.0,,0.0,0.3,0,19890,0,10,0.0,0.0,0.9994974874371859,42.87088120006956,1,200
0.0,0.0,0.0,,0.0,0.35,0,19890,0,10,0.0,0.0,0.9994974874371859,42.87088120006956,1,200
0.0,0.0,0.0,,0.0,0.4,0,19890,0,10,0.0,0.0,0.9994974874371859,42.87088120006956,1,200
0.0,0.0,0.0,,0.0,0.45,0,19890,0,10,0.0,0.0,0.9994974874371859,42.87088120006956,1,200
0.0,0.0,0.0,,0.0,0.5,0,19890,0,10,0.0,0.0,0.9994974874371859,42.87088120006956,1,200
0.0,0.0,0.0,,0.0,0.55,0,19890,0,10,0.0,0.0,0.9994974874371859,42.87088120006956,1,200
0.0,0.0,0.0,,0.0,0.6,0,19890,0,10,0.0,0.0,0.9994974874371859,42.87088120006956,1,200
0.0,0.0,0.0,,0.0,0.65,0,19890,0,10,0.0,0.0,0.9994974874371859,42.87088120006956,1,200
0.0,0.0,0.0,,0.0,0.7,0,19890,0,10,0.0,0.0,0.9994974874371859,42.87088120006956,1,200
0.0,0.0,0.0,,0.0,0.75,0,19890,0,10,0.0,0.0,0.9994974874371859,42.87088120006956,1,200
0.0,0.0,0.0,,0.0,0.8,0,19890,0,10,0.0,0.0,0.9994974874371859,42.87088120006956,1,200
5.0276520864756156e-05,0.0,1.0,0.0,0.0,0.85,0,19889,1,10,0.0,5.0276520864756156e-05,0.9994472361809045,42.87088120006956,1,200
5.0276520864756156e-05,0.0,1.0,0.0,0.0,0.9,0,19889,1,10,0.0,5.0276520864756156e-05,0.9994472361809045,42.87088120006956,1,200
5.0276520864756156e-05,0.0,1.0,0.0,0.0,0.95,0,19889,1,10,0.0,5.0276520864756156e-05,0.9994472361809045,42.87088120006956,1,200
0.8704876822523882,1.0,0.9994227661048257,0.0005772338951743247,1.0,1.0,10,2576,17314,0,1.0,0.8704876822523882,0.1299497487437186,42.87088120006956,1,200
0.0,0.0,0.0,,0.0,0.05,0,19890,0,10,0.0,0.0,0.9994974874371859,42.89663219987415,2,200
0.0,0.0,0.0,,0.0,0.1,0,19890,0,10,0.0,0.0,0.9994974874371859,42.89663219987415,2,200
0.0,0.0,0.0,,0.0,0.15,0,19890,0,10,0.0,0.0,0.9994974874371859,42.89663219987415,2,200
0.0,0.0,0.0,,0.0,0.2,0,19890,0,10,0.0,0.0,0.9994974874371859,42.89663219987415,2,200
0.0,0.0,0.0,,0.0,0.25,0,19890,0,10,0.0,0.0,0.9994974874371859,42.89663219987415,2,200
0.0,0.0,0.0,,0.0,0.3,0,19890,0,10,0.0,0.0,0.9994974874371859,42.89663219987415,2,200
0.0,0.0,0.0,,0.0,0.35,0,19890,0,10,0.0,0.0,0.9994974874371859,42.89663219987415,2,200
0.0,0.0,0.0,,0.0,0.4,0,19890,0,10,0.0,0.0,0.9994974874371859,42.89663219987415,2,200
0.0,0.0,0.0,,0.0,0.45,0,19890,0,10,0.0,0.0,0.9994974874371859,42.89663219987415,2,200
0.0,0.0,0.0,,0.0,0.5,0,19890,0,10,0.0,0.0,0.9994974874371859,42.89663219987415,2,200
0.0,0.0,0.0,,0.0,0.55,0,19890,0,10,0.0,0.0,0.9994974874371859,42.89663219987415,2,200
0.0,0.0,0.0,,0.0,0.6,0,19890,0,10,0.0,0.0,0.9994974874371859,42.89663219987415,2,200
0.0,0.0,0.0,,0.0,0.65,0,19890,0,10,0.0,0.0,0.9994974874371859,42.89663219987415,2,200
0.0,0.0,0.0,,0.0,0.7,0,19890,0,10,0.0,0.0,0.9994974874371859,42.89663219987415,2,200
0.0,0.0,0.0,,0.0,0.75,0,19890,0,10,0.0,0.0,0.9994974874371859,42.89663219987415,2,200
0.0,0.0,0.0,,0.0,0.8,0,19890,0,10,0.0,0.0,0.9994974874371859,42.89663219987415,2,200
0.0,0.0,0.0,,0.0,0.85,0,19890,0,10,0.0,0.0,0.9994974874371859,42.89663219987415,2,200
0.0,0.0,0.0,,0.0,0.9,0,19890,0,10,0.0,0.0,0.9994974874371859,42.89663219987415,2,200
0.0005530417295123177,0.1,0.9166666666666666,0.08333333333333333,0.1,0.95,1,19879,11,9,0.1,0.0005530417295123177,0.9989949748743718,42.89663219987415,2,200
0.9927099044746104,1.0,0.9994937990382182,0.0005062009617818274,1.0,1.0,10,145,19745,0,1.0,0.9927099044746104,0.007788944723618091,42.89663219987415,2,200
0.0,0.0,0.0,,0.0,0.05,0,19890,0,10,0.0,0.0,0.9994974874371859,42.09355580015108,3,200
0.0,0.0,0.0,,0.0,0.1,0,19890,0,10,0.0,0.0,0.9994974874371859,42.09355580015108,3,200
0.0,0.0,0.0,,0.0,0.15,0,19890,0,10,0.0,0.0,0.9994974874371859,42.09355580015108,3,200
0.0,0.0,0.0,,0.0,0.2,0,19890,0,10,0.0,0.0,0.9994974874371859,42.09355580015108,3,200
0.0,0.0,0.0,,0.0,0.25,0,19890,0,10,0.0,0.0,0.9994974874371859,42.09355580015108,3,200
0.0,0.0,0.0,,0.0,0.3,0,19890,0,10,0.0,0.0,0.9994974874371859,42.09355580015108,3,200
0.0,0.0,0.0,,0.0,0.35,0,19890,0,10,0.0,0.0,0.9994974874371859,42.09355580015108,3,200
0.0,0.0,0.0,,0.0,0.4,0,19890,0,10,0.0,0.0,0.9994974874371859,42.09355580015108,3,200
0.0,0.0,0.0,,0.0,0.45,0,19890,0,10,0.0,0.0,0.9994974874371859,42.09355580015108,3,200
0.0,0.0,0.0,,0.0,0.5,0,19890,0,10,0.0,0.0,0.9994974874371859,42.09355580015108,3,200
0.0,0.0,0.0,,0.0,0.55,0,19890,0,10,0.0,0.0,0.9994974874371859,42.09355580015108,3,200
0.0,0.0,0.0,,0.0,0.6,0,19890,0,10,0.0,0.0,0.9994974874371859,42.09355580015108,3,200
0.0,0.0,0.0,,0.0,0.65,0,19890,0,10,0.0,0.0,0.9994974874371859,42.09355580015108,3,200
0.0,0.0,0.0,,0.0,0.7,0,19890,0,10,0.0,0.0,0.9994974874371859,42.09355580015108,3,200
0.0,0.0,0.0,,0.0,0.75,0,19890,0,10,0.0,0.0,0.9994974874371859,42.09355580015108,3,200
0.0,0.0,0.0,,0.0,0.8,0,19890,0,10,0.0,0.0,0.9994974874371859,42.09355580015108,3,200
0.0,0.0,0.0,,0.0,0.85,0,19890,0,10,0.0,0.0,0.9994974874371859,42.09355580015108,3,200
0.0,0.0,0.0,,0.0,0.9,0,19890,0,10,0.0,0.0,0.9994974874371859,42.09355580015108,3,200
0.007893413775766717,0.2,0.9874213836477987,0.012578616352201259,0.2,0.95,2,19733,157,8,0.2,0.007893413775766717,0.9917085427135678,42.09355580015108,3,200
0.9984917043740573,1.0,0.9994967287367891,0.0005032712632108706,1.0,1.0,10,30,19860,0,1.0,0.9984917043740573,0.0020100502512562816,42.09355580015108,3,200
0.0,0.0,0.0,,0.0,0.05,0,19890,0,10,0.0,0.0,0.9994974874371859,42.39373999997042,4,200
0.0,0.0,0.0,,0.0,0.1,0,19890,0,10,0.0,0.0,0.9994974874371859,42.39373999997042,4,200
0.0,0.0,0.0,,0.0,0.15,0,19890,0,10,0.0,0.0,0.9994974874371859,42.39373999997042,4,200
0.0,0.1,0.0,1.0,0.1,0.2,1,19890,0,9,0.1,0.0,0.9995477386934674,42.39373999997042,4,200
0.0,0.1,0.0,1.0,0.1,0.25,1,19890,0,9,0.1,0.0,0.9995477386934674,42.39373999997042,4,200
0.0,0.1,0.0,1.0,0.1,0.3,1,19890,0,9,0.1,0.0,0.9995477386934674,42.39373999997042,4,200
0.0,0.1,0.0,1.0,0.1,0.35,1,19890,0,9,0.1,0.0,0.9995477386934674,42.39373999997042,4,200
0.0,0.1,0.0,1.0,0.1,0.4,1,19890,0,9,0.1,0.0,0.9995477386934674,42.39373999997042,4,200
0.0,0.1,0.0,1.0,0.1,0.45,1,19890,0,9,0.1,0.0,0.9995477386934674,42.39373999997042,4,200
0.0,0.1,0.0,1.0,0.1,0.5,1,19890,0,9,0.1,0.0,0.9995477386934674,42.39373999997042,4,200
0.0,0.1,0.0,1.0,0.1,0.55,1,19890,0,9,0.1,0.0,0.9995477386934674,42.39373999997042,4,200
0.0,0.1,0.0,1.0,0.1,0.6,1,19890,0,9,0.1,0.0,0.9995477386934674,42.39373999997042,4,200
0.00010055304172951231,0.1,0.6666666666666666,0.3333333333333333,0.1,0.65,1,19888,2,9,0.1,0.00010055304172951231,0.9994472361809045,42.39373999997042,4,200
0.00010055304172951231,0.1,0.6666666666666666,0.3333333333333333,0.1,0.7,1,19888,2,9,0.1,0.00010055304172951231,0.9994472361809045,42.39373999997042,4,200
0.0017094017094017094,0.1,0.9714285714285714,0.02857142857142857,0.1,0.75,1,19856,34,9,0.1,0.0017094017094017094,0.9978391959798995,42.39373999997042,4,200
0.0017596782302664656,0.1,0.9722222222222222,0.027777777777777776,0.1,0.8,1,19855,35,9,0.1,0.0017596782302664656,0.9977889447236181,42.39373999997042,4,200
0.004022121669180492,0.1,0.9876543209876543,0.012345679012345678,0.1,0.85,1,19810,80,9,0.1,0.004022121669180492,0.9955276381909548,42.39373999997042,4,200
0.0048265460030165915,0.1,0.9896907216494846,0.010309278350515464,0.1,0.9,1,19794,96,9,0.1,0.0048265460030165915,0.9947236180904523,42.39373999997042,4,200
0.10346907993966817,0.4,0.9980601357904947,0.0019398642095053346,0.4,0.95,4,17832,2058,6,0.4,0.10346907993966817,0.8962814070351759,42.39373999997042,4,200
0.9891402714932127,1.0,0.9994919731761837,0.0005080268238162975,1.0,1.0,10,216,19674,0,1.0,0.9891402714932127,0.01135678391959799,42.39373999997042,4,200
0.0,0.0,0.0,,0.0,0.05,0,19890,0,10,0.0,0.0,0.9994974874371859,42.66058490006253,5,200
0.0,0.0,0.0,,0.0,0.1,0,19890,0,10,0.0,0.0,0.9994974874371859,42.66058490006253,5,200
0.0,0.0,0.0,,0.0,0.15,0,19890,0,10,0.0,0.0,0.9994974874371859,42.66058490006253,5,200
0.0,0.0,0.0,,0.0,0.2,0,19890,0,10,0.0,0.0,0.9994974874371859,42.66058490006253,5,200
5.0276520864756156e-05,0.1,0.5,0.5,0.1,0.25,1,19889,1,9,0.1,5.0276520864756156e-05,0.9994974874371859,42.66058490006253,5,200
0.00015082956259426848,0.1,0.75,0.25,0.1,0.3,1,19887,3,9,0.1,0.00015082956259426848,0.9993969849246231,42.66058490006253,5,200
0.00020110608345902463,0.1,0.8,0.2,0.1,0.35,1,19886,4,9,0.1,0.00020110608345902463,0.9993467336683417,42.66058490006253,5,200
0.00025138260432378077,0.1,0.8333333333333334,0.16666666666666666,0.1,0.4,1,19885,5,9,0.1,0.00025138260432378077,0.9992964824120603,42.66058490006253,5,200
0.00025138260432378077,0.1,0.8333333333333334,0.16666666666666666,0.1,0.45,1,19885,5,9,0.1,0.00025138260432378077,0.9992964824120603,42.66058490006253,5,200
0.00025138260432378077,0.1,0.8333333333333334,0.16666666666666666,0.1,0.5,1,19885,5,9,0.1,0.00025138260432378077,0.9992964824120603,42.66058490006253,5,200
0.00025138260432378077,0.1,0.8333333333333334,0.16666666666666666,0.1,0.55,1,19885,5,9,0.1,0.00025138260432378077,0.9992964824120603,42.66058490006253,5,200
0.00025138260432378077,0.1,0.8333333333333334,0.16666666666666666,0.1,0.6,1,19885,5,9,0.1,0.00025138260432378077,0.9992964824120603,42.66058490006253,5,200
0.00025138260432378077,0.1,0.8333333333333334,0.16666666666666666,0.1,0.65,1,19885,5,9,0.1,0.00025138260432378077,0.9992964824120603,42.66058490006253,5,200
0.00025138260432378077,0.1,0.8333333333333334,0.16666666666666666,0.1,0.7,1,19885,5,9,0.1,0.00025138260432378077,0.9992964824120603,42.66058490006253,5,200
0.00025138260432378077,0.1,0.8333333333333334,0.16666666666666666,0.1,0.75,1,19885,5,9,0.1,0.00025138260432378077,0.9992964824120603,42.66058490006253,5,200
0.00030165912518853697,0.1,0.8571428571428571,0.14285714285714285,0.1,0.8,1,19884,6,9,0.1,0.00030165912518853697,0.9992462311557789,42.66058490006253,5,200
0.00030165912518853697,0.1,0.8571428571428571,0.14285714285714285,0.1,0.85,1,19884,6,9,0.1,0.00030165912518853697,0.9992462311557789,42.66058490006253,5,200
0.0003519356460532931,0.1,0.875,0.125,0.1,0.9,1,19883,7,9,0.1,0.0003519356460532931,0.9991959798994975,42.66058490006253,5,200
0.01608848667672197,0.2,0.9937888198757764,0.006211180124223602,0.2,0.95,2,19570,320,8,0.2,0.01608848667672197,0.9835175879396985,42.66058490006253,5,200
0.9986928104575163,1.0,0.9994968300291839,0.0005031699708161417,1.0,1.0,10,26,19864,0,1.0,0.9986928104575163,0.0018090452261306533,42.66058490006253,5,200
0.0,0.0,0.0,,0.0,0.05,0,19890,0,10,0.0,0.0,0.9994974874371859,43.39282860001549,6,200
0.0,0.0,0.0,,0.0,0.1,0,19890,0,10,0.0,0.0,0.9994974874371859,43.39282860001549,6,200
0.0,0.0,0.0,,0.0,0.15,0,19890,0,10,0.0,0.0,0.9994974874371859,43.39282860001549,6,200
0.0,0.0,0.0,,0.0,0.2,0,19890,0,10,0.0,0.0,0.9994974874371859,43.39282860001549,6,200
0.0,0.0,0.0,,0.0,0.25,0,19890,0,10,0.0,0.0,0.9994974874371859,43.39282860001549,6,200
0.0,0.0,0.0,,0.0,0.3,0,19890,0,10,0.0,0.0,0.9994974874371859,43.39282860001549,6,200
0.0,0.0,0.0,,0.0,0.35,0,19890,0,10,0.0,0.0,0.9994974874371859,43.39282860001549,6,200
0.0,0.0,0.0,,0.0,0.4,0,19890,0,10,0.0,0.0,0.9994974874371859,43.39282860001549,6,200
0.0,0.0,0.0,,0.0,0.45,0,19890,0,10,0.0,0.0,0.9994974874371859,43.39282860001549,6,200
0.0,0.0,0.0,,0.0,0.5,0,19890,0,10,0.0,0.0,0.9994974874371859,43.39282860001549,6,200
0.0,0.0,0.0,,0.0,0.55,0,19890,0,10,0.0,0.0,0.9994974874371859,43.39282860001549,6,200
0.0,0.0,0.0,,0.0,0.6,0,19890,0,10,0.0,0.0,0.9994974874371859,43.39282860001549,6,200
0.0,0.0,0.0,,0.0,0.65,0,19890,0,10,0.0,0.0,0.9994974874371859,43.39282860001549,6,200
5.0276520864756156e-05,0.0,1.0,0.0,0.0,0.7,0,19889,1,10,0.0,5.0276520864756156e-05,0.9994472361809045,43.39282860001549,6,200
5.0276520864756156e-05,0.0,1.0,0.0,0.0,0.75,0,19889,1,10,0.0,5.0276520864756156e-05,0.9994472361809045,43.39282860001549,6,200
5.0276520864756156e-05,0.0,1.0,0.0,0.0,0.8,0,19889,1,10,0.0,5.0276520864756156e-05,0.9994472361809045,43.39282860001549,6,200
0.002161890397184515,0.1,0.9772727272727273,0.022727272727272728,0.1,0.85,1,19847,43,9,0.1,0.002161890397184515,0.9973869346733668,43.39282860001549,6,200
0.00261437908496732,0.1,0.9811320754716981,0.018867924528301886,0.1,0.9,1,19838,52,9,0.1,0.00261437908496732,0.9969346733668342,43.39282860001549,6,200
0.003167420814479638,0.1,0.984375,0.015625,0.1,0.95,1,19827,63,9,0.1,0.003167420814479638,0.9963819095477386,43.39282860001549,6,200
0.9835093011563599,1.0,0.9994890660126712,0.0005109339873288372,1.0,1.0,10,328,19562,0,1.0,0.9835093011563599,0.01698492462311558,43.39282860001549,6,200
0.0,0.0,0.0,,0.0,0.05,0,19890,0,10,0.0,0.0,0.9994974874371859,43.44190450012684,7,200
0.0,0.0,0.0,,0.0,0.1,0,19890,0,10,0.0,0.0,0.9994974874371859,43.44190450012684,7,200
0.0,0.0,0.0,,0.0,0.15,0,19890,0,10,0.0,0.0,0.9994974874371859,43.44190450012684,7,200
0.0,0.0,0.0,,0.0,0.2,0,19890,0,10,0.0,0.0,0.9994974874371859,43.44190450012684,7,200
0.0,0.0,0.0,,0.0,0.25,0,19890,0,10,0.0,0.0,0.9994974874371859,43.44190450012684,7,200
0.0,0.0,0.0,,0.0,0.3,0,19890,0,10,0.0,0.0,0.9994974874371859,43.44190450012684,7,200
0.0,0.0,0.0,,0.0,0.35,0,19890,0,10,0.0,0.0,0.9994974874371859,43.44190450012684,7,200
0.0,0.0,0.0,,0.0,0.4,0,19890,0,10,0.0,0.0,0.9994974874371859,43.44190450012684,7,200
0.0,0.0,0.0,,0.0,0.45,0,19890,0,10,0.0,0.0,0.9994974874371859,43.44190450012684,7,200
0.0,0.0,0.0,,0.0,0.5,0,19890,0,10,0.0,0.0,0.9994974874371859,43.44190450012684,7,200
0.0,0.0,0.0,,0.0,0.55,0,19890,0,10,0.0,0.0,0.9994974874371859,43.44190450012684,7,200
0.0,0.0,0.0,,0.0,0.6,0,19890,0,10,0.0,0.0,0.9994974874371859,43.44190450012684,7,200
0.0,0.0,0.0,,0.0,0.65,0,19890,0,10,0.0,0.0,0.9994974874371859,43.44190450012684,7,200
0.0,0.0,0.0,,0.0,0.7,0,19890,0,10,0.0,0.0,0.9994974874371859,43.44190450012684,7,200
0.0,0.0,0.0,,0.0,0.75,0,19890,0,10,0.0,0.0,0.9994974874371859,43.44190450012684,7,200
0.0,0.0,0.0,,0.0,0.8,0,19890,0,10,0.0,0.0,0.9994974874371859,43.44190450012684,7,200
0.0,0.0,0.0,,0.0,0.85,0,19890,0,10,0.0,0.0,0.9994974874371859,43.44190450012684,7,200
0.0,0.0,0.0,,0.0,0.9,0,19890,0,10,0.0,0.0,0.9994974874371859,43.44190450012684,7,200
0.006234288587229764,0.3,0.9763779527559056,0.023622047244094488,0.3,0.95,3,19766,124,7,0.3,0.006234288587229764,0.9934170854271357,43.44190450012684,7,200
0.9929110105580694,1.0,0.9994939015132345,0.0005060984867655246,1.0,1.0,10,141,19749,0,1.0,0.9929110105580694,0.007587939698492462,43.44190450012684,7,200
0.0,0.0,0.0,,0.0,0.05,0,19890,0,10,0.0,0.0,0.9994974874371859,43.72589990007691,8,200
0.0,0.0,0.0,,0.0,0.1,0,19890,0,10,0.0,0.0,0.9994974874371859,43.72589990007691,8,200
0.0,0.0,0.0,,0.0,0.15,0,19890,0,10,0.0,0.0,0.9994974874371859,43.72589990007691,8,200
0.0,0.0,0.0,,0.0,0.2,0,19890,0,10,0.0,0.0,0.9994974874371859,43.72589990007691,8,200
0.0,0.0,0.0,,0.0,0.25,0,19890,0,10,0.0,0.0,0.9994974874371859,43.72589990007691,8,200
0.0,0.0,0.0,,0.0,0.3,0,19890,0,10,0.0,0.0,0.9994974874371859,43.72589990007691,8,200
0.0,0.0,0.0,,0.0,0.35,0,19890,0,10,0.0,0.0,0.9994974874371859,43.72589990007691,8,200
0.0,0.0,0.0,,0.0,0.4,0,19890,0,10,0.0,0.0,0.9994974874371859,43.72589990007691,8,200
0.0,0.0,0.0,,0.0,0.45,0,19890,0,10,0.0,0.0,0.9994974874371859,43.72589990007691,8,200
0.0,0.0,0.0,,0.0,0.5,0,19890,0,10,0.0,0.0,0.9994974874371859,43.72589990007691,8,200
0.0,0.0,0.0,,0.0,0.55,0,19890,0,10,0.0,0.0,0.9994974874371859,43.72589990007691,8,200
0.0,0.0,0.0,,0.0,0.6,0,19890,0,10,0.0,0.0,0.9994974874371859,43.72589990007691,8,200
0.0009049773755656109,0.0,1.0,0.0,0.0,0.65,0,19872,18,10,0.0,0.0009049773755656109,0.9985929648241206,43.72589990007691,8,200
0.000955253896430367,0.0,1.0,0.0,0.0,0.7,0,19871,19,10,0.0,0.000955253896430367,0.9985427135678392,43.72589990007691,8,200
0.0011563599798893917,0.0,1.0,0.0,0.0,0.75,0,19867,23,10,0.0,0.0011563599798893917,0.9983417085427135,43.72589990007691,8,200
0.0011563599798893917,0.0,1.0,0.0,0.0,0.8,0,19867,23,10,0.0,0.0011563599798893917,0.9983417085427135,43.72589990007691,8,200
0.001256913021618904,0.0,1.0,0.0,0.0,0.85,0,19865,25,10,0.0,0.001256913021618904,0.9982412060301508,43.72589990007691,8,200
0.0014077425842131724,0.0,1.0,0.0,0.0,0.9,0,19862,28,10,0.0,0.0014077425842131724,0.9980904522613065,43.72589990007691,8,200
0.005178481649069884,0.0,1.0,0.0,0.0,0.95,0,19787,103,10,0.0,0.005178481649069884,0.994321608040201,43.72589990007691,8,200
0.9981900452488688,1.0,0.9994965767217077,0.0005034232782923883,1.0,1.0,10,36,19854,0,1.0,0.9981900452488688,0.0023115577889447235,43.72589990007691,8,200
0.0,0.0,0.0,,0.0,0.05,0,19890,0,10,0.0,0.0,0.9994974874371859,43.28517010016367,9,200
0.0,0.0,0.0,,0.0,0.1,0,19890,0,10,0.0,0.0,0.9994974874371859,43.28517010016367,9,200
0.0,0.0,0.0,,0.0,0.15,0,19890,0,10,0.0,0.0,0.9994974874371859,43.28517010016367,9,200
0.0,0.0,0.0,,0.0,0.2,0,19890,0,10,0.0,0.0,0.9994974874371859,43.28517010016367,9,200
0.0,0.0,0.0,,0.0,0.25,0,19890,0,10,0.0,0.0,0.9994974874371859,43.28517010016367,9,200
0.0,0.0,0.0,,0.0,0.3,0,19890,0,10,0.0,0.0,0.9994974874371859,43.28517010016367,9,200
0.0,0.0,0.0,,0.0,0.35,0,19890,0,10,0.0,0.0,0.9994974874371859,43.28517010016367,9,200
0.0,0.0,0.0,,0.0,0.4,0,19890,0,10,0.0,0.0,0.9994974874371859,43.28517010016367,9,200
0.0,0.0,0.0,,0.0,0.45,0,19890,0,10,0.0,0.0,0.9994974874371859,43.28517010016367,9,200
0.0,0.0,0.0,,0.0,0.5,0,19890,0,10,0.0,0.0,0.9994974874371859,43.28517010016367,9,200
0.0,0.0,0.0,,0.0,0.55,0,19890,0,10,0.0,0.0,0.9994974874371859,43.28517010016367,9,200
0.0,0.0,0.0,,0.0,0.6,0,19890,0,10,0.0,0.0,0.9994974874371859,43.28517010016367,9,200
0.0,0.0,0.0,,0.0,0.65,0,19890,0,10,0.0,0.0,0.9994974874371859,43.28517010016367,9,200
0.0,0.0,0.0,,0.0,0.7,0,19890,0,10,0.0,0.0,0.9994974874371859,43.28517010016367,9,200
0.0,0.0,0.0,,0.0,0.75,0,19890,0,10,0.0,0.0,0.9994974874371859,43.28517010016367,9,200
0.0,0.0,0.0,,0.0,0.8,0,19890,0,10,0.0,0.0,0.9994974874371859,43.28517010016367,9,200
0.0,0.0,0.0,,0.0,0.85,0,19890,0,10,0.0,0.0,0.9994974874371859,43.28517010016367,9,200
0.0038712921065862244,0.2,0.9746835443037974,0.02531645569620253,0.2,0.9,2,19813,77,8,0.2,0.0038712921065862244,0.9957286432160805,43.28517010016367,9,200
0.0057817998994469585,0.2,0.9829059829059829,0.017094017094017096,0.2,0.95,2,19775,115,8,0.2,0.0057817998994469585,0.9938190954773869,43.28517010016367,9,200
0.9983911513323278,1.0,0.999496678075297,0.0005033219247030401,1.0,1.0,10,32,19858,0,1.0,0.9983911513323278,0.0021105527638190956,43.28517010016367,9,200
0.0,0.0,0.0,,0.0,0.05,0,19890,0,10,0.0,0.0,0.9994974874371859,43.133044000016525,10,200
0.0,0.0,0.0,,0.0,0.1,0,19890,0,10,0.0,0.0,0.9994974874371859,43.133044000016525,10,200
0.0,0.0,0.0,,0.0,0.15,0,19890,0,10,0.0,0.0,0.9994974874371859,43.133044000016525,10,200
0.0,0.0,0.0,,0.0,0.2,0,19890,0,10,0.0,0.0,0.9994974874371859,43.133044000016525,10,200
0.0,0.0,0.0,,0.0,0.25,0,19890,0,10,0.0,0.0,0.9994974874371859,43.133044000016525,10,200
0.00030165912518853697,0.1,0.8571428571428571,0.14285714285714285,0.1,0.3,1,19884,6,9,0.1,0.00030165912518853697,0.9992462311557789,43.133044000016525,10,200
0.00030165912518853697,0.1,0.8571428571428571,0.14285714285714285,0.1,0.35,1,19884,6,9,0.1,0.00030165912518853697,0.9992462311557789,43.133044000016525,10,200
0.00030165912518853697,0.1,0.8571428571428571,0.14285714285714285,0.1,0.4,1,19884,6,9,0.1,0.00030165912518853697,0.9992462311557789,43.133044000016525,10,200
0.0008044243338360985,0.1,0.9411764705882353,0.058823529411764705,0.1,0.45,1,19874,16,9,0.1,0.0008044243338360985,0.9987437185929648,43.133044000016525,10,200
0.0008547008547008547,0.1,0.9444444444444444,0.05555555555555555,0.1,0.5,1,19873,17,9,0.1,0.0008547008547008547,0.9986934673366834,43.133044000016525,10,200
0.0008547008547008547,0.1,0.9444444444444444,0.05555555555555555,0.1,0.55,1,19873,17,9,0.1,0.0008547008547008547,0.9986934673366834,43.133044000016525,10,200
0.0009049773755656109,0.1,0.9473684210526315,0.05263157894736842,0.1,0.6,1,19872,18,9,0.1,0.0009049773755656109,0.998643216080402,43.133044000016525,10,200
0.0009049773755656109,0.1,0.9473684210526315,0.05263157894736842,0.1,0.65,1,19872,18,9,0.1,0.0009049773755656109,0.998643216080402,43.133044000016525,10,200
0.0009049773755656109,0.1,0.9473684210526315,0.05263157894736842,0.1,0.7,1,19872,18,9,0.1,0.0009049773755656109,0.998643216080402,43.133044000016525,10,200
0.0009049773755656109,0.1,0.9473684210526315,0.05263157894736842,0.1,0.75,1,19872,18,9,0.1,0.0009049773755656109,0.998643216080402,43.133044000016525,10,200
0.0009049773755656109,0.2,0.9,0.1,0.2,0.8,2,19872,18,8,0.2,0.0009049773755656109,0.9986934673366834,43.133044000016525,10,200
0.0012066365007541479,0.2,0.9230769230769231,0.07692307692307693,0.2,0.85,2,19866,24,8,0.2,0.0012066365007541479,0.998391959798995,43.133044000016525,10,200
0.0014580191050779286,0.2,0.9354838709677419,0.06451612903225806,0.2,0.9,2,19861,29,8,0.2,0.0014580191050779286,0.998140703517588,43.133044000016525,10,200
0.009552538964303671,0.6,0.9693877551020408,0.030612244897959183,0.6,0.95,6,19700,190,4,0.6,0.009552538964303671,0.9902512562814071,43.133044000016525,10,200
0.9982403217697335,1.0,0.9994966020639315,0.0005033979360684622,1.0,1.0,10,35,19855,0,1.0,0.9982403217697335,0.0022613065326633165,43.133044000016525,10,200
0.0,0.0,0.0,,0.0,0.05,0,19890,0,10,0.0,0.0,0.9994974874371859,44.429364599986,11,200
0.0,0.0,0.0,,0.0,0.1,0,19890,0,10,0.0,0.0,0.9994974874371859,44.429364599986,11,200
0.0,0.0,0.0,,0.0,0.15,0,19890,0,10,0.0,0.0,0.9994974874371859,44.429364599986,11,200
0.0,0.0,0.0,,0.0,0.2,0,19890,0,10,0.0,0.0,0.9994974874371859,44.429364599986,11,200
0.0,0.0,0.0,,0.0,0.25,0,19890,0,10,0.0,0.0,0.9994974874371859,44.429364599986,11,200
5.0276520864756156e-05,0.0,1.0,0.0,0.0,0.3,0,19889,1,10,0.0,5.0276520864756156e-05,0.9994472361809045,44.429364599986,11,200
5.0276520864756156e-05,0.0,1.0,0.0,0.0,0.35,0,19889,1,10,0.0,5.0276520864756156e-05,0.9994472361809045,44.429364599986,11,200
5.0276520864756156e-05,0.0,1.0,0.0,0.0,0.4,0,19889,1,10,0.0,5.0276520864756156e-05,0.9994472361809045,44.429364599986,11,200
5.0276520864756156e-05,0.0,1.0,0.0,0.0,0.45,0,19889,1,10,0.0,5.0276520864756156e-05,0.9994472361809045,44.429364599986,11,200
5.0276520864756156e-05,0.0,1.0,0.0,0.0,0.5,0,19889,1,10,0.0,5.0276520864756156e-05,0.9994472361809045,44.429364599986,11,200
5.0276520864756156e-05,0.0,1.0,0.0,0.0,0.55,0,19889,1,10,0.0,5.0276520864756156e-05,0.9994472361809045,44.429364599986,11,200
5.0276520864756156e-05,0.0,1.0,0.0,0.0,0.6,0,19889,1,10,0.0,5.0276520864756156e-05,0.9994472361809045,44.429364599986,11,200
5.0276520864756156e-05,0.0,1.0,0.0,0.0,0.65,0,19889,1,10,0.0,5.0276520864756156e-05,0.9994472361809045,44.429364599986,11,200
5.0276520864756156e-05,0.0,1.0,0.0,0.0,0.7,0,19889,1,10,0.0,5.0276520864756156e-05,0.9994472361809045,44.429364599986,11,200
0.00015082956259426848,0.0,1.0,0.0,0.0,0.75,0,19887,3,10,0.0,0.00015082956259426848,0.9993467336683417,44.429364599986,11,200
0.0014077425842131724,0.0,1.0,0.0,0.0,0.8,0,19862,28,10,0.0,0.0014077425842131724,0.9980904522613065,44.429364599986,11,200
0.0014580191050779286,0.0,1.0,0.0,0.0,0.85,0,19861,29,10,0.0,0.0014580191050779286,0.9980402010050251,44.429364599986,11,200
0.001558572146807441,0.0,1.0,0.0,0.0,0.9,0,19859,31,10,0.0,0.001558572146807441,0.9979396984924623,44.429364599986,11,200
0.0020613373554550026,0.1,0.9761904761904762,0.023809523809523808,0.1,0.95,1,19849,41,9,0.1,0.0020613373554550026,0.9974874371859297,44.429364599986,11,200
0.022071392659627955,0.3,0.9932126696832579,0.006787330316742082,0.3,1.0,3,19451,439,7,0.3,0.022071392659627955,0.9775879396984924,44.429364599986,11,200
0.0,0.0,0.0,,0.0,0.05,0,19890,0,10,0.0,0.0,0.9994974874371859,43.666247699875385,12,200
0.0,0.0,0.0,,0.0,0.1,0,19890,0,10,0.0,0.0,0.9994974874371859,43.666247699875385,12,200
0.0,0.0,0.0,,0.0,0.15,0,19890,0,10,0.0,0.0,0.9994974874371859,43.666247699875385,12,200
0.0,0.0,0.0,,0.0,0.2,0,19890,0,10,0.0,0.0,0.9994974874371859,43.666247699875385,12,200
0.0,0.0,0.0,,0.0,0.25,0,19890,0,10,0.0,0.0,0.9994974874371859,43.666247699875385,12,200
0.0,0.0,0.0,,0.0,0.3,0,19890,0,10,0.0,0.0,0.9994974874371859,43.666247699875385,12,200
0.0,0.0,0.0,,0.0,0.35,0,19890,0,10,0.0,0.0,0.9994974874371859,43.666247699875385,12,200
5.0276520864756156e-05,0.1,0.5,0.5,0.1,0.4,1,19889,1,9,0.1,5.0276520864756156e-05,0.9994974874371859,43.666247699875385,12,200
5.0276520864756156e-05,0.1,0.5,0.5,0.1,0.45,1,19889,1,9,0.1,5.0276520864756156e-05,0.9994974874371859,43.666247699875385,12,200
5.0276520864756156e-05,0.1,0.5,0.5,0.1,0.5,1,19889,1,9,0.1,5.0276520864756156e-05,0.9994974874371859,43.666247699875385,12,200
5.0276520864756156e-05,0.1,0.5,0.5,0.1,0.55,1,19889,1,9,0.1,5.0276520864756156e-05,0.9994974874371859,43.666247699875385,12,200
5.0276520864756156e-05,0.1,0.5,0.5,0.1,0.6,1,19889,1,9,0.1,5.0276520864756156e-05,0.9994974874371859,43.666247699875385,12,200
5.0276520864756156e-05,0.1,0.5,0.5,0.1,0.65,1,19889,1,9,0.1,5.0276520864756156e-05,0.9994974874371859,43.666247699875385,12,200
0.00015082956259426848,0.1,0.75,0.25,0.1,0.7,1,19887,3,9,0.1,0.00015082956259426848,0.9993969849246231,43.666247699875385,12,200
0.00015082956259426848,0.1,0.75,0.25,0.1,0.75,1,19887,3,9,0.1,0.00015082956259426848,0.9993969849246231,43.666247699875385,12,200
0.00030165912518853697,0.1,0.8571428571428571,0.14285714285714285,0.1,0.8,1,19884,6,9,0.1,0.00030165912518853697,0.9992462311557789,43.666247699875385,12,200
0.00030165912518853697,0.1,0.8571428571428571,0.14285714285714285,0.1,0.85,1,19884,6,9,0.1,0.00030165912518853697,0.9992462311557789,43.666247699875385,12,200
0.0014580191050779286,0.2,0.9354838709677419,0.06451612903225806,0.2,0.9,2,19861,29,8,0.2,0.0014580191050779286,0.998140703517588,43.666247699875385,12,200
0.0017094017094017094,0.2,0.9444444444444444,0.05555555555555555,0.2,0.95,2,19856,34,8,0.2,0.0017094017094017094,0.9978894472361809,43.666247699875385,12,200
0.9982403217697335,1.0,0.9994966020639315,0.0005033979360684622,1.0,1.0,10,35,19855,0,1.0,0.9982403217697335,0.0022613065326633165,43.666247699875385,12,200
5.0276520864756156e-05,0.0,1.0,0.0,0.0,0.05,0,19889,1,10,0.0,5.0276520864756156e-05,0.9994472361809045,42.95702950004488,13,200
5.0276520864756156e-05,0.0,1.0,0.0,0.0,0.1,0,19889,1,10,0.0,5.0276520864756156e-05,0.9994472361809045,42.95702950004488,13,200
5.0276520864756156e-05,0.0,1.0,0.0,0.0,0.15,0,19889,1,10,0.0,5.0276520864756156e-05,0.9994472361809045,42.95702950004488,13,200
5.0276520864756156e-05,0.0,1.0,0.0,0.0,0.2,0,19889,1,10,0.0,5.0276520864756156e-05,0.9994472361809045,42.95702950004488,13,200
5.0276520864756156e-05,0.0,1.0,0.0,0.0,0.25,0,19889,1,10,0.0,5.0276520864756156e-05,0.9994472361809045,42.95702950004488,13,200
5.0276520864756156e-05,0.0,1.0,0.0,0.0,0.3,0,19889,1,10,0.0,5.0276520864756156e-05,0.9994472361809045,42.95702950004488,13,200
5.0276520864756156e-05,0.0,1.0,0.0,0.0,0.35,0,19889,1,10,0.0,5.0276520864756156e-05,0.9994472361809045,42.95702950004488,13,200
5.0276520864756156e-05,0.0,1.0,0.0,0.0,0.4,0,19889,1,10,0.0,5.0276520864756156e-05,0.9994472361809045,42.95702950004488,13,200
5.0276520864756156e-05,0.0,1.0,0.0,0.0,0.45,0,19889,1,10,0.0,5.0276520864756156e-05,0.9994472361809045,42.95702950004488,13,200
5.0276520864756156e-05,0.0,1.0,0.0,0.0,0.5,0,19889,1,10,0.0,5.0276520864756156e-05,0.9994472361809045,42.95702950004488,13,200
5.0276520864756156e-05,0.0,1.0,0.0,0.0,0.55,0,19889,1,10,0.0,5.0276520864756156e-05,0.9994472361809045,42.95702950004488,13,200
5.0276520864756156e-05,0.0,1.0,0.0,0.0,0.6,0,19889,1,10,0.0,5.0276520864756156e-05,0.9994472361809045,42.95702950004488,13,200
5.0276520864756156e-05,0.0,1.0,0.0,0.0,0.65,0,19889,1,10,0.0,5.0276520864756156e-05,0.9994472361809045,42.95702950004488,13,200
5.0276520864756156e-05,0.0,1.0,0.0,0.0,0.7,0,19889,1,10,0.0,5.0276520864756156e-05,0.9994472361809045,42.95702950004488,13,200
5.0276520864756156e-05,0.0,1.0,0.0,0.0,0.75,0,19889,1,10,0.0,5.0276520864756156e-05,0.9994472361809045,42.95702950004488,13,200
5.0276520864756156e-05,0.0,1.0,0.0,0.0,0.8,0,19889,1,10,0.0,5.0276520864756156e-05,0.9994472361809045,42.95702950004488,13,200
5.0276520864756156e-05,0.0,1.0,0.0,0.0,0.85,0,19889,1,10,0.0,5.0276520864756156e-05,0.9994472361809045,42.95702950004488,13,200
5.0276520864756156e-05,0.0,1.0,0.0,0.0,0.9,0,19889,1,10,0.0,5.0276520864756156e-05,0.9994472361809045,42.95702950004488,13,200
5.0276520864756156e-05,0.0,1.0,0.0,0.0,0.95,0,19889,1,10,0.0,5.0276520864756156e-05,0.9994472361809045,42.95702950004488,13,200
0.9120160884866767,1.0,0.9994490358126722,0.0005509641873278236,1.0,1.0,10,1750,18140,0,1.0,0.9120160884866767,0.08844221105527639,42.95702950004488,13,200
0.0,0.1,0.0,1.0,0.1,0.05,1,19890,0,9,0.1,0.0,0.9995477386934674,43.29846620000899,14,200
0.0,0.1,0.0,1.0,0.1,0.1,1,19890,0,9,0.1,0.0,0.9995477386934674,43.29846620000899,14,200
0.0,0.1,0.0,1.0,0.1,0.15,1,19890,0,9,0.1,0.0,0.9995477386934674,43.29846620000899,14,200
0.0,0.1,0.0,1.0,0.1,0.2,1,19890,0,9,0.1,0.0,0.9995477386934674,43.29846620000899,14,200
0.0,0.1,0.0,1.0,0.1,0.25,1,19890,0,9,0.1,0.0,0.9995477386934674,43.29846620000899,14,200
0.0,0.1,0.0,1.0,0.1,0.3,1,19890,0,9,0.1,0.0,0.9995477386934674,43.29846620000899,14,200
0.0,0.1,0.0,1.0,0.1,0.35,1,19890,0,9,0.1,0.0,0.9995477386934674,43.29846620000899,14,200
0.0,0.1,0.0,1.0,0.1,0.4,1,19890,0,9,0.1,0.0,0.9995477386934674,43.29846620000899,14,200
0.0,0.1,0.0,1.0,0.1,0.45,1,19890,0,9,0.1,0.0,0.9995477386934674,43.29846620000899,14,200
0.0,0.1,0.0,1.0,0.1,0.5,1,19890,0,9,0.1,0.0,0.9995477386934674,43.29846620000899,14,200
5.0276520864756156e-05,0.1,0.5,0.5,0.1,0.55,1,19889,1,9,0.1,5.0276520864756156e-05,0.9994974874371859,43.29846620000899,14,200
5.0276520864756156e-05,0.1,0.5,0.5,0.1,0.6,1,19889,1,9,0.1,5.0276520864756156e-05,0.9994974874371859,43.29846620000899,14,200
0.001256913021618904,0.2,0.9259259259259259,0.07407407407407407,0.2,0.65,2,19865,25,8,0.2,0.001256913021618904,0.9983417085427135,43.29846620000899,14,200
0.00130718954248366,0.2,0.9285714285714286,0.07142857142857142,0.2,0.7,2,19864,26,8,0.2,0.00130718954248366,0.9982914572864322,43.29846620000899,14,200
0.0015082956259426848,0.2,0.9375,0.0625,0.2,0.75,2,19860,30,8,0.2,0.0015082956259426848,0.9980904522613065,43.29846620000899,14,200
0.0016591251885369532,0.2,0.9428571428571428,0.05714285714285714,0.2,0.8,2,19857,33,8,0.2,0.0016591251885369532,0.9979396984924623,43.29846620000899,14,200
0.001910507792860734,0.2,0.95,0.05,0.2,0.85,2,19852,38,8,0.2,0.001910507792860734,0.9976884422110552,43.29846620000899,14,200
0.001910507792860734,0.2,0.95,0.05,0.2,0.9,2,19852,38,8,0.2,0.001910507792860734,0.9976884422110552,43.29846620000899,14,200
0.005279034690799397,0.4,0.963302752293578,0.03669724770642202,0.4,0.95,4,19785,105,6,0.4,0.005279034690799397,0.9944221105527639,43.29846620000899,14,200
0.9654097536450478,1.0,0.9994794919841765,0.0005205080158234437,1.0,1.0,10,688,19202,0,1.0,0.9654097536450478,0.03507537688442211,43.29846620000899,14,200
0.0,0.0,0.0,,0.0,0.05,0,19890,0,10,0.0,0.0,0.9994974874371859,43.40387329994701,15,200
0.0,0.0,0.0,,0.0,0.1,0,19890,0,10,0.0,0.0,0.9994974874371859,43.40387329994701,15,200
0.0,0.0,0.0,,0.0,0.15,0,19890,0,10,0.0,0.0,0.9994974874371859,43.40387329994701,15,200
0.0,0.0,0.0,,0.0,0.2,0,19890,0,10,0.0,0.0,0.9994974874371859,43.40387329994701,15,200
5.0276520864756156e-05,0.0,1.0,0.0,0.0,0.25,0,19889,1,10,0.0,5.0276520864756156e-05,0.9994472361809045,43.40387329994701,15,200
0.0003519356460532931,0.0,1.0,0.0,0.0,0.3,0,19883,7,10,0.0,0.0003519356460532931,0.999145728643216,43.40387329994701,15,200
0.0003519356460532931,0.0,1.0,0.0,0.0,0.35,0,19883,7,10,0.0,0.0003519356460532931,0.999145728643216,43.40387329994701,15,200
0.0005027652086475615,0.0,1.0,0.0,0.0,0.4,0,19880,10,10,0.0,0.0005027652086475615,0.9989949748743718,43.40387329994701,15,200
0.0006033182503770739,0.0,1.0,0.0,0.0,0.45,0,19878,12,10,0.0,0.0006033182503770739,0.9988944723618091,43.40387329994701,15,200
0.0008044243338360985,0.0,1.0,0.0,0.0,0.5,0,19874,16,10,0.0,0.0008044243338360985,0.9986934673366834,43.40387329994701,15,200
0.0008044243338360985,0.0,1.0,0.0,0.0,0.55,0,19874,16,10,0.0,0.0008044243338360985,0.9986934673366834,43.40387329994701,15,200
0.0015082956259426848,0.0,1.0,0.0,0.0,0.6,0,19860,30,10,0.0,0.0015082956259426848,0.9979899497487437,43.40387329994701,15,200
0.0015082956259426848,0.0,1.0,0.0,0.0,0.65,0,19860,30,10,0.0,0.0015082956259426848,0.9979899497487437,43.40387329994701,15,200
0.0018099547511312218,0.0,1.0,0.0,0.0,0.7,0,19854,36,10,0.0,0.0018099547511312218,0.9976884422110552,43.40387329994701,15,200
0.0021116138763197585,0.1,0.9767441860465116,0.023255813953488372,0.1,0.75,1,19848,42,9,0.1,0.0021116138763197585,0.9974371859296483,43.40387329994701,15,200
0.0023629964806435393,0.1,0.9791666666666666,0.020833333333333332,0.1,0.8,1,19843,47,9,0.1,0.0023629964806435393,0.9971859296482412,43.40387329994701,15,200
0.002513826043237808,0.1,0.9803921568627451,0.0196078431372549,0.1,0.85,1,19840,50,9,0.1,0.002513826043237808,0.9970351758793969,43.40387329994701,15,200
0.004072398190045249,0.1,0.9878048780487805,0.012195121951219513,0.1,0.9,1,19809,81,9,0.1,0.004072398190045249,0.9954773869346734,43.40387329994701,15,200
0.007038712921065862,0.2,0.9859154929577465,0.014084507042253521,0.2,0.95,2,19750,140,8,0.2,0.007038712921065862,0.9925628140703517,43.40387329994701,15,200
0.9989441930618401,1.0,0.9994969565873535,0.0005030434126465114,1.0,1.0,10,21,19869,0,1.0,0.9989441930618401,0.0015577889447236182,43.40387329994701,15,200
0.0,0.0,0.0,,0.0,0.05,0,19890,0,10,0.0,0.0,0.9994974874371859,43.00920039997436,16,200
0.0,0.0,0.0,,0.0,0.1,0,19890,0,10,0.0,0.0,0.9994974874371859,43.00920039997436,16,200
0.0,0.0,0.0,,0.0,0.15,0,19890,0,10,0.0,0.0,0.9994974874371859,43.00920039997436,16,200
0.0,0.0,0.0,,0.0,0.2,0,19890,0,10,0.0,0.0,0.9994974874371859,43.00920039997436,16,200
0.00015082956259426848,0.0,1.0,0.0,0.0,0.25,0,19887,3,10,0.0,0.00015082956259426848,0.9993467336683417,43.00920039997436,16,200
0.00015082956259426848,0.0,1.0,0.0,0.0,0.3,0,19887,3,10,0.0,0.00015082956259426848,0.9993467336683417,43.00920039997436,16,200
0.00015082956259426848,0.0,1.0,0.0,0.0,0.35,0,19887,3,10,0.0,0.00015082956259426848,0.9993467336683417,43.00920039997436,16,200
0.00015082956259426848,0.0,1.0,0.0,0.0,0.4,0,19887,3,10,0.0,0.00015082956259426848,0.9993467336683417,43.00920039997436,16,200
0.0003519356460532931,0.1,0.875,0.125,0.1,0.45,1,19883,7,9,0.1,0.0003519356460532931,0.9991959798994975,43.00920039997436,16,200
0.0003519356460532931,0.1,0.875,0.125,0.1,0.5,1,19883,7,9,0.1,0.0003519356460532931,0.9991959798994975,43.00920039997436,16,200
0.00065359477124183,0.1,0.9285714285714286,0.07142857142857142,0.1,0.55,1,19877,13,9,0.1,0.00065359477124183,0.9988944723618091,43.00920039997436,16,200
0.0007038712921065862,0.1,0.9333333333333333,0.06666666666666667,0.1,0.6,1,19876,14,9,0.1,0.0007038712921065862,0.9988442211055276,43.00920039997436,16,200
0.0007038712921065862,0.1,0.9333333333333333,0.06666666666666667,0.1,0.65,1,19876,14,9,0.1,0.0007038712921065862,0.9988442211055276,43.00920039997436,16,200
0.0007038712921065862,0.1,0.9333333333333333,0.06666666666666667,0.1,0.7,1,19876,14,9,0.1,0.0007038712921065862,0.9988442211055276,43.00920039997436,16,200
0.0007541478129713424,0.1,0.9375,0.0625,0.1,0.75,1,19875,15,9,0.1,0.0007541478129713424,0.9987939698492462,43.00920039997436,16,200
0.0009049773755656109,0.1,0.9473684210526315,0.05263157894736842,0.1,0.8,1,19872,18,9,0.1,0.0009049773755656109,0.998643216080402,43.00920039997436,16,200
0.0016591251885369532,0.3,0.9166666666666666,0.08333333333333333,0.3,0.85,3,19857,33,7,0.3,0.0016591251885369532,0.9979899497487437,43.00920039997436,16,200
0.0020613373554550026,0.3,0.9318181818181818,0.06818181818181818,0.3,0.9,3,19849,41,7,0.3,0.0020613373554550026,0.9975879396984925,43.00920039997436,16,200
0.016289592760180997,0.4,0.9878048780487805,0.012195121951219513,0.4,0.95,4,19566,324,6,0.4,0.016289592760180997,0.9834170854271357,43.00920039997436,16,200
0.9706887883358472,1.0,0.999482321271419,0.0005176787285810427,1.0,1.0,10,583,19307,0,1.0,0.9706887883358472,0.02979899497487437,43.00920039997436,16,200
0.0,0.0,0.0,,0.0,0.05,0,19890,0,10,0.0,0.0,0.9994974874371859,43.32155160000548,17,200
0.0,0.0,0.0,,0.0,0.1,0,19890,0,10,0.0,0.0,0.9994974874371859,43.32155160000548,17,200
0.0,0.0,0.0,,0.0,0.15,0,19890,0,10,0.0,0.0,0.9994974874371859,43.32155160000548,17,200
0.0,0.0,0.0,,0.0,0.2,0,19890,0,10,0.0,0.0,0.9994974874371859,43.32155160000548,17,200
0.0,0.0,0.0,,0.0,0.25,0,19890,0,10,0.0,0.0,0.9994974874371859,43.32155160000548,17,200
0.0,0.0,0.0,,0.0,0.3,0,19890,0,10,0.0,0.0,0.9994974874371859,43.32155160000548,17,200
0.0,0.0,0.0,,0.0,0.35,0,19890,0,10,0.0,0.0,0.9994974874371859,43.32155160000548,17,200
5.0276520864756156e-05,0.0,1.0,0.0,0.0,0.4,0,19889,1,10,0.0,5.0276520864756156e-05,0.9994472361809045,43.32155160000548,17,200
5.0276520864756156e-05,0.0,1.0,0.0,0.0,0.45,0,19889,1,10,0.0,5.0276520864756156e-05,0.9994472361809045,43.32155160000548,17,200
5.0276520864756156e-05,0.0,1.0,0.0,0.0,0.5,0,19889,1,10,0.0,5.0276520864756156e-05,0.9994472361809045,43.32155160000548,17,200
5.0276520864756156e-05,0.0,1.0,0.0,0.0,0.55,0,19889,1,10,0.0,5.0276520864756156e-05,0.9994472361809045,43.32155160000548,17,200
5.0276520864756156e-05,0.0,1.0,0.0,0.0,0.6,0,19889,1,10,0.0,5.0276520864756156e-05,0.9994472361809045,43.32155160000548,17,200
5.0276520864756156e-05,0.0,1.0,0.0,0.0,0.65,0,19889,1,10,0.0,5.0276520864756156e-05,0.9994472361809045,43.32155160000548,17,200
5.0276520864756156e-05,0.0,1.0,0.0,0.0,0.7,0,19889,1,10,0.0,5.0276520864756156e-05,0.9994472361809045,43.32155160000548,17,200
0.00010055304172951231,0.0,1.0,0.0,0.0,0.75,0,19888,2,10,0.0,0.00010055304172951231,0.9993969849246231,43.32155160000548,17,200
0.00010055304172951231,0.0,1.0,0.0,0.0,0.8,0,19888,2,10,0.0,0.00010055304172951231,0.9993969849246231,43.32155160000548,17,200
0.0009049773755656109,0.2,0.9,0.1,0.2,0.85,2,19872,18,8,0.2,0.0009049773755656109,0.9986934673366834,43.32155160000548,17,200
0.000955253896430367,0.2,0.9047619047619048,0.09523809523809523,0.2,0.9,2,19871,19,8,0.2,0.000955253896430367,0.998643216080402,43.32155160000548,17,200
0.0010558069381598793,0.2,0.9130434782608695,0.08695652173913043,0.2,0.95,2,19869,21,8,0.2,0.0010558069381598793,0.9985427135678392,43.32155160000548,17,200
0.9964303670186023,1.0,0.9994956881335418,0.0005043118664582178,1.0,1.0,10,71,19819,0,1.0,0.9964303670186023,0.00407035175879397,43.32155160000548,17,200
0.0,0.0,0.0,,0.0,0.05,0,19890,0,10,0.0,0.0,0.9994974874371859,43.017002100124955,18,200
0.0,0.0,0.0,,0.0,0.1,0,19890,0,10,0.0,0.0,0.9994974874371859,43.017002100124955,18,200
0.0,0.0,0.0,,0.0,0.15,0,19890,0,10,0.0,0.0,0.9994974874371859,43.017002100124955,18,200
0.0,0.0,0.0,,0.0,0.2,0,19890,0,10,0.0,0.0,0.9994974874371859,43.017002100124955,18,200
0.0,0.1,0.0,1.0,0.1,0.25,1,19890,0,9,0.1,0.0,0.9995477386934674,43.017002100124955,18,200
0.0,0.1,0.0,1.0,0.1,0.3,1,19890,0,9,0.1,0.0,0.9995477386934674,43.017002100124955,18,200
0.00025138260432378077,0.3,0.625,0.375,0.3,0.35,3,19885,5,7,0.3,0.00025138260432378077,0.9993969849246231,43.017002100124955,18,200
0.0003519356460532931,0.3,0.7,0.3,0.3,0.4,3,19883,7,7,0.3,0.0003519356460532931,0.9992964824120603,43.017002100124955,18,200
0.0003519356460532931,0.3,0.7,0.3,0.3,0.45,3,19883,7,7,0.3,0.0003519356460532931,0.9992964824120603,43.017002100124955,18,200
0.0003519356460532931,0.3,0.7,0.3,0.3,0.5,3,19883,7,7,0.3,0.0003519356460532931,0.9992964824120603,43.017002100124955,18,200
0.00040221216691804925,0.3,0.7272727272727273,0.2727272727272727,0.3,0.55,3,19882,8,7,0.3,0.00040221216691804925,0.9992462311557789,43.017002100124955,18,200
0.00040221216691804925,0.3,0.7272727272727273,0.2727272727272727,0.3,0.6,3,19882,8,7,0.3,0.00040221216691804925,0.9992462311557789,43.017002100124955,18,200
0.00045248868778280545,0.3,0.75,0.25,0.3,0.65,3,19881,9,7,0.3,0.00045248868778280545,0.9991959798994975,43.017002100124955,18,200
0.0012066365007541479,0.3,0.8888888888888888,0.1111111111111111,0.3,0.7,3,19866,24,7,0.3,0.0012066365007541479,0.9984422110552764,43.017002100124955,18,200
0.0014580191050779286,0.3,0.90625,0.09375,0.3,0.75,3,19861,29,7,0.3,0.0014580191050779286,0.9981909547738693,43.017002100124955,18,200
0.0018099547511312218,0.3,0.9230769230769231,0.07692307692307693,0.3,0.8,3,19854,36,7,0.3,0.0018099547511312218,0.9978391959798995,43.017002100124955,18,200
0.00392156862745098,0.3,0.9629629629629629,0.037037037037037035,0.3,0.85,3,19812,78,7,0.3,0.00392156862745098,0.9957286432160805,43.017002100124955,18,200
0.00432378079436903,0.3,0.9662921348314607,0.033707865168539325,0.3,0.9,3,19804,86,7,0.3,0.00432378079436903,0.9953266331658291,43.017002100124955,18,200
0.0058320764203117145,0.3,0.9747899159663865,0.025210084033613446,0.3,0.95,3,19774,116,7,0.3,0.0058320764203117145,0.9938190954773869,43.017002100124955,18,200
0.9963298139768728,1.0,0.999495637262319,0.0005043627376809402,1.0,1.0,10,73,19817,0,1.0,0.9963298139768728,0.004170854271356784,43.017002100124955,18,200
0.0,0.0,0.0,,0.0,0.05,0,19890,0,10,0.0,0.0,0.9994974874371859,43.88030300009996,19,200
0.0,0.0,0.0,,0.0,0.1,0,19890,0,10,0.0,0.0,0.9994974874371859,43.88030300009996,19,200
0.0,0.0,0.0,,0.0,0.15,0,19890,0,10,0.0,0.0,0.9994974874371859,43.88030300009996,19,200
0.00020110608345902463,0.0,1.0,0.0,0.0,0.2,0,19886,4,10,0.0,0.00020110608345902463,0.9992964824120603,43.88030300009996,19,200
0.00025138260432378077,0.0,1.0,0.0,0.0,0.25,0,19885,5,10,0.0,0.00025138260432378077,0.9992462311557789,43.88030300009996,19,200
0.00025138260432378077,0.1,0.8333333333333334,0.16666666666666666,0.1,0.3,1,19885,5,9,0.1,0.00025138260432378077,0.9992964824120603,43.88030300009996,19,200
0.00025138260432378077,0.1,0.8333333333333334,0.16666666666666666,0.1,0.35,1,19885,5,9,0.1,0.00025138260432378077,0.9992964824120603,43.88030300009996,19,200
0.00025138260432378077,0.1,0.8333333333333334,0.16666666666666666,0.1,0.4,1,19885,5,9,0.1,0.00025138260432378077,0.9992964824120603,43.88030300009996,19,200
0.00025138260432378077,0.1,0.8333333333333334,0.16666666666666666,0.1,0.45,1,19885,5,9,0.1,0.00025138260432378077,0.9992964824120603,43.88030300009996,19,200
0.00025138260432378077,0.1,0.8333333333333334,0.16666666666666666,0.1,0.5,1,19885,5,9,0.1,0.00025138260432378077,0.9992964824120603,43.88030300009996,19,200
0.00025138260432378077,0.1,0.8333333333333334,0.16666666666666666,0.1,0.55,1,19885,5,9,0.1,0.00025138260432378077,0.9992964824120603,43.88030300009996,19,200
0.00025138260432378077,0.1,0.8333333333333334,0.16666666666666666,0.1,0.6,1,19885,5,9,0.1,0.00025138260432378077,0.9992964824120603,43.88030300009996,19,200
0.00025138260432378077,0.1,0.8333333333333334,0.16666666666666666,0.1,0.65,1,19885,5,9,0.1,0.00025138260432378077,0.9992964824120603,43.88030300009996,19,200
0.00025138260432378077,0.1,0.8333333333333334,0.16666666666666666,0.1,0.7,1,19885,5,9,0.1,0.00025138260432378077,0.9992964824120603,43.88030300009996,19,200
0.0006033182503770739,0.2,0.8571428571428571,0.14285714285714285,0.2,0.75,2,19878,12,8,0.2,0.0006033182503770739,0.9989949748743718,43.88030300009996,19,200
0.0007038712921065862,0.2,0.875,0.125,0.2,0.8,2,19876,14,8,0.2,0.0007038712921065862,0.9988944723618091,43.88030300009996,19,200
0.0007541478129713424,0.2,0.8823529411764706,0.11764705882352941,0.2,0.85,2,19875,15,8,0.2,0.0007541478129713424,0.9988442211055276,43.88030300009996,19,200
0.00196078431372549,0.2,0.9512195121951219,0.04878048780487805,0.2,0.9,2,19851,39,8,0.2,0.00196078431372549,0.9976381909547739,43.88030300009996,19,200
0.007792860734037205,0.4,0.9748427672955975,0.025157232704402517,0.4,0.95,4,19735,155,6,0.4,0.007792860734037205,0.9919095477386934,43.88030300009996,19,200
0.9989441930618401,1.0,0.9994969565873535,0.0005030434126465114,1.0,1.0,10,21,19869,0,1.0,0.9989441930618401,0.0015577889447236182,43.88030300009996,19,200
0.0,0.0,0.0,,0.0,0.05,0,19890,0,10,0.0,0.0,0.9994974874371859,43.348196799866855,20,200
0.0,0.0,0.0,,0.0,0.1,0,19890,0,10,0.0,0.0,0.9994974874371859,43.348196799866855,20,200
0.0,0.0,0.0,,0.0,0.15,0,19890,0,10,0.0,0.0,0.9994974874371859,43.348196799866855,20,200
0.0,0.0,0.0,,0.0,0.2,0,19890,0,10,0.0,0.0,0.9994974874371859,43.348196799866855,20,200
0.0,0.0,0.0,,0.0,0.25,0,19890,0,10,0.0,0.0,0.9994974874371859,43.348196799866855,20,200
0.0,0.0,0.0,,0.0,0.3,0,19890,0,10,0.0,0.0,0.9994974874371859,43.348196799866855,20,200
0.0,0.0,0.0,,0.0,0.35,0,19890,0,10,0.0,0.0,0.9994974874371859,43.348196799866855,20,200
0.0,0.0,0.0,,0.0,0.4,0,19890,0,10,0.0,0.0,0.9994974874371859,43.348196799866855,20,200
0.0,0.0,0.0,,0.0,0.45,0,19890,0,10,0.0,0.0,0.9994974874371859,43.348196799866855,20,200
0.0,0.0,0.0,,0.0,0.5,0,19890,0,10,0.0,0.0,0.9994974874371859,43.348196799866855,20,200
0.0,0.0,0.0,,0.0,0.55,0,19890,0,10,0.0,0.0,0.9994974874371859,43.348196799866855,20,200
0.0,0.0,0.0,,0.0,0.6,0,19890,0,10,0.0,0.0,0.9994974874371859,43.348196799866855,20,200
0.0,0.0,0.0,,0.0,0.65,0,19890,0,10,0.0,0.0,0.9994974874371859,43.348196799866855,20,200
0.0,0.0,0.0,,0.0,0.7,0,19890,0,10,0.0,0.0,0.9994974874371859,43.348196799866855,20,200
0.0,0.0,0.0,,0.0,0.75,0,19890,0,10,0.0,0.0,0.9994974874371859,43.348196799866855,20,200
0.0016591251885369532,0.0,1.0,0.0,0.0,0.8,0,19857,33,10,0.0,0.0016591251885369532,0.9978391959798995,43.348196799866855,20,200
0.003217697335344394,0.3,0.9552238805970149,0.04477611940298507,0.3,0.85,3,19826,64,7,0.3,0.003217697335344394,0.9964321608040201,43.348196799866855,20,200
0.0032679738562091504,0.3,0.9558823529411765,0.04411764705882353,0.3,0.9,3,19825,65,7,0.3,0.0032679738562091504,0.9963819095477386,43.348196799866855,20,200
0.00392156862745098,0.3,0.9629629629629629,0.037037037037037035,0.3,0.95,3,19812,78,7,0.3,0.00392156862745098,0.9957286432160805,43.348196799866855,20,200
0.4767219708396179,1.0,0.9989464812473662,0.001053518752633797,1.0,1.0,10,10408,9482,0,1.0,0.4767219708396179,0.5235175879396985,43.348196799866855,20,200
0.0,0.0,0.0,,0.0,0.05,0,19890,0,10,0.0,0.0,0.9994974874371859,43.36556459986605,21,200
0.0,0.0,0.0,,0.0,0.1,0,19890,0,10,0.0,0.0,0.9994974874371859,43.36556459986605,21,200
0.0,0.0,0.0,,0.0,0.15,0,19890,0,10,0.0,0.0,0.9994974874371859,43.36556459986605,21,200
0.0,0.0,0.0,,0.0,0.2,0,19890,0,10,0.0,0.0,0.9994974874371859,43.36556459986605,21,200
0.0,0.0,0.0,,0.0,0.25,0,19890,0,10,0.0,0.0,0.9994974874371859,43.36556459986605,21,200
0.0,0.0,0.0,,0.0,0.3,0,19890,0,10,0.0,0.0,0.9994974874371859,43.36556459986605,21,200
0.0,0.0,0.0,,0.0,0.35,0,19890,0,10,0.0,0.0,0.9994974874371859,43.36556459986605,21,200
0.0,0.1,0.0,1.0,0.1,0.4,1,19890,0,9,0.1,0.0,0.9995477386934674,43.36556459986605,21,200
0.00025138260432378077,0.1,0.8333333333333334,0.16666666666666666,0.1,0.45,1,19885,5,9,0.1,0.00025138260432378077,0.9992964824120603,43.36556459986605,21,200
0.00030165912518853697,0.1,0.8571428571428571,0.14285714285714285,0.1,0.5,1,19884,6,9,0.1,0.00030165912518853697,0.9992462311557789,43.36556459986605,21,200
0.00045248868778280545,0.1,0.9,0.1,0.1,0.55,1,19881,9,9,0.1,0.00045248868778280545,0.9990954773869347,43.36556459986605,21,200
0.0005027652086475615,0.1,0.9090909090909091,0.09090909090909091,0.1,0.6,1,19880,10,9,0.1,0.0005027652086475615,0.9990452261306533,43.36556459986605,21,200
0.0005027652086475615,0.1,0.9090909090909091,0.09090909090909091,0.1,0.65,1,19880,10,9,0.1,0.0005027652086475615,0.9990452261306533,43.36556459986605,21,200
0.0005530417295123177,0.1,0.9166666666666666,0.08333333333333333,0.1,0.7,1,19879,11,9,0.1,0.0005530417295123177,0.9989949748743718,43.36556459986605,21,200
0.0006033182503770739,0.1,0.9230769230769231,0.07692307692307693,0.1,0.75,1,19878,12,9,0.1,0.0006033182503770739,0.9989447236180905,43.36556459986605,21,200
0.0032679738562091504,0.1,0.9848484848484849,0.015151515151515152,0.1,0.8,1,19825,65,9,0.1,0.0032679738562091504,0.9962814070351759,43.36556459986605,21,200
0.0037204625439919555,0.1,0.9866666666666667,0.013333333333333334,0.1,0.85,1,19816,74,9,0.1,0.0037204625439919555,0.9958291457286432,43.36556459986605,21,200
0.003821015585721468,0.1,0.987012987012987,0.012987012987012988,0.1,0.9,1,19814,76,9,0.1,0.003821015585721468,0.9957286432160805,43.36556459986605,21,200
0.006787330316742082,0.1,0.9926470588235294,0.007352941176470588,0.1,0.95,1,19755,135,9,0.1,0.006787330316742082,0.9927638190954774,43.36556459986605,21,200
0.9986928104575163,1.0,0.9994968300291839,0.0005031699708161417,1.0,1.0,10,26,19864,0,1.0,0.9986928104575163,0.0018090452261306533,43.36556459986605,21,200
0.0,0.0,0.0,,0.0,0.05,0,19890,0,10,0.0,0.0,0.9994974874371859,41.702366900164634,22,200
0.0,0.0,0.0,,0.0,0.1,0,19890,0,10,0.0,0.0,0.9994974874371859,41.702366900164634,22,200
0.0,0.0,0.0,,0.0,0.15,0,19890,0,10,0.0,0.0,0.9994974874371859,41.702366900164634,22,200
5.0276520864756156e-05,0.0,1.0,0.0,0.0,0.2,0,19889,1,10,0.0,5.0276520864756156e-05,0.9994472361809045,41.702366900164634,22,200
5.0276520864756156e-05,0.0,1.0,0.0,0.0,0.25,0,19889,1,10,0.0,5.0276520864756156e-05,0.9994472361809045,41.702366900164634,22,200
5.0276520864756156e-05,0.0,1.0,0.0,0.0,0.3,0,19889,1,10,0.0,5.0276520864756156e-05,0.9994472361809045,41.702366900164634,22,200
5.0276520864756156e-05,0.0,1.0,0.0,0.0,0.35,0,19889,1,10,0.0,5.0276520864756156e-05,0.9994472361809045,41.702366900164634,22,200
5.0276520864756156e-05,0.0,1.0,0.0,0.0,0.4,0,19889,1,10,0.0,5.0276520864756156e-05,0.9994472361809045,41.702366900164634,22,200
5.0276520864756156e-05,0.0,1.0,0.0,0.0,0.45,0,19889,1,10,0.0,5.0276520864756156e-05,0.9994472361809045,41.702366900164634,22,200
5.0276520864756156e-05,0.0,1.0,0.0,0.0,0.5,0,19889,1,10,0.0,5.0276520864756156e-05,0.9994472361809045,41.702366900164634,22,200
5.0276520864756156e-05,0.0,1.0,0.0,0.0,0.55,0,19889,1,10,0.0,5.0276520864756156e-05,0.9994472361809045,41.702366900164634,22,200
5.0276520864756156e-05,0.0,1.0,0.0,0.0,0.6,0,19889,1,10,0.0,5.0276520864756156e-05,0.9994472361809045,41.702366900164634,22,200
5.0276520864756156e-05,0.0,1.0,0.0,0.0,0.65,0,19889,1,10,0.0,5.0276520864756156e-05,0.9994472361809045,41.702366900164634,22,200
5.0276520864756156e-05,0.0,1.0,0.0,0.0,0.7,0,19889,1,10,0.0,5.0276520864756156e-05,0.9994472361809045,41.702366900164634,22,200
5.0276520864756156e-05,0.0,1.0,0.0,0.0,0.75,0,19889,1,10,0.0,5.0276520864756156e-05,0.9994472361809045,41.702366900164634,22,200
5.0276520864756156e-05,0.0,1.0,0.0,0.0,0.8,0,19889,1,10,0.0,5.0276520864756156e-05,0.9994472361809045,41.702366900164634,22,200
0.0007038712921065862,0.0,1.0,0.0,0.0,0.85,0,19876,14,10,0.0,0.0007038712921065862,0.9987939698492462,41.702366900164634,22,200
0.005681246857717446,0.2,0.9826086956521739,0.017391304347826087,0.2,0.9,2,19777,113,8,0.2,0.005681246857717446,0.9939195979899498,41.702366900164634,22,200
0.007943690296631473,0.2,0.9875,0.0125,0.2,0.95,2,19732,158,8,0.2,0.007943690296631473,0.9916582914572865,41.702366900164634,22,200
0.9835093011563599,1.0,0.9994890660126712,0.0005109339873288372,1.0,1.0,10,328,19562,0,1.0,0.9835093011563599,0.01698492462311558,41.702366900164634,22,200
0.0,0.0,0.0,,0.0,0.05,0,19890,0,10,0.0,0.0,0.9994974874371859,42.61408420000225,23,200
0.0,0.0,0.0,,0.0,0.1,0,19890,0,10,0.0,0.0,0.9994974874371859,42.61408420000225,23,200
0.0,0.0,0.0,,0.0,0.15,0,19890,0,10,0.0,0.0,0.9994974874371859,42.61408420000225,23,200
0.0,0.0,0.0,,0.0,0.2,0,19890,0,10,0.0,0.0,0.9994974874371859,42.61408420000225,23,200
0.0,0.0,0.0,,0.0,0.25,0,19890,0,10,0.0,0.0,0.9994974874371859,42.61408420000225,23,200
0.0,0.0,0.0,,0.0,0.3,0,19890,0,10,0.0,0.0,0.9994974874371859,42.61408420000225,23,200
0.0,0.0,0.0,,0.0,0.35,0,19890,0,10,0.0,0.0,0.9994974874371859,42.61408420000225,23,200
0.0,0.0,0.0,,0.0,0.4,0,19890,0,10,0.0,0.0,0.9994974874371859,42.61408420000225,23,200
0.0,0.0,0.0,,0.0,0.45,0,19890,0,10,0.0,0.0,0.9994974874371859,42.61408420000225,23,200
0.00010055304172951231,0.0,1.0,0.0,0.0,0.5,0,19888,2,10,0.0,0.00010055304172951231,0.9993969849246231,42.61408420000225,23,200
0.0003519356460532931,0.1,0.875,0.125,0.1,0.55,1,19883,7,9,0.1,0.0003519356460532931,0.9991959798994975,42.61408420000225,23,200
0.0003519356460532931,0.1,0.875,0.125,0.1,0.6,1,19883,7,9,0.1,0.0003519356460532931,0.9991959798994975,42.61408420000225,23,200
0.00065359477124183,0.1,0.9285714285714286,0.07142857142857142,0.1,0.65,1,19877,13,9,0.1,0.00065359477124183,0.9988944723618091,42.61408420000225,23,200
0.0007541478129713424,0.1,0.9375,0.0625,0.1,0.7,1,19875,15,9,0.1,0.0007541478129713424,0.9987939698492462,42.61408420000225,23,200
0.0010558069381598793,0.1,0.9545454545454546,0.045454545454545456,0.1,0.75,1,19869,21,9,0.1,0.0010558069381598793,0.9984924623115577,42.61408420000225,23,200
0.001256913021618904,0.1,0.9615384615384616,0.038461538461538464,0.1,0.8,1,19865,25,9,0.1,0.001256913021618904,0.9982914572864322,42.61408420000225,23,200
0.001558572146807441,0.1,0.96875,0.03125,0.1,0.85,1,19859,31,9,0.1,0.001558572146807441,0.9979899497487437,42.61408420000225,23,200
0.001608848667672197,0.1,0.9696969696969697,0.030303030303030304,0.1,0.9,1,19858,32,9,0.1,0.001608848667672197,0.9979396984924623,42.61408420000225,23,200
0.001910507792860734,0.1,0.9743589743589743,0.02564102564102564,0.1,0.95,1,19852,38,9,0.1,0.001910507792860734,0.9976381909547739,42.61408420000225,23,200
0.9928607340372047,1.0,0.9994938758983702,0.0005061241016297196,1.0,1.0,10,142,19748,0,1.0,0.9928607340372047,0.00763819095477387,42.61408420000225,23,200
0.0,0.0,0.0,,0.0,0.05,0,19890,0,10,0.0,0.0,0.9994974874371859,43.580559900030494,24,200
0.0,0.0,0.0,,0.0,0.1,0,19890,0,10,0.0,0.0,0.9994974874371859,43.580559900030494,24,200
0.0,0.0,0.0,,0.0,0.15,0,19890,0,10,0.0,0.0,0.9994974874371859,43.580559900030494,24,200
0.0,0.0,0.0,,0.0,0.2,0,19890,0,10,0.0,0.0,0.9994974874371859,43.580559900030494,24,200
0.0,0.0,0.0,,0.0,0.25,0,19890,0,10,0.0,0.0,0.9994974874371859,43.580559900030494,24,200
0.0,0.0,0.0,,0.0,0.3,0,19890,0,10,0.0,0.0,0.9994974874371859,43.580559900030494,24,200
0.0,0.1,0.0,1.0,0.1,0.35,1,19890,0,9,0.1,0.0,0.9995477386934674,43.580559900030494,24,200
0.0,0.1,0.0,1.0,0.1,0.4,1,19890,0,9,0.1,0.0,0.9995477386934674,43.580559900030494,24,200
0.0,0.1,0.0,1.0,0.1,0.45,1,19890,0,9,0.1,0.0,0.9995477386934674,43.580559900030494,24,200
0.0,0.1,0.0,1.0,0.1,0.5,1,19890,0,9,0.1,0.0,0.9995477386934674,43.580559900030494,24,200
0.0,0.1,0.0,1.0,0.1,0.55,1,19890,0,9,0.1,0.0,0.9995477386934674,43.580559900030494,24,200
0.0,0.1,0.0,1.0,0.1,0.6,1,19890,0,9,0.1,0.0,0.9995477386934674,43.580559900030494,24,200
0.0008044243338360985,0.1,0.9411764705882353,0.058823529411764705,0.1,0.65,1,19874,16,9,0.1,0.0008044243338360985,0.9987437185929648,43.580559900030494,24,200
0.0008547008547008547,0.2,0.8947368421052632,0.10526315789473684,0.2,0.7,2,19873,17,8,0.2,0.0008547008547008547,0.9987437185929648,43.580559900030494,24,200
0.0008547008547008547,0.2,0.8947368421052632,0.10526315789473684,0.2,0.75,2,19873,17,8,0.2,0.0008547008547008547,0.9987437185929648,43.580559900030494,24,200
0.0010558069381598793,0.2,0.9130434782608695,0.08695652173913043,0.2,0.8,2,19869,21,8,0.2,0.0010558069381598793,0.9985427135678392,43.580559900030494,24,200
0.001558572146807441,0.4,0.8857142857142857,0.11428571428571428,0.4,0.85,4,19859,31,6,0.4,0.001558572146807441,0.998140703517588,43.580559900030494,24,200
0.001910507792860734,0.4,0.9047619047619048,0.09523809523809523,0.4,0.9,4,19852,38,6,0.4,0.001910507792860734,0.9977889447236181,43.580559900030494,24,200
0.0024635495223730517,0.4,0.9245283018867925,0.07547169811320754,0.4,0.95,4,19841,49,6,0.4,0.0024635495223730517,0.9972361809045226,43.580559900030494,24,200
0.9984917043740573,1.0,0.9994967287367891,0.0005032712632108706,1.0,1.0,10,30,19860,0,1.0,0.9984917043740573,0.0020100502512562816,43.580559900030494,24,200
0.0,0.0,0.0,,0.0,0.05,0,19890,0,10,0.0,0.0,0.9994974874371859,43.326755799818784,25,200
0.0,0.0,0.0,,0.0,0.1,0,19890,0,10,0.0,0.0,0.9994974874371859,43.326755799818784,25,200
0.0,0.0,0.0,,0.0,0.15,0,19890,0,10,0.0,0.0,0.9994974874371859,43.326755799818784,25,200
0.0,0.0,0.0,,0.0,0.2,0,19890,0,10,0.0,0.0,0.9994974874371859,43.326755799818784,25,200
0.0,0.0,0.0,,0.0,0.25,0,19890,0,10,0.0,0.0,0.9994974874371859,43.326755799818784,25,200
0.0,0.0,0.0,,0.0,0.3,0,19890,0,10,0.0,0.0,0.9994974874371859,43.326755799818784,25,200
0.0,0.0,0.0,,0.0,0.35,0,19890,0,10,0.0,0.0,0.9994974874371859,43.326755799818784,25,200
0.0,0.0,0.0,,0.0,0.4,0,19890,0,10,0.0,0.0,0.9994974874371859,43.326755799818784,25,200
0.0,0.0,0.0,,0.0,0.45,0,19890,0,10,0.0,0.0,0.9994974874371859,43.326755799818784,25,200
0.0,0.0,0.0,,0.0,0.5,0,19890,0,10,0.0,0.0,0.9994974874371859,43.326755799818784,25,200
0.0,0.0,0.0,,0.0,0.55,0,19890,0,10,0.0,0.0,0.9994974874371859,43.326755799818784,25,200
0.0,0.0,0.0,,0.0,0.6,0,19890,0,10,0.0,0.0,0.9994974874371859,43.326755799818784,25,200
0.0,0.0,0.0,,0.0,0.65,0,19890,0,10,0.0,0.0,0.9994974874371859,43.326755799818784,25,200
0.0,0.0,0.0,,0.0,0.7,0,19890,0,10,0.0,0.0,0.9994974874371859,43.326755799818784,25,200
0.0,0.0,0.0,,0.0,0.75,0,19890,0,10,0.0,0.0,0.9994974874371859,43.326755799818784,25,200
0.000955253896430367,0.2,0.9047619047619048,0.09523809523809523,0.2,0.8,2,19871,19,8,0.2,0.000955253896430367,0.998643216080402,43.326755799818784,25,200
0.0013574660633484162,0.2,0.9310344827586207,0.06896551724137931,0.2,0.85,2,19863,27,8,0.2,0.0013574660633484162,0.9982412060301508,43.326755799818784,25,200
0.0015082956259426848,0.2,0.9375,0.0625,0.2,0.9,2,19860,30,8,0.2,0.0015082956259426848,0.9980904522613065,43.326755799818784,25,200
0.002513826043237808,0.2,0.9615384615384616,0.038461538461538464,0.2,0.95,2,19840,50,8,0.2,0.002513826043237808,0.9970854271356784,43.326755799818784,25,200
0.9982905982905983,1.0,0.9994966274036041,0.0005033725963958522,1.0,1.0,10,34,19856,0,1.0,0.9982905982905983,0.0022110552763819095,43.326755799818784,25,200
0.0,0.0,0.0,,0.0,0.05,0,19890,0,10,0.0,0.0,0.9994974874371859,43.50712540000677,26,200
0.0,0.0,0.0,,0.0,0.1,0,19890,0,10,0.0,0.0,0.9994974874371859,43.50712540000677,26,200
0.0,0.0,0.0,,0.0,0.15,0,19890,0,10,0.0,0.0,0.9994974874371859,43.50712540000677,26,200
0.0,0.0,0.0,,0.0,0.2,0,19890,0,10,0.0,0.0,0.9994974874371859,43.50712540000677,26,200
0.0,0.0,0.0,,0.0,0.25,0,19890,0,10,0.0,0.0,0.9994974874371859,43.50712540000677,26,200
0.0,0.0,0.0,,0.0,0.3,0,19890,0,10,0.0,0.0,0.9994974874371859,43.50712540000677,26,200
0.0,0.0,0.0,,0.0,0.35,0,19890,0,10,0.0,0.0,0.9994974874371859,43.50712540000677,26,200
0.00015082956259426848,0.1,0.75,0.25,0.1,0.4,1,19887,3,9,0.1,0.00015082956259426848,0.9993969849246231,43.50712540000677,26,200
0.00015082956259426848,0.1,0.75,0.25,0.1,0.45,1,19887,3,9,0.1,0.00015082956259426848,0.9993969849246231,43.50712540000677,26,200
0.00020110608345902463,0.1,0.8,0.2,0.1,0.5,1,19886,4,9,0.1,0.00020110608345902463,0.9993467336683417,43.50712540000677,26,200
0.00020110608345902463,0.1,0.8,0.2,0.1,0.55,1,19886,4,9,0.1,0.00020110608345902463,0.9993467336683417,43.50712540000677,26,200
0.00020110608345902463,0.1,0.8,0.2,0.1,0.6,1,19886,4,9,0.1,0.00020110608345902463,0.9993467336683417,43.50712540000677,26,200
0.00025138260432378077,0.1,0.8333333333333334,0.16666666666666666,0.1,0.65,1,19885,5,9,0.1,0.00025138260432378077,0.9992964824120603,43.50712540000677,26,200
0.00025138260432378077,0.1,0.8333333333333334,0.16666666666666666,0.1,0.7,1,19885,5,9,0.1,0.00025138260432378077,0.9992964824120603,43.50712540000677,26,200
0.00025138260432378077,0.1,0.8333333333333334,0.16666666666666666,0.1,0.75,1,19885,5,9,0.1,0.00025138260432378077,0.9992964824120603,43.50712540000677,26,200
0.00025138260432378077,0.1,0.8333333333333334,0.16666666666666666,0.1,0.8,1,19885,5,9,0.1,0.00025138260432378077,0.9992964824120603,43.50712540000677,26,200
0.00025138260432378077,0.1,0.8333333333333334,0.16666666666666666,0.1,0.85,1,19885,5,9,0.1,0.00025138260432378077,0.9992964824120603,43.50712540000677,26,200
0.00025138260432378077,0.1,0.8333333333333334,0.16666666666666666,0.1,0.9,1,19885,5,9,0.1,0.00025138260432378077,0.9992964824120603,43.50712540000677,26,200
0.01809954751131222,0.3,0.9917355371900827,0.008264462809917356,0.3,0.95,3,19530,360,7,0.3,0.01809954751131222,0.9815577889447236,43.50712540000677,26,200
0.9965309200603318,1.0,0.9994957389945035,0.000504261005496445,1.0,1.0,10,69,19821,0,1.0,0.9965309200603318,0.003969849246231155,43.50712540000677,26,200
5.0276520864756156e-05,0.0,1.0,0.0,0.0,0.05,0,19889,1,10,0.0,5.0276520864756156e-05,0.9994472361809045,43.82782180001959,27,200
5.0276520864756156e-05,0.0,1.0,0.0,0.0,0.1,0,19889,1,10,0.0,5.0276520864756156e-05,0.9994472361809045,43.82782180001959,27,200
5.0276520864756156e-05,0.0,1.0,0.0,0.0,0.15,0,19889,1,10,0.0,5.0276520864756156e-05,0.9994472361809045,43.82782180001959,27,200
0.00025138260432378077,0.0,1.0,0.0,0.0,0.2,0,19885,5,10,0.0,0.00025138260432378077,0.9992462311557789,43.82782180001959,27,200
0.00025138260432378077,0.0,1.0,0.0,0.0,0.25,0,19885,5,10,0.0,0.00025138260432378077,0.9992462311557789,43.82782180001959,27,200
0.00025138260432378077,0.0,1.0,0.0,0.0,0.3,0,19885,5,10,0.0,0.00025138260432378077,0.9992462311557789,43.82782180001959,27,200
0.00030165912518853697,0.0,1.0,0.0,0.0,0.35,0,19884,6,10,0.0,0.00030165912518853697,0.9991959798994975,43.82782180001959,27,200
0.00045248868778280545,0.1,0.9,0.1,0.1,0.4,1,19881,9,9,0.1,0.00045248868778280545,0.9990954773869347,43.82782180001959,27,200
0.0008547008547008547,0.1,0.9444444444444444,0.05555555555555555,0.1,0.45,1,19873,17,9,0.1,0.0008547008547008547,0.9986934673366834,43.82782180001959,27,200
0.0008547008547008547,0.1,0.9444444444444444,0.05555555555555555,0.1,0.5,1,19873,17,9,0.1,0.0008547008547008547,0.9986934673366834,43.82782180001959,27,200
0.0012066365007541479,0.1,0.96,0.04,0.1,0.55,1,19866,24,9,0.1,0.0012066365007541479,0.9983417085427135,43.82782180001959,27,200
0.0014077425842131724,0.1,0.9655172413793104,0.034482758620689655,0.1,0.6,1,19862,28,9,0.1,0.0014077425842131724,0.998140703517588,43.82782180001959,27,200
0.0014580191050779286,0.1,0.9666666666666667,0.03333333333333333,0.1,0.65,1,19861,29,9,0.1,0.0014580191050779286,0.9980904522613065,43.82782180001959,27,200
0.0015082956259426848,0.1,0.967741935483871,0.03225806451612903,0.1,0.7,1,19860,30,9,0.1,0.0015082956259426848,0.9980402010050251,43.82782180001959,27,200
0.0015082956259426848,0.1,0.967741935483871,0.03225806451612903,0.1,0.75,1,19860,30,9,0.1,0.0015082956259426848,0.9980402010050251,43.82782180001959,27,200
0.0015082956259426848,0.1,0.967741935483871,0.03225806451612903,0.1,0.8,1,19860,30,9,0.1,0.0015082956259426848,0.9980402010050251,43.82782180001959,27,200
0.001608848667672197,0.1,0.9696969696969697,0.030303030303030304,0.1,0.85,1,19858,32,9,0.1,0.001608848667672197,0.9979396984924623,43.82782180001959,27,200
0.0016591251885369532,0.1,0.9705882352941176,0.029411764705882353,0.1,0.9,1,19857,33,9,0.1,0.0016591251885369532,0.9978894472361809,43.82782180001959,27,200
0.017747611865258923,0.1,0.9971751412429378,0.002824858757062147,0.1,0.95,1,19537,353,9,0.1,0.017747611865258923,0.9818090452261307,43.82782180001959,27,200
0.9945198592257416,1.0,0.9994947198221413,0.0005052801778586226,1.0,1.0,10,109,19781,0,1.0,0.9945198592257416,0.005979899497487437,43.82782180001959,27,200
0.0,0.0,0.0,,0.0,0.05,0,19890,0,10,0.0,0.0,0.9994974874371859,43.12043490004726,28,200
0.0,0.0,0.0,,0.0,0.1,0,19890,0,10,0.0,0.0,0.9994974874371859,43.12043490004726,28,200
0.0,0.0,0.0,,0.0,0.15,0,19890,0,10,0.0,0.0,0.9994974874371859,43.12043490004726,28,200
0.0,0.0,0.0,,0.0,0.2,0,19890,0,10,0.0,0.0,0.9994974874371859,43.12043490004726,28,200
0.0,0.0,0.0,,0.0,0.25,0,19890,0,10,0.0,0.0,0.9994974874371859,43.12043490004726,28,200
0.0,0.0,0.0,,0.0,0.3,0,19890,0,10,0.0,0.0,0.9994974874371859,43.12043490004726,28,200
0.0,0.0,0.0,,0.0,0.35,0,19890,0,10,0.0,0.0,0.9994974874371859,43.12043490004726,28,200
0.0,0.0,0.0,,0.0,0.4,0,19890,0,10,0.0,0.0,0.9994974874371859,43.12043490004726,28,200
0.0,0.0,0.0,,0.0,0.45,0,19890,0,10,0.0,0.0,0.9994974874371859,43.12043490004726,28,200
0.0,0.0,0.0,,0.0,0.5,0,19890,0,10,0.0,0.0,0.9994974874371859,43.12043490004726,28,200
0.0,0.0,0.0,,0.0,0.55,0,19890,0,10,0.0,0.0,0.9994974874371859,43.12043490004726,28,200
0.00025138260432378077,0.2,0.7142857142857143,0.2857142857142857,0.2,0.6,2,19885,5,8,0.2,0.00025138260432378077,0.9993467336683417,43.12043490004726,28,200
0.00025138260432378077,0.2,0.7142857142857143,0.2857142857142857,0.2,0.65,2,19885,5,8,0.2,0.00025138260432378077,0.9993467336683417,43.12043490004726,28,200
0.001256913021618904,0.2,0.9259259259259259,0.07407407407407407,0.2,0.7,2,19865,25,8,0.2,0.001256913021618904,0.9983417085427135,43.12043490004726,28,200
0.001256913021618904,0.2,0.9259259259259259,0.07407407407407407,0.2,0.75,2,19865,25,8,0.2,0.001256913021618904,0.9983417085427135,43.12043490004726,28,200
0.00130718954248366,0.2,0.9285714285714286,0.07142857142857142,0.2,0.8,2,19864,26,8,0.2,0.00130718954248366,0.9982914572864322,43.12043490004726,28,200
0.0014077425842131724,0.3,0.9032258064516129,0.0967741935483871,0.3,0.85,3,19862,28,7,0.3,0.0014077425842131724,0.9982412060301508,43.12043490004726,28,200
0.0030165912518853697,0.3,0.9523809523809523,0.047619047619047616,0.3,0.9,3,19830,60,7,0.3,0.0030165912518853697,0.9966331658291457,43.12043490004726,28,200
0.003117144293614882,0.3,0.9538461538461539,0.046153846153846156,0.3,0.95,3,19828,62,7,0.3,0.003117144293614882,0.996532663316583,43.12043490004726,28,200
0.9709401709401709,0.9,0.9995341856011594,0.0004658143988406397,0.9,1.0,9,578,19312,1,0.9,0.9709401709401709,0.02949748743718593,43.12043490004726,28,200
0.0,0.0,0.0,,0.0,0.05,0,19890,0,10,0.0,0.0,0.9994974874371859,43.5694616001565,29,200
0.0,0.0,0.0,,0.0,0.1,0,19890,0,10,0.0,0.0,0.9994974874371859,43.5694616001565,29,200
0.0,0.0,0.0,,0.0,0.15,0,19890,0,10,0.0,0.0,0.9994974874371859,43.5694616001565,29,200
0.0,0.0,0.0,,0.0,0.2,0,19890,0,10,0.0,0.0,0.9994974874371859,43.5694616001565,29,200
0.0,0.0,0.0,,0.0,0.25,0,19890,0,10,0.0,0.0,0.9994974874371859,43.5694616001565,29,200
0.0,0.0,0.0,,0.0,0.3,0,19890,0,10,0.0,0.0,0.9994974874371859,43.5694616001565,29,200
0.0,0.0,0.0,,0.0,0.35,0,19890,0,10,0.0,0.0,0.9994974874371859,43.5694616001565,29,200
0.00010055304172951231,0.1,0.6666666666666666,0.3333333333333333,0.1,0.4,1,19888,2,9,0.1,0.00010055304172951231,0.9994472361809045,43.5694616001565,29,200
0.00010055304172951231,0.1,0.6666666666666666,0.3333333333333333,0.1,0.45,1,19888,2,9,0.1,0.00010055304172951231,0.9994472361809045,43.5694616001565,29,200
0.00010055304172951231,0.1,0.6666666666666666,0.3333333333333333,0.1,0.5,1,19888,2,9,0.1,0.00010055304172951231,0.9994472361809045,43.5694616001565,29,200
0.00010055304172951231,0.1,0.6666666666666666,0.3333333333333333,0.1,0.55,1,19888,2,9,0.1,0.00010055304172951231,0.9994472361809045,43.5694616001565,29,200
0.0003519356460532931,0.2,0.7777777777777778,0.2222222222222222,0.2,0.6,2,19883,7,8,0.2,0.0003519356460532931,0.9992462311557789,43.5694616001565,29,200
0.0003519356460532931,0.2,0.7777777777777778,0.2222222222222222,0.2,0.65,2,19883,7,8,0.2,0.0003519356460532931,0.9992462311557789,43.5694616001565,29,200
0.00045248868778280545,0.2,0.8181818181818182,0.18181818181818182,0.2,0.7,2,19881,9,8,0.2,0.00045248868778280545,0.999145728643216,43.5694616001565,29,200
0.0005027652086475615,0.2,0.8333333333333334,0.16666666666666666,0.2,0.75,2,19880,10,8,0.2,0.0005027652086475615,0.9990954773869347,43.5694616001565,29,200
0.0005530417295123177,0.2,0.8461538461538461,0.15384615384615385,0.2,0.8,2,19879,11,8,0.2,0.0005530417295123177,0.9990452261306533,43.5694616001565,29,200
0.0009049773755656109,0.2,0.9,0.1,0.2,0.85,2,19872,18,8,0.2,0.0009049773755656109,0.9986934673366834,43.5694616001565,29,200
0.002765208647561589,0.2,0.9649122807017544,0.03508771929824561,0.2,0.9,2,19835,55,8,0.2,0.002765208647561589,0.9968341708542714,43.5694616001565,29,200
0.009753645047762695,0.2,0.9897959183673469,0.01020408163265306,0.2,0.95,2,19696,194,8,0.2,0.009753645047762695,0.9898492462311558,43.5694616001565,29,200
0.8922071392659628,1.0,0.9994368100923632,0.0005631899076368552,1.0,1.0,10,2144,17746,0,1.0,0.8922071392659628,0.10824120603015075,43.5694616001565,29,200
5.0276520864756156e-05,0.0,1.0,0.0,0.0,0.05,0,19889,1,10,0.0,5.0276520864756156e-05,0.9994472361809045,43.822365700034425,30,200
5.0276520864756156e-05,0.0,1.0,0.0,0.0,0.1,0,19889,1,10,0.0,5.0276520864756156e-05,0.9994472361809045,43.822365700034425,30,200
5.0276520864756156e-05,0.0,1.0,0.0,0.0,0.15,0,19889,1,10,0.0,5.0276520864756156e-05,0.9994472361809045,43.822365700034425,30,200
5.0276520864756156e-05,0.0,1.0,0.0,0.0,0.2,0,19889,1,10,0.0,5.0276520864756156e-05,0.9994472361809045,43.822365700034425,30,200
5.0276520864756156e-05,0.0,1.0,0.0,0.0,0.25,0,19889,1,10,0.0,5.0276520864756156e-05,0.9994472361809045,43.822365700034425,30,200
5.0276520864756156e-05,0.0,1.0,0.0,0.0,0.3,0,19889,1,10,0.0,5.0276520864756156e-05,0.9994472361809045,43.822365700034425,30,200
5.0276520864756156e-05,0.0,1.0,0.0,0.0,0.35,0,19889,1,10,0.0,5.0276520864756156e-05,0.9994472361809045,43.822365700034425,30,200
5.0276520864756156e-05,0.0,1.0,0.0,0.0,0.4,0,19889,1,10,0.0,5.0276520864756156e-05,0.9994472361809045,43.822365700034425,30,200
5.0276520864756156e-05,0.0,1.0,0.0,0.0,0.45,0,19889,1,10,0.0,5.0276520864756156e-05,0.9994472361809045,43.822365700034425,30,200
5.0276520864756156e-05,0.0,1.0,0.0,0.0,0.5,0,19889,1,10,0.0,5.0276520864756156e-05,0.9994472361809045,43.822365700034425,30,200
0.00040221216691804925,0.0,1.0,0.0,0.0,0.55,0,19882,8,10,0.0,0.00040221216691804925,0.9990954773869347,43.822365700034425,30,200
0.00040221216691804925,0.0,1.0,0.0,0.0,0.6,0,19882,8,10,0.0,0.00040221216691804925,0.9990954773869347,43.822365700034425,30,200
0.00040221216691804925,0.0,1.0,0.0,0.0,0.65,0,19882,8,10,0.0,0.00040221216691804925,0.9990954773869347,43.822365700034425,30,200
0.00040221216691804925,0.0,1.0,0.0,0.0,0.7,0,19882,8,10,0.0,0.00040221216691804925,0.9990954773869347,43.822365700034425,30,200
0.00040221216691804925,0.0,1.0,0.0,0.0,0.75,0,19882,8,10,0.0,0.00040221216691804925,0.9990954773869347,43.822365700034425,30,200
0.0005027652086475615,0.0,1.0,0.0,0.0,0.8,0,19880,10,10,0.0,0.0005027652086475615,0.9989949748743718,43.822365700034425,30,200
0.0005027652086475615,0.0,1.0,0.0,0.0,0.85,0,19880,10,10,0.0,0.0005027652086475615,0.9989949748743718,43.822365700034425,30,200
0.0007038712921065862,0.0,1.0,0.0,0.0,0.9,0,19876,14,10,0.0,0.0007038712921065862,0.9987939698492462,43.822365700034425,30,200
0.0007038712921065862,0.0,1.0,0.0,0.0,0.95,0,19876,14,10,0.0,0.0007038712921065862,0.9987939698492462,43.822365700034425,30,200
0.9984917043740573,1.0,0.9994967287367891,0.0005032712632108706,1.0,1.0,10,30,19860,0,1.0,0.9984917043740573,0.0020100502512562816,43.822365700034425,30,200
5.0276520864756156e-05,0.0,1.0,0.0,0.0,0.05,0,19889,1,10,0.0,5.0276520864756156e-05,0.9994472361809045,43.907266800059006,31,200
5.0276520864756156e-05,0.0,1.0,0.0,0.0,0.1,0,19889,1,10,0.0,5.0276520864756156e-05,0.9994472361809045,43.907266800059006,31,200
5.0276520864756156e-05,0.0,1.0,0.0,0.0,0.15,0,19889,1,10,0.0,5.0276520864756156e-05,0.9994472361809045,43.907266800059006,31,200
5.0276520864756156e-05,0.0,1.0,0.0,0.0,0.2,0,19889,1,10,0.0,5.0276520864756156e-05,0.9994472361809045,43.907266800059006,31,200
5.0276520864756156e-05,0.0,1.0,0.0,0.0,0.25,0,19889,1,10,0.0,5.0276520864756156e-05,0.9994472361809045,43.907266800059006,31,200
0.00010055304172951231,0.0,1.0,0.0,0.0,0.3,0,19888,2,10,0.0,0.00010055304172951231,0.9993969849246231,43.907266800059006,31,200
0.00015082956259426848,0.1,0.75,0.25,0.1,0.35,1,19887,3,9,0.1,0.00015082956259426848,0.9993969849246231,43.907266800059006,31,200
0.00015082956259426848,0.1,0.75,0.25,0.1,0.4,1,19887,3,9,0.1,0.00015082956259426848,0.9993969849246231,43.907266800059006,31,200
0.00020110608345902463,0.1,0.8,0.2,0.1,0.45,1,19886,4,9,0.1,0.00020110608345902463,0.9993467336683417,43.907266800059006,31,200
0.00020110608345902463,0.1,0.8,0.2,0.1,0.5,1,19886,4,9,0.1,0.00020110608345902463,0.9993467336683417,43.907266800059006,31,200
0.00020110608345902463,0.1,0.8,0.2,0.1,0.55,1,19886,4,9,0.1,0.00020110608345902463,0.9993467336683417,43.907266800059006,31,200
0.00020110608345902463,0.1,0.8,0.2,0.1,0.6,1,19886,4,9,0.1,0.00020110608345902463,0.9993467336683417,43.907266800059006,31,200
0.00025138260432378077,0.1,0.8333333333333334,0.16666666666666666,0.1,0.65,1,19885,5,9,0.1,0.00025138260432378077,0.9992964824120603,43.907266800059006,31,200
0.00025138260432378077,0.1,0.8333333333333334,0.16666666666666666,0.1,0.7,1,19885,5,9,0.1,0.00025138260432378077,0.9992964824120603,43.907266800059006,31,200
0.00030165912518853697,0.1,0.8571428571428571,0.14285714285714285,0.1,0.75,1,19884,6,9,0.1,0.00030165912518853697,0.9992462311557789,43.907266800059006,31,200
0.0005530417295123177,0.1,0.9166666666666666,0.08333333333333333,0.1,0.8,1,19879,11,9,0.1,0.0005530417295123177,0.9989949748743718,43.907266800059006,31,200
0.0005530417295123177,0.1,0.9166666666666666,0.08333333333333333,0.1,0.85,1,19879,11,9,0.1,0.0005530417295123177,0.9989949748743718,43.907266800059006,31,200
0.002161890397184515,0.1,0.9772727272727273,0.022727272727272728,0.1,0.9,1,19847,43,9,0.1,0.002161890397184515,0.9973869346733668,43.907266800059006,31,200
0.0027149321266968325,0.1,0.9818181818181818,0.01818181818181818,0.1,0.95,1,19836,54,9,0.1,0.0027149321266968325,0.9968341708542714,43.907266800059006,31,200
0.9987430869783811,1.0,0.9994968553459119,0.0005031446540880503,1.0,1.0,10,25,19865,0,1.0,0.9987430869783811,0.0017587939698492463,43.907266800059006,31,200
0.0,0.0,0.0,,0.0,0.05,0,19890,0,10,0.0,0.0,0.9994974874371859,44.18383629992604,32,200
0.0,0.0,0.0,,0.0,0.1,0,19890,0,10,0.0,0.0,0.9994974874371859,44.18383629992604,32,200
0.0,0.0,0.0,,0.0,0.15,0,19890,0,10,0.0,0.0,0.9994974874371859,44.18383629992604,32,200
0.0,0.0,0.0,,0.0,0.2,0,19890,0,10,0.0,0.0,0.9994974874371859,44.18383629992604,32,200
0.0,0.0,0.0,,0.0,0.25,0,19890,0,10,0.0,0.0,0.9994974874371859,44.18383629992604,32,200
0.0,0.0,0.0,,0.0,0.3,0,19890,0,10,0.0,0.0,0.9994974874371859,44.18383629992604,32,200
5.0276520864756156e-05,0.0,1.0,0.0,0.0,0.35,0,19889,1,10,0.0,5.0276520864756156e-05,0.9994472361809045,44.18383629992604,32,200
5.0276520864756156e-05,0.0,1.0,0.0,0.0,0.4,0,19889,1,10,0.0,5.0276520864756156e-05,0.9994472361809045,44.18383629992604,32,200
5.0276520864756156e-05,0.0,1.0,0.0,0.0,0.45,0,19889,1,10,0.0,5.0276520864756156e-05,0.9994472361809045,44.18383629992604,32,200
5.0276520864756156e-05,0.0,1.0,0.0,0.0,0.5,0,19889,1,10,0.0,5.0276520864756156e-05,0.9994472361809045,44.18383629992604,32,200
5.0276520864756156e-05,0.0,1.0,0.0,0.0,0.55,0,19889,1,10,0.0,5.0276520864756156e-05,0.9994472361809045,44.18383629992604,32,200
5.0276520864756156e-05,0.0,1.0,0.0,0.0,0.6,0,19889,1,10,0.0,5.0276520864756156e-05,0.9994472361809045,44.18383629992604,32,200
0.00010055304172951231,0.0,1.0,0.0,0.0,0.65,0,19888,2,10,0.0,0.00010055304172951231,0.9993969849246231,44.18383629992604,32,200
0.00010055304172951231,0.0,1.0,0.0,0.0,0.7,0,19888,2,10,0.0,0.00010055304172951231,0.9993969849246231,44.18383629992604,32,200
0.00010055304172951231,0.0,1.0,0.0,0.0,0.75,0,19888,2,10,0.0,0.00010055304172951231,0.9993969849246231,44.18383629992604,32,200
0.00010055304172951231,0.0,1.0,0.0,0.0,0.8,0,19888,2,10,0.0,0.00010055304172951231,0.9993969849246231,44.18383629992604,32,200
0.00010055304172951231,0.0,1.0,0.0,0.0,0.85,0,19888,2,10,0.0,0.00010055304172951231,0.9993969849246231,44.18383629992604,32,200
0.00196078431372549,0.2,0.9512195121951219,0.04878048780487805,0.2,0.9,2,19851,39,8,0.2,0.00196078431372549,0.9976381909547739,44.18383629992604,32,200
0.012770236299648064,0.3,0.9883268482490273,0.011673151750972763,0.3,0.95,3,19636,254,7,0.3,0.012770236299648064,0.9868844221105527,44.18383629992604,32,200
0.998340874811463,1.0,0.9994966527407259,0.0005033472592741732,1.0,1.0,10,33,19857,0,1.0,0.998340874811463,0.0021608040201005025,44.18383629992604,32,200
0.0,0.0,0.0,,0.0,0.05,0,19890,0,10,0.0,0.0,0.9994974874371859,43.8573731998913,33,200
0.0,0.0,0.0,,0.0,0.1,0,19890,0,10,0.0,0.0,0.9994974874371859,43.8573731998913,33,200
0.0,0.0,0.0,,0.0,0.15,0,19890,0,10,0.0,0.0,0.9994974874371859,43.8573731998913,33,200
0.0,0.0,0.0,,0.0,0.2,0,19890,0,10,0.0,0.0,0.9994974874371859,43.8573731998913,33,200
0.0,0.0,0.0,,0.0,0.25,0,19890,0,10,0.0,0.0,0.9994974874371859,43.8573731998913,33,200
0.0,0.0,0.0,,0.0,0.3,0,19890,0,10,0.0,0.0,0.9994974874371859,43.8573731998913,33,200
0.0,0.0,0.0,,0.0,0.35,0,19890,0,10,0.0,0.0,0.9994974874371859,43.8573731998913,33,200
0.0,0.0,0.0,,0.0,0.4,0,19890,0,10,0.0,0.0,0.9994974874371859,43.8573731998913,33,200
0.0,0.0,0.0,,0.0,0.45,0,19890,0,10,0.0,0.0,0.9994974874371859,43.8573731998913,33,200
0.0,0.0,0.0,,0.0,0.5,0,19890,0,10,0.0,0.0,0.9994974874371859,43.8573731998913,33,200
0.0,0.0,0.0,,0.0,0.55,0,19890,0,10,0.0,0.0,0.9994974874371859,43.8573731998913,33,200
0.0,0.0,0.0,,0.0,0.6,0,19890,0,10,0.0,0.0,0.9994974874371859,43.8573731998913,33,200
0.0,0.0,0.0,,0.0,0.65,0,19890,0,10,0.0,0.0,0.9994974874371859,43.8573731998913,33,200
0.0,0.0,0.0,,0.0,0.7,0,19890,0,10,0.0,0.0,0.9994974874371859,43.8573731998913,33,200
0.0,0.0,0.0,,0.0,0.75,0,19890,0,10,0.0,0.0,0.9994974874371859,43.8573731998913,33,200
0.001256913021618904,0.2,0.9259259259259259,0.07407407407407407,0.2,0.8,2,19865,25,8,0.2,0.001256913021618904,0.9983417085427135,43.8573731998913,33,200
0.00130718954248366,0.2,0.9285714285714286,0.07142857142857142,0.2,0.85,2,19864,26,8,0.2,0.00130718954248366,0.9982914572864322,43.8573731998913,33,200
0.004022121669180492,0.2,0.975609756097561,0.024390243902439025,0.2,0.9,2,19810,80,8,0.2,0.004022121669180492,0.9955778894472361,43.8573731998913,33,200
0.00432378079436903,0.2,0.9772727272727273,0.022727272727272728,0.2,0.95,2,19804,86,8,0.2,0.00432378079436903,0.9952763819095477,43.8573731998913,33,200
0.9984414278531926,1.0,0.9994967034073179,0.0005032965926820676,1.0,1.0,10,31,19859,0,1.0,0.9984414278531926,0.0020603015075376886,43.8573731998913,33,200
0.0,0.0,0.0,,0.0,0.05,0,19890,0,10,0.0,0.0,0.9994974874371859,44.16116399993189,34,200
0.0,0.0,0.0,,0.0,0.1,0,19890,0,10,0.0,0.0,0.9994974874371859,44.16116399993189,34,200
0.00010055304172951231,0.1,0.6666666666666666,0.3333333333333333,0.1,0.15,1,19888,2,9,0.1,0.00010055304172951231,0.9994472361809045,44.16116399993189,34,200
0.00010055304172951231,0.1,0.6666666666666666,0.3333333333333333,0.1,0.2,1,19888,2,9,0.1,0.00010055304172951231,0.9994472361809045,44.16116399993189,34,200
0.00010055304172951231,0.1,0.6666666666666666,0.3333333333333333,0.1,0.25,1,19888,2,9,0.1,0.00010055304172951231,0.9994472361809045,44.16116399993189,34,200
0.00010055304172951231,0.1,0.6666666666666666,0.3333333333333333,0.1,0.3,1,19888,2,9,0.1,0.00010055304172951231,0.9994472361809045,44.16116399993189,34,200
0.00015082956259426848,0.1,0.75,0.25,0.1,0.35,1,19887,3,9,0.1,0.00015082956259426848,0.9993969849246231,44.16116399993189,34,200
0.00015082956259426848,0.1,0.75,0.25,0.1,0.4,1,19887,3,9,0.1,0.00015082956259426848,0.9993969849246231,44.16116399993189,34,200
0.00025138260432378077,0.2,0.7142857142857143,0.2857142857142857,0.2,0.45,2,19885,5,8,0.2,0.00025138260432378077,0.9993467336683417,44.16116399993189,34,200
0.00025138260432378077,0.2,0.7142857142857143,0.2857142857142857,0.2,0.5,2,19885,5,8,0.2,0.00025138260432378077,0.9993467336683417,44.16116399993189,34,200
0.0005027652086475615,0.3,0.7692307692307693,0.23076923076923078,0.3,0.55,3,19880,10,7,0.3,0.0005027652086475615,0.999145728643216,44.16116399993189,34,200
0.0005027652086475615,0.3,0.7692307692307693,0.23076923076923078,0.3,0.6,3,19880,10,7,0.3,0.0005027652086475615,0.999145728643216,44.16116399993189,34,200
0.0005027652086475615,0.3,0.7692307692307693,0.23076923076923078,0.3,0.65,3,19880,10,7,0.3,0.0005027652086475615,0.999145728643216,44.16116399993189,34,200
0.0009049773755656109,0.3,0.8571428571428571,0.14285714285714285,0.3,0.7,3,19872,18,7,0.3,0.0009049773755656109,0.9987437185929648,44.16116399993189,34,200
0.001005530417295123,0.3,0.8695652173913043,0.13043478260869565,0.3,0.75,3,19870,20,7,0.3,0.001005530417295123,0.998643216080402,44.16116399993189,34,200
0.001005530417295123,0.3,0.8695652173913043,0.13043478260869565,0.3,0.8,3,19870,20,7,0.3,0.001005530417295123,0.998643216080402,44.16116399993189,34,200
0.001608848667672197,0.3,0.9142857142857143,0.08571428571428572,0.3,0.85,3,19858,32,7,0.3,0.001608848667672197,0.9980402010050251,44.16116399993189,34,200
0.004022121669180492,0.3,0.963855421686747,0.03614457831325301,0.3,0.9,3,19810,80,7,0.3,0.004022121669180492,0.9956281407035176,44.16116399993189,34,200
0.009150326797385621,0.5,0.9732620320855615,0.026737967914438502,0.5,0.95,5,19708,182,5,0.5,0.009150326797385621,0.9906030150753768,44.16116399993189,34,200
0.2136249371543489,0.9,0.997886331611085,0.0021136683889149835,0.9,1.0,9,15641,4249,1,0.9,0.2136249371543489,0.7864321608040201,44.16116399993189,34,200
0.0,0.1,0.0,1.0,0.1,0.05,1,19890,0,9,0.1,0.0,0.9995477386934674,43.665037899976596,35,200
0.0,0.1,0.0,1.0,0.1,0.1,1,19890,0,9,0.1,0.0,0.9995477386934674,43.665037899976596,35,200
0.0,0.1,0.0,1.0,0.1,0.15,1,19890,0,9,0.1,0.0,0.9995477386934674,43.665037899976596,35,200
0.0,0.1,0.0,1.0,0.1,0.2,1,19890,0,9,0.1,0.0,0.9995477386934674,43.665037899976596,35,200
0.0,0.1,0.0,1.0,0.1,0.25,1,19890,0,9,0.1,0.0,0.9995477386934674,43.665037899976596,35,200
0.0,0.1,0.0,1.0,0.1,0.3,1,19890,0,9,0.1,0.0,0.9995477386934674,43.665037899976596,35,200
0.0,0.1,0.0,1.0,0.1,0.35,1,19890,0,9,0.1,0.0,0.9995477386934674,43.665037899976596,35,200
5.0276520864756156e-05,0.1,0.5,0.5,0.1,0.4,1,19889,1,9,0.1,5.0276520864756156e-05,0.9994974874371859,43.665037899976596,35,200
5.0276520864756156e-05,0.1,0.5,0.5,0.1,0.45,1,19889,1,9,0.1,5.0276520864756156e-05,0.9994974874371859,43.665037899976596,35,200
5.0276520864756156e-05,0.1,0.5,0.5,0.1,0.5,1,19889,1,9,0.1,5.0276520864756156e-05,0.9994974874371859,43.665037899976596,35,200
5.0276520864756156e-05,0.1,0.5,0.5,0.1,0.55,1,19889,1,9,0.1,5.0276520864756156e-05,0.9994974874371859,43.665037899976596,35,200
5.0276520864756156e-05,0.1,0.5,0.5,0.1,0.6,1,19889,1,9,0.1,5.0276520864756156e-05,0.9994974874371859,43.665037899976596,35,200
5.0276520864756156e-05,0.1,0.5,0.5,0.1,0.65,1,19889,1,9,0.1,5.0276520864756156e-05,0.9994974874371859,43.665037899976596,35,200
5.0276520864756156e-05,0.1,0.5,0.5,0.1,0.7,1,19889,1,9,0.1,5.0276520864756156e-05,0.9994974874371859,43.665037899976596,35,200
0.0005027652086475615,0.1,0.9090909090909091,0.09090909090909091,0.1,0.75,1,19880,10,9,0.1,0.0005027652086475615,0.9990452261306533,43.665037899976596,35,200
0.0005027652086475615,0.1,0.9090909090909091,0.09090909090909091,0.1,0.8,1,19880,10,9,0.1,0.0005027652086475615,0.9990452261306533,43.665037899976596,35,200
0.0005027652086475615,0.1,0.9090909090909091,0.09090909090909091,0.1,0.85,1,19880,10,9,0.1,0.0005027652086475615,0.9990452261306533,43.665037899976596,35,200
0.0007541478129713424,0.2,0.8823529411764706,0.11764705882352941,0.2,0.9,2,19875,15,8,0.2,0.0007541478129713424,0.9988442211055276,43.665037899976596,35,200
0.0007541478129713424,0.2,0.8823529411764706,0.11764705882352941,0.2,0.95,2,19875,15,8,0.2,0.0007541478129713424,0.9988442211055276,43.665037899976596,35,200
0.9985419808949221,1.0,0.999496754063711,0.0005032459362890644,1.0,1.0,10,29,19861,0,1.0,0.9985419808949221,0.001959798994974874,43.665037899976596,35,200
0.0,0.0,0.0,,0.0,0.05,0,19890,0,10,0.0,0.0,0.9994974874371859,44.4736353000626,36,200
0.0,0.0,0.0,,0.0,0.1,0,19890,0,10,0.0,0.0,0.9994974874371859,44.4736353000626,36,200
0.0,0.0,0.0,,0.0,0.15,0,19890,0,10,0.0,0.0,0.9994974874371859,44.4736353000626,36,200
0.0,0.0,0.0,,0.0,0.2,0,19890,0,10,0.0,0.0,0.9994974874371859,44.4736353000626,36,200
0.0,0.0,0.0,,0.0,0.25,0,19890,0,10,0.0,0.0,0.9994974874371859,44.4736353000626,36,200
0.0,0.0,0.0,,0.0,0.3,0,19890,0,10,0.0,0.0,0.9994974874371859,44.4736353000626,36,200
0.0,0.0,0.0,,0.0,0.35,0,19890,0,10,0.0,0.0,0.9994974874371859,44.4736353000626,36,200
0.0,0.0,0.0,,0.0,0.4,0,19890,0,10,0.0,0.0,0.9994974874371859,44.4736353000626,36,200
0.0,0.0,0.0,,0.0,0.45,0,19890,0,10,0.0,0.0,0.9994974874371859,44.4736353000626,36,200
0.0,0.0,0.0,,0.0,0.5,0,19890,0,10,0.0,0.0,0.9994974874371859,44.4736353000626,36,200
0.0,0.0,0.0,,0.0,0.55,0,19890,0,10,0.0,0.0,0.9994974874371859,44.4736353000626,36,200
0.00030165912518853697,0.0,1.0,0.0,0.0,0.6,0,19884,6,10,0.0,0.00030165912518853697,0.9991959798994975,44.4736353000626,36,200
0.00030165912518853697,0.0,1.0,0.0,0.0,0.65,0,19884,6,10,0.0,0.00030165912518853697,0.9991959798994975,44.4736353000626,36,200
0.00030165912518853697,0.0,1.0,0.0,0.0,0.7,0,19884,6,10,0.0,0.00030165912518853697,0.9991959798994975,44.4736353000626,36,200
0.0006033182503770739,0.0,1.0,0.0,0.0,0.75,0,19878,12,10,0.0,0.0006033182503770739,0.9988944723618091,44.4736353000626,36,200
0.0012066365007541479,0.0,1.0,0.0,0.0,0.8,0,19866,24,10,0.0,0.0012066365007541479,0.9982914572864322,44.4736353000626,36,200
0.0014580191050779286,0.1,0.9666666666666667,0.03333333333333333,0.1,0.85,1,19861,29,9,0.1,0.0014580191050779286,0.9980904522613065,44.4736353000626,36,200
0.0018099547511312218,0.1,0.972972972972973,0.02702702702702703,0.1,0.9,1,19854,36,9,0.1,0.0018099547511312218,0.9977386934673367,44.4736353000626,36,200
0.007340372046254399,0.1,0.9931972789115646,0.006802721088435374,0.1,0.95,1,19744,146,9,0.1,0.007340372046254399,0.9922110552763819,44.4736353000626,36,200
0.9928104575163399,1.0,0.9994938502809131,0.0005061497190869059,1.0,1.0,10,143,19747,0,1.0,0.9928104575163399,0.007688442211055277,44.4736353000626,36,200
0.0,0.1,0.0,1.0,0.1,0.05,1,19890,0,9,0.1,0.0,0.9995477386934674,44.12452659988776,37,200
0.0,0.1,0.0,1.0,0.1,0.1,1,19890,0,9,0.1,0.0,0.9995477386934674,44.12452659988776,37,200
0.0,0.1,0.0,1.0,0.1,0.15,1,19890,0,9,0.1,0.0,0.9995477386934674,44.12452659988776,37,200
0.0,0.1,0.0,1.0,0.1,0.2,1,19890,0,9,0.1,0.0,0.9995477386934674,44.12452659988776,37,200
5.0276520864756156e-05,0.1,0.5,0.5,0.1,0.25,1,19889,1,9,0.1,5.0276520864756156e-05,0.9994974874371859,44.12452659988776,37,200
5.0276520864756156e-05,0.1,0.5,0.5,0.1,0.3,1,19889,1,9,0.1,5.0276520864756156e-05,0.9994974874371859,44.12452659988776,37,200
5.0276520864756156e-05,0.1,0.5,0.5,0.1,0.35,1,19889,1,9,0.1,5.0276520864756156e-05,0.9994974874371859,44.12452659988776,37,200
5.0276520864756156e-05,0.1,0.5,0.5,0.1,0.4,1,19889,1,9,0.1,5.0276520864756156e-05,0.9994974874371859,44.12452659988776,37,200
5.0276520864756156e-05,0.1,0.5,0.5,0.1,0.45,1,19889,1,9,0.1,5.0276520864756156e-05,0.9994974874371859,44.12452659988776,37,200
5.0276520864756156e-05,0.1,0.5,0.5,0.1,0.5,1,19889,1,9,0.1,5.0276520864756156e-05,0.9994974874371859,44.12452659988776,37,200
0.000955253896430367,0.1,0.95,0.05,0.1,0.55,1,19871,19,9,0.1,0.000955253896430367,0.9985929648241206,44.12452659988776,37,200
0.001005530417295123,0.1,0.9523809523809523,0.047619047619047616,0.1,0.6,1,19870,20,9,0.1,0.001005530417295123,0.9985427135678392,44.12452659988776,37,200
0.0011563599798893917,0.1,0.9583333333333334,0.041666666666666664,0.1,0.65,1,19867,23,9,0.1,0.0011563599798893917,0.998391959798995,44.12452659988776,37,200
0.001256913021618904,0.1,0.9615384615384616,0.038461538461538464,0.1,0.7,1,19865,25,9,0.1,0.001256913021618904,0.9982914572864322,44.12452659988776,37,200
0.001910507792860734,0.1,0.9743589743589743,0.02564102564102564,0.1,0.75,1,19852,38,9,0.1,0.001910507792860734,0.9976381909547739,44.12452659988776,37,200
0.0020613373554550026,0.1,0.9761904761904762,0.023809523809523808,0.1,0.8,1,19849,41,9,0.1,0.0020613373554550026,0.9974874371859297,44.12452659988776,37,200
0.00261437908496732,0.1,0.9811320754716981,0.018867924528301886,0.1,0.85,1,19838,52,9,0.1,0.00261437908496732,0.9969346733668342,44.12452659988776,37,200
0.005329311211664153,0.1,0.9906542056074766,0.009345794392523364,0.1,0.9,1,19784,106,9,0.1,0.005329311211664153,0.9942211055276382,44.12452659988776,37,200
0.012267471091000503,0.2,0.991869918699187,0.008130081300813009,0.2,0.95,2,19646,244,8,0.2,0.012267471091000503,0.9873366834170855,44.12452659988776,37,200
0.9982905982905983,1.0,0.9994966274036041,0.0005033725963958522,1.0,1.0,10,34,19856,0,1.0,0.9982905982905983,0.0022110552763819095,44.12452659988776,37,200
0.0,0.0,0.0,,0.0,0.05,0,19890,0,10,0.0,0.0,0.9994974874371859,43.762980399886146,38,200
0.0,0.0,0.0,,0.0,0.1,0,19890,0,10,0.0,0.0,0.9994974874371859,43.762980399886146,38,200
5.0276520864756156e-05,0.0,1.0,0.0,0.0,0.15,0,19889,1,10,0.0,5.0276520864756156e-05,0.9994472361809045,43.762980399886146,38,200
5.0276520864756156e-05,0.0,1.0,0.0,0.0,0.2,0,19889,1,10,0.0,5.0276520864756156e-05,0.9994472361809045,43.762980399886146,38,200
5.0276520864756156e-05,0.0,1.0,0.0,0.0,0.25,0,19889,1,10,0.0,5.0276520864756156e-05,0.9994472361809045,43.762980399886146,38,200
5.0276520864756156e-05,0.0,1.0,0.0,0.0,0.3,0,19889,1,10,0.0,5.0276520864756156e-05,0.9994472361809045,43.762980399886146,38,200
5.0276520864756156e-05,0.0,1.0,0.0,0.0,0.35,0,19889,1,10,0.0,5.0276520864756156e-05,0.9994472361809045,43.762980399886146,38,200
5.0276520864756156e-05,0.0,1.0,0.0,0.0,0.4,0,19889,1,10,0.0,5.0276520864756156e-05,0.9994472361809045,43.762980399886146,38,200
5.0276520864756156e-05,0.0,1.0,0.0,0.0,0.45,0,19889,1,10,0.0,5.0276520864756156e-05,0.9994472361809045,43.762980399886146,38,200
0.00015082956259426848,0.0,1.0,0.0,0.0,0.5,0,19887,3,10,0.0,0.00015082956259426848,0.9993467336683417,43.762980399886146,38,200
0.00015082956259426848,0.0,1.0,0.0,0.0,0.55,0,19887,3,10,0.0,0.00015082956259426848,0.9993467336683417,43.762980399886146,38,200
0.00030165912518853697,0.0,1.0,0.0,0.0,0.6,0,19884,6,10,0.0,0.00030165912518853697,0.9991959798994975,43.762980399886146,38,200
0.00030165912518853697,0.0,1.0,0.0,0.0,0.65,0,19884,6,10,0.0,0.00030165912518853697,0.9991959798994975,43.762980399886146,38,200
0.00030165912518853697,0.0,1.0,0.0,0.0,0.7,0,19884,6,10,0.0,0.00030165912518853697,0.9991959798994975,43.762980399886146,38,200
0.00045248868778280545,0.0,1.0,0.0,0.0,0.75,0,19881,9,10,0.0,0.00045248868778280545,0.9990452261306533,43.762980399886146,38,200
0.00045248868778280545,0.0,1.0,0.0,0.0,0.8,0,19881,9,10,0.0,0.00045248868778280545,0.9990452261306533,43.762980399886146,38,200
0.00045248868778280545,0.0,1.0,0.0,0.0,0.85,0,19881,9,10,0.0,0.00045248868778280545,0.9990452261306533,43.762980399886146,38,200
0.0006033182503770739,0.0,1.0,0.0,0.0,0.9,0,19878,12,10,0.0,0.0006033182503770739,0.9988944723618091,43.762980399886146,38,200
0.03127199597787833,0.3,0.9952,0.0048,0.3,0.95,3,19268,622,7,0.3,0.03127199597787833,0.968391959798995,43.762980399886146,38,200
0.9985419808949221,1.0,0.999496754063711,0.0005032459362890644,1.0,1.0,10,29,19861,0,1.0,0.9985419808949221,0.001959798994974874,43.762980399886146,38,200
0.0,0.0,0.0,,0.0,0.05,0,19890,0,10,0.0,0.0,0.9994974874371859,43.78301030001603,39,200
0.0,0.0,0.0,,0.0,0.1,0,19890,0,10,0.0,0.0,0.9994974874371859,43.78301030001603,39,200
0.0,0.0,0.0,,0.0,0.15,0,19890,0,10,0.0,0.0,0.9994974874371859,43.78301030001603,39,200
0.0,0.0,0.0,,0.0,0.2,0,19890,0,10,0.0,0.0,0.9994974874371859,43.78301030001603,39,200
0.0,0.0,0.0,,0.0,0.25,0,19890,0,10,0.0,0.0,0.9994974874371859,43.78301030001603,39,200
0.0,0.0,0.0,,0.0,0.3,0,19890,0,10,0.0,0.0,0.9994974874371859,43.78301030001603,39,200
0.0,0.0,0.0,,0.0,0.35,0,19890,0,10,0.0,0.0,0.9994974874371859,43.78301030001603,39,200
5.0276520864756156e-05,0.0,1.0,0.0,0.0,0.4,0,19889,1,10,0.0,5.0276520864756156e-05,0.9994472361809045,43.78301030001603,39,200
5.0276520864756156e-05,0.0,1.0,0.0,0.0,0.45,0,19889,1,10,0.0,5.0276520864756156e-05,0.9994472361809045,43.78301030001603,39,200
5.0276520864756156e-05,0.0,1.0,0.0,0.0,0.5,0,19889,1,10,0.0,5.0276520864756156e-05,0.9994472361809045,43.78301030001603,39,200
0.00015082956259426848,0.0,1.0,0.0,0.0,0.55,0,19887,3,10,0.0,0.00015082956259426848,0.9993467336683417,43.78301030001603,39,200
0.00020110608345902463,0.0,1.0,0.0,0.0,0.6,0,19886,4,10,0.0,0.00020110608345902463,0.9992964824120603,43.78301030001603,39,200
0.00025138260432378077,0.0,1.0,0.0,0.0,0.65,0,19885,5,10,0.0,0.00025138260432378077,0.9992462311557789,43.78301030001603,39,200
0.00030165912518853697,0.0,1.0,0.0,0.0,0.7,0,19884,6,10,0.0,0.00030165912518853697,0.9991959798994975,43.78301030001603,39,200
0.00030165912518853697,0.0,1.0,0.0,0.0,0.75,0,19884,6,10,0.0,0.00030165912518853697,0.9991959798994975,43.78301030001603,39,200
0.00030165912518853697,0.0,1.0,0.0,0.0,0.8,0,19884,6,10,0.0,0.00030165912518853697,0.9991959798994975,43.78301030001603,39,200
0.00030165912518853697,0.0,1.0,0.0,0.0,0.85,0,19884,6,10,0.0,0.00030165912518853697,0.9991959798994975,43.78301030001603,39,200
0.001005530417295123,0.0,1.0,0.0,0.0,0.9,0,19870,20,10,0.0,0.001005530417295123,0.9984924623115577,43.78301030001603,39,200
0.004977375565610859,0.3,0.9705882352941176,0.029411764705882353,0.3,0.95,3,19791,99,7,0.3,0.004977375565610859,0.9946733668341708,43.78301030001603,39,200
0.9968828557063851,1.0,0.9994959169271096,0.0005040830728904124,1.0,1.0,10,62,19828,0,1.0,0.9968828557063851,0.0036180904522613066,43.78301030001603,39,200
0.0,0.0,0.0,,0.0,0.05,0,19890,0,10,0.0,0.0,0.9994974874371859,44.371991199906915,40,200
0.0,0.0,0.0,,0.0,0.1,0,19890,0,10,0.0,0.0,0.9994974874371859,44.371991199906915,40,200
0.0,0.0,0.0,,0.0,0.15,0,19890,0,10,0.0,0.0,0.9994974874371859,44.371991199906915,40,200
0.0,0.0,0.0,,0.0,0.2,0,19890,0,10,0.0,0.0,0.9994974874371859,44.371991199906915,40,200
0.0,0.0,0.0,,0.0,0.25,0,19890,0,10,0.0,0.0,0.9994974874371859,44.371991199906915,40,200
0.0,0.0,0.0,,0.0,0.3,0,19890,0,10,0.0,0.0,0.9994974874371859,44.371991199906915,40,200
0.0,0.0,0.0,,0.0,0.35,0,19890,0,10,0.0,0.0,0.9994974874371859,44.371991199906915,40,200
0.0,0.0,0.0,,0.0,0.4,0,19890,0,10,0.0,0.0,0.9994974874371859,44.371991199906915,40,200
0.0,0.0,0.0,,0.0,0.45,0,19890,0,10,0.0,0.0,0.9994974874371859,44.371991199906915,40,200
0.00010055304172951231,0.0,1.0,0.0,0.0,0.5,0,19888,2,10,0.0,0.00010055304172951231,0.9993969849246231,44.371991199906915,40,200
0.00025138260432378077,0.0,1.0,0.0,0.0,0.55,0,19885,5,10,0.0,0.00025138260432378077,0.9992462311557789,44.371991199906915,40,200
0.00025138260432378077,0.0,1.0,0.0,0.0,0.6,0,19885,5,10,0.0,0.00025138260432378077,0.9992462311557789,44.371991199906915,40,200
0.0011563599798893917,0.0,1.0,0.0,0.0,0.65,0,19867,23,10,0.0,0.0011563599798893917,0.9983417085427135,44.371991199906915,40,200
0.0011563599798893917,0.0,1.0,0.0,0.0,0.7,0,19867,23,10,0.0,0.0011563599798893917,0.9983417085427135,44.371991199906915,40,200
0.0011563599798893917,0.0,1.0,0.0,0.0,0.75,0,19867,23,10,0.0,0.0011563599798893917,0.9983417085427135,44.371991199906915,40,200
0.0012066365007541479,0.0,1.0,0.0,0.0,0.8,0,19866,24,10,0.0,0.0012066365007541479,0.9982914572864322,44.371991199906915,40,200
0.0012066365007541479,0.0,1.0,0.0,0.0,0.85,0,19866,24,10,0.0,0.0012066365007541479,0.9982914572864322,44.371991199906915,40,200
0.002011060834590246,0.1,0.975609756097561,0.024390243902439025,0.1,0.9,1,19850,40,9,0.1,0.002011060834590246,0.997537688442211,44.371991199906915,40,200
0.005480140774258421,0.2,0.9819819819819819,0.018018018018018018,0.2,0.95,2,19781,109,8,0.2,0.005480140774258421,0.9941206030150753,44.371991199906915,40,200
0.9982403217697335,1.0,0.9994966020639315,0.0005033979360684622,1.0,1.0,10,35,19855,0,1.0,0.9982403217697335,0.0022613065326633165,44.371991199906915,40,200
0.0,0.0,0.0,,0.0,0.05,0,19890,0,10,0.0,0.0,0.9994974874371859,44.994377200026065,41,200
0.0,0.0,0.0,,0.0,0.1,0,19890,0,10,0.0,0.0,0.9994974874371859,44.994377200026065,41,200
0.0,0.0,0.0,,0.0,0.15,0,19890,0,10,0.0,0.0,0.9994974874371859,44.994377200026065,41,200
0.0,0.0,0.0,,0.0,0.2,0,19890,0,10,0.0,0.0,0.9994974874371859,44.994377200026065,41,200
0.0,0.0,0.0,,0.0,0.25,0,19890,0,10,0.0,0.0,0.9994974874371859,44.994377200026065,41,200
0.0,0.0,0.0,,0.0,0.3,0,19890,0,10,0.0,0.0,0.9994974874371859,44.994377200026065,41,200
0.0,0.0,0.0,,0.0,0.35,0,19890,0,10,0.0,0.0,0.9994974874371859,44.994377200026065,41,200
0.0,0.0,0.0,,0.0,0.4,0,19890,0,10,0.0,0.0,0.9994974874371859,44.994377200026065,41,200
0.0,0.0,0.0,,0.0,0.45,0,19890,0,10,0.0,0.0,0.9994974874371859,44.994377200026065,41,200
0.0,0.0,0.0,,0.0,0.5,0,19890,0,10,0.0,0.0,0.9994974874371859,44.994377200026065,41,200
5.0276520864756156e-05,0.0,1.0,0.0,0.0,0.55,0,19889,1,10,0.0,5.0276520864756156e-05,0.9994472361809045,44.994377200026065,41,200
5.0276520864756156e-05,0.0,1.0,0.0,0.0,0.6,0,19889,1,10,0.0,5.0276520864756156e-05,0.9994472361809045,44.994377200026065,41,200
5.0276520864756156e-05,0.0,1.0,0.0,0.0,0.65,0,19889,1,10,0.0,5.0276520864756156e-05,0.9994472361809045,44.994377200026065,41,200
5.0276520864756156e-05,0.0,1.0,0.0,0.0,0.7,0,19889,1,10,0.0,5.0276520864756156e-05,0.9994472361809045,44.994377200026065,41,200
5.0276520864756156e-05,0.0,1.0,0.0,0.0,0.75,0,19889,1,10,0.0,5.0276520864756156e-05,0.9994472361809045,44.994377200026065,41,200
5.0276520864756156e-05,0.0,1.0,0.0,0.0,0.8,0,19889,1,10,0.0,5.0276520864756156e-05,0.9994472361809045,44.994377200026065,41,200
5.0276520864756156e-05,0.0,1.0,0.0,0.0,0.85,0,19889,1,10,0.0,5.0276520864756156e-05,0.9994472361809045,44.994377200026065,41,200
5.0276520864756156e-05,0.0,1.0,0.0,0.0,0.9,0,19889,1,10,0.0,5.0276520864756156e-05,0.9994472361809045,44.994377200026065,41,200
0.07807943690296631,0.8,0.9948750800768738,0.005124919923126201,0.8,0.95,8,18337,1553,2,0.8,0.07807943690296631,0.921859296482412,44.994377200026065,41,200
0.9964303670186023,1.0,0.9994956881335418,0.0005043118664582178,1.0,1.0,10,71,19819,0,1.0,0.9964303670186023,0.00407035175879397,44.994377200026065,41,200
0.0,0.1,0.0,1.0,0.1,0.05,1,19890,0,9,0.1,0.0,0.9995477386934674,44.419345299946144,42,200
0.0,0.1,0.0,1.0,0.1,0.1,1,19890,0,9,0.1,0.0,0.9995477386934674,44.419345299946144,42,200
0.0,0.1,0.0,1.0,0.1,0.15,1,19890,0,9,0.1,0.0,0.9995477386934674,44.419345299946144,42,200
0.0,0.1,0.0,1.0,0.1,0.2,1,19890,0,9,0.1,0.0,0.9995477386934674,44.419345299946144,42,200
0.0,0.1,0.0,1.0,0.1,0.25,1,19890,0,9,0.1,0.0,0.9995477386934674,44.419345299946144,42,200
0.0,0.1,0.0,1.0,0.1,0.3,1,19890,0,9,0.1,0.0,0.9995477386934674,44.419345299946144,42,200
0.0,0.1,0.0,1.0,0.1,0.35,1,19890,0,9,0.1,0.0,0.9995477386934674,44.419345299946144,42,200
0.0,0.1,0.0,1.0,0.1,0.4,1,19890,0,9,0.1,0.0,0.9995477386934674,44.419345299946144,42,200
0.0,0.1,0.0,1.0,0.1,0.45,1,19890,0,9,0.1,0.0,0.9995477386934674,44.419345299946144,42,200
0.0,0.1,0.0,1.0,0.1,0.5,1,19890,0,9,0.1,0.0,0.9995477386934674,44.419345299946144,42,200
0.00010055304172951231,0.1,0.6666666666666666,0.3333333333333333,0.1,0.55,1,19888,2,9,0.1,0.00010055304172951231,0.9994472361809045,44.419345299946144,42,200
0.00010055304172951231,0.1,0.6666666666666666,0.3333333333333333,0.1,0.6,1,19888,2,9,0.1,0.00010055304172951231,0.9994472361809045,44.419345299946144,42,200
0.00010055304172951231,0.1,0.6666666666666666,0.3333333333333333,0.1,0.65,1,19888,2,9,0.1,0.00010055304172951231,0.9994472361809045,44.419345299946144,42,200
0.00010055304172951231,0.1,0.6666666666666666,0.3333333333333333,0.1,0.7,1,19888,2,9,0.1,0.00010055304172951231,0.9994472361809045,44.419345299946144,42,200
0.00010055304172951231,0.1,0.6666666666666666,0.3333333333333333,0.1,0.75,1,19888,2,9,0.1,0.00010055304172951231,0.9994472361809045,44.419345299946144,42,200
0.00010055304172951231,0.1,0.6666666666666666,0.3333333333333333,0.1,0.8,1,19888,2,9,0.1,0.00010055304172951231,0.9994472361809045,44.419345299946144,42,200
0.00010055304172951231,0.1,0.6666666666666666,0.3333333333333333,0.1,0.85,1,19888,2,9,0.1,0.00010055304172951231,0.9994472361809045,44.419345299946144,42,200
0.00010055304172951231,0.1,0.6666666666666666,0.3333333333333333,0.1,0.9,1,19888,2,9,0.1,0.00010055304172951231,0.9994472361809045,44.419345299946144,42,200
0.0069381598793363496,0.5,0.965034965034965,0.03496503496503497,0.5,0.95,5,19752,138,5,0.5,0.0069381598793363496,0.9928140703517588,44.419345299946144,42,200
0.9984414278531926,1.0,0.9994967034073179,0.0005032965926820676,1.0,1.0,10,31,19859,0,1.0,0.9984414278531926,0.0020603015075376886,44.419345299946144,42,200
0.0,0.0,0.0,,0.0,0.05,0,19890,0,10,0.0,0.0,0.9994974874371859,45.062949899816886,43,200
0.0,0.0,0.0,,0.0,0.1,0,19890,0,10,0.0,0.0,0.9994974874371859,45.062949899816886,43,200
0.0,0.0,0.0,,0.0,0.15,0,19890,0,10,0.0,0.0,0.9994974874371859,45.062949899816886,43,200
0.0,0.0,0.0,,0.0,0.2,0,19890,0,10,0.0,0.0,0.9994974874371859,45.062949899816886,43,200
0.0,0.0,0.0,,0.0,0.25,0,19890,0,10,0.0,0.0,0.9994974874371859,45.062949899816886,43,200
0.0,0.0,0.0,,0.0,0.3,0,19890,0,10,0.0,0.0,0.9994974874371859,45.062949899816886,43,200
0.0,0.0,0.0,,0.0,0.35,0,19890,0,10,0.0,0.0,0.9994974874371859,45.062949899816886,43,200
0.0,0.0,0.0,,0.0,0.4,0,19890,0,10,0.0,0.0,0.9994974874371859,45.062949899816886,43,200
0.0,0.0,0.0,,0.0,0.45,0,19890,0,10,0.0,0.0,0.9994974874371859,45.062949899816886,43,200
0.0,0.0,0.0,,0.0,0.5,0,19890,0,10,0.0,0.0,0.9994974874371859,45.062949899816886,43,200
0.0,0.0,0.0,,0.0,0.55,0,19890,0,10,0.0,0.0,0.9994974874371859,45.062949899816886,43,200
0.0,0.0,0.0,,0.0,0.6,0,19890,0,10,0.0,0.0,0.9994974874371859,45.062949899816886,43,200
0.0,0.0,0.0,,0.0,0.65,0,19890,0,10,0.0,0.0,0.9994974874371859,45.062949899816886,43,200
0.0,0.0,0.0,,0.0,0.7,0,19890,0,10,0.0,0.0,0.9994974874371859,45.062949899816886,43,200
0.0,0.0,0.0,,0.0,0.75,0,19890,0,10,0.0,0.0,0.9994974874371859,45.062949899816886,43,200
0.001608848667672197,0.0,1.0,0.0,0.0,0.8,0,19858,32,10,0.0,0.001608848667672197,0.9978894472361809,45.062949899816886,43,200
0.0022624434389140274,0.0,1.0,0.0,0.0,0.85,0,19845,45,10,0.0,0.0022624434389140274,0.9972361809045226,45.062949899816886,43,200
0.003418803418803419,0.0,1.0,0.0,0.0,0.9,0,19822,68,10,0.0,0.003418803418803419,0.9960804020100502,45.062949899816886,43,200
0.004524886877828055,0.0,1.0,0.0,0.0,0.95,0,19800,90,10,0.0,0.004524886877828055,0.9949748743718593,45.062949899816886,43,200
0.9981900452488688,1.0,0.9994965767217077,0.0005034232782923883,1.0,1.0,10,36,19854,0,1.0,0.9981900452488688,0.0023115577889447235,45.062949899816886,43,200
0.0,0.1,0.0,1.0,0.1,0.05,1,19890,0,9,0.1,0.0,0.9995477386934674,44.79428090015426,44,200
0.0,0.1,0.0,1.0,0.1,0.1,1,19890,0,9,0.1,0.0,0.9995477386934674,44.79428090015426,44,200
0.0,0.1,0.0,1.0,0.1,0.15,1,19890,0,9,0.1,0.0,0.9995477386934674,44.79428090015426,44,200
0.0,0.1,0.0,1.0,0.1,0.2,1,19890,0,9,0.1,0.0,0.9995477386934674,44.79428090015426,44,200
0.0,0.1,0.0,1.0,0.1,0.25,1,19890,0,9,0.1,0.0,0.9995477386934674,44.79428090015426,44,200
0.0,0.1,0.0,1.0,0.1,0.3,1,19890,0,9,0.1,0.0,0.9995477386934674,44.79428090015426,44,200
0.0,0.1,0.0,1.0,0.1,0.35,1,19890,0,9,0.1,0.0,0.9995477386934674,44.79428090015426,44,200
0.0,0.1,0.0,1.0,0.1,0.4,1,19890,0,9,0.1,0.0,0.9995477386934674,44.79428090015426,44,200
0.0,0.1,0.0,1.0,0.1,0.45,1,19890,0,9,0.1,0.0,0.9995477386934674,44.79428090015426,44,200
0.0,0.1,0.0,1.0,0.1,0.5,1,19890,0,9,0.1,0.0,0.9995477386934674,44.79428090015426,44,200
0.0,0.1,0.0,1.0,0.1,0.55,1,19890,0,9,0.1,0.0,0.9995477386934674,44.79428090015426,44,200
0.0,0.1,0.0,1.0,0.1,0.6,1,19890,0,9,0.1,0.0,0.9995477386934674,44.79428090015426,44,200
0.0003519356460532931,0.2,0.7777777777777778,0.2222222222222222,0.2,0.65,2,19883,7,8,0.2,0.0003519356460532931,0.9992462311557789,44.79428090015426,44,200
0.0003519356460532931,0.2,0.7777777777777778,0.2222222222222222,0.2,0.7,2,19883,7,8,0.2,0.0003519356460532931,0.9992462311557789,44.79428090015426,44,200
0.0003519356460532931,0.2,0.7777777777777778,0.2222222222222222,0.2,0.75,2,19883,7,8,0.2,0.0003519356460532931,0.9992462311557789,44.79428090015426,44,200
0.0003519356460532931,0.2,0.7777777777777778,0.2222222222222222,0.2,0.8,2,19883,7,8,0.2,0.0003519356460532931,0.9992462311557789,44.79428090015426,44,200
0.0005027652086475615,0.2,0.8333333333333334,0.16666666666666666,0.2,0.85,2,19880,10,8,0.2,0.0005027652086475615,0.9990954773869347,44.79428090015426,44,200
0.0007038712921065862,0.2,0.875,0.125,0.2,0.9,2,19876,14,8,0.2,0.0007038712921065862,0.9988944723618091,44.79428090015426,44,200
0.014177978883861237,0.4,0.986013986013986,0.013986013986013986,0.4,0.95,4,19608,282,6,0.4,0.014177978883861237,0.9855276381909548,44.79428090015426,44,200
0.998340874811463,1.0,0.9994966527407259,0.0005033472592741732,1.0,1.0,10,33,19857,0,1.0,0.998340874811463,0.0021608040201005025,44.79428090015426,44,200
0.0,0.0,0.0,,0.0,0.05,0,19890,0,10,0.0,0.0,0.9994974874371859,45.02651400002651,45,200
0.0,0.0,0.0,,0.0,0.1,0,19890,0,10,0.0,0.0,0.9994974874371859,45.02651400002651,45,200
0.0,0.0,0.0,,0.0,0.15,0,19890,0,10,0.0,0.0,0.9994974874371859,45.02651400002651,45,200
0.0,0.0,0.0,,0.0,0.2,0,19890,0,10,0.0,0.0,0.9994974874371859,45.02651400002651,45,200
0.0,0.0,0.0,,0.0,0.25,0,19890,0,10,0.0,0.0,0.9994974874371859,45.02651400002651,45,200
0.0,0.0,0.0,,0.0,0.3,0,19890,0,10,0.0,0.0,0.9994974874371859,45.02651400002651,45,200
0.0,0.0,0.0,,0.0,0.35,0,19890,0,10,0.0,0.0,0.9994974874371859,45.02651400002651,45,200
0.0,0.0,0.0,,0.0,0.4,0,19890,0,10,0.0,0.0,0.9994974874371859,45.02651400002651,45,200
0.0,0.0,0.0,,0.0,0.45,0,19890,0,10,0.0,0.0,0.9994974874371859,45.02651400002651,45,200
0.0,0.0,0.0,,0.0,0.5,0,19890,0,10,0.0,0.0,0.9994974874371859,45.02651400002651,45,200
0.0,0.0,0.0,,0.0,0.55,0,19890,0,10,0.0,0.0,0.9994974874371859,45.02651400002651,45,200
0.0,0.0,0.0,,0.0,0.6,0,19890,0,10,0.0,0.0,0.9994974874371859,45.02651400002651,45,200
0.0,0.0,0.0,,0.0,0.65,0,19890,0,10,0.0,0.0,0.9994974874371859,45.02651400002651,45,200
0.0,0.0,0.0,,0.0,0.7,0,19890,0,10,0.0,0.0,0.9994974874371859,45.02651400002651,45,200
0.000955253896430367,0.0,1.0,0.0,0.0,0.75,0,19871,19,10,0.0,0.000955253896430367,0.9985427135678392,45.02651400002651,45,200
0.00130718954248366,0.0,1.0,0.0,0.0,0.8,0,19864,26,10,0.0,0.00130718954248366,0.9981909547738693,45.02651400002651,45,200
0.0027149321266968325,0.0,1.0,0.0,0.0,0.85,0,19836,54,10,0.0,0.0027149321266968325,0.99678391959799,45.02651400002651,45,200
0.0027149321266968325,0.0,1.0,0.0,0.0,0.9,0,19836,54,10,0.0,0.0027149321266968325,0.99678391959799,45.02651400002651,45,200
0.0034690799396681748,0.0,1.0,0.0,0.0,0.95,0,19821,69,10,0.0,0.0034690799396681748,0.9960301507537689,45.02651400002651,45,200
0.9963298139768728,1.0,0.999495637262319,0.0005043627376809402,1.0,1.0,10,73,19817,0,1.0,0.9963298139768728,0.004170854271356784,45.02651400002651,45,200
0.0,0.0,0.0,,0.0,0.05,0,19890,0,10,0.0,0.0,0.9994974874371859,44.284435000037774,46,200
0.0,0.0,0.0,,0.0,0.1,0,19890,0,10,0.0,0.0,0.9994974874371859,44.284435000037774,46,200
0.0,0.0,0.0,,0.0,0.15,0,19890,0,10,0.0,0.0,0.9994974874371859,44.284435000037774,46,200
0.0,0.0,0.0,,0.0,0.2,0,19890,0,10,0.0,0.0,0.9994974874371859,44.284435000037774,46,200
0.0,0.0,0.0,,0.0,0.25,0,19890,0,10,0.0,0.0,0.9994974874371859,44.284435000037774,46,200
0.0,0.0,0.0,,0.0,0.3,0,19890,0,10,0.0,0.0,0.9994974874371859,44.284435000037774,46,200
5.0276520864756156e-05,0.0,1.0,0.0,0.0,0.35,0,19889,1,10,0.0,5.0276520864756156e-05,0.9994472361809045,44.284435000037774,46,200
5.0276520864756156e-05,0.0,1.0,0.0,0.0,0.4,0,19889,1,10,0.0,5.0276520864756156e-05,0.9994472361809045,44.284435000037774,46,200
5.0276520864756156e-05,0.0,1.0,0.0,0.0,0.45,0,19889,1,10,0.0,5.0276520864756156e-05,0.9994472361809045,44.284435000037774,46,200
5.0276520864756156e-05,0.0,1.0,0.0,0.0,0.5,0,19889,1,10,0.0,5.0276520864756156e-05,0.9994472361809045,44.284435000037774,46,200
5.0276520864756156e-05,0.0,1.0,0.0,0.0,0.55,0,19889,1,10,0.0,5.0276520864756156e-05,0.9994472361809045,44.284435000037774,46,200
5.0276520864756156e-05,0.0,1.0,0.0,0.0,0.6,0,19889,1,10,0.0,5.0276520864756156e-05,0.9994472361809045,44.284435000037774,46,200
0.00015082956259426848,0.0,1.0,0.0,0.0,0.65,0,19887,3,10,0.0,0.00015082956259426848,0.9993467336683417,44.284435000037774,46,200
0.0007541478129713424,0.0,1.0,0.0,0.0,0.7,0,19875,15,10,0.0,0.0007541478129713424,0.9987437185929648,44.284435000037774,46,200
0.0008547008547008547,0.0,1.0,0.0,0.0,0.75,0,19873,17,10,0.0,0.0008547008547008547,0.998643216080402,44.284435000037774,46,200
0.001005530417295123,0.0,1.0,0.0,0.0,0.8,0,19870,20,10,0.0,0.001005530417295123,0.9984924623115577,44.284435000037774,46,200
0.0010558069381598793,0.0,1.0,0.0,0.0,0.85,0,19869,21,10,0.0,0.0010558069381598793,0.9984422110552764,44.284435000037774,46,200
0.00130718954248366,0.0,1.0,0.0,0.0,0.9,0,19864,26,10,0.0,0.00130718954248366,0.9981909547738693,44.284435000037774,46,200
0.00196078431372549,0.0,1.0,0.0,0.0,0.95,0,19851,39,10,0.0,0.00196078431372549,0.997537688442211,44.284435000037774,46,200
0.9963800904977376,1.0,0.9994956626992132,0.0005043373007867661,1.0,1.0,10,72,19818,0,1.0,0.9963800904977376,0.004120603015075377,44.284435000037774,46,200
0.0,0.0,0.0,,0.0,0.05,0,19890,0,10,0.0,0.0,0.9994974874371859,44.715571200009435,47,200
5.0276520864756156e-05,0.0,1.0,0.0,0.0,0.1,0,19889,1,10,0.0,5.0276520864756156e-05,0.9994472361809045,44.715571200009435,47,200
0.00010055304172951231,0.0,1.0,0.0,0.0,0.15,0,19888,2,10,0.0,0.00010055304172951231,0.9993969849246231,44.715571200009435,47,200
0.00010055304172951231,0.0,1.0,0.0,0.0,0.2,0,19888,2,10,0.0,0.00010055304172951231,0.9993969849246231,44.715571200009435,47,200
0.00010055304172951231,0.0,1.0,0.0,0.0,0.25,0,19888,2,10,0.0,0.00010055304172951231,0.9993969849246231,44.715571200009435,47,200
0.00015082956259426848,0.0,1.0,0.0,0.0,0.3,0,19887,3,10,0.0,0.00015082956259426848,0.9993467336683417,44.715571200009435,47,200
0.00015082956259426848,0.0,1.0,0.0,0.0,0.35,0,19887,3,10,0.0,0.00015082956259426848,0.9993467336683417,44.715571200009435,47,200
0.00015082956259426848,0.0,1.0,0.0,0.0,0.4,0,19887,3,10,0.0,0.00015082956259426848,0.9993467336683417,44.715571200009435,47,200
0.00015082956259426848,0.0,1.0,0.0,0.0,0.45,0,19887,3,10,0.0,0.00015082956259426848,0.9993467336683417,44.715571200009435,47,200
0.00020110608345902463,0.0,1.0,0.0,0.0,0.5,0,19886,4,10,0.0,0.00020110608345902463,0.9992964824120603,44.715571200009435,47,200
0.00020110608345902463,0.0,1.0,0.0,0.0,0.55,0,19886,4,10,0.0,0.00020110608345902463,0.9992964824120603,44.715571200009435,47,200
0.00020110608345902463,0.0,1.0,0.0,0.0,0.6,0,19886,4,10,0.0,0.00020110608345902463,0.9992964824120603,44.715571200009435,47,200
0.00020110608345902463,0.0,1.0,0.0,0.0,0.65,0,19886,4,10,0.0,0.00020110608345902463,0.9992964824120603,44.715571200009435,47,200
0.00020110608345902463,0.0,1.0,0.0,0.0,0.7,0,19886,4,10,0.0,0.00020110608345902463,0.9992964824120603,44.715571200009435,47,200
0.0007541478129713424,0.0,1.0,0.0,0.0,0.75,0,19875,15,10,0.0,0.0007541478129713424,0.9987437185929648,44.715571200009435,47,200
0.001005530417295123,0.0,1.0,0.0,0.0,0.8,0,19870,20,10,0.0,0.001005530417295123,0.9984924623115577,44.715571200009435,47,200
0.001256913021618904,0.0,1.0,0.0,0.0,0.85,0,19865,25,10,0.0,0.001256913021618904,0.9982412060301508,44.715571200009435,47,200
0.0016591251885369532,0.0,1.0,0.0,0.0,0.9,0,19857,33,10,0.0,0.0016591251885369532,0.9978391959798995,44.715571200009435,47,200
0.0021116138763197585,0.0,1.0,0.0,0.0,0.95,0,19848,42,10,0.0,0.0021116138763197585,0.9973869346733668,44.715571200009435,47,200
0.9633986928104575,0.8,0.9995826812728221,0.0004173187271778821,0.8,1.0,8,728,19162,2,0.8,0.9633986928104575,0.036984924623115575,44.715571200009435,47,200
5.0276520864756156e-05,0.0,1.0,0.0,0.0,0.05,0,19889,1,10,0.0,5.0276520864756156e-05,0.9994472361809045,44.133263299940154,48,200
5.0276520864756156e-05,0.0,1.0,0.0,0.0,0.1,0,19889,1,10,0.0,5.0276520864756156e-05,0.9994472361809045,44.133263299940154,48,200
5.0276520864756156e-05,0.0,1.0,0.0,0.0,0.15,0,19889,1,10,0.0,5.0276520864756156e-05,0.9994472361809045,44.133263299940154,48,200
5.0276520864756156e-05,0.0,1.0,0.0,0.0,0.2,0,19889,1,10,0.0,5.0276520864756156e-05,0.9994472361809045,44.133263299940154,48,200
0.00015082956259426848,0.1,0.75,0.25,0.1,0.25,1,19887,3,9,0.1,0.00015082956259426848,0.9993969849246231,44.133263299940154,48,200
0.00015082956259426848,0.1,0.75,0.25,0.1,0.3,1,19887,3,9,0.1,0.00015082956259426848,0.9993969849246231,44.133263299940154,48,200
0.00015082956259426848,0.1,0.75,0.25,0.1,0.35,1,19887,3,9,0.1,0.00015082956259426848,0.9993969849246231,44.133263299940154,48,200
0.00015082956259426848,0.1,0.75,0.25,0.1,0.4,1,19887,3,9,0.1,0.00015082956259426848,0.9993969849246231,44.133263299940154,48,200
0.00015082956259426848,0.1,0.75,0.25,0.1,0.45,1,19887,3,9,0.1,0.00015082956259426848,0.9993969849246231,44.133263299940154,48,200
0.00015082956259426848,0.1,0.75,0.25,0.1,0.5,1,19887,3,9,0.1,0.00015082956259426848,0.9993969849246231,44.133263299940154,48,200
0.00020110608345902463,0.1,0.8,0.2,0.1,0.55,1,19886,4,9,0.1,0.00020110608345902463,0.9993467336683417,44.133263299940154,48,200
0.0003519356460532931,0.1,0.875,0.125,0.1,0.6,1,19883,7,9,0.1,0.0003519356460532931,0.9991959798994975,44.133263299940154,48,200
0.0008547008547008547,0.1,0.9444444444444444,0.05555555555555555,0.1,0.65,1,19873,17,9,0.1,0.0008547008547008547,0.9986934673366834,44.133263299940154,48,200
0.00130718954248366,0.1,0.9629629629629629,0.037037037037037035,0.1,0.7,1,19864,26,9,0.1,0.00130718954248366,0.9982412060301508,44.133263299940154,48,200
0.0021116138763197585,0.1,0.9767441860465116,0.023255813953488372,0.1,0.75,1,19848,42,9,0.1,0.0021116138763197585,0.9974371859296483,44.133263299940154,48,200
0.0022624434389140274,0.1,0.9782608695652174,0.021739130434782608,0.1,0.8,1,19845,45,9,0.1,0.0022624434389140274,0.997286432160804,44.133263299940154,48,200
0.0029663147310206132,0.1,0.9833333333333333,0.016666666666666666,0.1,0.85,1,19831,59,9,0.1,0.0029663147310206132,0.9965829145728643,44.133263299940154,48,200
0.003368526897938663,0.1,0.9852941176470589,0.014705882352941176,0.1,0.9,1,19823,67,9,0.1,0.003368526897938663,0.9961809045226131,44.133263299940154,48,200
0.009703368526897939,0.3,0.9846938775510204,0.015306122448979591,0.3,0.95,3,19697,193,7,0.3,0.009703368526897939,0.9899497487437185,44.133263299940154,48,200
0.9873303167420815,1.0,0.9994910423452769,0.000508957654723127,1.0,1.0,10,252,19638,0,1.0,0.9873303167420815,0.013165829145728643,44.133263299940154,48,200
0.0,0.3,0.0,1.0,0.3,0.05,3,19890,0,7,0.3,0.0,0.9996482412060301,45.194200800033286,49,200
0.00010055304172951231,0.3,0.4,0.6,0.3,0.1,3,19888,2,7,0.3,0.00010055304172951231,0.9995477386934674,45.194200800033286,49,200
0.00010055304172951231,0.3,0.4,0.6,0.3,0.15,3,19888,2,7,0.3,0.00010055304172951231,0.9995477386934674,45.194200800033286,49,200
0.00020110608345902463,0.3,0.5714285714285714,0.42857142857142855,0.3,0.2,3,19886,4,7,0.3,0.00020110608345902463,0.9994472361809045,45.194200800033286,49,200
0.00025138260432378077,0.3,0.625,0.375,0.3,0.25,3,19885,5,7,0.3,0.00025138260432378077,0.9993969849246231,45.194200800033286,49,200
0.00025138260432378077,0.3,0.625,0.375,0.3,0.3,3,19885,5,7,0.3,0.00025138260432378077,0.9993969849246231,45.194200800033286,49,200
0.00025138260432378077,0.3,0.625,0.375,0.3,0.35,3,19885,5,7,0.3,0.00025138260432378077,0.9993969849246231,45.194200800033286,49,200
0.00030165912518853697,0.3,0.6666666666666666,0.3333333333333333,0.3,0.4,3,19884,6,7,0.3,0.00030165912518853697,0.9993467336683417,45.194200800033286,49,200
0.0005530417295123177,0.3,0.7857142857142857,0.21428571428571427,0.3,0.45,3,19879,11,7,0.3,0.0005530417295123177,0.9990954773869347,45.194200800033286,49,200
0.0007038712921065862,0.3,0.8235294117647058,0.17647058823529413,0.3,0.5,3,19876,14,7,0.3,0.0007038712921065862,0.9989447236180905,45.194200800033286,49,200
0.0007541478129713424,0.3,0.8333333333333334,0.16666666666666666,0.3,0.55,3,19875,15,7,0.3,0.0007541478129713424,0.9988944723618091,45.194200800033286,49,200
0.0008547008547008547,0.3,0.85,0.15,0.3,0.6,3,19873,17,7,0.3,0.0008547008547008547,0.9987939698492462,45.194200800033286,49,200
0.0011563599798893917,0.3,0.8846153846153846,0.11538461538461539,0.3,0.65,3,19867,23,7,0.3,0.0011563599798893917,0.9984924623115577,45.194200800033286,49,200
0.0013574660633484162,0.4,0.8709677419354839,0.12903225806451613,0.4,0.7,4,19863,27,6,0.4,0.0013574660633484162,0.9983417085427135,45.194200800033286,49,200
0.0020613373554550026,0.4,0.9111111111111111,0.08888888888888889,0.4,0.75,4,19849,41,6,0.4,0.0020613373554550026,0.9976381909547739,45.194200800033286,49,200
0.002161890397184515,0.4,0.9148936170212766,0.0851063829787234,0.4,0.8,4,19847,43,6,0.4,0.002161890397184515,0.997537688442211,45.194200800033286,49,200
0.0022624434389140274,0.4,0.9183673469387755,0.08163265306122448,0.4,0.85,4,19845,45,6,0.4,0.0022624434389140274,0.9974371859296483,45.194200800033286,49,200
0.004223227752639517,0.4,0.9545454545454546,0.045454545454545456,0.4,0.9,4,19806,84,6,0.4,0.004223227752639517,0.9954773869346734,45.194200800033286,49,200
0.007390648567119155,0.4,0.9735099337748344,0.026490066225165563,0.4,0.95,4,19743,147,6,0.4,0.007390648567119155,0.9923115577889448,45.194200800033286,49,200
0.9963298139768728,1.0,0.999495637262319,0.0005043627376809402,1.0,1.0,10,73,19817,0,1.0,0.9963298139768728,0.004170854271356784,45.194200800033286,49,200
