FPR,TPR,FDR,NPrecision,NRecall,alpha,NTP,NTN,NFP,NFN,NTPR,NFPR,NACC,run,dim
0.0,0.0,0.0,,0.0,0.02,0,4940,0,10,0.0,0.0,0.997979797979798,0,100
0.0,0.0,0.0,,0.0,0.04,0,4940,0,10,0.0,0.0,0.997979797979798,0,100
0.0,0.0,0.0,,0.0,0.06,0,4940,0,10,0.0,0.0,0.997979797979798,0,100
0.0,0.0,0.0,,0.0,0.08,0,4940,0,10,0.0,0.0,0.997979797979798,0,100
0.0,0.0,0.0,,0.0,0.1,0,4940,0,10,0.0,0.0,0.997979797979798,0,100
0.0,0.0,0.0,,0.0,0.12,0,4940,0,10,0.0,0.0,0.997979797979798,0,100
0.0,0.0,0.0,,0.0,0.14,0,4940,0,10,0.0,0.0,0.997979797979798,0,100
0.0,0.0,0.0,,0.0,0.16,0,4940,0,10,0.0,0.0,0.997979797979798,0,100
0.0,0.0,0.0,,0.0,0.18,0,4940,0,10,0.0,0.0,0.997979797979798,0,100
0.0,0.0,0.0,,0.0,0.2,0,4940,0,10,0.0,0.0,0.997979797979798,0,100
0.0,0.0,0.0,,0.0,0.22,0,4940,0,10,0.0,0.0,0.997979797979798,0,100
0.0,0.0,0.0,,0.0,0.24,0,4940,0,10,0.0,0.0,0.997979797979798,0,100
0.0,0.0,0.0,,0.0,0.26,0,4940,0,10,0.0,0.0,0.997979797979798,0,100
0.0,0.0,0.0,,0.0,0.28,0,4940,0,10,0.0,0.0,0.997979797979798,0,100
0.0,0.0,0.0,,0.0,0.3,0,4940,0,10,0.0,0.0,0.997979797979798,0,100
0.0,0.0,0.0,,0.0,0.32,0,4940,0,10,0.0,0.0,0.997979797979798,0,100
0.0,0.0,0.0,,0.0,0.34,0,4940,0,10,0.0,0.0,0.997979797979798,0,100
0.0,0.0,0.0,,0.0,0.36,0,4940,0,10,0.0,0.0,0.997979797979798,0,100
0.0,0.0,0.0,,0.0,0.38,0,4940,0,10,0.0,0.0,0.997979797979798,0,100
0.0,0.0,0.0,,0.0,0.4,0,4940,0,10,0.0,0.0,0.997979797979798,0,100
0.0,0.0,0.0,,0.0,0.42,0,4940,0,10,0.0,0.0,0.997979797979798,0,100
0.0,0.0,0.0,,0.0,0.44,0,4940,0,10,0.0,0.0,0.997979797979798,0,100
0.0,0.0,0.0,,0.0,0.46,0,4940,0,10,0.0,0.0,0.997979797979798,0,100
0.0,0.0,0.0,,0.0,0.48,0,4940,0,10,0.0,0.0,0.997979797979798,0,100
0.0,0.0,0.0,,0.0,0.5,0,4940,0,10,0.0,0.0,0.997979797979798,0,100
0.0,0.0,0.0,,0.0,0.52,0,4940,0,10,0.0,0.0,0.997979797979798,0,100
0.0,0.0,0.0,,0.0,0.54,0,4940,0,10,0.0,0.0,0.997979797979798,0,100
0.0,0.0,0.0,,0.0,0.56,0,4940,0,10,0.0,0.0,0.997979797979798,0,100
0.0,0.0,0.0,,0.0,0.58,0,4940,0,10,0.0,0.0,0.997979797979798,0,100
0.0,0.0,0.0,,0.0,0.6,0,4940,0,10,0.0,0.0,0.997979797979798,0,100
0.0,0.0,0.0,,0.0,0.62,0,4940,0,10,0.0,0.0,0.997979797979798,0,100
0.0,0.0,0.0,,0.0,0.64,0,4940,0,10,0.0,0.0,0.997979797979798,0,100
0.0,0.0,0.0,,0.0,0.66,0,4940,0,10,0.0,0.0,0.997979797979798,0,100
0.0,0.0,0.0,,0.0,0.68,0,4940,0,10,0.0,0.0,0.997979797979798,0,100
0.0,0.0,0.0,,0.0,0.7,0,4940,0,10,0.0,0.0,0.997979797979798,0,100
0.0,0.0,0.0,,0.0,0.72,0,4940,0,10,0.0,0.0,0.997979797979798,0,100
0.0,0.0,0.0,,0.0,0.74,0,4940,0,10,0.0,0.0,0.997979797979798,0,100
0.0,0.0,0.0,,0.0,0.76,0,4940,0,10,0.0,0.0,0.997979797979798,0,100
0.005668016194331984,0.1,0.9655172413793104,0.034482758620689655,0.1,0.78,1,4912,28,9,0.1,0.005668016194331984,0.9925252525252525,0,100
0.005668016194331984,0.1,0.9655172413793104,0.034482758620689655,0.1,0.8,1,4912,28,9,0.1,0.005668016194331984,0.9925252525252525,0,100
0.005668016194331984,0.1,0.9655172413793104,0.034482758620689655,0.1,0.82,1,4912,28,9,0.1,0.005668016194331984,0.9925252525252525,0,100
0.005668016194331984,0.1,0.9655172413793104,0.034482758620689655,0.1,0.84,1,4912,28,9,0.1,0.005668016194331984,0.9925252525252525,0,100
0.005870445344129555,0.1,0.9666666666666667,0.03333333333333333,0.1,0.86,1,4911,29,9,0.1,0.005870445344129555,0.9923232323232323,0,100
0.009109311740890687,0.1,0.9782608695652174,0.021739130434782608,0.1,0.88,1,4895,45,9,0.1,0.009109311740890687,0.9890909090909091,0,100
0.009109311740890687,0.1,0.9782608695652174,0.021739130434782608,0.1,0.9,1,4895,45,9,0.1,0.009109311740890687,0.9890909090909091,0,100
0.044939271255060725,0.2,0.9910714285714286,0.008928571428571428,0.2,0.92,2,4718,222,8,0.2,0.044939271255060725,0.9535353535353536,0,100
0.0694331983805668,0.2,0.9942028985507246,0.005797101449275362,0.2,0.94,2,4597,343,8,0.2,0.0694331983805668,0.9290909090909091,0,100
0.09433198380566801,0.3,0.9936034115138592,0.006396588486140725,0.3,0.96,3,4474,466,7,0.3,0.09433198380566801,0.9044444444444445,0,100
0.10708502024291498,0.3,0.9943609022556391,0.005639097744360902,0.3,0.98,3,4411,529,7,0.3,0.10708502024291498,0.8917171717171717,0,100
0.9722672064777328,1.0,0.9979222937876584,0.002077706212341575,1.0,1.0,10,137,4803,0,1.0,0.9722672064777328,0.029696969696969697,0,100
0.0,0.0,0.0,,0.0,0.02,0,4940,0,10,0.0,0.0,0.997979797979798,1,100
0.0,0.0,0.0,,0.0,0.04,0,4940,0,10,0.0,0.0,0.997979797979798,1,100
0.0,0.0,0.0,,0.0,0.06,0,4940,0,10,0.0,0.0,0.997979797979798,1,100
0.0,0.0,0.0,,0.0,0.08,0,4940,0,10,0.0,0.0,0.997979797979798,1,100
0.0,0.0,0.0,,0.0,0.1,0,4940,0,10,0.0,0.0,0.997979797979798,1,100
0.0,0.0,0.0,,0.0,0.12,0,4940,0,10,0.0,0.0,0.997979797979798,1,100
0.0,0.0,0.0,,0.0,0.14,0,4940,0,10,0.0,0.0,0.997979797979798,1,100
0.0,0.0,0.0,,0.0,0.16,0,4940,0,10,0.0,0.0,0.997979797979798,1,100
0.0,0.0,0.0,,0.0,0.18,0,4940,0,10,0.0,0.0,0.997979797979798,1,100
0.0,0.0,0.0,,0.0,0.2,0,4940,0,10,0.0,0.0,0.997979797979798,1,100
0.0,0.0,0.0,,0.0,0.22,0,4940,0,10,0.0,0.0,0.997979797979798,1,100
0.0,0.0,0.0,,0.0,0.24,0,4940,0,10,0.0,0.0,0.997979797979798,1,100
0.001417004048582996,0.1,0.875,0.125,0.1,0.26,1,4933,7,9,0.1,0.001417004048582996,0.9967676767676767,1,100
0.001417004048582996,0.1,0.875,0.125,0.1,0.28,1,4933,7,9,0.1,0.001417004048582996,0.9967676767676767,1,100
0.001417004048582996,0.1,0.875,0.125,0.1,0.3,1,4933,7,9,0.1,0.001417004048582996,0.9967676767676767,1,100
0.0016194331983805667,0.1,0.8888888888888888,0.1111111111111111,0.1,0.32,1,4932,8,9,0.1,0.0016194331983805667,0.9965656565656565,1,100
0.0016194331983805667,0.1,0.8888888888888888,0.1111111111111111,0.1,0.34,1,4932,8,9,0.1,0.0016194331983805667,0.9965656565656565,1,100
0.0016194331983805667,0.1,0.8888888888888888,0.1111111111111111,0.1,0.36,1,4932,8,9,0.1,0.0016194331983805667,0.9965656565656565,1,100
0.0018218623481781376,0.1,0.9,0.1,0.1,0.38,1,4931,9,9,0.1,0.0018218623481781376,0.9963636363636363,1,100
0.0020242914979757085,0.1,0.9090909090909091,0.09090909090909091,0.1,0.4,1,4930,10,9,0.1,0.0020242914979757085,0.9961616161616161,1,100
0.0020242914979757085,0.1,0.9090909090909091,0.09090909090909091,0.1,0.42,1,4930,10,9,0.1,0.0020242914979757085,0.9961616161616161,1,100
0.0020242914979757085,0.1,0.9090909090909091,0.09090909090909091,0.1,0.44,1,4930,10,9,0.1,0.0020242914979757085,0.9961616161616161,1,100
0.0024291497975708503,0.1,0.9230769230769231,0.07692307692307693,0.1,0.46,1,4928,12,9,0.1,0.0024291497975708503,0.9957575757575757,1,100
0.0024291497975708503,0.1,0.9230769230769231,0.07692307692307693,0.1,0.48,1,4928,12,9,0.1,0.0024291497975708503,0.9957575757575757,1,100
0.0024291497975708503,0.1,0.9230769230769231,0.07692307692307693,0.1,0.5,1,4928,12,9,0.1,0.0024291497975708503,0.9957575757575757,1,100
0.0024291497975708503,0.1,0.9230769230769231,0.07692307692307693,0.1,0.52,1,4928,12,9,0.1,0.0024291497975708503,0.9957575757575757,1,100
0.0024291497975708503,0.1,0.9230769230769231,0.07692307692307693,0.1,0.54,1,4928,12,9,0.1,0.0024291497975708503,0.9957575757575757,1,100
0.002631578947368421,0.1,0.9285714285714286,0.07142857142857142,0.1,0.56,1,4927,13,9,0.1,0.002631578947368421,0.9955555555555555,1,100
0.002631578947368421,0.1,0.9285714285714286,0.07142857142857142,0.1,0.58,1,4927,13,9,0.1,0.002631578947368421,0.9955555555555555,1,100
0.002834008097165992,0.1,0.9333333333333333,0.06666666666666667,0.1,0.6,1,4926,14,9,0.1,0.002834008097165992,0.9953535353535353,1,100
0.0032388663967611335,0.1,0.9411764705882353,0.058823529411764705,0.1,0.62,1,4924,16,9,0.1,0.0032388663967611335,0.9949494949494949,1,100
0.0032388663967611335,0.1,0.9411764705882353,0.058823529411764705,0.1,0.64,1,4924,16,9,0.1,0.0032388663967611335,0.9949494949494949,1,100
0.0032388663967611335,0.1,0.9411764705882353,0.058823529411764705,0.1,0.66,1,4924,16,9,0.1,0.0032388663967611335,0.9949494949494949,1,100
0.0032388663967611335,0.1,0.9411764705882353,0.058823529411764705,0.1,0.68,1,4924,16,9,0.1,0.0032388663967611335,0.9949494949494949,1,100
0.0032388663967611335,0.1,0.9411764705882353,0.058823529411764705,0.1,0.7,1,4924,16,9,0.1,0.0032388663967611335,0.9949494949494949,1,100
0.0032388663967611335,0.1,0.9411764705882353,0.058823529411764705,0.1,0.72,1,4924,16,9,0.1,0.0032388663967611335,0.9949494949494949,1,100
0.007692307692307693,0.2,0.95,0.05,0.2,0.74,2,4902,38,8,0.2,0.007692307692307693,0.9907070707070708,1,100
0.007692307692307693,0.2,0.95,0.05,0.2,0.76,2,4902,38,8,0.2,0.007692307692307693,0.9907070707070708,1,100
0.00951417004048583,0.2,0.9591836734693877,0.04081632653061224,0.2,0.78,2,4893,47,8,0.2,0.00951417004048583,0.9888888888888889,1,100
0.00951417004048583,0.2,0.9591836734693877,0.04081632653061224,0.2,0.8,2,4893,47,8,0.2,0.00951417004048583,0.9888888888888889,1,100
0.00951417004048583,0.2,0.9591836734693877,0.04081632653061224,0.2,0.82,2,4893,47,8,0.2,0.00951417004048583,0.9888888888888889,1,100
0.009919028340080972,0.3,0.9423076923076923,0.057692307692307696,0.3,0.84,3,4891,49,7,0.3,0.009919028340080972,0.9886868686868687,1,100
0.009919028340080972,0.3,0.9423076923076923,0.057692307692307696,0.3,0.86,3,4891,49,7,0.3,0.009919028340080972,0.9886868686868687,1,100
0.010728744939271255,0.3,0.9464285714285714,0.05357142857142857,0.3,0.88,3,4887,53,7,0.3,0.010728744939271255,0.9878787878787879,1,100
0.010728744939271255,0.3,0.9464285714285714,0.05357142857142857,0.3,0.9,3,4887,53,7,0.3,0.010728744939271255,0.9878787878787879,1,100
0.011538461538461539,0.3,0.95,0.05,0.3,0.92,3,4883,57,7,0.3,0.011538461538461539,0.9870707070707071,1,100
0.016194331983805668,0.3,0.963855421686747,0.03614457831325301,0.3,0.94,3,4860,80,7,0.3,0.016194331983805668,0.9824242424242424,1,100
0.08198380566801619,0.3,0.9926470588235294,0.007352941176470588,0.3,0.96,3,4535,405,7,0.3,0.08198380566801619,0.9167676767676768,1,100
0.16619433198380568,0.5,0.9939467312348669,0.006053268765133172,0.5,0.98,5,4119,821,5,0.5,0.16619433198380568,0.8331313131313132,1,100
0.9680161943319838,1.0,0.9979131886477463,0.002086811352253756,1.0,1.0,10,158,4782,0,1.0,0.9680161943319838,0.03393939393939394,1,100
0.0,0.0,0.0,,0.0,0.02,0,4940,0,10,0.0,0.0,0.997979797979798,2,100
0.0,0.0,0.0,,0.0,0.04,0,4940,0,10,0.0,0.0,0.997979797979798,2,100
0.0,0.0,0.0,,0.0,0.06,0,4940,0,10,0.0,0.0,0.997979797979798,2,100
0.0,0.0,0.0,,0.0,0.08,0,4940,0,10,0.0,0.0,0.997979797979798,2,100
0.0,0.0,0.0,,0.0,0.1,0,4940,0,10,0.0,0.0,0.997979797979798,2,100
0.0,0.0,0.0,,0.0,0.12,0,4940,0,10,0.0,0.0,0.997979797979798,2,100
0.0,0.0,0.0,,0.0,0.14,0,4940,0,10,0.0,0.0,0.997979797979798,2,100
0.0,0.0,0.0,,0.0,0.16,0,4940,0,10,0.0,0.0,0.997979797979798,2,100
0.0,0.0,0.0,,0.0,0.18,0,4940,0,10,0.0,0.0,0.997979797979798,2,100
0.0,0.0,0.0,,0.0,0.2,0,4940,0,10,0.0,0.0,0.997979797979798,2,100
0.0,0.0,0.0,,0.0,0.22,0,4940,0,10,0.0,0.0,0.997979797979798,2,100
0.0,0.0,0.0,,0.0,0.24,0,4940,0,10,0.0,0.0,0.997979797979798,2,100
0.0,0.0,0.0,,0.0,0.26,0,4940,0,10,0.0,0.0,0.997979797979798,2,100
0.0,0.0,0.0,,0.0,0.28,0,4940,0,10,0.0,0.0,0.997979797979798,2,100
0.0,0.0,0.0,,0.0,0.3,0,4940,0,10,0.0,0.0,0.997979797979798,2,100
0.0,0.0,0.0,,0.0,0.32,0,4940,0,10,0.0,0.0,0.997979797979798,2,100
0.0,0.0,0.0,,0.0,0.34,0,4940,0,10,0.0,0.0,0.997979797979798,2,100
0.0,0.0,0.0,,0.0,0.36,0,4940,0,10,0.0,0.0,0.997979797979798,2,100
0.0,0.0,0.0,,0.0,0.38,0,4940,0,10,0.0,0.0,0.997979797979798,2,100
0.0,0.0,0.0,,0.0,0.4,0,4940,0,10,0.0,0.0,0.997979797979798,2,100
0.0,0.0,0.0,,0.0,0.42,0,4940,0,10,0.0,0.0,0.997979797979798,2,100
0.0,0.0,0.0,,0.0,0.44,0,4940,0,10,0.0,0.0,0.997979797979798,2,100
0.0,0.0,0.0,,0.0,0.46,0,4940,0,10,0.0,0.0,0.997979797979798,2,100
0.0,0.0,0.0,,0.0,0.48,0,4940,0,10,0.0,0.0,0.997979797979798,2,100
0.0,0.0,0.0,,0.0,0.5,0,4940,0,10,0.0,0.0,0.997979797979798,2,100
0.0,0.0,0.0,,0.0,0.52,0,4940,0,10,0.0,0.0,0.997979797979798,2,100
0.0,0.0,0.0,,0.0,0.54,0,4940,0,10,0.0,0.0,0.997979797979798,2,100
0.0,0.0,0.0,,0.0,0.56,0,4940,0,10,0.0,0.0,0.997979797979798,2,100
0.0,0.0,0.0,,0.0,0.58,0,4940,0,10,0.0,0.0,0.997979797979798,2,100
0.0,0.0,0.0,,0.0,0.6,0,4940,0,10,0.0,0.0,0.997979797979798,2,100
0.0,0.0,0.0,,0.0,0.62,0,4940,0,10,0.0,0.0,0.997979797979798,2,100
0.0,0.0,0.0,,0.0,0.64,0,4940,0,10,0.0,0.0,0.997979797979798,2,100
0.0,0.0,0.0,,0.0,0.66,0,4940,0,10,0.0,0.0,0.997979797979798,2,100
0.0,0.0,0.0,,0.0,0.68,0,4940,0,10,0.0,0.0,0.997979797979798,2,100
0.0,0.0,0.0,,0.0,0.7,0,4940,0,10,0.0,0.0,0.997979797979798,2,100
0.0,0.0,0.0,,0.0,0.72,0,4940,0,10,0.0,0.0,0.997979797979798,2,100
0.0,0.0,0.0,,0.0,0.74,0,4940,0,10,0.0,0.0,0.997979797979798,2,100
0.0,0.0,0.0,,0.0,0.76,0,4940,0,10,0.0,0.0,0.997979797979798,2,100
0.0,0.0,0.0,,0.0,0.78,0,4940,0,10,0.0,0.0,0.997979797979798,2,100
0.0,0.0,0.0,,0.0,0.8,0,4940,0,10,0.0,0.0,0.997979797979798,2,100
0.0,0.0,0.0,,0.0,0.82,0,4940,0,10,0.0,0.0,0.997979797979798,2,100
0.015384615384615385,0.1,0.987012987012987,0.012987012987012988,0.1,0.84,1,4864,76,9,0.1,0.015384615384615385,0.9828282828282828,2,100
0.015384615384615385,0.1,0.987012987012987,0.012987012987012988,0.1,0.86,1,4864,76,9,0.1,0.015384615384615385,0.9828282828282828,2,100
0.015384615384615385,0.1,0.987012987012987,0.012987012987012988,0.1,0.88,1,4864,76,9,0.1,0.015384615384615385,0.9828282828282828,2,100
0.017611336032388663,0.1,0.9886363636363636,0.011363636363636364,0.1,0.9,1,4853,87,9,0.1,0.017611336032388663,0.9806060606060606,2,100
0.017611336032388663,0.1,0.9886363636363636,0.011363636363636364,0.1,0.92,1,4853,87,9,0.1,0.017611336032388663,0.9806060606060606,2,100
0.02408906882591093,0.1,0.9916666666666667,0.008333333333333333,0.1,0.94,1,4821,119,9,0.1,0.02408906882591093,0.9741414141414141,2,100
0.08785425101214575,0.3,0.9931350114416476,0.006864988558352402,0.3,0.96,3,4506,434,7,0.3,0.08785425101214575,0.9109090909090909,2,100
0.1714574898785425,0.4,0.9952996474735605,0.004700352526439483,0.4,0.98,4,4093,847,6,0.4,0.1714574898785425,0.8276767676767677,2,100
0.9738866396761133,0.9,0.9981327800829876,0.0018672199170124482,0.9,1.0,9,129,4811,1,0.9,0.9738866396761133,0.027878787878787878,2,100
0.0,0.0,0.0,,0.0,0.02,0,4940,0,10,0.0,0.0,0.997979797979798,3,100
0.0,0.0,0.0,,0.0,0.04,0,4940,0,10,0.0,0.0,0.997979797979798,3,100
0.0,0.0,0.0,,0.0,0.06,0,4940,0,10,0.0,0.0,0.997979797979798,3,100
0.0,0.0,0.0,,0.0,0.08,0,4940,0,10,0.0,0.0,0.997979797979798,3,100
0.0,0.0,0.0,,0.0,0.1,0,4940,0,10,0.0,0.0,0.997979797979798,3,100
0.0,0.0,0.0,,0.0,0.12,0,4940,0,10,0.0,0.0,0.997979797979798,3,100
0.0,0.0,0.0,,0.0,0.14,0,4940,0,10,0.0,0.0,0.997979797979798,3,100
0.0,0.0,0.0,,0.0,0.16,0,4940,0,10,0.0,0.0,0.997979797979798,3,100
0.0,0.0,0.0,,0.0,0.18,0,4940,0,10,0.0,0.0,0.997979797979798,3,100
0.0,0.0,0.0,,0.0,0.2,0,4940,0,10,0.0,0.0,0.997979797979798,3,100
0.0,0.0,0.0,,0.0,0.22,0,4940,0,10,0.0,0.0,0.997979797979798,3,100
0.0,0.0,0.0,,0.0,0.24,0,4940,0,10,0.0,0.0,0.997979797979798,3,100
0.0,0.0,0.0,,0.0,0.26,0,4940,0,10,0.0,0.0,0.997979797979798,3,100
0.0,0.0,0.0,,0.0,0.28,0,4940,0,10,0.0,0.0,0.997979797979798,3,100
0.0,0.0,0.0,,0.0,0.3,0,4940,0,10,0.0,0.0,0.997979797979798,3,100
0.0,0.0,0.0,,0.0,0.32,0,4940,0,10,0.0,0.0,0.997979797979798,3,100
0.0,0.0,0.0,,0.0,0.34,0,4940,0,10,0.0,0.0,0.997979797979798,3,100
0.0,0.0,0.0,,0.0,0.36,0,4940,0,10,0.0,0.0,0.997979797979798,3,100
0.0,0.0,0.0,,0.0,0.38,0,4940,0,10,0.0,0.0,0.997979797979798,3,100
0.0,0.0,0.0,,0.0,0.4,0,4940,0,10,0.0,0.0,0.997979797979798,3,100
0.0,0.0,0.0,,0.0,0.42,0,4940,0,10,0.0,0.0,0.997979797979798,3,100
0.0,0.0,0.0,,0.0,0.44,0,4940,0,10,0.0,0.0,0.997979797979798,3,100
0.0,0.0,0.0,,0.0,0.46,0,4940,0,10,0.0,0.0,0.997979797979798,3,100
0.0,0.0,0.0,,0.0,0.48,0,4940,0,10,0.0,0.0,0.997979797979798,3,100
0.0,0.0,0.0,,0.0,0.5,0,4940,0,10,0.0,0.0,0.997979797979798,3,100
0.0,0.0,0.0,,0.0,0.52,0,4940,0,10,0.0,0.0,0.997979797979798,3,100
0.0,0.0,0.0,,0.0,0.54,0,4940,0,10,0.0,0.0,0.997979797979798,3,100
0.0,0.0,0.0,,0.0,0.56,0,4940,0,10,0.0,0.0,0.997979797979798,3,100
0.0,0.0,0.0,,0.0,0.58,0,4940,0,10,0.0,0.0,0.997979797979798,3,100
0.0,0.0,0.0,,0.0,0.6,0,4940,0,10,0.0,0.0,0.997979797979798,3,100
0.0,0.0,0.0,,0.0,0.62,0,4940,0,10,0.0,0.0,0.997979797979798,3,100
0.0,0.0,0.0,,0.0,0.64,0,4940,0,10,0.0,0.0,0.997979797979798,3,100
0.0,0.0,0.0,,0.0,0.66,0,4940,0,10,0.0,0.0,0.997979797979798,3,100
0.0,0.0,0.0,,0.0,0.68,0,4940,0,10,0.0,0.0,0.997979797979798,3,100
0.0,0.0,0.0,,0.0,0.7,0,4940,0,10,0.0,0.0,0.997979797979798,3,100
0.0,0.0,0.0,,0.0,0.72,0,4940,0,10,0.0,0.0,0.997979797979798,3,100
0.0,0.0,0.0,,0.0,0.74,0,4940,0,10,0.0,0.0,0.997979797979798,3,100
0.0,0.0,0.0,,0.0,0.76,0,4940,0,10,0.0,0.0,0.997979797979798,3,100
0.0,0.0,0.0,,0.0,0.78,0,4940,0,10,0.0,0.0,0.997979797979798,3,100
0.0,0.0,0.0,,0.0,0.8,0,4940,0,10,0.0,0.0,0.997979797979798,3,100
0.0,0.0,0.0,,0.0,0.82,0,4940,0,10,0.0,0.0,0.997979797979798,3,100
0.0,0.0,0.0,,0.0,0.84,0,4940,0,10,0.0,0.0,0.997979797979798,3,100
0.0,0.0,0.0,,0.0,0.86,0,4940,0,10,0.0,0.0,0.997979797979798,3,100
0.0,0.0,0.0,,0.0,0.88,0,4940,0,10,0.0,0.0,0.997979797979798,3,100
0.0,0.0,0.0,,0.0,0.9,0,4940,0,10,0.0,0.0,0.997979797979798,3,100
0.006275303643724696,0.0,1.0,0.0,0.0,0.92,0,4909,31,10,0.0,0.006275303643724696,0.9917171717171717,3,100
0.006275303643724696,0.0,1.0,0.0,0.0,0.94,0,4909,31,10,0.0,0.006275303643724696,0.9917171717171717,3,100
0.008097165991902834,0.0,1.0,0.0,0.0,0.96,0,4900,40,10,0.0,0.008097165991902834,0.98989898989899,3,100
0.008097165991902834,0.0,1.0,0.0,0.0,0.98,0,4900,40,10,0.0,0.008097165991902834,0.98989898989899,3,100
0.9771255060728745,1.0,0.9979326028530081,0.002067397146991937,1.0,1.0,10,113,4827,0,1.0,0.9771255060728745,0.02484848484848485,3,100
0.0,0.0,0.0,,0.0,0.02,0,4940,0,10,0.0,0.0,0.997979797979798,4,100
0.0,0.0,0.0,,0.0,0.04,0,4940,0,10,0.0,0.0,0.997979797979798,4,100
0.0,0.0,0.0,,0.0,0.06,0,4940,0,10,0.0,0.0,0.997979797979798,4,100
0.0,0.0,0.0,,0.0,0.08,0,4940,0,10,0.0,0.0,0.997979797979798,4,100
0.0,0.0,0.0,,0.0,0.1,0,4940,0,10,0.0,0.0,0.997979797979798,4,100
0.0,0.0,0.0,,0.0,0.12,0,4940,0,10,0.0,0.0,0.997979797979798,4,100
0.0,0.0,0.0,,0.0,0.14,0,4940,0,10,0.0,0.0,0.997979797979798,4,100
0.0,0.0,0.0,,0.0,0.16,0,4940,0,10,0.0,0.0,0.997979797979798,4,100
0.0,0.0,0.0,,0.0,0.18,0,4940,0,10,0.0,0.0,0.997979797979798,4,100
0.0,0.0,0.0,,0.0,0.2,0,4940,0,10,0.0,0.0,0.997979797979798,4,100
0.0,0.0,0.0,,0.0,0.22,0,4940,0,10,0.0,0.0,0.997979797979798,4,100
0.0,0.0,0.0,,0.0,0.24,0,4940,0,10,0.0,0.0,0.997979797979798,4,100
0.0,0.0,0.0,,0.0,0.26,0,4940,0,10,0.0,0.0,0.997979797979798,4,100
0.0,0.0,0.0,,0.0,0.28,0,4940,0,10,0.0,0.0,0.997979797979798,4,100
0.0,0.0,0.0,,0.0,0.3,0,4940,0,10,0.0,0.0,0.997979797979798,4,100
0.0,0.0,0.0,,0.0,0.32,0,4940,0,10,0.0,0.0,0.997979797979798,4,100
0.0,0.0,0.0,,0.0,0.34,0,4940,0,10,0.0,0.0,0.997979797979798,4,100
0.0,0.0,0.0,,0.0,0.36,0,4940,0,10,0.0,0.0,0.997979797979798,4,100
0.0,0.0,0.0,,0.0,0.38,0,4940,0,10,0.0,0.0,0.997979797979798,4,100
0.0,0.0,0.0,,0.0,0.4,0,4940,0,10,0.0,0.0,0.997979797979798,4,100
0.0,0.0,0.0,,0.0,0.42,0,4940,0,10,0.0,0.0,0.997979797979798,4,100
0.0,0.0,0.0,,0.0,0.44,0,4940,0,10,0.0,0.0,0.997979797979798,4,100
0.0,0.0,0.0,,0.0,0.46,0,4940,0,10,0.0,0.0,0.997979797979798,4,100
0.0006072874493927126,0.0,1.0,0.0,0.0,0.48,0,4937,3,10,0.0,0.0006072874493927126,0.9973737373737374,4,100
0.0012145748987854252,0.0,1.0,0.0,0.0,0.5,0,4934,6,10,0.0,0.0012145748987854252,0.9967676767676767,4,100
0.0012145748987854252,0.0,1.0,0.0,0.0,0.52,0,4934,6,10,0.0,0.0012145748987854252,0.9967676767676767,4,100
0.0012145748987854252,0.0,1.0,0.0,0.0,0.54,0,4934,6,10,0.0,0.0012145748987854252,0.9967676767676767,4,100
0.0036437246963562753,0.1,0.9473684210526315,0.05263157894736842,0.1,0.56,1,4922,18,9,0.1,0.0036437246963562753,0.9945454545454545,4,100
0.0036437246963562753,0.1,0.9473684210526315,0.05263157894736842,0.1,0.58,1,4922,18,9,0.1,0.0036437246963562753,0.9945454545454545,4,100
0.0038461538461538464,0.1,0.95,0.05,0.1,0.6,1,4921,19,9,0.1,0.0038461538461538464,0.9943434343434343,4,100
0.005263157894736842,0.2,0.9285714285714286,0.07142857142857142,0.2,0.62,2,4914,26,8,0.2,0.005263157894736842,0.9931313131313131,4,100
0.005870445344129555,0.2,0.9354838709677419,0.06451612903225806,0.2,0.64,2,4911,29,8,0.2,0.005870445344129555,0.9925252525252525,4,100
0.005870445344129555,0.2,0.9354838709677419,0.06451612903225806,0.2,0.66,2,4911,29,8,0.2,0.005870445344129555,0.9925252525252525,4,100
0.008097165991902834,0.2,0.9523809523809523,0.047619047619047616,0.2,0.68,2,4900,40,8,0.2,0.008097165991902834,0.9903030303030304,4,100
0.008906882591093117,0.2,0.9565217391304348,0.043478260869565216,0.2,0.7,2,4896,44,8,0.2,0.008906882591093117,0.9894949494949495,4,100
0.009716599190283401,0.2,0.96,0.04,0.2,0.72,2,4892,48,8,0.2,0.009716599190283401,0.9886868686868687,4,100
0.013360323886639677,0.2,0.9705882352941176,0.029411764705882353,0.2,0.74,2,4874,66,8,0.2,0.013360323886639677,0.9850505050505051,4,100
0.013360323886639677,0.2,0.9705882352941176,0.029411764705882353,0.2,0.76,2,4874,66,8,0.2,0.013360323886639677,0.9850505050505051,4,100
0.013360323886639677,0.2,0.9705882352941176,0.029411764705882353,0.2,0.78,2,4874,66,8,0.2,0.013360323886639677,0.9850505050505051,4,100
0.015587044534412956,0.2,0.9746835443037974,0.02531645569620253,0.2,0.8,2,4863,77,8,0.2,0.015587044534412956,0.9828282828282828,4,100
0.02368421052631579,0.2,0.9831932773109243,0.01680672268907563,0.2,0.82,2,4823,117,8,0.2,0.02368421052631579,0.9747474747474747,4,100
0.02834008097165992,0.2,0.9859154929577465,0.014084507042253521,0.2,0.84,2,4800,140,8,0.2,0.02834008097165992,0.9701010101010101,4,100
0.03076923076923077,0.2,0.987012987012987,0.012987012987012988,0.2,0.86,2,4788,152,8,0.2,0.03076923076923077,0.9676767676767677,4,100
0.03076923076923077,0.2,0.987012987012987,0.012987012987012988,0.2,0.88,2,4788,152,8,0.2,0.03076923076923077,0.9676767676767677,4,100
0.056882591093117406,0.3,0.9894366197183099,0.01056338028169014,0.3,0.9,3,4659,281,7,0.3,0.056882591093117406,0.9418181818181818,4,100
0.06153846153846154,0.3,0.990228013029316,0.009771986970684038,0.3,0.92,3,4636,304,7,0.3,0.06153846153846154,0.9371717171717172,4,100
0.06619433198380567,0.3,0.990909090909091,0.00909090909090909,0.3,0.94,3,4613,327,7,0.3,0.06619433198380567,0.9325252525252525,4,100
0.11558704453441296,0.3,0.9947735191637631,0.005226480836236934,0.3,0.96,3,4369,571,7,0.3,0.11558704453441296,0.8832323232323233,4,100
0.14190283400809717,0.5,0.9929178470254958,0.007082152974504249,0.5,0.98,5,4239,701,5,0.5,0.14190283400809717,0.8573737373737373,4,100
0.8777327935222672,1.0,0.9976990335941095,0.002300966405890474,1.0,1.0,10,604,4336,0,1.0,0.8777327935222672,0.12404040404040403,4,100
0.0,0.0,0.0,,0.0,0.02,0,4940,0,10,0.0,0.0,0.997979797979798,5,100
0.0,0.0,0.0,,0.0,0.04,0,4940,0,10,0.0,0.0,0.997979797979798,5,100
0.0,0.0,0.0,,0.0,0.06,0,4940,0,10,0.0,0.0,0.997979797979798,5,100
0.0006072874493927126,0.0,1.0,0.0,0.0,0.08,0,4937,3,10,0.0,0.0006072874493927126,0.9973737373737374,5,100
0.0006072874493927126,0.0,1.0,0.0,0.0,0.1,0,4937,3,10,0.0,0.0006072874493927126,0.9973737373737374,5,100
0.0006072874493927126,0.0,1.0,0.0,0.0,0.12,0,4937,3,10,0.0,0.0006072874493927126,0.9973737373737374,5,100
0.0006072874493927126,0.0,1.0,0.0,0.0,0.14,0,4937,3,10,0.0,0.0006072874493927126,0.9973737373737374,5,100
0.0008097165991902834,0.0,1.0,0.0,0.0,0.16,0,4936,4,10,0.0,0.0008097165991902834,0.9971717171717172,5,100
0.0008097165991902834,0.0,1.0,0.0,0.0,0.18,0,4936,4,10,0.0,0.0008097165991902834,0.9971717171717172,5,100
0.0008097165991902834,0.0,1.0,0.0,0.0,0.2,0,4936,4,10,0.0,0.0008097165991902834,0.9971717171717172,5,100
0.0008097165991902834,0.0,1.0,0.0,0.0,0.22,0,4936,4,10,0.0,0.0008097165991902834,0.9971717171717172,5,100
0.0010121457489878543,0.0,1.0,0.0,0.0,0.24,0,4935,5,10,0.0,0.0010121457489878543,0.996969696969697,5,100
0.0010121457489878543,0.0,1.0,0.0,0.0,0.26,0,4935,5,10,0.0,0.0010121457489878543,0.996969696969697,5,100
0.0010121457489878543,0.0,1.0,0.0,0.0,0.28,0,4935,5,10,0.0,0.0010121457489878543,0.996969696969697,5,100
0.0010121457489878543,0.0,1.0,0.0,0.0,0.3,0,4935,5,10,0.0,0.0010121457489878543,0.996969696969697,5,100
0.0012145748987854252,0.0,1.0,0.0,0.0,0.32,0,4934,6,10,0.0,0.0012145748987854252,0.9967676767676767,5,100
0.0012145748987854252,0.0,1.0,0.0,0.0,0.34,0,4934,6,10,0.0,0.0012145748987854252,0.9967676767676767,5,100
0.001417004048582996,0.0,1.0,0.0,0.0,0.36,0,4933,7,10,0.0,0.001417004048582996,0.9965656565656565,5,100
0.001417004048582996,0.0,1.0,0.0,0.0,0.38,0,4933,7,10,0.0,0.001417004048582996,0.9965656565656565,5,100
0.001417004048582996,0.0,1.0,0.0,0.0,0.4,0,4933,7,10,0.0,0.001417004048582996,0.9965656565656565,5,100
0.001417004048582996,0.0,1.0,0.0,0.0,0.42,0,4933,7,10,0.0,0.001417004048582996,0.9965656565656565,5,100
0.001417004048582996,0.0,1.0,0.0,0.0,0.44,0,4933,7,10,0.0,0.001417004048582996,0.9965656565656565,5,100
0.001417004048582996,0.0,1.0,0.0,0.0,0.46,0,4933,7,10,0.0,0.001417004048582996,0.9965656565656565,5,100
0.001417004048582996,0.0,1.0,0.0,0.0,0.48,0,4933,7,10,0.0,0.001417004048582996,0.9965656565656565,5,100
0.001417004048582996,0.0,1.0,0.0,0.0,0.5,0,4933,7,10,0.0,0.001417004048582996,0.9965656565656565,5,100
0.0016194331983805667,0.0,1.0,0.0,0.0,0.52,0,4932,8,10,0.0,0.0016194331983805667,0.9963636363636363,5,100
0.0016194331983805667,0.0,1.0,0.0,0.0,0.54,0,4932,8,10,0.0,0.0016194331983805667,0.9963636363636363,5,100
0.002631578947368421,0.0,1.0,0.0,0.0,0.56,0,4927,13,10,0.0,0.002631578947368421,0.9953535353535353,5,100
0.0032388663967611335,0.1,0.9411764705882353,0.058823529411764705,0.1,0.58,1,4924,16,9,0.1,0.0032388663967611335,0.9949494949494949,5,100
0.0032388663967611335,0.1,0.9411764705882353,0.058823529411764705,0.1,0.6,1,4924,16,9,0.1,0.0032388663967611335,0.9949494949494949,5,100
0.0032388663967611335,0.1,0.9411764705882353,0.058823529411764705,0.1,0.62,1,4924,16,9,0.1,0.0032388663967611335,0.9949494949494949,5,100
0.0034412955465587046,0.1,0.9444444444444444,0.05555555555555555,0.1,0.64,1,4923,17,9,0.1,0.0034412955465587046,0.9947474747474747,5,100
0.0034412955465587046,0.1,0.9444444444444444,0.05555555555555555,0.1,0.66,1,4923,17,9,0.1,0.0034412955465587046,0.9947474747474747,5,100
0.0036437246963562753,0.1,0.9473684210526315,0.05263157894736842,0.1,0.68,1,4922,18,9,0.1,0.0036437246963562753,0.9945454545454545,5,100
0.0036437246963562753,0.1,0.9473684210526315,0.05263157894736842,0.1,0.7,1,4922,18,9,0.1,0.0036437246963562753,0.9945454545454545,5,100
0.004048582995951417,0.1,0.9523809523809523,0.047619047619047616,0.1,0.72,1,4920,20,9,0.1,0.004048582995951417,0.9941414141414141,5,100
0.004453441295546558,0.1,0.9565217391304348,0.043478260869565216,0.1,0.74,1,4918,22,9,0.1,0.004453441295546558,0.9937373737373737,5,100
0.004453441295546558,0.1,0.9565217391304348,0.043478260869565216,0.1,0.76,1,4918,22,9,0.1,0.004453441295546558,0.9937373737373737,5,100
0.004453441295546558,0.1,0.9565217391304348,0.043478260869565216,0.1,0.78,1,4918,22,9,0.1,0.004453441295546558,0.9937373737373737,5,100
0.004453441295546558,0.1,0.9565217391304348,0.043478260869565216,0.1,0.8,1,4918,22,9,0.1,0.004453441295546558,0.9937373737373737,5,100
0.006072874493927126,0.1,0.967741935483871,0.03225806451612903,0.1,0.82,1,4910,30,9,0.1,0.006072874493927126,0.9921212121212121,5,100
0.006072874493927126,0.1,0.967741935483871,0.03225806451612903,0.1,0.84,1,4910,30,9,0.1,0.006072874493927126,0.9921212121212121,5,100
0.006072874493927126,0.1,0.967741935483871,0.03225806451612903,0.1,0.86,1,4910,30,9,0.1,0.006072874493927126,0.9921212121212121,5,100
0.006477732793522267,0.1,0.9696969696969697,0.030303030303030304,0.1,0.88,1,4908,32,9,0.1,0.006477732793522267,0.9917171717171717,5,100
0.013562753036437248,0.1,0.9852941176470589,0.014705882352941176,0.1,0.9,1,4873,67,9,0.1,0.013562753036437248,0.9846464646464647,5,100
0.11275303643724696,0.4,0.9928698752228164,0.0071301247771836,0.4,0.92,4,4383,557,6,0.4,0.11275303643724696,0.8862626262626263,5,100
0.12024291497975709,0.4,0.9933110367892977,0.006688963210702341,0.4,0.94,4,4346,594,6,0.4,0.12024291497975709,0.8787878787878788,5,100
0.12995951417004048,0.4,0.9938080495356038,0.006191950464396285,0.4,0.96,4,4298,642,6,0.4,0.12995951417004048,0.8690909090909091,5,100
0.1380566801619433,0.4,0.9941690962099126,0.0058309037900874635,0.4,0.98,4,4258,682,6,0.4,0.1380566801619433,0.861010101010101,5,100
0.9668016194331984,1.0,0.9979105725031342,0.002089427496865859,1.0,1.0,10,164,4776,0,1.0,0.9668016194331984,0.03515151515151515,5,100
0.0,0.0,0.0,,0.0,0.02,0,4940,0,10,0.0,0.0,0.997979797979798,6,100
0.0,0.0,0.0,,0.0,0.04,0,4940,0,10,0.0,0.0,0.997979797979798,6,100
0.0,0.0,0.0,,0.0,0.06,0,4940,0,10,0.0,0.0,0.997979797979798,6,100
0.0,0.0,0.0,,0.0,0.08,0,4940,0,10,0.0,0.0,0.997979797979798,6,100
0.0,0.0,0.0,,0.0,0.1,0,4940,0,10,0.0,0.0,0.997979797979798,6,100
0.0,0.0,0.0,,0.0,0.12,0,4940,0,10,0.0,0.0,0.997979797979798,6,100
0.0004048582995951417,0.1,0.6666666666666666,0.3333333333333333,0.1,0.14,1,4938,2,9,0.1,0.0004048582995951417,0.9977777777777778,6,100
0.0004048582995951417,0.1,0.6666666666666666,0.3333333333333333,0.1,0.16,1,4938,2,9,0.1,0.0004048582995951417,0.9977777777777778,6,100
0.0004048582995951417,0.1,0.6666666666666666,0.3333333333333333,0.1,0.18,1,4938,2,9,0.1,0.0004048582995951417,0.9977777777777778,6,100
0.0004048582995951417,0.1,0.6666666666666666,0.3333333333333333,0.1,0.2,1,4938,2,9,0.1,0.0004048582995951417,0.9977777777777778,6,100
0.0004048582995951417,0.1,0.6666666666666666,0.3333333333333333,0.1,0.22,1,4938,2,9,0.1,0.0004048582995951417,0.9977777777777778,6,100
0.0004048582995951417,0.1,0.6666666666666666,0.3333333333333333,0.1,0.24,1,4938,2,9,0.1,0.0004048582995951417,0.9977777777777778,6,100
0.0004048582995951417,0.1,0.6666666666666666,0.3333333333333333,0.1,0.26,1,4938,2,9,0.1,0.0004048582995951417,0.9977777777777778,6,100
0.0004048582995951417,0.1,0.6666666666666666,0.3333333333333333,0.1,0.28,1,4938,2,9,0.1,0.0004048582995951417,0.9977777777777778,6,100
0.0004048582995951417,0.1,0.6666666666666666,0.3333333333333333,0.1,0.3,1,4938,2,9,0.1,0.0004048582995951417,0.9977777777777778,6,100
0.0004048582995951417,0.1,0.6666666666666666,0.3333333333333333,0.1,0.32,1,4938,2,9,0.1,0.0004048582995951417,0.9977777777777778,6,100
0.0012145748987854252,0.1,0.8571428571428571,0.14285714285714285,0.1,0.34,1,4934,6,9,0.1,0.0012145748987854252,0.996969696969697,6,100
0.0016194331983805667,0.1,0.8888888888888888,0.1111111111111111,0.1,0.36,1,4932,8,9,0.1,0.0016194331983805667,0.9965656565656565,6,100
0.0018218623481781376,0.1,0.9,0.1,0.1,0.38,1,4931,9,9,0.1,0.0018218623481781376,0.9963636363636363,6,100
0.0024291497975708503,0.1,0.9230769230769231,0.07692307692307693,0.1,0.4,1,4928,12,9,0.1,0.0024291497975708503,0.9957575757575757,6,100
0.0024291497975708503,0.1,0.9230769230769231,0.07692307692307693,0.1,0.42,1,4928,12,9,0.1,0.0024291497975708503,0.9957575757575757,6,100
0.0024291497975708503,0.1,0.9230769230769231,0.07692307692307693,0.1,0.44,1,4928,12,9,0.1,0.0024291497975708503,0.9957575757575757,6,100
0.002834008097165992,0.1,0.9333333333333333,0.06666666666666667,0.1,0.46,1,4926,14,9,0.1,0.002834008097165992,0.9953535353535353,6,100
0.002834008097165992,0.1,0.9333333333333333,0.06666666666666667,0.1,0.48,1,4926,14,9,0.1,0.002834008097165992,0.9953535353535353,6,100
0.002834008097165992,0.1,0.9333333333333333,0.06666666666666667,0.1,0.5,1,4926,14,9,0.1,0.002834008097165992,0.9953535353535353,6,100
0.002834008097165992,0.1,0.9333333333333333,0.06666666666666667,0.1,0.52,1,4926,14,9,0.1,0.002834008097165992,0.9953535353535353,6,100
0.002834008097165992,0.1,0.9333333333333333,0.06666666666666667,0.1,0.54,1,4926,14,9,0.1,0.002834008097165992,0.9953535353535353,6,100
0.002834008097165992,0.1,0.9333333333333333,0.06666666666666667,0.1,0.56,1,4926,14,9,0.1,0.002834008097165992,0.9953535353535353,6,100
0.002834008097165992,0.1,0.9333333333333333,0.06666666666666667,0.1,0.58,1,4926,14,9,0.1,0.002834008097165992,0.9953535353535353,6,100
0.005060728744939271,0.1,0.9615384615384616,0.038461538461538464,0.1,0.6,1,4915,25,9,0.1,0.005060728744939271,0.9931313131313131,6,100
0.005060728744939271,0.1,0.9615384615384616,0.038461538461538464,0.1,0.62,1,4915,25,9,0.1,0.005060728744939271,0.9931313131313131,6,100
0.006275303643724696,0.1,0.96875,0.03125,0.1,0.64,1,4909,31,9,0.1,0.006275303643724696,0.9919191919191919,6,100
0.006882591093117409,0.1,0.9714285714285714,0.02857142857142857,0.1,0.66,1,4906,34,9,0.1,0.006882591093117409,0.9913131313131314,6,100
0.006882591093117409,0.1,0.9714285714285714,0.02857142857142857,0.1,0.68,1,4906,34,9,0.1,0.006882591093117409,0.9913131313131314,6,100
0.006882591093117409,0.1,0.9714285714285714,0.02857142857142857,0.1,0.7,1,4906,34,9,0.1,0.006882591093117409,0.9913131313131314,6,100
0.0072874493927125505,0.1,0.972972972972973,0.02702702702702703,0.1,0.72,1,4904,36,9,0.1,0.0072874493927125505,0.990909090909091,6,100
0.008097165991902834,0.1,0.975609756097561,0.024390243902439025,0.1,0.74,1,4900,40,9,0.1,0.008097165991902834,0.9901010101010101,6,100
0.008097165991902834,0.1,0.975609756097561,0.024390243902439025,0.1,0.76,1,4900,40,9,0.1,0.008097165991902834,0.9901010101010101,6,100
0.008097165991902834,0.1,0.975609756097561,0.024390243902439025,0.1,0.78,1,4900,40,9,0.1,0.008097165991902834,0.9901010101010101,6,100
0.008097165991902834,0.1,0.975609756097561,0.024390243902439025,0.1,0.8,1,4900,40,9,0.1,0.008097165991902834,0.9901010101010101,6,100
0.008299595141700405,0.1,0.9761904761904762,0.023809523809523808,0.1,0.82,1,4899,41,9,0.1,0.008299595141700405,0.98989898989899,6,100
0.011538461538461539,0.1,0.9827586206896551,0.017241379310344827,0.1,0.84,1,4883,57,9,0.1,0.011538461538461539,0.9866666666666667,6,100
0.012955465587044534,0.1,0.9846153846153847,0.015384615384615385,0.1,0.86,1,4876,64,9,0.1,0.012955465587044534,0.9852525252525253,6,100
0.01417004048582996,0.1,0.9859154929577465,0.014084507042253521,0.1,0.88,1,4870,70,9,0.1,0.01417004048582996,0.984040404040404,6,100
0.01720647773279352,0.1,0.9883720930232558,0.011627906976744186,0.1,0.9,1,4855,85,9,0.1,0.01720647773279352,0.981010101010101,6,100
0.02125506072874494,0.1,0.9905660377358491,0.009433962264150943,0.1,0.92,1,4835,105,9,0.1,0.02125506072874494,0.9769696969696969,6,100
0.02611336032388664,0.1,0.9923076923076923,0.007692307692307693,0.1,0.94,1,4811,129,9,0.1,0.02611336032388664,0.9721212121212122,6,100
0.038461538461538464,0.2,0.9895833333333334,0.010416666666666666,0.2,0.96,2,4750,190,8,0.2,0.038461538461538464,0.96,6,100
0.2089068825910931,0.5,0.9951783992285439,0.0048216007714561235,0.5,0.98,5,3908,1032,5,0.5,0.2089068825910931,0.7905050505050505,6,100
0.9682186234817813,1.0,0.9979136240350511,0.002086375964948884,1.0,1.0,10,157,4783,0,1.0,0.9682186234817813,0.03373737373737374,6,100
0.0,0.0,0.0,,0.0,0.02,0,4940,0,10,0.0,0.0,0.997979797979798,7,100
0.0,0.0,0.0,,0.0,0.04,0,4940,0,10,0.0,0.0,0.997979797979798,7,100
0.0,0.0,0.0,,0.0,0.06,0,4940,0,10,0.0,0.0,0.997979797979798,7,100
0.0,0.0,0.0,,0.0,0.08,0,4940,0,10,0.0,0.0,0.997979797979798,7,100
0.0,0.0,0.0,,0.0,0.1,0,4940,0,10,0.0,0.0,0.997979797979798,7,100
0.0,0.0,0.0,,0.0,0.12,0,4940,0,10,0.0,0.0,0.997979797979798,7,100
0.0,0.0,0.0,,0.0,0.14,0,4940,0,10,0.0,0.0,0.997979797979798,7,100
0.00020242914979757084,0.0,1.0,0.0,0.0,0.16,0,4939,1,10,0.0,0.00020242914979757084,0.9977777777777778,7,100
0.00020242914979757084,0.0,1.0,0.0,0.0,0.18,0,4939,1,10,0.0,0.00020242914979757084,0.9977777777777778,7,100
0.00020242914979757084,0.0,1.0,0.0,0.0,0.2,0,4939,1,10,0.0,0.00020242914979757084,0.9977777777777778,7,100
0.00020242914979757084,0.0,1.0,0.0,0.0,0.22,0,4939,1,10,0.0,0.00020242914979757084,0.9977777777777778,7,100
0.00020242914979757084,0.0,1.0,0.0,0.0,0.24,0,4939,1,10,0.0,0.00020242914979757084,0.9977777777777778,7,100
0.0006072874493927126,0.0,1.0,0.0,0.0,0.26,0,4937,3,10,0.0,0.0006072874493927126,0.9973737373737374,7,100
0.0006072874493927126,0.0,1.0,0.0,0.0,0.28,0,4937,3,10,0.0,0.0006072874493927126,0.9973737373737374,7,100
0.0006072874493927126,0.0,1.0,0.0,0.0,0.3,0,4937,3,10,0.0,0.0006072874493927126,0.9973737373737374,7,100
0.0006072874493927126,0.0,1.0,0.0,0.0,0.32,0,4937,3,10,0.0,0.0006072874493927126,0.9973737373737374,7,100
0.0006072874493927126,0.0,1.0,0.0,0.0,0.34,0,4937,3,10,0.0,0.0006072874493927126,0.9973737373737374,7,100
0.0006072874493927126,0.0,1.0,0.0,0.0,0.36,0,4937,3,10,0.0,0.0006072874493927126,0.9973737373737374,7,100
0.0006072874493927126,0.0,1.0,0.0,0.0,0.38,0,4937,3,10,0.0,0.0006072874493927126,0.9973737373737374,7,100
0.0006072874493927126,0.0,1.0,0.0,0.0,0.4,0,4937,3,10,0.0,0.0006072874493927126,0.9973737373737374,7,100
0.0006072874493927126,0.0,1.0,0.0,0.0,0.42,0,4937,3,10,0.0,0.0006072874493927126,0.9973737373737374,7,100
0.0006072874493927126,0.0,1.0,0.0,0.0,0.44,0,4937,3,10,0.0,0.0006072874493927126,0.9973737373737374,7,100
0.0006072874493927126,0.0,1.0,0.0,0.0,0.46,0,4937,3,10,0.0,0.0006072874493927126,0.9973737373737374,7,100
0.0006072874493927126,0.0,1.0,0.0,0.0,0.48,0,4937,3,10,0.0,0.0006072874493927126,0.9973737373737374,7,100
0.0006072874493927126,0.0,1.0,0.0,0.0,0.5,0,4937,3,10,0.0,0.0006072874493927126,0.9973737373737374,7,100
0.0006072874493927126,0.0,1.0,0.0,0.0,0.52,0,4937,3,10,0.0,0.0006072874493927126,0.9973737373737374,7,100
0.0006072874493927126,0.0,1.0,0.0,0.0,0.54,0,4937,3,10,0.0,0.0006072874493927126,0.9973737373737374,7,100
0.0006072874493927126,0.0,1.0,0.0,0.0,0.56,0,4937,3,10,0.0,0.0006072874493927126,0.9973737373737374,7,100
0.0006072874493927126,0.0,1.0,0.0,0.0,0.58,0,4937,3,10,0.0,0.0006072874493927126,0.9973737373737374,7,100
0.0006072874493927126,0.0,1.0,0.0,0.0,0.6,0,4937,3,10,0.0,0.0006072874493927126,0.9973737373737374,7,100
0.0006072874493927126,0.0,1.0,0.0,0.0,0.62,0,4937,3,10,0.0,0.0006072874493927126,0.9973737373737374,7,100
0.0006072874493927126,0.0,1.0,0.0,0.0,0.64,0,4937,3,10,0.0,0.0006072874493927126,0.9973737373737374,7,100
0.0006072874493927126,0.0,1.0,0.0,0.0,0.66,0,4937,3,10,0.0,0.0006072874493927126,0.9973737373737374,7,100
0.0018218623481781376,0.0,1.0,0.0,0.0,0.68,0,4931,9,10,0.0,0.0018218623481781376,0.9961616161616161,7,100
0.0018218623481781376,0.0,1.0,0.0,0.0,0.7,0,4931,9,10,0.0,0.0018218623481781376,0.9961616161616161,7,100
0.0018218623481781376,0.0,1.0,0.0,0.0,0.72,0,4931,9,10,0.0,0.0018218623481781376,0.9961616161616161,7,100
0.0018218623481781376,0.0,1.0,0.0,0.0,0.74,0,4931,9,10,0.0,0.0018218623481781376,0.9961616161616161,7,100
0.0018218623481781376,0.0,1.0,0.0,0.0,0.76,0,4931,9,10,0.0,0.0018218623481781376,0.9961616161616161,7,100
0.0018218623481781376,0.0,1.0,0.0,0.0,0.78,0,4931,9,10,0.0,0.0018218623481781376,0.9961616161616161,7,100
0.005263157894736842,0.1,0.9629629629629629,0.037037037037037035,0.1,0.8,1,4914,26,9,0.1,0.005263157894736842,0.9929292929292929,7,100
0.005263157894736842,0.1,0.9629629629629629,0.037037037037037035,0.1,0.82,1,4914,26,9,0.1,0.005263157894736842,0.9929292929292929,7,100
0.005263157894736842,0.1,0.9629629629629629,0.037037037037037035,0.1,0.84,1,4914,26,9,0.1,0.005263157894736842,0.9929292929292929,7,100
0.005263157894736842,0.1,0.9629629629629629,0.037037037037037035,0.1,0.86,1,4914,26,9,0.1,0.005263157894736842,0.9929292929292929,7,100
0.005263157894736842,0.1,0.9629629629629629,0.037037037037037035,0.1,0.88,1,4914,26,9,0.1,0.005263157894736842,0.9929292929292929,7,100
0.008906882591093117,0.2,0.9565217391304348,0.043478260869565216,0.2,0.9,2,4896,44,8,0.2,0.008906882591093117,0.9894949494949495,7,100
0.008906882591093117,0.2,0.9565217391304348,0.043478260869565216,0.2,0.92,2,4896,44,8,0.2,0.008906882591093117,0.9894949494949495,7,100
0.07854251012145749,0.3,0.9923273657289002,0.0076726342710997444,0.3,0.94,3,4552,388,7,0.3,0.07854251012145749,0.9202020202020202,7,100
0.10121457489878542,0.3,0.9940357852882704,0.005964214711729622,0.3,0.96,3,4440,500,7,0.3,0.10121457489878542,0.8975757575757576,7,100
0.1910931174089069,0.4,0.9957805907172996,0.004219409282700422,0.4,0.98,4,3996,944,6,0.4,0.1910931174089069,0.8080808080808081,7,100
0.554251012145749,0.6,0.9978134110787172,0.002186588921282799,0.6,1.0,6,2202,2738,4,0.6,0.554251012145749,0.44606060606060605,7,100
0.0,0.0,0.0,,0.0,0.02,0,4940,0,10,0.0,0.0,0.997979797979798,8,100
0.0,0.0,0.0,,0.0,0.04,0,4940,0,10,0.0,0.0,0.997979797979798,8,100
0.0,0.0,0.0,,0.0,0.06,0,4940,0,10,0.0,0.0,0.997979797979798,8,100
0.0,0.0,0.0,,0.0,0.08,0,4940,0,10,0.0,0.0,0.997979797979798,8,100
0.0,0.0,0.0,,0.0,0.1,0,4940,0,10,0.0,0.0,0.997979797979798,8,100
0.0,0.0,0.0,,0.0,0.12,0,4940,0,10,0.0,0.0,0.997979797979798,8,100
0.0,0.0,0.0,,0.0,0.14,0,4940,0,10,0.0,0.0,0.997979797979798,8,100
0.0,0.0,0.0,,0.0,0.16,0,4940,0,10,0.0,0.0,0.997979797979798,8,100
0.0,0.1,0.0,1.0,0.1,0.18,1,4940,0,9,0.1,0.0,0.9981818181818182,8,100
0.0,0.1,0.0,1.0,0.1,0.2,1,4940,0,9,0.1,0.0,0.9981818181818182,8,100
0.0,0.1,0.0,1.0,0.1,0.22,1,4940,0,9,0.1,0.0,0.9981818181818182,8,100
0.0,0.1,0.0,1.0,0.1,0.24,1,4940,0,9,0.1,0.0,0.9981818181818182,8,100
0.00020242914979757084,0.1,0.5,0.5,0.1,0.26,1,4939,1,9,0.1,0.00020242914979757084,0.997979797979798,8,100
0.00020242914979757084,0.1,0.5,0.5,0.1,0.28,1,4939,1,9,0.1,0.00020242914979757084,0.997979797979798,8,100
0.00020242914979757084,0.1,0.5,0.5,0.1,0.3,1,4939,1,9,0.1,0.00020242914979757084,0.997979797979798,8,100
0.00020242914979757084,0.1,0.5,0.5,0.1,0.32,1,4939,1,9,0.1,0.00020242914979757084,0.997979797979798,8,100
0.00020242914979757084,0.1,0.5,0.5,0.1,0.34,1,4939,1,9,0.1,0.00020242914979757084,0.997979797979798,8,100
0.00020242914979757084,0.1,0.5,0.5,0.1,0.36,1,4939,1,9,0.1,0.00020242914979757084,0.997979797979798,8,100
0.00020242914979757084,0.1,0.5,0.5,0.1,0.38,1,4939,1,9,0.1,0.00020242914979757084,0.997979797979798,8,100
0.0006072874493927126,0.1,0.75,0.25,0.1,0.4,1,4937,3,9,0.1,0.0006072874493927126,0.9975757575757576,8,100
0.0006072874493927126,0.1,0.75,0.25,0.1,0.42,1,4937,3,9,0.1,0.0006072874493927126,0.9975757575757576,8,100
0.0008097165991902834,0.1,0.8,0.2,0.1,0.44,1,4936,4,9,0.1,0.0008097165991902834,0.9973737373737374,8,100
0.0008097165991902834,0.1,0.8,0.2,0.1,0.46,1,4936,4,9,0.1,0.0008097165991902834,0.9973737373737374,8,100
0.0008097165991902834,0.1,0.8,0.2,0.1,0.48,1,4936,4,9,0.1,0.0008097165991902834,0.9973737373737374,8,100
0.0008097165991902834,0.1,0.8,0.2,0.1,0.5,1,4936,4,9,0.1,0.0008097165991902834,0.9973737373737374,8,100
0.0008097165991902834,0.1,0.8,0.2,0.1,0.52,1,4936,4,9,0.1,0.0008097165991902834,0.9973737373737374,8,100
0.0008097165991902834,0.1,0.8,0.2,0.1,0.54,1,4936,4,9,0.1,0.0008097165991902834,0.9973737373737374,8,100
0.0008097165991902834,0.1,0.8,0.2,0.1,0.56,1,4936,4,9,0.1,0.0008097165991902834,0.9973737373737374,8,100
0.0008097165991902834,0.1,0.8,0.2,0.1,0.58,1,4936,4,9,0.1,0.0008097165991902834,0.9973737373737374,8,100
0.0008097165991902834,0.1,0.8,0.2,0.1,0.6,1,4936,4,9,0.1,0.0008097165991902834,0.9973737373737374,8,100
0.0008097165991902834,0.1,0.8,0.2,0.1,0.62,1,4936,4,9,0.1,0.0008097165991902834,0.9973737373737374,8,100
0.0008097165991902834,0.1,0.8,0.2,0.1,0.64,1,4936,4,9,0.1,0.0008097165991902834,0.9973737373737374,8,100
0.0008097165991902834,0.1,0.8,0.2,0.1,0.66,1,4936,4,9,0.1,0.0008097165991902834,0.9973737373737374,8,100
0.0008097165991902834,0.1,0.8,0.2,0.1,0.68,1,4936,4,9,0.1,0.0008097165991902834,0.9973737373737374,8,100
0.0008097165991902834,0.1,0.8,0.2,0.1,0.7,1,4936,4,9,0.1,0.0008097165991902834,0.9973737373737374,8,100
0.0008097165991902834,0.1,0.8,0.2,0.1,0.72,1,4936,4,9,0.1,0.0008097165991902834,0.9973737373737374,8,100
0.0008097165991902834,0.1,0.8,0.2,0.1,0.74,1,4936,4,9,0.1,0.0008097165991902834,0.9973737373737374,8,100
0.0008097165991902834,0.1,0.8,0.2,0.1,0.76,1,4936,4,9,0.1,0.0008097165991902834,0.9973737373737374,8,100
0.0008097165991902834,0.1,0.8,0.2,0.1,0.78,1,4936,4,9,0.1,0.0008097165991902834,0.9973737373737374,8,100
0.0010121457489878543,0.1,0.8333333333333334,0.16666666666666666,0.1,0.8,1,4935,5,9,0.1,0.0010121457489878543,0.9971717171717172,8,100
0.001417004048582996,0.1,0.875,0.125,0.1,0.82,1,4933,7,9,0.1,0.001417004048582996,0.9967676767676767,8,100
0.010121457489878543,0.2,0.9615384615384616,0.038461538461538464,0.2,0.84,2,4890,50,8,0.2,0.010121457489878543,0.9882828282828283,8,100
0.010121457489878543,0.2,0.9615384615384616,0.038461538461538464,0.2,0.86,2,4890,50,8,0.2,0.010121457489878543,0.9882828282828283,8,100
0.02813765182186235,0.2,0.9858156028368794,0.014184397163120567,0.2,0.88,2,4801,139,8,0.2,0.02813765182186235,0.9703030303030303,8,100
0.04757085020242915,0.2,0.9915611814345991,0.008438818565400843,0.2,0.9,2,4705,235,8,0.2,0.04757085020242915,0.9509090909090909,8,100
0.06275303643724696,0.2,0.9935897435897436,0.00641025641025641,0.2,0.92,2,4630,310,8,0.2,0.06275303643724696,0.9357575757575758,8,100
0.06639676113360324,0.3,0.9909365558912386,0.00906344410876133,0.3,0.94,3,4612,328,7,0.3,0.06639676113360324,0.9323232323232323,8,100
0.06639676113360324,0.3,0.9909365558912386,0.00906344410876133,0.3,0.96,3,4612,328,7,0.3,0.06639676113360324,0.9323232323232323,8,100
0.07813765182186234,0.4,0.9897435897435898,0.010256410256410256,0.4,0.98,4,4554,386,6,0.4,0.07813765182186234,0.9208080808080809,8,100
0.932591093117409,1.0,0.9978340914013428,0.0021659085986571367,1.0,1.0,10,333,4607,0,1.0,0.932591093117409,0.0692929292929293,8,100
0.0,0.0,0.0,,0.0,0.02,0,4940,0,10,0.0,0.0,0.997979797979798,9,100
0.0,0.0,0.0,,0.0,0.04,0,4940,0,10,0.0,0.0,0.997979797979798,9,100
0.0,0.0,0.0,,0.0,0.06,0,4940,0,10,0.0,0.0,0.997979797979798,9,100
0.0,0.0,0.0,,0.0,0.08,0,4940,0,10,0.0,0.0,0.997979797979798,9,100
0.0,0.0,0.0,,0.0,0.1,0,4940,0,10,0.0,0.0,0.997979797979798,9,100
0.0004048582995951417,0.0,1.0,0.0,0.0,0.12,0,4938,2,10,0.0,0.0004048582995951417,0.9975757575757576,9,100
0.0004048582995951417,0.0,1.0,0.0,0.0,0.14,0,4938,2,10,0.0,0.0004048582995951417,0.9975757575757576,9,100
0.0004048582995951417,0.0,1.0,0.0,0.0,0.16,0,4938,2,10,0.0,0.0004048582995951417,0.9975757575757576,9,100
0.0004048582995951417,0.0,1.0,0.0,0.0,0.18,0,4938,2,10,0.0,0.0004048582995951417,0.9975757575757576,9,100
0.0004048582995951417,0.0,1.0,0.0,0.0,0.2,0,4938,2,10,0.0,0.0004048582995951417,0.9975757575757576,9,100
0.0004048582995951417,0.0,1.0,0.0,0.0,0.22,0,4938,2,10,0.0,0.0004048582995951417,0.9975757575757576,9,100
0.0004048582995951417,0.1,0.6666666666666666,0.3333333333333333,0.1,0.24,1,4938,2,9,0.1,0.0004048582995951417,0.9977777777777778,9,100
0.0018218623481781376,0.1,0.9,0.1,0.1,0.26,1,4931,9,9,0.1,0.0018218623481781376,0.9963636363636363,9,100
0.002226720647773279,0.2,0.8461538461538461,0.15384615384615385,0.2,0.28,2,4929,11,8,0.2,0.002226720647773279,0.9961616161616161,9,100
0.002226720647773279,0.2,0.8461538461538461,0.15384615384615385,0.2,0.3,2,4929,11,8,0.2,0.002226720647773279,0.9961616161616161,9,100
0.002226720647773279,0.2,0.8461538461538461,0.15384615384615385,0.2,0.32,2,4929,11,8,0.2,0.002226720647773279,0.9961616161616161,9,100
0.002226720647773279,0.2,0.8461538461538461,0.15384615384615385,0.2,0.34,2,4929,11,8,0.2,0.002226720647773279,0.9961616161616161,9,100
0.002226720647773279,0.2,0.8461538461538461,0.15384615384615385,0.2,0.36,2,4929,11,8,0.2,0.002226720647773279,0.9961616161616161,9,100
0.002226720647773279,0.2,0.8461538461538461,0.15384615384615385,0.2,0.38,2,4929,11,8,0.2,0.002226720647773279,0.9961616161616161,9,100
0.002226720647773279,0.2,0.8461538461538461,0.15384615384615385,0.2,0.4,2,4929,11,8,0.2,0.002226720647773279,0.9961616161616161,9,100
0.002226720647773279,0.2,0.8461538461538461,0.15384615384615385,0.2,0.42,2,4929,11,8,0.2,0.002226720647773279,0.9961616161616161,9,100
0.002226720647773279,0.2,0.8461538461538461,0.15384615384615385,0.2,0.44,2,4929,11,8,0.2,0.002226720647773279,0.9961616161616161,9,100
0.002834008097165992,0.2,0.875,0.125,0.2,0.46,2,4926,14,8,0.2,0.002834008097165992,0.9955555555555555,9,100
0.0032388663967611335,0.2,0.8888888888888888,0.1111111111111111,0.2,0.48,2,4924,16,8,0.2,0.0032388663967611335,0.9951515151515151,9,100
0.0032388663967611335,0.2,0.8888888888888888,0.1111111111111111,0.2,0.5,2,4924,16,8,0.2,0.0032388663967611335,0.9951515151515151,9,100
0.0034412955465587046,0.2,0.8947368421052632,0.10526315789473684,0.2,0.52,2,4923,17,8,0.2,0.0034412955465587046,0.9949494949494949,9,100
0.0034412955465587046,0.2,0.8947368421052632,0.10526315789473684,0.2,0.54,2,4923,17,8,0.2,0.0034412955465587046,0.9949494949494949,9,100
0.0034412955465587046,0.2,0.8947368421052632,0.10526315789473684,0.2,0.56,2,4923,17,8,0.2,0.0034412955465587046,0.9949494949494949,9,100
0.0034412955465587046,0.2,0.8947368421052632,0.10526315789473684,0.2,0.58,2,4923,17,8,0.2,0.0034412955465587046,0.9949494949494949,9,100
0.004048582995951417,0.2,0.9090909090909091,0.09090909090909091,0.2,0.6,2,4920,20,8,0.2,0.004048582995951417,0.9943434343434343,9,100
0.005263157894736842,0.2,0.9285714285714286,0.07142857142857142,0.2,0.62,2,4914,26,8,0.2,0.005263157894736842,0.9931313131313131,9,100
0.005263157894736842,0.2,0.9285714285714286,0.07142857142857142,0.2,0.64,2,4914,26,8,0.2,0.005263157894736842,0.9931313131313131,9,100
0.005263157894736842,0.2,0.9285714285714286,0.07142857142857142,0.2,0.66,2,4914,26,8,0.2,0.005263157894736842,0.9931313131313131,9,100
0.005465587044534413,0.2,0.9310344827586207,0.06896551724137931,0.2,0.68,2,4913,27,8,0.2,0.005465587044534413,0.9929292929292929,9,100
0.005465587044534413,0.2,0.9310344827586207,0.06896551724137931,0.2,0.7,2,4913,27,8,0.2,0.005465587044534413,0.9929292929292929,9,100
0.005870445344129555,0.2,0.9354838709677419,0.06451612903225806,0.2,0.72,2,4911,29,8,0.2,0.005870445344129555,0.9925252525252525,9,100
0.0066801619433198385,0.2,0.9428571428571428,0.05714285714285714,0.2,0.74,2,4907,33,8,0.2,0.0066801619433198385,0.9917171717171717,9,100
0.008299595141700405,0.3,0.9318181818181818,0.06818181818181818,0.3,0.76,3,4899,41,7,0.3,0.008299595141700405,0.9903030303030304,9,100
0.008299595141700405,0.3,0.9318181818181818,0.06818181818181818,0.3,0.78,3,4899,41,7,0.3,0.008299595141700405,0.9903030303030304,9,100
0.008906882591093117,0.3,0.9361702127659575,0.06382978723404255,0.3,0.8,3,4896,44,7,0.3,0.008906882591093117,0.9896969696969697,9,100
0.011336032388663968,0.3,0.9491525423728814,0.05084745762711865,0.3,0.82,3,4884,56,7,0.3,0.011336032388663968,0.9872727272727273,9,100
0.017611336032388663,0.4,0.9560439560439561,0.04395604395604396,0.4,0.84,4,4853,87,6,0.4,0.017611336032388663,0.9812121212121212,9,100
0.017611336032388663,0.4,0.9560439560439561,0.04395604395604396,0.4,0.86,4,4853,87,6,0.4,0.017611336032388663,0.9812121212121212,9,100
0.01902834008097166,0.4,0.9591836734693877,0.04081632653061224,0.4,0.88,4,4846,94,6,0.4,0.01902834008097166,0.9797979797979798,9,100
0.01902834008097166,0.4,0.9591836734693877,0.04081632653061224,0.4,0.9,4,4846,94,6,0.4,0.01902834008097166,0.9797979797979798,9,100
0.01902834008097166,0.4,0.9591836734693877,0.04081632653061224,0.4,0.92,4,4846,94,6,0.4,0.01902834008097166,0.9797979797979798,9,100
0.020040485829959515,0.4,0.9611650485436893,0.038834951456310676,0.4,0.94,4,4841,99,6,0.4,0.020040485829959515,0.9787878787878788,9,100
0.08299595141700405,0.4,0.9903381642512077,0.00966183574879227,0.4,0.96,4,4530,410,6,0.4,0.08299595141700405,0.915959595959596,9,100
0.08299595141700405,0.4,0.9903381642512077,0.00966183574879227,0.4,0.98,4,4530,410,6,0.4,0.08299595141700405,0.915959595959596,9,100
0.9672064777327936,1.0,0.9979114452798663,0.0020885547201336674,1.0,1.0,10,162,4778,0,1.0,0.9672064777327936,0.03474747474747475,9,100
0.0,0.0,0.0,,0.0,0.02,0,4940,0,10,0.0,0.0,0.997979797979798,10,100
0.0,0.0,0.0,,0.0,0.04,0,4940,0,10,0.0,0.0,0.997979797979798,10,100
0.0,0.0,0.0,,0.0,0.06,0,4940,0,10,0.0,0.0,0.997979797979798,10,100
0.0,0.0,0.0,,0.0,0.08,0,4940,0,10,0.0,0.0,0.997979797979798,10,100
0.0,0.0,0.0,,0.0,0.1,0,4940,0,10,0.0,0.0,0.997979797979798,10,100
0.0,0.0,0.0,,0.0,0.12,0,4940,0,10,0.0,0.0,0.997979797979798,10,100
0.0,0.0,0.0,,0.0,0.14,0,4940,0,10,0.0,0.0,0.997979797979798,10,100
0.0,0.0,0.0,,0.0,0.16,0,4940,0,10,0.0,0.0,0.997979797979798,10,100
0.00020242914979757084,0.0,1.0,0.0,0.0,0.18,0,4939,1,10,0.0,0.00020242914979757084,0.9977777777777778,10,100
0.00020242914979757084,0.0,1.0,0.0,0.0,0.2,0,4939,1,10,0.0,0.00020242914979757084,0.9977777777777778,10,100
0.00020242914979757084,0.0,1.0,0.0,0.0,0.22,0,4939,1,10,0.0,0.00020242914979757084,0.9977777777777778,10,100
0.00020242914979757084,0.0,1.0,0.0,0.0,0.24,0,4939,1,10,0.0,0.00020242914979757084,0.9977777777777778,10,100
0.00020242914979757084,0.0,1.0,0.0,0.0,0.26,0,4939,1,10,0.0,0.00020242914979757084,0.9977777777777778,10,100
0.00020242914979757084,0.0,1.0,0.0,0.0,0.28,0,4939,1,10,0.0,0.00020242914979757084,0.9977777777777778,10,100
0.00020242914979757084,0.0,1.0,0.0,0.0,0.3,0,4939,1,10,0.0,0.00020242914979757084,0.9977777777777778,10,100
0.00020242914979757084,0.0,1.0,0.0,0.0,0.32,0,4939,1,10,0.0,0.00020242914979757084,0.9977777777777778,10,100
0.00020242914979757084,0.0,1.0,0.0,0.0,0.34,0,4939,1,10,0.0,0.00020242914979757084,0.9977777777777778,10,100
0.00020242914979757084,0.0,1.0,0.0,0.0,0.36,0,4939,1,10,0.0,0.00020242914979757084,0.9977777777777778,10,100
0.00020242914979757084,0.0,1.0,0.0,0.0,0.38,0,4939,1,10,0.0,0.00020242914979757084,0.9977777777777778,10,100
0.00020242914979757084,0.0,1.0,0.0,0.0,0.4,0,4939,1,10,0.0,0.00020242914979757084,0.9977777777777778,10,100
0.00020242914979757084,0.0,1.0,0.0,0.0,0.42,0,4939,1,10,0.0,0.00020242914979757084,0.9977777777777778,10,100
0.00020242914979757084,0.0,1.0,0.0,0.0,0.44,0,4939,1,10,0.0,0.00020242914979757084,0.9977777777777778,10,100
0.00020242914979757084,0.0,1.0,0.0,0.0,0.46,0,4939,1,10,0.0,0.00020242914979757084,0.9977777777777778,10,100
0.00020242914979757084,0.0,1.0,0.0,0.0,0.48,0,4939,1,10,0.0,0.00020242914979757084,0.9977777777777778,10,100
0.00020242914979757084,0.0,1.0,0.0,0.0,0.5,0,4939,1,10,0.0,0.00020242914979757084,0.9977777777777778,10,100
0.0004048582995951417,0.0,1.0,0.0,0.0,0.52,0,4938,2,10,0.0,0.0004048582995951417,0.9975757575757576,10,100
0.0004048582995951417,0.0,1.0,0.0,0.0,0.54,0,4938,2,10,0.0,0.0004048582995951417,0.9975757575757576,10,100
0.0004048582995951417,0.0,1.0,0.0,0.0,0.56,0,4938,2,10,0.0,0.0004048582995951417,0.9975757575757576,10,100
0.0004048582995951417,0.0,1.0,0.0,0.0,0.58,0,4938,2,10,0.0,0.0004048582995951417,0.9975757575757576,10,100
0.0004048582995951417,0.0,1.0,0.0,0.0,0.6,0,4938,2,10,0.0,0.0004048582995951417,0.9975757575757576,10,100
0.0004048582995951417,0.0,1.0,0.0,0.0,0.62,0,4938,2,10,0.0,0.0004048582995951417,0.9975757575757576,10,100
0.0004048582995951417,0.0,1.0,0.0,0.0,0.64,0,4938,2,10,0.0,0.0004048582995951417,0.9975757575757576,10,100
0.0004048582995951417,0.0,1.0,0.0,0.0,0.66,0,4938,2,10,0.0,0.0004048582995951417,0.9975757575757576,10,100
0.0004048582995951417,0.0,1.0,0.0,0.0,0.68,0,4938,2,10,0.0,0.0004048582995951417,0.9975757575757576,10,100
0.0004048582995951417,0.0,1.0,0.0,0.0,0.7,0,4938,2,10,0.0,0.0004048582995951417,0.9975757575757576,10,100
0.0004048582995951417,0.0,1.0,0.0,0.0,0.72,0,4938,2,10,0.0,0.0004048582995951417,0.9975757575757576,10,100
0.0004048582995951417,0.0,1.0,0.0,0.0,0.74,0,4938,2,10,0.0,0.0004048582995951417,0.9975757575757576,10,100
0.0004048582995951417,0.0,1.0,0.0,0.0,0.76,0,4938,2,10,0.0,0.0004048582995951417,0.9975757575757576,10,100
0.0004048582995951417,0.0,1.0,0.0,0.0,0.78,0,4938,2,10,0.0,0.0004048582995951417,0.9975757575757576,10,100
0.0004048582995951417,0.0,1.0,0.0,0.0,0.8,0,4938,2,10,0.0,0.0004048582995951417,0.9975757575757576,10,100
0.0004048582995951417,0.0,1.0,0.0,0.0,0.82,0,4938,2,10,0.0,0.0004048582995951417,0.9975757575757576,10,100
0.0004048582995951417,0.0,1.0,0.0,0.0,0.84,0,4938,2,10,0.0,0.0004048582995951417,0.9975757575757576,10,100
0.0004048582995951417,0.0,1.0,0.0,0.0,0.86,0,4938,2,10,0.0,0.0004048582995951417,0.9975757575757576,10,100
0.0004048582995951417,0.0,1.0,0.0,0.0,0.88,0,4938,2,10,0.0,0.0004048582995951417,0.9975757575757576,10,100
0.06437246963562752,0.2,0.99375,0.00625,0.2,0.9,2,4622,318,8,0.2,0.06437246963562752,0.9341414141414142,10,100
0.07631578947368421,0.2,0.9947229551451188,0.005277044854881266,0.2,0.92,2,4563,377,8,0.2,0.07631578947368421,0.9222222222222223,10,100
0.08947368421052632,0.2,0.9954954954954955,0.0045045045045045045,0.2,0.94,2,4498,442,8,0.2,0.08947368421052632,0.9090909090909091,10,100
0.11477732793522268,0.3,0.9947368421052631,0.005263157894736842,0.3,0.96,3,4373,567,7,0.3,0.11477732793522268,0.8840404040404041,10,100
0.2785425101214575,0.5,0.99637943519189,0.003620564808110065,0.5,0.98,5,3564,1376,5,0.5,0.2785425101214575,0.721010101010101,10,100
0.7368421052631579,0.8,0.9978070175438597,0.0021929824561403508,0.8,1.0,8,1300,3640,2,0.8,0.7368421052631579,0.2642424242424242,10,100
0.0,0.0,0.0,,0.0,0.02,0,4940,0,10,0.0,0.0,0.997979797979798,11,100
0.0,0.0,0.0,,0.0,0.04,0,4940,0,10,0.0,0.0,0.997979797979798,11,100
0.0,0.0,0.0,,0.0,0.06,0,4940,0,10,0.0,0.0,0.997979797979798,11,100
0.0,0.0,0.0,,0.0,0.08,0,4940,0,10,0.0,0.0,0.997979797979798,11,100
0.0,0.0,0.0,,0.0,0.1,0,4940,0,10,0.0,0.0,0.997979797979798,11,100
0.0,0.0,0.0,,0.0,0.12,0,4940,0,10,0.0,0.0,0.997979797979798,11,100
0.0,0.0,0.0,,0.0,0.14,0,4940,0,10,0.0,0.0,0.997979797979798,11,100
0.0,0.0,0.0,,0.0,0.16,0,4940,0,10,0.0,0.0,0.997979797979798,11,100
0.0,0.0,0.0,,0.0,0.18,0,4940,0,10,0.0,0.0,0.997979797979798,11,100
0.0,0.0,0.0,,0.0,0.2,0,4940,0,10,0.0,0.0,0.997979797979798,11,100
0.0,0.0,0.0,,0.0,0.22,0,4940,0,10,0.0,0.0,0.997979797979798,11,100
0.0,0.0,0.0,,0.0,0.24,0,4940,0,10,0.0,0.0,0.997979797979798,11,100
0.0,0.0,0.0,,0.0,0.26,0,4940,0,10,0.0,0.0,0.997979797979798,11,100
0.0,0.0,0.0,,0.0,0.28,0,4940,0,10,0.0,0.0,0.997979797979798,11,100
0.0,0.0,0.0,,0.0,0.3,0,4940,0,10,0.0,0.0,0.997979797979798,11,100
0.0,0.0,0.0,,0.0,0.32,0,4940,0,10,0.0,0.0,0.997979797979798,11,100
0.0,0.0,0.0,,0.0,0.34,0,4940,0,10,0.0,0.0,0.997979797979798,11,100
0.0,0.0,0.0,,0.0,0.36,0,4940,0,10,0.0,0.0,0.997979797979798,11,100
0.0,0.0,0.0,,0.0,0.38,0,4940,0,10,0.0,0.0,0.997979797979798,11,100
0.0,0.0,0.0,,0.0,0.4,0,4940,0,10,0.0,0.0,0.997979797979798,11,100
0.0,0.0,0.0,,0.0,0.42,0,4940,0,10,0.0,0.0,0.997979797979798,11,100
0.0,0.0,0.0,,0.0,0.44,0,4940,0,10,0.0,0.0,0.997979797979798,11,100
0.0,0.0,0.0,,0.0,0.46,0,4940,0,10,0.0,0.0,0.997979797979798,11,100
0.0,0.0,0.0,,0.0,0.48,0,4940,0,10,0.0,0.0,0.997979797979798,11,100
0.0,0.0,0.0,,0.0,0.5,0,4940,0,10,0.0,0.0,0.997979797979798,11,100
0.0,0.0,0.0,,0.0,0.52,0,4940,0,10,0.0,0.0,0.997979797979798,11,100
0.0,0.0,0.0,,0.0,0.54,0,4940,0,10,0.0,0.0,0.997979797979798,11,100
0.0,0.0,0.0,,0.0,0.56,0,4940,0,10,0.0,0.0,0.997979797979798,11,100
0.0,0.0,0.0,,0.0,0.58,0,4940,0,10,0.0,0.0,0.997979797979798,11,100
0.0,0.0,0.0,,0.0,0.6,0,4940,0,10,0.0,0.0,0.997979797979798,11,100
0.0,0.0,0.0,,0.0,0.62,0,4940,0,10,0.0,0.0,0.997979797979798,11,100
0.0,0.0,0.0,,0.0,0.64,0,4940,0,10,0.0,0.0,0.997979797979798,11,100
0.0,0.0,0.0,,0.0,0.66,0,4940,0,10,0.0,0.0,0.997979797979798,11,100
0.0,0.0,0.0,,0.0,0.68,0,4940,0,10,0.0,0.0,0.997979797979798,11,100
0.0,0.0,0.0,,0.0,0.7,0,4940,0,10,0.0,0.0,0.997979797979798,11,100
0.0,0.0,0.0,,0.0,0.72,0,4940,0,10,0.0,0.0,0.997979797979798,11,100
0.0,0.0,0.0,,0.0,0.74,0,4940,0,10,0.0,0.0,0.997979797979798,11,100
0.0,0.0,0.0,,0.0,0.76,0,4940,0,10,0.0,0.0,0.997979797979798,11,100
0.0,0.0,0.0,,0.0,0.78,0,4940,0,10,0.0,0.0,0.997979797979798,11,100
0.004453441295546558,0.1,0.9565217391304348,0.043478260869565216,0.1,0.8,1,4918,22,9,0.1,0.004453441295546558,0.9937373737373737,11,100
0.008097165991902834,0.1,0.975609756097561,0.024390243902439025,0.1,0.82,1,4900,40,9,0.1,0.008097165991902834,0.9901010101010101,11,100
0.008097165991902834,0.1,0.975609756097561,0.024390243902439025,0.1,0.84,1,4900,40,9,0.1,0.008097165991902834,0.9901010101010101,11,100
0.008097165991902834,0.1,0.975609756097561,0.024390243902439025,0.1,0.86,1,4900,40,9,0.1,0.008097165991902834,0.9901010101010101,11,100
0.010728744939271255,0.1,0.9814814814814815,0.018518518518518517,0.1,0.88,1,4887,53,9,0.1,0.010728744939271255,0.9874747474747475,11,100
0.029554655870445343,0.2,0.9864864864864865,0.013513513513513514,0.2,0.9,2,4794,146,8,0.2,0.029554655870445343,0.9688888888888889,11,100
0.04311740890688259,0.2,0.9906976744186047,0.009302325581395349,0.2,0.92,2,4727,213,8,0.2,0.04311740890688259,0.9553535353535354,11,100
0.06072874493927125,0.2,0.9933774834437086,0.006622516556291391,0.2,0.94,2,4640,300,8,0.2,0.06072874493927125,0.9377777777777778,11,100
0.06417004048582996,0.2,0.9937304075235109,0.006269592476489028,0.2,0.96,2,4623,317,8,0.2,0.06417004048582996,0.9343434343434344,11,100
0.2582995951417004,0.6,0.9953198127925117,0.0046801872074883,0.6,0.98,6,3664,1276,4,0.6,0.2582995951417004,0.7414141414141414,11,100
0.9706477732793523,1.0,0.9979188345473465,0.002081165452653486,1.0,1.0,10,145,4795,0,1.0,0.9706477732793523,0.031313131313131314,11,100
0.0,0.0,0.0,,0.0,0.02,0,4940,0,10,0.0,0.0,0.997979797979798,12,100
0.0,0.0,0.0,,0.0,0.04,0,4940,0,10,0.0,0.0,0.997979797979798,12,100
0.0,0.0,0.0,,0.0,0.06,0,4940,0,10,0.0,0.0,0.997979797979798,12,100
0.0,0.0,0.0,,0.0,0.08,0,4940,0,10,0.0,0.0,0.997979797979798,12,100
0.0,0.0,0.0,,0.0,0.1,0,4940,0,10,0.0,0.0,0.997979797979798,12,100
0.0,0.0,0.0,,0.0,0.12,0,4940,0,10,0.0,0.0,0.997979797979798,12,100
0.0,0.0,0.0,,0.0,0.14,0,4940,0,10,0.0,0.0,0.997979797979798,12,100
0.0,0.0,0.0,,0.0,0.16,0,4940,0,10,0.0,0.0,0.997979797979798,12,100
0.00020242914979757084,0.0,1.0,0.0,0.0,0.18,0,4939,1,10,0.0,0.00020242914979757084,0.9977777777777778,12,100
0.00020242914979757084,0.0,1.0,0.0,0.0,0.2,0,4939,1,10,0.0,0.00020242914979757084,0.9977777777777778,12,100
0.00020242914979757084,0.0,1.0,0.0,0.0,0.22,0,4939,1,10,0.0,0.00020242914979757084,0.9977777777777778,12,100
0.00020242914979757084,0.0,1.0,0.0,0.0,0.24,0,4939,1,10,0.0,0.00020242914979757084,0.9977777777777778,12,100
0.00020242914979757084,0.0,1.0,0.0,0.0,0.26,0,4939,1,10,0.0,0.00020242914979757084,0.9977777777777778,12,100
0.00020242914979757084,0.0,1.0,0.0,0.0,0.28,0,4939,1,10,0.0,0.00020242914979757084,0.9977777777777778,12,100
0.00020242914979757084,0.0,1.0,0.0,0.0,0.3,0,4939,1,10,0.0,0.00020242914979757084,0.9977777777777778,12,100
0.00020242914979757084,0.0,1.0,0.0,0.0,0.32,0,4939,1,10,0.0,0.00020242914979757084,0.9977777777777778,12,100
0.00020242914979757084,0.0,1.0,0.0,0.0,0.34,0,4939,1,10,0.0,0.00020242914979757084,0.9977777777777778,12,100
0.00020242914979757084,0.0,1.0,0.0,0.0,0.36,0,4939,1,10,0.0,0.00020242914979757084,0.9977777777777778,12,100
0.00020242914979757084,0.0,1.0,0.0,0.0,0.38,0,4939,1,10,0.0,0.00020242914979757084,0.9977777777777778,12,100
0.00020242914979757084,0.0,1.0,0.0,0.0,0.4,0,4939,1,10,0.0,0.00020242914979757084,0.9977777777777778,12,100
0.00020242914979757084,0.0,1.0,0.0,0.0,0.42,0,4939,1,10,0.0,0.00020242914979757084,0.9977777777777778,12,100
0.00020242914979757084,0.0,1.0,0.0,0.0,0.44,0,4939,1,10,0.0,0.00020242914979757084,0.9977777777777778,12,100
0.00020242914979757084,0.0,1.0,0.0,0.0,0.46,0,4939,1,10,0.0,0.00020242914979757084,0.9977777777777778,12,100
0.00020242914979757084,0.0,1.0,0.0,0.0,0.48,0,4939,1,10,0.0,0.00020242914979757084,0.9977777777777778,12,100
0.00020242914979757084,0.0,1.0,0.0,0.0,0.5,0,4939,1,10,0.0,0.00020242914979757084,0.9977777777777778,12,100
0.00020242914979757084,0.0,1.0,0.0,0.0,0.52,0,4939,1,10,0.0,0.00020242914979757084,0.9977777777777778,12,100
0.0008097165991902834,0.0,1.0,0.0,0.0,0.54,0,4936,4,10,0.0,0.0008097165991902834,0.9971717171717172,12,100
0.0008097165991902834,0.0,1.0,0.0,0.0,0.56,0,4936,4,10,0.0,0.0008097165991902834,0.9971717171717172,12,100
0.0008097165991902834,0.0,1.0,0.0,0.0,0.58,0,4936,4,10,0.0,0.0008097165991902834,0.9971717171717172,12,100
0.0008097165991902834,0.0,1.0,0.0,0.0,0.6,0,4936,4,10,0.0,0.0008097165991902834,0.9971717171717172,12,100
0.0008097165991902834,0.0,1.0,0.0,0.0,0.62,0,4936,4,10,0.0,0.0008097165991902834,0.9971717171717172,12,100
0.0008097165991902834,0.0,1.0,0.0,0.0,0.64,0,4936,4,10,0.0,0.0008097165991902834,0.9971717171717172,12,100
0.0008097165991902834,0.0,1.0,0.0,0.0,0.66,0,4936,4,10,0.0,0.0008097165991902834,0.9971717171717172,12,100
0.002226720647773279,0.0,1.0,0.0,0.0,0.68,0,4929,11,10,0.0,0.002226720647773279,0.9957575757575757,12,100
0.002226720647773279,0.0,1.0,0.0,0.0,0.7,0,4929,11,10,0.0,0.002226720647773279,0.9957575757575757,12,100
0.002226720647773279,0.0,1.0,0.0,0.0,0.72,0,4929,11,10,0.0,0.002226720647773279,0.9957575757575757,12,100
0.002226720647773279,0.0,1.0,0.0,0.0,0.74,0,4929,11,10,0.0,0.002226720647773279,0.9957575757575757,12,100
0.002226720647773279,0.0,1.0,0.0,0.0,0.76,0,4929,11,10,0.0,0.002226720647773279,0.9957575757575757,12,100
0.002226720647773279,0.0,1.0,0.0,0.0,0.78,0,4929,11,10,0.0,0.002226720647773279,0.9957575757575757,12,100
0.002226720647773279,0.0,1.0,0.0,0.0,0.8,0,4929,11,10,0.0,0.002226720647773279,0.9957575757575757,12,100
0.002226720647773279,0.0,1.0,0.0,0.0,0.82,0,4929,11,10,0.0,0.002226720647773279,0.9957575757575757,12,100
0.002226720647773279,0.0,1.0,0.0,0.0,0.84,0,4929,11,10,0.0,0.002226720647773279,0.9957575757575757,12,100
0.002226720647773279,0.0,1.0,0.0,0.0,0.86,0,4929,11,10,0.0,0.002226720647773279,0.9957575757575757,12,100
0.005060728744939271,0.1,0.9615384615384616,0.038461538461538464,0.1,0.88,1,4915,25,9,0.1,0.005060728744939271,0.9931313131313131,12,100
0.005668016194331984,0.1,0.9655172413793104,0.034482758620689655,0.1,0.9,1,4912,28,9,0.1,0.005668016194331984,0.9925252525252525,12,100
0.006275303643724696,0.1,0.96875,0.03125,0.1,0.92,1,4909,31,9,0.1,0.006275303643724696,0.9919191919191919,12,100
0.032591093117408904,0.2,0.9877300613496932,0.012269938650306749,0.2,0.94,2,4779,161,8,0.2,0.032591093117408904,0.9658585858585859,12,100
0.07914979757085021,0.2,0.9949109414758269,0.005089058524173028,0.2,0.96,2,4549,391,8,0.2,0.07914979757085021,0.9193939393939394,12,100
0.10080971659919029,0.2,0.996,0.004,0.2,0.98,2,4442,498,8,0.2,0.10080971659919029,0.8977777777777778,12,100
0.9327935222672065,1.0,0.9978345604157643,0.0021654395842356,1.0,1.0,10,332,4608,0,1.0,0.9327935222672065,0.06909090909090909,12,100
0.0,0.0,0.0,,0.0,0.02,0,4940,0,10,0.0,0.0,0.997979797979798,13,100
0.0,0.0,0.0,,0.0,0.04,0,4940,0,10,0.0,0.0,0.997979797979798,13,100
0.0,0.0,0.0,,0.0,0.06,0,4940,0,10,0.0,0.0,0.997979797979798,13,100
0.0,0.0,0.0,,0.0,0.08,0,4940,0,10,0.0,0.0,0.997979797979798,13,100
0.0,0.0,0.0,,0.0,0.1,0,4940,0,10,0.0,0.0,0.997979797979798,13,100
0.0,0.0,0.0,,0.0,0.12,0,4940,0,10,0.0,0.0,0.997979797979798,13,100
0.0,0.0,0.0,,0.0,0.14,0,4940,0,10,0.0,0.0,0.997979797979798,13,100
0.0,0.0,0.0,,0.0,0.16,0,4940,0,10,0.0,0.0,0.997979797979798,13,100
0.0,0.0,0.0,,0.0,0.18,0,4940,0,10,0.0,0.0,0.997979797979798,13,100
0.0,0.0,0.0,,0.0,0.2,0,4940,0,10,0.0,0.0,0.997979797979798,13,100
0.0,0.0,0.0,,0.0,0.22,0,4940,0,10,0.0,0.0,0.997979797979798,13,100
0.0,0.0,0.0,,0.0,0.24,0,4940,0,10,0.0,0.0,0.997979797979798,13,100
0.0,0.0,0.0,,0.0,0.26,0,4940,0,10,0.0,0.0,0.997979797979798,13,100
0.0,0.0,0.0,,0.0,0.28,0,4940,0,10,0.0,0.0,0.997979797979798,13,100
0.0,0.0,0.0,,0.0,0.3,0,4940,0,10,0.0,0.0,0.997979797979798,13,100
0.0,0.0,0.0,,0.0,0.32,0,4940,0,10,0.0,0.0,0.997979797979798,13,100
0.0,0.0,0.0,,0.0,0.34,0,4940,0,10,0.0,0.0,0.997979797979798,13,100
0.0,0.0,0.0,,0.0,0.36,0,4940,0,10,0.0,0.0,0.997979797979798,13,100
0.0,0.0,0.0,,0.0,0.38,0,4940,0,10,0.0,0.0,0.997979797979798,13,100
0.0,0.0,0.0,,0.0,0.4,0,4940,0,10,0.0,0.0,0.997979797979798,13,100
0.0,0.0,0.0,,0.0,0.42,0,4940,0,10,0.0,0.0,0.997979797979798,13,100
0.0,0.0,0.0,,0.0,0.44,0,4940,0,10,0.0,0.0,0.997979797979798,13,100
0.0,0.0,0.0,,0.0,0.46,0,4940,0,10,0.0,0.0,0.997979797979798,13,100
0.0,0.0,0.0,,0.0,0.48,0,4940,0,10,0.0,0.0,0.997979797979798,13,100
0.0,0.0,0.0,,0.0,0.5,0,4940,0,10,0.0,0.0,0.997979797979798,13,100
0.0,0.0,0.0,,0.0,0.52,0,4940,0,10,0.0,0.0,0.997979797979798,13,100
0.0,0.0,0.0,,0.0,0.54,0,4940,0,10,0.0,0.0,0.997979797979798,13,100
0.0,0.0,0.0,,0.0,0.56,0,4940,0,10,0.0,0.0,0.997979797979798,13,100
0.0,0.0,0.0,,0.0,0.58,0,4940,0,10,0.0,0.0,0.997979797979798,13,100
0.0,0.0,0.0,,0.0,0.6,0,4940,0,10,0.0,0.0,0.997979797979798,13,100
0.0,0.0,0.0,,0.0,0.62,0,4940,0,10,0.0,0.0,0.997979797979798,13,100
0.0,0.0,0.0,,0.0,0.64,0,4940,0,10,0.0,0.0,0.997979797979798,13,100
0.0,0.0,0.0,,0.0,0.66,0,4940,0,10,0.0,0.0,0.997979797979798,13,100
0.0,0.0,0.0,,0.0,0.68,0,4940,0,10,0.0,0.0,0.997979797979798,13,100
0.0,0.0,0.0,,0.0,0.7,0,4940,0,10,0.0,0.0,0.997979797979798,13,100
0.0,0.0,0.0,,0.0,0.72,0,4940,0,10,0.0,0.0,0.997979797979798,13,100
0.0,0.0,0.0,,0.0,0.74,0,4940,0,10,0.0,0.0,0.997979797979798,13,100
0.0,0.0,0.0,,0.0,0.76,0,4940,0,10,0.0,0.0,0.997979797979798,13,100
0.0,0.0,0.0,,0.0,0.78,0,4940,0,10,0.0,0.0,0.997979797979798,13,100
0.0,0.0,0.0,,0.0,0.8,0,4940,0,10,0.0,0.0,0.997979797979798,13,100
0.0,0.0,0.0,,0.0,0.82,0,4940,0,10,0.0,0.0,0.997979797979798,13,100
0.0,0.0,0.0,,0.0,0.84,0,4940,0,10,0.0,0.0,0.997979797979798,13,100
0.0,0.0,0.0,,0.0,0.86,0,4940,0,10,0.0,0.0,0.997979797979798,13,100
0.0,0.0,0.0,,0.0,0.88,0,4940,0,10,0.0,0.0,0.997979797979798,13,100
0.021052631578947368,0.2,0.9811320754716981,0.018867924528301886,0.2,0.9,2,4836,104,8,0.2,0.021052631578947368,0.9773737373737373,13,100
0.021052631578947368,0.2,0.9811320754716981,0.018867924528301886,0.2,0.92,2,4836,104,8,0.2,0.021052631578947368,0.9773737373737373,13,100
0.043927125506072875,0.2,0.9908675799086758,0.0091324200913242,0.2,0.94,2,4723,217,8,0.2,0.043927125506072875,0.9545454545454546,13,100
0.043927125506072875,0.2,0.9908675799086758,0.0091324200913242,0.2,0.96,2,4723,217,8,0.2,0.043927125506072875,0.9545454545454546,13,100
0.045344129554655874,0.2,0.9911504424778761,0.008849557522123894,0.2,0.98,2,4716,224,8,0.2,0.045344129554655874,0.9531313131313132,13,100
0.051821862348178135,0.2,0.9922480620155039,0.007751937984496124,0.2,1.0,2,4684,256,8,0.2,0.051821862348178135,0.9466666666666667,13,100
0.0,0.0,0.0,,0.0,0.02,0,4940,0,10,0.0,0.0,0.997979797979798,14,100
0.0,0.0,0.0,,0.0,0.04,0,4940,0,10,0.0,0.0,0.997979797979798,14,100
0.0,0.0,0.0,,0.0,0.06,0,4940,0,10,0.0,0.0,0.997979797979798,14,100
0.0,0.0,0.0,,0.0,0.08,0,4940,0,10,0.0,0.0,0.997979797979798,14,100
0.0,0.0,0.0,,0.0,0.1,0,4940,0,10,0.0,0.0,0.997979797979798,14,100
0.0,0.0,0.0,,0.0,0.12,0,4940,0,10,0.0,0.0,0.997979797979798,14,100
0.0,0.0,0.0,,0.0,0.14,0,4940,0,10,0.0,0.0,0.997979797979798,14,100
0.0,0.0,0.0,,0.0,0.16,0,4940,0,10,0.0,0.0,0.997979797979798,14,100
0.0,0.0,0.0,,0.0,0.18,0,4940,0,10,0.0,0.0,0.997979797979798,14,100
0.0,0.0,0.0,,0.0,0.2,0,4940,0,10,0.0,0.0,0.997979797979798,14,100
0.0,0.0,0.0,,0.0,0.22,0,4940,0,10,0.0,0.0,0.997979797979798,14,100
0.0,0.0,0.0,,0.0,0.24,0,4940,0,10,0.0,0.0,0.997979797979798,14,100
0.0,0.0,0.0,,0.0,0.26,0,4940,0,10,0.0,0.0,0.997979797979798,14,100
0.0,0.0,0.0,,0.0,0.28,0,4940,0,10,0.0,0.0,0.997979797979798,14,100
0.0,0.0,0.0,,0.0,0.3,0,4940,0,10,0.0,0.0,0.997979797979798,14,100
0.0,0.0,0.0,,0.0,0.32,0,4940,0,10,0.0,0.0,0.997979797979798,14,100
0.0,0.0,0.0,,0.0,0.34,0,4940,0,10,0.0,0.0,0.997979797979798,14,100
0.0,0.0,0.0,,0.0,0.36,0,4940,0,10,0.0,0.0,0.997979797979798,14,100
0.0,0.0,0.0,,0.0,0.38,0,4940,0,10,0.0,0.0,0.997979797979798,14,100
0.0,0.0,0.0,,0.0,0.4,0,4940,0,10,0.0,0.0,0.997979797979798,14,100
0.0,0.0,0.0,,0.0,0.42,0,4940,0,10,0.0,0.0,0.997979797979798,14,100
0.0,0.0,0.0,,0.0,0.44,0,4940,0,10,0.0,0.0,0.997979797979798,14,100
0.0010121457489878543,0.0,1.0,0.0,0.0,0.46,0,4935,5,10,0.0,0.0010121457489878543,0.996969696969697,14,100
0.0010121457489878543,0.0,1.0,0.0,0.0,0.48,0,4935,5,10,0.0,0.0010121457489878543,0.996969696969697,14,100
0.0010121457489878543,0.0,1.0,0.0,0.0,0.5,0,4935,5,10,0.0,0.0010121457489878543,0.996969696969697,14,100
0.0010121457489878543,0.0,1.0,0.0,0.0,0.52,0,4935,5,10,0.0,0.0010121457489878543,0.996969696969697,14,100
0.0010121457489878543,0.0,1.0,0.0,0.0,0.54,0,4935,5,10,0.0,0.0010121457489878543,0.996969696969697,14,100
0.0010121457489878543,0.0,1.0,0.0,0.0,0.56,0,4935,5,10,0.0,0.0010121457489878543,0.996969696969697,14,100
0.0010121457489878543,0.0,1.0,0.0,0.0,0.58,0,4935,5,10,0.0,0.0010121457489878543,0.996969696969697,14,100
0.0010121457489878543,0.0,1.0,0.0,0.0,0.6,0,4935,5,10,0.0,0.0010121457489878543,0.996969696969697,14,100
0.0010121457489878543,0.0,1.0,0.0,0.0,0.62,0,4935,5,10,0.0,0.0010121457489878543,0.996969696969697,14,100
0.0010121457489878543,0.0,1.0,0.0,0.0,0.64,0,4935,5,10,0.0,0.0010121457489878543,0.996969696969697,14,100
0.0010121457489878543,0.0,1.0,0.0,0.0,0.66,0,4935,5,10,0.0,0.0010121457489878543,0.996969696969697,14,100
0.0012145748987854252,0.0,1.0,0.0,0.0,0.68,0,4934,6,10,0.0,0.0012145748987854252,0.9967676767676767,14,100
0.0012145748987854252,0.0,1.0,0.0,0.0,0.7,0,4934,6,10,0.0,0.0012145748987854252,0.9967676767676767,14,100
0.0012145748987854252,0.0,1.0,0.0,0.0,0.72,0,4934,6,10,0.0,0.0012145748987854252,0.9967676767676767,14,100
0.0012145748987854252,0.0,1.0,0.0,0.0,0.74,0,4934,6,10,0.0,0.0012145748987854252,0.9967676767676767,14,100
0.0012145748987854252,0.0,1.0,0.0,0.0,0.76,0,4934,6,10,0.0,0.0012145748987854252,0.9967676767676767,14,100
0.0012145748987854252,0.0,1.0,0.0,0.0,0.78,0,4934,6,10,0.0,0.0012145748987854252,0.9967676767676767,14,100
0.0012145748987854252,0.0,1.0,0.0,0.0,0.8,0,4934,6,10,0.0,0.0012145748987854252,0.9967676767676767,14,100
0.0012145748987854252,0.0,1.0,0.0,0.0,0.82,0,4934,6,10,0.0,0.0012145748987854252,0.9967676767676767,14,100
0.0012145748987854252,0.0,1.0,0.0,0.0,0.84,0,4934,6,10,0.0,0.0012145748987854252,0.9967676767676767,14,100
0.0012145748987854252,0.0,1.0,0.0,0.0,0.86,0,4934,6,10,0.0,0.0012145748987854252,0.9967676767676767,14,100
0.0012145748987854252,0.0,1.0,0.0,0.0,0.88,0,4934,6,10,0.0,0.0012145748987854252,0.9967676767676767,14,100
0.006072874493927126,0.0,1.0,0.0,0.0,0.9,0,4910,30,10,0.0,0.006072874493927126,0.9919191919191919,14,100
0.0066801619433198385,0.0,1.0,0.0,0.0,0.92,0,4907,33,10,0.0,0.0066801619433198385,0.9913131313131314,14,100
0.0066801619433198385,0.0,1.0,0.0,0.0,0.94,0,4907,33,10,0.0,0.0066801619433198385,0.9913131313131314,14,100
0.009109311740890687,0.0,1.0,0.0,0.0,0.96,0,4895,45,10,0.0,0.009109311740890687,0.9888888888888889,14,100
0.22793522267206479,0.4,0.9964601769911504,0.0035398230088495575,0.4,0.98,4,3814,1126,6,0.4,0.22793522267206479,0.7713131313131313,14,100
0.9706477732793523,1.0,0.9979188345473465,0.002081165452653486,1.0,1.0,10,145,4795,0,1.0,0.9706477732793523,0.031313131313131314,14,100
0.0,0.0,0.0,,0.0,0.02,0,4940,0,10,0.0,0.0,0.997979797979798,15,100
0.0,0.0,0.0,,0.0,0.04,0,4940,0,10,0.0,0.0,0.997979797979798,15,100
0.0,0.0,0.0,,0.0,0.06,0,4940,0,10,0.0,0.0,0.997979797979798,15,100
0.0,0.0,0.0,,0.0,0.08,0,4940,0,10,0.0,0.0,0.997979797979798,15,100
0.0,0.0,0.0,,0.0,0.1,0,4940,0,10,0.0,0.0,0.997979797979798,15,100
0.0,0.0,0.0,,0.0,0.12,0,4940,0,10,0.0,0.0,0.997979797979798,15,100
0.0,0.0,0.0,,0.0,0.14,0,4940,0,10,0.0,0.0,0.997979797979798,15,100
0.0,0.0,0.0,,0.0,0.16,0,4940,0,10,0.0,0.0,0.997979797979798,15,100
0.0,0.0,0.0,,0.0,0.18,0,4940,0,10,0.0,0.0,0.997979797979798,15,100
0.0,0.0,0.0,,0.0,0.2,0,4940,0,10,0.0,0.0,0.997979797979798,15,100
0.0,0.0,0.0,,0.0,0.22,0,4940,0,10,0.0,0.0,0.997979797979798,15,100
0.0,0.0,0.0,,0.0,0.24,0,4940,0,10,0.0,0.0,0.997979797979798,15,100
0.0,0.0,0.0,,0.0,0.26,0,4940,0,10,0.0,0.0,0.997979797979798,15,100
0.0,0.0,0.0,,0.0,0.28,0,4940,0,10,0.0,0.0,0.997979797979798,15,100
0.0,0.0,0.0,,0.0,0.3,0,4940,0,10,0.0,0.0,0.997979797979798,15,100
0.0,0.0,0.0,,0.0,0.32,0,4940,0,10,0.0,0.0,0.997979797979798,15,100
0.0006072874493927126,0.0,1.0,0.0,0.0,0.34,0,4937,3,10,0.0,0.0006072874493927126,0.9973737373737374,15,100
0.0012145748987854252,0.0,1.0,0.0,0.0,0.36,0,4934,6,10,0.0,0.0012145748987854252,0.9967676767676767,15,100
0.0012145748987854252,0.0,1.0,0.0,0.0,0.38,0,4934,6,10,0.0,0.0012145748987854252,0.9967676767676767,15,100
0.0012145748987854252,0.0,1.0,0.0,0.0,0.4,0,4934,6,10,0.0,0.0012145748987854252,0.9967676767676767,15,100
0.0012145748987854252,0.0,1.0,0.0,0.0,0.42,0,4934,6,10,0.0,0.0012145748987854252,0.9967676767676767,15,100
0.0012145748987854252,0.0,1.0,0.0,0.0,0.44,0,4934,6,10,0.0,0.0012145748987854252,0.9967676767676767,15,100
0.0012145748987854252,0.0,1.0,0.0,0.0,0.46,0,4934,6,10,0.0,0.0012145748987854252,0.9967676767676767,15,100
0.001417004048582996,0.1,0.875,0.125,0.1,0.48,1,4933,7,9,0.1,0.001417004048582996,0.9967676767676767,15,100
0.0016194331983805667,0.1,0.8888888888888888,0.1111111111111111,0.1,0.5,1,4932,8,9,0.1,0.0016194331983805667,0.9965656565656565,15,100
0.0016194331983805667,0.1,0.8888888888888888,0.1111111111111111,0.1,0.52,1,4932,8,9,0.1,0.0016194331983805667,0.9965656565656565,15,100
0.0016194331983805667,0.1,0.8888888888888888,0.1111111111111111,0.1,0.54,1,4932,8,9,0.1,0.0016194331983805667,0.9965656565656565,15,100
0.0016194331983805667,0.1,0.8888888888888888,0.1111111111111111,0.1,0.56,1,4932,8,9,0.1,0.0016194331983805667,0.9965656565656565,15,100
0.0018218623481781376,0.1,0.9,0.1,0.1,0.58,1,4931,9,9,0.1,0.0018218623481781376,0.9963636363636363,15,100
0.0020242914979757085,0.1,0.9090909090909091,0.09090909090909091,0.1,0.6,1,4930,10,9,0.1,0.0020242914979757085,0.9961616161616161,15,100
0.0020242914979757085,0.1,0.9090909090909091,0.09090909090909091,0.1,0.62,1,4930,10,9,0.1,0.0020242914979757085,0.9961616161616161,15,100
0.0020242914979757085,0.1,0.9090909090909091,0.09090909090909091,0.1,0.64,1,4930,10,9,0.1,0.0020242914979757085,0.9961616161616161,15,100
0.0020242914979757085,0.1,0.9090909090909091,0.09090909090909091,0.1,0.66,1,4930,10,9,0.1,0.0020242914979757085,0.9961616161616161,15,100
0.0020242914979757085,0.1,0.9090909090909091,0.09090909090909091,0.1,0.68,1,4930,10,9,0.1,0.0020242914979757085,0.9961616161616161,15,100
0.002631578947368421,0.1,0.9285714285714286,0.07142857142857142,0.1,0.7,1,4927,13,9,0.1,0.002631578947368421,0.9955555555555555,15,100
0.013157894736842105,0.1,0.9848484848484849,0.015151515151515152,0.1,0.72,1,4875,65,9,0.1,0.013157894736842105,0.9850505050505051,15,100
0.01437246963562753,0.1,0.9861111111111112,0.013888888888888888,0.1,0.74,1,4869,71,9,0.1,0.01437246963562753,0.9838383838383838,15,100
0.01437246963562753,0.1,0.9861111111111112,0.013888888888888888,0.1,0.76,1,4869,71,9,0.1,0.01437246963562753,0.9838383838383838,15,100
0.02368421052631579,0.1,0.9915254237288136,0.00847457627118644,0.1,0.78,1,4823,117,9,0.1,0.02368421052631579,0.9745454545454545,15,100
0.03461538461538462,0.1,0.9941860465116279,0.005813953488372093,0.1,0.8,1,4769,171,9,0.1,0.03461538461538462,0.9636363636363636,15,100
0.03765182186234818,0.1,0.9946524064171123,0.0053475935828877,0.1,0.82,1,4754,186,9,0.1,0.03765182186234818,0.9606060606060606,15,100
0.05809716599190284,0.2,0.9930795847750865,0.006920415224913495,0.2,0.84,2,4653,287,8,0.2,0.05809716599190284,0.9404040404040404,15,100
0.06255060728744939,0.2,0.9935691318327974,0.006430868167202572,0.2,0.86,2,4631,309,8,0.2,0.06255060728744939,0.935959595959596,15,100
0.0665991902834008,0.2,0.9939577039274925,0.006042296072507553,0.2,0.88,2,4611,329,8,0.2,0.0665991902834008,0.9319191919191919,15,100
0.07105263157894737,0.2,0.9943342776203966,0.0056657223796034,0.2,0.9,2,4589,351,8,0.2,0.07105263157894737,0.9274747474747475,15,100
0.08947368421052632,0.2,0.9954954954954955,0.0045045045045045045,0.2,0.92,2,4498,442,8,0.2,0.08947368421052632,0.9090909090909091,15,100
0.14008097165991903,0.4,0.9942528735632183,0.005747126436781609,0.4,0.94,4,4248,692,6,0.4,0.14008097165991903,0.858989898989899,15,100
0.17165991902834007,0.4,0.9953051643192489,0.004694835680751174,0.4,0.96,4,4092,848,6,0.4,0.17165991902834007,0.8274747474747475,15,100
0.252834008097166,0.5,0.9960127591706539,0.003987240829346092,0.5,0.98,5,3691,1249,5,0.5,0.252834008097166,0.7466666666666667,15,100
0.6161943319838057,0.7,0.9977056702720419,0.0022943297279580466,0.7,1.0,7,1896,3044,3,0.7,0.6161943319838057,0.3844444444444444,15,100
0.0,0.0,0.0,,0.0,0.02,0,4940,0,10,0.0,0.0,0.997979797979798,16,100
0.0,0.0,0.0,,0.0,0.04,0,4940,0,10,0.0,0.0,0.997979797979798,16,100
0.0,0.0,0.0,,0.0,0.06,0,4940,0,10,0.0,0.0,0.997979797979798,16,100
0.0,0.0,0.0,,0.0,0.08,0,4940,0,10,0.0,0.0,0.997979797979798,16,100
0.0,0.0,0.0,,0.0,0.1,0,4940,0,10,0.0,0.0,0.997979797979798,16,100
0.0,0.0,0.0,,0.0,0.12,0,4940,0,10,0.0,0.0,0.997979797979798,16,100
0.0,0.0,0.0,,0.0,0.14,0,4940,0,10,0.0,0.0,0.997979797979798,16,100
0.0,0.0,0.0,,0.0,0.16,0,4940,0,10,0.0,0.0,0.997979797979798,16,100
0.0,0.0,0.0,,0.0,0.18,0,4940,0,10,0.0,0.0,0.997979797979798,16,100
0.0006072874493927126,0.0,1.0,0.0,0.0,0.2,0,4937,3,10,0.0,0.0006072874493927126,0.9973737373737374,16,100
0.0006072874493927126,0.0,1.0,0.0,0.0,0.22,0,4937,3,10,0.0,0.0006072874493927126,0.9973737373737374,16,100
0.0006072874493927126,0.0,1.0,0.0,0.0,0.24,0,4937,3,10,0.0,0.0006072874493927126,0.9973737373737374,16,100
0.0006072874493927126,0.0,1.0,0.0,0.0,0.26,0,4937,3,10,0.0,0.0006072874493927126,0.9973737373737374,16,100
0.0006072874493927126,0.0,1.0,0.0,0.0,0.28,0,4937,3,10,0.0,0.0006072874493927126,0.9973737373737374,16,100
0.0006072874493927126,0.0,1.0,0.0,0.0,0.3,0,4937,3,10,0.0,0.0006072874493927126,0.9973737373737374,16,100
0.0006072874493927126,0.0,1.0,0.0,0.0,0.32,0,4937,3,10,0.0,0.0006072874493927126,0.9973737373737374,16,100
0.0006072874493927126,0.0,1.0,0.0,0.0,0.34,0,4937,3,10,0.0,0.0006072874493927126,0.9973737373737374,16,100
0.0006072874493927126,0.0,1.0,0.0,0.0,0.36,0,4937,3,10,0.0,0.0006072874493927126,0.9973737373737374,16,100
0.0006072874493927126,0.0,1.0,0.0,0.0,0.38,0,4937,3,10,0.0,0.0006072874493927126,0.9973737373737374,16,100
0.0006072874493927126,0.0,1.0,0.0,0.0,0.4,0,4937,3,10,0.0,0.0006072874493927126,0.9973737373737374,16,100
0.0006072874493927126,0.0,1.0,0.0,0.0,0.42,0,4937,3,10,0.0,0.0006072874493927126,0.9973737373737374,16,100
0.0006072874493927126,0.0,1.0,0.0,0.0,0.44,0,4937,3,10,0.0,0.0006072874493927126,0.9973737373737374,16,100
0.0006072874493927126,0.0,1.0,0.0,0.0,0.46,0,4937,3,10,0.0,0.0006072874493927126,0.9973737373737374,16,100
0.0006072874493927126,0.0,1.0,0.0,0.0,0.48,0,4937,3,10,0.0,0.0006072874493927126,0.9973737373737374,16,100
0.0006072874493927126,0.0,1.0,0.0,0.0,0.5,0,4937,3,10,0.0,0.0006072874493927126,0.9973737373737374,16,100
0.0006072874493927126,0.0,1.0,0.0,0.0,0.52,0,4937,3,10,0.0,0.0006072874493927126,0.9973737373737374,16,100
0.0006072874493927126,0.0,1.0,0.0,0.0,0.54,0,4937,3,10,0.0,0.0006072874493927126,0.9973737373737374,16,100
0.0006072874493927126,0.0,1.0,0.0,0.0,0.56,0,4937,3,10,0.0,0.0006072874493927126,0.9973737373737374,16,100
0.0006072874493927126,0.0,1.0,0.0,0.0,0.58,0,4937,3,10,0.0,0.0006072874493927126,0.9973737373737374,16,100
0.0006072874493927126,0.0,1.0,0.0,0.0,0.6,0,4937,3,10,0.0,0.0006072874493927126,0.9973737373737374,16,100
0.0006072874493927126,0.0,1.0,0.0,0.0,0.62,0,4937,3,10,0.0,0.0006072874493927126,0.9973737373737374,16,100
0.0006072874493927126,0.0,1.0,0.0,0.0,0.64,0,4937,3,10,0.0,0.0006072874493927126,0.9973737373737374,16,100
0.0006072874493927126,0.0,1.0,0.0,0.0,0.66,0,4937,3,10,0.0,0.0006072874493927126,0.9973737373737374,16,100
0.0006072874493927126,0.0,1.0,0.0,0.0,0.68,0,4937,3,10,0.0,0.0006072874493927126,0.9973737373737374,16,100
0.0006072874493927126,0.0,1.0,0.0,0.0,0.7,0,4937,3,10,0.0,0.0006072874493927126,0.9973737373737374,16,100
0.0006072874493927126,0.0,1.0,0.0,0.0,0.72,0,4937,3,10,0.0,0.0006072874493927126,0.9973737373737374,16,100
0.0006072874493927126,0.0,1.0,0.0,0.0,0.74,0,4937,3,10,0.0,0.0006072874493927126,0.9973737373737374,16,100
0.0006072874493927126,0.0,1.0,0.0,0.0,0.76,0,4937,3,10,0.0,0.0006072874493927126,0.9973737373737374,16,100
0.020647773279352227,0.0,1.0,0.0,0.0,0.78,0,4838,102,10,0.0,0.020647773279352227,0.9773737373737373,16,100
0.020647773279352227,0.0,1.0,0.0,0.0,0.8,0,4838,102,10,0.0,0.020647773279352227,0.9773737373737373,16,100
0.024696356275303644,0.0,1.0,0.0,0.0,0.82,0,4818,122,10,0.0,0.024696356275303644,0.9733333333333334,16,100
0.029352226720647773,0.0,1.0,0.0,0.0,0.84,0,4795,145,10,0.0,0.029352226720647773,0.9686868686868687,16,100
0.029352226720647773,0.0,1.0,0.0,0.0,0.86,0,4795,145,10,0.0,0.029352226720647773,0.9686868686868687,16,100
0.031174089068825912,0.0,1.0,0.0,0.0,0.88,0,4786,154,10,0.0,0.031174089068825912,0.9668686868686869,16,100
0.05991902834008097,0.0,1.0,0.0,0.0,0.9,0,4644,296,10,0.0,0.05991902834008097,0.9381818181818182,16,100
0.06983805668016195,0.0,1.0,0.0,0.0,0.92,0,4595,345,10,0.0,0.06983805668016195,0.9282828282828283,16,100
0.07408906882591093,0.0,1.0,0.0,0.0,0.94,0,4574,366,10,0.0,0.07408906882591093,0.924040404040404,16,100
0.0868421052631579,0.0,1.0,0.0,0.0,0.96,0,4511,429,10,0.0,0.0868421052631579,0.9113131313131313,16,100
0.09251012145748988,0.0,1.0,0.0,0.0,0.98,0,4483,457,10,0.0,0.09251012145748988,0.9056565656565656,16,100
0.9694331983805669,1.0,0.9979162325484476,0.002083767451552407,1.0,1.0,10,151,4789,0,1.0,0.9694331983805669,0.032525252525252527,16,100
0.0,0.0,0.0,,0.0,0.02,0,4940,0,10,0.0,0.0,0.997979797979798,17,100
0.0,0.0,0.0,,0.0,0.04,0,4940,0,10,0.0,0.0,0.997979797979798,17,100
0.0,0.0,0.0,,0.0,0.06,0,4940,0,10,0.0,0.0,0.997979797979798,17,100
0.0,0.0,0.0,,0.0,0.08,0,4940,0,10,0.0,0.0,0.997979797979798,17,100
0.0,0.0,0.0,,0.0,0.1,0,4940,0,10,0.0,0.0,0.997979797979798,17,100
0.0,0.0,0.0,,0.0,0.12,0,4940,0,10,0.0,0.0,0.997979797979798,17,100
0.0,0.0,0.0,,0.0,0.14,0,4940,0,10,0.0,0.0,0.997979797979798,17,100
0.0,0.0,0.0,,0.0,0.16,0,4940,0,10,0.0,0.0,0.997979797979798,17,100
0.0,0.0,0.0,,0.0,0.18,0,4940,0,10,0.0,0.0,0.997979797979798,17,100
0.0,0.0,0.0,,0.0,0.2,0,4940,0,10,0.0,0.0,0.997979797979798,17,100
0.0,0.0,0.0,,0.0,0.22,0,4940,0,10,0.0,0.0,0.997979797979798,17,100
0.0,0.0,0.0,,0.0,0.24,0,4940,0,10,0.0,0.0,0.997979797979798,17,100
0.0,0.0,0.0,,0.0,0.26,0,4940,0,10,0.0,0.0,0.997979797979798,17,100
0.0,0.0,0.0,,0.0,0.28,0,4940,0,10,0.0,0.0,0.997979797979798,17,100
0.0,0.0,0.0,,0.0,0.3,0,4940,0,10,0.0,0.0,0.997979797979798,17,100
0.0,0.0,0.0,,0.0,0.32,0,4940,0,10,0.0,0.0,0.997979797979798,17,100
0.0,0.0,0.0,,0.0,0.34,0,4940,0,10,0.0,0.0,0.997979797979798,17,100
0.0,0.0,0.0,,0.0,0.36,0,4940,0,10,0.0,0.0,0.997979797979798,17,100
0.0,0.0,0.0,,0.0,0.38,0,4940,0,10,0.0,0.0,0.997979797979798,17,100
0.0,0.0,0.0,,0.0,0.4,0,4940,0,10,0.0,0.0,0.997979797979798,17,100
0.0,0.0,0.0,,0.0,0.42,0,4940,0,10,0.0,0.0,0.997979797979798,17,100
0.0,0.0,0.0,,0.0,0.44,0,4940,0,10,0.0,0.0,0.997979797979798,17,100
0.0,0.0,0.0,,0.0,0.46,0,4940,0,10,0.0,0.0,0.997979797979798,17,100
0.0,0.0,0.0,,0.0,0.48,0,4940,0,10,0.0,0.0,0.997979797979798,17,100
0.0,0.0,0.0,,0.0,0.5,0,4940,0,10,0.0,0.0,0.997979797979798,17,100
0.0,0.0,0.0,,0.0,0.52,0,4940,0,10,0.0,0.0,0.997979797979798,17,100
0.0,0.0,0.0,,0.0,0.54,0,4940,0,10,0.0,0.0,0.997979797979798,17,100
0.0,0.0,0.0,,0.0,0.56,0,4940,0,10,0.0,0.0,0.997979797979798,17,100
0.0,0.0,0.0,,0.0,0.58,0,4940,0,10,0.0,0.0,0.997979797979798,17,100
0.0,0.0,0.0,,0.0,0.6,0,4940,0,10,0.0,0.0,0.997979797979798,17,100
0.0,0.0,0.0,,0.0,0.62,0,4940,0,10,0.0,0.0,0.997979797979798,17,100
0.0,0.0,0.0,,0.0,0.64,0,4940,0,10,0.0,0.0,0.997979797979798,17,100
0.0,0.0,0.0,,0.0,0.66,0,4940,0,10,0.0,0.0,0.997979797979798,17,100
0.0,0.0,0.0,,0.0,0.68,0,4940,0,10,0.0,0.0,0.997979797979798,17,100
0.0,0.0,0.0,,0.0,0.7,0,4940,0,10,0.0,0.0,0.997979797979798,17,100
0.0,0.0,0.0,,0.0,0.72,0,4940,0,10,0.0,0.0,0.997979797979798,17,100
0.0,0.0,0.0,,0.0,0.74,0,4940,0,10,0.0,0.0,0.997979797979798,17,100
0.0,0.0,0.0,,0.0,0.76,0,4940,0,10,0.0,0.0,0.997979797979798,17,100
0.0,0.0,0.0,,0.0,0.78,0,4940,0,10,0.0,0.0,0.997979797979798,17,100
0.0006072874493927126,0.0,1.0,0.0,0.0,0.8,0,4937,3,10,0.0,0.0006072874493927126,0.9973737373737374,17,100
0.0006072874493927126,0.0,1.0,0.0,0.0,0.82,0,4937,3,10,0.0,0.0006072874493927126,0.9973737373737374,17,100
0.0006072874493927126,0.0,1.0,0.0,0.0,0.84,0,4937,3,10,0.0,0.0006072874493927126,0.9973737373737374,17,100
0.0006072874493927126,0.0,1.0,0.0,0.0,0.86,0,4937,3,10,0.0,0.0006072874493927126,0.9973737373737374,17,100
0.0006072874493927126,0.0,1.0,0.0,0.0,0.88,0,4937,3,10,0.0,0.0006072874493927126,0.9973737373737374,17,100
0.005870445344129555,0.0,1.0,0.0,0.0,0.9,0,4911,29,10,0.0,0.005870445344129555,0.9921212121212121,17,100
0.005870445344129555,0.0,1.0,0.0,0.0,0.92,0,4911,29,10,0.0,0.005870445344129555,0.9921212121212121,17,100
0.005870445344129555,0.0,1.0,0.0,0.0,0.94,0,4911,29,10,0.0,0.005870445344129555,0.9921212121212121,17,100
0.005870445344129555,0.0,1.0,0.0,0.0,0.96,0,4911,29,10,0.0,0.005870445344129555,0.9921212121212121,17,100
0.569838056680162,0.7,0.9975194897236003,0.0024805102763997165,0.7,0.98,7,2125,2815,3,0.7,0.569838056680162,0.4307070707070707,17,100
0.9722672064777328,0.9,0.9981296758104738,0.0018703241895261845,0.9,1.0,9,137,4803,1,0.9,0.9722672064777328,0.029494949494949494,17,100
0.0,0.0,0.0,,0.0,0.02,0,4940,0,10,0.0,0.0,0.997979797979798,18,100
0.0,0.0,0.0,,0.0,0.04,0,4940,0,10,0.0,0.0,0.997979797979798,18,100
0.0,0.0,0.0,,0.0,0.06,0,4940,0,10,0.0,0.0,0.997979797979798,18,100
0.0,0.0,0.0,,0.0,0.08,0,4940,0,10,0.0,0.0,0.997979797979798,18,100
0.0,0.0,0.0,,0.0,0.1,0,4940,0,10,0.0,0.0,0.997979797979798,18,100
0.0,0.0,0.0,,0.0,0.12,0,4940,0,10,0.0,0.0,0.997979797979798,18,100
0.0,0.0,0.0,,0.0,0.14,0,4940,0,10,0.0,0.0,0.997979797979798,18,100
0.0,0.0,0.0,,0.0,0.16,0,4940,0,10,0.0,0.0,0.997979797979798,18,100
0.0,0.0,0.0,,0.0,0.18,0,4940,0,10,0.0,0.0,0.997979797979798,18,100
0.0,0.0,0.0,,0.0,0.2,0,4940,0,10,0.0,0.0,0.997979797979798,18,100
0.0,0.0,0.0,,0.0,0.22,0,4940,0,10,0.0,0.0,0.997979797979798,18,100
0.0,0.0,0.0,,0.0,0.24,0,4940,0,10,0.0,0.0,0.997979797979798,18,100
0.0,0.0,0.0,,0.0,0.26,0,4940,0,10,0.0,0.0,0.997979797979798,18,100
0.0,0.0,0.0,,0.0,0.28,0,4940,0,10,0.0,0.0,0.997979797979798,18,100
0.0,0.0,0.0,,0.0,0.3,0,4940,0,10,0.0,0.0,0.997979797979798,18,100
0.0,0.0,0.0,,0.0,0.32,0,4940,0,10,0.0,0.0,0.997979797979798,18,100
0.0,0.0,0.0,,0.0,0.34,0,4940,0,10,0.0,0.0,0.997979797979798,18,100
0.0,0.0,0.0,,0.0,0.36,0,4940,0,10,0.0,0.0,0.997979797979798,18,100
0.0,0.0,0.0,,0.0,0.38,0,4940,0,10,0.0,0.0,0.997979797979798,18,100
0.0,0.0,0.0,,0.0,0.4,0,4940,0,10,0.0,0.0,0.997979797979798,18,100
0.0,0.0,0.0,,0.0,0.42,0,4940,0,10,0.0,0.0,0.997979797979798,18,100
0.0,0.0,0.0,,0.0,0.44,0,4940,0,10,0.0,0.0,0.997979797979798,18,100
0.0,0.0,0.0,,0.0,0.46,0,4940,0,10,0.0,0.0,0.997979797979798,18,100
0.0,0.0,0.0,,0.0,0.48,0,4940,0,10,0.0,0.0,0.997979797979798,18,100
0.00020242914979757084,0.1,0.5,0.5,0.1,0.5,1,4939,1,9,0.1,0.00020242914979757084,0.997979797979798,18,100
0.00020242914979757084,0.1,0.5,0.5,0.1,0.52,1,4939,1,9,0.1,0.00020242914979757084,0.997979797979798,18,100
0.00020242914979757084,0.1,0.5,0.5,0.1,0.54,1,4939,1,9,0.1,0.00020242914979757084,0.997979797979798,18,100
0.00020242914979757084,0.1,0.5,0.5,0.1,0.56,1,4939,1,9,0.1,0.00020242914979757084,0.997979797979798,18,100
0.00020242914979757084,0.1,0.5,0.5,0.1,0.58,1,4939,1,9,0.1,0.00020242914979757084,0.997979797979798,18,100
0.00020242914979757084,0.1,0.5,0.5,0.1,0.6,1,4939,1,9,0.1,0.00020242914979757084,0.997979797979798,18,100
0.00020242914979757084,0.1,0.5,0.5,0.1,0.62,1,4939,1,9,0.1,0.00020242914979757084,0.997979797979798,18,100
0.00020242914979757084,0.1,0.5,0.5,0.1,0.64,1,4939,1,9,0.1,0.00020242914979757084,0.997979797979798,18,100
0.00020242914979757084,0.1,0.5,0.5,0.1,0.66,1,4939,1,9,0.1,0.00020242914979757084,0.997979797979798,18,100
0.00020242914979757084,0.1,0.5,0.5,0.1,0.68,1,4939,1,9,0.1,0.00020242914979757084,0.997979797979798,18,100
0.0006072874493927126,0.1,0.75,0.25,0.1,0.7,1,4937,3,9,0.1,0.0006072874493927126,0.9975757575757576,18,100
0.0006072874493927126,0.1,0.75,0.25,0.1,0.72,1,4937,3,9,0.1,0.0006072874493927126,0.9975757575757576,18,100
0.0006072874493927126,0.1,0.75,0.25,0.1,0.74,1,4937,3,9,0.1,0.0006072874493927126,0.9975757575757576,18,100
0.0006072874493927126,0.1,0.75,0.25,0.1,0.76,1,4937,3,9,0.1,0.0006072874493927126,0.9975757575757576,18,100
0.0006072874493927126,0.1,0.75,0.25,0.1,0.78,1,4937,3,9,0.1,0.0006072874493927126,0.9975757575757576,18,100
0.0006072874493927126,0.1,0.75,0.25,0.1,0.8,1,4937,3,9,0.1,0.0006072874493927126,0.9975757575757576,18,100
0.024291497975708502,0.1,0.9917355371900827,0.008264462809917356,0.1,0.82,1,4820,120,9,0.1,0.024291497975708502,0.973939393939394,18,100
0.02631578947368421,0.1,0.9923664122137404,0.007633587786259542,0.1,0.84,1,4810,130,9,0.1,0.02631578947368421,0.971919191919192,18,100
0.02631578947368421,0.1,0.9923664122137404,0.007633587786259542,0.1,0.86,1,4810,130,9,0.1,0.02631578947368421,0.971919191919192,18,100
0.03441295546558704,0.2,0.9883720930232558,0.011627906976744186,0.2,0.88,2,4770,170,8,0.2,0.03441295546558704,0.964040404040404,18,100
0.048582995951417005,0.2,0.9917355371900827,0.008264462809917356,0.2,0.9,2,4700,240,8,0.2,0.048582995951417005,0.9498989898989899,18,100
0.048582995951417005,0.2,0.9917355371900827,0.008264462809917356,0.2,0.92,2,4700,240,8,0.2,0.048582995951417005,0.9498989898989899,18,100
0.1082995951417004,0.6,0.988909426987061,0.011090573012939002,0.6,0.94,6,4405,535,4,0.6,0.1082995951417004,0.8911111111111111,18,100
0.11538461538461539,0.6,0.9895833333333334,0.010416666666666666,0.6,0.96,6,4370,570,4,0.6,0.11538461538461539,0.8840404040404041,18,100
0.1311740890688259,0.6,0.9908256880733946,0.009174311926605505,0.6,0.98,6,4292,648,4,0.6,0.1311740890688259,0.8682828282828283,18,100
0.8811740890688259,1.0,0.9977079990831996,0.0022920009168003667,1.0,1.0,10,587,4353,0,1.0,0.8811740890688259,0.1206060606060606,18,100
0.0,0.0,0.0,,0.0,0.02,0,4940,0,10,0.0,0.0,0.997979797979798,19,100
0.0,0.0,0.0,,0.0,0.04,0,4940,0,10,0.0,0.0,0.997979797979798,19,100
0.0,0.0,0.0,,0.0,0.06,0,4940,0,10,0.0,0.0,0.997979797979798,19,100
0.0,0.0,0.0,,0.0,0.08,0,4940,0,10,0.0,0.0,0.997979797979798,19,100
0.0,0.0,0.0,,0.0,0.1,0,4940,0,10,0.0,0.0,0.997979797979798,19,100
0.0,0.0,0.0,,0.0,0.12,0,4940,0,10,0.0,0.0,0.997979797979798,19,100
0.0,0.0,0.0,,0.0,0.14,0,4940,0,10,0.0,0.0,0.997979797979798,19,100
0.0,0.0,0.0,,0.0,0.16,0,4940,0,10,0.0,0.0,0.997979797979798,19,100
0.0,0.0,0.0,,0.0,0.18,0,4940,0,10,0.0,0.0,0.997979797979798,19,100
0.0,0.0,0.0,,0.0,0.2,0,4940,0,10,0.0,0.0,0.997979797979798,19,100
0.0,0.0,0.0,,0.0,0.22,0,4940,0,10,0.0,0.0,0.997979797979798,19,100
0.0,0.0,0.0,,0.0,0.24,0,4940,0,10,0.0,0.0,0.997979797979798,19,100
0.0,0.0,0.0,,0.0,0.26,0,4940,0,10,0.0,0.0,0.997979797979798,19,100
0.0,0.0,0.0,,0.0,0.28,0,4940,0,10,0.0,0.0,0.997979797979798,19,100
0.0,0.0,0.0,,0.0,0.3,0,4940,0,10,0.0,0.0,0.997979797979798,19,100
0.0,0.0,0.0,,0.0,0.32,0,4940,0,10,0.0,0.0,0.997979797979798,19,100
0.0,0.0,0.0,,0.0,0.34,0,4940,0,10,0.0,0.0,0.997979797979798,19,100
0.0,0.0,0.0,,0.0,0.36,0,4940,0,10,0.0,0.0,0.997979797979798,19,100
0.0,0.0,0.0,,0.0,0.38,0,4940,0,10,0.0,0.0,0.997979797979798,19,100
0.0,0.0,0.0,,0.0,0.4,0,4940,0,10,0.0,0.0,0.997979797979798,19,100
0.0,0.0,0.0,,0.0,0.42,0,4940,0,10,0.0,0.0,0.997979797979798,19,100
0.0,0.0,0.0,,0.0,0.44,0,4940,0,10,0.0,0.0,0.997979797979798,19,100
0.0,0.0,0.0,,0.0,0.46,0,4940,0,10,0.0,0.0,0.997979797979798,19,100
0.0,0.0,0.0,,0.0,0.48,0,4940,0,10,0.0,0.0,0.997979797979798,19,100
0.0,0.0,0.0,,0.0,0.5,0,4940,0,10,0.0,0.0,0.997979797979798,19,100
0.0,0.0,0.0,,0.0,0.52,0,4940,0,10,0.0,0.0,0.997979797979798,19,100
0.0,0.0,0.0,,0.0,0.54,0,4940,0,10,0.0,0.0,0.997979797979798,19,100
0.0,0.0,0.0,,0.0,0.56,0,4940,0,10,0.0,0.0,0.997979797979798,19,100
0.0,0.0,0.0,,0.0,0.58,0,4940,0,10,0.0,0.0,0.997979797979798,19,100
0.0,0.0,0.0,,0.0,0.6,0,4940,0,10,0.0,0.0,0.997979797979798,19,100
0.001417004048582996,0.0,1.0,0.0,0.0,0.62,0,4933,7,10,0.0,0.001417004048582996,0.9965656565656565,19,100
0.001417004048582996,0.0,1.0,0.0,0.0,0.64,0,4933,7,10,0.0,0.001417004048582996,0.9965656565656565,19,100
0.001417004048582996,0.0,1.0,0.0,0.0,0.66,0,4933,7,10,0.0,0.001417004048582996,0.9965656565656565,19,100
0.001417004048582996,0.0,1.0,0.0,0.0,0.68,0,4933,7,10,0.0,0.001417004048582996,0.9965656565656565,19,100
0.001417004048582996,0.0,1.0,0.0,0.0,0.7,0,4933,7,10,0.0,0.001417004048582996,0.9965656565656565,19,100
0.001417004048582996,0.0,1.0,0.0,0.0,0.72,0,4933,7,10,0.0,0.001417004048582996,0.9965656565656565,19,100
0.001417004048582996,0.0,1.0,0.0,0.0,0.74,0,4933,7,10,0.0,0.001417004048582996,0.9965656565656565,19,100
0.001417004048582996,0.0,1.0,0.0,0.0,0.76,0,4933,7,10,0.0,0.001417004048582996,0.9965656565656565,19,100
0.001417004048582996,0.0,1.0,0.0,0.0,0.78,0,4933,7,10,0.0,0.001417004048582996,0.9965656565656565,19,100
0.008704453441295546,0.0,1.0,0.0,0.0,0.8,0,4897,43,10,0.0,0.008704453441295546,0.9892929292929293,19,100
0.008704453441295546,0.0,1.0,0.0,0.0,0.82,0,4897,43,10,0.0,0.008704453441295546,0.9892929292929293,19,100
0.008704453441295546,0.0,1.0,0.0,0.0,0.84,0,4897,43,10,0.0,0.008704453441295546,0.9892929292929293,19,100
0.01902834008097166,0.0,1.0,0.0,0.0,0.86,0,4846,94,10,0.0,0.01902834008097166,0.978989898989899,19,100
0.022469635627530363,0.1,0.9910714285714286,0.008928571428571428,0.1,0.88,1,4829,111,9,0.1,0.022469635627530363,0.9757575757575757,19,100
0.02388663967611336,0.1,0.9915966386554622,0.008403361344537815,0.1,0.9,1,4822,118,9,0.1,0.02388663967611336,0.9743434343434343,19,100
0.02611336032388664,0.1,0.9923076923076923,0.007692307692307693,0.1,0.92,1,4811,129,9,0.1,0.02611336032388664,0.9721212121212122,19,100
0.02611336032388664,0.1,0.9923076923076923,0.007692307692307693,0.1,0.94,1,4811,129,9,0.1,0.02611336032388664,0.9721212121212122,19,100
0.027125506072874495,0.1,0.9925925925925926,0.007407407407407408,0.1,0.96,1,4806,134,9,0.1,0.027125506072874495,0.9711111111111111,19,100
0.027125506072874495,0.1,0.9925925925925926,0.007407407407407408,0.1,0.98,1,4806,134,9,0.1,0.027125506072874495,0.9711111111111111,19,100
0.9441295546558705,0.8,0.9982876712328768,0.0017123287671232876,0.8,1.0,8,276,4664,2,0.8,0.9441295546558705,0.057373737373737375,19,100
0.0,0.0,0.0,,0.0,0.02,0,4940,0,10,0.0,0.0,0.997979797979798,20,100
0.0,0.0,0.0,,0.0,0.04,0,4940,0,10,0.0,0.0,0.997979797979798,20,100
0.0,0.0,0.0,,0.0,0.06,0,4940,0,10,0.0,0.0,0.997979797979798,20,100
0.0,0.0,0.0,,0.0,0.08,0,4940,0,10,0.0,0.0,0.997979797979798,20,100
0.0,0.0,0.0,,0.0,0.1,0,4940,0,10,0.0,0.0,0.997979797979798,20,100
0.0,0.0,0.0,,0.0,0.12,0,4940,0,10,0.0,0.0,0.997979797979798,20,100
0.0,0.0,0.0,,0.0,0.14,0,4940,0,10,0.0,0.0,0.997979797979798,20,100
0.0,0.0,0.0,,0.0,0.16,0,4940,0,10,0.0,0.0,0.997979797979798,20,100
0.0,0.0,0.0,,0.0,0.18,0,4940,0,10,0.0,0.0,0.997979797979798,20,100
0.0,0.0,0.0,,0.0,0.2,0,4940,0,10,0.0,0.0,0.997979797979798,20,100
0.0,0.0,0.0,,0.0,0.22,0,4940,0,10,0.0,0.0,0.997979797979798,20,100
0.0,0.0,0.0,,0.0,0.24,0,4940,0,10,0.0,0.0,0.997979797979798,20,100
0.0,0.0,0.0,,0.0,0.26,0,4940,0,10,0.0,0.0,0.997979797979798,20,100
0.0,0.0,0.0,,0.0,0.28,0,4940,0,10,0.0,0.0,0.997979797979798,20,100
0.0,0.0,0.0,,0.0,0.3,0,4940,0,10,0.0,0.0,0.997979797979798,20,100
0.0,0.0,0.0,,0.0,0.32,0,4940,0,10,0.0,0.0,0.997979797979798,20,100
0.0,0.0,0.0,,0.0,0.34,0,4940,0,10,0.0,0.0,0.997979797979798,20,100
0.0,0.0,0.0,,0.0,0.36,0,4940,0,10,0.0,0.0,0.997979797979798,20,100
0.0,0.0,0.0,,0.0,0.38,0,4940,0,10,0.0,0.0,0.997979797979798,20,100
0.0018218623481781376,0.0,1.0,0.0,0.0,0.4,0,4931,9,10,0.0,0.0018218623481781376,0.9961616161616161,20,100
0.0018218623481781376,0.0,1.0,0.0,0.0,0.42,0,4931,9,10,0.0,0.0018218623481781376,0.9961616161616161,20,100
0.0024291497975708503,0.0,1.0,0.0,0.0,0.44,0,4928,12,10,0.0,0.0024291497975708503,0.9955555555555555,20,100
0.0024291497975708503,0.0,1.0,0.0,0.0,0.46,0,4928,12,10,0.0,0.0024291497975708503,0.9955555555555555,20,100
0.0024291497975708503,0.0,1.0,0.0,0.0,0.48,0,4928,12,10,0.0,0.0024291497975708503,0.9955555555555555,20,100
0.0024291497975708503,0.0,1.0,0.0,0.0,0.5,0,4928,12,10,0.0,0.0024291497975708503,0.9955555555555555,20,100
0.0024291497975708503,0.0,1.0,0.0,0.0,0.52,0,4928,12,10,0.0,0.0024291497975708503,0.9955555555555555,20,100
0.0032388663967611335,0.0,1.0,0.0,0.0,0.54,0,4924,16,10,0.0,0.0032388663967611335,0.9947474747474747,20,100
0.0032388663967611335,0.0,1.0,0.0,0.0,0.56,0,4924,16,10,0.0,0.0032388663967611335,0.9947474747474747,20,100
0.0032388663967611335,0.0,1.0,0.0,0.0,0.58,0,4924,16,10,0.0,0.0032388663967611335,0.9947474747474747,20,100
0.0032388663967611335,0.0,1.0,0.0,0.0,0.6,0,4924,16,10,0.0,0.0032388663967611335,0.9947474747474747,20,100
0.0032388663967611335,0.0,1.0,0.0,0.0,0.62,0,4924,16,10,0.0,0.0032388663967611335,0.9947474747474747,20,100
0.0032388663967611335,0.0,1.0,0.0,0.0,0.64,0,4924,16,10,0.0,0.0032388663967611335,0.9947474747474747,20,100
0.0034412955465587046,0.0,1.0,0.0,0.0,0.66,0,4923,17,10,0.0,0.0034412955465587046,0.9945454545454545,20,100
0.0034412955465587046,0.0,1.0,0.0,0.0,0.68,0,4923,17,10,0.0,0.0034412955465587046,0.9945454545454545,20,100
0.008299595141700405,0.0,1.0,0.0,0.0,0.7,0,4899,41,10,0.0,0.008299595141700405,0.9896969696969697,20,100
0.009109311740890687,0.0,1.0,0.0,0.0,0.72,0,4895,45,10,0.0,0.009109311740890687,0.9888888888888889,20,100
0.009109311740890687,0.0,1.0,0.0,0.0,0.74,0,4895,45,10,0.0,0.009109311740890687,0.9888888888888889,20,100
0.009716599190283401,0.0,1.0,0.0,0.0,0.76,0,4892,48,10,0.0,0.009716599190283401,0.9882828282828283,20,100
0.010323886639676113,0.0,1.0,0.0,0.0,0.78,0,4889,51,10,0.0,0.010323886639676113,0.9876767676767677,20,100
0.011336032388663968,0.0,1.0,0.0,0.0,0.8,0,4884,56,10,0.0,0.011336032388663968,0.9866666666666667,20,100
0.011336032388663968,0.0,1.0,0.0,0.0,0.82,0,4884,56,10,0.0,0.011336032388663968,0.9866666666666667,20,100
0.018421052631578946,0.0,1.0,0.0,0.0,0.84,0,4849,91,10,0.0,0.018421052631578946,0.9795959595959596,20,100
0.018421052631578946,0.0,1.0,0.0,0.0,0.86,0,4849,91,10,0.0,0.018421052631578946,0.9795959595959596,20,100
0.018421052631578946,0.0,1.0,0.0,0.0,0.88,0,4849,91,10,0.0,0.018421052631578946,0.9795959595959596,20,100
0.021052631578947368,0.0,1.0,0.0,0.0,0.9,0,4836,104,10,0.0,0.021052631578947368,0.9769696969696969,20,100
0.021052631578947368,0.0,1.0,0.0,0.0,0.92,0,4836,104,10,0.0,0.021052631578947368,0.9769696969696969,20,100
0.02206477732793522,0.0,1.0,0.0,0.0,0.94,0,4831,109,10,0.0,0.02206477732793522,0.9759595959595959,20,100
0.08056680161943319,0.2,0.995,0.005,0.2,0.96,2,4542,398,8,0.2,0.08056680161943319,0.917979797979798,20,100
0.10850202429149798,0.2,0.9962825278810409,0.0037174721189591076,0.2,0.98,2,4404,536,8,0.2,0.10850202429149798,0.8901010101010101,20,100
0.9724696356275304,1.0,0.9979227253842958,0.002077274615704196,1.0,1.0,10,136,4804,0,1.0,0.9724696356275304,0.029494949494949494,20,100
0.0,0.0,0.0,,0.0,0.02,0,4940,0,10,0.0,0.0,0.997979797979798,21,100
0.0,0.0,0.0,,0.0,0.04,0,4940,0,10,0.0,0.0,0.997979797979798,21,100
0.0,0.0,0.0,,0.0,0.06,0,4940,0,10,0.0,0.0,0.997979797979798,21,100
0.0,0.0,0.0,,0.0,0.08,0,4940,0,10,0.0,0.0,0.997979797979798,21,100
0.0,0.0,0.0,,0.0,0.1,0,4940,0,10,0.0,0.0,0.997979797979798,21,100
0.0,0.0,0.0,,0.0,0.12,0,4940,0,10,0.0,0.0,0.997979797979798,21,100
0.0,0.0,0.0,,0.0,0.14,0,4940,0,10,0.0,0.0,0.997979797979798,21,100
0.0,0.0,0.0,,0.0,0.16,0,4940,0,10,0.0,0.0,0.997979797979798,21,100
0.0,0.0,0.0,,0.0,0.18,0,4940,0,10,0.0,0.0,0.997979797979798,21,100
0.0,0.0,0.0,,0.0,0.2,0,4940,0,10,0.0,0.0,0.997979797979798,21,100
0.0,0.0,0.0,,0.0,0.22,0,4940,0,10,0.0,0.0,0.997979797979798,21,100
0.0,0.0,0.0,,0.0,0.24,0,4940,0,10,0.0,0.0,0.997979797979798,21,100
0.0,0.0,0.0,,0.0,0.26,0,4940,0,10,0.0,0.0,0.997979797979798,21,100
0.0,0.0,0.0,,0.0,0.28,0,4940,0,10,0.0,0.0,0.997979797979798,21,100
0.00020242914979757084,0.0,1.0,0.0,0.0,0.3,0,4939,1,10,0.0,0.00020242914979757084,0.9977777777777778,21,100
0.00020242914979757084,0.0,1.0,0.0,0.0,0.32,0,4939,1,10,0.0,0.00020242914979757084,0.9977777777777778,21,100
0.00020242914979757084,0.0,1.0,0.0,0.0,0.34,0,4939,1,10,0.0,0.00020242914979757084,0.9977777777777778,21,100
0.00020242914979757084,0.0,1.0,0.0,0.0,0.36,0,4939,1,10,0.0,0.00020242914979757084,0.9977777777777778,21,100
0.00020242914979757084,0.0,1.0,0.0,0.0,0.38,0,4939,1,10,0.0,0.00020242914979757084,0.9977777777777778,21,100
0.00020242914979757084,0.0,1.0,0.0,0.0,0.4,0,4939,1,10,0.0,0.00020242914979757084,0.9977777777777778,21,100
0.00020242914979757084,0.0,1.0,0.0,0.0,0.42,0,4939,1,10,0.0,0.00020242914979757084,0.9977777777777778,21,100
0.00020242914979757084,0.0,1.0,0.0,0.0,0.44,0,4939,1,10,0.0,0.00020242914979757084,0.9977777777777778,21,100
0.00020242914979757084,0.0,1.0,0.0,0.0,0.46,0,4939,1,10,0.0,0.00020242914979757084,0.9977777777777778,21,100
0.00020242914979757084,0.0,1.0,0.0,0.0,0.48,0,4939,1,10,0.0,0.00020242914979757084,0.9977777777777778,21,100
0.00020242914979757084,0.0,1.0,0.0,0.0,0.5,0,4939,1,10,0.0,0.00020242914979757084,0.9977777777777778,21,100
0.00020242914979757084,0.0,1.0,0.0,0.0,0.52,0,4939,1,10,0.0,0.00020242914979757084,0.9977777777777778,21,100
0.00020242914979757084,0.0,1.0,0.0,0.0,0.54,0,4939,1,10,0.0,0.00020242914979757084,0.9977777777777778,21,100
0.00020242914979757084,0.0,1.0,0.0,0.0,0.56,0,4939,1,10,0.0,0.00020242914979757084,0.9977777777777778,21,100
0.00020242914979757084,0.0,1.0,0.0,0.0,0.58,0,4939,1,10,0.0,0.00020242914979757084,0.9977777777777778,21,100
0.00020242914979757084,0.0,1.0,0.0,0.0,0.6,0,4939,1,10,0.0,0.00020242914979757084,0.9977777777777778,21,100
0.00020242914979757084,0.0,1.0,0.0,0.0,0.62,0,4939,1,10,0.0,0.00020242914979757084,0.9977777777777778,21,100
0.00020242914979757084,0.0,1.0,0.0,0.0,0.64,0,4939,1,10,0.0,0.00020242914979757084,0.9977777777777778,21,100
0.00020242914979757084,0.0,1.0,0.0,0.0,0.66,0,4939,1,10,0.0,0.00020242914979757084,0.9977777777777778,21,100
0.00020242914979757084,0.0,1.0,0.0,0.0,0.68,0,4939,1,10,0.0,0.00020242914979757084,0.9977777777777778,21,100
0.00020242914979757084,0.0,1.0,0.0,0.0,0.7,0,4939,1,10,0.0,0.00020242914979757084,0.9977777777777778,21,100
0.0020242914979757085,0.0,1.0,0.0,0.0,0.72,0,4930,10,10,0.0,0.0020242914979757085,0.9959595959595959,21,100
0.002226720647773279,0.0,1.0,0.0,0.0,0.74,0,4929,11,10,0.0,0.002226720647773279,0.9957575757575757,21,100
0.002226720647773279,0.0,1.0,0.0,0.0,0.76,0,4929,11,10,0.0,0.002226720647773279,0.9957575757575757,21,100
0.0024291497975708503,0.0,1.0,0.0,0.0,0.78,0,4928,12,10,0.0,0.0024291497975708503,0.9955555555555555,21,100
0.004048582995951417,0.0,1.0,0.0,0.0,0.8,0,4920,20,10,0.0,0.004048582995951417,0.9939393939393939,21,100
0.008299595141700405,0.1,0.9761904761904762,0.023809523809523808,0.1,0.82,1,4899,41,9,0.1,0.008299595141700405,0.98989898989899,21,100
0.008299595141700405,0.1,0.9761904761904762,0.023809523809523808,0.1,0.84,1,4899,41,9,0.1,0.008299595141700405,0.98989898989899,21,100
0.008299595141700405,0.1,0.9761904761904762,0.023809523809523808,0.1,0.86,1,4899,41,9,0.1,0.008299595141700405,0.98989898989899,21,100
0.008906882591093117,0.1,0.9777777777777777,0.022222222222222223,0.1,0.88,1,4896,44,9,0.1,0.008906882591093117,0.9892929292929293,21,100
0.012348178137651822,0.2,0.9682539682539683,0.031746031746031744,0.2,0.9,2,4879,61,8,0.2,0.012348178137651822,0.9860606060606061,21,100
0.04939271255060729,0.2,0.991869918699187,0.008130081300813009,0.2,0.92,2,4696,244,8,0.2,0.04939271255060729,0.9490909090909091,21,100
0.05283400809716599,0.2,0.9923954372623575,0.0076045627376425855,0.2,0.94,2,4679,261,8,0.2,0.05283400809716599,0.9456565656565656,21,100
0.05748987854251012,0.2,0.993006993006993,0.006993006993006993,0.2,0.96,2,4656,284,8,0.2,0.05748987854251012,0.941010101010101,21,100
0.06133603238866397,0.2,0.9934426229508196,0.006557377049180328,0.2,0.98,2,4637,303,8,0.2,0.06133603238866397,0.9371717171717172,21,100
0.9702429149797571,1.0,0.9979179679367062,0.002082032063293775,1.0,1.0,10,147,4793,0,1.0,0.9702429149797571,0.03171717171717172,21,100
0.0,0.0,0.0,,0.0,0.02,0,4940,0,10,0.0,0.0,0.997979797979798,22,100
0.0,0.0,0.0,,0.0,0.04,0,4940,0,10,0.0,0.0,0.997979797979798,22,100
0.0,0.0,0.0,,0.0,0.06,0,4940,0,10,0.0,0.0,0.997979797979798,22,100
0.0,0.0,0.0,,0.0,0.08,0,4940,0,10,0.0,0.0,0.997979797979798,22,100
0.0,0.0,0.0,,0.0,0.1,0,4940,0,10,0.0,0.0,0.997979797979798,22,100
0.0,0.0,0.0,,0.0,0.12,0,4940,0,10,0.0,0.0,0.997979797979798,22,100
0.0,0.0,0.0,,0.0,0.14,0,4940,0,10,0.0,0.0,0.997979797979798,22,100
0.0,0.0,0.0,,0.0,0.16,0,4940,0,10,0.0,0.0,0.997979797979798,22,100
0.0,0.0,0.0,,0.0,0.18,0,4940,0,10,0.0,0.0,0.997979797979798,22,100
0.0,0.0,0.0,,0.0,0.2,0,4940,0,10,0.0,0.0,0.997979797979798,22,100
0.0,0.0,0.0,,0.0,0.22,0,4940,0,10,0.0,0.0,0.997979797979798,22,100
0.0,0.0,0.0,,0.0,0.24,0,4940,0,10,0.0,0.0,0.997979797979798,22,100
0.0,0.0,0.0,,0.0,0.26,0,4940,0,10,0.0,0.0,0.997979797979798,22,100
0.0,0.0,0.0,,0.0,0.28,0,4940,0,10,0.0,0.0,0.997979797979798,22,100
0.0,0.0,0.0,,0.0,0.3,0,4940,0,10,0.0,0.0,0.997979797979798,22,100
0.0,0.0,0.0,,0.0,0.32,0,4940,0,10,0.0,0.0,0.997979797979798,22,100
0.0,0.0,0.0,,0.0,0.34,0,4940,0,10,0.0,0.0,0.997979797979798,22,100
0.0,0.0,0.0,,0.0,0.36,0,4940,0,10,0.0,0.0,0.997979797979798,22,100
0.0,0.0,0.0,,0.0,0.38,0,4940,0,10,0.0,0.0,0.997979797979798,22,100
0.00020242914979757084,0.0,1.0,0.0,0.0,0.4,0,4939,1,10,0.0,0.00020242914979757084,0.9977777777777778,22,100
0.00020242914979757084,0.0,1.0,0.0,0.0,0.42,0,4939,1,10,0.0,0.00020242914979757084,0.9977777777777778,22,100
0.00020242914979757084,0.0,1.0,0.0,0.0,0.44,0,4939,1,10,0.0,0.00020242914979757084,0.9977777777777778,22,100
0.00020242914979757084,0.0,1.0,0.0,0.0,0.46,0,4939,1,10,0.0,0.00020242914979757084,0.9977777777777778,22,100
0.00020242914979757084,0.0,1.0,0.0,0.0,0.48,0,4939,1,10,0.0,0.00020242914979757084,0.9977777777777778,22,100
0.00020242914979757084,0.0,1.0,0.0,0.0,0.5,0,4939,1,10,0.0,0.00020242914979757084,0.9977777777777778,22,100
0.00020242914979757084,0.0,1.0,0.0,0.0,0.52,0,4939,1,10,0.0,0.00020242914979757084,0.9977777777777778,22,100
0.0004048582995951417,0.0,1.0,0.0,0.0,0.54,0,4938,2,10,0.0,0.0004048582995951417,0.9975757575757576,22,100
0.0004048582995951417,0.0,1.0,0.0,0.0,0.56,0,4938,2,10,0.0,0.0004048582995951417,0.9975757575757576,22,100
0.007489878542510121,0.0,1.0,0.0,0.0,0.58,0,4903,37,10,0.0,0.007489878542510121,0.9905050505050506,22,100
0.007489878542510121,0.0,1.0,0.0,0.0,0.6,0,4903,37,10,0.0,0.007489878542510121,0.9905050505050506,22,100
0.007489878542510121,0.0,1.0,0.0,0.0,0.62,0,4903,37,10,0.0,0.007489878542510121,0.9905050505050506,22,100
0.010121457489878543,0.0,1.0,0.0,0.0,0.64,0,4890,50,10,0.0,0.010121457489878543,0.9878787878787879,22,100
0.010121457489878543,0.0,1.0,0.0,0.0,0.66,0,4890,50,10,0.0,0.010121457489878543,0.9878787878787879,22,100
0.012145748987854251,0.0,1.0,0.0,0.0,0.68,0,4880,60,10,0.0,0.012145748987854251,0.9858585858585859,22,100
0.012753036437246963,0.1,0.984375,0.015625,0.1,0.7,1,4877,63,9,0.1,0.012753036437246963,0.9854545454545455,22,100
0.012753036437246963,0.1,0.984375,0.015625,0.1,0.72,1,4877,63,9,0.1,0.012753036437246963,0.9854545454545455,22,100
0.012753036437246963,0.1,0.984375,0.015625,0.1,0.74,1,4877,63,9,0.1,0.012753036437246963,0.9854545454545455,22,100
0.013360323886639677,0.1,0.9850746268656716,0.014925373134328358,0.1,0.76,1,4874,66,9,0.1,0.013360323886639677,0.9848484848484849,22,100
0.014574898785425101,0.1,0.9863013698630136,0.0136986301369863,0.1,0.78,1,4868,72,9,0.1,0.014574898785425101,0.9836363636363636,22,100
0.020040485829959515,0.1,0.99,0.01,0.1,0.8,1,4841,99,9,0.1,0.020040485829959515,0.9781818181818182,22,100
0.02206477732793522,0.1,0.990909090909091,0.00909090909090909,0.1,0.82,1,4831,109,9,0.1,0.02206477732793522,0.9761616161616161,22,100
0.02651821862348178,0.1,0.9924242424242424,0.007575757575757576,0.1,0.84,1,4809,131,9,0.1,0.02651821862348178,0.9717171717171718,22,100
0.02651821862348178,0.1,0.9924242424242424,0.007575757575757576,0.1,0.86,1,4809,131,9,0.1,0.02651821862348178,0.9717171717171718,22,100
0.05101214574898785,0.1,0.9960474308300395,0.003952569169960474,0.1,0.88,1,4688,252,9,0.1,0.05101214574898785,0.9472727272727273,22,100
0.06700404858299595,0.1,0.9969879518072289,0.0030120481927710845,0.1,0.9,1,4609,331,9,0.1,0.06700404858299595,0.9313131313131313,22,100
0.07125506072874493,0.1,0.9971671388101983,0.0028328611898017,0.1,0.92,1,4588,352,9,0.1,0.07125506072874493,0.927070707070707,22,100
0.0902834008097166,0.3,0.9933184855233853,0.0066815144766146995,0.3,0.94,3,4494,446,7,0.3,0.0902834008097166,0.9084848484848485,22,100
0.09696356275303644,0.3,0.9937759336099585,0.006224066390041493,0.3,0.96,3,4461,479,7,0.3,0.09696356275303644,0.9018181818181819,22,100
0.10283400809716599,0.3,0.9941291585127201,0.005870841487279843,0.3,0.98,3,4432,508,7,0.3,0.10283400809716599,0.895959595959596,22,100
0.6896761133603239,0.8,0.9976573938506589,0.002342606149341142,0.8,1.0,8,1533,3407,2,0.8,0.6896761133603239,0.3113131313131313,22,100
0.0,0.0,0.0,,0.0,0.02,0,4940,0,10,0.0,0.0,0.997979797979798,23,100
0.0,0.0,0.0,,0.0,0.04,0,4940,0,10,0.0,0.0,0.997979797979798,23,100
0.0,0.0,0.0,,0.0,0.06,0,4940,0,10,0.0,0.0,0.997979797979798,23,100
0.0,0.0,0.0,,0.0,0.08,0,4940,0,10,0.0,0.0,0.997979797979798,23,100
0.0,0.0,0.0,,0.0,0.1,0,4940,0,10,0.0,0.0,0.997979797979798,23,100
0.0,0.0,0.0,,0.0,0.12,0,4940,0,10,0.0,0.0,0.997979797979798,23,100
0.0,0.0,0.0,,0.0,0.14,0,4940,0,10,0.0,0.0,0.997979797979798,23,100
0.0,0.0,0.0,,0.0,0.16,0,4940,0,10,0.0,0.0,0.997979797979798,23,100
0.0,0.0,0.0,,0.0,0.18,0,4940,0,10,0.0,0.0,0.997979797979798,23,100
0.0006072874493927126,0.0,1.0,0.0,0.0,0.2,0,4937,3,10,0.0,0.0006072874493927126,0.9973737373737374,23,100
0.0020242914979757085,0.0,1.0,0.0,0.0,0.22,0,4930,10,10,0.0,0.0020242914979757085,0.9959595959595959,23,100
0.002226720647773279,0.0,1.0,0.0,0.0,0.24,0,4929,11,10,0.0,0.002226720647773279,0.9957575757575757,23,100
0.002226720647773279,0.0,1.0,0.0,0.0,0.26,0,4929,11,10,0.0,0.002226720647773279,0.9957575757575757,23,100
0.002226720647773279,0.0,1.0,0.0,0.0,0.28,0,4929,11,10,0.0,0.002226720647773279,0.9957575757575757,23,100
0.002226720647773279,0.0,1.0,0.0,0.0,0.3,0,4929,11,10,0.0,0.002226720647773279,0.9957575757575757,23,100
0.002226720647773279,0.0,1.0,0.0,0.0,0.32,0,4929,11,10,0.0,0.002226720647773279,0.9957575757575757,23,100
0.002226720647773279,0.0,1.0,0.0,0.0,0.34,0,4929,11,10,0.0,0.002226720647773279,0.9957575757575757,23,100
0.002226720647773279,0.0,1.0,0.0,0.0,0.36,0,4929,11,10,0.0,0.002226720647773279,0.9957575757575757,23,100
0.0024291497975708503,0.0,1.0,0.0,0.0,0.38,0,4928,12,10,0.0,0.0024291497975708503,0.9955555555555555,23,100
0.0024291497975708503,0.0,1.0,0.0,0.0,0.4,0,4928,12,10,0.0,0.0024291497975708503,0.9955555555555555,23,100
0.003036437246963563,0.0,1.0,0.0,0.0,0.42,0,4925,15,10,0.0,0.003036437246963563,0.9949494949494949,23,100
0.003036437246963563,0.0,1.0,0.0,0.0,0.44,0,4925,15,10,0.0,0.003036437246963563,0.9949494949494949,23,100
0.0036437246963562753,0.0,1.0,0.0,0.0,0.46,0,4922,18,10,0.0,0.0036437246963562753,0.9943434343434343,23,100
0.0036437246963562753,0.0,1.0,0.0,0.0,0.48,0,4922,18,10,0.0,0.0036437246963562753,0.9943434343434343,23,100
0.0038461538461538464,0.0,1.0,0.0,0.0,0.5,0,4921,19,10,0.0,0.0038461538461538464,0.9941414141414141,23,100
0.004251012145748988,0.0,1.0,0.0,0.0,0.52,0,4919,21,10,0.0,0.004251012145748988,0.9937373737373737,23,100
0.00465587044534413,0.0,1.0,0.0,0.0,0.54,0,4917,23,10,0.0,0.00465587044534413,0.9933333333333333,23,100
0.00465587044534413,0.0,1.0,0.0,0.0,0.56,0,4917,23,10,0.0,0.00465587044534413,0.9933333333333333,23,100
0.00465587044534413,0.0,1.0,0.0,0.0,0.58,0,4917,23,10,0.0,0.00465587044534413,0.9933333333333333,23,100
0.004858299595141701,0.0,1.0,0.0,0.0,0.6,0,4916,24,10,0.0,0.004858299595141701,0.9931313131313131,23,100
0.005465587044534413,0.0,1.0,0.0,0.0,0.62,0,4913,27,10,0.0,0.005465587044534413,0.9925252525252525,23,100
0.005465587044534413,0.0,1.0,0.0,0.0,0.64,0,4913,27,10,0.0,0.005465587044534413,0.9925252525252525,23,100
0.005465587044534413,0.0,1.0,0.0,0.0,0.66,0,4913,27,10,0.0,0.005465587044534413,0.9925252525252525,23,100
0.010526315789473684,0.0,1.0,0.0,0.0,0.68,0,4888,52,10,0.0,0.010526315789473684,0.9874747474747475,23,100
0.010526315789473684,0.0,1.0,0.0,0.0,0.7,0,4888,52,10,0.0,0.010526315789473684,0.9874747474747475,23,100
0.012753036437246963,0.0,1.0,0.0,0.0,0.72,0,4877,63,10,0.0,0.012753036437246963,0.9852525252525253,23,100
0.013967611336032389,0.0,1.0,0.0,0.0,0.74,0,4871,69,10,0.0,0.013967611336032389,0.984040404040404,23,100
0.015182186234817813,0.0,1.0,0.0,0.0,0.76,0,4865,75,10,0.0,0.015182186234817813,0.9828282828282828,23,100
0.015182186234817813,0.0,1.0,0.0,0.0,0.78,0,4865,75,10,0.0,0.015182186234817813,0.9828282828282828,23,100
0.015182186234817813,0.0,1.0,0.0,0.0,0.8,0,4865,75,10,0.0,0.015182186234817813,0.9828282828282828,23,100
0.015991902834008098,0.0,1.0,0.0,0.0,0.82,0,4861,79,10,0.0,0.015991902834008098,0.982020202020202,23,100
0.017408906882591092,0.0,1.0,0.0,0.0,0.84,0,4854,86,10,0.0,0.017408906882591092,0.9806060606060606,23,100
0.021052631578947368,0.1,0.9904761904761905,0.009523809523809525,0.1,0.86,1,4836,104,9,0.1,0.021052631578947368,0.9771717171717171,23,100
0.021052631578947368,0.1,0.9904761904761905,0.009523809523809525,0.1,0.88,1,4836,104,9,0.1,0.021052631578947368,0.9771717171717171,23,100
0.025101214574898785,0.1,0.992,0.008,0.1,0.9,1,4816,124,9,0.1,0.025101214574898785,0.9731313131313132,23,100
0.025101214574898785,0.1,0.992,0.008,0.1,0.92,1,4816,124,9,0.1,0.025101214574898785,0.9731313131313132,23,100
0.026923076923076925,0.1,0.9925373134328358,0.007462686567164179,0.1,0.94,1,4807,133,9,0.1,0.026923076923076925,0.9713131313131314,23,100
0.026923076923076925,0.1,0.9925373134328358,0.007462686567164179,0.1,0.96,1,4807,133,9,0.1,0.026923076923076925,0.9713131313131314,23,100
0.12530364372469635,0.2,0.9967793880837359,0.00322061191626409,0.2,0.98,2,4321,619,8,0.2,0.12530364372469635,0.8733333333333333,23,100
0.9686234817813765,1.0,0.9979144942648592,0.0020855057351407717,1.0,1.0,10,155,4785,0,1.0,0.9686234817813765,0.03333333333333333,23,100
0.0,0.0,0.0,,0.0,0.02,0,4940,0,10,0.0,0.0,0.997979797979798,24,100
0.0,0.0,0.0,,0.0,0.04,0,4940,0,10,0.0,0.0,0.997979797979798,24,100
0.0,0.0,0.0,,0.0,0.06,0,4940,0,10,0.0,0.0,0.997979797979798,24,100
0.0,0.0,0.0,,0.0,0.08,0,4940,0,10,0.0,0.0,0.997979797979798,24,100
0.0,0.0,0.0,,0.0,0.1,0,4940,0,10,0.0,0.0,0.997979797979798,24,100
0.0,0.0,0.0,,0.0,0.12,0,4940,0,10,0.0,0.0,0.997979797979798,24,100
0.0,0.0,0.0,,0.0,0.14,0,4940,0,10,0.0,0.0,0.997979797979798,24,100
0.0,0.0,0.0,,0.0,0.16,0,4940,0,10,0.0,0.0,0.997979797979798,24,100
0.0,0.0,0.0,,0.0,0.18,0,4940,0,10,0.0,0.0,0.997979797979798,24,100
0.0,0.0,0.0,,0.0,0.2,0,4940,0,10,0.0,0.0,0.997979797979798,24,100
0.0,0.0,0.0,,0.0,0.22,0,4940,0,10,0.0,0.0,0.997979797979798,24,100
0.0006072874493927126,0.0,1.0,0.0,0.0,0.24,0,4937,3,10,0.0,0.0006072874493927126,0.9973737373737374,24,100
0.0006072874493927126,0.0,1.0,0.0,0.0,0.26,0,4937,3,10,0.0,0.0006072874493927126,0.9973737373737374,24,100
0.0006072874493927126,0.0,1.0,0.0,0.0,0.28,0,4937,3,10,0.0,0.0006072874493927126,0.9973737373737374,24,100
0.0006072874493927126,0.0,1.0,0.0,0.0,0.3,0,4937,3,10,0.0,0.0006072874493927126,0.9973737373737374,24,100
0.0006072874493927126,0.0,1.0,0.0,0.0,0.32,0,4937,3,10,0.0,0.0006072874493927126,0.9973737373737374,24,100
0.0006072874493927126,0.0,1.0,0.0,0.0,0.34,0,4937,3,10,0.0,0.0006072874493927126,0.9973737373737374,24,100
0.0006072874493927126,0.0,1.0,0.0,0.0,0.36,0,4937,3,10,0.0,0.0006072874493927126,0.9973737373737374,24,100
0.0010121457489878543,0.0,1.0,0.0,0.0,0.38,0,4935,5,10,0.0,0.0010121457489878543,0.996969696969697,24,100
0.0010121457489878543,0.0,1.0,0.0,0.0,0.4,0,4935,5,10,0.0,0.0010121457489878543,0.996969696969697,24,100
0.0010121457489878543,0.0,1.0,0.0,0.0,0.42,0,4935,5,10,0.0,0.0010121457489878543,0.996969696969697,24,100
0.0010121457489878543,0.0,1.0,0.0,0.0,0.44,0,4935,5,10,0.0,0.0010121457489878543,0.996969696969697,24,100
0.0010121457489878543,0.0,1.0,0.0,0.0,0.46,0,4935,5,10,0.0,0.0010121457489878543,0.996969696969697,24,100
0.0010121457489878543,0.0,1.0,0.0,0.0,0.48,0,4935,5,10,0.0,0.0010121457489878543,0.996969696969697,24,100
0.0010121457489878543,0.0,1.0,0.0,0.0,0.5,0,4935,5,10,0.0,0.0010121457489878543,0.996969696969697,24,100
0.0010121457489878543,0.0,1.0,0.0,0.0,0.52,0,4935,5,10,0.0,0.0010121457489878543,0.996969696969697,24,100
0.0010121457489878543,0.0,1.0,0.0,0.0,0.54,0,4935,5,10,0.0,0.0010121457489878543,0.996969696969697,24,100
0.0010121457489878543,0.0,1.0,0.0,0.0,0.56,0,4935,5,10,0.0,0.0010121457489878543,0.996969696969697,24,100
0.0010121457489878543,0.0,1.0,0.0,0.0,0.58,0,4935,5,10,0.0,0.0010121457489878543,0.996969696969697,24,100
0.0010121457489878543,0.0,1.0,0.0,0.0,0.6,0,4935,5,10,0.0,0.0010121457489878543,0.996969696969697,24,100
0.0010121457489878543,0.0,1.0,0.0,0.0,0.62,0,4935,5,10,0.0,0.0010121457489878543,0.996969696969697,24,100
0.0010121457489878543,0.0,1.0,0.0,0.0,0.64,0,4935,5,10,0.0,0.0010121457489878543,0.996969696969697,24,100
0.0010121457489878543,0.0,1.0,0.0,0.0,0.66,0,4935,5,10,0.0,0.0010121457489878543,0.996969696969697,24,100
0.0010121457489878543,0.0,1.0,0.0,0.0,0.68,0,4935,5,10,0.0,0.0010121457489878543,0.996969696969697,24,100
0.0010121457489878543,0.0,1.0,0.0,0.0,0.7,0,4935,5,10,0.0,0.0010121457489878543,0.996969696969697,24,100
0.0010121457489878543,0.0,1.0,0.0,0.0,0.72,0,4935,5,10,0.0,0.0010121457489878543,0.996969696969697,24,100
0.0010121457489878543,0.0,1.0,0.0,0.0,0.74,0,4935,5,10,0.0,0.0010121457489878543,0.996969696969697,24,100
0.0010121457489878543,0.0,1.0,0.0,0.0,0.76,0,4935,5,10,0.0,0.0010121457489878543,0.996969696969697,24,100
0.0010121457489878543,0.0,1.0,0.0,0.0,0.78,0,4935,5,10,0.0,0.0010121457489878543,0.996969696969697,24,100
0.0010121457489878543,0.0,1.0,0.0,0.0,0.8,0,4935,5,10,0.0,0.0010121457489878543,0.996969696969697,24,100
0.0010121457489878543,0.0,1.0,0.0,0.0,0.82,0,4935,5,10,0.0,0.0010121457489878543,0.996969696969697,24,100
0.0010121457489878543,0.0,1.0,0.0,0.0,0.84,0,4935,5,10,0.0,0.0010121457489878543,0.996969696969697,24,100
0.0010121457489878543,0.0,1.0,0.0,0.0,0.86,0,4935,5,10,0.0,0.0010121457489878543,0.996969696969697,24,100
0.0012145748987854252,0.0,1.0,0.0,0.0,0.88,0,4934,6,10,0.0,0.0012145748987854252,0.9967676767676767,24,100
0.02145748987854251,0.2,0.9814814814814815,0.018518518518518517,0.2,0.9,2,4834,106,8,0.2,0.02145748987854251,0.9769696969696969,24,100
0.02145748987854251,0.2,0.9814814814814815,0.018518518518518517,0.2,0.92,2,4834,106,8,0.2,0.02145748987854251,0.9769696969696969,24,100
0.02813765182186235,0.2,0.9858156028368794,0.014184397163120567,0.2,0.94,2,4801,139,8,0.2,0.02813765182186235,0.9703030303030303,24,100
0.060931174089068826,0.2,0.9933993399339934,0.006600660066006601,0.2,0.96,2,4639,301,8,0.2,0.060931174089068826,0.9375757575757576,24,100
0.6716599190283401,0.9,0.9972948602344455,0.002705139765554554,0.9,0.98,9,1622,3318,1,0.9,0.6716599190283401,0.3294949494949495,24,100
0.9368421052631579,1.0,0.9978438982319966,0.0021561017680034496,1.0,1.0,10,312,4628,0,1.0,0.9368421052631579,0.06505050505050505,24,100
0.0,0.0,0.0,,0.0,0.02,0,4940,0,10,0.0,0.0,0.997979797979798,25,100
0.0,0.0,0.0,,0.0,0.04,0,4940,0,10,0.0,0.0,0.997979797979798,25,100
0.0,0.0,0.0,,0.0,0.06,0,4940,0,10,0.0,0.0,0.997979797979798,25,100
0.0,0.0,0.0,,0.0,0.08,0,4940,0,10,0.0,0.0,0.997979797979798,25,100
0.0,0.0,0.0,,0.0,0.1,0,4940,0,10,0.0,0.0,0.997979797979798,25,100
0.0,0.0,0.0,,0.0,0.12,0,4940,0,10,0.0,0.0,0.997979797979798,25,100
0.0,0.0,0.0,,0.0,0.14,0,4940,0,10,0.0,0.0,0.997979797979798,25,100
0.0,0.0,0.0,,0.0,0.16,0,4940,0,10,0.0,0.0,0.997979797979798,25,100
0.0,0.0,0.0,,0.0,0.18,0,4940,0,10,0.0,0.0,0.997979797979798,25,100
0.0,0.0,0.0,,0.0,0.2,0,4940,0,10,0.0,0.0,0.997979797979798,25,100
0.0,0.0,0.0,,0.0,0.22,0,4940,0,10,0.0,0.0,0.997979797979798,25,100
0.0,0.0,0.0,,0.0,0.24,0,4940,0,10,0.0,0.0,0.997979797979798,25,100
0.0,0.0,0.0,,0.0,0.26,0,4940,0,10,0.0,0.0,0.997979797979798,25,100
0.0,0.0,0.0,,0.0,0.28,0,4940,0,10,0.0,0.0,0.997979797979798,25,100
0.0,0.0,0.0,,0.0,0.3,0,4940,0,10,0.0,0.0,0.997979797979798,25,100
0.0,0.0,0.0,,0.0,0.32,0,4940,0,10,0.0,0.0,0.997979797979798,25,100
0.0,0.0,0.0,,0.0,0.34,0,4940,0,10,0.0,0.0,0.997979797979798,25,100
0.00020242914979757084,0.0,1.0,0.0,0.0,0.36,0,4939,1,10,0.0,0.00020242914979757084,0.9977777777777778,25,100
0.00020242914979757084,0.0,1.0,0.0,0.0,0.38,0,4939,1,10,0.0,0.00020242914979757084,0.9977777777777778,25,100
0.00020242914979757084,0.0,1.0,0.0,0.0,0.4,0,4939,1,10,0.0,0.00020242914979757084,0.9977777777777778,25,100
0.00020242914979757084,0.0,1.0,0.0,0.0,0.42,0,4939,1,10,0.0,0.00020242914979757084,0.9977777777777778,25,100
0.00020242914979757084,0.0,1.0,0.0,0.0,0.44,0,4939,1,10,0.0,0.00020242914979757084,0.9977777777777778,25,100
0.00020242914979757084,0.0,1.0,0.0,0.0,0.46,0,4939,1,10,0.0,0.00020242914979757084,0.9977777777777778,25,100
0.00020242914979757084,0.0,1.0,0.0,0.0,0.48,0,4939,1,10,0.0,0.00020242914979757084,0.9977777777777778,25,100
0.00020242914979757084,0.0,1.0,0.0,0.0,0.5,0,4939,1,10,0.0,0.00020242914979757084,0.9977777777777778,25,100
0.00020242914979757084,0.0,1.0,0.0,0.0,0.52,0,4939,1,10,0.0,0.00020242914979757084,0.9977777777777778,25,100
0.00020242914979757084,0.0,1.0,0.0,0.0,0.54,0,4939,1,10,0.0,0.00020242914979757084,0.9977777777777778,25,100
0.0004048582995951417,0.0,1.0,0.0,0.0,0.56,0,4938,2,10,0.0,0.0004048582995951417,0.9975757575757576,25,100
0.0004048582995951417,0.0,1.0,0.0,0.0,0.58,0,4938,2,10,0.0,0.0004048582995951417,0.9975757575757576,25,100
0.0006072874493927126,0.0,1.0,0.0,0.0,0.6,0,4937,3,10,0.0,0.0006072874493927126,0.9973737373737374,25,100
0.0006072874493927126,0.0,1.0,0.0,0.0,0.62,0,4937,3,10,0.0,0.0006072874493927126,0.9973737373737374,25,100
0.0006072874493927126,0.0,1.0,0.0,0.0,0.64,0,4937,3,10,0.0,0.0006072874493927126,0.9973737373737374,25,100
0.0006072874493927126,0.0,1.0,0.0,0.0,0.66,0,4937,3,10,0.0,0.0006072874493927126,0.9973737373737374,25,100
0.0006072874493927126,0.0,1.0,0.0,0.0,0.68,0,4937,3,10,0.0,0.0006072874493927126,0.9973737373737374,25,100
0.0006072874493927126,0.0,1.0,0.0,0.0,0.7,0,4937,3,10,0.0,0.0006072874493927126,0.9973737373737374,25,100
0.0008097165991902834,0.0,1.0,0.0,0.0,0.72,0,4936,4,10,0.0,0.0008097165991902834,0.9971717171717172,25,100
0.0008097165991902834,0.0,1.0,0.0,0.0,0.74,0,4936,4,10,0.0,0.0008097165991902834,0.9971717171717172,25,100
0.0008097165991902834,0.0,1.0,0.0,0.0,0.76,0,4936,4,10,0.0,0.0008097165991902834,0.9971717171717172,25,100
0.02408906882591093,0.1,0.9916666666666667,0.008333333333333333,0.1,0.78,1,4821,119,9,0.1,0.02408906882591093,0.9741414141414141,25,100
0.02408906882591093,0.1,0.9916666666666667,0.008333333333333333,0.1,0.8,1,4821,119,9,0.1,0.02408906882591093,0.9741414141414141,25,100
0.025708502024291497,0.1,0.9921875,0.0078125,0.1,0.82,1,4813,127,9,0.1,0.025708502024291497,0.9725252525252526,25,100
0.03137651821862348,0.1,0.9935897435897436,0.00641025641025641,0.1,0.84,1,4785,155,9,0.1,0.03137651821862348,0.9668686868686869,25,100
0.033805668016194335,0.1,0.9940476190476191,0.005952380952380952,0.1,0.86,1,4773,167,9,0.1,0.033805668016194335,0.9644444444444444,25,100
0.033805668016194335,0.1,0.9940476190476191,0.005952380952380952,0.1,0.88,1,4773,167,9,0.1,0.033805668016194335,0.9644444444444444,25,100
0.039271255060728746,0.1,0.9948717948717949,0.005128205128205128,0.1,0.9,1,4746,194,9,0.1,0.039271255060728746,0.958989898989899,25,100
0.04230769230769231,0.1,0.9952380952380953,0.004761904761904762,0.1,0.92,1,4731,209,9,0.1,0.04230769230769231,0.955959595959596,25,100
0.05607287449392712,0.1,0.9964028776978417,0.0035971223021582736,0.1,0.94,1,4663,277,9,0.1,0.05607287449392712,0.9422222222222222,25,100
0.05951417004048583,0.1,0.9966101694915255,0.003389830508474576,0.1,0.96,1,4646,294,9,0.1,0.05951417004048583,0.9387878787878788,25,100
0.06376518218623482,0.1,0.9968354430379747,0.0031645569620253164,0.1,0.98,1,4625,315,9,0.1,0.06376518218623482,0.9345454545454546,25,100
0.9686234817813765,1.0,0.9979144942648592,0.0020855057351407717,1.0,1.0,10,155,4785,0,1.0,0.9686234817813765,0.03333333333333333,25,100
0.0,0.0,0.0,,0.0,0.02,0,4940,0,10,0.0,0.0,0.997979797979798,26,100
0.0,0.0,0.0,,0.0,0.04,0,4940,0,10,0.0,0.0,0.997979797979798,26,100
0.0,0.0,0.0,,0.0,0.06,0,4940,0,10,0.0,0.0,0.997979797979798,26,100
0.0,0.0,0.0,,0.0,0.08,0,4940,0,10,0.0,0.0,0.997979797979798,26,100
0.0,0.0,0.0,,0.0,0.1,0,4940,0,10,0.0,0.0,0.997979797979798,26,100
0.0,0.0,0.0,,0.0,0.12,0,4940,0,10,0.0,0.0,0.997979797979798,26,100
0.0,0.0,0.0,,0.0,0.14,0,4940,0,10,0.0,0.0,0.997979797979798,26,100
0.0,0.0,0.0,,0.0,0.16,0,4940,0,10,0.0,0.0,0.997979797979798,26,100
0.0,0.0,0.0,,0.0,0.18,0,4940,0,10,0.0,0.0,0.997979797979798,26,100
0.0,0.0,0.0,,0.0,0.2,0,4940,0,10,0.0,0.0,0.997979797979798,26,100
0.0,0.0,0.0,,0.0,0.22,0,4940,0,10,0.0,0.0,0.997979797979798,26,100
0.0,0.0,0.0,,0.0,0.24,0,4940,0,10,0.0,0.0,0.997979797979798,26,100
0.0,0.0,0.0,,0.0,0.26,0,4940,0,10,0.0,0.0,0.997979797979798,26,100
0.0,0.0,0.0,,0.0,0.28,0,4940,0,10,0.0,0.0,0.997979797979798,26,100
0.0,0.0,0.0,,0.0,0.3,0,4940,0,10,0.0,0.0,0.997979797979798,26,100
0.0,0.0,0.0,,0.0,0.32,0,4940,0,10,0.0,0.0,0.997979797979798,26,100
0.0,0.0,0.0,,0.0,0.34,0,4940,0,10,0.0,0.0,0.997979797979798,26,100
0.0,0.0,0.0,,0.0,0.36,0,4940,0,10,0.0,0.0,0.997979797979798,26,100
0.0,0.0,0.0,,0.0,0.38,0,4940,0,10,0.0,0.0,0.997979797979798,26,100
0.0,0.0,0.0,,0.0,0.4,0,4940,0,10,0.0,0.0,0.997979797979798,26,100
0.0,0.0,0.0,,0.0,0.42,0,4940,0,10,0.0,0.0,0.997979797979798,26,100
0.0,0.0,0.0,,0.0,0.44,0,4940,0,10,0.0,0.0,0.997979797979798,26,100
0.0,0.0,0.0,,0.0,0.46,0,4940,0,10,0.0,0.0,0.997979797979798,26,100
0.0,0.0,0.0,,0.0,0.48,0,4940,0,10,0.0,0.0,0.997979797979798,26,100
0.0,0.0,0.0,,0.0,0.5,0,4940,0,10,0.0,0.0,0.997979797979798,26,100
0.0,0.0,0.0,,0.0,0.52,0,4940,0,10,0.0,0.0,0.997979797979798,26,100
0.0,0.0,0.0,,0.0,0.54,0,4940,0,10,0.0,0.0,0.997979797979798,26,100
0.0008097165991902834,0.0,1.0,0.0,0.0,0.56,0,4936,4,10,0.0,0.0008097165991902834,0.9971717171717172,26,100
0.0008097165991902834,0.0,1.0,0.0,0.0,0.58,0,4936,4,10,0.0,0.0008097165991902834,0.9971717171717172,26,100
0.0010121457489878543,0.0,1.0,0.0,0.0,0.6,0,4935,5,10,0.0,0.0010121457489878543,0.996969696969697,26,100
0.0010121457489878543,0.0,1.0,0.0,0.0,0.62,0,4935,5,10,0.0,0.0010121457489878543,0.996969696969697,26,100
0.0010121457489878543,0.0,1.0,0.0,0.0,0.64,0,4935,5,10,0.0,0.0010121457489878543,0.996969696969697,26,100
0.0012145748987854252,0.0,1.0,0.0,0.0,0.66,0,4934,6,10,0.0,0.0012145748987854252,0.9967676767676767,26,100
0.0012145748987854252,0.0,1.0,0.0,0.0,0.68,0,4934,6,10,0.0,0.0012145748987854252,0.9967676767676767,26,100
0.0012145748987854252,0.0,1.0,0.0,0.0,0.7,0,4934,6,10,0.0,0.0012145748987854252,0.9967676767676767,26,100
0.0012145748987854252,0.0,1.0,0.0,0.0,0.72,0,4934,6,10,0.0,0.0012145748987854252,0.9967676767676767,26,100
0.0012145748987854252,0.0,1.0,0.0,0.0,0.74,0,4934,6,10,0.0,0.0012145748987854252,0.9967676767676767,26,100
0.001417004048582996,0.0,1.0,0.0,0.0,0.76,0,4933,7,10,0.0,0.001417004048582996,0.9965656565656565,26,100
0.001417004048582996,0.0,1.0,0.0,0.0,0.78,0,4933,7,10,0.0,0.001417004048582996,0.9965656565656565,26,100
0.0020242914979757085,0.0,1.0,0.0,0.0,0.8,0,4930,10,10,0.0,0.0020242914979757085,0.9959595959595959,26,100
0.0020242914979757085,0.0,1.0,0.0,0.0,0.82,0,4930,10,10,0.0,0.0020242914979757085,0.9959595959595959,26,100
0.029554655870445343,0.0,1.0,0.0,0.0,0.84,0,4794,146,10,0.0,0.029554655870445343,0.9684848484848485,26,100
0.03178137651821862,0.0,1.0,0.0,0.0,0.86,0,4783,157,10,0.0,0.03178137651821862,0.9662626262626263,26,100
0.03178137651821862,0.0,1.0,0.0,0.0,0.88,0,4783,157,10,0.0,0.03178137651821862,0.9662626262626263,26,100
0.033805668016194335,0.1,0.9940476190476191,0.005952380952380952,0.1,0.9,1,4773,167,9,0.1,0.033805668016194335,0.9644444444444444,26,100
0.03603238866396761,0.1,0.994413407821229,0.00558659217877095,0.1,0.92,1,4762,178,9,0.1,0.03603238866396761,0.9622222222222222,26,100
0.08825910931174089,0.3,0.9931662870159453,0.00683371298405467,0.3,0.94,3,4504,436,7,0.3,0.08825910931174089,0.9105050505050505,26,100
0.10141700404858299,0.3,0.9940476190476191,0.005952380952380952,0.3,0.96,3,4439,501,7,0.3,0.10141700404858299,0.8973737373737374,26,100
0.46275303643724697,0.7,0.996947230702137,0.0030527692978630614,0.7,0.98,7,2654,2286,3,0.7,0.46275303643724697,0.5375757575757576,26,100
0.9690283400809716,0.9,0.9981234361968306,0.0018765638031693077,0.9,1.0,9,153,4787,1,0.9,0.9690283400809716,0.03272727272727273,26,100
0.0,0.0,0.0,,0.0,0.02,0,4940,0,10,0.0,0.0,0.997979797979798,27,100
0.0,0.0,0.0,,0.0,0.04,0,4940,0,10,0.0,0.0,0.997979797979798,27,100
0.0,0.0,0.0,,0.0,0.06,0,4940,0,10,0.0,0.0,0.997979797979798,27,100
0.0,0.0,0.0,,0.0,0.08,0,4940,0,10,0.0,0.0,0.997979797979798,27,100
0.0,0.0,0.0,,0.0,0.1,0,4940,0,10,0.0,0.0,0.997979797979798,27,100
0.0,0.0,0.0,,0.0,0.12,0,4940,0,10,0.0,0.0,0.997979797979798,27,100
0.0,0.0,0.0,,0.0,0.14,0,4940,0,10,0.0,0.0,0.997979797979798,27,100
0.0,0.0,0.0,,0.0,0.16,0,4940,0,10,0.0,0.0,0.997979797979798,27,100
0.0,0.0,0.0,,0.0,0.18,0,4940,0,10,0.0,0.0,0.997979797979798,27,100
0.0,0.0,0.0,,0.0,0.2,0,4940,0,10,0.0,0.0,0.997979797979798,27,100
0.0,0.0,0.0,,0.0,0.22,0,4940,0,10,0.0,0.0,0.997979797979798,27,100
0.0,0.0,0.0,,0.0,0.24,0,4940,0,10,0.0,0.0,0.997979797979798,27,100
0.0,0.0,0.0,,0.0,0.26,0,4940,0,10,0.0,0.0,0.997979797979798,27,100
0.0,0.0,0.0,,0.0,0.28,0,4940,0,10,0.0,0.0,0.997979797979798,27,100
0.0,0.0,0.0,,0.0,0.3,0,4940,0,10,0.0,0.0,0.997979797979798,27,100
0.0,0.0,0.0,,0.0,0.32,0,4940,0,10,0.0,0.0,0.997979797979798,27,100
0.0,0.0,0.0,,0.0,0.34,0,4940,0,10,0.0,0.0,0.997979797979798,27,100
0.0,0.0,0.0,,0.0,0.36,0,4940,0,10,0.0,0.0,0.997979797979798,27,100
0.0,0.0,0.0,,0.0,0.38,0,4940,0,10,0.0,0.0,0.997979797979798,27,100
0.0,0.0,0.0,,0.0,0.4,0,4940,0,10,0.0,0.0,0.997979797979798,27,100
0.0,0.0,0.0,,0.0,0.42,0,4940,0,10,0.0,0.0,0.997979797979798,27,100
0.0,0.0,0.0,,0.0,0.44,0,4940,0,10,0.0,0.0,0.997979797979798,27,100
0.0,0.0,0.0,,0.0,0.46,0,4940,0,10,0.0,0.0,0.997979797979798,27,100
0.001417004048582996,0.0,1.0,0.0,0.0,0.48,0,4933,7,10,0.0,0.001417004048582996,0.9965656565656565,27,100
0.001417004048582996,0.0,1.0,0.0,0.0,0.5,0,4933,7,10,0.0,0.001417004048582996,0.9965656565656565,27,100
0.001417004048582996,0.0,1.0,0.0,0.0,0.52,0,4933,7,10,0.0,0.001417004048582996,0.9965656565656565,27,100
0.001417004048582996,0.0,1.0,0.0,0.0,0.54,0,4933,7,10,0.0,0.001417004048582996,0.9965656565656565,27,100
0.001417004048582996,0.0,1.0,0.0,0.0,0.56,0,4933,7,10,0.0,0.001417004048582996,0.9965656565656565,27,100
0.001417004048582996,0.0,1.0,0.0,0.0,0.58,0,4933,7,10,0.0,0.001417004048582996,0.9965656565656565,27,100
0.001417004048582996,0.0,1.0,0.0,0.0,0.6,0,4933,7,10,0.0,0.001417004048582996,0.9965656565656565,27,100
0.001417004048582996,0.0,1.0,0.0,0.0,0.62,0,4933,7,10,0.0,0.001417004048582996,0.9965656565656565,27,100
0.0016194331983805667,0.0,1.0,0.0,0.0,0.64,0,4932,8,10,0.0,0.0016194331983805667,0.9963636363636363,27,100
0.0018218623481781376,0.0,1.0,0.0,0.0,0.66,0,4931,9,10,0.0,0.0018218623481781376,0.9961616161616161,27,100
0.0018218623481781376,0.0,1.0,0.0,0.0,0.68,0,4931,9,10,0.0,0.0018218623481781376,0.9961616161616161,27,100
0.0018218623481781376,0.0,1.0,0.0,0.0,0.7,0,4931,9,10,0.0,0.0018218623481781376,0.9961616161616161,27,100
0.002226720647773279,0.0,1.0,0.0,0.0,0.72,0,4929,11,10,0.0,0.002226720647773279,0.9957575757575757,27,100
0.0036437246963562753,0.0,1.0,0.0,0.0,0.74,0,4922,18,10,0.0,0.0036437246963562753,0.9943434343434343,27,100
0.0036437246963562753,0.0,1.0,0.0,0.0,0.76,0,4922,18,10,0.0,0.0036437246963562753,0.9943434343434343,27,100
0.004453441295546558,0.0,1.0,0.0,0.0,0.78,0,4918,22,10,0.0,0.004453441295546558,0.9935353535353535,27,100
0.004453441295546558,0.0,1.0,0.0,0.0,0.8,0,4918,22,10,0.0,0.004453441295546558,0.9935353535353535,27,100
0.004453441295546558,0.0,1.0,0.0,0.0,0.82,0,4918,22,10,0.0,0.004453441295546558,0.9935353535353535,27,100
0.004453441295546558,0.0,1.0,0.0,0.0,0.84,0,4918,22,10,0.0,0.004453441295546558,0.9935353535353535,27,100
0.004453441295546558,0.0,1.0,0.0,0.0,0.86,0,4918,22,10,0.0,0.004453441295546558,0.9935353535353535,27,100
0.004453441295546558,0.0,1.0,0.0,0.0,0.88,0,4918,22,10,0.0,0.004453441295546558,0.9935353535353535,27,100
0.005668016194331984,0.0,1.0,0.0,0.0,0.9,0,4912,28,10,0.0,0.005668016194331984,0.9923232323232323,27,100
0.005668016194331984,0.0,1.0,0.0,0.0,0.92,0,4912,28,10,0.0,0.005668016194331984,0.9923232323232323,27,100
0.006072874493927126,0.0,1.0,0.0,0.0,0.94,0,4910,30,10,0.0,0.006072874493927126,0.9919191919191919,27,100
0.006072874493927126,0.0,1.0,0.0,0.0,0.96,0,4910,30,10,0.0,0.006072874493927126,0.9919191919191919,27,100
0.008299595141700405,0.0,1.0,0.0,0.0,0.98,0,4899,41,10,0.0,0.008299595141700405,0.9896969696969697,27,100
0.9700404858299595,0.8,0.9983333333333333,0.0016666666666666668,0.8,1.0,8,148,4792,2,0.8,0.9700404858299595,0.03151515151515152,27,100
0.00020242914979757084,0.0,1.0,0.0,0.0,0.02,0,4939,1,10,0.0,0.00020242914979757084,0.9977777777777778,28,100
0.00020242914979757084,0.0,1.0,0.0,0.0,0.04,0,4939,1,10,0.0,0.00020242914979757084,0.9977777777777778,28,100
0.00020242914979757084,0.0,1.0,0.0,0.0,0.06,0,4939,1,10,0.0,0.00020242914979757084,0.9977777777777778,28,100
0.00020242914979757084,0.0,1.0,0.0,0.0,0.08,0,4939,1,10,0.0,0.00020242914979757084,0.9977777777777778,28,100
0.00020242914979757084,0.0,1.0,0.0,0.0,0.1,0,4939,1,10,0.0,0.00020242914979757084,0.9977777777777778,28,100
0.00020242914979757084,0.0,1.0,0.0,0.0,0.12,0,4939,1,10,0.0,0.00020242914979757084,0.9977777777777778,28,100
0.00020242914979757084,0.0,1.0,0.0,0.0,0.14,0,4939,1,10,0.0,0.00020242914979757084,0.9977777777777778,28,100
0.00020242914979757084,0.0,1.0,0.0,0.0,0.16,0,4939,1,10,0.0,0.00020242914979757084,0.9977777777777778,28,100
0.00020242914979757084,0.0,1.0,0.0,0.0,0.18,0,4939,1,10,0.0,0.00020242914979757084,0.9977777777777778,28,100
0.00020242914979757084,0.0,1.0,0.0,0.0,0.2,0,4939,1,10,0.0,0.00020242914979757084,0.9977777777777778,28,100
0.00020242914979757084,0.0,1.0,0.0,0.0,0.22,0,4939,1,10,0.0,0.00020242914979757084,0.9977777777777778,28,100
0.00020242914979757084,0.0,1.0,0.0,0.0,0.24,0,4939,1,10,0.0,0.00020242914979757084,0.9977777777777778,28,100
0.00020242914979757084,0.0,1.0,0.0,0.0,0.26,0,4939,1,10,0.0,0.00020242914979757084,0.9977777777777778,28,100
0.00020242914979757084,0.0,1.0,0.0,0.0,0.28,0,4939,1,10,0.0,0.00020242914979757084,0.9977777777777778,28,100
0.00020242914979757084,0.0,1.0,0.0,0.0,0.3,0,4939,1,10,0.0,0.00020242914979757084,0.9977777777777778,28,100
0.00020242914979757084,0.0,1.0,0.0,0.0,0.32,0,4939,1,10,0.0,0.00020242914979757084,0.9977777777777778,28,100
0.00020242914979757084,0.0,1.0,0.0,0.0,0.34,0,4939,1,10,0.0,0.00020242914979757084,0.9977777777777778,28,100
0.00020242914979757084,0.0,1.0,0.0,0.0,0.36,0,4939,1,10,0.0,0.00020242914979757084,0.9977777777777778,28,100
0.00020242914979757084,0.0,1.0,0.0,0.0,0.38,0,4939,1,10,0.0,0.00020242914979757084,0.9977777777777778,28,100
0.0004048582995951417,0.0,1.0,0.0,0.0,0.4,0,4938,2,10,0.0,0.0004048582995951417,0.9975757575757576,28,100
0.0004048582995951417,0.0,1.0,0.0,0.0,0.42,0,4938,2,10,0.0,0.0004048582995951417,0.9975757575757576,28,100
0.0004048582995951417,0.0,1.0,0.0,0.0,0.44,0,4938,2,10,0.0,0.0004048582995951417,0.9975757575757576,28,100
0.0004048582995951417,0.0,1.0,0.0,0.0,0.46,0,4938,2,10,0.0,0.0004048582995951417,0.9975757575757576,28,100
0.0004048582995951417,0.0,1.0,0.0,0.0,0.48,0,4938,2,10,0.0,0.0004048582995951417,0.9975757575757576,28,100
0.0004048582995951417,0.0,1.0,0.0,0.0,0.5,0,4938,2,10,0.0,0.0004048582995951417,0.9975757575757576,28,100
0.0012145748987854252,0.0,1.0,0.0,0.0,0.52,0,4934,6,10,0.0,0.0012145748987854252,0.9967676767676767,28,100
0.004251012145748988,0.0,1.0,0.0,0.0,0.54,0,4919,21,10,0.0,0.004251012145748988,0.9937373737373737,28,100
0.00465587044534413,0.0,1.0,0.0,0.0,0.56,0,4917,23,10,0.0,0.00465587044534413,0.9933333333333333,28,100
0.00465587044534413,0.0,1.0,0.0,0.0,0.58,0,4917,23,10,0.0,0.00465587044534413,0.9933333333333333,28,100
0.005060728744939271,0.0,1.0,0.0,0.0,0.6,0,4915,25,10,0.0,0.005060728744939271,0.9929292929292929,28,100
0.006477732793522267,0.0,1.0,0.0,0.0,0.62,0,4908,32,10,0.0,0.006477732793522267,0.9915151515151515,28,100
0.00951417004048583,0.1,0.9791666666666666,0.020833333333333332,0.1,0.64,1,4893,47,9,0.1,0.00951417004048583,0.9886868686868687,28,100
0.00951417004048583,0.1,0.9791666666666666,0.020833333333333332,0.1,0.66,1,4893,47,9,0.1,0.00951417004048583,0.9886868686868687,28,100
0.01720647773279352,0.1,0.9883720930232558,0.011627906976744186,0.1,0.68,1,4855,85,9,0.1,0.01720647773279352,0.981010101010101,28,100
0.01720647773279352,0.1,0.9883720930232558,0.011627906976744186,0.1,0.7,1,4855,85,9,0.1,0.01720647773279352,0.981010101010101,28,100
0.01882591093117409,0.1,0.9893617021276596,0.010638297872340425,0.1,0.72,1,4847,93,9,0.1,0.01882591093117409,0.9793939393939394,28,100
0.020445344129554656,0.1,0.9901960784313726,0.00980392156862745,0.1,0.74,1,4839,101,9,0.1,0.020445344129554656,0.9777777777777777,28,100
0.020445344129554656,0.1,0.9901960784313726,0.00980392156862745,0.1,0.76,1,4839,101,9,0.1,0.020445344129554656,0.9777777777777777,28,100
0.02206477732793522,0.1,0.990909090909091,0.00909090909090909,0.1,0.78,1,4831,109,9,0.1,0.02206477732793522,0.9761616161616161,28,100
0.02206477732793522,0.1,0.990909090909091,0.00909090909090909,0.1,0.8,1,4831,109,9,0.1,0.02206477732793522,0.9761616161616161,28,100
0.02368421052631579,0.1,0.9915254237288136,0.00847457627118644,0.1,0.82,1,4823,117,9,0.1,0.02368421052631579,0.9745454545454545,28,100
0.037044534412955465,0.1,0.9945652173913043,0.005434782608695652,0.1,0.84,1,4757,183,9,0.1,0.037044534412955465,0.9612121212121212,28,100
0.04089068825910931,0.1,0.9950738916256158,0.0049261083743842365,0.1,0.86,1,4738,202,9,0.1,0.04089068825910931,0.9573737373737373,28,100
0.043927125506072875,0.1,0.9954128440366973,0.0045871559633027525,0.1,0.88,1,4723,217,9,0.1,0.043927125506072875,0.9543434343434344,28,100
0.043927125506072875,0.1,0.9954128440366973,0.0045871559633027525,0.1,0.9,1,4723,217,9,0.1,0.043927125506072875,0.9543434343434344,28,100
0.043927125506072875,0.1,0.9954128440366973,0.0045871559633027525,0.1,0.92,1,4723,217,9,0.1,0.043927125506072875,0.9543434343434344,28,100
0.09291497975708501,0.4,0.9913606911447084,0.008639308855291577,0.4,0.94,4,4481,459,6,0.4,0.09291497975708501,0.906060606060606,28,100
0.10161943319838057,0.4,0.9920948616600791,0.007905138339920948,0.4,0.96,4,4438,502,6,0.4,0.10161943319838057,0.8973737373737374,28,100
0.2291497975708502,0.5,0.9956024626209323,0.0043975373790677225,0.5,0.98,5,3808,1132,5,0.5,0.2291497975708502,0.7703030303030303,28,100
0.9307692307692308,1.0,0.9978298611111112,0.002170138888888889,1.0,1.0,10,342,4598,0,1.0,0.9307692307692308,0.07111111111111111,28,100
0.0,0.0,0.0,,0.0,0.02,0,4940,0,10,0.0,0.0,0.997979797979798,29,100
0.0,0.0,0.0,,0.0,0.04,0,4940,0,10,0.0,0.0,0.997979797979798,29,100
0.0,0.0,0.0,,0.0,0.06,0,4940,0,10,0.0,0.0,0.997979797979798,29,100
0.0,0.0,0.0,,0.0,0.08,0,4940,0,10,0.0,0.0,0.997979797979798,29,100
0.0,0.0,0.0,,0.0,0.1,0,4940,0,10,0.0,0.0,0.997979797979798,29,100
0.0,0.0,0.0,,0.0,0.12,0,4940,0,10,0.0,0.0,0.997979797979798,29,100
0.0,0.0,0.0,,0.0,0.14,0,4940,0,10,0.0,0.0,0.997979797979798,29,100
0.0,0.0,0.0,,0.0,0.16,0,4940,0,10,0.0,0.0,0.997979797979798,29,100
0.0,0.0,0.0,,0.0,0.18,0,4940,0,10,0.0,0.0,0.997979797979798,29,100
0.0,0.0,0.0,,0.0,0.2,0,4940,0,10,0.0,0.0,0.997979797979798,29,100
0.0,0.0,0.0,,0.0,0.22,0,4940,0,10,0.0,0.0,0.997979797979798,29,100
0.0,0.0,0.0,,0.0,0.24,0,4940,0,10,0.0,0.0,0.997979797979798,29,100
0.0,0.0,0.0,,0.0,0.26,0,4940,0,10,0.0,0.0,0.997979797979798,29,100
0.0,0.0,0.0,,0.0,0.28,0,4940,0,10,0.0,0.0,0.997979797979798,29,100
0.0,0.0,0.0,,0.0,0.3,0,4940,0,10,0.0,0.0,0.997979797979798,29,100
0.0,0.0,0.0,,0.0,0.32,0,4940,0,10,0.0,0.0,0.997979797979798,29,100
0.0,0.0,0.0,,0.0,0.34,0,4940,0,10,0.0,0.0,0.997979797979798,29,100
0.0,0.0,0.0,,0.0,0.36,0,4940,0,10,0.0,0.0,0.997979797979798,29,100
0.0,0.0,0.0,,0.0,0.38,0,4940,0,10,0.0,0.0,0.997979797979798,29,100
0.0,0.0,0.0,,0.0,0.4,0,4940,0,10,0.0,0.0,0.997979797979798,29,100
0.001417004048582996,0.0,1.0,0.0,0.0,0.42,0,4933,7,10,0.0,0.001417004048582996,0.9965656565656565,29,100
0.001417004048582996,0.0,1.0,0.0,0.0,0.44,0,4933,7,10,0.0,0.001417004048582996,0.9965656565656565,29,100
0.0020242914979757085,0.1,0.9090909090909091,0.09090909090909091,0.1,0.46,1,4930,10,9,0.1,0.0020242914979757085,0.9961616161616161,29,100
0.002226720647773279,0.1,0.9166666666666666,0.08333333333333333,0.1,0.48,1,4929,11,9,0.1,0.002226720647773279,0.9959595959595959,29,100
0.002834008097165992,0.1,0.9333333333333333,0.06666666666666667,0.1,0.5,1,4926,14,9,0.1,0.002834008097165992,0.9953535353535353,29,100
0.002834008097165992,0.1,0.9333333333333333,0.06666666666666667,0.1,0.52,1,4926,14,9,0.1,0.002834008097165992,0.9953535353535353,29,100
0.003036437246963563,0.1,0.9375,0.0625,0.1,0.54,1,4925,15,9,0.1,0.003036437246963563,0.9951515151515151,29,100
0.0032388663967611335,0.1,0.9411764705882353,0.058823529411764705,0.1,0.56,1,4924,16,9,0.1,0.0032388663967611335,0.9949494949494949,29,100
0.0032388663967611335,0.1,0.9411764705882353,0.058823529411764705,0.1,0.58,1,4924,16,9,0.1,0.0032388663967611335,0.9949494949494949,29,100
0.004453441295546558,0.1,0.9565217391304348,0.043478260869565216,0.1,0.6,1,4918,22,9,0.1,0.004453441295546558,0.9937373737373737,29,100
0.004453441295546558,0.1,0.9565217391304348,0.043478260869565216,0.1,0.62,1,4918,22,9,0.1,0.004453441295546558,0.9937373737373737,29,100
0.004453441295546558,0.1,0.9565217391304348,0.043478260869565216,0.1,0.64,1,4918,22,9,0.1,0.004453441295546558,0.9937373737373737,29,100
0.00951417004048583,0.1,0.9791666666666666,0.020833333333333332,0.1,0.66,1,4893,47,9,0.1,0.00951417004048583,0.9886868686868687,29,100
0.012753036437246963,0.1,0.984375,0.015625,0.1,0.68,1,4877,63,9,0.1,0.012753036437246963,0.9854545454545455,29,100
0.013765182186234818,0.1,0.9855072463768116,0.014492753623188406,0.1,0.7,1,4872,68,9,0.1,0.013765182186234818,0.9844444444444445,29,100
0.020445344129554656,0.1,0.9901960784313726,0.00980392156862745,0.1,0.72,1,4839,101,9,0.1,0.020445344129554656,0.9777777777777777,29,100
0.020445344129554656,0.1,0.9901960784313726,0.00980392156862745,0.1,0.74,1,4839,101,9,0.1,0.020445344129554656,0.9777777777777777,29,100
0.02145748987854251,0.1,0.9906542056074766,0.009345794392523364,0.1,0.76,1,4834,106,9,0.1,0.02145748987854251,0.9767676767676767,29,100
0.02327935222672065,0.1,0.9913793103448276,0.008620689655172414,0.1,0.78,1,4825,115,9,0.1,0.02327935222672065,0.9749494949494949,29,100
0.027732793522267207,0.1,0.9927536231884058,0.007246376811594203,0.1,0.8,1,4803,137,9,0.1,0.027732793522267207,0.9705050505050505,29,100
0.029757085020242914,0.1,0.9932432432432432,0.006756756756756757,0.1,0.82,1,4793,147,9,0.1,0.029757085020242914,0.9684848484848485,29,100
0.032388663967611336,0.1,0.9937888198757764,0.006211180124223602,0.1,0.84,1,4780,160,9,0.1,0.032388663967611336,0.9658585858585859,29,100
0.03805668016194332,0.1,0.9947089947089947,0.005291005291005291,0.1,0.86,1,4752,188,9,0.1,0.03805668016194332,0.9602020202020202,29,100
0.03805668016194332,0.1,0.9947089947089947,0.005291005291005291,0.1,0.88,1,4752,188,9,0.1,0.03805668016194332,0.9602020202020202,29,100
0.039878542510121455,0.1,0.9949494949494949,0.005050505050505051,0.1,0.9,1,4743,197,9,0.1,0.039878542510121455,0.9583838383838383,29,100
0.08279352226720647,0.2,0.9951338199513382,0.004866180048661801,0.2,0.92,2,4531,409,8,0.2,0.08279352226720647,0.9157575757575758,29,100
0.13927125506072874,0.3,0.9956584659913169,0.004341534008683068,0.3,0.94,3,4252,688,7,0.3,0.13927125506072874,0.8595959595959596,29,100
0.1799595141700405,0.5,0.9944071588366891,0.005592841163310962,0.5,0.96,5,4051,889,5,0.5,0.1799595141700405,0.8193939393939393,29,100
0.2271255060728745,0.6,0.9946808510638298,0.005319148936170213,0.6,0.98,6,3818,1122,4,0.6,0.2271255060728745,0.7725252525252525,29,100
0.941497975708502,0.9,0.998068669527897,0.0019313304721030042,0.9,1.0,9,289,4651,1,0.9,0.941497975708502,0.0602020202020202,29,100
0.00020242914979757084,0.0,1.0,0.0,0.0,0.02,0,4939,1,10,0.0,0.00020242914979757084,0.9977777777777778,30,100
0.0,0.0,0.0,,0.0,0.04,0,4940,0,10,0.0,0.0,0.997979797979798,30,100
0.00020242914979757084,0.0,1.0,0.0,0.0,0.06,0,4939,1,10,0.0,0.00020242914979757084,0.9977777777777778,30,100
0.00020242914979757084,0.0,1.0,0.0,0.0,0.08,0,4939,1,10,0.0,0.00020242914979757084,0.9977777777777778,30,100
0.00020242914979757084,0.0,1.0,0.0,0.0,0.1,0,4939,1,10,0.0,0.00020242914979757084,0.9977777777777778,30,100
0.00020242914979757084,0.0,1.0,0.0,0.0,0.12,0,4939,1,10,0.0,0.00020242914979757084,0.9977777777777778,30,100
0.00020242914979757084,0.0,1.0,0.0,0.0,0.14,0,4939,1,10,0.0,0.00020242914979757084,0.9977777777777778,30,100
0.0008097165991902834,0.0,1.0,0.0,0.0,0.16,0,4936,4,10,0.0,0.0008097165991902834,0.9971717171717172,30,100
0.0008097165991902834,0.0,1.0,0.0,0.0,0.18,0,4936,4,10,0.0,0.0008097165991902834,0.9971717171717172,30,100
0.0012145748987854252,0.0,1.0,0.0,0.0,0.2,0,4934,6,10,0.0,0.0012145748987854252,0.9967676767676767,30,100
0.0012145748987854252,0.0,1.0,0.0,0.0,0.22,0,4934,6,10,0.0,0.0012145748987854252,0.9967676767676767,30,100
0.0012145748987854252,0.0,1.0,0.0,0.0,0.24,0,4934,6,10,0.0,0.0012145748987854252,0.9967676767676767,30,100
0.0012145748987854252,0.0,1.0,0.0,0.0,0.26,0,4934,6,10,0.0,0.0012145748987854252,0.9967676767676767,30,100
0.0012145748987854252,0.0,1.0,0.0,0.0,0.28,0,4934,6,10,0.0,0.0012145748987854252,0.9967676767676767,30,100
0.0012145748987854252,0.0,1.0,0.0,0.0,0.3,0,4934,6,10,0.0,0.0012145748987854252,0.9967676767676767,30,100
0.0012145748987854252,0.0,1.0,0.0,0.0,0.32,0,4934,6,10,0.0,0.0012145748987854252,0.9967676767676767,30,100
0.0012145748987854252,0.0,1.0,0.0,0.0,0.34,0,4934,6,10,0.0,0.0012145748987854252,0.9967676767676767,30,100
0.0012145748987854252,0.0,1.0,0.0,0.0,0.36,0,4934,6,10,0.0,0.0012145748987854252,0.9967676767676767,30,100
0.0012145748987854252,0.0,1.0,0.0,0.0,0.38,0,4934,6,10,0.0,0.0012145748987854252,0.9967676767676767,30,100
0.0012145748987854252,0.0,1.0,0.0,0.0,0.4,0,4934,6,10,0.0,0.0012145748987854252,0.9967676767676767,30,100
0.0012145748987854252,0.0,1.0,0.0,0.0,0.42,0,4934,6,10,0.0,0.0012145748987854252,0.9967676767676767,30,100
0.0012145748987854252,0.0,1.0,0.0,0.0,0.44,0,4934,6,10,0.0,0.0012145748987854252,0.9967676767676767,30,100
0.0012145748987854252,0.0,1.0,0.0,0.0,0.46,0,4934,6,10,0.0,0.0012145748987854252,0.9967676767676767,30,100
0.0012145748987854252,0.0,1.0,0.0,0.0,0.48,0,4934,6,10,0.0,0.0012145748987854252,0.9967676767676767,30,100
0.0012145748987854252,0.0,1.0,0.0,0.0,0.5,0,4934,6,10,0.0,0.0012145748987854252,0.9967676767676767,30,100
0.0012145748987854252,0.0,1.0,0.0,0.0,0.52,0,4934,6,10,0.0,0.0012145748987854252,0.9967676767676767,30,100
0.0012145748987854252,0.0,1.0,0.0,0.0,0.54,0,4934,6,10,0.0,0.0012145748987854252,0.9967676767676767,30,100
0.0012145748987854252,0.0,1.0,0.0,0.0,0.56,0,4934,6,10,0.0,0.0012145748987854252,0.9967676767676767,30,100
0.0012145748987854252,0.0,1.0,0.0,0.0,0.58,0,4934,6,10,0.0,0.0012145748987854252,0.9967676767676767,30,100
0.0012145748987854252,0.0,1.0,0.0,0.0,0.6,0,4934,6,10,0.0,0.0012145748987854252,0.9967676767676767,30,100
0.0012145748987854252,0.0,1.0,0.0,0.0,0.62,0,4934,6,10,0.0,0.0012145748987854252,0.9967676767676767,30,100
0.0012145748987854252,0.0,1.0,0.0,0.0,0.64,0,4934,6,10,0.0,0.0012145748987854252,0.9967676767676767,30,100
0.0012145748987854252,0.0,1.0,0.0,0.0,0.66,0,4934,6,10,0.0,0.0012145748987854252,0.9967676767676767,30,100
0.0012145748987854252,0.0,1.0,0.0,0.0,0.68,0,4934,6,10,0.0,0.0012145748987854252,0.9967676767676767,30,100
0.0020242914979757085,0.0,1.0,0.0,0.0,0.7,0,4930,10,10,0.0,0.0020242914979757085,0.9959595959595959,30,100
0.0020242914979757085,0.0,1.0,0.0,0.0,0.72,0,4930,10,10,0.0,0.0020242914979757085,0.9959595959595959,30,100
0.002631578947368421,0.0,1.0,0.0,0.0,0.74,0,4927,13,10,0.0,0.002631578947368421,0.9953535353535353,30,100
0.00465587044534413,0.0,1.0,0.0,0.0,0.76,0,4917,23,10,0.0,0.00465587044534413,0.9933333333333333,30,100
0.00465587044534413,0.0,1.0,0.0,0.0,0.78,0,4917,23,10,0.0,0.00465587044534413,0.9933333333333333,30,100
0.00465587044534413,0.0,1.0,0.0,0.0,0.8,0,4917,23,10,0.0,0.00465587044534413,0.9933333333333333,30,100
0.00465587044534413,0.0,1.0,0.0,0.0,0.82,0,4917,23,10,0.0,0.00465587044534413,0.9933333333333333,30,100
0.0072874493927125505,0.1,0.972972972972973,0.02702702702702703,0.1,0.84,1,4904,36,9,0.1,0.0072874493927125505,0.990909090909091,30,100
0.010728744939271255,0.1,0.9814814814814815,0.018518518518518517,0.1,0.86,1,4887,53,9,0.1,0.010728744939271255,0.9874747474747475,30,100
0.010728744939271255,0.1,0.9814814814814815,0.018518518518518517,0.1,0.88,1,4887,53,9,0.1,0.010728744939271255,0.9874747474747475,30,100
0.010728744939271255,0.1,0.9814814814814815,0.018518518518518517,0.1,0.9,1,4887,53,9,0.1,0.010728744939271255,0.9874747474747475,30,100
0.01902834008097166,0.1,0.9894736842105263,0.010526315789473684,0.1,0.92,1,4846,94,9,0.1,0.01902834008097166,0.9791919191919192,30,100
0.01902834008097166,0.1,0.9894736842105263,0.010526315789473684,0.1,0.94,1,4846,94,9,0.1,0.01902834008097166,0.9791919191919192,30,100
0.02327935222672065,0.1,0.9913793103448276,0.008620689655172414,0.1,0.96,1,4825,115,9,0.1,0.02327935222672065,0.9749494949494949,30,100
0.0548582995951417,0.2,0.9926739926739927,0.007326007326007326,0.2,0.98,2,4669,271,8,0.2,0.0548582995951417,0.9436363636363636,30,100
0.8611336032388665,0.9,0.9978888106966924,0.00211118930330753,0.9,1.0,9,686,4254,1,0.9,0.8611336032388665,0.1404040404040404,30,100
0.00020242914979757084,0.0,1.0,0.0,0.0,0.02,0,4939,1,10,0.0,0.00020242914979757084,0.9977777777777778,31,100
0.00020242914979757084,0.0,1.0,0.0,0.0,0.04,0,4939,1,10,0.0,0.00020242914979757084,0.9977777777777778,31,100
0.0,0.0,0.0,,0.0,0.06,0,4940,0,10,0.0,0.0,0.997979797979798,31,100
0.00020242914979757084,0.0,1.0,0.0,0.0,0.08,0,4939,1,10,0.0,0.00020242914979757084,0.9977777777777778,31,100
0.00020242914979757084,0.0,1.0,0.0,0.0,0.1,0,4939,1,10,0.0,0.00020242914979757084,0.9977777777777778,31,100
0.00020242914979757084,0.0,1.0,0.0,0.0,0.12,0,4939,1,10,0.0,0.00020242914979757084,0.9977777777777778,31,100
0.00020242914979757084,0.0,1.0,0.0,0.0,0.14,0,4939,1,10,0.0,0.00020242914979757084,0.9977777777777778,31,100
0.00020242914979757084,0.0,1.0,0.0,0.0,0.16,0,4939,1,10,0.0,0.00020242914979757084,0.9977777777777778,31,100
0.00020242914979757084,0.0,1.0,0.0,0.0,0.18,0,4939,1,10,0.0,0.00020242914979757084,0.9977777777777778,31,100
0.0004048582995951417,0.0,1.0,0.0,0.0,0.2,0,4938,2,10,0.0,0.0004048582995951417,0.9975757575757576,31,100
0.0004048582995951417,0.0,1.0,0.0,0.0,0.22,0,4938,2,10,0.0,0.0004048582995951417,0.9975757575757576,31,100
0.0004048582995951417,0.0,1.0,0.0,0.0,0.24,0,4938,2,10,0.0,0.0004048582995951417,0.9975757575757576,31,100
0.0004048582995951417,0.0,1.0,0.0,0.0,0.26,0,4938,2,10,0.0,0.0004048582995951417,0.9975757575757576,31,100
0.0004048582995951417,0.0,1.0,0.0,0.0,0.28,0,4938,2,10,0.0,0.0004048582995951417,0.9975757575757576,31,100
0.0004048582995951417,0.0,1.0,0.0,0.0,0.3,0,4938,2,10,0.0,0.0004048582995951417,0.9975757575757576,31,100
0.0004048582995951417,0.0,1.0,0.0,0.0,0.32,0,4938,2,10,0.0,0.0004048582995951417,0.9975757575757576,31,100
0.0004048582995951417,0.0,1.0,0.0,0.0,0.34,0,4938,2,10,0.0,0.0004048582995951417,0.9975757575757576,31,100
0.0004048582995951417,0.0,1.0,0.0,0.0,0.36,0,4938,2,10,0.0,0.0004048582995951417,0.9975757575757576,31,100
0.0004048582995951417,0.0,1.0,0.0,0.0,0.38,0,4938,2,10,0.0,0.0004048582995951417,0.9975757575757576,31,100
0.0004048582995951417,0.0,1.0,0.0,0.0,0.4,0,4938,2,10,0.0,0.0004048582995951417,0.9975757575757576,31,100
0.0004048582995951417,0.0,1.0,0.0,0.0,0.42,0,4938,2,10,0.0,0.0004048582995951417,0.9975757575757576,31,100
0.0004048582995951417,0.0,1.0,0.0,0.0,0.44,0,4938,2,10,0.0,0.0004048582995951417,0.9975757575757576,31,100
0.0004048582995951417,0.0,1.0,0.0,0.0,0.46,0,4938,2,10,0.0,0.0004048582995951417,0.9975757575757576,31,100
0.0004048582995951417,0.0,1.0,0.0,0.0,0.48,0,4938,2,10,0.0,0.0004048582995951417,0.9975757575757576,31,100
0.0004048582995951417,0.0,1.0,0.0,0.0,0.5,0,4938,2,10,0.0,0.0004048582995951417,0.9975757575757576,31,100
0.002631578947368421,0.0,1.0,0.0,0.0,0.52,0,4927,13,10,0.0,0.002631578947368421,0.9953535353535353,31,100
0.002631578947368421,0.0,1.0,0.0,0.0,0.54,0,4927,13,10,0.0,0.002631578947368421,0.9953535353535353,31,100
0.002631578947368421,0.0,1.0,0.0,0.0,0.56,0,4927,13,10,0.0,0.002631578947368421,0.9953535353535353,31,100
0.002631578947368421,0.0,1.0,0.0,0.0,0.58,0,4927,13,10,0.0,0.002631578947368421,0.9953535353535353,31,100
0.002631578947368421,0.0,1.0,0.0,0.0,0.6,0,4927,13,10,0.0,0.002631578947368421,0.9953535353535353,31,100
0.002631578947368421,0.0,1.0,0.0,0.0,0.62,0,4927,13,10,0.0,0.002631578947368421,0.9953535353535353,31,100
0.005870445344129555,0.1,0.9666666666666667,0.03333333333333333,0.1,0.64,1,4911,29,9,0.1,0.005870445344129555,0.9923232323232323,31,100
0.005870445344129555,0.1,0.9666666666666667,0.03333333333333333,0.1,0.66,1,4911,29,9,0.1,0.005870445344129555,0.9923232323232323,31,100
0.008502024291497975,0.1,0.9767441860465116,0.023255813953488372,0.1,0.68,1,4898,42,9,0.1,0.008502024291497975,0.9896969696969697,31,100
0.008502024291497975,0.1,0.9767441860465116,0.023255813953488372,0.1,0.7,1,4898,42,9,0.1,0.008502024291497975,0.9896969696969697,31,100
0.010526315789473684,0.1,0.9811320754716981,0.018867924528301886,0.1,0.72,1,4888,52,9,0.1,0.010526315789473684,0.9876767676767677,31,100
0.010526315789473684,0.1,0.9811320754716981,0.018867924528301886,0.1,0.74,1,4888,52,9,0.1,0.010526315789473684,0.9876767676767677,31,100
0.014777327935222672,0.1,0.9864864864864865,0.013513513513513514,0.1,0.76,1,4867,73,9,0.1,0.014777327935222672,0.9834343434343434,31,100
0.016194331983805668,0.2,0.975609756097561,0.024390243902439025,0.2,0.78,2,4860,80,8,0.2,0.016194331983805668,0.9822222222222222,31,100
0.017813765182186234,0.3,0.967032967032967,0.03296703296703297,0.3,0.8,3,4852,88,7,0.3,0.017813765182186234,0.9808080808080808,31,100
0.017813765182186234,0.3,0.967032967032967,0.03296703296703297,0.3,0.82,3,4852,88,7,0.3,0.017813765182186234,0.9808080808080808,31,100
0.02145748987854251,0.3,0.9724770642201835,0.027522935779816515,0.3,0.84,3,4834,106,7,0.3,0.02145748987854251,0.9771717171717171,31,100
0.033805668016194335,0.3,0.9823529411764705,0.01764705882352941,0.3,0.86,3,4773,167,7,0.3,0.033805668016194335,0.9648484848484848,31,100
0.037044534412955465,0.3,0.9838709677419355,0.016129032258064516,0.3,0.88,3,4757,183,7,0.3,0.037044534412955465,0.9616161616161616,31,100
0.037044534412955465,0.3,0.9838709677419355,0.016129032258064516,0.3,0.9,3,4757,183,7,0.3,0.037044534412955465,0.9616161616161616,31,100
0.04959514170040486,0.3,0.9879032258064516,0.012096774193548387,0.3,0.92,3,4695,245,7,0.3,0.04959514170040486,0.9490909090909091,31,100
0.08825910931174089,0.4,0.990909090909091,0.00909090909090909,0.4,0.94,4,4504,436,6,0.4,0.08825910931174089,0.9107070707070707,31,100
0.2054655870445344,0.4,0.9960745829244357,0.003925417075564278,0.4,0.96,4,3925,1015,6,0.4,0.2054655870445344,0.7937373737373737,31,100
0.2722672064777328,0.5,0.9962962962962963,0.003703703703703704,0.5,0.98,5,3595,1345,5,0.5,0.2722672064777328,0.7272727272727273,31,100
0.9686234817813765,1.0,0.9979144942648592,0.0020855057351407717,1.0,1.0,10,155,4785,0,1.0,0.9686234817813765,0.03333333333333333,31,100
0.00020242914979757084,0.0,1.0,0.0,0.0,0.02,0,4939,1,10,0.0,0.00020242914979757084,0.9977777777777778,32,100
0.00020242914979757084,0.0,1.0,0.0,0.0,0.04,0,4939,1,10,0.0,0.00020242914979757084,0.9977777777777778,32,100
0.00020242914979757084,0.0,1.0,0.0,0.0,0.06,0,4939,1,10,0.0,0.00020242914979757084,0.9977777777777778,32,100
0.00020242914979757084,0.0,1.0,0.0,0.0,0.08,0,4939,1,10,0.0,0.00020242914979757084,0.9977777777777778,32,100
0.00020242914979757084,0.0,1.0,0.0,0.0,0.1,0,4939,1,10,0.0,0.00020242914979757084,0.9977777777777778,32,100
0.0,0.0,0.0,,0.0,0.12,0,4940,0,10,0.0,0.0,0.997979797979798,32,100
0.00020242914979757084,0.0,1.0,0.0,0.0,0.14,0,4939,1,10,0.0,0.00020242914979757084,0.9977777777777778,32,100
0.00020242914979757084,0.0,1.0,0.0,0.0,0.16,0,4939,1,10,0.0,0.00020242914979757084,0.9977777777777778,32,100
0.00020242914979757084,0.0,1.0,0.0,0.0,0.18,0,4939,1,10,0.0,0.00020242914979757084,0.9977777777777778,32,100
0.00020242914979757084,0.0,1.0,0.0,0.0,0.2,0,4939,1,10,0.0,0.00020242914979757084,0.9977777777777778,32,100
0.00020242914979757084,0.0,1.0,0.0,0.0,0.22,0,4939,1,10,0.0,0.00020242914979757084,0.9977777777777778,32,100
0.00020242914979757084,0.0,1.0,0.0,0.0,0.24,0,4939,1,10,0.0,0.00020242914979757084,0.9977777777777778,32,100
0.00020242914979757084,0.0,1.0,0.0,0.0,0.26,0,4939,1,10,0.0,0.00020242914979757084,0.9977777777777778,32,100
0.00020242914979757084,0.0,1.0,0.0,0.0,0.28,0,4939,1,10,0.0,0.00020242914979757084,0.9977777777777778,32,100
0.00020242914979757084,0.0,1.0,0.0,0.0,0.3,0,4939,1,10,0.0,0.00020242914979757084,0.9977777777777778,32,100
0.00020242914979757084,0.0,1.0,0.0,0.0,0.32,0,4939,1,10,0.0,0.00020242914979757084,0.9977777777777778,32,100
0.00020242914979757084,0.0,1.0,0.0,0.0,0.34,0,4939,1,10,0.0,0.00020242914979757084,0.9977777777777778,32,100
0.00020242914979757084,0.0,1.0,0.0,0.0,0.36,0,4939,1,10,0.0,0.00020242914979757084,0.9977777777777778,32,100
0.00020242914979757084,0.0,1.0,0.0,0.0,0.38,0,4939,1,10,0.0,0.00020242914979757084,0.9977777777777778,32,100
0.00020242914979757084,0.0,1.0,0.0,0.0,0.4,0,4939,1,10,0.0,0.00020242914979757084,0.9977777777777778,32,100
0.00020242914979757084,0.0,1.0,0.0,0.0,0.42,0,4939,1,10,0.0,0.00020242914979757084,0.9977777777777778,32,100
0.00020242914979757084,0.0,1.0,0.0,0.0,0.44,0,4939,1,10,0.0,0.00020242914979757084,0.9977777777777778,32,100
0.00020242914979757084,0.0,1.0,0.0,0.0,0.46,0,4939,1,10,0.0,0.00020242914979757084,0.9977777777777778,32,100
0.0004048582995951417,0.0,1.0,0.0,0.0,0.48,0,4938,2,10,0.0,0.0004048582995951417,0.9975757575757576,32,100
0.0004048582995951417,0.0,1.0,0.0,0.0,0.5,0,4938,2,10,0.0,0.0004048582995951417,0.9975757575757576,32,100
0.0004048582995951417,0.0,1.0,0.0,0.0,0.52,0,4938,2,10,0.0,0.0004048582995951417,0.9975757575757576,32,100
0.0004048582995951417,0.0,1.0,0.0,0.0,0.54,0,4938,2,10,0.0,0.0004048582995951417,0.9975757575757576,32,100
0.0004048582995951417,0.0,1.0,0.0,0.0,0.56,0,4938,2,10,0.0,0.0004048582995951417,0.9975757575757576,32,100
0.0004048582995951417,0.0,1.0,0.0,0.0,0.58,0,4938,2,10,0.0,0.0004048582995951417,0.9975757575757576,32,100
0.0004048582995951417,0.0,1.0,0.0,0.0,0.6,0,4938,2,10,0.0,0.0004048582995951417,0.9975757575757576,32,100
0.0004048582995951417,0.0,1.0,0.0,0.0,0.62,0,4938,2,10,0.0,0.0004048582995951417,0.9975757575757576,32,100
0.0004048582995951417,0.0,1.0,0.0,0.0,0.64,0,4938,2,10,0.0,0.0004048582995951417,0.9975757575757576,32,100
0.0004048582995951417,0.0,1.0,0.0,0.0,0.66,0,4938,2,10,0.0,0.0004048582995951417,0.9975757575757576,32,100
0.0004048582995951417,0.0,1.0,0.0,0.0,0.68,0,4938,2,10,0.0,0.0004048582995951417,0.9975757575757576,32,100
0.0004048582995951417,0.0,1.0,0.0,0.0,0.7,0,4938,2,10,0.0,0.0004048582995951417,0.9975757575757576,32,100
0.0006072874493927126,0.0,1.0,0.0,0.0,0.72,0,4937,3,10,0.0,0.0006072874493927126,0.9973737373737374,32,100
0.0006072874493927126,0.0,1.0,0.0,0.0,0.74,0,4937,3,10,0.0,0.0006072874493927126,0.9973737373737374,32,100
0.0006072874493927126,0.0,1.0,0.0,0.0,0.76,0,4937,3,10,0.0,0.0006072874493927126,0.9973737373737374,32,100
0.0006072874493927126,0.0,1.0,0.0,0.0,0.78,0,4937,3,10,0.0,0.0006072874493927126,0.9973737373737374,32,100
0.0006072874493927126,0.0,1.0,0.0,0.0,0.8,0,4937,3,10,0.0,0.0006072874493927126,0.9973737373737374,32,100
0.0006072874493927126,0.0,1.0,0.0,0.0,0.82,0,4937,3,10,0.0,0.0006072874493927126,0.9973737373737374,32,100
0.010728744939271255,0.1,0.9814814814814815,0.018518518518518517,0.1,0.84,1,4887,53,9,0.1,0.010728744939271255,0.9874747474747475,32,100
0.010728744939271255,0.1,0.9814814814814815,0.018518518518518517,0.1,0.86,1,4887,53,9,0.1,0.010728744939271255,0.9874747474747475,32,100
0.010728744939271255,0.1,0.9814814814814815,0.018518518518518517,0.1,0.88,1,4887,53,9,0.1,0.010728744939271255,0.9874747474747475,32,100
0.011336032388663968,0.1,0.9824561403508771,0.017543859649122806,0.1,0.9,1,4884,56,9,0.1,0.011336032388663968,0.9868686868686869,32,100
0.011336032388663968,0.1,0.9824561403508771,0.017543859649122806,0.1,0.92,1,4884,56,9,0.1,0.011336032388663968,0.9868686868686869,32,100
0.027530364372469637,0.2,0.9855072463768116,0.014492753623188406,0.2,0.94,2,4804,136,8,0.2,0.027530364372469637,0.9709090909090909,32,100
0.07489878542510121,0.3,0.9919571045576407,0.00804289544235925,0.3,0.96,3,4570,370,7,0.3,0.07489878542510121,0.9238383838383838,32,100
0.08117408906882591,0.3,0.9925742574257426,0.007425742574257425,0.3,0.98,3,4539,401,7,0.3,0.08117408906882591,0.9175757575757576,32,100
0.3491902834008097,0.7,0.995958429561201,0.0040415704387990765,0.7,1.0,7,3215,1725,3,0.7,0.3491902834008097,0.6509090909090909,32,100
0.0,0.0,0.0,,0.0,0.02,0,4940,0,10,0.0,0.0,0.997979797979798,33,100
0.0,0.0,0.0,,0.0,0.04,0,4940,0,10,0.0,0.0,0.997979797979798,33,100
0.0,0.0,0.0,,0.0,0.06,0,4940,0,10,0.0,0.0,0.997979797979798,33,100
0.0,0.0,0.0,,0.0,0.08,0,4940,0,10,0.0,0.0,0.997979797979798,33,100
0.0,0.0,0.0,,0.0,0.1,0,4940,0,10,0.0,0.0,0.997979797979798,33,100
0.0,0.0,0.0,,0.0,0.12,0,4940,0,10,0.0,0.0,0.997979797979798,33,100
0.0,0.0,0.0,,0.0,0.14,0,4940,0,10,0.0,0.0,0.997979797979798,33,100
0.0,0.0,0.0,,0.0,0.16,0,4940,0,10,0.0,0.0,0.997979797979798,33,100
0.0,0.0,0.0,,0.0,0.18,0,4940,0,10,0.0,0.0,0.997979797979798,33,100
0.0,0.0,0.0,,0.0,0.2,0,4940,0,10,0.0,0.0,0.997979797979798,33,100
0.0,0.0,0.0,,0.0,0.22,0,4940,0,10,0.0,0.0,0.997979797979798,33,100
0.00020242914979757084,0.0,1.0,0.0,0.0,0.24,0,4939,1,10,0.0,0.00020242914979757084,0.9977777777777778,33,100
0.00020242914979757084,0.0,1.0,0.0,0.0,0.26,0,4939,1,10,0.0,0.00020242914979757084,0.9977777777777778,33,100
0.00020242914979757084,0.0,1.0,0.0,0.0,0.28,0,4939,1,10,0.0,0.00020242914979757084,0.9977777777777778,33,100
0.00020242914979757084,0.0,1.0,0.0,0.0,0.3,0,4939,1,10,0.0,0.00020242914979757084,0.9977777777777778,33,100
0.00020242914979757084,0.0,1.0,0.0,0.0,0.32,0,4939,1,10,0.0,0.00020242914979757084,0.9977777777777778,33,100
0.00020242914979757084,0.0,1.0,0.0,0.0,0.34,0,4939,1,10,0.0,0.00020242914979757084,0.9977777777777778,33,100
0.0004048582995951417,0.0,1.0,0.0,0.0,0.36,0,4938,2,10,0.0,0.0004048582995951417,0.9975757575757576,33,100
0.0004048582995951417,0.0,1.0,0.0,0.0,0.38,0,4938,2,10,0.0,0.0004048582995951417,0.9975757575757576,33,100
0.002834008097165992,0.0,1.0,0.0,0.0,0.4,0,4926,14,10,0.0,0.002834008097165992,0.9951515151515151,33,100
0.002834008097165992,0.0,1.0,0.0,0.0,0.42,0,4926,14,10,0.0,0.002834008097165992,0.9951515151515151,33,100
0.002834008097165992,0.0,1.0,0.0,0.0,0.44,0,4926,14,10,0.0,0.002834008097165992,0.9951515151515151,33,100
0.002834008097165992,0.0,1.0,0.0,0.0,0.46,0,4926,14,10,0.0,0.002834008097165992,0.9951515151515151,33,100
0.002834008097165992,0.0,1.0,0.0,0.0,0.48,0,4926,14,10,0.0,0.002834008097165992,0.9951515151515151,33,100
0.002834008097165992,0.0,1.0,0.0,0.0,0.5,0,4926,14,10,0.0,0.002834008097165992,0.9951515151515151,33,100
0.002834008097165992,0.0,1.0,0.0,0.0,0.52,0,4926,14,10,0.0,0.002834008097165992,0.9951515151515151,33,100
0.004251012145748988,0.0,1.0,0.0,0.0,0.54,0,4919,21,10,0.0,0.004251012145748988,0.9937373737373737,33,100
0.004251012145748988,0.0,1.0,0.0,0.0,0.56,0,4919,21,10,0.0,0.004251012145748988,0.9937373737373737,33,100
0.004251012145748988,0.0,1.0,0.0,0.0,0.58,0,4919,21,10,0.0,0.004251012145748988,0.9937373737373737,33,100
0.004251012145748988,0.0,1.0,0.0,0.0,0.6,0,4919,21,10,0.0,0.004251012145748988,0.9937373737373737,33,100
0.006275303643724696,0.0,1.0,0.0,0.0,0.62,0,4909,31,10,0.0,0.006275303643724696,0.9917171717171717,33,100
0.006275303643724696,0.0,1.0,0.0,0.0,0.64,0,4909,31,10,0.0,0.006275303643724696,0.9917171717171717,33,100
0.007692307692307693,0.0,1.0,0.0,0.0,0.66,0,4902,38,10,0.0,0.007692307692307693,0.9903030303030304,33,100
0.009716599190283401,0.0,1.0,0.0,0.0,0.68,0,4892,48,10,0.0,0.009716599190283401,0.9882828282828283,33,100
0.009716599190283401,0.0,1.0,0.0,0.0,0.7,0,4892,48,10,0.0,0.009716599190283401,0.9882828282828283,33,100
0.009716599190283401,0.0,1.0,0.0,0.0,0.72,0,4892,48,10,0.0,0.009716599190283401,0.9882828282828283,33,100
0.009716599190283401,0.0,1.0,0.0,0.0,0.74,0,4892,48,10,0.0,0.009716599190283401,0.9882828282828283,33,100
0.01417004048582996,0.0,1.0,0.0,0.0,0.76,0,4870,70,10,0.0,0.01417004048582996,0.9838383838383838,33,100
0.01417004048582996,0.0,1.0,0.0,0.0,0.78,0,4870,70,10,0.0,0.01417004048582996,0.9838383838383838,33,100
0.014979757085020242,0.0,1.0,0.0,0.0,0.8,0,4866,74,10,0.0,0.014979757085020242,0.983030303030303,33,100
0.014979757085020242,0.0,1.0,0.0,0.0,0.82,0,4866,74,10,0.0,0.014979757085020242,0.983030303030303,33,100
0.018016194331983804,0.0,1.0,0.0,0.0,0.84,0,4851,89,10,0.0,0.018016194331983804,0.98,33,100
0.02186234817813765,0.1,0.9908256880733946,0.009174311926605505,0.1,0.86,1,4832,108,9,0.1,0.02186234817813765,0.9763636363636363,33,100
0.02186234817813765,0.1,0.9908256880733946,0.009174311926605505,0.1,0.88,1,4832,108,9,0.1,0.02186234817813765,0.9763636363636363,33,100
0.02631578947368421,0.1,0.9923664122137404,0.007633587786259542,0.1,0.9,1,4810,130,9,0.1,0.02631578947368421,0.971919191919192,33,100
0.02631578947368421,0.1,0.9923664122137404,0.007633587786259542,0.1,0.92,1,4810,130,9,0.1,0.02631578947368421,0.971919191919192,33,100
0.02631578947368421,0.1,0.9923664122137404,0.007633587786259542,0.1,0.94,1,4810,130,9,0.1,0.02631578947368421,0.971919191919192,33,100
0.027530364372469637,0.1,0.9927007299270073,0.0072992700729927005,0.1,0.96,1,4804,136,9,0.1,0.027530364372469637,0.9707070707070707,33,100
0.029757085020242914,0.1,0.9932432432432432,0.006756756756756757,0.1,0.98,1,4793,147,9,0.1,0.029757085020242914,0.9684848484848485,33,100
0.9712550607287449,1.0,0.9979201331114809,0.0020798668885191347,1.0,1.0,10,142,4798,0,1.0,0.9712550607287449,0.030707070707070707,33,100
0.0,0.0,0.0,,0.0,0.02,0,4940,0,10,0.0,0.0,0.997979797979798,34,100
0.0,0.0,0.0,,0.0,0.04,0,4940,0,10,0.0,0.0,0.997979797979798,34,100
0.0,0.0,0.0,,0.0,0.06,0,4940,0,10,0.0,0.0,0.997979797979798,34,100
0.0,0.0,0.0,,0.0,0.08,0,4940,0,10,0.0,0.0,0.997979797979798,34,100
0.0,0.0,0.0,,0.0,0.1,0,4940,0,10,0.0,0.0,0.997979797979798,34,100
0.0,0.0,0.0,,0.0,0.12,0,4940,0,10,0.0,0.0,0.997979797979798,34,100
0.0,0.0,0.0,,0.0,0.14,0,4940,0,10,0.0,0.0,0.997979797979798,34,100
0.00020242914979757084,0.0,1.0,0.0,0.0,0.16,0,4939,1,10,0.0,0.00020242914979757084,0.9977777777777778,34,100
0.00020242914979757084,0.0,1.0,0.0,0.0,0.18,0,4939,1,10,0.0,0.00020242914979757084,0.9977777777777778,34,100
0.00020242914979757084,0.0,1.0,0.0,0.0,0.2,0,4939,1,10,0.0,0.00020242914979757084,0.9977777777777778,34,100
0.00020242914979757084,0.0,1.0,0.0,0.0,0.22,0,4939,1,10,0.0,0.00020242914979757084,0.9977777777777778,34,100
0.00020242914979757084,0.0,1.0,0.0,0.0,0.24,0,4939,1,10,0.0,0.00020242914979757084,0.9977777777777778,34,100
0.00020242914979757084,0.0,1.0,0.0,0.0,0.26,0,4939,1,10,0.0,0.00020242914979757084,0.9977777777777778,34,100
0.00020242914979757084,0.0,1.0,0.0,0.0,0.28,0,4939,1,10,0.0,0.00020242914979757084,0.9977777777777778,34,100
0.00020242914979757084,0.0,1.0,0.0,0.0,0.3,0,4939,1,10,0.0,0.00020242914979757084,0.9977777777777778,34,100
0.00020242914979757084,0.0,1.0,0.0,0.0,0.32,0,4939,1,10,0.0,0.00020242914979757084,0.9977777777777778,34,100
0.00020242914979757084,0.0,1.0,0.0,0.0,0.34,0,4939,1,10,0.0,0.00020242914979757084,0.9977777777777778,34,100
0.00020242914979757084,0.0,1.0,0.0,0.0,0.36,0,4939,1,10,0.0,0.00020242914979757084,0.9977777777777778,34,100
0.00020242914979757084,0.0,1.0,0.0,0.0,0.38,0,4939,1,10,0.0,0.00020242914979757084,0.9977777777777778,34,100
0.00020242914979757084,0.0,1.0,0.0,0.0,0.4,0,4939,1,10,0.0,0.00020242914979757084,0.9977777777777778,34,100
0.00020242914979757084,0.0,1.0,0.0,0.0,0.42,0,4939,1,10,0.0,0.00020242914979757084,0.9977777777777778,34,100
0.00020242914979757084,0.0,1.0,0.0,0.0,0.44,0,4939,1,10,0.0,0.00020242914979757084,0.9977777777777778,34,100
0.001417004048582996,0.0,1.0,0.0,0.0,0.46,0,4933,7,10,0.0,0.001417004048582996,0.9965656565656565,34,100
0.001417004048582996,0.0,1.0,0.0,0.0,0.48,0,4933,7,10,0.0,0.001417004048582996,0.9965656565656565,34,100
0.001417004048582996,0.0,1.0,0.0,0.0,0.5,0,4933,7,10,0.0,0.001417004048582996,0.9965656565656565,34,100
0.001417004048582996,0.0,1.0,0.0,0.0,0.52,0,4933,7,10,0.0,0.001417004048582996,0.9965656565656565,34,100
0.002631578947368421,0.0,1.0,0.0,0.0,0.54,0,4927,13,10,0.0,0.002631578947368421,0.9953535353535353,34,100
0.002631578947368421,0.0,1.0,0.0,0.0,0.56,0,4927,13,10,0.0,0.002631578947368421,0.9953535353535353,34,100
0.002834008097165992,0.0,1.0,0.0,0.0,0.58,0,4926,14,10,0.0,0.002834008097165992,0.9951515151515151,34,100
0.002834008097165992,0.0,1.0,0.0,0.0,0.6,0,4926,14,10,0.0,0.002834008097165992,0.9951515151515151,34,100
0.004048582995951417,0.0,1.0,0.0,0.0,0.62,0,4920,20,10,0.0,0.004048582995951417,0.9939393939393939,34,100
0.004048582995951417,0.0,1.0,0.0,0.0,0.64,0,4920,20,10,0.0,0.004048582995951417,0.9939393939393939,34,100
0.004048582995951417,0.0,1.0,0.0,0.0,0.66,0,4920,20,10,0.0,0.004048582995951417,0.9939393939393939,34,100
0.004251012145748988,0.0,1.0,0.0,0.0,0.68,0,4919,21,10,0.0,0.004251012145748988,0.9937373737373737,34,100
0.00465587044534413,0.0,1.0,0.0,0.0,0.7,0,4917,23,10,0.0,0.00465587044534413,0.9933333333333333,34,100
0.00465587044534413,0.0,1.0,0.0,0.0,0.72,0,4917,23,10,0.0,0.00465587044534413,0.9933333333333333,34,100
0.005870445344129555,0.0,1.0,0.0,0.0,0.74,0,4911,29,10,0.0,0.005870445344129555,0.9921212121212121,34,100
0.005870445344129555,0.0,1.0,0.0,0.0,0.76,0,4911,29,10,0.0,0.005870445344129555,0.9921212121212121,34,100
0.006275303643724696,0.0,1.0,0.0,0.0,0.78,0,4909,31,10,0.0,0.006275303643724696,0.9917171717171717,34,100
0.006275303643724696,0.0,1.0,0.0,0.0,0.8,0,4909,31,10,0.0,0.006275303643724696,0.9917171717171717,34,100
0.006882591093117409,0.0,1.0,0.0,0.0,0.82,0,4906,34,10,0.0,0.006882591093117409,0.9911111111111112,34,100
0.008704453441295546,0.0,1.0,0.0,0.0,0.84,0,4897,43,10,0.0,0.008704453441295546,0.9892929292929293,34,100
0.008704453441295546,0.0,1.0,0.0,0.0,0.86,0,4897,43,10,0.0,0.008704453441295546,0.9892929292929293,34,100
0.008704453441295546,0.0,1.0,0.0,0.0,0.88,0,4897,43,10,0.0,0.008704453441295546,0.9892929292929293,34,100
0.055465587044534415,0.2,0.9927536231884058,0.007246376811594203,0.2,0.9,2,4666,274,8,0.2,0.055465587044534415,0.943030303030303,34,100
0.05991902834008097,0.2,0.9932885906040269,0.006711409395973154,0.2,0.92,2,4644,296,8,0.2,0.05991902834008097,0.9385858585858586,34,100
0.05991902834008097,0.2,0.9932885906040269,0.006711409395973154,0.2,0.94,2,4644,296,8,0.2,0.05991902834008097,0.9385858585858586,34,100
0.08360323886639676,0.2,0.9951807228915662,0.004819277108433735,0.2,0.96,2,4527,413,8,0.2,0.08360323886639676,0.914949494949495,34,100
0.16477732793522268,0.2,0.9975490196078431,0.0024509803921568627,0.2,0.98,2,4126,814,8,0.2,0.16477732793522268,0.833939393939394,34,100
0.9334008097165992,0.9,0.9980519480519481,0.001948051948051948,0.9,1.0,9,329,4611,1,0.9,0.9334008097165992,0.06828282828282828,34,100
0.0,0.0,0.0,,0.0,0.02,0,4940,0,10,0.0,0.0,0.997979797979798,35,100
0.0,0.0,0.0,,0.0,0.04,0,4940,0,10,0.0,0.0,0.997979797979798,35,100
0.0,0.0,0.0,,0.0,0.06,0,4940,0,10,0.0,0.0,0.997979797979798,35,100
0.0,0.0,0.0,,0.0,0.08,0,4940,0,10,0.0,0.0,0.997979797979798,35,100
0.0,0.0,0.0,,0.0,0.1,0,4940,0,10,0.0,0.0,0.997979797979798,35,100
0.0,0.0,0.0,,0.0,0.12,0,4940,0,10,0.0,0.0,0.997979797979798,35,100
0.0,0.0,0.0,,0.0,0.14,0,4940,0,10,0.0,0.0,0.997979797979798,35,100
0.0,0.0,0.0,,0.0,0.16,0,4940,0,10,0.0,0.0,0.997979797979798,35,100
0.0,0.0,0.0,,0.0,0.18,0,4940,0,10,0.0,0.0,0.997979797979798,35,100
0.0,0.0,0.0,,0.0,0.2,0,4940,0,10,0.0,0.0,0.997979797979798,35,100
0.0,0.0,0.0,,0.0,0.22,0,4940,0,10,0.0,0.0,0.997979797979798,35,100
0.0,0.0,0.0,,0.0,0.24,0,4940,0,10,0.0,0.0,0.997979797979798,35,100
0.0,0.0,0.0,,0.0,0.26,0,4940,0,10,0.0,0.0,0.997979797979798,35,100
0.0,0.0,0.0,,0.0,0.28,0,4940,0,10,0.0,0.0,0.997979797979798,35,100
0.0,0.0,0.0,,0.0,0.3,0,4940,0,10,0.0,0.0,0.997979797979798,35,100
0.0,0.0,0.0,,0.0,0.32,0,4940,0,10,0.0,0.0,0.997979797979798,35,100
0.0,0.0,0.0,,0.0,0.34,0,4940,0,10,0.0,0.0,0.997979797979798,35,100
0.0,0.0,0.0,,0.0,0.36,0,4940,0,10,0.0,0.0,0.997979797979798,35,100
0.0,0.0,0.0,,0.0,0.38,0,4940,0,10,0.0,0.0,0.997979797979798,35,100
0.0,0.0,0.0,,0.0,0.4,0,4940,0,10,0.0,0.0,0.997979797979798,35,100
0.0,0.0,0.0,,0.0,0.42,0,4940,0,10,0.0,0.0,0.997979797979798,35,100
0.0,0.0,0.0,,0.0,0.44,0,4940,0,10,0.0,0.0,0.997979797979798,35,100
0.0,0.0,0.0,,0.0,0.46,0,4940,0,10,0.0,0.0,0.997979797979798,35,100
0.0,0.0,0.0,,0.0,0.48,0,4940,0,10,0.0,0.0,0.997979797979798,35,100
0.0,0.0,0.0,,0.0,0.5,0,4940,0,10,0.0,0.0,0.997979797979798,35,100
0.0,0.0,0.0,,0.0,0.52,0,4940,0,10,0.0,0.0,0.997979797979798,35,100
0.0,0.0,0.0,,0.0,0.54,0,4940,0,10,0.0,0.0,0.997979797979798,35,100
0.0,0.0,0.0,,0.0,0.56,0,4940,0,10,0.0,0.0,0.997979797979798,35,100
0.0,0.0,0.0,,0.0,0.58,0,4940,0,10,0.0,0.0,0.997979797979798,35,100
0.0,0.0,0.0,,0.0,0.6,0,4940,0,10,0.0,0.0,0.997979797979798,35,100
0.0,0.0,0.0,,0.0,0.62,0,4940,0,10,0.0,0.0,0.997979797979798,35,100
0.0,0.0,0.0,,0.0,0.64,0,4940,0,10,0.0,0.0,0.997979797979798,35,100
0.0,0.0,0.0,,0.0,0.66,0,4940,0,10,0.0,0.0,0.997979797979798,35,100
0.0,0.0,0.0,,0.0,0.68,0,4940,0,10,0.0,0.0,0.997979797979798,35,100
0.0010121457489878543,0.1,0.8333333333333334,0.16666666666666666,0.1,0.7,1,4935,5,9,0.1,0.0010121457489878543,0.9971717171717172,35,100
0.0010121457489878543,0.1,0.8333333333333334,0.16666666666666666,0.1,0.72,1,4935,5,9,0.1,0.0010121457489878543,0.9971717171717172,35,100
0.0010121457489878543,0.1,0.8333333333333334,0.16666666666666666,0.1,0.74,1,4935,5,9,0.1,0.0010121457489878543,0.9971717171717172,35,100
0.0354251012145749,0.1,0.9943181818181818,0.005681818181818182,0.1,0.76,1,4765,175,9,0.1,0.0354251012145749,0.9628282828282828,35,100
0.03785425101214575,0.2,0.9894179894179894,0.010582010582010581,0.2,0.78,2,4753,187,8,0.2,0.03785425101214575,0.9606060606060606,35,100
0.04736842105263158,0.2,0.9915254237288136,0.00847457627118644,0.2,0.8,2,4706,234,8,0.2,0.04736842105263158,0.9511111111111111,35,100
0.04736842105263158,0.2,0.9915254237288136,0.00847457627118644,0.2,0.82,2,4706,234,8,0.2,0.04736842105263158,0.9511111111111111,35,100
0.05445344129554656,0.2,0.992619926199262,0.007380073800738007,0.2,0.84,2,4671,269,8,0.2,0.05445344129554656,0.944040404040404,35,100
0.06174089068825911,0.2,0.993485342019544,0.006514657980456026,0.2,0.86,2,4635,305,8,0.2,0.06174089068825911,0.9367676767676768,35,100
0.06538461538461539,0.2,0.9938461538461538,0.006153846153846154,0.2,0.88,2,4617,323,8,0.2,0.06538461538461539,0.9331313131313131,35,100
0.07024291497975708,0.2,0.994269340974212,0.0057306590257879654,0.2,0.9,2,4593,347,8,0.2,0.07024291497975708,0.9282828282828283,35,100
0.07995951417004049,0.2,0.9949622166246851,0.005037783375314861,0.2,0.92,2,4545,395,8,0.2,0.07995951417004049,0.9185858585858586,35,100
0.08360323886639676,0.2,0.9951807228915662,0.004819277108433735,0.2,0.94,2,4527,413,8,0.2,0.08360323886639676,0.914949494949495,35,100
0.08360323886639676,0.2,0.9951807228915662,0.004819277108433735,0.2,0.96,2,4527,413,8,0.2,0.08360323886639676,0.914949494949495,35,100
0.10121457489878542,0.2,0.9960159362549801,0.00398406374501992,0.2,0.98,2,4440,500,8,0.2,0.10121457489878542,0.8973737373737374,35,100
0.9449392712550607,0.9,0.9980756895445798,0.001924310455420141,0.9,1.0,9,272,4668,1,0.9,0.9449392712550607,0.056767676767676765,35,100
0.0,0.0,0.0,,0.0,0.02,0,4940,0,10,0.0,0.0,0.997979797979798,36,100
0.0,0.0,0.0,,0.0,0.04,0,4940,0,10,0.0,0.0,0.997979797979798,36,100
0.0,0.0,0.0,,0.0,0.06,0,4940,0,10,0.0,0.0,0.997979797979798,36,100
0.0,0.0,0.0,,0.0,0.08,0,4940,0,10,0.0,0.0,0.997979797979798,36,100
0.0,0.0,0.0,,0.0,0.1,0,4940,0,10,0.0,0.0,0.997979797979798,36,100
0.0,0.0,0.0,,0.0,0.12,0,4940,0,10,0.0,0.0,0.997979797979798,36,100
0.0,0.0,0.0,,0.0,0.14,0,4940,0,10,0.0,0.0,0.997979797979798,36,100
0.0,0.0,0.0,,0.0,0.16,0,4940,0,10,0.0,0.0,0.997979797979798,36,100
0.0,0.0,0.0,,0.0,0.18,0,4940,0,10,0.0,0.0,0.997979797979798,36,100
0.0,0.0,0.0,,0.0,0.2,0,4940,0,10,0.0,0.0,0.997979797979798,36,100
0.0004048582995951417,0.0,1.0,0.0,0.0,0.22,0,4938,2,10,0.0,0.0004048582995951417,0.9975757575757576,36,100
0.0010121457489878543,0.0,1.0,0.0,0.0,0.24,0,4935,5,10,0.0,0.0010121457489878543,0.996969696969697,36,100
0.001417004048582996,0.0,1.0,0.0,0.0,0.26,0,4933,7,10,0.0,0.001417004048582996,0.9965656565656565,36,100
0.001417004048582996,0.0,1.0,0.0,0.0,0.28,0,4933,7,10,0.0,0.001417004048582996,0.9965656565656565,36,100
0.001417004048582996,0.0,1.0,0.0,0.0,0.3,0,4933,7,10,0.0,0.001417004048582996,0.9965656565656565,36,100
0.001417004048582996,0.0,1.0,0.0,0.0,0.32,0,4933,7,10,0.0,0.001417004048582996,0.9965656565656565,36,100
0.001417004048582996,0.0,1.0,0.0,0.0,0.34,0,4933,7,10,0.0,0.001417004048582996,0.9965656565656565,36,100
0.001417004048582996,0.0,1.0,0.0,0.0,0.36,0,4933,7,10,0.0,0.001417004048582996,0.9965656565656565,36,100
0.001417004048582996,0.0,1.0,0.0,0.0,0.38,0,4933,7,10,0.0,0.001417004048582996,0.9965656565656565,36,100
0.001417004048582996,0.0,1.0,0.0,0.0,0.4,0,4933,7,10,0.0,0.001417004048582996,0.9965656565656565,36,100
0.001417004048582996,0.0,1.0,0.0,0.0,0.42,0,4933,7,10,0.0,0.001417004048582996,0.9965656565656565,36,100
0.001417004048582996,0.0,1.0,0.0,0.0,0.44,0,4933,7,10,0.0,0.001417004048582996,0.9965656565656565,36,100
0.001417004048582996,0.0,1.0,0.0,0.0,0.46,0,4933,7,10,0.0,0.001417004048582996,0.9965656565656565,36,100
0.001417004048582996,0.0,1.0,0.0,0.0,0.48,0,4933,7,10,0.0,0.001417004048582996,0.9965656565656565,36,100
0.001417004048582996,0.0,1.0,0.0,0.0,0.5,0,4933,7,10,0.0,0.001417004048582996,0.9965656565656565,36,100
0.0024291497975708503,0.0,1.0,0.0,0.0,0.52,0,4928,12,10,0.0,0.0024291497975708503,0.9955555555555555,36,100
0.002631578947368421,0.0,1.0,0.0,0.0,0.54,0,4927,13,10,0.0,0.002631578947368421,0.9953535353535353,36,100
0.002631578947368421,0.0,1.0,0.0,0.0,0.56,0,4927,13,10,0.0,0.002631578947368421,0.9953535353535353,36,100
0.002631578947368421,0.0,1.0,0.0,0.0,0.58,0,4927,13,10,0.0,0.002631578947368421,0.9953535353535353,36,100
0.002631578947368421,0.0,1.0,0.0,0.0,0.6,0,4927,13,10,0.0,0.002631578947368421,0.9953535353535353,36,100
0.002631578947368421,0.0,1.0,0.0,0.0,0.62,0,4927,13,10,0.0,0.002631578947368421,0.9953535353535353,36,100
0.002631578947368421,0.0,1.0,0.0,0.0,0.64,0,4927,13,10,0.0,0.002631578947368421,0.9953535353535353,36,100
0.002834008097165992,0.0,1.0,0.0,0.0,0.66,0,4926,14,10,0.0,0.002834008097165992,0.9951515151515151,36,100
0.002834008097165992,0.0,1.0,0.0,0.0,0.68,0,4926,14,10,0.0,0.002834008097165992,0.9951515151515151,36,100
0.002834008097165992,0.0,1.0,0.0,0.0,0.7,0,4926,14,10,0.0,0.002834008097165992,0.9951515151515151,36,100
0.002834008097165992,0.0,1.0,0.0,0.0,0.72,0,4926,14,10,0.0,0.002834008097165992,0.9951515151515151,36,100
0.002834008097165992,0.0,1.0,0.0,0.0,0.74,0,4926,14,10,0.0,0.002834008097165992,0.9951515151515151,36,100
0.0032388663967611335,0.0,1.0,0.0,0.0,0.76,0,4924,16,10,0.0,0.0032388663967611335,0.9947474747474747,36,100
0.011538461538461539,0.0,1.0,0.0,0.0,0.78,0,4883,57,10,0.0,0.011538461538461539,0.9864646464646465,36,100
0.011538461538461539,0.0,1.0,0.0,0.0,0.8,0,4883,57,10,0.0,0.011538461538461539,0.9864646464646465,36,100
0.015587044534412956,0.0,1.0,0.0,0.0,0.82,0,4863,77,10,0.0,0.015587044534412956,0.9824242424242424,36,100
0.015587044534412956,0.0,1.0,0.0,0.0,0.84,0,4863,77,10,0.0,0.015587044534412956,0.9824242424242424,36,100
0.01680161943319838,0.0,1.0,0.0,0.0,0.86,0,4857,83,10,0.0,0.01680161943319838,0.9812121212121212,36,100
0.018016194331983804,0.0,1.0,0.0,0.0,0.88,0,4851,89,10,0.0,0.018016194331983804,0.98,36,100
0.018016194331983804,0.0,1.0,0.0,0.0,0.9,0,4851,89,10,0.0,0.018016194331983804,0.98,36,100
0.019635627530364373,0.0,1.0,0.0,0.0,0.92,0,4843,97,10,0.0,0.019635627530364373,0.9783838383838384,36,100
0.02145748987854251,0.0,1.0,0.0,0.0,0.94,0,4834,106,10,0.0,0.02145748987854251,0.9765656565656565,36,100
0.02145748987854251,0.0,1.0,0.0,0.0,0.96,0,4834,106,10,0.0,0.02145748987854251,0.9765656565656565,36,100
0.09595141700404858,0.1,0.9978947368421053,0.002105263157894737,0.1,0.98,1,4466,474,9,0.1,0.09595141700404858,0.9024242424242425,36,100
0.41417004048582995,0.4,0.9980487804878049,0.001951219512195122,0.4,1.0,4,2894,2046,6,0.4,0.41417004048582995,0.5854545454545454,36,100
0.0,0.0,0.0,,0.0,0.02,0,4940,0,10,0.0,0.0,0.997979797979798,37,100
0.0,0.0,0.0,,0.0,0.04,0,4940,0,10,0.0,0.0,0.997979797979798,37,100
0.0,0.0,0.0,,0.0,0.06,0,4940,0,10,0.0,0.0,0.997979797979798,37,100
0.0,0.0,0.0,,0.0,0.08,0,4940,0,10,0.0,0.0,0.997979797979798,37,100
0.0,0.0,0.0,,0.0,0.1,0,4940,0,10,0.0,0.0,0.997979797979798,37,100
0.0,0.0,0.0,,0.0,0.12,0,4940,0,10,0.0,0.0,0.997979797979798,37,100
0.0,0.0,0.0,,0.0,0.14,0,4940,0,10,0.0,0.0,0.997979797979798,37,100
0.0,0.0,0.0,,0.0,0.16,0,4940,0,10,0.0,0.0,0.997979797979798,37,100
0.0,0.0,0.0,,0.0,0.18,0,4940,0,10,0.0,0.0,0.997979797979798,37,100
0.0,0.0,0.0,,0.0,0.2,0,4940,0,10,0.0,0.0,0.997979797979798,37,100
0.0,0.0,0.0,,0.0,0.22,0,4940,0,10,0.0,0.0,0.997979797979798,37,100
0.0,0.0,0.0,,0.0,0.24,0,4940,0,10,0.0,0.0,0.997979797979798,37,100
0.0,0.0,0.0,,0.0,0.26,0,4940,0,10,0.0,0.0,0.997979797979798,37,100
0.0006072874493927126,0.0,1.0,0.0,0.0,0.28,0,4937,3,10,0.0,0.0006072874493927126,0.9973737373737374,37,100
0.0006072874493927126,0.0,1.0,0.0,0.0,0.3,0,4937,3,10,0.0,0.0006072874493927126,0.9973737373737374,37,100
0.0006072874493927126,0.0,1.0,0.0,0.0,0.32,0,4937,3,10,0.0,0.0006072874493927126,0.9973737373737374,37,100
0.0006072874493927126,0.0,1.0,0.0,0.0,0.34,0,4937,3,10,0.0,0.0006072874493927126,0.9973737373737374,37,100
0.0006072874493927126,0.0,1.0,0.0,0.0,0.36,0,4937,3,10,0.0,0.0006072874493927126,0.9973737373737374,37,100
0.0006072874493927126,0.0,1.0,0.0,0.0,0.38,0,4937,3,10,0.0,0.0006072874493927126,0.9973737373737374,37,100
0.0006072874493927126,0.0,1.0,0.0,0.0,0.4,0,4937,3,10,0.0,0.0006072874493927126,0.9973737373737374,37,100
0.0006072874493927126,0.0,1.0,0.0,0.0,0.42,0,4937,3,10,0.0,0.0006072874493927126,0.9973737373737374,37,100
0.0006072874493927126,0.0,1.0,0.0,0.0,0.44,0,4937,3,10,0.0,0.0006072874493927126,0.9973737373737374,37,100
0.0006072874493927126,0.0,1.0,0.0,0.0,0.46,0,4937,3,10,0.0,0.0006072874493927126,0.9973737373737374,37,100
0.0006072874493927126,0.0,1.0,0.0,0.0,0.48,0,4937,3,10,0.0,0.0006072874493927126,0.9973737373737374,37,100
0.0006072874493927126,0.0,1.0,0.0,0.0,0.5,0,4937,3,10,0.0,0.0006072874493927126,0.9973737373737374,37,100
0.0006072874493927126,0.0,1.0,0.0,0.0,0.52,0,4937,3,10,0.0,0.0006072874493927126,0.9973737373737374,37,100
0.0006072874493927126,0.0,1.0,0.0,0.0,0.54,0,4937,3,10,0.0,0.0006072874493927126,0.9973737373737374,37,100
0.0006072874493927126,0.0,1.0,0.0,0.0,0.56,0,4937,3,10,0.0,0.0006072874493927126,0.9973737373737374,37,100
0.002226720647773279,0.0,1.0,0.0,0.0,0.58,0,4929,11,10,0.0,0.002226720647773279,0.9957575757575757,37,100
0.002226720647773279,0.0,1.0,0.0,0.0,0.6,0,4929,11,10,0.0,0.002226720647773279,0.9957575757575757,37,100
0.002226720647773279,0.0,1.0,0.0,0.0,0.62,0,4929,11,10,0.0,0.002226720647773279,0.9957575757575757,37,100
0.005668016194331984,0.1,0.9655172413793104,0.034482758620689655,0.1,0.64,1,4912,28,9,0.1,0.005668016194331984,0.9925252525252525,37,100
0.006275303643724696,0.1,0.96875,0.03125,0.1,0.66,1,4909,31,9,0.1,0.006275303643724696,0.9919191919191919,37,100
0.006275303643724696,0.1,0.96875,0.03125,0.1,0.68,1,4909,31,9,0.1,0.006275303643724696,0.9919191919191919,37,100
0.006275303643724696,0.1,0.96875,0.03125,0.1,0.7,1,4909,31,9,0.1,0.006275303643724696,0.9919191919191919,37,100
0.010931174089068825,0.1,0.9818181818181818,0.01818181818181818,0.1,0.72,1,4886,54,9,0.1,0.010931174089068825,0.9872727272727273,37,100
0.010931174089068825,0.1,0.9818181818181818,0.01818181818181818,0.1,0.74,1,4886,54,9,0.1,0.010931174089068825,0.9872727272727273,37,100
0.010931174089068825,0.1,0.9818181818181818,0.01818181818181818,0.1,0.76,1,4886,54,9,0.1,0.010931174089068825,0.9872727272727273,37,100
0.011336032388663968,0.1,0.9824561403508771,0.017543859649122806,0.1,0.78,1,4884,56,9,0.1,0.011336032388663968,0.9868686868686869,37,100
0.012753036437246963,0.1,0.984375,0.015625,0.1,0.8,1,4877,63,9,0.1,0.012753036437246963,0.9854545454545455,37,100
0.012753036437246963,0.1,0.984375,0.015625,0.1,0.82,1,4877,63,9,0.1,0.012753036437246963,0.9854545454545455,37,100
0.026720647773279354,0.1,0.9924812030075187,0.007518796992481203,0.1,0.84,1,4808,132,9,0.1,0.026720647773279354,0.9715151515151516,37,100
0.026720647773279354,0.1,0.9924812030075187,0.007518796992481203,0.1,0.86,1,4808,132,9,0.1,0.026720647773279354,0.9715151515151516,37,100
0.02854251012145749,0.1,0.9929577464788732,0.007042253521126761,0.1,0.88,1,4799,141,9,0.1,0.02854251012145749,0.9696969696969697,37,100
0.04149797570850203,0.3,0.9855769230769231,0.014423076923076924,0.3,0.9,3,4735,205,7,0.3,0.04149797570850203,0.9571717171717171,37,100
0.048987854251012146,0.3,0.9877551020408163,0.012244897959183673,0.3,0.92,3,4698,242,7,0.3,0.048987854251012146,0.9496969696969697,37,100
0.05283400809716599,0.3,0.9886363636363636,0.011363636363636364,0.3,0.94,3,4679,261,7,0.3,0.05283400809716599,0.9458585858585858,37,100
0.06295546558704454,0.3,0.9904458598726115,0.009554140127388535,0.3,0.96,3,4629,311,7,0.3,0.06295546558704454,0.9357575757575758,37,100
0.06720647773279352,0.3,0.991044776119403,0.008955223880597015,0.3,0.98,3,4608,332,7,0.3,0.06720647773279352,0.9315151515151515,37,100
0.9704453441295546,1.0,0.9979184013322231,0.0020815986677768525,1.0,1.0,10,146,4794,0,1.0,0.9704453441295546,0.03151515151515152,37,100
0.0,0.0,0.0,,0.0,0.02,0,4940,0,10,0.0,0.0,0.997979797979798,38,100
0.0,0.0,0.0,,0.0,0.04,0,4940,0,10,0.0,0.0,0.997979797979798,38,100
0.0,0.0,0.0,,0.0,0.06,0,4940,0,10,0.0,0.0,0.997979797979798,38,100
0.0,0.0,0.0,,0.0,0.08,0,4940,0,10,0.0,0.0,0.997979797979798,38,100
0.0,0.0,0.0,,0.0,0.1,0,4940,0,10,0.0,0.0,0.997979797979798,38,100
0.0,0.0,0.0,,0.0,0.12,0,4940,0,10,0.0,0.0,0.997979797979798,38,100
0.0,0.0,0.0,,0.0,0.14,0,4940,0,10,0.0,0.0,0.997979797979798,38,100
0.0,0.0,0.0,,0.0,0.16,0,4940,0,10,0.0,0.0,0.997979797979798,38,100
0.0,0.0,0.0,,0.0,0.18,0,4940,0,10,0.0,0.0,0.997979797979798,38,100
0.0,0.0,0.0,,0.0,0.2,0,4940,0,10,0.0,0.0,0.997979797979798,38,100
0.0,0.0,0.0,,0.0,0.22,0,4940,0,10,0.0,0.0,0.997979797979798,38,100
0.0,0.0,0.0,,0.0,0.24,0,4940,0,10,0.0,0.0,0.997979797979798,38,100
0.0,0.0,0.0,,0.0,0.26,0,4940,0,10,0.0,0.0,0.997979797979798,38,100
0.0,0.0,0.0,,0.0,0.28,0,4940,0,10,0.0,0.0,0.997979797979798,38,100
0.0,0.0,0.0,,0.0,0.3,0,4940,0,10,0.0,0.0,0.997979797979798,38,100
0.0,0.0,0.0,,0.0,0.32,0,4940,0,10,0.0,0.0,0.997979797979798,38,100
0.0,0.0,0.0,,0.0,0.34,0,4940,0,10,0.0,0.0,0.997979797979798,38,100
0.0,0.0,0.0,,0.0,0.36,0,4940,0,10,0.0,0.0,0.997979797979798,38,100
0.0,0.0,0.0,,0.0,0.38,0,4940,0,10,0.0,0.0,0.997979797979798,38,100
0.0,0.0,0.0,,0.0,0.4,0,4940,0,10,0.0,0.0,0.997979797979798,38,100
0.0,0.0,0.0,,0.0,0.42,0,4940,0,10,0.0,0.0,0.997979797979798,38,100
0.0,0.0,0.0,,0.0,0.44,0,4940,0,10,0.0,0.0,0.997979797979798,38,100
0.0,0.0,0.0,,0.0,0.46,0,4940,0,10,0.0,0.0,0.997979797979798,38,100
0.0,0.0,0.0,,0.0,0.48,0,4940,0,10,0.0,0.0,0.997979797979798,38,100
0.0,0.0,0.0,,0.0,0.5,0,4940,0,10,0.0,0.0,0.997979797979798,38,100
0.0,0.0,0.0,,0.0,0.52,0,4940,0,10,0.0,0.0,0.997979797979798,38,100
0.0,0.0,0.0,,0.0,0.54,0,4940,0,10,0.0,0.0,0.997979797979798,38,100
0.0,0.0,0.0,,0.0,0.56,0,4940,0,10,0.0,0.0,0.997979797979798,38,100
0.0,0.0,0.0,,0.0,0.58,0,4940,0,10,0.0,0.0,0.997979797979798,38,100
0.0,0.0,0.0,,0.0,0.6,0,4940,0,10,0.0,0.0,0.997979797979798,38,100
0.0,0.0,0.0,,0.0,0.62,0,4940,0,10,0.0,0.0,0.997979797979798,38,100
0.0,0.0,0.0,,0.0,0.64,0,4940,0,10,0.0,0.0,0.997979797979798,38,100
0.0,0.0,0.0,,0.0,0.66,0,4940,0,10,0.0,0.0,0.997979797979798,38,100
0.0,0.0,0.0,,0.0,0.68,0,4940,0,10,0.0,0.0,0.997979797979798,38,100
0.0,0.0,0.0,,0.0,0.7,0,4940,0,10,0.0,0.0,0.997979797979798,38,100
0.0,0.0,0.0,,0.0,0.72,0,4940,0,10,0.0,0.0,0.997979797979798,38,100
0.0,0.0,0.0,,0.0,0.74,0,4940,0,10,0.0,0.0,0.997979797979798,38,100
0.0,0.0,0.0,,0.0,0.76,0,4940,0,10,0.0,0.0,0.997979797979798,38,100
0.0,0.0,0.0,,0.0,0.78,0,4940,0,10,0.0,0.0,0.997979797979798,38,100
0.0,0.0,0.0,,0.0,0.8,0,4940,0,10,0.0,0.0,0.997979797979798,38,100
0.00020242914979757084,0.0,1.0,0.0,0.0,0.82,0,4939,1,10,0.0,0.00020242914979757084,0.9977777777777778,38,100
0.00020242914979757084,0.0,1.0,0.0,0.0,0.84,0,4939,1,10,0.0,0.00020242914979757084,0.9977777777777778,38,100
0.00020242914979757084,0.0,1.0,0.0,0.0,0.86,0,4939,1,10,0.0,0.00020242914979757084,0.9977777777777778,38,100
0.0004048582995951417,0.0,1.0,0.0,0.0,0.88,0,4938,2,10,0.0,0.0004048582995951417,0.9975757575757576,38,100
0.0004048582995951417,0.0,1.0,0.0,0.0,0.9,0,4938,2,10,0.0,0.0004048582995951417,0.9975757575757576,38,100
0.003036437246963563,0.0,1.0,0.0,0.0,0.92,0,4925,15,10,0.0,0.003036437246963563,0.9949494949494949,38,100
0.003036437246963563,0.0,1.0,0.0,0.0,0.94,0,4925,15,10,0.0,0.003036437246963563,0.9949494949494949,38,100
0.003036437246963563,0.0,1.0,0.0,0.0,0.96,0,4925,15,10,0.0,0.003036437246963563,0.9949494949494949,38,100
0.003036437246963563,0.0,1.0,0.0,0.0,0.98,0,4925,15,10,0.0,0.003036437246963563,0.9949494949494949,38,100
0.9708502024291498,1.0,0.997919267582189,0.0020807324178110697,1.0,1.0,10,144,4796,0,1.0,0.9708502024291498,0.03111111111111111,38,100
0.0,0.0,0.0,,0.0,0.02,0,4940,0,10,0.0,0.0,0.997979797979798,39,100
0.0,0.0,0.0,,0.0,0.04,0,4940,0,10,0.0,0.0,0.997979797979798,39,100
0.0,0.0,0.0,,0.0,0.06,0,4940,0,10,0.0,0.0,0.997979797979798,39,100
0.0,0.0,0.0,,0.0,0.08,0,4940,0,10,0.0,0.0,0.997979797979798,39,100
0.0,0.0,0.0,,0.0,0.1,0,4940,0,10,0.0,0.0,0.997979797979798,39,100
0.0,0.0,0.0,,0.0,0.12,0,4940,0,10,0.0,0.0,0.997979797979798,39,100
0.0,0.0,0.0,,0.0,0.14,0,4940,0,10,0.0,0.0,0.997979797979798,39,100
0.0,0.0,0.0,,0.0,0.16,0,4940,0,10,0.0,0.0,0.997979797979798,39,100
0.0,0.0,0.0,,0.0,0.18,0,4940,0,10,0.0,0.0,0.997979797979798,39,100
0.0,0.0,0.0,,0.0,0.2,0,4940,0,10,0.0,0.0,0.997979797979798,39,100
0.0,0.0,0.0,,0.0,0.22,0,4940,0,10,0.0,0.0,0.997979797979798,39,100
0.0,0.0,0.0,,0.0,0.24,0,4940,0,10,0.0,0.0,0.997979797979798,39,100
0.0,0.0,0.0,,0.0,0.26,0,4940,0,10,0.0,0.0,0.997979797979798,39,100
0.0,0.0,0.0,,0.0,0.28,0,4940,0,10,0.0,0.0,0.997979797979798,39,100
0.0,0.0,0.0,,0.0,0.3,0,4940,0,10,0.0,0.0,0.997979797979798,39,100
0.0,0.0,0.0,,0.0,0.32,0,4940,0,10,0.0,0.0,0.997979797979798,39,100
0.0,0.0,0.0,,0.0,0.34,0,4940,0,10,0.0,0.0,0.997979797979798,39,100
0.0,0.0,0.0,,0.0,0.36,0,4940,0,10,0.0,0.0,0.997979797979798,39,100
0.0,0.0,0.0,,0.0,0.38,0,4940,0,10,0.0,0.0,0.997979797979798,39,100
0.0,0.0,0.0,,0.0,0.4,0,4940,0,10,0.0,0.0,0.997979797979798,39,100
0.0,0.0,0.0,,0.0,0.42,0,4940,0,10,0.0,0.0,0.997979797979798,39,100
0.0,0.0,0.0,,0.0,0.44,0,4940,0,10,0.0,0.0,0.997979797979798,39,100
0.0,0.0,0.0,,0.0,0.46,0,4940,0,10,0.0,0.0,0.997979797979798,39,100
0.0,0.0,0.0,,0.0,0.48,0,4940,0,10,0.0,0.0,0.997979797979798,39,100
0.0,0.0,0.0,,0.0,0.5,0,4940,0,10,0.0,0.0,0.997979797979798,39,100
0.0,0.0,0.0,,0.0,0.52,0,4940,0,10,0.0,0.0,0.997979797979798,39,100
0.0,0.0,0.0,,0.0,0.54,0,4940,0,10,0.0,0.0,0.997979797979798,39,100
0.0,0.0,0.0,,0.0,0.56,0,4940,0,10,0.0,0.0,0.997979797979798,39,100
0.0,0.0,0.0,,0.0,0.58,0,4940,0,10,0.0,0.0,0.997979797979798,39,100
0.0,0.0,0.0,,0.0,0.6,0,4940,0,10,0.0,0.0,0.997979797979798,39,100
0.0,0.0,0.0,,0.0,0.62,0,4940,0,10,0.0,0.0,0.997979797979798,39,100
0.0,0.0,0.0,,0.0,0.64,0,4940,0,10,0.0,0.0,0.997979797979798,39,100
0.0,0.0,0.0,,0.0,0.66,0,4940,0,10,0.0,0.0,0.997979797979798,39,100
0.0,0.0,0.0,,0.0,0.68,0,4940,0,10,0.0,0.0,0.997979797979798,39,100
0.0,0.0,0.0,,0.0,0.7,0,4940,0,10,0.0,0.0,0.997979797979798,39,100
0.0,0.0,0.0,,0.0,0.72,0,4940,0,10,0.0,0.0,0.997979797979798,39,100
0.0,0.0,0.0,,0.0,0.74,0,4940,0,10,0.0,0.0,0.997979797979798,39,100
0.0,0.0,0.0,,0.0,0.76,0,4940,0,10,0.0,0.0,0.997979797979798,39,100
0.0,0.0,0.0,,0.0,0.78,0,4940,0,10,0.0,0.0,0.997979797979798,39,100
0.0,0.0,0.0,,0.0,0.8,0,4940,0,10,0.0,0.0,0.997979797979798,39,100
0.004251012145748988,0.1,0.9545454545454546,0.045454545454545456,0.1,0.82,1,4919,21,9,0.1,0.004251012145748988,0.9939393939393939,39,100
0.004251012145748988,0.1,0.9545454545454546,0.045454545454545456,0.1,0.84,1,4919,21,9,0.1,0.004251012145748988,0.9939393939393939,39,100
0.004251012145748988,0.1,0.9545454545454546,0.045454545454545456,0.1,0.86,1,4919,21,9,0.1,0.004251012145748988,0.9939393939393939,39,100
0.004251012145748988,0.1,0.9545454545454546,0.045454545454545456,0.1,0.88,1,4919,21,9,0.1,0.004251012145748988,0.9939393939393939,39,100
0.005465587044534413,0.1,0.9642857142857143,0.03571428571428571,0.1,0.9,1,4913,27,9,0.1,0.005465587044534413,0.9927272727272727,39,100
0.005465587044534413,0.1,0.9642857142857143,0.03571428571428571,0.1,0.92,1,4913,27,9,0.1,0.005465587044534413,0.9927272727272727,39,100
0.005870445344129555,0.1,0.9666666666666667,0.03333333333333333,0.1,0.94,1,4911,29,9,0.1,0.005870445344129555,0.9923232323232323,39,100
0.005870445344129555,0.1,0.9666666666666667,0.03333333333333333,0.1,0.96,1,4911,29,9,0.1,0.005870445344129555,0.9923232323232323,39,100
0.051821862348178135,0.3,0.9884169884169884,0.011583011583011582,0.3,0.98,3,4684,256,7,0.3,0.051821862348178135,0.9468686868686869,39,100
0.9730769230769231,1.0,0.9979240190990243,0.002075980900975711,1.0,1.0,10,133,4807,0,1.0,0.9730769230769231,0.028888888888888888,39,100
0.0,0.0,0.0,,0.0,0.02,0,4940,0,10,0.0,0.0,0.997979797979798,40,100
0.0,0.0,0.0,,0.0,0.04,0,4940,0,10,0.0,0.0,0.997979797979798,40,100
0.0,0.0,0.0,,0.0,0.06,0,4940,0,10,0.0,0.0,0.997979797979798,40,100
0.0,0.0,0.0,,0.0,0.08,0,4940,0,10,0.0,0.0,0.997979797979798,40,100
0.0,0.0,0.0,,0.0,0.1,0,4940,0,10,0.0,0.0,0.997979797979798,40,100
0.0,0.0,0.0,,0.0,0.12,0,4940,0,10,0.0,0.0,0.997979797979798,40,100
0.0,0.0,0.0,,0.0,0.14,0,4940,0,10,0.0,0.0,0.997979797979798,40,100
0.0,0.0,0.0,,0.0,0.16,0,4940,0,10,0.0,0.0,0.997979797979798,40,100
0.0,0.0,0.0,,0.0,0.18,0,4940,0,10,0.0,0.0,0.997979797979798,40,100
0.0,0.0,0.0,,0.0,0.2,0,4940,0,10,0.0,0.0,0.997979797979798,40,100
0.0,0.0,0.0,,0.0,0.22,0,4940,0,10,0.0,0.0,0.997979797979798,40,100
0.0,0.0,0.0,,0.0,0.24,0,4940,0,10,0.0,0.0,0.997979797979798,40,100
0.0,0.0,0.0,,0.0,0.26,0,4940,0,10,0.0,0.0,0.997979797979798,40,100
0.0,0.0,0.0,,0.0,0.28,0,4940,0,10,0.0,0.0,0.997979797979798,40,100
0.0,0.0,0.0,,0.0,0.3,0,4940,0,10,0.0,0.0,0.997979797979798,40,100
0.0,0.0,0.0,,0.0,0.32,0,4940,0,10,0.0,0.0,0.997979797979798,40,100
0.0,0.0,0.0,,0.0,0.34,0,4940,0,10,0.0,0.0,0.997979797979798,40,100
0.0,0.0,0.0,,0.0,0.36,0,4940,0,10,0.0,0.0,0.997979797979798,40,100
0.0,0.0,0.0,,0.0,0.38,0,4940,0,10,0.0,0.0,0.997979797979798,40,100
0.0,0.0,0.0,,0.0,0.4,0,4940,0,10,0.0,0.0,0.997979797979798,40,100
0.0,0.0,0.0,,0.0,0.42,0,4940,0,10,0.0,0.0,0.997979797979798,40,100
0.0,0.0,0.0,,0.0,0.44,0,4940,0,10,0.0,0.0,0.997979797979798,40,100
0.0,0.0,0.0,,0.0,0.46,0,4940,0,10,0.0,0.0,0.997979797979798,40,100
0.0,0.0,0.0,,0.0,0.48,0,4940,0,10,0.0,0.0,0.997979797979798,40,100
0.0,0.0,0.0,,0.0,0.5,0,4940,0,10,0.0,0.0,0.997979797979798,40,100
0.0,0.0,0.0,,0.0,0.52,0,4940,0,10,0.0,0.0,0.997979797979798,40,100
0.0,0.0,0.0,,0.0,0.54,0,4940,0,10,0.0,0.0,0.997979797979798,40,100
0.0,0.0,0.0,,0.0,0.56,0,4940,0,10,0.0,0.0,0.997979797979798,40,100
0.0,0.0,0.0,,0.0,0.58,0,4940,0,10,0.0,0.0,0.997979797979798,40,100
0.00020242914979757084,0.0,1.0,0.0,0.0,0.6,0,4939,1,10,0.0,0.00020242914979757084,0.9977777777777778,40,100
0.00020242914979757084,0.0,1.0,0.0,0.0,0.62,0,4939,1,10,0.0,0.00020242914979757084,0.9977777777777778,40,100
0.00020242914979757084,0.0,1.0,0.0,0.0,0.64,0,4939,1,10,0.0,0.00020242914979757084,0.9977777777777778,40,100
0.00020242914979757084,0.0,1.0,0.0,0.0,0.66,0,4939,1,10,0.0,0.00020242914979757084,0.9977777777777778,40,100
0.00020242914979757084,0.0,1.0,0.0,0.0,0.68,0,4939,1,10,0.0,0.00020242914979757084,0.9977777777777778,40,100
0.00020242914979757084,0.0,1.0,0.0,0.0,0.7,0,4939,1,10,0.0,0.00020242914979757084,0.9977777777777778,40,100
0.00020242914979757084,0.0,1.0,0.0,0.0,0.72,0,4939,1,10,0.0,0.00020242914979757084,0.9977777777777778,40,100
0.00020242914979757084,0.0,1.0,0.0,0.0,0.74,0,4939,1,10,0.0,0.00020242914979757084,0.9977777777777778,40,100
0.00020242914979757084,0.0,1.0,0.0,0.0,0.76,0,4939,1,10,0.0,0.00020242914979757084,0.9977777777777778,40,100
0.00020242914979757084,0.0,1.0,0.0,0.0,0.78,0,4939,1,10,0.0,0.00020242914979757084,0.9977777777777778,40,100
0.00020242914979757084,0.0,1.0,0.0,0.0,0.8,0,4939,1,10,0.0,0.00020242914979757084,0.9977777777777778,40,100
0.00020242914979757084,0.0,1.0,0.0,0.0,0.82,0,4939,1,10,0.0,0.00020242914979757084,0.9977777777777778,40,100
0.00020242914979757084,0.0,1.0,0.0,0.0,0.84,0,4939,1,10,0.0,0.00020242914979757084,0.9977777777777778,40,100
0.00020242914979757084,0.0,1.0,0.0,0.0,0.86,0,4939,1,10,0.0,0.00020242914979757084,0.9977777777777778,40,100
0.00020242914979757084,0.0,1.0,0.0,0.0,0.88,0,4939,1,10,0.0,0.00020242914979757084,0.9977777777777778,40,100
0.00020242914979757084,0.0,1.0,0.0,0.0,0.9,0,4939,1,10,0.0,0.00020242914979757084,0.9977777777777778,40,100
0.0012145748987854252,0.0,1.0,0.0,0.0,0.92,0,4934,6,10,0.0,0.0012145748987854252,0.9967676767676767,40,100
0.0012145748987854252,0.0,1.0,0.0,0.0,0.94,0,4934,6,10,0.0,0.0012145748987854252,0.9967676767676767,40,100
0.002631578947368421,0.0,1.0,0.0,0.0,0.96,0,4927,13,10,0.0,0.002631578947368421,0.9953535353535353,40,100
0.002631578947368421,0.0,1.0,0.0,0.0,0.98,0,4927,13,10,0.0,0.002631578947368421,0.9953535353535353,40,100
0.9702429149797571,1.0,0.9979179679367062,0.002082032063293775,1.0,1.0,10,147,4793,0,1.0,0.9702429149797571,0.03171717171717172,40,100
0.0,0.0,0.0,,0.0,0.02,0,4940,0,10,0.0,0.0,0.997979797979798,41,100
0.0,0.0,0.0,,0.0,0.04,0,4940,0,10,0.0,0.0,0.997979797979798,41,100
0.0,0.0,0.0,,0.0,0.06,0,4940,0,10,0.0,0.0,0.997979797979798,41,100
0.0,0.0,0.0,,0.0,0.08,0,4940,0,10,0.0,0.0,0.997979797979798,41,100
0.0,0.0,0.0,,0.0,0.1,0,4940,0,10,0.0,0.0,0.997979797979798,41,100
0.0,0.0,0.0,,0.0,0.12,0,4940,0,10,0.0,0.0,0.997979797979798,41,100
0.0,0.0,0.0,,0.0,0.14,0,4940,0,10,0.0,0.0,0.997979797979798,41,100
0.0,0.0,0.0,,0.0,0.16,0,4940,0,10,0.0,0.0,0.997979797979798,41,100
0.0,0.0,0.0,,0.0,0.18,0,4940,0,10,0.0,0.0,0.997979797979798,41,100
0.0,0.0,0.0,,0.0,0.2,0,4940,0,10,0.0,0.0,0.997979797979798,41,100
0.0,0.0,0.0,,0.0,0.22,0,4940,0,10,0.0,0.0,0.997979797979798,41,100
0.0,0.0,0.0,,0.0,0.24,0,4940,0,10,0.0,0.0,0.997979797979798,41,100
0.0,0.0,0.0,,0.0,0.26,0,4940,0,10,0.0,0.0,0.997979797979798,41,100
0.00020242914979757084,0.0,1.0,0.0,0.0,0.28,0,4939,1,10,0.0,0.00020242914979757084,0.9977777777777778,41,100
0.00020242914979757084,0.0,1.0,0.0,0.0,0.3,0,4939,1,10,0.0,0.00020242914979757084,0.9977777777777778,41,100
0.00020242914979757084,0.0,1.0,0.0,0.0,0.32,0,4939,1,10,0.0,0.00020242914979757084,0.9977777777777778,41,100
0.00020242914979757084,0.0,1.0,0.0,0.0,0.34,0,4939,1,10,0.0,0.00020242914979757084,0.9977777777777778,41,100
0.00020242914979757084,0.0,1.0,0.0,0.0,0.36,0,4939,1,10,0.0,0.00020242914979757084,0.9977777777777778,41,100
0.00020242914979757084,0.0,1.0,0.0,0.0,0.38,0,4939,1,10,0.0,0.00020242914979757084,0.9977777777777778,41,100
0.00020242914979757084,0.0,1.0,0.0,0.0,0.4,0,4939,1,10,0.0,0.00020242914979757084,0.9977777777777778,41,100
0.00020242914979757084,0.0,1.0,0.0,0.0,0.42,0,4939,1,10,0.0,0.00020242914979757084,0.9977777777777778,41,100
0.00020242914979757084,0.0,1.0,0.0,0.0,0.44,0,4939,1,10,0.0,0.00020242914979757084,0.9977777777777778,41,100
0.00020242914979757084,0.0,1.0,0.0,0.0,0.46,0,4939,1,10,0.0,0.00020242914979757084,0.9977777777777778,41,100
0.00020242914979757084,0.0,1.0,0.0,0.0,0.48,0,4939,1,10,0.0,0.00020242914979757084,0.9977777777777778,41,100
0.00020242914979757084,0.0,1.0,0.0,0.0,0.5,0,4939,1,10,0.0,0.00020242914979757084,0.9977777777777778,41,100
0.00020242914979757084,0.0,1.0,0.0,0.0,0.52,0,4939,1,10,0.0,0.00020242914979757084,0.9977777777777778,41,100
0.00020242914979757084,0.0,1.0,0.0,0.0,0.54,0,4939,1,10,0.0,0.00020242914979757084,0.9977777777777778,41,100
0.00020242914979757084,0.0,1.0,0.0,0.0,0.56,0,4939,1,10,0.0,0.00020242914979757084,0.9977777777777778,41,100
0.00020242914979757084,0.0,1.0,0.0,0.0,0.58,0,4939,1,10,0.0,0.00020242914979757084,0.9977777777777778,41,100
0.00020242914979757084,0.0,1.0,0.0,0.0,0.6,0,4939,1,10,0.0,0.00020242914979757084,0.9977777777777778,41,100
0.00020242914979757084,0.0,1.0,0.0,0.0,0.62,0,4939,1,10,0.0,0.00020242914979757084,0.9977777777777778,41,100
0.00020242914979757084,0.0,1.0,0.0,0.0,0.64,0,4939,1,10,0.0,0.00020242914979757084,0.9977777777777778,41,100
0.00020242914979757084,0.0,1.0,0.0,0.0,0.66,0,4939,1,10,0.0,0.00020242914979757084,0.9977777777777778,41,100
0.00020242914979757084,0.0,1.0,0.0,0.0,0.68,0,4939,1,10,0.0,0.00020242914979757084,0.9977777777777778,41,100
0.00020242914979757084,0.0,1.0,0.0,0.0,0.7,0,4939,1,10,0.0,0.00020242914979757084,0.9977777777777778,41,100
0.00020242914979757084,0.0,1.0,0.0,0.0,0.72,0,4939,1,10,0.0,0.00020242914979757084,0.9977777777777778,41,100
0.00020242914979757084,0.0,1.0,0.0,0.0,0.74,0,4939,1,10,0.0,0.00020242914979757084,0.9977777777777778,41,100
0.00020242914979757084,0.0,1.0,0.0,0.0,0.76,0,4939,1,10,0.0,0.00020242914979757084,0.9977777777777778,41,100
0.00020242914979757084,0.0,1.0,0.0,0.0,0.78,0,4939,1,10,0.0,0.00020242914979757084,0.9977777777777778,41,100
0.004453441295546558,0.2,0.9166666666666666,0.08333333333333333,0.2,0.8,2,4918,22,8,0.2,0.004453441295546558,0.9939393939393939,41,100
0.01417004048582996,0.3,0.958904109589041,0.0410958904109589,0.3,0.82,3,4870,70,7,0.3,0.01417004048582996,0.9844444444444445,41,100
0.030364372469635626,0.4,0.974025974025974,0.025974025974025976,0.4,0.84,4,4790,150,6,0.4,0.030364372469635626,0.9684848484848485,41,100
0.03279352226720648,0.4,0.9759036144578314,0.024096385542168676,0.4,0.86,4,4778,162,6,0.4,0.03279352226720648,0.9660606060606061,41,100
0.07186234817813765,0.4,0.9888579387186629,0.011142061281337047,0.4,0.88,4,4585,355,6,0.4,0.07186234817813765,0.927070707070707,41,100
0.08522267206477732,0.4,0.9905882352941177,0.009411764705882352,0.4,0.9,4,4519,421,6,0.4,0.08522267206477732,0.9137373737373737,41,100
0.11781376518218624,0.6,0.9897959183673469,0.01020408163265306,0.6,0.92,6,4358,582,4,0.6,0.11781376518218624,0.8816161616161616,41,100
0.12489878542510122,0.6,0.9903691813804173,0.009630818619582664,0.6,0.94,6,4323,617,4,0.6,0.12489878542510122,0.8745454545454545,41,100
0.1317813765182186,0.7,0.9893617021276596,0.010638297872340425,0.7,0.96,7,4289,651,3,0.7,0.1317813765182186,0.8678787878787879,41,100
0.13987854251012147,0.7,0.9899713467048711,0.01002865329512894,0.7,0.98,7,4249,691,3,0.7,0.13987854251012147,0.8597979797979798,41,100
0.5123481781376519,1.0,0.996064541519087,0.003935458480913027,1.0,1.0,10,2409,2531,0,1.0,0.5123481781376519,0.48868686868686867,41,100
0.0,0.0,0.0,,0.0,0.02,0,4940,0,10,0.0,0.0,0.997979797979798,42,100
0.0,0.0,0.0,,0.0,0.04,0,4940,0,10,0.0,0.0,0.997979797979798,42,100
0.0,0.0,0.0,,0.0,0.06,0,4940,0,10,0.0,0.0,0.997979797979798,42,100
0.0,0.0,0.0,,0.0,0.08,0,4940,0,10,0.0,0.0,0.997979797979798,42,100
0.0,0.0,0.0,,0.0,0.1,0,4940,0,10,0.0,0.0,0.997979797979798,42,100
0.0,0.0,0.0,,0.0,0.12,0,4940,0,10,0.0,0.0,0.997979797979798,42,100
0.0,0.0,0.0,,0.0,0.14,0,4940,0,10,0.0,0.0,0.997979797979798,42,100
0.0,0.0,0.0,,0.0,0.16,0,4940,0,10,0.0,0.0,0.997979797979798,42,100
0.0,0.0,0.0,,0.0,0.18,0,4940,0,10,0.0,0.0,0.997979797979798,42,100
0.0,0.0,0.0,,0.0,0.2,0,4940,0,10,0.0,0.0,0.997979797979798,42,100
0.0,0.0,0.0,,0.0,0.22,0,4940,0,10,0.0,0.0,0.997979797979798,42,100
0.0,0.0,0.0,,0.0,0.24,0,4940,0,10,0.0,0.0,0.997979797979798,42,100
0.0,0.0,0.0,,0.0,0.26,0,4940,0,10,0.0,0.0,0.997979797979798,42,100
0.0,0.0,0.0,,0.0,0.28,0,4940,0,10,0.0,0.0,0.997979797979798,42,100
0.0,0.0,0.0,,0.0,0.3,0,4940,0,10,0.0,0.0,0.997979797979798,42,100
0.0,0.0,0.0,,0.0,0.32,0,4940,0,10,0.0,0.0,0.997979797979798,42,100
0.0,0.0,0.0,,0.0,0.34,0,4940,0,10,0.0,0.0,0.997979797979798,42,100
0.0,0.0,0.0,,0.0,0.36,0,4940,0,10,0.0,0.0,0.997979797979798,42,100
0.0,0.0,0.0,,0.0,0.38,0,4940,0,10,0.0,0.0,0.997979797979798,42,100
0.0,0.0,0.0,,0.0,0.4,0,4940,0,10,0.0,0.0,0.997979797979798,42,100
0.0,0.0,0.0,,0.0,0.42,0,4940,0,10,0.0,0.0,0.997979797979798,42,100
0.0,0.0,0.0,,0.0,0.44,0,4940,0,10,0.0,0.0,0.997979797979798,42,100
0.0,0.0,0.0,,0.0,0.46,0,4940,0,10,0.0,0.0,0.997979797979798,42,100
0.0,0.0,0.0,,0.0,0.48,0,4940,0,10,0.0,0.0,0.997979797979798,42,100
0.0,0.0,0.0,,0.0,0.5,0,4940,0,10,0.0,0.0,0.997979797979798,42,100
0.0,0.0,0.0,,0.0,0.52,0,4940,0,10,0.0,0.0,0.997979797979798,42,100
0.0,0.0,0.0,,0.0,0.54,0,4940,0,10,0.0,0.0,0.997979797979798,42,100
0.0,0.0,0.0,,0.0,0.56,0,4940,0,10,0.0,0.0,0.997979797979798,42,100
0.0020242914979757085,0.1,0.9090909090909091,0.09090909090909091,0.1,0.58,1,4930,10,9,0.1,0.0020242914979757085,0.9961616161616161,42,100
0.002226720647773279,0.1,0.9166666666666666,0.08333333333333333,0.1,0.6,1,4929,11,9,0.1,0.002226720647773279,0.9959595959595959,42,100
0.0024291497975708503,0.1,0.9230769230769231,0.07692307692307693,0.1,0.62,1,4928,12,9,0.1,0.0024291497975708503,0.9957575757575757,42,100
0.0024291497975708503,0.1,0.9230769230769231,0.07692307692307693,0.1,0.64,1,4928,12,9,0.1,0.0024291497975708503,0.9957575757575757,42,100
0.003036437246963563,0.1,0.9375,0.0625,0.1,0.66,1,4925,15,9,0.1,0.003036437246963563,0.9951515151515151,42,100
0.003036437246963563,0.1,0.9375,0.0625,0.1,0.68,1,4925,15,9,0.1,0.003036437246963563,0.9951515151515151,42,100
0.003036437246963563,0.1,0.9375,0.0625,0.1,0.7,1,4925,15,9,0.1,0.003036437246963563,0.9951515151515151,42,100
0.003036437246963563,0.1,0.9375,0.0625,0.1,0.72,1,4925,15,9,0.1,0.003036437246963563,0.9951515151515151,42,100
0.003036437246963563,0.1,0.9375,0.0625,0.1,0.74,1,4925,15,9,0.1,0.003036437246963563,0.9951515151515151,42,100
0.003036437246963563,0.1,0.9375,0.0625,0.1,0.76,1,4925,15,9,0.1,0.003036437246963563,0.9951515151515151,42,100
0.005263157894736842,0.1,0.9629629629629629,0.037037037037037035,0.1,0.78,1,4914,26,9,0.1,0.005263157894736842,0.9929292929292929,42,100
0.005263157894736842,0.1,0.9629629629629629,0.037037037037037035,0.1,0.8,1,4914,26,9,0.1,0.005263157894736842,0.9929292929292929,42,100
0.005263157894736842,0.1,0.9629629629629629,0.037037037037037035,0.1,0.82,1,4914,26,9,0.1,0.005263157894736842,0.9929292929292929,42,100
0.005465587044534413,0.1,0.9642857142857143,0.03571428571428571,0.1,0.84,1,4913,27,9,0.1,0.005465587044534413,0.9927272727272727,42,100
0.005465587044534413,0.1,0.9642857142857143,0.03571428571428571,0.1,0.86,1,4913,27,9,0.1,0.005465587044534413,0.9927272727272727,42,100
0.0066801619433198385,0.1,0.9705882352941176,0.029411764705882353,0.1,0.88,1,4907,33,9,0.1,0.0066801619433198385,0.9915151515151515,42,100
0.011133603238866396,0.1,0.9821428571428571,0.017857142857142856,0.1,0.9,1,4885,55,9,0.1,0.011133603238866396,0.9870707070707071,42,100
0.013562753036437248,0.1,0.9852941176470589,0.014705882352941176,0.1,0.92,1,4873,67,9,0.1,0.013562753036437248,0.9846464646464647,42,100
0.013562753036437248,0.1,0.9852941176470589,0.014705882352941176,0.1,0.94,1,4873,67,9,0.1,0.013562753036437248,0.9846464646464647,42,100
0.013562753036437248,0.1,0.9852941176470589,0.014705882352941176,0.1,0.96,1,4873,67,9,0.1,0.013562753036437248,0.9846464646464647,42,100
0.2242914979757085,0.5,0.995507637017071,0.004492362982929021,0.5,0.98,5,3832,1108,5,0.5,0.2242914979757085,0.7751515151515151,42,100
0.9722672064777328,1.0,0.9979222937876584,0.002077706212341575,1.0,1.0,10,137,4803,0,1.0,0.9722672064777328,0.029696969696969697,42,100
0.00020242914979757084,0.0,1.0,0.0,0.0,0.02,0,4939,1,10,0.0,0.00020242914979757084,0.9977777777777778,43,100
0.0,0.0,0.0,,0.0,0.04,0,4940,0,10,0.0,0.0,0.997979797979798,43,100
0.00020242914979757084,0.0,1.0,0.0,0.0,0.06,0,4939,1,10,0.0,0.00020242914979757084,0.9977777777777778,43,100
0.00020242914979757084,0.0,1.0,0.0,0.0,0.08,0,4939,1,10,0.0,0.00020242914979757084,0.9977777777777778,43,100
0.00020242914979757084,0.0,1.0,0.0,0.0,0.1,0,4939,1,10,0.0,0.00020242914979757084,0.9977777777777778,43,100
0.00020242914979757084,0.0,1.0,0.0,0.0,0.12,0,4939,1,10,0.0,0.00020242914979757084,0.9977777777777778,43,100
0.00020242914979757084,0.0,1.0,0.0,0.0,0.14,0,4939,1,10,0.0,0.00020242914979757084,0.9977777777777778,43,100
0.00020242914979757084,0.0,1.0,0.0,0.0,0.16,0,4939,1,10,0.0,0.00020242914979757084,0.9977777777777778,43,100
0.0004048582995951417,0.0,1.0,0.0,0.0,0.18,0,4938,2,10,0.0,0.0004048582995951417,0.9975757575757576,43,100
0.0004048582995951417,0.0,1.0,0.0,0.0,0.2,0,4938,2,10,0.0,0.0004048582995951417,0.9975757575757576,43,100
0.0004048582995951417,0.0,1.0,0.0,0.0,0.22,0,4938,2,10,0.0,0.0004048582995951417,0.9975757575757576,43,100
0.0004048582995951417,0.0,1.0,0.0,0.0,0.24,0,4938,2,10,0.0,0.0004048582995951417,0.9975757575757576,43,100
0.0006072874493927126,0.0,1.0,0.0,0.0,0.26,0,4937,3,10,0.0,0.0006072874493927126,0.9973737373737374,43,100
0.0006072874493927126,0.0,1.0,0.0,0.0,0.28,0,4937,3,10,0.0,0.0006072874493927126,0.9973737373737374,43,100
0.0006072874493927126,0.0,1.0,0.0,0.0,0.3,0,4937,3,10,0.0,0.0006072874493927126,0.9973737373737374,43,100
0.0006072874493927126,0.0,1.0,0.0,0.0,0.32,0,4937,3,10,0.0,0.0006072874493927126,0.9973737373737374,43,100
0.0008097165991902834,0.0,1.0,0.0,0.0,0.34,0,4936,4,10,0.0,0.0008097165991902834,0.9971717171717172,43,100
0.0034412955465587046,0.0,1.0,0.0,0.0,0.36,0,4923,17,10,0.0,0.0034412955465587046,0.9945454545454545,43,100
0.0038461538461538464,0.0,1.0,0.0,0.0,0.38,0,4921,19,10,0.0,0.0038461538461538464,0.9941414141414141,43,100
0.0038461538461538464,0.0,1.0,0.0,0.0,0.4,0,4921,19,10,0.0,0.0038461538461538464,0.9941414141414141,43,100
0.0038461538461538464,0.0,1.0,0.0,0.0,0.42,0,4921,19,10,0.0,0.0038461538461538464,0.9941414141414141,43,100
0.0038461538461538464,0.0,1.0,0.0,0.0,0.44,0,4921,19,10,0.0,0.0038461538461538464,0.9941414141414141,43,100
0.004251012145748988,0.0,1.0,0.0,0.0,0.46,0,4919,21,10,0.0,0.004251012145748988,0.9937373737373737,43,100
0.004251012145748988,0.0,1.0,0.0,0.0,0.48,0,4919,21,10,0.0,0.004251012145748988,0.9937373737373737,43,100
0.004251012145748988,0.0,1.0,0.0,0.0,0.5,0,4919,21,10,0.0,0.004251012145748988,0.9937373737373737,43,100
0.004453441295546558,0.0,1.0,0.0,0.0,0.52,0,4918,22,10,0.0,0.004453441295546558,0.9935353535353535,43,100
0.004858299595141701,0.0,1.0,0.0,0.0,0.54,0,4916,24,10,0.0,0.004858299595141701,0.9931313131313131,43,100
0.004858299595141701,0.0,1.0,0.0,0.0,0.56,0,4916,24,10,0.0,0.004858299595141701,0.9931313131313131,43,100
0.004858299595141701,0.0,1.0,0.0,0.0,0.58,0,4916,24,10,0.0,0.004858299595141701,0.9931313131313131,43,100
0.005060728744939271,0.0,1.0,0.0,0.0,0.6,0,4915,25,10,0.0,0.005060728744939271,0.9929292929292929,43,100
0.005060728744939271,0.0,1.0,0.0,0.0,0.62,0,4915,25,10,0.0,0.005060728744939271,0.9929292929292929,43,100
0.005060728744939271,0.0,1.0,0.0,0.0,0.64,0,4915,25,10,0.0,0.005060728744939271,0.9929292929292929,43,100
0.005263157894736842,0.1,0.9629629629629629,0.037037037037037035,0.1,0.66,1,4914,26,9,0.1,0.005263157894736842,0.9929292929292929,43,100
0.005870445344129555,0.1,0.9666666666666667,0.03333333333333333,0.1,0.68,1,4911,29,9,0.1,0.005870445344129555,0.9923232323232323,43,100
0.005870445344129555,0.1,0.9666666666666667,0.03333333333333333,0.1,0.7,1,4911,29,9,0.1,0.005870445344129555,0.9923232323232323,43,100
0.006477732793522267,0.1,0.9696969696969697,0.030303030303030304,0.1,0.72,1,4908,32,9,0.1,0.006477732793522267,0.9917171717171717,43,100
0.006477732793522267,0.1,0.9696969696969697,0.030303030303030304,0.1,0.74,1,4908,32,9,0.1,0.006477732793522267,0.9917171717171717,43,100
0.006477732793522267,0.1,0.9696969696969697,0.030303030303030304,0.1,0.76,1,4908,32,9,0.1,0.006477732793522267,0.9917171717171717,43,100
0.006477732793522267,0.1,0.9696969696969697,0.030303030303030304,0.1,0.78,1,4908,32,9,0.1,0.006477732793522267,0.9917171717171717,43,100
0.006477732793522267,0.1,0.9696969696969697,0.030303030303030304,0.1,0.8,1,4908,32,9,0.1,0.006477732793522267,0.9917171717171717,43,100
0.006477732793522267,0.1,0.9696969696969697,0.030303030303030304,0.1,0.82,1,4908,32,9,0.1,0.006477732793522267,0.9917171717171717,43,100
0.006477732793522267,0.1,0.9696969696969697,0.030303030303030304,0.1,0.84,1,4908,32,9,0.1,0.006477732793522267,0.9917171717171717,43,100
0.00708502024291498,0.1,0.9722222222222222,0.027777777777777776,0.1,0.86,1,4905,35,9,0.1,0.00708502024291498,0.9911111111111112,43,100
0.007894736842105263,0.1,0.975,0.025,0.1,0.88,1,4901,39,9,0.1,0.007894736842105263,0.9903030303030304,43,100
0.013360323886639677,0.1,0.9850746268656716,0.014925373134328358,0.1,0.9,1,4874,66,9,0.1,0.013360323886639677,0.9848484848484849,43,100
0.014777327935222672,0.1,0.9864864864864865,0.013513513513513514,0.1,0.92,1,4867,73,9,0.1,0.014777327935222672,0.9834343434343434,43,100
0.014777327935222672,0.1,0.9864864864864865,0.013513513513513514,0.1,0.94,1,4867,73,9,0.1,0.014777327935222672,0.9834343434343434,43,100
0.10161943319838057,0.3,0.994059405940594,0.005940594059405941,0.3,0.96,3,4438,502,7,0.3,0.10161943319838057,0.8971717171717172,43,100
0.2896761133603239,0.3,0.997907949790795,0.0020920502092050207,0.3,0.98,3,3509,1431,7,0.3,0.2896761133603239,0.7094949494949495,43,100
0.9315789473684211,0.7,0.9984812323714471,0.0015187676285528314,0.7,1.0,7,338,4602,3,0.7,0.9315789473684211,0.0696969696969697,43,100
0.0,0.0,0.0,,0.0,0.02,0,4940,0,10,0.0,0.0,0.997979797979798,44,100
0.0,0.0,0.0,,0.0,0.04,0,4940,0,10,0.0,0.0,0.997979797979798,44,100
0.0,0.0,0.0,,0.0,0.06,0,4940,0,10,0.0,0.0,0.997979797979798,44,100
0.0,0.0,0.0,,0.0,0.08,0,4940,0,10,0.0,0.0,0.997979797979798,44,100
0.0,0.0,0.0,,0.0,0.1,0,4940,0,10,0.0,0.0,0.997979797979798,44,100
0.0,0.0,0.0,,0.0,0.12,0,4940,0,10,0.0,0.0,0.997979797979798,44,100
0.0,0.0,0.0,,0.0,0.14,0,4940,0,10,0.0,0.0,0.997979797979798,44,100
0.0,0.0,0.0,,0.0,0.16,0,4940,0,10,0.0,0.0,0.997979797979798,44,100
0.00020242914979757084,0.0,1.0,0.0,0.0,0.18,0,4939,1,10,0.0,0.00020242914979757084,0.9977777777777778,44,100
0.00020242914979757084,0.0,1.0,0.0,0.0,0.2,0,4939,1,10,0.0,0.00020242914979757084,0.9977777777777778,44,100
0.00020242914979757084,0.0,1.0,0.0,0.0,0.22,0,4939,1,10,0.0,0.00020242914979757084,0.9977777777777778,44,100
0.00020242914979757084,0.0,1.0,0.0,0.0,0.24,0,4939,1,10,0.0,0.00020242914979757084,0.9977777777777778,44,100
0.00020242914979757084,0.0,1.0,0.0,0.0,0.26,0,4939,1,10,0.0,0.00020242914979757084,0.9977777777777778,44,100
0.00020242914979757084,0.0,1.0,0.0,0.0,0.28,0,4939,1,10,0.0,0.00020242914979757084,0.9977777777777778,44,100
0.00020242914979757084,0.0,1.0,0.0,0.0,0.3,0,4939,1,10,0.0,0.00020242914979757084,0.9977777777777778,44,100
0.0004048582995951417,0.0,1.0,0.0,0.0,0.32,0,4938,2,10,0.0,0.0004048582995951417,0.9975757575757576,44,100
0.0004048582995951417,0.0,1.0,0.0,0.0,0.34,0,4938,2,10,0.0,0.0004048582995951417,0.9975757575757576,44,100
0.0004048582995951417,0.0,1.0,0.0,0.0,0.36,0,4938,2,10,0.0,0.0004048582995951417,0.9975757575757576,44,100
0.0004048582995951417,0.0,1.0,0.0,0.0,0.38,0,4938,2,10,0.0,0.0004048582995951417,0.9975757575757576,44,100
0.0004048582995951417,0.0,1.0,0.0,0.0,0.4,0,4938,2,10,0.0,0.0004048582995951417,0.9975757575757576,44,100
0.0004048582995951417,0.0,1.0,0.0,0.0,0.42,0,4938,2,10,0.0,0.0004048582995951417,0.9975757575757576,44,100
0.0004048582995951417,0.0,1.0,0.0,0.0,0.44,0,4938,2,10,0.0,0.0004048582995951417,0.9975757575757576,44,100
0.0004048582995951417,0.0,1.0,0.0,0.0,0.46,0,4938,2,10,0.0,0.0004048582995951417,0.9975757575757576,44,100
0.0004048582995951417,0.0,1.0,0.0,0.0,0.48,0,4938,2,10,0.0,0.0004048582995951417,0.9975757575757576,44,100
0.0004048582995951417,0.0,1.0,0.0,0.0,0.5,0,4938,2,10,0.0,0.0004048582995951417,0.9975757575757576,44,100
0.0004048582995951417,0.0,1.0,0.0,0.0,0.52,0,4938,2,10,0.0,0.0004048582995951417,0.9975757575757576,44,100
0.0004048582995951417,0.0,1.0,0.0,0.0,0.54,0,4938,2,10,0.0,0.0004048582995951417,0.9975757575757576,44,100
0.0004048582995951417,0.0,1.0,0.0,0.0,0.56,0,4938,2,10,0.0,0.0004048582995951417,0.9975757575757576,44,100
0.0004048582995951417,0.0,1.0,0.0,0.0,0.58,0,4938,2,10,0.0,0.0004048582995951417,0.9975757575757576,44,100
0.0004048582995951417,0.0,1.0,0.0,0.0,0.6,0,4938,2,10,0.0,0.0004048582995951417,0.9975757575757576,44,100
0.0004048582995951417,0.0,1.0,0.0,0.0,0.62,0,4938,2,10,0.0,0.0004048582995951417,0.9975757575757576,44,100
0.0004048582995951417,0.0,1.0,0.0,0.0,0.64,0,4938,2,10,0.0,0.0004048582995951417,0.9975757575757576,44,100
0.0004048582995951417,0.0,1.0,0.0,0.0,0.66,0,4938,2,10,0.0,0.0004048582995951417,0.9975757575757576,44,100
0.0004048582995951417,0.0,1.0,0.0,0.0,0.68,0,4938,2,10,0.0,0.0004048582995951417,0.9975757575757576,44,100
0.0004048582995951417,0.0,1.0,0.0,0.0,0.7,0,4938,2,10,0.0,0.0004048582995951417,0.9975757575757576,44,100
0.0004048582995951417,0.0,1.0,0.0,0.0,0.72,0,4938,2,10,0.0,0.0004048582995951417,0.9975757575757576,44,100
0.00931174089068826,0.1,0.9787234042553191,0.02127659574468085,0.1,0.74,1,4894,46,9,0.1,0.00931174089068826,0.9888888888888889,44,100
0.00931174089068826,0.1,0.9787234042553191,0.02127659574468085,0.1,0.76,1,4894,46,9,0.1,0.00931174089068826,0.9888888888888889,44,100
0.00931174089068826,0.1,0.9787234042553191,0.02127659574468085,0.1,0.78,1,4894,46,9,0.1,0.00931174089068826,0.9888888888888889,44,100
0.00931174089068826,0.1,0.9787234042553191,0.02127659574468085,0.1,0.8,1,4894,46,9,0.1,0.00931174089068826,0.9888888888888889,44,100
0.022267206477732792,0.1,0.990990990990991,0.009009009009009009,0.1,0.82,1,4830,110,9,0.1,0.022267206477732792,0.9759595959595959,44,100
0.022267206477732792,0.1,0.990990990990991,0.009009009009009009,0.1,0.84,1,4830,110,9,0.1,0.022267206477732792,0.9759595959595959,44,100
0.03684210526315789,0.1,0.994535519125683,0.00546448087431694,0.1,0.86,1,4758,182,9,0.1,0.03684210526315789,0.9614141414141414,44,100
0.039878542510121455,0.1,0.9949494949494949,0.005050505050505051,0.1,0.88,1,4743,197,9,0.1,0.039878542510121455,0.9583838383838383,44,100
0.04331983805668016,0.1,0.9953488372093023,0.004651162790697674,0.1,0.9,1,4726,214,9,0.1,0.04331983805668016,0.954949494949495,44,100
0.04331983805668016,0.1,0.9953488372093023,0.004651162790697674,0.1,0.92,1,4726,214,9,0.1,0.04331983805668016,0.954949494949495,44,100
0.06781376518218624,0.1,0.9970238095238095,0.002976190476190476,0.1,0.94,1,4605,335,9,0.1,0.06781376518218624,0.9305050505050505,44,100
0.11497975708502024,0.2,0.9964912280701754,0.0035087719298245615,0.2,0.96,2,4372,568,8,0.2,0.11497975708502024,0.8836363636363637,44,100
0.15668016194331985,0.3,0.9961389961389961,0.003861003861003861,0.3,0.98,3,4166,774,7,0.3,0.15668016194331985,0.8422222222222222,44,100
0.9690283400809716,1.0,0.9979153637690223,0.0020846362309776944,1.0,1.0,10,153,4787,0,1.0,0.9690283400809716,0.032929292929292926,44,100
0.0,0.0,0.0,,0.0,0.02,0,4940,0,10,0.0,0.0,0.997979797979798,45,100
0.0,0.0,0.0,,0.0,0.04,0,4940,0,10,0.0,0.0,0.997979797979798,45,100
0.0,0.0,0.0,,0.0,0.06,0,4940,0,10,0.0,0.0,0.997979797979798,45,100
0.0,0.0,0.0,,0.0,0.08,0,4940,0,10,0.0,0.0,0.997979797979798,45,100
0.0,0.0,0.0,,0.0,0.1,0,4940,0,10,0.0,0.0,0.997979797979798,45,100
0.0,0.0,0.0,,0.0,0.12,0,4940,0,10,0.0,0.0,0.997979797979798,45,100
0.0,0.0,0.0,,0.0,0.14,0,4940,0,10,0.0,0.0,0.997979797979798,45,100
0.0,0.0,0.0,,0.0,0.16,0,4940,0,10,0.0,0.0,0.997979797979798,45,100
0.0,0.0,0.0,,0.0,0.18,0,4940,0,10,0.0,0.0,0.997979797979798,45,100
0.0,0.0,0.0,,0.0,0.2,0,4940,0,10,0.0,0.0,0.997979797979798,45,100
0.0,0.0,0.0,,0.0,0.22,0,4940,0,10,0.0,0.0,0.997979797979798,45,100
0.0,0.0,0.0,,0.0,0.24,0,4940,0,10,0.0,0.0,0.997979797979798,45,100
0.0,0.0,0.0,,0.0,0.26,0,4940,0,10,0.0,0.0,0.997979797979798,45,100
0.0,0.0,0.0,,0.0,0.28,0,4940,0,10,0.0,0.0,0.997979797979798,45,100
0.0,0.0,0.0,,0.0,0.3,0,4940,0,10,0.0,0.0,0.997979797979798,45,100
0.0,0.0,0.0,,0.0,0.32,0,4940,0,10,0.0,0.0,0.997979797979798,45,100
0.0,0.0,0.0,,0.0,0.34,0,4940,0,10,0.0,0.0,0.997979797979798,45,100
0.0,0.0,0.0,,0.0,0.36,0,4940,0,10,0.0,0.0,0.997979797979798,45,100
0.0,0.0,0.0,,0.0,0.38,0,4940,0,10,0.0,0.0,0.997979797979798,45,100
0.0,0.0,0.0,,0.0,0.4,0,4940,0,10,0.0,0.0,0.997979797979798,45,100
0.0,0.0,0.0,,0.0,0.42,0,4940,0,10,0.0,0.0,0.997979797979798,45,100
0.0,0.0,0.0,,0.0,0.44,0,4940,0,10,0.0,0.0,0.997979797979798,45,100
0.0010121457489878543,0.0,1.0,0.0,0.0,0.46,0,4935,5,10,0.0,0.0010121457489878543,0.996969696969697,45,100
0.0010121457489878543,0.0,1.0,0.0,0.0,0.48,0,4935,5,10,0.0,0.0010121457489878543,0.996969696969697,45,100
0.0010121457489878543,0.0,1.0,0.0,0.0,0.5,0,4935,5,10,0.0,0.0010121457489878543,0.996969696969697,45,100
0.0010121457489878543,0.0,1.0,0.0,0.0,0.52,0,4935,5,10,0.0,0.0010121457489878543,0.996969696969697,45,100
0.0010121457489878543,0.0,1.0,0.0,0.0,0.54,0,4935,5,10,0.0,0.0010121457489878543,0.996969696969697,45,100
0.0010121457489878543,0.0,1.0,0.0,0.0,0.56,0,4935,5,10,0.0,0.0010121457489878543,0.996969696969697,45,100
0.0012145748987854252,0.0,1.0,0.0,0.0,0.58,0,4934,6,10,0.0,0.0012145748987854252,0.9967676767676767,45,100
0.0012145748987854252,0.0,1.0,0.0,0.0,0.6,0,4934,6,10,0.0,0.0012145748987854252,0.9967676767676767,45,100
0.0012145748987854252,0.0,1.0,0.0,0.0,0.62,0,4934,6,10,0.0,0.0012145748987854252,0.9967676767676767,45,100
0.0012145748987854252,0.0,1.0,0.0,0.0,0.64,0,4934,6,10,0.0,0.0012145748987854252,0.9967676767676767,45,100
0.0012145748987854252,0.0,1.0,0.0,0.0,0.66,0,4934,6,10,0.0,0.0012145748987854252,0.9967676767676767,45,100
0.0012145748987854252,0.0,1.0,0.0,0.0,0.68,0,4934,6,10,0.0,0.0012145748987854252,0.9967676767676767,45,100
0.0012145748987854252,0.0,1.0,0.0,0.0,0.7,0,4934,6,10,0.0,0.0012145748987854252,0.9967676767676767,45,100
0.0012145748987854252,0.0,1.0,0.0,0.0,0.72,0,4934,6,10,0.0,0.0012145748987854252,0.9967676767676767,45,100
0.0012145748987854252,0.0,1.0,0.0,0.0,0.74,0,4934,6,10,0.0,0.0012145748987854252,0.9967676767676767,45,100
0.0012145748987854252,0.0,1.0,0.0,0.0,0.76,0,4934,6,10,0.0,0.0012145748987854252,0.9967676767676767,45,100
0.0012145748987854252,0.0,1.0,0.0,0.0,0.78,0,4934,6,10,0.0,0.0012145748987854252,0.9967676767676767,45,100
0.0012145748987854252,0.0,1.0,0.0,0.0,0.8,0,4934,6,10,0.0,0.0012145748987854252,0.9967676767676767,45,100
0.0012145748987854252,0.0,1.0,0.0,0.0,0.82,0,4934,6,10,0.0,0.0012145748987854252,0.9967676767676767,45,100
0.001417004048582996,0.0,1.0,0.0,0.0,0.84,0,4933,7,10,0.0,0.001417004048582996,0.9965656565656565,45,100
0.001417004048582996,0.0,1.0,0.0,0.0,0.86,0,4933,7,10,0.0,0.001417004048582996,0.9965656565656565,45,100
0.001417004048582996,0.0,1.0,0.0,0.0,0.88,0,4933,7,10,0.0,0.001417004048582996,0.9965656565656565,45,100
0.001417004048582996,0.0,1.0,0.0,0.0,0.9,0,4933,7,10,0.0,0.001417004048582996,0.9965656565656565,45,100
0.001417004048582996,0.0,1.0,0.0,0.0,0.92,0,4933,7,10,0.0,0.001417004048582996,0.9965656565656565,45,100
0.001417004048582996,0.0,1.0,0.0,0.0,0.94,0,4933,7,10,0.0,0.001417004048582996,0.9965656565656565,45,100
0.005060728744939271,0.0,1.0,0.0,0.0,0.96,0,4915,25,10,0.0,0.005060728744939271,0.9929292929292929,45,100
0.005060728744939271,0.0,1.0,0.0,0.0,0.98,0,4915,25,10,0.0,0.005060728744939271,0.9929292929292929,45,100
0.9706477732793523,0.9,0.9981265611990008,0.0018734388009991674,0.9,1.0,9,145,4795,1,0.9,0.9706477732793523,0.03111111111111111,45,100
0.0,0.0,0.0,,0.0,0.02,0,4940,0,10,0.0,0.0,0.997979797979798,46,100
0.0,0.0,0.0,,0.0,0.04,0,4940,0,10,0.0,0.0,0.997979797979798,46,100
0.0,0.0,0.0,,0.0,0.06,0,4940,0,10,0.0,0.0,0.997979797979798,46,100
0.0,0.0,0.0,,0.0,0.08,0,4940,0,10,0.0,0.0,0.997979797979798,46,100
0.0,0.0,0.0,,0.0,0.1,0,4940,0,10,0.0,0.0,0.997979797979798,46,100
0.0,0.0,0.0,,0.0,0.12,0,4940,0,10,0.0,0.0,0.997979797979798,46,100
0.0,0.0,0.0,,0.0,0.14,0,4940,0,10,0.0,0.0,0.997979797979798,46,100
0.0,0.0,0.0,,0.0,0.16,0,4940,0,10,0.0,0.0,0.997979797979798,46,100
0.0,0.0,0.0,,0.0,0.18,0,4940,0,10,0.0,0.0,0.997979797979798,46,100
0.0,0.0,0.0,,0.0,0.2,0,4940,0,10,0.0,0.0,0.997979797979798,46,100
0.0,0.0,0.0,,0.0,0.22,0,4940,0,10,0.0,0.0,0.997979797979798,46,100
0.0,0.0,0.0,,0.0,0.24,0,4940,0,10,0.0,0.0,0.997979797979798,46,100
0.0,0.0,0.0,,0.0,0.26,0,4940,0,10,0.0,0.0,0.997979797979798,46,100
0.0,0.0,0.0,,0.0,0.28,0,4940,0,10,0.0,0.0,0.997979797979798,46,100
0.0004048582995951417,0.0,1.0,0.0,0.0,0.3,0,4938,2,10,0.0,0.0004048582995951417,0.9975757575757576,46,100
0.0004048582995951417,0.0,1.0,0.0,0.0,0.32,0,4938,2,10,0.0,0.0004048582995951417,0.9975757575757576,46,100
0.0004048582995951417,0.0,1.0,0.0,0.0,0.34,0,4938,2,10,0.0,0.0004048582995951417,0.9975757575757576,46,100
0.0004048582995951417,0.0,1.0,0.0,0.0,0.36,0,4938,2,10,0.0,0.0004048582995951417,0.9975757575757576,46,100
0.0004048582995951417,0.0,1.0,0.0,0.0,0.38,0,4938,2,10,0.0,0.0004048582995951417,0.9975757575757576,46,100
0.0004048582995951417,0.0,1.0,0.0,0.0,0.4,0,4938,2,10,0.0,0.0004048582995951417,0.9975757575757576,46,100
0.0004048582995951417,0.0,1.0,0.0,0.0,0.42,0,4938,2,10,0.0,0.0004048582995951417,0.9975757575757576,46,100
0.0004048582995951417,0.0,1.0,0.0,0.0,0.44,0,4938,2,10,0.0,0.0004048582995951417,0.9975757575757576,46,100
0.0018218623481781376,0.0,1.0,0.0,0.0,0.46,0,4931,9,10,0.0,0.0018218623481781376,0.9961616161616161,46,100
0.0020242914979757085,0.0,1.0,0.0,0.0,0.48,0,4930,10,10,0.0,0.0020242914979757085,0.9959595959595959,46,100
0.0032388663967611335,0.1,0.9411764705882353,0.058823529411764705,0.1,0.5,1,4924,16,9,0.1,0.0032388663967611335,0.9949494949494949,46,100
0.0032388663967611335,0.1,0.9411764705882353,0.058823529411764705,0.1,0.52,1,4924,16,9,0.1,0.0032388663967611335,0.9949494949494949,46,100
0.0032388663967611335,0.1,0.9411764705882353,0.058823529411764705,0.1,0.54,1,4924,16,9,0.1,0.0032388663967611335,0.9949494949494949,46,100
0.0032388663967611335,0.1,0.9411764705882353,0.058823529411764705,0.1,0.56,1,4924,16,9,0.1,0.0032388663967611335,0.9949494949494949,46,100
0.004251012145748988,0.1,0.9545454545454546,0.045454545454545456,0.1,0.58,1,4919,21,9,0.1,0.004251012145748988,0.9939393939393939,46,100
0.00465587044534413,0.1,0.9583333333333334,0.041666666666666664,0.1,0.6,1,4917,23,9,0.1,0.00465587044534413,0.9935353535353535,46,100
0.00465587044534413,0.1,0.9583333333333334,0.041666666666666664,0.1,0.62,1,4917,23,9,0.1,0.00465587044534413,0.9935353535353535,46,100
0.00465587044534413,0.1,0.9583333333333334,0.041666666666666664,0.1,0.64,1,4917,23,9,0.1,0.00465587044534413,0.9935353535353535,46,100
0.00465587044534413,0.1,0.9583333333333334,0.041666666666666664,0.1,0.66,1,4917,23,9,0.1,0.00465587044534413,0.9935353535353535,46,100
0.00465587044534413,0.1,0.9583333333333334,0.041666666666666664,0.1,0.68,1,4917,23,9,0.1,0.00465587044534413,0.9935353535353535,46,100
0.00465587044534413,0.1,0.9583333333333334,0.041666666666666664,0.1,0.7,1,4917,23,9,0.1,0.00465587044534413,0.9935353535353535,46,100
0.00465587044534413,0.1,0.9583333333333334,0.041666666666666664,0.1,0.72,1,4917,23,9,0.1,0.00465587044534413,0.9935353535353535,46,100
0.004858299595141701,0.1,0.96,0.04,0.1,0.74,1,4916,24,9,0.1,0.004858299595141701,0.9933333333333333,46,100
0.006072874493927126,0.1,0.967741935483871,0.03225806451612903,0.1,0.76,1,4910,30,9,0.1,0.006072874493927126,0.9921212121212121,46,100
0.006072874493927126,0.1,0.967741935483871,0.03225806451612903,0.1,0.78,1,4910,30,9,0.1,0.006072874493927126,0.9921212121212121,46,100
0.006072874493927126,0.1,0.967741935483871,0.03225806451612903,0.1,0.8,1,4910,30,9,0.1,0.006072874493927126,0.9921212121212121,46,100
0.02348178137651822,0.1,0.9914529914529915,0.008547008547008548,0.1,0.82,1,4824,116,9,0.1,0.02348178137651822,0.9747474747474747,46,100
0.025303643724696356,0.2,0.984251968503937,0.015748031496062992,0.2,0.84,2,4815,125,8,0.2,0.025303643724696356,0.9731313131313132,46,100
0.027327935222672066,0.2,0.9854014598540146,0.014598540145985401,0.2,0.86,2,4805,135,8,0.2,0.027327935222672066,0.9711111111111111,46,100
0.029554655870445343,0.3,0.9798657718120806,0.020134228187919462,0.3,0.88,3,4794,146,7,0.3,0.029554655870445343,0.9690909090909091,46,100
0.03178137651821862,0.3,0.98125,0.01875,0.3,0.9,3,4783,157,7,0.3,0.03178137651821862,0.9668686868686869,46,100
0.06700404858299595,0.3,0.9910179640718563,0.008982035928143712,0.3,0.92,3,4609,331,7,0.3,0.06700404858299595,0.9317171717171717,46,100
0.08502024291497975,0.3,0.9929078014184397,0.0070921985815602835,0.3,0.94,3,4520,420,7,0.3,0.08502024291497975,0.9137373737373737,46,100
0.09210526315789473,0.3,0.9934497816593887,0.006550218340611353,0.3,0.96,3,4485,455,7,0.3,0.09210526315789473,0.9066666666666666,46,100
0.27064777327935224,0.6,0.9955323901712584,0.004467609828741623,0.6,0.98,6,3603,1337,4,0.6,0.27064777327935224,0.7290909090909091,46,100
0.31983805668016196,0.6,0.9962168978562421,0.0037831021437578815,0.6,1.0,6,3360,1580,4,0.6,0.31983805668016196,0.68,46,100
0.0,0.0,0.0,,0.0,0.02,0,4940,0,10,0.0,0.0,0.997979797979798,47,100
0.0,0.0,0.0,,0.0,0.04,0,4940,0,10,0.0,0.0,0.997979797979798,47,100
0.0,0.0,0.0,,0.0,0.06,0,4940,0,10,0.0,0.0,0.997979797979798,47,100
0.0,0.0,0.0,,0.0,0.08,0,4940,0,10,0.0,0.0,0.997979797979798,47,100
0.0,0.0,0.0,,0.0,0.1,0,4940,0,10,0.0,0.0,0.997979797979798,47,100
0.0,0.0,0.0,,0.0,0.12,0,4940,0,10,0.0,0.0,0.997979797979798,47,100
0.0,0.0,0.0,,0.0,0.14,0,4940,0,10,0.0,0.0,0.997979797979798,47,100
0.0,0.0,0.0,,0.0,0.16,0,4940,0,10,0.0,0.0,0.997979797979798,47,100
0.0,0.0,0.0,,0.0,0.18,0,4940,0,10,0.0,0.0,0.997979797979798,47,100
0.0,0.0,0.0,,0.0,0.2,0,4940,0,10,0.0,0.0,0.997979797979798,47,100
0.0,0.0,0.0,,0.0,0.22,0,4940,0,10,0.0,0.0,0.997979797979798,47,100
0.0,0.0,0.0,,0.0,0.24,0,4940,0,10,0.0,0.0,0.997979797979798,47,100
0.0,0.0,0.0,,0.0,0.26,0,4940,0,10,0.0,0.0,0.997979797979798,47,100
0.0,0.0,0.0,,0.0,0.28,0,4940,0,10,0.0,0.0,0.997979797979798,47,100
0.0,0.0,0.0,,0.0,0.3,0,4940,0,10,0.0,0.0,0.997979797979798,47,100
0.0,0.0,0.0,,0.0,0.32,0,4940,0,10,0.0,0.0,0.997979797979798,47,100
0.0,0.0,0.0,,0.0,0.34,0,4940,0,10,0.0,0.0,0.997979797979798,47,100
0.0,0.0,0.0,,0.0,0.36,0,4940,0,10,0.0,0.0,0.997979797979798,47,100
0.0,0.0,0.0,,0.0,0.38,0,4940,0,10,0.0,0.0,0.997979797979798,47,100
0.0,0.0,0.0,,0.0,0.4,0,4940,0,10,0.0,0.0,0.997979797979798,47,100
0.0,0.0,0.0,,0.0,0.42,0,4940,0,10,0.0,0.0,0.997979797979798,47,100
0.0,0.0,0.0,,0.0,0.44,0,4940,0,10,0.0,0.0,0.997979797979798,47,100
0.0,0.0,0.0,,0.0,0.46,0,4940,0,10,0.0,0.0,0.997979797979798,47,100
0.0,0.0,0.0,,0.0,0.48,0,4940,0,10,0.0,0.0,0.997979797979798,47,100
0.0,0.0,0.0,,0.0,0.5,0,4940,0,10,0.0,0.0,0.997979797979798,47,100
0.0,0.0,0.0,,0.0,0.52,0,4940,0,10,0.0,0.0,0.997979797979798,47,100
0.002226720647773279,0.0,1.0,0.0,0.0,0.54,0,4929,11,10,0.0,0.002226720647773279,0.9957575757575757,47,100
0.0024291497975708503,0.0,1.0,0.0,0.0,0.56,0,4928,12,10,0.0,0.0024291497975708503,0.9955555555555555,47,100
0.002631578947368421,0.0,1.0,0.0,0.0,0.58,0,4927,13,10,0.0,0.002631578947368421,0.9953535353535353,47,100
0.0032388663967611335,0.0,1.0,0.0,0.0,0.6,0,4924,16,10,0.0,0.0032388663967611335,0.9947474747474747,47,100
0.0032388663967611335,0.0,1.0,0.0,0.0,0.62,0,4924,16,10,0.0,0.0032388663967611335,0.9947474747474747,47,100
0.0032388663967611335,0.0,1.0,0.0,0.0,0.64,0,4924,16,10,0.0,0.0032388663967611335,0.9947474747474747,47,100
0.0032388663967611335,0.0,1.0,0.0,0.0,0.66,0,4924,16,10,0.0,0.0032388663967611335,0.9947474747474747,47,100
0.0036437246963562753,0.0,1.0,0.0,0.0,0.68,0,4922,18,10,0.0,0.0036437246963562753,0.9943434343434343,47,100
0.0036437246963562753,0.0,1.0,0.0,0.0,0.7,0,4922,18,10,0.0,0.0036437246963562753,0.9943434343434343,47,100
0.0066801619433198385,0.0,1.0,0.0,0.0,0.72,0,4907,33,10,0.0,0.0066801619433198385,0.9913131313131314,47,100
0.0066801619433198385,0.0,1.0,0.0,0.0,0.74,0,4907,33,10,0.0,0.0066801619433198385,0.9913131313131314,47,100
0.0066801619433198385,0.0,1.0,0.0,0.0,0.76,0,4907,33,10,0.0,0.0066801619433198385,0.9913131313131314,47,100
0.0066801619433198385,0.0,1.0,0.0,0.0,0.78,0,4907,33,10,0.0,0.0066801619433198385,0.9913131313131314,47,100
0.0066801619433198385,0.0,1.0,0.0,0.0,0.8,0,4907,33,10,0.0,0.0066801619433198385,0.9913131313131314,47,100
0.0066801619433198385,0.0,1.0,0.0,0.0,0.82,0,4907,33,10,0.0,0.0066801619433198385,0.9913131313131314,47,100
0.007894736842105263,0.0,1.0,0.0,0.0,0.84,0,4901,39,10,0.0,0.007894736842105263,0.9901010101010101,47,100
0.007894736842105263,0.0,1.0,0.0,0.0,0.86,0,4901,39,10,0.0,0.007894736842105263,0.9901010101010101,47,100
0.007894736842105263,0.0,1.0,0.0,0.0,0.88,0,4901,39,10,0.0,0.007894736842105263,0.9901010101010101,47,100
0.06356275303643724,0.1,0.9968253968253968,0.0031746031746031746,0.1,0.9,1,4626,314,9,0.1,0.06356275303643724,0.9347474747474748,47,100
0.06761133603238867,0.1,0.9970149253731343,0.0029850746268656717,0.1,0.92,1,4606,334,9,0.1,0.06761133603238867,0.9307070707070707,47,100
0.09696356275303644,0.3,0.9937759336099585,0.006224066390041493,0.3,0.94,3,4461,479,7,0.3,0.09696356275303644,0.9018181818181819,47,100
0.12611336032388665,0.3,0.9952076677316294,0.004792332268370607,0.3,0.96,3,4317,623,7,0.3,0.12611336032388665,0.8727272727272727,47,100
0.152834008097166,0.4,0.994729907773386,0.005270092226613966,0.4,0.98,4,4185,755,6,0.4,0.152834008097166,0.8462626262626263,47,100
0.8643724696356275,0.8,0.9981299672744273,0.0018700327255726976,0.8,1.0,8,670,4270,2,0.8,0.8643724696356275,0.13696969696969696,47,100
0.0,0.0,0.0,,0.0,0.02,0,4940,0,10,0.0,0.0,0.997979797979798,48,100
0.0,0.0,0.0,,0.0,0.04,0,4940,0,10,0.0,0.0,0.997979797979798,48,100
0.0,0.0,0.0,,0.0,0.06,0,4940,0,10,0.0,0.0,0.997979797979798,48,100
0.0,0.0,0.0,,0.0,0.08,0,4940,0,10,0.0,0.0,0.997979797979798,48,100
0.0,0.0,0.0,,0.0,0.1,0,4940,0,10,0.0,0.0,0.997979797979798,48,100
0.0004048582995951417,0.0,1.0,0.0,0.0,0.12,0,4938,2,10,0.0,0.0004048582995951417,0.9975757575757576,48,100
0.0004048582995951417,0.0,1.0,0.0,0.0,0.14,0,4938,2,10,0.0,0.0004048582995951417,0.9975757575757576,48,100
0.0004048582995951417,0.0,1.0,0.0,0.0,0.16,0,4938,2,10,0.0,0.0004048582995951417,0.9975757575757576,48,100
0.0004048582995951417,0.0,1.0,0.0,0.0,0.18,0,4938,2,10,0.0,0.0004048582995951417,0.9975757575757576,48,100
0.0004048582995951417,0.0,1.0,0.0,0.0,0.2,0,4938,2,10,0.0,0.0004048582995951417,0.9975757575757576,48,100
0.0004048582995951417,0.0,1.0,0.0,0.0,0.22,0,4938,2,10,0.0,0.0004048582995951417,0.9975757575757576,48,100
0.0004048582995951417,0.0,1.0,0.0,0.0,0.24,0,4938,2,10,0.0,0.0004048582995951417,0.9975757575757576,48,100
0.0006072874493927126,0.0,1.0,0.0,0.0,0.26,0,4937,3,10,0.0,0.0006072874493927126,0.9973737373737374,48,100
0.0006072874493927126,0.0,1.0,0.0,0.0,0.28,0,4937,3,10,0.0,0.0006072874493927126,0.9973737373737374,48,100
0.0006072874493927126,0.0,1.0,0.0,0.0,0.3,0,4937,3,10,0.0,0.0006072874493927126,0.9973737373737374,48,100
0.0006072874493927126,0.0,1.0,0.0,0.0,0.32,0,4937,3,10,0.0,0.0006072874493927126,0.9973737373737374,48,100
0.0006072874493927126,0.0,1.0,0.0,0.0,0.34,0,4937,3,10,0.0,0.0006072874493927126,0.9973737373737374,48,100
0.0006072874493927126,0.0,1.0,0.0,0.0,0.36,0,4937,3,10,0.0,0.0006072874493927126,0.9973737373737374,48,100
0.0006072874493927126,0.0,1.0,0.0,0.0,0.38,0,4937,3,10,0.0,0.0006072874493927126,0.9973737373737374,48,100
0.0006072874493927126,0.0,1.0,0.0,0.0,0.4,0,4937,3,10,0.0,0.0006072874493927126,0.9973737373737374,48,100
0.0006072874493927126,0.0,1.0,0.0,0.0,0.42,0,4937,3,10,0.0,0.0006072874493927126,0.9973737373737374,48,100
0.0008097165991902834,0.0,1.0,0.0,0.0,0.44,0,4936,4,10,0.0,0.0008097165991902834,0.9971717171717172,48,100
0.0008097165991902834,0.0,1.0,0.0,0.0,0.46,0,4936,4,10,0.0,0.0008097165991902834,0.9971717171717172,48,100
0.0008097165991902834,0.0,1.0,0.0,0.0,0.48,0,4936,4,10,0.0,0.0008097165991902834,0.9971717171717172,48,100
0.0008097165991902834,0.0,1.0,0.0,0.0,0.5,0,4936,4,10,0.0,0.0008097165991902834,0.9971717171717172,48,100
0.0008097165991902834,0.0,1.0,0.0,0.0,0.52,0,4936,4,10,0.0,0.0008097165991902834,0.9971717171717172,48,100
0.0008097165991902834,0.0,1.0,0.0,0.0,0.54,0,4936,4,10,0.0,0.0008097165991902834,0.9971717171717172,48,100
0.0008097165991902834,0.0,1.0,0.0,0.0,0.56,0,4936,4,10,0.0,0.0008097165991902834,0.9971717171717172,48,100
0.0010121457489878543,0.0,1.0,0.0,0.0,0.58,0,4935,5,10,0.0,0.0010121457489878543,0.996969696969697,48,100
0.0010121457489878543,0.0,1.0,0.0,0.0,0.6,0,4935,5,10,0.0,0.0010121457489878543,0.996969696969697,48,100
0.0010121457489878543,0.0,1.0,0.0,0.0,0.62,0,4935,5,10,0.0,0.0010121457489878543,0.996969696969697,48,100
0.001417004048582996,0.0,1.0,0.0,0.0,0.64,0,4933,7,10,0.0,0.001417004048582996,0.9965656565656565,48,100
0.001417004048582996,0.0,1.0,0.0,0.0,0.66,0,4933,7,10,0.0,0.001417004048582996,0.9965656565656565,48,100
0.001417004048582996,0.0,1.0,0.0,0.0,0.68,0,4933,7,10,0.0,0.001417004048582996,0.9965656565656565,48,100
0.001417004048582996,0.0,1.0,0.0,0.0,0.7,0,4933,7,10,0.0,0.001417004048582996,0.9965656565656565,48,100
0.001417004048582996,0.0,1.0,0.0,0.0,0.72,0,4933,7,10,0.0,0.001417004048582996,0.9965656565656565,48,100
0.001417004048582996,0.0,1.0,0.0,0.0,0.74,0,4933,7,10,0.0,0.001417004048582996,0.9965656565656565,48,100
0.001417004048582996,0.0,1.0,0.0,0.0,0.76,0,4933,7,10,0.0,0.001417004048582996,0.9965656565656565,48,100
0.001417004048582996,0.0,1.0,0.0,0.0,0.78,0,4933,7,10,0.0,0.001417004048582996,0.9965656565656565,48,100
0.001417004048582996,0.0,1.0,0.0,0.0,0.8,0,4933,7,10,0.0,0.001417004048582996,0.9965656565656565,48,100
0.006072874493927126,0.0,1.0,0.0,0.0,0.82,0,4910,30,10,0.0,0.006072874493927126,0.9919191919191919,48,100
0.006072874493927126,0.0,1.0,0.0,0.0,0.84,0,4910,30,10,0.0,0.006072874493927126,0.9919191919191919,48,100
0.006072874493927126,0.0,1.0,0.0,0.0,0.86,0,4910,30,10,0.0,0.006072874493927126,0.9919191919191919,48,100
0.006072874493927126,0.0,1.0,0.0,0.0,0.88,0,4910,30,10,0.0,0.006072874493927126,0.9919191919191919,48,100
0.009109311740890687,0.0,1.0,0.0,0.0,0.9,0,4895,45,10,0.0,0.009109311740890687,0.9888888888888889,48,100
0.009109311740890687,0.0,1.0,0.0,0.0,0.92,0,4895,45,10,0.0,0.009109311740890687,0.9888888888888889,48,100
0.046761133603238865,0.1,0.9956896551724138,0.004310344827586207,0.1,0.94,1,4709,231,9,0.1,0.046761133603238865,0.9515151515151515,48,100
0.06761133603238867,0.1,0.9970149253731343,0.0029850746268656717,0.1,0.96,1,4606,334,9,0.1,0.06761133603238867,0.9307070707070707,48,100
0.06761133603238867,0.1,0.9970149253731343,0.0029850746268656717,0.1,0.98,1,4606,334,9,0.1,0.06761133603238867,0.9307070707070707,48,100
0.9670040485829959,1.0,0.9979110089826614,0.0020889910173386254,1.0,1.0,10,163,4777,0,1.0,0.9670040485829959,0.03494949494949495,48,100
0.0,0.0,0.0,,0.0,0.02,0,4940,0,10,0.0,0.0,0.997979797979798,49,100
0.0,0.0,0.0,,0.0,0.04,0,4940,0,10,0.0,0.0,0.997979797979798,49,100
0.0,0.0,0.0,,0.0,0.06,0,4940,0,10,0.0,0.0,0.997979797979798,49,100
0.0,0.0,0.0,,0.0,0.08,0,4940,0,10,0.0,0.0,0.997979797979798,49,100
0.0,0.0,0.0,,0.0,0.1,0,4940,0,10,0.0,0.0,0.997979797979798,49,100
0.0,0.0,0.0,,0.0,0.12,0,4940,0,10,0.0,0.0,0.997979797979798,49,100
0.0,0.0,0.0,,0.0,0.14,0,4940,0,10,0.0,0.0,0.997979797979798,49,100
0.0,0.0,0.0,,0.0,0.16,0,4940,0,10,0.0,0.0,0.997979797979798,49,100
0.0,0.0,0.0,,0.0,0.18,0,4940,0,10,0.0,0.0,0.997979797979798,49,100
0.0,0.0,0.0,,0.0,0.2,0,4940,0,10,0.0,0.0,0.997979797979798,49,100
0.0,0.0,0.0,,0.0,0.22,0,4940,0,10,0.0,0.0,0.997979797979798,49,100
0.0,0.0,0.0,,0.0,0.24,0,4940,0,10,0.0,0.0,0.997979797979798,49,100
0.0,0.0,0.0,,0.0,0.26,0,4940,0,10,0.0,0.0,0.997979797979798,49,100
0.0,0.0,0.0,,0.0,0.28,0,4940,0,10,0.0,0.0,0.997979797979798,49,100
0.0,0.0,0.0,,0.0,0.3,0,4940,0,10,0.0,0.0,0.997979797979798,49,100
0.0,0.0,0.0,,0.0,0.32,0,4940,0,10,0.0,0.0,0.997979797979798,49,100
0.0,0.0,0.0,,0.0,0.34,0,4940,0,10,0.0,0.0,0.997979797979798,49,100
0.0,0.0,0.0,,0.0,0.36,0,4940,0,10,0.0,0.0,0.997979797979798,49,100
0.0,0.0,0.0,,0.0,0.38,0,4940,0,10,0.0,0.0,0.997979797979798,49,100
0.0,0.0,0.0,,0.0,0.4,0,4940,0,10,0.0,0.0,0.997979797979798,49,100
0.0,0.0,0.0,,0.0,0.42,0,4940,0,10,0.0,0.0,0.997979797979798,49,100
0.0,0.0,0.0,,0.0,0.44,0,4940,0,10,0.0,0.0,0.997979797979798,49,100
0.00020242914979757084,0.0,1.0,0.0,0.0,0.46,0,4939,1,10,0.0,0.00020242914979757084,0.9977777777777778,49,100
0.0006072874493927126,0.0,1.0,0.0,0.0,0.48,0,4937,3,10,0.0,0.0006072874493927126,0.9973737373737374,49,100
0.0008097165991902834,0.0,1.0,0.0,0.0,0.5,0,4936,4,10,0.0,0.0008097165991902834,0.9971717171717172,49,100
0.0008097165991902834,0.0,1.0,0.0,0.0,0.52,0,4936,4,10,0.0,0.0008097165991902834,0.9971717171717172,49,100
0.0008097165991902834,0.0,1.0,0.0,0.0,0.54,0,4936,4,10,0.0,0.0008097165991902834,0.9971717171717172,49,100
0.0008097165991902834,0.0,1.0,0.0,0.0,0.56,0,4936,4,10,0.0,0.0008097165991902834,0.9971717171717172,49,100
0.0008097165991902834,0.0,1.0,0.0,0.0,0.58,0,4936,4,10,0.0,0.0008097165991902834,0.9971717171717172,49,100
0.0018218623481781376,0.0,1.0,0.0,0.0,0.6,0,4931,9,10,0.0,0.0018218623481781376,0.9961616161616161,49,100
0.0018218623481781376,0.0,1.0,0.0,0.0,0.62,0,4931,9,10,0.0,0.0018218623481781376,0.9961616161616161,49,100
0.0018218623481781376,0.0,1.0,0.0,0.0,0.64,0,4931,9,10,0.0,0.0018218623481781376,0.9961616161616161,49,100
0.002226720647773279,0.0,1.0,0.0,0.0,0.66,0,4929,11,10,0.0,0.002226720647773279,0.9957575757575757,49,100
0.0024291497975708503,0.0,1.0,0.0,0.0,0.68,0,4928,12,10,0.0,0.0024291497975708503,0.9955555555555555,49,100
0.0024291497975708503,0.0,1.0,0.0,0.0,0.7,0,4928,12,10,0.0,0.0024291497975708503,0.9955555555555555,49,100
0.002631578947368421,0.0,1.0,0.0,0.0,0.72,0,4927,13,10,0.0,0.002631578947368421,0.9953535353535353,49,100
0.002631578947368421,0.0,1.0,0.0,0.0,0.74,0,4927,13,10,0.0,0.002631578947368421,0.9953535353535353,49,100
0.002631578947368421,0.0,1.0,0.0,0.0,0.76,0,4927,13,10,0.0,0.002631578947368421,0.9953535353535353,49,100
0.007692307692307693,0.0,1.0,0.0,0.0,0.78,0,4902,38,10,0.0,0.007692307692307693,0.9903030303030304,49,100
0.007692307692307693,0.0,1.0,0.0,0.0,0.8,0,4902,38,10,0.0,0.007692307692307693,0.9903030303030304,49,100
0.00931174089068826,0.0,1.0,0.0,0.0,0.82,0,4894,46,10,0.0,0.00931174089068826,0.9886868686868687,49,100
0.016194331983805668,0.0,1.0,0.0,0.0,0.84,0,4860,80,10,0.0,0.016194331983805668,0.9818181818181818,49,100
0.018016194331983804,0.0,1.0,0.0,0.0,0.86,0,4851,89,10,0.0,0.018016194331983804,0.98,49,100
0.019230769230769232,0.0,1.0,0.0,0.0,0.88,0,4845,95,10,0.0,0.019230769230769232,0.9787878787878788,49,100
0.0757085020242915,0.2,0.9946808510638298,0.005319148936170213,0.2,0.9,2,4566,374,8,0.2,0.0757085020242915,0.9228282828282828,49,100
0.07975708502024291,0.2,0.9949494949494949,0.005050505050505051,0.2,0.92,2,4546,394,8,0.2,0.07975708502024291,0.9187878787878788,49,100
0.12793522267206478,0.5,0.9921507064364207,0.007849293563579277,0.5,0.94,5,4308,632,5,0.5,0.12793522267206478,0.8713131313131313,49,100
0.13522267206477734,0.5,0.9925705794947994,0.007429420505200594,0.5,0.96,5,4272,668,5,0.5,0.13522267206477734,0.864040404040404,49,100
0.6479757085020242,0.9,0.997196261682243,0.002803738317757009,0.9,0.98,9,1739,3201,1,0.9,0.6479757085020242,0.35313131313131313,49,100
0.7825910931174089,1.0,0.9974200206398349,0.0025799793601651187,1.0,1.0,10,1074,3866,0,1.0,0.7825910931174089,0.21898989898989898,49,100
