FPR,TPR,FDR,NPrecision,NRecall,alpha,NTP,NTN,NFP,NFN,NTPR,NFPR,NACC,diffnetfinder_sec,run,dim
0.0,0.0,0.0,,0.0,0.05,0,4940,0,10,0.0,0.0,0.997979797979798,6.61162720003631,0,100
0.0,0.0,0.0,,0.0,0.1,0,4940,0,10,0.0,0.0,0.997979797979798,6.61162720003631,0,100
0.0,0.0,0.0,,0.0,0.15,0,4940,0,10,0.0,0.0,0.997979797979798,6.61162720003631,0,100
0.0,0.0,0.0,,0.0,0.2,0,4940,0,10,0.0,0.0,0.997979797979798,6.61162720003631,0,100
0.0,0.0,0.0,,0.0,0.25,0,4940,0,10,0.0,0.0,0.997979797979798,6.61162720003631,0,100
0.0,0.0,0.0,,0.0,0.3,0,4940,0,10,0.0,0.0,0.997979797979798,6.61162720003631,0,100
0.0,0.0,0.0,,0.0,0.35,0,4940,0,10,0.0,0.0,0.997979797979798,6.61162720003631,0,100
0.0,0.0,0.0,,0.0,0.4,0,4940,0,10,0.0,0.0,0.997979797979798,6.61162720003631,0,100
0.0,0.0,0.0,,0.0,0.45,0,4940,0,10,0.0,0.0,0.997979797979798,6.61162720003631,0,100
0.0,0.0,0.0,,0.0,0.5,0,4940,0,10,0.0,0.0,0.997979797979798,6.61162720003631,0,100
0.0008097165991902834,0.0,1.0,0.0,0.0,0.55,0,4936,4,10,0.0,0.0008097165991902834,0.9971717171717172,6.61162720003631,0,100
0.0008097165991902834,0.0,1.0,0.0,0.0,0.6,0,4936,4,10,0.0,0.0008097165991902834,0.9971717171717172,6.61162720003631,0,100
0.0008097165991902834,0.0,1.0,0.0,0.0,0.65,0,4936,4,10,0.0,0.0008097165991902834,0.9971717171717172,6.61162720003631,0,100
0.0008097165991902834,0.0,1.0,0.0,0.0,0.7,0,4936,4,10,0.0,0.0008097165991902834,0.9971717171717172,6.61162720003631,0,100
0.0008097165991902834,0.0,1.0,0.0,0.0,0.75,0,4936,4,10,0.0,0.0008097165991902834,0.9971717171717172,6.61162720003631,0,100
0.0008097165991902834,0.0,1.0,0.0,0.0,0.8,0,4936,4,10,0.0,0.0008097165991902834,0.9971717171717172,6.61162720003631,0,100
0.0008097165991902834,0.0,1.0,0.0,0.0,0.85,0,4936,4,10,0.0,0.0008097165991902834,0.9971717171717172,6.61162720003631,0,100
0.0008097165991902834,0.0,1.0,0.0,0.0,0.9,0,4936,4,10,0.0,0.0008097165991902834,0.9971717171717172,6.61162720003631,0,100
0.0008097165991902834,0.0,1.0,0.0,0.0,0.95,0,4936,4,10,0.0,0.0008097165991902834,0.9971717171717172,6.61162720003631,0,100
0.998582995951417,1.0,0.9979769370827433,0.0020230629172567267,1.0,1.0,10,7,4933,0,1.0,0.998582995951417,0.0034343434343434343,6.61162720003631,0,100
0.0,0.0,0.0,,0.0,0.05,0,4940,0,10,0.0,0.0,0.997979797979798,6.608703300007619,1,100
0.0,0.0,0.0,,0.0,0.1,0,4940,0,10,0.0,0.0,0.997979797979798,6.608703300007619,1,100
0.0,0.0,0.0,,0.0,0.15,0,4940,0,10,0.0,0.0,0.997979797979798,6.608703300007619,1,100
0.0,0.0,0.0,,0.0,0.2,0,4940,0,10,0.0,0.0,0.997979797979798,6.608703300007619,1,100
0.0,0.0,0.0,,0.0,0.25,0,4940,0,10,0.0,0.0,0.997979797979798,6.608703300007619,1,100
0.0,0.0,0.0,,0.0,0.3,0,4940,0,10,0.0,0.0,0.997979797979798,6.608703300007619,1,100
0.0,0.0,0.0,,0.0,0.35,0,4940,0,10,0.0,0.0,0.997979797979798,6.608703300007619,1,100
0.0,0.0,0.0,,0.0,0.4,0,4940,0,10,0.0,0.0,0.997979797979798,6.608703300007619,1,100
0.0,0.0,0.0,,0.0,0.45,0,4940,0,10,0.0,0.0,0.997979797979798,6.608703300007619,1,100
0.0,0.0,0.0,,0.0,0.5,0,4940,0,10,0.0,0.0,0.997979797979798,6.608703300007619,1,100
0.0,0.0,0.0,,0.0,0.55,0,4940,0,10,0.0,0.0,0.997979797979798,6.608703300007619,1,100
0.0,0.0,0.0,,0.0,0.6,0,4940,0,10,0.0,0.0,0.997979797979798,6.608703300007619,1,100
0.0,0.0,0.0,,0.0,0.65,0,4940,0,10,0.0,0.0,0.997979797979798,6.608703300007619,1,100
0.0,0.0,0.0,,0.0,0.7,0,4940,0,10,0.0,0.0,0.997979797979798,6.608703300007619,1,100
0.0,0.0,0.0,,0.0,0.75,0,4940,0,10,0.0,0.0,0.997979797979798,6.608703300007619,1,100
0.0,0.0,0.0,,0.0,0.8,0,4940,0,10,0.0,0.0,0.997979797979798,6.608703300007619,1,100
0.0,0.0,0.0,,0.0,0.85,0,4940,0,10,0.0,0.0,0.997979797979798,6.608703300007619,1,100
0.0016194331983805667,0.0,1.0,0.0,0.0,0.9,0,4932,8,10,0.0,0.0016194331983805667,0.9963636363636363,6.608703300007619,1,100
0.020850202429149797,0.1,0.9903846153846154,0.009615384615384616,0.1,0.95,1,4837,103,9,0.1,0.020850202429149797,0.9773737373737373,6.608703300007619,1,100
0.9967611336032388,1.0,0.9979732468585326,0.002026753141467369,1.0,1.0,10,16,4924,0,1.0,0.9967611336032388,0.0052525252525252525,6.608703300007619,1,100
0.0,0.0,0.0,,0.0,0.05,0,4940,0,10,0.0,0.0,0.997979797979798,6.700231599970721,2,100
0.0,0.0,0.0,,0.0,0.1,0,4940,0,10,0.0,0.0,0.997979797979798,6.700231599970721,2,100
0.0,0.0,0.0,,0.0,0.15,0,4940,0,10,0.0,0.0,0.997979797979798,6.700231599970721,2,100
0.0004048582995951417,0.0,1.0,0.0,0.0,0.2,0,4938,2,10,0.0,0.0004048582995951417,0.9975757575757576,6.700231599970721,2,100
0.0004048582995951417,0.0,1.0,0.0,0.0,0.25,0,4938,2,10,0.0,0.0004048582995951417,0.9975757575757576,6.700231599970721,2,100
0.001417004048582996,0.1,0.875,0.125,0.1,0.3,1,4933,7,9,0.1,0.001417004048582996,0.9967676767676767,6.700231599970721,2,100
0.0020242914979757085,0.2,0.8333333333333334,0.16666666666666666,0.2,0.35,2,4930,10,8,0.2,0.0020242914979757085,0.9963636363636363,6.700231599970721,2,100
0.0020242914979757085,0.2,0.8333333333333334,0.16666666666666666,0.2,0.4,2,4930,10,8,0.2,0.0020242914979757085,0.9963636363636363,6.700231599970721,2,100
0.0024291497975708503,0.2,0.8571428571428571,0.14285714285714285,0.2,0.45,2,4928,12,8,0.2,0.0024291497975708503,0.9959595959595959,6.700231599970721,2,100
0.003036437246963563,0.2,0.8823529411764706,0.11764705882352941,0.2,0.5,2,4925,15,8,0.2,0.003036437246963563,0.9953535353535353,6.700231599970721,2,100
0.003036437246963563,0.2,0.8823529411764706,0.11764705882352941,0.2,0.55,2,4925,15,8,0.2,0.003036437246963563,0.9953535353535353,6.700231599970721,2,100
0.0032388663967611335,0.2,0.8888888888888888,0.1111111111111111,0.2,0.6,2,4924,16,8,0.2,0.0032388663967611335,0.9951515151515151,6.700231599970721,2,100
0.0038461538461538464,0.2,0.9047619047619048,0.09523809523809523,0.2,0.65,2,4921,19,8,0.2,0.0038461538461538464,0.9945454545454545,6.700231599970721,2,100
0.005465587044534413,0.2,0.9310344827586207,0.06896551724137931,0.2,0.7,2,4913,27,8,0.2,0.005465587044534413,0.9929292929292929,6.700231599970721,2,100
0.01194331983805668,0.2,0.9672131147540983,0.03278688524590164,0.2,0.75,2,4881,59,8,0.2,0.01194331983805668,0.9864646464646465,6.700231599970721,2,100
0.013765182186234818,0.3,0.9577464788732394,0.04225352112676056,0.3,0.8,3,4872,68,7,0.3,0.013765182186234818,0.9848484848484849,6.700231599970721,2,100
0.01700404858299595,0.3,0.9655172413793104,0.034482758620689655,0.3,0.85,3,4856,84,7,0.3,0.01700404858299595,0.9816161616161616,6.700231599970721,2,100
0.04311740890688259,0.3,0.9861111111111112,0.013888888888888888,0.3,0.9,3,4727,213,7,0.3,0.04311740890688259,0.9555555555555556,6.700231599970721,2,100
0.06781376518218624,0.5,0.9852941176470589,0.014705882352941176,0.5,0.95,5,4605,335,5,0.5,0.06781376518218624,0.9313131313131313,6.700231599970721,2,100
0.9730769230769231,1.0,0.9979240190990243,0.002075980900975711,1.0,1.0,10,133,4807,0,1.0,0.9730769230769231,0.028888888888888888,6.700231599970721,2,100
0.0,0.0,0.0,,0.0,0.05,0,4940,0,10,0.0,0.0,0.997979797979798,6.699357199948281,3,100
0.0,0.0,0.0,,0.0,0.1,0,4940,0,10,0.0,0.0,0.997979797979798,6.699357199948281,3,100
0.0,0.0,0.0,,0.0,0.15,0,4940,0,10,0.0,0.0,0.997979797979798,6.699357199948281,3,100
0.0,0.0,0.0,,0.0,0.2,0,4940,0,10,0.0,0.0,0.997979797979798,6.699357199948281,3,100
0.0,0.0,0.0,,0.0,0.25,0,4940,0,10,0.0,0.0,0.997979797979798,6.699357199948281,3,100
0.0,0.0,0.0,,0.0,0.3,0,4940,0,10,0.0,0.0,0.997979797979798,6.699357199948281,3,100
0.00020242914979757084,0.0,1.0,0.0,0.0,0.35,0,4939,1,10,0.0,0.00020242914979757084,0.9977777777777778,6.699357199948281,3,100
0.00020242914979757084,0.0,1.0,0.0,0.0,0.4,0,4939,1,10,0.0,0.00020242914979757084,0.9977777777777778,6.699357199948281,3,100
0.00020242914979757084,0.0,1.0,0.0,0.0,0.45,0,4939,1,10,0.0,0.00020242914979757084,0.9977777777777778,6.699357199948281,3,100
0.00020242914979757084,0.0,1.0,0.0,0.0,0.5,0,4939,1,10,0.0,0.00020242914979757084,0.9977777777777778,6.699357199948281,3,100
0.00020242914979757084,0.0,1.0,0.0,0.0,0.55,0,4939,1,10,0.0,0.00020242914979757084,0.9977777777777778,6.699357199948281,3,100
0.001417004048582996,0.0,1.0,0.0,0.0,0.6,0,4933,7,10,0.0,0.001417004048582996,0.9965656565656565,6.699357199948281,3,100
0.001417004048582996,0.0,1.0,0.0,0.0,0.65,0,4933,7,10,0.0,0.001417004048582996,0.9965656565656565,6.699357199948281,3,100
0.001417004048582996,0.0,1.0,0.0,0.0,0.7,0,4933,7,10,0.0,0.001417004048582996,0.9965656565656565,6.699357199948281,3,100
0.002226720647773279,0.0,1.0,0.0,0.0,0.75,0,4929,11,10,0.0,0.002226720647773279,0.9957575757575757,6.699357199948281,3,100
0.0024291497975708503,0.0,1.0,0.0,0.0,0.8,0,4928,12,10,0.0,0.0024291497975708503,0.9955555555555555,6.699357199948281,3,100
0.002631578947368421,0.0,1.0,0.0,0.0,0.85,0,4927,13,10,0.0,0.002631578947368421,0.9953535353535353,6.699357199948281,3,100
0.0032388663967611335,0.0,1.0,0.0,0.0,0.9,0,4924,16,10,0.0,0.0032388663967611335,0.9947474747474747,6.699357199948281,3,100
0.012955465587044534,0.1,0.9846153846153847,0.015384615384615385,0.1,0.95,1,4876,64,9,0.1,0.012955465587044534,0.9852525252525253,6.699357199948281,3,100
0.9987854251012146,1.0,0.9979773462783171,0.0020226537216828477,1.0,1.0,10,6,4934,0,1.0,0.9987854251012146,0.0032323232323232323,6.699357199948281,3,100
0.00020242914979757084,0.0,1.0,0.0,0.0,0.05,0,4939,1,10,0.0,0.00020242914979757084,0.9977777777777778,6.497023200034164,4,100
0.00020242914979757084,0.0,1.0,0.0,0.0,0.1,0,4939,1,10,0.0,0.00020242914979757084,0.9977777777777778,6.497023200034164,4,100
0.00020242914979757084,0.0,1.0,0.0,0.0,0.15,0,4939,1,10,0.0,0.00020242914979757084,0.9977777777777778,6.497023200034164,4,100
0.0004048582995951417,0.0,1.0,0.0,0.0,0.2,0,4938,2,10,0.0,0.0004048582995951417,0.9975757575757576,6.497023200034164,4,100
0.0004048582995951417,0.0,1.0,0.0,0.0,0.25,0,4938,2,10,0.0,0.0004048582995951417,0.9975757575757576,6.497023200034164,4,100
0.0004048582995951417,0.0,1.0,0.0,0.0,0.3,0,4938,2,10,0.0,0.0004048582995951417,0.9975757575757576,6.497023200034164,4,100
0.0008097165991902834,0.0,1.0,0.0,0.0,0.35,0,4936,4,10,0.0,0.0008097165991902834,0.9971717171717172,6.497023200034164,4,100
0.0008097165991902834,0.0,1.0,0.0,0.0,0.4,0,4936,4,10,0.0,0.0008097165991902834,0.9971717171717172,6.497023200034164,4,100
0.0008097165991902834,0.0,1.0,0.0,0.0,0.45,0,4936,4,10,0.0,0.0008097165991902834,0.9971717171717172,6.497023200034164,4,100
0.0016194331983805667,0.1,0.8888888888888888,0.1111111111111111,0.1,0.5,1,4932,8,9,0.1,0.0016194331983805667,0.9965656565656565,6.497023200034164,4,100
0.0020242914979757085,0.1,0.9090909090909091,0.09090909090909091,0.1,0.55,1,4930,10,9,0.1,0.0020242914979757085,0.9961616161616161,6.497023200034164,4,100
0.005668016194331984,0.1,0.9655172413793104,0.034482758620689655,0.1,0.6,1,4912,28,9,0.1,0.005668016194331984,0.9925252525252525,6.497023200034164,4,100
0.006275303643724696,0.1,0.96875,0.03125,0.1,0.65,1,4909,31,9,0.1,0.006275303643724696,0.9919191919191919,6.497023200034164,4,100
0.0072874493927125505,0.1,0.972972972972973,0.02702702702702703,0.1,0.7,1,4904,36,9,0.1,0.0072874493927125505,0.990909090909091,6.497023200034164,4,100
0.011133603238866396,0.3,0.9482758620689655,0.05172413793103448,0.3,0.75,3,4885,55,7,0.3,0.011133603238866396,0.9874747474747475,6.497023200034164,4,100
0.02834008097165992,0.3,0.9790209790209791,0.02097902097902098,0.3,0.8,3,4800,140,7,0.3,0.02834008097165992,0.9703030303030303,6.497023200034164,4,100
0.06842105263157895,0.5,0.9854227405247813,0.014577259475218658,0.5,0.85,5,4602,338,5,0.5,0.06842105263157895,0.9307070707070707,6.497023200034164,4,100
0.1048582995951417,0.6,0.9885496183206107,0.011450381679389313,0.6,0.9,6,4422,518,4,0.6,0.1048582995951417,0.8945454545454545,6.497023200034164,4,100
0.4048582995951417,0.8,0.9960159362549801,0.00398406374501992,0.8,0.95,8,2940,2000,2,0.8,0.4048582995951417,0.5955555555555555,6.497023200034164,4,100
0.9993927125506072,1.0,0.997978572872448,0.002021427127552052,1.0,1.0,10,3,4937,0,1.0,0.9993927125506072,0.0026262626262626263,6.497023200034164,4,100
0.0,0.0,0.0,,0.0,0.05,0,4940,0,10,0.0,0.0,0.997979797979798,6.678310199989937,5,100
0.0,0.0,0.0,,0.0,0.1,0,4940,0,10,0.0,0.0,0.997979797979798,6.678310199989937,5,100
0.0,0.0,0.0,,0.0,0.15,0,4940,0,10,0.0,0.0,0.997979797979798,6.678310199989937,5,100
0.0,0.0,0.0,,0.0,0.2,0,4940,0,10,0.0,0.0,0.997979797979798,6.678310199989937,5,100
0.0,0.0,0.0,,0.0,0.25,0,4940,0,10,0.0,0.0,0.997979797979798,6.678310199989937,5,100
0.0,0.0,0.0,,0.0,0.3,0,4940,0,10,0.0,0.0,0.997979797979798,6.678310199989937,5,100
0.0,0.0,0.0,,0.0,0.35,0,4940,0,10,0.0,0.0,0.997979797979798,6.678310199989937,5,100
0.0,0.0,0.0,,0.0,0.4,0,4940,0,10,0.0,0.0,0.997979797979798,6.678310199989937,5,100
0.0006072874493927126,0.0,1.0,0.0,0.0,0.45,0,4937,3,10,0.0,0.0006072874493927126,0.9973737373737374,6.678310199989937,5,100
0.0006072874493927126,0.0,1.0,0.0,0.0,0.5,0,4937,3,10,0.0,0.0006072874493927126,0.9973737373737374,6.678310199989937,5,100
0.0006072874493927126,0.0,1.0,0.0,0.0,0.55,0,4937,3,10,0.0,0.0006072874493927126,0.9973737373737374,6.678310199989937,5,100
0.0006072874493927126,0.0,1.0,0.0,0.0,0.6,0,4937,3,10,0.0,0.0006072874493927126,0.9973737373737374,6.678310199989937,5,100
0.0006072874493927126,0.0,1.0,0.0,0.0,0.65,0,4937,3,10,0.0,0.0006072874493927126,0.9973737373737374,6.678310199989937,5,100
0.0008097165991902834,0.0,1.0,0.0,0.0,0.7,0,4936,4,10,0.0,0.0008097165991902834,0.9971717171717172,6.678310199989937,5,100
0.0008097165991902834,0.0,1.0,0.0,0.0,0.75,0,4936,4,10,0.0,0.0008097165991902834,0.9971717171717172,6.678310199989937,5,100
0.0008097165991902834,0.0,1.0,0.0,0.0,0.8,0,4936,4,10,0.0,0.0008097165991902834,0.9971717171717172,6.678310199989937,5,100
0.0012145748987854252,0.0,1.0,0.0,0.0,0.85,0,4934,6,10,0.0,0.0012145748987854252,0.9967676767676767,6.678310199989937,5,100
0.0012145748987854252,0.0,1.0,0.0,0.0,0.9,0,4934,6,10,0.0,0.0012145748987854252,0.9967676767676767,6.678310199989937,5,100
0.039878542510121455,0.4,0.9800995024875622,0.01990049751243781,0.4,0.95,4,4743,197,6,0.4,0.039878542510121455,0.958989898989899,6.678310199989937,5,100
0.9882591093117409,1.0,0.9979558462796402,0.002044153720359771,1.0,1.0,10,58,4882,0,1.0,0.9882591093117409,0.013737373737373737,6.678310199989937,5,100
0.0,0.0,0.0,,0.0,0.05,0,4940,0,10,0.0,0.0,0.997979797979798,6.685943000018597,6,100
0.0,0.0,0.0,,0.0,0.1,0,4940,0,10,0.0,0.0,0.997979797979798,6.685943000018597,6,100
0.0,0.0,0.0,,0.0,0.15,0,4940,0,10,0.0,0.0,0.997979797979798,6.685943000018597,6,100
0.0,0.0,0.0,,0.0,0.2,0,4940,0,10,0.0,0.0,0.997979797979798,6.685943000018597,6,100
0.0,0.0,0.0,,0.0,0.25,0,4940,0,10,0.0,0.0,0.997979797979798,6.685943000018597,6,100
0.0,0.0,0.0,,0.0,0.3,0,4940,0,10,0.0,0.0,0.997979797979798,6.685943000018597,6,100
0.0,0.0,0.0,,0.0,0.35,0,4940,0,10,0.0,0.0,0.997979797979798,6.685943000018597,6,100
0.0,0.0,0.0,,0.0,0.4,0,4940,0,10,0.0,0.0,0.997979797979798,6.685943000018597,6,100
0.0,0.0,0.0,,0.0,0.45,0,4940,0,10,0.0,0.0,0.997979797979798,6.685943000018597,6,100
0.0,0.0,0.0,,0.0,0.5,0,4940,0,10,0.0,0.0,0.997979797979798,6.685943000018597,6,100
0.0,0.0,0.0,,0.0,0.55,0,4940,0,10,0.0,0.0,0.997979797979798,6.685943000018597,6,100
0.0006072874493927126,0.0,1.0,0.0,0.0,0.6,0,4937,3,10,0.0,0.0006072874493927126,0.9973737373737374,6.685943000018597,6,100
0.0006072874493927126,0.0,1.0,0.0,0.0,0.65,0,4937,3,10,0.0,0.0006072874493927126,0.9973737373737374,6.685943000018597,6,100
0.0006072874493927126,0.0,1.0,0.0,0.0,0.7,0,4937,3,10,0.0,0.0006072874493927126,0.9973737373737374,6.685943000018597,6,100
0.015991902834008098,0.1,0.9875,0.0125,0.1,0.75,1,4861,79,9,0.1,0.015991902834008098,0.9822222222222222,6.685943000018597,6,100
0.020040485829959515,0.1,0.99,0.01,0.1,0.8,1,4841,99,9,0.1,0.020040485829959515,0.9781818181818182,6.685943000018597,6,100
0.029554655870445343,0.2,0.9864864864864865,0.013513513513513514,0.2,0.85,2,4794,146,8,0.2,0.029554655870445343,0.9688888888888889,6.685943000018597,6,100
0.09251012145748988,0.4,0.9913232104121475,0.008676789587852495,0.4,0.9,4,4483,457,6,0.4,0.09251012145748988,0.9064646464646464,6.685943000018597,6,100
0.19919028340080971,0.5,0.9949443882709808,0.005055611729019211,0.5,0.95,5,3956,984,5,0.5,0.19919028340080971,0.8002020202020202,6.685943000018597,6,100
0.9949392712550608,1.0,0.9979695431472081,0.0020304568527918783,1.0,1.0,10,25,4915,0,1.0,0.9949392712550608,0.007070707070707071,6.685943000018597,6,100
0.0,0.0,0.0,,0.0,0.05,0,4940,0,10,0.0,0.0,0.997979797979798,6.545649299980141,7,100
0.0,0.0,0.0,,0.0,0.1,0,4940,0,10,0.0,0.0,0.997979797979798,6.545649299980141,7,100
0.0,0.0,0.0,,0.0,0.15,0,4940,0,10,0.0,0.0,0.997979797979798,6.545649299980141,7,100
0.0,0.0,0.0,,0.0,0.2,0,4940,0,10,0.0,0.0,0.997979797979798,6.545649299980141,7,100
0.0,0.0,0.0,,0.0,0.25,0,4940,0,10,0.0,0.0,0.997979797979798,6.545649299980141,7,100
0.0,0.0,0.0,,0.0,0.3,0,4940,0,10,0.0,0.0,0.997979797979798,6.545649299980141,7,100
0.0,0.0,0.0,,0.0,0.35,0,4940,0,10,0.0,0.0,0.997979797979798,6.545649299980141,7,100
0.0,0.0,0.0,,0.0,0.4,0,4940,0,10,0.0,0.0,0.997979797979798,6.545649299980141,7,100
0.0,0.0,0.0,,0.0,0.45,0,4940,0,10,0.0,0.0,0.997979797979798,6.545649299980141,7,100
0.0006072874493927126,0.0,1.0,0.0,0.0,0.5,0,4937,3,10,0.0,0.0006072874493927126,0.9973737373737374,6.545649299980141,7,100
0.0008097165991902834,0.0,1.0,0.0,0.0,0.55,0,4936,4,10,0.0,0.0008097165991902834,0.9971717171717172,6.545649299980141,7,100
0.018016194331983804,0.3,0.967391304347826,0.03260869565217391,0.3,0.6,3,4851,89,7,0.3,0.018016194331983804,0.9806060606060606,6.545649299980141,7,100
0.027530364372469637,0.3,0.9784172661870504,0.02158273381294964,0.3,0.65,3,4804,136,7,0.3,0.027530364372469637,0.9711111111111111,6.545649299980141,7,100
0.0340080971659919,0.3,0.9824561403508771,0.017543859649122806,0.3,0.7,3,4772,168,7,0.3,0.0340080971659919,0.9646464646464646,6.545649299980141,7,100
0.05344129554655871,0.3,0.9887640449438202,0.011235955056179775,0.3,0.75,3,4676,264,7,0.3,0.05344129554655871,0.9452525252525252,6.545649299980141,7,100
0.08481781376518219,0.5,0.9882075471698113,0.01179245283018868,0.5,0.8,5,4521,419,5,0.5,0.08481781376518219,0.9143434343434343,6.545649299980141,7,100
0.10789473684210527,0.5,0.9907063197026023,0.00929368029739777,0.5,0.85,5,4407,533,5,0.5,0.10789473684210527,0.8913131313131313,6.545649299980141,7,100
0.198582995951417,0.6,0.993920972644377,0.0060790273556231,0.6,0.9,6,3959,981,4,0.6,0.198582995951417,0.8010101010101011,6.545649299980141,7,100
0.3639676113360324,0.6,0.9966740576496674,0.0033259423503325942,0.6,0.95,6,3142,1798,4,0.6,0.3639676113360324,0.635959595959596,6.545649299980141,7,100
0.9949392712550608,1.0,0.9979695431472081,0.0020304568527918783,1.0,1.0,10,25,4915,0,1.0,0.9949392712550608,0.007070707070707071,6.545649299980141,7,100
0.0,0.0,0.0,,0.0,0.05,0,4940,0,10,0.0,0.0,0.997979797979798,6.679296800051816,8,100
0.0,0.0,0.0,,0.0,0.1,0,4940,0,10,0.0,0.0,0.997979797979798,6.679296800051816,8,100
0.0,0.0,0.0,,0.0,0.15,0,4940,0,10,0.0,0.0,0.997979797979798,6.679296800051816,8,100
0.0,0.0,0.0,,0.0,0.2,0,4940,0,10,0.0,0.0,0.997979797979798,6.679296800051816,8,100
0.0,0.0,0.0,,0.0,0.25,0,4940,0,10,0.0,0.0,0.997979797979798,6.679296800051816,8,100
0.0,0.0,0.0,,0.0,0.3,0,4940,0,10,0.0,0.0,0.997979797979798,6.679296800051816,8,100
0.0,0.0,0.0,,0.0,0.35,0,4940,0,10,0.0,0.0,0.997979797979798,6.679296800051816,8,100
0.0,0.0,0.0,,0.0,0.4,0,4940,0,10,0.0,0.0,0.997979797979798,6.679296800051816,8,100
0.0,0.0,0.0,,0.0,0.45,0,4940,0,10,0.0,0.0,0.997979797979798,6.679296800051816,8,100
0.0,0.0,0.0,,0.0,0.5,0,4940,0,10,0.0,0.0,0.997979797979798,6.679296800051816,8,100
0.0004048582995951417,0.0,1.0,0.0,0.0,0.55,0,4938,2,10,0.0,0.0004048582995951417,0.9975757575757576,6.679296800051816,8,100
0.0004048582995951417,0.0,1.0,0.0,0.0,0.6,0,4938,2,10,0.0,0.0004048582995951417,0.9975757575757576,6.679296800051816,8,100
0.0004048582995951417,0.0,1.0,0.0,0.0,0.65,0,4938,2,10,0.0,0.0004048582995951417,0.9975757575757576,6.679296800051816,8,100
0.004048582995951417,0.0,1.0,0.0,0.0,0.7,0,4920,20,10,0.0,0.004048582995951417,0.9939393939393939,6.679296800051816,8,100
0.004453441295546558,0.0,1.0,0.0,0.0,0.75,0,4918,22,10,0.0,0.004453441295546558,0.9935353535353535,6.679296800051816,8,100
0.004858299595141701,0.0,1.0,0.0,0.0,0.8,0,4916,24,10,0.0,0.004858299595141701,0.9931313131313131,6.679296800051816,8,100
0.004858299595141701,0.0,1.0,0.0,0.0,0.85,0,4916,24,10,0.0,0.004858299595141701,0.9931313131313131,6.679296800051816,8,100
0.020040485829959515,0.1,0.99,0.01,0.1,0.9,1,4841,99,9,0.1,0.020040485829959515,0.9781818181818182,6.679296800051816,8,100
0.022267206477732792,0.1,0.990990990990991,0.009009009009009009,0.1,0.95,1,4830,110,9,0.1,0.022267206477732792,0.9759595959595959,6.679296800051816,8,100
0.998582995951417,1.0,0.9979769370827433,0.0020230629172567267,1.0,1.0,10,7,4933,0,1.0,0.998582995951417,0.0034343434343434343,6.679296800051816,8,100
0.0,0.0,0.0,,0.0,0.05,0,4940,0,10,0.0,0.0,0.997979797979798,6.685140899964608,9,100
0.0,0.0,0.0,,0.0,0.1,0,4940,0,10,0.0,0.0,0.997979797979798,6.685140899964608,9,100
0.0,0.0,0.0,,0.0,0.15,0,4940,0,10,0.0,0.0,0.997979797979798,6.685140899964608,9,100
0.0,0.0,0.0,,0.0,0.2,0,4940,0,10,0.0,0.0,0.997979797979798,6.685140899964608,9,100
0.0,0.0,0.0,,0.0,0.25,0,4940,0,10,0.0,0.0,0.997979797979798,6.685140899964608,9,100
0.0,0.0,0.0,,0.0,0.3,0,4940,0,10,0.0,0.0,0.997979797979798,6.685140899964608,9,100
0.0,0.0,0.0,,0.0,0.35,0,4940,0,10,0.0,0.0,0.997979797979798,6.685140899964608,9,100
0.0,0.0,0.0,,0.0,0.4,0,4940,0,10,0.0,0.0,0.997979797979798,6.685140899964608,9,100
0.0,0.0,0.0,,0.0,0.45,0,4940,0,10,0.0,0.0,0.997979797979798,6.685140899964608,9,100
0.0,0.0,0.0,,0.0,0.5,0,4940,0,10,0.0,0.0,0.997979797979798,6.685140899964608,9,100
0.0,0.0,0.0,,0.0,0.55,0,4940,0,10,0.0,0.0,0.997979797979798,6.685140899964608,9,100
0.0,0.0,0.0,,0.0,0.6,0,4940,0,10,0.0,0.0,0.997979797979798,6.685140899964608,9,100
0.0,0.0,0.0,,0.0,0.65,0,4940,0,10,0.0,0.0,0.997979797979798,6.685140899964608,9,100
0.0,0.0,0.0,,0.0,0.7,0,4940,0,10,0.0,0.0,0.997979797979798,6.685140899964608,9,100
0.0,0.0,0.0,,0.0,0.75,0,4940,0,10,0.0,0.0,0.997979797979798,6.685140899964608,9,100
0.00931174089068826,0.2,0.9583333333333334,0.041666666666666664,0.2,0.8,2,4894,46,8,0.2,0.00931174089068826,0.9890909090909091,6.685140899964608,9,100
0.009919028340080972,0.2,0.9607843137254902,0.0392156862745098,0.2,0.85,2,4891,49,8,0.2,0.009919028340080972,0.9884848484848485,6.685140899964608,9,100
0.017611336032388663,0.2,0.9775280898876404,0.02247191011235955,0.2,0.9,2,4853,87,8,0.2,0.017611336032388663,0.9808080808080808,6.685140899964608,9,100
0.03562753036437247,0.2,0.9887640449438202,0.011235955056179775,0.2,0.95,2,4764,176,8,0.2,0.03562753036437247,0.9628282828282828,6.685140899964608,9,100
0.9983805668016195,1.0,0.9979765277215702,0.0020234722784297854,1.0,1.0,10,8,4932,0,1.0,0.9983805668016195,0.0036363636363636364,6.685140899964608,9,100
0.0,0.0,0.0,,0.0,0.05,0,4940,0,10,0.0,0.0,0.997979797979798,6.696100399945863,10,100
0.0,0.0,0.0,,0.0,0.1,0,4940,0,10,0.0,0.0,0.997979797979798,6.696100399945863,10,100
0.0,0.0,0.0,,0.0,0.15,0,4940,0,10,0.0,0.0,0.997979797979798,6.696100399945863,10,100
0.0,0.0,0.0,,0.0,0.2,0,4940,0,10,0.0,0.0,0.997979797979798,6.696100399945863,10,100
0.0,0.0,0.0,,0.0,0.25,0,4940,0,10,0.0,0.0,0.997979797979798,6.696100399945863,10,100
0.0,0.0,0.0,,0.0,0.3,0,4940,0,10,0.0,0.0,0.997979797979798,6.696100399945863,10,100
0.0,0.0,0.0,,0.0,0.35,0,4940,0,10,0.0,0.0,0.997979797979798,6.696100399945863,10,100
0.0,0.0,0.0,,0.0,0.4,0,4940,0,10,0.0,0.0,0.997979797979798,6.696100399945863,10,100
0.0,0.0,0.0,,0.0,0.45,0,4940,0,10,0.0,0.0,0.997979797979798,6.696100399945863,10,100
0.0,0.0,0.0,,0.0,0.5,0,4940,0,10,0.0,0.0,0.997979797979798,6.696100399945863,10,100
0.0004048582995951417,0.0,1.0,0.0,0.0,0.55,0,4938,2,10,0.0,0.0004048582995951417,0.9975757575757576,6.696100399945863,10,100
0.0004048582995951417,0.0,1.0,0.0,0.0,0.6,0,4938,2,10,0.0,0.0004048582995951417,0.9975757575757576,6.696100399945863,10,100
0.0004048582995951417,0.0,1.0,0.0,0.0,0.65,0,4938,2,10,0.0,0.0004048582995951417,0.9975757575757576,6.696100399945863,10,100
0.0008097165991902834,0.0,1.0,0.0,0.0,0.7,0,4936,4,10,0.0,0.0008097165991902834,0.9971717171717172,6.696100399945863,10,100
0.0008097165991902834,0.0,1.0,0.0,0.0,0.75,0,4936,4,10,0.0,0.0008097165991902834,0.9971717171717172,6.696100399945863,10,100
0.0008097165991902834,0.0,1.0,0.0,0.0,0.8,0,4936,4,10,0.0,0.0008097165991902834,0.9971717171717172,6.696100399945863,10,100
0.002226720647773279,0.0,1.0,0.0,0.0,0.85,0,4929,11,10,0.0,0.002226720647773279,0.9957575757575757,6.696100399945863,10,100
0.011336032388663968,0.0,1.0,0.0,0.0,0.9,0,4884,56,10,0.0,0.011336032388663968,0.9866666666666667,6.696100399945863,10,100
0.01417004048582996,0.0,1.0,0.0,0.0,0.95,0,4870,70,10,0.0,0.01417004048582996,0.9838383838383838,6.696100399945863,10,100
0.9935222672064777,1.0,0.9979666531110207,0.0020333468889792597,1.0,1.0,10,32,4908,0,1.0,0.9935222672064777,0.008484848484848486,6.696100399945863,10,100
0.0,0.0,0.0,,0.0,0.05,0,4940,0,10,0.0,0.0,0.997979797979798,6.5864827000768855,11,100
0.0,0.0,0.0,,0.0,0.1,0,4940,0,10,0.0,0.0,0.997979797979798,6.5864827000768855,11,100
0.0,0.0,0.0,,0.0,0.15,0,4940,0,10,0.0,0.0,0.997979797979798,6.5864827000768855,11,100
0.0,0.0,0.0,,0.0,0.2,0,4940,0,10,0.0,0.0,0.997979797979798,6.5864827000768855,11,100
0.0,0.0,0.0,,0.0,0.25,0,4940,0,10,0.0,0.0,0.997979797979798,6.5864827000768855,11,100
0.0,0.0,0.0,,0.0,0.3,0,4940,0,10,0.0,0.0,0.997979797979798,6.5864827000768855,11,100
0.0,0.0,0.0,,0.0,0.35,0,4940,0,10,0.0,0.0,0.997979797979798,6.5864827000768855,11,100
0.0018218623481781376,0.0,1.0,0.0,0.0,0.4,0,4931,9,10,0.0,0.0018218623481781376,0.9961616161616161,6.5864827000768855,11,100
0.0018218623481781376,0.0,1.0,0.0,0.0,0.45,0,4931,9,10,0.0,0.0018218623481781376,0.9961616161616161,6.5864827000768855,11,100
0.0020242914979757085,0.0,1.0,0.0,0.0,0.5,0,4930,10,10,0.0,0.0020242914979757085,0.9959595959595959,6.5864827000768855,11,100
0.0020242914979757085,0.0,1.0,0.0,0.0,0.55,0,4930,10,10,0.0,0.0020242914979757085,0.9959595959595959,6.5864827000768855,11,100
0.0020242914979757085,0.0,1.0,0.0,0.0,0.6,0,4930,10,10,0.0,0.0020242914979757085,0.9959595959595959,6.5864827000768855,11,100
0.0020242914979757085,0.0,1.0,0.0,0.0,0.65,0,4930,10,10,0.0,0.0020242914979757085,0.9959595959595959,6.5864827000768855,11,100
0.0020242914979757085,0.0,1.0,0.0,0.0,0.7,0,4930,10,10,0.0,0.0020242914979757085,0.9959595959595959,6.5864827000768855,11,100
0.0020242914979757085,0.0,1.0,0.0,0.0,0.75,0,4930,10,10,0.0,0.0020242914979757085,0.9959595959595959,6.5864827000768855,11,100
0.002834008097165992,0.0,1.0,0.0,0.0,0.8,0,4926,14,10,0.0,0.002834008097165992,0.9951515151515151,6.5864827000768855,11,100
0.006275303643724696,0.0,1.0,0.0,0.0,0.85,0,4909,31,10,0.0,0.006275303643724696,0.9917171717171717,6.5864827000768855,11,100
0.01862348178137652,0.1,0.989247311827957,0.010752688172043012,0.1,0.9,1,4848,92,9,0.1,0.01862348178137652,0.9795959595959596,6.5864827000768855,11,100
0.2639676113360324,0.4,0.9969418960244648,0.0030581039755351682,0.4,0.95,4,3636,1304,6,0.4,0.2639676113360324,0.7353535353535353,6.5864827000768855,11,100
0.9983805668016195,1.0,0.9979765277215702,0.0020234722784297854,1.0,1.0,10,8,4932,0,1.0,0.9983805668016195,0.0036363636363636364,6.5864827000768855,11,100
0.0,0.0,0.0,,0.0,0.05,0,4940,0,10,0.0,0.0,0.997979797979798,6.817952399956994,12,100
0.0,0.0,0.0,,0.0,0.1,0,4940,0,10,0.0,0.0,0.997979797979798,6.817952399956994,12,100
0.0,0.0,0.0,,0.0,0.15,0,4940,0,10,0.0,0.0,0.997979797979798,6.817952399956994,12,100
0.0,0.0,0.0,,0.0,0.2,0,4940,0,10,0.0,0.0,0.997979797979798,6.817952399956994,12,100
0.0,0.0,0.0,,0.0,0.25,0,4940,0,10,0.0,0.0,0.997979797979798,6.817952399956994,12,100
0.0,0.0,0.0,,0.0,0.3,0,4940,0,10,0.0,0.0,0.997979797979798,6.817952399956994,12,100
0.0,0.0,0.0,,0.0,0.35,0,4940,0,10,0.0,0.0,0.997979797979798,6.817952399956994,12,100
0.0,0.0,0.0,,0.0,0.4,0,4940,0,10,0.0,0.0,0.997979797979798,6.817952399956994,12,100
0.0,0.0,0.0,,0.0,0.45,0,4940,0,10,0.0,0.0,0.997979797979798,6.817952399956994,12,100
0.0,0.0,0.0,,0.0,0.5,0,4940,0,10,0.0,0.0,0.997979797979798,6.817952399956994,12,100
0.0,0.0,0.0,,0.0,0.55,0,4940,0,10,0.0,0.0,0.997979797979798,6.817952399956994,12,100
0.0,0.0,0.0,,0.0,0.6,0,4940,0,10,0.0,0.0,0.997979797979798,6.817952399956994,12,100
0.0,0.0,0.0,,0.0,0.65,0,4940,0,10,0.0,0.0,0.997979797979798,6.817952399956994,12,100
0.0,0.0,0.0,,0.0,0.7,0,4940,0,10,0.0,0.0,0.997979797979798,6.817952399956994,12,100
0.0,0.0,0.0,,0.0,0.75,0,4940,0,10,0.0,0.0,0.997979797979798,6.817952399956994,12,100
0.0,0.0,0.0,,0.0,0.8,0,4940,0,10,0.0,0.0,0.997979797979798,6.817952399956994,12,100
0.0,0.0,0.0,,0.0,0.85,0,4940,0,10,0.0,0.0,0.997979797979798,6.817952399956994,12,100
0.0036437246963562753,0.2,0.9,0.1,0.2,0.9,2,4922,18,8,0.2,0.0036437246963562753,0.9947474747474747,6.817952399956994,12,100
0.014574898785425101,0.4,0.9473684210526315,0.05263157894736842,0.4,0.95,4,4868,72,6,0.4,0.014574898785425101,0.9842424242424243,6.817952399956994,12,100
0.024898785425101214,0.4,0.968503937007874,0.031496062992125984,0.4,1.0,4,4817,123,6,0.4,0.024898785425101214,0.973939393939394,6.817952399956994,12,100
0.0,0.0,0.0,,0.0,0.05,0,4940,0,10,0.0,0.0,0.997979797979798,6.511006099986844,13,100
0.0,0.0,0.0,,0.0,0.1,0,4940,0,10,0.0,0.0,0.997979797979798,6.511006099986844,13,100
0.00020242914979757084,0.0,1.0,0.0,0.0,0.15,0,4939,1,10,0.0,0.00020242914979757084,0.9977777777777778,6.511006099986844,13,100
0.00020242914979757084,0.0,1.0,0.0,0.0,0.2,0,4939,1,10,0.0,0.00020242914979757084,0.9977777777777778,6.511006099986844,13,100
0.00020242914979757084,0.0,1.0,0.0,0.0,0.25,0,4939,1,10,0.0,0.00020242914979757084,0.9977777777777778,6.511006099986844,13,100
0.00020242914979757084,0.0,1.0,0.0,0.0,0.3,0,4939,1,10,0.0,0.00020242914979757084,0.9977777777777778,6.511006099986844,13,100
0.00020242914979757084,0.0,1.0,0.0,0.0,0.35,0,4939,1,10,0.0,0.00020242914979757084,0.9977777777777778,6.511006099986844,13,100
0.0008097165991902834,0.0,1.0,0.0,0.0,0.4,0,4936,4,10,0.0,0.0008097165991902834,0.9971717171717172,6.511006099986844,13,100
0.0008097165991902834,0.0,1.0,0.0,0.0,0.45,0,4936,4,10,0.0,0.0008097165991902834,0.9971717171717172,6.511006099986844,13,100
0.0012145748987854252,0.0,1.0,0.0,0.0,0.5,0,4934,6,10,0.0,0.0012145748987854252,0.9967676767676767,6.511006099986844,13,100
0.0020242914979757085,0.0,1.0,0.0,0.0,0.55,0,4930,10,10,0.0,0.0020242914979757085,0.9959595959595959,6.511006099986844,13,100
0.0020242914979757085,0.0,1.0,0.0,0.0,0.6,0,4930,10,10,0.0,0.0020242914979757085,0.9959595959595959,6.511006099986844,13,100
0.006882591093117409,0.0,1.0,0.0,0.0,0.65,0,4906,34,10,0.0,0.006882591093117409,0.9911111111111112,6.511006099986844,13,100
0.01882591093117409,0.0,1.0,0.0,0.0,0.7,0,4847,93,10,0.0,0.01882591093117409,0.9791919191919192,6.511006099986844,13,100
0.019433198380566803,0.0,1.0,0.0,0.0,0.75,0,4844,96,10,0.0,0.019433198380566803,0.9785858585858586,6.511006099986844,13,100
0.025708502024291497,0.0,1.0,0.0,0.0,0.8,0,4813,127,10,0.0,0.025708502024291497,0.9723232323232324,6.511006099986844,13,100
0.039878542510121455,0.0,1.0,0.0,0.0,0.85,0,4743,197,10,0.0,0.039878542510121455,0.9581818181818181,6.511006099986844,13,100
0.09959514170040486,0.1,0.9979716024340771,0.002028397565922921,0.1,0.9,1,4448,492,9,0.1,0.09959514170040486,0.8987878787878788,6.511006099986844,13,100
0.11882591093117409,0.2,0.9966044142614601,0.003395585738539898,0.2,0.95,2,4353,587,8,0.2,0.11882591093117409,0.8797979797979798,6.511006099986844,13,100
0.9983805668016195,1.0,0.9979765277215702,0.0020234722784297854,1.0,1.0,10,8,4932,0,1.0,0.9983805668016195,0.0036363636363636364,6.511006099986844,13,100
0.0,0.0,0.0,,0.0,0.05,0,4940,0,10,0.0,0.0,0.997979797979798,6.475257600075565,14,100
0.0,0.0,0.0,,0.0,0.1,0,4940,0,10,0.0,0.0,0.997979797979798,6.475257600075565,14,100
0.0,0.0,0.0,,0.0,0.15,0,4940,0,10,0.0,0.0,0.997979797979798,6.475257600075565,14,100
0.0,0.0,0.0,,0.0,0.2,0,4940,0,10,0.0,0.0,0.997979797979798,6.475257600075565,14,100
0.0,0.0,0.0,,0.0,0.25,0,4940,0,10,0.0,0.0,0.997979797979798,6.475257600075565,14,100
0.0,0.0,0.0,,0.0,0.3,0,4940,0,10,0.0,0.0,0.997979797979798,6.475257600075565,14,100
0.0,0.0,0.0,,0.0,0.35,0,4940,0,10,0.0,0.0,0.997979797979798,6.475257600075565,14,100
0.0,0.0,0.0,,0.0,0.4,0,4940,0,10,0.0,0.0,0.997979797979798,6.475257600075565,14,100
0.0,0.0,0.0,,0.0,0.45,0,4940,0,10,0.0,0.0,0.997979797979798,6.475257600075565,14,100
0.0,0.0,0.0,,0.0,0.5,0,4940,0,10,0.0,0.0,0.997979797979798,6.475257600075565,14,100
0.0,0.0,0.0,,0.0,0.55,0,4940,0,10,0.0,0.0,0.997979797979798,6.475257600075565,14,100
0.0,0.0,0.0,,0.0,0.6,0,4940,0,10,0.0,0.0,0.997979797979798,6.475257600075565,14,100
0.00020242914979757084,0.0,1.0,0.0,0.0,0.65,0,4939,1,10,0.0,0.00020242914979757084,0.9977777777777778,6.475257600075565,14,100
0.008097165991902834,0.0,1.0,0.0,0.0,0.7,0,4900,40,10,0.0,0.008097165991902834,0.98989898989899,6.475257600075565,14,100
0.008299595141700405,0.0,1.0,0.0,0.0,0.75,0,4899,41,10,0.0,0.008299595141700405,0.9896969696969697,6.475257600075565,14,100
0.013967611336032389,0.0,1.0,0.0,0.0,0.8,0,4871,69,10,0.0,0.013967611336032389,0.984040404040404,6.475257600075565,14,100
0.018218623481781375,0.0,1.0,0.0,0.0,0.85,0,4850,90,10,0.0,0.018218623481781375,0.9797979797979798,6.475257600075565,14,100
0.1076923076923077,0.0,1.0,0.0,0.0,0.9,0,4408,532,10,0.0,0.1076923076923077,0.8905050505050505,6.475257600075565,14,100
0.2757085020242915,0.2,0.998533724340176,0.001466275659824047,0.2,0.95,2,3578,1362,8,0.2,0.2757085020242915,0.7232323232323232,6.475257600075565,14,100
0.9989878542510121,1.0,0.9979777553083923,0.0020222446916076846,1.0,1.0,10,5,4935,0,1.0,0.9989878542510121,0.0030303030303030303,6.475257600075565,14,100
0.0,0.0,0.0,,0.0,0.05,0,4940,0,10,0.0,0.0,0.997979797979798,6.691653000074439,15,100
0.0,0.0,0.0,,0.0,0.1,0,4940,0,10,0.0,0.0,0.997979797979798,6.691653000074439,15,100
0.0,0.0,0.0,,0.0,0.15,0,4940,0,10,0.0,0.0,0.997979797979798,6.691653000074439,15,100
0.0,0.0,0.0,,0.0,0.2,0,4940,0,10,0.0,0.0,0.997979797979798,6.691653000074439,15,100
0.0,0.0,0.0,,0.0,0.25,0,4940,0,10,0.0,0.0,0.997979797979798,6.691653000074439,15,100
0.0,0.0,0.0,,0.0,0.3,0,4940,0,10,0.0,0.0,0.997979797979798,6.691653000074439,15,100
0.0,0.0,0.0,,0.0,0.35,0,4940,0,10,0.0,0.0,0.997979797979798,6.691653000074439,15,100
0.0,0.0,0.0,,0.0,0.4,0,4940,0,10,0.0,0.0,0.997979797979798,6.691653000074439,15,100
0.0,0.0,0.0,,0.0,0.45,0,4940,0,10,0.0,0.0,0.997979797979798,6.691653000074439,15,100
0.0,0.0,0.0,,0.0,0.5,0,4940,0,10,0.0,0.0,0.997979797979798,6.691653000074439,15,100
0.0,0.0,0.0,,0.0,0.55,0,4940,0,10,0.0,0.0,0.997979797979798,6.691653000074439,15,100
0.0,0.0,0.0,,0.0,0.6,0,4940,0,10,0.0,0.0,0.997979797979798,6.691653000074439,15,100
0.0,0.0,0.0,,0.0,0.65,0,4940,0,10,0.0,0.0,0.997979797979798,6.691653000074439,15,100
0.0,0.0,0.0,,0.0,0.7,0,4940,0,10,0.0,0.0,0.997979797979798,6.691653000074439,15,100
0.0024291497975708503,0.1,0.9230769230769231,0.07692307692307693,0.1,0.75,1,4928,12,9,0.1,0.0024291497975708503,0.9957575757575757,6.691653000074439,15,100
0.0024291497975708503,0.1,0.9230769230769231,0.07692307692307693,0.1,0.8,1,4928,12,9,0.1,0.0024291497975708503,0.9957575757575757,6.691653000074439,15,100
0.005668016194331984,0.1,0.9655172413793104,0.034482758620689655,0.1,0.85,1,4912,28,9,0.1,0.005668016194331984,0.9925252525252525,6.691653000074439,15,100
0.005668016194331984,0.1,0.9655172413793104,0.034482758620689655,0.1,0.9,1,4912,28,9,0.1,0.005668016194331984,0.9925252525252525,6.691653000074439,15,100
0.4303643724696356,0.6,0.9971857410881801,0.0028142589118198874,0.6,0.95,6,2814,2126,4,0.6,0.4303643724696356,0.5696969696969697,6.691653000074439,15,100
0.9989878542510121,1.0,0.9979777553083923,0.0020222446916076846,1.0,1.0,10,5,4935,0,1.0,0.9989878542510121,0.0030303030303030303,6.691653000074439,15,100
0.0,0.0,0.0,,0.0,0.05,0,4940,0,10,0.0,0.0,0.997979797979798,6.572207899997011,16,100
0.0,0.0,0.0,,0.0,0.1,0,4940,0,10,0.0,0.0,0.997979797979798,6.572207899997011,16,100
0.0,0.0,0.0,,0.0,0.15,0,4940,0,10,0.0,0.0,0.997979797979798,6.572207899997011,16,100
0.0,0.0,0.0,,0.0,0.2,0,4940,0,10,0.0,0.0,0.997979797979798,6.572207899997011,16,100
0.0,0.0,0.0,,0.0,0.25,0,4940,0,10,0.0,0.0,0.997979797979798,6.572207899997011,16,100
0.0004048582995951417,0.0,1.0,0.0,0.0,0.3,0,4938,2,10,0.0,0.0004048582995951417,0.9975757575757576,6.572207899997011,16,100
0.0004048582995951417,0.0,1.0,0.0,0.0,0.35,0,4938,2,10,0.0,0.0004048582995951417,0.9975757575757576,6.572207899997011,16,100
0.0004048582995951417,0.0,1.0,0.0,0.0,0.4,0,4938,2,10,0.0,0.0004048582995951417,0.9975757575757576,6.572207899997011,16,100
0.0008097165991902834,0.0,1.0,0.0,0.0,0.45,0,4936,4,10,0.0,0.0008097165991902834,0.9971717171717172,6.572207899997011,16,100
0.0010121457489878543,0.0,1.0,0.0,0.0,0.5,0,4935,5,10,0.0,0.0010121457489878543,0.996969696969697,6.572207899997011,16,100
0.0012145748987854252,0.0,1.0,0.0,0.0,0.55,0,4934,6,10,0.0,0.0012145748987854252,0.9967676767676767,6.572207899997011,16,100
0.0012145748987854252,0.0,1.0,0.0,0.0,0.6,0,4934,6,10,0.0,0.0012145748987854252,0.9967676767676767,6.572207899997011,16,100
0.0012145748987854252,0.0,1.0,0.0,0.0,0.65,0,4934,6,10,0.0,0.0012145748987854252,0.9967676767676767,6.572207899997011,16,100
0.002226720647773279,0.0,1.0,0.0,0.0,0.7,0,4929,11,10,0.0,0.002226720647773279,0.9957575757575757,6.572207899997011,16,100
0.002834008097165992,0.0,1.0,0.0,0.0,0.75,0,4926,14,10,0.0,0.002834008097165992,0.9951515151515151,6.572207899997011,16,100
0.011538461538461539,0.1,0.9827586206896551,0.017241379310344827,0.1,0.8,1,4883,57,9,0.1,0.011538461538461539,0.9866666666666667,6.572207899997011,16,100
0.10647773279352227,0.4,0.9924528301886792,0.007547169811320755,0.4,0.85,4,4414,526,6,0.4,0.10647773279352227,0.8925252525252525,6.572207899997011,16,100
0.1423076923076923,0.5,0.9929378531073446,0.007062146892655367,0.5,0.9,5,4237,703,5,0.5,0.1423076923076923,0.8569696969696969,6.572207899997011,16,100
0.27692307692307694,0.6,0.9956331877729258,0.004366812227074236,0.6,0.95,6,3572,1368,4,0.6,0.27692307692307694,0.7228282828282828,6.572207899997011,16,100
0.998582995951417,1.0,0.9979769370827433,0.0020230629172567267,1.0,1.0,10,7,4933,0,1.0,0.998582995951417,0.0034343434343434343,6.572207899997011,16,100
0.0,0.0,0.0,,0.0,0.05,0,4940,0,10,0.0,0.0,0.997979797979798,6.4854282001033425,17,100
0.0,0.0,0.0,,0.0,0.1,0,4940,0,10,0.0,0.0,0.997979797979798,6.4854282001033425,17,100
0.0,0.0,0.0,,0.0,0.15,0,4940,0,10,0.0,0.0,0.997979797979798,6.4854282001033425,17,100
0.0,0.0,0.0,,0.0,0.2,0,4940,0,10,0.0,0.0,0.997979797979798,6.4854282001033425,17,100
0.00020242914979757084,0.0,1.0,0.0,0.0,0.25,0,4939,1,10,0.0,0.00020242914979757084,0.9977777777777778,6.4854282001033425,17,100
0.00020242914979757084,0.0,1.0,0.0,0.0,0.3,0,4939,1,10,0.0,0.00020242914979757084,0.9977777777777778,6.4854282001033425,17,100
0.00020242914979757084,0.0,1.0,0.0,0.0,0.35,0,4939,1,10,0.0,0.00020242914979757084,0.9977777777777778,6.4854282001033425,17,100
0.0034412955465587046,0.0,1.0,0.0,0.0,0.4,0,4923,17,10,0.0,0.0034412955465587046,0.9945454545454545,6.4854282001033425,17,100
0.0034412955465587046,0.0,1.0,0.0,0.0,0.45,0,4923,17,10,0.0,0.0034412955465587046,0.9945454545454545,6.4854282001033425,17,100
0.0066801619433198385,0.1,0.9705882352941176,0.029411764705882353,0.1,0.5,1,4907,33,9,0.1,0.0066801619433198385,0.9915151515151515,6.4854282001033425,17,100
0.010931174089068825,0.1,0.9818181818181818,0.01818181818181818,0.1,0.55,1,4886,54,9,0.1,0.010931174089068825,0.9872727272727273,6.4854282001033425,17,100
0.011336032388663968,0.1,0.9824561403508771,0.017543859649122806,0.1,0.6,1,4884,56,9,0.1,0.011336032388663968,0.9868686868686869,6.4854282001033425,17,100
0.044534412955465584,0.2,0.990990990990991,0.009009009009009009,0.2,0.65,2,4720,220,8,0.2,0.044534412955465584,0.953939393939394,6.4854282001033425,17,100
0.07348178137651822,0.3,0.9918032786885246,0.00819672131147541,0.3,0.7,3,4577,363,7,0.3,0.07348178137651822,0.9252525252525252,6.4854282001033425,17,100
0.11214574898785425,0.4,0.992831541218638,0.007168458781362007,0.4,0.75,4,4386,554,6,0.4,0.11214574898785425,0.8868686868686869,6.4854282001033425,17,100
0.13623481781376517,0.4,0.9940915805022157,0.005908419497784343,0.4,0.8,4,4267,673,6,0.4,0.13623481781376517,0.8628282828282828,6.4854282001033425,17,100
0.20121457489878541,0.6,0.994,0.006,0.6,0.85,6,3946,994,4,0.6,0.20121457489878541,0.7983838383838384,6.4854282001033425,17,100
0.24251012145748987,0.6,0.9950166112956811,0.0049833887043189366,0.6,0.9,6,3742,1198,4,0.6,0.24251012145748987,0.7571717171717172,6.4854282001033425,17,100
0.4439271255060729,0.7,0.9968181818181818,0.003181818181818182,0.7,0.95,7,2747,2193,3,0.7,0.4439271255060729,0.5563636363636364,6.4854282001033425,17,100
0.9983805668016195,1.0,0.9979765277215702,0.0020234722784297854,1.0,1.0,10,8,4932,0,1.0,0.9983805668016195,0.0036363636363636364,6.4854282001033425,17,100
0.0,0.0,0.0,,0.0,0.05,0,4940,0,10,0.0,0.0,0.997979797979798,6.854993700049818,18,100
0.0,0.0,0.0,,0.0,0.1,0,4940,0,10,0.0,0.0,0.997979797979798,6.854993700049818,18,100
0.0,0.0,0.0,,0.0,0.15,0,4940,0,10,0.0,0.0,0.997979797979798,6.854993700049818,18,100
0.0,0.0,0.0,,0.0,0.2,0,4940,0,10,0.0,0.0,0.997979797979798,6.854993700049818,18,100
0.0,0.0,0.0,,0.0,0.25,0,4940,0,10,0.0,0.0,0.997979797979798,6.854993700049818,18,100
0.0,0.0,0.0,,0.0,0.3,0,4940,0,10,0.0,0.0,0.997979797979798,6.854993700049818,18,100
0.0,0.0,0.0,,0.0,0.35,0,4940,0,10,0.0,0.0,0.997979797979798,6.854993700049818,18,100
0.0,0.0,0.0,,0.0,0.4,0,4940,0,10,0.0,0.0,0.997979797979798,6.854993700049818,18,100
0.0,0.1,0.0,1.0,0.1,0.45,1,4940,0,9,0.1,0.0,0.9981818181818182,6.854993700049818,18,100
0.0,0.1,0.0,1.0,0.1,0.5,1,4940,0,9,0.1,0.0,0.9981818181818182,6.854993700049818,18,100
0.0,0.1,0.0,1.0,0.1,0.55,1,4940,0,9,0.1,0.0,0.9981818181818182,6.854993700049818,18,100
0.0,0.1,0.0,1.0,0.1,0.6,1,4940,0,9,0.1,0.0,0.9981818181818182,6.854993700049818,18,100
0.0006072874493927126,0.1,0.75,0.25,0.1,0.65,1,4937,3,9,0.1,0.0006072874493927126,0.9975757575757576,6.854993700049818,18,100
0.0006072874493927126,0.1,0.75,0.25,0.1,0.7,1,4937,3,9,0.1,0.0006072874493927126,0.9975757575757576,6.854993700049818,18,100
0.0010121457489878543,0.1,0.8333333333333334,0.16666666666666666,0.1,0.75,1,4935,5,9,0.1,0.0010121457489878543,0.9971717171717172,6.854993700049818,18,100
0.0010121457489878543,0.1,0.8333333333333334,0.16666666666666666,0.1,0.8,1,4935,5,9,0.1,0.0010121457489878543,0.9971717171717172,6.854993700049818,18,100
0.0012145748987854252,0.1,0.8571428571428571,0.14285714285714285,0.1,0.85,1,4934,6,9,0.1,0.0012145748987854252,0.996969696969697,6.854993700049818,18,100
0.001417004048582996,0.1,0.875,0.125,0.1,0.9,1,4933,7,9,0.1,0.001417004048582996,0.9967676767676767,6.854993700049818,18,100
0.039271255060728746,0.4,0.9797979797979798,0.020202020202020204,0.4,0.95,4,4746,194,6,0.4,0.039271255060728746,0.9595959595959596,6.854993700049818,18,100
0.998582995951417,1.0,0.9979769370827433,0.0020230629172567267,1.0,1.0,10,7,4933,0,1.0,0.998582995951417,0.0034343434343434343,6.854993700049818,18,100
0.0,0.0,0.0,,0.0,0.05,0,4940,0,10,0.0,0.0,0.997979797979798,6.423481600009836,19,100
0.0,0.0,0.0,,0.0,0.1,0,4940,0,10,0.0,0.0,0.997979797979798,6.423481600009836,19,100
0.0,0.0,0.0,,0.0,0.15,0,4940,0,10,0.0,0.0,0.997979797979798,6.423481600009836,19,100
0.00020242914979757084,0.0,1.0,0.0,0.0,0.2,0,4939,1,10,0.0,0.00020242914979757084,0.9977777777777778,6.423481600009836,19,100
0.0004048582995951417,0.1,0.6666666666666666,0.3333333333333333,0.1,0.25,1,4938,2,9,0.1,0.0004048582995951417,0.9977777777777778,6.423481600009836,19,100
0.0010121457489878543,0.1,0.8333333333333334,0.16666666666666666,0.1,0.3,1,4935,5,9,0.1,0.0010121457489878543,0.9971717171717172,6.423481600009836,19,100
0.0012145748987854252,0.1,0.8571428571428571,0.14285714285714285,0.1,0.35,1,4934,6,9,0.1,0.0012145748987854252,0.996969696969697,6.423481600009836,19,100
0.001417004048582996,0.1,0.875,0.125,0.1,0.4,1,4933,7,9,0.1,0.001417004048582996,0.9967676767676767,6.423481600009836,19,100
0.0032388663967611335,0.3,0.8421052631578947,0.15789473684210525,0.3,0.45,3,4924,16,7,0.3,0.0032388663967611335,0.9953535353535353,6.423481600009836,19,100
0.0036437246963562753,0.3,0.8571428571428571,0.14285714285714285,0.3,0.5,3,4922,18,7,0.3,0.0036437246963562753,0.9949494949494949,6.423481600009836,19,100
0.0038461538461538464,0.3,0.8636363636363636,0.13636363636363635,0.3,0.55,3,4921,19,7,0.3,0.0038461538461538464,0.9947474747474747,6.423481600009836,19,100
0.005060728744939271,0.3,0.8928571428571429,0.10714285714285714,0.3,0.6,3,4915,25,7,0.3,0.005060728744939271,0.9935353535353535,6.423481600009836,19,100
0.005060728744939271,0.3,0.8928571428571429,0.10714285714285714,0.3,0.65,3,4915,25,7,0.3,0.005060728744939271,0.9935353535353535,6.423481600009836,19,100
0.005263157894736842,0.3,0.896551724137931,0.10344827586206896,0.3,0.7,3,4914,26,7,0.3,0.005263157894736842,0.9933333333333333,6.423481600009836,19,100
0.005870445344129555,0.3,0.90625,0.09375,0.3,0.75,3,4911,29,7,0.3,0.005870445344129555,0.9927272727272727,6.423481600009836,19,100
0.005870445344129555,0.3,0.90625,0.09375,0.3,0.8,3,4911,29,7,0.3,0.005870445344129555,0.9927272727272727,6.423481600009836,19,100
0.07024291497975708,0.3,0.9914285714285714,0.008571428571428572,0.3,0.85,3,4593,347,7,0.3,0.07024291497975708,0.9284848484848485,6.423481600009836,19,100
0.10890688259109312,0.4,0.992619926199262,0.007380073800738007,0.4,0.9,4,4402,538,6,0.4,0.10890688259109312,0.8901010101010101,6.423481600009836,19,100
0.5459514170040486,0.8,0.9970425138632163,0.0029574861367837337,0.8,0.95,8,2243,2697,2,0.8,0.5459514170040486,0.45474747474747473,6.423481600009836,19,100
0.998582995951417,1.0,0.9979769370827433,0.0020230629172567267,1.0,1.0,10,7,4933,0,1.0,0.998582995951417,0.0034343434343434343,6.423481600009836,19,100
0.0,0.0,0.0,,0.0,0.05,0,4940,0,10,0.0,0.0,0.997979797979798,6.750510099926032,20,100
0.0,0.0,0.0,,0.0,0.1,0,4940,0,10,0.0,0.0,0.997979797979798,6.750510099926032,20,100
0.0,0.0,0.0,,0.0,0.15,0,4940,0,10,0.0,0.0,0.997979797979798,6.750510099926032,20,100
0.0,0.0,0.0,,0.0,0.2,0,4940,0,10,0.0,0.0,0.997979797979798,6.750510099926032,20,100
0.0,0.0,0.0,,0.0,0.25,0,4940,0,10,0.0,0.0,0.997979797979798,6.750510099926032,20,100
0.0,0.0,0.0,,0.0,0.3,0,4940,0,10,0.0,0.0,0.997979797979798,6.750510099926032,20,100
0.0,0.0,0.0,,0.0,0.35,0,4940,0,10,0.0,0.0,0.997979797979798,6.750510099926032,20,100
0.0,0.0,0.0,,0.0,0.4,0,4940,0,10,0.0,0.0,0.997979797979798,6.750510099926032,20,100
0.0018218623481781376,0.0,1.0,0.0,0.0,0.45,0,4931,9,10,0.0,0.0018218623481781376,0.9961616161616161,6.750510099926032,20,100
0.0020242914979757085,0.0,1.0,0.0,0.0,0.5,0,4930,10,10,0.0,0.0020242914979757085,0.9959595959595959,6.750510099926032,20,100
0.002226720647773279,0.0,1.0,0.0,0.0,0.55,0,4929,11,10,0.0,0.002226720647773279,0.9957575757575757,6.750510099926032,20,100
0.008906882591093117,0.1,0.9777777777777777,0.022222222222222223,0.1,0.6,1,4896,44,9,0.1,0.008906882591093117,0.9892929292929293,6.750510099926032,20,100
0.013967611336032389,0.1,0.9857142857142858,0.014285714285714285,0.1,0.65,1,4871,69,9,0.1,0.013967611336032389,0.9842424242424243,6.750510099926032,20,100
0.015991902834008098,0.1,0.9875,0.0125,0.1,0.7,1,4861,79,9,0.1,0.015991902834008098,0.9822222222222222,6.750510099926032,20,100
0.01680161943319838,0.1,0.9880952380952381,0.011904761904761904,0.1,0.75,1,4857,83,9,0.1,0.01680161943319838,0.9814141414141414,6.750510099926032,20,100
0.04736842105263158,0.1,0.9957446808510638,0.00425531914893617,0.1,0.8,1,4706,234,9,0.1,0.04736842105263158,0.9509090909090909,6.750510099926032,20,100
0.06032388663967611,0.1,0.9966555183946488,0.0033444816053511705,0.1,0.85,1,4642,298,9,0.1,0.06032388663967611,0.937979797979798,6.750510099926032,20,100
0.12267206477732794,0.4,0.9934426229508196,0.006557377049180328,0.4,0.9,4,4334,606,6,0.4,0.12267206477732794,0.8763636363636363,6.750510099926032,20,100
0.20870445344129554,0.5,0.9951737451737451,0.004826254826254826,0.5,0.95,5,3909,1031,5,0.5,0.20870445344129554,0.7907070707070707,6.750510099926032,20,100
0.4773279352226721,0.6,0.9974619289340102,0.0025380710659898475,0.6,1.0,6,2582,2358,4,0.6,0.4773279352226721,0.5228282828282829,6.750510099926032,20,100
0.00020242914979757084,0.0,1.0,0.0,0.0,0.05,0,4939,1,10,0.0,0.00020242914979757084,0.9977777777777778,6.577786699985154,21,100
0.00020242914979757084,0.0,1.0,0.0,0.0,0.1,0,4939,1,10,0.0,0.00020242914979757084,0.9977777777777778,6.577786699985154,21,100
0.0004048582995951417,0.0,1.0,0.0,0.0,0.15,0,4938,2,10,0.0,0.0004048582995951417,0.9975757575757576,6.577786699985154,21,100
0.0004048582995951417,0.0,1.0,0.0,0.0,0.2,0,4938,2,10,0.0,0.0004048582995951417,0.9975757575757576,6.577786699985154,21,100
0.0004048582995951417,0.0,1.0,0.0,0.0,0.25,0,4938,2,10,0.0,0.0004048582995951417,0.9975757575757576,6.577786699985154,21,100
0.0004048582995951417,0.0,1.0,0.0,0.0,0.3,0,4938,2,10,0.0,0.0004048582995951417,0.9975757575757576,6.577786699985154,21,100
0.0004048582995951417,0.0,1.0,0.0,0.0,0.35,0,4938,2,10,0.0,0.0004048582995951417,0.9975757575757576,6.577786699985154,21,100
0.0004048582995951417,0.0,1.0,0.0,0.0,0.4,0,4938,2,10,0.0,0.0004048582995951417,0.9975757575757576,6.577786699985154,21,100
0.0006072874493927126,0.0,1.0,0.0,0.0,0.45,0,4937,3,10,0.0,0.0006072874493927126,0.9973737373737374,6.577786699985154,21,100
0.0006072874493927126,0.0,1.0,0.0,0.0,0.5,0,4937,3,10,0.0,0.0006072874493927126,0.9973737373737374,6.577786699985154,21,100
0.0006072874493927126,0.0,1.0,0.0,0.0,0.55,0,4937,3,10,0.0,0.0006072874493927126,0.9973737373737374,6.577786699985154,21,100
0.0006072874493927126,0.0,1.0,0.0,0.0,0.6,0,4937,3,10,0.0,0.0006072874493927126,0.9973737373737374,6.577786699985154,21,100
0.0006072874493927126,0.0,1.0,0.0,0.0,0.65,0,4937,3,10,0.0,0.0006072874493927126,0.9973737373737374,6.577786699985154,21,100
0.0006072874493927126,0.0,1.0,0.0,0.0,0.7,0,4937,3,10,0.0,0.0006072874493927126,0.9973737373737374,6.577786699985154,21,100
0.0038461538461538464,0.1,0.95,0.05,0.1,0.75,1,4921,19,9,0.1,0.0038461538461538464,0.9943434343434343,6.577786699985154,21,100
0.03137651821862348,0.4,0.9748427672955975,0.025157232704402517,0.4,0.8,4,4785,155,6,0.4,0.03137651821862348,0.9674747474747475,6.577786699985154,21,100
0.04331983805668016,0.4,0.981651376146789,0.01834862385321101,0.4,0.85,4,4726,214,6,0.4,0.04331983805668016,0.9555555555555556,6.577786699985154,21,100
0.11599190283400809,0.6,0.9896373056994818,0.010362694300518135,0.6,0.9,6,4367,573,4,0.6,0.11599190283400809,0.8834343434343435,6.577786699985154,21,100
0.15607287449392712,0.7,0.9910025706940874,0.008997429305912597,0.7,0.95,7,4169,771,3,0.7,0.15607287449392712,0.8436363636363636,6.577786699985154,21,100
0.9951417004048583,1.0,0.9979699553390174,0.0020300446609825416,1.0,1.0,10,24,4916,0,1.0,0.9951417004048583,0.006868686868686869,6.577786699985154,21,100
0.0,0.0,0.0,,0.0,0.05,0,4940,0,10,0.0,0.0,0.997979797979798,6.706860599922948,22,100
0.0,0.0,0.0,,0.0,0.1,0,4940,0,10,0.0,0.0,0.997979797979798,6.706860599922948,22,100
0.0,0.0,0.0,,0.0,0.15,0,4940,0,10,0.0,0.0,0.997979797979798,6.706860599922948,22,100
0.0,0.0,0.0,,0.0,0.2,0,4940,0,10,0.0,0.0,0.997979797979798,6.706860599922948,22,100
0.0,0.0,0.0,,0.0,0.25,0,4940,0,10,0.0,0.0,0.997979797979798,6.706860599922948,22,100
0.0,0.0,0.0,,0.0,0.3,0,4940,0,10,0.0,0.0,0.997979797979798,6.706860599922948,22,100
0.0,0.0,0.0,,0.0,0.35,0,4940,0,10,0.0,0.0,0.997979797979798,6.706860599922948,22,100
0.0,0.0,0.0,,0.0,0.4,0,4940,0,10,0.0,0.0,0.997979797979798,6.706860599922948,22,100
0.0,0.0,0.0,,0.0,0.45,0,4940,0,10,0.0,0.0,0.997979797979798,6.706860599922948,22,100
0.0,0.0,0.0,,0.0,0.5,0,4940,0,10,0.0,0.0,0.997979797979798,6.706860599922948,22,100
0.0,0.0,0.0,,0.0,0.55,0,4940,0,10,0.0,0.0,0.997979797979798,6.706860599922948,22,100
0.0,0.0,0.0,,0.0,0.6,0,4940,0,10,0.0,0.0,0.997979797979798,6.706860599922948,22,100
0.0,0.0,0.0,,0.0,0.65,0,4940,0,10,0.0,0.0,0.997979797979798,6.706860599922948,22,100
0.0,0.0,0.0,,0.0,0.7,0,4940,0,10,0.0,0.0,0.997979797979798,6.706860599922948,22,100
0.0,0.0,0.0,,0.0,0.75,0,4940,0,10,0.0,0.0,0.997979797979798,6.706860599922948,22,100
0.0,0.0,0.0,,0.0,0.8,0,4940,0,10,0.0,0.0,0.997979797979798,6.706860599922948,22,100
0.012145748987854251,0.1,0.9836065573770492,0.01639344262295082,0.1,0.85,1,4880,60,9,0.1,0.012145748987854251,0.9860606060606061,6.706860599922948,22,100
0.012145748987854251,0.1,0.9836065573770492,0.01639344262295082,0.1,0.9,1,4880,60,9,0.1,0.012145748987854251,0.9860606060606061,6.706860599922948,22,100
0.017611336032388663,0.1,0.9886363636363636,0.011363636363636364,0.1,0.95,1,4853,87,9,0.1,0.017611336032388663,0.9806060606060606,6.706860599922948,22,100
0.9987854251012146,1.0,0.9979773462783171,0.0020226537216828477,1.0,1.0,10,6,4934,0,1.0,0.9987854251012146,0.0032323232323232323,6.706860599922948,22,100
0.0,0.0,0.0,,0.0,0.05,0,4940,0,10,0.0,0.0,0.997979797979798,6.9266227999469265,23,100
0.0,0.0,0.0,,0.0,0.1,0,4940,0,10,0.0,0.0,0.997979797979798,6.9266227999469265,23,100
0.0,0.0,0.0,,0.0,0.15,0,4940,0,10,0.0,0.0,0.997979797979798,6.9266227999469265,23,100
0.0,0.0,0.0,,0.0,0.2,0,4940,0,10,0.0,0.0,0.997979797979798,6.9266227999469265,23,100
0.0,0.0,0.0,,0.0,0.25,0,4940,0,10,0.0,0.0,0.997979797979798,6.9266227999469265,23,100
0.0,0.0,0.0,,0.0,0.3,0,4940,0,10,0.0,0.0,0.997979797979798,6.9266227999469265,23,100
0.0,0.0,0.0,,0.0,0.35,0,4940,0,10,0.0,0.0,0.997979797979798,6.9266227999469265,23,100
0.0,0.0,0.0,,0.0,0.4,0,4940,0,10,0.0,0.0,0.997979797979798,6.9266227999469265,23,100
0.0,0.0,0.0,,0.0,0.45,0,4940,0,10,0.0,0.0,0.997979797979798,6.9266227999469265,23,100
0.0,0.0,0.0,,0.0,0.5,0,4940,0,10,0.0,0.0,0.997979797979798,6.9266227999469265,23,100
0.0,0.0,0.0,,0.0,0.55,0,4940,0,10,0.0,0.0,0.997979797979798,6.9266227999469265,23,100
0.0,0.0,0.0,,0.0,0.6,0,4940,0,10,0.0,0.0,0.997979797979798,6.9266227999469265,23,100
0.0,0.0,0.0,,0.0,0.65,0,4940,0,10,0.0,0.0,0.997979797979798,6.9266227999469265,23,100
0.0,0.0,0.0,,0.0,0.7,0,4940,0,10,0.0,0.0,0.997979797979798,6.9266227999469265,23,100
0.0,0.0,0.0,,0.0,0.75,0,4940,0,10,0.0,0.0,0.997979797979798,6.9266227999469265,23,100
0.009919028340080972,0.1,0.98,0.02,0.1,0.8,1,4891,49,9,0.1,0.009919028340080972,0.9882828282828283,6.9266227999469265,23,100
0.019635627530364373,0.2,0.9797979797979798,0.020202020202020204,0.2,0.85,2,4843,97,8,0.2,0.019635627530364373,0.9787878787878788,6.9266227999469265,23,100
0.04412955465587044,0.3,0.9864253393665159,0.013574660633484163,0.3,0.9,3,4722,218,7,0.3,0.04412955465587044,0.9545454545454546,6.9266227999469265,23,100
0.07105263157894737,0.3,0.9915254237288136,0.00847457627118644,0.3,0.95,3,4589,351,7,0.3,0.07105263157894737,0.9276767676767677,6.9266227999469265,23,100
0.9967611336032388,1.0,0.9979732468585326,0.002026753141467369,1.0,1.0,10,16,4924,0,1.0,0.9967611336032388,0.0052525252525252525,6.9266227999469265,23,100
0.0,0.0,0.0,,0.0,0.05,0,4940,0,10,0.0,0.0,0.997979797979798,6.6217270999914035,24,100
0.0,0.0,0.0,,0.0,0.1,0,4940,0,10,0.0,0.0,0.997979797979798,6.6217270999914035,24,100
0.0,0.0,0.0,,0.0,0.15,0,4940,0,10,0.0,0.0,0.997979797979798,6.6217270999914035,24,100
0.0,0.0,0.0,,0.0,0.2,0,4940,0,10,0.0,0.0,0.997979797979798,6.6217270999914035,24,100
0.0,0.0,0.0,,0.0,0.25,0,4940,0,10,0.0,0.0,0.997979797979798,6.6217270999914035,24,100
0.0,0.0,0.0,,0.0,0.3,0,4940,0,10,0.0,0.0,0.997979797979798,6.6217270999914035,24,100
0.0,0.0,0.0,,0.0,0.35,0,4940,0,10,0.0,0.0,0.997979797979798,6.6217270999914035,24,100
0.0,0.0,0.0,,0.0,0.4,0,4940,0,10,0.0,0.0,0.997979797979798,6.6217270999914035,24,100
0.0,0.0,0.0,,0.0,0.45,0,4940,0,10,0.0,0.0,0.997979797979798,6.6217270999914035,24,100
0.0,0.0,0.0,,0.0,0.5,0,4940,0,10,0.0,0.0,0.997979797979798,6.6217270999914035,24,100
0.0,0.0,0.0,,0.0,0.55,0,4940,0,10,0.0,0.0,0.997979797979798,6.6217270999914035,24,100
0.0020242914979757085,0.0,1.0,0.0,0.0,0.6,0,4930,10,10,0.0,0.0020242914979757085,0.9959595959595959,6.6217270999914035,24,100
0.0020242914979757085,0.0,1.0,0.0,0.0,0.65,0,4930,10,10,0.0,0.0020242914979757085,0.9959595959595959,6.6217270999914035,24,100
0.002226720647773279,0.1,0.9166666666666666,0.08333333333333333,0.1,0.7,1,4929,11,9,0.1,0.002226720647773279,0.9959595959595959,6.6217270999914035,24,100
0.002226720647773279,0.1,0.9166666666666666,0.08333333333333333,0.1,0.75,1,4929,11,9,0.1,0.002226720647773279,0.9959595959595959,6.6217270999914035,24,100
0.002226720647773279,0.1,0.9166666666666666,0.08333333333333333,0.1,0.8,1,4929,11,9,0.1,0.002226720647773279,0.9959595959595959,6.6217270999914035,24,100
0.0024291497975708503,0.1,0.9230769230769231,0.07692307692307693,0.1,0.85,1,4928,12,9,0.1,0.0024291497975708503,0.9957575757575757,6.6217270999914035,24,100
0.0024291497975708503,0.1,0.9230769230769231,0.07692307692307693,0.1,0.9,1,4928,12,9,0.1,0.0024291497975708503,0.9957575757575757,6.6217270999914035,24,100
0.10748987854251012,0.3,0.9943820224719101,0.0056179775280898875,0.3,0.95,3,4409,531,7,0.3,0.10748987854251012,0.8913131313131313,6.6217270999914035,24,100
0.9951417004048583,1.0,0.9979699553390174,0.0020300446609825416,1.0,1.0,10,24,4916,0,1.0,0.9951417004048583,0.006868686868686869,6.6217270999914035,24,100
0.0,0.0,0.0,,0.0,0.05,0,4940,0,10,0.0,0.0,0.997979797979798,6.8240721999900416,25,100
0.0,0.0,0.0,,0.0,0.1,0,4940,0,10,0.0,0.0,0.997979797979798,6.8240721999900416,25,100
0.0,0.0,0.0,,0.0,0.15,0,4940,0,10,0.0,0.0,0.997979797979798,6.8240721999900416,25,100
0.0,0.0,0.0,,0.0,0.2,0,4940,0,10,0.0,0.0,0.997979797979798,6.8240721999900416,25,100
0.0,0.0,0.0,,0.0,0.25,0,4940,0,10,0.0,0.0,0.997979797979798,6.8240721999900416,25,100
0.0,0.0,0.0,,0.0,0.3,0,4940,0,10,0.0,0.0,0.997979797979798,6.8240721999900416,25,100
0.0004048582995951417,0.0,1.0,0.0,0.0,0.35,0,4938,2,10,0.0,0.0004048582995951417,0.9975757575757576,6.8240721999900416,25,100
0.0008097165991902834,0.0,1.0,0.0,0.0,0.4,0,4936,4,10,0.0,0.0008097165991902834,0.9971717171717172,6.8240721999900416,25,100
0.0008097165991902834,0.0,1.0,0.0,0.0,0.45,0,4936,4,10,0.0,0.0008097165991902834,0.9971717171717172,6.8240721999900416,25,100
0.0008097165991902834,0.0,1.0,0.0,0.0,0.5,0,4936,4,10,0.0,0.0008097165991902834,0.9971717171717172,6.8240721999900416,25,100
0.0008097165991902834,0.0,1.0,0.0,0.0,0.55,0,4936,4,10,0.0,0.0008097165991902834,0.9971717171717172,6.8240721999900416,25,100
0.0008097165991902834,0.0,1.0,0.0,0.0,0.6,0,4936,4,10,0.0,0.0008097165991902834,0.9971717171717172,6.8240721999900416,25,100
0.0008097165991902834,0.0,1.0,0.0,0.0,0.65,0,4936,4,10,0.0,0.0008097165991902834,0.9971717171717172,6.8240721999900416,25,100
0.0008097165991902834,0.0,1.0,0.0,0.0,0.7,0,4936,4,10,0.0,0.0008097165991902834,0.9971717171717172,6.8240721999900416,25,100
0.0034412955465587046,0.0,1.0,0.0,0.0,0.75,0,4923,17,10,0.0,0.0034412955465587046,0.9945454545454545,6.8240721999900416,25,100
0.0034412955465587046,0.0,1.0,0.0,0.0,0.8,0,4923,17,10,0.0,0.0034412955465587046,0.9945454545454545,6.8240721999900416,25,100
0.0034412955465587046,0.0,1.0,0.0,0.0,0.85,0,4923,17,10,0.0,0.0034412955465587046,0.9945454545454545,6.8240721999900416,25,100
0.005668016194331984,0.0,1.0,0.0,0.0,0.9,0,4912,28,10,0.0,0.005668016194331984,0.9923232323232323,6.8240721999900416,25,100
0.005668016194331984,0.0,1.0,0.0,0.0,0.95,0,4912,28,10,0.0,0.005668016194331984,0.9923232323232323,6.8240721999900416,25,100
0.998582995951417,1.0,0.9979769370827433,0.0020230629172567267,1.0,1.0,10,7,4933,0,1.0,0.998582995951417,0.0034343434343434343,6.8240721999900416,25,100
0.0,0.0,0.0,,0.0,0.05,0,4940,0,10,0.0,0.0,0.997979797979798,6.845333200064488,26,100
0.0,0.0,0.0,,0.0,0.1,0,4940,0,10,0.0,0.0,0.997979797979798,6.845333200064488,26,100
0.0,0.0,0.0,,0.0,0.15,0,4940,0,10,0.0,0.0,0.997979797979798,6.845333200064488,26,100
0.0,0.0,0.0,,0.0,0.2,0,4940,0,10,0.0,0.0,0.997979797979798,6.845333200064488,26,100
0.0,0.0,0.0,,0.0,0.25,0,4940,0,10,0.0,0.0,0.997979797979798,6.845333200064488,26,100
0.0,0.0,0.0,,0.0,0.3,0,4940,0,10,0.0,0.0,0.997979797979798,6.845333200064488,26,100
0.00020242914979757084,0.0,1.0,0.0,0.0,0.35,0,4939,1,10,0.0,0.00020242914979757084,0.9977777777777778,6.845333200064488,26,100
0.0010121457489878543,0.0,1.0,0.0,0.0,0.4,0,4935,5,10,0.0,0.0010121457489878543,0.996969696969697,6.845333200064488,26,100
0.0016194331983805667,0.1,0.8888888888888888,0.1111111111111111,0.1,0.45,1,4932,8,9,0.1,0.0016194331983805667,0.9965656565656565,6.845333200064488,26,100
0.0016194331983805667,0.1,0.8888888888888888,0.1111111111111111,0.1,0.5,1,4932,8,9,0.1,0.0016194331983805667,0.9965656565656565,6.845333200064488,26,100
0.0020242914979757085,0.1,0.9090909090909091,0.09090909090909091,0.1,0.55,1,4930,10,9,0.1,0.0020242914979757085,0.9961616161616161,6.845333200064488,26,100
0.002226720647773279,0.1,0.9166666666666666,0.08333333333333333,0.1,0.6,1,4929,11,9,0.1,0.002226720647773279,0.9959595959595959,6.845333200064488,26,100
0.002226720647773279,0.1,0.9166666666666666,0.08333333333333333,0.1,0.65,1,4929,11,9,0.1,0.002226720647773279,0.9959595959595959,6.845333200064488,26,100
0.002226720647773279,0.1,0.9166666666666666,0.08333333333333333,0.1,0.7,1,4929,11,9,0.1,0.002226720647773279,0.9959595959595959,6.845333200064488,26,100
0.0034412955465587046,0.1,0.9444444444444444,0.05555555555555555,0.1,0.75,1,4923,17,9,0.1,0.0034412955465587046,0.9947474747474747,6.845333200064488,26,100
0.0034412955465587046,0.1,0.9444444444444444,0.05555555555555555,0.1,0.8,1,4923,17,9,0.1,0.0034412955465587046,0.9947474747474747,6.845333200064488,26,100
0.005060728744939271,0.1,0.9615384615384616,0.038461538461538464,0.1,0.85,1,4915,25,9,0.1,0.005060728744939271,0.9931313131313131,6.845333200064488,26,100
0.005263157894736842,0.1,0.9629629629629629,0.037037037037037035,0.1,0.9,1,4914,26,9,0.1,0.005263157894736842,0.9929292929292929,6.845333200064488,26,100
0.010931174089068825,0.1,0.9818181818181818,0.01818181818181818,0.1,0.95,1,4886,54,9,0.1,0.010931174089068825,0.9872727272727273,6.845333200064488,26,100
0.30182186234817815,0.4,0.9973244147157191,0.0026755852842809363,0.4,1.0,4,3449,1491,6,0.4,0.30182186234817815,0.6975757575757576,6.845333200064488,26,100
0.0,0.0,0.0,,0.0,0.05,0,4940,0,10,0.0,0.0,0.997979797979798,6.661958800046705,27,100
0.0,0.0,0.0,,0.0,0.1,0,4940,0,10,0.0,0.0,0.997979797979798,6.661958800046705,27,100
0.0,0.0,0.0,,0.0,0.15,0,4940,0,10,0.0,0.0,0.997979797979798,6.661958800046705,27,100
0.0,0.0,0.0,,0.0,0.2,0,4940,0,10,0.0,0.0,0.997979797979798,6.661958800046705,27,100
0.0,0.0,0.0,,0.0,0.25,0,4940,0,10,0.0,0.0,0.997979797979798,6.661958800046705,27,100
0.0,0.0,0.0,,0.0,0.3,0,4940,0,10,0.0,0.0,0.997979797979798,6.661958800046705,27,100
0.0,0.0,0.0,,0.0,0.35,0,4940,0,10,0.0,0.0,0.997979797979798,6.661958800046705,27,100
0.0,0.0,0.0,,0.0,0.4,0,4940,0,10,0.0,0.0,0.997979797979798,6.661958800046705,27,100
0.0,0.0,0.0,,0.0,0.45,0,4940,0,10,0.0,0.0,0.997979797979798,6.661958800046705,27,100
0.0,0.0,0.0,,0.0,0.5,0,4940,0,10,0.0,0.0,0.997979797979798,6.661958800046705,27,100
0.0,0.0,0.0,,0.0,0.55,0,4940,0,10,0.0,0.0,0.997979797979798,6.661958800046705,27,100
0.0,0.0,0.0,,0.0,0.6,0,4940,0,10,0.0,0.0,0.997979797979798,6.661958800046705,27,100
0.0,0.0,0.0,,0.0,0.65,0,4940,0,10,0.0,0.0,0.997979797979798,6.661958800046705,27,100
0.0,0.0,0.0,,0.0,0.7,0,4940,0,10,0.0,0.0,0.997979797979798,6.661958800046705,27,100
0.0016194331983805667,0.1,0.8888888888888888,0.1111111111111111,0.1,0.75,1,4932,8,9,0.1,0.0016194331983805667,0.9965656565656565,6.661958800046705,27,100
0.0016194331983805667,0.1,0.8888888888888888,0.1111111111111111,0.1,0.8,1,4932,8,9,0.1,0.0016194331983805667,0.9965656565656565,6.661958800046705,27,100
0.002226720647773279,0.1,0.9166666666666666,0.08333333333333333,0.1,0.85,1,4929,11,9,0.1,0.002226720647773279,0.9959595959595959,6.661958800046705,27,100
0.0024291497975708503,0.1,0.9230769230769231,0.07692307692307693,0.1,0.9,1,4928,12,9,0.1,0.0024291497975708503,0.9957575757575757,6.661958800046705,27,100
0.0034412955465587046,0.1,0.9444444444444444,0.05555555555555555,0.1,0.95,1,4923,17,9,0.1,0.0034412955465587046,0.9947474747474747,6.661958800046705,27,100
0.9983805668016195,1.0,0.9979765277215702,0.0020234722784297854,1.0,1.0,10,8,4932,0,1.0,0.9983805668016195,0.0036363636363636364,6.661958800046705,27,100
0.0,0.0,0.0,,0.0,0.05,0,4940,0,10,0.0,0.0,0.997979797979798,6.694652199978009,28,100
0.0,0.0,0.0,,0.0,0.1,0,4940,0,10,0.0,0.0,0.997979797979798,6.694652199978009,28,100
0.00020242914979757084,0.0,1.0,0.0,0.0,0.15,0,4939,1,10,0.0,0.00020242914979757084,0.9977777777777778,6.694652199978009,28,100
0.0008097165991902834,0.0,1.0,0.0,0.0,0.2,0,4936,4,10,0.0,0.0008097165991902834,0.9971717171717172,6.694652199978009,28,100
0.0012145748987854252,0.0,1.0,0.0,0.0,0.25,0,4934,6,10,0.0,0.0012145748987854252,0.9967676767676767,6.694652199978009,28,100
0.001417004048582996,0.0,1.0,0.0,0.0,0.3,0,4933,7,10,0.0,0.001417004048582996,0.9965656565656565,6.694652199978009,28,100
0.001417004048582996,0.0,1.0,0.0,0.0,0.35,0,4933,7,10,0.0,0.001417004048582996,0.9965656565656565,6.694652199978009,28,100
0.001417004048582996,0.0,1.0,0.0,0.0,0.4,0,4933,7,10,0.0,0.001417004048582996,0.9965656565656565,6.694652199978009,28,100
0.002226720647773279,0.0,1.0,0.0,0.0,0.45,0,4929,11,10,0.0,0.002226720647773279,0.9957575757575757,6.694652199978009,28,100
0.0024291497975708503,0.0,1.0,0.0,0.0,0.5,0,4928,12,10,0.0,0.0024291497975708503,0.9955555555555555,6.694652199978009,28,100
0.0024291497975708503,0.0,1.0,0.0,0.0,0.55,0,4928,12,10,0.0,0.0024291497975708503,0.9955555555555555,6.694652199978009,28,100
0.0034412955465587046,0.0,1.0,0.0,0.0,0.6,0,4923,17,10,0.0,0.0034412955465587046,0.9945454545454545,6.694652199978009,28,100
0.0072874493927125505,0.0,1.0,0.0,0.0,0.65,0,4904,36,10,0.0,0.0072874493927125505,0.9907070707070708,6.694652199978009,28,100
0.01174089068825911,0.0,1.0,0.0,0.0,0.7,0,4882,58,10,0.0,0.01174089068825911,0.9862626262626263,6.694652199978009,28,100
0.015991902834008098,0.0,1.0,0.0,0.0,0.75,0,4861,79,10,0.0,0.015991902834008098,0.982020202020202,6.694652199978009,28,100
0.02206477732793522,0.0,1.0,0.0,0.0,0.8,0,4831,109,10,0.0,0.02206477732793522,0.9759595959595959,6.694652199978009,28,100
0.03502024291497976,0.1,0.9942528735632183,0.005747126436781609,0.1,0.85,1,4767,173,9,0.1,0.03502024291497976,0.9632323232323232,6.694652199978009,28,100
0.07165991902834008,0.2,0.9943820224719101,0.0056179775280898875,0.2,0.9,2,4586,354,8,0.2,0.07165991902834008,0.9268686868686868,6.694652199978009,28,100
0.14008097165991903,0.2,0.9971181556195965,0.002881844380403458,0.2,0.95,2,4248,692,8,0.2,0.14008097165991903,0.8585858585858586,6.694652199978009,28,100
0.9969635627530364,1.0,0.9979736575481256,0.002026342451874367,1.0,1.0,10,15,4925,0,1.0,0.9969635627530364,0.005050505050505051,6.694652199978009,28,100
0.0,0.0,0.0,,0.0,0.05,0,4940,0,10,0.0,0.0,0.997979797979798,6.734084800002165,29,100
0.0,0.0,0.0,,0.0,0.1,0,4940,0,10,0.0,0.0,0.997979797979798,6.734084800002165,29,100
0.0,0.0,0.0,,0.0,0.15,0,4940,0,10,0.0,0.0,0.997979797979798,6.734084800002165,29,100
0.00020242914979757084,0.0,1.0,0.0,0.0,0.2,0,4939,1,10,0.0,0.00020242914979757084,0.9977777777777778,6.734084800002165,29,100
0.00020242914979757084,0.0,1.0,0.0,0.0,0.25,0,4939,1,10,0.0,0.00020242914979757084,0.9977777777777778,6.734084800002165,29,100
0.00020242914979757084,0.0,1.0,0.0,0.0,0.3,0,4939,1,10,0.0,0.00020242914979757084,0.9977777777777778,6.734084800002165,29,100
0.00020242914979757084,0.0,1.0,0.0,0.0,0.35,0,4939,1,10,0.0,0.00020242914979757084,0.9977777777777778,6.734084800002165,29,100
0.00020242914979757084,0.0,1.0,0.0,0.0,0.4,0,4939,1,10,0.0,0.00020242914979757084,0.9977777777777778,6.734084800002165,29,100
0.00020242914979757084,0.0,1.0,0.0,0.0,0.45,0,4939,1,10,0.0,0.00020242914979757084,0.9977777777777778,6.734084800002165,29,100
0.00020242914979757084,0.0,1.0,0.0,0.0,0.5,0,4939,1,10,0.0,0.00020242914979757084,0.9977777777777778,6.734084800002165,29,100
0.00020242914979757084,0.0,1.0,0.0,0.0,0.55,0,4939,1,10,0.0,0.00020242914979757084,0.9977777777777778,6.734084800002165,29,100
0.00020242914979757084,0.0,1.0,0.0,0.0,0.6,0,4939,1,10,0.0,0.00020242914979757084,0.9977777777777778,6.734084800002165,29,100
0.002226720647773279,0.0,1.0,0.0,0.0,0.65,0,4929,11,10,0.0,0.002226720647773279,0.9957575757575757,6.734084800002165,29,100
0.002226720647773279,0.0,1.0,0.0,0.0,0.7,0,4929,11,10,0.0,0.002226720647773279,0.9957575757575757,6.734084800002165,29,100
0.002226720647773279,0.0,1.0,0.0,0.0,0.75,0,4929,11,10,0.0,0.002226720647773279,0.9957575757575757,6.734084800002165,29,100
0.002226720647773279,0.0,1.0,0.0,0.0,0.8,0,4929,11,10,0.0,0.002226720647773279,0.9957575757575757,6.734084800002165,29,100
0.005060728744939271,0.0,1.0,0.0,0.0,0.85,0,4915,25,10,0.0,0.005060728744939271,0.9929292929292929,6.734084800002165,29,100
0.006275303643724696,0.0,1.0,0.0,0.0,0.9,0,4909,31,10,0.0,0.006275303643724696,0.9917171717171717,6.734084800002165,29,100
0.006275303643724696,0.0,1.0,0.0,0.0,0.95,0,4909,31,10,0.0,0.006275303643724696,0.9917171717171717,6.734084800002165,29,100
0.0742914979757085,0.4,0.9892183288409704,0.01078167115902965,0.4,1.0,4,4573,367,6,0.4,0.0742914979757085,0.9246464646464646,6.734084800002165,29,100
0.0,0.0,0.0,,0.0,0.05,0,4940,0,10,0.0,0.0,0.997979797979798,6.800194900017232,30,100
0.0,0.0,0.0,,0.0,0.1,0,4940,0,10,0.0,0.0,0.997979797979798,6.800194900017232,30,100
0.00020242914979757084,0.0,1.0,0.0,0.0,0.15,0,4939,1,10,0.0,0.00020242914979757084,0.9977777777777778,6.800194900017232,30,100
0.00020242914979757084,0.0,1.0,0.0,0.0,0.2,0,4939,1,10,0.0,0.00020242914979757084,0.9977777777777778,6.800194900017232,30,100
0.00020242914979757084,0.0,1.0,0.0,0.0,0.25,0,4939,1,10,0.0,0.00020242914979757084,0.9977777777777778,6.800194900017232,30,100
0.00020242914979757084,0.0,1.0,0.0,0.0,0.3,0,4939,1,10,0.0,0.00020242914979757084,0.9977777777777778,6.800194900017232,30,100
0.0004048582995951417,0.0,1.0,0.0,0.0,0.35,0,4938,2,10,0.0,0.0004048582995951417,0.9975757575757576,6.800194900017232,30,100
0.0004048582995951417,0.0,1.0,0.0,0.0,0.4,0,4938,2,10,0.0,0.0004048582995951417,0.9975757575757576,6.800194900017232,30,100
0.0004048582995951417,0.0,1.0,0.0,0.0,0.45,0,4938,2,10,0.0,0.0004048582995951417,0.9975757575757576,6.800194900017232,30,100
0.0004048582995951417,0.0,1.0,0.0,0.0,0.5,0,4938,2,10,0.0,0.0004048582995951417,0.9975757575757576,6.800194900017232,30,100
0.0004048582995951417,0.0,1.0,0.0,0.0,0.55,0,4938,2,10,0.0,0.0004048582995951417,0.9975757575757576,6.800194900017232,30,100
0.0004048582995951417,0.0,1.0,0.0,0.0,0.6,0,4938,2,10,0.0,0.0004048582995951417,0.9975757575757576,6.800194900017232,30,100
0.0004048582995951417,0.0,1.0,0.0,0.0,0.65,0,4938,2,10,0.0,0.0004048582995951417,0.9975757575757576,6.800194900017232,30,100
0.0010121457489878543,0.0,1.0,0.0,0.0,0.7,0,4935,5,10,0.0,0.0010121457489878543,0.996969696969697,6.800194900017232,30,100
0.0010121457489878543,0.0,1.0,0.0,0.0,0.75,0,4935,5,10,0.0,0.0010121457489878543,0.996969696969697,6.800194900017232,30,100
0.014574898785425101,0.1,0.9863013698630136,0.0136986301369863,0.1,0.8,1,4868,72,9,0.1,0.014574898785425101,0.9836363636363636,6.800194900017232,30,100
0.024493927125506073,0.2,0.983739837398374,0.016260162601626018,0.2,0.85,2,4819,121,8,0.2,0.024493927125506073,0.973939393939394,6.800194900017232,30,100
0.03360323886639676,0.3,0.9822485207100592,0.01775147928994083,0.3,0.9,3,4774,166,7,0.3,0.03360323886639676,0.965050505050505,6.800194900017232,30,100
0.07631578947368421,0.3,0.9921052631578947,0.007894736842105263,0.3,0.95,3,4563,377,7,0.3,0.07631578947368421,0.9224242424242424,6.800194900017232,30,100
0.9987854251012146,1.0,0.9979773462783171,0.0020226537216828477,1.0,1.0,10,6,4934,0,1.0,0.9987854251012146,0.0032323232323232323,6.800194900017232,30,100
0.0,0.0,0.0,,0.0,0.05,0,4940,0,10,0.0,0.0,0.997979797979798,6.6144196999957785,31,100
0.0,0.0,0.0,,0.0,0.1,0,4940,0,10,0.0,0.0,0.997979797979798,6.6144196999957785,31,100
0.0,0.0,0.0,,0.0,0.15,0,4940,0,10,0.0,0.0,0.997979797979798,6.6144196999957785,31,100
0.0,0.0,0.0,,0.0,0.2,0,4940,0,10,0.0,0.0,0.997979797979798,6.6144196999957785,31,100
0.0,0.0,0.0,,0.0,0.25,0,4940,0,10,0.0,0.0,0.997979797979798,6.6144196999957785,31,100
0.0,0.0,0.0,,0.0,0.3,0,4940,0,10,0.0,0.0,0.997979797979798,6.6144196999957785,31,100
0.0,0.0,0.0,,0.0,0.35,0,4940,0,10,0.0,0.0,0.997979797979798,6.6144196999957785,31,100
0.0,0.0,0.0,,0.0,0.4,0,4940,0,10,0.0,0.0,0.997979797979798,6.6144196999957785,31,100
0.0,0.0,0.0,,0.0,0.45,0,4940,0,10,0.0,0.0,0.997979797979798,6.6144196999957785,31,100
0.0,0.0,0.0,,0.0,0.5,0,4940,0,10,0.0,0.0,0.997979797979798,6.6144196999957785,31,100
0.0,0.0,0.0,,0.0,0.55,0,4940,0,10,0.0,0.0,0.997979797979798,6.6144196999957785,31,100
0.0,0.0,0.0,,0.0,0.6,0,4940,0,10,0.0,0.0,0.997979797979798,6.6144196999957785,31,100
0.0,0.0,0.0,,0.0,0.65,0,4940,0,10,0.0,0.0,0.997979797979798,6.6144196999957785,31,100
0.0,0.0,0.0,,0.0,0.7,0,4940,0,10,0.0,0.0,0.997979797979798,6.6144196999957785,31,100
0.0016194331983805667,0.0,1.0,0.0,0.0,0.75,0,4932,8,10,0.0,0.0016194331983805667,0.9963636363636363,6.6144196999957785,31,100
0.0024291497975708503,0.0,1.0,0.0,0.0,0.8,0,4928,12,10,0.0,0.0024291497975708503,0.9955555555555555,6.6144196999957785,31,100
0.002631578947368421,0.0,1.0,0.0,0.0,0.85,0,4927,13,10,0.0,0.002631578947368421,0.9953535353535353,6.6144196999957785,31,100
0.002631578947368421,0.0,1.0,0.0,0.0,0.9,0,4927,13,10,0.0,0.002631578947368421,0.9953535353535353,6.6144196999957785,31,100
0.006477732793522267,0.0,1.0,0.0,0.0,0.95,0,4908,32,10,0.0,0.006477732793522267,0.9915151515151515,6.6144196999957785,31,100
0.9987854251012146,1.0,0.9979773462783171,0.0020226537216828477,1.0,1.0,10,6,4934,0,1.0,0.9987854251012146,0.0032323232323232323,6.6144196999957785,31,100
0.0,0.0,0.0,,0.0,0.05,0,4940,0,10,0.0,0.0,0.997979797979798,6.472429200075567,32,100
0.00020242914979757084,0.0,1.0,0.0,0.0,0.1,0,4939,1,10,0.0,0.00020242914979757084,0.9977777777777778,6.472429200075567,32,100
0.00020242914979757084,0.0,1.0,0.0,0.0,0.15,0,4939,1,10,0.0,0.00020242914979757084,0.9977777777777778,6.472429200075567,32,100
0.00020242914979757084,0.0,1.0,0.0,0.0,0.2,0,4939,1,10,0.0,0.00020242914979757084,0.9977777777777778,6.472429200075567,32,100
0.0004048582995951417,0.0,1.0,0.0,0.0,0.25,0,4938,2,10,0.0,0.0004048582995951417,0.9975757575757576,6.472429200075567,32,100
0.0004048582995951417,0.0,1.0,0.0,0.0,0.3,0,4938,2,10,0.0,0.0004048582995951417,0.9975757575757576,6.472429200075567,32,100
0.0004048582995951417,0.0,1.0,0.0,0.0,0.35,0,4938,2,10,0.0,0.0004048582995951417,0.9975757575757576,6.472429200075567,32,100
0.0004048582995951417,0.0,1.0,0.0,0.0,0.4,0,4938,2,10,0.0,0.0004048582995951417,0.9975757575757576,6.472429200075567,32,100
0.0004048582995951417,0.0,1.0,0.0,0.0,0.45,0,4938,2,10,0.0,0.0004048582995951417,0.9975757575757576,6.472429200075567,32,100
0.0004048582995951417,0.0,1.0,0.0,0.0,0.5,0,4938,2,10,0.0,0.0004048582995951417,0.9975757575757576,6.472429200075567,32,100
0.0004048582995951417,0.0,1.0,0.0,0.0,0.55,0,4938,2,10,0.0,0.0004048582995951417,0.9975757575757576,6.472429200075567,32,100
0.0004048582995951417,0.0,1.0,0.0,0.0,0.6,0,4938,2,10,0.0,0.0004048582995951417,0.9975757575757576,6.472429200075567,32,100
0.0006072874493927126,0.0,1.0,0.0,0.0,0.65,0,4937,3,10,0.0,0.0006072874493927126,0.9973737373737374,6.472429200075567,32,100
0.0006072874493927126,0.0,1.0,0.0,0.0,0.7,0,4937,3,10,0.0,0.0006072874493927126,0.9973737373737374,6.472429200075567,32,100
0.0006072874493927126,0.0,1.0,0.0,0.0,0.75,0,4937,3,10,0.0,0.0006072874493927126,0.9973737373737374,6.472429200075567,32,100
0.0020242914979757085,0.0,1.0,0.0,0.0,0.8,0,4930,10,10,0.0,0.0020242914979757085,0.9959595959595959,6.472429200075567,32,100
0.0020242914979757085,0.0,1.0,0.0,0.0,0.85,0,4930,10,10,0.0,0.0020242914979757085,0.9959595959595959,6.472429200075567,32,100
0.0020242914979757085,0.0,1.0,0.0,0.0,0.9,0,4930,10,10,0.0,0.0020242914979757085,0.9959595959595959,6.472429200075567,32,100
0.002226720647773279,0.0,1.0,0.0,0.0,0.95,0,4929,11,10,0.0,0.002226720647773279,0.9957575757575757,6.472429200075567,32,100
0.9967611336032388,1.0,0.9979732468585326,0.002026753141467369,1.0,1.0,10,16,4924,0,1.0,0.9967611336032388,0.0052525252525252525,6.472429200075567,32,100
0.00020242914979757084,0.0,1.0,0.0,0.0,0.05,0,4939,1,10,0.0,0.00020242914979757084,0.9977777777777778,6.9159716999856755,33,100
0.00020242914979757084,0.0,1.0,0.0,0.0,0.1,0,4939,1,10,0.0,0.00020242914979757084,0.9977777777777778,6.9159716999856755,33,100
0.00020242914979757084,0.0,1.0,0.0,0.0,0.15,0,4939,1,10,0.0,0.00020242914979757084,0.9977777777777778,6.9159716999856755,33,100
0.00020242914979757084,0.0,1.0,0.0,0.0,0.2,0,4939,1,10,0.0,0.00020242914979757084,0.9977777777777778,6.9159716999856755,33,100
0.0004048582995951417,0.0,1.0,0.0,0.0,0.25,0,4938,2,10,0.0,0.0004048582995951417,0.9975757575757576,6.9159716999856755,33,100
0.0004048582995951417,0.0,1.0,0.0,0.0,0.3,0,4938,2,10,0.0,0.0004048582995951417,0.9975757575757576,6.9159716999856755,33,100
0.0004048582995951417,0.0,1.0,0.0,0.0,0.35,0,4938,2,10,0.0,0.0004048582995951417,0.9975757575757576,6.9159716999856755,33,100
0.0006072874493927126,0.0,1.0,0.0,0.0,0.4,0,4937,3,10,0.0,0.0006072874493927126,0.9973737373737374,6.9159716999856755,33,100
0.0006072874493927126,0.0,1.0,0.0,0.0,0.45,0,4937,3,10,0.0,0.0006072874493927126,0.9973737373737374,6.9159716999856755,33,100
0.0006072874493927126,0.0,1.0,0.0,0.0,0.5,0,4937,3,10,0.0,0.0006072874493927126,0.9973737373737374,6.9159716999856755,33,100
0.0006072874493927126,0.0,1.0,0.0,0.0,0.55,0,4937,3,10,0.0,0.0006072874493927126,0.9973737373737374,6.9159716999856755,33,100
0.0012145748987854252,0.0,1.0,0.0,0.0,0.6,0,4934,6,10,0.0,0.0012145748987854252,0.9967676767676767,6.9159716999856755,33,100
0.0012145748987854252,0.0,1.0,0.0,0.0,0.65,0,4934,6,10,0.0,0.0012145748987854252,0.9967676767676767,6.9159716999856755,33,100
0.0016194331983805667,0.0,1.0,0.0,0.0,0.7,0,4932,8,10,0.0,0.0016194331983805667,0.9963636363636363,6.9159716999856755,33,100
0.0018218623481781376,0.0,1.0,0.0,0.0,0.75,0,4931,9,10,0.0,0.0018218623481781376,0.9961616161616161,6.9159716999856755,33,100
0.027732793522267207,0.0,1.0,0.0,0.0,0.8,0,4803,137,10,0.0,0.027732793522267207,0.9703030303030303,6.9159716999856755,33,100
0.08562753036437247,0.4,0.990632318501171,0.00936768149882904,0.4,0.85,4,4517,423,6,0.4,0.08562753036437247,0.9133333333333333,6.9159716999856755,33,100
0.1360323886639676,0.5,0.9926144756277696,0.007385524372230428,0.5,0.9,5,4268,672,5,0.5,0.1360323886639676,0.8632323232323232,6.9159716999856755,33,100
0.2091093117408907,0.6,0.9942252165543792,0.005774783445620789,0.6,0.95,6,3907,1033,4,0.6,0.2091093117408907,0.7905050505050505,6.9159716999856755,33,100
0.9983805668016195,1.0,0.9979765277215702,0.0020234722784297854,1.0,1.0,10,8,4932,0,1.0,0.9983805668016195,0.0036363636363636364,6.9159716999856755,33,100
0.0,0.0,0.0,,0.0,0.05,0,4940,0,10,0.0,0.0,0.997979797979798,6.816649900050834,34,100
0.0,0.0,0.0,,0.0,0.1,0,4940,0,10,0.0,0.0,0.997979797979798,6.816649900050834,34,100
0.0,0.0,0.0,,0.0,0.15,0,4940,0,10,0.0,0.0,0.997979797979798,6.816649900050834,34,100
0.0,0.0,0.0,,0.0,0.2,0,4940,0,10,0.0,0.0,0.997979797979798,6.816649900050834,34,100
0.0,0.0,0.0,,0.0,0.25,0,4940,0,10,0.0,0.0,0.997979797979798,6.816649900050834,34,100
0.0,0.0,0.0,,0.0,0.3,0,4940,0,10,0.0,0.0,0.997979797979798,6.816649900050834,34,100
0.0,0.0,0.0,,0.0,0.35,0,4940,0,10,0.0,0.0,0.997979797979798,6.816649900050834,34,100
0.0,0.0,0.0,,0.0,0.4,0,4940,0,10,0.0,0.0,0.997979797979798,6.816649900050834,34,100
0.0,0.0,0.0,,0.0,0.45,0,4940,0,10,0.0,0.0,0.997979797979798,6.816649900050834,34,100
0.0,0.0,0.0,,0.0,0.5,0,4940,0,10,0.0,0.0,0.997979797979798,6.816649900050834,34,100
0.0,0.0,0.0,,0.0,0.55,0,4940,0,10,0.0,0.0,0.997979797979798,6.816649900050834,34,100
0.0,0.0,0.0,,0.0,0.6,0,4940,0,10,0.0,0.0,0.997979797979798,6.816649900050834,34,100
0.0032388663967611335,0.0,1.0,0.0,0.0,0.65,0,4924,16,10,0.0,0.0032388663967611335,0.9947474747474747,6.816649900050834,34,100
0.0038461538461538464,0.0,1.0,0.0,0.0,0.7,0,4921,19,10,0.0,0.0038461538461538464,0.9941414141414141,6.816649900050834,34,100
0.0038461538461538464,0.0,1.0,0.0,0.0,0.75,0,4921,19,10,0.0,0.0038461538461538464,0.9941414141414141,6.816649900050834,34,100
0.005870445344129555,0.0,1.0,0.0,0.0,0.8,0,4911,29,10,0.0,0.005870445344129555,0.9921212121212121,6.816649900050834,34,100
0.006072874493927126,0.0,1.0,0.0,0.0,0.85,0,4910,30,10,0.0,0.006072874493927126,0.9919191919191919,6.816649900050834,34,100
0.008502024291497975,0.0,1.0,0.0,0.0,0.9,0,4898,42,10,0.0,0.008502024291497975,0.9894949494949495,6.816649900050834,34,100
0.01680161943319838,0.0,1.0,0.0,0.0,0.95,0,4857,83,10,0.0,0.01680161943319838,0.9812121212121212,6.816649900050834,34,100
0.9917004048582996,1.0,0.9979629252393563,0.002037074760643716,1.0,1.0,10,41,4899,0,1.0,0.9917004048582996,0.010303030303030303,6.816649900050834,34,100
0.00020242914979757084,0.0,1.0,0.0,0.0,0.05,0,4939,1,10,0.0,0.00020242914979757084,0.9977777777777778,6.579744999995455,35,100
0.00020242914979757084,0.0,1.0,0.0,0.0,0.1,0,4939,1,10,0.0,0.00020242914979757084,0.9977777777777778,6.579744999995455,35,100
0.00020242914979757084,0.0,1.0,0.0,0.0,0.15,0,4939,1,10,0.0,0.00020242914979757084,0.9977777777777778,6.579744999995455,35,100
0.00020242914979757084,0.0,1.0,0.0,0.0,0.2,0,4939,1,10,0.0,0.00020242914979757084,0.9977777777777778,6.579744999995455,35,100
0.00020242914979757084,0.0,1.0,0.0,0.0,0.25,0,4939,1,10,0.0,0.00020242914979757084,0.9977777777777778,6.579744999995455,35,100
0.00020242914979757084,0.0,1.0,0.0,0.0,0.3,0,4939,1,10,0.0,0.00020242914979757084,0.9977777777777778,6.579744999995455,35,100
0.00020242914979757084,0.0,1.0,0.0,0.0,0.35,0,4939,1,10,0.0,0.00020242914979757084,0.9977777777777778,6.579744999995455,35,100
0.00020242914979757084,0.0,1.0,0.0,0.0,0.4,0,4939,1,10,0.0,0.00020242914979757084,0.9977777777777778,6.579744999995455,35,100
0.00020242914979757084,0.0,1.0,0.0,0.0,0.45,0,4939,1,10,0.0,0.00020242914979757084,0.9977777777777778,6.579744999995455,35,100
0.00020242914979757084,0.0,1.0,0.0,0.0,0.5,0,4939,1,10,0.0,0.00020242914979757084,0.9977777777777778,6.579744999995455,35,100
0.00020242914979757084,0.0,1.0,0.0,0.0,0.55,0,4939,1,10,0.0,0.00020242914979757084,0.9977777777777778,6.579744999995455,35,100
0.00020242914979757084,0.0,1.0,0.0,0.0,0.6,0,4939,1,10,0.0,0.00020242914979757084,0.9977777777777778,6.579744999995455,35,100
0.00020242914979757084,0.0,1.0,0.0,0.0,0.65,0,4939,1,10,0.0,0.00020242914979757084,0.9977777777777778,6.579744999995455,35,100
0.0066801619433198385,0.0,1.0,0.0,0.0,0.7,0,4907,33,10,0.0,0.0066801619433198385,0.9913131313131314,6.579744999995455,35,100
0.010931174089068825,0.0,1.0,0.0,0.0,0.75,0,4886,54,10,0.0,0.010931174089068825,0.9870707070707071,6.579744999995455,35,100
0.011538461538461539,0.0,1.0,0.0,0.0,0.8,0,4883,57,10,0.0,0.011538461538461539,0.9864646464646465,6.579744999995455,35,100
0.013157894736842105,0.0,1.0,0.0,0.0,0.85,0,4875,65,10,0.0,0.013157894736842105,0.9848484848484849,6.579744999995455,35,100
0.13137651821862348,0.7,0.989329268292683,0.010670731707317074,0.7,0.9,7,4291,649,3,0.7,0.13137651821862348,0.8682828282828283,6.579744999995455,35,100
0.3589068825910931,0.8,0.9955081414935429,0.004491858506457047,0.8,0.95,8,3167,1773,2,0.8,0.3589068825910931,0.6414141414141414,6.579744999995455,35,100
0.998582995951417,1.0,0.9979769370827433,0.0020230629172567267,1.0,1.0,10,7,4933,0,1.0,0.998582995951417,0.0034343434343434343,6.579744999995455,35,100
0.0,0.0,0.0,,0.0,0.05,0,4940,0,10,0.0,0.0,0.997979797979798,6.677514599985443,36,100
0.0,0.0,0.0,,0.0,0.1,0,4940,0,10,0.0,0.0,0.997979797979798,6.677514599985443,36,100
0.0,0.0,0.0,,0.0,0.15,0,4940,0,10,0.0,0.0,0.997979797979798,6.677514599985443,36,100
0.0,0.0,0.0,,0.0,0.2,0,4940,0,10,0.0,0.0,0.997979797979798,6.677514599985443,36,100
0.0,0.0,0.0,,0.0,0.25,0,4940,0,10,0.0,0.0,0.997979797979798,6.677514599985443,36,100
0.0,0.0,0.0,,0.0,0.3,0,4940,0,10,0.0,0.0,0.997979797979798,6.677514599985443,36,100
0.0,0.0,0.0,,0.0,0.35,0,4940,0,10,0.0,0.0,0.997979797979798,6.677514599985443,36,100
0.0004048582995951417,0.0,1.0,0.0,0.0,0.4,0,4938,2,10,0.0,0.0004048582995951417,0.9975757575757576,6.677514599985443,36,100
0.0004048582995951417,0.0,1.0,0.0,0.0,0.45,0,4938,2,10,0.0,0.0004048582995951417,0.9975757575757576,6.677514599985443,36,100
0.0004048582995951417,0.0,1.0,0.0,0.0,0.5,0,4938,2,10,0.0,0.0004048582995951417,0.9975757575757576,6.677514599985443,36,100
0.0004048582995951417,0.0,1.0,0.0,0.0,0.55,0,4938,2,10,0.0,0.0004048582995951417,0.9975757575757576,6.677514599985443,36,100
0.0004048582995951417,0.0,1.0,0.0,0.0,0.6,0,4938,2,10,0.0,0.0004048582995951417,0.9975757575757576,6.677514599985443,36,100
0.0004048582995951417,0.0,1.0,0.0,0.0,0.65,0,4938,2,10,0.0,0.0004048582995951417,0.9975757575757576,6.677514599985443,36,100
0.0004048582995951417,0.0,1.0,0.0,0.0,0.7,0,4938,2,10,0.0,0.0004048582995951417,0.9975757575757576,6.677514599985443,36,100
0.0004048582995951417,0.0,1.0,0.0,0.0,0.75,0,4938,2,10,0.0,0.0004048582995951417,0.9975757575757576,6.677514599985443,36,100
0.0004048582995951417,0.0,1.0,0.0,0.0,0.8,0,4938,2,10,0.0,0.0004048582995951417,0.9975757575757576,6.677514599985443,36,100
0.006275303643724696,0.2,0.9393939393939394,0.06060606060606061,0.2,0.85,2,4909,31,8,0.2,0.006275303643724696,0.9921212121212121,6.677514599985443,36,100
0.008502024291497975,0.3,0.9333333333333333,0.06666666666666667,0.3,0.9,3,4898,42,7,0.3,0.008502024291497975,0.9901010101010101,6.677514599985443,36,100
0.008502024291497975,0.3,0.9333333333333333,0.06666666666666667,0.3,0.95,3,4898,42,7,0.3,0.008502024291497975,0.9901010101010101,6.677514599985443,36,100
0.9714574898785425,1.0,0.9979205656061552,0.002079434393844874,1.0,1.0,10,141,4799,0,1.0,0.9714574898785425,0.030505050505050504,6.677514599985443,36,100
0.0,0.0,0.0,,0.0,0.05,0,4940,0,10,0.0,0.0,0.997979797979798,6.758968699956313,37,100
0.0,0.0,0.0,,0.0,0.1,0,4940,0,10,0.0,0.0,0.997979797979798,6.758968699956313,37,100
0.0,0.0,0.0,,0.0,0.15,0,4940,0,10,0.0,0.0,0.997979797979798,6.758968699956313,37,100
0.0,0.0,0.0,,0.0,0.2,0,4940,0,10,0.0,0.0,0.997979797979798,6.758968699956313,37,100
0.0,0.0,0.0,,0.0,0.25,0,4940,0,10,0.0,0.0,0.997979797979798,6.758968699956313,37,100
0.0,0.0,0.0,,0.0,0.3,0,4940,0,10,0.0,0.0,0.997979797979798,6.758968699956313,37,100
0.0,0.0,0.0,,0.0,0.35,0,4940,0,10,0.0,0.0,0.997979797979798,6.758968699956313,37,100
0.0,0.0,0.0,,0.0,0.4,0,4940,0,10,0.0,0.0,0.997979797979798,6.758968699956313,37,100
0.0,0.0,0.0,,0.0,0.45,0,4940,0,10,0.0,0.0,0.997979797979798,6.758968699956313,37,100
0.0,0.0,0.0,,0.0,0.5,0,4940,0,10,0.0,0.0,0.997979797979798,6.758968699956313,37,100
0.0,0.0,0.0,,0.0,0.55,0,4940,0,10,0.0,0.0,0.997979797979798,6.758968699956313,37,100
0.0,0.0,0.0,,0.0,0.6,0,4940,0,10,0.0,0.0,0.997979797979798,6.758968699956313,37,100
0.0,0.0,0.0,,0.0,0.65,0,4940,0,10,0.0,0.0,0.997979797979798,6.758968699956313,37,100
0.0,0.0,0.0,,0.0,0.7,0,4940,0,10,0.0,0.0,0.997979797979798,6.758968699956313,37,100
0.0,0.0,0.0,,0.0,0.75,0,4940,0,10,0.0,0.0,0.997979797979798,6.758968699956313,37,100
0.0,0.0,0.0,,0.0,0.8,0,4940,0,10,0.0,0.0,0.997979797979798,6.758968699956313,37,100
0.0012145748987854252,0.0,1.0,0.0,0.0,0.85,0,4934,6,10,0.0,0.0012145748987854252,0.9967676767676767,6.758968699956313,37,100
0.004251012145748988,0.0,1.0,0.0,0.0,0.9,0,4919,21,10,0.0,0.004251012145748988,0.9937373737373737,6.758968699956313,37,100
0.006477732793522267,0.0,1.0,0.0,0.0,0.95,0,4908,32,10,0.0,0.006477732793522267,0.9915151515151515,6.758968699956313,37,100
0.9987854251012146,1.0,0.9979773462783171,0.0020226537216828477,1.0,1.0,10,6,4934,0,1.0,0.9987854251012146,0.0032323232323232323,6.758968699956313,37,100
0.0,0.0,0.0,,0.0,0.05,0,4940,0,10,0.0,0.0,0.997979797979798,6.660033300053328,38,100
0.0,0.0,0.0,,0.0,0.1,0,4940,0,10,0.0,0.0,0.997979797979798,6.660033300053328,38,100
0.0,0.0,0.0,,0.0,0.15,0,4940,0,10,0.0,0.0,0.997979797979798,6.660033300053328,38,100
0.0,0.0,0.0,,0.0,0.2,0,4940,0,10,0.0,0.0,0.997979797979798,6.660033300053328,38,100
0.0,0.0,0.0,,0.0,0.25,0,4940,0,10,0.0,0.0,0.997979797979798,6.660033300053328,38,100
0.0,0.0,0.0,,0.0,0.3,0,4940,0,10,0.0,0.0,0.997979797979798,6.660033300053328,38,100
0.0,0.0,0.0,,0.0,0.35,0,4940,0,10,0.0,0.0,0.997979797979798,6.660033300053328,38,100
0.0,0.0,0.0,,0.0,0.4,0,4940,0,10,0.0,0.0,0.997979797979798,6.660033300053328,38,100
0.0,0.0,0.0,,0.0,0.45,0,4940,0,10,0.0,0.0,0.997979797979798,6.660033300053328,38,100
0.0,0.0,0.0,,0.0,0.5,0,4940,0,10,0.0,0.0,0.997979797979798,6.660033300053328,38,100
0.0,0.0,0.0,,0.0,0.55,0,4940,0,10,0.0,0.0,0.997979797979798,6.660033300053328,38,100
0.0,0.0,0.0,,0.0,0.6,0,4940,0,10,0.0,0.0,0.997979797979798,6.660033300053328,38,100
0.0,0.0,0.0,,0.0,0.65,0,4940,0,10,0.0,0.0,0.997979797979798,6.660033300053328,38,100
0.0,0.0,0.0,,0.0,0.7,0,4940,0,10,0.0,0.0,0.997979797979798,6.660033300053328,38,100
0.0,0.0,0.0,,0.0,0.75,0,4940,0,10,0.0,0.0,0.997979797979798,6.660033300053328,38,100
0.0,0.0,0.0,,0.0,0.8,0,4940,0,10,0.0,0.0,0.997979797979798,6.660033300053328,38,100
0.009919028340080972,0.0,1.0,0.0,0.0,0.85,0,4891,49,10,0.0,0.009919028340080972,0.9880808080808081,6.660033300053328,38,100
0.010121457489878543,0.0,1.0,0.0,0.0,0.9,0,4890,50,10,0.0,0.010121457489878543,0.9878787878787879,6.660033300053328,38,100
0.024493927125506073,0.2,0.983739837398374,0.016260162601626018,0.2,0.95,2,4819,121,8,0.2,0.024493927125506073,0.973939393939394,6.660033300053328,38,100
0.9949392712550608,1.0,0.9979695431472081,0.0020304568527918783,1.0,1.0,10,25,4915,0,1.0,0.9949392712550608,0.007070707070707071,6.660033300053328,38,100
0.0,0.0,0.0,,0.0,0.05,0,4940,0,10,0.0,0.0,0.997979797979798,6.904001299990341,39,100
0.0,0.0,0.0,,0.0,0.1,0,4940,0,10,0.0,0.0,0.997979797979798,6.904001299990341,39,100
0.0,0.0,0.0,,0.0,0.15,0,4940,0,10,0.0,0.0,0.997979797979798,6.904001299990341,39,100
0.0,0.0,0.0,,0.0,0.2,0,4940,0,10,0.0,0.0,0.997979797979798,6.904001299990341,39,100
0.0,0.0,0.0,,0.0,0.25,0,4940,0,10,0.0,0.0,0.997979797979798,6.904001299990341,39,100
0.0,0.0,0.0,,0.0,0.3,0,4940,0,10,0.0,0.0,0.997979797979798,6.904001299990341,39,100
0.0,0.0,0.0,,0.0,0.35,0,4940,0,10,0.0,0.0,0.997979797979798,6.904001299990341,39,100
0.0,0.0,0.0,,0.0,0.4,0,4940,0,10,0.0,0.0,0.997979797979798,6.904001299990341,39,100
0.00020242914979757084,0.0,1.0,0.0,0.0,0.45,0,4939,1,10,0.0,0.00020242914979757084,0.9977777777777778,6.904001299990341,39,100
0.00020242914979757084,0.0,1.0,0.0,0.0,0.5,0,4939,1,10,0.0,0.00020242914979757084,0.9977777777777778,6.904001299990341,39,100
0.00020242914979757084,0.0,1.0,0.0,0.0,0.55,0,4939,1,10,0.0,0.00020242914979757084,0.9977777777777778,6.904001299990341,39,100
0.00020242914979757084,0.0,1.0,0.0,0.0,0.6,0,4939,1,10,0.0,0.00020242914979757084,0.9977777777777778,6.904001299990341,39,100
0.00020242914979757084,0.0,1.0,0.0,0.0,0.65,0,4939,1,10,0.0,0.00020242914979757084,0.9977777777777778,6.904001299990341,39,100
0.00020242914979757084,0.0,1.0,0.0,0.0,0.7,0,4939,1,10,0.0,0.00020242914979757084,0.9977777777777778,6.904001299990341,39,100
0.00020242914979757084,0.0,1.0,0.0,0.0,0.75,0,4939,1,10,0.0,0.00020242914979757084,0.9977777777777778,6.904001299990341,39,100
0.00020242914979757084,0.0,1.0,0.0,0.0,0.8,0,4939,1,10,0.0,0.00020242914979757084,0.9977777777777778,6.904001299990341,39,100
0.01194331983805668,0.1,0.9833333333333333,0.016666666666666666,0.1,0.85,1,4881,59,9,0.1,0.01194331983805668,0.9862626262626263,6.904001299990341,39,100
0.013157894736842105,0.1,0.9848484848484849,0.015151515151515152,0.1,0.9,1,4875,65,9,0.1,0.013157894736842105,0.9850505050505051,6.904001299990341,39,100
0.013157894736842105,0.1,0.9848484848484849,0.015151515151515152,0.1,0.95,1,4875,65,9,0.1,0.013157894736842105,0.9850505050505051,6.904001299990341,39,100
0.9987854251012146,1.0,0.9979773462783171,0.0020226537216828477,1.0,1.0,10,6,4934,0,1.0,0.9987854251012146,0.0032323232323232323,6.904001299990341,39,100
0.0,0.0,0.0,,0.0,0.05,0,4940,0,10,0.0,0.0,0.997979797979798,6.756341000087559,40,100
0.0,0.1,0.0,1.0,0.1,0.1,1,4940,0,9,0.1,0.0,0.9981818181818182,6.756341000087559,40,100
0.0,0.1,0.0,1.0,0.1,0.15,1,4940,0,9,0.1,0.0,0.9981818181818182,6.756341000087559,40,100
0.0,0.1,0.0,1.0,0.1,0.2,1,4940,0,9,0.1,0.0,0.9981818181818182,6.756341000087559,40,100
0.0,0.1,0.0,1.0,0.1,0.25,1,4940,0,9,0.1,0.0,0.9981818181818182,6.756341000087559,40,100
0.0,0.1,0.0,1.0,0.1,0.3,1,4940,0,9,0.1,0.0,0.9981818181818182,6.756341000087559,40,100
0.0006072874493927126,0.1,0.75,0.25,0.1,0.35,1,4937,3,9,0.1,0.0006072874493927126,0.9975757575757576,6.756341000087559,40,100
0.001417004048582996,0.1,0.875,0.125,0.1,0.4,1,4933,7,9,0.1,0.001417004048582996,0.9967676767676767,6.756341000087559,40,100
0.001417004048582996,0.1,0.875,0.125,0.1,0.45,1,4933,7,9,0.1,0.001417004048582996,0.9967676767676767,6.756341000087559,40,100
0.001417004048582996,0.1,0.875,0.125,0.1,0.5,1,4933,7,9,0.1,0.001417004048582996,0.9967676767676767,6.756341000087559,40,100
0.0018218623481781376,0.2,0.8181818181818182,0.18181818181818182,0.2,0.55,2,4931,9,8,0.2,0.0018218623481781376,0.9965656565656565,6.756341000087559,40,100
0.0018218623481781376,0.2,0.8181818181818182,0.18181818181818182,0.2,0.6,2,4931,9,8,0.2,0.0018218623481781376,0.9965656565656565,6.756341000087559,40,100
0.0018218623481781376,0.2,0.8181818181818182,0.18181818181818182,0.2,0.65,2,4931,9,8,0.2,0.0018218623481781376,0.9965656565656565,6.756341000087559,40,100
0.0018218623481781376,0.2,0.8181818181818182,0.18181818181818182,0.2,0.7,2,4931,9,8,0.2,0.0018218623481781376,0.9965656565656565,6.756341000087559,40,100
0.0024291497975708503,0.2,0.8571428571428571,0.14285714285714285,0.2,0.75,2,4928,12,8,0.2,0.0024291497975708503,0.9959595959595959,6.756341000087559,40,100
0.0024291497975708503,0.2,0.8571428571428571,0.14285714285714285,0.2,0.8,2,4928,12,8,0.2,0.0024291497975708503,0.9959595959595959,6.756341000087559,40,100
0.02145748987854251,0.3,0.9724770642201835,0.027522935779816515,0.3,0.85,3,4834,106,7,0.3,0.02145748987854251,0.9771717171717171,6.756341000087559,40,100
0.02186234817813765,0.3,0.972972972972973,0.02702702702702703,0.3,0.9,3,4832,108,7,0.3,0.02186234817813765,0.9767676767676767,6.756341000087559,40,100
0.03744939271255061,0.3,0.9840425531914894,0.015957446808510637,0.3,0.95,3,4755,185,7,0.3,0.03744939271255061,0.9612121212121212,6.756341000087559,40,100
0.9987854251012146,1.0,0.9979773462783171,0.0020226537216828477,1.0,1.0,10,6,4934,0,1.0,0.9987854251012146,0.0032323232323232323,6.756341000087559,40,100
0.0,0.0,0.0,,0.0,0.05,0,4940,0,10,0.0,0.0,0.997979797979798,6.758964400039986,41,100
0.0,0.0,0.0,,0.0,0.1,0,4940,0,10,0.0,0.0,0.997979797979798,6.758964400039986,41,100
0.0,0.0,0.0,,0.0,0.15,0,4940,0,10,0.0,0.0,0.997979797979798,6.758964400039986,41,100
0.0,0.0,0.0,,0.0,0.2,0,4940,0,10,0.0,0.0,0.997979797979798,6.758964400039986,41,100
0.0,0.0,0.0,,0.0,0.25,0,4940,0,10,0.0,0.0,0.997979797979798,6.758964400039986,41,100
0.0,0.0,0.0,,0.0,0.3,0,4940,0,10,0.0,0.0,0.997979797979798,6.758964400039986,41,100
0.0010121457489878543,0.0,1.0,0.0,0.0,0.35,0,4935,5,10,0.0,0.0010121457489878543,0.996969696969697,6.758964400039986,41,100
0.0010121457489878543,0.0,1.0,0.0,0.0,0.4,0,4935,5,10,0.0,0.0010121457489878543,0.996969696969697,6.758964400039986,41,100
0.0010121457489878543,0.0,1.0,0.0,0.0,0.45,0,4935,5,10,0.0,0.0010121457489878543,0.996969696969697,6.758964400039986,41,100
0.0010121457489878543,0.0,1.0,0.0,0.0,0.5,0,4935,5,10,0.0,0.0010121457489878543,0.996969696969697,6.758964400039986,41,100
0.0010121457489878543,0.0,1.0,0.0,0.0,0.55,0,4935,5,10,0.0,0.0010121457489878543,0.996969696969697,6.758964400039986,41,100
0.0010121457489878543,0.0,1.0,0.0,0.0,0.6,0,4935,5,10,0.0,0.0010121457489878543,0.996969696969697,6.758964400039986,41,100
0.0012145748987854252,0.0,1.0,0.0,0.0,0.65,0,4934,6,10,0.0,0.0012145748987854252,0.9967676767676767,6.758964400039986,41,100
0.0020242914979757085,0.0,1.0,0.0,0.0,0.7,0,4930,10,10,0.0,0.0020242914979757085,0.9959595959595959,6.758964400039986,41,100
0.0020242914979757085,0.0,1.0,0.0,0.0,0.75,0,4930,10,10,0.0,0.0020242914979757085,0.9959595959595959,6.758964400039986,41,100
0.008704453441295546,0.0,1.0,0.0,0.0,0.8,0,4897,43,10,0.0,0.008704453441295546,0.9892929292929293,6.758964400039986,41,100
0.009716599190283401,0.0,1.0,0.0,0.0,0.85,0,4892,48,10,0.0,0.009716599190283401,0.9882828282828283,6.758964400039986,41,100
0.09068825910931175,0.1,0.9977728285077951,0.0022271714922048997,0.1,0.9,1,4492,448,9,0.1,0.09068825910931175,0.9076767676767676,6.758964400039986,41,100
0.09858299595141701,0.1,0.9979508196721312,0.0020491803278688526,0.1,0.95,1,4453,487,9,0.1,0.09858299595141701,0.8997979797979798,6.758964400039986,41,100
0.9989878542510121,1.0,0.9979777553083923,0.0020222446916076846,1.0,1.0,10,5,4935,0,1.0,0.9989878542510121,0.0030303030303030303,6.758964400039986,41,100
0.0,0.1,0.0,1.0,0.1,0.05,1,4940,0,9,0.1,0.0,0.9981818181818182,6.612683599931188,42,100
0.00020242914979757084,0.1,0.5,0.5,0.1,0.1,1,4939,1,9,0.1,0.00020242914979757084,0.997979797979798,6.612683599931188,42,100
0.00020242914979757084,0.1,0.5,0.5,0.1,0.15,1,4939,1,9,0.1,0.00020242914979757084,0.997979797979798,6.612683599931188,42,100
0.00020242914979757084,0.1,0.5,0.5,0.1,0.2,1,4939,1,9,0.1,0.00020242914979757084,0.997979797979798,6.612683599931188,42,100
0.00020242914979757084,0.1,0.5,0.5,0.1,0.25,1,4939,1,9,0.1,0.00020242914979757084,0.997979797979798,6.612683599931188,42,100
0.00020242914979757084,0.1,0.5,0.5,0.1,0.3,1,4939,1,9,0.1,0.00020242914979757084,0.997979797979798,6.612683599931188,42,100
0.00020242914979757084,0.1,0.5,0.5,0.1,0.35,1,4939,1,9,0.1,0.00020242914979757084,0.997979797979798,6.612683599931188,42,100
0.00020242914979757084,0.1,0.5,0.5,0.1,0.4,1,4939,1,9,0.1,0.00020242914979757084,0.997979797979798,6.612683599931188,42,100
0.00020242914979757084,0.1,0.5,0.5,0.1,0.45,1,4939,1,9,0.1,0.00020242914979757084,0.997979797979798,6.612683599931188,42,100
0.00020242914979757084,0.1,0.5,0.5,0.1,0.5,1,4939,1,9,0.1,0.00020242914979757084,0.997979797979798,6.612683599931188,42,100
0.0004048582995951417,0.1,0.6666666666666666,0.3333333333333333,0.1,0.55,1,4938,2,9,0.1,0.0004048582995951417,0.9977777777777778,6.612683599931188,42,100
0.0004048582995951417,0.1,0.6666666666666666,0.3333333333333333,0.1,0.6,1,4938,2,9,0.1,0.0004048582995951417,0.9977777777777778,6.612683599931188,42,100
0.0020242914979757085,0.1,0.9090909090909091,0.09090909090909091,0.1,0.65,1,4930,10,9,0.1,0.0020242914979757085,0.9961616161616161,6.612683599931188,42,100
0.0020242914979757085,0.1,0.9090909090909091,0.09090909090909091,0.1,0.7,1,4930,10,9,0.1,0.0020242914979757085,0.9961616161616161,6.612683599931188,42,100
0.0020242914979757085,0.1,0.9090909090909091,0.09090909090909091,0.1,0.75,1,4930,10,9,0.1,0.0020242914979757085,0.9961616161616161,6.612683599931188,42,100
0.004453441295546558,0.1,0.9565217391304348,0.043478260869565216,0.1,0.8,1,4918,22,9,0.1,0.004453441295546558,0.9937373737373737,6.612683599931188,42,100
0.07408906882591093,0.2,0.9945652173913043,0.005434782608695652,0.2,0.85,2,4574,366,8,0.2,0.07408906882591093,0.9244444444444444,6.612683599931188,42,100
0.13076923076923078,0.3,0.9953775038520801,0.004622496147919877,0.3,0.9,3,4294,646,7,0.3,0.13076923076923078,0.8680808080808081,6.612683599931188,42,100
0.28259109311740893,0.3,0.997855611150822,0.002144388849177984,0.3,0.95,3,3544,1396,7,0.3,0.28259109311740893,0.7165656565656565,6.612683599931188,42,100
0.9645748987854251,0.9,0.9981147884373691,0.0018852115626309175,0.9,1.0,9,175,4765,1,0.9,0.9645748987854251,0.037171717171717175,6.612683599931188,42,100
0.0,0.0,0.0,,0.0,0.05,0,4940,0,10,0.0,0.0,0.997979797979798,6.619942200020887,43,100
0.0,0.0,0.0,,0.0,0.1,0,4940,0,10,0.0,0.0,0.997979797979798,6.619942200020887,43,100
0.00020242914979757084,0.0,1.0,0.0,0.0,0.15,0,4939,1,10,0.0,0.00020242914979757084,0.9977777777777778,6.619942200020887,43,100
0.00020242914979757084,0.0,1.0,0.0,0.0,0.2,0,4939,1,10,0.0,0.00020242914979757084,0.9977777777777778,6.619942200020887,43,100
0.0004048582995951417,0.0,1.0,0.0,0.0,0.25,0,4938,2,10,0.0,0.0004048582995951417,0.9975757575757576,6.619942200020887,43,100
0.0004048582995951417,0.0,1.0,0.0,0.0,0.3,0,4938,2,10,0.0,0.0004048582995951417,0.9975757575757576,6.619942200020887,43,100
0.0008097165991902834,0.0,1.0,0.0,0.0,0.35,0,4936,4,10,0.0,0.0008097165991902834,0.9971717171717172,6.619942200020887,43,100
0.0016194331983805667,0.0,1.0,0.0,0.0,0.4,0,4932,8,10,0.0,0.0016194331983805667,0.9963636363636363,6.619942200020887,43,100
0.0016194331983805667,0.0,1.0,0.0,0.0,0.45,0,4932,8,10,0.0,0.0016194331983805667,0.9963636363636363,6.619942200020887,43,100
0.003036437246963563,0.0,1.0,0.0,0.0,0.5,0,4925,15,10,0.0,0.003036437246963563,0.9949494949494949,6.619942200020887,43,100
0.003036437246963563,0.0,1.0,0.0,0.0,0.55,0,4925,15,10,0.0,0.003036437246963563,0.9949494949494949,6.619942200020887,43,100
0.003036437246963563,0.0,1.0,0.0,0.0,0.6,0,4925,15,10,0.0,0.003036437246963563,0.9949494949494949,6.619942200020887,43,100
0.003036437246963563,0.0,1.0,0.0,0.0,0.65,0,4925,15,10,0.0,0.003036437246963563,0.9949494949494949,6.619942200020887,43,100
0.012955465587044534,0.0,1.0,0.0,0.0,0.7,0,4876,64,10,0.0,0.012955465587044534,0.9850505050505051,6.619942200020887,43,100
0.013157894736842105,0.0,1.0,0.0,0.0,0.75,0,4875,65,10,0.0,0.013157894736842105,0.9848484848484849,6.619942200020887,43,100
0.01639676113360324,0.0,1.0,0.0,0.0,0.8,0,4859,81,10,0.0,0.01639676113360324,0.9816161616161616,6.619942200020887,43,100
0.03906882591093117,0.1,0.9948453608247423,0.005154639175257732,0.1,0.85,1,4747,193,9,0.1,0.03906882591093117,0.9591919191919192,6.619942200020887,43,100
0.07975708502024291,0.2,0.9949494949494949,0.005050505050505051,0.2,0.9,2,4546,394,8,0.2,0.07975708502024291,0.9187878787878788,6.619942200020887,43,100
0.21700404858299596,0.3,0.9972093023255814,0.0027906976744186047,0.3,0.95,3,3868,1072,7,0.3,0.21700404858299596,0.7820202020202021,6.619942200020887,43,100
0.998582995951417,1.0,0.9979769370827433,0.0020230629172567267,1.0,1.0,10,7,4933,0,1.0,0.998582995951417,0.0034343434343434343,6.619942200020887,43,100
0.0,0.0,0.0,,0.0,0.05,0,4940,0,10,0.0,0.0,0.997979797979798,6.771835399908014,44,100
0.0,0.0,0.0,,0.0,0.1,0,4940,0,10,0.0,0.0,0.997979797979798,6.771835399908014,44,100
0.0,0.0,0.0,,0.0,0.15,0,4940,0,10,0.0,0.0,0.997979797979798,6.771835399908014,44,100
0.0,0.0,0.0,,0.0,0.2,0,4940,0,10,0.0,0.0,0.997979797979798,6.771835399908014,44,100
0.0,0.0,0.0,,0.0,0.25,0,4940,0,10,0.0,0.0,0.997979797979798,6.771835399908014,44,100
0.0,0.0,0.0,,0.0,0.3,0,4940,0,10,0.0,0.0,0.997979797979798,6.771835399908014,44,100
0.0,0.0,0.0,,0.0,0.35,0,4940,0,10,0.0,0.0,0.997979797979798,6.771835399908014,44,100
0.0006072874493927126,0.0,1.0,0.0,0.0,0.4,0,4937,3,10,0.0,0.0006072874493927126,0.9973737373737374,6.771835399908014,44,100
0.0006072874493927126,0.0,1.0,0.0,0.0,0.45,0,4937,3,10,0.0,0.0006072874493927126,0.9973737373737374,6.771835399908014,44,100
0.0008097165991902834,0.0,1.0,0.0,0.0,0.5,0,4936,4,10,0.0,0.0008097165991902834,0.9971717171717172,6.771835399908014,44,100
0.0008097165991902834,0.0,1.0,0.0,0.0,0.55,0,4936,4,10,0.0,0.0008097165991902834,0.9971717171717172,6.771835399908014,44,100
0.0016194331983805667,0.0,1.0,0.0,0.0,0.6,0,4932,8,10,0.0,0.0016194331983805667,0.9963636363636363,6.771835399908014,44,100
0.0020242914979757085,0.0,1.0,0.0,0.0,0.65,0,4930,10,10,0.0,0.0020242914979757085,0.9959595959595959,6.771835399908014,44,100
0.002226720647773279,0.0,1.0,0.0,0.0,0.7,0,4929,11,10,0.0,0.002226720647773279,0.9957575757575757,6.771835399908014,44,100
0.0024291497975708503,0.0,1.0,0.0,0.0,0.75,0,4928,12,10,0.0,0.0024291497975708503,0.9955555555555555,6.771835399908014,44,100
0.0024291497975708503,0.0,1.0,0.0,0.0,0.8,0,4928,12,10,0.0,0.0024291497975708503,0.9955555555555555,6.771835399908014,44,100
0.0024291497975708503,0.0,1.0,0.0,0.0,0.85,0,4928,12,10,0.0,0.0024291497975708503,0.9955555555555555,6.771835399908014,44,100
0.0024291497975708503,0.0,1.0,0.0,0.0,0.9,0,4928,12,10,0.0,0.0024291497975708503,0.9955555555555555,6.771835399908014,44,100
0.019635627530364373,0.3,0.97,0.03,0.3,0.95,3,4843,97,7,0.3,0.019635627530364373,0.978989898989899,6.771835399908014,44,100
0.9989878542510121,1.0,0.9979777553083923,0.0020222446916076846,1.0,1.0,10,5,4935,0,1.0,0.9989878542510121,0.0030303030303030303,6.771835399908014,44,100
0.00020242914979757084,0.0,1.0,0.0,0.0,0.05,0,4939,1,10,0.0,0.00020242914979757084,0.9977777777777778,6.513790699886158,45,100
0.00020242914979757084,0.0,1.0,0.0,0.0,0.1,0,4939,1,10,0.0,0.00020242914979757084,0.9977777777777778,6.513790699886158,45,100
0.0004048582995951417,0.0,1.0,0.0,0.0,0.15,0,4938,2,10,0.0,0.0004048582995951417,0.9975757575757576,6.513790699886158,45,100
0.0006072874493927126,0.0,1.0,0.0,0.0,0.2,0,4937,3,10,0.0,0.0006072874493927126,0.9973737373737374,6.513790699886158,45,100
0.0006072874493927126,0.0,1.0,0.0,0.0,0.25,0,4937,3,10,0.0,0.0006072874493927126,0.9973737373737374,6.513790699886158,45,100
0.0006072874493927126,0.0,1.0,0.0,0.0,0.3,0,4937,3,10,0.0,0.0006072874493927126,0.9973737373737374,6.513790699886158,45,100
0.0008097165991902834,0.0,1.0,0.0,0.0,0.35,0,4936,4,10,0.0,0.0008097165991902834,0.9971717171717172,6.513790699886158,45,100
0.0008097165991902834,0.0,1.0,0.0,0.0,0.4,0,4936,4,10,0.0,0.0008097165991902834,0.9971717171717172,6.513790699886158,45,100
0.0008097165991902834,0.0,1.0,0.0,0.0,0.45,0,4936,4,10,0.0,0.0008097165991902834,0.9971717171717172,6.513790699886158,45,100
0.0008097165991902834,0.0,1.0,0.0,0.0,0.5,0,4936,4,10,0.0,0.0008097165991902834,0.9971717171717172,6.513790699886158,45,100
0.0008097165991902834,0.0,1.0,0.0,0.0,0.55,0,4936,4,10,0.0,0.0008097165991902834,0.9971717171717172,6.513790699886158,45,100
0.0008097165991902834,0.0,1.0,0.0,0.0,0.6,0,4936,4,10,0.0,0.0008097165991902834,0.9971717171717172,6.513790699886158,45,100
0.0010121457489878543,0.0,1.0,0.0,0.0,0.65,0,4935,5,10,0.0,0.0010121457489878543,0.996969696969697,6.513790699886158,45,100
0.0024291497975708503,0.1,0.9230769230769231,0.07692307692307693,0.1,0.7,1,4928,12,9,0.1,0.0024291497975708503,0.9957575757575757,6.513790699886158,45,100
0.0034412955465587046,0.1,0.9444444444444444,0.05555555555555555,0.1,0.75,1,4923,17,9,0.1,0.0034412955465587046,0.9947474747474747,6.513790699886158,45,100
0.0034412955465587046,0.1,0.9444444444444444,0.05555555555555555,0.1,0.8,1,4923,17,9,0.1,0.0034412955465587046,0.9947474747474747,6.513790699886158,45,100
0.0072874493927125505,0.1,0.972972972972973,0.02702702702702703,0.1,0.85,1,4904,36,9,0.1,0.0072874493927125505,0.990909090909091,6.513790699886158,45,100
0.008502024291497975,0.1,0.9767441860465116,0.023255813953488372,0.1,0.9,1,4898,42,9,0.1,0.008502024291497975,0.9896969696969697,6.513790699886158,45,100
0.06821862348178137,0.5,0.9853801169590644,0.014619883040935672,0.5,0.95,5,4603,337,5,0.5,0.06821862348178137,0.9309090909090909,6.513790699886158,45,100
0.9991902834008097,1.0,0.9979781641730692,0.0020218358269308533,1.0,1.0,10,4,4936,0,1.0,0.9991902834008097,0.0028282828282828283,6.513790699886158,45,100
0.0,0.0,0.0,,0.0,0.05,0,4940,0,10,0.0,0.0,0.997979797979798,6.570719399955124,46,100
0.0,0.0,0.0,,0.0,0.1,0,4940,0,10,0.0,0.0,0.997979797979798,6.570719399955124,46,100
0.00020242914979757084,0.0,1.0,0.0,0.0,0.15,0,4939,1,10,0.0,0.00020242914979757084,0.9977777777777778,6.570719399955124,46,100
0.00020242914979757084,0.0,1.0,0.0,0.0,0.2,0,4939,1,10,0.0,0.00020242914979757084,0.9977777777777778,6.570719399955124,46,100
0.00020242914979757084,0.0,1.0,0.0,0.0,0.25,0,4939,1,10,0.0,0.00020242914979757084,0.9977777777777778,6.570719399955124,46,100
0.00020242914979757084,0.0,1.0,0.0,0.0,0.3,0,4939,1,10,0.0,0.00020242914979757084,0.9977777777777778,6.570719399955124,46,100
0.00020242914979757084,0.0,1.0,0.0,0.0,0.35,0,4939,1,10,0.0,0.00020242914979757084,0.9977777777777778,6.570719399955124,46,100
0.00020242914979757084,0.0,1.0,0.0,0.0,0.4,0,4939,1,10,0.0,0.00020242914979757084,0.9977777777777778,6.570719399955124,46,100
0.00020242914979757084,0.0,1.0,0.0,0.0,0.45,0,4939,1,10,0.0,0.00020242914979757084,0.9977777777777778,6.570719399955124,46,100
0.00020242914979757084,0.0,1.0,0.0,0.0,0.5,0,4939,1,10,0.0,0.00020242914979757084,0.9977777777777778,6.570719399955124,46,100
0.00020242914979757084,0.0,1.0,0.0,0.0,0.55,0,4939,1,10,0.0,0.00020242914979757084,0.9977777777777778,6.570719399955124,46,100
0.0016194331983805667,0.0,1.0,0.0,0.0,0.6,0,4932,8,10,0.0,0.0016194331983805667,0.9963636363636363,6.570719399955124,46,100
0.0016194331983805667,0.0,1.0,0.0,0.0,0.65,0,4932,8,10,0.0,0.0016194331983805667,0.9963636363636363,6.570719399955124,46,100
0.0018218623481781376,0.0,1.0,0.0,0.0,0.7,0,4931,9,10,0.0,0.0018218623481781376,0.9961616161616161,6.570719399955124,46,100
0.0018218623481781376,0.0,1.0,0.0,0.0,0.75,0,4931,9,10,0.0,0.0018218623481781376,0.9961616161616161,6.570719399955124,46,100
0.0018218623481781376,0.0,1.0,0.0,0.0,0.8,0,4931,9,10,0.0,0.0018218623481781376,0.9961616161616161,6.570719399955124,46,100
0.002631578947368421,0.0,1.0,0.0,0.0,0.85,0,4927,13,10,0.0,0.002631578947368421,0.9953535353535353,6.570719399955124,46,100
0.018421052631578946,0.0,1.0,0.0,0.0,0.9,0,4849,91,10,0.0,0.018421052631578946,0.9795959595959596,6.570719399955124,46,100
0.039271255060728746,0.3,0.9847715736040609,0.015228426395939087,0.3,0.95,3,4746,194,7,0.3,0.039271255060728746,0.9593939393939394,6.570719399955124,46,100
0.9591093117408906,1.0,0.997893850042123,0.0021061499578770007,1.0,1.0,10,202,4738,0,1.0,0.9591093117408906,0.042828282828282827,6.570719399955124,46,100
0.0,0.0,0.0,,0.0,0.05,0,4940,0,10,0.0,0.0,0.997979797979798,6.747468300047331,47,100
0.0,0.0,0.0,,0.0,0.1,0,4940,0,10,0.0,0.0,0.997979797979798,6.747468300047331,47,100
0.0,0.0,0.0,,0.0,0.15,0,4940,0,10,0.0,0.0,0.997979797979798,6.747468300047331,47,100
0.0,0.0,0.0,,0.0,0.2,0,4940,0,10,0.0,0.0,0.997979797979798,6.747468300047331,47,100
0.0,0.0,0.0,,0.0,0.25,0,4940,0,10,0.0,0.0,0.997979797979798,6.747468300047331,47,100
0.0,0.0,0.0,,0.0,0.3,0,4940,0,10,0.0,0.0,0.997979797979798,6.747468300047331,47,100
0.0,0.0,0.0,,0.0,0.35,0,4940,0,10,0.0,0.0,0.997979797979798,6.747468300047331,47,100
0.0012145748987854252,0.0,1.0,0.0,0.0,0.4,0,4934,6,10,0.0,0.0012145748987854252,0.9967676767676767,6.747468300047331,47,100
0.0012145748987854252,0.1,0.8571428571428571,0.14285714285714285,0.1,0.45,1,4934,6,9,0.1,0.0012145748987854252,0.996969696969697,6.747468300047331,47,100
0.0012145748987854252,0.1,0.8571428571428571,0.14285714285714285,0.1,0.5,1,4934,6,9,0.1,0.0012145748987854252,0.996969696969697,6.747468300047331,47,100
0.0012145748987854252,0.1,0.8571428571428571,0.14285714285714285,0.1,0.55,1,4934,6,9,0.1,0.0012145748987854252,0.996969696969697,6.747468300047331,47,100
0.001417004048582996,0.1,0.875,0.125,0.1,0.6,1,4933,7,9,0.1,0.001417004048582996,0.9967676767676767,6.747468300047331,47,100
0.002834008097165992,0.1,0.9333333333333333,0.06666666666666667,0.1,0.65,1,4926,14,9,0.1,0.002834008097165992,0.9953535353535353,6.747468300047331,47,100
0.003036437246963563,0.1,0.9375,0.0625,0.1,0.7,1,4925,15,9,0.1,0.003036437246963563,0.9951515151515151,6.747468300047331,47,100
0.003036437246963563,0.1,0.9375,0.0625,0.1,0.75,1,4925,15,9,0.1,0.003036437246963563,0.9951515151515151,6.747468300047331,47,100
0.005668016194331984,0.1,0.9655172413793104,0.034482758620689655,0.1,0.8,1,4912,28,9,0.1,0.005668016194331984,0.9925252525252525,6.747468300047331,47,100
0.009716599190283401,0.1,0.9795918367346939,0.02040816326530612,0.1,0.85,1,4892,48,9,0.1,0.009716599190283401,0.9884848484848485,6.747468300047331,47,100
0.011336032388663968,0.1,0.9824561403508771,0.017543859649122806,0.1,0.9,1,4884,56,9,0.1,0.011336032388663968,0.9868686868686869,6.747468300047331,47,100
0.0659919028340081,0.3,0.9908814589665653,0.00911854103343465,0.3,0.95,3,4614,326,7,0.3,0.0659919028340081,0.9327272727272727,6.747468300047331,47,100
0.4625506072874494,0.7,0.9969458987783595,0.0030541012216404886,0.7,1.0,7,2655,2285,3,0.7,0.4625506072874494,0.5377777777777778,6.747468300047331,47,100
0.0,0.0,0.0,,0.0,0.05,0,4940,0,10,0.0,0.0,0.997979797979798,6.534551799995825,48,100
0.0,0.0,0.0,,0.0,0.1,0,4940,0,10,0.0,0.0,0.997979797979798,6.534551799995825,48,100
0.0,0.0,0.0,,0.0,0.15,0,4940,0,10,0.0,0.0,0.997979797979798,6.534551799995825,48,100
0.0,0.0,0.0,,0.0,0.2,0,4940,0,10,0.0,0.0,0.997979797979798,6.534551799995825,48,100
0.0,0.0,0.0,,0.0,0.25,0,4940,0,10,0.0,0.0,0.997979797979798,6.534551799995825,48,100
0.0,0.0,0.0,,0.0,0.3,0,4940,0,10,0.0,0.0,0.997979797979798,6.534551799995825,48,100
0.0,0.0,0.0,,0.0,0.35,0,4940,0,10,0.0,0.0,0.997979797979798,6.534551799995825,48,100
0.0,0.0,0.0,,0.0,0.4,0,4940,0,10,0.0,0.0,0.997979797979798,6.534551799995825,48,100
0.0,0.0,0.0,,0.0,0.45,0,4940,0,10,0.0,0.0,0.997979797979798,6.534551799995825,48,100
0.0,0.0,0.0,,0.0,0.5,0,4940,0,10,0.0,0.0,0.997979797979798,6.534551799995825,48,100
0.0,0.0,0.0,,0.0,0.55,0,4940,0,10,0.0,0.0,0.997979797979798,6.534551799995825,48,100
0.0,0.0,0.0,,0.0,0.6,0,4940,0,10,0.0,0.0,0.997979797979798,6.534551799995825,48,100
0.0008097165991902834,0.0,1.0,0.0,0.0,0.65,0,4936,4,10,0.0,0.0008097165991902834,0.9971717171717172,6.534551799995825,48,100
0.007489878542510121,0.0,1.0,0.0,0.0,0.7,0,4903,37,10,0.0,0.007489878542510121,0.9905050505050506,6.534551799995825,48,100
0.008502024291497975,0.0,1.0,0.0,0.0,0.75,0,4898,42,10,0.0,0.008502024291497975,0.9894949494949495,6.534551799995825,48,100
0.009919028340080972,0.0,1.0,0.0,0.0,0.8,0,4891,49,10,0.0,0.009919028340080972,0.9880808080808081,6.534551799995825,48,100
0.01882591093117409,0.0,1.0,0.0,0.0,0.85,0,4847,93,10,0.0,0.01882591093117409,0.9791919191919192,6.534551799995825,48,100
0.23684210526315788,0.3,0.9974424552429667,0.0025575447570332483,0.3,0.9,3,3770,1170,7,0.3,0.23684210526315788,0.7622222222222222,6.534551799995825,48,100
0.31902834008097164,0.4,0.9974683544303797,0.002531645569620253,0.4,0.95,4,3364,1576,6,0.4,0.31902834008097164,0.6804040404040405,6.534551799995825,48,100
0.9815789473684211,1.0,0.997941963366948,0.0020580366330520683,1.0,1.0,10,91,4849,0,1.0,0.9815789473684211,0.020404040404040404,6.534551799995825,48,100
0.0,0.0,0.0,,0.0,0.05,0,4940,0,10,0.0,0.0,0.997979797979798,6.543618700001389,49,100
0.0,0.0,0.0,,0.0,0.1,0,4940,0,10,0.0,0.0,0.997979797979798,6.543618700001389,49,100
0.0,0.1,0.0,1.0,0.1,0.15,1,4940,0,9,0.1,0.0,0.9981818181818182,6.543618700001389,49,100
0.0,0.1,0.0,1.0,0.1,0.2,1,4940,0,9,0.1,0.0,0.9981818181818182,6.543618700001389,49,100
0.00020242914979757084,0.1,0.5,0.5,0.1,0.25,1,4939,1,9,0.1,0.00020242914979757084,0.997979797979798,6.543618700001389,49,100
0.00020242914979757084,0.1,0.5,0.5,0.1,0.3,1,4939,1,9,0.1,0.00020242914979757084,0.997979797979798,6.543618700001389,49,100
0.00020242914979757084,0.1,0.5,0.5,0.1,0.35,1,4939,1,9,0.1,0.00020242914979757084,0.997979797979798,6.543618700001389,49,100
0.0006072874493927126,0.1,0.75,0.25,0.1,0.4,1,4937,3,9,0.1,0.0006072874493927126,0.9975757575757576,6.543618700001389,49,100
0.0006072874493927126,0.1,0.75,0.25,0.1,0.45,1,4937,3,9,0.1,0.0006072874493927126,0.9975757575757576,6.543618700001389,49,100
0.0006072874493927126,0.1,0.75,0.25,0.1,0.5,1,4937,3,9,0.1,0.0006072874493927126,0.9975757575757576,6.543618700001389,49,100
0.0006072874493927126,0.1,0.75,0.25,0.1,0.55,1,4937,3,9,0.1,0.0006072874493927126,0.9975757575757576,6.543618700001389,49,100
0.013765182186234818,0.1,0.9855072463768116,0.014492753623188406,0.1,0.6,1,4872,68,9,0.1,0.013765182186234818,0.9844444444444445,6.543618700001389,49,100
0.02206477732793522,0.3,0.9732142857142857,0.026785714285714284,0.3,0.65,3,4831,109,7,0.3,0.02206477732793522,0.9765656565656565,6.543618700001389,49,100
0.03319838056680162,0.4,0.9761904761904762,0.023809523809523808,0.4,0.7,4,4776,164,6,0.4,0.03319838056680162,0.9656565656565657,6.543618700001389,49,100
0.048582995951417005,0.4,0.9836065573770492,0.01639344262295082,0.4,0.75,4,4700,240,6,0.4,0.048582995951417005,0.9503030303030303,6.543618700001389,49,100
0.06315789473684211,0.6,0.9811320754716981,0.018867924528301886,0.6,0.8,6,4628,312,4,0.6,0.06315789473684211,0.9361616161616162,6.543618700001389,49,100
0.15506072874493926,0.6,0.9922279792746114,0.007772020725388601,0.6,0.85,6,4174,766,4,0.6,0.15506072874493926,0.8444444444444444,6.543618700001389,49,100
0.23360323886639675,0.7,0.9939707149009475,0.006029285099052541,0.7,0.9,7,3786,1154,3,0.7,0.23360323886639675,0.7662626262626263,6.543618700001389,49,100
0.4058704453441296,0.7,0.9965208747514911,0.0034791252485089465,0.7,0.95,7,2935,2005,3,0.7,0.4058704453441296,0.5943434343434344,6.543618700001389,49,100
0.998582995951417,1.0,0.9979769370827433,0.0020230629172567267,1.0,1.0,10,7,4933,0,1.0,0.998582995951417,0.0034343434343434343,6.543618700001389,49,100
