FPR,TPR,FDR,NPrecision,NRecall,alpha,NTP,NTN,NFP,NFN,NTPR,NFPR,NACC,diffnetfinder_sec,run,dim
0.00020242914979757084,0.0,1.0,0.0,0.0,0.05,0,4939,1,10,0.0,0.00020242914979757084,0.9977777777777778,6.4109078999608755,0,100
0.00020242914979757084,0.0,1.0,0.0,0.0,0.1,0,4939,1,10,0.0,0.00020242914979757084,0.9977777777777778,6.4109078999608755,0,100
0.00020242914979757084,0.0,1.0,0.0,0.0,0.15,0,4939,1,10,0.0,0.00020242914979757084,0.9977777777777778,6.4109078999608755,0,100
0.0004048582995951417,0.0,1.0,0.0,0.0,0.2,0,4938,2,10,0.0,0.0004048582995951417,0.9975757575757576,6.4109078999608755,0,100
0.0006072874493927126,0.0,1.0,0.0,0.0,0.25,0,4937,3,10,0.0,0.0006072874493927126,0.9973737373737374,6.4109078999608755,0,100
0.0006072874493927126,0.0,1.0,0.0,0.0,0.3,0,4937,3,10,0.0,0.0006072874493927126,0.9973737373737374,6.4109078999608755,0,100
0.0006072874493927126,0.0,1.0,0.0,0.0,0.35,0,4937,3,10,0.0,0.0006072874493927126,0.9973737373737374,6.4109078999608755,0,100
0.0006072874493927126,0.0,1.0,0.0,0.0,0.4,0,4937,3,10,0.0,0.0006072874493927126,0.9973737373737374,6.4109078999608755,0,100
0.0006072874493927126,0.0,1.0,0.0,0.0,0.45,0,4937,3,10,0.0,0.0006072874493927126,0.9973737373737374,6.4109078999608755,0,100
0.0006072874493927126,0.0,1.0,0.0,0.0,0.5,0,4937,3,10,0.0,0.0006072874493927126,0.9973737373737374,6.4109078999608755,0,100
0.0006072874493927126,0.0,1.0,0.0,0.0,0.55,0,4937,3,10,0.0,0.0006072874493927126,0.9973737373737374,6.4109078999608755,0,100
0.0012145748987854252,0.0,1.0,0.0,0.0,0.6,0,4934,6,10,0.0,0.0012145748987854252,0.9967676767676767,6.4109078999608755,0,100
0.0012145748987854252,0.0,1.0,0.0,0.0,0.65,0,4934,6,10,0.0,0.0012145748987854252,0.9967676767676767,6.4109078999608755,0,100
0.0012145748987854252,0.0,1.0,0.0,0.0,0.7,0,4934,6,10,0.0,0.0012145748987854252,0.9967676767676767,6.4109078999608755,0,100
0.0016194331983805667,0.0,1.0,0.0,0.0,0.75,0,4932,8,10,0.0,0.0016194331983805667,0.9963636363636363,6.4109078999608755,0,100
0.005668016194331984,0.1,0.9655172413793104,0.034482758620689655,0.1,0.8,1,4912,28,9,0.1,0.005668016194331984,0.9925252525252525,6.4109078999608755,0,100
0.006882591093117409,0.1,0.9714285714285714,0.02857142857142857,0.1,0.85,1,4906,34,9,0.1,0.006882591093117409,0.9913131313131314,6.4109078999608755,0,100
0.006882591093117409,0.1,0.9714285714285714,0.02857142857142857,0.1,0.9,1,4906,34,9,0.1,0.006882591093117409,0.9913131313131314,6.4109078999608755,0,100
0.0072874493927125505,0.1,0.972972972972973,0.02702702702702703,0.1,0.95,1,4904,36,9,0.1,0.0072874493927125505,0.990909090909091,6.4109078999608755,0,100
0.9991902834008097,1.0,0.9979781641730692,0.0020218358269308533,1.0,1.0,10,4,4936,0,1.0,0.9991902834008097,0.0028282828282828283,6.4109078999608755,0,100
0.0,0.0,0.0,,0.0,0.05,0,4940,0,10,0.0,0.0,0.997979797979798,6.5131369000300765,1,100
0.0,0.0,0.0,,0.0,0.1,0,4940,0,10,0.0,0.0,0.997979797979798,6.5131369000300765,1,100
0.0,0.0,0.0,,0.0,0.15,0,4940,0,10,0.0,0.0,0.997979797979798,6.5131369000300765,1,100
0.0,0.0,0.0,,0.0,0.2,0,4940,0,10,0.0,0.0,0.997979797979798,6.5131369000300765,1,100
0.0,0.0,0.0,,0.0,0.25,0,4940,0,10,0.0,0.0,0.997979797979798,6.5131369000300765,1,100
0.0,0.0,0.0,,0.0,0.3,0,4940,0,10,0.0,0.0,0.997979797979798,6.5131369000300765,1,100
0.0,0.0,0.0,,0.0,0.35,0,4940,0,10,0.0,0.0,0.997979797979798,6.5131369000300765,1,100
0.0,0.0,0.0,,0.0,0.4,0,4940,0,10,0.0,0.0,0.997979797979798,6.5131369000300765,1,100
0.0,0.0,0.0,,0.0,0.45,0,4940,0,10,0.0,0.0,0.997979797979798,6.5131369000300765,1,100
0.0,0.0,0.0,,0.0,0.5,0,4940,0,10,0.0,0.0,0.997979797979798,6.5131369000300765,1,100
0.0,0.0,0.0,,0.0,0.55,0,4940,0,10,0.0,0.0,0.997979797979798,6.5131369000300765,1,100
0.0,0.0,0.0,,0.0,0.6,0,4940,0,10,0.0,0.0,0.997979797979798,6.5131369000300765,1,100
0.0,0.0,0.0,,0.0,0.65,0,4940,0,10,0.0,0.0,0.997979797979798,6.5131369000300765,1,100
0.0,0.0,0.0,,0.0,0.7,0,4940,0,10,0.0,0.0,0.997979797979798,6.5131369000300765,1,100
0.0,0.0,0.0,,0.0,0.75,0,4940,0,10,0.0,0.0,0.997979797979798,6.5131369000300765,1,100
0.0016194331983805667,0.0,1.0,0.0,0.0,0.8,0,4932,8,10,0.0,0.0016194331983805667,0.9963636363636363,6.5131369000300765,1,100
0.0016194331983805667,0.0,1.0,0.0,0.0,0.85,0,4932,8,10,0.0,0.0016194331983805667,0.9963636363636363,6.5131369000300765,1,100
0.0016194331983805667,0.0,1.0,0.0,0.0,0.9,0,4932,8,10,0.0,0.0016194331983805667,0.9963636363636363,6.5131369000300765,1,100
0.01720647773279352,0.1,0.9883720930232558,0.011627906976744186,0.1,0.95,1,4855,85,9,0.1,0.01720647773279352,0.981010101010101,6.5131369000300765,1,100
0.9951417004048583,1.0,0.9979699553390174,0.0020300446609825416,1.0,1.0,10,24,4916,0,1.0,0.9951417004048583,0.006868686868686869,6.5131369000300765,1,100
0.0,0.0,0.0,,0.0,0.05,0,4940,0,10,0.0,0.0,0.997979797979798,6.43204300000798,2,100
0.0,0.0,0.0,,0.0,0.1,0,4940,0,10,0.0,0.0,0.997979797979798,6.43204300000798,2,100
0.0008097165991902834,0.0,1.0,0.0,0.0,0.15,0,4936,4,10,0.0,0.0008097165991902834,0.9971717171717172,6.43204300000798,2,100
0.0008097165991902834,0.0,1.0,0.0,0.0,0.2,0,4936,4,10,0.0,0.0008097165991902834,0.9971717171717172,6.43204300000798,2,100
0.0008097165991902834,0.0,1.0,0.0,0.0,0.25,0,4936,4,10,0.0,0.0008097165991902834,0.9971717171717172,6.43204300000798,2,100
0.0016194331983805667,0.2,0.8,0.2,0.2,0.3,2,4932,8,8,0.2,0.0016194331983805667,0.9967676767676767,6.43204300000798,2,100
0.0016194331983805667,0.2,0.8,0.2,0.2,0.35,2,4932,8,8,0.2,0.0016194331983805667,0.9967676767676767,6.43204300000798,2,100
0.0016194331983805667,0.2,0.8,0.2,0.2,0.4,2,4932,8,8,0.2,0.0016194331983805667,0.9967676767676767,6.43204300000798,2,100
0.0016194331983805667,0.2,0.8,0.2,0.2,0.45,2,4932,8,8,0.2,0.0016194331983805667,0.9967676767676767,6.43204300000798,2,100
0.0018218623481781376,0.2,0.8181818181818182,0.18181818181818182,0.2,0.5,2,4931,9,8,0.2,0.0018218623481781376,0.9965656565656565,6.43204300000798,2,100
0.002631578947368421,0.2,0.8666666666666667,0.13333333333333333,0.2,0.55,2,4927,13,8,0.2,0.002631578947368421,0.9957575757575757,6.43204300000798,2,100
0.0032388663967611335,0.2,0.8888888888888888,0.1111111111111111,0.2,0.6,2,4924,16,8,0.2,0.0032388663967611335,0.9951515151515151,6.43204300000798,2,100
0.009716599190283401,0.2,0.96,0.04,0.2,0.65,2,4892,48,8,0.2,0.009716599190283401,0.9886868686868687,6.43204300000798,2,100
0.010121457489878543,0.2,0.9615384615384616,0.038461538461538464,0.2,0.7,2,4890,50,8,0.2,0.010121457489878543,0.9882828282828283,6.43204300000798,2,100
0.01862348178137652,0.3,0.968421052631579,0.031578947368421054,0.3,0.75,3,4848,92,7,0.3,0.01862348178137652,0.98,6.43204300000798,2,100
0.039878542510121455,0.4,0.9800995024875622,0.01990049751243781,0.4,0.8,4,4743,197,6,0.4,0.039878542510121455,0.958989898989899,6.43204300000798,2,100
0.053238866396761134,0.4,0.9850187265917603,0.0149812734082397,0.4,0.85,4,4677,263,6,0.4,0.053238866396761134,0.9456565656565656,6.43204300000798,2,100
0.07854251012145749,0.5,0.9872773536895675,0.01272264631043257,0.5,0.9,5,4552,388,5,0.5,0.07854251012145749,0.9206060606060606,6.43204300000798,2,100
0.10161943319838057,0.5,0.9901380670611439,0.009861932938856016,0.5,0.95,5,4438,502,5,0.5,0.10161943319838057,0.8975757575757576,6.43204300000798,2,100
0.9991902834008097,1.0,0.9979781641730692,0.0020218358269308533,1.0,1.0,10,4,4936,0,1.0,0.9991902834008097,0.0028282828282828283,6.43204300000798,2,100
0.0,0.0,0.0,,0.0,0.05,0,4940,0,10,0.0,0.0,0.997979797979798,6.483996500028297,3,100
0.0006072874493927126,0.0,1.0,0.0,0.0,0.1,0,4937,3,10,0.0,0.0006072874493927126,0.9973737373737374,6.483996500028297,3,100
0.0006072874493927126,0.0,1.0,0.0,0.0,0.15,0,4937,3,10,0.0,0.0006072874493927126,0.9973737373737374,6.483996500028297,3,100
0.0006072874493927126,0.0,1.0,0.0,0.0,0.2,0,4937,3,10,0.0,0.0006072874493927126,0.9973737373737374,6.483996500028297,3,100
0.0006072874493927126,0.0,1.0,0.0,0.0,0.25,0,4937,3,10,0.0,0.0006072874493927126,0.9973737373737374,6.483996500028297,3,100
0.0006072874493927126,0.0,1.0,0.0,0.0,0.3,0,4937,3,10,0.0,0.0006072874493927126,0.9973737373737374,6.483996500028297,3,100
0.0006072874493927126,0.0,1.0,0.0,0.0,0.35,0,4937,3,10,0.0,0.0006072874493927126,0.9973737373737374,6.483996500028297,3,100
0.0006072874493927126,0.0,1.0,0.0,0.0,0.4,0,4937,3,10,0.0,0.0006072874493927126,0.9973737373737374,6.483996500028297,3,100
0.0006072874493927126,0.0,1.0,0.0,0.0,0.45,0,4937,3,10,0.0,0.0006072874493927126,0.9973737373737374,6.483996500028297,3,100
0.0006072874493927126,0.0,1.0,0.0,0.0,0.5,0,4937,3,10,0.0,0.0006072874493927126,0.9973737373737374,6.483996500028297,3,100
0.0016194331983805667,0.0,1.0,0.0,0.0,0.55,0,4932,8,10,0.0,0.0016194331983805667,0.9963636363636363,6.483996500028297,3,100
0.0016194331983805667,0.0,1.0,0.0,0.0,0.6,0,4932,8,10,0.0,0.0016194331983805667,0.9963636363636363,6.483996500028297,3,100
0.0016194331983805667,0.0,1.0,0.0,0.0,0.65,0,4932,8,10,0.0,0.0016194331983805667,0.9963636363636363,6.483996500028297,3,100
0.0016194331983805667,0.0,1.0,0.0,0.0,0.7,0,4932,8,10,0.0,0.0016194331983805667,0.9963636363636363,6.483996500028297,3,100
0.0016194331983805667,0.0,1.0,0.0,0.0,0.75,0,4932,8,10,0.0,0.0016194331983805667,0.9963636363636363,6.483996500028297,3,100
0.0032388663967611335,0.1,0.9411764705882353,0.058823529411764705,0.1,0.8,1,4924,16,9,0.1,0.0032388663967611335,0.9949494949494949,6.483996500028297,3,100
0.005870445344129555,0.1,0.9666666666666667,0.03333333333333333,0.1,0.85,1,4911,29,9,0.1,0.005870445344129555,0.9923232323232323,6.483996500028297,3,100
0.006072874493927126,0.1,0.967741935483871,0.03225806451612903,0.1,0.9,1,4910,30,9,0.1,0.006072874493927126,0.9921212121212121,6.483996500028297,3,100
0.006275303643724696,0.1,0.96875,0.03125,0.1,0.95,1,4909,31,9,0.1,0.006275303643724696,0.9919191919191919,6.483996500028297,3,100
0.9967611336032388,1.0,0.9979732468585326,0.002026753141467369,1.0,1.0,10,16,4924,0,1.0,0.9967611336032388,0.0052525252525252525,6.483996500028297,3,100
0.0,0.0,0.0,,0.0,0.05,0,4940,0,10,0.0,0.0,0.997979797979798,6.29770900006406,4,100
0.0,0.0,0.0,,0.0,0.1,0,4940,0,10,0.0,0.0,0.997979797979798,6.29770900006406,4,100
0.0,0.0,0.0,,0.0,0.15,0,4940,0,10,0.0,0.0,0.997979797979798,6.29770900006406,4,100
0.0,0.0,0.0,,0.0,0.2,0,4940,0,10,0.0,0.0,0.997979797979798,6.29770900006406,4,100
0.0,0.0,0.0,,0.0,0.25,0,4940,0,10,0.0,0.0,0.997979797979798,6.29770900006406,4,100
0.0,0.0,0.0,,0.0,0.3,0,4940,0,10,0.0,0.0,0.997979797979798,6.29770900006406,4,100
0.0,0.0,0.0,,0.0,0.35,0,4940,0,10,0.0,0.0,0.997979797979798,6.29770900006406,4,100
0.0,0.0,0.0,,0.0,0.4,0,4940,0,10,0.0,0.0,0.997979797979798,6.29770900006406,4,100
0.0,0.0,0.0,,0.0,0.45,0,4940,0,10,0.0,0.0,0.997979797979798,6.29770900006406,4,100
0.0,0.0,0.0,,0.0,0.5,0,4940,0,10,0.0,0.0,0.997979797979798,6.29770900006406,4,100
0.0,0.0,0.0,,0.0,0.55,0,4940,0,10,0.0,0.0,0.997979797979798,6.29770900006406,4,100
0.004453441295546558,0.0,1.0,0.0,0.0,0.6,0,4918,22,10,0.0,0.004453441295546558,0.9935353535353535,6.29770900006406,4,100
0.020040485829959515,0.3,0.9705882352941176,0.029411764705882353,0.3,0.65,3,4841,99,7,0.3,0.020040485829959515,0.9785858585858586,6.29770900006406,4,100
0.027327935222672066,0.3,0.9782608695652174,0.021739130434782608,0.3,0.7,3,4805,135,7,0.3,0.027327935222672066,0.9713131313131314,6.29770900006406,4,100
0.032388663967611336,0.3,0.9815950920245399,0.018404907975460124,0.3,0.75,3,4780,160,7,0.3,0.032388663967611336,0.9662626262626263,6.29770900006406,4,100
0.06336032388663967,0.5,0.9842767295597484,0.015723270440251572,0.5,0.8,5,4627,313,5,0.5,0.06336032388663967,0.9357575757575758,6.29770900006406,4,100
0.1431174089068826,0.6,0.9915848527349228,0.008415147265077139,0.6,0.85,6,4233,707,4,0.6,0.1431174089068826,0.8563636363636363,6.29770900006406,4,100
0.19453441295546559,0.7,0.9927685950413223,0.007231404958677686,0.7,0.9,7,3979,961,3,0.7,0.19453441295546559,0.8052525252525252,6.29770900006406,4,100
0.35587044534412954,0.7,0.9960339943342776,0.00396600566572238,0.7,0.95,7,3182,1758,3,0.7,0.35587044534412954,0.6442424242424243,6.29770900006406,4,100
0.9880566801619434,1.0,0.9979554283377632,0.0020445716622367613,1.0,1.0,10,59,4881,0,1.0,0.9880566801619434,0.013939393939393939,6.29770900006406,4,100
0.0,0.0,0.0,,0.0,0.05,0,4940,0,10,0.0,0.0,0.997979797979798,6.466143400059082,5,100
0.0,0.0,0.0,,0.0,0.1,0,4940,0,10,0.0,0.0,0.997979797979798,6.466143400059082,5,100
0.0,0.0,0.0,,0.0,0.15,0,4940,0,10,0.0,0.0,0.997979797979798,6.466143400059082,5,100
0.0,0.0,0.0,,0.0,0.2,0,4940,0,10,0.0,0.0,0.997979797979798,6.466143400059082,5,100
0.0,0.0,0.0,,0.0,0.25,0,4940,0,10,0.0,0.0,0.997979797979798,6.466143400059082,5,100
0.0,0.0,0.0,,0.0,0.3,0,4940,0,10,0.0,0.0,0.997979797979798,6.466143400059082,5,100
0.0,0.0,0.0,,0.0,0.35,0,4940,0,10,0.0,0.0,0.997979797979798,6.466143400059082,5,100
0.0,0.0,0.0,,0.0,0.4,0,4940,0,10,0.0,0.0,0.997979797979798,6.466143400059082,5,100
0.0,0.0,0.0,,0.0,0.45,0,4940,0,10,0.0,0.0,0.997979797979798,6.466143400059082,5,100
0.0,0.0,0.0,,0.0,0.5,0,4940,0,10,0.0,0.0,0.997979797979798,6.466143400059082,5,100
0.0,0.0,0.0,,0.0,0.55,0,4940,0,10,0.0,0.0,0.997979797979798,6.466143400059082,5,100
0.0006072874493927126,0.0,1.0,0.0,0.0,0.6,0,4937,3,10,0.0,0.0006072874493927126,0.9973737373737374,6.466143400059082,5,100
0.0006072874493927126,0.0,1.0,0.0,0.0,0.65,0,4937,3,10,0.0,0.0006072874493927126,0.9973737373737374,6.466143400059082,5,100
0.0006072874493927126,0.0,1.0,0.0,0.0,0.7,0,4937,3,10,0.0,0.0006072874493927126,0.9973737373737374,6.466143400059082,5,100
0.0006072874493927126,0.0,1.0,0.0,0.0,0.75,0,4937,3,10,0.0,0.0006072874493927126,0.9973737373737374,6.466143400059082,5,100
0.0006072874493927126,0.0,1.0,0.0,0.0,0.8,0,4937,3,10,0.0,0.0006072874493927126,0.9973737373737374,6.466143400059082,5,100
0.0006072874493927126,0.0,1.0,0.0,0.0,0.85,0,4937,3,10,0.0,0.0006072874493927126,0.9973737373737374,6.466143400059082,5,100
0.008704453441295546,0.0,1.0,0.0,0.0,0.9,0,4897,43,10,0.0,0.008704453441295546,0.9892929292929293,6.466143400059082,5,100
0.017813765182186234,0.3,0.967032967032967,0.03296703296703297,0.3,0.95,3,4852,88,7,0.3,0.017813765182186234,0.9808080808080808,6.466143400059082,5,100
0.9987854251012146,1.0,0.9979773462783171,0.0020226537216828477,1.0,1.0,10,6,4934,0,1.0,0.9987854251012146,0.0032323232323232323,6.466143400059082,5,100
0.0,0.0,0.0,,0.0,0.05,0,4940,0,10,0.0,0.0,0.997979797979798,6.504097199998796,6,100
0.0,0.0,0.0,,0.0,0.1,0,4940,0,10,0.0,0.0,0.997979797979798,6.504097199998796,6,100
0.0,0.0,0.0,,0.0,0.15,0,4940,0,10,0.0,0.0,0.997979797979798,6.504097199998796,6,100
0.00020242914979757084,0.0,1.0,0.0,0.0,0.2,0,4939,1,10,0.0,0.00020242914979757084,0.9977777777777778,6.504097199998796,6,100
0.00020242914979757084,0.0,1.0,0.0,0.0,0.25,0,4939,1,10,0.0,0.00020242914979757084,0.9977777777777778,6.504097199998796,6,100
0.00020242914979757084,0.0,1.0,0.0,0.0,0.3,0,4939,1,10,0.0,0.00020242914979757084,0.9977777777777778,6.504097199998796,6,100
0.0004048582995951417,0.0,1.0,0.0,0.0,0.35,0,4938,2,10,0.0,0.0004048582995951417,0.9975757575757576,6.504097199998796,6,100
0.0004048582995951417,0.0,1.0,0.0,0.0,0.4,0,4938,2,10,0.0,0.0004048582995951417,0.9975757575757576,6.504097199998796,6,100
0.0004048582995951417,0.0,1.0,0.0,0.0,0.45,0,4938,2,10,0.0,0.0004048582995951417,0.9975757575757576,6.504097199998796,6,100
0.0006072874493927126,0.0,1.0,0.0,0.0,0.5,0,4937,3,10,0.0,0.0006072874493927126,0.9973737373737374,6.504097199998796,6,100
0.0006072874493927126,0.0,1.0,0.0,0.0,0.55,0,4937,3,10,0.0,0.0006072874493927126,0.9973737373737374,6.504097199998796,6,100
0.0006072874493927126,0.0,1.0,0.0,0.0,0.6,0,4937,3,10,0.0,0.0006072874493927126,0.9973737373737374,6.504097199998796,6,100
0.0008097165991902834,0.0,1.0,0.0,0.0,0.65,0,4936,4,10,0.0,0.0008097165991902834,0.9971717171717172,6.504097199998796,6,100
0.009919028340080972,0.0,1.0,0.0,0.0,0.7,0,4891,49,10,0.0,0.009919028340080972,0.9880808080808081,6.504097199998796,6,100
0.011133603238866396,0.0,1.0,0.0,0.0,0.75,0,4885,55,10,0.0,0.011133603238866396,0.9868686868686869,6.504097199998796,6,100
0.07773279352226721,0.3,0.9922480620155039,0.007751937984496124,0.3,0.8,3,4556,384,7,0.3,0.07773279352226721,0.9210101010101011,6.504097199998796,6,100
0.10607287449392712,0.3,0.9943074003795066,0.0056925996204933585,0.3,0.85,3,4416,524,7,0.3,0.10607287449392712,0.8927272727272727,6.504097199998796,6,100
0.3406882591093117,0.6,0.9964476021314387,0.003552397868561279,0.6,0.9,6,3257,1683,4,0.6,0.3406882591093117,0.6591919191919192,6.504097199998796,6,100
0.5512145748987854,0.9,0.996705710102489,0.003294289897510981,0.9,0.95,9,2217,2723,1,0.9,0.5512145748987854,0.4496969696969697,6.504097199998796,6,100
0.9983805668016195,1.0,0.9979765277215702,0.0020234722784297854,1.0,1.0,10,8,4932,0,1.0,0.9983805668016195,0.0036363636363636364,6.504097199998796,6,100
0.0,0.0,0.0,,0.0,0.05,0,4940,0,10,0.0,0.0,0.997979797979798,6.308816500008106,7,100
0.0,0.0,0.0,,0.0,0.1,0,4940,0,10,0.0,0.0,0.997979797979798,6.308816500008106,7,100
0.0,0.0,0.0,,0.0,0.15,0,4940,0,10,0.0,0.0,0.997979797979798,6.308816500008106,7,100
0.0,0.0,0.0,,0.0,0.2,0,4940,0,10,0.0,0.0,0.997979797979798,6.308816500008106,7,100
0.0,0.0,0.0,,0.0,0.25,0,4940,0,10,0.0,0.0,0.997979797979798,6.308816500008106,7,100
0.0,0.0,0.0,,0.0,0.3,0,4940,0,10,0.0,0.0,0.997979797979798,6.308816500008106,7,100
0.0,0.0,0.0,,0.0,0.35,0,4940,0,10,0.0,0.0,0.997979797979798,6.308816500008106,7,100
0.0,0.0,0.0,,0.0,0.4,0,4940,0,10,0.0,0.0,0.997979797979798,6.308816500008106,7,100
0.0,0.0,0.0,,0.0,0.45,0,4940,0,10,0.0,0.0,0.997979797979798,6.308816500008106,7,100
0.0016194331983805667,0.0,1.0,0.0,0.0,0.5,0,4932,8,10,0.0,0.0016194331983805667,0.9963636363636363,6.308816500008106,7,100
0.0016194331983805667,0.1,0.8888888888888888,0.1111111111111111,0.1,0.55,1,4932,8,9,0.1,0.0016194331983805667,0.9965656565656565,6.308816500008106,7,100
0.0016194331983805667,0.1,0.8888888888888888,0.1111111111111111,0.1,0.6,1,4932,8,9,0.1,0.0016194331983805667,0.9965656565656565,6.308816500008106,7,100
0.022469635627530363,0.3,0.9736842105263158,0.02631578947368421,0.3,0.65,3,4829,111,7,0.3,0.022469635627530363,0.9761616161616161,6.308816500008106,7,100
0.05951417004048583,0.3,0.98989898989899,0.010101010101010102,0.3,0.7,3,4646,294,7,0.3,0.05951417004048583,0.9391919191919192,6.308816500008106,7,100
0.07732793522267206,0.5,0.9870801033591732,0.012919896640826873,0.5,0.75,5,4558,382,5,0.5,0.07732793522267206,0.9218181818181819,6.308816500008106,7,100
0.10748987854251012,0.5,0.9906716417910447,0.009328358208955223,0.5,0.8,5,4409,531,5,0.5,0.10748987854251012,0.8917171717171717,6.308816500008106,7,100
0.14473684210526316,0.5,0.9930555555555556,0.006944444444444444,0.5,0.85,5,4225,715,5,0.5,0.14473684210526316,0.8545454545454545,6.308816500008106,7,100
0.27530364372469635,0.6,0.9956076134699854,0.004392386530014641,0.6,0.9,6,3580,1360,4,0.6,0.27530364372469635,0.7244444444444444,6.308816500008106,7,100
0.4611336032388664,0.7,0.9969365426695842,0.003063457330415755,0.7,0.95,7,2662,2278,3,0.7,0.4611336032388664,0.5391919191919192,6.308816500008106,7,100
0.9991902834008097,1.0,0.9979781641730692,0.0020218358269308533,1.0,1.0,10,4,4936,0,1.0,0.9991902834008097,0.0028282828282828283,6.308816500008106,7,100
0.0,0.0,0.0,,0.0,0.05,0,4940,0,10,0.0,0.0,0.997979797979798,6.427770300069824,8,100
0.0,0.0,0.0,,0.0,0.1,0,4940,0,10,0.0,0.0,0.997979797979798,6.427770300069824,8,100
0.0,0.0,0.0,,0.0,0.15,0,4940,0,10,0.0,0.0,0.997979797979798,6.427770300069824,8,100
0.0,0.0,0.0,,0.0,0.2,0,4940,0,10,0.0,0.0,0.997979797979798,6.427770300069824,8,100
0.0,0.0,0.0,,0.0,0.25,0,4940,0,10,0.0,0.0,0.997979797979798,6.427770300069824,8,100
0.0,0.0,0.0,,0.0,0.3,0,4940,0,10,0.0,0.0,0.997979797979798,6.427770300069824,8,100
0.0,0.0,0.0,,0.0,0.35,0,4940,0,10,0.0,0.0,0.997979797979798,6.427770300069824,8,100
0.0008097165991902834,0.0,1.0,0.0,0.0,0.4,0,4936,4,10,0.0,0.0008097165991902834,0.9971717171717172,6.427770300069824,8,100
0.0012145748987854252,0.0,1.0,0.0,0.0,0.45,0,4934,6,10,0.0,0.0012145748987854252,0.9967676767676767,6.427770300069824,8,100
0.003036437246963563,0.0,1.0,0.0,0.0,0.5,0,4925,15,10,0.0,0.003036437246963563,0.9949494949494949,6.427770300069824,8,100
0.0038461538461538464,0.0,1.0,0.0,0.0,0.55,0,4921,19,10,0.0,0.0038461538461538464,0.9941414141414141,6.427770300069824,8,100
0.0038461538461538464,0.0,1.0,0.0,0.0,0.6,0,4921,19,10,0.0,0.0038461538461538464,0.9941414141414141,6.427770300069824,8,100
0.005465587044534413,0.0,1.0,0.0,0.0,0.65,0,4913,27,10,0.0,0.005465587044534413,0.9925252525252525,6.427770300069824,8,100
0.007489878542510121,0.0,1.0,0.0,0.0,0.7,0,4903,37,10,0.0,0.007489878542510121,0.9905050505050506,6.427770300069824,8,100
0.007692307692307693,0.0,1.0,0.0,0.0,0.75,0,4902,38,10,0.0,0.007692307692307693,0.9903030303030304,6.427770300069824,8,100
0.008704453441295546,0.0,1.0,0.0,0.0,0.8,0,4897,43,10,0.0,0.008704453441295546,0.9892929292929293,6.427770300069824,8,100
0.00931174089068826,0.0,1.0,0.0,0.0,0.85,0,4894,46,10,0.0,0.00931174089068826,0.9886868686868687,6.427770300069824,8,100
0.010323886639676113,0.0,1.0,0.0,0.0,0.9,0,4889,51,10,0.0,0.010323886639676113,0.9876767676767677,6.427770300069824,8,100
0.011133603238866396,0.0,1.0,0.0,0.0,0.95,0,4885,55,10,0.0,0.011133603238866396,0.9868686868686869,6.427770300069824,8,100
0.9969635627530364,1.0,0.9979736575481256,0.002026342451874367,1.0,1.0,10,15,4925,0,1.0,0.9969635627530364,0.005050505050505051,6.427770300069824,8,100
0.0,0.0,0.0,,0.0,0.05,0,4940,0,10,0.0,0.0,0.997979797979798,6.4113137000240386,9,100
0.0,0.0,0.0,,0.0,0.1,0,4940,0,10,0.0,0.0,0.997979797979798,6.4113137000240386,9,100
0.0,0.0,0.0,,0.0,0.15,0,4940,0,10,0.0,0.0,0.997979797979798,6.4113137000240386,9,100
0.0,0.0,0.0,,0.0,0.2,0,4940,0,10,0.0,0.0,0.997979797979798,6.4113137000240386,9,100
0.0,0.0,0.0,,0.0,0.25,0,4940,0,10,0.0,0.0,0.997979797979798,6.4113137000240386,9,100
0.0,0.0,0.0,,0.0,0.3,0,4940,0,10,0.0,0.0,0.997979797979798,6.4113137000240386,9,100
0.0,0.0,0.0,,0.0,0.35,0,4940,0,10,0.0,0.0,0.997979797979798,6.4113137000240386,9,100
0.0,0.0,0.0,,0.0,0.4,0,4940,0,10,0.0,0.0,0.997979797979798,6.4113137000240386,9,100
0.0,0.0,0.0,,0.0,0.45,0,4940,0,10,0.0,0.0,0.997979797979798,6.4113137000240386,9,100
0.0,0.0,0.0,,0.0,0.5,0,4940,0,10,0.0,0.0,0.997979797979798,6.4113137000240386,9,100
0.0,0.0,0.0,,0.0,0.55,0,4940,0,10,0.0,0.0,0.997979797979798,6.4113137000240386,9,100
0.0,0.0,0.0,,0.0,0.6,0,4940,0,10,0.0,0.0,0.997979797979798,6.4113137000240386,9,100
0.0,0.0,0.0,,0.0,0.65,0,4940,0,10,0.0,0.0,0.997979797979798,6.4113137000240386,9,100
0.0,0.0,0.0,,0.0,0.7,0,4940,0,10,0.0,0.0,0.997979797979798,6.4113137000240386,9,100
0.0,0.0,0.0,,0.0,0.75,0,4940,0,10,0.0,0.0,0.997979797979798,6.4113137000240386,9,100
0.010323886639676113,0.2,0.9622641509433962,0.03773584905660377,0.2,0.8,2,4889,51,8,0.2,0.010323886639676113,0.9880808080808081,6.4113137000240386,9,100
0.025910931174089068,0.2,0.9846153846153847,0.015384615384615385,0.2,0.85,2,4812,128,8,0.2,0.025910931174089068,0.9725252525252526,6.4113137000240386,9,100
0.026720647773279354,0.2,0.9850746268656716,0.014925373134328358,0.2,0.9,2,4808,132,8,0.2,0.026720647773279354,0.9717171717171718,6.4113137000240386,9,100
0.041093117408906886,0.2,0.9902439024390244,0.00975609756097561,0.2,0.95,2,4737,203,8,0.2,0.041093117408906886,0.9573737373737373,6.4113137000240386,9,100
0.9987854251012146,1.0,0.9979773462783171,0.0020226537216828477,1.0,1.0,10,6,4934,0,1.0,0.9987854251012146,0.0032323232323232323,6.4113137000240386,9,100
0.0,0.0,0.0,,0.0,0.05,0,4940,0,10,0.0,0.0,0.997979797979798,6.452142400084995,10,100
0.0,0.0,0.0,,0.0,0.1,0,4940,0,10,0.0,0.0,0.997979797979798,6.452142400084995,10,100
0.0,0.0,0.0,,0.0,0.15,0,4940,0,10,0.0,0.0,0.997979797979798,6.452142400084995,10,100
0.0,0.0,0.0,,0.0,0.2,0,4940,0,10,0.0,0.0,0.997979797979798,6.452142400084995,10,100
0.0,0.0,0.0,,0.0,0.25,0,4940,0,10,0.0,0.0,0.997979797979798,6.452142400084995,10,100
0.0,0.0,0.0,,0.0,0.3,0,4940,0,10,0.0,0.0,0.997979797979798,6.452142400084995,10,100
0.0,0.0,0.0,,0.0,0.35,0,4940,0,10,0.0,0.0,0.997979797979798,6.452142400084995,10,100
0.0,0.0,0.0,,0.0,0.4,0,4940,0,10,0.0,0.0,0.997979797979798,6.452142400084995,10,100
0.0,0.0,0.0,,0.0,0.45,0,4940,0,10,0.0,0.0,0.997979797979798,6.452142400084995,10,100
0.0004048582995951417,0.0,1.0,0.0,0.0,0.5,0,4938,2,10,0.0,0.0004048582995951417,0.9975757575757576,6.452142400084995,10,100
0.0004048582995951417,0.0,1.0,0.0,0.0,0.55,0,4938,2,10,0.0,0.0004048582995951417,0.9975757575757576,6.452142400084995,10,100
0.0004048582995951417,0.0,1.0,0.0,0.0,0.6,0,4938,2,10,0.0,0.0004048582995951417,0.9975757575757576,6.452142400084995,10,100
0.0004048582995951417,0.0,1.0,0.0,0.0,0.65,0,4938,2,10,0.0,0.0004048582995951417,0.9975757575757576,6.452142400084995,10,100
0.0020242914979757085,0.0,1.0,0.0,0.0,0.7,0,4930,10,10,0.0,0.0020242914979757085,0.9959595959595959,6.452142400084995,10,100
0.0024291497975708503,0.0,1.0,0.0,0.0,0.75,0,4928,12,10,0.0,0.0024291497975708503,0.9955555555555555,6.452142400084995,10,100
0.0024291497975708503,0.0,1.0,0.0,0.0,0.8,0,4928,12,10,0.0,0.0024291497975708503,0.9955555555555555,6.452142400084995,10,100
0.00465587044534413,0.0,1.0,0.0,0.0,0.85,0,4917,23,10,0.0,0.00465587044534413,0.9933333333333333,6.452142400084995,10,100
0.006882591093117409,0.0,1.0,0.0,0.0,0.9,0,4906,34,10,0.0,0.006882591093117409,0.9911111111111112,6.452142400084995,10,100
0.013765182186234818,0.0,1.0,0.0,0.0,0.95,0,4872,68,10,0.0,0.013765182186234818,0.9842424242424243,6.452142400084995,10,100
0.9987854251012146,1.0,0.9979773462783171,0.0020226537216828477,1.0,1.0,10,6,4934,0,1.0,0.9987854251012146,0.0032323232323232323,6.452142400084995,10,100
0.0004048582995951417,0.0,1.0,0.0,0.0,0.05,0,4938,2,10,0.0,0.0004048582995951417,0.9975757575757576,6.421542399912141,11,100
0.0004048582995951417,0.0,1.0,0.0,0.0,0.1,0,4938,2,10,0.0,0.0004048582995951417,0.9975757575757576,6.421542399912141,11,100
0.0006072874493927126,0.0,1.0,0.0,0.0,0.15,0,4937,3,10,0.0,0.0006072874493927126,0.9973737373737374,6.421542399912141,11,100
0.0012145748987854252,0.0,1.0,0.0,0.0,0.2,0,4934,6,10,0.0,0.0012145748987854252,0.9967676767676767,6.421542399912141,11,100
0.001417004048582996,0.0,1.0,0.0,0.0,0.25,0,4933,7,10,0.0,0.001417004048582996,0.9965656565656565,6.421542399912141,11,100
0.001417004048582996,0.0,1.0,0.0,0.0,0.3,0,4933,7,10,0.0,0.001417004048582996,0.9965656565656565,6.421542399912141,11,100
0.0016194331983805667,0.0,1.0,0.0,0.0,0.35,0,4932,8,10,0.0,0.0016194331983805667,0.9963636363636363,6.421542399912141,11,100
0.0018218623481781376,0.0,1.0,0.0,0.0,0.4,0,4931,9,10,0.0,0.0018218623481781376,0.9961616161616161,6.421542399912141,11,100
0.0020242914979757085,0.0,1.0,0.0,0.0,0.45,0,4930,10,10,0.0,0.0020242914979757085,0.9959595959595959,6.421542399912141,11,100
0.002226720647773279,0.0,1.0,0.0,0.0,0.5,0,4929,11,10,0.0,0.002226720647773279,0.9957575757575757,6.421542399912141,11,100
0.002834008097165992,0.0,1.0,0.0,0.0,0.55,0,4926,14,10,0.0,0.002834008097165992,0.9951515151515151,6.421542399912141,11,100
0.008502024291497975,0.1,0.9767441860465116,0.023255813953488372,0.1,0.6,1,4898,42,9,0.1,0.008502024291497975,0.9896969696969697,6.421542399912141,11,100
0.009109311740890687,0.1,0.9782608695652174,0.021739130434782608,0.1,0.65,1,4895,45,9,0.1,0.009109311740890687,0.9890909090909091,6.421542399912141,11,100
0.01174089068825911,0.1,0.9830508474576272,0.01694915254237288,0.1,0.7,1,4882,58,9,0.1,0.01174089068825911,0.9864646464646465,6.421542399912141,11,100
0.014979757085020242,0.1,0.9866666666666667,0.013333333333333334,0.1,0.75,1,4866,74,9,0.1,0.014979757085020242,0.9832323232323232,6.421542399912141,11,100
0.015182186234817813,0.1,0.9868421052631579,0.013157894736842105,0.1,0.8,1,4865,75,9,0.1,0.015182186234817813,0.983030303030303,6.421542399912141,11,100
0.07914979757085021,0.1,0.9974489795918368,0.002551020408163265,0.1,0.85,1,4549,391,9,0.1,0.07914979757085021,0.9191919191919192,6.421542399912141,11,100
0.11072874493927126,0.2,0.9963570127504554,0.0036429872495446266,0.2,0.9,2,4393,547,8,0.2,0.11072874493927126,0.8878787878787879,6.421542399912141,11,100
0.28016194331983807,0.6,0.99568345323741,0.004316546762589928,0.6,0.95,6,3556,1384,4,0.6,0.28016194331983807,0.7195959595959596,6.421542399912141,11,100
0.9989878542510121,1.0,0.9979777553083923,0.0020222446916076846,1.0,1.0,10,5,4935,0,1.0,0.9989878542510121,0.0030303030303030303,6.421542399912141,11,100
0.0,0.0,0.0,,0.0,0.05,0,4940,0,10,0.0,0.0,0.997979797979798,6.5357837999472395,12,100
0.0,0.0,0.0,,0.0,0.1,0,4940,0,10,0.0,0.0,0.997979797979798,6.5357837999472395,12,100
0.0,0.0,0.0,,0.0,0.15,0,4940,0,10,0.0,0.0,0.997979797979798,6.5357837999472395,12,100
0.0,0.0,0.0,,0.0,0.2,0,4940,0,10,0.0,0.0,0.997979797979798,6.5357837999472395,12,100
0.0004048582995951417,0.0,1.0,0.0,0.0,0.25,0,4938,2,10,0.0,0.0004048582995951417,0.9975757575757576,6.5357837999472395,12,100
0.0004048582995951417,0.0,1.0,0.0,0.0,0.3,0,4938,2,10,0.0,0.0004048582995951417,0.9975757575757576,6.5357837999472395,12,100
0.0004048582995951417,0.0,1.0,0.0,0.0,0.35,0,4938,2,10,0.0,0.0004048582995951417,0.9975757575757576,6.5357837999472395,12,100
0.0004048582995951417,0.0,1.0,0.0,0.0,0.4,0,4938,2,10,0.0,0.0004048582995951417,0.9975757575757576,6.5357837999472395,12,100
0.0006072874493927126,0.0,1.0,0.0,0.0,0.45,0,4937,3,10,0.0,0.0006072874493927126,0.9973737373737374,6.5357837999472395,12,100
0.0006072874493927126,0.0,1.0,0.0,0.0,0.5,0,4937,3,10,0.0,0.0006072874493927126,0.9973737373737374,6.5357837999472395,12,100
0.0006072874493927126,0.0,1.0,0.0,0.0,0.55,0,4937,3,10,0.0,0.0006072874493927126,0.9973737373737374,6.5357837999472395,12,100
0.0006072874493927126,0.0,1.0,0.0,0.0,0.6,0,4937,3,10,0.0,0.0006072874493927126,0.9973737373737374,6.5357837999472395,12,100
0.0006072874493927126,0.0,1.0,0.0,0.0,0.65,0,4937,3,10,0.0,0.0006072874493927126,0.9973737373737374,6.5357837999472395,12,100
0.0006072874493927126,0.0,1.0,0.0,0.0,0.7,0,4937,3,10,0.0,0.0006072874493927126,0.9973737373737374,6.5357837999472395,12,100
0.0006072874493927126,0.0,1.0,0.0,0.0,0.75,0,4937,3,10,0.0,0.0006072874493927126,0.9973737373737374,6.5357837999472395,12,100
0.0006072874493927126,0.0,1.0,0.0,0.0,0.8,0,4937,3,10,0.0,0.0006072874493927126,0.9973737373737374,6.5357837999472395,12,100
0.0008097165991902834,0.0,1.0,0.0,0.0,0.85,0,4936,4,10,0.0,0.0008097165991902834,0.9971717171717172,6.5357837999472395,12,100
0.012348178137651822,0.4,0.9384615384615385,0.06153846153846154,0.4,0.9,4,4879,61,6,0.4,0.012348178137651822,0.9864646464646465,6.5357837999472395,12,100
0.020242914979757085,0.4,0.9615384615384616,0.038461538461538464,0.4,0.95,4,4840,100,6,0.4,0.020242914979757085,0.9785858585858586,6.5357837999472395,12,100
0.9987854251012146,1.0,0.9979773462783171,0.0020226537216828477,1.0,1.0,10,6,4934,0,1.0,0.9987854251012146,0.0032323232323232323,6.5357837999472395,12,100
0.00020242914979757084,0.0,1.0,0.0,0.0,0.05,0,4939,1,10,0.0,0.00020242914979757084,0.9977777777777778,6.472866199910641,13,100
0.00020242914979757084,0.0,1.0,0.0,0.0,0.1,0,4939,1,10,0.0,0.00020242914979757084,0.9977777777777778,6.472866199910641,13,100
0.0004048582995951417,0.0,1.0,0.0,0.0,0.15,0,4938,2,10,0.0,0.0004048582995951417,0.9975757575757576,6.472866199910641,13,100
0.0004048582995951417,0.0,1.0,0.0,0.0,0.2,0,4938,2,10,0.0,0.0004048582995951417,0.9975757575757576,6.472866199910641,13,100
0.0010121457489878543,0.0,1.0,0.0,0.0,0.25,0,4935,5,10,0.0,0.0010121457489878543,0.996969696969697,6.472866199910641,13,100
0.0016194331983805667,0.0,1.0,0.0,0.0,0.3,0,4932,8,10,0.0,0.0016194331983805667,0.9963636363636363,6.472866199910641,13,100
0.0016194331983805667,0.0,1.0,0.0,0.0,0.35,0,4932,8,10,0.0,0.0016194331983805667,0.9963636363636363,6.472866199910641,13,100
0.0016194331983805667,0.0,1.0,0.0,0.0,0.4,0,4932,8,10,0.0,0.0016194331983805667,0.9963636363636363,6.472866199910641,13,100
0.0016194331983805667,0.0,1.0,0.0,0.0,0.45,0,4932,8,10,0.0,0.0016194331983805667,0.9963636363636363,6.472866199910641,13,100
0.0016194331983805667,0.0,1.0,0.0,0.0,0.5,0,4932,8,10,0.0,0.0016194331983805667,0.9963636363636363,6.472866199910641,13,100
0.002631578947368421,0.0,1.0,0.0,0.0,0.55,0,4927,13,10,0.0,0.002631578947368421,0.9953535353535353,6.472866199910641,13,100
0.008097165991902834,0.0,1.0,0.0,0.0,0.6,0,4900,40,10,0.0,0.008097165991902834,0.98989898989899,6.472866199910641,13,100
0.02408906882591093,0.0,1.0,0.0,0.0,0.65,0,4821,119,10,0.0,0.02408906882591093,0.973939393939394,6.472866199910641,13,100
0.02874493927125506,0.0,1.0,0.0,0.0,0.7,0,4798,142,10,0.0,0.02874493927125506,0.9692929292929293,6.472866199910641,13,100
0.030161943319838055,0.0,1.0,0.0,0.0,0.75,0,4791,149,10,0.0,0.030161943319838055,0.9678787878787879,6.472866199910641,13,100
0.05384615384615385,0.0,1.0,0.0,0.0,0.8,0,4674,266,10,0.0,0.05384615384615385,0.9442424242424242,6.472866199910641,13,100
0.06639676113360324,0.1,0.9969604863221885,0.00303951367781155,0.1,0.85,1,4612,328,9,0.1,0.06639676113360324,0.9319191919191919,6.472866199910641,13,100
0.13137651821862348,0.3,0.995398773006135,0.004601226993865031,0.3,0.9,3,4291,649,7,0.3,0.13137651821862348,0.8674747474747475,6.472866199910641,13,100
0.19939271255060728,0.5,0.9949494949494949,0.005050505050505051,0.5,0.95,5,3955,985,5,0.5,0.19939271255060728,0.8,6.472866199910641,13,100
0.9949392712550608,1.0,0.9979695431472081,0.0020304568527918783,1.0,1.0,10,25,4915,0,1.0,0.9949392712550608,0.007070707070707071,6.472866199910641,13,100
0.0,0.0,0.0,,0.0,0.05,0,4940,0,10,0.0,0.0,0.997979797979798,6.256469200015999,14,100
0.0,0.0,0.0,,0.0,0.1,0,4940,0,10,0.0,0.0,0.997979797979798,6.256469200015999,14,100
0.0,0.0,0.0,,0.0,0.15,0,4940,0,10,0.0,0.0,0.997979797979798,6.256469200015999,14,100
0.0,0.0,0.0,,0.0,0.2,0,4940,0,10,0.0,0.0,0.997979797979798,6.256469200015999,14,100
0.00020242914979757084,0.0,1.0,0.0,0.0,0.25,0,4939,1,10,0.0,0.00020242914979757084,0.9977777777777778,6.256469200015999,14,100
0.00020242914979757084,0.0,1.0,0.0,0.0,0.3,0,4939,1,10,0.0,0.00020242914979757084,0.9977777777777778,6.256469200015999,14,100
0.00020242914979757084,0.0,1.0,0.0,0.0,0.35,0,4939,1,10,0.0,0.00020242914979757084,0.9977777777777778,6.256469200015999,14,100
0.00020242914979757084,0.0,1.0,0.0,0.0,0.4,0,4939,1,10,0.0,0.00020242914979757084,0.9977777777777778,6.256469200015999,14,100
0.00020242914979757084,0.0,1.0,0.0,0.0,0.45,0,4939,1,10,0.0,0.00020242914979757084,0.9977777777777778,6.256469200015999,14,100
0.00020242914979757084,0.0,1.0,0.0,0.0,0.5,0,4939,1,10,0.0,0.00020242914979757084,0.9977777777777778,6.256469200015999,14,100
0.00020242914979757084,0.0,1.0,0.0,0.0,0.55,0,4939,1,10,0.0,0.00020242914979757084,0.9977777777777778,6.256469200015999,14,100
0.008906882591093117,0.0,1.0,0.0,0.0,0.6,0,4896,44,10,0.0,0.008906882591093117,0.9890909090909091,6.256469200015999,14,100
0.008906882591093117,0.0,1.0,0.0,0.0,0.65,0,4896,44,10,0.0,0.008906882591093117,0.9890909090909091,6.256469200015999,14,100
0.011133603238866396,0.0,1.0,0.0,0.0,0.7,0,4885,55,10,0.0,0.011133603238866396,0.9868686868686869,6.256469200015999,14,100
0.01680161943319838,0.0,1.0,0.0,0.0,0.75,0,4857,83,10,0.0,0.01680161943319838,0.9812121212121212,6.256469200015999,14,100
0.018016194331983804,0.0,1.0,0.0,0.0,0.8,0,4851,89,10,0.0,0.018016194331983804,0.98,6.256469200015999,14,100
0.029352226720647773,0.0,1.0,0.0,0.0,0.85,0,4795,145,10,0.0,0.029352226720647773,0.9686868686868687,6.256469200015999,14,100
0.18643724696356276,0.1,0.9989154013015185,0.0010845986984815619,0.1,0.9,1,4019,921,9,0.1,0.18643724696356276,0.8121212121212121,6.256469200015999,14,100
0.42206477732793524,0.3,0.9985632183908046,0.0014367816091954023,0.3,0.95,3,2855,2085,7,0.3,0.42206477732793524,0.5773737373737374,6.256469200015999,14,100
0.9917004048582996,1.0,0.9979629252393563,0.002037074760643716,1.0,1.0,10,41,4899,0,1.0,0.9917004048582996,0.010303030303030303,6.256469200015999,14,100
0.0,0.0,0.0,,0.0,0.05,0,4940,0,10,0.0,0.0,0.997979797979798,6.503031399915926,15,100
0.0,0.0,0.0,,0.0,0.1,0,4940,0,10,0.0,0.0,0.997979797979798,6.503031399915926,15,100
0.0,0.0,0.0,,0.0,0.15,0,4940,0,10,0.0,0.0,0.997979797979798,6.503031399915926,15,100
0.0,0.0,0.0,,0.0,0.2,0,4940,0,10,0.0,0.0,0.997979797979798,6.503031399915926,15,100
0.0,0.0,0.0,,0.0,0.25,0,4940,0,10,0.0,0.0,0.997979797979798,6.503031399915926,15,100
0.0,0.0,0.0,,0.0,0.3,0,4940,0,10,0.0,0.0,0.997979797979798,6.503031399915926,15,100
0.0,0.0,0.0,,0.0,0.35,0,4940,0,10,0.0,0.0,0.997979797979798,6.503031399915926,15,100
0.0,0.0,0.0,,0.0,0.4,0,4940,0,10,0.0,0.0,0.997979797979798,6.503031399915926,15,100
0.0,0.0,0.0,,0.0,0.45,0,4940,0,10,0.0,0.0,0.997979797979798,6.503031399915926,15,100
0.0,0.0,0.0,,0.0,0.5,0,4940,0,10,0.0,0.0,0.997979797979798,6.503031399915926,15,100
0.0,0.0,0.0,,0.0,0.55,0,4940,0,10,0.0,0.0,0.997979797979798,6.503031399915926,15,100
0.0,0.0,0.0,,0.0,0.6,0,4940,0,10,0.0,0.0,0.997979797979798,6.503031399915926,15,100
0.0,0.0,0.0,,0.0,0.65,0,4940,0,10,0.0,0.0,0.997979797979798,6.503031399915926,15,100
0.002226720647773279,0.1,0.9166666666666666,0.08333333333333333,0.1,0.7,1,4929,11,9,0.1,0.002226720647773279,0.9959595959595959,6.503031399915926,15,100
0.0024291497975708503,0.1,0.9230769230769231,0.07692307692307693,0.1,0.75,1,4928,12,9,0.1,0.0024291497975708503,0.9957575757575757,6.503031399915926,15,100
0.0024291497975708503,0.1,0.9230769230769231,0.07692307692307693,0.1,0.8,1,4928,12,9,0.1,0.0024291497975708503,0.9957575757575757,6.503031399915926,15,100
0.0024291497975708503,0.1,0.9230769230769231,0.07692307692307693,0.1,0.85,1,4928,12,9,0.1,0.0024291497975708503,0.9957575757575757,6.503031399915926,15,100
0.005263157894736842,0.1,0.9629629629629629,0.037037037037037035,0.1,0.9,1,4914,26,9,0.1,0.005263157894736842,0.9929292929292929,6.503031399915926,15,100
0.4493927125506073,0.6,0.9973045822102425,0.0026954177897574125,0.6,0.95,6,2720,2220,4,0.6,0.4493927125506073,0.5507070707070707,6.503031399915926,15,100
0.9993927125506072,1.0,0.997978572872448,0.002021427127552052,1.0,1.0,10,3,4937,0,1.0,0.9993927125506072,0.0026262626262626263,6.503031399915926,15,100
0.0,0.0,0.0,,0.0,0.05,0,4940,0,10,0.0,0.0,0.997979797979798,6.348359899944626,16,100
0.0,0.0,0.0,,0.0,0.1,0,4940,0,10,0.0,0.0,0.997979797979798,6.348359899944626,16,100
0.0,0.0,0.0,,0.0,0.15,0,4940,0,10,0.0,0.0,0.997979797979798,6.348359899944626,16,100
0.0,0.0,0.0,,0.0,0.2,0,4940,0,10,0.0,0.0,0.997979797979798,6.348359899944626,16,100
0.002226720647773279,0.0,1.0,0.0,0.0,0.25,0,4929,11,10,0.0,0.002226720647773279,0.9957575757575757,6.348359899944626,16,100
0.002631578947368421,0.0,1.0,0.0,0.0,0.3,0,4927,13,10,0.0,0.002631578947368421,0.9953535353535353,6.348359899944626,16,100
0.002631578947368421,0.0,1.0,0.0,0.0,0.35,0,4927,13,10,0.0,0.002631578947368421,0.9953535353535353,6.348359899944626,16,100
0.0034412955465587046,0.0,1.0,0.0,0.0,0.4,0,4923,17,10,0.0,0.0034412955465587046,0.9945454545454545,6.348359899944626,16,100
0.0034412955465587046,0.0,1.0,0.0,0.0,0.45,0,4923,17,10,0.0,0.0034412955465587046,0.9945454545454545,6.348359899944626,16,100
0.0034412955465587046,0.0,1.0,0.0,0.0,0.5,0,4923,17,10,0.0,0.0034412955465587046,0.9945454545454545,6.348359899944626,16,100
0.004251012145748988,0.0,1.0,0.0,0.0,0.55,0,4919,21,10,0.0,0.004251012145748988,0.9937373737373737,6.348359899944626,16,100
0.004251012145748988,0.0,1.0,0.0,0.0,0.6,0,4919,21,10,0.0,0.004251012145748988,0.9937373737373737,6.348359899944626,16,100
0.004858299595141701,0.0,1.0,0.0,0.0,0.65,0,4916,24,10,0.0,0.004858299595141701,0.9931313131313131,6.348359899944626,16,100
0.014574898785425101,0.0,1.0,0.0,0.0,0.7,0,4868,72,10,0.0,0.014574898785425101,0.9834343434343434,6.348359899944626,16,100
0.048987854251012146,0.3,0.9877551020408163,0.012244897959183673,0.3,0.75,3,4698,242,7,0.3,0.048987854251012146,0.9496969696969697,6.348359899944626,16,100
0.06376518218623482,0.3,0.9905660377358491,0.009433962264150943,0.3,0.8,3,4625,315,7,0.3,0.06376518218623482,0.934949494949495,6.348359899944626,16,100
0.14473684210526316,0.4,0.9944367176634215,0.005563282336578581,0.4,0.85,4,4225,715,6,0.4,0.14473684210526316,0.8543434343434343,6.348359899944626,16,100
0.21052631578947367,0.5,0.9952153110047847,0.004784688995215311,0.5,0.9,5,3900,1040,5,0.5,0.21052631578947367,0.7888888888888889,6.348359899944626,16,100
0.5222672064777328,0.7,0.9972941631233089,0.002705836876691148,0.7,0.95,7,2360,2580,3,0.7,0.5222672064777328,0.4781818181818182,6.348359899944626,16,100
0.9951417004048583,1.0,0.9979699553390174,0.0020300446609825416,1.0,1.0,10,24,4916,0,1.0,0.9951417004048583,0.006868686868686869,6.348359899944626,16,100
0.0,0.0,0.0,,0.0,0.05,0,4940,0,10,0.0,0.0,0.997979797979798,6.295166799915023,17,100
0.0,0.0,0.0,,0.0,0.1,0,4940,0,10,0.0,0.0,0.997979797979798,6.295166799915023,17,100
0.0,0.0,0.0,,0.0,0.15,0,4940,0,10,0.0,0.0,0.997979797979798,6.295166799915023,17,100
0.0,0.0,0.0,,0.0,0.2,0,4940,0,10,0.0,0.0,0.997979797979798,6.295166799915023,17,100
0.0,0.0,0.0,,0.0,0.25,0,4940,0,10,0.0,0.0,0.997979797979798,6.295166799915023,17,100
0.0,0.0,0.0,,0.0,0.3,0,4940,0,10,0.0,0.0,0.997979797979798,6.295166799915023,17,100
0.0,0.0,0.0,,0.0,0.35,0,4940,0,10,0.0,0.0,0.997979797979798,6.295166799915023,17,100
0.002226720647773279,0.0,1.0,0.0,0.0,0.4,0,4929,11,10,0.0,0.002226720647773279,0.9957575757575757,6.295166799915023,17,100
0.004453441295546558,0.0,1.0,0.0,0.0,0.45,0,4918,22,10,0.0,0.004453441295546558,0.9935353535353535,6.295166799915023,17,100
0.005465587044534413,0.0,1.0,0.0,0.0,0.5,0,4913,27,10,0.0,0.005465587044534413,0.9925252525252525,6.295166799915023,17,100
0.013157894736842105,0.1,0.9848484848484849,0.015151515151515152,0.1,0.55,1,4875,65,9,0.1,0.013157894736842105,0.9850505050505051,6.295166799915023,17,100
0.02874493927125506,0.1,0.993006993006993,0.006993006993006993,0.1,0.6,1,4798,142,9,0.1,0.02874493927125506,0.9694949494949495,6.295166799915023,17,100
0.045748987854251015,0.2,0.9912280701754386,0.008771929824561403,0.2,0.65,2,4714,226,8,0.2,0.045748987854251015,0.9527272727272728,6.295166799915023,17,100
0.07914979757085021,0.3,0.9923857868020305,0.007614213197969543,0.3,0.7,3,4549,391,7,0.3,0.07914979757085021,0.9195959595959596,6.295166799915023,17,100
0.09048582995951417,0.3,0.9933333333333333,0.006666666666666667,0.3,0.75,3,4493,447,7,0.3,0.09048582995951417,0.9082828282828282,6.295166799915023,17,100
0.12530364372469635,0.4,0.9935794542536116,0.006420545746388443,0.4,0.8,4,4321,619,6,0.4,0.12530364372469635,0.8737373737373737,6.295166799915023,17,100
0.18076923076923077,0.6,0.9933259176863182,0.006674082313681869,0.6,0.85,6,4047,893,4,0.6,0.18076923076923077,0.8187878787878788,6.295166799915023,17,100
0.3111336032388664,0.6,0.9961114711600778,0.0038885288399222295,0.6,0.9,6,3403,1537,4,0.6,0.3111336032388664,0.6886868686868687,6.295166799915023,17,100
0.49129554655870444,0.7,0.9971240755957272,0.002875924404272802,0.7,0.95,7,2513,2427,3,0.7,0.49129554655870444,0.509090909090909,6.295166799915023,17,100
0.9967611336032388,1.0,0.9979732468585326,0.002026753141467369,1.0,1.0,10,16,4924,0,1.0,0.9967611336032388,0.0052525252525252525,6.295166799915023,17,100
0.0,0.0,0.0,,0.0,0.05,0,4940,0,10,0.0,0.0,0.997979797979798,6.492362300050445,18,100
0.0,0.0,0.0,,0.0,0.1,0,4940,0,10,0.0,0.0,0.997979797979798,6.492362300050445,18,100
0.0,0.0,0.0,,0.0,0.15,0,4940,0,10,0.0,0.0,0.997979797979798,6.492362300050445,18,100
0.0,0.0,0.0,,0.0,0.2,0,4940,0,10,0.0,0.0,0.997979797979798,6.492362300050445,18,100
0.00020242914979757084,0.1,0.5,0.5,0.1,0.25,1,4939,1,9,0.1,0.00020242914979757084,0.997979797979798,6.492362300050445,18,100
0.00020242914979757084,0.1,0.5,0.5,0.1,0.3,1,4939,1,9,0.1,0.00020242914979757084,0.997979797979798,6.492362300050445,18,100
0.00020242914979757084,0.1,0.5,0.5,0.1,0.35,1,4939,1,9,0.1,0.00020242914979757084,0.997979797979798,6.492362300050445,18,100
0.00020242914979757084,0.1,0.5,0.5,0.1,0.4,1,4939,1,9,0.1,0.00020242914979757084,0.997979797979798,6.492362300050445,18,100
0.0004048582995951417,0.1,0.6666666666666666,0.3333333333333333,0.1,0.45,1,4938,2,9,0.1,0.0004048582995951417,0.9977777777777778,6.492362300050445,18,100
0.0004048582995951417,0.1,0.6666666666666666,0.3333333333333333,0.1,0.5,1,4938,2,9,0.1,0.0004048582995951417,0.9977777777777778,6.492362300050445,18,100
0.0004048582995951417,0.1,0.6666666666666666,0.3333333333333333,0.1,0.55,1,4938,2,9,0.1,0.0004048582995951417,0.9977777777777778,6.492362300050445,18,100
0.0004048582995951417,0.1,0.6666666666666666,0.3333333333333333,0.1,0.6,1,4938,2,9,0.1,0.0004048582995951417,0.9977777777777778,6.492362300050445,18,100
0.001417004048582996,0.1,0.875,0.125,0.1,0.65,1,4933,7,9,0.1,0.001417004048582996,0.9967676767676767,6.492362300050445,18,100
0.0018218623481781376,0.1,0.9,0.1,0.1,0.7,1,4931,9,9,0.1,0.0018218623481781376,0.9963636363636363,6.492362300050445,18,100
0.0018218623481781376,0.2,0.8181818181818182,0.18181818181818182,0.2,0.75,2,4931,9,8,0.2,0.0018218623481781376,0.9965656565656565,6.492362300050445,18,100
0.0018218623481781376,0.2,0.8181818181818182,0.18181818181818182,0.2,0.8,2,4931,9,8,0.2,0.0018218623481781376,0.9965656565656565,6.492362300050445,18,100
0.0018218623481781376,0.2,0.8181818181818182,0.18181818181818182,0.2,0.85,2,4931,9,8,0.2,0.0018218623481781376,0.9965656565656565,6.492362300050445,18,100
0.0024291497975708503,0.2,0.8571428571428571,0.14285714285714285,0.2,0.9,2,4928,12,8,0.2,0.0024291497975708503,0.9959595959595959,6.492362300050445,18,100
0.03562753036437247,0.4,0.9777777777777777,0.022222222222222223,0.4,0.95,4,4764,176,6,0.4,0.03562753036437247,0.9632323232323232,6.492362300050445,18,100
0.9866396761133603,1.0,0.997952497952498,0.0020475020475020475,1.0,1.0,10,66,4874,0,1.0,0.9866396761133603,0.015353535353535354,6.492362300050445,18,100
0.0,0.0,0.0,,0.0,0.05,0,4940,0,10,0.0,0.0,0.997979797979798,6.230117400060408,19,100
0.00020242914979757084,0.1,0.5,0.5,0.1,0.1,1,4939,1,9,0.1,0.00020242914979757084,0.997979797979798,6.230117400060408,19,100
0.00020242914979757084,0.1,0.5,0.5,0.1,0.15,1,4939,1,9,0.1,0.00020242914979757084,0.997979797979798,6.230117400060408,19,100
0.0006072874493927126,0.1,0.75,0.25,0.1,0.2,1,4937,3,9,0.1,0.0006072874493927126,0.9975757575757576,6.230117400060408,19,100
0.0008097165991902834,0.1,0.8,0.2,0.1,0.25,1,4936,4,9,0.1,0.0008097165991902834,0.9973737373737374,6.230117400060408,19,100
0.0008097165991902834,0.1,0.8,0.2,0.1,0.3,1,4936,4,9,0.1,0.0008097165991902834,0.9973737373737374,6.230117400060408,19,100
0.0008097165991902834,0.1,0.8,0.2,0.1,0.35,1,4936,4,9,0.1,0.0008097165991902834,0.9973737373737374,6.230117400060408,19,100
0.0008097165991902834,0.1,0.8,0.2,0.1,0.4,1,4936,4,9,0.1,0.0008097165991902834,0.9973737373737374,6.230117400060408,19,100
0.0012145748987854252,0.2,0.75,0.25,0.2,0.45,2,4934,6,8,0.2,0.0012145748987854252,0.9971717171717172,6.230117400060408,19,100
0.0018218623481781376,0.3,0.75,0.25,0.3,0.5,3,4931,9,7,0.3,0.0018218623481781376,0.9967676767676767,6.230117400060408,19,100
0.002226720647773279,0.3,0.7857142857142857,0.21428571428571427,0.3,0.55,3,4929,11,7,0.3,0.002226720647773279,0.9963636363636363,6.230117400060408,19,100
0.009919028340080972,0.3,0.9423076923076923,0.057692307692307696,0.3,0.6,3,4891,49,7,0.3,0.009919028340080972,0.9886868686868687,6.230117400060408,19,100
0.020647773279352227,0.3,0.9714285714285714,0.02857142857142857,0.3,0.65,3,4838,102,7,0.3,0.020647773279352227,0.977979797979798,6.230117400060408,19,100
0.029757085020242914,0.3,0.98,0.02,0.3,0.7,3,4793,147,7,0.3,0.029757085020242914,0.9688888888888889,6.230117400060408,19,100
0.03279352226720648,0.3,0.9818181818181818,0.01818181818181818,0.3,0.75,3,4778,162,7,0.3,0.03279352226720648,0.9658585858585859,6.230117400060408,19,100
0.05951417004048583,0.3,0.98989898989899,0.010101010101010102,0.3,0.8,3,4646,294,7,0.3,0.05951417004048583,0.9391919191919192,6.230117400060408,19,100
0.11740890688259109,0.4,0.9931506849315068,0.00684931506849315,0.4,0.85,4,4360,580,6,0.4,0.11740890688259109,0.8816161616161616,6.230117400060408,19,100
0.2653846153846154,0.5,0.9962006079027356,0.003799392097264438,0.5,0.9,5,3629,1311,5,0.5,0.2653846153846154,0.7341414141414141,6.230117400060408,19,100
0.5526315789473685,0.8,0.9970781592403214,0.0029218407596785976,0.8,0.95,8,2210,2730,2,0.8,0.5526315789473685,0.4480808080808081,6.230117400060408,19,100
0.9987854251012146,1.0,0.9979773462783171,0.0020226537216828477,1.0,1.0,10,6,4934,0,1.0,0.9987854251012146,0.0032323232323232323,6.230117400060408,19,100
0.0,0.0,0.0,,0.0,0.05,0,4940,0,10,0.0,0.0,0.997979797979798,6.4652376000303775,20,100
0.0,0.0,0.0,,0.0,0.1,0,4940,0,10,0.0,0.0,0.997979797979798,6.4652376000303775,20,100
0.0,0.0,0.0,,0.0,0.15,0,4940,0,10,0.0,0.0,0.997979797979798,6.4652376000303775,20,100
0.0,0.0,0.0,,0.0,0.2,0,4940,0,10,0.0,0.0,0.997979797979798,6.4652376000303775,20,100
0.0,0.0,0.0,,0.0,0.25,0,4940,0,10,0.0,0.0,0.997979797979798,6.4652376000303775,20,100
0.0012145748987854252,0.0,1.0,0.0,0.0,0.3,0,4934,6,10,0.0,0.0012145748987854252,0.9967676767676767,6.4652376000303775,20,100
0.0020242914979757085,0.0,1.0,0.0,0.0,0.35,0,4930,10,10,0.0,0.0020242914979757085,0.9959595959595959,6.4652376000303775,20,100
0.0020242914979757085,0.0,1.0,0.0,0.0,0.4,0,4930,10,10,0.0,0.0020242914979757085,0.9959595959595959,6.4652376000303775,20,100
0.0032388663967611335,0.0,1.0,0.0,0.0,0.45,0,4924,16,10,0.0,0.0032388663967611335,0.9947474747474747,6.4652376000303775,20,100
0.007692307692307693,0.1,0.9743589743589743,0.02564102564102564,0.1,0.5,1,4902,38,9,0.1,0.007692307692307693,0.9905050505050506,6.4652376000303775,20,100
0.012145748987854251,0.1,0.9836065573770492,0.01639344262295082,0.1,0.55,1,4880,60,9,0.1,0.012145748987854251,0.9860606060606061,6.4652376000303775,20,100
0.01659919028340081,0.1,0.9879518072289156,0.012048192771084338,0.1,0.6,1,4858,82,9,0.1,0.01659919028340081,0.9816161616161616,6.4652376000303775,20,100
0.02186234817813765,0.1,0.9908256880733946,0.009174311926605505,0.1,0.65,1,4832,108,9,0.1,0.02186234817813765,0.9763636363636363,6.4652376000303775,20,100
0.02631578947368421,0.1,0.9923664122137404,0.007633587786259542,0.1,0.7,1,4810,130,9,0.1,0.02631578947368421,0.971919191919192,6.4652376000303775,20,100
0.033805668016194335,0.1,0.9940476190476191,0.005952380952380952,0.1,0.75,1,4773,167,9,0.1,0.033805668016194335,0.9644444444444444,6.4652376000303775,20,100
0.06882591093117409,0.1,0.9970674486803519,0.002932551319648094,0.1,0.8,1,4600,340,9,0.1,0.06882591093117409,0.9294949494949495,6.4652376000303775,20,100
0.13218623481781377,0.5,0.9924012158054711,0.007598784194528876,0.5,0.85,5,4287,653,5,0.5,0.13218623481781377,0.8670707070707071,6.4652376000303775,20,100
0.19433198380566802,0.5,0.9948186528497409,0.0051813471502590676,0.5,0.9,5,3980,960,5,0.5,0.19433198380566802,0.805050505050505,6.4652376000303775,20,100
0.2908906882591093,0.5,0.9965325936199723,0.0034674063800277394,0.5,0.95,5,3503,1437,5,0.5,0.2908906882591093,0.7086868686868687,6.4652376000303775,20,100
0.9949392712550608,1.0,0.9979695431472081,0.0020304568527918783,1.0,1.0,10,25,4915,0,1.0,0.9949392712550608,0.007070707070707071,6.4652376000303775,20,100
0.0004048582995951417,0.0,1.0,0.0,0.0,0.05,0,4938,2,10,0.0,0.0004048582995951417,0.9975757575757576,6.398320900043473,21,100
0.0004048582995951417,0.0,1.0,0.0,0.0,0.1,0,4938,2,10,0.0,0.0004048582995951417,0.9975757575757576,6.398320900043473,21,100
0.0004048582995951417,0.0,1.0,0.0,0.0,0.15,0,4938,2,10,0.0,0.0004048582995951417,0.9975757575757576,6.398320900043473,21,100
0.0004048582995951417,0.0,1.0,0.0,0.0,0.2,0,4938,2,10,0.0,0.0004048582995951417,0.9975757575757576,6.398320900043473,21,100
0.0004048582995951417,0.0,1.0,0.0,0.0,0.25,0,4938,2,10,0.0,0.0004048582995951417,0.9975757575757576,6.398320900043473,21,100
0.0006072874493927126,0.0,1.0,0.0,0.0,0.3,0,4937,3,10,0.0,0.0006072874493927126,0.9973737373737374,6.398320900043473,21,100
0.0008097165991902834,0.0,1.0,0.0,0.0,0.35,0,4936,4,10,0.0,0.0008097165991902834,0.9971717171717172,6.398320900043473,21,100
0.0010121457489878543,0.0,1.0,0.0,0.0,0.4,0,4935,5,10,0.0,0.0010121457489878543,0.996969696969697,6.398320900043473,21,100
0.0010121457489878543,0.0,1.0,0.0,0.0,0.45,0,4935,5,10,0.0,0.0010121457489878543,0.996969696969697,6.398320900043473,21,100
0.0032388663967611335,0.1,0.9411764705882353,0.058823529411764705,0.1,0.5,1,4924,16,9,0.1,0.0032388663967611335,0.9949494949494949,6.398320900043473,21,100
0.0034412955465587046,0.1,0.9444444444444444,0.05555555555555555,0.1,0.55,1,4923,17,9,0.1,0.0034412955465587046,0.9947474747474747,6.398320900043473,21,100
0.0036437246963562753,0.1,0.9473684210526315,0.05263157894736842,0.1,0.6,1,4922,18,9,0.1,0.0036437246963562753,0.9945454545454545,6.398320900043473,21,100
0.022267206477732792,0.3,0.9734513274336283,0.02654867256637168,0.3,0.65,3,4830,110,7,0.3,0.022267206477732792,0.9763636363636363,6.398320900043473,21,100
0.033805668016194335,0.4,0.9766081871345029,0.023391812865497075,0.4,0.7,4,4773,167,6,0.4,0.033805668016194335,0.965050505050505,6.398320900043473,21,100
0.036639676113360324,0.4,0.9783783783783784,0.021621621621621623,0.4,0.75,4,4759,181,6,0.4,0.036639676113360324,0.9622222222222222,6.398320900043473,21,100
0.05344129554655871,0.4,0.9850746268656716,0.014925373134328358,0.4,0.8,4,4676,264,6,0.4,0.05344129554655871,0.9454545454545454,6.398320900043473,21,100
0.13097165991902834,0.6,0.9908116385911179,0.009188361408882083,0.6,0.85,6,4293,647,4,0.6,0.13097165991902834,0.8684848484848485,6.398320900043473,21,100
0.20040485829959515,0.7,0.9929789368104313,0.007021063189568706,0.7,0.9,7,3950,990,3,0.7,0.20040485829959515,0.7993939393939394,6.398320900043473,21,100
0.3522267206477733,0.7,0.9959931310818546,0.004006868918145392,0.7,0.95,7,3200,1740,3,0.7,0.3522267206477733,0.6478787878787878,6.398320900043473,21,100
0.9801619433198381,1.0,0.9979389942291839,0.002061005770816158,1.0,1.0,10,98,4842,0,1.0,0.9801619433198381,0.02181818181818182,6.398320900043473,21,100
0.0,0.0,0.0,,0.0,0.05,0,4940,0,10,0.0,0.0,0.997979797979798,6.462505100062117,22,100
0.0,0.0,0.0,,0.0,0.1,0,4940,0,10,0.0,0.0,0.997979797979798,6.462505100062117,22,100
0.0,0.0,0.0,,0.0,0.15,0,4940,0,10,0.0,0.0,0.997979797979798,6.462505100062117,22,100
0.0,0.0,0.0,,0.0,0.2,0,4940,0,10,0.0,0.0,0.997979797979798,6.462505100062117,22,100
0.0,0.0,0.0,,0.0,0.25,0,4940,0,10,0.0,0.0,0.997979797979798,6.462505100062117,22,100
0.0,0.0,0.0,,0.0,0.3,0,4940,0,10,0.0,0.0,0.997979797979798,6.462505100062117,22,100
0.0,0.0,0.0,,0.0,0.35,0,4940,0,10,0.0,0.0,0.997979797979798,6.462505100062117,22,100
0.0,0.0,0.0,,0.0,0.4,0,4940,0,10,0.0,0.0,0.997979797979798,6.462505100062117,22,100
0.0,0.0,0.0,,0.0,0.45,0,4940,0,10,0.0,0.0,0.997979797979798,6.462505100062117,22,100
0.0,0.0,0.0,,0.0,0.5,0,4940,0,10,0.0,0.0,0.997979797979798,6.462505100062117,22,100
0.0,0.0,0.0,,0.0,0.55,0,4940,0,10,0.0,0.0,0.997979797979798,6.462505100062117,22,100
0.0,0.0,0.0,,0.0,0.6,0,4940,0,10,0.0,0.0,0.997979797979798,6.462505100062117,22,100
0.0,0.0,0.0,,0.0,0.65,0,4940,0,10,0.0,0.0,0.997979797979798,6.462505100062117,22,100
0.0036437246963562753,0.0,1.0,0.0,0.0,0.7,0,4922,18,10,0.0,0.0036437246963562753,0.9943434343434343,6.462505100062117,22,100
0.0036437246963562753,0.0,1.0,0.0,0.0,0.75,0,4922,18,10,0.0,0.0036437246963562753,0.9943434343434343,6.462505100062117,22,100
0.012550607287449392,0.1,0.9841269841269841,0.015873015873015872,0.1,0.8,1,4878,62,9,0.1,0.012550607287449392,0.9856565656565657,6.462505100062117,22,100
0.01639676113360324,0.1,0.9878048780487805,0.012195121951219513,0.1,0.85,1,4859,81,9,0.1,0.01639676113360324,0.9818181818181818,6.462505100062117,22,100
0.021052631578947368,0.2,0.9811320754716981,0.018867924528301886,0.2,0.9,2,4836,104,8,0.2,0.021052631578947368,0.9773737373737373,6.462505100062117,22,100
0.02368421052631579,0.2,0.9831932773109243,0.01680672268907563,0.2,0.95,2,4823,117,8,0.2,0.02368421052631579,0.9747474747474747,6.462505100062117,22,100
0.9967611336032388,1.0,0.9979732468585326,0.002026753141467369,1.0,1.0,10,16,4924,0,1.0,0.9967611336032388,0.0052525252525252525,6.462505100062117,22,100
0.0,0.0,0.0,,0.0,0.05,0,4940,0,10,0.0,0.0,0.997979797979798,6.466260400018655,23,100
0.0,0.0,0.0,,0.0,0.1,0,4940,0,10,0.0,0.0,0.997979797979798,6.466260400018655,23,100
0.0,0.0,0.0,,0.0,0.15,0,4940,0,10,0.0,0.0,0.997979797979798,6.466260400018655,23,100
0.0,0.0,0.0,,0.0,0.2,0,4940,0,10,0.0,0.0,0.997979797979798,6.466260400018655,23,100
0.0,0.0,0.0,,0.0,0.25,0,4940,0,10,0.0,0.0,0.997979797979798,6.466260400018655,23,100
0.0,0.0,0.0,,0.0,0.3,0,4940,0,10,0.0,0.0,0.997979797979798,6.466260400018655,23,100
0.0,0.0,0.0,,0.0,0.35,0,4940,0,10,0.0,0.0,0.997979797979798,6.466260400018655,23,100
0.0,0.0,0.0,,0.0,0.4,0,4940,0,10,0.0,0.0,0.997979797979798,6.466260400018655,23,100
0.0,0.0,0.0,,0.0,0.45,0,4940,0,10,0.0,0.0,0.997979797979798,6.466260400018655,23,100
0.0,0.0,0.0,,0.0,0.5,0,4940,0,10,0.0,0.0,0.997979797979798,6.466260400018655,23,100
0.0,0.0,0.0,,0.0,0.55,0,4940,0,10,0.0,0.0,0.997979797979798,6.466260400018655,23,100
0.0,0.0,0.0,,0.0,0.6,0,4940,0,10,0.0,0.0,0.997979797979798,6.466260400018655,23,100
0.0,0.0,0.0,,0.0,0.65,0,4940,0,10,0.0,0.0,0.997979797979798,6.466260400018655,23,100
0.01680161943319838,0.1,0.9880952380952381,0.011904761904761904,0.1,0.7,1,4857,83,9,0.1,0.01680161943319838,0.9814141414141414,6.466260400018655,23,100
0.019838056680161944,0.2,0.98,0.02,0.2,0.75,2,4842,98,8,0.2,0.019838056680161944,0.9785858585858586,6.466260400018655,23,100
0.030364372469635626,0.2,0.9868421052631579,0.013157894736842105,0.2,0.8,2,4790,150,8,0.2,0.030364372469635626,0.9680808080808081,6.466260400018655,23,100
0.04959514170040486,0.2,0.9919028340080972,0.008097165991902834,0.2,0.85,2,4695,245,8,0.2,0.04959514170040486,0.9488888888888889,6.466260400018655,23,100
0.07894736842105263,0.3,0.9923664122137404,0.007633587786259542,0.3,0.9,3,4550,390,7,0.3,0.07894736842105263,0.9197979797979798,6.466260400018655,23,100
0.11052631578947368,0.3,0.994535519125683,0.00546448087431694,0.3,0.95,3,4394,546,7,0.3,0.11052631578947368,0.8882828282828282,6.466260400018655,23,100
0.998582995951417,1.0,0.9979769370827433,0.0020230629172567267,1.0,1.0,10,7,4933,0,1.0,0.998582995951417,0.0034343434343434343,6.466260400018655,23,100
0.0,0.0,0.0,,0.0,0.05,0,4940,0,10,0.0,0.0,0.997979797979798,6.361754399957135,24,100
0.0,0.0,0.0,,0.0,0.1,0,4940,0,10,0.0,0.0,0.997979797979798,6.361754399957135,24,100
0.0,0.0,0.0,,0.0,0.15,0,4940,0,10,0.0,0.0,0.997979797979798,6.361754399957135,24,100
0.0,0.0,0.0,,0.0,0.2,0,4940,0,10,0.0,0.0,0.997979797979798,6.361754399957135,24,100
0.0,0.0,0.0,,0.0,0.25,0,4940,0,10,0.0,0.0,0.997979797979798,6.361754399957135,24,100
0.0,0.0,0.0,,0.0,0.3,0,4940,0,10,0.0,0.0,0.997979797979798,6.361754399957135,24,100
0.0,0.0,0.0,,0.0,0.35,0,4940,0,10,0.0,0.0,0.997979797979798,6.361754399957135,24,100
0.0,0.0,0.0,,0.0,0.4,0,4940,0,10,0.0,0.0,0.997979797979798,6.361754399957135,24,100
0.0,0.0,0.0,,0.0,0.45,0,4940,0,10,0.0,0.0,0.997979797979798,6.361754399957135,24,100
0.0,0.0,0.0,,0.0,0.5,0,4940,0,10,0.0,0.0,0.997979797979798,6.361754399957135,24,100
0.0,0.0,0.0,,0.0,0.55,0,4940,0,10,0.0,0.0,0.997979797979798,6.361754399957135,24,100
0.0020242914979757085,0.0,1.0,0.0,0.0,0.6,0,4930,10,10,0.0,0.0020242914979757085,0.9959595959595959,6.361754399957135,24,100
0.0020242914979757085,0.0,1.0,0.0,0.0,0.65,0,4930,10,10,0.0,0.0020242914979757085,0.9959595959595959,6.361754399957135,24,100
0.002226720647773279,0.0,1.0,0.0,0.0,0.7,0,4929,11,10,0.0,0.002226720647773279,0.9957575757575757,6.361754399957135,24,100
0.002226720647773279,0.1,0.9166666666666666,0.08333333333333333,0.1,0.75,1,4929,11,9,0.1,0.002226720647773279,0.9959595959595959,6.361754399957135,24,100
0.002226720647773279,0.1,0.9166666666666666,0.08333333333333333,0.1,0.8,1,4929,11,9,0.1,0.002226720647773279,0.9959595959595959,6.361754399957135,24,100
0.002226720647773279,0.1,0.9166666666666666,0.08333333333333333,0.1,0.85,1,4929,11,9,0.1,0.002226720647773279,0.9959595959595959,6.361754399957135,24,100
0.0024291497975708503,0.1,0.9230769230769231,0.07692307692307693,0.1,0.9,1,4928,12,9,0.1,0.0024291497975708503,0.9957575757575757,6.361754399957135,24,100
0.005263157894736842,0.1,0.9629629629629629,0.037037037037037035,0.1,0.95,1,4914,26,9,0.1,0.005263157894736842,0.9929292929292929,6.361754399957135,24,100
0.998582995951417,1.0,0.9979769370827433,0.0020230629172567267,1.0,1.0,10,7,4933,0,1.0,0.998582995951417,0.0034343434343434343,6.361754399957135,24,100
0.0,0.0,0.0,,0.0,0.05,0,4940,0,10,0.0,0.0,0.997979797979798,6.445962799945846,25,100
0.0,0.0,0.0,,0.0,0.1,0,4940,0,10,0.0,0.0,0.997979797979798,6.445962799945846,25,100
0.0,0.0,0.0,,0.0,0.15,0,4940,0,10,0.0,0.0,0.997979797979798,6.445962799945846,25,100
0.0,0.0,0.0,,0.0,0.2,0,4940,0,10,0.0,0.0,0.997979797979798,6.445962799945846,25,100
0.0,0.0,0.0,,0.0,0.25,0,4940,0,10,0.0,0.0,0.997979797979798,6.445962799945846,25,100
0.0,0.0,0.0,,0.0,0.3,0,4940,0,10,0.0,0.0,0.997979797979798,6.445962799945846,25,100
0.0,0.0,0.0,,0.0,0.35,0,4940,0,10,0.0,0.0,0.997979797979798,6.445962799945846,25,100
0.0,0.0,0.0,,0.0,0.4,0,4940,0,10,0.0,0.0,0.997979797979798,6.445962799945846,25,100
0.0,0.0,0.0,,0.0,0.45,0,4940,0,10,0.0,0.0,0.997979797979798,6.445962799945846,25,100
0.0,0.0,0.0,,0.0,0.5,0,4940,0,10,0.0,0.0,0.997979797979798,6.445962799945846,25,100
0.0,0.0,0.0,,0.0,0.55,0,4940,0,10,0.0,0.0,0.997979797979798,6.445962799945846,25,100
0.0,0.0,0.0,,0.0,0.6,0,4940,0,10,0.0,0.0,0.997979797979798,6.445962799945846,25,100
0.0,0.0,0.0,,0.0,0.65,0,4940,0,10,0.0,0.0,0.997979797979798,6.445962799945846,25,100
0.0,0.0,0.0,,0.0,0.7,0,4940,0,10,0.0,0.0,0.997979797979798,6.445962799945846,25,100
0.0,0.0,0.0,,0.0,0.75,0,4940,0,10,0.0,0.0,0.997979797979798,6.445962799945846,25,100
0.0,0.0,0.0,,0.0,0.8,0,4940,0,10,0.0,0.0,0.997979797979798,6.445962799945846,25,100
0.0,0.0,0.0,,0.0,0.85,0,4940,0,10,0.0,0.0,0.997979797979798,6.445962799945846,25,100
0.0,0.0,0.0,,0.0,0.9,0,4940,0,10,0.0,0.0,0.997979797979798,6.445962799945846,25,100
0.01680161943319838,0.0,1.0,0.0,0.0,0.95,0,4857,83,10,0.0,0.01680161943319838,0.9812121212121212,6.445962799945846,25,100
0.9967611336032388,1.0,0.9979732468585326,0.002026753141467369,1.0,1.0,10,16,4924,0,1.0,0.9967611336032388,0.0052525252525252525,6.445962799945846,25,100
0.00020242914979757084,0.0,1.0,0.0,0.0,0.05,0,4939,1,10,0.0,0.00020242914979757084,0.9977777777777778,6.473893700051121,26,100
0.00020242914979757084,0.0,1.0,0.0,0.0,0.1,0,4939,1,10,0.0,0.00020242914979757084,0.9977777777777778,6.473893700051121,26,100
0.00020242914979757084,0.0,1.0,0.0,0.0,0.15,0,4939,1,10,0.0,0.00020242914979757084,0.9977777777777778,6.473893700051121,26,100
0.00020242914979757084,0.0,1.0,0.0,0.0,0.2,0,4939,1,10,0.0,0.00020242914979757084,0.9977777777777778,6.473893700051121,26,100
0.00020242914979757084,0.0,1.0,0.0,0.0,0.25,0,4939,1,10,0.0,0.00020242914979757084,0.9977777777777778,6.473893700051121,26,100
0.00020242914979757084,0.0,1.0,0.0,0.0,0.3,0,4939,1,10,0.0,0.00020242914979757084,0.9977777777777778,6.473893700051121,26,100
0.00020242914979757084,0.0,1.0,0.0,0.0,0.35,0,4939,1,10,0.0,0.00020242914979757084,0.9977777777777778,6.473893700051121,26,100
0.0020242914979757085,0.1,0.9090909090909091,0.09090909090909091,0.1,0.4,1,4930,10,9,0.1,0.0020242914979757085,0.9961616161616161,6.473893700051121,26,100
0.0020242914979757085,0.1,0.9090909090909091,0.09090909090909091,0.1,0.45,1,4930,10,9,0.1,0.0020242914979757085,0.9961616161616161,6.473893700051121,26,100
0.002226720647773279,0.1,0.9166666666666666,0.08333333333333333,0.1,0.5,1,4929,11,9,0.1,0.002226720647773279,0.9959595959595959,6.473893700051121,26,100
0.002226720647773279,0.1,0.9166666666666666,0.08333333333333333,0.1,0.55,1,4929,11,9,0.1,0.002226720647773279,0.9959595959595959,6.473893700051121,26,100
0.0032388663967611335,0.1,0.9411764705882353,0.058823529411764705,0.1,0.6,1,4924,16,9,0.1,0.0032388663967611335,0.9949494949494949,6.473893700051121,26,100
0.0032388663967611335,0.1,0.9411764705882353,0.058823529411764705,0.1,0.65,1,4924,16,9,0.1,0.0032388663967611335,0.9949494949494949,6.473893700051121,26,100
0.00708502024291498,0.1,0.9722222222222222,0.027777777777777776,0.1,0.7,1,4905,35,9,0.1,0.00708502024291498,0.9911111111111112,6.473893700051121,26,100
0.007489878542510121,0.1,0.9736842105263158,0.02631578947368421,0.1,0.75,1,4903,37,9,0.1,0.007489878542510121,0.9907070707070708,6.473893700051121,26,100
0.008299595141700405,0.1,0.9761904761904762,0.023809523809523808,0.1,0.8,1,4899,41,9,0.1,0.008299595141700405,0.98989898989899,6.473893700051121,26,100
0.010121457489878543,0.1,0.9803921568627451,0.0196078431372549,0.1,0.85,1,4890,50,9,0.1,0.010121457489878543,0.9880808080808081,6.473893700051121,26,100
0.020242914979757085,0.1,0.9900990099009901,0.009900990099009901,0.1,0.9,1,4840,100,9,0.1,0.020242914979757085,0.977979797979798,6.473893700051121,26,100
0.12004048582995952,0.3,0.9949664429530202,0.0050335570469798654,0.3,0.95,3,4347,593,7,0.3,0.12004048582995952,0.8787878787878788,6.473893700051121,26,100
0.9949392712550608,1.0,0.9979695431472081,0.0020304568527918783,1.0,1.0,10,25,4915,0,1.0,0.9949392712550608,0.007070707070707071,6.473893700051121,26,100
0.0,0.0,0.0,,0.0,0.05,0,4940,0,10,0.0,0.0,0.997979797979798,6.523531599901617,27,100
0.0,0.0,0.0,,0.0,0.1,0,4940,0,10,0.0,0.0,0.997979797979798,6.523531599901617,27,100
0.0,0.0,0.0,,0.0,0.15,0,4940,0,10,0.0,0.0,0.997979797979798,6.523531599901617,27,100
0.0,0.0,0.0,,0.0,0.2,0,4940,0,10,0.0,0.0,0.997979797979798,6.523531599901617,27,100
0.0,0.0,0.0,,0.0,0.25,0,4940,0,10,0.0,0.0,0.997979797979798,6.523531599901617,27,100
0.0008097165991902834,0.0,1.0,0.0,0.0,0.3,0,4936,4,10,0.0,0.0008097165991902834,0.9971717171717172,6.523531599901617,27,100
0.0008097165991902834,0.0,1.0,0.0,0.0,0.35,0,4936,4,10,0.0,0.0008097165991902834,0.9971717171717172,6.523531599901617,27,100
0.0016194331983805667,0.0,1.0,0.0,0.0,0.4,0,4932,8,10,0.0,0.0016194331983805667,0.9963636363636363,6.523531599901617,27,100
0.0020242914979757085,0.0,1.0,0.0,0.0,0.45,0,4930,10,10,0.0,0.0020242914979757085,0.9959595959595959,6.523531599901617,27,100
0.002226720647773279,0.0,1.0,0.0,0.0,0.5,0,4929,11,10,0.0,0.002226720647773279,0.9957575757575757,6.523531599901617,27,100
0.002226720647773279,0.0,1.0,0.0,0.0,0.55,0,4929,11,10,0.0,0.002226720647773279,0.9957575757575757,6.523531599901617,27,100
0.0024291497975708503,0.0,1.0,0.0,0.0,0.6,0,4928,12,10,0.0,0.0024291497975708503,0.9955555555555555,6.523531599901617,27,100
0.0024291497975708503,0.1,0.9230769230769231,0.07692307692307693,0.1,0.65,1,4928,12,9,0.1,0.0024291497975708503,0.9957575757575757,6.523531599901617,27,100
0.0036437246963562753,0.1,0.9473684210526315,0.05263157894736842,0.1,0.7,1,4922,18,9,0.1,0.0036437246963562753,0.9945454545454545,6.523531599901617,27,100
0.005060728744939271,0.1,0.9615384615384616,0.038461538461538464,0.1,0.75,1,4915,25,9,0.1,0.005060728744939271,0.9931313131313131,6.523531599901617,27,100
0.007489878542510121,0.1,0.9736842105263158,0.02631578947368421,0.1,0.8,1,4903,37,9,0.1,0.007489878542510121,0.9907070707070708,6.523531599901617,27,100
0.010526315789473684,0.1,0.9811320754716981,0.018867924528301886,0.1,0.85,1,4888,52,9,0.1,0.010526315789473684,0.9876767676767677,6.523531599901617,27,100
0.029757085020242914,0.3,0.98,0.02,0.3,0.9,3,4793,147,7,0.3,0.029757085020242914,0.9688888888888889,6.523531599901617,27,100
0.056882591093117406,0.3,0.9894366197183099,0.01056338028169014,0.3,0.95,3,4659,281,7,0.3,0.056882591093117406,0.9418181818181818,6.523531599901617,27,100
0.9983805668016195,1.0,0.9979765277215702,0.0020234722784297854,1.0,1.0,10,8,4932,0,1.0,0.9983805668016195,0.0036363636363636364,6.523531599901617,27,100
0.00020242914979757084,0.0,1.0,0.0,0.0,0.05,0,4939,1,10,0.0,0.00020242914979757084,0.9977777777777778,6.44381029997021,28,100
0.0008097165991902834,0.0,1.0,0.0,0.0,0.1,0,4936,4,10,0.0,0.0008097165991902834,0.9971717171717172,6.44381029997021,28,100
0.0008097165991902834,0.0,1.0,0.0,0.0,0.15,0,4936,4,10,0.0,0.0008097165991902834,0.9971717171717172,6.44381029997021,28,100
0.0010121457489878543,0.0,1.0,0.0,0.0,0.2,0,4935,5,10,0.0,0.0010121457489878543,0.996969696969697,6.44381029997021,28,100
0.002226720647773279,0.0,1.0,0.0,0.0,0.25,0,4929,11,10,0.0,0.002226720647773279,0.9957575757575757,6.44381029997021,28,100
0.0024291497975708503,0.0,1.0,0.0,0.0,0.3,0,4928,12,10,0.0,0.0024291497975708503,0.9955555555555555,6.44381029997021,28,100
0.002834008097165992,0.0,1.0,0.0,0.0,0.35,0,4926,14,10,0.0,0.002834008097165992,0.9951515151515151,6.44381029997021,28,100
0.002834008097165992,0.0,1.0,0.0,0.0,0.4,0,4926,14,10,0.0,0.002834008097165992,0.9951515151515151,6.44381029997021,28,100
0.002834008097165992,0.0,1.0,0.0,0.0,0.45,0,4926,14,10,0.0,0.002834008097165992,0.9951515151515151,6.44381029997021,28,100
0.013765182186234818,0.0,1.0,0.0,0.0,0.5,0,4872,68,10,0.0,0.013765182186234818,0.9842424242424243,6.44381029997021,28,100
0.015384615384615385,0.0,1.0,0.0,0.0,0.55,0,4864,76,10,0.0,0.015384615384615385,0.9826262626262626,6.44381029997021,28,100
0.019433198380566803,0.0,1.0,0.0,0.0,0.6,0,4844,96,10,0.0,0.019433198380566803,0.9785858585858586,6.44381029997021,28,100
0.026720647773279354,0.0,1.0,0.0,0.0,0.65,0,4808,132,10,0.0,0.026720647773279354,0.9713131313131314,6.44381029997021,28,100
0.029554655870445343,0.0,1.0,0.0,0.0,0.7,0,4794,146,10,0.0,0.029554655870445343,0.9684848484848485,6.44381029997021,28,100
0.036639676113360324,0.1,0.9945054945054945,0.005494505494505495,0.1,0.75,1,4759,181,9,0.1,0.036639676113360324,0.9616161616161616,6.44381029997021,28,100
0.0645748987854251,0.2,0.9937694704049844,0.006230529595015576,0.2,0.8,2,4621,319,8,0.2,0.0645748987854251,0.933939393939394,6.44381029997021,28,100
0.08481781376518219,0.2,0.995249406175772,0.004750593824228029,0.2,0.85,2,4521,419,8,0.2,0.08481781376518219,0.9137373737373737,6.44381029997021,28,100
0.14048582995951417,0.2,0.9971264367816092,0.0028735632183908046,0.2,0.9,2,4246,694,8,0.2,0.14048582995951417,0.8581818181818182,6.44381029997021,28,100
0.255668016194332,0.4,0.9968429360694554,0.0031570639305445935,0.4,0.95,4,3677,1263,6,0.4,0.255668016194332,0.7436363636363637,6.44381029997021,28,100
0.9971659919028341,1.0,0.9979740680713128,0.002025931928687196,1.0,1.0,10,14,4926,0,1.0,0.9971659919028341,0.0048484848484848485,6.44381029997021,28,100
0.00020242914979757084,0.0,1.0,0.0,0.0,0.05,0,4939,1,10,0.0,0.00020242914979757084,0.9977777777777778,6.579981500050053,29,100
0.0006072874493927126,0.0,1.0,0.0,0.0,0.1,0,4937,3,10,0.0,0.0006072874493927126,0.9973737373737374,6.579981500050053,29,100
0.0012145748987854252,0.0,1.0,0.0,0.0,0.15,0,4934,6,10,0.0,0.0012145748987854252,0.9967676767676767,6.579981500050053,29,100
0.0016194331983805667,0.0,1.0,0.0,0.0,0.2,0,4932,8,10,0.0,0.0016194331983805667,0.9963636363636363,6.579981500050053,29,100
0.0020242914979757085,0.0,1.0,0.0,0.0,0.25,0,4930,10,10,0.0,0.0020242914979757085,0.9959595959595959,6.579981500050053,29,100
0.0020242914979757085,0.0,1.0,0.0,0.0,0.3,0,4930,10,10,0.0,0.0020242914979757085,0.9959595959595959,6.579981500050053,29,100
0.0020242914979757085,0.0,1.0,0.0,0.0,0.35,0,4930,10,10,0.0,0.0020242914979757085,0.9959595959595959,6.579981500050053,29,100
0.0020242914979757085,0.0,1.0,0.0,0.0,0.4,0,4930,10,10,0.0,0.0020242914979757085,0.9959595959595959,6.579981500050053,29,100
0.002226720647773279,0.0,1.0,0.0,0.0,0.45,0,4929,11,10,0.0,0.002226720647773279,0.9957575757575757,6.579981500050053,29,100
0.002226720647773279,0.0,1.0,0.0,0.0,0.5,0,4929,11,10,0.0,0.002226720647773279,0.9957575757575757,6.579981500050053,29,100
0.002226720647773279,0.0,1.0,0.0,0.0,0.55,0,4929,11,10,0.0,0.002226720647773279,0.9957575757575757,6.579981500050053,29,100
0.002226720647773279,0.0,1.0,0.0,0.0,0.6,0,4929,11,10,0.0,0.002226720647773279,0.9957575757575757,6.579981500050053,29,100
0.0032388663967611335,0.0,1.0,0.0,0.0,0.65,0,4924,16,10,0.0,0.0032388663967611335,0.9947474747474747,6.579981500050053,29,100
0.0032388663967611335,0.0,1.0,0.0,0.0,0.7,0,4924,16,10,0.0,0.0032388663967611335,0.9947474747474747,6.579981500050053,29,100
0.0036437246963562753,0.0,1.0,0.0,0.0,0.75,0,4922,18,10,0.0,0.0036437246963562753,0.9943434343434343,6.579981500050053,29,100
0.00465587044534413,0.0,1.0,0.0,0.0,0.8,0,4917,23,10,0.0,0.00465587044534413,0.9933333333333333,6.579981500050053,29,100
0.00465587044534413,0.0,1.0,0.0,0.0,0.85,0,4917,23,10,0.0,0.00465587044534413,0.9933333333333333,6.579981500050053,29,100
0.006477732793522267,0.0,1.0,0.0,0.0,0.9,0,4908,32,10,0.0,0.006477732793522267,0.9915151515151515,6.579981500050053,29,100
0.01194331983805668,0.1,0.9833333333333333,0.016666666666666666,0.1,0.95,1,4881,59,9,0.1,0.01194331983805668,0.9862626262626263,6.579981500050053,29,100
0.9987854251012146,1.0,0.9979773462783171,0.0020226537216828477,1.0,1.0,10,6,4934,0,1.0,0.9987854251012146,0.0032323232323232323,6.579981500050053,29,100
0.00020242914979757084,0.0,1.0,0.0,0.0,0.05,0,4939,1,10,0.0,0.00020242914979757084,0.9977777777777778,6.444235400063917,30,100
0.00020242914979757084,0.0,1.0,0.0,0.0,0.1,0,4939,1,10,0.0,0.00020242914979757084,0.9977777777777778,6.444235400063917,30,100
0.00020242914979757084,0.0,1.0,0.0,0.0,0.15,0,4939,1,10,0.0,0.00020242914979757084,0.9977777777777778,6.444235400063917,30,100
0.00020242914979757084,0.0,1.0,0.0,0.0,0.2,0,4939,1,10,0.0,0.00020242914979757084,0.9977777777777778,6.444235400063917,30,100
0.00020242914979757084,0.0,1.0,0.0,0.0,0.25,0,4939,1,10,0.0,0.00020242914979757084,0.9977777777777778,6.444235400063917,30,100
0.00020242914979757084,0.0,1.0,0.0,0.0,0.3,0,4939,1,10,0.0,0.00020242914979757084,0.9977777777777778,6.444235400063917,30,100
0.00020242914979757084,0.0,1.0,0.0,0.0,0.35,0,4939,1,10,0.0,0.00020242914979757084,0.9977777777777778,6.444235400063917,30,100
0.00020242914979757084,0.0,1.0,0.0,0.0,0.4,0,4939,1,10,0.0,0.00020242914979757084,0.9977777777777778,6.444235400063917,30,100
0.00020242914979757084,0.0,1.0,0.0,0.0,0.45,0,4939,1,10,0.0,0.00020242914979757084,0.9977777777777778,6.444235400063917,30,100
0.00020242914979757084,0.0,1.0,0.0,0.0,0.5,0,4939,1,10,0.0,0.00020242914979757084,0.9977777777777778,6.444235400063917,30,100
0.00020242914979757084,0.0,1.0,0.0,0.0,0.55,0,4939,1,10,0.0,0.00020242914979757084,0.9977777777777778,6.444235400063917,30,100
0.0020242914979757085,0.0,1.0,0.0,0.0,0.6,0,4930,10,10,0.0,0.0020242914979757085,0.9959595959595959,6.444235400063917,30,100
0.0020242914979757085,0.0,1.0,0.0,0.0,0.65,0,4930,10,10,0.0,0.0020242914979757085,0.9959595959595959,6.444235400063917,30,100
0.007692307692307693,0.0,1.0,0.0,0.0,0.7,0,4902,38,10,0.0,0.007692307692307693,0.9903030303030304,6.444235400063917,30,100
0.008906882591093117,0.1,0.9777777777777777,0.022222222222222223,0.1,0.75,1,4896,44,9,0.1,0.008906882591093117,0.9892929292929293,6.444235400063917,30,100
0.013157894736842105,0.1,0.9848484848484849,0.015151515151515152,0.1,0.8,1,4875,65,9,0.1,0.013157894736842105,0.9850505050505051,6.444235400063917,30,100
0.04939271255060729,0.3,0.9878542510121457,0.012145748987854251,0.3,0.85,3,4696,244,7,0.3,0.04939271255060729,0.9492929292929293,6.444235400063917,30,100
0.06821862348178137,0.3,0.9911764705882353,0.008823529411764706,0.3,0.9,3,4603,337,7,0.3,0.06821862348178137,0.9305050505050505,6.444235400063917,30,100
0.15182186234817813,0.6,0.9920634920634921,0.007936507936507936,0.6,0.95,6,4190,750,4,0.6,0.15182186234817813,0.8476767676767677,6.444235400063917,30,100
0.9987854251012146,1.0,0.9979773462783171,0.0020226537216828477,1.0,1.0,10,6,4934,0,1.0,0.9987854251012146,0.0032323232323232323,6.444235400063917,30,100
0.0,0.0,0.0,,0.0,0.05,0,4940,0,10,0.0,0.0,0.997979797979798,6.516595899942331,31,100
0.0,0.0,0.0,,0.0,0.1,0,4940,0,10,0.0,0.0,0.997979797979798,6.516595899942331,31,100
0.0,0.0,0.0,,0.0,0.15,0,4940,0,10,0.0,0.0,0.997979797979798,6.516595899942331,31,100
0.0,0.0,0.0,,0.0,0.2,0,4940,0,10,0.0,0.0,0.997979797979798,6.516595899942331,31,100
0.0,0.0,0.0,,0.0,0.25,0,4940,0,10,0.0,0.0,0.997979797979798,6.516595899942331,31,100
0.0,0.0,0.0,,0.0,0.3,0,4940,0,10,0.0,0.0,0.997979797979798,6.516595899942331,31,100
0.0,0.0,0.0,,0.0,0.35,0,4940,0,10,0.0,0.0,0.997979797979798,6.516595899942331,31,100
0.0,0.0,0.0,,0.0,0.4,0,4940,0,10,0.0,0.0,0.997979797979798,6.516595899942331,31,100
0.0,0.0,0.0,,0.0,0.45,0,4940,0,10,0.0,0.0,0.997979797979798,6.516595899942331,31,100
0.0012145748987854252,0.0,1.0,0.0,0.0,0.5,0,4934,6,10,0.0,0.0012145748987854252,0.9967676767676767,6.516595899942331,31,100
0.0012145748987854252,0.0,1.0,0.0,0.0,0.55,0,4934,6,10,0.0,0.0012145748987854252,0.9967676767676767,6.516595899942331,31,100
0.002226720647773279,0.0,1.0,0.0,0.0,0.6,0,4929,11,10,0.0,0.002226720647773279,0.9957575757575757,6.516595899942331,31,100
0.002226720647773279,0.0,1.0,0.0,0.0,0.65,0,4929,11,10,0.0,0.002226720647773279,0.9957575757575757,6.516595899942331,31,100
0.0024291497975708503,0.0,1.0,0.0,0.0,0.7,0,4928,12,10,0.0,0.0024291497975708503,0.9955555555555555,6.516595899942331,31,100
0.0024291497975708503,0.0,1.0,0.0,0.0,0.75,0,4928,12,10,0.0,0.0024291497975708503,0.9955555555555555,6.516595899942331,31,100
0.0024291497975708503,0.0,1.0,0.0,0.0,0.8,0,4928,12,10,0.0,0.0024291497975708503,0.9955555555555555,6.516595899942331,31,100
0.0032388663967611335,0.0,1.0,0.0,0.0,0.85,0,4924,16,10,0.0,0.0032388663967611335,0.9947474747474747,6.516595899942331,31,100
0.0034412955465587046,0.0,1.0,0.0,0.0,0.9,0,4923,17,10,0.0,0.0034412955465587046,0.9945454545454545,6.516595899942331,31,100
0.09736842105263158,0.2,0.9958592132505176,0.004140786749482402,0.2,0.95,2,4459,481,8,0.2,0.09736842105263158,0.9012121212121212,6.516595899942331,31,100
0.9951417004048583,1.0,0.9979699553390174,0.0020300446609825416,1.0,1.0,10,24,4916,0,1.0,0.9951417004048583,0.006868686868686869,6.516595899942331,31,100
0.0,0.0,0.0,,0.0,0.05,0,4940,0,10,0.0,0.0,0.997979797979798,6.237156299990602,32,100
0.0,0.0,0.0,,0.0,0.1,0,4940,0,10,0.0,0.0,0.997979797979798,6.237156299990602,32,100
0.0,0.0,0.0,,0.0,0.15,0,4940,0,10,0.0,0.0,0.997979797979798,6.237156299990602,32,100
0.00020242914979757084,0.0,1.0,0.0,0.0,0.2,0,4939,1,10,0.0,0.00020242914979757084,0.9977777777777778,6.237156299990602,32,100
0.00020242914979757084,0.0,1.0,0.0,0.0,0.25,0,4939,1,10,0.0,0.00020242914979757084,0.9977777777777778,6.237156299990602,32,100
0.00020242914979757084,0.0,1.0,0.0,0.0,0.3,0,4939,1,10,0.0,0.00020242914979757084,0.9977777777777778,6.237156299990602,32,100
0.00020242914979757084,0.0,1.0,0.0,0.0,0.35,0,4939,1,10,0.0,0.00020242914979757084,0.9977777777777778,6.237156299990602,32,100
0.00020242914979757084,0.0,1.0,0.0,0.0,0.4,0,4939,1,10,0.0,0.00020242914979757084,0.9977777777777778,6.237156299990602,32,100
0.00020242914979757084,0.0,1.0,0.0,0.0,0.45,0,4939,1,10,0.0,0.00020242914979757084,0.9977777777777778,6.237156299990602,32,100
0.0008097165991902834,0.0,1.0,0.0,0.0,0.5,0,4936,4,10,0.0,0.0008097165991902834,0.9971717171717172,6.237156299990602,32,100
0.0008097165991902834,0.0,1.0,0.0,0.0,0.55,0,4936,4,10,0.0,0.0008097165991902834,0.9971717171717172,6.237156299990602,32,100
0.0008097165991902834,0.0,1.0,0.0,0.0,0.6,0,4936,4,10,0.0,0.0008097165991902834,0.9971717171717172,6.237156299990602,32,100
0.0008097165991902834,0.0,1.0,0.0,0.0,0.65,0,4936,4,10,0.0,0.0008097165991902834,0.9971717171717172,6.237156299990602,32,100
0.0008097165991902834,0.0,1.0,0.0,0.0,0.7,0,4936,4,10,0.0,0.0008097165991902834,0.9971717171717172,6.237156299990602,32,100
0.0008097165991902834,0.0,1.0,0.0,0.0,0.75,0,4936,4,10,0.0,0.0008097165991902834,0.9971717171717172,6.237156299990602,32,100
0.0020242914979757085,0.0,1.0,0.0,0.0,0.8,0,4930,10,10,0.0,0.0020242914979757085,0.9959595959595959,6.237156299990602,32,100
0.0020242914979757085,0.0,1.0,0.0,0.0,0.85,0,4930,10,10,0.0,0.0020242914979757085,0.9959595959595959,6.237156299990602,32,100
0.0020242914979757085,0.0,1.0,0.0,0.0,0.9,0,4930,10,10,0.0,0.0020242914979757085,0.9959595959595959,6.237156299990602,32,100
0.0032388663967611335,0.0,1.0,0.0,0.0,0.95,0,4924,16,10,0.0,0.0032388663967611335,0.9947474747474747,6.237156299990602,32,100
0.9761133603238866,1.0,0.9979304635761589,0.0020695364238410598,1.0,1.0,10,118,4822,0,1.0,0.9761133603238866,0.02585858585858586,6.237156299990602,32,100
0.00020242914979757084,0.0,1.0,0.0,0.0,0.05,0,4939,1,10,0.0,0.00020242914979757084,0.9977777777777778,6.468251500045881,33,100
0.00020242914979757084,0.0,1.0,0.0,0.0,0.1,0,4939,1,10,0.0,0.00020242914979757084,0.9977777777777778,6.468251500045881,33,100
0.00020242914979757084,0.0,1.0,0.0,0.0,0.15,0,4939,1,10,0.0,0.00020242914979757084,0.9977777777777778,6.468251500045881,33,100
0.0004048582995951417,0.0,1.0,0.0,0.0,0.2,0,4938,2,10,0.0,0.0004048582995951417,0.9975757575757576,6.468251500045881,33,100
0.0008097165991902834,0.0,1.0,0.0,0.0,0.25,0,4936,4,10,0.0,0.0008097165991902834,0.9971717171717172,6.468251500045881,33,100
0.0010121457489878543,0.0,1.0,0.0,0.0,0.3,0,4935,5,10,0.0,0.0010121457489878543,0.996969696969697,6.468251500045881,33,100
0.0010121457489878543,0.0,1.0,0.0,0.0,0.35,0,4935,5,10,0.0,0.0010121457489878543,0.996969696969697,6.468251500045881,33,100
0.0038461538461538464,0.0,1.0,0.0,0.0,0.4,0,4921,19,10,0.0,0.0038461538461538464,0.9941414141414141,6.468251500045881,33,100
0.0038461538461538464,0.0,1.0,0.0,0.0,0.45,0,4921,19,10,0.0,0.0038461538461538464,0.9941414141414141,6.468251500045881,33,100
0.004251012145748988,0.0,1.0,0.0,0.0,0.5,0,4919,21,10,0.0,0.004251012145748988,0.9937373737373737,6.468251500045881,33,100
0.004251012145748988,0.0,1.0,0.0,0.0,0.55,0,4919,21,10,0.0,0.004251012145748988,0.9937373737373737,6.468251500045881,33,100
0.005870445344129555,0.0,1.0,0.0,0.0,0.6,0,4911,29,10,0.0,0.005870445344129555,0.9921212121212121,6.468251500045881,33,100
0.011133603238866396,0.0,1.0,0.0,0.0,0.65,0,4885,55,10,0.0,0.011133603238866396,0.9868686868686869,6.468251500045881,33,100
0.012550607287449392,0.0,1.0,0.0,0.0,0.7,0,4878,62,10,0.0,0.012550607287449392,0.9854545454545455,6.468251500045881,33,100
0.0437246963562753,0.2,0.9908256880733946,0.009174311926605505,0.2,0.75,2,4724,216,8,0.2,0.0437246963562753,0.9547474747474748,6.468251500045881,33,100
0.05344129554655871,0.4,0.9850746268656716,0.014925373134328358,0.4,0.8,4,4676,264,6,0.4,0.05344129554655871,0.9454545454545454,6.468251500045881,33,100
0.1,0.5,0.9899799599198397,0.01002004008016032,0.5,0.85,5,4446,494,5,0.5,0.1,0.8991919191919192,6.468251500045881,33,100
0.1882591093117409,0.5,0.9946524064171123,0.0053475935828877,0.5,0.9,5,4010,930,5,0.5,0.1882591093117409,0.8111111111111111,6.468251500045881,33,100
0.33481781376518216,0.6,0.9963855421686747,0.0036144578313253013,0.6,0.95,6,3286,1654,4,0.6,0.33481781376518216,0.665050505050505,6.468251500045881,33,100
0.9971659919028341,1.0,0.9979740680713128,0.002025931928687196,1.0,1.0,10,14,4926,0,1.0,0.9971659919028341,0.0048484848484848485,6.468251500045881,33,100
0.0,0.0,0.0,,0.0,0.05,0,4940,0,10,0.0,0.0,0.997979797979798,6.478243299992755,34,100
0.0,0.0,0.0,,0.0,0.1,0,4940,0,10,0.0,0.0,0.997979797979798,6.478243299992755,34,100
0.0,0.0,0.0,,0.0,0.15,0,4940,0,10,0.0,0.0,0.997979797979798,6.478243299992755,34,100
0.0010121457489878543,0.0,1.0,0.0,0.0,0.2,0,4935,5,10,0.0,0.0010121457489878543,0.996969696969697,6.478243299992755,34,100
0.0012145748987854252,0.0,1.0,0.0,0.0,0.25,0,4934,6,10,0.0,0.0012145748987854252,0.9967676767676767,6.478243299992755,34,100
0.0012145748987854252,0.0,1.0,0.0,0.0,0.3,0,4934,6,10,0.0,0.0012145748987854252,0.9967676767676767,6.478243299992755,34,100
0.0012145748987854252,0.0,1.0,0.0,0.0,0.35,0,4934,6,10,0.0,0.0012145748987854252,0.9967676767676767,6.478243299992755,34,100
0.0018218623481781376,0.0,1.0,0.0,0.0,0.4,0,4931,9,10,0.0,0.0018218623481781376,0.9961616161616161,6.478243299992755,34,100
0.0020242914979757085,0.0,1.0,0.0,0.0,0.45,0,4930,10,10,0.0,0.0020242914979757085,0.9959595959595959,6.478243299992755,34,100
0.0020242914979757085,0.0,1.0,0.0,0.0,0.5,0,4930,10,10,0.0,0.0020242914979757085,0.9959595959595959,6.478243299992755,34,100
0.0020242914979757085,0.0,1.0,0.0,0.0,0.55,0,4930,10,10,0.0,0.0020242914979757085,0.9959595959595959,6.478243299992755,34,100
0.002226720647773279,0.0,1.0,0.0,0.0,0.6,0,4929,11,10,0.0,0.002226720647773279,0.9957575757575757,6.478243299992755,34,100
0.007894736842105263,0.0,1.0,0.0,0.0,0.65,0,4901,39,10,0.0,0.007894736842105263,0.9901010101010101,6.478243299992755,34,100
0.008097165991902834,0.0,1.0,0.0,0.0,0.7,0,4900,40,10,0.0,0.008097165991902834,0.98989898989899,6.478243299992755,34,100
0.008097165991902834,0.0,1.0,0.0,0.0,0.75,0,4900,40,10,0.0,0.008097165991902834,0.98989898989899,6.478243299992755,34,100
0.008906882591093117,0.0,1.0,0.0,0.0,0.8,0,4896,44,10,0.0,0.008906882591093117,0.9890909090909091,6.478243299992755,34,100
0.009716599190283401,0.0,1.0,0.0,0.0,0.85,0,4892,48,10,0.0,0.009716599190283401,0.9882828282828283,6.478243299992755,34,100
0.009716599190283401,0.0,1.0,0.0,0.0,0.9,0,4892,48,10,0.0,0.009716599190283401,0.9882828282828283,6.478243299992755,34,100
0.013360323886639677,0.0,1.0,0.0,0.0,0.95,0,4874,66,10,0.0,0.013360323886639677,0.9846464646464647,6.478243299992755,34,100
0.9925101214574898,1.0,0.9979645837573784,0.0020354162426216163,1.0,1.0,10,37,4903,0,1.0,0.9925101214574898,0.009494949494949495,6.478243299992755,34,100
0.0,0.0,0.0,,0.0,0.05,0,4940,0,10,0.0,0.0,0.997979797979798,6.3544606999494135,35,100
0.0,0.0,0.0,,0.0,0.1,0,4940,0,10,0.0,0.0,0.997979797979798,6.3544606999494135,35,100
0.0,0.0,0.0,,0.0,0.15,0,4940,0,10,0.0,0.0,0.997979797979798,6.3544606999494135,35,100
0.0,0.0,0.0,,0.0,0.2,0,4940,0,10,0.0,0.0,0.997979797979798,6.3544606999494135,35,100
0.0,0.0,0.0,,0.0,0.25,0,4940,0,10,0.0,0.0,0.997979797979798,6.3544606999494135,35,100
0.0,0.0,0.0,,0.0,0.3,0,4940,0,10,0.0,0.0,0.997979797979798,6.3544606999494135,35,100
0.0,0.0,0.0,,0.0,0.35,0,4940,0,10,0.0,0.0,0.997979797979798,6.3544606999494135,35,100
0.0008097165991902834,0.0,1.0,0.0,0.0,0.4,0,4936,4,10,0.0,0.0008097165991902834,0.9971717171717172,6.3544606999494135,35,100
0.001417004048582996,0.0,1.0,0.0,0.0,0.45,0,4933,7,10,0.0,0.001417004048582996,0.9965656565656565,6.3544606999494135,35,100
0.001417004048582996,0.0,1.0,0.0,0.0,0.5,0,4933,7,10,0.0,0.001417004048582996,0.9965656565656565,6.3544606999494135,35,100
0.001417004048582996,0.0,1.0,0.0,0.0,0.55,0,4933,7,10,0.0,0.001417004048582996,0.9965656565656565,6.3544606999494135,35,100
0.010323886639676113,0.0,1.0,0.0,0.0,0.6,0,4889,51,10,0.0,0.010323886639676113,0.9876767676767677,6.3544606999494135,35,100
0.01680161943319838,0.1,0.9880952380952381,0.011904761904761904,0.1,0.65,1,4857,83,9,0.1,0.01680161943319838,0.9814141414141414,6.3544606999494135,35,100
0.018421052631578946,0.1,0.9891304347826086,0.010869565217391304,0.1,0.7,1,4849,91,9,0.1,0.018421052631578946,0.9797979797979798,6.3544606999494135,35,100
0.025506072874493926,0.1,0.9921259842519685,0.007874015748031496,0.1,0.75,1,4814,126,9,0.1,0.025506072874493926,0.9727272727272728,6.3544606999494135,35,100
0.06639676113360324,0.3,0.9909365558912386,0.00906344410876133,0.3,0.8,3,4612,328,7,0.3,0.06639676113360324,0.9323232323232323,6.3544606999494135,35,100
0.10182186234817814,0.3,0.9940711462450593,0.005928853754940711,0.3,0.85,3,4437,503,7,0.3,0.10182186234817814,0.896969696969697,6.3544606999494135,35,100
0.14554655870445343,0.3,0.9958448753462604,0.004155124653739612,0.3,0.9,3,4221,719,7,0.3,0.14554655870445343,0.8533333333333334,6.3544606999494135,35,100
0.5629554655870446,0.9,0.9967741935483871,0.0032258064516129032,0.9,0.95,9,2159,2781,1,0.9,0.5629554655870446,0.43797979797979797,6.3544606999494135,35,100
0.998582995951417,1.0,0.9979769370827433,0.0020230629172567267,1.0,1.0,10,7,4933,0,1.0,0.998582995951417,0.0034343434343434343,6.3544606999494135,35,100
0.0,0.0,0.0,,0.0,0.05,0,4940,0,10,0.0,0.0,0.997979797979798,6.5457649999298155,36,100
0.0,0.0,0.0,,0.0,0.1,0,4940,0,10,0.0,0.0,0.997979797979798,6.5457649999298155,36,100
0.0,0.0,0.0,,0.0,0.15,0,4940,0,10,0.0,0.0,0.997979797979798,6.5457649999298155,36,100
0.0,0.0,0.0,,0.0,0.2,0,4940,0,10,0.0,0.0,0.997979797979798,6.5457649999298155,36,100
0.0,0.0,0.0,,0.0,0.25,0,4940,0,10,0.0,0.0,0.997979797979798,6.5457649999298155,36,100
0.0004048582995951417,0.0,1.0,0.0,0.0,0.3,0,4938,2,10,0.0,0.0004048582995951417,0.9975757575757576,6.5457649999298155,36,100
0.0004048582995951417,0.0,1.0,0.0,0.0,0.35,0,4938,2,10,0.0,0.0004048582995951417,0.9975757575757576,6.5457649999298155,36,100
0.0004048582995951417,0.0,1.0,0.0,0.0,0.4,0,4938,2,10,0.0,0.0004048582995951417,0.9975757575757576,6.5457649999298155,36,100
0.0004048582995951417,0.0,1.0,0.0,0.0,0.45,0,4938,2,10,0.0,0.0004048582995951417,0.9975757575757576,6.5457649999298155,36,100
0.0004048582995951417,0.0,1.0,0.0,0.0,0.5,0,4938,2,10,0.0,0.0004048582995951417,0.9975757575757576,6.5457649999298155,36,100
0.0004048582995951417,0.0,1.0,0.0,0.0,0.55,0,4938,2,10,0.0,0.0004048582995951417,0.9975757575757576,6.5457649999298155,36,100
0.0004048582995951417,0.0,1.0,0.0,0.0,0.6,0,4938,2,10,0.0,0.0004048582995951417,0.9975757575757576,6.5457649999298155,36,100
0.0004048582995951417,0.1,0.6666666666666666,0.3333333333333333,0.1,0.65,1,4938,2,9,0.1,0.0004048582995951417,0.9977777777777778,6.5457649999298155,36,100
0.0006072874493927126,0.2,0.6,0.4,0.2,0.7,2,4937,3,8,0.2,0.0006072874493927126,0.9977777777777778,6.5457649999298155,36,100
0.0006072874493927126,0.2,0.6,0.4,0.2,0.75,2,4937,3,8,0.2,0.0006072874493927126,0.9977777777777778,6.5457649999298155,36,100
0.0006072874493927126,0.2,0.6,0.4,0.2,0.8,2,4937,3,8,0.2,0.0006072874493927126,0.9977777777777778,6.5457649999298155,36,100
0.006477732793522267,0.2,0.9411764705882353,0.058823529411764705,0.2,0.85,2,4908,32,8,0.2,0.006477732793522267,0.9919191919191919,6.5457649999298155,36,100
0.007489878542510121,0.2,0.9487179487179487,0.05128205128205128,0.2,0.9,2,4903,37,8,0.2,0.007489878542510121,0.990909090909091,6.5457649999298155,36,100
0.010121457489878543,0.3,0.9433962264150944,0.05660377358490566,0.3,0.95,3,4890,50,7,0.3,0.010121457489878543,0.9884848484848485,6.5457649999298155,36,100
0.9987854251012146,1.0,0.9979773462783171,0.0020226537216828477,1.0,1.0,10,6,4934,0,1.0,0.9987854251012146,0.0032323232323232323,6.5457649999298155,36,100
0.0,0.0,0.0,,0.0,0.05,0,4940,0,10,0.0,0.0,0.997979797979798,6.499805800034665,37,100
0.0,0.0,0.0,,0.0,0.1,0,4940,0,10,0.0,0.0,0.997979797979798,6.499805800034665,37,100
0.0,0.0,0.0,,0.0,0.15,0,4940,0,10,0.0,0.0,0.997979797979798,6.499805800034665,37,100
0.0,0.0,0.0,,0.0,0.2,0,4940,0,10,0.0,0.0,0.997979797979798,6.499805800034665,37,100
0.0,0.0,0.0,,0.0,0.25,0,4940,0,10,0.0,0.0,0.997979797979798,6.499805800034665,37,100
0.00020242914979757084,0.0,1.0,0.0,0.0,0.3,0,4939,1,10,0.0,0.00020242914979757084,0.9977777777777778,6.499805800034665,37,100
0.00020242914979757084,0.0,1.0,0.0,0.0,0.35,0,4939,1,10,0.0,0.00020242914979757084,0.9977777777777778,6.499805800034665,37,100
0.00020242914979757084,0.0,1.0,0.0,0.0,0.4,0,4939,1,10,0.0,0.00020242914979757084,0.9977777777777778,6.499805800034665,37,100
0.00020242914979757084,0.0,1.0,0.0,0.0,0.45,0,4939,1,10,0.0,0.00020242914979757084,0.9977777777777778,6.499805800034665,37,100
0.00020242914979757084,0.0,1.0,0.0,0.0,0.5,0,4939,1,10,0.0,0.00020242914979757084,0.9977777777777778,6.499805800034665,37,100
0.00020242914979757084,0.0,1.0,0.0,0.0,0.55,0,4939,1,10,0.0,0.00020242914979757084,0.9977777777777778,6.499805800034665,37,100
0.00020242914979757084,0.0,1.0,0.0,0.0,0.6,0,4939,1,10,0.0,0.00020242914979757084,0.9977777777777778,6.499805800034665,37,100
0.00020242914979757084,0.0,1.0,0.0,0.0,0.65,0,4939,1,10,0.0,0.00020242914979757084,0.9977777777777778,6.499805800034665,37,100
0.00020242914979757084,0.0,1.0,0.0,0.0,0.7,0,4939,1,10,0.0,0.00020242914979757084,0.9977777777777778,6.499805800034665,37,100
0.00020242914979757084,0.0,1.0,0.0,0.0,0.75,0,4939,1,10,0.0,0.00020242914979757084,0.9977777777777778,6.499805800034665,37,100
0.0024291497975708503,0.0,1.0,0.0,0.0,0.8,0,4928,12,10,0.0,0.0024291497975708503,0.9955555555555555,6.499805800034665,37,100
0.0024291497975708503,0.0,1.0,0.0,0.0,0.85,0,4928,12,10,0.0,0.0024291497975708503,0.9955555555555555,6.499805800034665,37,100
0.0036437246963562753,0.0,1.0,0.0,0.0,0.9,0,4922,18,10,0.0,0.0036437246963562753,0.9943434343434343,6.499805800034665,37,100
0.017408906882591092,0.2,0.9772727272727273,0.022727272727272728,0.2,0.95,2,4854,86,8,0.2,0.017408906882591092,0.981010101010101,6.499805800034665,37,100
0.988663967611336,1.0,0.9979566816510013,0.002043318348998774,1.0,1.0,10,56,4884,0,1.0,0.988663967611336,0.013333333333333334,6.499805800034665,37,100
0.0,0.0,0.0,,0.0,0.05,0,4940,0,10,0.0,0.0,0.997979797979798,6.454968700069003,38,100
0.0,0.0,0.0,,0.0,0.1,0,4940,0,10,0.0,0.0,0.997979797979798,6.454968700069003,38,100
0.0,0.0,0.0,,0.0,0.15,0,4940,0,10,0.0,0.0,0.997979797979798,6.454968700069003,38,100
0.0,0.0,0.0,,0.0,0.2,0,4940,0,10,0.0,0.0,0.997979797979798,6.454968700069003,38,100
0.0,0.0,0.0,,0.0,0.25,0,4940,0,10,0.0,0.0,0.997979797979798,6.454968700069003,38,100
0.0,0.0,0.0,,0.0,0.3,0,4940,0,10,0.0,0.0,0.997979797979798,6.454968700069003,38,100
0.0,0.0,0.0,,0.0,0.35,0,4940,0,10,0.0,0.0,0.997979797979798,6.454968700069003,38,100
0.0,0.0,0.0,,0.0,0.4,0,4940,0,10,0.0,0.0,0.997979797979798,6.454968700069003,38,100
0.0,0.0,0.0,,0.0,0.45,0,4940,0,10,0.0,0.0,0.997979797979798,6.454968700069003,38,100
0.0,0.0,0.0,,0.0,0.5,0,4940,0,10,0.0,0.0,0.997979797979798,6.454968700069003,38,100
0.0,0.0,0.0,,0.0,0.55,0,4940,0,10,0.0,0.0,0.997979797979798,6.454968700069003,38,100
0.0,0.0,0.0,,0.0,0.6,0,4940,0,10,0.0,0.0,0.997979797979798,6.454968700069003,38,100
0.0,0.0,0.0,,0.0,0.65,0,4940,0,10,0.0,0.0,0.997979797979798,6.454968700069003,38,100
0.0,0.0,0.0,,0.0,0.7,0,4940,0,10,0.0,0.0,0.997979797979798,6.454968700069003,38,100
0.0,0.0,0.0,,0.0,0.75,0,4940,0,10,0.0,0.0,0.997979797979798,6.454968700069003,38,100
0.0,0.0,0.0,,0.0,0.8,0,4940,0,10,0.0,0.0,0.997979797979798,6.454968700069003,38,100
0.0,0.0,0.0,,0.0,0.85,0,4940,0,10,0.0,0.0,0.997979797979798,6.454968700069003,38,100
0.0004048582995951417,0.0,1.0,0.0,0.0,0.9,0,4938,2,10,0.0,0.0004048582995951417,0.9975757575757576,6.454968700069003,38,100
0.025303643724696356,0.2,0.984251968503937,0.015748031496062992,0.2,0.95,2,4815,125,8,0.2,0.025303643724696356,0.9731313131313132,6.454968700069003,38,100
0.9983805668016195,1.0,0.9979765277215702,0.0020234722784297854,1.0,1.0,10,8,4932,0,1.0,0.9983805668016195,0.0036363636363636364,6.454968700069003,38,100
0.0,0.0,0.0,,0.0,0.05,0,4940,0,10,0.0,0.0,0.997979797979798,6.547561199986376,39,100
0.0,0.0,0.0,,0.0,0.1,0,4940,0,10,0.0,0.0,0.997979797979798,6.547561199986376,39,100
0.0,0.0,0.0,,0.0,0.15,0,4940,0,10,0.0,0.0,0.997979797979798,6.547561199986376,39,100
0.0,0.0,0.0,,0.0,0.2,0,4940,0,10,0.0,0.0,0.997979797979798,6.547561199986376,39,100
0.0,0.0,0.0,,0.0,0.25,0,4940,0,10,0.0,0.0,0.997979797979798,6.547561199986376,39,100
0.0,0.0,0.0,,0.0,0.3,0,4940,0,10,0.0,0.0,0.997979797979798,6.547561199986376,39,100
0.0,0.0,0.0,,0.0,0.35,0,4940,0,10,0.0,0.0,0.997979797979798,6.547561199986376,39,100
0.0,0.0,0.0,,0.0,0.4,0,4940,0,10,0.0,0.0,0.997979797979798,6.547561199986376,39,100
0.0,0.0,0.0,,0.0,0.45,0,4940,0,10,0.0,0.0,0.997979797979798,6.547561199986376,39,100
0.0,0.0,0.0,,0.0,0.5,0,4940,0,10,0.0,0.0,0.997979797979798,6.547561199986376,39,100
0.0,0.0,0.0,,0.0,0.55,0,4940,0,10,0.0,0.0,0.997979797979798,6.547561199986376,39,100
0.0020242914979757085,0.1,0.9090909090909091,0.09090909090909091,0.1,0.6,1,4930,10,9,0.1,0.0020242914979757085,0.9961616161616161,6.547561199986376,39,100
0.0020242914979757085,0.1,0.9090909090909091,0.09090909090909091,0.1,0.65,1,4930,10,9,0.1,0.0020242914979757085,0.9961616161616161,6.547561199986376,39,100
0.0020242914979757085,0.1,0.9090909090909091,0.09090909090909091,0.1,0.7,1,4930,10,9,0.1,0.0020242914979757085,0.9961616161616161,6.547561199986376,39,100
0.0020242914979757085,0.1,0.9090909090909091,0.09090909090909091,0.1,0.75,1,4930,10,9,0.1,0.0020242914979757085,0.9961616161616161,6.547561199986376,39,100
0.002226720647773279,0.1,0.9166666666666666,0.08333333333333333,0.1,0.8,1,4929,11,9,0.1,0.002226720647773279,0.9959595959595959,6.547561199986376,39,100
0.002226720647773279,0.1,0.9166666666666666,0.08333333333333333,0.1,0.85,1,4929,11,9,0.1,0.002226720647773279,0.9959595959595959,6.547561199986376,39,100
0.0036437246963562753,0.1,0.9473684210526315,0.05263157894736842,0.1,0.9,1,4922,18,9,0.1,0.0036437246963562753,0.9945454545454545,6.547561199986376,39,100
0.016194331983805668,0.2,0.975609756097561,0.024390243902439025,0.2,0.95,2,4860,80,8,0.2,0.016194331983805668,0.9822222222222222,6.547561199986376,39,100
0.9983805668016195,1.0,0.9979765277215702,0.0020234722784297854,1.0,1.0,10,8,4932,0,1.0,0.9983805668016195,0.0036363636363636364,6.547561199986376,39,100
0.0,0.1,0.0,1.0,0.1,0.05,1,4940,0,9,0.1,0.0,0.9981818181818182,6.460355199989863,40,100
0.0,0.1,0.0,1.0,0.1,0.1,1,4940,0,9,0.1,0.0,0.9981818181818182,6.460355199989863,40,100
0.0,0.1,0.0,1.0,0.1,0.15,1,4940,0,9,0.1,0.0,0.9981818181818182,6.460355199989863,40,100
0.0004048582995951417,0.1,0.6666666666666666,0.3333333333333333,0.1,0.2,1,4938,2,9,0.1,0.0004048582995951417,0.9977777777777778,6.460355199989863,40,100
0.0006072874493927126,0.1,0.75,0.25,0.1,0.25,1,4937,3,9,0.1,0.0006072874493927126,0.9975757575757576,6.460355199989863,40,100
0.0006072874493927126,0.1,0.75,0.25,0.1,0.3,1,4937,3,9,0.1,0.0006072874493927126,0.9975757575757576,6.460355199989863,40,100
0.0012145748987854252,0.1,0.8571428571428571,0.14285714285714285,0.1,0.35,1,4934,6,9,0.1,0.0012145748987854252,0.996969696969697,6.460355199989863,40,100
0.0012145748987854252,0.1,0.8571428571428571,0.14285714285714285,0.1,0.4,1,4934,6,9,0.1,0.0012145748987854252,0.996969696969697,6.460355199989863,40,100
0.0012145748987854252,0.1,0.8571428571428571,0.14285714285714285,0.1,0.45,1,4934,6,9,0.1,0.0012145748987854252,0.996969696969697,6.460355199989863,40,100
0.001417004048582996,0.2,0.7777777777777778,0.2222222222222222,0.2,0.5,2,4933,7,8,0.2,0.001417004048582996,0.996969696969697,6.460355199989863,40,100
0.0020242914979757085,0.2,0.8333333333333334,0.16666666666666666,0.2,0.55,2,4930,10,8,0.2,0.0020242914979757085,0.9963636363636363,6.460355199989863,40,100
0.002834008097165992,0.2,0.875,0.125,0.2,0.6,2,4926,14,8,0.2,0.002834008097165992,0.9955555555555555,6.460355199989863,40,100
0.010728744939271255,0.2,0.9636363636363636,0.03636363636363636,0.2,0.65,2,4887,53,8,0.2,0.010728744939271255,0.9876767676767677,6.460355199989863,40,100
0.011336032388663968,0.3,0.9491525423728814,0.05084745762711865,0.3,0.7,3,4884,56,7,0.3,0.011336032388663968,0.9872727272727273,6.460355199989863,40,100
0.01437246963562753,0.3,0.9594594594594594,0.04054054054054054,0.3,0.75,3,4869,71,7,0.3,0.01437246963562753,0.9842424242424243,6.460355199989863,40,100
0.020445344129554656,0.3,0.9711538461538461,0.028846153846153848,0.3,0.8,3,4839,101,7,0.3,0.020445344129554656,0.9781818181818182,6.460355199989863,40,100
0.02651821862348178,0.3,0.9776119402985075,0.022388059701492536,0.3,0.85,3,4809,131,7,0.3,0.02651821862348178,0.9721212121212122,6.460355199989863,40,100
0.030566801619433197,0.3,0.9805194805194806,0.01948051948051948,0.3,0.9,3,4789,151,7,0.3,0.030566801619433197,0.9680808080808081,6.460355199989863,40,100
0.05526315789473684,0.3,0.9891304347826086,0.010869565217391304,0.3,0.95,3,4667,273,7,0.3,0.05526315789473684,0.9434343434343434,6.460355199989863,40,100
0.9967611336032388,1.0,0.9979732468585326,0.002026753141467369,1.0,1.0,10,16,4924,0,1.0,0.9967611336032388,0.0052525252525252525,6.460355199989863,40,100
0.0,0.0,0.0,,0.0,0.05,0,4940,0,10,0.0,0.0,0.997979797979798,6.639950899989344,41,100
0.0,0.0,0.0,,0.0,0.1,0,4940,0,10,0.0,0.0,0.997979797979798,6.639950899989344,41,100
0.0,0.0,0.0,,0.0,0.15,0,4940,0,10,0.0,0.0,0.997979797979798,6.639950899989344,41,100
0.0,0.0,0.0,,0.0,0.2,0,4940,0,10,0.0,0.0,0.997979797979798,6.639950899989344,41,100
0.0004048582995951417,0.0,1.0,0.0,0.0,0.25,0,4938,2,10,0.0,0.0004048582995951417,0.9975757575757576,6.639950899989344,41,100
0.0004048582995951417,0.0,1.0,0.0,0.0,0.3,0,4938,2,10,0.0,0.0004048582995951417,0.9975757575757576,6.639950899989344,41,100
0.0010121457489878543,0.0,1.0,0.0,0.0,0.35,0,4935,5,10,0.0,0.0010121457489878543,0.996969696969697,6.639950899989344,41,100
0.0010121457489878543,0.0,1.0,0.0,0.0,0.4,0,4935,5,10,0.0,0.0010121457489878543,0.996969696969697,6.639950899989344,41,100
0.0010121457489878543,0.0,1.0,0.0,0.0,0.45,0,4935,5,10,0.0,0.0010121457489878543,0.996969696969697,6.639950899989344,41,100
0.0012145748987854252,0.0,1.0,0.0,0.0,0.5,0,4934,6,10,0.0,0.0012145748987854252,0.9967676767676767,6.639950899989344,41,100
0.0012145748987854252,0.0,1.0,0.0,0.0,0.55,0,4934,6,10,0.0,0.0012145748987854252,0.9967676767676767,6.639950899989344,41,100
0.0012145748987854252,0.0,1.0,0.0,0.0,0.6,0,4934,6,10,0.0,0.0012145748987854252,0.9967676767676767,6.639950899989344,41,100
0.0012145748987854252,0.0,1.0,0.0,0.0,0.65,0,4934,6,10,0.0,0.0012145748987854252,0.9967676767676767,6.639950899989344,41,100
0.0020242914979757085,0.0,1.0,0.0,0.0,0.7,0,4930,10,10,0.0,0.0020242914979757085,0.9959595959595959,6.639950899989344,41,100
0.0020242914979757085,0.0,1.0,0.0,0.0,0.75,0,4930,10,10,0.0,0.0020242914979757085,0.9959595959595959,6.639950899989344,41,100
0.0020242914979757085,0.0,1.0,0.0,0.0,0.8,0,4930,10,10,0.0,0.0020242914979757085,0.9959595959595959,6.639950899989344,41,100
0.009716599190283401,0.0,1.0,0.0,0.0,0.85,0,4892,48,10,0.0,0.009716599190283401,0.9882828282828283,6.639950899989344,41,100
0.011538461538461539,0.0,1.0,0.0,0.0,0.9,0,4883,57,10,0.0,0.011538461538461539,0.9864646464646465,6.639950899989344,41,100
0.09959514170040486,0.1,0.9979716024340771,0.002028397565922921,0.1,0.95,1,4448,492,9,0.1,0.09959514170040486,0.8987878787878788,6.639950899989344,41,100
0.9987854251012146,1.0,0.9979773462783171,0.0020226537216828477,1.0,1.0,10,6,4934,0,1.0,0.9987854251012146,0.0032323232323232323,6.639950899989344,41,100
0.00020242914979757084,0.0,1.0,0.0,0.0,0.05,0,4939,1,10,0.0,0.00020242914979757084,0.9977777777777778,6.361780800041743,42,100
0.0004048582995951417,0.1,0.6666666666666666,0.3333333333333333,0.1,0.1,1,4938,2,9,0.1,0.0004048582995951417,0.9977777777777778,6.361780800041743,42,100
0.0004048582995951417,0.1,0.6666666666666666,0.3333333333333333,0.1,0.15,1,4938,2,9,0.1,0.0004048582995951417,0.9977777777777778,6.361780800041743,42,100
0.0004048582995951417,0.1,0.6666666666666666,0.3333333333333333,0.1,0.2,1,4938,2,9,0.1,0.0004048582995951417,0.9977777777777778,6.361780800041743,42,100
0.0004048582995951417,0.1,0.6666666666666666,0.3333333333333333,0.1,0.25,1,4938,2,9,0.1,0.0004048582995951417,0.9977777777777778,6.361780800041743,42,100
0.0004048582995951417,0.1,0.6666666666666666,0.3333333333333333,0.1,0.3,1,4938,2,9,0.1,0.0004048582995951417,0.9977777777777778,6.361780800041743,42,100
0.0004048582995951417,0.1,0.6666666666666666,0.3333333333333333,0.1,0.35,1,4938,2,9,0.1,0.0004048582995951417,0.9977777777777778,6.361780800041743,42,100
0.0004048582995951417,0.1,0.6666666666666666,0.3333333333333333,0.1,0.4,1,4938,2,9,0.1,0.0004048582995951417,0.9977777777777778,6.361780800041743,42,100
0.0004048582995951417,0.1,0.6666666666666666,0.3333333333333333,0.1,0.45,1,4938,2,9,0.1,0.0004048582995951417,0.9977777777777778,6.361780800041743,42,100
0.0004048582995951417,0.1,0.6666666666666666,0.3333333333333333,0.1,0.5,1,4938,2,9,0.1,0.0004048582995951417,0.9977777777777778,6.361780800041743,42,100
0.0004048582995951417,0.1,0.6666666666666666,0.3333333333333333,0.1,0.55,1,4938,2,9,0.1,0.0004048582995951417,0.9977777777777778,6.361780800041743,42,100
0.0032388663967611335,0.1,0.9411764705882353,0.058823529411764705,0.1,0.6,1,4924,16,9,0.1,0.0032388663967611335,0.9949494949494949,6.361780800041743,42,100
0.0032388663967611335,0.1,0.9411764705882353,0.058823529411764705,0.1,0.65,1,4924,16,9,0.1,0.0032388663967611335,0.9949494949494949,6.361780800041743,42,100
0.010323886639676113,0.1,0.9807692307692307,0.019230769230769232,0.1,0.7,1,4889,51,9,0.1,0.010323886639676113,0.9878787878787879,6.361780800041743,42,100
0.012753036437246963,0.1,0.984375,0.015625,0.1,0.75,1,4877,63,9,0.1,0.012753036437246963,0.9854545454545455,6.361780800041743,42,100
0.07348178137651822,0.2,0.9945205479452055,0.005479452054794521,0.2,0.8,2,4577,363,8,0.2,0.07348178137651822,0.925050505050505,6.361780800041743,42,100
0.09210526315789473,0.2,0.9956236323851203,0.00437636761487965,0.2,0.85,2,4485,455,8,0.2,0.09210526315789473,0.9064646464646464,6.361780800041743,42,100
0.1097165991902834,0.2,0.9963235294117647,0.003676470588235294,0.2,0.9,2,4398,542,8,0.2,0.1097165991902834,0.8888888888888888,6.361780800041743,42,100
0.42894736842105263,0.5,0.9976459510357816,0.0023540489642184556,0.5,0.95,5,2821,2119,5,0.5,0.42894736842105263,0.5709090909090909,6.361780800041743,42,100
0.9971659919028341,1.0,0.9979740680713128,0.002025931928687196,1.0,1.0,10,14,4926,0,1.0,0.9971659919028341,0.0048484848484848485,6.361780800041743,42,100
0.0,0.0,0.0,,0.0,0.05,0,4940,0,10,0.0,0.0,0.997979797979798,6.512035100022331,43,100
0.0,0.0,0.0,,0.0,0.1,0,4940,0,10,0.0,0.0,0.997979797979798,6.512035100022331,43,100
0.0006072874493927126,0.0,1.0,0.0,0.0,0.15,0,4937,3,10,0.0,0.0006072874493927126,0.9973737373737374,6.512035100022331,43,100
0.0016194331983805667,0.0,1.0,0.0,0.0,0.2,0,4932,8,10,0.0,0.0016194331983805667,0.9963636363636363,6.512035100022331,43,100
0.0016194331983805667,0.0,1.0,0.0,0.0,0.25,0,4932,8,10,0.0,0.0016194331983805667,0.9963636363636363,6.512035100022331,43,100
0.0016194331983805667,0.0,1.0,0.0,0.0,0.3,0,4932,8,10,0.0,0.0016194331983805667,0.9963636363636363,6.512035100022331,43,100
0.0018218623481781376,0.0,1.0,0.0,0.0,0.35,0,4931,9,10,0.0,0.0018218623481781376,0.9961616161616161,6.512035100022331,43,100
0.0018218623481781376,0.0,1.0,0.0,0.0,0.4,0,4931,9,10,0.0,0.0018218623481781376,0.9961616161616161,6.512035100022331,43,100
0.0018218623481781376,0.0,1.0,0.0,0.0,0.45,0,4931,9,10,0.0,0.0018218623481781376,0.9961616161616161,6.512035100022331,43,100
0.002631578947368421,0.0,1.0,0.0,0.0,0.5,0,4927,13,10,0.0,0.002631578947368421,0.9953535353535353,6.512035100022331,43,100
0.005465587044534413,0.0,1.0,0.0,0.0,0.55,0,4913,27,10,0.0,0.005465587044534413,0.9925252525252525,6.512035100022331,43,100
0.0072874493927125505,0.1,0.972972972972973,0.02702702702702703,0.1,0.6,1,4904,36,9,0.1,0.0072874493927125505,0.990909090909091,6.512035100022331,43,100
0.007894736842105263,0.1,0.975,0.025,0.1,0.65,1,4901,39,9,0.1,0.007894736842105263,0.9903030303030304,6.512035100022331,43,100
0.010931174089068825,0.1,0.9818181818181818,0.01818181818181818,0.1,0.7,1,4886,54,9,0.1,0.010931174089068825,0.9872727272727273,6.512035100022331,43,100
0.014574898785425101,0.1,0.9863013698630136,0.0136986301369863,0.1,0.75,1,4868,72,9,0.1,0.014574898785425101,0.9836363636363636,6.512035100022331,43,100
0.020850202429149797,0.1,0.9903846153846154,0.009615384615384616,0.1,0.8,1,4837,103,9,0.1,0.020850202429149797,0.9773737373737373,6.512035100022331,43,100
0.07348178137651822,0.1,0.9972527472527473,0.0027472527472527475,0.1,0.85,1,4577,363,9,0.1,0.07348178137651822,0.9248484848484848,6.512035100022331,43,100
0.16336032388663968,0.2,0.9975278121137207,0.002472187886279357,0.2,0.9,2,4133,807,8,0.2,0.16336032388663968,0.8353535353535354,6.512035100022331,43,100
0.35526315789473684,0.5,0.9971590909090909,0.002840909090909091,0.5,0.95,5,3185,1755,5,0.5,0.35526315789473684,0.6444444444444445,6.512035100022331,43,100
0.9993927125506072,1.0,0.997978572872448,0.002021427127552052,1.0,1.0,10,3,4937,0,1.0,0.9993927125506072,0.0026262626262626263,6.512035100022331,43,100
0.0,0.0,0.0,,0.0,0.05,0,4940,0,10,0.0,0.0,0.997979797979798,6.5493993000127375,44,100
0.0,0.0,0.0,,0.0,0.1,0,4940,0,10,0.0,0.0,0.997979797979798,6.5493993000127375,44,100
0.0,0.0,0.0,,0.0,0.15,0,4940,0,10,0.0,0.0,0.997979797979798,6.5493993000127375,44,100
0.0,0.0,0.0,,0.0,0.2,0,4940,0,10,0.0,0.0,0.997979797979798,6.5493993000127375,44,100
0.0,0.0,0.0,,0.0,0.25,0,4940,0,10,0.0,0.0,0.997979797979798,6.5493993000127375,44,100
0.0,0.0,0.0,,0.0,0.3,0,4940,0,10,0.0,0.0,0.997979797979798,6.5493993000127375,44,100
0.0,0.0,0.0,,0.0,0.35,0,4940,0,10,0.0,0.0,0.997979797979798,6.5493993000127375,44,100
0.0,0.0,0.0,,0.0,0.4,0,4940,0,10,0.0,0.0,0.997979797979798,6.5493993000127375,44,100
0.0,0.0,0.0,,0.0,0.45,0,4940,0,10,0.0,0.0,0.997979797979798,6.5493993000127375,44,100
0.0,0.0,0.0,,0.0,0.5,0,4940,0,10,0.0,0.0,0.997979797979798,6.5493993000127375,44,100
0.0,0.0,0.0,,0.0,0.55,0,4940,0,10,0.0,0.0,0.997979797979798,6.5493993000127375,44,100
0.0,0.0,0.0,,0.0,0.6,0,4940,0,10,0.0,0.0,0.997979797979798,6.5493993000127375,44,100
0.0,0.0,0.0,,0.0,0.65,0,4940,0,10,0.0,0.0,0.997979797979798,6.5493993000127375,44,100
0.0,0.0,0.0,,0.0,0.7,0,4940,0,10,0.0,0.0,0.997979797979798,6.5493993000127375,44,100
0.0034412955465587046,0.0,1.0,0.0,0.0,0.75,0,4923,17,10,0.0,0.0034412955465587046,0.9945454545454545,6.5493993000127375,44,100
0.0036437246963562753,0.0,1.0,0.0,0.0,0.8,0,4922,18,10,0.0,0.0036437246963562753,0.9943434343434343,6.5493993000127375,44,100
0.0036437246963562753,0.0,1.0,0.0,0.0,0.85,0,4922,18,10,0.0,0.0036437246963562753,0.9943434343434343,6.5493993000127375,44,100
0.0036437246963562753,0.0,1.0,0.0,0.0,0.9,0,4922,18,10,0.0,0.0036437246963562753,0.9943434343434343,6.5493993000127375,44,100
0.10323886639676114,0.4,0.9922178988326849,0.007782101167315175,0.4,0.95,4,4430,510,6,0.4,0.10323886639676114,0.8957575757575758,6.5493993000127375,44,100
0.998582995951417,1.0,0.9979769370827433,0.0020230629172567267,1.0,1.0,10,7,4933,0,1.0,0.998582995951417,0.0034343434343434343,6.5493993000127375,44,100
0.00020242914979757084,0.0,1.0,0.0,0.0,0.05,0,4939,1,10,0.0,0.00020242914979757084,0.9977777777777778,6.3903321999823675,45,100
0.0006072874493927126,0.0,1.0,0.0,0.0,0.1,0,4937,3,10,0.0,0.0006072874493927126,0.9973737373737374,6.3903321999823675,45,100
0.0008097165991902834,0.0,1.0,0.0,0.0,0.15,0,4936,4,10,0.0,0.0008097165991902834,0.9971717171717172,6.3903321999823675,45,100
0.0008097165991902834,0.0,1.0,0.0,0.0,0.2,0,4936,4,10,0.0,0.0008097165991902834,0.9971717171717172,6.3903321999823675,45,100
0.0008097165991902834,0.0,1.0,0.0,0.0,0.25,0,4936,4,10,0.0,0.0008097165991902834,0.9971717171717172,6.3903321999823675,45,100
0.0008097165991902834,0.0,1.0,0.0,0.0,0.3,0,4936,4,10,0.0,0.0008097165991902834,0.9971717171717172,6.3903321999823675,45,100
0.0008097165991902834,0.0,1.0,0.0,0.0,0.35,0,4936,4,10,0.0,0.0008097165991902834,0.9971717171717172,6.3903321999823675,45,100
0.0008097165991902834,0.0,1.0,0.0,0.0,0.4,0,4936,4,10,0.0,0.0008097165991902834,0.9971717171717172,6.3903321999823675,45,100
0.0008097165991902834,0.0,1.0,0.0,0.0,0.45,0,4936,4,10,0.0,0.0008097165991902834,0.9971717171717172,6.3903321999823675,45,100
0.0012145748987854252,0.0,1.0,0.0,0.0,0.5,0,4934,6,10,0.0,0.0012145748987854252,0.9967676767676767,6.3903321999823675,45,100
0.00465587044534413,0.1,0.9583333333333334,0.041666666666666664,0.1,0.55,1,4917,23,9,0.1,0.00465587044534413,0.9935353535353535,6.3903321999823675,45,100
0.005465587044534413,0.1,0.9642857142857143,0.03571428571428571,0.1,0.6,1,4913,27,9,0.1,0.005465587044534413,0.9927272727272727,6.3903321999823675,45,100
0.005465587044534413,0.1,0.9642857142857143,0.03571428571428571,0.1,0.65,1,4913,27,9,0.1,0.005465587044534413,0.9927272727272727,6.3903321999823675,45,100
0.007489878542510121,0.1,0.9736842105263158,0.02631578947368421,0.1,0.7,1,4903,37,9,0.1,0.007489878542510121,0.9907070707070708,6.3903321999823675,45,100
0.007692307692307693,0.1,0.9743589743589743,0.02564102564102564,0.1,0.75,1,4902,38,9,0.1,0.007692307692307693,0.9905050505050506,6.3903321999823675,45,100
0.008704453441295546,0.1,0.9772727272727273,0.022727272727272728,0.1,0.8,1,4897,43,9,0.1,0.008704453441295546,0.9894949494949495,6.3903321999823675,45,100
0.00951417004048583,0.1,0.9791666666666666,0.020833333333333332,0.1,0.85,1,4893,47,9,0.1,0.00951417004048583,0.9886868686868687,6.3903321999823675,45,100
0.08846153846153847,0.5,0.9886877828054299,0.011312217194570135,0.5,0.9,5,4503,437,5,0.5,0.08846153846153847,0.9107070707070707,6.3903321999823675,45,100
0.3145748987854251,0.6,0.9961538461538462,0.0038461538461538464,0.6,0.95,6,3386,1554,4,0.6,0.3145748987854251,0.6852525252525252,6.3903321999823675,45,100
0.9991902834008097,1.0,0.9979781641730692,0.0020218358269308533,1.0,1.0,10,4,4936,0,1.0,0.9991902834008097,0.0028282828282828283,6.3903321999823675,45,100
0.0,0.0,0.0,,0.0,0.05,0,4940,0,10,0.0,0.0,0.997979797979798,6.503890300053172,46,100
0.0,0.0,0.0,,0.0,0.1,0,4940,0,10,0.0,0.0,0.997979797979798,6.503890300053172,46,100
0.0,0.0,0.0,,0.0,0.15,0,4940,0,10,0.0,0.0,0.997979797979798,6.503890300053172,46,100
0.0,0.0,0.0,,0.0,0.2,0,4940,0,10,0.0,0.0,0.997979797979798,6.503890300053172,46,100
0.0004048582995951417,0.0,1.0,0.0,0.0,0.25,0,4938,2,10,0.0,0.0004048582995951417,0.9975757575757576,6.503890300053172,46,100
0.0006072874493927126,0.0,1.0,0.0,0.0,0.3,0,4937,3,10,0.0,0.0006072874493927126,0.9973737373737374,6.503890300053172,46,100
0.0006072874493927126,0.0,1.0,0.0,0.0,0.35,0,4937,3,10,0.0,0.0006072874493927126,0.9973737373737374,6.503890300053172,46,100
0.002226720647773279,0.0,1.0,0.0,0.0,0.4,0,4929,11,10,0.0,0.002226720647773279,0.9957575757575757,6.503890300053172,46,100
0.002226720647773279,0.0,1.0,0.0,0.0,0.45,0,4929,11,10,0.0,0.002226720647773279,0.9957575757575757,6.503890300053172,46,100
0.0024291497975708503,0.0,1.0,0.0,0.0,0.5,0,4928,12,10,0.0,0.0024291497975708503,0.9955555555555555,6.503890300053172,46,100
0.002834008097165992,0.0,1.0,0.0,0.0,0.55,0,4926,14,10,0.0,0.002834008097165992,0.9951515151515151,6.503890300053172,46,100
0.002834008097165992,0.0,1.0,0.0,0.0,0.6,0,4926,14,10,0.0,0.002834008097165992,0.9951515151515151,6.503890300053172,46,100
0.002834008097165992,0.0,1.0,0.0,0.0,0.65,0,4926,14,10,0.0,0.002834008097165992,0.9951515151515151,6.503890300053172,46,100
0.002834008097165992,0.0,1.0,0.0,0.0,0.7,0,4926,14,10,0.0,0.002834008097165992,0.9951515151515151,6.503890300053172,46,100
0.002834008097165992,0.0,1.0,0.0,0.0,0.75,0,4926,14,10,0.0,0.002834008097165992,0.9951515151515151,6.503890300053172,46,100
0.004048582995951417,0.0,1.0,0.0,0.0,0.8,0,4920,20,10,0.0,0.004048582995951417,0.9939393939393939,6.503890300053172,46,100
0.1423076923076923,0.5,0.9929378531073446,0.007062146892655367,0.5,0.85,5,4237,703,5,0.5,0.1423076923076923,0.8569696969696969,6.503890300053172,46,100
0.2710526315789474,0.8,0.994060876020787,0.005939123979213066,0.8,0.9,8,3601,1339,2,0.8,0.2710526315789474,0.7290909090909091,6.503890300053172,46,100
0.558502024291498,0.8,0.9971087820744489,0.0028912179255511385,0.8,0.95,8,2181,2759,2,0.8,0.558502024291498,0.44222222222222224,6.503890300053172,46,100
0.9983805668016195,1.0,0.9979765277215702,0.0020234722784297854,1.0,1.0,10,8,4932,0,1.0,0.9983805668016195,0.0036363636363636364,6.503890300053172,46,100
0.0,0.0,0.0,,0.0,0.05,0,4940,0,10,0.0,0.0,0.997979797979798,6.686601999914274,47,100
0.0,0.0,0.0,,0.0,0.1,0,4940,0,10,0.0,0.0,0.997979797979798,6.686601999914274,47,100
0.00020242914979757084,0.0,1.0,0.0,0.0,0.15,0,4939,1,10,0.0,0.00020242914979757084,0.9977777777777778,6.686601999914274,47,100
0.0004048582995951417,0.0,1.0,0.0,0.0,0.2,0,4938,2,10,0.0,0.0004048582995951417,0.9975757575757576,6.686601999914274,47,100
0.0004048582995951417,0.0,1.0,0.0,0.0,0.25,0,4938,2,10,0.0,0.0004048582995951417,0.9975757575757576,6.686601999914274,47,100
0.0010121457489878543,0.1,0.8333333333333334,0.16666666666666666,0.1,0.3,1,4935,5,9,0.1,0.0010121457489878543,0.9971717171717172,6.686601999914274,47,100
0.0016194331983805667,0.1,0.8888888888888888,0.1111111111111111,0.1,0.35,1,4932,8,9,0.1,0.0016194331983805667,0.9965656565656565,6.686601999914274,47,100
0.0016194331983805667,0.1,0.8888888888888888,0.1111111111111111,0.1,0.4,1,4932,8,9,0.1,0.0016194331983805667,0.9965656565656565,6.686601999914274,47,100
0.0016194331983805667,0.1,0.8888888888888888,0.1111111111111111,0.1,0.45,1,4932,8,9,0.1,0.0016194331983805667,0.9965656565656565,6.686601999914274,47,100
0.0020242914979757085,0.1,0.9090909090909091,0.09090909090909091,0.1,0.5,1,4930,10,9,0.1,0.0020242914979757085,0.9961616161616161,6.686601999914274,47,100
0.0020242914979757085,0.1,0.9090909090909091,0.09090909090909091,0.1,0.55,1,4930,10,9,0.1,0.0020242914979757085,0.9961616161616161,6.686601999914274,47,100
0.0020242914979757085,0.1,0.9090909090909091,0.09090909090909091,0.1,0.6,1,4930,10,9,0.1,0.0020242914979757085,0.9961616161616161,6.686601999914274,47,100
0.0020242914979757085,0.1,0.9090909090909091,0.09090909090909091,0.1,0.65,1,4930,10,9,0.1,0.0020242914979757085,0.9961616161616161,6.686601999914274,47,100
0.0020242914979757085,0.1,0.9090909090909091,0.09090909090909091,0.1,0.7,1,4930,10,9,0.1,0.0020242914979757085,0.9961616161616161,6.686601999914274,47,100
0.0020242914979757085,0.1,0.9090909090909091,0.09090909090909091,0.1,0.75,1,4930,10,9,0.1,0.0020242914979757085,0.9961616161616161,6.686601999914274,47,100
0.002834008097165992,0.1,0.9333333333333333,0.06666666666666667,0.1,0.8,1,4926,14,9,0.1,0.002834008097165992,0.9953535353535353,6.686601999914274,47,100
0.009716599190283401,0.1,0.9795918367346939,0.02040816326530612,0.1,0.85,1,4892,48,9,0.1,0.009716599190283401,0.9884848484848485,6.686601999914274,47,100
0.010526315789473684,0.1,0.9811320754716981,0.018867924528301886,0.1,0.9,1,4888,52,9,0.1,0.010526315789473684,0.9876767676767677,6.686601999914274,47,100
0.06963562753036437,0.3,0.9913544668587896,0.008645533141210375,0.3,0.95,3,4596,344,7,0.3,0.06963562753036437,0.9290909090909091,6.686601999914274,47,100
0.9989878542510121,1.0,0.9979777553083923,0.0020222446916076846,1.0,1.0,10,5,4935,0,1.0,0.9989878542510121,0.0030303030303030303,6.686601999914274,47,100
0.0,0.0,0.0,,0.0,0.05,0,4940,0,10,0.0,0.0,0.997979797979798,6.414263799902983,48,100
0.0,0.0,0.0,,0.0,0.1,0,4940,0,10,0.0,0.0,0.997979797979798,6.414263799902983,48,100
0.0,0.0,0.0,,0.0,0.15,0,4940,0,10,0.0,0.0,0.997979797979798,6.414263799902983,48,100
0.0,0.0,0.0,,0.0,0.2,0,4940,0,10,0.0,0.0,0.997979797979798,6.414263799902983,48,100
0.0006072874493927126,0.0,1.0,0.0,0.0,0.25,0,4937,3,10,0.0,0.0006072874493927126,0.9973737373737374,6.414263799902983,48,100
0.0012145748987854252,0.0,1.0,0.0,0.0,0.3,0,4934,6,10,0.0,0.0012145748987854252,0.9967676767676767,6.414263799902983,48,100
0.0012145748987854252,0.0,1.0,0.0,0.0,0.35,0,4934,6,10,0.0,0.0012145748987854252,0.9967676767676767,6.414263799902983,48,100
0.0012145748987854252,0.0,1.0,0.0,0.0,0.4,0,4934,6,10,0.0,0.0012145748987854252,0.9967676767676767,6.414263799902983,48,100
0.0020242914979757085,0.0,1.0,0.0,0.0,0.45,0,4930,10,10,0.0,0.0020242914979757085,0.9959595959595959,6.414263799902983,48,100
0.002226720647773279,0.0,1.0,0.0,0.0,0.5,0,4929,11,10,0.0,0.002226720647773279,0.9957575757575757,6.414263799902983,48,100
0.00931174089068826,0.0,1.0,0.0,0.0,0.55,0,4894,46,10,0.0,0.00931174089068826,0.9886868686868687,6.414263799902983,48,100
0.009716599190283401,0.0,1.0,0.0,0.0,0.6,0,4892,48,10,0.0,0.009716599190283401,0.9882828282828283,6.414263799902983,48,100
0.012753036437246963,0.0,1.0,0.0,0.0,0.65,0,4877,63,10,0.0,0.012753036437246963,0.9852525252525253,6.414263799902983,48,100
0.019433198380566803,0.1,0.9896907216494846,0.010309278350515464,0.1,0.7,1,4844,96,9,0.1,0.019433198380566803,0.9787878787878788,6.414263799902983,48,100
0.02368421052631579,0.1,0.9915254237288136,0.00847457627118644,0.1,0.75,1,4823,117,9,0.1,0.02368421052631579,0.9745454545454545,6.414263799902983,48,100
0.02813765182186235,0.1,0.9928571428571429,0.007142857142857143,0.1,0.8,1,4801,139,9,0.1,0.02813765182186235,0.9701010101010101,6.414263799902983,48,100
0.17327935222672064,0.3,0.9965075669383003,0.0034924330616996507,0.3,0.85,3,4084,856,7,0.3,0.17327935222672064,0.8256565656565656,6.414263799902983,48,100
0.22246963562753036,0.3,0.9972776769509982,0.0027223230490018148,0.3,0.9,3,3841,1099,7,0.3,0.22246963562753036,0.7765656565656566,6.414263799902983,48,100
0.3854251012145749,0.5,0.9973808276584599,0.0026191723415400735,0.5,0.95,5,3036,1904,5,0.5,0.3854251012145749,0.6143434343434343,6.414263799902983,48,100
0.9983805668016195,1.0,0.9979765277215702,0.0020234722784297854,1.0,1.0,10,8,4932,0,1.0,0.9983805668016195,0.0036363636363636364,6.414263799902983,48,100
0.0,0.0,0.0,,0.0,0.05,0,4940,0,10,0.0,0.0,0.997979797979798,6.318975199945271,49,100
0.0,0.0,0.0,,0.0,0.1,0,4940,0,10,0.0,0.0,0.997979797979798,6.318975199945271,49,100
0.0,0.0,0.0,,0.0,0.15,0,4940,0,10,0.0,0.0,0.997979797979798,6.318975199945271,49,100
0.0008097165991902834,0.1,0.8,0.2,0.1,0.2,1,4936,4,9,0.1,0.0008097165991902834,0.9973737373737374,6.318975199945271,49,100
0.0008097165991902834,0.1,0.8,0.2,0.1,0.25,1,4936,4,9,0.1,0.0008097165991902834,0.9973737373737374,6.318975199945271,49,100
0.0008097165991902834,0.1,0.8,0.2,0.1,0.3,1,4936,4,9,0.1,0.0008097165991902834,0.9973737373737374,6.318975199945271,49,100
0.0012145748987854252,0.1,0.8571428571428571,0.14285714285714285,0.1,0.35,1,4934,6,9,0.1,0.0012145748987854252,0.996969696969697,6.318975199945271,49,100
0.0012145748987854252,0.1,0.8571428571428571,0.14285714285714285,0.1,0.4,1,4934,6,9,0.1,0.0012145748987854252,0.996969696969697,6.318975199945271,49,100
0.0038461538461538464,0.1,0.95,0.05,0.1,0.45,1,4921,19,9,0.1,0.0038461538461538464,0.9943434343434343,6.318975199945271,49,100
0.005870445344129555,0.1,0.9666666666666667,0.03333333333333333,0.1,0.5,1,4911,29,9,0.1,0.005870445344129555,0.9923232323232323,6.318975199945271,49,100
0.009109311740890687,0.2,0.9574468085106383,0.0425531914893617,0.2,0.55,2,4895,45,8,0.2,0.009109311740890687,0.9892929292929293,6.318975199945271,49,100
0.018218623481781375,0.2,0.9782608695652174,0.021739130434782608,0.2,0.6,2,4850,90,8,0.2,0.018218623481781375,0.9802020202020202,6.318975199945271,49,100
0.031578947368421054,0.2,0.9873417721518988,0.012658227848101266,0.2,0.65,2,4784,156,8,0.2,0.031578947368421054,0.9668686868686869,6.318975199945271,49,100
0.04757085020242915,0.2,0.9915611814345991,0.008438818565400843,0.2,0.7,2,4705,235,8,0.2,0.04757085020242915,0.9509090909090909,6.318975199945271,49,100
0.06842105263157895,0.5,0.9854227405247813,0.014577259475218658,0.5,0.75,5,4602,338,5,0.5,0.06842105263157895,0.9307070707070707,6.318975199945271,49,100
0.09412955465587045,0.5,0.9893617021276596,0.010638297872340425,0.5,0.8,5,4475,465,5,0.5,0.09412955465587045,0.9050505050505051,6.318975199945271,49,100
0.17064777327935224,0.6,0.9929328621908127,0.007067137809187279,0.6,0.85,6,4097,843,4,0.6,0.17064777327935224,0.8288888888888889,6.318975199945271,49,100
0.22672064777327935,0.6,0.9946714031971581,0.0053285968028419185,0.6,0.9,6,3820,1120,4,0.6,0.22672064777327935,0.7729292929292929,6.318975199945271,49,100
0.5856275303643724,0.9,0.9968986905582357,0.0031013094417643005,0.9,0.95,9,2047,2893,1,0.9,0.5856275303643724,0.41535353535353536,6.318975199945271,49,100
0.988663967611336,1.0,0.9979566816510013,0.002043318348998774,1.0,1.0,10,56,4884,0,1.0,0.988663967611336,0.013333333333333334,6.318975199945271,49,100
