FPR,TPR,FDR,NPrecision,NRecall,alpha,NTP,NTN,NFP,NFN,NTPR,NFPR,NACC,diffnetfinder_sec,run,dim
0.0,0.0,0.0,,0.0,0.05,0,19890,0,10,0.0,0.0,0.9994974874371859,47.99978039995767,0,200
0.0,0.0,0.0,,0.0,0.1,0,19890,0,10,0.0,0.0,0.9994974874371859,47.99978039995767,0,200
0.0,0.0,0.0,,0.0,0.15,0,19890,0,10,0.0,0.0,0.9994974874371859,47.99978039995767,0,200
0.0,0.0,0.0,,0.0,0.2,0,19890,0,10,0.0,0.0,0.9994974874371859,47.99978039995767,0,200
0.0,0.0,0.0,,0.0,0.25,0,19890,0,10,0.0,0.0,0.9994974874371859,47.99978039995767,0,200
0.0,0.0,0.0,,0.0,0.3,0,19890,0,10,0.0,0.0,0.9994974874371859,47.99978039995767,0,200
0.0,0.0,0.0,,0.0,0.35,0,19890,0,10,0.0,0.0,0.9994974874371859,47.99978039995767,0,200
0.0,0.0,0.0,,0.0,0.4,0,19890,0,10,0.0,0.0,0.9994974874371859,47.99978039995767,0,200
0.0003519356460532931,0.0,1.0,0.0,0.0,0.45,0,19883,7,10,0.0,0.0003519356460532931,0.999145728643216,47.99978039995767,0,200
0.0003519356460532931,0.0,1.0,0.0,0.0,0.5,0,19883,7,10,0.0,0.0003519356460532931,0.999145728643216,47.99978039995767,0,200
0.0003519356460532931,0.0,1.0,0.0,0.0,0.55,0,19883,7,10,0.0,0.0003519356460532931,0.999145728643216,47.99978039995767,0,200
0.0003519356460532931,0.0,1.0,0.0,0.0,0.6,0,19883,7,10,0.0,0.0003519356460532931,0.999145728643216,47.99978039995767,0,200
0.0003519356460532931,0.0,1.0,0.0,0.0,0.65,0,19883,7,10,0.0,0.0003519356460532931,0.999145728643216,47.99978039995767,0,200
0.0003519356460532931,0.0,1.0,0.0,0.0,0.7,0,19883,7,10,0.0,0.0003519356460532931,0.999145728643216,47.99978039995767,0,200
0.0003519356460532931,0.0,1.0,0.0,0.0,0.75,0,19883,7,10,0.0,0.0003519356460532931,0.999145728643216,47.99978039995767,0,200
0.0003519356460532931,0.0,1.0,0.0,0.0,0.8,0,19883,7,10,0.0,0.0003519356460532931,0.999145728643216,47.99978039995767,0,200
0.00040221216691804925,0.0,1.0,0.0,0.0,0.85,0,19882,8,10,0.0,0.00040221216691804925,0.9990954773869347,47.99978039995767,0,200
0.00045248868778280545,0.0,1.0,0.0,0.0,0.9,0,19881,9,10,0.0,0.00045248868778280545,0.9990452261306533,47.99978039995767,0,200
0.00045248868778280545,0.0,1.0,0.0,0.0,0.95,0,19881,9,10,0.0,0.00045248868778280545,0.9990452261306533,47.99978039995767,0,200
0.05555555555555555,0.5,0.9954954954954955,0.0045045045045045045,0.5,1.0,5,18785,1105,5,0.5,0.05555555555555555,0.9442211055276382,47.99978039995767,0,200
5.0276520864756156e-05,0.1,0.5,0.5,0.1,0.05,1,19889,1,9,0.1,5.0276520864756156e-05,0.9994974874371859,47.47409830009565,1,200
5.0276520864756156e-05,0.1,0.5,0.5,0.1,0.1,1,19889,1,9,0.1,5.0276520864756156e-05,0.9994974874371859,47.47409830009565,1,200
5.0276520864756156e-05,0.1,0.5,0.5,0.1,0.15,1,19889,1,9,0.1,5.0276520864756156e-05,0.9994974874371859,47.47409830009565,1,200
5.0276520864756156e-05,0.1,0.5,0.5,0.1,0.2,1,19889,1,9,0.1,5.0276520864756156e-05,0.9994974874371859,47.47409830009565,1,200
5.0276520864756156e-05,0.1,0.5,0.5,0.1,0.25,1,19889,1,9,0.1,5.0276520864756156e-05,0.9994974874371859,47.47409830009565,1,200
0.00010055304172951231,0.1,0.6666666666666666,0.3333333333333333,0.1,0.3,1,19888,2,9,0.1,0.00010055304172951231,0.9994472361809045,47.47409830009565,1,200
0.00010055304172951231,0.1,0.6666666666666666,0.3333333333333333,0.1,0.35,1,19888,2,9,0.1,0.00010055304172951231,0.9994472361809045,47.47409830009565,1,200
0.00010055304172951231,0.1,0.6666666666666666,0.3333333333333333,0.1,0.4,1,19888,2,9,0.1,0.00010055304172951231,0.9994472361809045,47.47409830009565,1,200
0.00015082956259426848,0.1,0.75,0.25,0.1,0.45,1,19887,3,9,0.1,0.00015082956259426848,0.9993969849246231,47.47409830009565,1,200
0.00015082956259426848,0.1,0.75,0.25,0.1,0.5,1,19887,3,9,0.1,0.00015082956259426848,0.9993969849246231,47.47409830009565,1,200
0.00015082956259426848,0.1,0.75,0.25,0.1,0.55,1,19887,3,9,0.1,0.00015082956259426848,0.9993969849246231,47.47409830009565,1,200
0.00015082956259426848,0.1,0.75,0.25,0.1,0.6,1,19887,3,9,0.1,0.00015082956259426848,0.9993969849246231,47.47409830009565,1,200
0.00015082956259426848,0.1,0.75,0.25,0.1,0.65,1,19887,3,9,0.1,0.00015082956259426848,0.9993969849246231,47.47409830009565,1,200
0.0013574660633484162,0.1,0.9642857142857143,0.03571428571428571,0.1,0.7,1,19863,27,9,0.1,0.0013574660633484162,0.9981909547738693,47.47409830009565,1,200
0.0014077425842131724,0.1,0.9655172413793104,0.034482758620689655,0.1,0.75,1,19862,28,9,0.1,0.0014077425842131724,0.998140703517588,47.47409830009565,1,200
0.0018099547511312218,0.1,0.972972972972973,0.02702702702702703,0.1,0.8,1,19854,36,9,0.1,0.0018099547511312218,0.9977386934673367,47.47409830009565,1,200
0.002212166918049271,0.1,0.9777777777777777,0.022222222222222223,0.1,0.85,1,19846,44,9,0.1,0.002212166918049271,0.9973366834170855,47.47409830009565,1,200
0.00261437908496732,0.1,0.9811320754716981,0.018867924528301886,0.1,0.9,1,19838,52,9,0.1,0.00261437908496732,0.9969346733668342,47.47409830009565,1,200
0.044343891402714934,0.2,0.997737556561086,0.0022624434389140274,0.2,0.95,2,19008,882,8,0.2,0.044343891402714934,0.9552763819095478,47.47409830009565,1,200
0.6255404725992961,1.0,0.999196916158047,0.0008030838419530999,1.0,1.0,10,7448,12442,0,1.0,0.6255404725992961,0.3747738693467337,47.47409830009565,1,200
0.0,0.0,0.0,,0.0,0.05,0,19890,0,10,0.0,0.0,0.9994974874371859,48.94116159994155,2,200
0.0,0.0,0.0,,0.0,0.1,0,19890,0,10,0.0,0.0,0.9994974874371859,48.94116159994155,2,200
0.0,0.0,0.0,,0.0,0.15,0,19890,0,10,0.0,0.0,0.9994974874371859,48.94116159994155,2,200
0.0,0.0,0.0,,0.0,0.2,0,19890,0,10,0.0,0.0,0.9994974874371859,48.94116159994155,2,200
0.00015082956259426848,0.0,1.0,0.0,0.0,0.25,0,19887,3,10,0.0,0.00015082956259426848,0.9993467336683417,48.94116159994155,2,200
0.00015082956259426848,0.0,1.0,0.0,0.0,0.3,0,19887,3,10,0.0,0.00015082956259426848,0.9993467336683417,48.94116159994155,2,200
0.00015082956259426848,0.0,1.0,0.0,0.0,0.35,0,19887,3,10,0.0,0.00015082956259426848,0.9993467336683417,48.94116159994155,2,200
0.00015082956259426848,0.0,1.0,0.0,0.0,0.4,0,19887,3,10,0.0,0.00015082956259426848,0.9993467336683417,48.94116159994155,2,200
0.00020110608345902463,0.0,1.0,0.0,0.0,0.45,0,19886,4,10,0.0,0.00020110608345902463,0.9992964824120603,48.94116159994155,2,200
0.00020110608345902463,0.0,1.0,0.0,0.0,0.5,0,19886,4,10,0.0,0.00020110608345902463,0.9992964824120603,48.94116159994155,2,200
0.00025138260432378077,0.0,1.0,0.0,0.0,0.55,0,19885,5,10,0.0,0.00025138260432378077,0.9992462311557789,48.94116159994155,2,200
0.00025138260432378077,0.0,1.0,0.0,0.0,0.6,0,19885,5,10,0.0,0.00025138260432378077,0.9992462311557789,48.94116159994155,2,200
0.00025138260432378077,0.0,1.0,0.0,0.0,0.65,0,19885,5,10,0.0,0.00025138260432378077,0.9992462311557789,48.94116159994155,2,200
0.00025138260432378077,0.0,1.0,0.0,0.0,0.7,0,19885,5,10,0.0,0.00025138260432378077,0.9992462311557789,48.94116159994155,2,200
0.00025138260432378077,0.0,1.0,0.0,0.0,0.75,0,19885,5,10,0.0,0.00025138260432378077,0.9992462311557789,48.94116159994155,2,200
0.0015082956259426848,0.0,1.0,0.0,0.0,0.8,0,19860,30,10,0.0,0.0015082956259426848,0.9979899497487437,48.94116159994155,2,200
0.0015082956259426848,0.0,1.0,0.0,0.0,0.85,0,19860,30,10,0.0,0.0015082956259426848,0.9979899497487437,48.94116159994155,2,200
0.007139265962795374,0.1,0.993006993006993,0.006993006993006993,0.1,0.9,1,19748,142,9,0.1,0.007139265962795374,0.9924120603015075,48.94116159994155,2,200
0.01060834590246355,0.1,0.9952830188679245,0.0047169811320754715,0.1,0.95,1,19679,211,9,0.1,0.01060834590246355,0.9889447236180905,48.94116159994155,2,200
0.9981900452488688,1.0,0.9994965767217077,0.0005034232782923883,1.0,1.0,10,36,19854,0,1.0,0.9981900452488688,0.0023115577889447235,48.94116159994155,2,200
0.0,0.1,0.0,1.0,0.1,0.05,1,19890,0,9,0.1,0.0,0.9995477386934674,48.068038100143895,3,200
0.0,0.1,0.0,1.0,0.1,0.1,1,19890,0,9,0.1,0.0,0.9995477386934674,48.068038100143895,3,200
0.0,0.1,0.0,1.0,0.1,0.15,1,19890,0,9,0.1,0.0,0.9995477386934674,48.068038100143895,3,200
0.0,0.1,0.0,1.0,0.1,0.2,1,19890,0,9,0.1,0.0,0.9995477386934674,48.068038100143895,3,200
0.0,0.1,0.0,1.0,0.1,0.25,1,19890,0,9,0.1,0.0,0.9995477386934674,48.068038100143895,3,200
0.0,0.1,0.0,1.0,0.1,0.3,1,19890,0,9,0.1,0.0,0.9995477386934674,48.068038100143895,3,200
0.0,0.1,0.0,1.0,0.1,0.35,1,19890,0,9,0.1,0.0,0.9995477386934674,48.068038100143895,3,200
0.0,0.1,0.0,1.0,0.1,0.4,1,19890,0,9,0.1,0.0,0.9995477386934674,48.068038100143895,3,200
0.0,0.1,0.0,1.0,0.1,0.45,1,19890,0,9,0.1,0.0,0.9995477386934674,48.068038100143895,3,200
0.0,0.1,0.0,1.0,0.1,0.5,1,19890,0,9,0.1,0.0,0.9995477386934674,48.068038100143895,3,200
0.0,0.1,0.0,1.0,0.1,0.55,1,19890,0,9,0.1,0.0,0.9995477386934674,48.068038100143895,3,200
0.0,0.1,0.0,1.0,0.1,0.6,1,19890,0,9,0.1,0.0,0.9995477386934674,48.068038100143895,3,200
0.0,0.1,0.0,1.0,0.1,0.65,1,19890,0,9,0.1,0.0,0.9995477386934674,48.068038100143895,3,200
0.0,0.1,0.0,1.0,0.1,0.7,1,19890,0,9,0.1,0.0,0.9995477386934674,48.068038100143895,3,200
0.0,0.1,0.0,1.0,0.1,0.75,1,19890,0,9,0.1,0.0,0.9995477386934674,48.068038100143895,3,200
0.0,0.1,0.0,1.0,0.1,0.8,1,19890,0,9,0.1,0.0,0.9995477386934674,48.068038100143895,3,200
5.0276520864756156e-05,0.2,0.3333333333333333,0.6666666666666666,0.2,0.85,2,19889,1,8,0.2,5.0276520864756156e-05,0.9995477386934674,48.068038100143895,3,200
5.0276520864756156e-05,0.2,0.3333333333333333,0.6666666666666666,0.2,0.9,2,19889,1,8,0.2,5.0276520864756156e-05,0.9995477386934674,48.068038100143895,3,200
0.00130718954248366,0.2,0.9285714285714286,0.07142857142857142,0.2,0.95,2,19864,26,8,0.2,0.00130718954248366,0.9982914572864322,48.068038100143895,3,200
0.9982905982905983,1.0,0.9994966274036041,0.0005033725963958522,1.0,1.0,10,34,19856,0,1.0,0.9982905982905983,0.0022110552763819095,48.068038100143895,3,200
0.0,0.0,0.0,,0.0,0.05,0,19890,0,10,0.0,0.0,0.9994974874371859,48.30410289997235,4,200
0.0,0.0,0.0,,0.0,0.1,0,19890,0,10,0.0,0.0,0.9994974874371859,48.30410289997235,4,200
0.0,0.0,0.0,,0.0,0.15,0,19890,0,10,0.0,0.0,0.9994974874371859,48.30410289997235,4,200
0.0,0.0,0.0,,0.0,0.2,0,19890,0,10,0.0,0.0,0.9994974874371859,48.30410289997235,4,200
0.0,0.0,0.0,,0.0,0.25,0,19890,0,10,0.0,0.0,0.9994974874371859,48.30410289997235,4,200
0.0,0.0,0.0,,0.0,0.3,0,19890,0,10,0.0,0.0,0.9994974874371859,48.30410289997235,4,200
0.0,0.0,0.0,,0.0,0.35,0,19890,0,10,0.0,0.0,0.9994974874371859,48.30410289997235,4,200
0.0,0.0,0.0,,0.0,0.4,0,19890,0,10,0.0,0.0,0.9994974874371859,48.30410289997235,4,200
0.0,0.0,0.0,,0.0,0.45,0,19890,0,10,0.0,0.0,0.9994974874371859,48.30410289997235,4,200
0.0,0.0,0.0,,0.0,0.5,0,19890,0,10,0.0,0.0,0.9994974874371859,48.30410289997235,4,200
0.0,0.0,0.0,,0.0,0.55,0,19890,0,10,0.0,0.0,0.9994974874371859,48.30410289997235,4,200
0.0,0.0,0.0,,0.0,0.6,0,19890,0,10,0.0,0.0,0.9994974874371859,48.30410289997235,4,200
0.0,0.0,0.0,,0.0,0.65,0,19890,0,10,0.0,0.0,0.9994974874371859,48.30410289997235,4,200
0.0,0.0,0.0,,0.0,0.7,0,19890,0,10,0.0,0.0,0.9994974874371859,48.30410289997235,4,200
0.0,0.0,0.0,,0.0,0.75,0,19890,0,10,0.0,0.0,0.9994974874371859,48.30410289997235,4,200
0.0,0.0,0.0,,0.0,0.8,0,19890,0,10,0.0,0.0,0.9994974874371859,48.30410289997235,4,200
0.0,0.0,0.0,,0.0,0.85,0,19890,0,10,0.0,0.0,0.9994974874371859,48.30410289997235,4,200
0.0005027652086475615,0.0,1.0,0.0,0.0,0.9,0,19880,10,10,0.0,0.0005027652086475615,0.9989949748743718,48.30410289997235,4,200
0.016540975364504776,0.2,0.9939577039274925,0.006042296072507553,0.2,0.95,2,19561,329,8,0.2,0.016540975364504776,0.9830653266331658,48.30410289997235,4,200
0.9083961789844143,1.0,0.9994468414647638,0.0005531585352361987,1.0,1.0,10,1822,18068,0,1.0,0.9083961789844143,0.09206030150753769,48.30410289997235,4,200
0.0,0.0,0.0,,0.0,0.05,0,19890,0,10,0.0,0.0,0.9994974874371859,49.08261610008776,5,200
0.0,0.0,0.0,,0.0,0.1,0,19890,0,10,0.0,0.0,0.9994974874371859,49.08261610008776,5,200
0.0,0.0,0.0,,0.0,0.15,0,19890,0,10,0.0,0.0,0.9994974874371859,49.08261610008776,5,200
0.0,0.0,0.0,,0.0,0.2,0,19890,0,10,0.0,0.0,0.9994974874371859,49.08261610008776,5,200
0.0,0.0,0.0,,0.0,0.25,0,19890,0,10,0.0,0.0,0.9994974874371859,49.08261610008776,5,200
0.0,0.0,0.0,,0.0,0.3,0,19890,0,10,0.0,0.0,0.9994974874371859,49.08261610008776,5,200
0.00025138260432378077,0.0,1.0,0.0,0.0,0.35,0,19885,5,10,0.0,0.00025138260432378077,0.9992462311557789,49.08261610008776,5,200
0.00030165912518853697,0.0,1.0,0.0,0.0,0.4,0,19884,6,10,0.0,0.00030165912518853697,0.9991959798994975,49.08261610008776,5,200
0.00030165912518853697,0.0,1.0,0.0,0.0,0.45,0,19884,6,10,0.0,0.00030165912518853697,0.9991959798994975,49.08261610008776,5,200
0.00030165912518853697,0.0,1.0,0.0,0.0,0.5,0,19884,6,10,0.0,0.00030165912518853697,0.9991959798994975,49.08261610008776,5,200
0.00030165912518853697,0.0,1.0,0.0,0.0,0.55,0,19884,6,10,0.0,0.00030165912518853697,0.9991959798994975,49.08261610008776,5,200
0.00030165912518853697,0.0,1.0,0.0,0.0,0.6,0,19884,6,10,0.0,0.00030165912518853697,0.9991959798994975,49.08261610008776,5,200
0.00030165912518853697,0.0,1.0,0.0,0.0,0.65,0,19884,6,10,0.0,0.00030165912518853697,0.9991959798994975,49.08261610008776,5,200
0.00065359477124183,0.0,1.0,0.0,0.0,0.7,0,19877,13,10,0.0,0.00065359477124183,0.9988442211055276,49.08261610008776,5,200
0.00065359477124183,0.0,1.0,0.0,0.0,0.75,0,19877,13,10,0.0,0.00065359477124183,0.9988442211055276,49.08261610008776,5,200
0.0008547008547008547,0.0,1.0,0.0,0.0,0.8,0,19873,17,10,0.0,0.0008547008547008547,0.998643216080402,49.08261610008776,5,200
0.0009049773755656109,0.0,1.0,0.0,0.0,0.85,0,19872,18,10,0.0,0.0009049773755656109,0.9985929648241206,49.08261610008776,5,200
0.0009049773755656109,0.0,1.0,0.0,0.0,0.9,0,19872,18,10,0.0,0.0009049773755656109,0.9985929648241206,49.08261610008776,5,200
0.0009049773755656109,0.0,1.0,0.0,0.0,0.95,0,19872,18,10,0.0,0.0009049773755656109,0.9985929648241206,49.08261610008776,5,200
0.9854198089492208,0.9,0.9995410270794023,0.00045897292059768476,0.9,1.0,9,290,19600,1,0.9,0.9854198089492208,0.015025125628140703,49.08261610008776,5,200
0.0,0.0,0.0,,0.0,0.05,0,19890,0,10,0.0,0.0,0.9994974874371859,48.05595459998585,6,200
0.0,0.0,0.0,,0.0,0.1,0,19890,0,10,0.0,0.0,0.9994974874371859,48.05595459998585,6,200
0.0,0.0,0.0,,0.0,0.15,0,19890,0,10,0.0,0.0,0.9994974874371859,48.05595459998585,6,200
0.0,0.1,0.0,1.0,0.1,0.2,1,19890,0,9,0.1,0.0,0.9995477386934674,48.05595459998585,6,200
0.0,0.1,0.0,1.0,0.1,0.25,1,19890,0,9,0.1,0.0,0.9995477386934674,48.05595459998585,6,200
5.0276520864756156e-05,0.1,0.5,0.5,0.1,0.3,1,19889,1,9,0.1,5.0276520864756156e-05,0.9994974874371859,48.05595459998585,6,200
5.0276520864756156e-05,0.1,0.5,0.5,0.1,0.35,1,19889,1,9,0.1,5.0276520864756156e-05,0.9994974874371859,48.05595459998585,6,200
0.0008547008547008547,0.1,0.9444444444444444,0.05555555555555555,0.1,0.4,1,19873,17,9,0.1,0.0008547008547008547,0.9986934673366834,48.05595459998585,6,200
0.001256913021618904,0.1,0.9615384615384616,0.038461538461538464,0.1,0.45,1,19865,25,9,0.1,0.001256913021618904,0.9982914572864322,48.05595459998585,6,200
0.001256913021618904,0.1,0.9615384615384616,0.038461538461538464,0.1,0.5,1,19865,25,9,0.1,0.001256913021618904,0.9982914572864322,48.05595459998585,6,200
0.001256913021618904,0.1,0.9615384615384616,0.038461538461538464,0.1,0.55,1,19865,25,9,0.1,0.001256913021618904,0.9982914572864322,48.05595459998585,6,200
0.001608848667672197,0.1,0.9696969696969697,0.030303030303030304,0.1,0.6,1,19858,32,9,0.1,0.001608848667672197,0.9979396984924623,48.05595459998585,6,200
0.0018099547511312218,0.1,0.972972972972973,0.02702702702702703,0.1,0.65,1,19854,36,9,0.1,0.0018099547511312218,0.9977386934673367,48.05595459998585,6,200
0.0021116138763197585,0.1,0.9767441860465116,0.023255813953488372,0.1,0.7,1,19848,42,9,0.1,0.0021116138763197585,0.9974371859296483,48.05595459998585,6,200
0.006737053795877326,0.1,0.9925925925925926,0.007407407407407408,0.1,0.75,1,19756,134,9,0.1,0.006737053795877326,0.9928140703517588,48.05595459998585,6,200
0.010256410256410256,0.1,0.9951219512195122,0.004878048780487805,0.1,0.8,1,19686,204,9,0.1,0.010256410256410256,0.9892964824120603,48.05595459998585,6,200
0.023479135243841126,0.2,0.9957356076759062,0.0042643923240938165,0.2,0.85,2,19423,467,8,0.2,0.023479135243841126,0.9761306532663316,48.05595459998585,6,200
0.029411764705882353,0.2,0.9965928449744463,0.0034071550255536627,0.2,0.9,2,19305,585,8,0.2,0.029411764705882353,0.9702010050251256,48.05595459998585,6,200
0.07149321266968325,0.2,0.9985955056179775,0.0014044943820224719,0.2,0.95,2,18468,1422,8,0.2,0.07149321266968325,0.9281407035175879,48.05595459998585,6,200
0.9968325791855204,1.0,0.9994958915158542,0.0005041084841457882,1.0,1.0,10,63,19827,0,1.0,0.9968325791855204,0.0036683417085427135,48.05595459998585,6,200
0.0,0.0,0.0,,0.0,0.05,0,19890,0,10,0.0,0.0,0.9994974874371859,47.593013799982145,7,200
0.0,0.0,0.0,,0.0,0.1,0,19890,0,10,0.0,0.0,0.9994974874371859,47.593013799982145,7,200
0.0,0.0,0.0,,0.0,0.15,0,19890,0,10,0.0,0.0,0.9994974874371859,47.593013799982145,7,200
0.0,0.0,0.0,,0.0,0.2,0,19890,0,10,0.0,0.0,0.9994974874371859,47.593013799982145,7,200
0.0,0.0,0.0,,0.0,0.25,0,19890,0,10,0.0,0.0,0.9994974874371859,47.593013799982145,7,200
0.0,0.0,0.0,,0.0,0.3,0,19890,0,10,0.0,0.0,0.9994974874371859,47.593013799982145,7,200
0.0,0.0,0.0,,0.0,0.35,0,19890,0,10,0.0,0.0,0.9994974874371859,47.593013799982145,7,200
5.0276520864756156e-05,0.0,1.0,0.0,0.0,0.4,0,19889,1,10,0.0,5.0276520864756156e-05,0.9994472361809045,47.593013799982145,7,200
5.0276520864756156e-05,0.0,1.0,0.0,0.0,0.45,0,19889,1,10,0.0,5.0276520864756156e-05,0.9994472361809045,47.593013799982145,7,200
5.0276520864756156e-05,0.1,0.5,0.5,0.1,0.5,1,19889,1,9,0.1,5.0276520864756156e-05,0.9994974874371859,47.593013799982145,7,200
0.00015082956259426848,0.1,0.75,0.25,0.1,0.55,1,19887,3,9,0.1,0.00015082956259426848,0.9993969849246231,47.593013799982145,7,200
0.00020110608345902463,0.1,0.8,0.2,0.1,0.6,1,19886,4,9,0.1,0.00020110608345902463,0.9993467336683417,47.593013799982145,7,200
0.00020110608345902463,0.1,0.8,0.2,0.1,0.65,1,19886,4,9,0.1,0.00020110608345902463,0.9993467336683417,47.593013799982145,7,200
0.00020110608345902463,0.1,0.8,0.2,0.1,0.7,1,19886,4,9,0.1,0.00020110608345902463,0.9993467336683417,47.593013799982145,7,200
0.00020110608345902463,0.1,0.8,0.2,0.1,0.75,1,19886,4,9,0.1,0.00020110608345902463,0.9993467336683417,47.593013799982145,7,200
0.00020110608345902463,0.1,0.8,0.2,0.1,0.8,1,19886,4,9,0.1,0.00020110608345902463,0.9993467336683417,47.593013799982145,7,200
0.00020110608345902463,0.1,0.8,0.2,0.1,0.85,1,19886,4,9,0.1,0.00020110608345902463,0.9993467336683417,47.593013799982145,7,200
0.00020110608345902463,0.1,0.8,0.2,0.1,0.9,1,19886,4,9,0.1,0.00020110608345902463,0.9993467336683417,47.593013799982145,7,200
0.030015082956259428,0.4,0.9933444259567388,0.0066555740432612314,0.4,0.95,4,19293,597,6,0.4,0.030015082956259428,0.9696984924623115,47.593013799982145,7,200
0.9821518350930115,0.9,0.9995395006139992,0.00046049938600081867,0.9,1.0,9,355,19535,1,0.9,0.9821518350930115,0.01829145728643216,47.593013799982145,7,200
0.0,0.0,0.0,,0.0,0.05,0,19890,0,10,0.0,0.0,0.9994974874371859,47.8555907998234,8,200
0.0,0.0,0.0,,0.0,0.1,0,19890,0,10,0.0,0.0,0.9994974874371859,47.8555907998234,8,200
0.0,0.0,0.0,,0.0,0.15,0,19890,0,10,0.0,0.0,0.9994974874371859,47.8555907998234,8,200
0.0,0.0,0.0,,0.0,0.2,0,19890,0,10,0.0,0.0,0.9994974874371859,47.8555907998234,8,200
0.00015082956259426848,0.0,1.0,0.0,0.0,0.25,0,19887,3,10,0.0,0.00015082956259426848,0.9993467336683417,47.8555907998234,8,200
0.00020110608345902463,0.0,1.0,0.0,0.0,0.3,0,19886,4,10,0.0,0.00020110608345902463,0.9992964824120603,47.8555907998234,8,200
0.00020110608345902463,0.0,1.0,0.0,0.0,0.35,0,19886,4,10,0.0,0.00020110608345902463,0.9992964824120603,47.8555907998234,8,200
0.00020110608345902463,0.0,1.0,0.0,0.0,0.4,0,19886,4,10,0.0,0.00020110608345902463,0.9992964824120603,47.8555907998234,8,200
0.00020110608345902463,0.0,1.0,0.0,0.0,0.45,0,19886,4,10,0.0,0.00020110608345902463,0.9992964824120603,47.8555907998234,8,200
0.00020110608345902463,0.0,1.0,0.0,0.0,0.5,0,19886,4,10,0.0,0.00020110608345902463,0.9992964824120603,47.8555907998234,8,200
0.00020110608345902463,0.0,1.0,0.0,0.0,0.55,0,19886,4,10,0.0,0.00020110608345902463,0.9992964824120603,47.8555907998234,8,200
0.00020110608345902463,0.0,1.0,0.0,0.0,0.6,0,19886,4,10,0.0,0.00020110608345902463,0.9992964824120603,47.8555907998234,8,200
0.0008044243338360985,0.0,1.0,0.0,0.0,0.65,0,19874,16,10,0.0,0.0008044243338360985,0.9986934673366834,47.8555907998234,8,200
0.0009049773755656109,0.0,1.0,0.0,0.0,0.7,0,19872,18,10,0.0,0.0009049773755656109,0.9985929648241206,47.8555907998234,8,200
0.001558572146807441,0.1,0.96875,0.03125,0.1,0.75,1,19859,31,9,0.1,0.001558572146807441,0.9979899497487437,47.8555907998234,8,200
0.001608848667672197,0.1,0.9696969696969697,0.030303030303030304,0.1,0.8,1,19858,32,9,0.1,0.001608848667672197,0.9979396984924623,47.8555907998234,8,200
0.0018099547511312218,0.1,0.972972972972973,0.02702702702702703,0.1,0.85,1,19854,36,9,0.1,0.0018099547511312218,0.9977386934673367,47.8555907998234,8,200
0.0018602312719959778,0.1,0.9736842105263158,0.02631578947368421,0.1,0.9,1,19853,37,9,0.1,0.0018602312719959778,0.9976884422110552,47.8555907998234,8,200
0.011764705882352941,0.3,0.9873417721518988,0.012658227848101266,0.3,0.95,3,19656,234,7,0.3,0.011764705882352941,0.9878894472361809,47.8555907998234,8,200
0.9983911513323278,1.0,0.999496678075297,0.0005033219247030401,1.0,1.0,10,32,19858,0,1.0,0.9983911513323278,0.0021105527638190956,47.8555907998234,8,200
0.0,0.0,0.0,,0.0,0.05,0,19890,0,10,0.0,0.0,0.9994974874371859,48.59117699996568,9,200
0.0,0.0,0.0,,0.0,0.1,0,19890,0,10,0.0,0.0,0.9994974874371859,48.59117699996568,9,200
0.0,0.0,0.0,,0.0,0.15,0,19890,0,10,0.0,0.0,0.9994974874371859,48.59117699996568,9,200
0.0,0.0,0.0,,0.0,0.2,0,19890,0,10,0.0,0.0,0.9994974874371859,48.59117699996568,9,200
0.0,0.0,0.0,,0.0,0.25,0,19890,0,10,0.0,0.0,0.9994974874371859,48.59117699996568,9,200
0.0,0.0,0.0,,0.0,0.3,0,19890,0,10,0.0,0.0,0.9994974874371859,48.59117699996568,9,200
0.0,0.0,0.0,,0.0,0.35,0,19890,0,10,0.0,0.0,0.9994974874371859,48.59117699996568,9,200
0.0,0.0,0.0,,0.0,0.4,0,19890,0,10,0.0,0.0,0.9994974874371859,48.59117699996568,9,200
0.0,0.0,0.0,,0.0,0.45,0,19890,0,10,0.0,0.0,0.9994974874371859,48.59117699996568,9,200
0.0,0.0,0.0,,0.0,0.5,0,19890,0,10,0.0,0.0,0.9994974874371859,48.59117699996568,9,200
0.0,0.0,0.0,,0.0,0.55,0,19890,0,10,0.0,0.0,0.9994974874371859,48.59117699996568,9,200
0.0,0.0,0.0,,0.0,0.6,0,19890,0,10,0.0,0.0,0.9994974874371859,48.59117699996568,9,200
0.0,0.0,0.0,,0.0,0.65,0,19890,0,10,0.0,0.0,0.9994974874371859,48.59117699996568,9,200
0.0,0.0,0.0,,0.0,0.7,0,19890,0,10,0.0,0.0,0.9994974874371859,48.59117699996568,9,200
0.0,0.0,0.0,,0.0,0.75,0,19890,0,10,0.0,0.0,0.9994974874371859,48.59117699996568,9,200
0.0,0.0,0.0,,0.0,0.8,0,19890,0,10,0.0,0.0,0.9994974874371859,48.59117699996568,9,200
0.000955253896430367,0.0,1.0,0.0,0.0,0.85,0,19871,19,10,0.0,0.000955253896430367,0.9985427135678392,48.59117699996568,9,200
0.0013574660633484162,0.0,1.0,0.0,0.0,0.9,0,19863,27,10,0.0,0.0013574660633484162,0.998140703517588,48.59117699996568,9,200
0.011664152840623429,0.1,0.9957081545064378,0.004291845493562232,0.1,0.95,1,19658,232,9,0.1,0.011664152840623429,0.9878894472361809,48.59117699996568,9,200
0.9982403217697335,1.0,0.9994966020639315,0.0005033979360684622,1.0,1.0,10,35,19855,0,1.0,0.9982403217697335,0.0022613065326633165,48.59117699996568,9,200
0.0,0.0,0.0,,0.0,0.05,0,19890,0,10,0.0,0.0,0.9994974874371859,48.051892100134864,10,200
0.0,0.0,0.0,,0.0,0.1,0,19890,0,10,0.0,0.0,0.9994974874371859,48.051892100134864,10,200
0.0,0.0,0.0,,0.0,0.15,0,19890,0,10,0.0,0.0,0.9994974874371859,48.051892100134864,10,200
0.0,0.0,0.0,,0.0,0.2,0,19890,0,10,0.0,0.0,0.9994974874371859,48.051892100134864,10,200
0.0,0.0,0.0,,0.0,0.25,0,19890,0,10,0.0,0.0,0.9994974874371859,48.051892100134864,10,200
0.0,0.0,0.0,,0.0,0.3,0,19890,0,10,0.0,0.0,0.9994974874371859,48.051892100134864,10,200
0.0,0.0,0.0,,0.0,0.35,0,19890,0,10,0.0,0.0,0.9994974874371859,48.051892100134864,10,200
0.0,0.0,0.0,,0.0,0.4,0,19890,0,10,0.0,0.0,0.9994974874371859,48.051892100134864,10,200
0.0,0.0,0.0,,0.0,0.45,0,19890,0,10,0.0,0.0,0.9994974874371859,48.051892100134864,10,200
0.0,0.0,0.0,,0.0,0.5,0,19890,0,10,0.0,0.0,0.9994974874371859,48.051892100134864,10,200
0.0,0.0,0.0,,0.0,0.55,0,19890,0,10,0.0,0.0,0.9994974874371859,48.051892100134864,10,200
0.0,0.0,0.0,,0.0,0.6,0,19890,0,10,0.0,0.0,0.9994974874371859,48.051892100134864,10,200
0.0,0.0,0.0,,0.0,0.65,0,19890,0,10,0.0,0.0,0.9994974874371859,48.051892100134864,10,200
0.0,0.0,0.0,,0.0,0.7,0,19890,0,10,0.0,0.0,0.9994974874371859,48.051892100134864,10,200
0.0,0.0,0.0,,0.0,0.75,0,19890,0,10,0.0,0.0,0.9994974874371859,48.051892100134864,10,200
0.0,0.0,0.0,,0.0,0.8,0,19890,0,10,0.0,0.0,0.9994974874371859,48.051892100134864,10,200
0.0030165912518853697,0.0,1.0,0.0,0.0,0.85,0,19830,60,10,0.0,0.0030165912518853697,0.9964824120603015,48.051892100134864,10,200
0.0030165912518853697,0.0,1.0,0.0,0.0,0.9,0,19830,60,10,0.0,0.0030165912518853697,0.9964824120603015,48.051892100134864,10,200
0.0032679738562091504,0.0,1.0,0.0,0.0,0.95,0,19825,65,10,0.0,0.0032679738562091504,0.9962311557788944,48.051892100134864,10,200
0.998340874811463,1.0,0.9994966527407259,0.0005033472592741732,1.0,1.0,10,33,19857,0,1.0,0.998340874811463,0.0021608040201005025,48.051892100134864,10,200
0.0,0.0,0.0,,0.0,0.05,0,19890,0,10,0.0,0.0,0.9994974874371859,48.246607600012794,11,200
0.0,0.0,0.0,,0.0,0.1,0,19890,0,10,0.0,0.0,0.9994974874371859,48.246607600012794,11,200
0.0,0.0,0.0,,0.0,0.15,0,19890,0,10,0.0,0.0,0.9994974874371859,48.246607600012794,11,200
0.0,0.0,0.0,,0.0,0.2,0,19890,0,10,0.0,0.0,0.9994974874371859,48.246607600012794,11,200
0.0,0.0,0.0,,0.0,0.25,0,19890,0,10,0.0,0.0,0.9994974874371859,48.246607600012794,11,200
0.0,0.0,0.0,,0.0,0.3,0,19890,0,10,0.0,0.0,0.9994974874371859,48.246607600012794,11,200
0.00020110608345902463,0.1,0.8,0.2,0.1,0.35,1,19886,4,9,0.1,0.00020110608345902463,0.9993467336683417,48.246607600012794,11,200
0.00025138260432378077,0.1,0.8333333333333334,0.16666666666666666,0.1,0.4,1,19885,5,9,0.1,0.00025138260432378077,0.9992964824120603,48.246607600012794,11,200
0.00025138260432378077,0.1,0.8333333333333334,0.16666666666666666,0.1,0.45,1,19885,5,9,0.1,0.00025138260432378077,0.9992964824120603,48.246607600012794,11,200
0.00025138260432378077,0.1,0.8333333333333334,0.16666666666666666,0.1,0.5,1,19885,5,9,0.1,0.00025138260432378077,0.9992964824120603,48.246607600012794,11,200
0.0003519356460532931,0.1,0.875,0.125,0.1,0.55,1,19883,7,9,0.1,0.0003519356460532931,0.9991959798994975,48.246607600012794,11,200
0.00045248868778280545,0.1,0.9,0.1,0.1,0.6,1,19881,9,9,0.1,0.00045248868778280545,0.9990954773869347,48.246607600012794,11,200
0.0005027652086475615,0.1,0.9090909090909091,0.09090909090909091,0.1,0.65,1,19880,10,9,0.1,0.0005027652086475615,0.9990452261306533,48.246607600012794,11,200
0.0005530417295123177,0.1,0.9166666666666666,0.08333333333333333,0.1,0.7,1,19879,11,9,0.1,0.0005530417295123177,0.9989949748743718,48.246607600012794,11,200
0.0006033182503770739,0.1,0.9230769230769231,0.07692307692307693,0.1,0.75,1,19878,12,9,0.1,0.0006033182503770739,0.9989447236180905,48.246607600012794,11,200
0.000955253896430367,0.1,0.95,0.05,0.1,0.8,1,19871,19,9,0.1,0.000955253896430367,0.9985929648241206,48.246607600012794,11,200
0.0015082956259426848,0.1,0.967741935483871,0.03225806451612903,0.1,0.85,1,19860,30,9,0.1,0.0015082956259426848,0.9980402010050251,48.246607600012794,11,200
0.0016591251885369532,0.1,0.9705882352941176,0.029411764705882353,0.1,0.9,1,19857,33,9,0.1,0.0016591251885369532,0.9978894472361809,48.246607600012794,11,200
0.0047762694821518355,0.1,0.9895833333333334,0.010416666666666666,0.1,0.95,1,19795,95,9,0.1,0.0047762694821518355,0.9947738693467336,48.246607600012794,11,200
0.9963800904977376,1.0,0.9994956626992132,0.0005043373007867661,1.0,1.0,10,72,19818,0,1.0,0.9963800904977376,0.004120603015075377,48.246607600012794,11,200
5.0276520864756156e-05,0.0,1.0,0.0,0.0,0.05,0,19889,1,10,0.0,5.0276520864756156e-05,0.9994472361809045,49.277436199830845,12,200
5.0276520864756156e-05,0.0,1.0,0.0,0.0,0.1,0,19889,1,10,0.0,5.0276520864756156e-05,0.9994472361809045,49.277436199830845,12,200
0.00020110608345902463,0.0,1.0,0.0,0.0,0.15,0,19886,4,10,0.0,0.00020110608345902463,0.9992964824120603,49.277436199830845,12,200
0.00025138260432378077,0.0,1.0,0.0,0.0,0.2,0,19885,5,10,0.0,0.00025138260432378077,0.9992462311557789,49.277436199830845,12,200
0.00025138260432378077,0.0,1.0,0.0,0.0,0.25,0,19885,5,10,0.0,0.00025138260432378077,0.9992462311557789,49.277436199830845,12,200
0.00030165912518853697,0.0,1.0,0.0,0.0,0.3,0,19884,6,10,0.0,0.00030165912518853697,0.9991959798994975,49.277436199830845,12,200
0.0006033182503770739,0.0,1.0,0.0,0.0,0.35,0,19878,12,10,0.0,0.0006033182503770739,0.9988944723618091,49.277436199830845,12,200
0.00065359477124183,0.0,1.0,0.0,0.0,0.4,0,19877,13,10,0.0,0.00065359477124183,0.9988442211055276,49.277436199830845,12,200
0.0007541478129713424,0.0,1.0,0.0,0.0,0.45,0,19875,15,10,0.0,0.0007541478129713424,0.9987437185929648,49.277436199830845,12,200
0.000955253896430367,0.0,1.0,0.0,0.0,0.5,0,19871,19,10,0.0,0.000955253896430367,0.9985427135678392,49.277436199830845,12,200
0.000955253896430367,0.0,1.0,0.0,0.0,0.55,0,19871,19,10,0.0,0.000955253896430367,0.9985427135678392,49.277436199830845,12,200
0.0012066365007541479,0.0,1.0,0.0,0.0,0.6,0,19866,24,10,0.0,0.0012066365007541479,0.9982914572864322,49.277436199830845,12,200
0.001256913021618904,0.0,1.0,0.0,0.0,0.65,0,19865,25,10,0.0,0.001256913021618904,0.9982412060301508,49.277436199830845,12,200
0.001256913021618904,0.0,1.0,0.0,0.0,0.7,0,19865,25,10,0.0,0.001256913021618904,0.9982412060301508,49.277436199830845,12,200
0.00130718954248366,0.0,1.0,0.0,0.0,0.75,0,19864,26,10,0.0,0.00130718954248366,0.9981909547738693,49.277436199830845,12,200
0.0017094017094017094,0.0,1.0,0.0,0.0,0.8,0,19856,34,10,0.0,0.0017094017094017094,0.9977889447236181,49.277436199830845,12,200
0.0020613373554550026,0.0,1.0,0.0,0.0,0.85,0,19849,41,10,0.0,0.0020613373554550026,0.9974371859296483,49.277436199830845,12,200
0.002212166918049271,0.0,1.0,0.0,0.0,0.9,0,19846,44,10,0.0,0.002212166918049271,0.997286432160804,49.277436199830845,12,200
0.002212166918049271,0.0,1.0,0.0,0.0,0.95,0,19846,44,10,0.0,0.002212166918049271,0.997286432160804,49.277436199830845,12,200
0.005681246857717446,0.0,1.0,0.0,0.0,1.0,0,19777,113,10,0.0,0.005681246857717446,0.9938190954773869,49.277436199830845,12,200
0.0,0.0,0.0,,0.0,0.05,0,19890,0,10,0.0,0.0,0.9994974874371859,48.425650499993935,13,200
0.0,0.0,0.0,,0.0,0.1,0,19890,0,10,0.0,0.0,0.9994974874371859,48.425650499993935,13,200
0.0,0.0,0.0,,0.0,0.15,0,19890,0,10,0.0,0.0,0.9994974874371859,48.425650499993935,13,200
5.0276520864756156e-05,0.0,1.0,0.0,0.0,0.2,0,19889,1,10,0.0,5.0276520864756156e-05,0.9994472361809045,48.425650499993935,13,200
5.0276520864756156e-05,0.0,1.0,0.0,0.0,0.25,0,19889,1,10,0.0,5.0276520864756156e-05,0.9994472361809045,48.425650499993935,13,200
5.0276520864756156e-05,0.0,1.0,0.0,0.0,0.3,0,19889,1,10,0.0,5.0276520864756156e-05,0.9994472361809045,48.425650499993935,13,200
5.0276520864756156e-05,0.0,1.0,0.0,0.0,0.35,0,19889,1,10,0.0,5.0276520864756156e-05,0.9994472361809045,48.425650499993935,13,200
5.0276520864756156e-05,0.0,1.0,0.0,0.0,0.4,0,19889,1,10,0.0,5.0276520864756156e-05,0.9994472361809045,48.425650499993935,13,200
0.00015082956259426848,0.0,1.0,0.0,0.0,0.45,0,19887,3,10,0.0,0.00015082956259426848,0.9993467336683417,48.425650499993935,13,200
0.00015082956259426848,0.0,1.0,0.0,0.0,0.5,0,19887,3,10,0.0,0.00015082956259426848,0.9993467336683417,48.425650499993935,13,200
0.00015082956259426848,0.0,1.0,0.0,0.0,0.55,0,19887,3,10,0.0,0.00015082956259426848,0.9993467336683417,48.425650499993935,13,200
0.00045248868778280545,0.0,1.0,0.0,0.0,0.6,0,19881,9,10,0.0,0.00045248868778280545,0.9990452261306533,48.425650499993935,13,200
0.00045248868778280545,0.0,1.0,0.0,0.0,0.65,0,19881,9,10,0.0,0.00045248868778280545,0.9990452261306533,48.425650499993935,13,200
0.0005027652086475615,0.0,1.0,0.0,0.0,0.7,0,19880,10,10,0.0,0.0005027652086475615,0.9989949748743718,48.425650499993935,13,200
0.0005027652086475615,0.0,1.0,0.0,0.0,0.75,0,19880,10,10,0.0,0.0005027652086475615,0.9989949748743718,48.425650499993935,13,200
0.0005027652086475615,0.0,1.0,0.0,0.0,0.8,0,19880,10,10,0.0,0.0005027652086475615,0.9989949748743718,48.425650499993935,13,200
0.0005027652086475615,0.0,1.0,0.0,0.0,0.85,0,19880,10,10,0.0,0.0005027652086475615,0.9989949748743718,48.425650499993935,13,200
0.0005027652086475615,0.0,1.0,0.0,0.0,0.9,0,19880,10,10,0.0,0.0005027652086475615,0.9989949748743718,48.425650499993935,13,200
0.0005027652086475615,0.0,1.0,0.0,0.0,0.95,0,19880,10,10,0.0,0.0005027652086475615,0.9989949748743718,48.425650499993935,13,200
0.9984414278531926,1.0,0.9994967034073179,0.0005032965926820676,1.0,1.0,10,31,19859,0,1.0,0.9984414278531926,0.0020603015075376886,48.425650499993935,13,200
5.0276520864756156e-05,0.0,1.0,0.0,0.0,0.05,0,19889,1,10,0.0,5.0276520864756156e-05,0.9994472361809045,47.836019299924374,14,200
5.0276520864756156e-05,0.0,1.0,0.0,0.0,0.1,0,19889,1,10,0.0,5.0276520864756156e-05,0.9994472361809045,47.836019299924374,14,200
5.0276520864756156e-05,0.0,1.0,0.0,0.0,0.15,0,19889,1,10,0.0,5.0276520864756156e-05,0.9994472361809045,47.836019299924374,14,200
5.0276520864756156e-05,0.0,1.0,0.0,0.0,0.2,0,19889,1,10,0.0,5.0276520864756156e-05,0.9994472361809045,47.836019299924374,14,200
5.0276520864756156e-05,0.0,1.0,0.0,0.0,0.25,0,19889,1,10,0.0,5.0276520864756156e-05,0.9994472361809045,47.836019299924374,14,200
5.0276520864756156e-05,0.0,1.0,0.0,0.0,0.3,0,19889,1,10,0.0,5.0276520864756156e-05,0.9994472361809045,47.836019299924374,14,200
5.0276520864756156e-05,0.0,1.0,0.0,0.0,0.35,0,19889,1,10,0.0,5.0276520864756156e-05,0.9994472361809045,47.836019299924374,14,200
5.0276520864756156e-05,0.0,1.0,0.0,0.0,0.4,0,19889,1,10,0.0,5.0276520864756156e-05,0.9994472361809045,47.836019299924374,14,200
5.0276520864756156e-05,0.0,1.0,0.0,0.0,0.45,0,19889,1,10,0.0,5.0276520864756156e-05,0.9994472361809045,47.836019299924374,14,200
5.0276520864756156e-05,0.0,1.0,0.0,0.0,0.5,0,19889,1,10,0.0,5.0276520864756156e-05,0.9994472361809045,47.836019299924374,14,200
0.00010055304172951231,0.0,1.0,0.0,0.0,0.55,0,19888,2,10,0.0,0.00010055304172951231,0.9993969849246231,47.836019299924374,14,200
0.00010055304172951231,0.0,1.0,0.0,0.0,0.6,0,19888,2,10,0.0,0.00010055304172951231,0.9993969849246231,47.836019299924374,14,200
0.0007038712921065862,0.0,1.0,0.0,0.0,0.65,0,19876,14,10,0.0,0.0007038712921065862,0.9987939698492462,47.836019299924374,14,200
0.0008044243338360985,0.0,1.0,0.0,0.0,0.7,0,19874,16,10,0.0,0.0008044243338360985,0.9986934673366834,47.836019299924374,14,200
0.0008547008547008547,0.0,1.0,0.0,0.0,0.75,0,19873,17,10,0.0,0.0008547008547008547,0.998643216080402,47.836019299924374,14,200
0.0011060834590246355,0.0,1.0,0.0,0.0,0.8,0,19868,22,10,0.0,0.0011060834590246355,0.998391959798995,47.836019299924374,14,200
0.00130718954248366,0.0,1.0,0.0,0.0,0.85,0,19864,26,10,0.0,0.00130718954248366,0.9981909547738693,47.836019299924374,14,200
0.001558572146807441,0.0,1.0,0.0,0.0,0.9,0,19859,31,10,0.0,0.001558572146807441,0.9979396984924623,47.836019299924374,14,200
0.003971845148315736,0.0,1.0,0.0,0.0,0.95,0,19811,79,10,0.0,0.003971845148315736,0.9955276381909548,47.836019299924374,14,200
0.9982403217697335,1.0,0.9994966020639315,0.0005033979360684622,1.0,1.0,10,35,19855,0,1.0,0.9982403217697335,0.0022613065326633165,47.836019299924374,14,200
0.0,0.0,0.0,,0.0,0.05,0,19890,0,10,0.0,0.0,0.9994974874371859,49.586533499881625,15,200
0.0,0.0,0.0,,0.0,0.1,0,19890,0,10,0.0,0.0,0.9994974874371859,49.586533499881625,15,200
0.0,0.0,0.0,,0.0,0.15,0,19890,0,10,0.0,0.0,0.9994974874371859,49.586533499881625,15,200
0.0,0.0,0.0,,0.0,0.2,0,19890,0,10,0.0,0.0,0.9994974874371859,49.586533499881625,15,200
0.0,0.0,0.0,,0.0,0.25,0,19890,0,10,0.0,0.0,0.9994974874371859,49.586533499881625,15,200
5.0276520864756156e-05,0.0,1.0,0.0,0.0,0.3,0,19889,1,10,0.0,5.0276520864756156e-05,0.9994472361809045,49.586533499881625,15,200
0.00010055304172951231,0.0,1.0,0.0,0.0,0.35,0,19888,2,10,0.0,0.00010055304172951231,0.9993969849246231,49.586533499881625,15,200
0.00010055304172951231,0.0,1.0,0.0,0.0,0.4,0,19888,2,10,0.0,0.00010055304172951231,0.9993969849246231,49.586533499881625,15,200
0.00010055304172951231,0.0,1.0,0.0,0.0,0.45,0,19888,2,10,0.0,0.00010055304172951231,0.9993969849246231,49.586533499881625,15,200
0.00010055304172951231,0.0,1.0,0.0,0.0,0.5,0,19888,2,10,0.0,0.00010055304172951231,0.9993969849246231,49.586533499881625,15,200
0.00015082956259426848,0.0,1.0,0.0,0.0,0.55,0,19887,3,10,0.0,0.00015082956259426848,0.9993467336683417,49.586533499881625,15,200
0.0007541478129713424,0.2,0.8823529411764706,0.11764705882352941,0.2,0.6,2,19875,15,8,0.2,0.0007541478129713424,0.9988442211055276,49.586533499881625,15,200
0.0017596782302664656,0.2,0.9459459459459459,0.05405405405405406,0.2,0.65,2,19855,35,8,0.2,0.0017596782302664656,0.9978391959798995,49.586533499881625,15,200
0.001910507792860734,0.3,0.926829268292683,0.07317073170731707,0.3,0.7,3,19852,38,7,0.3,0.001910507792860734,0.9977386934673367,49.586533499881625,15,200
0.002011060834590246,0.3,0.9302325581395349,0.06976744186046512,0.3,0.75,3,19850,40,7,0.3,0.002011060834590246,0.9976381909547739,49.586533499881625,15,200
0.0030668677727501256,0.3,0.953125,0.046875,0.3,0.8,3,19829,61,7,0.3,0.0030668677727501256,0.9965829145728643,49.586533499881625,15,200
0.003217697335344394,0.3,0.9552238805970149,0.04477611940298507,0.3,0.85,3,19826,64,7,0.3,0.003217697335344394,0.9964321608040201,49.586533499881625,15,200
0.0034690799396681748,0.3,0.9583333333333334,0.041666666666666664,0.3,0.9,3,19821,69,7,0.3,0.0034690799396681748,0.9961809045226131,49.586533499881625,15,200
0.00392156862745098,0.3,0.9629629629629629,0.037037037037037035,0.3,0.95,3,19812,78,7,0.3,0.00392156862745098,0.9957286432160805,49.586533499881625,15,200
0.9981900452488688,1.0,0.9994965767217077,0.0005034232782923883,1.0,1.0,10,36,19854,0,1.0,0.9981900452488688,0.0023115577889447235,49.586533499881625,15,200
0.0,0.0,0.0,,0.0,0.05,0,19890,0,10,0.0,0.0,0.9994974874371859,47.69396389997564,16,200
0.0,0.0,0.0,,0.0,0.1,0,19890,0,10,0.0,0.0,0.9994974874371859,47.69396389997564,16,200
0.0,0.0,0.0,,0.0,0.15,0,19890,0,10,0.0,0.0,0.9994974874371859,47.69396389997564,16,200
0.0,0.0,0.0,,0.0,0.2,0,19890,0,10,0.0,0.0,0.9994974874371859,47.69396389997564,16,200
0.0,0.0,0.0,,0.0,0.25,0,19890,0,10,0.0,0.0,0.9994974874371859,47.69396389997564,16,200
0.00020110608345902463,0.0,1.0,0.0,0.0,0.3,0,19886,4,10,0.0,0.00020110608345902463,0.9992964824120603,47.69396389997564,16,200
0.00020110608345902463,0.0,1.0,0.0,0.0,0.35,0,19886,4,10,0.0,0.00020110608345902463,0.9992964824120603,47.69396389997564,16,200
0.00020110608345902463,0.0,1.0,0.0,0.0,0.4,0,19886,4,10,0.0,0.00020110608345902463,0.9992964824120603,47.69396389997564,16,200
0.00020110608345902463,0.0,1.0,0.0,0.0,0.45,0,19886,4,10,0.0,0.00020110608345902463,0.9992964824120603,47.69396389997564,16,200
0.0005530417295123177,0.1,0.9166666666666666,0.08333333333333333,0.1,0.5,1,19879,11,9,0.1,0.0005530417295123177,0.9989949748743718,47.69396389997564,16,200
0.0008044243338360985,0.1,0.9411764705882353,0.058823529411764705,0.1,0.55,1,19874,16,9,0.1,0.0008044243338360985,0.9987437185929648,47.69396389997564,16,200
0.0008044243338360985,0.1,0.9411764705882353,0.058823529411764705,0.1,0.6,1,19874,16,9,0.1,0.0008044243338360985,0.9987437185929648,47.69396389997564,16,200
0.0008044243338360985,0.1,0.9411764705882353,0.058823529411764705,0.1,0.65,1,19874,16,9,0.1,0.0008044243338360985,0.9987437185929648,47.69396389997564,16,200
0.0014077425842131724,0.1,0.9655172413793104,0.034482758620689655,0.1,0.7,1,19862,28,9,0.1,0.0014077425842131724,0.998140703517588,47.69396389997564,16,200
0.0014580191050779286,0.1,0.9666666666666667,0.03333333333333333,0.1,0.75,1,19861,29,9,0.1,0.0014580191050779286,0.9980904522613065,47.69396389997564,16,200
0.0014580191050779286,0.1,0.9666666666666667,0.03333333333333333,0.1,0.8,1,19861,29,9,0.1,0.0014580191050779286,0.9980904522613065,47.69396389997564,16,200
0.0015082956259426848,0.1,0.967741935483871,0.03225806451612903,0.1,0.85,1,19860,30,9,0.1,0.0015082956259426848,0.9980402010050251,47.69396389997564,16,200
0.005379587732528909,0.1,0.9907407407407407,0.009259259259259259,0.1,0.9,1,19783,107,9,0.1,0.005379587732528909,0.9941708542713568,47.69396389997564,16,200
0.007239819004524887,0.1,0.993103448275862,0.006896551724137931,0.1,0.95,1,19746,144,9,0.1,0.007239819004524887,0.9923115577889448,47.69396389997564,16,200
0.9985419808949221,1.0,0.999496754063711,0.0005032459362890644,1.0,1.0,10,29,19861,0,1.0,0.9985419808949221,0.001959798994974874,47.69396389997564,16,200
5.0276520864756156e-05,0.0,1.0,0.0,0.0,0.05,0,19889,1,10,0.0,5.0276520864756156e-05,0.9994472361809045,48.59783189999871,17,200
0.00045248868778280545,0.0,1.0,0.0,0.0,0.1,0,19881,9,10,0.0,0.00045248868778280545,0.9990452261306533,48.59783189999871,17,200
0.0005530417295123177,0.0,1.0,0.0,0.0,0.15,0,19879,11,10,0.0,0.0005530417295123177,0.9989447236180905,48.59783189999871,17,200
0.0006033182503770739,0.1,0.9230769230769231,0.07692307692307693,0.1,0.2,1,19878,12,9,0.1,0.0006033182503770739,0.9989447236180905,48.59783189999871,17,200
0.0007038712921065862,0.1,0.9333333333333333,0.06666666666666667,0.1,0.25,1,19876,14,9,0.1,0.0007038712921065862,0.9988442211055276,48.59783189999871,17,200
0.0008547008547008547,0.1,0.9444444444444444,0.05555555555555555,0.1,0.3,1,19873,17,9,0.1,0.0008547008547008547,0.9986934673366834,48.59783189999871,17,200
0.0009049773755656109,0.1,0.9473684210526315,0.05263157894736842,0.1,0.35,1,19872,18,9,0.1,0.0009049773755656109,0.998643216080402,48.59783189999871,17,200
0.000955253896430367,0.1,0.95,0.05,0.1,0.4,1,19871,19,9,0.1,0.000955253896430367,0.9985929648241206,48.59783189999871,17,200
0.000955253896430367,0.1,0.95,0.05,0.1,0.45,1,19871,19,9,0.1,0.000955253896430367,0.9985929648241206,48.59783189999871,17,200
0.001005530417295123,0.2,0.9090909090909091,0.09090909090909091,0.2,0.5,2,19870,20,8,0.2,0.001005530417295123,0.9985929648241206,48.59783189999871,17,200
0.0014580191050779286,0.2,0.9354838709677419,0.06451612903225806,0.2,0.55,2,19861,29,8,0.2,0.0014580191050779286,0.998140703517588,48.59783189999871,17,200
0.0015082956259426848,0.2,0.9375,0.0625,0.2,0.6,2,19860,30,8,0.2,0.0015082956259426848,0.9980904522613065,48.59783189999871,17,200
0.0015082956259426848,0.2,0.9375,0.0625,0.2,0.65,2,19860,30,8,0.2,0.0015082956259426848,0.9980904522613065,48.59783189999871,17,200
0.001558572146807441,0.2,0.9393939393939394,0.06060606060606061,0.2,0.7,2,19859,31,8,0.2,0.001558572146807441,0.9980402010050251,48.59783189999871,17,200
0.0020613373554550026,0.2,0.9534883720930233,0.046511627906976744,0.2,0.75,2,19849,41,8,0.2,0.0020613373554550026,0.997537688442211,48.59783189999871,17,200
0.002212166918049271,0.2,0.9565217391304348,0.043478260869565216,0.2,0.8,2,19846,44,8,0.2,0.002212166918049271,0.9973869346733668,48.59783189999871,17,200
0.003971845148315736,0.2,0.9753086419753086,0.024691358024691357,0.2,0.85,2,19811,79,8,0.2,0.003971845148315736,0.9956281407035176,48.59783189999871,17,200
0.004524886877828055,0.2,0.9782608695652174,0.021739130434782608,0.2,0.9,2,19800,90,8,0.2,0.004524886877828055,0.9950753768844222,48.59783189999871,17,200
0.0048265460030165915,0.2,0.9795918367346939,0.02040816326530612,0.2,0.95,2,19794,96,8,0.2,0.0048265460030165915,0.9947738693467336,48.59783189999871,17,200
0.998340874811463,1.0,0.9994966527407259,0.0005033472592741732,1.0,1.0,10,33,19857,0,1.0,0.998340874811463,0.0021608040201005025,48.59783189999871,17,200
0.0,0.0,0.0,,0.0,0.05,0,19890,0,10,0.0,0.0,0.9994974874371859,48.33609349979088,18,200
0.0,0.0,0.0,,0.0,0.1,0,19890,0,10,0.0,0.0,0.9994974874371859,48.33609349979088,18,200
0.0,0.0,0.0,,0.0,0.15,0,19890,0,10,0.0,0.0,0.9994974874371859,48.33609349979088,18,200
0.0,0.0,0.0,,0.0,0.2,0,19890,0,10,0.0,0.0,0.9994974874371859,48.33609349979088,18,200
0.0,0.0,0.0,,0.0,0.25,0,19890,0,10,0.0,0.0,0.9994974874371859,48.33609349979088,18,200
0.0,0.0,0.0,,0.0,0.3,0,19890,0,10,0.0,0.0,0.9994974874371859,48.33609349979088,18,200
0.0,0.0,0.0,,0.0,0.35,0,19890,0,10,0.0,0.0,0.9994974874371859,48.33609349979088,18,200
0.0,0.0,0.0,,0.0,0.4,0,19890,0,10,0.0,0.0,0.9994974874371859,48.33609349979088,18,200
0.0,0.0,0.0,,0.0,0.45,0,19890,0,10,0.0,0.0,0.9994974874371859,48.33609349979088,18,200
0.0,0.0,0.0,,0.0,0.5,0,19890,0,10,0.0,0.0,0.9994974874371859,48.33609349979088,18,200
0.00040221216691804925,0.0,1.0,0.0,0.0,0.55,0,19882,8,10,0.0,0.00040221216691804925,0.9990954773869347,48.33609349979088,18,200
0.00045248868778280545,0.0,1.0,0.0,0.0,0.6,0,19881,9,10,0.0,0.00045248868778280545,0.9990452261306533,48.33609349979088,18,200
0.0007038712921065862,0.0,1.0,0.0,0.0,0.65,0,19876,14,10,0.0,0.0007038712921065862,0.9987939698492462,48.33609349979088,18,200
0.0007038712921065862,0.0,1.0,0.0,0.0,0.7,0,19876,14,10,0.0,0.0007038712921065862,0.9987939698492462,48.33609349979088,18,200
0.0007038712921065862,0.0,1.0,0.0,0.0,0.75,0,19876,14,10,0.0,0.0007038712921065862,0.9987939698492462,48.33609349979088,18,200
0.0007038712921065862,0.0,1.0,0.0,0.0,0.8,0,19876,14,10,0.0,0.0007038712921065862,0.9987939698492462,48.33609349979088,18,200
0.0007038712921065862,0.0,1.0,0.0,0.0,0.85,0,19876,14,10,0.0,0.0007038712921065862,0.9987939698492462,48.33609349979088,18,200
0.0016591251885369532,0.0,1.0,0.0,0.0,0.9,0,19857,33,10,0.0,0.0016591251885369532,0.9978391959798995,48.33609349979088,18,200
0.0016591251885369532,0.0,1.0,0.0,0.0,0.95,0,19857,33,10,0.0,0.0016591251885369532,0.9978391959798995,48.33609349979088,18,200
0.987229763700352,1.0,0.9994909905324239,0.0005090094675760969,1.0,1.0,10,254,19636,0,1.0,0.987229763700352,0.013266331658291457,48.33609349979088,18,200
0.0,0.0,0.0,,0.0,0.05,0,19890,0,10,0.0,0.0,0.9994974874371859,49.049619499826804,19,200
5.0276520864756156e-05,0.0,1.0,0.0,0.0,0.1,0,19889,1,10,0.0,5.0276520864756156e-05,0.9994472361809045,49.049619499826804,19,200
5.0276520864756156e-05,0.0,1.0,0.0,0.0,0.15,0,19889,1,10,0.0,5.0276520864756156e-05,0.9994472361809045,49.049619499826804,19,200
5.0276520864756156e-05,0.0,1.0,0.0,0.0,0.2,0,19889,1,10,0.0,5.0276520864756156e-05,0.9994472361809045,49.049619499826804,19,200
0.00020110608345902463,0.0,1.0,0.0,0.0,0.25,0,19886,4,10,0.0,0.00020110608345902463,0.9992964824120603,49.049619499826804,19,200
0.00025138260432378077,0.0,1.0,0.0,0.0,0.3,0,19885,5,10,0.0,0.00025138260432378077,0.9992462311557789,49.049619499826804,19,200
0.00025138260432378077,0.0,1.0,0.0,0.0,0.35,0,19885,5,10,0.0,0.00025138260432378077,0.9992462311557789,49.049619499826804,19,200
0.0006033182503770739,0.0,1.0,0.0,0.0,0.4,0,19878,12,10,0.0,0.0006033182503770739,0.9988944723618091,49.049619499826804,19,200
0.0010558069381598793,0.0,1.0,0.0,0.0,0.45,0,19869,21,10,0.0,0.0010558069381598793,0.9984422110552764,49.049619499826804,19,200
0.0014580191050779286,0.1,0.9666666666666667,0.03333333333333333,0.1,0.5,1,19861,29,9,0.1,0.0014580191050779286,0.9980904522613065,49.049619499826804,19,200
0.0015082956259426848,0.1,0.967741935483871,0.03225806451612903,0.1,0.55,1,19860,30,9,0.1,0.0015082956259426848,0.9980402010050251,49.049619499826804,19,200
0.0015082956259426848,0.1,0.967741935483871,0.03225806451612903,0.1,0.6,1,19860,30,9,0.1,0.0015082956259426848,0.9980402010050251,49.049619499826804,19,200
0.0015082956259426848,0.1,0.967741935483871,0.03225806451612903,0.1,0.65,1,19860,30,9,0.1,0.0015082956259426848,0.9980402010050251,49.049619499826804,19,200
0.0016591251885369532,0.1,0.9705882352941176,0.029411764705882353,0.1,0.7,1,19857,33,9,0.1,0.0016591251885369532,0.9978894472361809,49.049619499826804,19,200
0.0016591251885369532,0.1,0.9705882352941176,0.029411764705882353,0.1,0.75,1,19857,33,9,0.1,0.0016591251885369532,0.9978894472361809,49.049619499826804,19,200
0.0017596782302664656,0.1,0.9722222222222222,0.027777777777777776,0.1,0.8,1,19855,35,9,0.1,0.0017596782302664656,0.9977889447236181,49.049619499826804,19,200
0.001910507792860734,0.1,0.9743589743589743,0.02564102564102564,0.1,0.85,1,19852,38,9,0.1,0.001910507792860734,0.9976381909547739,49.049619499826804,19,200
0.0022624434389140274,0.1,0.9782608695652174,0.021739130434782608,0.1,0.9,1,19845,45,9,0.1,0.0022624434389140274,0.997286432160804,49.049619499826804,19,200
0.010256410256410256,0.3,0.9855072463768116,0.014492753623188406,0.3,0.95,3,19686,204,7,0.3,0.010256410256410256,0.9893969849246231,49.049619499826804,19,200
0.010910005027652086,0.3,0.9863636363636363,0.013636363636363636,0.3,1.0,3,19673,217,7,0.3,0.010910005027652086,0.9887437185929648,49.049619499826804,19,200
0.0,0.0,0.0,,0.0,0.05,0,19890,0,10,0.0,0.0,0.9994974874371859,49.43425609986298,20,200
0.0,0.0,0.0,,0.0,0.1,0,19890,0,10,0.0,0.0,0.9994974874371859,49.43425609986298,20,200
0.0,0.0,0.0,,0.0,0.15,0,19890,0,10,0.0,0.0,0.9994974874371859,49.43425609986298,20,200
0.0,0.0,0.0,,0.0,0.2,0,19890,0,10,0.0,0.0,0.9994974874371859,49.43425609986298,20,200
0.0,0.0,0.0,,0.0,0.25,0,19890,0,10,0.0,0.0,0.9994974874371859,49.43425609986298,20,200
0.0,0.0,0.0,,0.0,0.3,0,19890,0,10,0.0,0.0,0.9994974874371859,49.43425609986298,20,200
0.0,0.0,0.0,,0.0,0.35,0,19890,0,10,0.0,0.0,0.9994974874371859,49.43425609986298,20,200
0.0,0.0,0.0,,0.0,0.4,0,19890,0,10,0.0,0.0,0.9994974874371859,49.43425609986298,20,200
0.0,0.0,0.0,,0.0,0.45,0,19890,0,10,0.0,0.0,0.9994974874371859,49.43425609986298,20,200
0.00015082956259426848,0.0,1.0,0.0,0.0,0.5,0,19887,3,10,0.0,0.00015082956259426848,0.9993467336683417,49.43425609986298,20,200
0.0003519356460532931,0.0,1.0,0.0,0.0,0.55,0,19883,7,10,0.0,0.0003519356460532931,0.999145728643216,49.43425609986298,20,200
0.0003519356460532931,0.0,1.0,0.0,0.0,0.6,0,19883,7,10,0.0,0.0003519356460532931,0.999145728643216,49.43425609986298,20,200
0.00040221216691804925,0.0,1.0,0.0,0.0,0.65,0,19882,8,10,0.0,0.00040221216691804925,0.9990954773869347,49.43425609986298,20,200
0.0009049773755656109,0.0,1.0,0.0,0.0,0.7,0,19872,18,10,0.0,0.0009049773755656109,0.9985929648241206,49.43425609986298,20,200
0.001608848667672197,0.0,1.0,0.0,0.0,0.75,0,19858,32,10,0.0,0.001608848667672197,0.9978894472361809,49.43425609986298,20,200
0.0018099547511312218,0.0,1.0,0.0,0.0,0.8,0,19854,36,10,0.0,0.0018099547511312218,0.9976884422110552,49.43425609986298,20,200
0.010960281548516842,0.0,1.0,0.0,0.0,0.85,0,19672,218,10,0.0,0.010960281548516842,0.9885427135678392,49.43425609986298,20,200
0.01689291101055807,0.0,1.0,0.0,0.0,0.9,0,19554,336,10,0.0,0.01689291101055807,0.9826130653266332,49.43425609986298,20,200
0.029260935143288085,0.0,1.0,0.0,0.0,0.95,0,19308,582,10,0.0,0.029260935143288085,0.9702512562814071,49.43425609986298,20,200
0.8540472599296128,0.8,0.9995292733156811,0.0004707266843189173,0.8,1.0,8,2903,16987,2,0.8,0.8540472599296128,0.1462814070351759,49.43425609986298,20,200
0.0,0.0,0.0,,0.0,0.05,0,19890,0,10,0.0,0.0,0.9994974874371859,49.07036120002158,21,200
0.0,0.0,0.0,,0.0,0.1,0,19890,0,10,0.0,0.0,0.9994974874371859,49.07036120002158,21,200
0.00015082956259426848,0.0,1.0,0.0,0.0,0.15,0,19887,3,10,0.0,0.00015082956259426848,0.9993467336683417,49.07036120002158,21,200
0.00015082956259426848,0.0,1.0,0.0,0.0,0.2,0,19887,3,10,0.0,0.00015082956259426848,0.9993467336683417,49.07036120002158,21,200
0.00015082956259426848,0.0,1.0,0.0,0.0,0.25,0,19887,3,10,0.0,0.00015082956259426848,0.9993467336683417,49.07036120002158,21,200
0.00015082956259426848,0.0,1.0,0.0,0.0,0.3,0,19887,3,10,0.0,0.00015082956259426848,0.9993467336683417,49.07036120002158,21,200
0.00015082956259426848,0.0,1.0,0.0,0.0,0.35,0,19887,3,10,0.0,0.00015082956259426848,0.9993467336683417,49.07036120002158,21,200
0.00015082956259426848,0.0,1.0,0.0,0.0,0.4,0,19887,3,10,0.0,0.00015082956259426848,0.9993467336683417,49.07036120002158,21,200
0.00015082956259426848,0.0,1.0,0.0,0.0,0.45,0,19887,3,10,0.0,0.00015082956259426848,0.9993467336683417,49.07036120002158,21,200
0.00015082956259426848,0.0,1.0,0.0,0.0,0.5,0,19887,3,10,0.0,0.00015082956259426848,0.9993467336683417,49.07036120002158,21,200
0.00015082956259426848,0.0,1.0,0.0,0.0,0.55,0,19887,3,10,0.0,0.00015082956259426848,0.9993467336683417,49.07036120002158,21,200
0.00015082956259426848,0.0,1.0,0.0,0.0,0.6,0,19887,3,10,0.0,0.00015082956259426848,0.9993467336683417,49.07036120002158,21,200
0.00015082956259426848,0.0,1.0,0.0,0.0,0.65,0,19887,3,10,0.0,0.00015082956259426848,0.9993467336683417,49.07036120002158,21,200
0.00015082956259426848,0.0,1.0,0.0,0.0,0.7,0,19887,3,10,0.0,0.00015082956259426848,0.9993467336683417,49.07036120002158,21,200
0.00015082956259426848,0.0,1.0,0.0,0.0,0.75,0,19887,3,10,0.0,0.00015082956259426848,0.9993467336683417,49.07036120002158,21,200
0.006184012066365007,0.0,1.0,0.0,0.0,0.8,0,19767,123,10,0.0,0.006184012066365007,0.9933165829145728,49.07036120002158,21,200
0.00824534942182001,0.1,0.9939393939393939,0.006060606060606061,0.1,0.85,1,19726,164,9,0.1,0.00824534942182001,0.9913065326633166,49.07036120002158,21,200
0.009753645047762695,0.1,0.9948717948717949,0.005128205128205128,0.1,0.9,1,19696,194,9,0.1,0.009753645047762695,0.9897989949748743,49.07036120002158,21,200
0.011111111111111112,0.1,0.9954954954954955,0.0045045045045045045,0.1,0.95,1,19669,221,9,0.1,0.011111111111111112,0.9884422110552764,49.07036120002158,21,200
0.9157868275515334,1.0,0.9994513031550069,0.0005486968449931413,1.0,1.0,10,1675,18215,0,1.0,0.9157868275515334,0.08467336683417086,49.07036120002158,21,200
5.0276520864756156e-05,0.0,1.0,0.0,0.0,0.05,0,19889,1,10,0.0,5.0276520864756156e-05,0.9994472361809045,46.94384879991412,22,200
5.0276520864756156e-05,0.0,1.0,0.0,0.0,0.1,0,19889,1,10,0.0,5.0276520864756156e-05,0.9994472361809045,46.94384879991412,22,200
5.0276520864756156e-05,0.0,1.0,0.0,0.0,0.15,0,19889,1,10,0.0,5.0276520864756156e-05,0.9994472361809045,46.94384879991412,22,200
5.0276520864756156e-05,0.0,1.0,0.0,0.0,0.2,0,19889,1,10,0.0,5.0276520864756156e-05,0.9994472361809045,46.94384879991412,22,200
5.0276520864756156e-05,0.0,1.0,0.0,0.0,0.25,0,19889,1,10,0.0,5.0276520864756156e-05,0.9994472361809045,46.94384879991412,22,200
5.0276520864756156e-05,0.0,1.0,0.0,0.0,0.3,0,19889,1,10,0.0,5.0276520864756156e-05,0.9994472361809045,46.94384879991412,22,200
0.00030165912518853697,0.0,1.0,0.0,0.0,0.35,0,19884,6,10,0.0,0.00030165912518853697,0.9991959798994975,46.94384879991412,22,200
0.00030165912518853697,0.0,1.0,0.0,0.0,0.4,0,19884,6,10,0.0,0.00030165912518853697,0.9991959798994975,46.94384879991412,22,200
0.00030165912518853697,0.0,1.0,0.0,0.0,0.45,0,19884,6,10,0.0,0.00030165912518853697,0.9991959798994975,46.94384879991412,22,200
0.00030165912518853697,0.0,1.0,0.0,0.0,0.5,0,19884,6,10,0.0,0.00030165912518853697,0.9991959798994975,46.94384879991412,22,200
0.00030165912518853697,0.0,1.0,0.0,0.0,0.55,0,19884,6,10,0.0,0.00030165912518853697,0.9991959798994975,46.94384879991412,22,200
0.00030165912518853697,0.0,1.0,0.0,0.0,0.6,0,19884,6,10,0.0,0.00030165912518853697,0.9991959798994975,46.94384879991412,22,200
0.0003519356460532931,0.0,1.0,0.0,0.0,0.65,0,19883,7,10,0.0,0.0003519356460532931,0.999145728643216,46.94384879991412,22,200
0.00040221216691804925,0.0,1.0,0.0,0.0,0.7,0,19882,8,10,0.0,0.00040221216691804925,0.9990954773869347,46.94384879991412,22,200
0.00040221216691804925,0.0,1.0,0.0,0.0,0.75,0,19882,8,10,0.0,0.00040221216691804925,0.9990954773869347,46.94384879991412,22,200
0.009451985922574157,0.1,0.9947089947089947,0.005291005291005291,0.1,0.8,1,19702,188,9,0.1,0.009451985922574157,0.9901005025125628,46.94384879991412,22,200
0.016189039718451485,0.1,0.9969040247678018,0.0030959752321981426,0.1,0.85,1,19568,322,9,0.1,0.016189039718451485,0.9833668341708542,46.94384879991412,22,200
0.06948215183509301,0.4,0.9971139971139971,0.002886002886002886,0.4,0.9,4,18508,1382,6,0.4,0.06948215183509301,0.930251256281407,46.94384879991412,22,200
0.19934640522875818,0.7,0.9982376636455186,0.0017623363544813696,0.7,0.95,7,15925,3965,3,0.7,0.19934640522875818,0.8006030150753769,46.94384879991412,22,200
0.9982403217697335,1.0,0.9994966020639315,0.0005033979360684622,1.0,1.0,10,35,19855,0,1.0,0.9982403217697335,0.0022613065326633165,46.94384879991412,22,200
0.0,0.0,0.0,,0.0,0.05,0,19890,0,10,0.0,0.0,0.9994974874371859,48.952389899874106,23,200
0.0,0.0,0.0,,0.0,0.1,0,19890,0,10,0.0,0.0,0.9994974874371859,48.952389899874106,23,200
0.0,0.0,0.0,,0.0,0.15,0,19890,0,10,0.0,0.0,0.9994974874371859,48.952389899874106,23,200
0.0,0.0,0.0,,0.0,0.2,0,19890,0,10,0.0,0.0,0.9994974874371859,48.952389899874106,23,200
0.0,0.0,0.0,,0.0,0.25,0,19890,0,10,0.0,0.0,0.9994974874371859,48.952389899874106,23,200
0.0,0.0,0.0,,0.0,0.3,0,19890,0,10,0.0,0.0,0.9994974874371859,48.952389899874106,23,200
0.0,0.0,0.0,,0.0,0.35,0,19890,0,10,0.0,0.0,0.9994974874371859,48.952389899874106,23,200
0.0,0.0,0.0,,0.0,0.4,0,19890,0,10,0.0,0.0,0.9994974874371859,48.952389899874106,23,200
0.0,0.0,0.0,,0.0,0.45,0,19890,0,10,0.0,0.0,0.9994974874371859,48.952389899874106,23,200
5.0276520864756156e-05,0.0,1.0,0.0,0.0,0.5,0,19889,1,10,0.0,5.0276520864756156e-05,0.9994472361809045,48.952389899874106,23,200
5.0276520864756156e-05,0.0,1.0,0.0,0.0,0.55,0,19889,1,10,0.0,5.0276520864756156e-05,0.9994472361809045,48.952389899874106,23,200
5.0276520864756156e-05,0.0,1.0,0.0,0.0,0.6,0,19889,1,10,0.0,5.0276520864756156e-05,0.9994472361809045,48.952389899874106,23,200
5.0276520864756156e-05,0.0,1.0,0.0,0.0,0.65,0,19889,1,10,0.0,5.0276520864756156e-05,0.9994472361809045,48.952389899874106,23,200
5.0276520864756156e-05,0.0,1.0,0.0,0.0,0.7,0,19889,1,10,0.0,5.0276520864756156e-05,0.9994472361809045,48.952389899874106,23,200
5.0276520864756156e-05,0.0,1.0,0.0,0.0,0.75,0,19889,1,10,0.0,5.0276520864756156e-05,0.9994472361809045,48.952389899874106,23,200
0.0006033182503770739,0.0,1.0,0.0,0.0,0.8,0,19878,12,10,0.0,0.0006033182503770739,0.9988944723618091,48.952389899874106,23,200
0.0008044243338360985,0.0,1.0,0.0,0.0,0.85,0,19874,16,10,0.0,0.0008044243338360985,0.9986934673366834,48.952389899874106,23,200
0.0008044243338360985,0.0,1.0,0.0,0.0,0.9,0,19874,16,10,0.0,0.0008044243338360985,0.9986934673366834,48.952389899874106,23,200
0.008396178984414278,0.1,0.9940476190476191,0.005952380952380952,0.1,0.95,1,19723,167,9,0.1,0.008396178984414278,0.9911557788944724,48.952389899874106,23,200
0.9988436400201106,1.0,0.9994969059717261,0.0005030940282738844,1.0,1.0,10,23,19867,0,1.0,0.9988436400201106,0.0016582914572864321,48.952389899874106,23,200
0.0,0.0,0.0,,0.0,0.05,0,19890,0,10,0.0,0.0,0.9994974874371859,48.267011099960655,24,200
0.00015082956259426848,0.0,1.0,0.0,0.0,0.1,0,19887,3,10,0.0,0.00015082956259426848,0.9993467336683417,48.267011099960655,24,200
0.00020110608345902463,0.0,1.0,0.0,0.0,0.15,0,19886,4,10,0.0,0.00020110608345902463,0.9992964824120603,48.267011099960655,24,200
0.00020110608345902463,0.0,1.0,0.0,0.0,0.2,0,19886,4,10,0.0,0.00020110608345902463,0.9992964824120603,48.267011099960655,24,200
0.00020110608345902463,0.0,1.0,0.0,0.0,0.25,0,19886,4,10,0.0,0.00020110608345902463,0.9992964824120603,48.267011099960655,24,200
0.00020110608345902463,0.0,1.0,0.0,0.0,0.3,0,19886,4,10,0.0,0.00020110608345902463,0.9992964824120603,48.267011099960655,24,200
0.00020110608345902463,0.0,1.0,0.0,0.0,0.35,0,19886,4,10,0.0,0.00020110608345902463,0.9992964824120603,48.267011099960655,24,200
0.00020110608345902463,0.0,1.0,0.0,0.0,0.4,0,19886,4,10,0.0,0.00020110608345902463,0.9992964824120603,48.267011099960655,24,200
0.0005530417295123177,0.0,1.0,0.0,0.0,0.45,0,19879,11,10,0.0,0.0005530417295123177,0.9989447236180905,48.267011099960655,24,200
0.0009049773755656109,0.0,1.0,0.0,0.0,0.5,0,19872,18,10,0.0,0.0009049773755656109,0.9985929648241206,48.267011099960655,24,200
0.002212166918049271,0.1,0.9777777777777777,0.022222222222222223,0.1,0.55,1,19846,44,9,0.1,0.002212166918049271,0.9973366834170855,48.267011099960655,24,200
0.0029663147310206132,0.1,0.9833333333333333,0.016666666666666666,0.1,0.6,1,19831,59,9,0.1,0.0029663147310206132,0.9965829145728643,48.267011099960655,24,200
0.003569632981397687,0.1,0.9861111111111112,0.013888888888888888,0.1,0.65,1,19819,71,9,0.1,0.003569632981397687,0.9959798994974874,48.267011099960655,24,200
0.00432378079436903,0.1,0.9885057471264368,0.011494252873563218,0.1,0.7,1,19804,86,9,0.1,0.00432378079436903,0.9952261306532664,48.267011099960655,24,200
0.005429864253393665,0.1,0.9908256880733946,0.009174311926605505,0.1,0.75,1,19782,108,9,0.1,0.005429864253393665,0.9941206030150753,48.267011099960655,24,200
0.01256913021618904,0.1,0.9960159362549801,0.00398406374501992,0.1,0.8,1,19640,250,9,0.1,0.01256913021618904,0.9869849246231156,48.267011099960655,24,200
0.021669180492709904,0.1,0.9976851851851852,0.0023148148148148147,0.1,0.85,1,19459,431,9,0.1,0.021669180492709904,0.9778894472361809,48.267011099960655,24,200
0.062242332830568126,0.3,0.9975825946817083,0.0024174053182917004,0.3,0.9,3,18652,1238,7,0.3,0.062242332830568126,0.9374371859296482,48.267011099960655,24,200
0.08697838109602815,0.3,0.9982688978649741,0.0017311021350259665,0.3,0.95,3,18160,1730,7,0.3,0.08697838109602815,0.912713567839196,48.267011099960655,24,200
0.9817496229260935,1.0,0.9994881506884373,0.0005118493115626759,1.0,1.0,10,363,19527,0,1.0,0.9817496229260935,0.018743718592964823,48.267011099960655,24,200
0.0,0.0,0.0,,0.0,0.05,0,19890,0,10,0.0,0.0,0.9994974874371859,47.82122789998539,25,200
0.0,0.0,0.0,,0.0,0.1,0,19890,0,10,0.0,0.0,0.9994974874371859,47.82122789998539,25,200
0.0,0.0,0.0,,0.0,0.15,0,19890,0,10,0.0,0.0,0.9994974874371859,47.82122789998539,25,200
0.0,0.0,0.0,,0.0,0.2,0,19890,0,10,0.0,0.0,0.9994974874371859,47.82122789998539,25,200
0.0,0.0,0.0,,0.0,0.25,0,19890,0,10,0.0,0.0,0.9994974874371859,47.82122789998539,25,200
0.0,0.0,0.0,,0.0,0.3,0,19890,0,10,0.0,0.0,0.9994974874371859,47.82122789998539,25,200
0.0,0.0,0.0,,0.0,0.35,0,19890,0,10,0.0,0.0,0.9994974874371859,47.82122789998539,25,200
0.0,0.0,0.0,,0.0,0.4,0,19890,0,10,0.0,0.0,0.9994974874371859,47.82122789998539,25,200
0.0,0.0,0.0,,0.0,0.45,0,19890,0,10,0.0,0.0,0.9994974874371859,47.82122789998539,25,200
0.0,0.0,0.0,,0.0,0.5,0,19890,0,10,0.0,0.0,0.9994974874371859,47.82122789998539,25,200
0.0,0.0,0.0,,0.0,0.55,0,19890,0,10,0.0,0.0,0.9994974874371859,47.82122789998539,25,200
0.00045248868778280545,0.0,1.0,0.0,0.0,0.6,0,19881,9,10,0.0,0.00045248868778280545,0.9990452261306533,47.82122789998539,25,200
0.0006033182503770739,0.0,1.0,0.0,0.0,0.65,0,19878,12,10,0.0,0.0006033182503770739,0.9988944723618091,47.82122789998539,25,200
0.004122674710910005,0.0,1.0,0.0,0.0,0.7,0,19808,82,10,0.0,0.004122674710910005,0.9953768844221106,47.82122789998539,25,200
0.007088989441930618,0.0,1.0,0.0,0.0,0.75,0,19749,141,10,0.0,0.007088989441930618,0.9924120603015075,47.82122789998539,25,200
0.010155857214680744,0.0,1.0,0.0,0.0,0.8,0,19688,202,10,0.0,0.010155857214680744,0.9893467336683417,47.82122789998539,25,200
0.019406737053795878,0.1,0.9974160206718347,0.002583979328165375,0.1,0.85,1,19504,386,9,0.1,0.019406737053795878,0.9801507537688442,47.82122789998539,25,200
0.03750628456510809,0.2,0.9973262032085561,0.00267379679144385,0.2,0.9,2,19144,746,8,0.2,0.03750628456510809,0.9621105527638191,47.82122789998539,25,200
0.10180995475113122,0.2,0.9990133201776024,0.000986679822397632,0.2,0.95,2,17865,2025,8,0.2,0.10180995475113122,0.8978391959798995,47.82122789998539,25,200
0.9965811965811966,1.0,0.9994957644211375,0.0005042355788624445,1.0,1.0,10,68,19822,0,1.0,0.9965811965811966,0.003919597989949748,47.82122789998539,25,200
0.0,0.0,0.0,,0.0,0.05,0,19890,0,10,0.0,0.0,0.9994974874371859,48.277043000096455,26,200
0.00010055304172951231,0.0,1.0,0.0,0.0,0.1,0,19888,2,10,0.0,0.00010055304172951231,0.9993969849246231,48.277043000096455,26,200
0.00010055304172951231,0.0,1.0,0.0,0.0,0.15,0,19888,2,10,0.0,0.00010055304172951231,0.9993969849246231,48.277043000096455,26,200
0.00010055304172951231,0.0,1.0,0.0,0.0,0.2,0,19888,2,10,0.0,0.00010055304172951231,0.9993969849246231,48.277043000096455,26,200
0.00010055304172951231,0.0,1.0,0.0,0.0,0.25,0,19888,2,10,0.0,0.00010055304172951231,0.9993969849246231,48.277043000096455,26,200
0.00015082956259426848,0.0,1.0,0.0,0.0,0.3,0,19887,3,10,0.0,0.00015082956259426848,0.9993467336683417,48.277043000096455,26,200
0.00015082956259426848,0.0,1.0,0.0,0.0,0.35,0,19887,3,10,0.0,0.00015082956259426848,0.9993467336683417,48.277043000096455,26,200
0.00015082956259426848,0.0,1.0,0.0,0.0,0.4,0,19887,3,10,0.0,0.00015082956259426848,0.9993467336683417,48.277043000096455,26,200
0.00015082956259426848,0.0,1.0,0.0,0.0,0.45,0,19887,3,10,0.0,0.00015082956259426848,0.9993467336683417,48.277043000096455,26,200
0.00020110608345902463,0.0,1.0,0.0,0.0,0.5,0,19886,4,10,0.0,0.00020110608345902463,0.9992964824120603,48.277043000096455,26,200
0.00020110608345902463,0.0,1.0,0.0,0.0,0.55,0,19886,4,10,0.0,0.00020110608345902463,0.9992964824120603,48.277043000096455,26,200
0.00020110608345902463,0.0,1.0,0.0,0.0,0.6,0,19886,4,10,0.0,0.00020110608345902463,0.9992964824120603,48.277043000096455,26,200
0.00020110608345902463,0.0,1.0,0.0,0.0,0.65,0,19886,4,10,0.0,0.00020110608345902463,0.9992964824120603,48.277043000096455,26,200
0.00020110608345902463,0.0,1.0,0.0,0.0,0.7,0,19886,4,10,0.0,0.00020110608345902463,0.9992964824120603,48.277043000096455,26,200
0.00020110608345902463,0.0,1.0,0.0,0.0,0.75,0,19886,4,10,0.0,0.00020110608345902463,0.9992964824120603,48.277043000096455,26,200
0.00020110608345902463,0.0,1.0,0.0,0.0,0.8,0,19886,4,10,0.0,0.00020110608345902463,0.9992964824120603,48.277043000096455,26,200
0.00020110608345902463,0.0,1.0,0.0,0.0,0.85,0,19886,4,10,0.0,0.00020110608345902463,0.9992964824120603,48.277043000096455,26,200
0.0021116138763197585,0.1,0.9767441860465116,0.023255813953488372,0.1,0.9,1,19848,42,9,0.1,0.0021116138763197585,0.9974371859296483,48.277043000096455,26,200
0.011814982403217697,0.3,0.9873949579831933,0.012605042016806723,0.3,0.95,3,19655,235,7,0.3,0.011814982403217697,0.9878391959798994,48.277043000096455,26,200
0.9984917043740573,1.0,0.9994967287367891,0.0005032712632108706,1.0,1.0,10,30,19860,0,1.0,0.9984917043740573,0.0020100502512562816,48.277043000096455,26,200
0.0,0.0,0.0,,0.0,0.05,0,19890,0,10,0.0,0.0,0.9994974874371859,49.348147300072014,27,200
0.0,0.0,0.0,,0.0,0.1,0,19890,0,10,0.0,0.0,0.9994974874371859,49.348147300072014,27,200
0.00010055304172951231,0.0,1.0,0.0,0.0,0.15,0,19888,2,10,0.0,0.00010055304172951231,0.9993969849246231,49.348147300072014,27,200
0.00015082956259426848,0.0,1.0,0.0,0.0,0.2,0,19887,3,10,0.0,0.00015082956259426848,0.9993467336683417,49.348147300072014,27,200
0.00015082956259426848,0.0,1.0,0.0,0.0,0.25,0,19887,3,10,0.0,0.00015082956259426848,0.9993467336683417,49.348147300072014,27,200
0.00020110608345902463,0.0,1.0,0.0,0.0,0.3,0,19886,4,10,0.0,0.00020110608345902463,0.9992964824120603,49.348147300072014,27,200
0.00020110608345902463,0.0,1.0,0.0,0.0,0.35,0,19886,4,10,0.0,0.00020110608345902463,0.9992964824120603,49.348147300072014,27,200
0.0005027652086475615,0.0,1.0,0.0,0.0,0.4,0,19880,10,10,0.0,0.0005027652086475615,0.9989949748743718,49.348147300072014,27,200
0.0007038712921065862,0.0,1.0,0.0,0.0,0.45,0,19876,14,10,0.0,0.0007038712921065862,0.9987939698492462,49.348147300072014,27,200
0.0007038712921065862,0.0,1.0,0.0,0.0,0.5,0,19876,14,10,0.0,0.0007038712921065862,0.9987939698492462,49.348147300072014,27,200
0.0007541478129713424,0.0,1.0,0.0,0.0,0.55,0,19875,15,10,0.0,0.0007541478129713424,0.9987437185929648,49.348147300072014,27,200
0.0009049773755656109,0.0,1.0,0.0,0.0,0.6,0,19872,18,10,0.0,0.0009049773755656109,0.9985929648241206,49.348147300072014,27,200
0.0012066365007541479,0.0,1.0,0.0,0.0,0.65,0,19866,24,10,0.0,0.0012066365007541479,0.9982914572864322,49.348147300072014,27,200
0.0015082956259426848,0.0,1.0,0.0,0.0,0.7,0,19860,30,10,0.0,0.0015082956259426848,0.9979899497487437,49.348147300072014,27,200
0.0022624434389140274,0.0,1.0,0.0,0.0,0.75,0,19845,45,10,0.0,0.0022624434389140274,0.9972361809045226,49.348147300072014,27,200
0.0023127199597787833,0.0,1.0,0.0,0.0,0.8,0,19844,46,10,0.0,0.0023127199597787833,0.9971859296482412,49.348147300072014,27,200
0.0023127199597787833,0.0,1.0,0.0,0.0,0.85,0,19844,46,10,0.0,0.0023127199597787833,0.9971859296482412,49.348147300072014,27,200
0.0030668677727501256,0.0,1.0,0.0,0.0,0.9,0,19829,61,10,0.0,0.0030668677727501256,0.9964321608040201,49.348147300072014,27,200
0.0102061337355455,0.0,1.0,0.0,0.0,0.95,0,19687,203,10,0.0,0.0102061337355455,0.9892964824120603,49.348147300072014,27,200
0.6341880341880342,0.7,0.9994453688297282,0.0005546311702717693,0.7,1.0,7,7276,12614,3,0.7,0.6341880341880342,0.36597989949748744,49.348147300072014,27,200
0.0,0.0,0.0,,0.0,0.05,0,19890,0,10,0.0,0.0,0.9994974874371859,48.45938850007951,28,200
0.0003519356460532931,0.0,1.0,0.0,0.0,0.1,0,19883,7,10,0.0,0.0003519356460532931,0.999145728643216,48.45938850007951,28,200
0.0005027652086475615,0.0,1.0,0.0,0.0,0.15,0,19880,10,10,0.0,0.0005027652086475615,0.9989949748743718,48.45938850007951,28,200
0.0005027652086475615,0.0,1.0,0.0,0.0,0.2,0,19880,10,10,0.0,0.0005027652086475615,0.9989949748743718,48.45938850007951,28,200
0.0005027652086475615,0.0,1.0,0.0,0.0,0.25,0,19880,10,10,0.0,0.0005027652086475615,0.9989949748743718,48.45938850007951,28,200
0.0006033182503770739,0.0,1.0,0.0,0.0,0.3,0,19878,12,10,0.0,0.0006033182503770739,0.9988944723618091,48.45938850007951,28,200
0.0007038712921065862,0.0,1.0,0.0,0.0,0.35,0,19876,14,10,0.0,0.0007038712921065862,0.9987939698492462,48.45938850007951,28,200
0.0007038712921065862,0.0,1.0,0.0,0.0,0.4,0,19876,14,10,0.0,0.0007038712921065862,0.9987939698492462,48.45938850007951,28,200
0.001558572146807441,0.0,1.0,0.0,0.0,0.45,0,19859,31,10,0.0,0.001558572146807441,0.9979396984924623,48.45938850007951,28,200
0.001558572146807441,0.0,1.0,0.0,0.0,0.5,0,19859,31,10,0.0,0.001558572146807441,0.9979396984924623,48.45938850007951,28,200
0.001558572146807441,0.0,1.0,0.0,0.0,0.55,0,19859,31,10,0.0,0.001558572146807441,0.9979396984924623,48.45938850007951,28,200
0.001558572146807441,0.0,1.0,0.0,0.0,0.6,0,19859,31,10,0.0,0.001558572146807441,0.9979396984924623,48.45938850007951,28,200
0.001558572146807441,0.0,1.0,0.0,0.0,0.65,0,19859,31,10,0.0,0.001558572146807441,0.9979396984924623,48.45938850007951,28,200
0.001558572146807441,0.0,1.0,0.0,0.0,0.7,0,19859,31,10,0.0,0.001558572146807441,0.9979396984924623,48.45938850007951,28,200
0.0016591251885369532,0.0,1.0,0.0,0.0,0.75,0,19857,33,10,0.0,0.0016591251885369532,0.9978391959798995,48.45938850007951,28,200
0.00196078431372549,0.0,1.0,0.0,0.0,0.8,0,19851,39,10,0.0,0.00196078431372549,0.997537688442211,48.45938850007951,28,200
0.002011060834590246,0.0,1.0,0.0,0.0,0.85,0,19850,40,10,0.0,0.002011060834590246,0.9974874371859297,48.45938850007951,28,200
0.0036199095022624436,0.0,1.0,0.0,0.0,0.9,0,19818,72,10,0.0,0.0036199095022624436,0.9958793969849247,48.45938850007951,28,200
0.0036701860231271996,0.0,1.0,0.0,0.0,0.95,0,19817,73,10,0.0,0.0036701860231271996,0.9958291457286432,48.45938850007951,28,200
0.9982403217697335,1.0,0.9994966020639315,0.0005033979360684622,1.0,1.0,10,35,19855,0,1.0,0.9982403217697335,0.0022613065326633165,48.45938850007951,28,200
0.0,0.0,0.0,,0.0,0.05,0,19890,0,10,0.0,0.0,0.9994974874371859,49.51072069979273,29,200
0.0,0.0,0.0,,0.0,0.1,0,19890,0,10,0.0,0.0,0.9994974874371859,49.51072069979273,29,200
0.0,0.0,0.0,,0.0,0.15,0,19890,0,10,0.0,0.0,0.9994974874371859,49.51072069979273,29,200
0.0,0.0,0.0,,0.0,0.2,0,19890,0,10,0.0,0.0,0.9994974874371859,49.51072069979273,29,200
0.0,0.0,0.0,,0.0,0.25,0,19890,0,10,0.0,0.0,0.9994974874371859,49.51072069979273,29,200
0.0,0.0,0.0,,0.0,0.3,0,19890,0,10,0.0,0.0,0.9994974874371859,49.51072069979273,29,200
0.0,0.0,0.0,,0.0,0.35,0,19890,0,10,0.0,0.0,0.9994974874371859,49.51072069979273,29,200
0.0,0.0,0.0,,0.0,0.4,0,19890,0,10,0.0,0.0,0.9994974874371859,49.51072069979273,29,200
5.0276520864756156e-05,0.0,1.0,0.0,0.0,0.45,0,19889,1,10,0.0,5.0276520864756156e-05,0.9994472361809045,49.51072069979273,29,200
5.0276520864756156e-05,0.0,1.0,0.0,0.0,0.5,0,19889,1,10,0.0,5.0276520864756156e-05,0.9994472361809045,49.51072069979273,29,200
5.0276520864756156e-05,0.0,1.0,0.0,0.0,0.55,0,19889,1,10,0.0,5.0276520864756156e-05,0.9994472361809045,49.51072069979273,29,200
5.0276520864756156e-05,0.0,1.0,0.0,0.0,0.6,0,19889,1,10,0.0,5.0276520864756156e-05,0.9994472361809045,49.51072069979273,29,200
5.0276520864756156e-05,0.0,1.0,0.0,0.0,0.65,0,19889,1,10,0.0,5.0276520864756156e-05,0.9994472361809045,49.51072069979273,29,200
5.0276520864756156e-05,0.0,1.0,0.0,0.0,0.7,0,19889,1,10,0.0,5.0276520864756156e-05,0.9994472361809045,49.51072069979273,29,200
0.0005027652086475615,0.0,1.0,0.0,0.0,0.75,0,19880,10,10,0.0,0.0005027652086475615,0.9989949748743718,49.51072069979273,29,200
0.0026646556058320765,0.0,1.0,0.0,0.0,0.8,0,19837,53,10,0.0,0.0026646556058320765,0.9968341708542714,49.51072069979273,29,200
0.0026646556058320765,0.0,1.0,0.0,0.0,0.85,0,19837,53,10,0.0,0.0026646556058320765,0.9968341708542714,49.51072069979273,29,200
0.005329311211664153,0.0,1.0,0.0,0.0,0.9,0,19784,106,10,0.0,0.005329311211664153,0.9941708542713568,49.51072069979273,29,200
0.006686777275012569,0.0,1.0,0.0,0.0,0.95,0,19757,133,10,0.0,0.006686777275012569,0.9928140703517588,49.51072069979273,29,200
0.9983911513323278,1.0,0.999496678075297,0.0005033219247030401,1.0,1.0,10,32,19858,0,1.0,0.9983911513323278,0.0021105527638190956,49.51072069979273,29,200
0.0,0.0,0.0,,0.0,0.05,0,19890,0,10,0.0,0.0,0.9994974874371859,49.09125029994175,30,200
0.0,0.0,0.0,,0.0,0.1,0,19890,0,10,0.0,0.0,0.9994974874371859,49.09125029994175,30,200
0.0,0.0,0.0,,0.0,0.15,0,19890,0,10,0.0,0.0,0.9994974874371859,49.09125029994175,30,200
0.0,0.0,0.0,,0.0,0.2,0,19890,0,10,0.0,0.0,0.9994974874371859,49.09125029994175,30,200
0.0,0.0,0.0,,0.0,0.25,0,19890,0,10,0.0,0.0,0.9994974874371859,49.09125029994175,30,200
0.0,0.0,0.0,,0.0,0.3,0,19890,0,10,0.0,0.0,0.9994974874371859,49.09125029994175,30,200
0.0,0.0,0.0,,0.0,0.35,0,19890,0,10,0.0,0.0,0.9994974874371859,49.09125029994175,30,200
0.0,0.0,0.0,,0.0,0.4,0,19890,0,10,0.0,0.0,0.9994974874371859,49.09125029994175,30,200
0.0,0.0,0.0,,0.0,0.45,0,19890,0,10,0.0,0.0,0.9994974874371859,49.09125029994175,30,200
0.0,0.0,0.0,,0.0,0.5,0,19890,0,10,0.0,0.0,0.9994974874371859,49.09125029994175,30,200
0.0,0.0,0.0,,0.0,0.55,0,19890,0,10,0.0,0.0,0.9994974874371859,49.09125029994175,30,200
0.0,0.0,0.0,,0.0,0.6,0,19890,0,10,0.0,0.0,0.9994974874371859,49.09125029994175,30,200
0.0,0.0,0.0,,0.0,0.65,0,19890,0,10,0.0,0.0,0.9994974874371859,49.09125029994175,30,200
0.00025138260432378077,0.0,1.0,0.0,0.0,0.7,0,19885,5,10,0.0,0.00025138260432378077,0.9992462311557789,49.09125029994175,30,200
0.0006033182503770739,0.0,1.0,0.0,0.0,0.75,0,19878,12,10,0.0,0.0006033182503770739,0.9988944723618091,49.09125029994175,30,200
0.0006033182503770739,0.0,1.0,0.0,0.0,0.8,0,19878,12,10,0.0,0.0006033182503770739,0.9988944723618091,49.09125029994175,30,200
0.0007038712921065862,0.0,1.0,0.0,0.0,0.85,0,19876,14,10,0.0,0.0007038712921065862,0.9987939698492462,49.09125029994175,30,200
0.0009049773755656109,0.0,1.0,0.0,0.0,0.9,0,19872,18,10,0.0,0.0009049773755656109,0.9985929648241206,49.09125029994175,30,200
0.001005530417295123,0.0,1.0,0.0,0.0,0.95,0,19870,20,10,0.0,0.001005530417295123,0.9984924623115577,49.09125029994175,30,200
0.9985922574157868,1.0,0.9994967793880838,0.000503220611916264,1.0,1.0,10,28,19862,0,1.0,0.9985922574157868,0.0019095477386934674,49.09125029994175,30,200
0.0,0.0,0.0,,0.0,0.05,0,19890,0,10,0.0,0.0,0.9994974874371859,49.8077577999793,31,200
0.0,0.0,0.0,,0.0,0.1,0,19890,0,10,0.0,0.0,0.9994974874371859,49.8077577999793,31,200
0.0,0.0,0.0,,0.0,0.15,0,19890,0,10,0.0,0.0,0.9994974874371859,49.8077577999793,31,200
0.0,0.0,0.0,,0.0,0.2,0,19890,0,10,0.0,0.0,0.9994974874371859,49.8077577999793,31,200
0.0,0.0,0.0,,0.0,0.25,0,19890,0,10,0.0,0.0,0.9994974874371859,49.8077577999793,31,200
0.0,0.0,0.0,,0.0,0.3,0,19890,0,10,0.0,0.0,0.9994974874371859,49.8077577999793,31,200
0.00020110608345902463,0.0,1.0,0.0,0.0,0.35,0,19886,4,10,0.0,0.00020110608345902463,0.9992964824120603,49.8077577999793,31,200
0.00020110608345902463,0.0,1.0,0.0,0.0,0.4,0,19886,4,10,0.0,0.00020110608345902463,0.9992964824120603,49.8077577999793,31,200
0.00020110608345902463,0.0,1.0,0.0,0.0,0.45,0,19886,4,10,0.0,0.00020110608345902463,0.9992964824120603,49.8077577999793,31,200
0.00020110608345902463,0.0,1.0,0.0,0.0,0.5,0,19886,4,10,0.0,0.00020110608345902463,0.9992964824120603,49.8077577999793,31,200
0.00020110608345902463,0.0,1.0,0.0,0.0,0.55,0,19886,4,10,0.0,0.00020110608345902463,0.9992964824120603,49.8077577999793,31,200
0.00020110608345902463,0.0,1.0,0.0,0.0,0.6,0,19886,4,10,0.0,0.00020110608345902463,0.9992964824120603,49.8077577999793,31,200
0.00020110608345902463,0.0,1.0,0.0,0.0,0.65,0,19886,4,10,0.0,0.00020110608345902463,0.9992964824120603,49.8077577999793,31,200
0.00020110608345902463,0.0,1.0,0.0,0.0,0.7,0,19886,4,10,0.0,0.00020110608345902463,0.9992964824120603,49.8077577999793,31,200
0.00020110608345902463,0.0,1.0,0.0,0.0,0.75,0,19886,4,10,0.0,0.00020110608345902463,0.9992964824120603,49.8077577999793,31,200
0.00020110608345902463,0.0,1.0,0.0,0.0,0.8,0,19886,4,10,0.0,0.00020110608345902463,0.9992964824120603,49.8077577999793,31,200
0.0007038712921065862,0.0,1.0,0.0,0.0,0.85,0,19876,14,10,0.0,0.0007038712921065862,0.9987939698492462,49.8077577999793,31,200
0.001910507792860734,0.0,1.0,0.0,0.0,0.9,0,19852,38,10,0.0,0.001910507792860734,0.9975879396984925,49.8077577999793,31,200
0.025087983911513324,0.0,1.0,0.0,0.0,0.95,0,19391,499,10,0.0,0.025087983911513324,0.9744221105527638,49.8077577999793,31,200
0.9983911513323278,1.0,0.999496678075297,0.0005033219247030401,1.0,1.0,10,32,19858,0,1.0,0.9983911513323278,0.0021105527638190956,49.8077577999793,31,200
0.0,0.0,0.0,,0.0,0.05,0,19890,0,10,0.0,0.0,0.9994974874371859,49.5438933998812,32,200
0.0,0.0,0.0,,0.0,0.1,0,19890,0,10,0.0,0.0,0.9994974874371859,49.5438933998812,32,200
0.0,0.0,0.0,,0.0,0.15,0,19890,0,10,0.0,0.0,0.9994974874371859,49.5438933998812,32,200
0.0,0.0,0.0,,0.0,0.2,0,19890,0,10,0.0,0.0,0.9994974874371859,49.5438933998812,32,200
0.0,0.0,0.0,,0.0,0.25,0,19890,0,10,0.0,0.0,0.9994974874371859,49.5438933998812,32,200
0.0,0.0,0.0,,0.0,0.3,0,19890,0,10,0.0,0.0,0.9994974874371859,49.5438933998812,32,200
0.0,0.0,0.0,,0.0,0.35,0,19890,0,10,0.0,0.0,0.9994974874371859,49.5438933998812,32,200
0.00020110608345902463,0.0,1.0,0.0,0.0,0.4,0,19886,4,10,0.0,0.00020110608345902463,0.9992964824120603,49.5438933998812,32,200
0.00020110608345902463,0.0,1.0,0.0,0.0,0.45,0,19886,4,10,0.0,0.00020110608345902463,0.9992964824120603,49.5438933998812,32,200
0.00020110608345902463,0.0,1.0,0.0,0.0,0.5,0,19886,4,10,0.0,0.00020110608345902463,0.9992964824120603,49.5438933998812,32,200
0.00020110608345902463,0.0,1.0,0.0,0.0,0.55,0,19886,4,10,0.0,0.00020110608345902463,0.9992964824120603,49.5438933998812,32,200
0.00025138260432378077,0.0,1.0,0.0,0.0,0.6,0,19885,5,10,0.0,0.00025138260432378077,0.9992462311557789,49.5438933998812,32,200
0.0003519356460532931,0.0,1.0,0.0,0.0,0.65,0,19883,7,10,0.0,0.0003519356460532931,0.999145728643216,49.5438933998812,32,200
0.001005530417295123,0.0,1.0,0.0,0.0,0.7,0,19870,20,10,0.0,0.001005530417295123,0.9984924623115577,49.5438933998812,32,200
0.0011060834590246355,0.0,1.0,0.0,0.0,0.75,0,19868,22,10,0.0,0.0011060834590246355,0.998391959798995,49.5438933998812,32,200
0.0011060834590246355,0.0,1.0,0.0,0.0,0.8,0,19868,22,10,0.0,0.0011060834590246355,0.998391959798995,49.5438933998812,32,200
0.0011563599798893917,0.0,1.0,0.0,0.0,0.85,0,19867,23,10,0.0,0.0011563599798893917,0.9983417085427135,49.5438933998812,32,200
0.001256913021618904,0.0,1.0,0.0,0.0,0.9,0,19865,25,10,0.0,0.001256913021618904,0.9982412060301508,49.5438933998812,32,200
0.08536953242835596,0.3,0.9982363315696648,0.001763668430335097,0.3,0.95,3,18192,1698,7,0.3,0.08536953242835596,0.914321608040201,49.5438933998812,32,200
0.979989944695827,1.0,0.9994872320787611,0.0005127679212388473,1.0,1.0,10,398,19492,0,1.0,0.979989944695827,0.02050251256281407,49.5438933998812,32,200
0.00015082956259426848,0.0,1.0,0.0,0.0,0.05,0,19887,3,10,0.0,0.00015082956259426848,0.9993467336683417,48.656365800183266,33,200
0.00015082956259426848,0.0,1.0,0.0,0.0,0.1,0,19887,3,10,0.0,0.00015082956259426848,0.9993467336683417,48.656365800183266,33,200
0.00020110608345902463,0.0,1.0,0.0,0.0,0.15,0,19886,4,10,0.0,0.00020110608345902463,0.9992964824120603,48.656365800183266,33,200
0.00020110608345902463,0.0,1.0,0.0,0.0,0.2,0,19886,4,10,0.0,0.00020110608345902463,0.9992964824120603,48.656365800183266,33,200
0.00020110608345902463,0.0,1.0,0.0,0.0,0.25,0,19886,4,10,0.0,0.00020110608345902463,0.9992964824120603,48.656365800183266,33,200
0.00020110608345902463,0.0,1.0,0.0,0.0,0.3,0,19886,4,10,0.0,0.00020110608345902463,0.9992964824120603,48.656365800183266,33,200
0.00020110608345902463,0.0,1.0,0.0,0.0,0.35,0,19886,4,10,0.0,0.00020110608345902463,0.9992964824120603,48.656365800183266,33,200
0.0003519356460532931,0.0,1.0,0.0,0.0,0.4,0,19883,7,10,0.0,0.0003519356460532931,0.999145728643216,48.656365800183266,33,200
0.0003519356460532931,0.0,1.0,0.0,0.0,0.45,0,19883,7,10,0.0,0.0003519356460532931,0.999145728643216,48.656365800183266,33,200
0.00040221216691804925,0.0,1.0,0.0,0.0,0.5,0,19882,8,10,0.0,0.00040221216691804925,0.9990954773869347,48.656365800183266,33,200
0.00040221216691804925,0.0,1.0,0.0,0.0,0.55,0,19882,8,10,0.0,0.00040221216691804925,0.9990954773869347,48.656365800183266,33,200
0.00040221216691804925,0.0,1.0,0.0,0.0,0.6,0,19882,8,10,0.0,0.00040221216691804925,0.9990954773869347,48.656365800183266,33,200
0.00045248868778280545,0.0,1.0,0.0,0.0,0.65,0,19881,9,10,0.0,0.00045248868778280545,0.9990452261306533,48.656365800183266,33,200
0.0014580191050779286,0.0,1.0,0.0,0.0,0.7,0,19861,29,10,0.0,0.0014580191050779286,0.9980402010050251,48.656365800183266,33,200
0.0016591251885369532,0.0,1.0,0.0,0.0,0.75,0,19857,33,10,0.0,0.0016591251885369532,0.9978391959798995,48.656365800183266,33,200
0.0017596782302664656,0.0,1.0,0.0,0.0,0.8,0,19855,35,10,0.0,0.0017596782302664656,0.9977386934673367,48.656365800183266,33,200
0.0029160382101558573,0.0,1.0,0.0,0.0,0.85,0,19832,58,10,0.0,0.0029160382101558573,0.9965829145728643,48.656365800183266,33,200
0.0030668677727501256,0.0,1.0,0.0,0.0,0.9,0,19829,61,10,0.0,0.0030668677727501256,0.9964321608040201,48.656365800183266,33,200
0.012267471091000503,0.0,1.0,0.0,0.0,0.95,0,19646,244,10,0.0,0.012267471091000503,0.9872361809045226,48.656365800183266,33,200
0.983710407239819,1.0,0.9994891704127503,0.0005108295872496935,1.0,1.0,10,324,19566,0,1.0,0.983710407239819,0.01678391959798995,48.656365800183266,33,200
0.0,0.0,0.0,,0.0,0.05,0,19890,0,10,0.0,0.0,0.9994974874371859,49.42051129997708,34,200
0.0,0.0,0.0,,0.0,0.1,0,19890,0,10,0.0,0.0,0.9994974874371859,49.42051129997708,34,200
0.0,0.0,0.0,,0.0,0.15,0,19890,0,10,0.0,0.0,0.9994974874371859,49.42051129997708,34,200
0.0,0.0,0.0,,0.0,0.2,0,19890,0,10,0.0,0.0,0.9994974874371859,49.42051129997708,34,200
0.0,0.0,0.0,,0.0,0.25,0,19890,0,10,0.0,0.0,0.9994974874371859,49.42051129997708,34,200
0.0,0.0,0.0,,0.0,0.3,0,19890,0,10,0.0,0.0,0.9994974874371859,49.42051129997708,34,200
0.0,0.0,0.0,,0.0,0.35,0,19890,0,10,0.0,0.0,0.9994974874371859,49.42051129997708,34,200
0.0,0.0,0.0,,0.0,0.4,0,19890,0,10,0.0,0.0,0.9994974874371859,49.42051129997708,34,200
0.0,0.0,0.0,,0.0,0.45,0,19890,0,10,0.0,0.0,0.9994974874371859,49.42051129997708,34,200
5.0276520864756156e-05,0.0,1.0,0.0,0.0,0.5,0,19889,1,10,0.0,5.0276520864756156e-05,0.9994472361809045,49.42051129997708,34,200
5.0276520864756156e-05,0.0,1.0,0.0,0.0,0.55,0,19889,1,10,0.0,5.0276520864756156e-05,0.9994472361809045,49.42051129997708,34,200
5.0276520864756156e-05,0.0,1.0,0.0,0.0,0.6,0,19889,1,10,0.0,5.0276520864756156e-05,0.9994472361809045,49.42051129997708,34,200
5.0276520864756156e-05,0.0,1.0,0.0,0.0,0.65,0,19889,1,10,0.0,5.0276520864756156e-05,0.9994472361809045,49.42051129997708,34,200
5.0276520864756156e-05,0.0,1.0,0.0,0.0,0.7,0,19889,1,10,0.0,5.0276520864756156e-05,0.9994472361809045,49.42051129997708,34,200
5.0276520864756156e-05,0.0,1.0,0.0,0.0,0.75,0,19889,1,10,0.0,5.0276520864756156e-05,0.9994472361809045,49.42051129997708,34,200
5.0276520864756156e-05,0.0,1.0,0.0,0.0,0.8,0,19889,1,10,0.0,5.0276520864756156e-05,0.9994472361809045,49.42051129997708,34,200
5.0276520864756156e-05,0.0,1.0,0.0,0.0,0.85,0,19889,1,10,0.0,5.0276520864756156e-05,0.9994472361809045,49.42051129997708,34,200
0.003167420814479638,0.0,1.0,0.0,0.0,0.9,0,19827,63,10,0.0,0.003167420814479638,0.9963316582914573,49.42051129997708,34,200
0.0034690799396681748,0.0,1.0,0.0,0.0,0.95,0,19821,69,10,0.0,0.0034690799396681748,0.9960301507537689,49.42051129997708,34,200
0.9984414278531926,1.0,0.9994967034073179,0.0005032965926820676,1.0,1.0,10,31,19859,0,1.0,0.9984414278531926,0.0020603015075376886,49.42051129997708,34,200
0.0,0.0,0.0,,0.0,0.05,0,19890,0,10,0.0,0.0,0.9994974874371859,49.176579899853095,35,200
0.0,0.0,0.0,,0.0,0.1,0,19890,0,10,0.0,0.0,0.9994974874371859,49.176579899853095,35,200
0.0,0.0,0.0,,0.0,0.15,0,19890,0,10,0.0,0.0,0.9994974874371859,49.176579899853095,35,200
0.0,0.0,0.0,,0.0,0.2,0,19890,0,10,0.0,0.0,0.9994974874371859,49.176579899853095,35,200
0.0,0.0,0.0,,0.0,0.25,0,19890,0,10,0.0,0.0,0.9994974874371859,49.176579899853095,35,200
0.0,0.0,0.0,,0.0,0.3,0,19890,0,10,0.0,0.0,0.9994974874371859,49.176579899853095,35,200
5.0276520864756156e-05,0.0,1.0,0.0,0.0,0.35,0,19889,1,10,0.0,5.0276520864756156e-05,0.9994472361809045,49.176579899853095,35,200
5.0276520864756156e-05,0.0,1.0,0.0,0.0,0.4,0,19889,1,10,0.0,5.0276520864756156e-05,0.9994472361809045,49.176579899853095,35,200
5.0276520864756156e-05,0.0,1.0,0.0,0.0,0.45,0,19889,1,10,0.0,5.0276520864756156e-05,0.9994472361809045,49.176579899853095,35,200
5.0276520864756156e-05,0.0,1.0,0.0,0.0,0.5,0,19889,1,10,0.0,5.0276520864756156e-05,0.9994472361809045,49.176579899853095,35,200
5.0276520864756156e-05,0.0,1.0,0.0,0.0,0.55,0,19889,1,10,0.0,5.0276520864756156e-05,0.9994472361809045,49.176579899853095,35,200
0.00010055304172951231,0.0,1.0,0.0,0.0,0.6,0,19888,2,10,0.0,0.00010055304172951231,0.9993969849246231,49.176579899853095,35,200
0.00010055304172951231,0.0,1.0,0.0,0.0,0.65,0,19888,2,10,0.0,0.00010055304172951231,0.9993969849246231,49.176579899853095,35,200
0.00010055304172951231,0.0,1.0,0.0,0.0,0.7,0,19888,2,10,0.0,0.00010055304172951231,0.9993969849246231,49.176579899853095,35,200
0.00010055304172951231,0.0,1.0,0.0,0.0,0.75,0,19888,2,10,0.0,0.00010055304172951231,0.9993969849246231,49.176579899853095,35,200
0.00010055304172951231,0.0,1.0,0.0,0.0,0.8,0,19888,2,10,0.0,0.00010055304172951231,0.9993969849246231,49.176579899853095,35,200
0.00010055304172951231,0.0,1.0,0.0,0.0,0.85,0,19888,2,10,0.0,0.00010055304172951231,0.9993969849246231,49.176579899853095,35,200
0.0008547008547008547,0.0,1.0,0.0,0.0,0.9,0,19873,17,10,0.0,0.0008547008547008547,0.998643216080402,49.176579899853095,35,200
0.023328305681246858,0.0,1.0,0.0,0.0,0.95,0,19426,464,10,0.0,0.023328305681246858,0.9761809045226131,49.176579899853095,35,200
0.9963800904977376,1.0,0.9994956626992132,0.0005043373007867661,1.0,1.0,10,72,19818,0,1.0,0.9963800904977376,0.004120603015075377,49.176579899853095,35,200
0.0,0.0,0.0,,0.0,0.05,0,19890,0,10,0.0,0.0,0.9994974874371859,48.70611870009452,36,200
0.0,0.0,0.0,,0.0,0.1,0,19890,0,10,0.0,0.0,0.9994974874371859,48.70611870009452,36,200
0.0,0.0,0.0,,0.0,0.15,0,19890,0,10,0.0,0.0,0.9994974874371859,48.70611870009452,36,200
0.0,0.0,0.0,,0.0,0.2,0,19890,0,10,0.0,0.0,0.9994974874371859,48.70611870009452,36,200
0.0,0.0,0.0,,0.0,0.25,0,19890,0,10,0.0,0.0,0.9994974874371859,48.70611870009452,36,200
0.0,0.0,0.0,,0.0,0.3,0,19890,0,10,0.0,0.0,0.9994974874371859,48.70611870009452,36,200
0.0,0.0,0.0,,0.0,0.35,0,19890,0,10,0.0,0.0,0.9994974874371859,48.70611870009452,36,200
0.0,0.0,0.0,,0.0,0.4,0,19890,0,10,0.0,0.0,0.9994974874371859,48.70611870009452,36,200
0.0,0.0,0.0,,0.0,0.45,0,19890,0,10,0.0,0.0,0.9994974874371859,48.70611870009452,36,200
0.0,0.0,0.0,,0.0,0.5,0,19890,0,10,0.0,0.0,0.9994974874371859,48.70611870009452,36,200
0.0,0.0,0.0,,0.0,0.55,0,19890,0,10,0.0,0.0,0.9994974874371859,48.70611870009452,36,200
0.0,0.0,0.0,,0.0,0.6,0,19890,0,10,0.0,0.0,0.9994974874371859,48.70611870009452,36,200
0.00010055304172951231,0.0,1.0,0.0,0.0,0.65,0,19888,2,10,0.0,0.00010055304172951231,0.9993969849246231,48.70611870009452,36,200
0.00010055304172951231,0.0,1.0,0.0,0.0,0.7,0,19888,2,10,0.0,0.00010055304172951231,0.9993969849246231,48.70611870009452,36,200
0.00010055304172951231,0.0,1.0,0.0,0.0,0.75,0,19888,2,10,0.0,0.00010055304172951231,0.9993969849246231,48.70611870009452,36,200
0.00015082956259426848,0.0,1.0,0.0,0.0,0.8,0,19887,3,10,0.0,0.00015082956259426848,0.9993467336683417,48.70611870009452,36,200
0.0011563599798893917,0.0,1.0,0.0,0.0,0.85,0,19867,23,10,0.0,0.0011563599798893917,0.9983417085427135,48.70611870009452,36,200
0.0011563599798893917,0.0,1.0,0.0,0.0,0.9,0,19867,23,10,0.0,0.0011563599798893917,0.9983417085427135,48.70611870009452,36,200
0.005027652086475616,0.0,1.0,0.0,0.0,0.95,0,19790,100,10,0.0,0.005027652086475616,0.9944723618090452,48.70611870009452,36,200
0.998340874811463,1.0,0.9994966527407259,0.0005033472592741732,1.0,1.0,10,33,19857,0,1.0,0.998340874811463,0.0021608040201005025,48.70611870009452,36,200
0.0,0.0,0.0,,0.0,0.05,0,19890,0,10,0.0,0.0,0.9994974874371859,49.230568500002846,37,200
0.0,0.0,0.0,,0.0,0.1,0,19890,0,10,0.0,0.0,0.9994974874371859,49.230568500002846,37,200
0.0,0.0,0.0,,0.0,0.15,0,19890,0,10,0.0,0.0,0.9994974874371859,49.230568500002846,37,200
0.0,0.0,0.0,,0.0,0.2,0,19890,0,10,0.0,0.0,0.9994974874371859,49.230568500002846,37,200
0.0,0.0,0.0,,0.0,0.25,0,19890,0,10,0.0,0.0,0.9994974874371859,49.230568500002846,37,200
0.0,0.0,0.0,,0.0,0.3,0,19890,0,10,0.0,0.0,0.9994974874371859,49.230568500002846,37,200
0.00025138260432378077,0.0,1.0,0.0,0.0,0.35,0,19885,5,10,0.0,0.00025138260432378077,0.9992462311557789,49.230568500002846,37,200
0.00025138260432378077,0.0,1.0,0.0,0.0,0.4,0,19885,5,10,0.0,0.00025138260432378077,0.9992462311557789,49.230568500002846,37,200
0.00025138260432378077,0.0,1.0,0.0,0.0,0.45,0,19885,5,10,0.0,0.00025138260432378077,0.9992462311557789,49.230568500002846,37,200
0.00025138260432378077,0.0,1.0,0.0,0.0,0.5,0,19885,5,10,0.0,0.00025138260432378077,0.9992462311557789,49.230568500002846,37,200
0.00025138260432378077,0.0,1.0,0.0,0.0,0.55,0,19885,5,10,0.0,0.00025138260432378077,0.9992462311557789,49.230568500002846,37,200
0.0007038712921065862,0.0,1.0,0.0,0.0,0.6,0,19876,14,10,0.0,0.0007038712921065862,0.9987939698492462,49.230568500002846,37,200
0.0016591251885369532,0.0,1.0,0.0,0.0,0.65,0,19857,33,10,0.0,0.0016591251885369532,0.9978391959798995,49.230568500002846,37,200
0.0020613373554550026,0.1,0.9761904761904762,0.023809523809523808,0.1,0.7,1,19849,41,9,0.1,0.0020613373554550026,0.9974874371859297,49.230568500002846,37,200
0.002161890397184515,0.1,0.9772727272727273,0.022727272727272728,0.1,0.75,1,19847,43,9,0.1,0.002161890397184515,0.9973869346733668,49.230568500002846,37,200
0.004223227752639517,0.1,0.9882352941176471,0.011764705882352941,0.1,0.8,1,19806,84,9,0.1,0.004223227752639517,0.9953266331658291,49.230568500002846,37,200
0.00628456510809452,0.1,0.9920634920634921,0.007936507936507936,0.1,0.85,1,19765,125,9,0.1,0.00628456510809452,0.9932663316582915,49.230568500002846,37,200
0.013574660633484163,0.1,0.996309963099631,0.0036900369003690036,0.1,0.9,1,19620,270,9,0.1,0.013574660633484163,0.9859798994974874,49.230568500002846,37,200
0.03640020110608346,0.1,0.9986206896551724,0.001379310344827586,0.1,0.95,1,19166,724,9,0.1,0.03640020110608346,0.9631658291457287,49.230568500002846,37,200
0.9945701357466064,1.0,0.9994947453516573,0.0005052546483427648,1.0,1.0,10,108,19782,0,1.0,0.9945701357466064,0.00592964824120603,49.230568500002846,37,200
0.0,0.0,0.0,,0.0,0.05,0,19890,0,10,0.0,0.0,0.9994974874371859,48.0244525000453,38,200
0.0,0.0,0.0,,0.0,0.1,0,19890,0,10,0.0,0.0,0.9994974874371859,48.0244525000453,38,200
0.0,0.0,0.0,,0.0,0.15,0,19890,0,10,0.0,0.0,0.9994974874371859,48.0244525000453,38,200
0.0,0.0,0.0,,0.0,0.2,0,19890,0,10,0.0,0.0,0.9994974874371859,48.0244525000453,38,200
0.0,0.0,0.0,,0.0,0.25,0,19890,0,10,0.0,0.0,0.9994974874371859,48.0244525000453,38,200
0.0,0.0,0.0,,0.0,0.3,0,19890,0,10,0.0,0.0,0.9994974874371859,48.0244525000453,38,200
0.0,0.0,0.0,,0.0,0.35,0,19890,0,10,0.0,0.0,0.9994974874371859,48.0244525000453,38,200
0.0,0.0,0.0,,0.0,0.4,0,19890,0,10,0.0,0.0,0.9994974874371859,48.0244525000453,38,200
0.0,0.0,0.0,,0.0,0.45,0,19890,0,10,0.0,0.0,0.9994974874371859,48.0244525000453,38,200
0.0,0.0,0.0,,0.0,0.5,0,19890,0,10,0.0,0.0,0.9994974874371859,48.0244525000453,38,200
0.0,0.0,0.0,,0.0,0.55,0,19890,0,10,0.0,0.0,0.9994974874371859,48.0244525000453,38,200
0.0,0.0,0.0,,0.0,0.6,0,19890,0,10,0.0,0.0,0.9994974874371859,48.0244525000453,38,200
0.0,0.0,0.0,,0.0,0.65,0,19890,0,10,0.0,0.0,0.9994974874371859,48.0244525000453,38,200
0.0,0.0,0.0,,0.0,0.7,0,19890,0,10,0.0,0.0,0.9994974874371859,48.0244525000453,38,200
0.0,0.0,0.0,,0.0,0.75,0,19890,0,10,0.0,0.0,0.9994974874371859,48.0244525000453,38,200
0.0,0.0,0.0,,0.0,0.8,0,19890,0,10,0.0,0.0,0.9994974874371859,48.0244525000453,38,200
0.0,0.0,0.0,,0.0,0.85,0,19890,0,10,0.0,0.0,0.9994974874371859,48.0244525000453,38,200
0.0017596782302664656,0.1,0.9722222222222222,0.027777777777777776,0.1,0.9,1,19855,35,9,0.1,0.0017596782302664656,0.9977889447236181,48.0244525000453,38,200
0.05299145299145299,0.3,0.9971617786187322,0.002838221381267739,0.3,0.95,3,18836,1054,7,0.3,0.05299145299145299,0.9466834170854271,48.0244525000453,38,200
0.9982905982905983,1.0,0.9994966274036041,0.0005033725963958522,1.0,1.0,10,34,19856,0,1.0,0.9982905982905983,0.0022110552763819095,48.0244525000453,38,200
0.0,0.1,0.0,1.0,0.1,0.05,1,19890,0,9,0.1,0.0,0.9995477386934674,49.24936980009079,39,200
0.0,0.2,0.0,1.0,0.2,0.1,2,19890,0,8,0.2,0.0,0.9995979899497487,49.24936980009079,39,200
0.0,0.2,0.0,1.0,0.2,0.15,2,19890,0,8,0.2,0.0,0.9995979899497487,49.24936980009079,39,200
0.0,0.2,0.0,1.0,0.2,0.2,2,19890,0,8,0.2,0.0,0.9995979899497487,49.24936980009079,39,200
0.0,0.2,0.0,1.0,0.2,0.25,2,19890,0,8,0.2,0.0,0.9995979899497487,49.24936980009079,39,200
0.0,0.2,0.0,1.0,0.2,0.3,2,19890,0,8,0.2,0.0,0.9995979899497487,49.24936980009079,39,200
0.0,0.2,0.0,1.0,0.2,0.35,2,19890,0,8,0.2,0.0,0.9995979899497487,49.24936980009079,39,200
0.0,0.2,0.0,1.0,0.2,0.4,2,19890,0,8,0.2,0.0,0.9995979899497487,49.24936980009079,39,200
0.0,0.2,0.0,1.0,0.2,0.45,2,19890,0,8,0.2,0.0,0.9995979899497487,49.24936980009079,39,200
0.0,0.2,0.0,1.0,0.2,0.5,2,19890,0,8,0.2,0.0,0.9995979899497487,49.24936980009079,39,200
0.0,0.2,0.0,1.0,0.2,0.55,2,19890,0,8,0.2,0.0,0.9995979899497487,49.24936980009079,39,200
0.0,0.2,0.0,1.0,0.2,0.6,2,19890,0,8,0.2,0.0,0.9995979899497487,49.24936980009079,39,200
0.0,0.2,0.0,1.0,0.2,0.65,2,19890,0,8,0.2,0.0,0.9995979899497487,49.24936980009079,39,200
0.0,0.2,0.0,1.0,0.2,0.7,2,19890,0,8,0.2,0.0,0.9995979899497487,49.24936980009079,39,200
0.00015082956259426848,0.2,0.6,0.4,0.2,0.75,2,19887,3,8,0.2,0.00015082956259426848,0.9994472361809045,49.24936980009079,39,200
0.00015082956259426848,0.2,0.6,0.4,0.2,0.8,2,19887,3,8,0.2,0.00015082956259426848,0.9994472361809045,49.24936980009079,39,200
0.0016591251885369532,0.2,0.9428571428571428,0.05714285714285714,0.2,0.85,2,19857,33,8,0.2,0.0016591251885369532,0.9979396984924623,49.24936980009079,39,200
0.0032679738562091504,0.2,0.9701492537313433,0.029850746268656716,0.2,0.9,2,19825,65,8,0.2,0.0032679738562091504,0.9963316582914573,49.24936980009079,39,200
0.0036199095022624436,0.2,0.972972972972973,0.02702702702702703,0.2,0.95,2,19818,72,8,0.2,0.0036199095022624436,0.9959798994974874,49.24936980009079,39,200
0.9985922574157868,1.0,0.9994967793880838,0.000503220611916264,1.0,1.0,10,28,19862,0,1.0,0.9985922574157868,0.0019095477386934674,49.24936980009079,39,200
0.0,0.0,0.0,,0.0,0.05,0,19890,0,10,0.0,0.0,0.9994974874371859,47.44828230002895,40,200
0.0,0.0,0.0,,0.0,0.1,0,19890,0,10,0.0,0.0,0.9994974874371859,47.44828230002895,40,200
0.0,0.0,0.0,,0.0,0.15,0,19890,0,10,0.0,0.0,0.9994974874371859,47.44828230002895,40,200
0.0,0.0,0.0,,0.0,0.2,0,19890,0,10,0.0,0.0,0.9994974874371859,47.44828230002895,40,200
0.0,0.0,0.0,,0.0,0.25,0,19890,0,10,0.0,0.0,0.9994974874371859,47.44828230002895,40,200
0.0,0.0,0.0,,0.0,0.3,0,19890,0,10,0.0,0.0,0.9994974874371859,47.44828230002895,40,200
0.0,0.0,0.0,,0.0,0.35,0,19890,0,10,0.0,0.0,0.9994974874371859,47.44828230002895,40,200
0.0,0.0,0.0,,0.0,0.4,0,19890,0,10,0.0,0.0,0.9994974874371859,47.44828230002895,40,200
0.0,0.0,0.0,,0.0,0.45,0,19890,0,10,0.0,0.0,0.9994974874371859,47.44828230002895,40,200
0.0,0.0,0.0,,0.0,0.5,0,19890,0,10,0.0,0.0,0.9994974874371859,47.44828230002895,40,200
0.0,0.0,0.0,,0.0,0.55,0,19890,0,10,0.0,0.0,0.9994974874371859,47.44828230002895,40,200
0.00030165912518853697,0.1,0.8571428571428571,0.14285714285714285,0.1,0.6,1,19884,6,9,0.1,0.00030165912518853697,0.9992462311557789,47.44828230002895,40,200
0.00030165912518853697,0.1,0.8571428571428571,0.14285714285714285,0.1,0.65,1,19884,6,9,0.1,0.00030165912518853697,0.9992462311557789,47.44828230002895,40,200
0.0003519356460532931,0.1,0.875,0.125,0.1,0.7,1,19883,7,9,0.1,0.0003519356460532931,0.9991959798994975,47.44828230002895,40,200
0.0003519356460532931,0.1,0.875,0.125,0.1,0.75,1,19883,7,9,0.1,0.0003519356460532931,0.9991959798994975,47.44828230002895,40,200
0.00045248868778280545,0.1,0.9,0.1,0.1,0.8,1,19881,9,9,0.1,0.00045248868778280545,0.9990954773869347,47.44828230002895,40,200
0.0005530417295123177,0.1,0.9166666666666666,0.08333333333333333,0.1,0.85,1,19879,11,9,0.1,0.0005530417295123177,0.9989949748743718,47.44828230002895,40,200
0.0005530417295123177,0.1,0.9166666666666666,0.08333333333333333,0.1,0.9,1,19879,11,9,0.1,0.0005530417295123177,0.9989949748743718,47.44828230002895,40,200
0.004927099044746103,0.1,0.98989898989899,0.010101010101010102,0.1,0.95,1,19792,98,9,0.1,0.004927099044746103,0.9946231155778894,47.44828230002895,40,200
0.9981900452488688,1.0,0.9994965767217077,0.0005034232782923883,1.0,1.0,10,36,19854,0,1.0,0.9981900452488688,0.0023115577889447235,47.44828230002895,40,200
0.0,0.0,0.0,,0.0,0.05,0,19890,0,10,0.0,0.0,0.9994974874371859,49.282894800184295,41,200
0.0,0.0,0.0,,0.0,0.1,0,19890,0,10,0.0,0.0,0.9994974874371859,49.282894800184295,41,200
5.0276520864756156e-05,0.0,1.0,0.0,0.0,0.15,0,19889,1,10,0.0,5.0276520864756156e-05,0.9994472361809045,49.282894800184295,41,200
0.00020110608345902463,0.0,1.0,0.0,0.0,0.2,0,19886,4,10,0.0,0.00020110608345902463,0.9992964824120603,49.282894800184295,41,200
0.00025138260432378077,0.0,1.0,0.0,0.0,0.25,0,19885,5,10,0.0,0.00025138260432378077,0.9992462311557789,49.282894800184295,41,200
0.00030165912518853697,0.0,1.0,0.0,0.0,0.3,0,19884,6,10,0.0,0.00030165912518853697,0.9991959798994975,49.282894800184295,41,200
0.0005027652086475615,0.0,1.0,0.0,0.0,0.35,0,19880,10,10,0.0,0.0005027652086475615,0.9989949748743718,49.282894800184295,41,200
0.0005027652086475615,0.0,1.0,0.0,0.0,0.4,0,19880,10,10,0.0,0.0005027652086475615,0.9989949748743718,49.282894800184295,41,200
0.0005530417295123177,0.0,1.0,0.0,0.0,0.45,0,19879,11,10,0.0,0.0005530417295123177,0.9989447236180905,49.282894800184295,41,200
0.0005530417295123177,0.0,1.0,0.0,0.0,0.5,0,19879,11,10,0.0,0.0005530417295123177,0.9989447236180905,49.282894800184295,41,200
0.0006033182503770739,0.0,1.0,0.0,0.0,0.55,0,19878,12,10,0.0,0.0006033182503770739,0.9988944723618091,49.282894800184295,41,200
0.0006033182503770739,0.0,1.0,0.0,0.0,0.6,0,19878,12,10,0.0,0.0006033182503770739,0.9988944723618091,49.282894800184295,41,200
0.0006033182503770739,0.0,1.0,0.0,0.0,0.65,0,19878,12,10,0.0,0.0006033182503770739,0.9988944723618091,49.282894800184295,41,200
0.00065359477124183,0.0,1.0,0.0,0.0,0.7,0,19877,13,10,0.0,0.00065359477124183,0.9988442211055276,49.282894800184295,41,200
0.00065359477124183,0.0,1.0,0.0,0.0,0.75,0,19877,13,10,0.0,0.00065359477124183,0.9988442211055276,49.282894800184295,41,200
0.0007038712921065862,0.0,1.0,0.0,0.0,0.8,0,19876,14,10,0.0,0.0007038712921065862,0.9987939698492462,49.282894800184295,41,200
0.0007038712921065862,0.0,1.0,0.0,0.0,0.85,0,19876,14,10,0.0,0.0007038712921065862,0.9987939698492462,49.282894800184295,41,200
0.000955253896430367,0.0,1.0,0.0,0.0,0.9,0,19871,19,10,0.0,0.000955253896430367,0.9985427135678392,49.282894800184295,41,200
0.004122674710910005,0.0,1.0,0.0,0.0,0.95,0,19808,82,10,0.0,0.004122674710910005,0.9953768844221106,49.282894800184295,41,200
0.943288084464555,1.0,0.999467291711059,0.000532708288940976,1.0,1.0,10,1128,18762,0,1.0,0.943288084464555,0.05718592964824121,49.282894800184295,41,200
0.0,0.0,0.0,,0.0,0.05,0,19890,0,10,0.0,0.0,0.9994974874371859,48.46174259996042,42,200
0.0,0.0,0.0,,0.0,0.1,0,19890,0,10,0.0,0.0,0.9994974874371859,48.46174259996042,42,200
0.0,0.0,0.0,,0.0,0.15,0,19890,0,10,0.0,0.0,0.9994974874371859,48.46174259996042,42,200
0.0,0.0,0.0,,0.0,0.2,0,19890,0,10,0.0,0.0,0.9994974874371859,48.46174259996042,42,200
0.00010055304172951231,0.0,1.0,0.0,0.0,0.25,0,19888,2,10,0.0,0.00010055304172951231,0.9993969849246231,48.46174259996042,42,200
0.00015082956259426848,0.0,1.0,0.0,0.0,0.3,0,19887,3,10,0.0,0.00015082956259426848,0.9993467336683417,48.46174259996042,42,200
0.00015082956259426848,0.0,1.0,0.0,0.0,0.35,0,19887,3,10,0.0,0.00015082956259426848,0.9993467336683417,48.46174259996042,42,200
0.00015082956259426848,0.0,1.0,0.0,0.0,0.4,0,19887,3,10,0.0,0.00015082956259426848,0.9993467336683417,48.46174259996042,42,200
0.00015082956259426848,0.0,1.0,0.0,0.0,0.45,0,19887,3,10,0.0,0.00015082956259426848,0.9993467336683417,48.46174259996042,42,200
0.00040221216691804925,0.0,1.0,0.0,0.0,0.5,0,19882,8,10,0.0,0.00040221216691804925,0.9990954773869347,48.46174259996042,42,200
0.00045248868778280545,0.0,1.0,0.0,0.0,0.55,0,19881,9,10,0.0,0.00045248868778280545,0.9990452261306533,48.46174259996042,42,200
0.0007038712921065862,0.0,1.0,0.0,0.0,0.6,0,19876,14,10,0.0,0.0007038712921065862,0.9987939698492462,48.46174259996042,42,200
0.0007038712921065862,0.0,1.0,0.0,0.0,0.65,0,19876,14,10,0.0,0.0007038712921065862,0.9987939698492462,48.46174259996042,42,200
0.0007541478129713424,0.0,1.0,0.0,0.0,0.7,0,19875,15,10,0.0,0.0007541478129713424,0.9987437185929648,48.46174259996042,42,200
0.0012066365007541479,0.0,1.0,0.0,0.0,0.75,0,19866,24,10,0.0,0.0012066365007541479,0.9982914572864322,48.46174259996042,42,200
0.0013574660633484162,0.0,1.0,0.0,0.0,0.8,0,19863,27,10,0.0,0.0013574660633484162,0.998140703517588,48.46174259996042,42,200
0.001910507792860734,0.0,1.0,0.0,0.0,0.85,0,19852,38,10,0.0,0.001910507792860734,0.9975879396984925,48.46174259996042,42,200
0.0023629964806435393,0.0,1.0,0.0,0.0,0.9,0,19843,47,10,0.0,0.0023629964806435393,0.9971356783919598,48.46174259996042,42,200
0.013474107591754651,0.0,1.0,0.0,0.0,0.95,0,19622,268,10,0.0,0.013474107591754651,0.9860301507537689,48.46174259996042,42,200
0.023579688285570638,0.0,1.0,0.0,0.0,1.0,0,19421,469,10,0.0,0.023579688285570638,0.975929648241206,48.46174259996042,42,200
0.0,0.0,0.0,,0.0,0.05,0,19890,0,10,0.0,0.0,0.9994974874371859,49.48636580002494,43,200
0.0,0.0,0.0,,0.0,0.1,0,19890,0,10,0.0,0.0,0.9994974874371859,49.48636580002494,43,200
0.0,0.0,0.0,,0.0,0.15,0,19890,0,10,0.0,0.0,0.9994974874371859,49.48636580002494,43,200
0.0,0.0,0.0,,0.0,0.2,0,19890,0,10,0.0,0.0,0.9994974874371859,49.48636580002494,43,200
0.0,0.0,0.0,,0.0,0.25,0,19890,0,10,0.0,0.0,0.9994974874371859,49.48636580002494,43,200
0.0,0.0,0.0,,0.0,0.3,0,19890,0,10,0.0,0.0,0.9994974874371859,49.48636580002494,43,200
0.0,0.0,0.0,,0.0,0.35,0,19890,0,10,0.0,0.0,0.9994974874371859,49.48636580002494,43,200
0.0,0.0,0.0,,0.0,0.4,0,19890,0,10,0.0,0.0,0.9994974874371859,49.48636580002494,43,200
0.0,0.0,0.0,,0.0,0.45,0,19890,0,10,0.0,0.0,0.9994974874371859,49.48636580002494,43,200
5.0276520864756156e-05,0.0,1.0,0.0,0.0,0.5,0,19889,1,10,0.0,5.0276520864756156e-05,0.9994472361809045,49.48636580002494,43,200
5.0276520864756156e-05,0.0,1.0,0.0,0.0,0.55,0,19889,1,10,0.0,5.0276520864756156e-05,0.9994472361809045,49.48636580002494,43,200
5.0276520864756156e-05,0.0,1.0,0.0,0.0,0.6,0,19889,1,10,0.0,5.0276520864756156e-05,0.9994472361809045,49.48636580002494,43,200
5.0276520864756156e-05,0.0,1.0,0.0,0.0,0.65,0,19889,1,10,0.0,5.0276520864756156e-05,0.9994472361809045,49.48636580002494,43,200
0.00040221216691804925,0.0,1.0,0.0,0.0,0.7,0,19882,8,10,0.0,0.00040221216691804925,0.9990954773869347,49.48636580002494,43,200
0.00040221216691804925,0.0,1.0,0.0,0.0,0.75,0,19882,8,10,0.0,0.00040221216691804925,0.9990954773869347,49.48636580002494,43,200
0.00040221216691804925,0.0,1.0,0.0,0.0,0.8,0,19882,8,10,0.0,0.00040221216691804925,0.9990954773869347,49.48636580002494,43,200
0.0005530417295123177,0.0,1.0,0.0,0.0,0.85,0,19879,11,10,0.0,0.0005530417295123177,0.9989447236180905,49.48636580002494,43,200
0.015434891905480141,0.3,0.9903225806451613,0.00967741935483871,0.3,0.9,3,19583,307,7,0.3,0.015434891905480141,0.9842211055276382,49.48636580002494,43,200
0.07611865258924082,0.7,0.9953977646285339,0.0046022353714661405,0.7,0.95,7,18376,1514,3,0.7,0.07611865258924082,0.9237688442211055,49.48636580002494,43,200
0.9987430869783811,1.0,0.9994968553459119,0.0005031446540880503,1.0,1.0,10,25,19865,0,1.0,0.9987430869783811,0.0017587939698492463,49.48636580002494,43,200
0.0,0.0,0.0,,0.0,0.05,0,19890,0,10,0.0,0.0,0.9994974874371859,49.383929200004786,44,200
0.0,0.0,0.0,,0.0,0.1,0,19890,0,10,0.0,0.0,0.9994974874371859,49.383929200004786,44,200
0.0,0.0,0.0,,0.0,0.15,0,19890,0,10,0.0,0.0,0.9994974874371859,49.383929200004786,44,200
0.0,0.0,0.0,,0.0,0.2,0,19890,0,10,0.0,0.0,0.9994974874371859,49.383929200004786,44,200
0.0,0.0,0.0,,0.0,0.25,0,19890,0,10,0.0,0.0,0.9994974874371859,49.383929200004786,44,200
0.0,0.0,0.0,,0.0,0.3,0,19890,0,10,0.0,0.0,0.9994974874371859,49.383929200004786,44,200
0.0,0.0,0.0,,0.0,0.35,0,19890,0,10,0.0,0.0,0.9994974874371859,49.383929200004786,44,200
0.0,0.0,0.0,,0.0,0.4,0,19890,0,10,0.0,0.0,0.9994974874371859,49.383929200004786,44,200
0.0,0.0,0.0,,0.0,0.45,0,19890,0,10,0.0,0.0,0.9994974874371859,49.383929200004786,44,200
0.0,0.0,0.0,,0.0,0.5,0,19890,0,10,0.0,0.0,0.9994974874371859,49.383929200004786,44,200
0.0,0.0,0.0,,0.0,0.55,0,19890,0,10,0.0,0.0,0.9994974874371859,49.383929200004786,44,200
0.0,0.0,0.0,,0.0,0.6,0,19890,0,10,0.0,0.0,0.9994974874371859,49.383929200004786,44,200
0.00010055304172951231,0.0,1.0,0.0,0.0,0.65,0,19888,2,10,0.0,0.00010055304172951231,0.9993969849246231,49.383929200004786,44,200
0.00010055304172951231,0.0,1.0,0.0,0.0,0.7,0,19888,2,10,0.0,0.00010055304172951231,0.9993969849246231,49.383929200004786,44,200
0.00010055304172951231,0.0,1.0,0.0,0.0,0.75,0,19888,2,10,0.0,0.00010055304172951231,0.9993969849246231,49.383929200004786,44,200
0.00010055304172951231,0.0,1.0,0.0,0.0,0.8,0,19888,2,10,0.0,0.00010055304172951231,0.9993969849246231,49.383929200004786,44,200
0.00010055304172951231,0.0,1.0,0.0,0.0,0.85,0,19888,2,10,0.0,0.00010055304172951231,0.9993969849246231,49.383929200004786,44,200
0.0023127199597787833,0.1,0.9787234042553191,0.02127659574468085,0.1,0.9,1,19844,46,9,0.1,0.0023127199597787833,0.9972361809045226,49.383929200004786,44,200
0.003117144293614882,0.1,0.9841269841269841,0.015873015873015872,0.1,0.95,1,19828,62,9,0.1,0.003117144293614882,0.9964321608040201,49.383929200004786,44,200
0.9596279537456008,1.0,0.9994763575430696,0.000523642456930408,1.0,1.0,10,803,19087,0,1.0,0.9596279537456008,0.04085427135678392,49.383929200004786,44,200
0.0,0.0,0.0,,0.0,0.05,0,19890,0,10,0.0,0.0,0.9994974874371859,49.1061805000063,45,200
0.0,0.0,0.0,,0.0,0.1,0,19890,0,10,0.0,0.0,0.9994974874371859,49.1061805000063,45,200
0.00010055304172951231,0.0,1.0,0.0,0.0,0.15,0,19888,2,10,0.0,0.00010055304172951231,0.9993969849246231,49.1061805000063,45,200
0.00010055304172951231,0.0,1.0,0.0,0.0,0.2,0,19888,2,10,0.0,0.00010055304172951231,0.9993969849246231,49.1061805000063,45,200
0.00010055304172951231,0.0,1.0,0.0,0.0,0.25,0,19888,2,10,0.0,0.00010055304172951231,0.9993969849246231,49.1061805000063,45,200
0.00010055304172951231,0.0,1.0,0.0,0.0,0.3,0,19888,2,10,0.0,0.00010055304172951231,0.9993969849246231,49.1061805000063,45,200
0.00010055304172951231,0.0,1.0,0.0,0.0,0.35,0,19888,2,10,0.0,0.00010055304172951231,0.9993969849246231,49.1061805000063,45,200
0.00010055304172951231,0.0,1.0,0.0,0.0,0.4,0,19888,2,10,0.0,0.00010055304172951231,0.9993969849246231,49.1061805000063,45,200
0.00010055304172951231,0.0,1.0,0.0,0.0,0.45,0,19888,2,10,0.0,0.00010055304172951231,0.9993969849246231,49.1061805000063,45,200
0.00010055304172951231,0.0,1.0,0.0,0.0,0.5,0,19888,2,10,0.0,0.00010055304172951231,0.9993969849246231,49.1061805000063,45,200
0.00010055304172951231,0.0,1.0,0.0,0.0,0.55,0,19888,2,10,0.0,0.00010055304172951231,0.9993969849246231,49.1061805000063,45,200
0.00010055304172951231,0.0,1.0,0.0,0.0,0.6,0,19888,2,10,0.0,0.00010055304172951231,0.9993969849246231,49.1061805000063,45,200
0.00015082956259426848,0.0,1.0,0.0,0.0,0.65,0,19887,3,10,0.0,0.00015082956259426848,0.9993467336683417,49.1061805000063,45,200
0.00015082956259426848,0.0,1.0,0.0,0.0,0.7,0,19887,3,10,0.0,0.00015082956259426848,0.9993467336683417,49.1061805000063,45,200
0.0007541478129713424,0.0,1.0,0.0,0.0,0.75,0,19875,15,10,0.0,0.0007541478129713424,0.9987437185929648,49.1061805000063,45,200
0.0008044243338360985,0.0,1.0,0.0,0.0,0.8,0,19874,16,10,0.0,0.0008044243338360985,0.9986934673366834,49.1061805000063,45,200
0.006737053795877326,0.0,1.0,0.0,0.0,0.85,0,19756,134,10,0.0,0.006737053795877326,0.9927638190954774,49.1061805000063,45,200
0.008094519859225742,0.2,0.9877300613496932,0.012269938650306749,0.2,0.9,2,19729,161,8,0.2,0.008094519859225742,0.9915075376884422,49.1061805000063,45,200
0.024032176973353445,0.4,0.991701244813278,0.008298755186721992,0.4,0.95,4,19412,478,6,0.4,0.024032176973353445,0.975678391959799,49.1061805000063,45,200
0.998340874811463,1.0,0.9994966527407259,0.0005033472592741732,1.0,1.0,10,33,19857,0,1.0,0.998340874811463,0.0021608040201005025,49.1061805000063,45,200
5.0276520864756156e-05,0.0,1.0,0.0,0.0,0.05,0,19889,1,10,0.0,5.0276520864756156e-05,0.9994472361809045,48.83086250000633,46,200
0.00010055304172951231,0.0,1.0,0.0,0.0,0.1,0,19888,2,10,0.0,0.00010055304172951231,0.9993969849246231,48.83086250000633,46,200
0.00020110608345902463,0.0,1.0,0.0,0.0,0.15,0,19886,4,10,0.0,0.00020110608345902463,0.9992964824120603,48.83086250000633,46,200
0.00020110608345902463,0.0,1.0,0.0,0.0,0.2,0,19886,4,10,0.0,0.00020110608345902463,0.9992964824120603,48.83086250000633,46,200
0.00020110608345902463,0.0,1.0,0.0,0.0,0.25,0,19886,4,10,0.0,0.00020110608345902463,0.9992964824120603,48.83086250000633,46,200
0.00025138260432378077,0.0,1.0,0.0,0.0,0.3,0,19885,5,10,0.0,0.00025138260432378077,0.9992462311557789,48.83086250000633,46,200
0.00025138260432378077,0.0,1.0,0.0,0.0,0.35,0,19885,5,10,0.0,0.00025138260432378077,0.9992462311557789,48.83086250000633,46,200
0.0003519356460532931,0.0,1.0,0.0,0.0,0.4,0,19883,7,10,0.0,0.0003519356460532931,0.999145728643216,48.83086250000633,46,200
0.0003519356460532931,0.0,1.0,0.0,0.0,0.45,0,19883,7,10,0.0,0.0003519356460532931,0.999145728643216,48.83086250000633,46,200
0.0003519356460532931,0.0,1.0,0.0,0.0,0.5,0,19883,7,10,0.0,0.0003519356460532931,0.999145728643216,48.83086250000633,46,200
0.0003519356460532931,0.0,1.0,0.0,0.0,0.55,0,19883,7,10,0.0,0.0003519356460532931,0.999145728643216,48.83086250000633,46,200
0.0003519356460532931,0.0,1.0,0.0,0.0,0.6,0,19883,7,10,0.0,0.0003519356460532931,0.999145728643216,48.83086250000633,46,200
0.0003519356460532931,0.0,1.0,0.0,0.0,0.65,0,19883,7,10,0.0,0.0003519356460532931,0.999145728643216,48.83086250000633,46,200
0.000955253896430367,0.0,1.0,0.0,0.0,0.7,0,19871,19,10,0.0,0.000955253896430367,0.9985427135678392,48.83086250000633,46,200
0.0011563599798893917,0.0,1.0,0.0,0.0,0.75,0,19867,23,10,0.0,0.0011563599798893917,0.9983417085427135,48.83086250000633,46,200
0.003519356460532931,0.0,1.0,0.0,0.0,0.8,0,19820,70,10,0.0,0.003519356460532931,0.9959798994974874,48.83086250000633,46,200
0.003770739064856712,0.0,1.0,0.0,0.0,0.85,0,19815,75,10,0.0,0.003770739064856712,0.9957286432160805,48.83086250000633,46,200
0.01060834590246355,0.2,0.9906103286384976,0.009389671361502348,0.2,0.9,2,19679,211,8,0.2,0.01060834590246355,0.9889949748743718,48.83086250000633,46,200
0.01608848667672197,0.2,0.9937888198757764,0.006211180124223602,0.2,0.95,2,19570,320,8,0.2,0.01608848667672197,0.9835175879396985,48.83086250000633,46,200
0.9987430869783811,1.0,0.9994968553459119,0.0005031446540880503,1.0,1.0,10,25,19865,0,1.0,0.9987430869783811,0.0017587939698492463,48.83086250000633,46,200
0.0,0.0,0.0,,0.0,0.05,0,19890,0,10,0.0,0.0,0.9994974874371859,49.16688279993832,47,200
0.0,0.0,0.0,,0.0,0.1,0,19890,0,10,0.0,0.0,0.9994974874371859,49.16688279993832,47,200
0.0,0.0,0.0,,0.0,0.15,0,19890,0,10,0.0,0.0,0.9994974874371859,49.16688279993832,47,200
0.0,0.0,0.0,,0.0,0.2,0,19890,0,10,0.0,0.0,0.9994974874371859,49.16688279993832,47,200
0.0,0.0,0.0,,0.0,0.25,0,19890,0,10,0.0,0.0,0.9994974874371859,49.16688279993832,47,200
0.0,0.0,0.0,,0.0,0.3,0,19890,0,10,0.0,0.0,0.9994974874371859,49.16688279993832,47,200
0.0,0.0,0.0,,0.0,0.35,0,19890,0,10,0.0,0.0,0.9994974874371859,49.16688279993832,47,200
0.0,0.0,0.0,,0.0,0.4,0,19890,0,10,0.0,0.0,0.9994974874371859,49.16688279993832,47,200
0.0,0.0,0.0,,0.0,0.45,0,19890,0,10,0.0,0.0,0.9994974874371859,49.16688279993832,47,200
0.0,0.0,0.0,,0.0,0.5,0,19890,0,10,0.0,0.0,0.9994974874371859,49.16688279993832,47,200
0.0,0.0,0.0,,0.0,0.55,0,19890,0,10,0.0,0.0,0.9994974874371859,49.16688279993832,47,200
0.0,0.0,0.0,,0.0,0.6,0,19890,0,10,0.0,0.0,0.9994974874371859,49.16688279993832,47,200
0.0,0.0,0.0,,0.0,0.65,0,19890,0,10,0.0,0.0,0.9994974874371859,49.16688279993832,47,200
0.0,0.0,0.0,,0.0,0.7,0,19890,0,10,0.0,0.0,0.9994974874371859,49.16688279993832,47,200
0.0,0.0,0.0,,0.0,0.75,0,19890,0,10,0.0,0.0,0.9994974874371859,49.16688279993832,47,200
0.0,0.0,0.0,,0.0,0.8,0,19890,0,10,0.0,0.0,0.9994974874371859,49.16688279993832,47,200
0.0008044243338360985,0.0,1.0,0.0,0.0,0.85,0,19874,16,10,0.0,0.0008044243338360985,0.9986934673366834,49.16688279993832,47,200
0.0008044243338360985,0.0,1.0,0.0,0.0,0.9,0,19874,16,10,0.0,0.0008044243338360985,0.9986934673366834,49.16688279993832,47,200
0.001005530417295123,0.0,1.0,0.0,0.0,0.95,0,19870,20,10,0.0,0.001005530417295123,0.9984924623115577,49.16688279993832,47,200
0.9984917043740573,1.0,0.9994967287367891,0.0005032712632108706,1.0,1.0,10,30,19860,0,1.0,0.9984917043740573,0.0020100502512562816,49.16688279993832,47,200
0.0,0.0,0.0,,0.0,0.05,0,19890,0,10,0.0,0.0,0.9994974874371859,49.04937339993194,48,200
0.0,0.0,0.0,,0.0,0.1,0,19890,0,10,0.0,0.0,0.9994974874371859,49.04937339993194,48,200
0.0,0.0,0.0,,0.0,0.15,0,19890,0,10,0.0,0.0,0.9994974874371859,49.04937339993194,48,200
0.0,0.0,0.0,,0.0,0.2,0,19890,0,10,0.0,0.0,0.9994974874371859,49.04937339993194,48,200
0.0,0.0,0.0,,0.0,0.25,0,19890,0,10,0.0,0.0,0.9994974874371859,49.04937339993194,48,200
0.0,0.0,0.0,,0.0,0.3,0,19890,0,10,0.0,0.0,0.9994974874371859,49.04937339993194,48,200
0.0,0.0,0.0,,0.0,0.35,0,19890,0,10,0.0,0.0,0.9994974874371859,49.04937339993194,48,200
0.0,0.0,0.0,,0.0,0.4,0,19890,0,10,0.0,0.0,0.9994974874371859,49.04937339993194,48,200
0.0,0.0,0.0,,0.0,0.45,0,19890,0,10,0.0,0.0,0.9994974874371859,49.04937339993194,48,200
0.0006033182503770739,0.0,1.0,0.0,0.0,0.5,0,19878,12,10,0.0,0.0006033182503770739,0.9988944723618091,49.04937339993194,48,200
0.0007541478129713424,0.0,1.0,0.0,0.0,0.55,0,19875,15,10,0.0,0.0007541478129713424,0.9987437185929648,49.04937339993194,48,200
0.0009049773755656109,0.0,1.0,0.0,0.0,0.6,0,19872,18,10,0.0,0.0009049773755656109,0.9985929648241206,49.04937339993194,48,200
0.0009049773755656109,0.0,1.0,0.0,0.0,0.65,0,19872,18,10,0.0,0.0009049773755656109,0.9985929648241206,49.04937339993194,48,200
0.0009049773755656109,0.0,1.0,0.0,0.0,0.7,0,19872,18,10,0.0,0.0009049773755656109,0.9985929648241206,49.04937339993194,48,200
0.0016591251885369532,0.0,1.0,0.0,0.0,0.75,0,19857,33,10,0.0,0.0016591251885369532,0.9978391959798995,49.04937339993194,48,200
0.001910507792860734,0.0,1.0,0.0,0.0,0.8,0,19852,38,10,0.0,0.001910507792860734,0.9975879396984925,49.04937339993194,48,200
0.00196078431372549,0.0,1.0,0.0,0.0,0.85,0,19851,39,10,0.0,0.00196078431372549,0.997537688442211,49.04937339993194,48,200
0.0048265460030165915,0.0,1.0,0.0,0.0,0.9,0,19794,96,10,0.0,0.0048265460030165915,0.9946733668341708,49.04937339993194,48,200
0.006837606837606838,0.0,1.0,0.0,0.0,0.95,0,19754,136,10,0.0,0.006837606837606838,0.9926633165829146,49.04937339993194,48,200
0.9987933634992459,1.0,0.9994968806600926,0.000503119339907426,1.0,1.0,10,24,19866,0,1.0,0.9987933634992459,0.001708542713567839,49.04937339993194,48,200
5.0276520864756156e-05,0.0,1.0,0.0,0.0,0.05,0,19889,1,10,0.0,5.0276520864756156e-05,0.9994472361809045,49.3772658999078,49,200
5.0276520864756156e-05,0.0,1.0,0.0,0.0,0.1,0,19889,1,10,0.0,5.0276520864756156e-05,0.9994472361809045,49.3772658999078,49,200
5.0276520864756156e-05,0.0,1.0,0.0,0.0,0.15,0,19889,1,10,0.0,5.0276520864756156e-05,0.9994472361809045,49.3772658999078,49,200
5.0276520864756156e-05,0.0,1.0,0.0,0.0,0.2,0,19889,1,10,0.0,5.0276520864756156e-05,0.9994472361809045,49.3772658999078,49,200
5.0276520864756156e-05,0.0,1.0,0.0,0.0,0.25,0,19889,1,10,0.0,5.0276520864756156e-05,0.9994472361809045,49.3772658999078,49,200
0.00020110608345902463,0.1,0.8,0.2,0.1,0.3,1,19886,4,9,0.1,0.00020110608345902463,0.9993467336683417,49.3772658999078,49,200
0.00025138260432378077,0.1,0.8333333333333334,0.16666666666666666,0.1,0.35,1,19885,5,9,0.1,0.00025138260432378077,0.9992964824120603,49.3772658999078,49,200
0.00030165912518853697,0.1,0.8571428571428571,0.14285714285714285,0.1,0.4,1,19884,6,9,0.1,0.00030165912518853697,0.9992462311557789,49.3772658999078,49,200
0.00030165912518853697,0.1,0.8571428571428571,0.14285714285714285,0.1,0.45,1,19884,6,9,0.1,0.00030165912518853697,0.9992462311557789,49.3772658999078,49,200
0.00030165912518853697,0.1,0.8571428571428571,0.14285714285714285,0.1,0.5,1,19884,6,9,0.1,0.00030165912518853697,0.9992462311557789,49.3772658999078,49,200
0.00030165912518853697,0.1,0.8571428571428571,0.14285714285714285,0.1,0.55,1,19884,6,9,0.1,0.00030165912518853697,0.9992462311557789,49.3772658999078,49,200
0.00030165912518853697,0.1,0.8571428571428571,0.14285714285714285,0.1,0.6,1,19884,6,9,0.1,0.00030165912518853697,0.9992462311557789,49.3772658999078,49,200
0.00045248868778280545,0.1,0.9,0.1,0.1,0.65,1,19881,9,9,0.1,0.00045248868778280545,0.9990954773869347,49.3772658999078,49,200
0.00045248868778280545,0.1,0.9,0.1,0.1,0.7,1,19881,9,9,0.1,0.00045248868778280545,0.9990954773869347,49.3772658999078,49,200
0.00045248868778280545,0.1,0.9,0.1,0.1,0.75,1,19881,9,9,0.1,0.00045248868778280545,0.9990954773869347,49.3772658999078,49,200
0.0005027652086475615,0.1,0.9090909090909091,0.09090909090909091,0.1,0.8,1,19880,10,9,0.1,0.0005027652086475615,0.9990452261306533,49.3772658999078,49,200
0.0005027652086475615,0.1,0.9090909090909091,0.09090909090909091,0.1,0.85,1,19880,10,9,0.1,0.0005027652086475615,0.9990452261306533,49.3772658999078,49,200
0.0005530417295123177,0.1,0.9166666666666666,0.08333333333333333,0.1,0.9,1,19879,11,9,0.1,0.0005530417295123177,0.9989949748743718,49.3772658999078,49,200
0.002765208647561589,0.1,0.9821428571428571,0.017857142857142856,0.1,0.95,1,19835,55,9,0.1,0.002765208647561589,0.99678391959799,49.3772658999078,49,200
0.9965811965811966,1.0,0.9994957644211375,0.0005042355788624445,1.0,1.0,10,68,19822,0,1.0,0.9965811965811966,0.003919597989949748,49.3772658999078,49,200
