FPR,TPR,FDR,NPrecision,NRecall,alpha,NTP,NTN,NFP,NFN,NTPR,NFPR,NACC,diffnetfinder_sec,run,dim
0.0,0.0,0.0,,0.0,0.05,0,19890,0,10,0.0,0.0,0.9994974874371859,48.86665409989655,0,200
0.0,0.0,0.0,,0.0,0.1,0,19890,0,10,0.0,0.0,0.9994974874371859,48.86665409989655,0,200
0.0,0.0,0.0,,0.0,0.15,0,19890,0,10,0.0,0.0,0.9994974874371859,48.86665409989655,0,200
0.0,0.0,0.0,,0.0,0.2,0,19890,0,10,0.0,0.0,0.9994974874371859,48.86665409989655,0,200
0.0,0.0,0.0,,0.0,0.25,0,19890,0,10,0.0,0.0,0.9994974874371859,48.86665409989655,0,200
0.0,0.0,0.0,,0.0,0.3,0,19890,0,10,0.0,0.0,0.9994974874371859,48.86665409989655,0,200
0.0,0.0,0.0,,0.0,0.35,0,19890,0,10,0.0,0.0,0.9994974874371859,48.86665409989655,0,200
0.0,0.0,0.0,,0.0,0.4,0,19890,0,10,0.0,0.0,0.9994974874371859,48.86665409989655,0,200
0.0,0.0,0.0,,0.0,0.45,0,19890,0,10,0.0,0.0,0.9994974874371859,48.86665409989655,0,200
0.0,0.0,0.0,,0.0,0.5,0,19890,0,10,0.0,0.0,0.9994974874371859,48.86665409989655,0,200
0.0,0.0,0.0,,0.0,0.55,0,19890,0,10,0.0,0.0,0.9994974874371859,48.86665409989655,0,200
0.0003519356460532931,0.0,1.0,0.0,0.0,0.6,0,19883,7,10,0.0,0.0003519356460532931,0.999145728643216,48.86665409989655,0,200
0.0003519356460532931,0.0,1.0,0.0,0.0,0.65,0,19883,7,10,0.0,0.0003519356460532931,0.999145728643216,48.86665409989655,0,200
0.0003519356460532931,0.0,1.0,0.0,0.0,0.7,0,19883,7,10,0.0,0.0003519356460532931,0.999145728643216,48.86665409989655,0,200
0.0003519356460532931,0.0,1.0,0.0,0.0,0.75,0,19883,7,10,0.0,0.0003519356460532931,0.999145728643216,48.86665409989655,0,200
0.0003519356460532931,0.0,1.0,0.0,0.0,0.8,0,19883,7,10,0.0,0.0003519356460532931,0.999145728643216,48.86665409989655,0,200
0.0003519356460532931,0.0,1.0,0.0,0.0,0.85,0,19883,7,10,0.0,0.0003519356460532931,0.999145728643216,48.86665409989655,0,200
0.0003519356460532931,0.0,1.0,0.0,0.0,0.9,0,19883,7,10,0.0,0.0003519356460532931,0.999145728643216,48.86665409989655,0,200
0.00040221216691804925,0.0,1.0,0.0,0.0,0.95,0,19882,8,10,0.0,0.00040221216691804925,0.9990954773869347,48.86665409989655,0,200
0.0510306686777275,0.5,0.9950980392156863,0.004901960784313725,0.5,1.0,5,18875,1015,5,0.5,0.0510306686777275,0.9487437185929648,48.86665409989655,0,200
5.0276520864756156e-05,0.1,0.5,0.5,0.1,0.05,1,19889,1,9,0.1,5.0276520864756156e-05,0.9994974874371859,48.55100710014813,1,200
5.0276520864756156e-05,0.1,0.5,0.5,0.1,0.1,1,19889,1,9,0.1,5.0276520864756156e-05,0.9994974874371859,48.55100710014813,1,200
5.0276520864756156e-05,0.1,0.5,0.5,0.1,0.15,1,19889,1,9,0.1,5.0276520864756156e-05,0.9994974874371859,48.55100710014813,1,200
5.0276520864756156e-05,0.1,0.5,0.5,0.1,0.2,1,19889,1,9,0.1,5.0276520864756156e-05,0.9994974874371859,48.55100710014813,1,200
5.0276520864756156e-05,0.1,0.5,0.5,0.1,0.25,1,19889,1,9,0.1,5.0276520864756156e-05,0.9994974874371859,48.55100710014813,1,200
5.0276520864756156e-05,0.1,0.5,0.5,0.1,0.3,1,19889,1,9,0.1,5.0276520864756156e-05,0.9994974874371859,48.55100710014813,1,200
0.00010055304172951231,0.1,0.6666666666666666,0.3333333333333333,0.1,0.35,1,19888,2,9,0.1,0.00010055304172951231,0.9994472361809045,48.55100710014813,1,200
0.00010055304172951231,0.1,0.6666666666666666,0.3333333333333333,0.1,0.4,1,19888,2,9,0.1,0.00010055304172951231,0.9994472361809045,48.55100710014813,1,200
0.00010055304172951231,0.1,0.6666666666666666,0.3333333333333333,0.1,0.45,1,19888,2,9,0.1,0.00010055304172951231,0.9994472361809045,48.55100710014813,1,200
0.00010055304172951231,0.1,0.6666666666666666,0.3333333333333333,0.1,0.5,1,19888,2,9,0.1,0.00010055304172951231,0.9994472361809045,48.55100710014813,1,200
0.00010055304172951231,0.1,0.6666666666666666,0.3333333333333333,0.1,0.55,1,19888,2,9,0.1,0.00010055304172951231,0.9994472361809045,48.55100710014813,1,200
0.00010055304172951231,0.1,0.6666666666666666,0.3333333333333333,0.1,0.6,1,19888,2,9,0.1,0.00010055304172951231,0.9994472361809045,48.55100710014813,1,200
0.00010055304172951231,0.1,0.6666666666666666,0.3333333333333333,0.1,0.65,1,19888,2,9,0.1,0.00010055304172951231,0.9994472361809045,48.55100710014813,1,200
0.00025138260432378077,0.1,0.8333333333333334,0.16666666666666666,0.1,0.7,1,19885,5,9,0.1,0.00025138260432378077,0.9992964824120603,48.55100710014813,1,200
0.00030165912518853697,0.1,0.8571428571428571,0.14285714285714285,0.1,0.75,1,19884,6,9,0.1,0.00030165912518853697,0.9992462311557789,48.55100710014813,1,200
0.0015082956259426848,0.1,0.967741935483871,0.03225806451612903,0.1,0.8,1,19860,30,9,0.1,0.0015082956259426848,0.9980402010050251,48.55100710014813,1,200
0.001558572146807441,0.1,0.96875,0.03125,0.1,0.85,1,19859,31,9,0.1,0.001558572146807441,0.9979899497487437,48.55100710014813,1,200
0.003821015585721468,0.1,0.987012987012987,0.012987012987012988,0.1,0.9,1,19814,76,9,0.1,0.003821015585721468,0.9957286432160805,48.55100710014813,1,200
0.005279034690799397,0.2,0.9813084112149533,0.018691588785046728,0.2,0.95,2,19785,105,8,0.2,0.005279034690799397,0.994321608040201,48.55100710014813,1,200
0.998340874811463,1.0,0.9994966527407259,0.0005033472592741732,1.0,1.0,10,33,19857,0,1.0,0.998340874811463,0.0021608040201005025,48.55100710014813,1,200
0.0,0.0,0.0,,0.0,0.05,0,19890,0,10,0.0,0.0,0.9994974874371859,49.386972799897194,2,200
0.0,0.0,0.0,,0.0,0.1,0,19890,0,10,0.0,0.0,0.9994974874371859,49.386972799897194,2,200
0.0,0.0,0.0,,0.0,0.15,0,19890,0,10,0.0,0.0,0.9994974874371859,49.386972799897194,2,200
0.0,0.0,0.0,,0.0,0.2,0,19890,0,10,0.0,0.0,0.9994974874371859,49.386972799897194,2,200
0.00015082956259426848,0.0,1.0,0.0,0.0,0.25,0,19887,3,10,0.0,0.00015082956259426848,0.9993467336683417,49.386972799897194,2,200
0.00015082956259426848,0.0,1.0,0.0,0.0,0.3,0,19887,3,10,0.0,0.00015082956259426848,0.9993467336683417,49.386972799897194,2,200
0.00015082956259426848,0.0,1.0,0.0,0.0,0.35,0,19887,3,10,0.0,0.00015082956259426848,0.9993467336683417,49.386972799897194,2,200
0.00015082956259426848,0.0,1.0,0.0,0.0,0.4,0,19887,3,10,0.0,0.00015082956259426848,0.9993467336683417,49.386972799897194,2,200
0.00015082956259426848,0.0,1.0,0.0,0.0,0.45,0,19887,3,10,0.0,0.00015082956259426848,0.9993467336683417,49.386972799897194,2,200
0.00015082956259426848,0.0,1.0,0.0,0.0,0.5,0,19887,3,10,0.0,0.00015082956259426848,0.9993467336683417,49.386972799897194,2,200
0.00015082956259426848,0.0,1.0,0.0,0.0,0.55,0,19887,3,10,0.0,0.00015082956259426848,0.9993467336683417,49.386972799897194,2,200
0.00015082956259426848,0.0,1.0,0.0,0.0,0.6,0,19887,3,10,0.0,0.00015082956259426848,0.9993467336683417,49.386972799897194,2,200
0.00020110608345902463,0.0,1.0,0.0,0.0,0.65,0,19886,4,10,0.0,0.00020110608345902463,0.9992964824120603,49.386972799897194,2,200
0.00020110608345902463,0.0,1.0,0.0,0.0,0.7,0,19886,4,10,0.0,0.00020110608345902463,0.9992964824120603,49.386972799897194,2,200
0.0012066365007541479,0.0,1.0,0.0,0.0,0.75,0,19866,24,10,0.0,0.0012066365007541479,0.9982914572864322,49.386972799897194,2,200
0.0014077425842131724,0.0,1.0,0.0,0.0,0.8,0,19862,28,10,0.0,0.0014077425842131724,0.9980904522613065,49.386972799897194,2,200
0.0014077425842131724,0.0,1.0,0.0,0.0,0.85,0,19862,28,10,0.0,0.0014077425842131724,0.9980904522613065,49.386972799897194,2,200
0.001608848667672197,0.0,1.0,0.0,0.0,0.9,0,19858,32,10,0.0,0.001608848667672197,0.9978894472361809,49.386972799897194,2,200
0.010708898944193062,0.1,0.9953271028037384,0.004672897196261682,0.1,0.95,1,19677,213,9,0.1,0.010708898944193062,0.9888442211055276,49.386972799897194,2,200
0.9985419808949221,1.0,0.999496754063711,0.0005032459362890644,1.0,1.0,10,29,19861,0,1.0,0.9985419808949221,0.001959798994974874,49.386972799897194,2,200
0.0,0.0,0.0,,0.0,0.05,0,19890,0,10,0.0,0.0,0.9994974874371859,48.1987171000801,3,200
0.0,0.0,0.0,,0.0,0.1,0,19890,0,10,0.0,0.0,0.9994974874371859,48.1987171000801,3,200
0.0,0.0,0.0,,0.0,0.15,0,19890,0,10,0.0,0.0,0.9994974874371859,48.1987171000801,3,200
0.0,0.0,0.0,,0.0,0.2,0,19890,0,10,0.0,0.0,0.9994974874371859,48.1987171000801,3,200
0.0,0.0,0.0,,0.0,0.25,0,19890,0,10,0.0,0.0,0.9994974874371859,48.1987171000801,3,200
0.0,0.1,0.0,1.0,0.1,0.3,1,19890,0,9,0.1,0.0,0.9995477386934674,48.1987171000801,3,200
0.0,0.1,0.0,1.0,0.1,0.35,1,19890,0,9,0.1,0.0,0.9995477386934674,48.1987171000801,3,200
0.0,0.1,0.0,1.0,0.1,0.4,1,19890,0,9,0.1,0.0,0.9995477386934674,48.1987171000801,3,200
0.0,0.1,0.0,1.0,0.1,0.45,1,19890,0,9,0.1,0.0,0.9995477386934674,48.1987171000801,3,200
5.0276520864756156e-05,0.1,0.5,0.5,0.1,0.5,1,19889,1,9,0.1,5.0276520864756156e-05,0.9994974874371859,48.1987171000801,3,200
5.0276520864756156e-05,0.1,0.5,0.5,0.1,0.55,1,19889,1,9,0.1,5.0276520864756156e-05,0.9994974874371859,48.1987171000801,3,200
5.0276520864756156e-05,0.1,0.5,0.5,0.1,0.6,1,19889,1,9,0.1,5.0276520864756156e-05,0.9994974874371859,48.1987171000801,3,200
5.0276520864756156e-05,0.1,0.5,0.5,0.1,0.65,1,19889,1,9,0.1,5.0276520864756156e-05,0.9994974874371859,48.1987171000801,3,200
5.0276520864756156e-05,0.1,0.5,0.5,0.1,0.7,1,19889,1,9,0.1,5.0276520864756156e-05,0.9994974874371859,48.1987171000801,3,200
5.0276520864756156e-05,0.1,0.5,0.5,0.1,0.75,1,19889,1,9,0.1,5.0276520864756156e-05,0.9994974874371859,48.1987171000801,3,200
5.0276520864756156e-05,0.1,0.5,0.5,0.1,0.8,1,19889,1,9,0.1,5.0276520864756156e-05,0.9994974874371859,48.1987171000801,3,200
5.0276520864756156e-05,0.1,0.5,0.5,0.1,0.85,1,19889,1,9,0.1,5.0276520864756156e-05,0.9994974874371859,48.1987171000801,3,200
5.0276520864756156e-05,0.1,0.5,0.5,0.1,0.9,1,19889,1,9,0.1,5.0276520864756156e-05,0.9994974874371859,48.1987171000801,3,200
0.00010055304172951231,0.2,0.5,0.5,0.2,0.95,2,19888,2,8,0.2,0.00010055304172951231,0.9994974874371859,48.1987171000801,3,200
0.998340874811463,1.0,0.9994966527407259,0.0005033472592741732,1.0,1.0,10,33,19857,0,1.0,0.998340874811463,0.0021608040201005025,48.1987171000801,3,200
0.0,0.0,0.0,,0.0,0.05,0,19890,0,10,0.0,0.0,0.9994974874371859,49.342082999879494,4,200
0.0,0.0,0.0,,0.0,0.1,0,19890,0,10,0.0,0.0,0.9994974874371859,49.342082999879494,4,200
0.0,0.0,0.0,,0.0,0.15,0,19890,0,10,0.0,0.0,0.9994974874371859,49.342082999879494,4,200
0.0,0.0,0.0,,0.0,0.2,0,19890,0,10,0.0,0.0,0.9994974874371859,49.342082999879494,4,200
0.0,0.0,0.0,,0.0,0.25,0,19890,0,10,0.0,0.0,0.9994974874371859,49.342082999879494,4,200
0.0,0.0,0.0,,0.0,0.3,0,19890,0,10,0.0,0.0,0.9994974874371859,49.342082999879494,4,200
0.0,0.0,0.0,,0.0,0.35,0,19890,0,10,0.0,0.0,0.9994974874371859,49.342082999879494,4,200
0.0,0.0,0.0,,0.0,0.4,0,19890,0,10,0.0,0.0,0.9994974874371859,49.342082999879494,4,200
0.0,0.0,0.0,,0.0,0.45,0,19890,0,10,0.0,0.0,0.9994974874371859,49.342082999879494,4,200
0.0,0.0,0.0,,0.0,0.5,0,19890,0,10,0.0,0.0,0.9994974874371859,49.342082999879494,4,200
0.0,0.0,0.0,,0.0,0.55,0,19890,0,10,0.0,0.0,0.9994974874371859,49.342082999879494,4,200
0.0,0.0,0.0,,0.0,0.6,0,19890,0,10,0.0,0.0,0.9994974874371859,49.342082999879494,4,200
0.0,0.0,0.0,,0.0,0.65,0,19890,0,10,0.0,0.0,0.9994974874371859,49.342082999879494,4,200
0.0,0.0,0.0,,0.0,0.7,0,19890,0,10,0.0,0.0,0.9994974874371859,49.342082999879494,4,200
0.0,0.0,0.0,,0.0,0.75,0,19890,0,10,0.0,0.0,0.9994974874371859,49.342082999879494,4,200
0.00045248868778280545,0.0,1.0,0.0,0.0,0.8,0,19881,9,10,0.0,0.00045248868778280545,0.9990452261306533,49.342082999879494,4,200
0.0011563599798893917,0.0,1.0,0.0,0.0,0.85,0,19867,23,10,0.0,0.0011563599798893917,0.9983417085427135,49.342082999879494,4,200
0.0011563599798893917,0.0,1.0,0.0,0.0,0.9,0,19867,23,10,0.0,0.0011563599798893917,0.9983417085427135,49.342082999879494,4,200
0.01608848667672197,0.2,0.9937888198757764,0.006211180124223602,0.2,0.95,2,19570,320,8,0.2,0.01608848667672197,0.9835175879396985,49.342082999879494,4,200
0.9983911513323278,1.0,0.999496678075297,0.0005033219247030401,1.0,1.0,10,32,19858,0,1.0,0.9983911513323278,0.0021105527638190956,49.342082999879494,4,200
0.0,0.0,0.0,,0.0,0.05,0,19890,0,10,0.0,0.0,0.9994974874371859,49.305423100013286,5,200
0.0,0.0,0.0,,0.0,0.1,0,19890,0,10,0.0,0.0,0.9994974874371859,49.305423100013286,5,200
0.0,0.0,0.0,,0.0,0.15,0,19890,0,10,0.0,0.0,0.9994974874371859,49.305423100013286,5,200
0.0,0.0,0.0,,0.0,0.2,0,19890,0,10,0.0,0.0,0.9994974874371859,49.305423100013286,5,200
0.0,0.0,0.0,,0.0,0.25,0,19890,0,10,0.0,0.0,0.9994974874371859,49.305423100013286,5,200
0.00025138260432378077,0.0,1.0,0.0,0.0,0.3,0,19885,5,10,0.0,0.00025138260432378077,0.9992462311557789,49.305423100013286,5,200
0.00025138260432378077,0.0,1.0,0.0,0.0,0.35,0,19885,5,10,0.0,0.00025138260432378077,0.9992462311557789,49.305423100013286,5,200
0.00030165912518853697,0.0,1.0,0.0,0.0,0.4,0,19884,6,10,0.0,0.00030165912518853697,0.9991959798994975,49.305423100013286,5,200
0.00030165912518853697,0.0,1.0,0.0,0.0,0.45,0,19884,6,10,0.0,0.00030165912518853697,0.9991959798994975,49.305423100013286,5,200
0.00030165912518853697,0.0,1.0,0.0,0.0,0.5,0,19884,6,10,0.0,0.00030165912518853697,0.9991959798994975,49.305423100013286,5,200
0.00030165912518853697,0.0,1.0,0.0,0.0,0.55,0,19884,6,10,0.0,0.00030165912518853697,0.9991959798994975,49.305423100013286,5,200
0.00040221216691804925,0.0,1.0,0.0,0.0,0.6,0,19882,8,10,0.0,0.00040221216691804925,0.9990954773869347,49.305423100013286,5,200
0.00040221216691804925,0.0,1.0,0.0,0.0,0.65,0,19882,8,10,0.0,0.00040221216691804925,0.9990954773869347,49.305423100013286,5,200
0.00040221216691804925,0.0,1.0,0.0,0.0,0.7,0,19882,8,10,0.0,0.00040221216691804925,0.9990954773869347,49.305423100013286,5,200
0.0005027652086475615,0.0,1.0,0.0,0.0,0.75,0,19880,10,10,0.0,0.0005027652086475615,0.9989949748743718,49.305423100013286,5,200
0.0005027652086475615,0.0,1.0,0.0,0.0,0.8,0,19880,10,10,0.0,0.0005027652086475615,0.9989949748743718,49.305423100013286,5,200
0.00065359477124183,0.0,1.0,0.0,0.0,0.85,0,19877,13,10,0.0,0.00065359477124183,0.9988442211055276,49.305423100013286,5,200
0.0009049773755656109,0.0,1.0,0.0,0.0,0.9,0,19872,18,10,0.0,0.0009049773755656109,0.9985929648241206,49.305423100013286,5,200
0.001005530417295123,0.0,1.0,0.0,0.0,0.95,0,19870,20,10,0.0,0.001005530417295123,0.9984924623115577,49.305423100013286,5,200
0.9983911513323278,1.0,0.999496678075297,0.0005033219247030401,1.0,1.0,10,32,19858,0,1.0,0.9983911513323278,0.0021105527638190956,49.305423100013286,5,200
0.0,0.0,0.0,,0.0,0.05,0,19890,0,10,0.0,0.0,0.9994974874371859,49.541738299885765,6,200
0.0,0.0,0.0,,0.0,0.1,0,19890,0,10,0.0,0.0,0.9994974874371859,49.541738299885765,6,200
0.0,0.0,0.0,,0.0,0.15,0,19890,0,10,0.0,0.0,0.9994974874371859,49.541738299885765,6,200
0.0,0.0,0.0,,0.0,0.2,0,19890,0,10,0.0,0.0,0.9994974874371859,49.541738299885765,6,200
0.0,0.0,0.0,,0.0,0.25,0,19890,0,10,0.0,0.0,0.9994974874371859,49.541738299885765,6,200
0.0,0.1,0.0,1.0,0.1,0.3,1,19890,0,9,0.1,0.0,0.9995477386934674,49.541738299885765,6,200
0.0,0.1,0.0,1.0,0.1,0.35,1,19890,0,9,0.1,0.0,0.9995477386934674,49.541738299885765,6,200
0.0,0.1,0.0,1.0,0.1,0.4,1,19890,0,9,0.1,0.0,0.9995477386934674,49.541738299885765,6,200
0.0,0.1,0.0,1.0,0.1,0.45,1,19890,0,9,0.1,0.0,0.9995477386934674,49.541738299885765,6,200
0.0,0.1,0.0,1.0,0.1,0.5,1,19890,0,9,0.1,0.0,0.9995477386934674,49.541738299885765,6,200
0.0,0.1,0.0,1.0,0.1,0.55,1,19890,0,9,0.1,0.0,0.9995477386934674,49.541738299885765,6,200
0.0,0.1,0.0,1.0,0.1,0.6,1,19890,0,9,0.1,0.0,0.9995477386934674,49.541738299885765,6,200
0.00045248868778280545,0.1,0.9,0.1,0.1,0.65,1,19881,9,9,0.1,0.00045248868778280545,0.9990954773869347,49.541738299885765,6,200
0.0005027652086475615,0.1,0.9090909090909091,0.09090909090909091,0.1,0.7,1,19880,10,9,0.1,0.0005027652086475615,0.9990452261306533,49.541738299885765,6,200
0.0020613373554550026,0.1,0.9761904761904762,0.023809523809523808,0.1,0.75,1,19849,41,9,0.1,0.0020613373554550026,0.9974874371859297,49.541738299885765,6,200
0.0024132730015082957,0.1,0.9795918367346939,0.02040816326530612,0.1,0.8,1,19842,48,9,0.1,0.0024132730015082957,0.9971356783919598,49.541738299885765,6,200
0.006083459024635495,0.1,0.9918032786885246,0.00819672131147541,0.1,0.85,1,19769,121,9,0.1,0.006083459024635495,0.9934673366834171,49.541738299885765,6,200
0.022423328305681247,0.1,0.9977628635346756,0.0022371364653243847,0.1,0.9,1,19444,446,9,0.1,0.022423328305681247,0.9771356783919598,49.541738299885765,6,200
0.036601307189542485,0.2,0.9972602739726028,0.0027397260273972603,0.2,0.95,2,19162,728,8,0.2,0.036601307189542485,0.9630150753768845,49.541738299885765,6,200
0.9579688285570639,1.0,0.9994754511120436,0.0005245488879563575,1.0,1.0,10,836,19054,0,1.0,0.9579688285570639,0.04251256281407035,49.541738299885765,6,200
0.0,0.0,0.0,,0.0,0.05,0,19890,0,10,0.0,0.0,0.9994974874371859,48.40363519988023,7,200
0.0,0.0,0.0,,0.0,0.1,0,19890,0,10,0.0,0.0,0.9994974874371859,48.40363519988023,7,200
0.0,0.0,0.0,,0.0,0.15,0,19890,0,10,0.0,0.0,0.9994974874371859,48.40363519988023,7,200
0.0,0.0,0.0,,0.0,0.2,0,19890,0,10,0.0,0.0,0.9994974874371859,48.40363519988023,7,200
0.0,0.0,0.0,,0.0,0.25,0,19890,0,10,0.0,0.0,0.9994974874371859,48.40363519988023,7,200
0.0,0.0,0.0,,0.0,0.3,0,19890,0,10,0.0,0.0,0.9994974874371859,48.40363519988023,7,200
0.0,0.0,0.0,,0.0,0.35,0,19890,0,10,0.0,0.0,0.9994974874371859,48.40363519988023,7,200
5.0276520864756156e-05,0.1,0.5,0.5,0.1,0.4,1,19889,1,9,0.1,5.0276520864756156e-05,0.9994974874371859,48.40363519988023,7,200
5.0276520864756156e-05,0.1,0.5,0.5,0.1,0.45,1,19889,1,9,0.1,5.0276520864756156e-05,0.9994974874371859,48.40363519988023,7,200
5.0276520864756156e-05,0.1,0.5,0.5,0.1,0.5,1,19889,1,9,0.1,5.0276520864756156e-05,0.9994974874371859,48.40363519988023,7,200
5.0276520864756156e-05,0.1,0.5,0.5,0.1,0.55,1,19889,1,9,0.1,5.0276520864756156e-05,0.9994974874371859,48.40363519988023,7,200
5.0276520864756156e-05,0.1,0.5,0.5,0.1,0.6,1,19889,1,9,0.1,5.0276520864756156e-05,0.9994974874371859,48.40363519988023,7,200
5.0276520864756156e-05,0.1,0.5,0.5,0.1,0.65,1,19889,1,9,0.1,5.0276520864756156e-05,0.9994974874371859,48.40363519988023,7,200
5.0276520864756156e-05,0.1,0.5,0.5,0.1,0.7,1,19889,1,9,0.1,5.0276520864756156e-05,0.9994974874371859,48.40363519988023,7,200
5.0276520864756156e-05,0.1,0.5,0.5,0.1,0.75,1,19889,1,9,0.1,5.0276520864756156e-05,0.9994974874371859,48.40363519988023,7,200
5.0276520864756156e-05,0.1,0.5,0.5,0.1,0.8,1,19889,1,9,0.1,5.0276520864756156e-05,0.9994974874371859,48.40363519988023,7,200
5.0276520864756156e-05,0.1,0.5,0.5,0.1,0.85,1,19889,1,9,0.1,5.0276520864756156e-05,0.9994974874371859,48.40363519988023,7,200
0.004122674710910005,0.3,0.9647058823529412,0.03529411764705882,0.3,0.9,3,19808,82,7,0.3,0.004122674710910005,0.9955276381909548,48.40363519988023,7,200
0.00563097033685269,0.3,0.9739130434782609,0.02608695652173913,0.3,0.95,3,19778,112,7,0.3,0.00563097033685269,0.9940201005025125,48.40363519988023,7,200
0.9982905982905983,1.0,0.9994966274036041,0.0005033725963958522,1.0,1.0,10,34,19856,0,1.0,0.9982905982905983,0.0022110552763819095,48.40363519988023,7,200
0.0,0.0,0.0,,0.0,0.05,0,19890,0,10,0.0,0.0,0.9994974874371859,48.576521900016814,8,200
0.0,0.0,0.0,,0.0,0.1,0,19890,0,10,0.0,0.0,0.9994974874371859,48.576521900016814,8,200
0.0,0.0,0.0,,0.0,0.15,0,19890,0,10,0.0,0.0,0.9994974874371859,48.576521900016814,8,200
0.0,0.0,0.0,,0.0,0.2,0,19890,0,10,0.0,0.0,0.9994974874371859,48.576521900016814,8,200
0.0,0.0,0.0,,0.0,0.25,0,19890,0,10,0.0,0.0,0.9994974874371859,48.576521900016814,8,200
0.0,0.0,0.0,,0.0,0.3,0,19890,0,10,0.0,0.0,0.9994974874371859,48.576521900016814,8,200
0.0,0.0,0.0,,0.0,0.35,0,19890,0,10,0.0,0.0,0.9994974874371859,48.576521900016814,8,200
0.0,0.0,0.0,,0.0,0.4,0,19890,0,10,0.0,0.0,0.9994974874371859,48.576521900016814,8,200
0.0,0.0,0.0,,0.0,0.45,0,19890,0,10,0.0,0.0,0.9994974874371859,48.576521900016814,8,200
0.0,0.0,0.0,,0.0,0.5,0,19890,0,10,0.0,0.0,0.9994974874371859,48.576521900016814,8,200
0.00040221216691804925,0.0,1.0,0.0,0.0,0.55,0,19882,8,10,0.0,0.00040221216691804925,0.9990954773869347,48.576521900016814,8,200
0.00040221216691804925,0.0,1.0,0.0,0.0,0.6,0,19882,8,10,0.0,0.00040221216691804925,0.9990954773869347,48.576521900016814,8,200
0.00040221216691804925,0.0,1.0,0.0,0.0,0.65,0,19882,8,10,0.0,0.00040221216691804925,0.9990954773869347,48.576521900016814,8,200
0.0005027652086475615,0.0,1.0,0.0,0.0,0.7,0,19880,10,10,0.0,0.0005027652086475615,0.9989949748743718,48.576521900016814,8,200
0.0005027652086475615,0.0,1.0,0.0,0.0,0.75,0,19880,10,10,0.0,0.0005027652086475615,0.9989949748743718,48.576521900016814,8,200
0.0007038712921065862,0.0,1.0,0.0,0.0,0.8,0,19876,14,10,0.0,0.0007038712921065862,0.9987939698492462,48.576521900016814,8,200
0.0008044243338360985,0.0,1.0,0.0,0.0,0.85,0,19874,16,10,0.0,0.0008044243338360985,0.9986934673366834,48.576521900016814,8,200
0.001256913021618904,0.0,1.0,0.0,0.0,0.9,0,19865,25,10,0.0,0.001256913021618904,0.9982412060301508,48.576521900016814,8,200
0.037606837606837605,0.3,0.996005326231691,0.0039946737683089215,0.3,0.95,3,19142,748,7,0.3,0.037606837606837605,0.9620603015075377,48.576521900016814,8,200
0.9982403217697335,1.0,0.9994966020639315,0.0005033979360684622,1.0,1.0,10,35,19855,0,1.0,0.9982403217697335,0.0022613065326633165,48.576521900016814,8,200
0.0,0.0,0.0,,0.0,0.05,0,19890,0,10,0.0,0.0,0.9994974874371859,48.624823099933565,9,200
0.0,0.0,0.0,,0.0,0.1,0,19890,0,10,0.0,0.0,0.9994974874371859,48.624823099933565,9,200
0.0,0.0,0.0,,0.0,0.15,0,19890,0,10,0.0,0.0,0.9994974874371859,48.624823099933565,9,200
0.0,0.0,0.0,,0.0,0.2,0,19890,0,10,0.0,0.0,0.9994974874371859,48.624823099933565,9,200
0.0,0.0,0.0,,0.0,0.25,0,19890,0,10,0.0,0.0,0.9994974874371859,48.624823099933565,9,200
0.0,0.0,0.0,,0.0,0.3,0,19890,0,10,0.0,0.0,0.9994974874371859,48.624823099933565,9,200
0.0,0.0,0.0,,0.0,0.35,0,19890,0,10,0.0,0.0,0.9994974874371859,48.624823099933565,9,200
0.0,0.0,0.0,,0.0,0.4,0,19890,0,10,0.0,0.0,0.9994974874371859,48.624823099933565,9,200
0.0,0.0,0.0,,0.0,0.45,0,19890,0,10,0.0,0.0,0.9994974874371859,48.624823099933565,9,200
0.0,0.0,0.0,,0.0,0.5,0,19890,0,10,0.0,0.0,0.9994974874371859,48.624823099933565,9,200
0.0,0.0,0.0,,0.0,0.55,0,19890,0,10,0.0,0.0,0.9994974874371859,48.624823099933565,9,200
0.0,0.0,0.0,,0.0,0.6,0,19890,0,10,0.0,0.0,0.9994974874371859,48.624823099933565,9,200
0.0,0.0,0.0,,0.0,0.65,0,19890,0,10,0.0,0.0,0.9994974874371859,48.624823099933565,9,200
0.0,0.0,0.0,,0.0,0.7,0,19890,0,10,0.0,0.0,0.9994974874371859,48.624823099933565,9,200
0.0,0.0,0.0,,0.0,0.75,0,19890,0,10,0.0,0.0,0.9994974874371859,48.624823099933565,9,200
0.0,0.0,0.0,,0.0,0.8,0,19890,0,10,0.0,0.0,0.9994974874371859,48.624823099933565,9,200
0.0,0.0,0.0,,0.0,0.85,0,19890,0,10,0.0,0.0,0.9994974874371859,48.624823099933565,9,200
0.0008547008547008547,0.0,1.0,0.0,0.0,0.9,0,19873,17,10,0.0,0.0008547008547008547,0.998643216080402,48.624823099933565,9,200
0.001608848667672197,0.0,1.0,0.0,0.0,0.95,0,19858,32,10,0.0,0.001608848667672197,0.9978894472361809,48.624823099933565,9,200
0.9983911513323278,1.0,0.999496678075297,0.0005033219247030401,1.0,1.0,10,32,19858,0,1.0,0.9983911513323278,0.0021105527638190956,48.624823099933565,9,200
0.0,0.0,0.0,,0.0,0.05,0,19890,0,10,0.0,0.0,0.9994974874371859,48.21687180013396,10,200
0.0,0.0,0.0,,0.0,0.1,0,19890,0,10,0.0,0.0,0.9994974874371859,48.21687180013396,10,200
0.0,0.0,0.0,,0.0,0.15,0,19890,0,10,0.0,0.0,0.9994974874371859,48.21687180013396,10,200
0.0,0.0,0.0,,0.0,0.2,0,19890,0,10,0.0,0.0,0.9994974874371859,48.21687180013396,10,200
0.0,0.0,0.0,,0.0,0.25,0,19890,0,10,0.0,0.0,0.9994974874371859,48.21687180013396,10,200
0.0,0.0,0.0,,0.0,0.3,0,19890,0,10,0.0,0.0,0.9994974874371859,48.21687180013396,10,200
0.0,0.0,0.0,,0.0,0.35,0,19890,0,10,0.0,0.0,0.9994974874371859,48.21687180013396,10,200
0.0,0.0,0.0,,0.0,0.4,0,19890,0,10,0.0,0.0,0.9994974874371859,48.21687180013396,10,200
0.0,0.0,0.0,,0.0,0.45,0,19890,0,10,0.0,0.0,0.9994974874371859,48.21687180013396,10,200
0.0,0.0,0.0,,0.0,0.5,0,19890,0,10,0.0,0.0,0.9994974874371859,48.21687180013396,10,200
0.0,0.0,0.0,,0.0,0.55,0,19890,0,10,0.0,0.0,0.9994974874371859,48.21687180013396,10,200
0.0,0.0,0.0,,0.0,0.6,0,19890,0,10,0.0,0.0,0.9994974874371859,48.21687180013396,10,200
0.0,0.0,0.0,,0.0,0.65,0,19890,0,10,0.0,0.0,0.9994974874371859,48.21687180013396,10,200
0.0,0.0,0.0,,0.0,0.7,0,19890,0,10,0.0,0.0,0.9994974874371859,48.21687180013396,10,200
0.00010055304172951231,0.0,1.0,0.0,0.0,0.75,0,19888,2,10,0.0,0.00010055304172951231,0.9993969849246231,48.21687180013396,10,200
0.00010055304172951231,0.0,1.0,0.0,0.0,0.8,0,19888,2,10,0.0,0.00010055304172951231,0.9993969849246231,48.21687180013396,10,200
0.0007038712921065862,0.0,1.0,0.0,0.0,0.85,0,19876,14,10,0.0,0.0007038712921065862,0.9987939698492462,48.21687180013396,10,200
0.0011060834590246355,0.0,1.0,0.0,0.0,0.9,0,19868,22,10,0.0,0.0011060834590246355,0.998391959798995,48.21687180013396,10,200
0.01297134238310709,0.0,1.0,0.0,0.0,0.95,0,19632,258,10,0.0,0.01297134238310709,0.986532663316583,48.21687180013396,10,200
0.014831573655103066,0.0,1.0,0.0,0.0,1.0,0,19595,295,10,0.0,0.014831573655103066,0.9846733668341708,48.21687180013396,10,200
0.0,0.0,0.0,,0.0,0.05,0,19890,0,10,0.0,0.0,0.9994974874371859,48.54574490012601,11,200
0.0,0.0,0.0,,0.0,0.1,0,19890,0,10,0.0,0.0,0.9994974874371859,48.54574490012601,11,200
0.0,0.0,0.0,,0.0,0.15,0,19890,0,10,0.0,0.0,0.9994974874371859,48.54574490012601,11,200
0.0,0.0,0.0,,0.0,0.2,0,19890,0,10,0.0,0.0,0.9994974874371859,48.54574490012601,11,200
0.0,0.0,0.0,,0.0,0.25,0,19890,0,10,0.0,0.0,0.9994974874371859,48.54574490012601,11,200
0.0,0.0,0.0,,0.0,0.3,0,19890,0,10,0.0,0.0,0.9994974874371859,48.54574490012601,11,200
0.0,0.0,0.0,,0.0,0.35,0,19890,0,10,0.0,0.0,0.9994974874371859,48.54574490012601,11,200
0.0,0.0,0.0,,0.0,0.4,0,19890,0,10,0.0,0.0,0.9994974874371859,48.54574490012601,11,200
0.0,0.0,0.0,,0.0,0.45,0,19890,0,10,0.0,0.0,0.9994974874371859,48.54574490012601,11,200
0.0,0.0,0.0,,0.0,0.5,0,19890,0,10,0.0,0.0,0.9994974874371859,48.54574490012601,11,200
0.00015082956259426848,0.1,0.75,0.25,0.1,0.55,1,19887,3,9,0.1,0.00015082956259426848,0.9993969849246231,48.54574490012601,11,200
0.00015082956259426848,0.1,0.75,0.25,0.1,0.6,1,19887,3,9,0.1,0.00015082956259426848,0.9993969849246231,48.54574490012601,11,200
0.00015082956259426848,0.1,0.75,0.25,0.1,0.65,1,19887,3,9,0.1,0.00015082956259426848,0.9993969849246231,48.54574490012601,11,200
0.00030165912518853697,0.1,0.8571428571428571,0.14285714285714285,0.1,0.7,1,19884,6,9,0.1,0.00030165912518853697,0.9992462311557789,48.54574490012601,11,200
0.00030165912518853697,0.1,0.8571428571428571,0.14285714285714285,0.1,0.75,1,19884,6,9,0.1,0.00030165912518853697,0.9992462311557789,48.54574490012601,11,200
0.00030165912518853697,0.1,0.8571428571428571,0.14285714285714285,0.1,0.8,1,19884,6,9,0.1,0.00030165912518853697,0.9992462311557789,48.54574490012601,11,200
0.001005530417295123,0.1,0.9523809523809523,0.047619047619047616,0.1,0.85,1,19870,20,9,0.1,0.001005530417295123,0.9985427135678392,48.54574490012601,11,200
0.001005530417295123,0.1,0.9523809523809523,0.047619047619047616,0.1,0.9,1,19870,20,9,0.1,0.001005530417295123,0.9985427135678392,48.54574490012601,11,200
0.001005530417295123,0.1,0.9523809523809523,0.047619047619047616,0.1,0.95,1,19870,20,9,0.1,0.001005530417295123,0.9985427135678392,48.54574490012601,11,200
0.998340874811463,1.0,0.9994966527407259,0.0005033472592741732,1.0,1.0,10,33,19857,0,1.0,0.998340874811463,0.0021608040201005025,48.54574490012601,11,200
0.0,0.0,0.0,,0.0,0.05,0,19890,0,10,0.0,0.0,0.9994974874371859,49.54157019988634,12,200
0.0,0.0,0.0,,0.0,0.1,0,19890,0,10,0.0,0.0,0.9994974874371859,49.54157019988634,12,200
0.0,0.0,0.0,,0.0,0.15,0,19890,0,10,0.0,0.0,0.9994974874371859,49.54157019988634,12,200
0.0,0.0,0.0,,0.0,0.2,0,19890,0,10,0.0,0.0,0.9994974874371859,49.54157019988634,12,200
0.0,0.0,0.0,,0.0,0.25,0,19890,0,10,0.0,0.0,0.9994974874371859,49.54157019988634,12,200
0.0,0.0,0.0,,0.0,0.3,0,19890,0,10,0.0,0.0,0.9994974874371859,49.54157019988634,12,200
0.0,0.0,0.0,,0.0,0.35,0,19890,0,10,0.0,0.0,0.9994974874371859,49.54157019988634,12,200
0.0,0.0,0.0,,0.0,0.4,0,19890,0,10,0.0,0.0,0.9994974874371859,49.54157019988634,12,200
0.0,0.0,0.0,,0.0,0.45,0,19890,0,10,0.0,0.0,0.9994974874371859,49.54157019988634,12,200
0.0,0.0,0.0,,0.0,0.5,0,19890,0,10,0.0,0.0,0.9994974874371859,49.54157019988634,12,200
0.00040221216691804925,0.0,1.0,0.0,0.0,0.55,0,19882,8,10,0.0,0.00040221216691804925,0.9990954773869347,49.54157019988634,12,200
0.00040221216691804925,0.0,1.0,0.0,0.0,0.6,0,19882,8,10,0.0,0.00040221216691804925,0.9990954773869347,49.54157019988634,12,200
0.00040221216691804925,0.0,1.0,0.0,0.0,0.65,0,19882,8,10,0.0,0.00040221216691804925,0.9990954773869347,49.54157019988634,12,200
0.00040221216691804925,0.0,1.0,0.0,0.0,0.7,0,19882,8,10,0.0,0.00040221216691804925,0.9990954773869347,49.54157019988634,12,200
0.00045248868778280545,0.0,1.0,0.0,0.0,0.75,0,19881,9,10,0.0,0.00045248868778280545,0.9990452261306533,49.54157019988634,12,200
0.00065359477124183,0.0,1.0,0.0,0.0,0.8,0,19877,13,10,0.0,0.00065359477124183,0.9988442211055276,49.54157019988634,12,200
0.0036199095022624436,0.0,1.0,0.0,0.0,0.85,0,19818,72,10,0.0,0.0036199095022624436,0.9958793969849247,49.54157019988634,12,200
0.004072398190045249,0.0,1.0,0.0,0.0,0.9,0,19809,81,10,0.0,0.004072398190045249,0.9954271356783919,49.54157019988634,12,200
0.1301659125188537,0.0,1.0,0.0,0.0,0.95,0,17301,2589,10,0.0,0.1301659125188537,0.8693969849246231,49.54157019988634,12,200
0.9984917043740573,1.0,0.9994967287367891,0.0005032712632108706,1.0,1.0,10,30,19860,0,1.0,0.9984917043740573,0.0020100502512562816,49.54157019988634,12,200
0.0,0.0,0.0,,0.0,0.05,0,19890,0,10,0.0,0.0,0.9994974874371859,48.894106900086626,13,200
0.0,0.0,0.0,,0.0,0.1,0,19890,0,10,0.0,0.0,0.9994974874371859,48.894106900086626,13,200
0.0,0.0,0.0,,0.0,0.15,0,19890,0,10,0.0,0.0,0.9994974874371859,48.894106900086626,13,200
0.0,0.0,0.0,,0.0,0.2,0,19890,0,10,0.0,0.0,0.9994974874371859,48.894106900086626,13,200
0.0,0.0,0.0,,0.0,0.25,0,19890,0,10,0.0,0.0,0.9994974874371859,48.894106900086626,13,200
0.0,0.0,0.0,,0.0,0.3,0,19890,0,10,0.0,0.0,0.9994974874371859,48.894106900086626,13,200
0.0,0.0,0.0,,0.0,0.35,0,19890,0,10,0.0,0.0,0.9994974874371859,48.894106900086626,13,200
0.0,0.0,0.0,,0.0,0.4,0,19890,0,10,0.0,0.0,0.9994974874371859,48.894106900086626,13,200
0.0,0.0,0.0,,0.0,0.45,0,19890,0,10,0.0,0.0,0.9994974874371859,48.894106900086626,13,200
0.0,0.0,0.0,,0.0,0.5,0,19890,0,10,0.0,0.0,0.9994974874371859,48.894106900086626,13,200
0.0,0.0,0.0,,0.0,0.55,0,19890,0,10,0.0,0.0,0.9994974874371859,48.894106900086626,13,200
0.0,0.0,0.0,,0.0,0.6,0,19890,0,10,0.0,0.0,0.9994974874371859,48.894106900086626,13,200
0.0,0.0,0.0,,0.0,0.65,0,19890,0,10,0.0,0.0,0.9994974874371859,48.894106900086626,13,200
0.0,0.0,0.0,,0.0,0.7,0,19890,0,10,0.0,0.0,0.9994974874371859,48.894106900086626,13,200
0.0,0.0,0.0,,0.0,0.75,0,19890,0,10,0.0,0.0,0.9994974874371859,48.894106900086626,13,200
0.0,0.0,0.0,,0.0,0.8,0,19890,0,10,0.0,0.0,0.9994974874371859,48.894106900086626,13,200
0.00196078431372549,0.0,1.0,0.0,0.0,0.85,0,19851,39,10,0.0,0.00196078431372549,0.997537688442211,48.894106900086626,13,200
0.002513826043237808,0.0,1.0,0.0,0.0,0.9,0,19840,50,10,0.0,0.002513826043237808,0.9969849246231156,48.894106900086626,13,200
0.004524886877828055,0.0,1.0,0.0,0.0,0.95,0,19800,90,10,0.0,0.004524886877828055,0.9949748743718593,48.894106900086626,13,200
0.9945701357466064,1.0,0.9994947453516573,0.0005052546483427648,1.0,1.0,10,108,19782,0,1.0,0.9945701357466064,0.00592964824120603,48.894106900086626,13,200
5.0276520864756156e-05,0.0,1.0,0.0,0.0,0.05,0,19889,1,10,0.0,5.0276520864756156e-05,0.9994472361809045,49.01482369983569,14,200
5.0276520864756156e-05,0.0,1.0,0.0,0.0,0.1,0,19889,1,10,0.0,5.0276520864756156e-05,0.9994472361809045,49.01482369983569,14,200
5.0276520864756156e-05,0.0,1.0,0.0,0.0,0.15,0,19889,1,10,0.0,5.0276520864756156e-05,0.9994472361809045,49.01482369983569,14,200
5.0276520864756156e-05,0.0,1.0,0.0,0.0,0.2,0,19889,1,10,0.0,5.0276520864756156e-05,0.9994472361809045,49.01482369983569,14,200
5.0276520864756156e-05,0.0,1.0,0.0,0.0,0.25,0,19889,1,10,0.0,5.0276520864756156e-05,0.9994472361809045,49.01482369983569,14,200
5.0276520864756156e-05,0.0,1.0,0.0,0.0,0.3,0,19889,1,10,0.0,5.0276520864756156e-05,0.9994472361809045,49.01482369983569,14,200
5.0276520864756156e-05,0.0,1.0,0.0,0.0,0.35,0,19889,1,10,0.0,5.0276520864756156e-05,0.9994472361809045,49.01482369983569,14,200
5.0276520864756156e-05,0.0,1.0,0.0,0.0,0.4,0,19889,1,10,0.0,5.0276520864756156e-05,0.9994472361809045,49.01482369983569,14,200
5.0276520864756156e-05,0.0,1.0,0.0,0.0,0.45,0,19889,1,10,0.0,5.0276520864756156e-05,0.9994472361809045,49.01482369983569,14,200
5.0276520864756156e-05,0.0,1.0,0.0,0.0,0.5,0,19889,1,10,0.0,5.0276520864756156e-05,0.9994472361809045,49.01482369983569,14,200
0.00025138260432378077,0.0,1.0,0.0,0.0,0.55,0,19885,5,10,0.0,0.00025138260432378077,0.9992462311557789,49.01482369983569,14,200
0.00025138260432378077,0.0,1.0,0.0,0.0,0.6,0,19885,5,10,0.0,0.00025138260432378077,0.9992462311557789,49.01482369983569,14,200
0.00025138260432378077,0.0,1.0,0.0,0.0,0.65,0,19885,5,10,0.0,0.00025138260432378077,0.9992462311557789,49.01482369983569,14,200
0.0006033182503770739,0.0,1.0,0.0,0.0,0.7,0,19878,12,10,0.0,0.0006033182503770739,0.9988944723618091,49.01482369983569,14,200
0.0007038712921065862,0.0,1.0,0.0,0.0,0.75,0,19876,14,10,0.0,0.0007038712921065862,0.9987939698492462,49.01482369983569,14,200
0.0008044243338360985,0.0,1.0,0.0,0.0,0.8,0,19874,16,10,0.0,0.0008044243338360985,0.9986934673366834,49.01482369983569,14,200
0.0009049773755656109,0.0,1.0,0.0,0.0,0.85,0,19872,18,10,0.0,0.0009049773755656109,0.9985929648241206,49.01482369983569,14,200
0.006184012066365007,0.0,1.0,0.0,0.0,0.9,0,19767,123,10,0.0,0.006184012066365007,0.9933165829145728,49.01482369983569,14,200
0.0069381598793363496,0.0,1.0,0.0,0.0,0.95,0,19752,138,10,0.0,0.0069381598793363496,0.9925628140703517,49.01482369983569,14,200
0.9540975364504777,1.0,0.9994733238531627,0.0005266761468373098,1.0,1.0,10,913,18977,0,1.0,0.9540975364504777,0.046381909547738694,49.01482369983569,14,200
0.0,0.0,0.0,,0.0,0.05,0,19890,0,10,0.0,0.0,0.9994974874371859,49.601966799935326,15,200
0.0,0.0,0.0,,0.0,0.1,0,19890,0,10,0.0,0.0,0.9994974874371859,49.601966799935326,15,200
0.0,0.0,0.0,,0.0,0.15,0,19890,0,10,0.0,0.0,0.9994974874371859,49.601966799935326,15,200
0.0,0.0,0.0,,0.0,0.2,0,19890,0,10,0.0,0.0,0.9994974874371859,49.601966799935326,15,200
0.0,0.0,0.0,,0.0,0.25,0,19890,0,10,0.0,0.0,0.9994974874371859,49.601966799935326,15,200
0.0,0.0,0.0,,0.0,0.3,0,19890,0,10,0.0,0.0,0.9994974874371859,49.601966799935326,15,200
5.0276520864756156e-05,0.0,1.0,0.0,0.0,0.35,0,19889,1,10,0.0,5.0276520864756156e-05,0.9994472361809045,49.601966799935326,15,200
5.0276520864756156e-05,0.0,1.0,0.0,0.0,0.4,0,19889,1,10,0.0,5.0276520864756156e-05,0.9994472361809045,49.601966799935326,15,200
5.0276520864756156e-05,0.0,1.0,0.0,0.0,0.45,0,19889,1,10,0.0,5.0276520864756156e-05,0.9994472361809045,49.601966799935326,15,200
5.0276520864756156e-05,0.0,1.0,0.0,0.0,0.5,0,19889,1,10,0.0,5.0276520864756156e-05,0.9994472361809045,49.601966799935326,15,200
0.00015082956259426848,0.0,1.0,0.0,0.0,0.55,0,19887,3,10,0.0,0.00015082956259426848,0.9993467336683417,49.601966799935326,15,200
0.0008044243338360985,0.3,0.8421052631578947,0.15789473684210525,0.3,0.6,3,19874,16,7,0.3,0.0008044243338360985,0.9988442211055276,49.601966799935326,15,200
0.0009049773755656109,0.3,0.8571428571428571,0.14285714285714285,0.3,0.65,3,19872,18,7,0.3,0.0009049773755656109,0.9987437185929648,49.601966799935326,15,200
0.0009049773755656109,0.3,0.8571428571428571,0.14285714285714285,0.3,0.7,3,19872,18,7,0.3,0.0009049773755656109,0.9987437185929648,49.601966799935326,15,200
0.000955253896430367,0.3,0.8636363636363636,0.13636363636363635,0.3,0.75,3,19871,19,7,0.3,0.000955253896430367,0.9986934673366834,49.601966799935326,15,200
0.001256913021618904,0.3,0.8928571428571429,0.10714285714285714,0.3,0.8,3,19865,25,7,0.3,0.001256913021618904,0.998391959798995,49.601966799935326,15,200
0.0013574660633484162,0.3,0.9,0.1,0.3,0.85,3,19863,27,7,0.3,0.0013574660633484162,0.9982914572864322,49.601966799935326,15,200
0.005128205128205128,0.3,0.9714285714285714,0.02857142857142857,0.3,0.9,3,19788,102,7,0.3,0.005128205128205128,0.9945226130653266,49.601966799935326,15,200
0.005329311211664153,0.3,0.9724770642201835,0.027522935779816515,0.3,0.95,3,19784,106,7,0.3,0.005329311211664153,0.994321608040201,49.601966799935326,15,200
0.9816993464052287,0.9,0.9995392884566163,0.00046071154338367035,0.9,1.0,9,364,19526,1,0.9,0.9816993464052287,0.018743718592964823,49.601966799935326,15,200
0.00010055304172951231,0.0,1.0,0.0,0.0,0.05,0,19888,2,10,0.0,0.00010055304172951231,0.9993969849246231,48.08313969988376,16,200
0.00010055304172951231,0.0,1.0,0.0,0.0,0.1,0,19888,2,10,0.0,0.00010055304172951231,0.9993969849246231,48.08313969988376,16,200
0.00015082956259426848,0.0,1.0,0.0,0.0,0.15,0,19887,3,10,0.0,0.00015082956259426848,0.9993467336683417,48.08313969988376,16,200
0.00015082956259426848,0.0,1.0,0.0,0.0,0.2,0,19887,3,10,0.0,0.00015082956259426848,0.9993467336683417,48.08313969988376,16,200
0.00020110608345902463,0.0,1.0,0.0,0.0,0.25,0,19886,4,10,0.0,0.00020110608345902463,0.9992964824120603,48.08313969988376,16,200
0.00030165912518853697,0.1,0.8571428571428571,0.14285714285714285,0.1,0.3,1,19884,6,9,0.1,0.00030165912518853697,0.9992462311557789,48.08313969988376,16,200
0.0003519356460532931,0.1,0.875,0.125,0.1,0.35,1,19883,7,9,0.1,0.0003519356460532931,0.9991959798994975,48.08313969988376,16,200
0.0005027652086475615,0.1,0.9090909090909091,0.09090909090909091,0.1,0.4,1,19880,10,9,0.1,0.0005027652086475615,0.9990452261306533,48.08313969988376,16,200
0.0005027652086475615,0.1,0.9090909090909091,0.09090909090909091,0.1,0.45,1,19880,10,9,0.1,0.0005027652086475615,0.9990452261306533,48.08313969988376,16,200
0.0005027652086475615,0.1,0.9090909090909091,0.09090909090909091,0.1,0.5,1,19880,10,9,0.1,0.0005027652086475615,0.9990452261306533,48.08313969988376,16,200
0.0005027652086475615,0.1,0.9090909090909091,0.09090909090909091,0.1,0.55,1,19880,10,9,0.1,0.0005027652086475615,0.9990452261306533,48.08313969988376,16,200
0.0005027652086475615,0.1,0.9090909090909091,0.09090909090909091,0.1,0.6,1,19880,10,9,0.1,0.0005027652086475615,0.9990452261306533,48.08313969988376,16,200
0.0009049773755656109,0.1,0.9473684210526315,0.05263157894736842,0.1,0.65,1,19872,18,9,0.1,0.0009049773755656109,0.998643216080402,48.08313969988376,16,200
0.0009049773755656109,0.1,0.9473684210526315,0.05263157894736842,0.1,0.7,1,19872,18,9,0.1,0.0009049773755656109,0.998643216080402,48.08313969988376,16,200
0.0009049773755656109,0.1,0.9473684210526315,0.05263157894736842,0.1,0.75,1,19872,18,9,0.1,0.0009049773755656109,0.998643216080402,48.08313969988376,16,200
0.0009049773755656109,0.1,0.9473684210526315,0.05263157894736842,0.1,0.8,1,19872,18,9,0.1,0.0009049773755656109,0.998643216080402,48.08313969988376,16,200
0.0009049773755656109,0.1,0.9473684210526315,0.05263157894736842,0.1,0.85,1,19872,18,9,0.1,0.0009049773755656109,0.998643216080402,48.08313969988376,16,200
0.0009049773755656109,0.1,0.9473684210526315,0.05263157894736842,0.1,0.9,1,19872,18,9,0.1,0.0009049773755656109,0.998643216080402,48.08313969988376,16,200
0.006686777275012569,0.3,0.9779411764705882,0.022058823529411766,0.3,0.95,3,19757,133,7,0.3,0.006686777275012569,0.992964824120603,48.08313969988376,16,200
0.9982403217697335,1.0,0.9994966020639315,0.0005033979360684622,1.0,1.0,10,35,19855,0,1.0,0.9982403217697335,0.0022613065326633165,48.08313969988376,16,200
5.0276520864756156e-05,0.0,1.0,0.0,0.0,0.05,0,19889,1,10,0.0,5.0276520864756156e-05,0.9994472361809045,48.80019559990615,17,200
5.0276520864756156e-05,0.0,1.0,0.0,0.0,0.1,0,19889,1,10,0.0,5.0276520864756156e-05,0.9994472361809045,48.80019559990615,17,200
5.0276520864756156e-05,0.0,1.0,0.0,0.0,0.15,0,19889,1,10,0.0,5.0276520864756156e-05,0.9994472361809045,48.80019559990615,17,200
0.00025138260432378077,0.1,0.8333333333333334,0.16666666666666666,0.1,0.2,1,19885,5,9,0.1,0.00025138260432378077,0.9992964824120603,48.80019559990615,17,200
0.00025138260432378077,0.1,0.8333333333333334,0.16666666666666666,0.1,0.25,1,19885,5,9,0.1,0.00025138260432378077,0.9992964824120603,48.80019559990615,17,200
0.00025138260432378077,0.1,0.8333333333333334,0.16666666666666666,0.1,0.3,1,19885,5,9,0.1,0.00025138260432378077,0.9992964824120603,48.80019559990615,17,200
0.00030165912518853697,0.1,0.8571428571428571,0.14285714285714285,0.1,0.35,1,19884,6,9,0.1,0.00030165912518853697,0.9992462311557789,48.80019559990615,17,200
0.00030165912518853697,0.1,0.8571428571428571,0.14285714285714285,0.1,0.4,1,19884,6,9,0.1,0.00030165912518853697,0.9992462311557789,48.80019559990615,17,200
0.00030165912518853697,0.1,0.8571428571428571,0.14285714285714285,0.1,0.45,1,19884,6,9,0.1,0.00030165912518853697,0.9992462311557789,48.80019559990615,17,200
0.00030165912518853697,0.1,0.8571428571428571,0.14285714285714285,0.1,0.5,1,19884,6,9,0.1,0.00030165912518853697,0.9992462311557789,48.80019559990615,17,200
0.00065359477124183,0.1,0.9285714285714286,0.07142857142857142,0.1,0.55,1,19877,13,9,0.1,0.00065359477124183,0.9988944723618091,48.80019559990615,17,200
0.0008044243338360985,0.1,0.9411764705882353,0.058823529411764705,0.1,0.6,1,19874,16,9,0.1,0.0008044243338360985,0.9987437185929648,48.80019559990615,17,200
0.0008044243338360985,0.1,0.9411764705882353,0.058823529411764705,0.1,0.65,1,19874,16,9,0.1,0.0008044243338360985,0.9987437185929648,48.80019559990615,17,200
0.000955253896430367,0.2,0.9047619047619048,0.09523809523809523,0.2,0.7,2,19871,19,8,0.2,0.000955253896430367,0.998643216080402,48.80019559990615,17,200
0.0011060834590246355,0.2,0.9166666666666666,0.08333333333333333,0.2,0.75,2,19868,22,8,0.2,0.0011060834590246355,0.9984924623115577,48.80019559990615,17,200
0.002564102564102564,0.2,0.9622641509433962,0.03773584905660377,0.2,0.8,2,19839,51,8,0.2,0.002564102564102564,0.9970351758793969,48.80019559990615,17,200
0.00261437908496732,0.2,0.9629629629629629,0.037037037037037035,0.2,0.85,2,19838,52,8,0.2,0.00261437908496732,0.9969849246231156,48.80019559990615,17,200
0.0030668677727501256,0.2,0.9682539682539683,0.031746031746031744,0.2,0.9,2,19829,61,8,0.2,0.0030668677727501256,0.996532663316583,48.80019559990615,17,200
0.0034690799396681748,0.2,0.971830985915493,0.028169014084507043,0.2,0.95,2,19821,69,8,0.2,0.0034690799396681748,0.9961306532663317,48.80019559990615,17,200
0.007993966817496229,0.3,0.9814814814814815,0.018518518518518517,0.3,1.0,3,19731,159,7,0.3,0.007993966817496229,0.9916582914572865,48.80019559990615,17,200
0.0,0.0,0.0,,0.0,0.05,0,19890,0,10,0.0,0.0,0.9994974874371859,48.84307579998858,18,200
0.0,0.0,0.0,,0.0,0.1,0,19890,0,10,0.0,0.0,0.9994974874371859,48.84307579998858,18,200
0.0,0.0,0.0,,0.0,0.15,0,19890,0,10,0.0,0.0,0.9994974874371859,48.84307579998858,18,200
0.0,0.0,0.0,,0.0,0.2,0,19890,0,10,0.0,0.0,0.9994974874371859,48.84307579998858,18,200
0.0,0.0,0.0,,0.0,0.25,0,19890,0,10,0.0,0.0,0.9994974874371859,48.84307579998858,18,200
0.0,0.0,0.0,,0.0,0.3,0,19890,0,10,0.0,0.0,0.9994974874371859,48.84307579998858,18,200
0.0,0.0,0.0,,0.0,0.35,0,19890,0,10,0.0,0.0,0.9994974874371859,48.84307579998858,18,200
0.0,0.0,0.0,,0.0,0.4,0,19890,0,10,0.0,0.0,0.9994974874371859,48.84307579998858,18,200
0.0,0.0,0.0,,0.0,0.45,0,19890,0,10,0.0,0.0,0.9994974874371859,48.84307579998858,18,200
0.0,0.0,0.0,,0.0,0.5,0,19890,0,10,0.0,0.0,0.9994974874371859,48.84307579998858,18,200
0.00025138260432378077,0.0,1.0,0.0,0.0,0.55,0,19885,5,10,0.0,0.00025138260432378077,0.9992462311557789,48.84307579998858,18,200
0.00030165912518853697,0.0,1.0,0.0,0.0,0.6,0,19884,6,10,0.0,0.00030165912518853697,0.9991959798994975,48.84307579998858,18,200
0.00040221216691804925,0.0,1.0,0.0,0.0,0.65,0,19882,8,10,0.0,0.00040221216691804925,0.9990954773869347,48.84307579998858,18,200
0.00065359477124183,0.0,1.0,0.0,0.0,0.7,0,19877,13,10,0.0,0.00065359477124183,0.9988442211055276,48.84307579998858,18,200
0.0007038712921065862,0.0,1.0,0.0,0.0,0.75,0,19876,14,10,0.0,0.0007038712921065862,0.9987939698492462,48.84307579998858,18,200
0.0007038712921065862,0.0,1.0,0.0,0.0,0.8,0,19876,14,10,0.0,0.0007038712921065862,0.9987939698492462,48.84307579998858,18,200
0.0007038712921065862,0.0,1.0,0.0,0.0,0.85,0,19876,14,10,0.0,0.0007038712921065862,0.9987939698492462,48.84307579998858,18,200
0.0007038712921065862,0.0,1.0,0.0,0.0,0.9,0,19876,14,10,0.0,0.0007038712921065862,0.9987939698492462,48.84307579998858,18,200
0.001256913021618904,0.0,1.0,0.0,0.0,0.95,0,19865,25,10,0.0,0.001256913021618904,0.9982412060301508,48.84307579998858,18,200
0.9933132227249875,1.0,0.9994941063388476,0.0005058936611524258,1.0,1.0,10,133,19757,0,1.0,0.9933132227249875,0.007185929648241206,48.84307579998858,18,200
0.0,0.0,0.0,,0.0,0.05,0,19890,0,10,0.0,0.0,0.9994974874371859,49.61081019998528,19,200
0.0,0.0,0.0,,0.0,0.1,0,19890,0,10,0.0,0.0,0.9994974874371859,49.61081019998528,19,200
5.0276520864756156e-05,0.0,1.0,0.0,0.0,0.15,0,19889,1,10,0.0,5.0276520864756156e-05,0.9994472361809045,49.61081019998528,19,200
5.0276520864756156e-05,0.0,1.0,0.0,0.0,0.2,0,19889,1,10,0.0,5.0276520864756156e-05,0.9994472361809045,49.61081019998528,19,200
5.0276520864756156e-05,0.0,1.0,0.0,0.0,0.25,0,19889,1,10,0.0,5.0276520864756156e-05,0.9994472361809045,49.61081019998528,19,200
5.0276520864756156e-05,0.0,1.0,0.0,0.0,0.3,0,19889,1,10,0.0,5.0276520864756156e-05,0.9994472361809045,49.61081019998528,19,200
5.0276520864756156e-05,0.0,1.0,0.0,0.0,0.35,0,19889,1,10,0.0,5.0276520864756156e-05,0.9994472361809045,49.61081019998528,19,200
0.00045248868778280545,0.2,0.8181818181818182,0.18181818181818182,0.2,0.4,2,19881,9,8,0.2,0.00045248868778280545,0.999145728643216,49.61081019998528,19,200
0.00045248868778280545,0.2,0.8181818181818182,0.18181818181818182,0.2,0.45,2,19881,9,8,0.2,0.00045248868778280545,0.999145728643216,49.61081019998528,19,200
0.00065359477124183,0.2,0.8666666666666667,0.13333333333333333,0.2,0.5,2,19877,13,8,0.2,0.00065359477124183,0.9989447236180905,49.61081019998528,19,200
0.0007038712921065862,0.2,0.875,0.125,0.2,0.55,2,19876,14,8,0.2,0.0007038712921065862,0.9988944723618091,49.61081019998528,19,200
0.0007038712921065862,0.2,0.875,0.125,0.2,0.6,2,19876,14,8,0.2,0.0007038712921065862,0.9988944723618091,49.61081019998528,19,200
0.0007038712921065862,0.2,0.875,0.125,0.2,0.65,2,19876,14,8,0.2,0.0007038712921065862,0.9988944723618091,49.61081019998528,19,200
0.0007541478129713424,0.2,0.8823529411764706,0.11764705882352941,0.2,0.7,2,19875,15,8,0.2,0.0007541478129713424,0.9988442211055276,49.61081019998528,19,200
0.0007541478129713424,0.2,0.8823529411764706,0.11764705882352941,0.2,0.75,2,19875,15,8,0.2,0.0007541478129713424,0.9988442211055276,49.61081019998528,19,200
0.0007541478129713424,0.2,0.8823529411764706,0.11764705882352941,0.2,0.8,2,19875,15,8,0.2,0.0007541478129713424,0.9988442211055276,49.61081019998528,19,200
0.0018602312719959778,0.2,0.9487179487179487,0.05128205128205128,0.2,0.85,2,19853,37,8,0.2,0.0018602312719959778,0.9977386934673367,49.61081019998528,19,200
0.0026646556058320765,0.3,0.9464285714285714,0.05357142857142857,0.3,0.9,3,19837,53,7,0.3,0.0026646556058320765,0.9969849246231156,49.61081019998528,19,200
0.008697838109602816,0.3,0.9829545454545454,0.017045454545454544,0.3,0.95,3,19717,173,7,0.3,0.008697838109602816,0.9909547738693467,49.61081019998528,19,200
0.0175465057817999,0.3,0.9914772727272727,0.008522727272727272,0.3,1.0,3,19541,349,7,0.3,0.0175465057817999,0.9821105527638191,49.61081019998528,19,200
0.0,0.0,0.0,,0.0,0.05,0,19890,0,10,0.0,0.0,0.9994974874371859,50.412266300059855,20,200
0.0,0.0,0.0,,0.0,0.1,0,19890,0,10,0.0,0.0,0.9994974874371859,50.412266300059855,20,200
0.0,0.0,0.0,,0.0,0.15,0,19890,0,10,0.0,0.0,0.9994974874371859,50.412266300059855,20,200
5.0276520864756156e-05,0.0,1.0,0.0,0.0,0.2,0,19889,1,10,0.0,5.0276520864756156e-05,0.9994472361809045,50.412266300059855,20,200
5.0276520864756156e-05,0.0,1.0,0.0,0.0,0.25,0,19889,1,10,0.0,5.0276520864756156e-05,0.9994472361809045,50.412266300059855,20,200
5.0276520864756156e-05,0.0,1.0,0.0,0.0,0.3,0,19889,1,10,0.0,5.0276520864756156e-05,0.9994472361809045,50.412266300059855,20,200
5.0276520864756156e-05,0.0,1.0,0.0,0.0,0.35,0,19889,1,10,0.0,5.0276520864756156e-05,0.9994472361809045,50.412266300059855,20,200
5.0276520864756156e-05,0.0,1.0,0.0,0.0,0.4,0,19889,1,10,0.0,5.0276520864756156e-05,0.9994472361809045,50.412266300059855,20,200
5.0276520864756156e-05,0.0,1.0,0.0,0.0,0.45,0,19889,1,10,0.0,5.0276520864756156e-05,0.9994472361809045,50.412266300059855,20,200
0.00025138260432378077,0.0,1.0,0.0,0.0,0.5,0,19885,5,10,0.0,0.00025138260432378077,0.9992462311557789,50.412266300059855,20,200
0.00025138260432378077,0.0,1.0,0.0,0.0,0.55,0,19885,5,10,0.0,0.00025138260432378077,0.9992462311557789,50.412266300059855,20,200
0.00025138260432378077,0.0,1.0,0.0,0.0,0.6,0,19885,5,10,0.0,0.00025138260432378077,0.9992462311557789,50.412266300059855,20,200
0.00025138260432378077,0.0,1.0,0.0,0.0,0.65,0,19885,5,10,0.0,0.00025138260432378077,0.9992462311557789,50.412266300059855,20,200
0.00025138260432378077,0.0,1.0,0.0,0.0,0.7,0,19885,5,10,0.0,0.00025138260432378077,0.9992462311557789,50.412266300059855,20,200
0.00025138260432378077,0.0,1.0,0.0,0.0,0.75,0,19885,5,10,0.0,0.00025138260432378077,0.9992462311557789,50.412266300059855,20,200
0.00130718954248366,0.0,1.0,0.0,0.0,0.8,0,19864,26,10,0.0,0.00130718954248366,0.9981909547738693,50.412266300059855,20,200
0.001910507792860734,0.0,1.0,0.0,0.0,0.85,0,19852,38,10,0.0,0.001910507792860734,0.9975879396984925,50.412266300059855,20,200
0.007943690296631473,0.0,1.0,0.0,0.0,0.9,0,19732,158,10,0.0,0.007943690296631473,0.9915577889447236,50.412266300059855,20,200
0.016691804927099044,0.0,1.0,0.0,0.0,0.95,0,19558,332,10,0.0,0.016691804927099044,0.9828140703517588,50.412266300059855,20,200
0.998340874811463,1.0,0.9994966527407259,0.0005033472592741732,1.0,1.0,10,33,19857,0,1.0,0.998340874811463,0.0021608040201005025,50.412266300059855,20,200
0.0,0.0,0.0,,0.0,0.05,0,19890,0,10,0.0,0.0,0.9994974874371859,49.7441404000856,21,200
0.0,0.0,0.0,,0.0,0.1,0,19890,0,10,0.0,0.0,0.9994974874371859,49.7441404000856,21,200
0.0,0.0,0.0,,0.0,0.15,0,19890,0,10,0.0,0.0,0.9994974874371859,49.7441404000856,21,200
0.00015082956259426848,0.0,1.0,0.0,0.0,0.2,0,19887,3,10,0.0,0.00015082956259426848,0.9993467336683417,49.7441404000856,21,200
0.00015082956259426848,0.0,1.0,0.0,0.0,0.25,0,19887,3,10,0.0,0.00015082956259426848,0.9993467336683417,49.7441404000856,21,200
0.00015082956259426848,0.0,1.0,0.0,0.0,0.3,0,19887,3,10,0.0,0.00015082956259426848,0.9993467336683417,49.7441404000856,21,200
0.00015082956259426848,0.0,1.0,0.0,0.0,0.35,0,19887,3,10,0.0,0.00015082956259426848,0.9993467336683417,49.7441404000856,21,200
0.00015082956259426848,0.0,1.0,0.0,0.0,0.4,0,19887,3,10,0.0,0.00015082956259426848,0.9993467336683417,49.7441404000856,21,200
0.00015082956259426848,0.0,1.0,0.0,0.0,0.45,0,19887,3,10,0.0,0.00015082956259426848,0.9993467336683417,49.7441404000856,21,200
0.00015082956259426848,0.0,1.0,0.0,0.0,0.5,0,19887,3,10,0.0,0.00015082956259426848,0.9993467336683417,49.7441404000856,21,200
0.00015082956259426848,0.0,1.0,0.0,0.0,0.55,0,19887,3,10,0.0,0.00015082956259426848,0.9993467336683417,49.7441404000856,21,200
0.00015082956259426848,0.0,1.0,0.0,0.0,0.6,0,19887,3,10,0.0,0.00015082956259426848,0.9993467336683417,49.7441404000856,21,200
0.00015082956259426848,0.0,1.0,0.0,0.0,0.65,0,19887,3,10,0.0,0.00015082956259426848,0.9993467336683417,49.7441404000856,21,200
0.00015082956259426848,0.0,1.0,0.0,0.0,0.7,0,19887,3,10,0.0,0.00015082956259426848,0.9993467336683417,49.7441404000856,21,200
0.00065359477124183,0.0,1.0,0.0,0.0,0.75,0,19877,13,10,0.0,0.00065359477124183,0.9988442211055276,49.7441404000856,21,200
0.0007038712921065862,0.0,1.0,0.0,0.0,0.8,0,19876,14,10,0.0,0.0007038712921065862,0.9987939698492462,49.7441404000856,21,200
0.0007541478129713424,0.0,1.0,0.0,0.0,0.85,0,19875,15,10,0.0,0.0007541478129713424,0.9987437185929648,49.7441404000856,21,200
0.010960281548516842,0.1,0.9954337899543378,0.0045662100456621,0.1,0.9,1,19672,218,9,0.1,0.010960281548516842,0.9885929648241206,49.7441404000856,21,200
0.011664152840623429,0.1,0.9957081545064378,0.004291845493562232,0.1,0.95,1,19658,232,9,0.1,0.011664152840623429,0.9878894472361809,49.7441404000856,21,200
0.9964303670186023,1.0,0.9994956881335418,0.0005043118664582178,1.0,1.0,10,71,19819,0,1.0,0.9964303670186023,0.00407035175879397,49.7441404000856,21,200
5.0276520864756156e-05,0.0,1.0,0.0,0.0,0.05,0,19889,1,10,0.0,5.0276520864756156e-05,0.9994472361809045,47.758726300206035,22,200
5.0276520864756156e-05,0.0,1.0,0.0,0.0,0.1,0,19889,1,10,0.0,5.0276520864756156e-05,0.9994472361809045,47.758726300206035,22,200
5.0276520864756156e-05,0.0,1.0,0.0,0.0,0.15,0,19889,1,10,0.0,5.0276520864756156e-05,0.9994472361809045,47.758726300206035,22,200
5.0276520864756156e-05,0.0,1.0,0.0,0.0,0.2,0,19889,1,10,0.0,5.0276520864756156e-05,0.9994472361809045,47.758726300206035,22,200
5.0276520864756156e-05,0.0,1.0,0.0,0.0,0.25,0,19889,1,10,0.0,5.0276520864756156e-05,0.9994472361809045,47.758726300206035,22,200
5.0276520864756156e-05,0.0,1.0,0.0,0.0,0.3,0,19889,1,10,0.0,5.0276520864756156e-05,0.9994472361809045,47.758726300206035,22,200
5.0276520864756156e-05,0.0,1.0,0.0,0.0,0.35,0,19889,1,10,0.0,5.0276520864756156e-05,0.9994472361809045,47.758726300206035,22,200
5.0276520864756156e-05,0.0,1.0,0.0,0.0,0.4,0,19889,1,10,0.0,5.0276520864756156e-05,0.9994472361809045,47.758726300206035,22,200
5.0276520864756156e-05,0.0,1.0,0.0,0.0,0.45,0,19889,1,10,0.0,5.0276520864756156e-05,0.9994472361809045,47.758726300206035,22,200
0.00030165912518853697,0.0,1.0,0.0,0.0,0.5,0,19884,6,10,0.0,0.00030165912518853697,0.9991959798994975,47.758726300206035,22,200
0.00030165912518853697,0.0,1.0,0.0,0.0,0.55,0,19884,6,10,0.0,0.00030165912518853697,0.9991959798994975,47.758726300206035,22,200
0.00030165912518853697,0.0,1.0,0.0,0.0,0.6,0,19884,6,10,0.0,0.00030165912518853697,0.9991959798994975,47.758726300206035,22,200
0.00030165912518853697,0.0,1.0,0.0,0.0,0.65,0,19884,6,10,0.0,0.00030165912518853697,0.9991959798994975,47.758726300206035,22,200
0.00030165912518853697,0.0,1.0,0.0,0.0,0.7,0,19884,6,10,0.0,0.00030165912518853697,0.9991959798994975,47.758726300206035,22,200
0.00030165912518853697,0.0,1.0,0.0,0.0,0.75,0,19884,6,10,0.0,0.00030165912518853697,0.9991959798994975,47.758726300206035,22,200
0.00030165912518853697,0.0,1.0,0.0,0.0,0.8,0,19884,6,10,0.0,0.00030165912518853697,0.9991959798994975,47.758726300206035,22,200
0.00040221216691804925,0.0,1.0,0.0,0.0,0.85,0,19882,8,10,0.0,0.00040221216691804925,0.9990954773869347,47.758726300206035,22,200
0.00040221216691804925,0.0,1.0,0.0,0.0,0.9,0,19882,8,10,0.0,0.00040221216691804925,0.9990954773869347,47.758726300206035,22,200
0.10246354952237305,0.5,0.9975526186979932,0.0024473813020068525,0.5,0.95,5,17852,2038,5,0.5,0.10246354952237305,0.8973366834170854,47.758726300206035,22,200
0.9872800402212167,1.0,0.999491016440169,0.0005089835598310174,1.0,1.0,10,253,19637,0,1.0,0.9872800402212167,0.01321608040201005,47.758726300206035,22,200
0.0,0.0,0.0,,0.0,0.05,0,19890,0,10,0.0,0.0,0.9994974874371859,49.382889499887824,23,200
0.0,0.0,0.0,,0.0,0.1,0,19890,0,10,0.0,0.0,0.9994974874371859,49.382889499887824,23,200
0.0,0.0,0.0,,0.0,0.15,0,19890,0,10,0.0,0.0,0.9994974874371859,49.382889499887824,23,200
0.0,0.0,0.0,,0.0,0.2,0,19890,0,10,0.0,0.0,0.9994974874371859,49.382889499887824,23,200
0.0,0.0,0.0,,0.0,0.25,0,19890,0,10,0.0,0.0,0.9994974874371859,49.382889499887824,23,200
0.0,0.0,0.0,,0.0,0.3,0,19890,0,10,0.0,0.0,0.9994974874371859,49.382889499887824,23,200
0.0,0.0,0.0,,0.0,0.35,0,19890,0,10,0.0,0.0,0.9994974874371859,49.382889499887824,23,200
5.0276520864756156e-05,0.0,1.0,0.0,0.0,0.4,0,19889,1,10,0.0,5.0276520864756156e-05,0.9994472361809045,49.382889499887824,23,200
5.0276520864756156e-05,0.0,1.0,0.0,0.0,0.45,0,19889,1,10,0.0,5.0276520864756156e-05,0.9994472361809045,49.382889499887824,23,200
5.0276520864756156e-05,0.0,1.0,0.0,0.0,0.5,0,19889,1,10,0.0,5.0276520864756156e-05,0.9994472361809045,49.382889499887824,23,200
5.0276520864756156e-05,0.0,1.0,0.0,0.0,0.55,0,19889,1,10,0.0,5.0276520864756156e-05,0.9994472361809045,49.382889499887824,23,200
5.0276520864756156e-05,0.0,1.0,0.0,0.0,0.6,0,19889,1,10,0.0,5.0276520864756156e-05,0.9994472361809045,49.382889499887824,23,200
5.0276520864756156e-05,0.0,1.0,0.0,0.0,0.65,0,19889,1,10,0.0,5.0276520864756156e-05,0.9994472361809045,49.382889499887824,23,200
5.0276520864756156e-05,0.0,1.0,0.0,0.0,0.7,0,19889,1,10,0.0,5.0276520864756156e-05,0.9994472361809045,49.382889499887824,23,200
5.0276520864756156e-05,0.0,1.0,0.0,0.0,0.75,0,19889,1,10,0.0,5.0276520864756156e-05,0.9994472361809045,49.382889499887824,23,200
0.0006033182503770739,0.0,1.0,0.0,0.0,0.8,0,19878,12,10,0.0,0.0006033182503770739,0.9988944723618091,49.382889499887824,23,200
0.0006033182503770739,0.0,1.0,0.0,0.0,0.85,0,19878,12,10,0.0,0.0006033182503770739,0.9988944723618091,49.382889499887824,23,200
0.005530417295123178,0.1,0.990990990990991,0.009009009009009009,0.1,0.9,1,19780,110,9,0.1,0.005530417295123178,0.9940201005025125,49.382889499887824,23,200
0.00889894419306184,0.1,0.9943820224719101,0.0056179775280898875,0.1,0.95,1,19713,177,9,0.1,0.00889894419306184,0.9906532663316583,49.382889499887824,23,200
0.9981900452488688,1.0,0.9994965767217077,0.0005034232782923883,1.0,1.0,10,36,19854,0,1.0,0.9981900452488688,0.0023115577889447235,49.382889499887824,23,200
0.00010055304172951231,0.0,1.0,0.0,0.0,0.05,0,19888,2,10,0.0,0.00010055304172951231,0.9993969849246231,48.54895190009847,24,200
0.00010055304172951231,0.0,1.0,0.0,0.0,0.1,0,19888,2,10,0.0,0.00010055304172951231,0.9993969849246231,48.54895190009847,24,200
0.00010055304172951231,0.0,1.0,0.0,0.0,0.15,0,19888,2,10,0.0,0.00010055304172951231,0.9993969849246231,48.54895190009847,24,200
0.00010055304172951231,0.0,1.0,0.0,0.0,0.2,0,19888,2,10,0.0,0.00010055304172951231,0.9993969849246231,48.54895190009847,24,200
0.00010055304172951231,0.0,1.0,0.0,0.0,0.25,0,19888,2,10,0.0,0.00010055304172951231,0.9993969849246231,48.54895190009847,24,200
0.00020110608345902463,0.0,1.0,0.0,0.0,0.3,0,19886,4,10,0.0,0.00020110608345902463,0.9992964824120603,48.54895190009847,24,200
0.00020110608345902463,0.0,1.0,0.0,0.0,0.35,0,19886,4,10,0.0,0.00020110608345902463,0.9992964824120603,48.54895190009847,24,200
0.00020110608345902463,0.0,1.0,0.0,0.0,0.4,0,19886,4,10,0.0,0.00020110608345902463,0.9992964824120603,48.54895190009847,24,200
0.00020110608345902463,0.0,1.0,0.0,0.0,0.45,0,19886,4,10,0.0,0.00020110608345902463,0.9992964824120603,48.54895190009847,24,200
0.00020110608345902463,0.0,1.0,0.0,0.0,0.5,0,19886,4,10,0.0,0.00020110608345902463,0.9992964824120603,48.54895190009847,24,200
0.00020110608345902463,0.0,1.0,0.0,0.0,0.55,0,19886,4,10,0.0,0.00020110608345902463,0.9992964824120603,48.54895190009847,24,200
0.00030165912518853697,0.0,1.0,0.0,0.0,0.6,0,19884,6,10,0.0,0.00030165912518853697,0.9991959798994975,48.54895190009847,24,200
0.00030165912518853697,0.0,1.0,0.0,0.0,0.65,0,19884,6,10,0.0,0.00030165912518853697,0.9991959798994975,48.54895190009847,24,200
0.00030165912518853697,0.0,1.0,0.0,0.0,0.7,0,19884,6,10,0.0,0.00030165912518853697,0.9991959798994975,48.54895190009847,24,200
0.00030165912518853697,0.0,1.0,0.0,0.0,0.75,0,19884,6,10,0.0,0.00030165912518853697,0.9991959798994975,48.54895190009847,24,200
0.001608848667672197,0.0,1.0,0.0,0.0,0.8,0,19858,32,10,0.0,0.001608848667672197,0.9978894472361809,48.54895190009847,24,200
0.003217697335344394,0.1,0.9846153846153847,0.015384615384615385,0.1,0.85,1,19826,64,9,0.1,0.003217697335344394,0.9963316582914573,48.54895190009847,24,200
0.0047762694821518355,0.1,0.9895833333333334,0.010416666666666666,0.1,0.9,1,19795,95,9,0.1,0.0047762694821518355,0.9947738693467336,48.54895190009847,24,200
0.022574157868275515,0.2,0.9955654101995566,0.004434589800443459,0.2,0.95,2,19441,449,8,0.2,0.022574157868275515,0.977035175879397,48.54895190009847,24,200
0.9981900452488688,1.0,0.9994965767217077,0.0005034232782923883,1.0,1.0,10,36,19854,0,1.0,0.9981900452488688,0.0023115577889447235,48.54895190009847,24,200
0.0,0.0,0.0,,0.0,0.05,0,19890,0,10,0.0,0.0,0.9994974874371859,49.024945900077,25,200
0.0,0.0,0.0,,0.0,0.1,0,19890,0,10,0.0,0.0,0.9994974874371859,49.024945900077,25,200
0.0,0.0,0.0,,0.0,0.15,0,19890,0,10,0.0,0.0,0.9994974874371859,49.024945900077,25,200
0.0,0.0,0.0,,0.0,0.2,0,19890,0,10,0.0,0.0,0.9994974874371859,49.024945900077,25,200
0.0,0.0,0.0,,0.0,0.25,0,19890,0,10,0.0,0.0,0.9994974874371859,49.024945900077,25,200
0.0,0.0,0.0,,0.0,0.3,0,19890,0,10,0.0,0.0,0.9994974874371859,49.024945900077,25,200
0.0,0.0,0.0,,0.0,0.35,0,19890,0,10,0.0,0.0,0.9994974874371859,49.024945900077,25,200
0.0,0.0,0.0,,0.0,0.4,0,19890,0,10,0.0,0.0,0.9994974874371859,49.024945900077,25,200
0.0,0.0,0.0,,0.0,0.45,0,19890,0,10,0.0,0.0,0.9994974874371859,49.024945900077,25,200
0.0,0.0,0.0,,0.0,0.5,0,19890,0,10,0.0,0.0,0.9994974874371859,49.024945900077,25,200
0.0,0.0,0.0,,0.0,0.55,0,19890,0,10,0.0,0.0,0.9994974874371859,49.024945900077,25,200
0.0,0.0,0.0,,0.0,0.6,0,19890,0,10,0.0,0.0,0.9994974874371859,49.024945900077,25,200
0.0,0.0,0.0,,0.0,0.65,0,19890,0,10,0.0,0.0,0.9994974874371859,49.024945900077,25,200
0.0,0.0,0.0,,0.0,0.7,0,19890,0,10,0.0,0.0,0.9994974874371859,49.024945900077,25,200
0.0,0.0,0.0,,0.0,0.75,0,19890,0,10,0.0,0.0,0.9994974874371859,49.024945900077,25,200
0.0,0.0,0.0,,0.0,0.8,0,19890,0,10,0.0,0.0,0.9994974874371859,49.024945900077,25,200
0.0,0.0,0.0,,0.0,0.85,0,19890,0,10,0.0,0.0,0.9994974874371859,49.024945900077,25,200
0.004625439919557567,0.0,1.0,0.0,0.0,0.9,0,19798,92,10,0.0,0.004625439919557567,0.9948743718592965,49.024945900077,25,200
0.009602815485168427,0.0,1.0,0.0,0.0,0.95,0,19699,191,10,0.0,0.009602815485168427,0.9898994974874372,49.024945900077,25,200
0.9982905982905983,1.0,0.9994966274036041,0.0005033725963958522,1.0,1.0,10,34,19856,0,1.0,0.9982905982905983,0.0022110552763819095,49.024945900077,25,200
0.0,0.0,0.0,,0.0,0.05,0,19890,0,10,0.0,0.0,0.9994974874371859,49.08569009997882,26,200
0.0,0.0,0.0,,0.0,0.1,0,19890,0,10,0.0,0.0,0.9994974874371859,49.08569009997882,26,200
5.0276520864756156e-05,0.0,1.0,0.0,0.0,0.15,0,19889,1,10,0.0,5.0276520864756156e-05,0.9994472361809045,49.08569009997882,26,200
0.00010055304172951231,0.0,1.0,0.0,0.0,0.2,0,19888,2,10,0.0,0.00010055304172951231,0.9993969849246231,49.08569009997882,26,200
0.00010055304172951231,0.0,1.0,0.0,0.0,0.25,0,19888,2,10,0.0,0.00010055304172951231,0.9993969849246231,49.08569009997882,26,200
0.00010055304172951231,0.0,1.0,0.0,0.0,0.3,0,19888,2,10,0.0,0.00010055304172951231,0.9993969849246231,49.08569009997882,26,200
0.00010055304172951231,0.0,1.0,0.0,0.0,0.35,0,19888,2,10,0.0,0.00010055304172951231,0.9993969849246231,49.08569009997882,26,200
0.00015082956259426848,0.0,1.0,0.0,0.0,0.4,0,19887,3,10,0.0,0.00015082956259426848,0.9993467336683417,49.08569009997882,26,200
0.00015082956259426848,0.0,1.0,0.0,0.0,0.45,0,19887,3,10,0.0,0.00015082956259426848,0.9993467336683417,49.08569009997882,26,200
0.00015082956259426848,0.0,1.0,0.0,0.0,0.5,0,19887,3,10,0.0,0.00015082956259426848,0.9993467336683417,49.08569009997882,26,200
0.00015082956259426848,0.0,1.0,0.0,0.0,0.55,0,19887,3,10,0.0,0.00015082956259426848,0.9993467336683417,49.08569009997882,26,200
0.00015082956259426848,0.0,1.0,0.0,0.0,0.6,0,19887,3,10,0.0,0.00015082956259426848,0.9993467336683417,49.08569009997882,26,200
0.00015082956259426848,0.0,1.0,0.0,0.0,0.65,0,19887,3,10,0.0,0.00015082956259426848,0.9993467336683417,49.08569009997882,26,200
0.00015082956259426848,0.0,1.0,0.0,0.0,0.7,0,19887,3,10,0.0,0.00015082956259426848,0.9993467336683417,49.08569009997882,26,200
0.00015082956259426848,0.0,1.0,0.0,0.0,0.75,0,19887,3,10,0.0,0.00015082956259426848,0.9993467336683417,49.08569009997882,26,200
0.0007038712921065862,0.0,1.0,0.0,0.0,0.8,0,19876,14,10,0.0,0.0007038712921065862,0.9987939698492462,49.08569009997882,26,200
0.0011060834590246355,0.0,1.0,0.0,0.0,0.85,0,19868,22,10,0.0,0.0011060834590246355,0.998391959798995,49.08569009997882,26,200
0.00130718954248366,0.0,1.0,0.0,0.0,0.9,0,19864,26,10,0.0,0.00130718954248366,0.9981909547738693,49.08569009997882,26,200
0.0020613373554550026,0.1,0.9761904761904762,0.023809523809523808,0.1,0.95,1,19849,41,9,0.1,0.0020613373554550026,0.9974874371859297,49.08569009997882,26,200
0.9982905982905983,1.0,0.9994966274036041,0.0005033725963958522,1.0,1.0,10,34,19856,0,1.0,0.9982905982905983,0.0022110552763819095,49.08569009997882,26,200
0.0,0.0,0.0,,0.0,0.05,0,19890,0,10,0.0,0.0,0.9994974874371859,49.56533720018342,27,200
0.0,0.0,0.0,,0.0,0.1,0,19890,0,10,0.0,0.0,0.9994974874371859,49.56533720018342,27,200
0.0,0.0,0.0,,0.0,0.15,0,19890,0,10,0.0,0.0,0.9994974874371859,49.56533720018342,27,200
0.00015082956259426848,0.0,1.0,0.0,0.0,0.2,0,19887,3,10,0.0,0.00015082956259426848,0.9993467336683417,49.56533720018342,27,200
0.00020110608345902463,0.0,1.0,0.0,0.0,0.25,0,19886,4,10,0.0,0.00020110608345902463,0.9992964824120603,49.56533720018342,27,200
0.00020110608345902463,0.0,1.0,0.0,0.0,0.3,0,19886,4,10,0.0,0.00020110608345902463,0.9992964824120603,49.56533720018342,27,200
0.00030165912518853697,0.0,1.0,0.0,0.0,0.35,0,19884,6,10,0.0,0.00030165912518853697,0.9991959798994975,49.56533720018342,27,200
0.0006033182503770739,0.0,1.0,0.0,0.0,0.4,0,19878,12,10,0.0,0.0006033182503770739,0.9988944723618091,49.56533720018342,27,200
0.00065359477124183,0.0,1.0,0.0,0.0,0.45,0,19877,13,10,0.0,0.00065359477124183,0.9988442211055276,49.56533720018342,27,200
0.00065359477124183,0.0,1.0,0.0,0.0,0.5,0,19877,13,10,0.0,0.00065359477124183,0.9988442211055276,49.56533720018342,27,200
0.0008044243338360985,0.0,1.0,0.0,0.0,0.55,0,19874,16,10,0.0,0.0008044243338360985,0.9986934673366834,49.56533720018342,27,200
0.0008044243338360985,0.0,1.0,0.0,0.0,0.6,0,19874,16,10,0.0,0.0008044243338360985,0.9986934673366834,49.56533720018342,27,200
0.0008547008547008547,0.0,1.0,0.0,0.0,0.65,0,19873,17,10,0.0,0.0008547008547008547,0.998643216080402,49.56533720018342,27,200
0.0018099547511312218,0.0,1.0,0.0,0.0,0.7,0,19854,36,10,0.0,0.0018099547511312218,0.9976884422110552,49.56533720018342,27,200
0.00196078431372549,0.0,1.0,0.0,0.0,0.75,0,19851,39,10,0.0,0.00196078431372549,0.997537688442211,49.56533720018342,27,200
0.0020613373554550026,0.0,1.0,0.0,0.0,0.8,0,19849,41,10,0.0,0.0020613373554550026,0.9974371859296483,49.56533720018342,27,200
0.0022624434389140274,0.0,1.0,0.0,0.0,0.85,0,19845,45,10,0.0,0.0022624434389140274,0.9972361809045226,49.56533720018342,27,200
0.0024635495223730517,0.0,1.0,0.0,0.0,0.9,0,19841,49,10,0.0,0.0024635495223730517,0.9970351758793969,49.56533720018342,27,200
0.009602815485168427,0.0,1.0,0.0,0.0,0.95,0,19699,191,10,0.0,0.009602815485168427,0.9898994974874372,49.56533720018342,27,200
0.985570638511815,1.0,0.9994901340947331,0.0005098659052669148,1.0,1.0,10,287,19603,0,1.0,0.985570638511815,0.014924623115577889,49.56533720018342,27,200
0.0,0.0,0.0,,0.0,0.05,0,19890,0,10,0.0,0.0,0.9994974874371859,48.935199699830264,28,200
0.0,0.0,0.0,,0.0,0.1,0,19890,0,10,0.0,0.0,0.9994974874371859,48.935199699830264,28,200
0.0,0.0,0.0,,0.0,0.15,0,19890,0,10,0.0,0.0,0.9994974874371859,48.935199699830264,28,200
0.0,0.0,0.0,,0.0,0.2,0,19890,0,10,0.0,0.0,0.9994974874371859,48.935199699830264,28,200
0.0,0.0,0.0,,0.0,0.25,0,19890,0,10,0.0,0.0,0.9994974874371859,48.935199699830264,28,200
0.00015082956259426848,0.0,1.0,0.0,0.0,0.3,0,19887,3,10,0.0,0.00015082956259426848,0.9993467336683417,48.935199699830264,28,200
0.00015082956259426848,0.0,1.0,0.0,0.0,0.35,0,19887,3,10,0.0,0.00015082956259426848,0.9993467336683417,48.935199699830264,28,200
0.00015082956259426848,0.0,1.0,0.0,0.0,0.4,0,19887,3,10,0.0,0.00015082956259426848,0.9993467336683417,48.935199699830264,28,200
0.00015082956259426848,0.0,1.0,0.0,0.0,0.45,0,19887,3,10,0.0,0.00015082956259426848,0.9993467336683417,48.935199699830264,28,200
0.00015082956259426848,0.0,1.0,0.0,0.0,0.5,0,19887,3,10,0.0,0.00015082956259426848,0.9993467336683417,48.935199699830264,28,200
0.00015082956259426848,0.0,1.0,0.0,0.0,0.55,0,19887,3,10,0.0,0.00015082956259426848,0.9993467336683417,48.935199699830264,28,200
0.00025138260432378077,0.0,1.0,0.0,0.0,0.6,0,19885,5,10,0.0,0.00025138260432378077,0.9992462311557789,48.935199699830264,28,200
0.0003519356460532931,0.0,1.0,0.0,0.0,0.65,0,19883,7,10,0.0,0.0003519356460532931,0.999145728643216,48.935199699830264,28,200
0.00065359477124183,0.0,1.0,0.0,0.0,0.7,0,19877,13,10,0.0,0.00065359477124183,0.9988442211055276,48.935199699830264,28,200
0.00065359477124183,0.0,1.0,0.0,0.0,0.75,0,19877,13,10,0.0,0.00065359477124183,0.9988442211055276,48.935199699830264,28,200
0.0009049773755656109,0.0,1.0,0.0,0.0,0.8,0,19872,18,10,0.0,0.0009049773755656109,0.9985929648241206,48.935199699830264,28,200
0.0009049773755656109,0.0,1.0,0.0,0.0,0.85,0,19872,18,10,0.0,0.0009049773755656109,0.9985929648241206,48.935199699830264,28,200
0.0011563599798893917,0.0,1.0,0.0,0.0,0.9,0,19867,23,10,0.0,0.0011563599798893917,0.9983417085427135,48.935199699830264,28,200
0.015334338863750628,0.1,0.9967320261437909,0.0032679738562091504,0.1,0.95,1,19585,305,9,0.1,0.015334338863750628,0.9842211055276382,48.935199699830264,28,200
0.9984414278531926,1.0,0.9994967034073179,0.0005032965926820676,1.0,1.0,10,31,19859,0,1.0,0.9984414278531926,0.0020603015075376886,48.935199699830264,28,200
0.0,0.0,0.0,,0.0,0.05,0,19890,0,10,0.0,0.0,0.9994974874371859,50.105655499966815,29,200
0.0,0.0,0.0,,0.0,0.1,0,19890,0,10,0.0,0.0,0.9994974874371859,50.105655499966815,29,200
0.0,0.0,0.0,,0.0,0.15,0,19890,0,10,0.0,0.0,0.9994974874371859,50.105655499966815,29,200
0.0,0.0,0.0,,0.0,0.2,0,19890,0,10,0.0,0.0,0.9994974874371859,50.105655499966815,29,200
0.0,0.0,0.0,,0.0,0.25,0,19890,0,10,0.0,0.0,0.9994974874371859,50.105655499966815,29,200
0.0,0.0,0.0,,0.0,0.3,0,19890,0,10,0.0,0.0,0.9994974874371859,50.105655499966815,29,200
5.0276520864756156e-05,0.0,1.0,0.0,0.0,0.35,0,19889,1,10,0.0,5.0276520864756156e-05,0.9994472361809045,50.105655499966815,29,200
5.0276520864756156e-05,0.0,1.0,0.0,0.0,0.4,0,19889,1,10,0.0,5.0276520864756156e-05,0.9994472361809045,50.105655499966815,29,200
5.0276520864756156e-05,0.0,1.0,0.0,0.0,0.45,0,19889,1,10,0.0,5.0276520864756156e-05,0.9994472361809045,50.105655499966815,29,200
5.0276520864756156e-05,0.0,1.0,0.0,0.0,0.5,0,19889,1,10,0.0,5.0276520864756156e-05,0.9994472361809045,50.105655499966815,29,200
5.0276520864756156e-05,0.0,1.0,0.0,0.0,0.55,0,19889,1,10,0.0,5.0276520864756156e-05,0.9994472361809045,50.105655499966815,29,200
5.0276520864756156e-05,0.0,1.0,0.0,0.0,0.6,0,19889,1,10,0.0,5.0276520864756156e-05,0.9994472361809045,50.105655499966815,29,200
5.0276520864756156e-05,0.0,1.0,0.0,0.0,0.65,0,19889,1,10,0.0,5.0276520864756156e-05,0.9994472361809045,50.105655499966815,29,200
5.0276520864756156e-05,0.0,1.0,0.0,0.0,0.7,0,19889,1,10,0.0,5.0276520864756156e-05,0.9994472361809045,50.105655499966815,29,200
5.0276520864756156e-05,0.0,1.0,0.0,0.0,0.75,0,19889,1,10,0.0,5.0276520864756156e-05,0.9994472361809045,50.105655499966815,29,200
0.00261437908496732,0.0,1.0,0.0,0.0,0.8,0,19838,52,10,0.0,0.00261437908496732,0.9968844221105527,50.105655499966815,29,200
0.0038712921065862244,0.0,1.0,0.0,0.0,0.85,0,19813,77,10,0.0,0.0038712921065862244,0.9956281407035176,50.105655499966815,29,200
0.00432378079436903,0.0,1.0,0.0,0.0,0.9,0,19804,86,10,0.0,0.00432378079436903,0.9951758793969849,50.105655499966815,29,200
0.006435394670688788,0.0,1.0,0.0,0.0,0.95,0,19762,128,10,0.0,0.006435394670688788,0.9930653266331658,50.105655499966815,29,200
0.9981900452488688,1.0,0.9994965767217077,0.0005034232782923883,1.0,1.0,10,36,19854,0,1.0,0.9981900452488688,0.0023115577889447235,50.105655499966815,29,200
0.0,0.0,0.0,,0.0,0.05,0,19890,0,10,0.0,0.0,0.9994974874371859,49.698216600110754,30,200
0.0,0.0,0.0,,0.0,0.1,0,19890,0,10,0.0,0.0,0.9994974874371859,49.698216600110754,30,200
0.0,0.0,0.0,,0.0,0.15,0,19890,0,10,0.0,0.0,0.9994974874371859,49.698216600110754,30,200
0.0,0.0,0.0,,0.0,0.2,0,19890,0,10,0.0,0.0,0.9994974874371859,49.698216600110754,30,200
0.0,0.0,0.0,,0.0,0.25,0,19890,0,10,0.0,0.0,0.9994974874371859,49.698216600110754,30,200
0.0,0.0,0.0,,0.0,0.3,0,19890,0,10,0.0,0.0,0.9994974874371859,49.698216600110754,30,200
0.0,0.0,0.0,,0.0,0.35,0,19890,0,10,0.0,0.0,0.9994974874371859,49.698216600110754,30,200
0.0,0.0,0.0,,0.0,0.4,0,19890,0,10,0.0,0.0,0.9994974874371859,49.698216600110754,30,200
0.0,0.0,0.0,,0.0,0.45,0,19890,0,10,0.0,0.0,0.9994974874371859,49.698216600110754,30,200
0.0,0.0,0.0,,0.0,0.5,0,19890,0,10,0.0,0.0,0.9994974874371859,49.698216600110754,30,200
0.0,0.0,0.0,,0.0,0.55,0,19890,0,10,0.0,0.0,0.9994974874371859,49.698216600110754,30,200
0.0,0.0,0.0,,0.0,0.6,0,19890,0,10,0.0,0.0,0.9994974874371859,49.698216600110754,30,200
0.0,0.0,0.0,,0.0,0.65,0,19890,0,10,0.0,0.0,0.9994974874371859,49.698216600110754,30,200
0.0,0.0,0.0,,0.0,0.7,0,19890,0,10,0.0,0.0,0.9994974874371859,49.698216600110754,30,200
0.00045248868778280545,0.0,1.0,0.0,0.0,0.75,0,19881,9,10,0.0,0.00045248868778280545,0.9990452261306533,49.698216600110754,30,200
0.00045248868778280545,0.0,1.0,0.0,0.0,0.8,0,19881,9,10,0.0,0.00045248868778280545,0.9990452261306533,49.698216600110754,30,200
0.000955253896430367,0.0,1.0,0.0,0.0,0.85,0,19871,19,10,0.0,0.000955253896430367,0.9985427135678392,49.698216600110754,30,200
0.004122674710910005,0.0,1.0,0.0,0.0,0.9,0,19808,82,10,0.0,0.004122674710910005,0.9953768844221106,49.698216600110754,30,200
0.004374057315233786,0.0,1.0,0.0,0.0,0.95,0,19803,87,10,0.0,0.004374057315233786,0.9951256281407035,49.698216600110754,30,200
0.9965811965811966,1.0,0.9994957644211375,0.0005042355788624445,1.0,1.0,10,68,19822,0,1.0,0.9965811965811966,0.003919597989949748,49.698216600110754,30,200
0.0,0.0,0.0,,0.0,0.05,0,19890,0,10,0.0,0.0,0.9994974874371859,49.91879559983499,31,200
0.0,0.0,0.0,,0.0,0.1,0,19890,0,10,0.0,0.0,0.9994974874371859,49.91879559983499,31,200
0.0,0.0,0.0,,0.0,0.15,0,19890,0,10,0.0,0.0,0.9994974874371859,49.91879559983499,31,200
0.0,0.0,0.0,,0.0,0.2,0,19890,0,10,0.0,0.0,0.9994974874371859,49.91879559983499,31,200
0.0,0.0,0.0,,0.0,0.25,0,19890,0,10,0.0,0.0,0.9994974874371859,49.91879559983499,31,200
0.0,0.0,0.0,,0.0,0.3,0,19890,0,10,0.0,0.0,0.9994974874371859,49.91879559983499,31,200
0.0,0.0,0.0,,0.0,0.35,0,19890,0,10,0.0,0.0,0.9994974874371859,49.91879559983499,31,200
0.0,0.0,0.0,,0.0,0.4,0,19890,0,10,0.0,0.0,0.9994974874371859,49.91879559983499,31,200
0.0,0.0,0.0,,0.0,0.45,0,19890,0,10,0.0,0.0,0.9994974874371859,49.91879559983499,31,200
0.0,0.0,0.0,,0.0,0.5,0,19890,0,10,0.0,0.0,0.9994974874371859,49.91879559983499,31,200
0.0,0.0,0.0,,0.0,0.55,0,19890,0,10,0.0,0.0,0.9994974874371859,49.91879559983499,31,200
0.0,0.0,0.0,,0.0,0.6,0,19890,0,10,0.0,0.0,0.9994974874371859,49.91879559983499,31,200
0.0,0.0,0.0,,0.0,0.65,0,19890,0,10,0.0,0.0,0.9994974874371859,49.91879559983499,31,200
0.0,0.0,0.0,,0.0,0.7,0,19890,0,10,0.0,0.0,0.9994974874371859,49.91879559983499,31,200
0.0,0.0,0.0,,0.0,0.75,0,19890,0,10,0.0,0.0,0.9994974874371859,49.91879559983499,31,200
0.0,0.0,0.0,,0.0,0.8,0,19890,0,10,0.0,0.0,0.9994974874371859,49.91879559983499,31,200
0.00015082956259426848,0.0,1.0,0.0,0.0,0.85,0,19887,3,10,0.0,0.00015082956259426848,0.9993467336683417,49.91879559983499,31,200
0.00196078431372549,0.0,1.0,0.0,0.0,0.9,0,19851,39,10,0.0,0.00196078431372549,0.997537688442211,49.91879559983499,31,200
0.03288084464555053,0.0,1.0,0.0,0.0,0.95,0,19236,654,10,0.0,0.03288084464555053,0.9666331658291457,49.91879559983499,31,200
0.9577677224736049,1.0,0.9994753410283316,0.0005246589716684155,1.0,1.0,10,840,19050,0,1.0,0.9577677224736049,0.04271356783919598,49.91879559983499,31,200
0.0,0.0,0.0,,0.0,0.05,0,19890,0,10,0.0,0.0,0.9994974874371859,49.8121630998794,32,200
0.0,0.0,0.0,,0.0,0.1,0,19890,0,10,0.0,0.0,0.9994974874371859,49.8121630998794,32,200
0.0,0.0,0.0,,0.0,0.15,0,19890,0,10,0.0,0.0,0.9994974874371859,49.8121630998794,32,200
0.0,0.0,0.0,,0.0,0.2,0,19890,0,10,0.0,0.0,0.9994974874371859,49.8121630998794,32,200
0.0,0.0,0.0,,0.0,0.25,0,19890,0,10,0.0,0.0,0.9994974874371859,49.8121630998794,32,200
0.0,0.0,0.0,,0.0,0.3,0,19890,0,10,0.0,0.0,0.9994974874371859,49.8121630998794,32,200
0.0,0.0,0.0,,0.0,0.35,0,19890,0,10,0.0,0.0,0.9994974874371859,49.8121630998794,32,200
0.0,0.0,0.0,,0.0,0.4,0,19890,0,10,0.0,0.0,0.9994974874371859,49.8121630998794,32,200
0.0,0.0,0.0,,0.0,0.45,0,19890,0,10,0.0,0.0,0.9994974874371859,49.8121630998794,32,200
0.0,0.0,0.0,,0.0,0.5,0,19890,0,10,0.0,0.0,0.9994974874371859,49.8121630998794,32,200
0.0,0.0,0.0,,0.0,0.55,0,19890,0,10,0.0,0.0,0.9994974874371859,49.8121630998794,32,200
0.0,0.0,0.0,,0.0,0.6,0,19890,0,10,0.0,0.0,0.9994974874371859,49.8121630998794,32,200
0.0,0.0,0.0,,0.0,0.65,0,19890,0,10,0.0,0.0,0.9994974874371859,49.8121630998794,32,200
0.00025138260432378077,0.0,1.0,0.0,0.0,0.7,0,19885,5,10,0.0,0.00025138260432378077,0.9992462311557789,49.8121630998794,32,200
0.0007541478129713424,0.0,1.0,0.0,0.0,0.75,0,19875,15,10,0.0,0.0007541478129713424,0.9987437185929648,49.8121630998794,32,200
0.0008044243338360985,0.0,1.0,0.0,0.0,0.8,0,19874,16,10,0.0,0.0008044243338360985,0.9986934673366834,49.8121630998794,32,200
0.0015082956259426848,0.0,1.0,0.0,0.0,0.85,0,19860,30,10,0.0,0.0015082956259426848,0.9979899497487437,49.8121630998794,32,200
0.0015082956259426848,0.0,1.0,0.0,0.0,0.9,0,19860,30,10,0.0,0.0015082956259426848,0.9979899497487437,49.8121630998794,32,200
0.08104575163398693,0.3,0.9981424148606811,0.0018575851393188853,0.3,0.95,3,18278,1612,7,0.3,0.08104575163398693,0.918643216080402,49.8121630998794,32,200
0.9982403217697335,1.0,0.9994966020639315,0.0005033979360684622,1.0,1.0,10,35,19855,0,1.0,0.9982403217697335,0.0022613065326633165,49.8121630998794,32,200
0.0,0.0,0.0,,0.0,0.05,0,19890,0,10,0.0,0.0,0.9994974874371859,49.37366800010204,33,200
0.0,0.0,0.0,,0.0,0.1,0,19890,0,10,0.0,0.0,0.9994974874371859,49.37366800010204,33,200
0.0,0.0,0.0,,0.0,0.15,0,19890,0,10,0.0,0.0,0.9994974874371859,49.37366800010204,33,200
0.00020110608345902463,0.0,1.0,0.0,0.0,0.2,0,19886,4,10,0.0,0.00020110608345902463,0.9992964824120603,49.37366800010204,33,200
0.00020110608345902463,0.0,1.0,0.0,0.0,0.25,0,19886,4,10,0.0,0.00020110608345902463,0.9992964824120603,49.37366800010204,33,200
0.00020110608345902463,0.0,1.0,0.0,0.0,0.3,0,19886,4,10,0.0,0.00020110608345902463,0.9992964824120603,49.37366800010204,33,200
0.00025138260432378077,0.0,1.0,0.0,0.0,0.35,0,19885,5,10,0.0,0.00025138260432378077,0.9992462311557789,49.37366800010204,33,200
0.0003519356460532931,0.0,1.0,0.0,0.0,0.4,0,19883,7,10,0.0,0.0003519356460532931,0.999145728643216,49.37366800010204,33,200
0.0003519356460532931,0.0,1.0,0.0,0.0,0.45,0,19883,7,10,0.0,0.0003519356460532931,0.999145728643216,49.37366800010204,33,200
0.00040221216691804925,0.0,1.0,0.0,0.0,0.5,0,19882,8,10,0.0,0.00040221216691804925,0.9990954773869347,49.37366800010204,33,200
0.00045248868778280545,0.0,1.0,0.0,0.0,0.55,0,19881,9,10,0.0,0.00045248868778280545,0.9990452261306533,49.37366800010204,33,200
0.00045248868778280545,0.0,1.0,0.0,0.0,0.6,0,19881,9,10,0.0,0.00045248868778280545,0.9990452261306533,49.37366800010204,33,200
0.00045248868778280545,0.0,1.0,0.0,0.0,0.65,0,19881,9,10,0.0,0.00045248868778280545,0.9990452261306533,49.37366800010204,33,200
0.00045248868778280545,0.0,1.0,0.0,0.0,0.7,0,19881,9,10,0.0,0.00045248868778280545,0.9990452261306533,49.37366800010204,33,200
0.00045248868778280545,0.0,1.0,0.0,0.0,0.75,0,19881,9,10,0.0,0.00045248868778280545,0.9990452261306533,49.37366800010204,33,200
0.0014077425842131724,0.0,1.0,0.0,0.0,0.8,0,19862,28,10,0.0,0.0014077425842131724,0.9980904522613065,49.37366800010204,33,200
0.0014077425842131724,0.0,1.0,0.0,0.0,0.85,0,19862,28,10,0.0,0.0014077425842131724,0.9980904522613065,49.37366800010204,33,200
0.0014077425842131724,0.0,1.0,0.0,0.0,0.9,0,19862,28,10,0.0,0.0014077425842131724,0.9980904522613065,49.37366800010204,33,200
0.012267471091000503,0.0,1.0,0.0,0.0,0.95,0,19646,244,10,0.0,0.012267471091000503,0.9872361809045226,49.37366800010204,33,200
0.017244846656611364,0.0,1.0,0.0,0.0,1.0,0,19547,343,10,0.0,0.017244846656611364,0.9822613065326633,49.37366800010204,33,200
0.0,0.0,0.0,,0.0,0.05,0,19890,0,10,0.0,0.0,0.9994974874371859,49.435607799794525,34,200
0.0,0.0,0.0,,0.0,0.1,0,19890,0,10,0.0,0.0,0.9994974874371859,49.435607799794525,34,200
0.0,0.0,0.0,,0.0,0.15,0,19890,0,10,0.0,0.0,0.9994974874371859,49.435607799794525,34,200
0.0,0.0,0.0,,0.0,0.2,0,19890,0,10,0.0,0.0,0.9994974874371859,49.435607799794525,34,200
0.0,0.0,0.0,,0.0,0.25,0,19890,0,10,0.0,0.0,0.9994974874371859,49.435607799794525,34,200
0.0,0.0,0.0,,0.0,0.3,0,19890,0,10,0.0,0.0,0.9994974874371859,49.435607799794525,34,200
0.0,0.0,0.0,,0.0,0.35,0,19890,0,10,0.0,0.0,0.9994974874371859,49.435607799794525,34,200
0.0,0.0,0.0,,0.0,0.4,0,19890,0,10,0.0,0.0,0.9994974874371859,49.435607799794525,34,200
0.0,0.0,0.0,,0.0,0.45,0,19890,0,10,0.0,0.0,0.9994974874371859,49.435607799794525,34,200
0.0,0.0,0.0,,0.0,0.5,0,19890,0,10,0.0,0.0,0.9994974874371859,49.435607799794525,34,200
0.0,0.0,0.0,,0.0,0.55,0,19890,0,10,0.0,0.0,0.9994974874371859,49.435607799794525,34,200
0.0,0.0,0.0,,0.0,0.6,0,19890,0,10,0.0,0.0,0.9994974874371859,49.435607799794525,34,200
0.0,0.0,0.0,,0.0,0.65,0,19890,0,10,0.0,0.0,0.9994974874371859,49.435607799794525,34,200
0.0,0.0,0.0,,0.0,0.7,0,19890,0,10,0.0,0.0,0.9994974874371859,49.435607799794525,34,200
0.0,0.0,0.0,,0.0,0.75,0,19890,0,10,0.0,0.0,0.9994974874371859,49.435607799794525,34,200
0.0014077425842131724,0.0,1.0,0.0,0.0,0.8,0,19862,28,10,0.0,0.0014077425842131724,0.9980904522613065,49.435607799794525,34,200
0.002865761689291101,0.0,1.0,0.0,0.0,0.85,0,19833,57,10,0.0,0.002865761689291101,0.9966331658291457,49.435607799794525,34,200
0.007139265962795374,0.1,0.993006993006993,0.006993006993006993,0.1,0.9,1,19748,142,9,0.1,0.007139265962795374,0.9924120603015075,49.435607799794525,34,200
0.16289592760180996,0.5,0.9984591679506933,0.0015408320493066256,0.5,0.95,5,16650,3240,5,0.5,0.16289592760180996,0.8369346733668341,49.435607799794525,34,200
0.9966817496229261,1.0,0.9994958152667137,0.0005041847332862761,1.0,1.0,10,66,19824,0,1.0,0.9966817496229261,0.003819095477386935,49.435607799794525,34,200
0.0,0.0,0.0,,0.0,0.05,0,19890,0,10,0.0,0.0,0.9994974874371859,49.62248710007407,35,200
0.0,0.0,0.0,,0.0,0.1,0,19890,0,10,0.0,0.0,0.9994974874371859,49.62248710007407,35,200
0.0,0.0,0.0,,0.0,0.15,0,19890,0,10,0.0,0.0,0.9994974874371859,49.62248710007407,35,200
0.0,0.0,0.0,,0.0,0.2,0,19890,0,10,0.0,0.0,0.9994974874371859,49.62248710007407,35,200
0.0,0.0,0.0,,0.0,0.25,0,19890,0,10,0.0,0.0,0.9994974874371859,49.62248710007407,35,200
0.0,0.0,0.0,,0.0,0.3,0,19890,0,10,0.0,0.0,0.9994974874371859,49.62248710007407,35,200
0.0,0.0,0.0,,0.0,0.35,0,19890,0,10,0.0,0.0,0.9994974874371859,49.62248710007407,35,200
0.0,0.0,0.0,,0.0,0.4,0,19890,0,10,0.0,0.0,0.9994974874371859,49.62248710007407,35,200
0.0,0.0,0.0,,0.0,0.45,0,19890,0,10,0.0,0.0,0.9994974874371859,49.62248710007407,35,200
0.0,0.0,0.0,,0.0,0.5,0,19890,0,10,0.0,0.0,0.9994974874371859,49.62248710007407,35,200
0.0,0.0,0.0,,0.0,0.55,0,19890,0,10,0.0,0.0,0.9994974874371859,49.62248710007407,35,200
0.00010055304172951231,0.0,1.0,0.0,0.0,0.6,0,19888,2,10,0.0,0.00010055304172951231,0.9993969849246231,49.62248710007407,35,200
0.00010055304172951231,0.0,1.0,0.0,0.0,0.65,0,19888,2,10,0.0,0.00010055304172951231,0.9993969849246231,49.62248710007407,35,200
0.00010055304172951231,0.0,1.0,0.0,0.0,0.7,0,19888,2,10,0.0,0.00010055304172951231,0.9993969849246231,49.62248710007407,35,200
0.00010055304172951231,0.0,1.0,0.0,0.0,0.75,0,19888,2,10,0.0,0.00010055304172951231,0.9993969849246231,49.62248710007407,35,200
0.00020110608345902463,0.0,1.0,0.0,0.0,0.8,0,19886,4,10,0.0,0.00020110608345902463,0.9992964824120603,49.62248710007407,35,200
0.00020110608345902463,0.0,1.0,0.0,0.0,0.85,0,19886,4,10,0.0,0.00020110608345902463,0.9992964824120603,49.62248710007407,35,200
0.00020110608345902463,0.0,1.0,0.0,0.0,0.9,0,19886,4,10,0.0,0.00020110608345902463,0.9992964824120603,49.62248710007407,35,200
0.004273504273504274,0.0,1.0,0.0,0.0,0.95,0,19805,85,10,0.0,0.004273504273504274,0.9952261306532664,49.62248710007407,35,200
0.9982403217697335,1.0,0.9994966020639315,0.0005033979360684622,1.0,1.0,10,35,19855,0,1.0,0.9982403217697335,0.0022613065326633165,49.62248710007407,35,200
0.0,0.0,0.0,,0.0,0.05,0,19890,0,10,0.0,0.0,0.9994974874371859,48.99184009991586,36,200
0.0,0.0,0.0,,0.0,0.1,0,19890,0,10,0.0,0.0,0.9994974874371859,48.99184009991586,36,200
0.0,0.0,0.0,,0.0,0.15,0,19890,0,10,0.0,0.0,0.9994974874371859,48.99184009991586,36,200
0.0,0.0,0.0,,0.0,0.2,0,19890,0,10,0.0,0.0,0.9994974874371859,48.99184009991586,36,200
0.0,0.0,0.0,,0.0,0.25,0,19890,0,10,0.0,0.0,0.9994974874371859,48.99184009991586,36,200
0.0,0.0,0.0,,0.0,0.3,0,19890,0,10,0.0,0.0,0.9994974874371859,48.99184009991586,36,200
0.0,0.0,0.0,,0.0,0.35,0,19890,0,10,0.0,0.0,0.9994974874371859,48.99184009991586,36,200
0.0,0.0,0.0,,0.0,0.4,0,19890,0,10,0.0,0.0,0.9994974874371859,48.99184009991586,36,200
0.0,0.0,0.0,,0.0,0.45,0,19890,0,10,0.0,0.0,0.9994974874371859,48.99184009991586,36,200
0.0,0.0,0.0,,0.0,0.5,0,19890,0,10,0.0,0.0,0.9994974874371859,48.99184009991586,36,200
0.0,0.0,0.0,,0.0,0.55,0,19890,0,10,0.0,0.0,0.9994974874371859,48.99184009991586,36,200
0.0,0.0,0.0,,0.0,0.6,0,19890,0,10,0.0,0.0,0.9994974874371859,48.99184009991586,36,200
0.0,0.0,0.0,,0.0,0.65,0,19890,0,10,0.0,0.0,0.9994974874371859,48.99184009991586,36,200
0.0008547008547008547,0.0,1.0,0.0,0.0,0.7,0,19873,17,10,0.0,0.0008547008547008547,0.998643216080402,48.99184009991586,36,200
0.0010558069381598793,0.0,1.0,0.0,0.0,0.75,0,19869,21,10,0.0,0.0010558069381598793,0.9984422110552764,48.99184009991586,36,200
0.0011060834590246355,0.0,1.0,0.0,0.0,0.8,0,19868,22,10,0.0,0.0011060834590246355,0.998391959798995,48.99184009991586,36,200
0.0023629964806435393,0.0,1.0,0.0,0.0,0.85,0,19843,47,10,0.0,0.0023629964806435393,0.9971356783919598,48.99184009991586,36,200
0.010708898944193062,0.1,0.9953271028037384,0.004672897196261682,0.1,0.9,1,19677,213,9,0.1,0.010708898944193062,0.9888442211055276,48.99184009991586,36,200
0.011111111111111112,0.1,0.9954954954954955,0.0045045045045045045,0.1,0.95,1,19669,221,9,0.1,0.011111111111111112,0.9884422110552764,48.99184009991586,36,200
0.9983911513323278,1.0,0.999496678075297,0.0005033219247030401,1.0,1.0,10,32,19858,0,1.0,0.9983911513323278,0.0021105527638190956,48.99184009991586,36,200
0.0,0.0,0.0,,0.0,0.05,0,19890,0,10,0.0,0.0,0.9994974874371859,49.56988499988802,37,200
0.0,0.0,0.0,,0.0,0.1,0,19890,0,10,0.0,0.0,0.9994974874371859,49.56988499988802,37,200
0.0,0.0,0.0,,0.0,0.15,0,19890,0,10,0.0,0.0,0.9994974874371859,49.56988499988802,37,200
0.0,0.0,0.0,,0.0,0.2,0,19890,0,10,0.0,0.0,0.9994974874371859,49.56988499988802,37,200
0.0,0.0,0.0,,0.0,0.25,0,19890,0,10,0.0,0.0,0.9994974874371859,49.56988499988802,37,200
0.0,0.0,0.0,,0.0,0.3,0,19890,0,10,0.0,0.0,0.9994974874371859,49.56988499988802,37,200
0.0,0.0,0.0,,0.0,0.35,0,19890,0,10,0.0,0.0,0.9994974874371859,49.56988499988802,37,200
0.0,0.0,0.0,,0.0,0.4,0,19890,0,10,0.0,0.0,0.9994974874371859,49.56988499988802,37,200
0.0,0.0,0.0,,0.0,0.45,0,19890,0,10,0.0,0.0,0.9994974874371859,49.56988499988802,37,200
0.0,0.0,0.0,,0.0,0.5,0,19890,0,10,0.0,0.0,0.9994974874371859,49.56988499988802,37,200
0.0,0.0,0.0,,0.0,0.55,0,19890,0,10,0.0,0.0,0.9994974874371859,49.56988499988802,37,200
5.0276520864756156e-05,0.0,1.0,0.0,0.0,0.6,0,19889,1,10,0.0,5.0276520864756156e-05,0.9994472361809045,49.56988499988802,37,200
5.0276520864756156e-05,0.0,1.0,0.0,0.0,0.65,0,19889,1,10,0.0,5.0276520864756156e-05,0.9994472361809045,49.56988499988802,37,200
5.0276520864756156e-05,0.0,1.0,0.0,0.0,0.7,0,19889,1,10,0.0,5.0276520864756156e-05,0.9994472361809045,49.56988499988802,37,200
0.000955253896430367,0.1,0.95,0.05,0.1,0.75,1,19871,19,9,0.1,0.000955253896430367,0.9985929648241206,49.56988499988802,37,200
0.0011060834590246355,0.1,0.9565217391304348,0.043478260869565216,0.1,0.8,1,19868,22,9,0.1,0.0011060834590246355,0.9984422110552764,49.56988499988802,37,200
0.002513826043237808,0.1,0.9803921568627451,0.0196078431372549,0.1,0.85,1,19840,50,9,0.1,0.002513826043237808,0.9970351758793969,49.56988499988802,37,200
0.0038712921065862244,0.1,0.9871794871794872,0.01282051282051282,0.1,0.9,1,19813,77,9,0.1,0.0038712921065862244,0.995678391959799,49.56988499988802,37,200
0.005077928607340372,0.1,0.9901960784313726,0.00980392156862745,0.1,0.95,1,19789,101,9,0.1,0.005077928607340372,0.9944723618090452,49.56988499988802,37,200
0.9981900452488688,1.0,0.9994965767217077,0.0005034232782923883,1.0,1.0,10,36,19854,0,1.0,0.9981900452488688,0.0023115577889447235,49.56988499988802,37,200
0.0,0.0,0.0,,0.0,0.05,0,19890,0,10,0.0,0.0,0.9994974874371859,49.03159420005977,38,200
0.0,0.0,0.0,,0.0,0.1,0,19890,0,10,0.0,0.0,0.9994974874371859,49.03159420005977,38,200
0.0,0.0,0.0,,0.0,0.15,0,19890,0,10,0.0,0.0,0.9994974874371859,49.03159420005977,38,200
0.0,0.0,0.0,,0.0,0.2,0,19890,0,10,0.0,0.0,0.9994974874371859,49.03159420005977,38,200
0.0,0.0,0.0,,0.0,0.25,0,19890,0,10,0.0,0.0,0.9994974874371859,49.03159420005977,38,200
0.0,0.0,0.0,,0.0,0.3,0,19890,0,10,0.0,0.0,0.9994974874371859,49.03159420005977,38,200
0.0,0.0,0.0,,0.0,0.35,0,19890,0,10,0.0,0.0,0.9994974874371859,49.03159420005977,38,200
0.0,0.0,0.0,,0.0,0.4,0,19890,0,10,0.0,0.0,0.9994974874371859,49.03159420005977,38,200
0.0,0.0,0.0,,0.0,0.45,0,19890,0,10,0.0,0.0,0.9994974874371859,49.03159420005977,38,200
0.0,0.0,0.0,,0.0,0.5,0,19890,0,10,0.0,0.0,0.9994974874371859,49.03159420005977,38,200
0.0,0.0,0.0,,0.0,0.55,0,19890,0,10,0.0,0.0,0.9994974874371859,49.03159420005977,38,200
0.0,0.0,0.0,,0.0,0.6,0,19890,0,10,0.0,0.0,0.9994974874371859,49.03159420005977,38,200
0.0,0.0,0.0,,0.0,0.65,0,19890,0,10,0.0,0.0,0.9994974874371859,49.03159420005977,38,200
0.0,0.0,0.0,,0.0,0.7,0,19890,0,10,0.0,0.0,0.9994974874371859,49.03159420005977,38,200
0.0,0.0,0.0,,0.0,0.75,0,19890,0,10,0.0,0.0,0.9994974874371859,49.03159420005977,38,200
0.0,0.0,0.0,,0.0,0.8,0,19890,0,10,0.0,0.0,0.9994974874371859,49.03159420005977,38,200
0.0,0.0,0.0,,0.0,0.85,0,19890,0,10,0.0,0.0,0.9994974874371859,49.03159420005977,38,200
0.0021116138763197585,0.1,0.9767441860465116,0.023255813953488372,0.1,0.9,1,19848,42,9,0.1,0.0021116138763197585,0.9974371859296483,49.03159420005977,38,200
0.006686777275012569,0.2,0.9851851851851852,0.014814814814814815,0.2,0.95,2,19757,133,8,0.2,0.006686777275012569,0.9929145728643216,49.03159420005977,38,200
0.9982403217697335,1.0,0.9994966020639315,0.0005033979360684622,1.0,1.0,10,35,19855,0,1.0,0.9982403217697335,0.0022613065326633165,49.03159420005977,38,200
0.0,0.1,0.0,1.0,0.1,0.05,1,19890,0,9,0.1,0.0,0.9995477386934674,49.56215990008786,39,200
0.0,0.1,0.0,1.0,0.1,0.1,1,19890,0,9,0.1,0.0,0.9995477386934674,49.56215990008786,39,200
0.0,0.1,0.0,1.0,0.1,0.15,1,19890,0,9,0.1,0.0,0.9995477386934674,49.56215990008786,39,200
0.0,0.2,0.0,1.0,0.2,0.2,2,19890,0,8,0.2,0.0,0.9995979899497487,49.56215990008786,39,200
0.0,0.2,0.0,1.0,0.2,0.25,2,19890,0,8,0.2,0.0,0.9995979899497487,49.56215990008786,39,200
0.0,0.2,0.0,1.0,0.2,0.3,2,19890,0,8,0.2,0.0,0.9995979899497487,49.56215990008786,39,200
0.0,0.2,0.0,1.0,0.2,0.35,2,19890,0,8,0.2,0.0,0.9995979899497487,49.56215990008786,39,200
0.0,0.2,0.0,1.0,0.2,0.4,2,19890,0,8,0.2,0.0,0.9995979899497487,49.56215990008786,39,200
0.0,0.2,0.0,1.0,0.2,0.45,2,19890,0,8,0.2,0.0,0.9995979899497487,49.56215990008786,39,200
0.0,0.2,0.0,1.0,0.2,0.5,2,19890,0,8,0.2,0.0,0.9995979899497487,49.56215990008786,39,200
0.0,0.2,0.0,1.0,0.2,0.55,2,19890,0,8,0.2,0.0,0.9995979899497487,49.56215990008786,39,200
0.0,0.2,0.0,1.0,0.2,0.6,2,19890,0,8,0.2,0.0,0.9995979899497487,49.56215990008786,39,200
0.0,0.2,0.0,1.0,0.2,0.65,2,19890,0,8,0.2,0.0,0.9995979899497487,49.56215990008786,39,200
0.0,0.2,0.0,1.0,0.2,0.7,2,19890,0,8,0.2,0.0,0.9995979899497487,49.56215990008786,39,200
0.00065359477124183,0.2,0.8666666666666667,0.13333333333333333,0.2,0.75,2,19877,13,8,0.2,0.00065359477124183,0.9989447236180905,49.56215990008786,39,200
0.0013574660633484162,0.2,0.9310344827586207,0.06896551724137931,0.2,0.8,2,19863,27,8,0.2,0.0013574660633484162,0.9982412060301508,49.56215990008786,39,200
0.0030165912518853697,0.2,0.967741935483871,0.03225806451612903,0.2,0.85,2,19830,60,8,0.2,0.0030165912518853697,0.9965829145728643,49.56215990008786,39,200
0.004675716440422323,0.2,0.9789473684210527,0.021052631578947368,0.2,0.9,2,19797,93,8,0.2,0.004675716440422323,0.9949246231155779,49.56215990008786,39,200
0.007088989441930618,0.3,0.9791666666666666,0.020833333333333332,0.3,0.95,3,19749,141,7,0.3,0.007088989441930618,0.9925628140703517,49.56215990008786,39,200
0.9963298139768728,1.0,0.999495637262319,0.0005043627376809402,1.0,1.0,10,73,19817,0,1.0,0.9963298139768728,0.004170854271356784,49.56215990008786,39,200
0.0,0.0,0.0,,0.0,0.05,0,19890,0,10,0.0,0.0,0.9994974874371859,47.706586699932814,40,200
0.0,0.0,0.0,,0.0,0.1,0,19890,0,10,0.0,0.0,0.9994974874371859,47.706586699932814,40,200
0.0,0.0,0.0,,0.0,0.15,0,19890,0,10,0.0,0.0,0.9994974874371859,47.706586699932814,40,200
0.0,0.0,0.0,,0.0,0.2,0,19890,0,10,0.0,0.0,0.9994974874371859,47.706586699932814,40,200
0.0,0.0,0.0,,0.0,0.25,0,19890,0,10,0.0,0.0,0.9994974874371859,47.706586699932814,40,200
0.0,0.0,0.0,,0.0,0.3,0,19890,0,10,0.0,0.0,0.9994974874371859,47.706586699932814,40,200
0.0,0.0,0.0,,0.0,0.35,0,19890,0,10,0.0,0.0,0.9994974874371859,47.706586699932814,40,200
0.0,0.0,0.0,,0.0,0.4,0,19890,0,10,0.0,0.0,0.9994974874371859,47.706586699932814,40,200
0.0,0.0,0.0,,0.0,0.45,0,19890,0,10,0.0,0.0,0.9994974874371859,47.706586699932814,40,200
0.0,0.0,0.0,,0.0,0.5,0,19890,0,10,0.0,0.0,0.9994974874371859,47.706586699932814,40,200
0.0,0.0,0.0,,0.0,0.55,0,19890,0,10,0.0,0.0,0.9994974874371859,47.706586699932814,40,200
0.0,0.0,0.0,,0.0,0.6,0,19890,0,10,0.0,0.0,0.9994974874371859,47.706586699932814,40,200
0.0,0.0,0.0,,0.0,0.65,0,19890,0,10,0.0,0.0,0.9994974874371859,47.706586699932814,40,200
0.00015082956259426848,0.1,0.75,0.25,0.1,0.7,1,19887,3,9,0.1,0.00015082956259426848,0.9993969849246231,47.706586699932814,40,200
0.00015082956259426848,0.1,0.75,0.25,0.1,0.75,1,19887,3,9,0.1,0.00015082956259426848,0.9993969849246231,47.706586699932814,40,200
0.00015082956259426848,0.1,0.75,0.25,0.1,0.8,1,19887,3,9,0.1,0.00015082956259426848,0.9993969849246231,47.706586699932814,40,200
0.00020110608345902463,0.1,0.8,0.2,0.1,0.85,1,19886,4,9,0.1,0.00020110608345902463,0.9993467336683417,47.706586699932814,40,200
0.008848667672197084,0.1,0.9943502824858758,0.005649717514124294,0.1,0.9,1,19714,176,9,0.1,0.008848667672197084,0.9907035175879397,47.706586699932814,40,200
0.012921065862242332,0.1,0.9961240310077519,0.003875968992248062,0.1,0.95,1,19633,257,9,0.1,0.012921065862242332,0.9866331658291457,47.706586699932814,40,200
0.9889894419306184,1.0,0.9994918957370053,0.0005081042629947665,1.0,1.0,10,219,19671,0,1.0,0.9889894419306184,0.011507537688442211,47.706586699932814,40,200
0.0,0.0,0.0,,0.0,0.05,0,19890,0,10,0.0,0.0,0.9994974874371859,50.244946900056675,41,200
0.0,0.0,0.0,,0.0,0.1,0,19890,0,10,0.0,0.0,0.9994974874371859,50.244946900056675,41,200
5.0276520864756156e-05,0.0,1.0,0.0,0.0,0.15,0,19889,1,10,0.0,5.0276520864756156e-05,0.9994472361809045,50.244946900056675,41,200
0.00010055304172951231,0.0,1.0,0.0,0.0,0.2,0,19888,2,10,0.0,0.00010055304172951231,0.9993969849246231,50.244946900056675,41,200
0.00020110608345902463,0.0,1.0,0.0,0.0,0.25,0,19886,4,10,0.0,0.00020110608345902463,0.9992964824120603,50.244946900056675,41,200
0.0003519356460532931,0.0,1.0,0.0,0.0,0.3,0,19883,7,10,0.0,0.0003519356460532931,0.999145728643216,50.244946900056675,41,200
0.0003519356460532931,0.0,1.0,0.0,0.0,0.35,0,19883,7,10,0.0,0.0003519356460532931,0.999145728643216,50.244946900056675,41,200
0.0003519356460532931,0.0,1.0,0.0,0.0,0.4,0,19883,7,10,0.0,0.0003519356460532931,0.999145728643216,50.244946900056675,41,200
0.00040221216691804925,0.0,1.0,0.0,0.0,0.45,0,19882,8,10,0.0,0.00040221216691804925,0.9990954773869347,50.244946900056675,41,200
0.0005027652086475615,0.0,1.0,0.0,0.0,0.5,0,19880,10,10,0.0,0.0005027652086475615,0.9989949748743718,50.244946900056675,41,200
0.0006033182503770739,0.0,1.0,0.0,0.0,0.55,0,19878,12,10,0.0,0.0006033182503770739,0.9988944723618091,50.244946900056675,41,200
0.0006033182503770739,0.0,1.0,0.0,0.0,0.6,0,19878,12,10,0.0,0.0006033182503770739,0.9988944723618091,50.244946900056675,41,200
0.0006033182503770739,0.0,1.0,0.0,0.0,0.65,0,19878,12,10,0.0,0.0006033182503770739,0.9988944723618091,50.244946900056675,41,200
0.0006033182503770739,0.0,1.0,0.0,0.0,0.7,0,19878,12,10,0.0,0.0006033182503770739,0.9988944723618091,50.244946900056675,41,200
0.0006033182503770739,0.0,1.0,0.0,0.0,0.75,0,19878,12,10,0.0,0.0006033182503770739,0.9988944723618091,50.244946900056675,41,200
0.0006033182503770739,0.0,1.0,0.0,0.0,0.8,0,19878,12,10,0.0,0.0006033182503770739,0.9988944723618091,50.244946900056675,41,200
0.0007038712921065862,0.0,1.0,0.0,0.0,0.85,0,19876,14,10,0.0,0.0007038712921065862,0.9987939698492462,50.244946900056675,41,200
0.001005530417295123,0.0,1.0,0.0,0.0,0.9,0,19870,20,10,0.0,0.001005530417295123,0.9984924623115577,50.244946900056675,41,200
0.006234288587229764,0.0,1.0,0.0,0.0,0.95,0,19766,124,10,0.0,0.006234288587229764,0.9932663316582915,50.244946900056675,41,200
0.9982403217697335,1.0,0.9994966020639315,0.0005033979360684622,1.0,1.0,10,35,19855,0,1.0,0.9982403217697335,0.0022613065326633165,50.244946900056675,41,200
0.0,0.0,0.0,,0.0,0.05,0,19890,0,10,0.0,0.0,0.9994974874371859,49.32749940012582,42,200
0.0,0.0,0.0,,0.0,0.1,0,19890,0,10,0.0,0.0,0.9994974874371859,49.32749940012582,42,200
0.0,0.0,0.0,,0.0,0.15,0,19890,0,10,0.0,0.0,0.9994974874371859,49.32749940012582,42,200
0.0,0.0,0.0,,0.0,0.2,0,19890,0,10,0.0,0.0,0.9994974874371859,49.32749940012582,42,200
0.0,0.0,0.0,,0.0,0.25,0,19890,0,10,0.0,0.0,0.9994974874371859,49.32749940012582,42,200
0.0,0.0,0.0,,0.0,0.3,0,19890,0,10,0.0,0.0,0.9994974874371859,49.32749940012582,42,200
0.0,0.0,0.0,,0.0,0.35,0,19890,0,10,0.0,0.0,0.9994974874371859,49.32749940012582,42,200
0.0,0.0,0.0,,0.0,0.4,0,19890,0,10,0.0,0.0,0.9994974874371859,49.32749940012582,42,200
0.00025138260432378077,0.0,1.0,0.0,0.0,0.45,0,19885,5,10,0.0,0.00025138260432378077,0.9992462311557789,49.32749940012582,42,200
0.00025138260432378077,0.0,1.0,0.0,0.0,0.5,0,19885,5,10,0.0,0.00025138260432378077,0.9992462311557789,49.32749940012582,42,200
0.0003519356460532931,0.0,1.0,0.0,0.0,0.55,0,19883,7,10,0.0,0.0003519356460532931,0.999145728643216,49.32749940012582,42,200
0.00045248868778280545,0.0,1.0,0.0,0.0,0.6,0,19881,9,10,0.0,0.00045248868778280545,0.9990452261306533,49.32749940012582,42,200
0.0005027652086475615,0.0,1.0,0.0,0.0,0.65,0,19880,10,10,0.0,0.0005027652086475615,0.9989949748743718,49.32749940012582,42,200
0.0005027652086475615,0.0,1.0,0.0,0.0,0.7,0,19880,10,10,0.0,0.0005027652086475615,0.9989949748743718,49.32749940012582,42,200
0.000955253896430367,0.0,1.0,0.0,0.0,0.75,0,19871,19,10,0.0,0.000955253896430367,0.9985427135678392,49.32749940012582,42,200
0.000955253896430367,0.0,1.0,0.0,0.0,0.8,0,19871,19,10,0.0,0.000955253896430367,0.9985427135678392,49.32749940012582,42,200
0.000955253896430367,0.0,1.0,0.0,0.0,0.85,0,19871,19,10,0.0,0.000955253896430367,0.9985427135678392,49.32749940012582,42,200
0.000955253896430367,0.0,1.0,0.0,0.0,0.9,0,19871,19,10,0.0,0.000955253896430367,0.9985427135678392,49.32749940012582,42,200
0.006837606837606838,0.0,1.0,0.0,0.0,0.95,0,19754,136,10,0.0,0.006837606837606838,0.9926633165829146,49.32749940012582,42,200
0.9982403217697335,1.0,0.9994966020639315,0.0005033979360684622,1.0,1.0,10,35,19855,0,1.0,0.9982403217697335,0.0022613065326633165,49.32749940012582,42,200
0.0,0.0,0.0,,0.0,0.05,0,19890,0,10,0.0,0.0,0.9994974874371859,49.876615499844775,43,200
0.0,0.0,0.0,,0.0,0.1,0,19890,0,10,0.0,0.0,0.9994974874371859,49.876615499844775,43,200
0.0,0.0,0.0,,0.0,0.15,0,19890,0,10,0.0,0.0,0.9994974874371859,49.876615499844775,43,200
0.0,0.0,0.0,,0.0,0.2,0,19890,0,10,0.0,0.0,0.9994974874371859,49.876615499844775,43,200
0.0,0.0,0.0,,0.0,0.25,0,19890,0,10,0.0,0.0,0.9994974874371859,49.876615499844775,43,200
0.0,0.0,0.0,,0.0,0.3,0,19890,0,10,0.0,0.0,0.9994974874371859,49.876615499844775,43,200
0.0,0.0,0.0,,0.0,0.35,0,19890,0,10,0.0,0.0,0.9994974874371859,49.876615499844775,43,200
0.0,0.0,0.0,,0.0,0.4,0,19890,0,10,0.0,0.0,0.9994974874371859,49.876615499844775,43,200
0.0,0.0,0.0,,0.0,0.45,0,19890,0,10,0.0,0.0,0.9994974874371859,49.876615499844775,43,200
0.0,0.0,0.0,,0.0,0.5,0,19890,0,10,0.0,0.0,0.9994974874371859,49.876615499844775,43,200
0.0,0.0,0.0,,0.0,0.55,0,19890,0,10,0.0,0.0,0.9994974874371859,49.876615499844775,43,200
0.0,0.0,0.0,,0.0,0.6,0,19890,0,10,0.0,0.0,0.9994974874371859,49.876615499844775,43,200
0.0,0.0,0.0,,0.0,0.65,0,19890,0,10,0.0,0.0,0.9994974874371859,49.876615499844775,43,200
5.0276520864756156e-05,0.0,1.0,0.0,0.0,0.7,0,19889,1,10,0.0,5.0276520864756156e-05,0.9994472361809045,49.876615499844775,43,200
5.0276520864756156e-05,0.0,1.0,0.0,0.0,0.75,0,19889,1,10,0.0,5.0276520864756156e-05,0.9994472361809045,49.876615499844775,43,200
5.0276520864756156e-05,0.0,1.0,0.0,0.0,0.8,0,19889,1,10,0.0,5.0276520864756156e-05,0.9994472361809045,49.876615499844775,43,200
5.0276520864756156e-05,0.0,1.0,0.0,0.0,0.85,0,19889,1,10,0.0,5.0276520864756156e-05,0.9994472361809045,49.876615499844775,43,200
5.0276520864756156e-05,0.0,1.0,0.0,0.0,0.9,0,19889,1,10,0.0,5.0276520864756156e-05,0.9994472361809045,49.876615499844775,43,200
0.02146807440925088,0.5,0.9884259259259259,0.011574074074074073,0.5,0.95,5,19463,427,5,0.5,0.02146807440925088,0.9782914572864322,49.876615499844775,43,200
0.9985419808949221,1.0,0.999496754063711,0.0005032459362890644,1.0,1.0,10,29,19861,0,1.0,0.9985419808949221,0.001959798994974874,49.876615499844775,43,200
0.0,0.0,0.0,,0.0,0.05,0,19890,0,10,0.0,0.0,0.9994974874371859,49.787934500025585,44,200
0.0,0.0,0.0,,0.0,0.1,0,19890,0,10,0.0,0.0,0.9994974874371859,49.787934500025585,44,200
0.0,0.0,0.0,,0.0,0.15,0,19890,0,10,0.0,0.0,0.9994974874371859,49.787934500025585,44,200
0.0,0.0,0.0,,0.0,0.2,0,19890,0,10,0.0,0.0,0.9994974874371859,49.787934500025585,44,200
0.0,0.0,0.0,,0.0,0.25,0,19890,0,10,0.0,0.0,0.9994974874371859,49.787934500025585,44,200
0.0,0.0,0.0,,0.0,0.3,0,19890,0,10,0.0,0.0,0.9994974874371859,49.787934500025585,44,200
0.0,0.0,0.0,,0.0,0.35,0,19890,0,10,0.0,0.0,0.9994974874371859,49.787934500025585,44,200
0.0,0.0,0.0,,0.0,0.4,0,19890,0,10,0.0,0.0,0.9994974874371859,49.787934500025585,44,200
0.0,0.0,0.0,,0.0,0.45,0,19890,0,10,0.0,0.0,0.9994974874371859,49.787934500025585,44,200
0.0,0.0,0.0,,0.0,0.5,0,19890,0,10,0.0,0.0,0.9994974874371859,49.787934500025585,44,200
0.0,0.0,0.0,,0.0,0.55,0,19890,0,10,0.0,0.0,0.9994974874371859,49.787934500025585,44,200
0.0,0.0,0.0,,0.0,0.6,0,19890,0,10,0.0,0.0,0.9994974874371859,49.787934500025585,44,200
0.0,0.0,0.0,,0.0,0.65,0,19890,0,10,0.0,0.0,0.9994974874371859,49.787934500025585,44,200
0.0,0.0,0.0,,0.0,0.7,0,19890,0,10,0.0,0.0,0.9994974874371859,49.787934500025585,44,200
0.0,0.0,0.0,,0.0,0.75,0,19890,0,10,0.0,0.0,0.9994974874371859,49.787934500025585,44,200
0.0,0.0,0.0,,0.0,0.8,0,19890,0,10,0.0,0.0,0.9994974874371859,49.787934500025585,44,200
0.0,0.0,0.0,,0.0,0.85,0,19890,0,10,0.0,0.0,0.9994974874371859,49.787934500025585,44,200
0.005329311211664153,0.2,0.9814814814814815,0.018518518518518517,0.2,0.9,2,19784,106,8,0.2,0.005329311211664153,0.9942713567839196,49.787934500025585,44,200
0.006686777275012569,0.2,0.9851851851851852,0.014814814814814815,0.2,0.95,2,19757,133,8,0.2,0.006686777275012569,0.9929145728643216,49.787934500025585,44,200
0.9986425339366516,1.0,0.9994968047099079,0.0005031952900920847,1.0,1.0,10,27,19863,0,1.0,0.9986425339366516,0.0018592964824120603,49.787934500025585,44,200
0.0,0.0,0.0,,0.0,0.05,0,19890,0,10,0.0,0.0,0.9994974874371859,49.80544949998148,45,200
0.0,0.0,0.0,,0.0,0.1,0,19890,0,10,0.0,0.0,0.9994974874371859,49.80544949998148,45,200
0.0,0.0,0.0,,0.0,0.15,0,19890,0,10,0.0,0.0,0.9994974874371859,49.80544949998148,45,200
0.0,0.0,0.0,,0.0,0.2,0,19890,0,10,0.0,0.0,0.9994974874371859,49.80544949998148,45,200
0.0,0.0,0.0,,0.0,0.25,0,19890,0,10,0.0,0.0,0.9994974874371859,49.80544949998148,45,200
0.0,0.0,0.0,,0.0,0.3,0,19890,0,10,0.0,0.0,0.9994974874371859,49.80544949998148,45,200
0.0,0.0,0.0,,0.0,0.35,0,19890,0,10,0.0,0.0,0.9994974874371859,49.80544949998148,45,200
0.0,0.0,0.0,,0.0,0.4,0,19890,0,10,0.0,0.0,0.9994974874371859,49.80544949998148,45,200
0.0,0.0,0.0,,0.0,0.45,0,19890,0,10,0.0,0.0,0.9994974874371859,49.80544949998148,45,200
0.0,0.0,0.0,,0.0,0.5,0,19890,0,10,0.0,0.0,0.9994974874371859,49.80544949998148,45,200
0.00025138260432378077,0.0,1.0,0.0,0.0,0.55,0,19885,5,10,0.0,0.00025138260432378077,0.9992462311557789,49.80544949998148,45,200
0.00025138260432378077,0.0,1.0,0.0,0.0,0.6,0,19885,5,10,0.0,0.00025138260432378077,0.9992462311557789,49.80544949998148,45,200
0.00025138260432378077,0.0,1.0,0.0,0.0,0.65,0,19885,5,10,0.0,0.00025138260432378077,0.9992462311557789,49.80544949998148,45,200
0.00030165912518853697,0.0,1.0,0.0,0.0,0.7,0,19884,6,10,0.0,0.00030165912518853697,0.9991959798994975,49.80544949998148,45,200
0.00030165912518853697,0.0,1.0,0.0,0.0,0.75,0,19884,6,10,0.0,0.00030165912518853697,0.9991959798994975,49.80544949998148,45,200
0.00030165912518853697,0.0,1.0,0.0,0.0,0.8,0,19884,6,10,0.0,0.00030165912518853697,0.9991959798994975,49.80544949998148,45,200
0.0033182503770739064,0.0,1.0,0.0,0.0,0.85,0,19824,66,10,0.0,0.0033182503770739064,0.9961809045226131,49.80544949998148,45,200
0.003569632981397687,0.0,1.0,0.0,0.0,0.9,0,19819,71,10,0.0,0.003569632981397687,0.995929648241206,49.80544949998148,45,200
0.01060834590246355,0.0,1.0,0.0,0.0,0.95,0,19679,211,10,0.0,0.01060834590246355,0.988894472361809,49.80544949998148,45,200
0.9983911513323278,1.0,0.999496678075297,0.0005033219247030401,1.0,1.0,10,32,19858,0,1.0,0.9983911513323278,0.0021105527638190956,49.80544949998148,45,200
5.0276520864756156e-05,0.0,1.0,0.0,0.0,0.05,0,19889,1,10,0.0,5.0276520864756156e-05,0.9994472361809045,49.957137499935925,46,200
0.00010055304172951231,0.0,1.0,0.0,0.0,0.1,0,19888,2,10,0.0,0.00010055304172951231,0.9993969849246231,49.957137499935925,46,200
0.00010055304172951231,0.0,1.0,0.0,0.0,0.15,0,19888,2,10,0.0,0.00010055304172951231,0.9993969849246231,49.957137499935925,46,200
0.00025138260432378077,0.0,1.0,0.0,0.0,0.2,0,19885,5,10,0.0,0.00025138260432378077,0.9992462311557789,49.957137499935925,46,200
0.00025138260432378077,0.0,1.0,0.0,0.0,0.25,0,19885,5,10,0.0,0.00025138260432378077,0.9992462311557789,49.957137499935925,46,200
0.00025138260432378077,0.0,1.0,0.0,0.0,0.3,0,19885,5,10,0.0,0.00025138260432378077,0.9992462311557789,49.957137499935925,46,200
0.00025138260432378077,0.0,1.0,0.0,0.0,0.35,0,19885,5,10,0.0,0.00025138260432378077,0.9992462311557789,49.957137499935925,46,200
0.00025138260432378077,0.0,1.0,0.0,0.0,0.4,0,19885,5,10,0.0,0.00025138260432378077,0.9992462311557789,49.957137499935925,46,200
0.00025138260432378077,0.0,1.0,0.0,0.0,0.45,0,19885,5,10,0.0,0.00025138260432378077,0.9992462311557789,49.957137499935925,46,200
0.00025138260432378077,0.0,1.0,0.0,0.0,0.5,0,19885,5,10,0.0,0.00025138260432378077,0.9992462311557789,49.957137499935925,46,200
0.00025138260432378077,0.0,1.0,0.0,0.0,0.55,0,19885,5,10,0.0,0.00025138260432378077,0.9992462311557789,49.957137499935925,46,200
0.00025138260432378077,0.0,1.0,0.0,0.0,0.6,0,19885,5,10,0.0,0.00025138260432378077,0.9992462311557789,49.957137499935925,46,200
0.00025138260432378077,0.0,1.0,0.0,0.0,0.65,0,19885,5,10,0.0,0.00025138260432378077,0.9992462311557789,49.957137499935925,46,200
0.0005530417295123177,0.0,1.0,0.0,0.0,0.7,0,19879,11,10,0.0,0.0005530417295123177,0.9989447236180905,49.957137499935925,46,200
0.0006033182503770739,0.0,1.0,0.0,0.0,0.75,0,19878,12,10,0.0,0.0006033182503770739,0.9988944723618091,49.957137499935925,46,200
0.0007038712921065862,0.0,1.0,0.0,0.0,0.8,0,19876,14,10,0.0,0.0007038712921065862,0.9987939698492462,49.957137499935925,46,200
0.0008044243338360985,0.0,1.0,0.0,0.0,0.85,0,19874,16,10,0.0,0.0008044243338360985,0.9986934673366834,49.957137499935925,46,200
0.001005530417295123,0.0,1.0,0.0,0.0,0.9,0,19870,20,10,0.0,0.001005530417295123,0.9984924623115577,49.957137499935925,46,200
0.0012066365007541479,0.0,1.0,0.0,0.0,0.95,0,19866,24,10,0.0,0.0012066365007541479,0.9982914572864322,49.957137499935925,46,200
0.9982905982905983,1.0,0.9994966274036041,0.0005033725963958522,1.0,1.0,10,34,19856,0,1.0,0.9982905982905983,0.0022110552763819095,49.957137499935925,46,200
0.0,0.0,0.0,,0.0,0.05,0,19890,0,10,0.0,0.0,0.9994974874371859,49.39849910000339,47,200
0.0,0.0,0.0,,0.0,0.1,0,19890,0,10,0.0,0.0,0.9994974874371859,49.39849910000339,47,200
0.0,0.0,0.0,,0.0,0.15,0,19890,0,10,0.0,0.0,0.9994974874371859,49.39849910000339,47,200
0.0,0.0,0.0,,0.0,0.2,0,19890,0,10,0.0,0.0,0.9994974874371859,49.39849910000339,47,200
0.0,0.0,0.0,,0.0,0.25,0,19890,0,10,0.0,0.0,0.9994974874371859,49.39849910000339,47,200
0.0,0.0,0.0,,0.0,0.3,0,19890,0,10,0.0,0.0,0.9994974874371859,49.39849910000339,47,200
0.0,0.0,0.0,,0.0,0.35,0,19890,0,10,0.0,0.0,0.9994974874371859,49.39849910000339,47,200
0.0,0.0,0.0,,0.0,0.4,0,19890,0,10,0.0,0.0,0.9994974874371859,49.39849910000339,47,200
0.0,0.0,0.0,,0.0,0.45,0,19890,0,10,0.0,0.0,0.9994974874371859,49.39849910000339,47,200
0.0,0.0,0.0,,0.0,0.5,0,19890,0,10,0.0,0.0,0.9994974874371859,49.39849910000339,47,200
0.0,0.0,0.0,,0.0,0.55,0,19890,0,10,0.0,0.0,0.9994974874371859,49.39849910000339,47,200
0.0,0.0,0.0,,0.0,0.6,0,19890,0,10,0.0,0.0,0.9994974874371859,49.39849910000339,47,200
0.0,0.0,0.0,,0.0,0.65,0,19890,0,10,0.0,0.0,0.9994974874371859,49.39849910000339,47,200
0.00015082956259426848,0.0,1.0,0.0,0.0,0.7,0,19887,3,10,0.0,0.00015082956259426848,0.9993467336683417,49.39849910000339,47,200
0.001005530417295123,0.1,0.9523809523809523,0.047619047619047616,0.1,0.75,1,19870,20,9,0.1,0.001005530417295123,0.9985427135678392,49.39849910000339,47,200
0.0010558069381598793,0.1,0.9545454545454546,0.045454545454545456,0.1,0.8,1,19869,21,9,0.1,0.0010558069381598793,0.9984924623115577,49.39849910000339,47,200
0.001558572146807441,0.1,0.96875,0.03125,0.1,0.85,1,19859,31,9,0.1,0.001558572146807441,0.9979899497487437,49.39849910000339,47,200
0.002564102564102564,0.2,0.9622641509433962,0.03773584905660377,0.2,0.9,2,19839,51,8,0.2,0.002564102564102564,0.9970351758793969,49.39849910000339,47,200
0.0038712921065862244,0.3,0.9625,0.0375,0.3,0.95,3,19813,77,7,0.3,0.0038712921065862244,0.9957788944723618,49.39849910000339,47,200
0.9982905982905983,1.0,0.9994966274036041,0.0005033725963958522,1.0,1.0,10,34,19856,0,1.0,0.9982905982905983,0.0022110552763819095,49.39849910000339,47,200
0.0,0.0,0.0,,0.0,0.05,0,19890,0,10,0.0,0.0,0.9994974874371859,49.46796669997275,48,200
0.0,0.0,0.0,,0.0,0.1,0,19890,0,10,0.0,0.0,0.9994974874371859,49.46796669997275,48,200
0.0,0.0,0.0,,0.0,0.15,0,19890,0,10,0.0,0.0,0.9994974874371859,49.46796669997275,48,200
0.0,0.0,0.0,,0.0,0.2,0,19890,0,10,0.0,0.0,0.9994974874371859,49.46796669997275,48,200
0.0,0.0,0.0,,0.0,0.25,0,19890,0,10,0.0,0.0,0.9994974874371859,49.46796669997275,48,200
0.0,0.0,0.0,,0.0,0.3,0,19890,0,10,0.0,0.0,0.9994974874371859,49.46796669997275,48,200
0.0,0.0,0.0,,0.0,0.35,0,19890,0,10,0.0,0.0,0.9994974874371859,49.46796669997275,48,200
5.0276520864756156e-05,0.0,1.0,0.0,0.0,0.4,0,19889,1,10,0.0,5.0276520864756156e-05,0.9994472361809045,49.46796669997275,48,200
5.0276520864756156e-05,0.0,1.0,0.0,0.0,0.45,0,19889,1,10,0.0,5.0276520864756156e-05,0.9994472361809045,49.46796669997275,48,200
5.0276520864756156e-05,0.0,1.0,0.0,0.0,0.5,0,19889,1,10,0.0,5.0276520864756156e-05,0.9994472361809045,49.46796669997275,48,200
5.0276520864756156e-05,0.0,1.0,0.0,0.0,0.55,0,19889,1,10,0.0,5.0276520864756156e-05,0.9994472361809045,49.46796669997275,48,200
0.00030165912518853697,0.0,1.0,0.0,0.0,0.6,0,19884,6,10,0.0,0.00030165912518853697,0.9991959798994975,49.46796669997275,48,200
0.00030165912518853697,0.0,1.0,0.0,0.0,0.65,0,19884,6,10,0.0,0.00030165912518853697,0.9991959798994975,49.46796669997275,48,200
0.0007541478129713424,0.0,1.0,0.0,0.0,0.7,0,19875,15,10,0.0,0.0007541478129713424,0.9987437185929648,49.46796669997275,48,200
0.0008547008547008547,0.0,1.0,0.0,0.0,0.75,0,19873,17,10,0.0,0.0008547008547008547,0.998643216080402,49.46796669997275,48,200
0.0008547008547008547,0.0,1.0,0.0,0.0,0.8,0,19873,17,10,0.0,0.0008547008547008547,0.998643216080402,49.46796669997275,48,200
0.0008547008547008547,0.0,1.0,0.0,0.0,0.85,0,19873,17,10,0.0,0.0008547008547008547,0.998643216080402,49.46796669997275,48,200
0.0008547008547008547,0.0,1.0,0.0,0.0,0.9,0,19873,17,10,0.0,0.0008547008547008547,0.998643216080402,49.46796669997275,48,200
0.001558572146807441,0.0,1.0,0.0,0.0,0.95,0,19859,31,10,0.0,0.001558572146807441,0.9979396984924623,49.46796669997275,48,200
0.9982403217697335,1.0,0.9994966020639315,0.0005033979360684622,1.0,1.0,10,35,19855,0,1.0,0.9982403217697335,0.0022613065326633165,49.46796669997275,48,200
0.0,0.0,0.0,,0.0,0.05,0,19890,0,10,0.0,0.0,0.9994974874371859,50.1356792000588,49,200
0.0,0.0,0.0,,0.0,0.1,0,19890,0,10,0.0,0.0,0.9994974874371859,50.1356792000588,49,200
0.0,0.0,0.0,,0.0,0.15,0,19890,0,10,0.0,0.0,0.9994974874371859,50.1356792000588,49,200
5.0276520864756156e-05,0.0,1.0,0.0,0.0,0.2,0,19889,1,10,0.0,5.0276520864756156e-05,0.9994472361809045,50.1356792000588,49,200
5.0276520864756156e-05,0.0,1.0,0.0,0.0,0.25,0,19889,1,10,0.0,5.0276520864756156e-05,0.9994472361809045,50.1356792000588,49,200
5.0276520864756156e-05,0.0,1.0,0.0,0.0,0.3,0,19889,1,10,0.0,5.0276520864756156e-05,0.9994472361809045,50.1356792000588,49,200
5.0276520864756156e-05,0.0,1.0,0.0,0.0,0.35,0,19889,1,10,0.0,5.0276520864756156e-05,0.9994472361809045,50.1356792000588,49,200
5.0276520864756156e-05,0.1,0.5,0.5,0.1,0.4,1,19889,1,9,0.1,5.0276520864756156e-05,0.9994974874371859,50.1356792000588,49,200
0.00025138260432378077,0.1,0.8333333333333334,0.16666666666666666,0.1,0.45,1,19885,5,9,0.1,0.00025138260432378077,0.9992964824120603,50.1356792000588,49,200
0.00025138260432378077,0.1,0.8333333333333334,0.16666666666666666,0.1,0.5,1,19885,5,9,0.1,0.00025138260432378077,0.9992964824120603,50.1356792000588,49,200
0.00025138260432378077,0.1,0.8333333333333334,0.16666666666666666,0.1,0.55,1,19885,5,9,0.1,0.00025138260432378077,0.9992964824120603,50.1356792000588,49,200
0.00030165912518853697,0.1,0.8571428571428571,0.14285714285714285,0.1,0.6,1,19884,6,9,0.1,0.00030165912518853697,0.9992462311557789,50.1356792000588,49,200
0.00030165912518853697,0.1,0.8571428571428571,0.14285714285714285,0.1,0.65,1,19884,6,9,0.1,0.00030165912518853697,0.9992462311557789,50.1356792000588,49,200
0.00030165912518853697,0.1,0.8571428571428571,0.14285714285714285,0.1,0.7,1,19884,6,9,0.1,0.00030165912518853697,0.9992462311557789,50.1356792000588,49,200
0.00030165912518853697,0.1,0.8571428571428571,0.14285714285714285,0.1,0.75,1,19884,6,9,0.1,0.00030165912518853697,0.9992462311557789,50.1356792000588,49,200
0.00030165912518853697,0.1,0.8571428571428571,0.14285714285714285,0.1,0.8,1,19884,6,9,0.1,0.00030165912518853697,0.9992462311557789,50.1356792000588,49,200
0.00030165912518853697,0.1,0.8571428571428571,0.14285714285714285,0.1,0.85,1,19884,6,9,0.1,0.00030165912518853697,0.9992462311557789,50.1356792000588,49,200
0.00030165912518853697,0.1,0.8571428571428571,0.14285714285714285,0.1,0.9,1,19884,6,9,0.1,0.00030165912518853697,0.9992462311557789,50.1356792000588,49,200
0.03443941679235797,0.4,0.9941944847605225,0.005805515239477504,0.4,0.95,4,19205,685,6,0.4,0.03443941679235797,0.9652763819095478,50.1356792000588,49,200
0.980191050779286,1.0,0.9994873372295704,0.0005126627704296114,1.0,1.0,10,394,19496,0,1.0,0.980191050779286,0.020301507537688442,50.1356792000588,49,200
